id,franchise_id,category_id,sub_category_id,is_primary,created_at
1446099e-9268-4529-920e-5c3f15386fdc,98ecc642-3342-4704-bc19-7da7d34461df,2032ce41-47d8-4fdd-91e0-981b8b21c9d0,b7b9056e-343d-4903-8c65-373151880714,TRUE,2025-01-01 00:55:53
9fb5cab4-e97f-48c8-ab66-7deae312d744,290bec96-ad40-46e1-ad88-33c3cf6536b9,2032ce41-47d8-4fdd-91e0-981b8b21c9d0,5aea2c49-62ea-4875-a90a-440920bd2e60,TRUE,2025-01-01 00:55:53
0f6581a6-93ab-4f30-a8fa-a4ec220912e8,0ce95acf-1221-45aa-ae6a-d496a33d1fa8,9c7269de-e6b3-4482-ba69-736a23782685,ad3bee99-7863-4b55-aa09-b9754b160c47,TRUE,2025-01-01 00:58:11
c84958cc-d3a8-4fbc-be5d-5a976b687af4,3d7a177b-20bf-4b7d-a8a1-7c3514daa4a5,2032ce41-47d8-4fdd-91e0-981b8b21c9d0,5aea2c49-62ea-4875-a90a-440920bd2e60,TRUE,2025-01-01 00:58:11
ec7167d1-8a03-4fdc-ba03-14fdbb51380b,2155ba74-85c2-4123-9485-75b3c9e07def,10bbf5a6-0d2a-4f76-9579-c153cfc4542f,41a7b674-be1f-4204-80c5-974f9ba24d39,TRUE,2025-01-01 00:58:11
d45592e0-e5dc-4957-a182-726b3ab2207b,a61d62b8-582d-4179-9603-789f0ee2bece,9c7269de-e6b3-4482-ba69-736a23782685,ad3bee99-7863-4b55-aa09-b9754b160c47,TRUE,2025-01-01 00:58:11
2489bd5a-a6f9-4ab0-a880-bf9de648171b,7cbee3c6-e9d5-40f1-9be2-ac2fe5053add,9c7269de-e6b3-4482-ba69-736a23782685,ad3bee99-7863-4b55-aa09-b9754b160c47,TRUE,2025-01-01 00:58:11
63013f69-21f6-465e-a86c-423cb5f9370f,ca257ac6-7d5b-4292-a6e1-9d71b5c73ada,9c7269de-e6b3-4482-ba69-736a23782685,2489267c-9b73-4948-a360-81d6ae8f9a8e,TRUE,2025-01-01 00:58:11
f54de08a-b6ac-4290-89d5-a754d0a41825,1c97dc61-7708-4958-8222-3fe8fa9275bc,8fb154e8-39fd-474e-b3d3-2c16d78ee53b,6b91d57b-182a-454c-aabd-90cd85d7facf,TRUE,2025-01-01 00:58:11
5a5b081a-9b59-483f-9323-ebdb798b415b,9ab139e7-cf16-4085-9352-c51d74e61115,8fb154e8-39fd-474e-b3d3-2c16d78ee53b,6b91d57b-182a-454c-aabd-90cd85d7facf,TRUE,2025-01-01 00:58:11
3d1748f1-47c1-4858-9263-73d8f332d33d,ac303bf7-2a32-471d-9be1-a1dbb2e915e7,8fb154e8-39fd-474e-b3d3-2c16d78ee53b,6b91d57b-182a-454c-aabd-90cd85d7facf,TRUE,2025-01-01 00:58:11
8cd1963f-65f8-446a-b16a-98264e469efd,c8bbd1a5-9676-4a19-b8c4-1b2f22fe8148,c4b3c39d-233a-4b8c-94c3-8fb588d7f015,0783cd92-0e29-4a26-8e41-aeb113b58a02,TRUE,2025-01-01 00:58:11
ca0325a5-a90f-4834-8b75-0534d7593f90,88848236-153f-41d1-85cd-4a9001af249c,c4b3c39d-233a-4b8c-94c3-8fb588d7f015,1522d0f7-89af-4dda-a4b4-7ea0e46f0436,TRUE,2025-01-01 00:08:25
9fefcac7-41ab-42fd-8e48-27420babaa2f,d96ac4e8-daa4-4d60-9a4d-f7dcb54412b7,c4b3c39d-233a-4b8c-94c3-8fb588d7f015,1522d0f7-89af-4dda-a4b4-7ea0e46f0436,TRUE,2025-01-01 00:08:25
5a4443cd-54c4-45be-8f45-29175e699977,d451263c-43df-4ba1-b652-cbac27ff7846,54babe4f-96f7-4e64-a219-73d52337d179,eb979557-17dd-4e57-90ac-1854eece7765,TRUE,2025-01-01 00:08:25
e0de5efe-0de6-434c-9eea-cd33c0d0e379,a3d5f27f-978c-48e7-97cf-21e8aea6d359,54babe4f-96f7-4e64-a219-73d52337d179,af6fc388-8923-42f1-b89d-72c96cdfa8a5,TRUE,2025-01-01 00:08:25
a1e70b56-ae98-419b-9828-689c05094898,780dabc4-787e-4001-9c4b-a07c9874ffab,54babe4f-96f7-4e64-a219-73d52337d179,183b53c1-251e-4d71-84ff-9744261a917e,TRUE,2025-01-01 00:08:25
8e571319-862a-42d1-90d3-88e3d35bc02c,df361e73-da0e-4e50-992d-e95e57306357,8fb154e8-39fd-474e-b3d3-2c16d78ee53b,f7bee021-72af-4c14-b27b-101bb1aa1106,TRUE,2025-01-01 00:58:11
d14e829c-7002-4dc3-9fcc-e7be804e11ab,499ed48e-a3e7-480e-900b-f384cd1ec21f,54babe4f-96f7-4e64-a219-73d52337d179,eb979557-17dd-4e57-90ac-1854eece7765,TRUE,2025-01-01 00:08:25
f725ebdd-8200-4c70-a04e-f9403a0dd314,fc554f5b-c10b-4835-b81b-6eb90deb8862,54babe4f-96f7-4e64-a219-73d52337d179,85148e4b-2e24-4675-8180-d8614d826d13,TRUE,2025-01-01 00:08:25
82d965ec-68ec-4039-936b-bde85fa2b5ef,ab2c97a4-15c8-4105-902b-e6b961445825,54babe4f-96f7-4e64-a219-73d52337d179,eb979557-17dd-4e57-90ac-1854eece7765,TRUE,2025-01-01 00:08:25
cbe611fc-9847-42d5-ba0f-3185417c5e11,0fe579f2-a816-4116-a312-a340923dbfe6,54babe4f-96f7-4e64-a219-73d52337d179,eb979557-17dd-4e57-90ac-1854eece7765,TRUE,2025-01-01 00:08:25
5156c267-ff23-420f-b482-cb6909fb7373,a0160a9a-fe08-485e-9592-67df5f2e6235,54babe4f-96f7-4e64-a219-73d52337d179,85148e4b-2e24-4675-8180-d8614d826d13,TRUE,2025-01-01 00:08:25
b1d28c28-2ef8-4f22-a82c-05c6d67ff120,ba736baa-47d2-4b53-8969-661dbce6e6a1,0986f242-a7aa-4df0-bb46-d1f3e5c64cf8,6d04e84f-b2b7-467e-87cc-e8815a67f6f7,TRUE,2025-01-01 00:08:25
c86e41a0-1fed-42a8-888c-b7667eb30ae9,f943babd-ea6a-444b-b645-315f491c40a6,54babe4f-96f7-4e64-a219-73d52337d179,eb979557-17dd-4e57-90ac-1854eece7765,TRUE,2025-01-01 00:08:25
dad4d920-d993-4755-9860-111ff3d6b596,e277efc3-55a1-40a9-8fad-b3149ffe9d2f,9850fdfd-cfa4-4d9d-9b6e-f39e1338186a,904c754e-6593-4466-88e5-4dbe91d32660,TRUE,2025-01-01 00:09:30
3eeafcfe-961c-41ad-b864-47c947907a0e,347dcb07-5002-4376-b056-fc37fe48eac8,d6a47d18-5c17-48fb-9992-be67d2da891b,da3708fc-b61e-421e-b7c0-a6c5d3c31779,TRUE,2025-01-01 00:09:30
ce97d96c-33fa-4d37-bd88-8b6fee0ed59c,4024b1c9-12fd-451e-8a5f-0a5025e55819,5c249092-11b0-47dc-81ba-1a905c6f45aa,dd36eb28-6b48-4071-aa16-f4fbaf70315e,TRUE,2025-01-01 00:09:30
c660b531-8d7c-41e0-b9cf-9e9a45cd84dc,bb0d140f-d9e5-4b4a-8182-4376a439422f,d6a47d18-5c17-48fb-9992-be67d2da891b,6be59dfe-ed4a-4258-a31a-b9025a6a9f88,TRUE,2025-01-01 00:09:30
9d8aa311-c2ad-43d7-8f42-724f03f906f1,243ecbfb-c97d-42f8-b56c-31ca4f742263,a6fc6a01-e65f-4b3d-86d2-fef0685892fd,3575152c-b2b4-4e87-8fe1-af8844c7e053,TRUE,2025-01-01 00:09:30
89dd2226-edb1-402e-a7f4-ea8b61a433e1,e909318a-6b26-4da4-a189-c7e5e01c2226,70f60247-60d3-4bce-87a8-ef397833ede6,f9d715bc-2a94-46dc-aedd-d566fe5fca63,TRUE,2025-01-01 00:09:30
8566e09d-9cb7-44fc-852a-73207eb593ae,d93c950c-ab6f-4a07-b92b-33b89adc419b,2a186b71-b6dd-44ce-affb-88b8d16eb578,e283b52f-d6f1-47d1-bf10-08d6c5af6a60,TRUE,2025-01-01 00:09:30
57b9bbdf-b281-4ece-b249-8622051ecced,12c8ab8c-e4fd-4910-8bce-ef630b9e6491,3fab3044-def1-4fff-a598-bac8d76da990,b6f6f002-6666-4f6f-ffff-666666666662,TRUE,2025-01-01 00:09:30
4b051060-a6e8-4d2b-a766-3feb5fde9ff8,7d07fbd9-d1a5-4820-8ff8-c1120ea6ff06,9c7269de-e6b3-4482-ba69-736a23782685,5aea2c49-62ea-4875-a90a-440920bd2e60,TRUE,2025-01-01 00:09:30
213954d3-a463-4d8a-b2dd-e9e4d043f9b2,0b66ede6-6a9d-4dc1-a71e-d4ac5db22f6f,9c7269de-e6b3-4482-ba69-736a23782685,5aea2c49-62ea-4875-a90a-440920bd2e60,TRUE,2025-01-01 00:09:30
f3c5a867-4f61-4017-b7bd-d657f27fdb84,1fac6fce-3ca3-41c6-a470-541370486496,4081baaa-071b-45f4-a25d-ac5121bfccc7,2c0cf7ad-c480-4428-84c9-37060a9a0a37,TRUE,2025-01-01 00:11:46
7c2d92a3-dfd3-4912-ba7a-a85ba8c87275,7ead3192-9970-4ca4-9492-1e653cba5c40,4081baaa-071b-45f4-a25d-ac5121bfccc7,5ef44941-021e-4c44-a995-8fcf78858411,TRUE,2025-01-01 00:11:46
81ec1f63-4910-4d4b-afee-aad235462b81,b369aafb-788d-48c2-a292-1227e246c5e2,4081baaa-071b-45f4-a25d-ac5121bfccc7,fd2f8365-a2f8-418a-b4cc-dc2a368c7b1c,TRUE,2025-01-01 00:11:46
6228f7c5-39d5-45de-bfa6-0ba1680850ea,4aafb50c-8cb6-4610-9232-89902077d0a3,7c844539-83eb-4880-b86c-dd05973f0e0a,9589db36-c0b8-4b0e-8876-d64c0bae3331,TRUE,2025-01-01 00:11:46
96ccb985-a31e-4467-8769-93bce2516cd9,490c8da9-056b-42c8-953b-790ae0d96980,4081baaa-071b-45f4-a25d-ac5121bfccc7,fd2f8365-a2f8-418a-b4cc-dc2a368c7b1c,TRUE,2025-01-01 00:11:46
49f523c2-f25c-42c3-b4a5-8e1b8edcaf6c,e75e0dd4-68dc-4253-ba10-c66dbc68af66,10f25068-4e34-42ca-94b3-96f5288b82ea,e6557dc4-26ce-465e-9ae9-3cc02c70fbc1,TRUE,2025-01-01 00:11:46
a665134c-6410-46fe-97a7-7de3c2bb2527,3ab4cfd1-65bf-4466-b000-fa986136cf8a,2032ce41-47d8-4fdd-91e0-981b8b21c9d0,b7b9056e-343d-4903-8c65-373151880714,TRUE,2025-01-01 00:11:46
e32bb6bc-88c4-422a-8ae6-15055e2f7a83,52e386d0-16ce-48fa-91c9-75e6dc633959,a3ae9791-1572-4564-a7b7-b17e5824951c,23572d27-28d8-44ed-9b1f-e7b7d7e780dc,TRUE,2025-01-01 00:11:46
84d59de1-d8e9-428a-adc6-5b702c3785e2,ae70ee5e-ea25-47b0-9b80-aba3400b5cd3,5f5560cf-c169-4781-8204-fb75ac3408c8,49720e2e-bd94-4072-8816-4b2dc97902ed,TRUE,2025-01-01 00:11:46
78dee459-f516-4169-b565-0675fc6a1ee3,f648ef1c-c7c1-4d7f-b04a-91bf04a6718d,93813225-2cbe-4d50-8943-423d4338776a,7deb17b5-0399-4c32-913d-5f9ede6b54a4,TRUE,2025-01-01 00:11:46
28208ee3-dd2f-4d92-85e2-58e67ebbdc85,319210e7-b5f8-45c0-a3d0-9e384b46c5ca,77f6700e-88b8-40d8-9b61-ffefe536a5a2,27217365-aff2-447c-9c82-173f36a5173b,TRUE,2025-01-01 00:11:46
0e38185c-04b2-461a-a718-17e9d6211c7e,b9e6ee77-95a5-4782-819e-2e9f0e39a9db,f0980453-c886-4dd1-8af5-7186fd83578d,a25e7660-d3d0-44cc-bdd1-0b113ad44c55,TRUE,2025-01-01 00:11:46
5c3053fc-4181-4090-a420-2536e097a6d5,7484b19e-814d-4ca1-bfab-c1050e50b712,7a9cbfd8-d8a1-4773-8fad-dc210e493a3c,df86960e-a82f-45bd-a26a-195ae461d7f6,TRUE,2025-01-01 00:11:46
e845e4e0-094d-4b9c-9015-0cf09e45990d,e0d7a709-6146-4915-83d7-1906b24f9ce6,5f5560cf-c169-4781-8204-fb75ac3408c8,49720e2e-bd94-4072-8816-4b2dc97902ed,TRUE,2025-01-01 00:11:46
e4157bdb-2f01-4c85-b5a2-1c7ec984ccf7,605dc402-64b7-4ba9-9069-e705f4746b7c,5f5560cf-c169-4781-8204-fb75ac3408c8,49720e2e-bd94-4072-8816-4b2dc97902ed,TRUE,2025-01-01 00:11:46
ffc2eff7-f614-4404-ae9d-fdd56ec20008,b38c39c0-b9f6-495f-b8be-a65b1c0b9221,8dcc57a0-79ac-45dd-9db0-efb3d1fd5299,f5aa12c0-a668-4178-b870-908ba1c7ac67,TRUE,2025-01-01 00:47:58
f3b30705-bef0-4bb4-8af4-a3b9e184d2ef,c8f6989c-d785-4cf7-b127-b7ba288a3314,8dcc57a0-79ac-45dd-9db0-efb3d1fd5299,e8840113-28f3-4d0b-8d73-9f513c624c2a,TRUE,2025-01-01 00:47:58
8e440ff3-32be-4288-8890-ba4deb14c74f,b297c5b9-82e3-4c3d-88fc-c509ae881207,8dcc57a0-79ac-45dd-9db0-efb3d1fd5299,e8840113-28f3-4d0b-8d73-9f513c624c2a,TRUE,2025-01-01 00:47:58
3b33d2ad-f99f-4b9a-b8ab-b24d96eed6e7,6a8c08c9-ef66-48b0-a68e-e9e0b7b40fcc,8dcc57a0-79ac-45dd-9db0-efb3d1fd5299,f5aa12c0-a668-4178-b870-908ba1c7ac67,TRUE,2025-01-01 00:47:58
4c9d3512-9997-452c-b579-157770fa2a9c,afb4be0a-0173-4248-b0b9-9c7ba0e3ce8f,8dcc57a0-79ac-45dd-9db0-efb3d1fd5299,f5aa12c0-a668-4178-b870-908ba1c7ac67,TRUE,2025-01-01 00:47:58
a339ba12-84a7-474b-8a5e-42dff52474b2,4af9efb4-507c-4d83-bac1-bfcb915174a4,8dcc57a0-79ac-45dd-9db0-efb3d1fd5299,ee87b2fb-f35d-4dfc-a1ca-937eb532067c,TRUE,2025-01-01 00:47:58
0f647a4d-ba6e-4e1c-86e9-0b4bb9d11025,38561e9f-265f-4bd5-9e6f-4d4c001fab1e,470809ae-c5f3-4ba1-9522-fd0972619f7f,c82335ca-73c8-44fb-8e7c-4f7d4965d472,TRUE,2025-01-01 00:47:58
11f9a8c7-3e4b-4343-ad7b-f2fd05f84775,fb0b305f-4c8f-43af-acc7-5619797e05a7,8dcc57a0-79ac-45dd-9db0-efb3d1fd5299,e8840113-28f3-4d0b-8d73-9f513c624c2a,TRUE,2025-01-01 00:47:58
6d738a97-cc47-43c6-80d4-7c300e7e2daf,fbb1242f-32be-4c01-b085-b98486a13802,8dcc57a0-79ac-45dd-9db0-efb3d1fd5299,e9452b7a-02cb-45b8-a05c-ce1936aae2ea,TRUE,2025-01-01 00:47:58
a1177e13-8ecd-4028-8150-4b25d2ae61dd,bb624860-ff6d-416a-bd40-2458aeefed6c,8dcc57a0-79ac-45dd-9db0-efb3d1fd5299,ee87b2fb-f35d-4dfc-a1ca-937eb532067c,TRUE,2025-01-01 00:47:58
04c2af01-fc3c-4179-9e78-b1f8e0ec73ad,be9dc891-8287-4cbd-9093-b658cae87d07,343841d6-b938-4b7d-8523-23d25aa1eeb5,39478e69-751f-45a6-88b2-fd08bf1e80a2,TRUE,2025-01-01 00:50:57
7ee62338-6fbd-49f5-8bb6-3545f279f3d8,20eb604e-6144-4ec8-9dfc-e504cfc576ea,343841d6-b938-4b7d-8523-23d25aa1eeb5,39478e69-751f-45a6-88b2-fd08bf1e80a2,TRUE,2025-01-01 00:50:57
c7082702-bfde-4871-ab25-91d7cb10158e,945cd8b9-47c7-4093-b0ea-4531c6ced200,343841d6-b938-4b7d-8523-23d25aa1eeb5,39478e69-751f-45a6-88b2-fd08bf1e80a2,TRUE,2025-01-01 00:50:57
ad230d7d-9376-46f8-b411-974a945e60a8,23483a03-aa1e-4e9e-862e-23a723901474,343841d6-b938-4b7d-8523-23d25aa1eeb5,39478e69-751f-45a6-88b2-fd08bf1e80a2,TRUE,2025-01-01 00:50:57
6e30ae18-4471-4e27-8a63-9d0421fd84f8,70628840-212f-4377-8b18-8aa145bc292a,343841d6-b938-4b7d-8523-23d25aa1eeb5,39478e69-751f-45a6-88b2-fd08bf1e80a2,TRUE,2025-01-01 00:50:57
273fb700-1b85-472c-8ba2-ee0af09f5e6d,6855aba8-d2c9-4cd6-aa86-bed08d0acfc8,343841d6-b938-4b7d-8523-23d25aa1eeb5,03ef20c9-4602-4b3f-b405-be77706bfc0e,TRUE,2025-01-01 00:50:57
a9de1711-371d-464b-bb5e-a34099a9c3bb,9bb91606-f058-4164-bcaa-87892da94227,343841d6-b938-4b7d-8523-23d25aa1eeb5,39478e69-751f-45a6-88b2-fd08bf1e80a2,TRUE,2025-01-01 00:50:57
7fc528d3-2ab1-45fa-812f-0bbbe4dedbb1,5f399d54-407c-4b4a-98c7-aef9ad1600c6,343841d6-b938-4b7d-8523-23d25aa1eeb5,03ef20c9-4602-4b3f-b405-be77706bfc0e,TRUE,2025-01-01 00:50:57
0ad047a9-5cf5-46e6-a769-c8472b188452,489d88bf-1f8d-4de9-b7f1-a863268d3126,343841d6-b938-4b7d-8523-23d25aa1eeb5,39478e69-751f-45a6-88b2-fd08bf1e80a2,TRUE,2025-01-01 00:50:57
25b7e910-0fba-4807-9231-114f037062ad,f1ce23fc-d9bd-4514-83be-543b30357cb1,343841d6-b938-4b7d-8523-23d25aa1eeb5,39478e69-751f-45a6-88b2-fd08bf1e80a2,TRUE,2025-01-01 00:50:57
6950135d-ad3e-47ad-ae7b-39578daf6928,09378ed3-2aa4-4e45-bf5d-6a75d1bdb2f7,9c7269de-e6b3-4482-ba69-736a23782685,2489267c-9b73-4948-a360-81d6ae8f9a8e,TRUE,2025-01-01 00:50:57
9c47e90d-5276-41c9-ad34-3b683cd1257b,0e50ed02-6937-4c8d-aa31-b4202a5f77cd,9c7269de-e6b3-4482-ba69-736a23782685,bce1e994-acf3-4090-853f-efbc01836951,TRUE,2025-01-01 00:50:57
4bffd13d-160d-4803-9c74-d4eb24a5a3c1,7e62e026-71a1-4b49-971d-e8bcd1cc4e54,9c7269de-e6b3-4482-ba69-736a23782685,ad3bee99-7863-4b55-aa09-b9754b160c47,TRUE,2025-01-01 00:50:57
a2c4f316-b7fa-428c-a1cc-1593ecfc2d5d,8a873fc8-8a68-461e-81f4-55d7f192f2b1,9c7269de-e6b3-4482-ba69-736a23782685,bce1e994-acf3-4090-853f-efbc01836951,TRUE,2025-01-01 00:50:57
3859ea5b-354b-497b-bf6e-6a891cb12645,fc244900-e4b1-4eec-8e70-eb778beac3a5,9c7269de-e6b3-4482-ba69-736a23782685,ad3bee99-7863-4b55-aa09-b9754b160c47,TRUE,2025-01-01 00:50:57
ac3dba97-f989-4e1d-930b-244d86a48772,a6ae3e8e-b3da-4406-9a53-1f411523033b,9c7269de-e6b3-4482-ba69-736a23782685,bce1e994-acf3-4090-853f-efbc01836951,TRUE,2025-01-01 00:50:57
0f4a07a9-593e-4011-9ea5-0c924288ed32,f610d893-650e-46e2-89a6-c50f59036275,9c7269de-e6b3-4482-ba69-736a23782685,ad3bee99-7863-4b55-aa09-b9754b160c47,TRUE,2025-01-01 00:50:57
cae9438c-2e27-4e9a-8e48-7773c0d591ff,1dac1aa2-22c2-41e9-a608-2ffb1cefdf84,9c7269de-e6b3-4482-ba69-736a23782685,ad3bee99-7863-4b55-aa09-b9754b160c47,TRUE,2025-01-01 00:50:57
c03c1f1b-d425-4351-ae25-d89db1e47dd3,1ee2cd39-dcf0-4e78-971d-967b8f1e2f12,9c7269de-e6b3-4482-ba69-736a23782685,ad3bee99-7863-4b55-aa09-b9754b160c47,TRUE,2025-01-01 00:50:57
078267f1-3c61-40f2-aad3-b2ff1187665a,ad81abe8-369b-42cc-b233-fa5e90258116,9c7269de-e6b3-4482-ba69-736a23782685,b1aaab67-e072-48b8-8c61-539917206eec,TRUE,2025-01-01 00:50:57
60eced51-ffd5-4558-86d8-2b2b7ec94583,8be9d5c3-86aa-4cd5-be33-3b39dfd647fa,e5fcf8a7-cb34-4278-8082-a63b9d1856a9,b309c1d2-6ec2-45b4-b1d9-397c766a095b,TRUE,2025-01-01 00:09:30
642b68f1-c9b4-41d4-a568-c54b769bf5b8,5b707bb6-7325-4cd8-961e-8eff582d5328,e2ad0972-ab1a-43a9-89d0-d07a5ac4c90c,674d3724-3818-481e-aa3a-9a5aba0288b3,TRUE,2025-01-01 00:09:30
2d2301cd-b62b-4442-9a80-741af02f3f5d,f796a38b-1d81-4e48-ad0c-4ebeb485b41d,e2ad0972-ab1a-43a9-89d0-d07a5ac4c90c,7dc9443c-4d5a-4428-bc1f-89cbae1d8767,TRUE,2025-01-01 00:09:30
7646bc17-43d9-46cd-9c8c-e639fbf72be0,64afff51-8b14-4193-a750-6c03763a23b4,8d009eb0-2234-4ba9-9768-f922672929f0,50cb101d-2786-442f-855e-b3fe290435b1,TRUE,2025-01-01 00:09:30
8f7b3b60-8db2-48fc-aee0-cb5b33d83f13,b702b30c-ea16-4a5b-8d78-13f8c41c51d3,8d009eb0-2234-4ba9-9768-f922672929f0,d7ecb162-bda4-41d6-a676-19978d199d50,TRUE,2025-01-01 00:09:30
0a823b57-2650-45d3-bc7c-3db561ba4438,30a2d954-c1e6-4ca8-8b82-c27241094307,456e1a68-37c2-454d-948f-a46294d6ba3a,fe49c59a-9710-4a55-a824-e19741ef4d95,TRUE,2025-01-01 00:11:46
76019019-b67b-41a9-9144-25ef7e041163,58b4e1a8-1418-4da0-a57e-23d285891faf,dc6c211b-19b9-4eed-9e3e-9d10792b6f55,30653f39-fa90-49b8-b540-577c4ec6d473,TRUE,2025-01-01 00:11:46
c1a4c80f-1a33-460a-967b-ddf807af1eac,b781fa76-8eaf-4cf9-a15c-b6a1c3503554,a3b7ded9-682f-45b4-b286-182dbd36a9b9,cbc5e279-ba37-4da1-9728-e8eca69d1543,TRUE,2025-01-01 00:50:57
a1b2c3d4-0001-0001-0001-000000000001,80126705-23b0-47c5-bf0b-bcce2bb4b417,9c7269de-e6b3-4482-ba69-736a23782685,ad3bee99-7863-4b55-aa09-b9754b160c47,TRUE,2025-01-01 00:00:00
a1b2c3d4-0002-0002-0002-000000000002,3f8fddd3-f75d-4d55-8622-c998930adc92,dc3b2dd6-a7eb-4ed7-bf00-750e33978760,fbe91310-b6cd-43ea-b306-e65d2ee5eaad,TRUE,2025-01-01 00:00:00
a1b2c3d4-0003-0003-0003-000000000003,3431dd32-d63e-4fce-8a7b-488a02dadf73,ecb74426-adfd-416f-90ce-ac1136940e59,a0f45e64-d974-4ed8-99b7-5fe52a283bc9,TRUE,2025-01-01 00:00:00
a1b2c3d4-0004-0004-0004-000000000004,c6444da3-7bf0-44e7-a219-85d4e84bded4,10bbf5a6-0d2a-4f76-9579-c153cfc4542f,41a7b674-be1f-4204-80c5-974f9ba24d39,TRUE,2025-01-01 00:00:00
a1b2c3d4-0005-0005-0005-000000000005,606a879b-da69-4f28-bb62-7d6928c5bfda,2032ce41-47d8-4fdd-91e0-981b8b21c9d0,b7b9056e-343d-4903-8c65-373151880714,TRUE,2025-01-01 00:00:00
a1b2c3d4-0006-0006-0006-000000000006,51de79ee-7094-4b9e-8fd8-36c14770b17d,8d009eb0-2234-4ba9-9768-f922672929f0,d7ecb162-bda4-41d6-a676-19978d199d50,TRUE,2025-01-01 00:00:00
ccbbf4f6-511a-41d5-8dc5-1b99c9743e6c,1ae94dc8-64ad-42e0-9650-72d9fe7e83c5,15f7233e-d7ab-4258-a5e4-238d22d79bae,fbc6fd88-cc64-4e20-91ad-e6303e217def,TRUE,2025-1-1 0:00
604fbeb0-4ae7-4e90-80ad-fbb1f4780b4e,b1966850-3f94-4893-8f7e-c6d27ee51461,89ac15fd-fcc1-4185-aef5-7f10ee7dc668,4f54a419-e907-4b68-944f-f3f809c5244b,TRUE,2025-1-1 0:00
e7199ec1-c243-4301-94bc-d5c3022b3411,3fdfc493-e614-4001-b564-8169665b6043,d859a9f6-ce5f-4e3f-8c72-f7e2030f93ce,63626deb-8fc4-4aec-b953-9613fc3e83f6,TRUE,2025-1-1 0:00
37c0a06c-7a9f-4b37-8ce6-511be09c58a5,7c3e49a3-81b4-48ae-b744-c00b8dc05568,ecb74426-adfd-416f-90ce-ac1136940e59,b1f1a003-1111-4a1b-aaaa-111111111113,TRUE,2025-1-1 0:00
2c916ba9-a1be-4a36-819c-aec6249a2440,5c90c0fb-38e7-441d-a4b3-932c8d19d915,f7d3081d-47f1-45de-ab96-301686b780f1,bdc7bec7-994c-4b17-9b00-8f5c45ba0e57,TRUE,2025-1-1 0:00
e75d3f81-27c4-40a7-8a61-be7e9e2f9cb8,58e2d28f-d82e-4377-ae5d-34600e0382a9,1197ce03-96ae-4670-9ef3-28468625cf46,21f51f84-c1dd-4478-8fb0-1c10b08829a9,TRUE,2025-1-1 0:00
7b0eb265-673b-4fd5-b098-5de3964fa825,9dfffdd4-1e58-4269-9d0e-cf773083ffaf,1197ce03-96ae-4670-9ef3-28468625cf46,21f51f84-c1dd-4478-8fb0-1c10b08829a9,TRUE,2025-1-1 0:00
436928d3-961f-4c00-9abb-dd4f6e331aa8,b6cb22e1-d94a-4a31-a69c-d7cebd7e2da1,10bbf5a6-0d2a-4f76-9579-c153cfc4542f,41a7b674-be1f-4204-80c5-974f9ba24d39,TRUE,2025-1-1 0:00
d00d948c-ef3c-4833-94e8-c986b5883a93,b5e867d7-e04d-4974-b1dc-1e8d7a45c77f,d859a9f6-ce5f-4e3f-8c72-f7e2030f93ce,63626deb-8fc4-4aec-b953-9613fc3e83f6,TRUE,2025-1-1 0:00
1ee32544-5e67-4546-909f-bedb7b983971,5d6e645a-ca76-4ed6-9c3a-65688ee1dd02,138bec94-c996-4510-895c-6c0af0f6a6fc,5470f3a6-8f98-4587-a430-be88c6b9c0ac,TRUE,2025-1-1 0:00
17a2b30f-7fec-4611-8ee5-6a0710bf8ddf,9aaac6a3-893d-407f-bc56-2440ef3e5e74,5f5560cf-c169-4781-8204-fb75ac3408c8,07c2376a-a737-4f36-bc03-1778dd9b71ec,TRUE,2025-1-1 0:00
093b506b-44fc-4b68-ac0c-3aa8d97977a9,6efcf26f-b96d-467f-b08d-40957a446d85,e82189ec-b2b2-490a-9a4a-d3b91b936649,3d6abbec-aa16-4ac6-9e80-3d65006c50b8,TRUE,2025-1-1 0:00
ef92582f-645e-4ad7-bf06-75bc46645da5,5aec5231-9a13-4ec6-b378-d5964efadc4a,d9ded107-db56-4362-9660-f034f2aad13e,c141841d-c152-4775-aff0-1fd7a82ec852,TRUE,2025-1-1 0:00
437cb4b4-f9ad-416b-9d9d-032d974ae765,f8b3e14e-2a1b-4ca1-a862-ff8ba9e173ca,10bbf5a6-0d2a-4f76-9579-c153cfc4542f,41a7b674-be1f-4204-80c5-974f9ba24d39,TRUE,2025-1-1 0:00
03215b07-8816-4d5c-a00b-0ede6cebaaf5,2181d9cf-6d6b-4078-acee-317b4cc66ce9,1197ce03-96ae-4670-9ef3-28468625cf46,b4d493a3-2cc4-447f-a34c-327107ec2985,TRUE,2025-1-1 0:00
5e4bee97-6a84-415f-b494-39f034e7c0c2,42b424ae-4fe6-499f-8da7-eba2f6369b6b,1197ce03-96ae-4670-9ef3-28468625cf46,21f51f84-c1dd-4478-8fb0-1c10b08829a9,TRUE,2025-1-1 0:00
89fd0192-301b-4931-ba8e-6ca1b9efeb5f,c6e5a3dd-2b86-49aa-b104-e0a6873c8d0a,89ac15fd-fcc1-4185-aef5-7f10ee7dc668,4fa56c50-95e9-4730-9538-4fb9911e2f16,TRUE,2025-1-1 0:00
cf95f98e-f639-4831-9ae7-24b13c1b9d9c,d38aabdb-219c-4f57-a903-7cc8b78a3158,54babe4f-96f7-4e64-a219-73d52337d179,85148e4b-2e24-4675-8180-d8614d826d13,TRUE,2025-1-1 0:00
a0bc30a1-1470-4e6a-aa69-9ec7cacaa3e1,8d1f2c2b-4dd4-4959-8ec7-375edd59f999,138bec94-c996-4510-895c-6c0af0f6a6fc,5470f3a6-8f98-4587-a430-be88c6b9c0ac,TRUE,2025-1-1 0:00
2618ed59-e236-498c-9535-e91d5a6b6e4a,a7eebaa7-a429-4489-b0f0-1f29b069af63,5f5560cf-c169-4781-8204-fb75ac3408c8,c4e888dd-a15d-461c-83d1-9d2f7a4a3c4b,TRUE,2025-1-1 0:00
f23526b7-d6fa-4993-b550-0e2f87227816,496ce3e5-cf47-4bf4-8874-b4572a97def5,d859a9f6-ce5f-4e3f-8c72-f7e2030f93ce,63626deb-8fc4-4aec-b953-9613fc3e83f6,TRUE,2025-1-1 0:00
dc19a1e3-85be-4fa6-96e9-5f9adbc85a40,a42c35fe-e9bd-42b0-8787-966596a54f97,10bbf5a6-0d2a-4f76-9579-c153cfc4542f,41a7b674-be1f-4204-80c5-974f9ba24d39,TRUE,2025-1-1 0:00
d55503da-73d9-44ce-b754-81186602b92a,5d130317-45b7-4caa-aa92-b38fabf64bd8,33871093-82ae-468b-becb-d5ad477a7b98,647f1864-163b-4b7e-9529-16d0576da166,TRUE,2025-1-1 0:00
57165f69-f5bf-4911-a48f-1c35a58bde0a,757661f5-15bb-4634-87a2-e83e5e4ac1be,7a35c70a-5d17-4ebc-903c-128c5c215c7a,,TRUE,2025-1-1 0:00
222019f0-3aa8-42d5-b0cc-4a4d6868d3e2,46bdfbfd-5076-4275-808a-0654c0f16d64,470809ae-c5f3-4ba1-9522-fd0972619f7f,c82335ca-73c8-44fb-8e7c-4f7d4965d472,TRUE,2025-1-1 0:00
b8b34c62-f7f9-418a-9d3f-cb6ef0432320,13b02d85-0b21-41df-a42b-a3e69627c361,ecb74426-adfd-416f-90ce-ac1136940e59,5cf414a9-7d0b-4cbc-82e9-54a3dd0b9e26,TRUE,2025-1-1 0:00
6684f9e1-6b33-4214-a3c1-1746633ec556,685e5824-24fc-4845-b14b-c910e3724267,99a7aaba-40a8-48e3-b8f9-a0d489cfb213,b2f2b003-2222-4b2b-bbbb-222222222223,TRUE,2025-1-1 0:00
7b1359ff-b0cd-40f9-a674-3f9a8933eb30,c7b53088-088e-47c7-880c-33fff141f5cc,ecb74426-adfd-416f-90ce-ac1136940e59,a0f45e64-d974-4ed8-99b7-5fe52a283bc9,TRUE,2025-1-1 0:00
3a2566c2-0486-49f7-a1aa-3ed643b34164,0c1a24dd-8ba8-49c0-9201-209dcec335ff,10f25068-4e34-42ca-94b3-96f5288b82ea,2d521cc1-4bc3-4df8-89ba-f75bebaf897b,TRUE,2025-1-1 0:00
ab13fcf4-5030-4ae1-bc7c-e5ac2555e59e,513980c6-0171-4aff-a7f3-b55f1a3e291d,c0bae7dc-ef7b-4a8b-99fd-c1c1de3a9ed2,d493879f-f5cc-4c9a-bfbd-78a96a34b900,TRUE,2025-1-1 0:00
6cfbfe24-a864-4075-a390-5a8bc3db5dc8,9ed14b2b-c050-40f4-a1be-9a0681fc1fcf,c0bae7dc-ef7b-4a8b-99fd-c1c1de3a9ed2,6c9a8c6f-47b7-4e20-b7ec-56eaa99fabda,TRUE,2025-1-1 0:00
a9969140-b804-4ea8-a44e-1cad26ab1c9e,306adbb9-1cd9-4b86-a202-0cdd8351a725,1197ce03-96ae-4670-9ef3-28468625cf46,21f51f84-c1dd-4478-8fb0-1c10b08829a9,TRUE,2025-1-1 0:00
577c1716-333f-4627-a439-6bd91091af6f,ac9a69a5-6742-4c61-a0fc-357ffaacb990,7a35c70a-5d17-4ebc-903c-128c5c215c7a,69b26849-09d8-4386-924d-c3d6eac79b48,TRUE,2025-1-1 0:00
d9a0afb1-98bc-41fa-98ac-2b1392b7a197,dea2856c-266c-404b-ba9a-660bf0018d47,75e74f36-5be1-4048-b0a2-3460dd418f90,82db1549-abc1-46c2-8820-caacf7be1270,TRUE,2025-1-1 0:00
ae744443-798b-4315-9a5d-c3e8e37e4df8,6e7e1589-f738-4d22-98b1-15f122e473ce,138bec94-c996-4510-895c-6c0af0f6a6fc,aa2ac8a6-12e0-4e15-8fc6-3ce47a710a51,TRUE,2025-1-1 0:00
8970bde5-38bd-493f-8058-9c055f87b36c,1984c3e0-e84b-4f1b-9983-778f9dfd90fc,138bec94-c996-4510-895c-6c0af0f6a6fc,d1d4d95c-2df5-4126-8033-d0a652c4d8b3,TRUE,2025-1-1 0:00
fcc3a3fa-8e07-4c4f-bef5-fabd1227c917,fa32c4a3-f72f-4edc-85d4-51bde717a0a9,1197ce03-96ae-4670-9ef3-28468625cf46,b4d493a3-2cc4-447f-a34c-327107ec2985,TRUE,2025-1-1 0:00
01776902-571d-4f66-8616-83886559fa59,add4ca64-cde4-4c81-8e58-d521d898372b,343841d6-b938-4b7d-8523-23d25aa1eeb5,8c1d63cc-3124-4fe9-9b77-352979659082,TRUE,2025-1-1 0:00
13116043-f433-413a-bf61-bdfe1cf90269,a39cf9a7-18eb-40d7-a536-ac1a43690702,10f25068-4e34-42ca-94b3-96f5288b82ea,e6557dc4-26ce-465e-9ae9-3cc02c70fbc1,TRUE,2025-1-1 0:00
8f3eda30-6f5b-4b6e-a05a-811705542219,9c4c8994-4d2e-45ee-98ff-0dc08f89f6dc,70f60247-60d3-4bce-87a8-ef397833ede6,2d521cc1-4bc3-4df8-89ba-f75bebaf897b,TRUE,2025-1-1 0:00
18bfc365-8a3a-4725-9a94-4e00a9609cfd,11ec541c-8d14-4ee5-ba4c-dabf82387746,10bbf5a6-0d2a-4f76-9579-c153cfc4542f,41a7b674-be1f-4204-80c5-974f9ba24d39,TRUE,2025-1-1 0:00
d10506eb-f240-49e9-8e5e-39f1dc6a3ac9,e82dbdfb-34d6-4427-99f1-7334e55a59eb,138bec94-c996-4510-895c-6c0af0f6a6fc,5470f3a6-8f98-4587-a430-be88c6b9c0ac,TRUE,2025-1-1 0:00
7b3eaf90-9ca1-43d5-a5e1-0c7a411b4ce1,4a4b2be6-742f-4690-bdb4-7f307761ef4c,5f917eec-d4dc-40cb-94dd-b3272db3f858,2489267c-9b73-4948-a360-81d6ae8f9a8e,TRUE,2025-1-1 0:00
04b1bdaf-f19b-4817-9eaa-be0db6564a3c,b30cf2fe-a449-40e7-9afa-3ce7a29cf2ec,99a7aaba-40a8-48e3-b8f9-a0d489cfb213,b2f2b004-2222-4b2b-bbbb-222222222224,TRUE,2025-1-1 0:00
f6932498-244e-411d-ae62-29d9a6c5921d,7a48f43c-7ccb-480c-8b26-77c5994cb82e,d6a47d18-5c17-48fb-9992-be67d2da891b,7b6fdef2-6539-4266-84d2-100fb6a30fd2,TRUE,2025-1-1 0:00
a50acb47-6cc2-4075-ba33-539148f4bcb4,6e313ad1-9e12-4d70-853a-944f567a0acb,ab4d9d97-e35f-4992-a8fd-69ed66a8d558,fda2cd44-b62a-460e-9926-644603cda879,TRUE,2025-1-1 0:00
b761be54-c029-40fd-971d-1ec8bdfa241f,3cac3d1d-27d2-4009-8a0f-9cd03a389407,fc051f5d-8e18-4c46-ba41-1a4307de9fa6,,TRUE,2025-1-1 0:00
8c7d2f94-0193-4f2e-a86d-da0d194e2b50,0646a3ac-eaf3-406e-ac72-d59fddb63b78,ecb74426-adfd-416f-90ce-ac1136940e59,8efb3f1b-df47-4567-ae54-340777480d16,TRUE,2025-1-1 0:00
76518f96-3550-433f-acb1-33f8cea0c60b,c4c6e592-e9bc-4518-b791-482f31803ead,10f25068-4e34-42ca-94b3-96f5288b82ea,e6557dc4-26ce-465e-9ae9-3cc02c70fbc1,TRUE,2025-1-1 0:00
c7d44794-2b6c-4982-8666-01715a626e85,b99cc638-61d0-49c1-ba47-9fbd822a1ccf,33871093-82ae-468b-becb-d5ad477a7b98,647f1864-163b-4b7e-9529-16d0576da166,TRUE,2025-1-1 0:00
73064c6b-f718-4440-8fd7-805e468c367c,91dd4711-5e07-4a7e-8a75-d8384fc158b9,1197ce03-96ae-4670-9ef3-28468625cf46,21f51f84-c1dd-4478-8fb0-1c10b08829a9,TRUE,2025-1-1 0:00
2cbd8600-de18-4f3e-8dac-147012d4216f,3b4bb16e-1882-4bbf-b79f-0ffd13491af4,ecb74426-adfd-416f-90ce-ac1136940e59,a0f45e64-d974-4ed8-99b7-5fe52a283bc9,TRUE,2025-1-1 0:00
b86c5938-897a-4c50-a97e-f7fabd32ed26,5e12d3d4-5738-4955-94e3-03608f6a6ab8,138bec94-c996-4510-895c-6c0af0f6a6fc,5470f3a6-8f98-4587-a430-be88c6b9c0ac,TRUE,2025-1-1 0:00
04dde03c-31dd-453b-9ef2-dbe96681cdb4,3ae8b196-9e9d-443e-b1e5-df65526686e3,ecb74426-adfd-416f-90ce-ac1136940e59,702e83c8-bbc0-4a74-80d5-91db1f72785d,TRUE,2025-1-1 0:00
55f9fba2-9347-47bd-a025-cb18bca21e9c,146c0b9a-7f1a-4349-acbb-9e635b67f0ed,a7661018-6f30-438d-a26a-5cebbb1a6191,,TRUE,2025-1-1 0:00
22006348-446a-4f34-ac45-a7b49fe17231,668b8c49-6dd3-4e0d-ab5a-1ae6a0e1829d,89ac15fd-fcc1-4185-aef5-7f10ee7dc668,4f54a419-e907-4b68-944f-f3f809c5244b,TRUE,2025-1-1 0:00
874c5603-bc71-454a-aeab-f67986d85d36,f3a87cae-1f95-490d-9dbc-8f0759a06895,4081baaa-071b-45f4-a25d-ac5121bfccc7,2c0cf7ad-c480-4428-84c9-37060a9a0a37,TRUE,2025-1-1 0:00
23731828-1137-4451-8675-97bd83fcc952,58e082bd-8ad9-4ee9-92ca-be29f3892f4b,1197ce03-96ae-4670-9ef3-28468625cf46,21f51f84-c1dd-4478-8fb0-1c10b08829a9,TRUE,2025-1-1 0:00
258707a0-cd89-4479-999c-60e37991b4dc,5ac44d91-d7c0-4ddb-ba5c-e152d8954bf7,ecb74426-adfd-416f-90ce-ac1136940e59,5cf414a9-7d0b-4cbc-82e9-54a3dd0b9e26,TRUE,2025-1-1 0:00
f0280dd0-c8bf-4290-87e5-fb14e171c4e1,be84dd74-61cb-46bf-b3a8-953d79be7933,d9ded107-db56-4362-9660-f034f2aad13e,c141841d-c152-4775-aff0-1fd7a82ec852,TRUE,2025-1-1 0:00
44f9787b-5be2-4338-a52c-a06494dced1f,a1396a46-d38e-4e0b-877e-7e0fd55be66a,c0bae7dc-ef7b-4a8b-99fd-c1c1de3a9ed2,d493879f-f5cc-4c9a-bfbd-78a96a34b900,TRUE,2025-1-1 0:00
d278563a-77e2-4d49-9f67-4c2e4521577d,368e80d9-3ba0-46d2-9979-67cbdb69ce6f,5f5560cf-c169-4781-8204-fb75ac3408c8,c4e888dd-a15d-461c-83d1-9d2f7a4a3c4b,TRUE,2025-1-1 0:00
c35d87ba-3c9e-4573-808d-c734825b6190,0db4c3ee-7282-42aa-be41-21732c3658b6,4cae38a8-4a2b-4f9f-8e47-c51a8fdab4d6,bb2a9857-6b24-4d60-a41d-dbd92eeab1b8,TRUE,2025-1-1 0:00
6843bd8e-5467-4c2e-82f4-c9d215081932,3f29e1a8-d818-4cc7-ae35-d92c4bcfa357,470809ae-c5f3-4ba1-9522-fd0972619f7f,d1d4d95c-2df5-4126-8033-d0a652c4d8b3,TRUE,2025-1-1 0:00
d6d3f330-7f9b-448f-8958-81659ad20af6,a5e859b4-6b8c-4036-b87b-04a4cb2b0181,1197ce03-96ae-4670-9ef3-28468625cf46,21f51f84-c1dd-4478-8fb0-1c10b08829a9,TRUE,2025-1-1 0:00
2068667b-b315-4fb5-8ce2-e7d22f8843d4,49b564d1-e211-41fb-901b-bc102d9bea80,10bbf5a6-0d2a-4f76-9579-c153cfc4542f,41a7b674-be1f-4204-80c5-974f9ba24d39,TRUE,2025-1-1 0:00
86508f1f-4394-4269-a674-6e7587b764ff,f75aaa41-acce-4021-99a0-070a49650240,197fcbc8-7a73-40b5-802f-fa829cd49329,,TRUE,2025-1-1 0:00
08653b99-8e7e-43bf-b319-6fc916127587,e2d6be80-968a-41d6-985c-3d1526410c64,d27bb515-4906-49b3-91a6-dc5c87863105,,TRUE,2025-1-1 0:00
f950027c-916a-475a-b12a-296d13037103,4412b726-961e-4fd1-8338-a5b8552490bc,d27bb515-4906-49b3-91a6-dc5c87863105,,TRUE,2025-1-1 0:00
6e7e6bf3-2b39-4c6d-a045-ee89bb8a0fb1,ffc26e8a-e1ca-436f-86c0-8947b436fd79,c0bae7dc-ef7b-4a8b-99fd-c1c1de3a9ed2,d493879f-f5cc-4c9a-bfbd-78a96a34b900,TRUE,2025-1-1 0:00
8875580c-00af-43cc-941b-83e3850a393d,7e6708bc-282e-4db5-b896-947f0d407cb2,ab4d9d97-e35f-4992-a8fd-69ed66a8d558,fda2cd44-b62a-460e-9926-644603cda879,TRUE,2025-1-1 0:00
6a326c23-a68d-4429-af82-8bd3b653de8d,63e8fcdd-17af-4413-8cd1-39e2012795b1,5f917eec-d4dc-40cb-94dd-b3272db3f858,b1aaab67-e072-48b8-8c61-539917206eec,TRUE,2025-1-1 0:00
b8c87cc5-51e1-48c4-b1d4-770d1416f5c5,b92f6992-01e1-4a17-ae71-059cf3c0f4c5,c0bae7dc-ef7b-4a8b-99fd-c1c1de3a9ed2,6c9a8c6f-47b7-4e20-b7ec-56eaa99fabda,TRUE,2025-1-1 0:00
f0a39f90-b096-4d94-93e2-97617a4a0a6b,9cb52bae-6893-483a-9614-22be48d7030a,c0bae7dc-ef7b-4a8b-99fd-c1c1de3a9ed2,d493879f-f5cc-4c9a-bfbd-78a96a34b900,TRUE,2025-1-1 0:00
694f31a0-8596-4a70-81ca-074d6f2a3f91,06b6e3d7-2a69-4879-8453-d20a2e06ac72,c0bae7dc-ef7b-4a8b-99fd-c1c1de3a9ed2,d493879f-f5cc-4c9a-bfbd-78a96a34b900,TRUE,2025-1-1 0:00
e2f042aa-00e5-4fb2-b83a-f1d571d313a8,4dba6b15-ff3f-4c41-8b51-0946518c35ab,5f917eec-d4dc-40cb-94dd-b3272db3f858,2489267c-9b73-4948-a360-81d6ae8f9a8e,TRUE,2025-1-1 0:00
45e5a405-62f3-48a5-b7a4-03d079f02054,1aee7828-e8ca-4951-b955-3d272a66dbc4,8dcc57a0-79ac-45dd-9db0-efb3d1fd5299,e8840113-28f3-4d0b-8d73-9f513c624c2a,TRUE,2025-1-1 0:00
f4e7ccb1-5b41-49f2-8b17-b4591e17dc87,641d1345-19c9-4711-89e0-b9bd5db58643,8dcc57a0-79ac-45dd-9db0-efb3d1fd5299,e8840113-28f3-4d0b-8d73-9f513c624c2a,TRUE,2025-1-1 0:00
cb6c483f-a49a-44bf-a5e8-df6a11d5cca1,e22fba63-c32b-4be4-8707-c42476609842,7a35c70a-5d17-4ebc-903c-128c5c215c7a,,TRUE,2025-1-1 0:00
65103dc3-67b4-4324-841e-000e154840d4,9d3c202d-9381-4147-92a2-c889ecd68121,138bec94-c996-4510-895c-6c0af0f6a6fc,d1d4d95c-2df5-4126-8033-d0a652c4d8b3,TRUE,2025-1-1 0:00
5eee1784-76db-4884-82e8-af7ab6327b21,f73cf74b-e2d3-469e-959f-52fc1a245bce,9f28e84e-d7e5-4d86-a762-882156d6555d,,TRUE,2025-1-1 0:00
ed639aa2-f453-4325-9545-bcf15885ce2a,2ab72a84-be1d-4f96-bfc6-cbf4113c345d,75e74f36-5be1-4048-b0a2-3460dd418f90,3c8f134e-3d9c-448d-9937-9e9c1689b040,TRUE,2025-1-1 0:00
468e860e-1a5c-4918-ac5a-d4565802b993,f90c3450-c059-4971-afde-fa199ffc1790,15f7233e-d7ab-4258-a5e4-238d22d79bae,fbc6fd88-cc64-4e20-91ad-e6303e217def,TRUE,2025-1-1 0:00
337b9707-565a-46fd-9a4f-50675334dd59,8ffc9f7a-c3a4-404a-8794-b81f3fa7176d,1197ce03-96ae-4670-9ef3-28468625cf46,21f51f84-c1dd-4478-8fb0-1c10b08829a9,TRUE,2025-1-1 0:00
9bd4dd2c-a1ad-497e-9ddb-e8d5cbf02e8d,2bded616-68d1-448d-ae54-1bcf470b058f,470809ae-c5f3-4ba1-9522-fd0972619f7f,d1d4d95c-2df5-4126-8033-d0a652c4d8b3,TRUE,2025-1-1 0:00
1f5e1a29-aa03-49a6-b3dd-f40d7179c42f,61a026f1-84fe-4e23-981c-dc964514ca67,c0bae7dc-ef7b-4a8b-99fd-c1c1de3a9ed2,d493879f-f5cc-4c9a-bfbd-78a96a34b900,TRUE,2025-1-1 0:00
32e5ec2b-1fd2-4acf-bf8f-2241e5e4d8a4,d39d234b-6ab8-4219-809e-d08dcb0e0f25,ab4d9d97-e35f-4992-a8fd-69ed66a8d558,292450d3-3e76-4bbc-ada2-0041b96cf028,TRUE,2025-1-1 0:00
57c69710-0493-4685-bc8d-8853bdbf7f74,5e827729-112a-49f4-8575-eb8cfc74b271,d859a9f6-ce5f-4e3f-8c72-f7e2030f93ce,63626deb-8fc4-4aec-b953-9613fc3e83f6,TRUE,2025-1-1 0:00
1fe22c75-4544-48c7-8bea-85000d3e2eb7,72e6add9-4743-4221-8a37-504502dbca6b,7a35c70a-5d17-4ebc-903c-128c5c215c7a,69b26849-09d8-4386-924d-c3d6eac79b48,TRUE,2025-1-1 0:00
ece45032-3df9-47c6-a4b3-afc97fb22c4b,8bda802f-25a5-4d3b-a073-e775b8254f4d,c0bae7dc-ef7b-4a8b-99fd-c1c1de3a9ed2,a11031c8-c160-488b-ae57-59320f8e85fa,TRUE,2025-1-1 0:00
92d00c34-8cc3-46d0-861e-3c790811b0f5,ad2f745b-ddda-4165-b428-6274b3a3294c,5f917eec-d4dc-40cb-94dd-b3272db3f858,ad3bee99-7863-4b55-aa09-b9754b160c47,TRUE,2025-1-1 0:00
a4225c13-2246-4b76-9b1d-4e979c4f7c7c,26e419c5-022d-401b-81b0-e1c58f24aa39,10f25068-4e34-42ca-94b3-96f5288b82ea,2d521cc1-4bc3-4df8-89ba-f75bebaf897b,TRUE,2025-1-1 0:00
1170408a-f7ee-4223-ad06-1b1437d2f5ff,ee22ea13-04d5-4669-b113-1ee8a1c679f7,4cae38a8-4a2b-4f9f-8e47-c51a8fdab4d6,5890126b-c352-4df7-8341-1ac685154844,TRUE,2025-1-1 0:00
4e8a7f86-27ab-4961-8374-56c27530e0da,dbe4e874-1e0a-44f1-9c88-23243a97f81d,197fcbc8-7a73-40b5-802f-fa829cd49329,,TRUE,2025-1-1 0:00
ae134631-8f3e-4159-a1ac-1afd42e65cd7,7b1471a1-c276-4f1c-9750-efa7cf61e6f1,10bbf5a6-0d2a-4f76-9579-c153cfc4542f,41a7b674-be1f-4204-80c5-974f9ba24d39,TRUE,2025-1-1 0:00
8d649f9a-b5e4-4ef2-937c-0ec53438b928,285a8087-2909-4baa-b959-149231119cea,70f60247-60d3-4bce-87a8-ef397833ede6,2d521cc1-4bc3-4df8-89ba-f75bebaf897b,TRUE,2025-1-1 0:00
ab67c8c0-0df0-44e7-8c3a-3dffb2527b65,7d4c71df-a292-4891-88e5-5beda4329583,1197ce03-96ae-4670-9ef3-28468625cf46,21f51f84-c1dd-4478-8fb0-1c10b08829a9,TRUE,2025-1-1 0:00
0f6805e6-89b8-437a-b8d4-12a70cda6796,c1719752-43d5-4d87-bc55-62bed966380d,077efb35-8940-4d91-a66c-91b50b83e640,,TRUE,2025-1-1 0:00
91dd18b6-3ecf-49ac-b40b-e9cebabd84ee,757c944a-c4f9-4134-9add-083e6a6d56fd,5f917eec-d4dc-40cb-94dd-b3272db3f858,b1aaab67-e072-48b8-8c61-539917206eec,TRUE,2025-1-1 0:00
aee598c9-f4e8-4e4f-8178-9a4a0e2d9de9,4e56972b-761c-4f40-9a9f-7f636ecd4200,138bec94-c996-4510-895c-6c0af0f6a6fc,266323bf-18db-4486-a7d4-a597c5d828ff,TRUE,2025-1-1 0:00
7cc8eb26-15ea-4101-8dd6-7f096e414664,da3d6166-4173-4a53-99bd-458944546172,93813225-2cbe-4d50-8943-423d4338776a,23857ab3-ff9c-485c-acea-a192c6d504c9,TRUE,2025-1-1 0:00
9b688b29-148c-4f61-aeca-aed0c2d62de4,33e33b88-95cc-4c7c-86f6-bb90ba44b957,8dcc57a0-79ac-45dd-9db0-efb3d1fd5299,e8840113-28f3-4d0b-8d73-9f513c624c2a,TRUE,2025-1-1 0:00
f72b723a-a15d-427d-8845-366d6d13ed37,22315914-73c8-4e93-bffa-3e10e9040df0,343841d6-b938-4b7d-8523-23d25aa1eeb5,39478e69-751f-45a6-88b2-fd08bf1e80a2,TRUE,2025-1-1 0:00
d9b339f3-95f0-4bd8-9337-0c4441a6b0a0,f14dff5b-0538-465c-bc0c-d69cd2276f8e,a2af5b73-0d5f-4819-8bac-acbdaa32952f,a35c2963-6eb2-49ab-8d40-7ece7e1346eb,TRUE,2025-1-1 0:00
c45b47d6-de63-44cc-a53b-338fd3b9e740,75039b3b-5884-4db7-802a-1aaa9e74a3ec,9f28e84e-d7e5-4d86-a762-882156d6555d,,TRUE,2025-1-1 0:00
60f594b2-ac7d-4f0e-a6be-c09ef09e6836,6e8ec2e7-0bdf-4dcd-a470-1796fecfca0e,ecb74426-adfd-416f-90ce-ac1136940e59,8efb3f1b-df47-4567-ae54-340777480d16,TRUE,2025-1-1 0:00
b1179506-8183-4f18-b0fe-577d0cec6090,a98ca601-52f4-442e-88f0-472b1708df1d,f3cd0829-e890-4cee-a65b-14720f2e5ca6,,TRUE,2025-1-1 0:00
1f524d83-ca12-4cda-a9d7-89fe49b52fb2,eeb9d325-2e52-4a03-94b8-9a670ad67ec2,197fcbc8-7a73-40b5-802f-fa829cd49329,,TRUE,2025-1-1 0:00
1edf7a52-749a-4bad-84e5-61fd3f4a23dd,2341d0f7-22a2-42e5-9bff-ec9b7adfb974,5f917eec-d4dc-40cb-94dd-b3272db3f858,b1aaab67-e072-48b8-8c61-539917206eec,TRUE,2025-1-1 0:00
166ca4fd-321f-40ea-b523-df5d5ceb2e1b,9972b15c-9e05-4cc9-b316-2f83608ae522,138bec94-c996-4510-895c-6c0af0f6a6fc,266323bf-18db-4486-a7d4-a597c5d828ff,TRUE,2025-1-1 0:00
8665c9c3-bc57-4abc-9703-e21297e1e63e,06150d99-d60c-4ac0-8c8f-85c06d1db882,1197ce03-96ae-4670-9ef3-28468625cf46,21f51f84-c1dd-4478-8fb0-1c10b08829a9,TRUE,2025-1-1 0:00
18ce68b4-b804-4d00-aa51-04ab49e050ab,076f9595-f226-4efe-addd-f5ed721a824d,1197ce03-96ae-4670-9ef3-28468625cf46,21f51f84-c1dd-4478-8fb0-1c10b08829a9,TRUE,2025-1-1 0:00
bbaadb20-9a32-492c-9af8-40062681a1a7,aed4ba4a-1cd7-40f2-a2f3-9e984cfa41a7,33871093-82ae-468b-becb-d5ad477a7b98,ddabb18e-7453-4430-9ce3-a06f3326cbde,TRUE,2025-1-1 0:00
be8fbe8d-6510-4258-a7c4-fc3201497234,775e0274-77e9-4ad4-8bfb-c06aa4769738,1197ce03-96ae-4670-9ef3-28468625cf46,21f51f84-c1dd-4478-8fb0-1c10b08829a9,TRUE,2025-1-1 0:00
3b82ae1b-c965-49af-9675-7d085569adab,8f1e19a6-2f62-4caf-9650-4515099fd387,35795dfe-e16a-408d-9677-5f13c3d4ff83,,TRUE,2025-1-1 0:00
7206d778-3255-47ff-a939-3c8349350e46,aa385e8a-8282-4a6b-ba9e-0f4687c5521b,470809ae-c5f3-4ba1-9522-fd0972619f7f,c82335ca-73c8-44fb-8e7c-4f7d4965d472,TRUE,2025-1-1 0:00
63a494dd-5a20-4806-bb37-0459a51bae22,6bedb6b8-7dce-47de-b44e-d8e064f19564,343841d6-b938-4b7d-8523-23d25aa1eeb5,39478e69-751f-45a6-88b2-fd08bf1e80a2,TRUE,2025-1-1 0:00
f2fcaaba-a27c-4dd9-bb5f-f060da265405,4de1a6a0-2773-413e-8c96-0f0b26d0c816,2a186b71-b6dd-44ce-affb-88b8d16eb578,6898215c-6350-4a2f-b42d-94e3e1d041aa,TRUE,2025-1-1 0:00
597ab7db-5e97-4c5c-aeee-2c6e5e3040e2,6f207baf-467a-4bc9-9d03-bde54065a98c,138bec94-c996-4510-895c-6c0af0f6a6fc,d1d4d95c-2df5-4126-8033-d0a652c4d8b3,TRUE,2025-1-1 0:00
7c372403-49df-483d-8490-1c0e9e270e5c,f499f3af-585e-42f3-8e89-14cdcc13fd6b,197fcbc8-7a73-40b5-802f-fa829cd49329,5c435ef0-bddd-4020-8e1d-7667b48e1a21,TRUE,2025-1-1 0:00
90d9e941-db5d-45d2-b5ca-9e0048fadc15,09b8df2f-b30f-498f-b8f6-92d468d6540b,254fb67f-3428-43b2-9dfb-c01553f7a6d1,b5f5e003-5555-4e5e-eeee-555555555553,TRUE,2025-1-1 0:00
6e08d032-1da4-400f-b722-cdc686065e14,674336f4-d914-409b-a647-fb25d34bf997,70f60247-60d3-4bce-87a8-ef397833ede6,2d521cc1-4bc3-4df8-89ba-f75bebaf897b,TRUE,2025-1-1 0:00
6c411d34-8e11-4147-a9c8-0bf6fa2d2cf6,e31242a1-2af2-4f86-9d6c-d03bf00a4344,10f25068-4e34-42ca-94b3-96f5288b82ea,2d521cc1-4bc3-4df8-89ba-f75bebaf897b,TRUE,2025-1-1 0:00
d470536e-8d49-4b10-a5c0-87e9cfd0ac4f,3c04ecc6-758e-4309-9772-ea49ae30fc60,d57f11d3-f03a-49bf-905e-131a223352cd,af030f0d-629b-4fc2-a83d-2a5117a4a7e3,TRUE,2025-1-1 0:00
62226761-608c-46e3-85ad-774cbd0f187d,82f31048-406f-4d7f-a046-99ec10729294,ecb74426-adfd-416f-90ce-ac1136940e59,b1f1a003-1111-4a1b-aaaa-111111111113,TRUE,2025-1-1 0:00
db8adb87-b3ab-4812-9afd-5e4d485a6b3f,7e62eaf4-e82d-4412-8156-99b31f23d11a,15f7233e-d7ab-4258-a5e4-238d22d79bae,fbc6fd88-cc64-4e20-91ad-e6303e217def,TRUE,2025-1-1 0:00
a6da6581-e861-42bc-9158-70bb82443036,6e904355-935b-417a-afc4-1c1ee02f6c6e,d57f11d3-f03a-49bf-905e-131a223352cd,49720e2e-bd94-4072-8816-4b2dc97902ed,TRUE,2025-1-1 0:00
46a0d34a-79fb-4f96-87fd-66eec82d4165,fa9766ba-6af1-4fe6-9226-2e0127fed0dd,138bec94-c996-4510-895c-6c0af0f6a6fc,d1d4d95c-2df5-4126-8033-d0a652c4d8b3,TRUE,2025-1-1 0:00
d2f42042-2a1c-4a52-b154-4a437c9e2ebf,a2806baa-5276-4330-88f9-157074983c9e,5f917eec-d4dc-40cb-94dd-b3272db3f858,2489267c-9b73-4948-a360-81d6ae8f9a8e,TRUE,2025-1-1 0:00
83eee7c5-6acf-4c94-b05b-b24be513d447,ca92bdd1-644b-4fc3-b09c-96bb1b3a73f8,d57f11d3-f03a-49bf-905e-131a223352cd,ca9c9a7f-95cb-45c5-8668-628ddcc6c673,TRUE,2025-1-1 0:00
e1f4befa-0483-48bc-baf8-850b76e11f0f,4a8e40e2-1a1a-4772-91db-67b726796311,5f5560cf-c169-4781-8204-fb75ac3408c8,49720e2e-bd94-4072-8816-4b2dc97902ed,TRUE,2025-1-1 0:00
d1385fc9-d98b-4dd2-8a29-ca565c1a2f49,0998e044-04d4-450d-84a4-ee3c9202c54a,138bec94-c996-4510-895c-6c0af0f6a6fc,d1d4d95c-2df5-4126-8033-d0a652c4d8b3,TRUE,2025-1-1 0:00
5becb27e-a283-4670-85ef-0bc05a4b80c5,2c933293-67d1-4607-942f-368e051b750f,d9ded107-db56-4362-9660-f034f2aad13e,c141841d-c152-4775-aff0-1fd7a82ec852,TRUE,2025-1-1 0:00
10ade41e-c794-4dd7-bd0c-bc42f6229af1,e99d0859-5f5c-44b7-ac06-667d0a2369b9,5f917eec-d4dc-40cb-94dd-b3272db3f858,ad3bee99-7863-4b55-aa09-b9754b160c47,TRUE,2025-1-1 0:00
0c398bf1-d9a8-4ed8-b05a-7ed0efe2ec80,218c53f0-6e82-4f96-99ff-3c2eb52272e3,4cae38a8-4a2b-4f9f-8e47-c51a8fdab4d6,bb2a9857-6b24-4d60-a41d-dbd92eeab1b8,TRUE,2025-1-1 0:00
aa756043-96ce-4006-b35c-00cf4b469f54,1e28de06-db80-4a2c-aaa8-030a7d216912,5c249092-11b0-47dc-81ba-1a905c6f45aa,532a6a94-bb92-4ce2-be3e-177bd1e04573,TRUE,2025-1-1 0:00
49417518-e51e-4e1d-8db5-84ebbefb1b56,f343d665-d06c-4faa-8187-ad6e20892009,ecb74426-adfd-416f-90ce-ac1136940e59,a0f45e64-d974-4ed8-99b7-5fe52a283bc9,TRUE,2025-1-1 0:00
eca1530f-b72a-4230-b652-885f5bbdef4d,4f2a1151-2589-40f8-af5b-e54701367688,197fcbc8-7a73-40b5-802f-fa829cd49329,5c435ef0-bddd-4020-8e1d-7667b48e1a21,TRUE,2025-1-1 0:00
f45ae4a9-7cf4-470c-aa5c-4033083e2da7,5daa71f2-08a5-43cc-89e1-635c356945e4,5c249092-11b0-47dc-81ba-1a905c6f45aa,532a6a94-bb92-4ce2-be3e-177bd1e04573,TRUE,2025-1-1 0:00
f1bb8686-64a7-4908-b0d8-efa15fc44f7b,ba806bbb-f5c0-4134-ab42-4c8563b70467,138bec94-c996-4510-895c-6c0af0f6a6fc,aa2ac8a6-12e0-4e15-8fc6-3ce47a710a51,TRUE,2025-1-1 0:00
9cbdfbfc-3128-41df-92f1-0e1ab8321cd0,66e3a60e-b5dc-4f9c-b0df-26bd3798f3c6,138bec94-c996-4510-895c-6c0af0f6a6fc,aa2ac8a6-12e0-4e15-8fc6-3ce47a710a51,TRUE,2025-1-1 0:00
2f2de719-7afa-4cd9-a1b0-96bfde542083,4005711e-07a2-45cc-8977-01fb3982dfef,138bec94-c996-4510-895c-6c0af0f6a6fc,aa2ac8a6-12e0-4e15-8fc6-3ce47a710a51,TRUE,2025-1-1 0:00
20262680-9c10-4fc7-acae-15b5344dabf8,c589e3a2-f85f-4f10-b8e3-7046fa1cc8a7,343841d6-b938-4b7d-8523-23d25aa1eeb5,8c1d63cc-3124-4fe9-9b77-352979659082,TRUE,2025-1-1 0:00
21d7ea42-ce69-4adc-9cd6-fea75723babf,a0a00897-4556-4e9f-b321-063241732b52,197fcbc8-7a73-40b5-802f-fa829cd49329,5c435ef0-bddd-4020-8e1d-7667b48e1a21,TRUE,2025-1-1 0:00
fdc94d93-f291-42f0-903d-612af630e279,a6bad5c6-1430-47a0-a43d-c2476108cd24,8dcc57a0-79ac-45dd-9db0-efb3d1fd5299,e8840113-28f3-4d0b-8d73-9f513c624c2a,TRUE,2025-1-1 0:00
28bf5fa4-a0bf-4777-b81d-6344de21cbf0,9e2822ea-83fc-4841-9333-0250b98b5eb1,8dcc57a0-79ac-45dd-9db0-efb3d1fd5299,e8840113-28f3-4d0b-8d73-9f513c624c2a,TRUE,2025-1-1 0:00
1e5cc85e-1056-448b-a183-c02a6599346f,b062b012-f72d-44bb-ad21-d0a179942482,5c249092-11b0-47dc-81ba-1a905c6f45aa,dd36eb28-6b48-4071-aa16-f4fbaf70315e,TRUE,2025-1-1 0:00
e901c40f-bfb0-411c-ac26-ce6f0cdecbdd,d0ba7ddc-8dad-46b9-879f-1b41cf94484a,c0bae7dc-ef7b-4a8b-99fd-c1c1de3a9ed2,d493879f-f5cc-4c9a-bfbd-78a96a34b900,TRUE,2025-1-1 0:00
8e50a904-2f65-4be1-917c-b8b269771165,aa9824ad-16d7-4803-ab6c-5fb84749e960,ab4d9d97-e35f-4992-a8fd-69ed66a8d558,fda2cd44-b62a-460e-9926-644603cda879,TRUE,2025-1-1 0:00
184139d1-9f70-4caf-a609-8daa7b25b9a2,4d7c5f23-550b-4ec4-8bd9-e08d5c620d6d,5f5560cf-c169-4781-8204-fb75ac3408c8,b2466f6e-39bf-4dad-ac7c-770e2dba5c0b,TRUE,2025-1-1 0:00
50693666-aa96-4afd-bf49-3a9e224940e9,4d6bbe5d-c539-4253-8e3d-f9d65f2d9cf8,ecb74426-adfd-416f-90ce-ac1136940e59,702e83c8-bbc0-4a74-80d5-91db1f72785d,TRUE,2025-1-1 0:00
b401cd30-61a1-4a76-88d7-a78d0c66aa39,f4cbd01c-5086-423e-a1f6-435dcf73faee,e82189ec-b2b2-490a-9a4a-d3b91b936649,88de0c8d-ef61-4156-90d0-d6d2614fbc58,TRUE,2025-1-1 0:00
8b55b8fa-8ae9-4608-9d0f-7b93bb67142f,c5aeca23-f605-4353-9da3-4553879fe767,253ea542-c762-42e9-8125-3c936fbe0802,,TRUE,2025-1-1 0:00
50ad6581-9f62-41c1-8197-4ed550f5ff01,c9b0683f-b9b0-4990-b9a5-cc0aac1a7339,d6a47d18-5c17-48fb-9992-be67d2da891b,7b6fdef2-6539-4266-84d2-100fb6a30fd2,TRUE,2025-1-1 0:00
63ddf19e-6bdf-445f-8af8-af10dd1509bc,820ee065-bd1e-4f26-bfab-9921c1de5e27,5f5560cf-c169-4781-8204-fb75ac3408c8,c4e888dd-a15d-461c-83d1-9d2f7a4a3c4b,TRUE,2025-1-1 0:00
8cb4e98b-7d14-45b5-b789-983a9c3bc7e6,601c379d-c035-4344-8031-fd154696ae58,470809ae-c5f3-4ba1-9522-fd0972619f7f,0f1d8c04-97b9-4843-9872-3e78a0272e57,TRUE,2025-1-1 0:00
b52e1d96-4739-43ec-951f-a597f6909d86,98ead1d7-7791-4749-b637-de01bcbd79fc,1197ce03-96ae-4670-9ef3-28468625cf46,21f51f84-c1dd-4478-8fb0-1c10b08829a9,TRUE,2025-1-1 0:00
dec33eab-ee0c-48ab-ba98-d71943f91d1f,264da3ef-6936-4ac7-aedd-dca2124bfaf7,ff1a36e5-3931-487f-8837-3e24af030706,0c678f67-2bdb-4a35-9857-36249d7d66a9,TRUE,2025-1-1 0:00
d36ef1ef-7c3d-45d4-9f03-d57a429cb294,2420d57d-00d0-4bc8-83d3-b2630b0d89ce,99a7aaba-40a8-48e3-b8f9-a0d489cfb213,d493879f-f5cc-4c9a-bfbd-78a96a34b900,TRUE,2025-1-1 0:00
66ae8984-5667-4222-a909-a4e7399221ca,55023b30-eb85-4665-b9de-42e3ddab86a5,e5fcf8a7-cb34-4278-8082-a63b9d1856a9,183b53c1-251e-4d71-84ff-9744261a917e,TRUE,2025-1-1 0:00
05bb53e8-cc93-4389-9547-83b4eb80928f,2d447f80-94eb-4f41-be62-efca2c638f4a,4081baaa-071b-45f4-a25d-ac5121bfccc7,2c0cf7ad-c480-4428-84c9-37060a9a0a37,TRUE,2025-1-1 0:00
644d3e69-fa38-4b69-a1ae-264b7646ac1d,ef06aa17-c296-4e34-a384-11667b67f20e,138bec94-c996-4510-895c-6c0af0f6a6fc,aa2ac8a6-12e0-4e15-8fc6-3ce47a710a51,TRUE,2025-1-1 0:00
166e3172-f82d-4f65-b5e4-49606b088ea0,2e99317e-e0e2-439e-baaa-a784c7cdab64,138bec94-c996-4510-895c-6c0af0f6a6fc,5470f3a6-8f98-4587-a430-be88c6b9c0ac,TRUE,2025-1-1 0:00
eb841b67-36af-4a6c-ac2e-670d876e50cc,13404652-c573-42cc-8743-5681bd8a8e75,d859a9f6-ce5f-4e3f-8c72-f7e2030f93ce,63626deb-8fc4-4aec-b953-9613fc3e83f6,TRUE,2025-1-1 0:00
ae0d98d4-e87a-4b5f-be08-90bbe6bcc95e,cd8b6b50-a004-4dca-a897-8355845accd9,197fcbc8-7a73-40b5-802f-fa829cd49329,e8bcbcab-5c6d-44cb-aeeb-8632016ca3cd,TRUE,2025-1-1 0:00
d2aa35c3-3bf0-4f44-941f-db8cfbabfa47,5b2a4879-83f2-436a-a059-88ad61a67d8d,197fcbc8-7a73-40b5-802f-fa829cd49329,e8bcbcab-5c6d-44cb-aeeb-8632016ca3cd,TRUE,2025-1-1 0:00
59ea2c68-87f4-483c-bc56-450f615d763d,4769715b-b180-412d-b45e-e1c0d158ccb0,7a35c70a-5d17-4ebc-903c-128c5c215c7a,,TRUE,2025-1-1 0:00
af888161-43a5-4109-acb1-9d1b4f2083f9,1535d502-0469-4daf-a1d8-160a9bfc25c7,5f5560cf-c169-4781-8204-fb75ac3408c8,49720e2e-bd94-4072-8816-4b2dc97902ed,TRUE,2025-1-1 0:00
2052353c-f4c9-461f-8e7a-bd439a180ad2,800ad2a4-73cd-485e-bf95-2811be10c209,1197ce03-96ae-4670-9ef3-28468625cf46,21f51f84-c1dd-4478-8fb0-1c10b08829a9,TRUE,2025-1-1 0:00
e390f328-56a3-4afc-9cc9-d33e9b1fce0a,6da0ba7a-7efe-47d8-bb98-631999ec0ed8,ecb74426-adfd-416f-90ce-ac1136940e59,702e83c8-bbc0-4a74-80d5-91db1f72785d,TRUE,2025-1-1 0:00
6ac26418-dd37-4033-a6e6-93ab124c2639,008ba9a0-3420-4c4f-b94b-e98ccfb92464,bd05a5ba-f1c0-4097-93c5-1a06a55ffc29,4302706b-c7fc-4b6a-b194-fb975c3238e7,TRUE,2025-1-1 0:00
13d244f8-4827-4175-910a-6af2464fca6b,d22f48ae-d7d8-4a74-ac06-5288a1002b49,ab4d9d97-e35f-4992-a8fd-69ed66a8d558,292450d3-3e76-4bbc-ada2-0041b96cf028,TRUE,2025-1-1 0:00
47f7b8d1-7cab-4371-86e3-1574a4e0a1a1,342e1393-9b22-4e47-902d-b1ffda543e2b,343841d6-b938-4b7d-8523-23d25aa1eeb5,8c1d63cc-3124-4fe9-9b77-352979659082,TRUE,2025-1-1 0:00
665f47c9-e813-4808-9582-d754384d7135,00b912c4-79de-48fc-b9ea-339afe2dc898,ecb74426-adfd-416f-90ce-ac1136940e59,702e83c8-bbc0-4a74-80d5-91db1f72785d,TRUE,2025-1-1 0:00
7b3765b6-ca04-4714-9680-59f6b1fe89d2,414fa8f9-2e34-476a-9214-30c75939ffd9,470809ae-c5f3-4ba1-9522-fd0972619f7f,0f1d8c04-97b9-4843-9872-3e78a0272e57,TRUE,2025-1-1 0:00
ba6c8eba-c5df-4edd-9ee8-40572f2017bd,9fefdd2b-67cf-4faf-8cf3-3595045d42b5,2a186b71-b6dd-44ce-affb-88b8d16eb578,a59bd40a-ab72-4416-80d4-c68a2a96084b,TRUE,2025-1-1 0:00
dcbebec0-0f06-4ed3-8cb9-d845284b81ca,625a2450-a4cc-4dd6-a70f-1700e69cebd9,470809ae-c5f3-4ba1-9522-fd0972619f7f,c82335ca-73c8-44fb-8e7c-4f7d4965d472,TRUE,2025-1-1 0:00
30bcb05c-09fd-4642-a9f2-e062a5919eaf,9842fd12-0947-4aca-b1db-27fd59293d46,138bec94-c996-4510-895c-6c0af0f6a6fc,266323bf-18db-4486-a7d4-a597c5d828ff,TRUE,2025-1-1 0:00
61e5c4c5-03ee-4c16-b234-e617291c6252,330fae5f-bfe7-4d56-8b99-be93053b076b,99a7aaba-40a8-48e3-b8f9-a0d489cfb213,d493879f-f5cc-4c9a-bfbd-78a96a34b900,TRUE,2025-1-1 0:00
09841434-f0df-4a80-90a4-7dc305902a5b,5a16267a-c6bc-48d0-b614-591fe851f2b5,253ea542-c762-42e9-8125-3c936fbe0802,,TRUE,2025-1-1 0:00
c99789de-4504-45b5-9f8b-b53aa2bb00f9,d4374ab7-d8cb-40c2-8b18-c303f7ac7180,d6a47d18-5c17-48fb-9992-be67d2da891b,7b6fdef2-6539-4266-84d2-100fb6a30fd2,TRUE,2025-1-1 0:00
33dfdff8-dc48-4073-8c6f-d94f73325a4e,78eab194-5c79-41ce-a88e-e2c78a25da83,93813225-2cbe-4d50-8943-423d4338776a,d187028c-e5cb-4314-ab66-fa7ca2002261,TRUE,2025-1-1 0:00
5d871137-03e7-40dd-bc42-a7c2b9b1f18f,ddf3c380-a91b-442d-a8dc-c864a9531881,99a7aaba-40a8-48e3-b8f9-a0d489cfb213,b2f2b004-2222-4b2b-bbbb-222222222224,TRUE,2025-1-1 0:00
b5d7bbb5-96a6-4593-bf85-b8c5e40c38b1,8a562cfa-8df8-4ede-b1b0-177474181def,d57f11d3-f03a-49bf-905e-131a223352cd,ca9c9a7f-95cb-45c5-8668-628ddcc6c673,TRUE,2025-1-1 0:00
e6ab411d-1b32-42f3-bb4d-45c1a273907d,3944e6f4-71a2-427f-9ee9-be9123b4c786,ecb74426-adfd-416f-90ce-ac1136940e59,702e83c8-bbc0-4a74-80d5-91db1f72785d,TRUE,2025-1-1 0:00
d4bf0261-8370-4229-a3d2-f71cffe31282,893f2e52-6cf6-47d5-b5fe-6b7010a3584c,4cae38a8-4a2b-4f9f-8e47-c51a8fdab4d6,bb2a9857-6b24-4d60-a41d-dbd92eeab1b8,TRUE,2025-1-1 0:00
d7a67990-01b2-4544-9114-8a682813f427,34e45798-1a82-46a3-83f9-fd150db9bcc6,138bec94-c996-4510-895c-6c0af0f6a6fc,266323bf-18db-4486-a7d4-a597c5d828ff,TRUE,2025-1-1 0:00
815a9564-6d8f-432e-803a-6aead7eea509,1d19375e-a663-4e80-9c08-e2ef1f81c4e1,1197ce03-96ae-4670-9ef3-28468625cf46,21f51f84-c1dd-4478-8fb0-1c10b08829a9,TRUE,2025-1-1 0:00
206f6410-6279-44ba-ad54-45aae8bf230b,694d4780-aba1-4cdd-97f9-b121ed7ddf5b,470809ae-c5f3-4ba1-9522-fd0972619f7f,0f1d8c04-97b9-4843-9872-3e78a0272e57,TRUE,2025-1-1 0:00
5eed4876-f682-4f8a-a92c-468cf8bb4a24,18754059-b1a2-4fe8-82e6-f03b0ab69e27,c8ae3e88-43c4-4405-a40d-3d807f8bebd9,43734bce-e815-4d62-a3a5-27133840000c,TRUE,2025-1-1 0:00
e572ffaa-db14-4380-b782-44ee580e9742,e865848c-9184-4d77-9bd7-d79c7f2ea048,a2af5b73-0d5f-4819-8bac-acbdaa32952f,a35c2963-6eb2-49ab-8d40-7ece7e1346eb,TRUE,2025-1-1 0:00
516f0fbe-5631-4744-8d17-8134a8815b08,39cc140a-77e5-4be0-b048-fa76b5e1855f,ecb74426-adfd-416f-90ce-ac1136940e59,5cf414a9-7d0b-4cbc-82e9-54a3dd0b9e26,TRUE,2025-1-1 0:00
1c58d781-c759-4f05-82c7-3382852266e0,1c4932cd-f7cb-470c-9e7a-08490ea8b5fc,bd05a5ba-f1c0-4097-93c5-1a06a55ffc29,4302706b-c7fc-4b6a-b194-fb975c3238e7,TRUE,2025-1-1 0:00
e51ef913-682f-4344-ac72-f62cdbd1a467,9fb067d6-2c0b-4f3d-bfda-12def1739c65,ecb74426-adfd-416f-90ce-ac1136940e59,5cf414a9-7d0b-4cbc-82e9-54a3dd0b9e26,TRUE,2025-1-1 0:00
c361a08b-85a3-4698-b2b6-ffe81f6aacb3,b7d417e3-d9a7-4353-b135-fb87ea2e6ba9,1197ce03-96ae-4670-9ef3-28468625cf46,21f51f84-c1dd-4478-8fb0-1c10b08829a9,TRUE,2025-1-1 0:00
572b1e6f-f2a5-45cd-a67a-53f837930a1c,4d20c862-1540-4355-9d20-1ebac8013e9b,138bec94-c996-4510-895c-6c0af0f6a6fc,5470f3a6-8f98-4587-a430-be88c6b9c0ac,TRUE,2025-1-1 0:00
15ccd764-78b5-4f3a-9341-d792fdea3f9e,a4abc633-5db8-434e-af7d-f0736c5c64b4,99a7aaba-40a8-48e3-b8f9-a0d489cfb213,d493879f-f5cc-4c9a-bfbd-78a96a34b900,TRUE,2025-1-1 0:00
55744393-aa7b-409c-8c8a-c50b7b0a90ea,c856bdc2-0ee2-4ead-9cf8-d21a9e1de6ab,10f25068-4e34-42ca-94b3-96f5288b82ea,e6557dc4-26ce-465e-9ae9-3cc02c70fbc1,TRUE,2025-1-1 0:00
2a36dca4-3e23-45bc-af6f-956e08b7be94,c1f34d4c-b778-404c-bb6e-f592a1010d35,4081baaa-071b-45f4-a25d-ac5121bfccc7,2c0cf7ad-c480-4428-84c9-37060a9a0a37,TRUE,2025-1-1 0:00
4ad53d49-9e34-43cf-b66f-c9d606e86474,94f3cf5e-21a0-4e8e-bb8d-fc53ec0e8b05,33871093-82ae-468b-becb-d5ad477a7b98,647f1864-163b-4b7e-9529-16d0576da166,TRUE,2025-1-1 0:00
23a8ad29-ef2e-49d8-9a1a-ee8076619b94,a1b5ecef-aa15-47c8-8bb3-b82f668853f3,a304b977-b01b-44b8-aebb-1186af42aba7,b31bcb6b-4206-4cb6-b959-6d06e13bf134,TRUE,2025-1-1 0:00
c09f254a-b2c9-41bc-a223-b7df756354f2,94dc5440-bcaa-4091-b89d-edeb843b81ba,8c167350-9457-47d2-a6ca-bc39597e7b99,301e9ff4-93ba-412b-a2f6-3fbf6ca72be1,TRUE,2025-1-1 0:00
169b00a5-73ce-4697-a9ff-ba160d9e4b9c,45ee5a61-50be-4fe5-9195-206454f97d63,15f7233e-d7ab-4258-a5e4-238d22d79bae,fbc6fd88-cc64-4e20-91ad-e6303e217def,TRUE,2025-1-1 0:00
17975332-4829-4c4b-a064-bd07bd87cac3,fb65cb62-e1a1-438c-8b02-358f665dc97b,4cae38a8-4a2b-4f9f-8e47-c51a8fdab4d6,5890126b-c352-4df7-8341-1ac685154844,TRUE,2025-1-1 0:00
2b74165c-ee5d-4375-a02f-6513541e4ee7,83b62c7c-0856-4a09-91fa-bb84d254aef6,ecb74426-adfd-416f-90ce-ac1136940e59,8efb3f1b-df47-4567-ae54-340777480d16,TRUE,2025-1-1 0:00
46ef50f7-0a71-4bcc-8cd9-8db3b1236a9d,5bf287bf-8e22-4973-81fd-087eba58d107,15f7233e-d7ab-4258-a5e4-238d22d79bae,4e6b38d4-4bad-4513-8511-e5873f36583b,TRUE,2025-1-1 0:00
7e70c7b7-07d2-4184-a401-9d47b6fc3ccf,0634f940-c410-4e7e-b782-33b36cd85016,197fcbc8-7a73-40b5-802f-fa829cd49329,,TRUE,2025-1-1 0:00
e206b452-d140-494c-b8f4-459c315c9874,b09c44a2-eff0-4e76-b866-23cd2d603b28,33871093-82ae-468b-becb-d5ad477a7b98,647f1864-163b-4b7e-9529-16d0576da166,TRUE,2025-1-1 0:00
a3ec0200-0916-4e05-8d31-2c7fe9d71bdb,e3219215-b16e-40bf-8d28-da6f983ddbee,10f25068-4e34-42ca-94b3-96f5288b82ea,50ed2bb6-97ae-4928-9dac-09d7490795cf,TRUE,2025-1-1 0:00
0a4276c0-8096-4ea1-93b5-11b6c26a6afc,99bcfc5c-fc74-43ef-a781-d4b7b80621f9,d9ded107-db56-4362-9660-f034f2aad13e,,TRUE,2025-1-1 0:00
ad2cc499-ad04-4331-a18a-2f0d774c5285,696b600b-1a53-4d5c-8b40-c414f6f63822,6811ccae-9458-4fdf-95e6-6495ab506c4a,97ce340d-f1b7-42c4-86b2-3d30865edfcc,TRUE,2025-1-1 0:00
94781c3a-1ac0-4c53-a6f8-55d1dfba4aa2,8cacf5c0-7d8c-4939-a921-8ae84b7c9fc0,cf0fb074-ae87-4149-b7ac-b9093592516d,,TRUE,2025-1-1 0:00
d0355a1b-b9c8-4f28-bed8-160de404a641,0b8a832b-c846-438d-8c85-ecdd14b47e70,470809ae-c5f3-4ba1-9522-fd0972619f7f,d1d4d95c-2df5-4126-8033-d0a652c4d8b3,TRUE,2025-1-1 0:00
eced38fc-6a56-48d5-9351-8d03f5832980,8cc7a8ba-a597-4267-93a8-196fb0748a7b,138bec94-c996-4510-895c-6c0af0f6a6fc,d1d4d95c-2df5-4126-8033-d0a652c4d8b3,TRUE,2025-1-1 0:00
8c587262-f15b-4d3b-8959-63d8f85646a3,1f695f57-2a49-4cfb-9613-1d75681279b0,7a35c70a-5d17-4ebc-903c-128c5c215c7a,,TRUE,2025-1-1 0:00
bbfa8d29-f43c-4884-9813-8df77ecdb0ea,79850dd5-7469-4271-992c-007ecc84f780,d9ded107-db56-4362-9660-f034f2aad13e,c141841d-c152-4775-aff0-1fd7a82ec852,TRUE,2025-1-1 0:00
c3581d23-7e1f-4b5f-b26f-ec23daf43047,484b23d2-ebc1-4024-b15e-74f3b40aa0b5,10f25068-4e34-42ca-94b3-96f5288b82ea,2d521cc1-4bc3-4df8-89ba-f75bebaf897b,TRUE,2025-1-1 0:00
aee9aa3e-6f0e-4108-a891-9947d2e0a619,432cc984-b6b7-444e-bb01-ceaa6b127dc3,8dcc57a0-79ac-45dd-9db0-efb3d1fd5299,e8840113-28f3-4d0b-8d73-9f513c624c2a,TRUE,2025-1-1 0:00
d9d03500-58ad-4d40-8e99-aecb248c3e65,adab9208-83b4-47b4-9add-d80e5fd238df,89ac15fd-fcc1-4185-aef5-7f10ee7dc668,4f54a419-e907-4b68-944f-f3f809c5244b,TRUE,2025-1-1 0:00
56fb5153-b8a4-4e7e-949d-2468c3cf4fa6,8cec93d5-2b49-4943-b804-edef46fd206a,ecb74426-adfd-416f-90ce-ac1136940e59,b1f1a003-1111-4a1b-aaaa-111111111113,TRUE,2025-1-1 0:00
336a23e9-b1be-447d-bad1-60ead8c03e2c,fcd94702-e2d2-4b7d-b303-16a6e17dbe5c,33871093-82ae-468b-becb-d5ad477a7b98,647f1864-163b-4b7e-9529-16d0576da166,TRUE,2025-1-1 0:00
4ff30151-1fce-4998-a294-b30a9924fdce,c56a2d53-aae5-4fdd-b0e4-590658870784,4081baaa-071b-45f4-a25d-ac5121bfccc7,2c0cf7ad-c480-4428-84c9-37060a9a0a37,TRUE,2025-1-1 0:00
7dcc4544-f06b-41c4-b86a-88ccb767c432,2d37c50d-03c4-4bdf-a509-902324703f8f,343841d6-b938-4b7d-8523-23d25aa1eeb5,8c1d63cc-3124-4fe9-9b77-352979659082,TRUE,2025-1-1 0:00
f7256518-087c-4a1d-bc3a-fea638417dab,55a40515-546a-40d5-8a18-036e2fbe6d71,4cae38a8-4a2b-4f9f-8e47-c51a8fdab4d6,5890126b-c352-4df7-8341-1ac685154844,TRUE,2025-1-1 0:00
5fa5d2b1-bce1-4ecc-aaf7-3b76dc2703d1,46822ec5-1afb-4114-9ee0-0a879a9665f3,5f917eec-d4dc-40cb-94dd-b3272db3f858,2489267c-9b73-4948-a360-81d6ae8f9a8e,TRUE,2025-1-1 0:00
056b66cd-62b2-4579-8809-6051d1c25009,d3764418-be6a-48a9-94f8-58c2599902aa,ecb74426-adfd-416f-90ce-ac1136940e59,b1f1a003-1111-4a1b-aaaa-111111111113,TRUE,2025-1-1 0:00
ec5a6755-9e1a-40c7-a472-019a55fe7e76,35d74cb5-6f4d-47a1-b7cb-e64871ca6483,d859a9f6-ce5f-4e3f-8c72-f7e2030f93ce,b804f2f5-20a0-4930-a261-6a4967c1c256,TRUE,2025-1-1 0:00
33ea2a00-f52e-44c4-9711-5a6225f075e4,1671c4ed-f7ec-4e4b-acf0-4e1dcf4e596c,1197ce03-96ae-4670-9ef3-28468625cf46,21f51f84-c1dd-4478-8fb0-1c10b08829a9,TRUE,2025-1-1 0:00
e8081f3a-47fd-4174-a1cd-9f2619872dee,3ab9243a-b512-4d3a-9dca-f953a1e2064f,ab4d9d97-e35f-4992-a8fd-69ed66a8d558,292450d3-3e76-4bbc-ada2-0041b96cf028,TRUE,2025-1-1 0:00
31837f56-7984-4774-88ce-ac032a982bb6,2fa4c9cd-0570-4ba7-bd12-c313c3f0d8b3,343841d6-b938-4b7d-8523-23d25aa1eeb5,8c1d63cc-3124-4fe9-9b77-352979659082,TRUE,2025-1-1 0:00
5bac833a-b377-46fe-8c64-ebc103411eed,04542e80-079f-463b-9835-97dbb107a7b4,6811ccae-9458-4fdf-95e6-6495ab506c4a,97ce340d-f1b7-42c4-86b2-3d30865edfcc,TRUE,2025-1-1 0:00
ac5476fd-11fd-4b53-a15d-fb02f237796e,827b9974-d6b6-4096-80b7-e898017716d4,197fcbc8-7a73-40b5-802f-fa829cd49329,,TRUE,2025-1-1 0:00
9fe125fe-3ecc-4e94-b082-a9c12c91448c,98af5eba-81d0-4930-b244-78116bc9d58f,10f25068-4e34-42ca-94b3-96f5288b82ea,2d521cc1-4bc3-4df8-89ba-f75bebaf897b,TRUE,2025-1-1 0:00
b4522d33-8a08-4e45-866f-fd77633c86f0,deb62d1a-f254-4b4d-9593-73d5b3832db7,7a35c70a-5d17-4ebc-903c-128c5c215c7a,,TRUE,2025-1-1 0:00
54009876-dde6-408c-848e-221068de72ce,7428c776-358e-4787-9829-b8cc9e4b7126,5f5560cf-c169-4781-8204-fb75ac3408c8,c4e888dd-a15d-461c-83d1-9d2f7a4a3c4b,TRUE,2025-1-1 0:00
8bce62b9-a352-461b-908d-d635e2bfc46c,c7ceb344-9595-4ea2-b038-7a71e114ad1a,4cae38a8-4a2b-4f9f-8e47-c51a8fdab4d6,5890126b-c352-4df7-8341-1ac685154844,TRUE,2025-1-1 0:00
5f21fe8d-e9fb-4b2a-8650-949f0ac6f21d,6b7f4ad0-a9e2-4f37-aec3-facc2ef1145f,1197ce03-96ae-4670-9ef3-28468625cf46,21f51f84-c1dd-4478-8fb0-1c10b08829a9,TRUE,2025-1-1 0:00
3a0e330a-0424-444d-9b52-74b39271a248,3a5877c3-557e-4d75-a756-174a9a66b8e2,5f917eec-d4dc-40cb-94dd-b3272db3f858,2489267c-9b73-4948-a360-81d6ae8f9a8e,TRUE,2025-1-1 0:00
46928167-31e9-4686-aff7-39154578150e,75189098-ba4c-413b-ae22-5e0a3332c6ac,343841d6-b938-4b7d-8523-23d25aa1eeb5,39478e69-751f-45a6-88b2-fd08bf1e80a2,TRUE,2025-1-1 0:00
7ccb31b0-98e2-46fc-bb0f-b6ecbf7c2da7,787e1c6a-fb32-4095-a173-bfda4d878a96,470809ae-c5f3-4ba1-9522-fd0972619f7f,c82335ca-73c8-44fb-8e7c-4f7d4965d472,TRUE,2025-1-1 0:00
e9481743-7636-4698-93bf-2bf83870ba5c,b5551c45-e898-47e0-83b3-83f96a758429,6811ccae-9458-4fdf-95e6-6495ab506c4a,e31c0388-d2af-4759-8dd5-4103a15ab672,TRUE,2025-1-1 0:00
0f8280cf-4d71-40be-b5ed-a6fd8211041e,ff84be6f-0771-4f78-9b71-bdbf63105d11,197fcbc8-7a73-40b5-802f-fa829cd49329,,TRUE,2025-1-1 0:00
5c0d664e-de4f-4a5f-94b9-9b973df261fb,310d9593-7c6e-49e9-ac6e-9f4824ada61c,c8ae3e88-43c4-4405-a40d-3d807f8bebd9,43734bce-e815-4d62-a3a5-27133840000c,TRUE,2025-1-1 0:00
589ab664-a3d1-4dd6-861a-ded3dce78e32,95de03be-5dbc-43de-a311-9ed42af8a4c6,15f7233e-d7ab-4258-a5e4-238d22d79bae,fbc6fd88-cc64-4e20-91ad-e6303e217def,TRUE,2025-1-1 0:00
290ee48c-e65b-444c-a475-ab4d5e9d387c,15a3cb19-8311-4fa8-84c5-e2207e6d33c9,c8ae3e88-43c4-4405-a40d-3d807f8bebd9,43734bce-e815-4d62-a3a5-27133840000c,TRUE,2025-1-1 0:00
39738be6-5b80-4ef7-b002-68f2ef8087fa,4a3b6bf8-d8b4-49fe-a60f-0ae23e36a8ec,33871093-82ae-468b-becb-d5ad477a7b98,647f1864-163b-4b7e-9529-16d0576da166,TRUE,2025-1-1 0:00
a9a58a3d-3dda-42f1-8aa9-809811d4a013,35d5a1e7-d23f-4f41-ac28-539eab08edd5,253ea542-c762-42e9-8125-3c936fbe0802,,TRUE,2025-1-1 0:00
28676c3c-fca5-44ac-99d1-3bf41ac19812,3023d59a-e807-4d3a-a1fc-9d9874fb3215,470809ae-c5f3-4ba1-9522-fd0972619f7f,0f1d8c04-97b9-4843-9872-3e78a0272e57,TRUE,2025-1-1 0:00
ae74a48c-eec7-4490-94f6-21fd92660b69,b0f7ad2a-2c61-42eb-bf72-baf645bff511,6811ccae-9458-4fdf-95e6-6495ab506c4a,,TRUE,2025-1-1 0:00
028de284-1ffa-4889-9541-b1d7e1280a03,3221ccbc-1849-42a9-b8fe-8d3313babe97,6811ccae-9458-4fdf-95e6-6495ab506c4a,e31c0388-d2af-4759-8dd5-4103a15ab672,TRUE,2025-1-1 0:00
f237adae-ad2d-426a-a740-99fb323645aa,040a1432-17bb-42fa-9ecb-673282b15c4c,bd05a5ba-f1c0-4097-93c5-1a06a55ffc29,0812440c-eaa1-4bf9-bd6a-f4c3485283da,TRUE,2025-1-1 0:00
d2f6c020-9923-4a2f-9b02-ca16724d539f,771d2a5d-5151-4c3f-befd-76e56857984f,e82189ec-b2b2-490a-9a4a-d3b91b936649,,TRUE,2025-1-1 0:00
aaf4c308-df28-44df-b5fd-837c7bee1be5,a2c17f36-adb3-4f26-9e9f-f6a2627bb6dd,138bec94-c996-4510-895c-6c0af0f6a6fc,aa2ac8a6-12e0-4e15-8fc6-3ce47a710a51,TRUE,2025-1-1 0:00
ad7117d7-2651-4f34-bb25-72317bf98fbe,503883eb-5c43-428a-9348-9eed53859846,6811ccae-9458-4fdf-95e6-6495ab506c4a,3a7df198-567b-47b8-84ef-42c9cd57ec70,TRUE,2025-1-1 0:00
0e569b59-f230-4e02-9f08-2aefe568fb81,f1edcc42-3ff1-48dc-b6a6-99c1616c2997,15f7233e-d7ab-4258-a5e4-238d22d79bae,342b7a4c-8298-44af-8b33-719a94edf0b2,TRUE,2025-1-1 0:00
03e87c5f-62d2-4cf1-ba7e-e0016f4c958e,e4bae633-39ff-4cd8-b8ea-26077a2db752,54babe4f-96f7-4e64-a219-73d52337d179,85148e4b-2e24-4675-8180-d8614d826d13,TRUE,2025-1-1 0:00
c5764d39-6917-4133-afe9-e73863455852,9a7b315e-beb7-4795-9e56-a1b7f19db1c7,15f7233e-d7ab-4258-a5e4-238d22d79bae,fbc6fd88-cc64-4e20-91ad-e6303e217def,TRUE,2025-1-1 0:00
182dfb72-02b3-443e-ae1c-80c7693731b7,8d8d949c-a701-42ac-8573-3617f14e0852,4cae38a8-4a2b-4f9f-8e47-c51a8fdab4d6,5890126b-c352-4df7-8341-1ac685154844,TRUE,2025-1-1 0:00
9a74b19f-9a7c-4f14-b733-70a592bafd69,a513b4c8-e901-465f-9198-97d52faa34e5,15f7233e-d7ab-4258-a5e4-238d22d79bae,4e6b38d4-4bad-4513-8511-e5873f36583b,TRUE,2025-1-1 0:00
362f86ce-871c-4e9b-8d98-d3193d5a3807,92dcb815-2d93-4dd3-a85e-46501758305f,54babe4f-96f7-4e64-a219-73d52337d179,85148e4b-2e24-4675-8180-d8614d826d13,TRUE,2025-1-1 0:00
708f1f16-5d98-4c17-956d-82229a0704b2,bb08b236-af2d-4612-a11e-a8a64a36c39e,138bec94-c996-4510-895c-6c0af0f6a6fc,aa2ac8a6-12e0-4e15-8fc6-3ce47a710a51,TRUE,2025-1-1 0:00
02e3a437-7ebc-410e-bbc5-693b6bf49cf2,a8a20ea4-3f80-4e4e-b66a-184d6e257a88,f6cdcfcf-7335-4d75-b671-9eec522e46f7,7c1373c4-932c-45b3-893d-f4bb001426b7,TRUE,2025-1-1 0:00
98c90672-001d-475c-8761-5f73b137ebbf,4e2b2530-6b03-4032-b411-6ba5a15b600d,138bec94-c996-4510-895c-6c0af0f6a6fc,d1d4d95c-2df5-4126-8033-d0a652c4d8b3,TRUE,2025-1-1 0:00
b5a47ec7-d626-4354-90c0-773111ceaf00,d30ae99d-70b7-4006-a5f5-d02dbf98f3a9,5f917eec-d4dc-40cb-94dd-b3272db3f858,63626deb-8fc4-4aec-b953-9613fc3e83f6,TRUE,2025-1-1 0:00
0cfdc598-951b-4f54-934d-ce1013570bc0,44e8467f-5d2f-472c-9b4f-fdad2091d184,d6a47d18-5c17-48fb-9992-be67d2da891b,7b6fdef2-6539-4266-84d2-100fb6a30fd2,TRUE,2025-1-1 0:00
6dba369a-a9eb-4ddf-9208-37906ca1d509,bcc2bbf0-b9fe-41bd-a542-ca9f054f1565,253ea542-c762-42e9-8125-3c936fbe0802,,TRUE,2025-1-1 0:00
d1f9bac4-0478-4cc8-b4b5-332f8e095a1a,64cf482c-03ba-453f-bf15-cd93d190caa3,e82189ec-b2b2-490a-9a4a-d3b91b936649,97243cdd-4d9d-4baa-b817-b7d9c88a29f5,TRUE,2025-1-1 0:00
105e2eed-7ec6-43a5-b128-bd77ea4bd373,02cc76b8-6ded-4adf-b7e0-1accb3d5745c,343841d6-b938-4b7d-8523-23d25aa1eeb5,8c1d63cc-3124-4fe9-9b77-352979659082,TRUE,2025-1-1 0:00
a874718c-3bf8-4926-8edd-6454e8fae422,b6e03c18-20c0-4df0-b2b3-b3b79b13138f,c8ae3e88-43c4-4405-a40d-3d807f8bebd9,43734bce-e815-4d62-a3a5-27133840000c,TRUE,2025-1-1 0:00
3c073d85-cc33-4f66-9c29-6952cc278d31,7ad3286a-da8f-4733-af3e-a1de1114b4fc,bd05a5ba-f1c0-4097-93c5-1a06a55ffc29,4302706b-c7fc-4b6a-b194-fb975c3238e7,TRUE,2025-1-1 0:00
abd9676d-2319-4b27-a668-a50023c95297,7f0f595b-7de0-4760-920f-599597a8e46b,6811ccae-9458-4fdf-95e6-6495ab506c4a,d8fafba5-d5ff-433e-9242-8223b0933812,TRUE,2025-1-1 0:00
88e32385-5cd5-4d8b-bf20-2ee7bac87bdb,0335f94e-e7d7-4286-9e96-868b4c23f5a4,10f25068-4e34-42ca-94b3-96f5288b82ea,3e83f541-7341-4018-ab30-8c42069de70d,TRUE,2025-1-1 0:00
812880ec-5633-4547-bf1d-a203955fb208,6773423b-3f97-4397-a456-32429a487a05,fac266f6-62c9-4401-9cba-379d85f33a1d,,TRUE,2025-1-1 0:00
a23a8e4b-de3e-4e76-b077-763940977dfd,1e7705f4-553c-4840-8c6e-df4eec68c672,33871093-82ae-468b-becb-d5ad477a7b98,647f1864-163b-4b7e-9529-16d0576da166,TRUE,2025-1-1 0:00
33c36bfa-b0ff-458e-98df-1a6923f5bb2e,07ed38e4-1c11-482e-b87f-450eac2220ef,15f7233e-d7ab-4258-a5e4-238d22d79bae,,TRUE,2025-1-1 0:00
90208d7b-853a-4007-9e9f-338991e85b52,2b10c003-c411-4e06-a6c1-79db4f64e32f,10f25068-4e34-42ca-94b3-96f5288b82ea,fd2f8365-a2f8-418a-b4cc-dc2a368c7b1c,TRUE,2025-1-1 0:00
a28fe6e8-7646-439c-bb1f-374e0b4c2e39,4a852805-31ce-496e-a56e-b92f906073ce,d57f11d3-f03a-49bf-905e-131a223352cd,49720e2e-bd94-4072-8816-4b2dc97902ed,TRUE,2025-1-1 0:00
820c1a22-bbf9-43c5-8bd2-9695f9b94911,7dea93be-a751-4e47-907e-7ad1dd3a2b6e,a3ae9791-1572-4564-a7b7-b17e5824951c,55bd2d50-ae98-42be-852d-d2eccaff0b46,TRUE,2025-1-1 0:00
b2a34aeb-b010-49dd-814f-62853ad98789,8d90ae53-65ea-47cc-a2f4-9fa050a655c2,ecb74426-adfd-416f-90ce-ac1136940e59,702e83c8-bbc0-4a74-80d5-91db1f72785d,TRUE,2025-1-1 0:00
96e7a385-5887-436f-ad1f-dbccf6410844,9662b822-a1e1-4e3d-8620-b4fbf57e6a8d,c138a247-2179-4e36-aba3-da03ba148f52,ffc78bf0-02d9-4aae-8c6c-a3a140daee7a,TRUE,2025-1-1 0:00
265349ca-5e73-48a1-9344-dfa5e082d37d,315a65db-7960-4b2b-a4a0-b25b8dc037e6,10bbf5a6-0d2a-4f76-9579-c153cfc4542f,41a7b674-be1f-4204-80c5-974f9ba24d39,TRUE,2025-1-1 0:00
6abbbca5-62c8-4866-9f98-3b0fec872ea5,cd2a82b0-bfc9-4fc7-8e5c-950a095bb9fc,cf0fb074-ae87-4149-b7ac-b9093592516d,,TRUE,2025-1-1 0:00
1e6b4acf-7448-47c4-a17a-8bec224eef09,bccbf5c6-0926-45ff-b070-7cc5e65e73e7,1197ce03-96ae-4670-9ef3-28468625cf46,21f51f84-c1dd-4478-8fb0-1c10b08829a9,TRUE,2025-1-1 0:00
308b17f9-89cf-4491-baf1-5ce7ceac62a4,c7778f21-59da-4ea2-839a-77caf091aae2,d57f11d3-f03a-49bf-905e-131a223352cd,ca9c9a7f-95cb-45c5-8668-628ddcc6c673,TRUE,2025-1-1 0:00
80a65f09-2a13-44d3-a914-6f5202b00f66,478399b2-0287-483c-b17e-e8a9f2f70a29,7a9cbfd8-d8a1-4773-8fad-dc210e493a3c,df86960e-a82f-45bd-a26a-195ae461d7f6,TRUE,2025-1-1 0:00
802e2188-cb8d-4726-9d9e-0d40251a7d15,d1fbdbec-34d6-42d8-b51a-3c1a2ffd584e,e5fcf8a7-cb34-4278-8082-a63b9d1856a9,183b53c1-251e-4d71-84ff-9744261a917e,TRUE,2025-1-1 0:00
7bd5a8bf-e82c-450f-9ef7-47a2bb948f5b,fd2629ea-c741-4b33-a69b-aef07e670903,75e74f36-5be1-4048-b0a2-3460dd418f90,82db1549-abc1-46c2-8820-caacf7be1270,TRUE,2025-1-1 0:00
eef4b899-d6ac-464d-a155-9b2c9ba1ba9d,e266460e-a2c7-41ea-be2f-0b6aace2ec69,253ea542-c762-42e9-8125-3c936fbe0802,,TRUE,2025-1-1 0:00
054e0ab0-3111-468b-b28d-910fb0560329,11ad18b9-143b-49c4-9624-2fdbf76d1c40,11ef84e7-52a3-483f-a88b-0f17699fc175,e629c3ae-763d-4dc1-847f-a686794d821b,TRUE,2025-1-1 0:00
6b9b5a34-a1fc-4f72-b6c5-2e5f6532b264,71f6195f-ac09-4c0c-a5bd-c7be755a1f2f,253ea542-c762-42e9-8125-3c936fbe0802,ce80c6f7-5e37-4e16-8663-ae629d7efe96,TRUE,2026-04-08 19:12:39
f522aceb-15a3-4533-bacf-eae85e817800,fde2dcc0-7582-4561-9456-5ae9dbfb0c0d,9f28e84e-d7e5-4d86-a762-882156d6555d,c7ded01b-6237-4354-91b5-880fe2ad8b76,TRUE,2026-04-08 19:12:39
2baa782f-7741-4414-b388-c4d4ca46e7c7,015b3f47-0e58-47f1-88eb-a903f65d2101,ef981386-a070-4da0-b638-b72f7ca3ea47,5c435ef0-bddd-4020-8e1d-7667b48e1a21,TRUE,2026-04-08 19:12:39
0a6d8e2d-a9de-42b1-8ec2-0c1e97d8c047,f78833ae-2a43-49ba-bc0c-92fdd07c7ea7,197fcbc8-7a73-40b5-802f-fa829cd49329,ba4abcf4-736f-4506-ae63-aad198da3468,TRUE,2026-04-08 19:12:39
558fbd67-8452-4410-9f86-5f4e3821a9ff,3bb8eca8-3b09-44f2-ab24-de7feff114cc,f6cdcfcf-7335-4d75-b671-9eec522e46f7,d7ecb162-bda4-41d6-a676-19978d199d50,TRUE,2026-04-08 19:12:39
d125fb02-29cf-4a53-9a53-47c760fee335,f038391c-0c0a-4123-b8e7-ff207b9741c6,d9ded107-db56-4362-9660-f034f2aad13e,1168b0af-db1d-4375-b359-3c752957f6b6,TRUE,2026-04-08 19:12:39
72de63c4-e584-4662-a6de-27c5fa59109f,bebe2af1-cd00-48b4-9918-d6e3f05ef6df,d27bb515-4906-49b3-91a6-dc5c87863105,dfd3bf0e-9d42-4422-b733-2c45a3da1ce6,TRUE,2026-04-08 19:12:39
bc17c73b-ea60-4ff8-b104-9652c4a86e72,d2111d1b-5b38-4541-8d3f-c567dce471e0,f6cdcfcf-7335-4d75-b671-9eec522e46f7,d7ecb162-bda4-41d6-a676-19978d199d50,TRUE,2026-04-08 19:12:39
7303f587-1812-4f7d-96c5-4a39a68153dc,275cd8e3-5aab-49f4-823e-3e15a719c6f4,11ef84e7-52a3-483f-a88b-0f17699fc175,e492557e-5de4-45db-9eca-234f3aec8366,TRUE,2026-04-08 19:12:39
f41209ef-836b-43dc-8e87-43bdb3eb629f,d873f4e4-bb7d-4ee3-8f54-1a002615d867,d9ded107-db56-4362-9660-f034f2aad13e,d0c1706c-c6ea-4622-a8a7-d4d67abf6ad2,TRUE,2026-04-08 19:12:39
86a45881-bddf-4a89-bcb7-96972d112301,82f990e6-2bf0-455f-ab91-bad7e7a8f854,a0632d65-9e2a-4ce8-b09c-ce19f936c28b,724c0e5f-cc65-4d0f-8f4d-e8ebaed6b97a,TRUE,2026-04-08 19:12:39
683b76d0-3c9c-4b4b-bd5a-7a518e6142ec,373894c9-839f-448d-ab10-5e1efeb4157b,d9ded107-db56-4362-9660-f034f2aad13e,c6be9132-e88b-44e4-99a2-4391b376a6b1,TRUE,2026-04-08 19:12:39
e65fc3bc-2673-42c6-a083-80258edf7bd8,48318eba-0a7c-491b-878e-2b28748d0429,a0632d65-9e2a-4ce8-b09c-ce19f936c28b,104cbf39-e368-4812-b68c-395f5dec6f77,TRUE,2026-04-08 19:12:39
f9fd4533-a8b5-4cbe-9f83-9f201716ca3b,350b97e7-d10c-4b4a-b0f4-c4b28c62d9f2,d9ded107-db56-4362-9660-f034f2aad13e,9b4c8ce8-3435-4045-a6f8-6c4f2c43fd4b,TRUE,2026-04-08 19:12:39
f9e6f747-3c78-4be9-ba66-8cbd554565f1,e820a79b-dbe8-4359-a5b6-54b8beb38772,35795dfe-e16a-408d-9677-5f13c3d4ff83,d7ecb162-bda4-41d6-a676-19978d199d50,TRUE,2026-04-08 19:12:39
5cfe6cf6-f24d-480f-aa4a-8ed53b197252,26076fab-59a0-48cb-8cf4-17ed641a2a60,d9ded107-db56-4362-9660-f034f2aad13e,fbfdf79e-7c18-45ae-bc26-44f20ca896a9,TRUE,2026-04-08 19:12:39
6c9177d5-8461-4e7e-aa6a-158a9591ce0a,94ce4100-e6b9-40e6-a0e5-ac58962f95f4,35795dfe-e16a-408d-9677-5f13c3d4ff83,f76a21df-8c0e-4719-b8ac-f249935c2eac,TRUE,2026-04-08 19:12:39
21bdcf1e-d174-4655-a6e7-246e6ff3bf42,a91633e8-b0df-4f96-99a1-232552314e9a,253ea542-c762-42e9-8125-3c936fbe0802,4de728c8-27e4-4492-9fa1-a10c000eb95c,TRUE,2026-04-08 19:12:39
9b656432-83b0-45c6-9544-5dade0a60ef3,4093a4de-6509-4dd9-af6c-d88f17c95254,6811ccae-9458-4fdf-95e6-6495ab506c4a,d7ecb162-bda4-41d6-a676-19978d199d50,TRUE,2026-04-08 19:12:39
af759101-d8fb-4eec-8bfc-7a82f68ad1ee,7a69cdba-6e83-426b-bae8-7f387c4d89b3,d9ded107-db56-4362-9660-f034f2aad13e,2f506316-9df9-4aa3-b26b-ef99bfa4c8c2,TRUE,2026-04-08 19:12:39
1111398f-316a-474a-9627-48de2d7f7a69,74ebe46b-235e-401f-9692-f43a7c0592c7,11ef84e7-52a3-483f-a88b-0f17699fc175,408570ee-c83c-43c6-8cda-d068c10470c4,TRUE,2026-04-08 19:12:39
9725802a-e368-413f-adf5-bd49a0aa3acb,0fd52b16-97e7-475f-90ae-f571e405c12a,11ef84e7-52a3-483f-a88b-0f17699fc175,e629c3ae-763d-4dc1-847f-a686794d821b,TRUE,2026-04-08 19:12:39
1516c5d8-3810-46e8-b336-bc05cdb3b1f7,53de2c7c-5ad9-4829-8265-be4a76c0451e,35795dfe-e16a-408d-9677-5f13c3d4ff83,d7ecb162-bda4-41d6-a676-19978d199d50,TRUE,2026-04-08 19:12:39
63836881-9a0c-49f2-a2eb-80236ad4af62,45e8b53f-3f13-4a2b-810b-50f9a08593c7,a0632d65-9e2a-4ce8-b09c-ce19f936c28b,724c0e5f-cc65-4d0f-8f4d-e8ebaed6b97a,TRUE,2026-04-08 19:12:39
6750e088-9638-4f2e-ae06-df0a37b9bf97,e945d803-56bd-4d4b-b21b-0587db1912f1,11ef84e7-52a3-483f-a88b-0f17699fc175,61248ca7-f1ba-466e-9812-6ba34a7413f8,TRUE,2026-04-08 19:12:39
e153cc3b-86ad-48b3-815f-740a3bc45eb2,05a39773-1b84-487b-88fa-cd3127904579,d9ded107-db56-4362-9660-f034f2aad13e,d7ecb162-bda4-41d6-a676-19978d199d50,TRUE,2026-04-08 19:12:39
296c223a-578e-4fa1-9948-8b306cab8d7c,dde3cc73-fd18-4c7e-bbf8-479304bc1354,15f7233e-d7ab-4258-a5e4-238d22d79bae,fbc6fd88-cc64-4e20-91ad-e6303e217def,TRUE,2026-04-08 19:12:39
29263ff3-043e-499f-8d96-5e824e5731fc,fa6a1a27-422a-4da4-a922-a0da7ca6983a,11ef84e7-52a3-483f-a88b-0f17699fc175,e629c3ae-763d-4dc1-847f-a686794d821b,TRUE,2026-04-08 19:12:39
ef56e9ba-9669-488f-aec2-321c6de1513b,cef52ad3-6966-49d8-9c8a-b4bd8589eca5,d9ded107-db56-4362-9660-f034f2aad13e,9b4c8ce8-3435-4045-a6f8-6c4f2c43fd4b,TRUE,2026-04-08 19:12:39
0b39f8de-3b1d-41df-a29b-f48434c701a4,7e7b5238-3eb4-442b-8ddc-307ff7f19e1e,d9ded107-db56-4362-9660-f034f2aad13e,1168b0af-db1d-4375-b359-3c752957f6b6,TRUE,2026-04-08 19:12:39
424f7263-d873-4a3c-9d0c-6ccdcc770371,e5e31845-6b2c-4060-94bd-3670c3154f2a,15f7233e-d7ab-4258-a5e4-238d22d79bae,fbc6fd88-cc64-4e20-91ad-e6303e217def,TRUE,2026-04-08 19:12:39
e7fdfa7c-45c7-4243-8ff2-ded1c9ccd936,1c95bd9a-349e-41e9-b32d-08bf63beb1b0,d9ded107-db56-4362-9660-f034f2aad13e,fbfdf79e-7c18-45ae-bc26-44f20ca896a9,TRUE,2026-04-08 19:12:39
bf49c064-1afd-4adb-88e5-db05eb8096d7,c0aef157-a058-48df-9ba7-6d70f368d351,d9ded107-db56-4362-9660-f034f2aad13e,d7ecb162-bda4-41d6-a676-19978d199d50,TRUE,2026-04-08 19:12:39
d90ee70b-472d-4739-9305-11dfba4abd39,63feb1b5-d575-4adb-adef-bdd31f2e418b,d9ded107-db56-4362-9660-f034f2aad13e,1168b0af-db1d-4375-b359-3c752957f6b6,TRUE,2026-04-08 19:12:39
777bfc6a-dcfd-4cfa-8416-f9381f9036ad,1f06acd8-b20f-435d-97c2-990f72393150,d9ded107-db56-4362-9660-f034f2aad13e,3cd4d8fc-f767-449a-aec7-19a39f7c5cc6,TRUE,2026-04-08 19:12:39
604123b3-ca1e-4d5c-9338-cd90b1616309,2e78155d-8dcf-4650-8c3d-e2724f3fea6c,e2ad0972-ab1a-43a9-89d0-d07a5ac4c90c,469eac5b-3dfd-4060-be4e-6f503bd9a4ff,TRUE,2026-04-08 19:12:39
67048275-46f7-4b67-811b-d345645c3948,25650b79-c040-49fd-98b2-391b8442fc8e,89ac15fd-fcc1-4185-aef5-7f10ee7dc668,507b1fb0-4f59-4a1f-b0e0-740230cc9e71,TRUE,2026-04-08 19:12:39
d48674c7-e6ce-4d85-b3b6-3f76a3742a6b,6024fecb-aed9-451e-8407-67d11770c8e4,d9ded107-db56-4362-9660-f034f2aad13e,c141841d-c152-4775-aff0-1fd7a82ec852,TRUE,2026-04-08 19:12:39
9ccb1a9f-6982-46f8-bdc4-4018d6b29a50,fd0f9b80-fcba-40db-a7be-c85ad0bdd8a0,197fcbc8-7a73-40b5-802f-fa829cd49329,5c435ef0-bddd-4020-8e1d-7667b48e1a21,TRUE,2026-04-08 19:12:39
d79d11b2-8ffe-4709-a7d5-c0798e96580a,2e941ab3-dc46-4236-a598-6c64fffbabd8,51f1d7ae-df00-4939-92c0-b514896d2224,400711b3-ef2e-4866-8fa6-242f92abee63,TRUE,2026-04-08 19:12:39
573a4e9a-12e9-4d20-9f63-4a2bf380b02e,baf1810c-dbc5-4bbe-a171-3d4b24b9fbd5,e2ad0972-ab1a-43a9-89d0-d07a5ac4c90c,d7ecb162-bda4-41d6-a676-19978d199d50,TRUE,2026-04-08 19:12:39
a81658a6-ab0b-4e40-bc26-0b6a27dc4f7d,c1b954bf-053b-4089-be77-5cda5d5c8997,21d0efa4-b0bd-4dc9-91a1-72ae80a83703,2f868e83-b4ad-4ded-921e-5d1980d3935e,TRUE,2026-04-08 19:12:39
f3433647-c6ef-468e-891b-0a3b0ead1632,1b74f0e9-3dcf-43bd-8397-2531885e1c72,6811ccae-9458-4fdf-95e6-6495ab506c4a,bba50f22-e240-474e-b038-34915bce3dda,TRUE,2026-04-08 19:12:39
27368c5c-f812-4b6f-9e6b-97c4d6d659a1,6f584474-07dc-4c68-8226-bbe67138a72e,e82189ec-b2b2-490a-9a4a-d3b91b936649,d7ecb162-bda4-41d6-a676-19978d199d50,TRUE,2026-04-08 19:12:39
165ddbde-52ed-442b-b110-b40792d64637,256703ae-e88f-4bf8-86e4-cf14edb67482,d9ded107-db56-4362-9660-f034f2aad13e,d7ecb162-bda4-41d6-a676-19978d199d50,TRUE,2026-04-08 19:12:39
aee4fbcc-7011-426e-b4da-6759826f3421,249ffac4-e452-4679-b850-34700a2fb0e7,fc051f5d-8e18-4c46-ba41-1a4307de9fa6,5735c097-1166-48ea-9f20-d07611477930,TRUE,2026-04-08 19:12:39
0d31f8c1-e263-4876-9ba4-99f5e78b9917,e75fe283-5177-4563-89b9-a10e6f9dd4e3,253ea542-c762-42e9-8125-3c936fbe0802,d7ecb162-bda4-41d6-a676-19978d199d50,TRUE,2026-04-08 19:12:39
2fbdff8d-854e-4d40-a369-4179765fb592,ef77c9ce-eafe-4b59-83ec-4b4b7a0f24bf,7a35c70a-5d17-4ebc-903c-128c5c215c7a,d4cd76ab-bc6e-4ca2-91be-2d27b1ba040d,TRUE,2026-04-08 19:12:39
77dccfc7-0f03-44bb-bfaf-19f5619c2270,45e4f353-50b6-4173-ae88-85eab50b0631,35795dfe-e16a-408d-9677-5f13c3d4ff83,d7ecb162-bda4-41d6-a676-19978d199d50,TRUE,2026-04-08 19:12:39
a6846c55-8279-48bc-86b6-57e23488f61e,71d9f328-1702-4137-bab1-b433a492a397,6811ccae-9458-4fdf-95e6-6495ab506c4a,e31c0388-d2af-4759-8dd5-4103a15ab672,TRUE,2026-04-08 19:12:39
a83757b4-e4f4-4602-aeeb-35117cf3ad30,4a7addb5-7977-4dad-a3ed-92e4c8eeef9a,d27bb515-4906-49b3-91a6-dc5c87863105,aeda2d5d-0675-49e3-9d41-806614c3720b,TRUE,2026-04-08 19:12:39
2355226e-2d3e-4f80-a664-d79384386e9c,ab3880d6-1df0-40f6-8692-b7939d80e4ff,35795dfe-e16a-408d-9677-5f13c3d4ff83,d7ecb162-bda4-41d6-a676-19978d199d50,TRUE,2026-04-08 19:12:39
8a9458ee-db91-4545-ac08-632b9f297a4d,34c48882-5b3e-49a2-aeac-a5596faa9c19,ef981386-a070-4da0-b638-b72f7ca3ea47,5c435ef0-bddd-4020-8e1d-7667b48e1a21,TRUE,2026-04-08 19:12:39
23e3212d-f60a-4c41-9a70-9cf89a3d0c51,07606452-4433-4923-b636-9e5cd40b7de1,6811ccae-9458-4fdf-95e6-6495ab506c4a,3a7df198-567b-47b8-84ef-42c9cd57ec70,TRUE,2026-04-08 19:12:39
936c23ad-e34c-4d6a-a0cb-90eb9487941b,3b76cd73-3d8b-4a14-b539-ecfdc06ffb57,d9ded107-db56-4362-9660-f034f2aad13e,3cd4d8fc-f767-449a-aec7-19a39f7c5cc6,TRUE,2026-04-08 19:12:39
ea4009ee-ff2e-4fa5-ad5c-89b9e51891cd,11eafc51-8472-4758-a56f-ccc1e41db5ff,779ab9d5-e027-45f8-9632-7e0c4772d263,f0c6fc82-83e4-432f-b769-0eae99dd432b,TRUE,2026-04-08 19:12:39
52113369-9a31-49c3-b75e-84daa0a8ab39,3931f540-d4c6-455f-b377-2e966d2e9993,779ab9d5-e027-45f8-9632-7e0c4772d263,d7ecb162-bda4-41d6-a676-19978d199d50,TRUE,2026-04-08 19:12:39
ae89ce0f-f777-4c40-8a7e-8848ecce45ca,a35bd4ab-3a8f-46b1-be4a-1ba699e05e67,35795dfe-e16a-408d-9677-5f13c3d4ff83,d7ecb162-bda4-41d6-a676-19978d199d50,TRUE,2026-04-08 19:12:39
7dfd7a2c-9a73-4b5f-8da3-02e4d03b75c6,a86312e5-88cd-41a0-9086-acd895ad9b2d,15f7233e-d7ab-4258-a5e4-238d22d79bae,48432ad7-0f4c-455d-aa50-c133d1b66b05,TRUE,2026-04-08 19:12:39
2fd9b137-33a4-4e3c-8328-dd4de00fc3cb,cf61aff1-c65d-41a7-9d5e-69ca574f697c,7a35c70a-5d17-4ebc-903c-128c5c215c7a,d9fde97b-3dd6-4c93-85fa-d7a19f9e01f4,TRUE,2026-04-08 19:12:39
ed027ed0-8f0c-42bd-bbd2-0cce79375944,7259cde1-3778-442f-a7c9-765b4b8fa8c4,077efb35-8940-4d91-a66c-91b50b83e640,41fdab46-001f-4bec-801f-71ed6204b6cf,TRUE,2026-04-08 19:12:39
526f6d5b-b0fa-45c5-9c5b-8332261d9823,dcbbaaf8-6cef-48cc-bfe9-a253a004c436,7a35c70a-5d17-4ebc-903c-128c5c215c7a,5ba763fe-4467-48c3-82e4-b7750b1ad0b2,TRUE,2026-04-08 19:12:39
92983256-b84f-4b7a-873f-82347efc68dc,463ae953-7c0a-4803-bcd2-f4430483bb6b,a0632d65-9e2a-4ce8-b09c-ce19f936c28b,c0eb2898-7ef7-4b3f-b031-d3678260eb36,TRUE,2026-04-08 19:12:39
ee576a48-3afe-4b08-9724-2ecc92a15418,c03a705a-035d-4c77-b40f-be223819793d,d9ded107-db56-4362-9660-f034f2aad13e,1168b0af-db1d-4375-b359-3c752957f6b6,TRUE,2026-04-08 19:12:39
2fa51fbc-0590-4d6b-a0ed-2e1e604917b0,402a2292-093a-4f1c-86b3-bc7f2d324883,fc051f5d-8e18-4c46-ba41-1a4307de9fa6,9ca2859d-5ef0-4ed3-bc96-d90af8ea79a9,TRUE,2026-04-08 19:12:39
4c57ee94-ba50-44a9-b119-ba8154ea0ebc,a0110ad0-5c90-43fb-b6b7-d4ee8cb693be,d9ded107-db56-4362-9660-f034f2aad13e,fbfdf79e-7c18-45ae-bc26-44f20ca896a9,TRUE,2026-04-08 19:12:39
6183280a-a42a-4750-bcac-d56b7701b2ca,ad20f59c-0352-44f6-ab87-7d80c556c51c,6811ccae-9458-4fdf-95e6-6495ab506c4a,6ad808b8-bf1e-429c-a1b7-34d312f34caa,TRUE,2026-04-08 19:12:39
82c4c669-56e1-4a46-b8ec-60566693fd93,681a8cfa-4c1a-49ec-bb30-14921a432df1,d9ded107-db56-4362-9660-f034f2aad13e,fbfdf79e-7c18-45ae-bc26-44f20ca896a9,TRUE,2026-04-08 19:12:39
8e94641d-caee-41b5-b0bb-ac8c053449a4,3c73fdab-9275-4a49-baea-05ba0ce0cf7f,d27bb515-4906-49b3-91a6-dc5c87863105,dfd3bf0e-9d42-4422-b733-2c45a3da1ce6,TRUE,2026-04-08 19:12:39
81d656f6-085c-4148-92a3-179677f4e78f,bca12a6b-47b3-4bfc-ae13-097fc9dcf143,7a35c70a-5d17-4ebc-903c-128c5c215c7a,d7ecb162-bda4-41d6-a676-19978d199d50,TRUE,2026-04-08 19:12:39
9ee0d87e-0f6f-4839-a205-01c200c5cb5f,2a05a41c-4416-456f-a9f6-c94f3ac5253a,ef981386-a070-4da0-b638-b72f7ca3ea47,eacca6e8-5761-4752-91cd-9bbc46538e75,TRUE,2026-04-08 19:12:39
870b709d-470b-4ec6-abbe-e7d00d36ca40,827cd566-9fd4-4265-bb11-e09e03977b51,d9ded107-db56-4362-9660-f034f2aad13e,3cd4d8fc-f767-449a-aec7-19a39f7c5cc6,TRUE,2026-04-08 19:12:39
4068ff4c-7db5-408b-8ec8-12e56a3dee74,9c4f605c-9437-4845-83d0-19fd75814897,d9ded107-db56-4362-9660-f034f2aad13e,ce5a70d1-b603-40a1-8691-87035a99bb9a,TRUE,2026-04-08 19:12:39
9621094a-814c-4293-be34-c3c45f840895,2f4a2c93-8028-43da-84a1-c2e568af6041,d9ded107-db56-4362-9660-f034f2aad13e,3cd4d8fc-f767-449a-aec7-19a39f7c5cc6,TRUE,2026-04-08 19:12:39
5092d744-1827-4ab4-8e77-a169f68f876a,0a7c6185-8191-4f5f-8aa5-5b675574df90,d9ded107-db56-4362-9660-f034f2aad13e,c850578a-4596-4c05-b769-b91925c23c30,TRUE,2026-04-08 19:12:39
a8fe830e-2ae7-4bba-b6a9-db81fa32ee5d,b490f502-1cd6-4b1e-b114-9a73412982ae,11ef84e7-52a3-483f-a88b-0f17699fc175,408570ee-c83c-43c6-8cda-d068c10470c4,TRUE,2026-04-08 19:12:39
2f97bd61-6353-494c-96e4-ac43a3d57252,9ea78094-31c2-4334-8c66-29687df50951,d9ded107-db56-4362-9660-f034f2aad13e,21ea04f2-3fa3-4495-a687-3c0bbd97ab77,TRUE,2026-04-08 19:12:39
0e08190f-e15f-498b-b38b-9e9225a1b04c,82fe6a24-acf8-4d38-9bcb-d88df758e7c0,cf0fb074-ae87-4149-b7ac-b9093592516d,9d0d7f20-28b6-461d-9043-38639612e406,TRUE,2026-04-08 19:12:39
f3a3acff-cbc3-4088-829d-00cc66bbf780,c41848d2-dccc-4d67-904d-b5508a388758,e2ad0972-ab1a-43a9-89d0-d07a5ac4c90c,ec293998-d968-49b1-8406-366481f02d18,TRUE,2026-04-08 19:12:39
7a3d6308-b241-4e2c-b70f-766ef1a3eb07,fc3d97c2-1474-4c17-9b6d-e8a71c52715b,d9ded107-db56-4362-9660-f034f2aad13e,21ea04f2-3fa3-4495-a687-3c0bbd97ab77,TRUE,2026-04-08 19:12:39
364f3e18-ee13-416d-a531-ea514c5f74d9,d4531b51-87f4-4d4f-8392-3343a0b48db1,6811ccae-9458-4fdf-95e6-6495ab506c4a,d7ecb162-bda4-41d6-a676-19978d199d50,TRUE,2026-04-08 19:12:39
c3914f74-e280-4872-8474-0245584db462,ae26143d-8810-459c-90c8-3f9f4c64f945,11ef84e7-52a3-483f-a88b-0f17699fc175,3cd8b3f0-dcb1-479e-9b20-510b6033f097,TRUE,2026-04-08 19:12:39
bb5f4a61-e68c-4fa1-938c-4aec8d7024ad,46e62930-5c95-4853-9903-cce9ebe1b086,6811ccae-9458-4fdf-95e6-6495ab506c4a,e31c0388-d2af-4759-8dd5-4103a15ab672,TRUE,2026-04-08 19:12:39
53e9253c-50da-47c0-a4a7-809b6bb54892,44657985-d233-4828-b347-bcbc81d62392,d9ded107-db56-4362-9660-f034f2aad13e,a77f5060-60fe-4ab9-b02a-76d452c21187,TRUE,2026-04-08 19:12:39
a87a4311-ed2b-41fd-a7f5-10b92290df65,7e0944cb-68b7-4cb3-9325-12c0470a05be,d9ded107-db56-4362-9660-f034f2aad13e,a77f5060-60fe-4ab9-b02a-76d452c21187,TRUE,2026-04-08 19:12:39
b3d24225-8027-48f3-8797-ca69fe016956,cf7a0d77-d1b4-48b3-9cb6-7e8d7a33ccf9,7a35c70a-5d17-4ebc-903c-128c5c215c7a,69b26849-09d8-4386-924d-c3d6eac79b48,TRUE,2026-04-08 19:12:39
11fcdd2c-0110-42d5-a964-19a732022a32,12769daf-e295-4f17-af12-4c5f1bcc34a4,253ea542-c762-42e9-8125-3c936fbe0802,f79bfee0-5bf8-45f8-8b7e-bd7104015f6f,TRUE,2026-04-08 19:12:39
74875075-0b36-4704-b1f4-41cf9443a12d,a24db8b2-3197-4d8e-9a3e-88858a31b221,35795dfe-e16a-408d-9677-5f13c3d4ff83,d7ecb162-bda4-41d6-a676-19978d199d50,TRUE,2026-04-08 19:12:39
8e5baa42-9289-45f8-a21a-3b08ca177109,6995d391-ecc3-4863-8f4e-3021b83778a0,7a35c70a-5d17-4ebc-903c-128c5c215c7a,e0bcd874-5929-4bfc-b486-873b6fb707ef,TRUE,2026-04-08 19:12:39
e900a2a0-6e0a-4eda-a80a-975cedac843b,dc17cb49-7061-4259-9d26-79e841cf298f,75e74f36-5be1-4048-b0a2-3460dd418f90,82db1549-abc1-46c2-8820-caacf7be1270,TRUE,2026-04-08 19:12:39
27527bdf-93e3-46fd-85fb-fa5f9b79aacb,c08ff6d3-39e3-4146-b367-823ac380de1d,7a35c70a-5d17-4ebc-903c-128c5c215c7a,12639498-fa5f-4dd0-a5ee-92901e3c8a76,TRUE,2026-04-08 19:12:39
ff29e569-3cdf-4071-8706-2650a4a8fa8a,aea32a29-bb76-4077-ad5b-9acd85fe3a88,6811ccae-9458-4fdf-95e6-6495ab506c4a,6ad808b8-bf1e-429c-a1b7-34d312f34caa,TRUE,2026-04-08 19:12:39
de33e1e1-5057-47fb-b221-e661104cd14c,45a8a2ad-2468-409d-b36a-7d70901facfe,779ab9d5-e027-45f8-9632-7e0c4772d263,aabf86a8-813f-4868-8966-a6fa6502df22,TRUE,2026-04-08 19:12:39
12128298-d29c-4e79-b73d-c81c19b4e360,e6415fa6-ceb1-4fa8-b83f-457ece90f78c,6811ccae-9458-4fdf-95e6-6495ab506c4a,d7ecb162-bda4-41d6-a676-19978d199d50,TRUE,2026-04-08 19:12:39
31888596-e5b1-4bfe-b417-38d606f1dffa,3c6573cd-4fd2-4e5f-8d10-9b7632e343ed,6811ccae-9458-4fdf-95e6-6495ab506c4a,d7ecb162-bda4-41d6-a676-19978d199d50,TRUE,2026-04-08 19:12:39
3452b49e-16a0-42e0-a735-85e3e79cffd7,7fb85e07-8097-4872-b448-a058e234426f,11ef84e7-52a3-483f-a88b-0f17699fc175,408570ee-c83c-43c6-8cda-d068c10470c4,TRUE,2026-04-08 19:12:39
452efb2e-8ef9-48b0-9e98-590b29d0ea98,420a3a46-bfd0-4994-a4fd-9d611283ede3,6811ccae-9458-4fdf-95e6-6495ab506c4a,bc281766-f6e4-4843-ab2f-40276c9b3a28,TRUE,2026-04-08 19:12:39
f9e0a81a-6065-4399-b700-b44554e0311f,bf57cb9c-5284-4cf0-a08b-59bdd2ff93d2,253ea542-c762-42e9-8125-3c936fbe0802,d7ecb162-bda4-41d6-a676-19978d199d50,TRUE,2026-04-08 19:12:39
0b8e5866-d66c-46fd-949d-0086a4cae7ca,180ebb72-d210-459e-adbb-c3e8d3f2b8aa,35795dfe-e16a-408d-9677-5f13c3d4ff83,d7ecb162-bda4-41d6-a676-19978d199d50,TRUE,2026-04-08 19:12:39
17078509-b2e7-42aa-8e7d-26e744c6be53,2d2cf383-0e69-4ac7-a726-df6f0d9c464b,253ea542-c762-42e9-8125-3c936fbe0802,d7ecb162-bda4-41d6-a676-19978d199d50,TRUE,2026-04-08 19:12:39
f11e9484-8c75-49fd-86b9-561a52b33e75,d3349661-d13b-4a99-a9e3-71cba1c812a9,253ea542-c762-42e9-8125-3c936fbe0802,eacca6e8-5761-4752-91cd-9bbc46538e75,TRUE,2026-04-08 19:12:39
676d8aa0-7267-44f5-8e9e-178a4d236577,ddca0128-cd0d-4332-8788-1de38da33510,253ea542-c762-42e9-8125-3c936fbe0802,d7ecb162-bda4-41d6-a676-19978d199d50,TRUE,2026-04-08 19:12:39
ba52bdde-c44d-43b4-a696-cd12739e3a21,02a60b08-6ae0-4605-9a2d-22f812a4679e,e2ad0972-ab1a-43a9-89d0-d07a5ac4c90c,7dc9443c-4d5a-4428-bc1f-89cbae1d8767,TRUE,2026-04-08 19:12:39
93a23fe6-f085-4cfa-91bc-e53c9971d8a7,ce60854c-60a2-4ae8-8cc8-3e988cd8c2df,779ab9d5-e027-45f8-9632-7e0c4772d263,05f0c6f3-ca84-41cc-aa1a-9526e33c1341,TRUE,2026-04-08 19:12:39
e22158c5-f55c-4c08-b016-b754b3a79d97,3aae618c-c41a-4731-99c3-c3b4998b5a1b,15f7233e-d7ab-4258-a5e4-238d22d79bae,d7ecb162-bda4-41d6-a676-19978d199d50,TRUE,2026-04-08 19:12:39
444513c6-5879-4abb-a34f-8df9a5a41e03,85426e64-56ce-491b-a6fd-741068326be4,d9ded107-db56-4362-9660-f034f2aad13e,c141841d-c152-4775-aff0-1fd7a82ec852,TRUE,2026-04-08 19:12:39
979f066d-0404-4cc8-9590-12ab7df1e98c,eaeb80da-6f49-44d3-b2c4-e06dd167e7c8,197fcbc8-7a73-40b5-802f-fa829cd49329,7aca039e-d723-43a5-b97d-b54b07fc5373,TRUE,2026-04-08 19:12:39
d351708e-ffae-4ca1-b647-c9c0576716d2,93a76473-ecf0-4699-9a9d-985bd8457c21,fac266f6-62c9-4401-9cba-379d85f33a1d,59fc86c3-612f-4024-a423-8a0b5825252d,TRUE,2026-04-08 19:12:39
c23d6120-858a-4c3b-9508-ccf4efb4be23,6aad3bad-d1dd-42dc-a500-4abfd92fda7f,fc051f5d-8e18-4c46-ba41-1a4307de9fa6,93e2ad84-279e-47ab-b86d-9189eccc1421,TRUE,2026-04-08 19:12:39
f8baceab-e9e1-42b3-baab-c415632a17b8,8da2878d-d832-471a-abe7-348845ebb003,779ab9d5-e027-45f8-9632-7e0c4772d263,f0c6fc82-83e4-432f-b769-0eae99dd432b,TRUE,2026-04-08 19:12:39
d3606f19-d5ec-4db6-86fa-146696249fca,e5c67f39-7556-4d9e-a573-22d48e8391e7,d9ded107-db56-4362-9660-f034f2aad13e,a77f5060-60fe-4ab9-b02a-76d452c21187,TRUE,2026-04-08 19:12:39
c92c8d88-5f93-4dea-b3ea-087f72040015,59c00e5d-601f-4f76-9d42-bd6958ca34d7,6811ccae-9458-4fdf-95e6-6495ab506c4a,106c034f-0bc4-4735-8c2c-08a45eb3bbca,TRUE,2026-04-08 19:12:39
645a566d-0e43-4d2b-992b-06beb51e93f4,d49f705c-df87-4852-80b3-e78e1b1d2e01,6811ccae-9458-4fdf-95e6-6495ab506c4a,d7ecb162-bda4-41d6-a676-19978d199d50,TRUE,2026-04-08 19:12:39
04a3eda0-1aae-403d-b495-d30464e4070b,0a456384-13fd-4cca-9798-20fb032eb87f,a0632d65-9e2a-4ce8-b09c-ce19f936c28b,c0eb2898-7ef7-4b3f-b031-d3678260eb36,TRUE,2026-04-08 19:12:39
8dea397c-9d55-4c8c-8c88-416918f5e070,e20834c9-e741-419f-96cd-6ac80ffcc83a,fc051f5d-8e18-4c46-ba41-1a4307de9fa6,5735c097-1166-48ea-9f20-d07611477930,TRUE,2026-04-08 19:12:39
2c4babf0-0caa-4213-9135-073e8b44f939,de07bbb2-42af-4110-951f-b4ac55f5ae5f,6811ccae-9458-4fdf-95e6-6495ab506c4a,d7ecb162-bda4-41d6-a676-19978d199d50,TRUE,2026-04-08 19:12:39
85e8bfe5-c40f-488d-b69b-91c363fadc64,57a22f6d-c6a6-4bcd-a6c1-308721c82f98,d9ded107-db56-4362-9660-f034f2aad13e,fbfdf79e-7c18-45ae-bc26-44f20ca896a9,TRUE,2026-04-08 19:12:39
1358d6e9-3fc0-41b3-85a3-e7ab6f55b2f3,0378f21c-1c97-43b5-ad16-b62df158316d,077efb35-8940-4d91-a66c-91b50b83e640,41fdab46-001f-4bec-801f-71ed6204b6cf,TRUE,2026-04-08 19:12:39
b6452f26-a102-42c5-9559-5ac4ac6a6c8a,b807484b-a02f-43bf-aa91-b5af589b212b,f6cdcfcf-7335-4d75-b671-9eec522e46f7,08598aea-4124-4bdc-bf41-745e66ac81e7,TRUE,2026-04-08 19:12:39
98e500b3-709a-4edf-878a-ad09407f762e,e7aeefcf-b980-4005-8e7f-2d250f192bb0,fc051f5d-8e18-4c46-ba41-1a4307de9fa6,d3300812-d73f-487b-be1d-acf41290b04b,TRUE,2026-04-08 19:12:39
ab70abac-7a2e-4744-829d-b89e13777ac2,ff185750-5c38-4ff9-a8bc-5301818b2998,35795dfe-e16a-408d-9677-5f13c3d4ff83,d7ecb162-bda4-41d6-a676-19978d199d50,TRUE,2026-04-08 19:12:39
bfb7f9ca-891e-4f30-afe9-be37d7f07057,f9755e48-a37b-48e7-8883-1530901c6a04,d9ded107-db56-4362-9660-f034f2aad13e,d0c1706c-c6ea-4622-a8a7-d4d67abf6ad2,TRUE,2026-04-08 19:12:39
67a5333a-f4e6-4ecc-8210-ac804ee1bc89,48b855e5-a720-45f5-a28d-916f4546153a,077efb35-8940-4d91-a66c-91b50b83e640,41fdab46-001f-4bec-801f-71ed6204b6cf,TRUE,2026-04-08 19:12:39
21c0abbf-f632-41bc-ae75-3fc89b2664ee,85e72f15-376e-4c87-9323-a426a37415c2,fc051f5d-8e18-4c46-ba41-1a4307de9fa6,5735c097-1166-48ea-9f20-d07611477930,TRUE,2026-04-08 19:12:39
95d41232-1f91-4a5d-8417-32e15cc4eb84,2ff2a4e4-42d6-468c-bcb7-ad85b9fef196,077efb35-8940-4d91-a66c-91b50b83e640,41fdab46-001f-4bec-801f-71ed6204b6cf,TRUE,2026-04-08 19:12:39
58961245-a2ae-43f2-9457-647ee9203ac3,32967e49-ea36-4330-be71-c13b3a04f7b4,d9ded107-db56-4362-9660-f034f2aad13e,fbfdf79e-7c18-45ae-bc26-44f20ca896a9,TRUE,2026-04-08 19:12:39
b1763b5d-c91d-40ab-8afe-237df9e4dc0d,7f400865-b848-474a-9125-f44cdb2e4c8d,d9ded107-db56-4362-9660-f034f2aad13e,a77f5060-60fe-4ab9-b02a-76d452c21187,TRUE,2026-04-08 19:12:39
3ed8e540-ef58-4a21-985a-40f8300bd7d4,edb9a3c6-8809-47ac-8878-ecaa4d18ee11,fc051f5d-8e18-4c46-ba41-1a4307de9fa6,7cf8b794-a647-42ee-9263-d5ac098efb89,TRUE,2026-04-08 19:12:39
36f98201-c46f-40af-9674-a100be3ddd28,516d5682-4886-44b9-ba4f-090865d0c2ec,75e74f36-5be1-4048-b0a2-3460dd418f90,77255925-a9bc-4075-8107-11601ca8c4a2,TRUE,2026-04-08 19:12:39
5aef3868-c68c-4278-85ce-78a0ef7f62b2,8afb65fb-723d-46e4-a473-fbc96d2e0ce4,75e74f36-5be1-4048-b0a2-3460dd418f90,82db1549-abc1-46c2-8820-caacf7be1270,TRUE,2026-04-08 19:12:39
ef9a4586-2c30-47a5-9f9c-4840d073124a,b93b1c83-37a5-4c73-a858-9f07baf5b45c,253ea542-c762-42e9-8125-3c936fbe0802,7a151788-93dd-43a6-87b9-40272df6f10a,TRUE,2026-04-08 19:12:39
ab7339d5-eb95-4d3b-9be1-8e5630830a5f,6611cd70-02d8-474e-878e-d4041600d751,7a35c70a-5d17-4ebc-903c-128c5c215c7a,d7ecb162-bda4-41d6-a676-19978d199d50,TRUE,2026-04-08 19:12:39
3a1b4a79-ddaa-4e50-a788-07136ee43d9f,90d91bdd-79c4-4ea3-a405-c3ffc3022483,6811ccae-9458-4fdf-95e6-6495ab506c4a,d7ecb162-bda4-41d6-a676-19978d199d50,TRUE,2026-04-08 19:12:39
cc2bc0b9-ead3-4cd4-ac73-a8c119b02cab,310bccc0-5fb9-4201-980f-8b86e3080cdf,fc051f5d-8e18-4c46-ba41-1a4307de9fa6,d7ecb162-bda4-41d6-a676-19978d199d50,TRUE,2026-04-08 19:12:39
19ff62c4-8eb0-4a4c-9e01-fbf768a83467,8191b650-cc7a-4f71-ae23-d6a5c0c98f17,6811ccae-9458-4fdf-95e6-6495ab506c4a,bba50f22-e240-474e-b038-34915bce3dda,TRUE,2026-04-08 19:12:39
01e5f6c1-2b5e-4612-9616-df03fe3f3f96,5a9e321a-7dd8-4269-b420-6a038a9a9f01,d9ded107-db56-4362-9660-f034f2aad13e,50a384b7-f8ff-423b-b526-3c32bd1e5c84,TRUE,2026-04-08 19:12:39
db7015cd-cb31-4b5a-8530-256e02066bf3,e71b1cca-2eb9-446d-b6ab-4fa2b8f859b9,253ea542-c762-42e9-8125-3c936fbe0802,6c45ab38-ef65-4d88-a346-ebfc92b91bda,TRUE,2026-04-08 19:12:39
6bcb3476-14aa-4bb3-8c2e-eb7386f7dcf8,afbeb041-f341-4681-ae78-b66086c5c4a1,d9ded107-db56-4362-9660-f034f2aad13e,54ce8570-3e31-4194-8997-89c9ea0bbbda,TRUE,2026-04-08 19:12:39
ee324054-4b82-4263-9b22-6c75a21cce5d,c03be570-2a6b-434e-953b-febf86ff9595,253ea542-c762-42e9-8125-3c936fbe0802,0cf48922-2bec-4f61-a310-1e3072e65398,TRUE,2026-04-08 19:12:39
9ca1b716-a427-4c78-ba52-87310619c24d,10ab899b-eb21-46af-b676-537c2f624d1b,253ea542-c762-42e9-8125-3c936fbe0802,d7ecb162-bda4-41d6-a676-19978d199d50,TRUE,2026-04-08 19:12:39
55bd9186-dd03-4b42-8bfa-24deb448f37e,340e5952-38cb-495a-8feb-a2afc79aecd6,6811ccae-9458-4fdf-95e6-6495ab506c4a,3a7df198-567b-47b8-84ef-42c9cd57ec70,TRUE,2026-04-08 19:12:39
a038c114-2130-41a0-89a6-5e4527b812cd,3198b4d7-f72a-47d1-801b-dd2f92629705,253ea542-c762-42e9-8125-3c936fbe0802,7a151788-93dd-43a6-87b9-40272df6f10a,TRUE,2026-04-08 19:12:39
21bf5abe-1434-41cc-b3b9-0564314e1d56,e1bc1eb4-41bb-47fc-8fda-a25b51f3501e,35795dfe-e16a-408d-9677-5f13c3d4ff83,d7ecb162-bda4-41d6-a676-19978d199d50,TRUE,2026-04-08 19:12:39
ce3da57e-503e-451f-94df-246b4d2d4776,b7b029d8-b555-4726-8953-a0ad422871fb,fc051f5d-8e18-4c46-ba41-1a4307de9fa6,9ca2859d-5ef0-4ed3-bc96-d90af8ea79a9,TRUE,2026-04-08 19:12:39
60c638a8-370f-468e-bc88-7de6efbc71cc,b66e92d7-65cb-4795-baa8-3c889cdaa688,9f28e84e-d7e5-4d86-a762-882156d6555d,c7ded01b-6237-4354-91b5-880fe2ad8b76,TRUE,2026-04-08 19:12:39
cb7d196d-9253-45b6-b51a-bb7a3f5b9697,0c4d7978-5e80-43fc-af78-c95ccd4db1ca,7a35c70a-5d17-4ebc-903c-128c5c215c7a,a809db7e-e9d7-4dbb-a353-46bea25469b1,TRUE,2026-04-08 19:12:39
dda2f6f1-2fa1-47b2-9a07-9f3159227b6c,6b34fe74-dd14-4bd0-a204-ff457a1c9dff,fc051f5d-8e18-4c46-ba41-1a4307de9fa6,ae15d5a6-e713-4275-b6ec-4cf08190e77d,TRUE,2026-04-08 19:12:39
53d7b6d1-5b63-4b09-88d6-c45e9dbe2751,83bb192d-616b-403b-bc6c-8a288177e51a,d9ded107-db56-4362-9660-f034f2aad13e,1168b0af-db1d-4375-b359-3c752957f6b6,TRUE,2026-04-08 19:12:39
a71ba46b-74c1-4d24-b759-8082ce77ed89,57301679-b8ca-4b40-b1e7-19b2ad58e86d,35795dfe-e16a-408d-9677-5f13c3d4ff83,d7ecb162-bda4-41d6-a676-19978d199d50,TRUE,2026-04-08 19:12:39
87207cda-d66f-489f-a44c-d493dcd02473,50ce8d4c-69bf-4da8-b1f5-37581773f541,f3cd0829-e890-4cee-a65b-14720f2e5ca6,1fd9dda0-397e-4141-b759-f060b15606bb,TRUE,2026-04-08 19:12:39
61f03f28-7b05-4bdd-ae08-2f63ae7f381d,68fffadb-c144-4da7-b2f5-5e5705e8a736,75e74f36-5be1-4048-b0a2-3460dd418f90,3c8f134e-3d9c-448d-9937-9e9c1689b040,TRUE,2026-04-08 19:12:39
61cef7f0-0458-4f26-9fda-2c0ab1d8cc69,8fb9f63a-6d0c-4bfa-8044-5056fad83bef,d9ded107-db56-4362-9660-f034f2aad13e,3cd4d8fc-f767-449a-aec7-19a39f7c5cc6,TRUE,2026-04-08 19:12:39
0c61cb6e-37d4-4f37-be53-f6ea35677276,8a818cfb-aedd-4c92-b96c-2dee6139dc7d,6811ccae-9458-4fdf-95e6-6495ab506c4a,0489031b-fa62-4b82-b189-cf415a152d0f,TRUE,2026-04-08 19:12:39
2a802b66-4da1-4421-9718-9e14efb8ffb6,ded2cb3a-9f18-4102-bff0-d3872f5de5f5,779ab9d5-e027-45f8-9632-7e0c4772d263,aabf86a8-813f-4868-8966-a6fa6502df22,TRUE,2026-04-08 19:12:39
2c93cd59-b653-4102-9a30-d67a6b1ad973,731b407c-3cfe-44c3-a63e-002ead4ecd18,779ab9d5-e027-45f8-9632-7e0c4772d263,ea77fbbd-fd36-4049-8d8b-dd0f532a8cfc,TRUE,2026-04-08 19:12:39
9ac6bf77-a9b5-42ed-84ed-c649ec8de5a4,e34c45d5-9602-47d1-a2d3-bcf7b6c86019,197fcbc8-7a73-40b5-802f-fa829cd49329,7aca039e-d723-43a5-b97d-b54b07fc5373,TRUE,2026-04-08 19:12:39
daf3961b-cb63-45de-a2ef-798569847540,0a8bf278-9103-4330-8293-877e82fc176f,6811ccae-9458-4fdf-95e6-6495ab506c4a,97ce340d-f1b7-42c4-86b2-3d30865edfcc,TRUE,2026-04-08 19:12:39
d1e04623-737b-42df-8b6d-2f91c3296149,9864c045-7b29-4e45-9969-c6818e40384a,d9ded107-db56-4362-9660-f034f2aad13e,1168b0af-db1d-4375-b359-3c752957f6b6,TRUE,2026-04-08 19:12:39
a3ab22d4-b6c1-4c6f-bdef-fe3bf17dc4c9,b8ff148a-6d6e-43c9-8285-8285f7c806a2,d9ded107-db56-4362-9660-f034f2aad13e,a77f5060-60fe-4ab9-b02a-76d452c21187,TRUE,2026-04-08 19:12:39
f30f4d34-54b8-41d3-8373-a7e07bafa471,434a501e-e78b-48f1-829c-fc47eecf8a47,d9ded107-db56-4362-9660-f034f2aad13e,1168b0af-db1d-4375-b359-3c752957f6b6,TRUE,2026-04-08 19:12:39
b18373d0-2e31-466f-adba-8d46c9b29013,6b8a898d-8b0a-4976-8573-80ec147600e9,6811ccae-9458-4fdf-95e6-6495ab506c4a,d7ecb162-bda4-41d6-a676-19978d199d50,TRUE,2026-04-08 19:12:39
18baead0-1fbe-4529-847c-23c33fb8abb1,221a1912-c124-4805-b007-9dc0a229bb71,9f28e84e-d7e5-4d86-a762-882156d6555d,c7ded01b-6237-4354-91b5-880fe2ad8b76,TRUE,2026-04-08 19:12:39
6f358edf-50ed-4378-a783-80b2da218465,c907ac8e-b198-41e0-8c4a-1c973dcdc6d2,d9ded107-db56-4362-9660-f034f2aad13e,50a384b7-f8ff-423b-b526-3c32bd1e5c84,TRUE,2026-04-08 19:12:39
a1b990b4-19da-43fc-a615-59f20b9e186b,170bdc18-09db-4852-bd4e-70efc54bf9c9,779ab9d5-e027-45f8-9632-7e0c4772d263,aabf86a8-813f-4868-8966-a6fa6502df22,TRUE,2026-04-08 19:12:39
136b7705-bdf5-49c7-927e-44a386d135d8,4aac140d-d1e6-4803-9077-6ca81e8bc5b0,11ef84e7-52a3-483f-a88b-0f17699fc175,408570ee-c83c-43c6-8cda-d068c10470c4,TRUE,2026-04-08 19:12:39
37b8f487-5abc-4c0f-84e4-b77a0f0f75c0,3f16105d-4043-4379-95fe-ee86e88bc3a6,75e74f36-5be1-4048-b0a2-3460dd418f90,07795157-fa74-4f1e-9b30-df0d11b4bba8,TRUE,2026-04-08 19:12:39
13ece4a5-423d-4d2c-ba35-6d36fccb6c41,2a259fbe-693d-4f73-906c-43f3fbb4ba75,75e74f36-5be1-4048-b0a2-3460dd418f90,5c1bf72d-7e0c-4fe7-b3dd-93639b087cdf,TRUE,2026-04-08 19:12:39
eef7242a-4688-445b-96e1-c134ae1f0848,4952b811-04be-4765-8b35-6a41e6d5c682,fc051f5d-8e18-4c46-ba41-1a4307de9fa6,d7ecb162-bda4-41d6-a676-19978d199d50,TRUE,2026-04-08 19:12:39
5a748806-c5e1-4eba-b394-ba3c3bfc415e,7dac77dd-aec7-4dea-9eee-f6cf4d67d3e3,ab4d9d97-e35f-4992-a8fd-69ed66a8d558,fa6c1386-87ef-46a9-9d86-8a9704986ceb,TRUE,2026-04-08 19:12:39
12accf23-c731-4158-af69-58dd10b82ddf,b81515a7-2ce4-49d0-83e2-69737a92dabe,11ef84e7-52a3-483f-a88b-0f17699fc175,408570ee-c83c-43c6-8cda-d068c10470c4,TRUE,2026-04-08 19:12:39
2ffef1bd-d072-43a5-9d34-ff9d2f336b94,137c38ca-a226-4fa8-8c0c-08e3b018a736,779ab9d5-e027-45f8-9632-7e0c4772d263,05f0c6f3-ca84-41cc-aa1a-9526e33c1341,TRUE,2026-04-08 19:12:39
894055a5-04d2-456d-9dd9-869c4b522590,bb54cfd0-6c5a-45d1-b56a-7559e23878a5,fc051f5d-8e18-4c46-ba41-1a4307de9fa6,d7ecb162-bda4-41d6-a676-19978d199d50,TRUE,2026-04-08 19:12:39
38e9400f-d367-466f-a1bb-1e8053334755,e4de6201-4144-4067-bd19-d926915c08d7,ef981386-a070-4da0-b638-b72f7ca3ea47,e8bcbcab-5c6d-44cb-aeeb-8632016ca3cd,TRUE,2026-04-08 19:12:39
44dbfd7b-ce67-428b-862f-9fd1b674328a,d68af2bd-c63c-4502-aefc-80058beafa9e,253ea542-c762-42e9-8125-3c936fbe0802,ce80c6f7-5e37-4e16-8663-ae629d7efe96,TRUE,2026-04-08 19:12:39
2fcbfaf3-efa3-41ec-9f34-6c6fca60832c,7e8ee441-69d0-45af-a65a-d3bd9273e22d,11ef84e7-52a3-483f-a88b-0f17699fc175,e629c3ae-763d-4dc1-847f-a686794d821b,TRUE,2026-04-08 19:12:39
4846304a-5a7c-404d-b01b-08af2f7bee9c,f614f690-4f8c-4386-beca-52ade7d0b047,253ea542-c762-42e9-8125-3c936fbe0802,a1b87233-645c-4dd7-93c0-a3dbb79a7faf,TRUE,2026-04-08 19:12:39
019367a0-aadc-4e7e-84ac-6263812c4d69,ab820b6a-1cc6-4760-9a3d-36917d4012fa,d9ded107-db56-4362-9660-f034f2aad13e,a77f5060-60fe-4ab9-b02a-76d452c21187,TRUE,2026-04-08 19:12:39
9173dcc7-1fb2-4aac-b05d-69f3b7023c0a,5aa69bf2-d6cd-4518-a0ce-d3c1834825cc,e2ad0972-ab1a-43a9-89d0-d07a5ac4c90c,ec293998-d968-49b1-8406-366481f02d18,TRUE,2026-04-08 19:12:39
25b12755-e0cf-4d93-a889-df2dea4a1b35,2991c5f6-f474-4fbe-b3e9-2bccfa7527c3,e2ad0972-ab1a-43a9-89d0-d07a5ac4c90c,ec293998-d968-49b1-8406-366481f02d18,TRUE,2026-04-08 19:12:39
e8e3aad5-8ab7-4525-8b66-d3c367058808,11e33255-5e28-42ce-9ac7-da91eb2c9a2c,6811ccae-9458-4fdf-95e6-6495ab506c4a,97ce340d-f1b7-42c4-86b2-3d30865edfcc,TRUE,2026-04-08 19:12:39
b6d494a8-9832-43ab-9a1e-f4f960a19cf9,69d3937f-a68c-4d96-9540-b9619e632ef9,35795dfe-e16a-408d-9677-5f13c3d4ff83,f76a21df-8c0e-4719-b8ac-f249935c2eac,TRUE,2026-04-08 19:12:39
70b6c271-7a0b-4100-9672-1680bb6d1672,45818ba0-6b85-4515-b1e0-39d895c29c52,077efb35-8940-4d91-a66c-91b50b83e640,d7ecb162-bda4-41d6-a676-19978d199d50,TRUE,2026-04-08 19:12:39
78094c05-a4ca-4a82-a45f-6702ee974293,6c2a3ad2-a7b4-4c88-8fdd-dea147cb325d,077efb35-8940-4d91-a66c-91b50b83e640,41fdab46-001f-4bec-801f-71ed6204b6cf,TRUE,2026-04-08 19:12:39
656bb858-8527-4638-9029-00c98b391d42,760181b5-e9ec-4052-8af9-2349a8cd3508,fc051f5d-8e18-4c46-ba41-1a4307de9fa6,5735c097-1166-48ea-9f20-d07611477930,TRUE,2026-04-08 19:12:39
21c7690c-a007-4830-b326-62fe2e09134e,b896e385-cc29-4816-ace2-2f9e1a86f72e,cf0fb074-ae87-4149-b7ac-b9093592516d,d7ecb162-bda4-41d6-a676-19978d199d50,TRUE,2026-04-08 19:12:39
7f6966e1-8686-49b8-922e-2930991714d6,9e5a3db0-5494-4d44-8004-df7da99a126b,9f28e84e-d7e5-4d86-a762-882156d6555d,8224ea9c-8443-4d47-97a9-c8a1d526381a,TRUE,2026-04-08 19:12:39
49064e05-dcf7-4fa7-9764-e78c17dd662d,cbeacc69-4ee4-46d2-8266-b590e488a2f4,253ea542-c762-42e9-8125-3c936fbe0802,f79bfee0-5bf8-45f8-8b7e-bd7104015f6f,TRUE,2026-04-08 19:12:39
5cdf0cd9-5378-44c6-8434-1e15d9c4912f,194b3ced-6ec0-4cad-b0c2-b0cfa5cf6a35,779ab9d5-e027-45f8-9632-7e0c4772d263,05f0c6f3-ca84-41cc-aa1a-9526e33c1341,TRUE,2026-04-08 19:12:39
e15d40b0-cc62-4bfb-8d16-30778479ae2c,32b9bd0a-ff5a-49a0-8310-9519590a27ab,f6cdcfcf-7335-4d75-b671-9eec522e46f7,ca6184ad-7ced-4448-ac35-5824d29e532f,TRUE,2026-04-08 19:12:39
ac4be8b6-2429-4405-ab18-6b8d2e066fbf,1e0a6632-d200-4de5-9b7b-59e814a41265,9f28e84e-d7e5-4d86-a762-882156d6555d,8d11e85c-7d56-4649-94c7-566f9940c1d3,TRUE,2026-04-08 19:12:39
0542c0ac-d963-4c75-84ba-58685fced85d,306c8472-0862-47ee-b2c9-f3774f8fbb06,7a35c70a-5d17-4ebc-903c-128c5c215c7a,d7ecb162-bda4-41d6-a676-19978d199d50,TRUE,2026-04-08 19:12:39
f68d2c79-6d7b-4d87-aa37-b0cce671d154,51d87a50-924f-4509-9584-6e379968ebd6,d9ded107-db56-4362-9660-f034f2aad13e,1168b0af-db1d-4375-b359-3c752957f6b6,TRUE,2026-04-08 19:12:39
ed6d7a65-3ea5-4dd5-8419-d61c923151b4,86f4fdac-9b46-4c56-a89d-7c78892bcd8d,9f28e84e-d7e5-4d86-a762-882156d6555d,8d11e85c-7d56-4649-94c7-566f9940c1d3,TRUE,2026-04-08 19:12:39
0649f816-f508-4365-bf51-9fa492fa8fc5,72135422-e990-45a3-8a49-0fac35ff1a28,7a35c70a-5d17-4ebc-903c-128c5c215c7a,b4faa673-7bd4-4c2f-b84b-738d9f9d997a,TRUE,2026-04-08 19:12:39
1009b631-2edc-44c1-8bf3-dbf4c68c5614,046a66ab-ba50-4f51-be64-96806f54cc64,197fcbc8-7a73-40b5-802f-fa829cd49329,e8bcbcab-5c6d-44cb-aeeb-8632016ca3cd,TRUE,2026-04-08 19:12:39
14d05d1c-6f67-491a-b83b-f87c164858b1,17e51f9a-75a4-40b4-a728-b9060afdd354,fc051f5d-8e18-4c46-ba41-1a4307de9fa6,e14085ba-ce39-4100-a5a9-e79adde66a03,TRUE,2026-04-08 19:12:39
6fa95a55-568e-4964-81c5-1b2dc1a06a32,4517b1e4-8d24-40c0-a3b7-8597ea0d252f,fc051f5d-8e18-4c46-ba41-1a4307de9fa6,9ca2859d-5ef0-4ed3-bc96-d90af8ea79a9,TRUE,2026-04-08 19:12:39
91b3c531-9235-464a-b39c-7b57dfc7f396,1cd9ce2e-2372-45eb-a4ba-d436c1631f1b,7a35c70a-5d17-4ebc-903c-128c5c215c7a,b2582a7e-9ae1-4f5c-b527-254ea3cd3804,TRUE,2026-04-08 19:12:39
7c0ed4e1-4d6b-4470-95eb-fd3f66248e53,70ce4875-f712-4831-ae17-9a69cc78c14e,7a35c70a-5d17-4ebc-903c-128c5c215c7a,2efb6128-dfdc-46de-b352-a1df0be1b2f6,TRUE,2026-04-08 19:12:39
2d7bdf5e-61c6-44f9-b00f-c0ea022bff69,93c41510-9412-4045-95a7-d75fffd4838d,d9ded107-db56-4362-9660-f034f2aad13e,fbfdf79e-7c18-45ae-bc26-44f20ca896a9,TRUE,2026-04-08 19:12:39
caae8179-f7d9-48cc-9d98-7dd53faec753,e0a08cb2-4293-4893-8226-52061624a165,6811ccae-9458-4fdf-95e6-6495ab506c4a,d7ecb162-bda4-41d6-a676-19978d199d50,TRUE,2026-04-08 19:12:39
0d610a7c-0752-41de-8ed8-2e6b4edc4e55,82e7875d-11f2-4aa1-9fae-ec0698672254,d9ded107-db56-4362-9660-f034f2aad13e,eacca6e8-5761-4752-91cd-9bbc46538e75,TRUE,2026-04-08 19:12:39
0c5a3a87-58e8-42a5-8ea8-20791f126fa7,4f278ed6-879a-4a21-b9d6-644141725fed,d9ded107-db56-4362-9660-f034f2aad13e,54ce8570-3e31-4194-8997-89c9ea0bbbda,TRUE,2026-04-08 19:12:39
eefb6a5a-0d25-4e02-a98b-7923a5e75bbd,3b7ac4a4-c1d7-465a-9a6f-90ca374e6c78,253ea542-c762-42e9-8125-3c936fbe0802,d7ecb162-bda4-41d6-a676-19978d199d50,TRUE,2026-04-08 19:12:39
428d83be-8402-4455-a340-3d80bd573de1,363a7990-10f2-412d-9248-696caed0b26b,e2ad0972-ab1a-43a9-89d0-d07a5ac4c90c,a55fbbca-06d8-4ea1-b374-5b6717ed137a,TRUE,2026-04-08 19:12:39
8e00b76a-77d6-40dc-a753-4176d56179f0,f6c7c6cb-3c41-4e39-9c73-810869d865b0,fc051f5d-8e18-4c46-ba41-1a4307de9fa6,d7ecb162-bda4-41d6-a676-19978d199d50,TRUE,2026-04-08 19:12:39
8c266440-4553-45a3-bc20-a5de0ecc5b86,666bff0f-590b-472e-bf53-4083cf4ecf87,7a35c70a-5d17-4ebc-903c-128c5c215c7a,2efb6128-dfdc-46de-b352-a1df0be1b2f6,TRUE,2026-04-08 19:12:39
68977496-af86-43cb-9d2d-b5de3ccd6b92,ff23195c-8892-4f46-8bdd-e486bfff44d8,7a35c70a-5d17-4ebc-903c-128c5c215c7a,d7ecb162-bda4-41d6-a676-19978d199d50,TRUE,2026-04-08 19:12:39
b9a11173-6c06-41f8-a91e-5c2111ca33e9,d700241a-110e-46e7-8e94-c911a0f390d0,15f7233e-d7ab-4258-a5e4-238d22d79bae,48432ad7-0f4c-455d-aa50-c133d1b66b05,TRUE,2026-04-08 19:12:39
939963b9-3553-4e7e-810f-73f073b04b72,253ebbc3-e9cd-4eea-ae34-5bff8664bdba,6811ccae-9458-4fdf-95e6-6495ab506c4a,d7ecb162-bda4-41d6-a676-19978d199d50,TRUE,2026-04-08 19:12:39
2871c9a4-e55a-445a-9d91-5a4076b732c5,532283fb-8dcf-4669-af3a-08fedb48d97a,f6cdcfcf-7335-4d75-b671-9eec522e46f7,ca6184ad-7ced-4448-ac35-5824d29e532f,TRUE,2026-04-08 19:12:39
545c1479-4d36-44c1-8cb2-aece47aa594c,46b47999-8892-436a-ba7d-836d4b1d2a65,d27bb515-4906-49b3-91a6-dc5c87863105,aeda2d5d-0675-49e3-9d41-806614c3720b,TRUE,2026-04-08 19:12:39
93a7935d-bf1f-4e89-9768-8ab990ebdeb9,05162bae-1ed7-4f52-bcfb-d23ff865984d,253ea542-c762-42e9-8125-3c936fbe0802,6c45ab38-ef65-4d88-a346-ebfc92b91bda,TRUE,2026-04-08 19:12:39
8e15e270-49a9-4237-95f7-456b16e58c5c,521b4bab-cdd2-4f68-a7b6-bfcf0b77f93c,e82189ec-b2b2-490a-9a4a-d3b91b936649,3d6abbec-aa16-4ac6-9e80-3d65006c50b8,TRUE,2026-04-08 19:12:39
9269a65b-0b5d-4801-abdc-da526ff13351,3f9016b1-3fb5-416d-aa5c-17d815b05ccc,6811ccae-9458-4fdf-95e6-6495ab506c4a,d7ecb162-bda4-41d6-a676-19978d199d50,TRUE,2026-04-08 19:12:39
0e99ef3f-c47f-4c76-b47e-332e7a04734a,db5d198c-55e3-4de6-9330-d63063b737ce,d9ded107-db56-4362-9660-f034f2aad13e,c850578a-4596-4c05-b769-b91925c23c30,TRUE,2026-04-08 19:12:39
70207bf3-a43f-4440-b480-b12e89231f49,39e6dba7-33ae-446c-bce5-d56c741a644c,a0632d65-9e2a-4ce8-b09c-ce19f936c28b,724c0e5f-cc65-4d0f-8f4d-e8ebaed6b97a,TRUE,2026-04-08 19:12:39
cd5e4d10-e058-49de-8772-654c0ce18dbe,115b5702-6036-46a8-99e3-1737c480e826,253ea542-c762-42e9-8125-3c936fbe0802,d7ecb162-bda4-41d6-a676-19978d199d50,TRUE,2026-04-08 19:12:39
0a751976-6c88-41ae-8a04-0a120b620f84,5a0fc421-9c8e-4c36-9a25-2263e2cd8a70,6811ccae-9458-4fdf-95e6-6495ab506c4a,d7ecb162-bda4-41d6-a676-19978d199d50,TRUE,2026-04-08 19:12:39
72bf2f63-b96a-4b54-b7f5-c4be7df39aba,af6cd677-a7ac-4d37-96b7-826828162f0a,d9ded107-db56-4362-9660-f034f2aad13e,1168b0af-db1d-4375-b359-3c752957f6b6,TRUE,2026-04-08 19:12:39
46a53996-dc71-4cd4-94a8-1aae5aa96dfd,8085a97f-136f-461d-8b00-4930751c8438,75e74f36-5be1-4048-b0a2-3460dd418f90,07795157-fa74-4f1e-9b30-df0d11b4bba8,TRUE,2026-04-08 19:12:39
52963c6e-e0d1-4152-ae97-c6a1ba806ba5,dff44139-a2f6-4f01-9972-efcc3f4953a2,15f7233e-d7ab-4258-a5e4-238d22d79bae,b337dbd5-e4d3-4fb3-ac86-385ec26e545d,TRUE,2026-04-08 19:12:39
dc940a76-abec-496d-85ff-a8e6153bd81f,54061748-f9b2-4868-986f-028c7a12c47d,c8ae3e88-43c4-4405-a40d-3d807f8bebd9,43734bce-e815-4d62-a3a5-27133840000c,TRUE,2026-04-08 19:12:39
5dedc796-c6c6-4cb2-a5b9-2dcabb23284a,f7108edd-2246-478e-a305-83838055aa0a,9f28e84e-d7e5-4d86-a762-882156d6555d,c7ded01b-6237-4354-91b5-880fe2ad8b76,TRUE,2026-04-08 19:12:39
48652f7f-5ca0-44c3-80bf-8e4a739b940d,0979da3a-0aa4-4ce6-bb94-9b6f94290e5e,f6cdcfcf-7335-4d75-b671-9eec522e46f7,ca6184ad-7ced-4448-ac35-5824d29e532f,TRUE,2026-04-08 19:12:39
acce203d-63b0-4d2a-ad43-8abe8d6ffc71,28796ba6-95cf-41d8-8ec2-5fcf40a91c4e,21d0efa4-b0bd-4dc9-91a1-72ae80a83703,a25ea89b-d569-467a-b612-6049016464ef,TRUE,2026-04-08 19:12:39
41240d7f-9eb1-4381-a7e1-082f2159b63f,e0b3eb60-b34e-459b-9fae-d8630edccce8,779ab9d5-e027-45f8-9632-7e0c4772d263,aabf86a8-813f-4868-8966-a6fa6502df22,TRUE,2026-04-08 19:12:39
c8ef93e4-3717-462b-8683-bf3d52c968a7,7228105e-54cb-4648-95d3-79f73816d40c,6811ccae-9458-4fdf-95e6-6495ab506c4a,d7ecb162-bda4-41d6-a676-19978d199d50,TRUE,2026-04-08 19:12:39
58a8b8b8-2031-4a0a-887c-b55f383afb72,fe0071d2-51dc-4607-8373-eeb6f68ce331,d9ded107-db56-4362-9660-f034f2aad13e,c6be9132-e88b-44e4-99a2-4391b376a6b1,TRUE,2026-04-08 19:12:39
cecca577-2ead-4190-bf93-e6d9875d1489,ab11fb35-6e8b-48ba-bf68-dc23b8752241,15f7233e-d7ab-4258-a5e4-238d22d79bae,48432ad7-0f4c-455d-aa50-c133d1b66b05,TRUE,2026-04-08 19:12:39
d272a28d-0d09-4409-bb6d-5691e7563b54,4ef7dc56-bd65-41ef-9715-aedb5dd27219,cf0fb074-ae87-4149-b7ac-b9093592516d,93702401-9b24-42f8-930e-d6af0b5a2b3f,TRUE,2026-04-08 19:12:39
c62f7a73-f313-4487-a304-b3cb55027292,b7a6bdfc-65d5-445d-9913-0f83957f07d4,253ea542-c762-42e9-8125-3c936fbe0802,d7ecb162-bda4-41d6-a676-19978d199d50,TRUE,2026-04-08 19:12:39
2daa05ae-c82b-45d3-8c44-a298334016a8,a7564972-ba87-4877-9d41-acb9fefbf59f,75e74f36-5be1-4048-b0a2-3460dd418f90,7f4a0d50-580a-47be-91ff-86b26a20440b,TRUE,2026-04-08 19:12:39
02650ac7-737f-491b-a37b-8c23187f9bdb,ea981fdf-df69-44f2-af94-bb35a9e2cb33,c8ae3e88-43c4-4405-a40d-3d807f8bebd9,7c5eb5fe-e6c9-400d-8f09-8bc900cb2407,TRUE,2026-04-08 19:12:39
c650f4e5-6307-4721-92d4-1f93e95522fc,bbe64b17-8009-4b07-892f-2af3e28aad47,15f7233e-d7ab-4258-a5e4-238d22d79bae,d7ecb162-bda4-41d6-a676-19978d199d50,TRUE,2026-04-08 19:12:39
847506b1-ad98-468d-9558-81395f444f6c,978351eb-89a2-4dfc-ad74-bd1699ec46b7,6811ccae-9458-4fdf-95e6-6495ab506c4a,d7ecb162-bda4-41d6-a676-19978d199d50,TRUE,2026-04-08 19:12:39
a802c560-57f2-415f-bef4-2dde126aa524,b20186a5-4fef-440f-bdda-660c53e16f98,7a35c70a-5d17-4ebc-903c-128c5c215c7a,b2582a7e-9ae1-4f5c-b527-254ea3cd3804,TRUE,2026-04-08 19:12:39
afe48aaa-c9fb-493e-9160-7a266e9eb501,8466be1a-e05a-4c1e-96f7-450c9001c887,11ef84e7-52a3-483f-a88b-0f17699fc175,408570ee-c83c-43c6-8cda-d068c10470c4,TRUE,2026-04-08 19:12:39
77968192-d392-4e85-8ffd-ee9bc765a9de,a3ef0e9b-6339-44d6-b6c7-a3222094ced0,7a35c70a-5d17-4ebc-903c-128c5c215c7a,d7ecb162-bda4-41d6-a676-19978d199d50,TRUE,2026-04-08 19:12:39
6822c24c-4dea-470f-87e6-87b02e61ea68,5e04cec3-5a19-4ddb-af8e-a90c246aaf27,6811ccae-9458-4fdf-95e6-6495ab506c4a,d7ecb162-bda4-41d6-a676-19978d199d50,TRUE,2026-04-08 19:12:39
68d8c203-6af4-40d4-89c5-fac396aeed1e,9bb9cce1-d65e-4bd7-bce2-b1b21bb51b0f,779ab9d5-e027-45f8-9632-7e0c4772d263,ea77fbbd-fd36-4049-8d8b-dd0f532a8cfc,TRUE,2026-04-08 19:12:39
6a7ae5bd-a710-4beb-95f7-b59f17dd971a,4ba91102-d423-45df-b13c-fd4df7c33829,6811ccae-9458-4fdf-95e6-6495ab506c4a,d7ecb162-bda4-41d6-a676-19978d199d50,TRUE,2026-04-08 19:12:39
b26181a1-0086-47cc-8f1f-50ba6aa87613,60f44cc4-08c5-4cbe-aa90-22cfb4585fa3,779ab9d5-e027-45f8-9632-7e0c4772d263,05f0c6f3-ca84-41cc-aa1a-9526e33c1341,TRUE,2026-04-08 19:12:39
dbc35c7d-0acc-4409-98bc-e0ea36fc7c4e,d20d8d09-a8b1-4d6f-8276-e6dccc6f4021,d9ded107-db56-4362-9660-f034f2aad13e,d0c1706c-c6ea-4622-a8a7-d4d67abf6ad2,TRUE,2026-04-08 19:12:39
20324bed-c07c-4a45-ab72-7e62c0007e05,0f7b1dfb-6465-41c9-b4ce-658e128d0be9,fc051f5d-8e18-4c46-ba41-1a4307de9fa6,d7ecb162-bda4-41d6-a676-19978d199d50,TRUE,2026-04-08 19:12:39
d7cd70d2-bbb5-4a80-855f-f1d5e372f5f4,2ce9a821-2d18-48a7-ad48-1fba7446679d,fac266f6-62c9-4401-9cba-379d85f33a1d,0ef87ea9-c47b-4076-8706-b1fc1f975f74,TRUE,2026-04-08 19:12:39
697bf96e-5d2b-483b-b3d1-88af4e53b184,0735dcf7-560e-4e4c-be0b-99260c6b837d,fc051f5d-8e18-4c46-ba41-1a4307de9fa6,d3300812-d73f-487b-be1d-acf41290b04b,TRUE,2026-04-08 19:12:39
9e480f9a-20e9-43d4-9c73-a65396886467,5429b3df-c460-40b1-8e80-3f1bea1c4027,7a35c70a-5d17-4ebc-903c-128c5c215c7a,d7ecb162-bda4-41d6-a676-19978d199d50,TRUE,2026-04-08 19:12:39
63c42005-6163-49bd-b847-4c915b275498,8209c7db-865c-4547-a936-649b5e83dc74,e2ad0972-ab1a-43a9-89d0-d07a5ac4c90c,ec293998-d968-49b1-8406-366481f02d18,TRUE,2026-04-08 19:12:39
312224f1-65f6-4ad8-9280-a51e271d278a,2ff3fd75-7495-4ceb-8d6b-28714be2fff1,e2ad0972-ab1a-43a9-89d0-d07a5ac4c90c,469eac5b-3dfd-4060-be4e-6f503bd9a4ff,TRUE,2026-04-08 19:12:39
c4f3e011-0d6d-4323-a90a-a854e8cff8c0,03e02fb4-1324-4763-a897-e2bf20edce2c,e2ad0972-ab1a-43a9-89d0-d07a5ac4c90c,469eac5b-3dfd-4060-be4e-6f503bd9a4ff,TRUE,2026-04-08 19:12:39
8ada15fb-ef7a-4a96-a3ff-46a9f6ec804c,85bf50d5-dc03-4987-95df-50fb792fee54,d9ded107-db56-4362-9660-f034f2aad13e,d7ecb162-bda4-41d6-a676-19978d199d50,TRUE,2026-04-08 19:12:39
d324d43f-cbea-4357-85e1-08ca69659e87,8eb5ced2-32bd-4428-bff4-29ab24d95ad2,e2ad0972-ab1a-43a9-89d0-d07a5ac4c90c,469eac5b-3dfd-4060-be4e-6f503bd9a4ff,TRUE,2026-04-08 19:12:39
54f2091f-0a72-449d-9c8c-43eaa63b58c2,ce2a68f4-57b1-4ff4-b31c-05938d8f01a3,e2ad0972-ab1a-43a9-89d0-d07a5ac4c90c,ec293998-d968-49b1-8406-366481f02d18,TRUE,2026-04-08 19:12:39
d6a0bff9-5ae3-4a00-86c5-76827bfe4231,d4adabd2-b442-4ebd-abc5-4b10a1388102,e2ad0972-ab1a-43a9-89d0-d07a5ac4c90c,ec293998-d968-49b1-8406-366481f02d18,TRUE,2026-04-08 19:12:39
cc342731-a50f-4d04-bb5e-9a444c323516,d9deab20-efd6-48be-a4ce-708e5e1766ad,e2ad0972-ab1a-43a9-89d0-d07a5ac4c90c,469eac5b-3dfd-4060-be4e-6f503bd9a4ff,TRUE,2026-04-08 19:12:39
cbdce9a6-098b-49a4-8e86-900a3f51b5b4,b466d81d-d2b0-4677-85cb-eb41d868a83e,e2ad0972-ab1a-43a9-89d0-d07a5ac4c90c,469eac5b-3dfd-4060-be4e-6f503bd9a4ff,TRUE,2026-04-08 19:12:39
8f52d421-1920-4389-b490-954a123a1f27,60cb572b-5a35-4ad3-b0ad-5b5c4f51db07,e2ad0972-ab1a-43a9-89d0-d07a5ac4c90c,469eac5b-3dfd-4060-be4e-6f503bd9a4ff,TRUE,2026-04-08 19:12:39
e22fd70c-30ec-45e1-baa0-1c941640493e,6570f205-769a-42a4-9405-c152f91daa21,e2ad0972-ab1a-43a9-89d0-d07a5ac4c90c,469eac5b-3dfd-4060-be4e-6f503bd9a4ff,TRUE,2026-04-08 19:12:39
9e089653-8489-42c0-8749-8df47473be05,43d91885-2c72-4a14-a254-d9bd2a1c3ed8,e2ad0972-ab1a-43a9-89d0-d07a5ac4c90c,ec293998-d968-49b1-8406-366481f02d18,TRUE,2026-04-08 19:12:39
c9ed5b97-22f7-4d0b-b724-2cf28142bd98,079cf232-9439-4e89-b7ee-041c8baeadb3,197fcbc8-7a73-40b5-802f-fa829cd49329,0a5a4564-ac4f-45d8-b488-d4b721b1daf6,TRUE,2026-04-08 19:12:39
54a46415-bfa2-406f-a11f-569d84fae715,b78080f7-dde9-4574-b648-1a609e970d95,51f1d7ae-df00-4939-92c0-b514896d2224,d46e37b4-bef4-49ee-b301-647e0214b9d7,TRUE,2026-04-08 19:12:39
81a01d5e-5058-4660-9675-10e04c6e9c20,87701d6c-5411-4c7e-99e9-11db4365994f,d9ded107-db56-4362-9660-f034f2aad13e,a77f5060-60fe-4ab9-b02a-76d452c21187,TRUE,2026-04-08 19:12:39
2287baab-2ee5-4982-8044-4fe84912d280,0e26981a-16a1-4b60-ae67-9543698094e4,15f7233e-d7ab-4258-a5e4-238d22d79bae,fbc6fd88-cc64-4e20-91ad-e6303e217def,TRUE,2026-04-08 19:12:39
1733755e-55a6-4983-b163-73da7d9ed4d5,9a6c34b5-618e-4b98-bc73-9876d2715e20,e2ad0972-ab1a-43a9-89d0-d07a5ac4c90c,ec293998-d968-49b1-8406-366481f02d18,TRUE,2026-04-08 19:12:39
cd979356-c826-4f23-9763-643770d5379d,acdb02c5-26e7-44cf-903f-41a01657ddc8,6811ccae-9458-4fdf-95e6-6495ab506c4a,97ce340d-f1b7-42c4-86b2-3d30865edfcc,TRUE,2026-04-08 19:12:39
eade7661-165f-467d-93b9-9dbbed56437c,7c35b13e-30a4-4bbe-95c2-5e29f9d43007,75e74f36-5be1-4048-b0a2-3460dd418f90,07795157-fa74-4f1e-9b30-df0d11b4bba8,TRUE,2026-04-08 19:12:39
953883dd-f8ab-4aef-953f-af1c3b77bfd7,b2b26974-08ba-4f2e-a8db-cbc8ad427b56,21d0efa4-b0bd-4dc9-91a1-72ae80a83703,eacca6e8-5761-4752-91cd-9bbc46538e75,TRUE,2026-04-08 19:12:39
6f392175-155a-4f4a-98f5-84044c0b13bd,d0185006-308f-4230-b277-5163994b21b9,fc051f5d-8e18-4c46-ba41-1a4307de9fa6,9ca2859d-5ef0-4ed3-bc96-d90af8ea79a9,TRUE,2026-04-08 19:12:39
0ac56772-e3d0-41a3-a3fb-00cbd395138f,f3d056fe-3dcf-4900-8b0d-e1e48e511006,fc051f5d-8e18-4c46-ba41-1a4307de9fa6,9ca2859d-5ef0-4ed3-bc96-d90af8ea79a9,TRUE,2026-04-08 19:12:39
e4211993-d268-41aa-a1f8-1b20fe52fdda,50fec8b8-de5a-4200-9a92-1504d8666ff7,fc051f5d-8e18-4c46-ba41-1a4307de9fa6,9ca2859d-5ef0-4ed3-bc96-d90af8ea79a9,TRUE,2026-04-08 19:12:39
bbd031be-a995-4a44-b731-3b947b146bf6,0b57e0d9-9c0f-4a4b-9bbe-a7dd9061169e,fc051f5d-8e18-4c46-ba41-1a4307de9fa6,7cf8b794-a647-42ee-9263-d5ac098efb89,TRUE,2026-04-08 19:12:39
b565dc04-266c-4ac4-81eb-49d401017c0b,67cc4f72-864a-4546-bca0-26c059d599e2,9f28e84e-d7e5-4d86-a762-882156d6555d,8224ea9c-8443-4d47-97a9-c8a1d526381a,TRUE,2026-04-08 19:12:39
f8e553b7-6b4f-4598-83ee-44c4570a32f2,827f5666-6390-4a13-a7a7-10a7a9e9bf45,6811ccae-9458-4fdf-95e6-6495ab506c4a,9a84cb14-74ca-429c-911f-0789dd046d71,TRUE,2026-04-08 19:12:39
7ad91b17-b4c5-435c-b7c4-1bea1e10ba81,7c655177-15a8-4253-82e2-dc63adbdeafc,35795dfe-e16a-408d-9677-5f13c3d4ff83,d7ecb162-bda4-41d6-a676-19978d199d50,TRUE,2026-04-08 19:12:39
8bcd150b-5650-4e87-a10d-ab57f94424b3,2b57b0a1-697a-47ea-89f2-c5c2c85bb857,d9ded107-db56-4362-9660-f034f2aad13e,c141841d-c152-4775-aff0-1fd7a82ec852,TRUE,2026-04-08 19:12:39
bd274585-708f-4c24-818e-6c3aef5e8c56,5c49a719-f799-497f-8dd9-090efd13293a,197fcbc8-7a73-40b5-802f-fa829cd49329,0a5a4564-ac4f-45d8-b488-d4b721b1daf6,TRUE,2026-04-08 19:12:39
9b3bb970-bd5e-4d5e-8cfe-f734591c8195,a0818c59-871e-452d-803d-c9db419d787a,d9ded107-db56-4362-9660-f034f2aad13e,d7ecb162-bda4-41d6-a676-19978d199d50,TRUE,2026-04-08 19:12:39
525d2899-c00f-4258-8dda-0c06ff0d8051,c1c344a2-4a6f-4a70-b8e8-e625c9804290,fc051f5d-8e18-4c46-ba41-1a4307de9fa6,a6b3c920-ec1d-432a-bd38-90a5cbfd41ae,TRUE,2026-04-08 19:12:39
776245ee-2aae-4c8e-ba68-bac38c1ecbe4,1af1894d-ea36-40ac-ba09-4c1413d512ee,7a35c70a-5d17-4ebc-903c-128c5c215c7a,755c2423-7a41-4112-a7c2-c3ed2f5016d9,TRUE,2026-04-08 19:12:39
053d1073-4840-4b98-8fe4-d869167617f5,ccd436a0-361d-4b4e-aada-60509a1ba37e,d9ded107-db56-4362-9660-f034f2aad13e,50a384b7-f8ff-423b-b526-3c32bd1e5c84,TRUE,2026-04-08 19:12:39
a1979fa7-206c-4b98-9dda-101fbafa02c1,0e0db7b8-cf82-464b-b17d-38486fffeb9f,15f7233e-d7ab-4258-a5e4-238d22d79bae,fbc6fd88-cc64-4e20-91ad-e6303e217def,TRUE,2026-04-08 19:12:39
9adfd706-f2a6-471f-a112-527abbc8bf9f,6e5d76be-5e43-4f9e-90f6-1d0e9e1378d2,197fcbc8-7a73-40b5-802f-fa829cd49329,d7ecb162-bda4-41d6-a676-19978d199d50,TRUE,2026-04-08 19:12:39
b322ed8d-813a-49f5-9b09-fac5bf007a7f,6bdb5682-1e3c-4a08-8231-e274d8c1a09a,c188b762-09ab-45d4-9f99-23173706bd95,e82ba13d-ad82-4a8d-9c81-a2bfee9d54a3,TRUE,2026-04-08 19:12:39
fe87289e-7e6f-4a8c-975c-4ceb75f481e9,7c2f27ec-99a4-485a-be91-4c21eb6b3c9f,9f28e84e-d7e5-4d86-a762-882156d6555d,c7ded01b-6237-4354-91b5-880fe2ad8b76,TRUE,2026-04-08 19:12:39
50435190-aab9-420b-a5e9-30dea5067a71,4ba5d991-c496-4148-b2f0-132a388b73a2,253ea542-c762-42e9-8125-3c936fbe0802,6b6cb918-8592-423a-9b96-825bd18627de,TRUE,2026-04-08 19:12:39
36a63fb7-fd9f-41f8-aeb3-4b492b3730c7,224b6540-8354-4b66-85b0-a0962e37552a,ef981386-a070-4da0-b638-b72f7ca3ea47,7aca039e-d723-43a5-b97d-b54b07fc5373,TRUE,2026-04-08 19:12:39
f373db08-5e50-4a3a-acb5-289c97ef8801,3ebbb001-6012-491b-a5ed-70d70630f6b0,253ea542-c762-42e9-8125-3c936fbe0802,7a151788-93dd-43a6-87b9-40272df6f10a,TRUE,2026-04-08 19:12:39
68ce7bec-a6d0-49d8-b10c-8a1360790d8c,b02a946b-b745-4f35-96a1-74024cf4517e,253ea542-c762-42e9-8125-3c936fbe0802,6b6cb918-8592-423a-9b96-825bd18627de,TRUE,2026-04-08 19:12:39
b2e39cbe-9844-4fa0-b2b0-0d52b345b0e0,e0d3eb63-7c6f-40a8-a12f-63bb5760e275,89ac15fd-fcc1-4185-aef5-7f10ee7dc668,4fa56c50-95e9-4730-9538-4fb9911e2f16,TRUE,2026-04-08 19:12:39
30bfd58e-d8cf-4383-8e2d-adf8a3f8815c,33b7f7ef-89fb-49c9-8ff4-a32feace1091,75e74f36-5be1-4048-b0a2-3460dd418f90,8aad74ce-160d-4c81-8e31-32e50d59f2c9,TRUE,2026-04-08 19:12:39
c4e7ec49-91f7-4a4a-9e3a-6c5d8f69a61e,a80682e6-d08c-48cf-b7b2-82be44078f87,077efb35-8940-4d91-a66c-91b50b83e640,870b41a1-8798-4630-a1f9-f36d2fb5ac84,TRUE,2026-04-08 19:12:39
4a98f520-87c6-471c-92dd-f8c456bd3075,ead88274-6424-46d8-a89a-aa00b8584f6f,e82189ec-b2b2-490a-9a4a-d3b91b936649,97243cdd-4d9d-4baa-b817-b7d9c88a29f5,TRUE,2026-04-08 19:12:39
3206b5cd-0777-40fd-a83c-1debc0b4ad3a,824f7e72-9f24-4eed-aa45-d656d5f02746,077efb35-8940-4d91-a66c-91b50b83e640,aca97359-6c58-46b8-a594-fe93448720f9,TRUE,2026-04-08 19:12:39
4807eea5-2568-4b48-8393-b69820e75544,68a19a1e-e65f-4fa7-9ac1-9bb9a66d845b,f6cdcfcf-7335-4d75-b671-9eec522e46f7,aacc55ec-5674-4175-af34-58d15218ae8b,TRUE,2026-04-08 19:12:39
1a9a740c-26db-4c47-80fd-d4ee4d5ae071,c9461fb7-ac64-4a22-8de8-3d141b74537a,253ea542-c762-42e9-8125-3c936fbe0802,6c45ab38-ef65-4d88-a346-ebfc92b91bda,TRUE,2026-04-08 19:12:39
51d1f01e-6d92-438d-9566-56aba888b38b,c6a79817-386d-4eee-a084-9d61a183331d,253ea542-c762-42e9-8125-3c936fbe0802,318a6d2c-4018-49b2-99ad-e2032c78e702,TRUE,2026-04-08 19:12:39
53c61b7b-57de-45e8-a78f-5a7bf31f44f3,c9da01b3-437a-47b5-92c9-f648bb2cdaff,253ea542-c762-42e9-8125-3c936fbe0802,d7ecb162-bda4-41d6-a676-19978d199d50,TRUE,2026-04-08 19:12:39
d6e2dcdb-1d26-4138-a208-8451383dcae4,77caeba5-0140-4eee-b942-1154c669b302,d9ded107-db56-4362-9660-f034f2aad13e,3cd4d8fc-f767-449a-aec7-19a39f7c5cc6,TRUE,2026-04-08 19:12:39
1adc0853-c837-409e-aecb-835a566ad4c1,9963891b-7e13-48da-9138-7cf5370d3d11,d9ded107-db56-4362-9660-f034f2aad13e,9b4c8ce8-3435-4045-a6f8-6c4f2c43fd4b,TRUE,2026-04-08 19:12:39
a20ecc1d-c108-4e27-8ddf-99a605174b80,9f18037c-2aa3-424f-b862-9e79a0136409,253ea542-c762-42e9-8125-3c936fbe0802,372bd77b-ed99-477b-b669-6291db7704cf,TRUE,2026-04-08 19:12:39
78838015-7ad0-4846-a48e-1e662d7b82e1,1deba592-75e5-4411-a7a3-5df7de05beff,89ac15fd-fcc1-4185-aef5-7f10ee7dc668,507b1fb0-4f59-4a1f-b0e0-740230cc9e71,TRUE,2026-04-08 19:12:39
c329059f-9a13-4067-9a33-db221a648618,3738b8e5-0327-4e08-970a-a8ebb13d0b95,75e74f36-5be1-4048-b0a2-3460dd418f90,77255925-a9bc-4075-8107-11601ca8c4a2,TRUE,2026-04-08 19:12:39
1977bb43-9e74-4a72-9da6-4260edbae1a2,43d5b306-789c-4b36-9145-61725240276d,75e74f36-5be1-4048-b0a2-3460dd418f90,77255925-a9bc-4075-8107-11601ca8c4a2,TRUE,2026-04-08 19:12:39
49ef5103-428f-4e09-9a4c-2e83b60bdf6c,bf8ba409-81bb-45f3-8252-c04a9a69845e,6811ccae-9458-4fdf-95e6-6495ab506c4a,d7ecb162-bda4-41d6-a676-19978d199d50,TRUE,2026-04-08 19:12:39
9118c1ba-b3d6-4f80-b2fc-34220d4295fe,843f3313-41e9-4ec0-903d-82839b73f768,a0632d65-9e2a-4ce8-b09c-ce19f936c28b,c0eb2898-7ef7-4b3f-b031-d3678260eb36,TRUE,2026-04-08 19:12:39
056b99d1-c9f3-4785-b9c3-468f2c3e94eb,ca0c790e-ae8e-488d-8cc1-a88cd7c2ddb8,11ef84e7-52a3-483f-a88b-0f17699fc175,408570ee-c83c-43c6-8cda-d068c10470c4,TRUE,2026-04-08 19:12:39
1d0e73bb-9357-419c-a18f-2d3aca74df01,eee8ad08-d821-4ac9-aa6a-0ba08e1a3331,7a35c70a-5d17-4ebc-903c-128c5c215c7a,7438e16b-26a9-4213-8e56-afa9ce9bf7df,TRUE,2026-04-08 19:12:39
e6f167c8-4eec-4704-aab1-2a918eb6efa8,4f7ccb80-7613-4b64-adba-acf8694b4d5a,7a35c70a-5d17-4ebc-903c-128c5c215c7a,b4faa673-7bd4-4c2f-b84b-738d9f9d997a,TRUE,2026-04-08 19:12:39
a3b32c65-97c6-43d2-b037-8bb3a9735d1c,779036c2-a48e-4430-b23a-0667e3a7ffd4,253ea542-c762-42e9-8125-3c936fbe0802,6c45ab38-ef65-4d88-a346-ebfc92b91bda,TRUE,2026-04-08 19:12:39
6ec8c402-d41c-4d0c-a29e-99bf38f8229f,7bf6ec9d-ce35-43c5-8ffa-8b38ed1410d7,6811ccae-9458-4fdf-95e6-6495ab506c4a,d7ecb162-bda4-41d6-a676-19978d199d50,TRUE,2026-04-08 19:12:39
eaecf058-6569-41f3-8ef0-cc0467f11140,1e0bdbb7-2ca9-43e5-9e42-e8d77ea6057b,9f28e84e-d7e5-4d86-a762-882156d6555d,c7ded01b-6237-4354-91b5-880fe2ad8b76,TRUE,2026-04-08 19:12:39
430ca06d-ff39-4938-ae37-b39472742d3d,c7172c79-f07c-41f1-86c1-9256446edeaf,d9ded107-db56-4362-9660-f034f2aad13e,a77f5060-60fe-4ab9-b02a-76d452c21187,TRUE,2026-04-08 19:12:39
a8822ed4-3a14-4daa-aeb9-1782a5721c4d,a66e1e0b-cac4-4ead-aefa-026905f18a8d,077efb35-8940-4d91-a66c-91b50b83e640,41fdab46-001f-4bec-801f-71ed6204b6cf,TRUE,2026-04-08 19:12:39
1b9f0d4c-b6f5-46d0-9de3-a9b255bb95e3,d280fb07-6309-4d6e-8a25-4f433c657c0d,197fcbc8-7a73-40b5-802f-fa829cd49329,e8bcbcab-5c6d-44cb-aeeb-8632016ca3cd,TRUE,2026-04-08 19:12:39
810d4ef7-646f-4854-883d-09a1809490d5,54e14ae3-231e-4473-84cd-055c480829e3,f3cd0829-e890-4cee-a65b-14720f2e5ca6,51c8d4b8-6fa6-43cd-9b6d-c377fc0f702d,TRUE,2026-04-08 19:12:39
8ddc2b4e-b9d0-4c80-8878-1826981a21d1,f291d674-8696-4984-94cc-2d8b20fd4fea,ab4d9d97-e35f-4992-a8fd-69ed66a8d558,fa6c1386-87ef-46a9-9d86-8a9704986ceb,TRUE,2026-04-08 19:12:39
837adc38-2542-4ebf-8819-48eb818efbd0,32f85360-10ad-4389-94c4-b2585c6c8cea,fc051f5d-8e18-4c46-ba41-1a4307de9fa6,7cf8b794-a647-42ee-9263-d5ac098efb89,TRUE,2026-04-08 19:12:39
6994a7b4-44bf-4bcf-8ba4-e24e0f8274d5,0a97aa3b-9fc4-43b0-a02b-498da3e7b31b,2da5c536-4da6-41a3-9a53-c2e3f161f906,d7ecb162-bda4-41d6-a676-19978d199d50,TRUE,2026-04-08 19:12:39
99c30dd6-afbd-4237-ad3f-eb944d51a22f,7adfbdbc-7665-453f-94e2-c62b73c18cf1,253ea542-c762-42e9-8125-3c936fbe0802,3f5a35ad-a83e-4fc0-9d51-3aeb48af9338,TRUE,2026-04-08 19:12:39
904e0f3c-691e-4d8f-9e2a-97d859f51946,9a5dc1b7-5cc4-49ee-bf19-aeda9bab2ae9,253ea542-c762-42e9-8125-3c936fbe0802,3f5a35ad-a83e-4fc0-9d51-3aeb48af9338,TRUE,2026-04-08 19:12:39
ed0e07c8-07b8-49a2-95bc-ad37ecc56a5d,9a03d1d5-de16-4f14-98a9-2d05a0e153aa,253ea542-c762-42e9-8125-3c936fbe0802,3f5a35ad-a83e-4fc0-9d51-3aeb48af9338,TRUE,2026-04-08 19:12:39
fc561f34-464f-49bb-96dc-a9196e1501d2,99b6bb30-cd16-4faa-80b3-df2f4fc9b363,f3cd0829-e890-4cee-a65b-14720f2e5ca6,52516b73-69d8-4c14-818d-4e1c4498d704,TRUE,2026-04-08 19:12:39
7025a9ae-bb9c-4795-8f07-cbe250b2601e,3539cf99-9046-4f19-a0e0-bc47ca9c03d9,75e74f36-5be1-4048-b0a2-3460dd418f90,77255925-a9bc-4075-8107-11601ca8c4a2,TRUE,2026-04-08 19:12:39
f2f28a6f-a868-48ac-be9c-b01a7acc24ec,24bd542b-ec90-491e-bb51-a44914bb4b3e,15f7233e-d7ab-4258-a5e4-238d22d79bae,fbc6fd88-cc64-4e20-91ad-e6303e217def,TRUE,2026-04-08 19:12:39
c3b2e8e6-0e08-426b-9efe-a6701ff84a26,2d8691e7-0edc-43eb-9983-73ad09c1afc3,9f28e84e-d7e5-4d86-a762-882156d6555d,c7ded01b-6237-4354-91b5-880fe2ad8b76,TRUE,2026-04-08 19:12:39
cc031006-bcd1-425e-89a5-b1e1e9d0ae55,3591da6f-7c53-454b-b7fa-07f3c9ac2d05,fc051f5d-8e18-4c46-ba41-1a4307de9fa6,d3300812-d73f-487b-be1d-acf41290b04b,TRUE,2026-04-08 19:12:39
9ce6e13c-fa16-4090-b7cd-802adf8c1218,bcc586e2-34a2-4e5e-9f74-d40560632f55,15f7233e-d7ab-4258-a5e4-238d22d79bae,fbc6fd88-cc64-4e20-91ad-e6303e217def,TRUE,2026-04-08 19:12:39
d2254435-704e-43e0-9044-ebad6b6fa7c5,2349df98-d721-406c-b93c-f0adfc79b0a4,fc051f5d-8e18-4c46-ba41-1a4307de9fa6,7cf8b794-a647-42ee-9263-d5ac098efb89,TRUE,2026-04-08 19:12:39
67c5d25d-311c-4010-bd2c-3426436dd24a,83ebf55f-996f-44de-bef7-5b72815675a0,51f1d7ae-df00-4939-92c0-b514896d2224,787a0d18-03e3-4856-bd1d-bb0a05f0e6d1,TRUE,2026-04-08 19:12:39
a426f423-6e74-4ee5-bf1e-0b5ae3f54020,0edb2d29-3692-478b-a111-6c5bb222d2fa,cf0fb074-ae87-4149-b7ac-b9093592516d,cecb41cc-701d-4d12-a2e5-3cade08c225e,TRUE,2026-04-08 19:12:39
f9c43162-638c-4161-bf8d-75955cefce9f,5622c818-c25c-474a-a68c-afd069ebd2e6,a0632d65-9e2a-4ce8-b09c-ce19f936c28b,104cbf39-e368-4812-b68c-395f5dec6f77,TRUE,2026-04-08 19:12:39
1a5a1295-f82e-44f0-acc3-b9e2b5432d5e,f7dffa56-a84a-4920-81bd-21e9172cf89d,fc051f5d-8e18-4c46-ba41-1a4307de9fa6,5735c097-1166-48ea-9f20-d07611477930,TRUE,2026-04-08 19:12:39
70e35462-0830-4c32-b346-3d215aa61af2,2d582261-0355-447e-8327-50aaf584dded,7a35c70a-5d17-4ebc-903c-128c5c215c7a,e0bcd874-5929-4bfc-b486-873b6fb707ef,TRUE,2026-04-08 19:12:39
05e71063-be1d-4029-ad81-2bc51603c932,a7c79923-4ad4-4a62-9ea4-6969760a3937,253ea542-c762-42e9-8125-3c936fbe0802,7a151788-93dd-43a6-87b9-40272df6f10a,TRUE,2026-04-08 19:12:39
13a1a068-2044-480c-8dca-810b0f0b7fa7,60cee225-80bc-476a-9199-2717f362c3c7,7a35c70a-5d17-4ebc-903c-128c5c215c7a,b2582a7e-9ae1-4f5c-b527-254ea3cd3804,TRUE,2026-04-08 19:12:39
9d1d75a0-9ef2-418e-8449-7870b7571e3e,cf7c4c0b-ee87-4101-aea6-2bef09a1c3b0,7a35c70a-5d17-4ebc-903c-128c5c215c7a,e0bcd874-5929-4bfc-b486-873b6fb707ef,TRUE,2026-04-08 19:12:39
a473e623-619c-472e-8400-d05ced3de040,7fafafd9-1f00-4da8-8b47-8eba02f32b44,253ea542-c762-42e9-8125-3c936fbe0802,d7ecb162-bda4-41d6-a676-19978d199d50,TRUE,2026-04-08 19:12:39
522075e8-0270-4cb7-afe1-8f868cc58298,8af2a221-7511-4215-bb5b-04728be3be51,35795dfe-e16a-408d-9677-5f13c3d4ff83,d7ecb162-bda4-41d6-a676-19978d199d50,TRUE,2026-04-08 19:12:39
edf2e132-815a-4111-9278-c458b66de1d3,fcfe5396-2d0e-479e-b493-a2f0a33e0247,ab4d9d97-e35f-4992-a8fd-69ed66a8d558,292450d3-3e76-4bbc-ada2-0041b96cf028,TRUE,2026-04-08 19:12:39
0c4e99df-fb1b-43be-8a20-675db1a3cb40,de0c7987-a5f1-4174-9cd4-7ceeafeb1489,15f7233e-d7ab-4258-a5e4-238d22d79bae,d7ecb162-bda4-41d6-a676-19978d199d50,TRUE,2026-04-08 19:12:39
c8e86328-c58e-4422-bbdc-6c402f3ba1da,921b4ea2-6d8b-411f-a585-c33ad621a339,7a35c70a-5d17-4ebc-903c-128c5c215c7a,e0bcd874-5929-4bfc-b486-873b6fb707ef,TRUE,2026-04-08 19:12:39
3a84f032-1a0b-4e55-80a5-175249062992,abcf3077-e95b-4c99-a66e-274cd479f409,253ea542-c762-42e9-8125-3c936fbe0802,5dd63d1c-750f-4adf-a6bc-909313840b65,TRUE,2026-04-08 19:12:39
77ce21a4-7aa2-4346-a211-78fef5db301e,676542ca-ef0f-4f78-96d9-5b374e6aceec,fc051f5d-8e18-4c46-ba41-1a4307de9fa6,5735c097-1166-48ea-9f20-d07611477930,TRUE,2026-04-08 19:12:39
bb5690a3-c06a-441a-b8fa-cd15e84aaf5f,7b2a4825-f584-44ee-a508-79e7b5abca5c,7a35c70a-5d17-4ebc-903c-128c5c215c7a,d7ecb162-bda4-41d6-a676-19978d199d50,TRUE,2026-04-08 19:12:39
f4015852-7ab7-4e71-a170-2d8eb6faf51b,95aee600-0241-4108-acfb-bb4c8e7eaba6,d27bb515-4906-49b3-91a6-dc5c87863105,aeda2d5d-0675-49e3-9d41-806614c3720b,TRUE,2026-04-08 19:12:39
fd07f5f8-4061-46ea-a750-c5af6cfdf9fd,394e0365-8448-451c-b6ab-745e676f6fac,d9ded107-db56-4362-9660-f034f2aad13e,bd86fd44-c0d1-4a51-9bb6-01b7063e6ba8,TRUE,2026-04-08 19:12:39
06328909-8021-42bb-839d-c71c231527d9,b0e973ca-f196-4128-9325-c25d152c7637,fac266f6-62c9-4401-9cba-379d85f33a1d,e68312f6-7c79-4330-bf39-4e77bae33957,TRUE,2026-04-08 19:12:39
6fc7849b-c210-4064-8932-a8249be2c3ff,ee25041e-9e48-4336-9e01-674bda8a31a7,f3cd0829-e890-4cee-a65b-14720f2e5ca6,76065b47-d896-4957-9702-e6d10e263f9f,TRUE,2026-04-08 19:12:39
77e3e367-9a53-4d79-a252-6c7a2405a1ac,2145428c-aeeb-4a85-9811-f410442816e8,253ea542-c762-42e9-8125-3c936fbe0802,eacca6e8-5761-4752-91cd-9bbc46538e75,TRUE,2026-04-08 19:12:39
cb0f097b-196f-42f6-87c6-3769e9d9404f,7bac3e25-40d9-41b6-91bf-ea65abc9717e,253ea542-c762-42e9-8125-3c936fbe0802,6c45ab38-ef65-4d88-a346-ebfc92b91bda,TRUE,2026-04-08 19:12:39
0b14ac21-d3a0-487c-99ec-b4a6503f5778,b567b9d0-4d97-411c-8545-d582874065bd,75e74f36-5be1-4048-b0a2-3460dd418f90,c7890580-19d9-48e0-8eb3-955e2c1b67c9,TRUE,2026-04-08 19:12:39
5a0b6d69-c857-4752-ae53-0d08e0477a33,814a612a-6158-4fae-be89-222018f0e090,d9ded107-db56-4362-9660-f034f2aad13e,3cd4d8fc-f767-449a-aec7-19a39f7c5cc6,TRUE,2026-04-08 19:12:39
1a702840-501e-47a3-9f2b-595d7e6f4c84,caad0948-0e6d-4407-9dc6-dea7c0457a4c,6811ccae-9458-4fdf-95e6-6495ab506c4a,d7ecb162-bda4-41d6-a676-19978d199d50,TRUE,2026-04-08 19:12:39
6e533468-06e6-4b50-bd3c-33c3f05c8678,d02b084a-6a52-49fe-8d64-4def09ed7472,e82189ec-b2b2-490a-9a4a-d3b91b936649,0adfefeb-485f-44dd-a3fb-6e729c43c3df,TRUE,2026-04-08 19:12:39
d23a88eb-782a-4afc-a8c7-e23f31b3aebb,782e3994-d28a-4704-83ed-9c8f95f61ea5,cf0fb074-ae87-4149-b7ac-b9093592516d,3c447c30-837b-42fe-b230-33fe559612b1,TRUE,2026-04-08 19:12:39
5bcd057b-4dfe-47d9-8454-cd23ef349129,65ff230f-e589-43c2-8c64-ed8a1d638ee4,253ea542-c762-42e9-8125-3c936fbe0802,02c27fd6-813a-46c3-84bc-12adec5a23aa,TRUE,2026-04-08 19:12:39
c3b2b8ee-626e-46de-8d25-a5732d14fc70,d3142241-3944-4f0b-b190-e9a51a42a785,197fcbc8-7a73-40b5-802f-fa829cd49329,5c435ef0-bddd-4020-8e1d-7667b48e1a21,TRUE,2026-04-08 19:12:39
44c3fc17-7971-48e8-b91f-e0728502cf8b,4053ff81-ad00-4cdb-824b-b8e44abfd1fc,6811ccae-9458-4fdf-95e6-6495ab506c4a,97ce340d-f1b7-42c4-86b2-3d30865edfcc,TRUE,2026-04-08 19:12:39
c0c9e0b8-b51c-403c-847e-520efcc5e2dd,90271c05-0d22-4ce8-a24c-38192b8f698f,253ea542-c762-42e9-8125-3c936fbe0802,0cf48922-2bec-4f61-a310-1e3072e65398,TRUE,2026-04-08 19:12:39
a8f6f052-0dfd-4f06-920f-b7fa4144310e,58054735-cd16-4c32-9322-2c1a53d85a84,ef981386-a070-4da0-b638-b72f7ca3ea47,5c435ef0-bddd-4020-8e1d-7667b48e1a21,TRUE,2026-04-08 19:12:39
4308b917-8e64-4082-b420-fae06586a095,050e8d07-cb8d-49ee-8029-ba69b5828858,253ea542-c762-42e9-8125-3c936fbe0802,7a151788-93dd-43a6-87b9-40272df6f10a,TRUE,2026-04-08 19:12:39
d8d1e499-47cf-44c5-b74e-2967117d447c,b34f96af-904c-41f6-ad36-d04357339430,253ea542-c762-42e9-8125-3c936fbe0802,318a6d2c-4018-49b2-99ad-e2032c78e702,TRUE,2026-04-08 19:12:39
1c677ef5-a153-4bdc-b4bc-71a1ae938531,129eec35-610a-46e9-a246-344a796947eb,f3cd0829-e890-4cee-a65b-14720f2e5ca6,51c8d4b8-6fa6-43cd-9b6d-c377fc0f702d,TRUE,2026-04-08 19:12:39
d7bed8d4-cd45-4d92-9f6a-81a05a4f0f16,364a9c37-3765-4e39-a5e9-8203c2d1c0f5,21d0efa4-b0bd-4dc9-91a1-72ae80a83703,a25ea89b-d569-467a-b612-6049016464ef,TRUE,2026-04-08 19:12:39
27627ce1-1b50-4a8f-94f1-b0a06a16df66,a111f3fd-8e32-4124-99a1-4f9fe5237c34,75e74f36-5be1-4048-b0a2-3460dd418f90,c7890580-19d9-48e0-8eb3-955e2c1b67c9,TRUE,2026-04-08 19:12:39
6a25a7ed-0964-4643-8bb8-b4da473e8d72,86acb9b3-81c1-4e0c-9115-d284045254ba,d9ded107-db56-4362-9660-f034f2aad13e,fbfdf79e-7c18-45ae-bc26-44f20ca896a9,TRUE,2026-04-08 19:12:39
ca9f615e-64dd-4ce4-9d28-0c1f5de469a3,24a8a9a5-f3fb-42f3-80c4-1b6e0f427ea8,253ea542-c762-42e9-8125-3c936fbe0802,d7ecb162-bda4-41d6-a676-19978d199d50,TRUE,2026-04-08 19:12:39
bf409ef3-cda2-4826-9aad-44ec6d767502,0844fed1-bb49-4aca-8a29-afde6919cef0,e2ad0972-ab1a-43a9-89d0-d07a5ac4c90c,ec293998-d968-49b1-8406-366481f02d18,TRUE,2026-04-08 19:12:39
e9683715-602c-49e7-b3e5-0f20fdbf5b35,e3323346-4803-4340-b9ad-78152847e630,e2ad0972-ab1a-43a9-89d0-d07a5ac4c90c,e46e3040-64c1-4103-a36f-db2096c13e93,TRUE,2026-04-08 19:12:39
ec437ab6-6921-4dcb-929c-980619c95cec,749ecfda-4849-457b-b481-728774130ba6,253ea542-c762-42e9-8125-3c936fbe0802,f79bfee0-5bf8-45f8-8b7e-bd7104015f6f,TRUE,2026-04-08 19:12:39
84419a5e-ea94-41ed-8938-4d9b2ccffba8,cae0145c-b5db-4934-afaa-05bf72f35b60,35795dfe-e16a-408d-9677-5f13c3d4ff83,d7ecb162-bda4-41d6-a676-19978d199d50,TRUE,2026-04-08 19:12:39
5db05b68-4dc7-4c22-95fb-e0bf6db7aff2,f154ff1d-e9ed-4cb5-9a5a-46ba4bc4ed43,6811ccae-9458-4fdf-95e6-6495ab506c4a,d7ecb162-bda4-41d6-a676-19978d199d50,TRUE,2026-04-08 19:12:39
3a373906-af36-473b-afca-a8a6267004f0,1fe643d6-d66c-44d8-ac9c-004ae9247b6e,f3cd0829-e890-4cee-a65b-14720f2e5ca6,1fd9dda0-397e-4141-b759-f060b15606bb,TRUE,2026-04-08 19:12:39
a3cc3ebe-f765-484a-9c3c-9d88c59cffa2,160c394d-06de-4481-b49c-60fccfe7f650,197fcbc8-7a73-40b5-802f-fa829cd49329,5c435ef0-bddd-4020-8e1d-7667b48e1a21,TRUE,2026-04-08 19:12:39
a8a7b2ff-e385-45b1-9fda-7be94efffe84,85185d3f-69c8-4b7a-99ab-4fab240aee7b,f6cdcfcf-7335-4d75-b671-9eec522e46f7,5385b64e-08cd-48b2-89d4-4f70f97620c3,TRUE,2026-04-08 19:12:39
e31511b1-7643-46d5-a4ce-7d7069c345df,50980caa-03d2-456a-a2d4-9d2b8bf65a62,7a35c70a-5d17-4ebc-903c-128c5c215c7a,b4faa673-7bd4-4c2f-b84b-738d9f9d997a,TRUE,2026-04-08 19:12:39
5bd2f7ec-4f67-479e-bf4d-6df89f59783a,2b32ed25-3109-4c79-bf34-f221a9eac582,d9ded107-db56-4362-9660-f034f2aad13e,c141841d-c152-4775-aff0-1fd7a82ec852,TRUE,2026-04-08 19:12:39
bcfeeb95-2c14-4352-872d-80ce3abf547f,5fad3028-2310-453b-8c19-ce6775f23c05,253ea542-c762-42e9-8125-3c936fbe0802,2860371f-6b77-45ad-b583-cb20033f9857,TRUE,2026-04-08 19:12:39
f2e6870e-770d-4c94-b41a-e9c4fd3cf013,951cc471-6d88-4b6c-8a93-2fe7846b70f0,f3cd0829-e890-4cee-a65b-14720f2e5ca6,52516b73-69d8-4c14-818d-4e1c4498d704,TRUE,2026-04-08 19:12:39
d8e9926f-dc5e-4099-9599-35e51958ba88,dd3d703a-3b2c-4d57-b348-e895b21752e9,f3cd0829-e890-4cee-a65b-14720f2e5ca6,51c8d4b8-6fa6-43cd-9b6d-c377fc0f702d,TRUE,2026-04-08 19:12:39
92de6e6f-e6fb-46c4-815f-71c85494ca7a,f3a93951-5c80-47e3-8e2f-8b00092c30af,253ea542-c762-42e9-8125-3c936fbe0802,d7ecb162-bda4-41d6-a676-19978d199d50,TRUE,2026-04-08 19:12:39
4abbccc7-35ee-4893-ac59-2fc4bd673d34,90ea8618-ceab-4793-8dd1-462eb52ade0c,35795dfe-e16a-408d-9677-5f13c3d4ff83,d7ecb162-bda4-41d6-a676-19978d199d50,TRUE,2026-04-08 19:12:39
c899d0f8-14f1-4274-85c5-a78e15531758,e17a240d-eec1-42b0-97aa-2694be25627d,253ea542-c762-42e9-8125-3c936fbe0802,ce80c6f7-5e37-4e16-8663-ae629d7efe96,TRUE,2026-04-08 19:12:39
52e4ed29-413a-44cb-af8c-d94d36df4a8a,981f77a7-4c84-4f67-9f30-688bc67fd2ba,6811ccae-9458-4fdf-95e6-6495ab506c4a,e31c0388-d2af-4759-8dd5-4103a15ab672,TRUE,2026-04-08 19:12:39
bb264fee-904a-4c71-840d-d2513e552d24,054262c1-4e0e-4d26-875c-29a5d07bf244,6811ccae-9458-4fdf-95e6-6495ab506c4a,3a7df198-567b-47b8-84ef-42c9cd57ec70,TRUE,2026-04-08 19:12:39
774ae685-9873-44eb-b1af-0acf603c5999,c29a1e91-ae02-47c0-bbab-0f739d9a1eab,6811ccae-9458-4fdf-95e6-6495ab506c4a,e31c0388-d2af-4759-8dd5-4103a15ab672,TRUE,2026-04-08 19:12:39
f6873344-04f2-4431-966c-099f5d855186,4561c522-6ec1-4785-84ea-e3ce31f99a6b,35795dfe-e16a-408d-9677-5f13c3d4ff83,d7ecb162-bda4-41d6-a676-19978d199d50,TRUE,2026-04-08 19:12:39
d74a6ec1-b53f-4eda-9f8e-1c39e54bf87f,a4042fdf-704c-4dc5-bd9a-d951024c2dc8,253ea542-c762-42e9-8125-3c936fbe0802,d7ecb162-bda4-41d6-a676-19978d199d50,TRUE,2026-04-08 19:12:39
e91e0ac1-87d8-4da7-88e6-a0557ea14596,3e01a677-1167-44c8-85aa-29c0fd73ac43,6811ccae-9458-4fdf-95e6-6495ab506c4a,d7ecb162-bda4-41d6-a676-19978d199d50,TRUE,2026-04-08 19:12:39
e057742a-f4f1-4357-b490-7bab5bf1f8e3,9a6ffe7c-daab-4e5b-9549-e8d71e5c6fc0,253ea542-c762-42e9-8125-3c936fbe0802,2860371f-6b77-45ad-b583-cb20033f9857,TRUE,2026-04-08 19:12:39
4cd5bff2-c98e-4a9c-8577-13555a5e3886,f178233d-3364-416b-bb7c-941ed4a24276,253ea542-c762-42e9-8125-3c936fbe0802,318a6d2c-4018-49b2-99ad-e2032c78e702,TRUE,2026-04-08 19:12:39
92da20d4-9a43-4df3-862b-508f2bc5f7f1,bd280c25-17d8-4d0b-92f5-fb6485534aa5,9f28e84e-d7e5-4d86-a762-882156d6555d,c7ded01b-6237-4354-91b5-880fe2ad8b76,TRUE,2026-04-08 19:12:39
5bef0962-25ba-4ccc-9e59-685c8b6331d6,6c8ab1a6-d595-40c3-b18d-c7db01a70a3d,077efb35-8940-4d91-a66c-91b50b83e640,d7ecb162-bda4-41d6-a676-19978d199d50,TRUE,2026-04-08 19:12:39
07eed6ef-6593-4b75-b073-15d56edfaacf,f725610b-45c3-478a-94f3-48e366acaadb,077efb35-8940-4d91-a66c-91b50b83e640,eacca6e8-5761-4752-91cd-9bbc46538e75,TRUE,2026-04-08 19:12:39
4e85463c-2c82-4079-95e5-ae3f42dad5e7,56d7d4cb-50b0-4cb5-b53f-3436eae5aefd,35795dfe-e16a-408d-9677-5f13c3d4ff83,eacca6e8-5761-4752-91cd-9bbc46538e75,TRUE,2026-04-08 19:12:39
1e044008-a484-4e58-b474-16892ab4ad66,d6b4b438-18db-42bc-a7e3-8cf2dba5eb88,89ac15fd-fcc1-4185-aef5-7f10ee7dc668,4f54a419-e907-4b68-944f-f3f809c5244b,TRUE,2026-04-08 19:12:39
53ada446-decd-4fd4-962a-d3f27e085327,38c234fc-7b6e-44ff-befa-495ada6db4bf,f3cd0829-e890-4cee-a65b-14720f2e5ca6,d7ecb162-bda4-41d6-a676-19978d199d50,TRUE,2026-04-08 19:12:39
19b8b2af-b7a3-485e-8dc5-8e69de75ee55,7cc73890-b426-4c12-86f9-1d5316168d5a,d9ded107-db56-4362-9660-f034f2aad13e,a77f5060-60fe-4ab9-b02a-76d452c21187,TRUE,2026-04-08 19:12:39
70f3b780-47b1-46c1-89bc-970c69cebe6e,0ff63814-dac0-4bb7-bc8b-9e04ed8ade12,e82189ec-b2b2-490a-9a4a-d3b91b936649,97243cdd-4d9d-4baa-b817-b7d9c88a29f5,TRUE,2026-04-08 19:12:39
d289477f-012f-4358-adc1-d6e99a66d3e8,432cd287-63bc-4d74-abaa-a9ba0ca95d70,11ef84e7-52a3-483f-a88b-0f17699fc175,e492557e-5de4-45db-9eca-234f3aec8366,TRUE,2026-04-08 19:12:39
d5902911-2c38-462c-b288-9ff47a313832,8e644323-0356-4db4-b87b-060ee75d58e7,7a35c70a-5d17-4ebc-903c-128c5c215c7a,d4cd76ab-bc6e-4ca2-91be-2d27b1ba040d,TRUE,2026-04-08 19:12:39
58a72d14-2c92-4399-a7fd-602da0eacbd7,64b235e9-9faf-4f82-a321-c7608f654447,ef981386-a070-4da0-b638-b72f7ca3ea47,5c435ef0-bddd-4020-8e1d-7667b48e1a21,TRUE,2026-04-08 19:12:39
3e98759f-5444-417c-a734-438d329945e8,dedb296a-f064-4418-aa37-0893c5ba1b00,d9ded107-db56-4362-9660-f034f2aad13e,a77f5060-60fe-4ab9-b02a-76d452c21187,TRUE,2026-04-08 19:12:39
13701b33-3e3f-4c42-b645-951cd6e507c4,10f49ef7-a567-4bbf-9a02-c9275afc01eb,f3cd0829-e890-4cee-a65b-14720f2e5ca6,76065b47-d896-4957-9702-e6d10e263f9f,TRUE,2026-04-08 19:12:39
1ea212aa-5bcb-4704-9d5a-e01b6809f0a5,a1493b5e-0543-4452-9067-7c5f7b754c44,d9ded107-db56-4362-9660-f034f2aad13e,eacca6e8-5761-4752-91cd-9bbc46538e75,TRUE,2026-04-08 19:12:39
1734173f-57ac-478f-add4-c1b03b3cc4dc,6a9c0ba7-43e9-431e-9938-0a621b01313d,253ea542-c762-42e9-8125-3c936fbe0802,d7ecb162-bda4-41d6-a676-19978d199d50,TRUE,2026-04-08 19:12:39
1a42222f-616b-4479-82ed-0164b373eb53,59dc22f8-6053-4e48-8d1a-27fcf91afdae,e82189ec-b2b2-490a-9a4a-d3b91b936649,a53f9ea3-156b-44d2-9086-220d2f0e749a,TRUE,2026-04-08 19:12:39
f39f9146-0abf-41a6-8b78-2aae846af50e,fe93d460-6134-4985-ac4d-9665ca06fb10,21d0efa4-b0bd-4dc9-91a1-72ae80a83703,eacca6e8-5761-4752-91cd-9bbc46538e75,TRUE,2026-04-08 19:12:39
b7f482a2-0eb5-457c-a071-e23a7f4b36f1,2c5e32be-f9f9-4329-b3c2-a3b09eebe2b8,75e74f36-5be1-4048-b0a2-3460dd418f90,77255925-a9bc-4075-8107-11601ca8c4a2,TRUE,2026-04-08 19:12:39
e5e8a643-307b-4a49-be3d-6d3ab14676f2,e7d18d1f-fe73-4333-842c-7baf64fa8627,f3cd0829-e890-4cee-a65b-14720f2e5ca6,1fd9dda0-397e-4141-b759-f060b15606bb,TRUE,2026-04-08 19:12:39
001df635-1e18-4225-bd07-6104666e10ed,347c9cd3-9b11-49be-93f8-098d0e2f2a53,253ea542-c762-42e9-8125-3c936fbe0802,ce80c6f7-5e37-4e16-8663-ae629d7efe96,TRUE,2026-04-08 19:12:39
fcfa71b1-673a-4c3d-b3c9-9216dcd5067b,461c9191-2310-4c0d-96ca-7f8e10a1aa7e,253ea542-c762-42e9-8125-3c936fbe0802,73ab3fca-528b-45b4-ab2b-1f6cafc3918b,TRUE,2026-04-08 19:12:39
13925d7b-51f5-49ca-849b-59b6710d162c,2061b839-e810-4ecc-9b15-86a97286d7a2,d27bb515-4906-49b3-91a6-dc5c87863105,aeda2d5d-0675-49e3-9d41-806614c3720b,TRUE,2026-04-08 19:12:39
b6a7ba2b-2c24-4c67-b83d-1997792d2556,08ba0ca2-781f-4c42-8aa1-64396ada6fca,a0632d65-9e2a-4ce8-b09c-ce19f936c28b,724c0e5f-cc65-4d0f-8f4d-e8ebaed6b97a,TRUE,2026-04-08 19:12:39
6390499f-ab7f-4cd2-888a-bf7e6b9d1c9d,6b95311a-4ff4-490c-b9d5-16744bb967dc,e82189ec-b2b2-490a-9a4a-d3b91b936649,a53f9ea3-156b-44d2-9086-220d2f0e749a,TRUE,2026-04-08 19:12:39
951f40fa-6c6e-40ed-96ff-227b158d210c,e1ed6ecc-1aba-40fc-a2df-86facd23e5e6,d9ded107-db56-4362-9660-f034f2aad13e,c6be9132-e88b-44e4-99a2-4391b376a6b1,TRUE,2026-04-08 19:12:39
38bc78b0-c248-45d9-9f06-2f1f924ca6e9,2638b80b-5734-464a-bafe-fe2bfd2bd365,21d0efa4-b0bd-4dc9-91a1-72ae80a83703,a25ea89b-d569-467a-b612-6049016464ef,TRUE,2026-04-08 19:12:39
ed701b63-96c1-4f70-b22a-929814492468,a658677b-1db9-4aa6-8436-7f0b14d30e61,d9ded107-db56-4362-9660-f034f2aad13e,fbfdf79e-7c18-45ae-bc26-44f20ca896a9,TRUE,2026-04-08 19:12:39
236a2e13-e565-4ec5-ba59-c332d05a2e7f,6e0255bf-313e-4d55-a8f1-4d3bef72e9cb,253ea542-c762-42e9-8125-3c936fbe0802,318a6d2c-4018-49b2-99ad-e2032c78e702,TRUE,2026-04-08 19:12:39
716f8421-a417-404e-bb2d-366b687a09ef,1d34102a-aab4-4a45-b78a-7d4225ae27be,d9ded107-db56-4362-9660-f034f2aad13e,fbfdf79e-7c18-45ae-bc26-44f20ca896a9,TRUE,2026-04-08 19:12:39
c7e2dac8-ab63-43f3-9254-ca1249c40d2d,bea46b79-4244-4576-85e4-528ac556136b,d9ded107-db56-4362-9660-f034f2aad13e,c850578a-4596-4c05-b769-b91925c23c30,TRUE,2026-04-08 19:12:39
e139e06f-fb30-464b-8095-56979b0a691c,8d7cffb9-1d5d-471e-9af9-e3f0a99bb369,a7661018-6f30-438d-a26a-5cebbb1a6191,d7ecb162-bda4-41d6-a676-19978d199d50,TRUE,2026-04-08 19:12:39
be08c27e-bfe4-4f61-a8a6-05baf3b0aa34,72ee4dd0-0ecf-483c-9a06-78f73c613de2,197fcbc8-7a73-40b5-802f-fa829cd49329,7aca039e-d723-43a5-b97d-b54b07fc5373,TRUE,2026-04-08 19:12:39
0a4d2fc9-e7cc-4331-8723-b3e158c71d0f,26b22c13-1e0a-4ba6-9be2-e66f13efa503,6811ccae-9458-4fdf-95e6-6495ab506c4a,3a7df198-567b-47b8-84ef-42c9cd57ec70,TRUE,2026-04-08 19:12:39
1ab9ad43-99a6-4c63-bc8e-ad6ee0efea00,f668fec4-839b-427e-b59d-33d21fba5dc6,253ea542-c762-42e9-8125-3c936fbe0802,f79bfee0-5bf8-45f8-8b7e-bd7104015f6f,TRUE,2026-04-08 19:12:39
f6ce036c-e099-4768-b274-4db0a59bdd14,a0ba16d3-d191-47b4-a6c8-fe2d38623b8c,197fcbc8-7a73-40b5-802f-fa829cd49329,5c435ef0-bddd-4020-8e1d-7667b48e1a21,TRUE,2026-04-08 19:12:39
6130fddd-e852-4892-9390-ebf88bb1d5da,e6c8cc8a-a1a3-494f-ad5e-58bbbcc820b2,c4e844ab-fdfd-454a-a2c8-3da8b53d6a08,d7ecb162-bda4-41d6-a676-19978d199d50,TRUE,2026-04-08 19:12:39
ab8cca98-775a-4811-882e-39a00c811fec,e4087fad-a30f-4b77-b103-34fad162a057,d9ded107-db56-4362-9660-f034f2aad13e,c850578a-4596-4c05-b769-b91925c23c30,TRUE,2026-04-08 19:12:39
d31f810d-3adf-4e2a-aa33-9c2788612b86,045fc82d-9a9a-4c27-8d45-0ca81f079da5,9f28e84e-d7e5-4d86-a762-882156d6555d,844a7e56-0176-4912-97d4-613aa604d733,TRUE,2026-04-08 19:12:39
510ba374-288d-452f-8d42-89dcd1344b30,d4a98fa0-392a-4d1a-a604-8d6b7192d0fc,d27bb515-4906-49b3-91a6-dc5c87863105,dfd3bf0e-9d42-4422-b733-2c45a3da1ce6,TRUE,2026-04-08 19:12:39
71d7c154-220c-46e3-b277-63e5831ae2d4,7458e7b0-d0ef-4b53-a5e4-86841a6f2cb8,fc051f5d-8e18-4c46-ba41-1a4307de9fa6,5735c097-1166-48ea-9f20-d07611477930,TRUE,2026-04-08 19:12:39
d6aded7a-4807-45d0-b5f9-56d432509180,f820283f-e6d8-4a5a-a986-8137c8b312c6,15f7233e-d7ab-4258-a5e4-238d22d79bae,48432ad7-0f4c-455d-aa50-c133d1b66b05,TRUE,2026-04-08 19:12:39
1c84d8ac-a194-4d5b-8909-1d7150cce3e1,d1064201-71bd-4e54-8900-e6cf6f3dd68b,cf0fb074-ae87-4149-b7ac-b9093592516d,95a587c7-4075-4f01-8c0e-ffdbd2ed7939,TRUE,2026-04-08 19:12:39
912cae7d-8d6f-459c-9590-fce632d8d0b2,7eb7d756-6cb1-477f-8fc8-49359f771bd3,077efb35-8940-4d91-a66c-91b50b83e640,aca97359-6c58-46b8-a594-fe93448720f9,TRUE,2026-04-08 19:12:39
ba8696fa-0aff-4633-8982-2aa6941a2b4f,e46f16cd-b422-4b25-ac13-3b1cb3a29296,d9ded107-db56-4362-9660-f034f2aad13e,fbfdf79e-7c18-45ae-bc26-44f20ca896a9,TRUE,2026-04-08 19:12:39
c6ccd19c-8372-4e55-9fa8-75ee85860c26,16f64bb0-ea2d-4edc-a301-70f1bc51f9ed,fc051f5d-8e18-4c46-ba41-1a4307de9fa6,a6b3c920-ec1d-432a-bd38-90a5cbfd41ae,TRUE,2026-04-08 19:12:39
3c6427f7-6020-41b9-8653-2514ad392046,a0922ba5-811a-4855-a870-b6bab5684f21,d9ded107-db56-4362-9660-f034f2aad13e,a77f5060-60fe-4ab9-b02a-76d452c21187,TRUE,2026-04-08 19:12:39
b4497774-892b-416f-a591-9ac1e9176f61,e6d04fb6-613a-49c5-b20b-ede8c3baee19,15f7233e-d7ab-4258-a5e4-238d22d79bae,fbc6fd88-cc64-4e20-91ad-e6303e217def,TRUE,2026-04-08 19:12:39
2b95ae3a-1c5d-4afb-b245-164e03be4281,72eda969-4808-4bb9-9ccb-785c512eee76,d9ded107-db56-4362-9660-f034f2aad13e,1168b0af-db1d-4375-b359-3c752957f6b6,TRUE,2026-04-08 19:12:39
4cf53ffd-84a7-4e2f-b458-30be7fd17449,b06bd829-35a8-4121-b74b-170a39864283,d9ded107-db56-4362-9660-f034f2aad13e,fbfdf79e-7c18-45ae-bc26-44f20ca896a9,TRUE,2026-04-08 19:12:39
df335dfb-7069-4a7d-b7b8-52c3064885a0,d6173ec1-3dcf-4962-a6e0-2c6c79370ed5,ef981386-a070-4da0-b638-b72f7ca3ea47,5c435ef0-bddd-4020-8e1d-7667b48e1a21,TRUE,2026-04-08 19:12:39
c5d383a9-4385-49b6-9503-624bcb9e9f83,6e4f3c73-100c-49f2-9ef4-8858818369e7,6811ccae-9458-4fdf-95e6-6495ab506c4a,bba50f22-e240-474e-b038-34915bce3dda,TRUE,2026-04-08 19:12:39
a821a487-3c84-4b9c-9ad3-fcf50ef45181,3f2ff01b-88cd-4e37-9bd0-e7900b29b5c8,a0632d65-9e2a-4ce8-b09c-ce19f936c28b,724c0e5f-cc65-4d0f-8f4d-e8ebaed6b97a,TRUE,2026-04-08 19:12:39
2b3e40d5-86e5-406c-afa6-647b27bb6b10,2d022420-9eb4-423c-a6c4-df5355bb43e4,6811ccae-9458-4fdf-95e6-6495ab506c4a,d7ecb162-bda4-41d6-a676-19978d199d50,TRUE,2026-04-08 19:12:39
516a2508-a0b2-4744-a562-263e98a69c5b,2cc76e7e-b669-45e4-966b-fdedcc772ed8,6811ccae-9458-4fdf-95e6-6495ab506c4a,e31c0388-d2af-4759-8dd5-4103a15ab672,TRUE,2026-04-08 19:12:39
7fba7392-789c-400e-83d8-854c98222dac,9742f0bd-b0d5-4e91-ad1b-8522deda6a59,fc051f5d-8e18-4c46-ba41-1a4307de9fa6,5735c097-1166-48ea-9f20-d07611477930,TRUE,2026-04-08 19:12:39
e8727ec0-5390-443f-9bd1-9827081bc526,17ac703a-d391-41fb-a5d2-8666fcb2ec5e,7a35c70a-5d17-4ebc-903c-128c5c215c7a,d9fde97b-3dd6-4c93-85fa-d7a19f9e01f4,TRUE,2026-04-08 19:12:39
21a38c16-c548-4cd0-97e7-9e7d3664aa2c,60960714-3df7-4f6e-98e6-3055c41b5634,15f7233e-d7ab-4258-a5e4-238d22d79bae,48432ad7-0f4c-455d-aa50-c133d1b66b05,TRUE,2026-04-08 19:12:39
d3705a37-fb38-4c81-8a96-2679ea1897ac,b926cd1b-f306-40f3-a71c-92ea1f06e2b8,f6cdcfcf-7335-4d75-b671-9eec522e46f7,ca6184ad-7ced-4448-ac35-5824d29e532f,TRUE,2026-04-08 19:12:39
3a26dd02-f42f-4878-8c9a-7cfa4f7d3435,7eeb92a1-3692-48ea-bf58-340be1553c51,c8ae3e88-43c4-4405-a40d-3d807f8bebd9,43734bce-e815-4d62-a3a5-27133840000c,TRUE,2026-04-08 19:12:39
a2a59439-59c1-45e8-9cd8-71979287d358,94e65573-1d37-4660-9e0d-1ea45c5f5c34,7a35c70a-5d17-4ebc-903c-128c5c215c7a,71d183ed-52da-427b-8556-154cd9c8a408,TRUE,2026-04-08 19:12:39
6098fd8d-49fb-4446-b80d-e64b155a37d3,ffa32c4f-d2e7-4b1f-81a0-f71bcb86dc13,7a35c70a-5d17-4ebc-903c-128c5c215c7a,2efb6128-dfdc-46de-b352-a1df0be1b2f6,TRUE,2026-04-08 19:12:39
c8a3dddb-7a59-4e50-93fc-d65ce07f1866,cebdacba-a001-455e-9cf3-c3db13b973f2,35795dfe-e16a-408d-9677-5f13c3d4ff83,d7ecb162-bda4-41d6-a676-19978d199d50,TRUE,2026-04-08 19:12:39
631450fc-2d6d-46cb-beae-25c83ae011ca,bc8f7b64-0b52-47f2-ae70-e9500d56cb14,6811ccae-9458-4fdf-95e6-6495ab506c4a,3a7df198-567b-47b8-84ef-42c9cd57ec70,TRUE,2026-04-08 19:12:39
0909520c-6119-4eaa-8657-39cb83aa47e6,4e7d7c98-27ca-4843-a64a-7552343b1082,7a35c70a-5d17-4ebc-903c-128c5c215c7a,eacca6e8-5761-4752-91cd-9bbc46538e75,TRUE,2026-04-08 19:12:39
a06fc6d4-405d-48ef-b3aa-d847aae0b638,6ba3ac88-a86e-4c68-9f77-fe851c74a98b,7a35c70a-5d17-4ebc-903c-128c5c215c7a,4a4445cd-e450-4eba-8d24-36fe80bbf367,TRUE,2026-04-08 19:12:39
e9d283d2-c38d-48e0-88b3-4cac8b4a7178,1b7d54c3-76b9-4693-a87a-fb1a93b4c19b,d27bb515-4906-49b3-91a6-dc5c87863105,dfd3bf0e-9d42-4422-b733-2c45a3da1ce6,TRUE,2026-04-08 19:12:39
6e919b10-cda2-46fd-aac9-002ff1088b83,55e89094-73b0-434a-a046-5ed6ec5b1e52,f6cdcfcf-7335-4d75-b671-9eec522e46f7,08598aea-4124-4bdc-bf41-745e66ac81e7,TRUE,2026-04-08 19:12:39
84c4dc39-893f-453b-9795-d84b4163f721,eca665f2-eeed-4848-aed0-15dc5893d228,a0632d65-9e2a-4ce8-b09c-ce19f936c28b,104cbf39-e368-4812-b68c-395f5dec6f77,TRUE,2026-04-08 19:12:39
449c8845-be57-4aff-b52d-71835072e2da,a4f4f6bf-37e4-4a9f-b398-cd279ca3eb20,d27bb515-4906-49b3-91a6-dc5c87863105,dfd3bf0e-9d42-4422-b733-2c45a3da1ce6,TRUE,2026-04-08 19:12:39
a81440b5-35ef-423d-b68c-b1cf1429ade0,e6c1734f-0826-4a99-bd22-bdae98dd5721,d9ded107-db56-4362-9660-f034f2aad13e,a77f5060-60fe-4ab9-b02a-76d452c21187,TRUE,2026-04-08 19:12:39
57f73889-4625-444f-98a4-353e5303b6a2,fdb3eb13-4c01-4e83-b659-d8901fb4de44,75e74f36-5be1-4048-b0a2-3460dd418f90,77255925-a9bc-4075-8107-11601ca8c4a2,TRUE,2026-04-08 19:12:39
b2028c76-80da-4b24-9ef5-541cae65e1cd,73228236-aaf9-4143-91e0-15f22840f626,7a35c70a-5d17-4ebc-903c-128c5c215c7a,b7590d41-8b1f-4d17-b908-47fd23542149,TRUE,2026-04-08 19:12:39
f2e5b857-e1cc-425e-b854-4dbf3456490e,b1bb8354-7ce1-430d-9cff-7740280bb255,7a35c70a-5d17-4ebc-903c-128c5c215c7a,d4cd76ab-bc6e-4ca2-91be-2d27b1ba040d,TRUE,2026-04-08 19:12:39
823add64-8f32-429b-91cf-8ffaacc61b5f,fcac8467-32d5-49e2-a8eb-c118a3c47f1d,cf0fb074-ae87-4149-b7ac-b9093592516d,d7ecb162-bda4-41d6-a676-19978d199d50,TRUE,2026-04-08 19:12:39
02d00c4a-9a0c-4f8c-bfb9-4a6f5c04ac48,bf7a3031-c070-4537-97b1-83adb7c3f505,779ab9d5-e027-45f8-9632-7e0c4772d263,f0c6fc82-83e4-432f-b769-0eae99dd432b,TRUE,2026-04-08 19:12:39
7754be6b-87ee-4b21-a450-7d8628bee4ad,3892f768-bcff-4b6b-bf0f-3bfeb2aeb499,6811ccae-9458-4fdf-95e6-6495ab506c4a,d7ecb162-bda4-41d6-a676-19978d199d50,TRUE,2026-04-08 19:12:39
b8260699-56f0-4633-90a3-693bdccfa157,bd165746-2a70-4c31-993b-63ac8927f4f6,d9ded107-db56-4362-9660-f034f2aad13e,1168b0af-db1d-4375-b359-3c752957f6b6,TRUE,2026-04-08 19:12:39
132eef8a-5025-4b54-b4e1-ccbaaff16bd0,500d8df9-2fdd-46ef-a75d-a8264eeecfd9,15f7233e-d7ab-4258-a5e4-238d22d79bae,fbc6fd88-cc64-4e20-91ad-e6303e217def,TRUE,2026-04-08 19:12:39
bfe6dcb8-c474-4fd3-bec3-dd46866079bc,e839ecd7-d52a-470b-baea-fedbc7e71438,15f7233e-d7ab-4258-a5e4-238d22d79bae,48432ad7-0f4c-455d-aa50-c133d1b66b05,TRUE,2026-04-08 19:12:39
2b0c550f-0de4-462f-b566-18cd37150167,45837384-1b00-461d-a7ed-b2b0b7781841,6811ccae-9458-4fdf-95e6-6495ab506c4a,d7ecb162-bda4-41d6-a676-19978d199d50,TRUE,2026-04-08 19:12:39
c7488bcc-0436-47d5-8821-ab57b5ff0ea5,2dcd2e69-70ad-457c-be3d-820eb2bc1c0c,d9ded107-db56-4362-9660-f034f2aad13e,c43c9455-dfb8-4753-a072-a8f80bc9c6dc,TRUE,2026-04-08 19:12:39
299d5bf4-f206-49f9-b9f8-fd24e5258abc,bd3636b6-8560-4572-8921-adddb68bff2a,d9ded107-db56-4362-9660-f034f2aad13e,3cd4d8fc-f767-449a-aec7-19a39f7c5cc6,TRUE,2026-04-08 19:12:39
2489090d-5549-4d42-8c63-7d1ba7700143,886fe24d-396c-4a99-8f81-1900b9efe2d8,d9ded107-db56-4362-9660-f034f2aad13e,3cd4d8fc-f767-449a-aec7-19a39f7c5cc6,TRUE,2026-04-08 19:12:39
95945056-cdb9-4196-85da-8d76e5e58158,f0c09f55-f5ac-46c5-ba87-c2c231baf367,d9ded107-db56-4362-9660-f034f2aad13e,c141841d-c152-4775-aff0-1fd7a82ec852,TRUE,2026-04-08 19:12:39
71c8833f-ebbd-46d5-b487-ba63e8e7ea00,e883cda9-c882-4e7e-852d-fba25e12764c,15f7233e-d7ab-4258-a5e4-238d22d79bae,4e6b38d4-4bad-4513-8511-e5873f36583b,TRUE,2026-04-08 19:12:39
5be5946b-7b52-4c4e-a3cb-04dde8feb73a,1aecef0c-0b8b-46e2-a157-eccece743a5f,197fcbc8-7a73-40b5-802f-fa829cd49329,ba4abcf4-736f-4506-ae63-aad198da3468,TRUE,2026-04-08 19:12:39
5e257d5b-e64f-400a-b27a-cc6aa5290e05,35e5e296-0392-4bc2-aca2-47a2eb6c35e0,9f28e84e-d7e5-4d86-a762-882156d6555d,c7ded01b-6237-4354-91b5-880fe2ad8b76,TRUE,2026-04-08 19:12:39
86a8c5d7-604f-4b5d-8872-e63558458624,996969a8-22ac-4795-aed3-a058926f49fc,6811ccae-9458-4fdf-95e6-6495ab506c4a,08bc81f8-3d9e-4c7a-904a-b845b5365895,TRUE,2026-04-08 19:12:39
6073e3ec-2185-4b73-8e94-319c4706bfbd,981bf2e4-4714-45c1-a4f0-665271b2daa6,7a35c70a-5d17-4ebc-903c-128c5c215c7a,d9fde97b-3dd6-4c93-85fa-d7a19f9e01f4,TRUE,2026-04-08 19:12:39
ba3e7ea5-72ba-4df5-9daa-41c4e3d00366,d95ec232-3c8a-4bb6-8cb7-992297a908eb,fc051f5d-8e18-4c46-ba41-1a4307de9fa6,d7ecb162-bda4-41d6-a676-19978d199d50,TRUE,2026-04-08 19:12:39
8124c68e-f6be-48ec-b265-7f79549d65b0,e8431ffe-3863-4c93-a4e5-951e1a675546,21d0efa4-b0bd-4dc9-91a1-72ae80a83703,344aac79-28b8-409b-bf76-fca6287c86cd,TRUE,2026-04-08 19:12:39
75736741-0a8d-406c-a3af-5ba24ed6bb60,f43a6308-5709-4c9b-aa64-32861944d7c9,ab4d9d97-e35f-4992-a8fd-69ed66a8d558,fda2cd44-b62a-460e-9926-644603cda879,TRUE,2026-04-08 19:12:39
9bfb8904-6c5f-4722-8bba-4c632e0802b5,30739584-1518-4916-988b-fa89dd220234,7a35c70a-5d17-4ebc-903c-128c5c215c7a,7438e16b-26a9-4213-8e56-afa9ce9bf7df,TRUE,2026-04-08 19:12:39
e002a75b-0898-441e-a903-81cb43c37e68,5a599044-0f58-4a8b-962c-16e05b2d0622,e2ad0972-ab1a-43a9-89d0-d07a5ac4c90c,ec293998-d968-49b1-8406-366481f02d18,TRUE,2026-04-08 19:12:39
0bc42439-c38d-4847-91c6-05aa90965fbd,eccf5479-9385-4679-bf7a-4cc553121456,e2ad0972-ab1a-43a9-89d0-d07a5ac4c90c,469eac5b-3dfd-4060-be4e-6f503bd9a4ff,TRUE,2026-04-08 19:12:39
62f46879-e58e-4a14-a5bd-127130f431bf,02c77067-17f8-490f-ad17-e658f2f5ecc4,253ea542-c762-42e9-8125-3c936fbe0802,73ab3fca-528b-45b4-ab2b-1f6cafc3918b,TRUE,2026-04-08 19:12:39
ee92f71a-e59e-4887-9924-f4e26b16019e,c3b5b7bd-9591-4480-b521-3666c95ff7dc,7a35c70a-5d17-4ebc-903c-128c5c215c7a,7438e16b-26a9-4213-8e56-afa9ce9bf7df,TRUE,2026-04-08 19:12:39
12791ad1-cc0e-452b-a4e2-ab8d06f986bb,f2a2b9bb-4317-419c-a106-15199a84a23a,7a35c70a-5d17-4ebc-903c-128c5c215c7a,d7ecb162-bda4-41d6-a676-19978d199d50,TRUE,2026-04-08 19:12:39
49066200-2f90-4bda-9445-43a5dc8cddd2,e778a0a5-3e05-4ba3-8ddf-b624b9eaa9ed,7a35c70a-5d17-4ebc-903c-128c5c215c7a,d4cd76ab-bc6e-4ca2-91be-2d27b1ba040d,TRUE,2026-04-08 19:12:39
0749f15a-c5e7-436d-b4f7-14602f8afe40,778eacfb-906c-4a42-8eb1-6a5d539ff432,f6cdcfcf-7335-4d75-b671-9eec522e46f7,448b6ffd-756c-4d5c-9c93-595689298c19,TRUE,2026-04-08 19:12:39
b3807e8a-7ec2-48a5-a603-0966172e82d8,13309060-695a-4c9f-bbec-ae1e2e4bc4aa,a0632d65-9e2a-4ce8-b09c-ce19f936c28b,c0eb2898-7ef7-4b3f-b031-d3678260eb36,TRUE,2026-04-08 19:12:39
e8bc803a-b20f-49c9-a23a-f3ad7fec457f,d925ea02-7824-48f4-97de-f1ee745fab39,a0632d65-9e2a-4ce8-b09c-ce19f936c28b,c0eb2898-7ef7-4b3f-b031-d3678260eb36,TRUE,2026-04-08 19:12:39
2db27a0d-5d61-4023-9b71-78839d74e209,1f5ac31b-5e68-482b-8624-ef1775a11669,7a35c70a-5d17-4ebc-903c-128c5c215c7a,d7ecb162-bda4-41d6-a676-19978d199d50,TRUE,2026-04-08 19:12:39
8c4b6877-2326-49aa-8dbc-2759e9f83f0a,91faea8d-9ad6-4bd6-a681-70b8ba57b687,6811ccae-9458-4fdf-95e6-6495ab506c4a,3a7df198-567b-47b8-84ef-42c9cd57ec70,TRUE,2026-04-08 19:12:39
9989d1bd-cfb1-424e-b21d-6d4f8f27f181,7104ca13-8df2-497a-b093-ee776a45531a,35795dfe-e16a-408d-9677-5f13c3d4ff83,33f6b390-16c2-4d2b-a906-bc598cda45ba,TRUE,2026-04-08 19:12:39
c2233d93-cc29-4e10-affc-80a4da7a459a,24541fb3-eaee-4470-a3bf-a0d610865046,253ea542-c762-42e9-8125-3c936fbe0802,6c45ab38-ef65-4d88-a346-ebfc92b91bda,TRUE,2026-04-08 19:12:39
9f25aae5-6306-4911-a802-f41146ea0384,ba8bb647-2cd8-4336-80f8-29a6682f87c7,21d0efa4-b0bd-4dc9-91a1-72ae80a83703,88beb124-ebde-47d8-a71b-05c83582b24b,TRUE,2026-04-08 19:12:39
d81d3583-23a2-4636-b195-9c5c9d74a4ab,ced65b8c-c850-4f20-ab68-d831dcb06fcb,fc051f5d-8e18-4c46-ba41-1a4307de9fa6,9ca2859d-5ef0-4ed3-bc96-d90af8ea79a9,TRUE,2026-04-08 19:12:39
21a471cc-60da-46e4-8bb0-0de2e69a2e57,4207f5f4-b250-4ead-a4d2-87d27db5153f,6811ccae-9458-4fdf-95e6-6495ab506c4a,d7ecb162-bda4-41d6-a676-19978d199d50,TRUE,2026-04-08 19:12:39
7edec8af-d30f-45f2-aea0-9ccf1422b61c,bf5e3473-532b-4f63-8583-c9a049432263,6811ccae-9458-4fdf-95e6-6495ab506c4a,97ce340d-f1b7-42c4-86b2-3d30865edfcc,TRUE,2026-04-08 19:12:39
8ee169e2-ca0f-4bb7-81cc-aa04a3c36ed6,3b4ac612-d24a-4dc1-b6bb-5aaaa9a875b3,cf0fb074-ae87-4149-b7ac-b9093592516d,d7ecb162-bda4-41d6-a676-19978d199d50,TRUE,2026-04-08 19:12:39
627cacc0-3537-4676-bbec-b6ac3b28e373,1bb424e6-e019-467b-9fe9-cf0dc64f79b2,7a35c70a-5d17-4ebc-903c-128c5c215c7a,a809db7e-e9d7-4dbb-a353-46bea25469b1,TRUE,2026-04-08 19:12:39
e69468a6-e58e-4127-b6b9-3aaed73f3906,c6b85ebb-3ad4-407f-b0f8-b75e5a5632aa,253ea542-c762-42e9-8125-3c936fbe0802,6b6cb918-8592-423a-9b96-825bd18627de,TRUE,2026-04-08 19:12:39
dd3aef52-54df-4eac-a67f-dbe2499c5f15,9797ad60-71cb-4f0e-ae3f-2d4da3fd881f,253ea542-c762-42e9-8125-3c936fbe0802,02c27fd6-813a-46c3-84bc-12adec5a23aa,TRUE,2026-04-08 19:12:39
11c37c49-0834-4e2a-96a7-f79ac7ad4e9a,3ed727e3-e1a3-4a06-99c5-341c5eaf603e,7a35c70a-5d17-4ebc-903c-128c5c215c7a,b5e5e113-fa99-452a-8b9b-8bf87e47081a,TRUE,2026-04-08 19:12:39
492afeaa-07f6-4a56-83ea-ba280378d3c8,c3ee863e-00ac-4cad-9b65-061ba7502ff2,7a35c70a-5d17-4ebc-903c-128c5c215c7a,12639498-fa5f-4dd0-a5ee-92901e3c8a76,TRUE,2026-04-08 19:12:39
ec079eec-2e91-45ee-887f-0226d065d4dc,3ee51a2c-5744-46fc-b920-342b30f39e66,d9ded107-db56-4362-9660-f034f2aad13e,a77f5060-60fe-4ab9-b02a-76d452c21187,TRUE,2026-04-08 19:12:39
019ce029-0103-4741-9177-427fcc7548b7,9f259518-35d4-45ee-8cf7-0095cd24a0e4,7a35c70a-5d17-4ebc-903c-128c5c215c7a,d9fde97b-3dd6-4c93-85fa-d7a19f9e01f4,TRUE,2026-04-08 19:12:39
c2be8887-8f14-4c85-b416-1f655cf403d6,4a1a48ee-7f85-4425-91c1-08af0dd8d3cc,253ea542-c762-42e9-8125-3c936fbe0802,f79bfee0-5bf8-45f8-8b7e-bd7104015f6f,TRUE,2026-04-08 19:12:39
ef98f7de-cc4f-4f7e-a62c-9926a4099710,a58b091d-98a5-4260-8078-6b69cecab27c,779ab9d5-e027-45f8-9632-7e0c4772d263,aabf86a8-813f-4868-8966-a6fa6502df22,TRUE,2026-04-08 19:12:39
f047cbcf-499c-45b0-9a08-abf4ae4450f4,6a60aa87-b1e2-4e11-a5d1-568b19e960f5,253ea542-c762-42e9-8125-3c936fbe0802,3f5a35ad-a83e-4fc0-9d51-3aeb48af9338,TRUE,2026-04-08 19:12:39
872e8db8-5c0a-46b5-9f1c-a549d6b22b48,3b9d9bba-8648-4f5f-be39-e4795732abf0,779ab9d5-e027-45f8-9632-7e0c4772d263,aabf86a8-813f-4868-8966-a6fa6502df22,TRUE,2026-04-08 19:12:39
121bd460-26f5-406a-86d5-be0c349f7605,730327a4-9a4d-40d7-b7b8-c3077d687d25,779ab9d5-e027-45f8-9632-7e0c4772d263,ea77fbbd-fd36-4049-8d8b-dd0f532a8cfc,TRUE,2026-04-08 19:12:39
8fdcc061-4213-468f-a76f-dc95b8b49260,0cfa78f4-90af-43b2-895a-5abbbd572a9d,7a35c70a-5d17-4ebc-903c-128c5c215c7a,d4cd76ab-bc6e-4ca2-91be-2d27b1ba040d,TRUE,2026-04-08 19:12:39
6d5efbe9-b12f-415d-b8f1-2c8fae12e6b4,39e489a8-34d1-470f-a28c-9dc1e1f3a907,7a35c70a-5d17-4ebc-903c-128c5c215c7a,d7ecb162-bda4-41d6-a676-19978d199d50,TRUE,2026-04-08 19:12:39
30d3900d-bfee-4c88-b5e5-657fb5f9cd7c,fb539ef5-7d90-427c-a96b-edcfac8c79a9,6811ccae-9458-4fdf-95e6-6495ab506c4a,9b7ff254-26f6-421f-b266-160cf1ce1890,TRUE,2026-04-08 19:12:39
e6d6ee07-b4ea-4ea2-bd54-6a2b6a3796f9,f660f8c6-ed13-4486-a4af-a5900ef36674,ef981386-a070-4da0-b638-b72f7ca3ea47,d7ecb162-bda4-41d6-a676-19978d199d50,TRUE,2026-04-08 19:12:39
943c0e74-0696-4a20-b69e-18b6be7db3ac,60b7501e-082d-4d6e-bce2-c21757234c86,253ea542-c762-42e9-8125-3c936fbe0802,204533da-cae6-4192-a2c6-d613a7de6f0b,TRUE,2026-04-08 19:12:39
7b15ca72-d91d-4837-8b19-f1b33be35817,b69a271a-5d67-4545-8340-aa6844cd6726,f3cd0829-e890-4cee-a65b-14720f2e5ca6,52516b73-69d8-4c14-818d-4e1c4498d704,TRUE,2026-04-08 19:12:39
e9e0f5ab-eeb3-4a3b-ada3-456210a6a19f,7d479437-409e-4412-8a1b-7e5ad286230d,89ac15fd-fcc1-4185-aef5-7f10ee7dc668,4f54a419-e907-4b68-944f-f3f809c5244b,TRUE,2026-04-08 19:12:39
51b0fab3-7487-4798-b9c3-093b3ece76ed,3306c63d-f636-45c5-b840-177344e7022f,253ea542-c762-42e9-8125-3c936fbe0802,73ab3fca-528b-45b4-ab2b-1f6cafc3918b,TRUE,2026-04-08 19:12:39
739d0070-8949-402f-80a9-20412747aed7,ef648f27-78e2-45e8-ba05-38188b432dd4,7a35c70a-5d17-4ebc-903c-128c5c215c7a,d7ecb162-bda4-41d6-a676-19978d199d50,TRUE,2026-04-08 19:12:39
ab5d34b6-2d04-4f77-9fb8-aeb43ce1231f,5b8aec9b-7bbc-4f7d-8717-dd83ae049a4a,7a35c70a-5d17-4ebc-903c-128c5c215c7a,d9fde97b-3dd6-4c93-85fa-d7a19f9e01f4,TRUE,2026-04-08 19:12:39
bff6805f-6550-4570-a7cf-a71f260c7343,37c99183-eb89-44ef-b759-088353862c94,7a35c70a-5d17-4ebc-903c-128c5c215c7a,7438e16b-26a9-4213-8e56-afa9ce9bf7df,TRUE,2026-04-08 19:12:39
0eef95bb-5688-4518-864a-139e6bfa2209,6d226566-941c-428d-8566-35e3edef768f,7a35c70a-5d17-4ebc-903c-128c5c215c7a,d9fde97b-3dd6-4c93-85fa-d7a19f9e01f4,TRUE,2026-04-08 19:12:39
ce6aabac-5f69-4ff3-be1c-2382a893582e,bf4350e5-d4ef-4e08-80e0-67470a980fbb,197fcbc8-7a73-40b5-802f-fa829cd49329,5c435ef0-bddd-4020-8e1d-7667b48e1a21,TRUE,2026-04-08 19:12:39
86af684a-5129-43ba-aada-dbd57ab3962a,84478b87-61ff-462f-80ed-1d24f365235c,a0632d65-9e2a-4ce8-b09c-ce19f936c28b,c0eb2898-7ef7-4b3f-b031-d3678260eb36,TRUE,2026-04-08 19:12:39
9bce6bb2-1003-4fbc-b7b8-8c0f46d9c9ac,a5bb1863-17db-4b81-a666-57a2fa57c465,9f28e84e-d7e5-4d86-a762-882156d6555d,c7ded01b-6237-4354-91b5-880fe2ad8b76,TRUE,2026-04-08 19:12:39
c9981bc9-9db6-4d4a-8b6d-9e25b575ada7,13a8d0e6-0b0c-4f7e-bb32-940525b0b137,7a35c70a-5d17-4ebc-903c-128c5c215c7a,7438e16b-26a9-4213-8e56-afa9ce9bf7df,TRUE,2026-04-08 19:12:39
a215d111-2102-4dd8-91ce-2e80c5fbdfbd,5299aff9-d50f-4e66-9368-7f9a529614c2,15f7233e-d7ab-4258-a5e4-238d22d79bae,b337dbd5-e4d3-4fb3-ac86-385ec26e545d,TRUE,2026-04-08 19:12:39
d225a08b-3613-4478-a610-1a86d5b30372,554842d5-b84f-40a3-80c3-bba68ba85882,6811ccae-9458-4fdf-95e6-6495ab506c4a,97ce340d-f1b7-42c4-86b2-3d30865edfcc,TRUE,2026-04-08 19:12:39
3566ee13-3b86-4d1b-8b73-161b7809d435,3340b4b3-4006-46cf-a73c-a206c22013f5,fc051f5d-8e18-4c46-ba41-1a4307de9fa6,9ca2859d-5ef0-4ed3-bc96-d90af8ea79a9,TRUE,2026-04-08 19:12:39
113be430-8ac7-4a42-84a2-3b3561450589,c3fbfdb9-d456-476e-8103-635267013a79,6811ccae-9458-4fdf-95e6-6495ab506c4a,d7ecb162-bda4-41d6-a676-19978d199d50,TRUE,2026-04-08 19:12:39
007b8ce1-c201-4792-b5c8-81b72dc78eb7,38cfecbc-d5ea-4222-ba5d-26861732227d,e82189ec-b2b2-490a-9a4a-d3b91b936649,3d6abbec-aa16-4ac6-9e80-3d65006c50b8,TRUE,2026-04-08 19:12:39
9efafaa1-11b3-4435-ab1d-041d8531b4e5,f6528159-3139-477c-bcec-516d82e7a7f8,e82189ec-b2b2-490a-9a4a-d3b91b936649,3d6abbec-aa16-4ac6-9e80-3d65006c50b8,TRUE,2026-04-08 19:12:39
53f70762-70e8-4692-b69f-6b0e50fd3d9d,a4a6990a-b71f-4e8f-90a1-f3e027c69b53,d9ded107-db56-4362-9660-f034f2aad13e,fbfdf79e-7c18-45ae-bc26-44f20ca896a9,TRUE,2026-04-08 19:12:39
5f8f7a85-a0da-4737-9ab0-088b96334546,e257c222-0560-42cb-bbb3-01ae997855c3,d9ded107-db56-4362-9660-f034f2aad13e,fbfdf79e-7c18-45ae-bc26-44f20ca896a9,TRUE,2026-04-08 19:12:39
6b2a9ee6-94ff-404b-83b1-64f4177a0c81,b57863e6-e68c-478d-ac62-4dae9e4c97fc,077efb35-8940-4d91-a66c-91b50b83e640,41fdab46-001f-4bec-801f-71ed6204b6cf,TRUE,2026-04-08 19:12:39
c5f767b1-b01e-4957-80a0-e10d8c2796ef,6431df57-0fc6-42c6-b35a-1f37b80a378f,d9ded107-db56-4362-9660-f034f2aad13e,fbfdf79e-7c18-45ae-bc26-44f20ca896a9,TRUE,2026-04-08 19:12:39
ca11e073-a4e4-4b56-b2f0-07e4892d5704,ef44bd85-d9fa-42b3-99ce-7c25add12ac3,cf0fb074-ae87-4149-b7ac-b9093592516d,3d792be0-8fa2-4d40-a39d-8f4acf8364f1,TRUE,2026-04-08 19:12:39
cf63fc8b-1cae-4016-b355-2a1b368fd4c5,1ce268d7-d0b6-41f6-93cb-48cd6ba8a483,253ea542-c762-42e9-8125-3c936fbe0802,d7ecb162-bda4-41d6-a676-19978d199d50,TRUE,2026-04-08 19:12:39
66e18ec4-c41c-4e65-8aac-d51e2793477b,ea475651-f19c-4ac1-a4ed-6ef3a6781101,fc051f5d-8e18-4c46-ba41-1a4307de9fa6,5735c097-1166-48ea-9f20-d07611477930,TRUE,2026-04-08 19:12:39
eadb36b7-7a26-4ff3-ae72-ddc4fb5c5c12,4a3b6658-fe14-43d3-889e-16dfd85b12a9,e82189ec-b2b2-490a-9a4a-d3b91b936649,d7ecb162-bda4-41d6-a676-19978d199d50,TRUE,2026-04-08 19:12:39
58faba8b-9253-474e-898a-5c1eceae77bf,6fbb7607-2cb6-400b-8c45-a0d01c8168fd,cf0fb074-ae87-4149-b7ac-b9093592516d,95a587c7-4075-4f01-8c0e-ffdbd2ed7939,TRUE,2026-04-08 19:12:39
1b3bcffd-c43c-46b3-9c0f-02e760da96f1,381018fd-88d6-4cd7-8bd9-f3290e8962c4,c188b762-09ab-45d4-9f99-23173706bd95,e82ba13d-ad82-4a8d-9c81-a2bfee9d54a3,TRUE,2026-04-08 19:12:39
e49d08d2-01e1-4dae-b6c1-943b770bd921,fa7027f0-79a1-455f-acbc-012648eeb197,253ea542-c762-42e9-8125-3c936fbe0802,2860371f-6b77-45ad-b583-cb20033f9857,TRUE,2026-04-08 19:12:39
ec6b39e5-efea-49d7-8bd5-7db80cf0a7fe,5cda6d4a-9834-4b47-a260-5a434de68d09,253ea542-c762-42e9-8125-3c936fbe0802,2860371f-6b77-45ad-b583-cb20033f9857,TRUE,2026-04-08 19:12:39
dddda22b-0d46-4b56-b660-ae2813893e7f,2550ca97-e976-48a0-8898-8cfd13be8223,e2ad0972-ab1a-43a9-89d0-d07a5ac4c90c,7dc9443c-4d5a-4428-bc1f-89cbae1d8767,TRUE,2026-04-08 19:12:39
53c1eae0-d5c9-4be5-8d69-cf933943df50,37340f08-64a8-4097-a348-1fc05f39bc13,d9ded107-db56-4362-9660-f034f2aad13e,111cc4db-ae15-4055-8474-c9aa5aa31ba6,TRUE,2026-04-08 19:12:39
a2644776-08fc-4a92-8a89-52b927b4a5d5,6119f43e-da65-4454-ab0f-50f4e166d07d,197fcbc8-7a73-40b5-802f-fa829cd49329,7aca039e-d723-43a5-b97d-b54b07fc5373,TRUE,2026-04-08 19:12:39
ea9210aa-bbb0-4286-a3fe-a9937cedc764,cc976ff3-2c69-4d1d-b10f-2eb5ae1dd9d9,7a35c70a-5d17-4ebc-903c-128c5c215c7a,b4faa673-7bd4-4c2f-b84b-738d9f9d997a,TRUE,2026-04-08 19:12:39
8c2106df-7f39-4861-be5f-4eb063106523,4bab8310-0ce4-4fdf-b22f-085f9cc11f94,fc051f5d-8e18-4c46-ba41-1a4307de9fa6,d3300812-d73f-487b-be1d-acf41290b04b,TRUE,2026-04-08 19:12:39
3cae6c5a-6c5f-4f3f-9a0f-f1a38cea6407,dd3d90b9-b81b-43d1-86c7-e084cef02fbe,779ab9d5-e027-45f8-9632-7e0c4772d263,aabf86a8-813f-4868-8966-a6fa6502df22,TRUE,2026-04-08 19:12:39
07b4e02c-597e-45cb-b49c-9ab41e6f2f2c,871c7162-5311-4666-a606-4ba2aac6a56c,253ea542-c762-42e9-8125-3c936fbe0802,372bd77b-ed99-477b-b669-6291db7704cf,TRUE,2026-04-08 19:12:39
32d6ed61-a2de-4e42-a9d1-11480b51d0c5,35ce7565-d048-47f3-8d38-69fbaea5f7eb,21d0efa4-b0bd-4dc9-91a1-72ae80a83703,2f868e83-b4ad-4ded-921e-5d1980d3935e,TRUE,2026-04-08 19:12:39
1441c4f2-acab-4683-b681-bf4482f834d0,fc0731c2-731c-417b-994f-e1f20b72369a,d9ded107-db56-4362-9660-f034f2aad13e,111cc4db-ae15-4055-8474-c9aa5aa31ba6,TRUE,2026-04-08 19:12:39
69c7fc40-38b5-4ddd-87bc-b7be7c8a1376,6a86b856-304e-4c17-a610-640952c5ee84,6811ccae-9458-4fdf-95e6-6495ab506c4a,d8fafba5-d5ff-433e-9242-8223b0933812,TRUE,2026-04-08 19:12:39
ea91b157-79b7-431f-bf15-1ac7e51611be,deaeefc6-ad43-48ab-9111-a6ef304b76f7,253ea542-c762-42e9-8125-3c936fbe0802,5dd63d1c-750f-4adf-a6bc-909313840b65,TRUE,2026-04-08 19:12:39
d9b7881d-561e-4718-930e-74b9b2fb63fc,836eb45e-07ba-4f17-8b72-624baee7704c,253ea542-c762-42e9-8125-3c936fbe0802,ce80c6f7-5e37-4e16-8663-ae629d7efe96,TRUE,2026-04-08 19:12:39
50e89733-35ac-4dfa-b2fa-809ae97539f8,8e77c5e6-3b0a-4550-9175-fac9e9419599,779ab9d5-e027-45f8-9632-7e0c4772d263,f0c6fc82-83e4-432f-b769-0eae99dd432b,TRUE,2026-04-08 19:12:39
e7b10915-baf2-4274-966d-626d7a1cdd4b,15eef942-14e6-4c74-b607-7ef7dc019d4f,077efb35-8940-4d91-a66c-91b50b83e640,41fdab46-001f-4bec-801f-71ed6204b6cf,TRUE,2026-04-08 19:12:39
f46d562c-181d-43ff-aa66-cfed3b141d23,1b7b41b0-2be4-4fe0-ab45-f4b12f8d64d3,a0632d65-9e2a-4ce8-b09c-ce19f936c28b,c0eb2898-7ef7-4b3f-b031-d3678260eb36,TRUE,2026-04-08 19:12:39
430b10ab-af18-4a65-b6f6-ad0e1c1c0354,9ea152f9-aef4-4572-8c26-e1350281321d,a7661018-6f30-438d-a26a-5cebbb1a6191,d7ecb162-bda4-41d6-a676-19978d199d50,TRUE,2026-04-08 19:12:39
6da863aa-cb38-46ba-b029-c195a8953b87,0c91367a-72d6-44ca-b642-6a2d5ed7f26a,fc051f5d-8e18-4c46-ba41-1a4307de9fa6,d7ecb162-bda4-41d6-a676-19978d199d50,TRUE,2026-04-08 19:12:39
b81cc68d-fa0e-4d1d-90ef-1b9afb38aaf4,43452846-6403-4958-a8fa-8e994d9b061b,ef981386-a070-4da0-b638-b72f7ca3ea47,7aca039e-d723-43a5-b97d-b54b07fc5373,TRUE,2026-04-08 19:12:39
56945013-2c6e-46dc-978c-c52ba3d912fc,7198d174-93b7-41f3-a31b-519b81ffb933,197fcbc8-7a73-40b5-802f-fa829cd49329,5c435ef0-bddd-4020-8e1d-7667b48e1a21,TRUE,2026-04-08 19:12:39
4ec222f2-316c-4d8d-81df-4c5cb36bf273,5c76524e-4c77-4421-ba96-50b40437cd48,197fcbc8-7a73-40b5-802f-fa829cd49329,5c435ef0-bddd-4020-8e1d-7667b48e1a21,TRUE,2026-04-08 19:12:39
035d757f-8bf4-48f3-9ac6-f22fcd75f5dd,522519ce-c2f7-473a-a019-c027aaf46799,d9ded107-db56-4362-9660-f034f2aad13e,d7ecb162-bda4-41d6-a676-19978d199d50,TRUE,2026-04-08 19:12:39
95c8df39-b37c-43f1-a771-2c4457e08f67,a0b8b341-6068-4329-9b86-3bf07ab3e08b,7a35c70a-5d17-4ebc-903c-128c5c215c7a,d7ecb162-bda4-41d6-a676-19978d199d50,TRUE,2026-04-08 19:12:39
79b936f4-a380-459a-bea6-d5cf34258886,fa9bfeec-73b8-4280-909b-4384b4f6aabc,253ea542-c762-42e9-8125-3c936fbe0802,d7ecb162-bda4-41d6-a676-19978d199d50,TRUE,2026-04-08 19:12:39
fcf9aab5-4efe-47df-a13d-fb5bd4028f8f,49bb9f93-ac75-4ee5-bb8a-0f6adf739a56,e2ad0972-ab1a-43a9-89d0-d07a5ac4c90c,22beb26a-58b0-49ac-bac8-52affb150c8c,TRUE,2026-04-08 19:12:39
0d0018eb-2ad3-4b2e-9d50-f952a50039dc,04d6c8c0-2d15-4b0e-9eb7-00d2324e2c3e,35795dfe-e16a-408d-9677-5f13c3d4ff83,f76a21df-8c0e-4719-b8ac-f249935c2eac,TRUE,2026-04-08 19:12:39
b054f493-3911-4ea2-a090-61ba0c738755,ff7e8c17-513e-49c3-ba74-ff9a8c9e17df,253ea542-c762-42e9-8125-3c936fbe0802,ce80c6f7-5e37-4e16-8663-ae629d7efe96,TRUE,2026-04-08 19:12:39
2e4ecec3-f4d4-4613-9549-7a95f52d10df,702243a4-cdb5-4015-bce2-a258e2f06c5a,d9ded107-db56-4362-9660-f034f2aad13e,d7ecb162-bda4-41d6-a676-19978d199d50,TRUE,2026-04-08 19:12:39
e3eccf1c-0903-41a6-a780-f38c15696e7c,a325b4ab-0342-44c7-9c5a-1e0ae2d933dd,75e74f36-5be1-4048-b0a2-3460dd418f90,77255925-a9bc-4075-8107-11601ca8c4a2,TRUE,2026-04-08 19:12:39
2f522ce8-ed3b-4969-a82a-a33efa80620c,dbb6eccd-8bf1-4ae5-a305-cd598fe2320c,f3cd0829-e890-4cee-a65b-14720f2e5ca6,51c8d4b8-6fa6-43cd-9b6d-c377fc0f702d,TRUE,2026-04-08 19:12:39
1285497c-4026-44b8-a31c-7312c6d17a5f,f1b1041f-17a2-4dfc-9f0b-9f4c67dd4899,11ef84e7-52a3-483f-a88b-0f17699fc175,e629c3ae-763d-4dc1-847f-a686794d821b,TRUE,2026-04-08 19:12:39
2a78236f-d5b6-4b5a-a7ed-25c0c0aae4e5,d4f4a3be-af8a-4aca-b09f-189a7d4c908d,6811ccae-9458-4fdf-95e6-6495ab506c4a,d7ecb162-bda4-41d6-a676-19978d199d50,TRUE,2026-04-08 19:12:39
61f61248-a66c-4126-9f46-d8b510f04693,3cf2041e-3e3f-4fcd-aa66-5c45150e1096,75e74f36-5be1-4048-b0a2-3460dd418f90,07795157-fa74-4f1e-9b30-df0d11b4bba8,TRUE,2026-04-08 19:12:39
aa059063-eec6-4603-afa2-bf32be318913,1407f19f-10b9-4286-88fd-5e3043fb354e,779ab9d5-e027-45f8-9632-7e0c4772d263,aabf86a8-813f-4868-8966-a6fa6502df22,TRUE,2026-04-08 19:12:39
e756b52a-491f-4390-a36b-515da8fa099d,fee27409-2d90-41aa-89f8-41d3c0afc898,fc051f5d-8e18-4c46-ba41-1a4307de9fa6,9ca2859d-5ef0-4ed3-bc96-d90af8ea79a9,TRUE,2026-04-08 19:12:39
3574c0c9-0257-4a56-b37d-eca5d30145fa,6624c09a-e9ba-498c-a412-ead643b0d247,fc051f5d-8e18-4c46-ba41-1a4307de9fa6,7cf8b794-a647-42ee-9263-d5ac098efb89,TRUE,2026-04-08 19:12:39
6e83d38e-ef3b-48ab-ac9e-081f836d94ec,e05bc406-74d8-4da6-ba04-9526f4c5e007,fc051f5d-8e18-4c46-ba41-1a4307de9fa6,e14085ba-ce39-4100-a5a9-e79adde66a03,TRUE,2026-04-08 19:12:39
e72522d3-7cb1-4ac7-af57-409cd8eb0228,d6f0753a-de3e-44aa-acc3-faf9f712916a,fc051f5d-8e18-4c46-ba41-1a4307de9fa6,eacca6e8-5761-4752-91cd-9bbc46538e75,TRUE,2026-04-08 19:12:39
7f9cd202-4861-437f-bc40-bfae8c660f19,5bb3277f-c83f-4c4d-9873-9bc4e397c92d,f3cd0829-e890-4cee-a65b-14720f2e5ca6,1fd9dda0-397e-4141-b759-f060b15606bb,TRUE,2026-04-08 19:12:39
6d7b9bde-9e4d-41cd-94b9-fd9d852ec1c2,6d47f589-b038-40ab-8c98-3870ec78fcfb,fc051f5d-8e18-4c46-ba41-1a4307de9fa6,e14085ba-ce39-4100-a5a9-e79adde66a03,TRUE,2026-04-08 19:12:39
be5e44d4-9e31-4f93-bb96-1e5934e26872,bc8ba744-8ff0-4bd6-abb6-0fec085bbadf,253ea542-c762-42e9-8125-3c936fbe0802,73ab3fca-528b-45b4-ab2b-1f6cafc3918b,TRUE,2026-04-08 19:12:39
05442173-b0a2-403d-aa12-fb146d8291ec,8ae848e6-4294-49e6-8765-876f9c58b954,a0632d65-9e2a-4ce8-b09c-ce19f936c28b,c0eb2898-7ef7-4b3f-b031-d3678260eb36,TRUE,2026-04-08 19:12:39
5172dad6-b5cb-442b-80f2-5418f0390a44,96a5ebc3-ab2c-49b3-b6cf-d5a966222b61,d9ded107-db56-4362-9660-f034f2aad13e,54e7a103-d150-49fa-8cf5-a2835e47fb10,TRUE,2026-04-08 19:12:39
a793bbf7-4eb5-48a0-ae67-4f6722681b6b,921958bd-64ba-4401-975d-a44a431c5d4c,077efb35-8940-4d91-a66c-91b50b83e640,41fdab46-001f-4bec-801f-71ed6204b6cf,TRUE,2026-04-08 19:12:39
95370da7-407d-420c-9346-0ee32a7f5af3,f287b623-0af2-40a8-ae84-b003791e97e2,253ea542-c762-42e9-8125-3c936fbe0802,d7ecb162-bda4-41d6-a676-19978d199d50,TRUE,2026-04-08 19:12:39
d2f6e205-440a-4c95-94f6-9274cf91c1cf,9784ba53-e6af-451f-9a15-8517f49291f1,a0632d65-9e2a-4ce8-b09c-ce19f936c28b,c0eb2898-7ef7-4b3f-b031-d3678260eb36,TRUE,2026-04-08 19:12:39
f5c2f5a1-4219-4604-9219-bc9e795cf020,054785bf-0d6f-4642-993e-56f587d8d386,35795dfe-e16a-408d-9677-5f13c3d4ff83,d7ecb162-bda4-41d6-a676-19978d199d50,TRUE,2026-04-08 19:12:39
ba8c103b-8c4a-4236-9474-e2be95bb45a8,bf6a9f3e-8747-4bab-8f49-a9f48276581a,253ea542-c762-42e9-8125-3c936fbe0802,a1b87233-645c-4dd7-93c0-a3dbb79a7faf,TRUE,2026-04-08 19:12:39
a2caf97e-abe8-4a54-aee4-3ae24398b5cf,1b0e24d9-5d9c-4b1c-b46e-37dfbea99501,d9ded107-db56-4362-9660-f034f2aad13e,3cd4d8fc-f767-449a-aec7-19a39f7c5cc6,TRUE,2026-04-08 19:12:39
2fbb0d17-d20d-4539-b918-4996ca4117db,1614310e-cdaa-4d6f-bfee-900c14be81e8,ef981386-a070-4da0-b638-b72f7ca3ea47,5c435ef0-bddd-4020-8e1d-7667b48e1a21,TRUE,2026-04-08 19:12:39
749516c0-1eae-4534-8579-5347642203e8,503359de-1ce0-4c72-9d99-72f75374260c,21d0efa4-b0bd-4dc9-91a1-72ae80a83703,a25ea89b-d569-467a-b612-6049016464ef,TRUE,2026-04-08 19:12:39
b751be5c-ec5f-40fa-96d8-ee54d67ee188,6f715258-1d6d-4e46-a034-4338a31063ee,fc051f5d-8e18-4c46-ba41-1a4307de9fa6,9ca2859d-5ef0-4ed3-bc96-d90af8ea79a9,TRUE,2026-04-08 19:12:39
bf1d53c7-b734-4ca0-b251-7de465451747,151e4f6d-4aba-49e8-8916-8e77cdb49147,f6cdcfcf-7335-4d75-b671-9eec522e46f7,d8770b73-701e-49d0-a49e-d94ed35c56c1,TRUE,2026-04-08 19:12:39
9072b027-0743-453c-aa86-49bb285bfe0e,1d6d474a-1ab8-4939-964e-c6f9ff49abfa,7a35c70a-5d17-4ebc-903c-128c5c215c7a,d7ecb162-bda4-41d6-a676-19978d199d50,TRUE,2026-04-08 19:12:39
82c9c907-1004-4c64-8fb4-14fcee2d2a4c,2bdbbc17-c188-4004-829b-79341341c59e,7a35c70a-5d17-4ebc-903c-128c5c215c7a,d7ecb162-bda4-41d6-a676-19978d199d50,TRUE,2026-04-08 19:12:39
8799db4a-e19d-4724-86eb-9dad7c9a5867,853583c0-41ea-41d0-b3cb-ef198c777bb8,e82189ec-b2b2-490a-9a4a-d3b91b936649,d7ecb162-bda4-41d6-a676-19978d199d50,TRUE,2026-04-08 19:12:39
b9d2d220-3721-4613-a68f-adc68258ace8,20f083d2-2782-4871-a25a-946cf88ddd33,d9ded107-db56-4362-9660-f034f2aad13e,21ea04f2-3fa3-4495-a687-3c0bbd97ab77,TRUE,2026-04-08 19:12:39
191dfa44-5b76-457d-aa6a-773021a99401,2298cc1e-2b63-455b-b789-6c60d1e345b7,c8ae3e88-43c4-4405-a40d-3d807f8bebd9,43734bce-e815-4d62-a3a5-27133840000c,TRUE,2026-04-08 19:12:39
7c3aa5c6-c691-41d5-9c02-3520373bbc46,520bf9ec-b228-41e4-aafb-0adadd0394ac,35795dfe-e16a-408d-9677-5f13c3d4ff83,f76a21df-8c0e-4719-b8ac-f249935c2eac,TRUE,2026-04-08 19:12:39
7a9c71b8-5f06-4f7f-9230-387619adf76d,2d356a17-edba-4e32-8396-2c3becb6a00a,35795dfe-e16a-408d-9677-5f13c3d4ff83,d7ecb162-bda4-41d6-a676-19978d199d50,TRUE,2026-04-08 19:12:39
efd32151-eba0-4dfd-b331-ab6daed302dd,7dcd9e48-3204-4bab-ae41-1cacba8b7647,ef981386-a070-4da0-b638-b72f7ca3ea47,d7ecb162-bda4-41d6-a676-19978d199d50,TRUE,2026-04-08 19:12:39
ea42dc34-0d00-44f5-a9c3-ac06c495ed9f,4ca097dc-9178-483e-bdc7-65237837b628,11ef84e7-52a3-483f-a88b-0f17699fc175,e492557e-5de4-45db-9eca-234f3aec8366,TRUE,2026-04-08 19:12:39
a09c95f4-3b6d-4b95-9182-75498e36d8a0,5d7fd8fe-902a-4ea4-889c-652a6b59da51,d9ded107-db56-4362-9660-f034f2aad13e,c6be9132-e88b-44e4-99a2-4391b376a6b1,TRUE,2026-04-08 19:12:39
f81d431f-5c86-4707-90b5-fbb151f403eb,d8a80546-8cfe-4f3c-837c-e4391749a944,e82189ec-b2b2-490a-9a4a-d3b91b936649,d7ecb162-bda4-41d6-a676-19978d199d50,TRUE,2026-04-08 19:12:39
a8de5346-bf7c-4aad-af34-b34ad695340a,ec052a1c-9e6d-4615-9dbd-040538792acf,75e74f36-5be1-4048-b0a2-3460dd418f90,c7890580-19d9-48e0-8eb3-955e2c1b67c9,TRUE,2026-04-08 19:12:39
e02f1d02-5ec1-4a94-b4a3-fd83a3b8e038,a1981a32-2f3c-43e0-9e02-2954ee829f31,a0632d65-9e2a-4ce8-b09c-ce19f936c28b,c0eb2898-7ef7-4b3f-b031-d3678260eb36,TRUE,2026-04-08 19:12:39
f890c2d3-0dfb-40e2-b9a0-2ecb4c30e661,0ebf2e77-b8c3-4998-93d9-1959db65dec0,a0632d65-9e2a-4ce8-b09c-ce19f936c28b,724c0e5f-cc65-4d0f-8f4d-e8ebaed6b97a,TRUE,2026-04-08 19:12:39
9c4a2848-06fc-4f08-a721-d6e62295fc18,0836d83f-d84d-4ccd-a9d8-6e7b5244bfc8,fc051f5d-8e18-4c46-ba41-1a4307de9fa6,ae15d5a6-e713-4275-b6ec-4cf08190e77d,TRUE,2026-04-08 19:12:39
23f46c32-014c-4aab-bd29-a647a233c982,4063095c-fe3a-4258-966d-9504fe7e0881,fac266f6-62c9-4401-9cba-379d85f33a1d,59fc86c3-612f-4024-a423-8a0b5825252d,TRUE,2026-04-08 19:12:39
174ff6cf-da4d-42c0-9f9e-f85d06304f7b,60076103-8da8-4c1b-a351-168a82a166c2,f3cd0829-e890-4cee-a65b-14720f2e5ca6,76065b47-d896-4957-9702-e6d10e263f9f,TRUE,2026-04-08 19:12:39
aec58aa2-df4f-4f14-a264-22ff6dad2db5,b13eff05-1a8f-43d5-a34e-0db944cdd1e2,253ea542-c762-42e9-8125-3c936fbe0802,73ab3fca-528b-45b4-ab2b-1f6cafc3918b,TRUE,2026-04-08 19:12:39
425399fc-b9ac-4396-a1d5-ad01399d4842,dfaf297c-560f-4924-93f2-c3962ef9b728,c8ae3e88-43c4-4405-a40d-3d807f8bebd9,43734bce-e815-4d62-a3a5-27133840000c,TRUE,2026-04-08 19:12:39
fc714984-9324-4035-9684-68f0ffef16ae,e66aa83c-d57b-470e-9d93-64909753e6ef,7a35c70a-5d17-4ebc-903c-128c5c215c7a,7438e16b-26a9-4213-8e56-afa9ce9bf7df,TRUE,2026-04-08 19:12:39
c56cf059-ab66-4eae-9785-8ac9499bfb4e,b9c862d0-3c1b-44c4-884d-e2e3feba52a4,ab4d9d97-e35f-4992-a8fd-69ed66a8d558,7ee6dbd9-6be5-48ba-a029-ba98ab1e53c2,TRUE,2026-04-08 19:12:39
a44a6cd8-aa3c-4ddb-8628-4b36c9746da3,eff1ea84-eb37-44da-979e-17a2fd614ea9,f6cdcfcf-7335-4d75-b671-9eec522e46f7,448b6ffd-756c-4d5c-9c93-595689298c19,TRUE,2026-04-08 19:12:39
34bc1b94-3773-4cd2-b047-78bc9cf9175c,85494df2-2108-4123-9cd2-4c2a8ef66e95,6811ccae-9458-4fdf-95e6-6495ab506c4a,d7ecb162-bda4-41d6-a676-19978d199d50,TRUE,2026-04-08 19:12:39
d09f551a-9db9-4c57-9389-21c48f1549b2,02b97346-e2f9-4bcb-8e43-ca847b1af3ed,e2ad0972-ab1a-43a9-89d0-d07a5ac4c90c,469eac5b-3dfd-4060-be4e-6f503bd9a4ff,TRUE,2026-04-08 19:12:39
837cc5f8-aa4c-49cc-9fa8-7501bc639aec,5cf32682-81a3-4e72-907a-0225eee2343e,11ef84e7-52a3-483f-a88b-0f17699fc175,61248ca7-f1ba-466e-9812-6ba34a7413f8,TRUE,2026-04-08 19:12:39
d43614b5-1031-4c37-aa73-636cfe604b78,e0fa87bb-102d-4eeb-8e2b-788548f06a25,fac266f6-62c9-4401-9cba-379d85f33a1d,59fc86c3-612f-4024-a423-8a0b5825252d,TRUE,2026-04-08 19:12:39
2a19d641-f488-46a2-9877-a84bfdac447d,8bb5c3a9-f8e4-428c-864e-37eb765dc1d3,d9ded107-db56-4362-9660-f034f2aad13e,111cc4db-ae15-4055-8474-c9aa5aa31ba6,TRUE,2026-04-08 19:12:39
a1e8237a-95eb-4317-9064-a30589b5ff83,10ea04b4-3e5f-41e5-b814-609afaa054b2,51f1d7ae-df00-4939-92c0-b514896d2224,400711b3-ef2e-4866-8fa6-242f92abee63,TRUE,2026-04-08 19:12:39
b17b5185-d5fb-4f54-a51f-eea407def429,d45e7752-e771-4dc1-b861-d62ec91023c7,253ea542-c762-42e9-8125-3c936fbe0802,6c45ab38-ef65-4d88-a346-ebfc92b91bda,TRUE,2026-04-08 19:12:39
df495036-6f39-4b61-8eb4-e71184782b5d,d4ab8b21-a599-4913-8d51-1b3671805fe2,f6cdcfcf-7335-4d75-b671-9eec522e46f7,7c1373c4-932c-45b3-893d-f4bb001426b7,TRUE,2026-04-08 19:12:39
2dd31a08-ae87-47f5-a55d-8404b029c360,3129d54e-e0a7-4d06-bcd1-28c7a3bb0247,75e74f36-5be1-4048-b0a2-3460dd418f90,07795157-fa74-4f1e-9b30-df0d11b4bba8,TRUE,2026-04-08 19:12:39
2a0d842e-4ecd-43c2-9f50-a00b6428e64a,36e353f2-17fe-4b4c-b62a-db3653101066,253ea542-c762-42e9-8125-3c936fbe0802,f79bfee0-5bf8-45f8-8b7e-bd7104015f6f,TRUE,2026-04-08 19:12:39
f8f2d065-24b5-45ee-8a65-7aaf0d67ff7c,5b6f2aef-fb3b-4d29-a140-957067eb1c77,253ea542-c762-42e9-8125-3c936fbe0802,20667662-5732-4c00-87e4-091e57a4fb12,TRUE,2026-04-08 19:12:39
7ab4014c-7a9f-4494-b21f-d181eea019b4,68853ef4-797a-4b6f-8326-62ffb12006de,253ea542-c762-42e9-8125-3c936fbe0802,d7ecb162-bda4-41d6-a676-19978d199d50,TRUE,2026-04-08 19:12:39
22e9d79e-e8ba-49a7-8323-4618a80e22db,d556c26c-2a27-4152-881a-dccb13d273e6,fc051f5d-8e18-4c46-ba41-1a4307de9fa6,ae15d5a6-e713-4275-b6ec-4cf08190e77d,TRUE,2026-04-08 19:12:39
3d14be19-5063-437b-807d-527e2c11fcd5,202974c3-bb99-4606-a9df-3acaf97fc403,7a35c70a-5d17-4ebc-903c-128c5c215c7a,d7ecb162-bda4-41d6-a676-19978d199d50,TRUE,2026-04-08 19:12:39
9b6edcb9-2f2f-4a1e-b6ed-31972304949d,967cf03a-6afc-4f31-8c8f-96fb68e7cf0f,253ea542-c762-42e9-8125-3c936fbe0802,ce80c6f7-5e37-4e16-8663-ae629d7efe96,TRUE,2026-04-08 19:12:39
b6ffcb5a-4853-4063-a161-749aabfc9f02,2dae1a13-12ec-4a15-b2c1-b5a932f6d1a0,7a35c70a-5d17-4ebc-903c-128c5c215c7a,b4faa673-7bd4-4c2f-b84b-738d9f9d997a,TRUE,2026-04-08 19:12:39
e6617c1d-4167-4878-b281-cec1064e2869,87fd4024-5953-4a82-b443-32ab625d7efb,197fcbc8-7a73-40b5-802f-fa829cd49329,d7ecb162-bda4-41d6-a676-19978d199d50,TRUE,2026-04-08 19:12:39
5fb958e8-c757-478a-939d-29352eb33245,d97ef9c1-d4ad-4f39-b7fd-1cb7dd120b74,ab4d9d97-e35f-4992-a8fd-69ed66a8d558,fda2cd44-b62a-460e-9926-644603cda879,TRUE,2026-04-08 19:12:39
62668c24-5f88-4e36-af86-0f13d494670c,8dba2294-6d34-48a3-8552-d71a5949a955,fc051f5d-8e18-4c46-ba41-1a4307de9fa6,93e2ad84-279e-47ab-b86d-9189eccc1421,TRUE,2026-04-08 19:12:39
742d89f0-c935-440c-a684-05f0949353cd,ffaea16a-d14c-49d3-9905-f3d09589fafe,75e74f36-5be1-4048-b0a2-3460dd418f90,77255925-a9bc-4075-8107-11601ca8c4a2,TRUE,2026-04-08 19:12:39
1d77f49c-02f8-4250-af35-e042acc332e1,8cc87d99-11c8-4c4a-98e5-29a31fa27d2e,d9ded107-db56-4362-9660-f034f2aad13e,54ce8570-3e31-4194-8997-89c9ea0bbbda,TRUE,2026-04-08 19:12:39
401ea5dd-6668-48ba-a163-47ea4d33be85,6beac2ee-d54b-43f0-8c5b-266b627b18cb,d9ded107-db56-4362-9660-f034f2aad13e,111cc4db-ae15-4055-8474-c9aa5aa31ba6,TRUE,2026-04-08 19:12:39
245dbcbe-3372-481d-86e3-9273104b6a62,f70d6a96-eb73-49e1-815a-a005fecce895,7a35c70a-5d17-4ebc-903c-128c5c215c7a,d7ecb162-bda4-41d6-a676-19978d199d50,TRUE,2026-04-08 19:12:39
54abbd3f-b8b4-4c15-a69d-0a413d42607d,6b737e45-52e2-4dd0-9e7f-56eb0114323e,45cfaa87-fa08-4b0a-901a-60546ff3668c,e942f6ef-4045-4f5d-8b86-f6cd84b5f859,TRUE,2026-04-08 19:12:39
59bbc37a-8cb9-4d49-a062-e7ee376244bf,25fc91f9-cfb1-47a1-ac15-b82f1236da42,253ea542-c762-42e9-8125-3c936fbe0802,d7ecb162-bda4-41d6-a676-19978d199d50,TRUE,2026-04-08 19:12:39
fed99803-eec1-4b82-bf06-fe32b5d80836,0e0ff1c9-0dd0-4843-8bce-9afaf07fd96a,6811ccae-9458-4fdf-95e6-6495ab506c4a,bba50f22-e240-474e-b038-34915bce3dda,TRUE,2026-04-08 19:12:39
97d806da-0b16-458a-9e59-e6998af101df,8c2df6ca-2071-4644-a545-48b6d710fc49,15f7233e-d7ab-4258-a5e4-238d22d79bae,fbc6fd88-cc64-4e20-91ad-e6303e217def,TRUE,2026-04-08 19:12:39
846bdea2-933c-407d-994a-664b26b398aa,49867397-ae1c-49b6-bae0-95da49b42d9d,197fcbc8-7a73-40b5-802f-fa829cd49329,5c435ef0-bddd-4020-8e1d-7667b48e1a21,TRUE,2026-04-08 19:12:39
cdcc2974-6edb-4a56-a478-354fcd29b079,e9550d65-cd80-41cf-9a02-e6cd98776bc7,d9ded107-db56-4362-9660-f034f2aad13e,d7ecb162-bda4-41d6-a676-19978d199d50,TRUE,2026-04-08 19:12:39
747bb67b-d0d8-43b6-9a24-103d7ad3c466,85d039f0-5e4b-4ea7-aded-29921b103cc8,077efb35-8940-4d91-a66c-91b50b83e640,d7ecb162-bda4-41d6-a676-19978d199d50,TRUE,2026-04-08 19:12:39
727a8e22-ec2c-477d-b31a-c8a27a58c42b,3c60fe5a-b137-43d5-9d41-6100f5433db6,253ea542-c762-42e9-8125-3c936fbe0802,d7ecb162-bda4-41d6-a676-19978d199d50,TRUE,2026-04-08 19:12:39
a9c29f53-765c-402c-8183-832a2823cd70,be3ef8b3-7477-4e3c-b42a-e69e3a5188a6,11ef84e7-52a3-483f-a88b-0f17699fc175,d7ecb162-bda4-41d6-a676-19978d199d50,TRUE,2026-04-08 19:12:39
305f61ed-e0c8-42d6-b323-d96761dbd3cf,062f90b1-f5a1-4d84-9f2f-33f2d344574c,f3cd0829-e890-4cee-a65b-14720f2e5ca6,d7ecb162-bda4-41d6-a676-19978d199d50,TRUE,2026-04-08 19:12:39
79b3363f-a075-4f35-b8e2-ff88b8cb670f,180aa5c3-e206-40c1-be84-03a13f44d95b,253ea542-c762-42e9-8125-3c936fbe0802,372bd77b-ed99-477b-b669-6291db7704cf,TRUE,2026-04-08 19:12:39
6157140b-ac94-4f75-901e-c1c992d7a8bf,48bc8bb2-20e9-40e0-89fd-34b5de22d937,253ea542-c762-42e9-8125-3c936fbe0802,a1b87233-645c-4dd7-93c0-a3dbb79a7faf,TRUE,2026-04-08 19:12:39
bff5caa9-06ce-42b0-b8e9-076bfbfc63ee,e92af47d-fb48-4b0b-bc24-4c41f0ea5a7f,8c167350-9457-47d2-a6ca-bc39597e7b99,301e9ff4-93ba-412b-a2f6-3fbf6ca72be1,TRUE,2026-04-08 19:12:39
3ce29cea-a73b-4cc2-90c3-530f26af5916,27c7ed09-146d-47e7-83b6-6618ef1ad0aa,d9ded107-db56-4362-9660-f034f2aad13e,fbfdf79e-7c18-45ae-bc26-44f20ca896a9,TRUE,2026-04-08 19:12:39
d07fb12a-5e57-4eb1-a762-6571b8e097c4,97bb530c-ca1c-4f01-854a-3a82f077917a,d9ded107-db56-4362-9660-f034f2aad13e,a77f5060-60fe-4ab9-b02a-76d452c21187,TRUE,2026-04-08 19:12:39
1f18a831-8d70-4a0c-beeb-742123d42610,634fdb8d-2a3b-406c-8823-d84ccef65eab,253ea542-c762-42e9-8125-3c936fbe0802,d7ecb162-bda4-41d6-a676-19978d199d50,TRUE,2026-04-08 19:12:39
e7f36f45-e14f-49cf-ba4d-43d1c0ac50bc,a491a643-96c4-49ec-8886-bf2ee9d6e088,197fcbc8-7a73-40b5-802f-fa829cd49329,d7ecb162-bda4-41d6-a676-19978d199d50,TRUE,2026-04-08 19:12:39
ea98afa8-357f-4906-aa70-a873f3e91bd1,d59920ab-b027-4924-9984-bd2894a5237e,e2ad0972-ab1a-43a9-89d0-d07a5ac4c90c,ec293998-d968-49b1-8406-366481f02d18,TRUE,2026-04-08 19:12:39
f3fed705-c523-4d06-bb4e-232d261a14a2,80471736-106b-4fec-9948-e968afac20dd,7a35c70a-5d17-4ebc-903c-128c5c215c7a,e0bcd874-5929-4bfc-b486-873b6fb707ef,TRUE,2026-04-08 19:12:39
3b22208a-2b3d-4775-803b-295c8d915787,637e8f2e-460a-42bb-8465-83491060986d,6811ccae-9458-4fdf-95e6-6495ab506c4a,d7ecb162-bda4-41d6-a676-19978d199d50,TRUE,2026-04-08 19:12:39
d63deb26-4c6a-4748-8995-92c7accd457c,5c977663-db4a-4889-8284-b455879bdc94,7a35c70a-5d17-4ebc-903c-128c5c215c7a,d7ecb162-bda4-41d6-a676-19978d199d50,TRUE,2026-04-08 19:12:39
3dc2b750-5173-451f-ab8a-5d2572bb6c17,9265b2e7-d2c2-4488-bac2-7209238e6038,253ea542-c762-42e9-8125-3c936fbe0802,58338df1-beb3-46d4-a4d6-2ac2d7dda920,TRUE,2026-04-08 19:12:39
7d55aac5-24e7-4ab7-8da5-bb6cbe60e783,100cb07d-4948-4342-9db2-70fafa842d09,89ac15fd-fcc1-4185-aef5-7f10ee7dc668,507b1fb0-4f59-4a1f-b0e0-740230cc9e71,TRUE,2026-04-08 19:12:39
48a0cf05-ddc8-4fe1-a25f-67dfca875078,2c1dd040-c9e2-4bb5-8201-abaa85afec41,7a35c70a-5d17-4ebc-903c-128c5c215c7a,755c2423-7a41-4112-a7c2-c3ed2f5016d9,TRUE,2026-04-08 19:12:39
e7957d27-bfb1-4766-bce5-9c629060950f,bd9961a8-1b2c-48a1-9e7c-1093d694f730,7a35c70a-5d17-4ebc-903c-128c5c215c7a,d7ecb162-bda4-41d6-a676-19978d199d50,TRUE,2026-04-08 19:12:39
035ea0f7-2b94-4b4a-b93d-84f45f77f655,769579e7-f665-48e1-830f-8becf554c2d9,077efb35-8940-4d91-a66c-91b50b83e640,41fdab46-001f-4bec-801f-71ed6204b6cf,TRUE,2026-04-08 19:12:39
7761cd75-fe8e-4fec-aaf5-aee7375877ac,1c93d068-6d64-47c9-ada2-355d253d9beb,6811ccae-9458-4fdf-95e6-6495ab506c4a,106c034f-0bc4-4735-8c2c-08a45eb3bbca,TRUE,2026-04-08 19:12:39
42393683-ef5e-434a-bb9f-1dd1db59f627,c3563e22-7aa3-4619-9b77-ac1615166602,ef981386-a070-4da0-b638-b72f7ca3ea47,5c435ef0-bddd-4020-8e1d-7667b48e1a21,TRUE,2026-04-08 19:12:39
a5b8f732-62e9-4bb5-af11-64ecc6125823,0d2ef685-30ca-4ca7-a98d-95eb2f24bcc4,d9ded107-db56-4362-9660-f034f2aad13e,1168b0af-db1d-4375-b359-3c752957f6b6,TRUE,2026-04-08 19:12:39
c04e36ed-d978-4cea-9eeb-5a692b6bc5de,238d8f8d-9556-4fab-a629-26e50c0e3542,d9ded107-db56-4362-9660-f034f2aad13e,a77f5060-60fe-4ab9-b02a-76d452c21187,TRUE,2026-04-08 19:12:39
05610edc-c1e7-4047-85fd-c5f1a6b3b5d9,baeed1be-789b-49fd-8524-9f6a62e87d27,d9ded107-db56-4362-9660-f034f2aad13e,fbfdf79e-7c18-45ae-bc26-44f20ca896a9,TRUE,2026-04-08 19:12:39
b6a0ea3e-bb46-40ca-a3f5-9f83d507b4e8,e6c1c307-d417-42bc-b7c2-0cd54c18d174,d9ded107-db56-4362-9660-f034f2aad13e,a77f5060-60fe-4ab9-b02a-76d452c21187,TRUE,2026-04-08 19:12:39
a745d894-a78c-4a10-a080-723c0d5e2538,cfdaaad7-8219-4a06-bc76-f585febe4176,d9ded107-db56-4362-9660-f034f2aad13e,fbfdf79e-7c18-45ae-bc26-44f20ca896a9,TRUE,2026-04-08 19:12:39
37fe628a-25de-4205-8c7d-e05a00445d5c,e691e67f-64a3-4d92-9061-b8fab30f6c31,6811ccae-9458-4fdf-95e6-6495ab506c4a,97ce340d-f1b7-42c4-86b2-3d30865edfcc,TRUE,2026-04-08 19:12:39
73d5dbeb-ff12-4fc6-a1c0-3dcc2f83425d,3831a244-01f1-4b87-ab04-17d1466486f3,15f7233e-d7ab-4258-a5e4-238d22d79bae,fbc6fd88-cc64-4e20-91ad-e6303e217def,TRUE,2026-04-08 19:12:39
c287c3e9-6c2b-4309-9183-7f3531376e2f,9244fbe5-f581-4787-972b-9ebcba2481ad,d9ded107-db56-4362-9660-f034f2aad13e,fbfdf79e-7c18-45ae-bc26-44f20ca896a9,TRUE,2026-04-08 19:12:39
2669ded7-006e-4627-8c96-1a4f1169cc44,eaca0c8e-439b-4a7c-b455-c2469397111a,fac266f6-62c9-4401-9cba-379d85f33a1d,773671d9-31b2-4db8-87ef-b50153b419bd,TRUE,2026-04-08 19:12:39
8d0c0c58-2901-4ead-87f2-b670e6071585,e0a0da4b-61c8-49d9-9b36-6df58a58e79e,15f7233e-d7ab-4258-a5e4-238d22d79bae,fbc6fd88-cc64-4e20-91ad-e6303e217def,TRUE,2026-04-08 19:12:39
acb65445-1fd9-4a06-9320-68c96232515f,205f955b-e417-42f5-8b19-d1c738c65ccb,d9ded107-db56-4362-9660-f034f2aad13e,1168b0af-db1d-4375-b359-3c752957f6b6,TRUE,2026-04-08 19:12:39
6c3a49ec-f2b5-4781-8358-2e1994e82272,3e427620-539d-4449-bf55-d731422da5e4,fc051f5d-8e18-4c46-ba41-1a4307de9fa6,d7ecb162-bda4-41d6-a676-19978d199d50,TRUE,2026-04-08 19:12:39
5577b89f-226d-4b0a-a543-21a675771c9e,0945c5e3-0eee-468c-b8f5-7dedcd7e4b41,d9ded107-db56-4362-9660-f034f2aad13e,1168b0af-db1d-4375-b359-3c752957f6b6,TRUE,2026-04-08 19:12:39
d5c6e893-0998-4a10-a01d-71ae29578a5f,86acb327-0ae9-49e7-8e94-a6b5b154a01e,a7661018-6f30-438d-a26a-5cebbb1a6191,d7ecb162-bda4-41d6-a676-19978d199d50,TRUE,2026-04-08 19:12:39
ec0dc4ba-aa67-4375-b79a-16d1c3f94971,b5460805-acb1-4a0c-b05b-2cbf2b3a5514,253ea542-c762-42e9-8125-3c936fbe0802,5dd63d1c-750f-4adf-a6bc-909313840b65,TRUE,2026-04-08 19:12:39
8ac1f702-d98f-4277-b57a-d7e399e677ba,2781d39b-146e-4448-a383-e7dc3abd7d85,d9ded107-db56-4362-9660-f034f2aad13e,d0c1706c-c6ea-4622-a8a7-d4d67abf6ad2,TRUE,2026-04-08 19:12:39
3ef9db37-1409-443c-afec-7017fe9afbcb,e8cf9091-931f-45b4-a453-c6614bb520ab,11ef84e7-52a3-483f-a88b-0f17699fc175,408570ee-c83c-43c6-8cda-d068c10470c4,TRUE,2026-04-08 19:12:39
61c45d43-54b2-47f8-9efd-4c8234e4160d,ef87db92-3864-4b91-ac32-1b35657cbc23,d9ded107-db56-4362-9660-f034f2aad13e,c141841d-c152-4775-aff0-1fd7a82ec852,TRUE,2026-04-08 19:12:39
141ff47f-4676-42d1-a478-0c090da73616,c4c2d6d1-d28b-48bd-b4f3-fc3e5fa384b7,fc051f5d-8e18-4c46-ba41-1a4307de9fa6,d7ecb162-bda4-41d6-a676-19978d199d50,TRUE,2026-04-08 19:12:39
4807f2f4-490c-4ce4-87a8-da8c20c9a21f,bde87b16-e3b8-49f8-b641-21bf4d9b1443,35795dfe-e16a-408d-9677-5f13c3d4ff83,d7ecb162-bda4-41d6-a676-19978d199d50,TRUE,2026-04-08 19:12:39
2c02c0db-8451-4e39-abbd-b895ded09779,d6460d2c-b728-4a79-ac22-3bba13d71f16,6811ccae-9458-4fdf-95e6-6495ab506c4a,e31c0388-d2af-4759-8dd5-4103a15ab672,TRUE,2026-04-08 19:12:39
5f778ef4-2b6c-413c-86ae-3db12b0c6e41,0fdbdd87-d566-465d-9856-6080eb0da1a6,d9ded107-db56-4362-9660-f034f2aad13e,fbfdf79e-7c18-45ae-bc26-44f20ca896a9,TRUE,2026-04-08 19:12:39
d9c2780c-ce7b-4241-8078-0dcf7df8b7ad,7aaa1a5c-6b09-4d6f-8d07-e42bd22c7a84,cf0fb074-ae87-4149-b7ac-b9093592516d,d7ecb162-bda4-41d6-a676-19978d199d50,TRUE,2026-04-08 19:12:39
15409305-c744-4294-b8d6-b05ada536fb8,e9c235fa-f837-4f02-8538-9eb8b5f6fd83,11ef84e7-52a3-483f-a88b-0f17699fc175,61248ca7-f1ba-466e-9812-6ba34a7413f8,TRUE,2026-04-08 19:12:39
a090c94b-7897-4ca3-bda9-d4cc4b963061,4048f53a-03da-463a-b762-7e69aeb73ea5,7a35c70a-5d17-4ebc-903c-128c5c215c7a,b4faa673-7bd4-4c2f-b84b-738d9f9d997a,TRUE,2026-04-08 19:12:39
5391e9f8-4ed2-4c1f-9a57-e99da538cd78,0457a9d3-462c-4af6-9da0-d84a2ea0c569,ef981386-a070-4da0-b638-b72f7ca3ea47,5c435ef0-bddd-4020-8e1d-7667b48e1a21,TRUE,2026-04-08 19:12:39
86b598ec-758b-4a67-ab6b-67965f365011,f3882697-d971-44d8-b01d-6aecb3091737,d9ded107-db56-4362-9660-f034f2aad13e,4e8f875e-07c1-494c-93d6-22bf52e7e2a9,TRUE,2026-04-08 19:12:39
3811d86f-7c8f-4a34-98fe-eb3a0d17cded,7d650dca-df8b-4219-b35f-530279f78d7b,51f1d7ae-df00-4939-92c0-b514896d2224,400711b3-ef2e-4866-8fa6-242f92abee63,TRUE,2026-04-08 19:12:39
6c0985a5-ce38-4103-b17e-a875e400793e,75d4deae-0256-4115-82b0-e05ac6f159cd,51f1d7ae-df00-4939-92c0-b514896d2224,400711b3-ef2e-4866-8fa6-242f92abee63,TRUE,2026-04-08 19:12:39
78e44644-2775-441d-8200-37e8bedaf527,3a115f4c-05df-4787-9557-39df180a6b6b,d9ded107-db56-4362-9660-f034f2aad13e,c141841d-c152-4775-aff0-1fd7a82ec852,TRUE,2026-04-08 19:12:39
afee0802-4fee-4861-9eb5-b404035b9a34,cf748107-b855-4aa7-aa13-7e31586fffe3,d9ded107-db56-4362-9660-f034f2aad13e,3cd4d8fc-f767-449a-aec7-19a39f7c5cc6,TRUE,2026-04-08 19:12:39
23a33c97-402d-4af0-8f29-83381c78745d,1b84ec19-5fb9-4087-8fa7-10c161a9156f,d9ded107-db56-4362-9660-f034f2aad13e,a77f5060-60fe-4ab9-b02a-76d452c21187,TRUE,2026-04-08 19:12:39
0bed05b4-3efd-4129-bd1e-d5720f4078e4,f3d2b489-940c-461f-a00e-f489a48ac259,6811ccae-9458-4fdf-95e6-6495ab506c4a,d7ecb162-bda4-41d6-a676-19978d199d50,TRUE,2026-04-08 19:12:39
f5199c67-9aa8-4fd8-8212-1430a1dc08ae,882c2f7d-4128-457d-b8b7-ad9355390c31,d9ded107-db56-4362-9660-f034f2aad13e,64ace9e2-c355-40d3-ba8c-5404653e3488,TRUE,2026-04-08 19:12:39
2bf2dd7d-749f-4fc1-bde2-ae38f88a496f,81dfb7ef-434f-49e3-b162-c860ad188091,d9ded107-db56-4362-9660-f034f2aad13e,d7ecb162-bda4-41d6-a676-19978d199d50,TRUE,2026-04-08 19:12:39
48aa111a-be2f-4eaa-9069-e584d160a2cb,f0d16f3d-3dae-4f39-aac4-ff6e28ae80f8,d9ded107-db56-4362-9660-f034f2aad13e,3cd4d8fc-f767-449a-aec7-19a39f7c5cc6,TRUE,2026-04-08 19:12:39
769381f7-4f90-4bd3-a2f3-9834bd0996b6,e26e1006-9bc7-471b-a941-441ece2c386b,d9ded107-db56-4362-9660-f034f2aad13e,3cd4d8fc-f767-449a-aec7-19a39f7c5cc6,TRUE,2026-04-08 19:12:39
9c7a9b55-40e9-489c-baaf-9bfa6b28bfc5,770806fc-1d33-4fcc-8c58-6cfaaedfffb8,7a35c70a-5d17-4ebc-903c-128c5c215c7a,7438e16b-26a9-4213-8e56-afa9ce9bf7df,TRUE,2026-04-08 19:12:39
d6dfc517-2ec2-4c63-8890-426a5f3f5c77,318ff1b7-7cd8-4841-95c1-1261d6cba0cd,d9ded107-db56-4362-9660-f034f2aad13e,d7ecb162-bda4-41d6-a676-19978d199d50,TRUE,2026-04-08 19:12:39
3b82427e-6603-41bb-9d5d-421a5464d004,fceddc00-fab6-4ab5-b4d1-e59c873544a5,d9ded107-db56-4362-9660-f034f2aad13e,c6be9132-e88b-44e4-99a2-4391b376a6b1,TRUE,2026-04-08 19:12:39
1e9747d3-17b5-4896-9aca-01550fdc83eb,e5cf947e-3aaa-4c11-a4ec-dcde9719f36a,11ef84e7-52a3-483f-a88b-0f17699fc175,61248ca7-f1ba-466e-9812-6ba34a7413f8,TRUE,2026-04-08 19:12:39
3e8e7551-0ac6-473a-9131-2cca8592a602,69bf4348-7dc1-434e-97ff-91b04a3813dc,d9ded107-db56-4362-9660-f034f2aad13e,c6be9132-e88b-44e4-99a2-4391b376a6b1,TRUE,2026-04-08 19:12:39
76494c1f-3dd0-43a6-ab81-60567bdc2267,51220a45-6fab-4486-a58a-0e9fb94920b1,d9ded107-db56-4362-9660-f034f2aad13e,c141841d-c152-4775-aff0-1fd7a82ec852,TRUE,2026-04-08 19:12:39
668f003c-996c-4fec-843f-f9dd89273a12,3db31307-0a09-4017-99e4-77078b24977f,7a35c70a-5d17-4ebc-903c-128c5c215c7a,b4faa673-7bd4-4c2f-b84b-738d9f9d997a,TRUE,2026-04-08 19:12:39
5353c280-e776-4e69-8f03-6ce5b769ad2d,a7eba6dd-da86-4c11-8fb0-7777f6bbe9b3,35795dfe-e16a-408d-9677-5f13c3d4ff83,d7ecb162-bda4-41d6-a676-19978d199d50,TRUE,2026-04-08 19:12:39
6e29ab70-4b2c-434c-b66c-4492b63b40bd,e692ab0e-c042-4bba-8f6f-f1f8818e9524,d9ded107-db56-4362-9660-f034f2aad13e,d0c1706c-c6ea-4622-a8a7-d4d67abf6ad2,TRUE,2026-04-08 19:12:39
65904e84-20c1-47e6-a75d-697838f48bfb,f666be8b-6d4d-4238-b91b-c8427cced688,d9ded107-db56-4362-9660-f034f2aad13e,1168b0af-db1d-4375-b359-3c752957f6b6,TRUE,2026-04-08 19:12:39
3dd75492-c0c8-40a1-881b-cf7e0b597b85,406220bf-ebb8-4585-8c20-816004c83a2a,fc051f5d-8e18-4c46-ba41-1a4307de9fa6,d7ecb162-bda4-41d6-a676-19978d199d50,TRUE,2026-04-08 19:12:39
3f3d0e78-8ef2-4da6-bda9-c9122388f150,9be962ca-435f-409c-8405-7c258a5e4540,d9ded107-db56-4362-9660-f034f2aad13e,d0c1706c-c6ea-4622-a8a7-d4d67abf6ad2,TRUE,2026-04-08 19:12:39
90d3f6ce-1f99-4369-a084-4c88e7a2917c,d729e1da-3192-4c63-b002-295d95108206,d9ded107-db56-4362-9660-f034f2aad13e,111cc4db-ae15-4055-8474-c9aa5aa31ba6,TRUE,2026-04-08 19:12:39
ff67abe9-fecd-4383-ab96-22b62335fa02,ef796d0e-41d1-49a9-b18c-e3bb33c828c7,15f7233e-d7ab-4258-a5e4-238d22d79bae,48432ad7-0f4c-455d-aa50-c133d1b66b05,TRUE,2026-04-08 19:12:39
38d7fbba-8e04-4188-8867-c93402ac3337,9046587f-af6b-4754-a11b-0de9a917a5da,253ea542-c762-42e9-8125-3c936fbe0802,d7ecb162-bda4-41d6-a676-19978d199d50,TRUE,2026-04-08 19:12:39
2c45b05e-24bd-44b4-848e-b66b4f1de945,053d455f-f348-47a7-abb5-1f0aa90800db,7a35c70a-5d17-4ebc-903c-128c5c215c7a,b4faa673-7bd4-4c2f-b84b-738d9f9d997a,TRUE,2026-04-08 19:12:39
510b24a9-a6d9-413c-8b68-94614f2af8da,340660f7-d55a-4a46-b7aa-cc571a54ee8b,7a35c70a-5d17-4ebc-903c-128c5c215c7a,2efb6128-dfdc-46de-b352-a1df0be1b2f6,TRUE,2026-04-08 19:12:39
bb0ddc6d-5039-4882-8408-17f75afba24e,b8bab8c8-4073-4c8a-ae59-88aeb7f38034,a0632d65-9e2a-4ce8-b09c-ce19f936c28b,c0eb2898-7ef7-4b3f-b031-d3678260eb36,TRUE,2026-04-08 19:12:39
745e5957-5d30-427d-8295-38c7cf4df66d,621a3355-74b1-43be-acbe-da7478db825e,253ea542-c762-42e9-8125-3c936fbe0802,6c45ab38-ef65-4d88-a346-ebfc92b91bda,TRUE,2026-04-08 19:12:39
4f4f2608-1995-440a-a1ab-cb3e09d7b2c8,3dc42170-96e0-4a96-a099-1ef7494cf6e1,6811ccae-9458-4fdf-95e6-6495ab506c4a,106c034f-0bc4-4735-8c2c-08a45eb3bbca,TRUE,2026-04-08 19:12:39
b42bd5e8-b0fc-479e-b57c-f29997212492,dbf804db-4b49-4aa5-ad9f-2434275ebe70,d9ded107-db56-4362-9660-f034f2aad13e,a77f5060-60fe-4ab9-b02a-76d452c21187,TRUE,2026-04-08 19:12:39
fe59c37e-876d-4654-8971-e3ea675d5b84,7792e759-bf79-4fff-98e4-b69f4bd1d892,35795dfe-e16a-408d-9677-5f13c3d4ff83,f76a21df-8c0e-4719-b8ac-f249935c2eac,TRUE,2026-04-08 19:12:39
642f8fc1-edf7-4f6d-9405-cb2f397f55db,fb1728a5-2463-480f-a478-c9f5246ebf78,fc051f5d-8e18-4c46-ba41-1a4307de9fa6,a6b3c920-ec1d-432a-bd38-90a5cbfd41ae,TRUE,2026-04-08 19:12:39
1274fc8f-316d-4eb2-b481-4d5c826ceed6,312eb8b0-0c26-42b5-bc97-65bd2f9edb56,6811ccae-9458-4fdf-95e6-6495ab506c4a,d7ecb162-bda4-41d6-a676-19978d199d50,TRUE,2026-04-08 19:12:39
12662333-f420-40dc-9895-41eda6e54a71,35d98fcf-d37e-4986-adb1-5ea6f4d648e1,6811ccae-9458-4fdf-95e6-6495ab506c4a,106c034f-0bc4-4735-8c2c-08a45eb3bbca,TRUE,2026-04-08 19:12:39
8163c533-f94b-4680-8429-056af2b1ae1a,ba7fc149-0aeb-4ee5-ba77-0d3ce433ac6f,6811ccae-9458-4fdf-95e6-6495ab506c4a,106c034f-0bc4-4735-8c2c-08a45eb3bbca,TRUE,2026-04-08 19:12:39
2a5e90d1-0bc0-475d-8b9f-65bdb14db285,845f854d-486a-407b-abdc-9eee1a9d5e0b,d9ded107-db56-4362-9660-f034f2aad13e,3cd4d8fc-f767-449a-aec7-19a39f7c5cc6,TRUE,2026-04-08 19:12:39
4976597b-4373-4343-a717-bfa801113ccb,6be8a4f6-2ba9-4206-bd3a-41621bd3faf2,fc051f5d-8e18-4c46-ba41-1a4307de9fa6,5cf414a9-7d0b-4cbc-82e9-54a3dd0b9e26,TRUE,2026-04-08 19:12:39
51313c17-1656-4eec-be6d-340fb5efae60,b9f325f7-a411-4a9b-815f-2a1114f121e8,d9ded107-db56-4362-9660-f034f2aad13e,c141841d-c152-4775-aff0-1fd7a82ec852,TRUE,2026-04-08 19:12:39
194dd354-40f9-4434-b25d-32f66a0b9d29,f972c1fa-df77-4dfa-a12f-852db41b151b,e82189ec-b2b2-490a-9a4a-d3b91b936649,a53f9ea3-156b-44d2-9086-220d2f0e749a,TRUE,2026-04-08 19:12:39
453307d8-ea97-49f0-b27b-f4f2b8d46a0d,a50c051e-00d4-40d5-80fc-acafad618301,cf0fb074-ae87-4149-b7ac-b9093592516d,d7ecb162-bda4-41d6-a676-19978d199d50,TRUE,2026-04-08 19:12:39
86952707-0797-45e6-a58e-49fc22b50fbc,f35f9205-3445-46fc-93a7-70754bbb831e,6811ccae-9458-4fdf-95e6-6495ab506c4a,bba50f22-e240-474e-b038-34915bce3dda,TRUE,2026-04-08 19:12:39
9100e9d6-7b53-459c-b5d4-e1c89aeaff6a,b6928231-2f7d-4312-a104-6c4f4072639b,d9ded107-db56-4362-9660-f034f2aad13e,d7ecb162-bda4-41d6-a676-19978d199d50,TRUE,2026-04-08 19:12:39
59ce1cde-5a03-4d84-82bd-f34e9bc7cd6e,068db058-9b57-4f92-a6e8-3b8040ff294d,253ea542-c762-42e9-8125-3c936fbe0802,372bd77b-ed99-477b-b669-6291db7704cf,TRUE,2026-04-08 19:12:39
6a286e4f-4f1c-4f50-91bd-39dd9912441b,ba807709-b813-4de7-b718-ab7b0632caa0,253ea542-c762-42e9-8125-3c936fbe0802,d7ecb162-bda4-41d6-a676-19978d199d50,TRUE,2026-04-08 19:12:39
b54c840b-0674-4585-85ea-b45b55fa5bd4,b89c4430-fb8d-4b2a-8682-bcb3995c63b3,d9ded107-db56-4362-9660-f034f2aad13e,3cd4d8fc-f767-449a-aec7-19a39f7c5cc6,TRUE,2026-04-08 19:12:39
251c5856-71e1-43a7-a3b5-04b45c008c02,5dddf3b9-e2f4-4ac9-9ba3-7d9876518fd1,6811ccae-9458-4fdf-95e6-6495ab506c4a,106c034f-0bc4-4735-8c2c-08a45eb3bbca,TRUE,2026-04-08 19:12:39
5582017f-163a-4bba-aaf6-4a0e527153c4,077d3a73-f642-4552-a99c-0f7ea7527d91,253ea542-c762-42e9-8125-3c936fbe0802,f79bfee0-5bf8-45f8-8b7e-bd7104015f6f,TRUE,2026-04-08 19:12:39
5ba4f371-1510-4741-9d1e-e1992b24e670,8a1ff7c2-68de-46c0-95af-2d35883eb196,fc051f5d-8e18-4c46-ba41-1a4307de9fa6,9ca2859d-5ef0-4ed3-bc96-d90af8ea79a9,TRUE,2026-04-08 19:12:39
d2af9ca7-1ef7-4ccb-a294-242d2a79ce97,160623fb-ddfa-4509-ac87-d68e8fbedb69,e2ad0972-ab1a-43a9-89d0-d07a5ac4c90c,d7ecb162-bda4-41d6-a676-19978d199d50,TRUE,2026-04-08 19:12:39
1accdcfc-9727-4ed6-804d-0c31accf4dad,f40db21d-f1e2-4e76-a492-7e39faa748b0,d9ded107-db56-4362-9660-f034f2aad13e,c141841d-c152-4775-aff0-1fd7a82ec852,TRUE,2026-04-08 19:12:39
0e904743-2811-48fd-bcec-107c94e9a327,700738d3-0a9e-4552-aa3d-7bccf57d3cee,7a35c70a-5d17-4ebc-903c-128c5c215c7a,d7ecb162-bda4-41d6-a676-19978d199d50,TRUE,2026-04-08 19:12:39
713c7319-4d1b-4397-8436-98c47e5757e5,44ddf9cd-a3f4-471e-b998-a16a0c6c68fe,15f7233e-d7ab-4258-a5e4-238d22d79bae,48432ad7-0f4c-455d-aa50-c133d1b66b05,TRUE,2026-04-08 19:12:39
f298b883-fe99-4c42-aebc-f39d69cc60a7,fe014b94-3e36-4d7a-b8dc-40a9609646b7,a0632d65-9e2a-4ce8-b09c-ce19f936c28b,c0eb2898-7ef7-4b3f-b031-d3678260eb36,TRUE,2026-04-08 19:12:39
8db627b5-7b72-4dd8-a587-ce820d3c274f,042a2855-069f-468e-a8fe-9fa9da0a2fbe,7a35c70a-5d17-4ebc-903c-128c5c215c7a,d7ecb162-bda4-41d6-a676-19978d199d50,TRUE,2026-04-08 19:12:39
90d3aacc-b004-4dc5-9853-5a4ace41af7d,acc8868a-11f0-436d-8fb3-be31dd039824,15f7233e-d7ab-4258-a5e4-238d22d79bae,48432ad7-0f4c-455d-aa50-c133d1b66b05,TRUE,2026-04-08 19:12:39
8012f382-affd-49d4-9804-cefd7796fe12,b05d00c5-b8cc-40a6-af42-7aea157e6900,d9ded107-db56-4362-9660-f034f2aad13e,c141841d-c152-4775-aff0-1fd7a82ec852,TRUE,2026-04-08 19:12:39
fe0f8be0-2887-4612-a92e-d25b9d8c5752,e0876123-c161-41f6-8884-58faf275c69f,cf0fb074-ae87-4149-b7ac-b9093592516d,d7ecb162-bda4-41d6-a676-19978d199d50,TRUE,2026-04-08 19:12:39
60555a1b-f60c-48b3-925b-27a9a8cfcfd7,9ec8ca99-4c65-40cc-9c95-a2bbe3ced478,d9ded107-db56-4362-9660-f034f2aad13e,54e7a103-d150-49fa-8cf5-a2835e47fb10,TRUE,2026-04-08 19:12:39
d4626eca-b2f3-4bc5-8138-b08f28630c4a,1b8e6d6d-113f-4e77-957f-01e3bd52578f,6811ccae-9458-4fdf-95e6-6495ab506c4a,3a7df198-567b-47b8-84ef-42c9cd57ec70,TRUE,2026-04-08 19:12:39
f5a0d80e-f4fd-4ce0-af12-5cdf938beb17,9e086037-cefe-425f-a357-1d6690f12dea,f6cdcfcf-7335-4d75-b671-9eec522e46f7,d8770b73-701e-49d0-a49e-d94ed35c56c1,TRUE,2026-04-08 19:12:39
37524048-5f0a-4751-a52d-9980a946b44c,b63fae1a-caa4-4f9a-9604-52d7cff8c9bd,d9ded107-db56-4362-9660-f034f2aad13e,c6be9132-e88b-44e4-99a2-4391b376a6b1,TRUE,2026-04-08 19:12:39
c5b0d18d-b0e7-4fa2-95c0-58178094aab9,f4cec09d-2547-49fa-ba46-b389675c429d,7a35c70a-5d17-4ebc-903c-128c5c215c7a,d9fde97b-3dd6-4c93-85fa-d7a19f9e01f4,TRUE,2026-04-08 19:12:39
4ddaf1fd-b6fd-4685-90a8-630aa60f8524,ded5e446-f2c4-47aa-bd29-91730a7739bf,d9ded107-db56-4362-9660-f034f2aad13e,3cd4d8fc-f767-449a-aec7-19a39f7c5cc6,TRUE,2026-04-08 19:12:39
c1906959-65f8-4e1f-afd1-694ce7597df4,a6902c41-259d-4c02-890c-9d26dbf44def,253ea542-c762-42e9-8125-3c936fbe0802,2860371f-6b77-45ad-b583-cb20033f9857,TRUE,2026-04-08 19:12:39
66db358f-3dd8-43c4-886c-c95d58e66ea7,b7d63878-614a-4693-8c99-7e3d0fbe19c0,077efb35-8940-4d91-a66c-91b50b83e640,08bc81f8-3d9e-4c7a-904a-b845b5365895,TRUE,2026-04-08 19:12:39
fc471415-9504-4432-ac52-f974e94b1593,3d73bf80-6457-439e-8cd4-5430ae98b975,d9ded107-db56-4362-9660-f034f2aad13e,a77f5060-60fe-4ab9-b02a-76d452c21187,TRUE,2026-04-08 19:12:39
7fa0b4c6-0f55-4b19-b7e3-eddc428d5c60,5cf59a22-393b-4156-a2b7-16c15eeaa7bf,11ef84e7-52a3-483f-a88b-0f17699fc175,408570ee-c83c-43c6-8cda-d068c10470c4,TRUE,2026-04-08 19:12:39
6cece565-5121-4c1c-bd66-f5ce455303bf,4bc6f019-460b-4f53-a1ee-e195d6c6d2ba,d9ded107-db56-4362-9660-f034f2aad13e,a77f5060-60fe-4ab9-b02a-76d452c21187,TRUE,2026-04-08 19:12:39
99da7084-5076-4a50-9208-15c0aa0050d1,2f924aab-43e7-45fe-93d6-2eb1c6193ab7,d9ded107-db56-4362-9660-f034f2aad13e,c6be9132-e88b-44e4-99a2-4391b376a6b1,TRUE,2026-04-08 19:12:39
b5fb75c0-7c66-42e4-b06e-80c4a10d9487,250f66f9-35dd-44b5-8f9a-c1be3e798460,d9ded107-db56-4362-9660-f034f2aad13e,a77f5060-60fe-4ab9-b02a-76d452c21187,TRUE,2026-04-08 19:12:39
6030b73e-2d95-4d01-9d76-9d68ebff8b56,9b8f1b41-8380-4e75-9886-2b2c38aa6397,6811ccae-9458-4fdf-95e6-6495ab506c4a,d7ecb162-bda4-41d6-a676-19978d199d50,TRUE,2026-04-08 19:12:39
6925f7a0-ffae-419b-9f5f-d8c298d38829,e9f40097-07b0-4914-9bac-82666fe10813,15f7233e-d7ab-4258-a5e4-238d22d79bae,fbc6fd88-cc64-4e20-91ad-e6303e217def,TRUE,2026-04-08 19:12:39
86875f2e-70da-4c80-8c05-9da05cabd447,ad81ddd4-c599-4d34-bbb9-58130ba44c4e,d9ded107-db56-4362-9660-f034f2aad13e,3cd4d8fc-f767-449a-aec7-19a39f7c5cc6,TRUE,2026-04-08 19:12:39
b0eaee4f-70fc-4830-b29a-ee3b4f68a62f,7f387838-b43c-4b61-845f-b2265fb3687b,d9ded107-db56-4362-9660-f034f2aad13e,c141841d-c152-4775-aff0-1fd7a82ec852,TRUE,2026-04-08 19:12:39
c7c6139d-7449-4d6c-a367-ff978df73ade,01a72b31-72fd-4f4b-8510-4316ff2decaf,d9ded107-db56-4362-9660-f034f2aad13e,3cd4d8fc-f767-449a-aec7-19a39f7c5cc6,TRUE,2026-04-08 19:12:39
427a97b9-125b-439a-8844-3d996b5f61a3,7ac0098a-aefc-448d-be62-36d3714e9fa7,d9ded107-db56-4362-9660-f034f2aad13e,3cd4d8fc-f767-449a-aec7-19a39f7c5cc6,TRUE,2026-04-08 19:12:39
f7401285-fcd9-4761-96f5-f212f13f89a0,18a3d7a8-0ded-414d-8ab5-bed4626a4bd1,7a35c70a-5d17-4ebc-903c-128c5c215c7a,4292ed8e-5fe9-4222-8d44-4cf54a12ffb7,TRUE,2026-04-08 19:12:39
4a8f960f-2b66-4697-b63e-9a366685a316,e1f6f025-556d-4820-82dc-063bf63e0121,d9ded107-db56-4362-9660-f034f2aad13e,a77f5060-60fe-4ab9-b02a-76d452c21187,TRUE,2026-04-08 19:12:39
9aa266a2-eafb-4953-b084-649bad1e7ed4,6e99e9de-a3e8-4b5b-b490-5eca725bb890,7a35c70a-5d17-4ebc-903c-128c5c215c7a,d4cd76ab-bc6e-4ca2-91be-2d27b1ba040d,TRUE,2026-04-08 19:12:39
659193f9-0d9d-40c9-abf1-f62fd83fc8d6,a326f9a4-1e09-4af4-88d1-8e437ecc4ab0,d9ded107-db56-4362-9660-f034f2aad13e,fbfdf79e-7c18-45ae-bc26-44f20ca896a9,TRUE,2026-04-08 19:12:39
ed8ca61e-4973-4919-979f-d5b2bf3d9983,36e2d828-121e-420a-8965-b03adc307e7c,cf0fb074-ae87-4149-b7ac-b9093592516d,f316ed5b-a717-47ec-830b-de8c85c4c7e3,TRUE,2026-04-08 19:12:39
1d789602-9153-4823-a5a1-1c822a5fbc89,6b0c4895-46c1-4338-a308-67d457cd2c27,fc051f5d-8e18-4c46-ba41-1a4307de9fa6,ae15d5a6-e713-4275-b6ec-4cf08190e77d,TRUE,2026-04-08 19:12:39
07a955d6-8a2b-4dd8-a719-238006a47047,77eb3c30-4f86-455d-953c-556e71e3b5e6,6811ccae-9458-4fdf-95e6-6495ab506c4a,d7ecb162-bda4-41d6-a676-19978d199d50,TRUE,2026-04-08 19:12:39
96c2a186-564b-46e4-abd1-1cdbdc9fc841,9baa2265-151c-4a03-bd67-c354c2955958,11ef84e7-52a3-483f-a88b-0f17699fc175,3cd8b3f0-dcb1-479e-9b20-510b6033f097,TRUE,2026-04-08 19:12:39
28483a39-5122-4562-9634-548263e28e7c,25edcefb-3ec6-4291-8de2-802223ddb0df,e2ad0972-ab1a-43a9-89d0-d07a5ac4c90c,469eac5b-3dfd-4060-be4e-6f503bd9a4ff,TRUE,2026-04-08 19:12:39
f3db0b26-5fc8-4c7d-b4eb-feade77741c2,e6ae8cfd-5609-405d-84d0-eb2cd7dfb602,ab4d9d97-e35f-4992-a8fd-69ed66a8d558,fda2cd44-b62a-460e-9926-644603cda879,TRUE,2026-04-08 19:12:39
e8968c9a-bc12-4f33-a82d-2b7c209fc7bb,da08f848-e342-4296-9b01-88e9fd6f60c8,11ef84e7-52a3-483f-a88b-0f17699fc175,408570ee-c83c-43c6-8cda-d068c10470c4,TRUE,2026-04-08 19:12:39
81030f8c-7b57-40fc-a45e-477d58ba74d3,24c57300-df31-4c78-866b-92fd3d34cc89,d9ded107-db56-4362-9660-f034f2aad13e,3cd4d8fc-f767-449a-aec7-19a39f7c5cc6,TRUE,2026-04-08 19:12:39
e67f0e44-3a32-4ed6-9320-dbb662bb1a49,06641609-8d1f-4941-b037-5ed26c8445ef,d9ded107-db56-4362-9660-f034f2aad13e,a79b4338-4611-4897-bf79-739c688a5d4d,TRUE,2026-04-08 19:12:39
fc63b48e-abb4-4c19-89e9-25037c0d5d84,56e2a6fd-0ffd-4bc1-8215-017d0f6552e2,d9ded107-db56-4362-9660-f034f2aad13e,3cd4d8fc-f767-449a-aec7-19a39f7c5cc6,TRUE,2026-04-08 19:12:39
ca724d1f-79ca-4258-b667-587b0b4af68e,189df847-5c96-474b-95a6-157306476b4d,d9ded107-db56-4362-9660-f034f2aad13e,d7ecb162-bda4-41d6-a676-19978d199d50,TRUE,2026-04-08 19:12:39
6591e0c3-369e-453a-9be7-999497dba843,b0e1c1b0-2b80-496a-a4e9-887f327e006d,d9ded107-db56-4362-9660-f034f2aad13e,c43c9455-dfb8-4753-a072-a8f80bc9c6dc,TRUE,2026-04-08 19:12:39
4daeeb39-28ae-4499-82e6-770d2d86c525,32047847-ba3f-491e-88c4-c991c5daacdc,6811ccae-9458-4fdf-95e6-6495ab506c4a,d548303c-6df8-4144-ab1e-2812b267b9b0,TRUE,2026-04-08 19:12:39
48a33752-282a-4dfa-9c37-76f9f04e9929,2e674620-124c-48a6-8ed4-66ce3d32f744,89ac15fd-fcc1-4185-aef5-7f10ee7dc668,4f54a419-e907-4b68-944f-f3f809c5244b,TRUE,2026-04-08 19:12:39
875b685e-b8ed-4032-b5cf-8c31237dd019,b1ef131b-bcab-476d-970c-a59289f935ef,fac266f6-62c9-4401-9cba-379d85f33a1d,773671d9-31b2-4db8-87ef-b50153b419bd,TRUE,2026-04-08 19:12:39
e932b062-5f1a-4ef0-8c5c-2f0efedbd320,b90e3faf-77d4-441d-88a2-67a9f4a9d03a,fac266f6-62c9-4401-9cba-379d85f33a1d,773671d9-31b2-4db8-87ef-b50153b419bd,TRUE,2026-04-08 19:12:39
a6d56eda-fd54-4bed-9b96-1d0533c957ac,66324a4a-68b1-4a0c-9f9e-0268a53f724a,d9ded107-db56-4362-9660-f034f2aad13e,a77f5060-60fe-4ab9-b02a-76d452c21187,TRUE,2026-04-08 19:12:39
0fc7e69b-f143-4119-b1a7-210eede505d3,838261cd-1151-4d22-b47f-917c600c6a9f,11ef84e7-52a3-483f-a88b-0f17699fc175,408570ee-c83c-43c6-8cda-d068c10470c4,TRUE,2026-04-08 19:12:39
bcad00d6-f988-45ee-be79-e72efed0a0e8,7cd5a7a0-a2b8-4ac4-a744-d726c09bb2f2,7a35c70a-5d17-4ebc-903c-128c5c215c7a,e0bcd874-5929-4bfc-b486-873b6fb707ef,TRUE,2026-04-08 19:12:39
3157ecb2-0ccf-44be-a976-1d0b4eba93bf,9f92ca7d-3106-4cd3-af1b-83475cc000f4,7a35c70a-5d17-4ebc-903c-128c5c215c7a,d4cd76ab-bc6e-4ca2-91be-2d27b1ba040d,TRUE,2026-04-08 19:12:39
69c5ca5e-62c5-4496-a54b-732d0f7d6be1,924a000c-fe70-41bd-87c2-52b88cdd93bc,6811ccae-9458-4fdf-95e6-6495ab506c4a,3a7df198-567b-47b8-84ef-42c9cd57ec70,TRUE,2026-04-08 19:12:39
41620260-f4b4-4555-a9bf-7be3f4d35e7c,c7ec582c-9725-4ecd-8978-9753f2481d69,d9ded107-db56-4362-9660-f034f2aad13e,a79b4338-4611-4897-bf79-739c688a5d4d,TRUE,2026-04-08 19:12:39
1748fe67-5cac-44c3-857a-71699724e90c,b9384c60-a7ef-436b-acb6-8bd3838bc60e,d9ded107-db56-4362-9660-f034f2aad13e,c141841d-c152-4775-aff0-1fd7a82ec852,TRUE,2026-04-08 19:12:39
1ff0ebd2-48b4-41f5-b806-af40b0dd54b5,3ba35f12-ac66-4960-8ce6-88fbba3534a7,d9ded107-db56-4362-9660-f034f2aad13e,3cd4d8fc-f767-449a-aec7-19a39f7c5cc6,TRUE,2026-04-08 19:12:39
e85079f5-f3e5-487e-9482-e7d785ce4ba7,e6624378-4692-46ec-9109-73be35ac872d,d9ded107-db56-4362-9660-f034f2aad13e,c141841d-c152-4775-aff0-1fd7a82ec852,TRUE,2026-04-08 19:12:39
9df3a9c5-0f83-457f-bf0f-368f5ccc76f7,4d85b217-18e1-4a50-8056-bfb8e07658da,d9ded107-db56-4362-9660-f034f2aad13e,c141841d-c152-4775-aff0-1fd7a82ec852,TRUE,2026-04-08 19:12:39
ca8d6c75-6c29-4994-9375-94ed3989b41b,3e0192de-3758-492d-a303-21e94554e8b2,d9ded107-db56-4362-9660-f034f2aad13e,1168b0af-db1d-4375-b359-3c752957f6b6,TRUE,2026-04-08 19:12:39
7f713f88-dd77-49f1-85e1-874a047d9b63,2a08f1d2-7cf6-4828-8e4c-c87e4a7f5065,d9ded107-db56-4362-9660-f034f2aad13e,3cd4d8fc-f767-449a-aec7-19a39f7c5cc6,TRUE,2026-04-08 19:12:39
22dce164-b3ba-403e-a401-04de34900ac0,2fb23263-7912-4e25-95fa-6e731e792183,d9ded107-db56-4362-9660-f034f2aad13e,3cd4d8fc-f767-449a-aec7-19a39f7c5cc6,TRUE,2026-04-08 19:12:39
0006ce47-ee35-4d9c-8d2d-abba1cbb9833,78f92764-be1d-4eec-8a7d-eaa8fb4e1733,7a35c70a-5d17-4ebc-903c-128c5c215c7a,b4faa673-7bd4-4c2f-b84b-738d9f9d997a,TRUE,2026-04-08 19:12:39
cf947ade-c257-4619-b853-97baad47285e,e563a68e-5a9d-47da-887f-986daf7d8d20,11ef84e7-52a3-483f-a88b-0f17699fc175,e629c3ae-763d-4dc1-847f-a686794d821b,TRUE,2026-04-08 19:12:39
037dd45e-90c1-4725-a409-696f21f153cd,d0fdb033-801b-4ae2-8097-10c1021aff96,11ef84e7-52a3-483f-a88b-0f17699fc175,e492557e-5de4-45db-9eca-234f3aec8366,TRUE,2026-04-08 19:12:39
3ffec9d1-3b95-453d-8b1c-f9cc97b289d6,1b8c3826-ce49-4807-b967-b7ca4e81f2e0,11ef84e7-52a3-483f-a88b-0f17699fc175,e629c3ae-763d-4dc1-847f-a686794d821b,TRUE,2026-04-08 19:12:39
28c80b25-28b3-4cf9-a41a-9a713c2a67f4,58edfc0a-63e1-411c-bac0-7f157fb165da,35795dfe-e16a-408d-9677-5f13c3d4ff83,d7ecb162-bda4-41d6-a676-19978d199d50,TRUE,2026-04-08 19:12:39
86391254-6586-4869-ae59-ada1c13e2946,10c97c82-1b55-4e96-b72b-a6a6c0478864,35795dfe-e16a-408d-9677-5f13c3d4ff83,d7ecb162-bda4-41d6-a676-19978d199d50,TRUE,2026-04-08 19:12:39
f236799a-b2f6-47b3-b861-b80120586f06,a70a8b5b-6da2-49ad-87c6-08dd6fa5b76f,c8ae3e88-43c4-4405-a40d-3d807f8bebd9,43734bce-e815-4d62-a3a5-27133840000c,TRUE,2026-04-08 19:12:39
10e27867-16f3-49b3-b930-124223b54118,409eb261-d477-4627-a2ef-0aaa69ea5f4c,d9ded107-db56-4362-9660-f034f2aad13e,3cd4d8fc-f767-449a-aec7-19a39f7c5cc6,TRUE,2026-04-08 19:12:39
1a58a662-a7c4-4f3e-84be-fde295754a13,82f8495d-2b15-4fb0-ba3d-481bb33eef2c,6811ccae-9458-4fdf-95e6-6495ab506c4a,e31c0388-d2af-4759-8dd5-4103a15ab672,TRUE,2026-04-08 19:12:39
806f44b8-dd3c-412e-8025-4b613f7fce32,5e26a2f7-46e4-45ee-b74a-99adc60cf62f,d9ded107-db56-4362-9660-f034f2aad13e,fbfdf79e-7c18-45ae-bc26-44f20ca896a9,TRUE,2026-04-08 19:12:39
deada813-fd5a-4863-a0df-2bb2c1cd148d,dc4fded0-7ced-4568-809c-0e9b214ea771,779ab9d5-e027-45f8-9632-7e0c4772d263,05f0c6f3-ca84-41cc-aa1a-9526e33c1341,TRUE,2026-04-08 19:12:39
93eda9b8-8d87-49df-97d7-095d222001b5,281d6596-487c-40cb-b1e6-7b75817e2dd6,6811ccae-9458-4fdf-95e6-6495ab506c4a,e31c0388-d2af-4759-8dd5-4103a15ab672,TRUE,2026-04-08 19:12:39
09c1d1a8-b268-4831-b99e-f9f4722c0c97,5a81ef5b-bbf7-4f82-82c5-f4afe94adfd9,6811ccae-9458-4fdf-95e6-6495ab506c4a,d7ecb162-bda4-41d6-a676-19978d199d50,TRUE,2026-04-08 19:12:39
5f1bdf9a-6775-4201-bb1e-3e08f684d3c2,f1b3d902-3616-4702-855e-d9b961c10cab,d9ded107-db56-4362-9660-f034f2aad13e,3cd4d8fc-f767-449a-aec7-19a39f7c5cc6,TRUE,2026-04-08 19:12:39
75cd121d-55a7-4970-846a-7421b6653910,8df69cdd-2574-4f8d-a786-e16d9612e34d,15f7233e-d7ab-4258-a5e4-238d22d79bae,fbc6fd88-cc64-4e20-91ad-e6303e217def,TRUE,2026-04-08 19:12:39
fc8af9a7-0165-4f38-9f40-36ebbb9639ff,1ec1c717-a08f-4a2c-9c1d-4258c80a42eb,6811ccae-9458-4fdf-95e6-6495ab506c4a,97ce340d-f1b7-42c4-86b2-3d30865edfcc,TRUE,2026-04-08 19:12:39
fa04ae4f-51a0-4466-bcbe-dd106272be8d,4bcfa857-b242-41a7-a67f-38879772b395,a0632d65-9e2a-4ce8-b09c-ce19f936c28b,724c0e5f-cc65-4d0f-8f4d-e8ebaed6b97a,TRUE,2026-04-08 19:12:39
d79d0531-0ac0-44e8-bc50-cfdeed164dbc,d45394e6-ef00-4927-a611-db808e09f64a,d9ded107-db56-4362-9660-f034f2aad13e,c6be9132-e88b-44e4-99a2-4391b376a6b1,TRUE,2026-04-08 19:12:39
6b0c7733-2c11-4134-a3a6-3b8eda5b9178,d606ac04-95ec-469a-8fce-1bc8aa070951,d9ded107-db56-4362-9660-f034f2aad13e,d0c1706c-c6ea-4622-a8a7-d4d67abf6ad2,TRUE,2026-04-08 19:12:39
df8dc4ed-a1bf-4a00-97cc-1ec94f836a95,f536a6f7-a39a-426d-8e0e-10a067b859b9,d9ded107-db56-4362-9660-f034f2aad13e,a79b4338-4611-4897-bf79-739c688a5d4d,TRUE,2026-04-08 19:12:39
691d7ebc-5c19-4797-be42-c8460166af3a,77e459d0-0690-4a80-afc6-86265f45f51e,6811ccae-9458-4fdf-95e6-6495ab506c4a,e31c0388-d2af-4759-8dd5-4103a15ab672,TRUE,2026-04-08 19:12:39
ff1fc135-2d5b-4791-83de-179c7da2f396,467feecc-efae-44fa-bd8c-f63656861b07,197fcbc8-7a73-40b5-802f-fa829cd49329,7aca039e-d723-43a5-b97d-b54b07fc5373,TRUE,2026-04-08 19:12:39
61f275dd-ffa0-44a7-a08a-9b9a45d4042b,892deab2-2df3-4670-934b-dab9b16c7b8b,6811ccae-9458-4fdf-95e6-6495ab506c4a,d7ecb162-bda4-41d6-a676-19978d199d50,TRUE,2026-04-08 19:12:39
0cfd1821-36bb-4e34-a950-7625368b1a16,c5f1a4c2-1e09-4c96-a420-bf09f6a0c503,6811ccae-9458-4fdf-95e6-6495ab506c4a,d7ecb162-bda4-41d6-a676-19978d199d50,TRUE,2026-04-08 19:12:39
da2dd79f-f389-4971-a43e-a2fd962955c3,58c158cd-4f87-4139-b1de-256940ae0308,6811ccae-9458-4fdf-95e6-6495ab506c4a,d7ecb162-bda4-41d6-a676-19978d199d50,TRUE,2026-04-08 19:12:39
b1df683d-9ba4-4b84-9664-2df2cf7c17a2,e7db9645-fbfb-4a9b-969c-6ffc85300761,35795dfe-e16a-408d-9677-5f13c3d4ff83,d7ecb162-bda4-41d6-a676-19978d199d50,TRUE,2026-04-08 19:12:39
14e5ce2e-ae29-4a3c-8c64-f3817edc57f0,3d10c021-e813-4c02-923d-333adc836188,ab4d9d97-e35f-4992-a8fd-69ed66a8d558,fda2cd44-b62a-460e-9926-644603cda879,TRUE,2026-04-08 19:12:39
8c6f3869-06a0-4e53-a735-7cc85f9b9c01,97c8b98e-a26d-49c3-8a51-4ffa43077a53,ab4d9d97-e35f-4992-a8fd-69ed66a8d558,fda2cd44-b62a-460e-9926-644603cda879,TRUE,2026-04-08 19:12:39
e52c8f28-a373-48ee-8582-1f0c12014a0b,e0e87c08-ef81-48f2-81ea-628a50037ea6,6811ccae-9458-4fdf-95e6-6495ab506c4a,d7ecb162-bda4-41d6-a676-19978d199d50,TRUE,2026-04-08 19:12:39
b9c2175d-3bfa-4ef5-a5c2-cab67efeb4bc,84196b02-243d-4d01-9dac-a48c3a038ae7,253ea542-c762-42e9-8125-3c936fbe0802,2860371f-6b77-45ad-b583-cb20033f9857,TRUE,2026-04-08 19:12:39
5a3e2118-ecff-48d6-a5ce-9f74d1e127d5,444ba78a-80de-41b3-be3c-af8b7e606160,9f28e84e-d7e5-4d86-a762-882156d6555d,c7ded01b-6237-4354-91b5-880fe2ad8b76,TRUE,2026-04-08 19:12:39
489f868a-8d09-4910-a7a5-9aa87ce07c5e,61b25946-074b-45ca-9423-1818f099fb2d,d9ded107-db56-4362-9660-f034f2aad13e,a77f5060-60fe-4ab9-b02a-76d452c21187,TRUE,2026-04-08 19:12:39
ec7c6fd6-21e1-4ea1-a17e-c75ed2ab65a0,210d63e7-5247-4030-9110-6f9f51e9e505,253ea542-c762-42e9-8125-3c936fbe0802,eacca6e8-5761-4752-91cd-9bbc46538e75,TRUE,2026-04-08 19:12:39
5a01a1e5-b58b-42e7-bebf-581ac9a64233,809da34b-95f5-4ff0-8784-5ed6625db24c,6811ccae-9458-4fdf-95e6-6495ab506c4a,d7ecb162-bda4-41d6-a676-19978d199d50,TRUE,2026-04-08 19:12:39
59bb0a3f-df4f-469e-a445-380b64a87c98,9317be9f-53b5-4b12-ba41-a3df2308a4ef,253ea542-c762-42e9-8125-3c936fbe0802,d7ecb162-bda4-41d6-a676-19978d199d50,TRUE,2026-04-08 19:12:39
657effbe-6be8-45f9-92c6-e6bddd7a66b7,19b0bd50-e8dc-4c7d-b4db-b18fda0ac22e,253ea542-c762-42e9-8125-3c936fbe0802,ce80c6f7-5e37-4e16-8663-ae629d7efe96,TRUE,2026-04-08 19:12:39
ab00d761-ef31-4d8a-a8db-cd75b8292bdf,ee845faa-8b52-4363-bc0b-30ea5ff5fbf5,7a35c70a-5d17-4ebc-903c-128c5c215c7a,b2582a7e-9ae1-4f5c-b527-254ea3cd3804,TRUE,2026-04-08 19:12:39
d6fa0dbe-9af8-47ed-8df8-da3989d6f579,f3833f32-fc8d-4ee9-ac05-7a04c5c06c52,7a35c70a-5d17-4ebc-903c-128c5c215c7a,9a1ff7ec-49e6-418d-bf7f-588e406d6281,TRUE,2026-04-08 19:12:39
eb3a4ebf-1850-49dd-816f-6d21024f944c,0fa5f493-d64c-4a8e-9cab-e3d628b135ce,d9ded107-db56-4362-9660-f034f2aad13e,fbfdf79e-7c18-45ae-bc26-44f20ca896a9,TRUE,2026-04-08 19:12:39
e95b412c-a48d-4b79-aa4c-731cb5b4bd36,12e776c6-ee80-4c1a-8d30-020603c47614,6811ccae-9458-4fdf-95e6-6495ab506c4a,e31c0388-d2af-4759-8dd5-4103a15ab672,TRUE,2026-04-08 19:12:39
73142d43-4de9-4d5e-9bb2-ba9bd59c3f1b,9bf37622-e59c-4760-8635-33ac941ed453,75e74f36-5be1-4048-b0a2-3460dd418f90,77255925-a9bc-4075-8107-11601ca8c4a2,TRUE,2026-04-08 19:12:39
6c235928-e009-4239-a2f4-b370ae0cea87,e3933e0f-40bf-4f1c-ba14-6808e2fd2af7,6811ccae-9458-4fdf-95e6-6495ab506c4a,3a7df198-567b-47b8-84ef-42c9cd57ec70,TRUE,2026-04-08 19:12:39
319e9279-e43a-4843-bbb4-b89dfb79878d,2f3ec754-b9c2-4421-8ea0-2cd9d55bb57c,ef981386-a070-4da0-b638-b72f7ca3ea47,7aca039e-d723-43a5-b97d-b54b07fc5373,TRUE,2026-04-08 19:12:39
1e6bcc3b-0e17-427b-ae30-8e98766b9e3c,ed46ea93-2a25-4066-8471-7c67c67eab60,11ef84e7-52a3-483f-a88b-0f17699fc175,e629c3ae-763d-4dc1-847f-a686794d821b,TRUE,2026-04-08 19:12:39
9f554788-0686-42b0-a46b-f9ea84cc6c75,fa8a92c1-0be8-4b1c-8457-aa690123386f,d9ded107-db56-4362-9660-f034f2aad13e,a77f5060-60fe-4ab9-b02a-76d452c21187,TRUE,2026-04-08 19:12:39
251b18e8-fa39-4bd0-87a8-a89f4c709196,6e81fac4-ac6f-4964-b18b-50c516c30615,d9ded107-db56-4362-9660-f034f2aad13e,64ace9e2-c355-40d3-ba8c-5404653e3488,TRUE,2026-04-08 19:12:39
2cd0f6fe-8576-4430-84ee-4f146541aa92,72555933-3b76-4ad3-bcf5-4ea806655e19,d27bb515-4906-49b3-91a6-dc5c87863105,dfd3bf0e-9d42-4422-b733-2c45a3da1ce6,TRUE,2026-04-08 19:12:39
bb589907-b385-4329-870f-b97915e240f8,f2d01da9-1eb6-40bf-abe5-884dd6a4b490,d27bb515-4906-49b3-91a6-dc5c87863105,dfd3bf0e-9d42-4422-b733-2c45a3da1ce6,TRUE,2026-04-08 19:12:39
e90e3ac1-6771-428c-bab5-6c2e4e9824bb,e8d75551-b5ab-42da-a421-2ffd21919ce7,ab4d9d97-e35f-4992-a8fd-69ed66a8d558,4a4063c6-d7d5-4a01-8524-dd67f38a3f43,TRUE,2026-04-08 19:12:39
1a0e43ca-a6ac-4b18-89b1-f99667525796,cb2c70d3-9162-4edd-a5bf-c14837dc133e,d9ded107-db56-4362-9660-f034f2aad13e,3cd4d8fc-f767-449a-aec7-19a39f7c5cc6,TRUE,2026-04-08 19:12:39
88172d13-53a9-4cab-a3dc-c7a15fbf249a,28a2aa35-ceeb-4fbc-a1d4-12ceacbf1d10,d9ded107-db56-4362-9660-f034f2aad13e,d0c1706c-c6ea-4622-a8a7-d4d67abf6ad2,TRUE,2026-04-08 19:12:39
74433c9c-07df-475e-ae2b-afbdecabe51f,2dd75aab-eb64-4000-80e7-badc42e1e87c,d27bb515-4906-49b3-91a6-dc5c87863105,d7ecb162-bda4-41d6-a676-19978d199d50,TRUE,2026-04-08 19:12:39
0e7be83b-c137-409a-9317-42ec10bd0d04,09ba138b-ffb3-4dfa-b746-0f41d40bc4e6,cf0fb074-ae87-4149-b7ac-b9093592516d,cecb41cc-701d-4d12-a2e5-3cade08c225e,TRUE,2026-04-08 19:12:39
8ca283b5-1e9d-4410-900a-9534b45ebe60,c2d91b52-034b-49b9-b905-693c3165e5ec,f6cdcfcf-7335-4d75-b671-9eec522e46f7,7c1373c4-932c-45b3-893d-f4bb001426b7,TRUE,2026-04-08 19:12:39
01b9dbdb-003d-40cc-b8ad-0317c8a8af14,fb659c48-d538-4863-9a7e-ba6d126b02c8,6811ccae-9458-4fdf-95e6-6495ab506c4a,bc281766-f6e4-4843-ab2f-40276c9b3a28,TRUE,2026-04-08 19:12:39
39ddc54b-0feb-4e89-a527-95178e3a581d,d838816a-83aa-4c1c-a4ee-510f3fb53ae3,15f7233e-d7ab-4258-a5e4-238d22d79bae,fbc6fd88-cc64-4e20-91ad-e6303e217def,TRUE,2026-04-08 19:12:39
ebf35a62-f145-4f37-9a42-16b40992647a,599c516d-81b2-4582-8448-d4c1f3bd6277,15f7233e-d7ab-4258-a5e4-238d22d79bae,fbc6fd88-cc64-4e20-91ad-e6303e217def,TRUE,2026-04-08 19:12:39
67962672-4632-44aa-a332-f4f89396739f,3e613ff2-228f-4f34-aad7-c3debe844166,15f7233e-d7ab-4258-a5e4-238d22d79bae,fbc6fd88-cc64-4e20-91ad-e6303e217def,TRUE,2026-04-08 19:12:39
79487d18-127a-431e-84cd-765a81403af4,08852d4d-981c-44b8-bb54-8b540d859140,15f7233e-d7ab-4258-a5e4-238d22d79bae,fbc6fd88-cc64-4e20-91ad-e6303e217def,TRUE,2026-04-08 19:12:39
c0b6ca37-81c7-475f-8b48-f3e09696ed42,57bb483c-68bb-4275-8657-a894bc3beff4,15f7233e-d7ab-4258-a5e4-238d22d79bae,fbc6fd88-cc64-4e20-91ad-e6303e217def,TRUE,2026-04-08 19:12:39
ccd7c769-3a36-480e-a11b-9a98896ef5c3,89246480-75d4-4c5e-8df0-fd8a8fc54c74,15f7233e-d7ab-4258-a5e4-238d22d79bae,4e6b38d4-4bad-4513-8511-e5873f36583b,TRUE,2026-04-08 19:12:39
a005c560-ab5a-4cac-9d84-341233c04598,0477ef0e-8f4f-43d4-942f-281aa0919cbe,a0632d65-9e2a-4ce8-b09c-ce19f936c28b,104cbf39-e368-4812-b68c-395f5dec6f77,TRUE,2026-04-08 19:12:39
968a0d98-d5b1-42d9-a2e5-eace1aa6909f,348ac824-d296-4c99-9b4a-655ab1a115b5,6811ccae-9458-4fdf-95e6-6495ab506c4a,d7ecb162-bda4-41d6-a676-19978d199d50,TRUE,2026-04-08 19:12:39
6962e404-3491-4eee-b2c8-b689789464b2,a1c5a0c5-b832-46d4-983f-f0bcaabb606a,75e74f36-5be1-4048-b0a2-3460dd418f90,77255925-a9bc-4075-8107-11601ca8c4a2,TRUE,2026-04-08 19:12:39
76cf3dd6-5d3c-4415-bd97-43c772b84000,1f49b55c-a12d-4dc6-833e-bb26df2c57c4,75e74f36-5be1-4048-b0a2-3460dd418f90,77255925-a9bc-4075-8107-11601ca8c4a2,TRUE,2026-04-08 19:12:39
1cff3e38-71b9-4ba4-a9bf-8065d0821f01,9b7f8fe8-0ad8-43bd-a567-b363f1cedca7,ab4d9d97-e35f-4992-a8fd-69ed66a8d558,7ee6dbd9-6be5-48ba-a029-ba98ab1e53c2,TRUE,2026-04-08 19:12:39
7de34d1b-b3a8-44df-9ad1-d193d0ab36ba,19893165-8e50-43b9-9d33-16a486c987c6,253ea542-c762-42e9-8125-3c936fbe0802,a1b87233-645c-4dd7-93c0-a3dbb79a7faf,TRUE,2026-04-08 19:12:39
61329e38-c1f8-46c5-a87e-a604a1ea97c6,c29160cb-64aa-4ea3-8154-3ec56586ae4b,11ef84e7-52a3-483f-a88b-0f17699fc175,e629c3ae-763d-4dc1-847f-a686794d821b,TRUE,2026-04-08 19:12:39
4cb0da28-5942-4c6b-ac38-4d8ce7947910,f825ada0-f526-4707-b48c-b1667d89d6df,d9ded107-db56-4362-9660-f034f2aad13e,c6be9132-e88b-44e4-99a2-4391b376a6b1,TRUE,2026-04-08 19:12:39
fd9a8caa-d361-4580-a6a1-66dcce1753ea,fc23f926-6846-47ec-b5aa-076a339f5bdc,11ef84e7-52a3-483f-a88b-0f17699fc175,e629c3ae-763d-4dc1-847f-a686794d821b,TRUE,2026-04-08 19:12:39
2527fd72-3955-4f4d-81ff-2077be89f0c8,68b8afe5-7bc9-4ce4-bde3-8ba9b50f60a3,6811ccae-9458-4fdf-95e6-6495ab506c4a,e31c0388-d2af-4759-8dd5-4103a15ab672,TRUE,2026-04-08 19:12:39
50378582-a294-44f8-b0d7-dc1efa82261f,aaa9c8ee-434d-4720-b1f1-136f181acb01,077efb35-8940-4d91-a66c-91b50b83e640,d7ecb162-bda4-41d6-a676-19978d199d50,TRUE,2026-04-08 19:12:39
c2c05c6e-c190-4acd-b0b8-114f6d75b91d,1752b46d-3ca0-49f5-bb87-2a20caec03d8,779ab9d5-e027-45f8-9632-7e0c4772d263,aabf86a8-813f-4868-8966-a6fa6502df22,TRUE,2026-04-08 19:12:39
29f4f489-bdcf-44c0-b6a3-b816352ff620,1ba006ac-3aa6-48e0-b881-b1fff1b3d38d,077efb35-8940-4d91-a66c-91b50b83e640,41fdab46-001f-4bec-801f-71ed6204b6cf,TRUE,2026-04-08 19:12:39
6808c9f6-e0d5-4605-98ee-4903ac520a1e,3e5098d9-89d9-4bf2-9ac8-9d202e9e0255,d9ded107-db56-4362-9660-f034f2aad13e,c6be9132-e88b-44e4-99a2-4391b376a6b1,TRUE,2026-04-08 19:12:39
7a7554e8-7c2a-4acf-94c0-2cadd181c925,fb8fc840-214b-4664-8153-fced838f804b,d9ded107-db56-4362-9660-f034f2aad13e,c6be9132-e88b-44e4-99a2-4391b376a6b1,TRUE,2026-04-08 19:12:39
8519fee9-688a-4f7a-9fd0-f3aa70f11040,fd04f023-cff0-47a7-978b-8e75a9f7a2a2,077efb35-8940-4d91-a66c-91b50b83e640,41fdab46-001f-4bec-801f-71ed6204b6cf,TRUE,2026-04-08 19:12:39
b4f00db0-7311-43c5-8f27-a9f80abfc521,b5fae857-14b4-4aad-9d05-5b488428777e,d9ded107-db56-4362-9660-f034f2aad13e,c6be9132-e88b-44e4-99a2-4391b376a6b1,TRUE,2026-04-08 19:12:39
fd3994c8-825d-4550-86d3-ff00e3bb4855,255ef205-498d-4770-a845-c9e06ff20186,d9ded107-db56-4362-9660-f034f2aad13e,a77f5060-60fe-4ab9-b02a-76d452c21187,TRUE,2026-04-08 19:12:39
7f9104cd-11af-4ad2-bdb4-2fdf4a34effa,a6f8b3fd-dfb8-4876-b135-d278efb6f1f3,35795dfe-e16a-408d-9677-5f13c3d4ff83,d7ecb162-bda4-41d6-a676-19978d199d50,TRUE,2026-04-08 19:12:39
20b1cb3e-6c12-4153-9273-564038fce0c7,28352a48-a948-4a0e-bf2c-da3f6b4a0b55,253ea542-c762-42e9-8125-3c936fbe0802,d7ecb162-bda4-41d6-a676-19978d199d50,TRUE,2026-04-08 19:12:39
a9e9691b-5cc8-4c07-82b6-c363fc7039e2,e07a504e-14ee-47b4-948e-a4eac52c262f,197fcbc8-7a73-40b5-802f-fa829cd49329,ba4abcf4-736f-4506-ae63-aad198da3468,TRUE,2026-04-08 19:12:39
04c372cd-4947-4c9e-a60b-8aceb41bc883,c4b3a8b2-5058-4cfb-925d-88ec95ffd834,d9ded107-db56-4362-9660-f034f2aad13e,fbfdf79e-7c18-45ae-bc26-44f20ca896a9,TRUE,2026-04-08 19:12:39
e6ffb5f6-6939-4415-9801-0554e519e54c,7c806aa1-be04-475f-bdac-ce68d996a38f,9f28e84e-d7e5-4d86-a762-882156d6555d,e62b7ba1-7334-4245-85d7-07fcf918c394,TRUE,2026-04-08 19:12:39
f466cdb8-06fd-45ec-b913-b831c337ba1f,dc685106-c76a-43b2-8814-ddcad924d2a3,253ea542-c762-42e9-8125-3c936fbe0802,d7ecb162-bda4-41d6-a676-19978d199d50,TRUE,2026-04-08 19:12:39
6ca6521b-3a24-4260-ae0f-0264eeb3a899,848a2b5b-4768-48c4-834b-36abf351f26f,7a35c70a-5d17-4ebc-903c-128c5c215c7a,ab7539fa-bbb2-4852-a777-29e39fcdb027,TRUE,2026-04-08 19:12:39
669399f8-4a60-4d68-bf19-374055e3d2fd,eb7135a4-99e2-4475-ba88-ef1866ddd5d7,7a35c70a-5d17-4ebc-903c-128c5c215c7a,71d183ed-52da-427b-8556-154cd9c8a408,TRUE,2026-04-08 19:12:39
9b6eb068-5d7c-4735-9c4d-ae709a9b737f,c831b445-7049-447f-a707-e90c80aa8f0b,7a35c70a-5d17-4ebc-903c-128c5c215c7a,12639498-fa5f-4dd0-a5ee-92901e3c8a76,TRUE,2026-04-08 19:12:39
54bfaf44-4935-4597-aa66-91db71b8d15f,3444da02-3477-4daf-a390-67d2d5620cf7,fc051f5d-8e18-4c46-ba41-1a4307de9fa6,93e2ad84-279e-47ab-b86d-9189eccc1421,TRUE,2026-04-08 19:12:39
c27d38d7-2bb2-431f-92be-d8feb65aaca5,5d4b78a4-9190-408b-9f89-3218c6ab1ef2,253ea542-c762-42e9-8125-3c936fbe0802,5dd63d1c-750f-4adf-a6bc-909313840b65,TRUE,2026-04-08 19:12:39
f9ca2e4e-219e-49d7-b1b9-ea392d372678,df15ab03-7a49-4c40-afe0-8daf44d15a62,9f28e84e-d7e5-4d86-a762-882156d6555d,c7ded01b-6237-4354-91b5-880fe2ad8b76,TRUE,2026-04-08 19:12:39
d5851cdf-e213-48e0-8421-f19c3ee209e1,1b0e5fbe-4640-4a9d-879c-72cc1c9aa4a0,6811ccae-9458-4fdf-95e6-6495ab506c4a,e31c0388-d2af-4759-8dd5-4103a15ab672,TRUE,2026-04-08 19:12:39
28973c7f-cd2c-4582-8f92-7c5d2f194502,d8532fc5-48d7-4fb5-ba8f-5d53cfa0d3ae,c188b762-09ab-45d4-9f99-23173706bd95,e6f20d0f-af8c-421d-a569-1cac3b28baf9,TRUE,2026-04-08 19:12:39
97d825be-a1f8-4bdf-80cc-c0c4ad32d32c,9cffba2f-44b8-4b28-8571-47172ea9a198,2da5c536-4da6-41a3-9a53-c2e3f161f906,d7ecb162-bda4-41d6-a676-19978d199d50,TRUE,2026-04-08 19:12:39
2fe0a78d-78b9-49c4-9f3f-6547cfcdf948,1304086e-f88f-40be-8d2b-4ae7b103d67e,253ea542-c762-42e9-8125-3c936fbe0802,d7ecb162-bda4-41d6-a676-19978d199d50,TRUE,2026-04-08 19:12:39
34cbb4aa-1126-43dd-b9d7-0a619e6e0686,1a625c4b-3c69-4474-bf5a-157916c79b29,d9ded107-db56-4362-9660-f034f2aad13e,fbfdf79e-7c18-45ae-bc26-44f20ca896a9,TRUE,2026-04-08 19:12:39
5beb88b7-cc2d-47f5-9538-6b194b3d839c,49f6affd-baf6-4627-af9b-8013880bdc42,7a35c70a-5d17-4ebc-903c-128c5c215c7a,755c2423-7a41-4112-a7c2-c3ed2f5016d9,TRUE,2026-04-08 19:12:39
b714d4ba-c044-420b-ac62-40ff3829051a,859fa1e2-246c-4479-9743-68db1ae44794,779ab9d5-e027-45f8-9632-7e0c4772d263,d7ecb162-bda4-41d6-a676-19978d199d50,TRUE,2026-04-08 19:12:39
675f37a4-58fe-4bde-bb8c-24360fbcc546,52b1540b-d098-4eac-9191-54e03dbf6d7d,75e74f36-5be1-4048-b0a2-3460dd418f90,3c8f134e-3d9c-448d-9937-9e9c1689b040,TRUE,2026-04-08 19:12:39
922225f5-e33c-49a6-bd24-7100f41540f6,57c7c802-b87f-4d3b-9970-7aced5e4b9ef,e82189ec-b2b2-490a-9a4a-d3b91b936649,97243cdd-4d9d-4baa-b817-b7d9c88a29f5,TRUE,2026-04-08 19:12:39
2a64bd43-0974-4e25-87af-b2897922ccff,55535d31-096c-43f2-b6a1-cb814b62af2d,d9ded107-db56-4362-9660-f034f2aad13e,a77f5060-60fe-4ab9-b02a-76d452c21187,TRUE,2026-04-08 19:12:39
73c85f50-ae00-4481-b739-0b794dcf80ff,2c69320a-a686-4fcf-a618-9fd595f0cac8,d9ded107-db56-4362-9660-f034f2aad13e,fbfdf79e-7c18-45ae-bc26-44f20ca896a9,TRUE,2026-04-08 19:12:39
3741142b-0a28-47f7-9fd7-6fa1d3d36f6d,4d31d3ff-3ed8-4910-897a-dd602ad8ccbe,d9ded107-db56-4362-9660-f034f2aad13e,fbfdf79e-7c18-45ae-bc26-44f20ca896a9,TRUE,2026-04-08 19:12:39
e03f325e-29df-4544-bf65-d4291089d602,1dd34dc1-1e74-4a4a-919d-28b297809af9,253ea542-c762-42e9-8125-3c936fbe0802,4de728c8-27e4-4492-9fa1-a10c000eb95c,TRUE,2026-04-08 19:12:39
39db3ee1-2e98-4d3a-b04f-baf5beefd1a9,c5795cb5-b992-4247-a0e9-445a2bdcf8d5,d27bb515-4906-49b3-91a6-dc5c87863105,aeda2d5d-0675-49e3-9d41-806614c3720b,TRUE,2026-04-08 19:12:39
cbc92f85-52ef-4af6-934a-e59929a7ebe9,95c5e851-bc50-4fdb-973c-b51313621c15,9f28e84e-d7e5-4d86-a762-882156d6555d,c7ded01b-6237-4354-91b5-880fe2ad8b76,TRUE,2026-04-08 19:12:39
1c27cae2-02f5-4001-8a5a-9772da5a6f56,f6a17497-2dc2-4617-975f-9d1bd157c51d,9f28e84e-d7e5-4d86-a762-882156d6555d,c7ded01b-6237-4354-91b5-880fe2ad8b76,TRUE,2026-04-08 19:12:39
fcf23aad-debf-4aba-98da-4387b21c207a,c1ff38f5-1ed5-48ad-95a1-fd45936c7a72,f3cd0829-e890-4cee-a65b-14720f2e5ca6,51c8d4b8-6fa6-43cd-9b6d-c377fc0f702d,TRUE,2026-04-08 19:12:39
95625d88-a5f8-4c5e-a48a-c245c9a52a15,875c1907-adbe-41ba-80d9-61c69ac37baf,779ab9d5-e027-45f8-9632-7e0c4772d263,05f0c6f3-ca84-41cc-aa1a-9526e33c1341,TRUE,2026-04-08 19:12:39
baa3f7a3-1b98-4b39-8f85-f2b9484496a9,fa6f791e-f7fe-458e-a88e-e6338b8672f9,253ea542-c762-42e9-8125-3c936fbe0802,2860371f-6b77-45ad-b583-cb20033f9857,TRUE,2026-04-08 19:12:39
343fd05a-d94a-42a5-aa2c-77bc532ab84f,5a1dc645-113a-4aab-8c40-b070d3532492,253ea542-c762-42e9-8125-3c936fbe0802,eacca6e8-5761-4752-91cd-9bbc46538e75,TRUE,2026-04-08 19:12:39
c0f5facc-0799-414a-9451-7762c9fd08fc,92a960b4-c10c-430b-b446-8ce4a261a6cb,21d0efa4-b0bd-4dc9-91a1-72ae80a83703,2f868e83-b4ad-4ded-921e-5d1980d3935e,TRUE,2026-04-08 19:12:39
fafd9563-ecd6-45fb-877f-84e357709e4f,4812b1a7-e708-4ec5-9bfe-8ce84e76b4ea,ab4d9d97-e35f-4992-a8fd-69ed66a8d558,7ee6dbd9-6be5-48ba-a029-ba98ab1e53c2,TRUE,2026-04-08 19:12:39
45689a13-5dd3-4633-8420-56e818b93951,f102f818-0f5b-4d15-b691-2cd73a366e02,75e74f36-5be1-4048-b0a2-3460dd418f90,07795157-fa74-4f1e-9b30-df0d11b4bba8,TRUE,2026-04-08 19:12:39
09e0dc6f-080b-484e-8df1-ab8307cd1298,85f946bc-7810-42eb-bd6a-435977a86c95,cf0fb074-ae87-4149-b7ac-b9093592516d,d7ecb162-bda4-41d6-a676-19978d199d50,TRUE,2026-04-08 19:12:39
eb1d589e-ec04-47f3-bbbf-b1d4f32fed4a,881ee067-a0fd-412a-b276-1bd24b7775c5,75e74f36-5be1-4048-b0a2-3460dd418f90,77255925-a9bc-4075-8107-11601ca8c4a2,TRUE,2026-04-08 19:12:39
b6b825aa-5d15-4f4e-997c-35c60083fd8c,059b071e-862b-496c-9bb2-abaeac1e88d0,ef981386-a070-4da0-b638-b72f7ca3ea47,5c435ef0-bddd-4020-8e1d-7667b48e1a21,TRUE,2026-04-08 19:12:39
2df7511d-997e-4ce9-bd74-5f83b11a2fae,5c68f7ba-3aeb-42df-ada2-7cdeefffacd3,15f7233e-d7ab-4258-a5e4-238d22d79bae,fbc6fd88-cc64-4e20-91ad-e6303e217def,TRUE,2026-04-08 19:12:39
fd44fce0-73f0-4c5c-96fb-c25693ebc5dd,911443a9-303e-4426-90b6-7da80d9af9bc,7a35c70a-5d17-4ebc-903c-128c5c215c7a,d7ecb162-bda4-41d6-a676-19978d199d50,TRUE,2026-04-08 19:12:39
1d48e7e2-7030-426c-b50d-fbc27dff6ecb,b1b7e99b-4665-45c7-abf5-c0c69214ebcc,75e74f36-5be1-4048-b0a2-3460dd418f90,77255925-a9bc-4075-8107-11601ca8c4a2,TRUE,2026-04-08 19:12:39
0c855944-b118-4cc2-b61a-5c1417e07c66,b32e0c70-fda7-4571-9e43-fca169e84bbe,11ef84e7-52a3-483f-a88b-0f17699fc175,e629c3ae-763d-4dc1-847f-a686794d821b,TRUE,2026-04-08 19:12:39
45a39e12-0c70-4035-8da2-0352ffc7ed31,161754d0-4251-4efd-a7e2-0d0e96c4fd36,6811ccae-9458-4fdf-95e6-6495ab506c4a,97ce340d-f1b7-42c4-86b2-3d30865edfcc,TRUE,2026-04-08 19:12:39
e05002e7-e768-4563-b764-90a432c9e788,26368137-e4b6-44b1-8524-864985dd1c00,d9ded107-db56-4362-9660-f034f2aad13e,a77f5060-60fe-4ab9-b02a-76d452c21187,TRUE,2026-04-08 19:12:39
9408fe24-299e-4cba-875e-5763d9700cb5,111c85e3-9df3-4a04-b3c8-40cc4c8f2eb1,21d0efa4-b0bd-4dc9-91a1-72ae80a83703,344aac79-28b8-409b-bf76-fca6287c86cd,TRUE,2026-04-08 19:12:39
340ac186-3d80-472d-9f7a-3fb15dc8e9a8,fe36ef4f-7ee8-46aa-b89c-b3c9b7f3982a,d9ded107-db56-4362-9660-f034f2aad13e,c6be9132-e88b-44e4-99a2-4391b376a6b1,TRUE,2026-04-08 19:12:39
04d52d63-0d41-4cd9-9e49-073a219d3c16,c363e89c-5600-4d18-a69e-82def6231b38,253ea542-c762-42e9-8125-3c936fbe0802,d7ecb162-bda4-41d6-a676-19978d199d50,TRUE,2026-04-08 19:12:39
afb0f149-9519-467d-a713-118a020fb6ac,b65ce8ee-0aed-4adf-928c-f051096986f6,6811ccae-9458-4fdf-95e6-6495ab506c4a,106c034f-0bc4-4735-8c2c-08a45eb3bbca,TRUE,2026-04-08 19:12:39
a66e6100-0752-4158-b0c9-087a1eef73fd,6d3c1888-06af-42cb-8f6d-bd51a2fc9ac8,15f7233e-d7ab-4258-a5e4-238d22d79bae,fbc6fd88-cc64-4e20-91ad-e6303e217def,TRUE,2026-04-08 19:12:39
9b6a8ba9-89b9-4213-80fc-3691294f8925,d8e8dfe7-f2c1-4f15-adb7-ff48ea44f3d0,253ea542-c762-42e9-8125-3c936fbe0802,4de728c8-27e4-4492-9fa1-a10c000eb95c,TRUE,2026-04-08 19:12:39
3a55d380-a0b3-4d2d-a025-a9b554ab3588,6347c074-8a81-419e-bb5a-16b6d0496823,253ea542-c762-42e9-8125-3c936fbe0802,4de728c8-27e4-4492-9fa1-a10c000eb95c,TRUE,2026-04-08 19:12:39
dca35c68-07fa-46db-9ba3-b18115571b6e,fbea76eb-7d0e-47de-9fa0-882b849fa833,253ea542-c762-42e9-8125-3c936fbe0802,4de728c8-27e4-4492-9fa1-a10c000eb95c,TRUE,2026-04-08 19:12:39
09e00ec5-fd8d-461a-ab21-7dcb4ff42cc6,6bb127d0-0d68-405e-8ab2-a54c46d8cd41,7a35c70a-5d17-4ebc-903c-128c5c215c7a,b4faa673-7bd4-4c2f-b84b-738d9f9d997a,TRUE,2026-04-08 19:12:39
15bffa37-e732-4442-b5a0-b16b06b813ad,070b7c45-7cfb-4705-829f-d651a25a9478,197fcbc8-7a73-40b5-802f-fa829cd49329,e8bcbcab-5c6d-44cb-aeeb-8632016ca3cd,TRUE,2026-04-08 19:12:39
1d6bcbcc-3c80-4dfa-8fbb-508da5c799bb,00aa0a73-c430-43d5-8d30-c60a92d498e1,35795dfe-e16a-408d-9677-5f13c3d4ff83,82f81a46-321f-4dad-a130-dfac8bee7875,TRUE,2026-04-08 19:12:39
0c92aff8-7941-4aa2-bcb3-ac3993c9d628,19358bc3-94dd-4584-8f93-6c784b5c4c56,253ea542-c762-42e9-8125-3c936fbe0802,f79bfee0-5bf8-45f8-8b7e-bd7104015f6f,TRUE,2026-04-08 19:12:39
4187fc09-c4d3-4525-8fd7-7ccb416f4f50,8ebbce63-0dcd-41ff-ab3a-1860f4fe2eed,75e74f36-5be1-4048-b0a2-3460dd418f90,07795157-fa74-4f1e-9b30-df0d11b4bba8,TRUE,2026-04-08 19:12:39
5dced548-54e9-4513-934f-1cdc78501b13,6a3cdf00-6328-4046-acf8-abc0e2062e85,d9ded107-db56-4362-9660-f034f2aad13e,a79b4338-4611-4897-bf79-739c688a5d4d,TRUE,2026-04-08 19:12:39
464ebd03-4ade-4f3c-83c4-43d50897ad7b,01a222de-3b83-404c-ab30-3fbc4ef2637f,35795dfe-e16a-408d-9677-5f13c3d4ff83,f76a21df-8c0e-4719-b8ac-f249935c2eac,TRUE,2026-04-08 19:12:39
68fd66d8-4a3c-402f-824b-fdda9495cbdb,12d498a2-dde7-47ee-9fd6-4bc3a7111e6a,ef981386-a070-4da0-b638-b72f7ca3ea47,5c435ef0-bddd-4020-8e1d-7667b48e1a21,TRUE,2026-04-08 19:12:39
0f30c65b-2b54-4288-bf19-57c337b9e206,4e2f05d2-f864-4d3e-812d-01e497ad3e2e,ab4d9d97-e35f-4992-a8fd-69ed66a8d558,fda2cd44-b62a-460e-9926-644603cda879,TRUE,2026-04-08 19:12:39
763e494f-8b3d-402d-8ec3-f64f9485446c,e74c2162-331d-48e7-94fd-f6a03d1aeb06,ef981386-a070-4da0-b638-b72f7ca3ea47,5c435ef0-bddd-4020-8e1d-7667b48e1a21,TRUE,2026-04-08 19:12:39
086f5cbb-d743-4f32-bfc4-35ae27b8397e,9c9938f8-ab98-4336-b8ba-777daefaa633,cf0fb074-ae87-4149-b7ac-b9093592516d,d7ecb162-bda4-41d6-a676-19978d199d50,TRUE,2026-04-08 19:12:39
cb12505a-e4fa-4610-9cf5-27d6f80729a8,526bd50d-16fe-4817-925c-251876212a9f,fc051f5d-8e18-4c46-ba41-1a4307de9fa6,9ca2859d-5ef0-4ed3-bc96-d90af8ea79a9,TRUE,2026-04-08 19:12:39
290a8b72-0af5-4cfb-a705-11ea83349abb,2c8058b9-32dc-4f1e-8e72-8633ebef914e,7a35c70a-5d17-4ebc-903c-128c5c215c7a,b4faa673-7bd4-4c2f-b84b-738d9f9d997a,TRUE,2026-04-08 19:12:39
502fec30-7cf9-4dcd-9cb3-0f57b3b85ac5,b7fb16e0-8977-418d-a701-58fa584ea9e8,f3cd0829-e890-4cee-a65b-14720f2e5ca6,52516b73-69d8-4c14-818d-4e1c4498d704,TRUE,2026-04-08 19:12:39
4a005368-d074-42c4-87a9-82f4c2dbb514,d483ea25-8806-48e7-ac60-4d43a5b51da3,fc051f5d-8e18-4c46-ba41-1a4307de9fa6,ae15d5a6-e713-4275-b6ec-4cf08190e77d,TRUE,2026-04-08 19:12:39
3c804728-3d8a-4df3-8dda-05e849fe0878,c602bd98-b2e8-488c-aa0f-2d003ddfdb11,fc051f5d-8e18-4c46-ba41-1a4307de9fa6,9ca2859d-5ef0-4ed3-bc96-d90af8ea79a9,TRUE,2026-04-08 19:12:39
09a76697-7c78-4e5a-8a1d-aabce218fa86,16278a3d-2de2-42d0-a714-3807ed1f4271,253ea542-c762-42e9-8125-3c936fbe0802,d7ecb162-bda4-41d6-a676-19978d199d50,TRUE,2026-04-08 19:12:39
fe5b56ff-45cf-474b-86d1-0339267fed85,c358ce63-c231-4fb1-8e0c-65feab4fee8b,fc051f5d-8e18-4c46-ba41-1a4307de9fa6,d3300812-d73f-487b-be1d-acf41290b04b,TRUE,2026-04-08 19:12:39
55e687d6-4379-407b-a05a-6838cf160930,cd4f03b3-6be4-4905-a706-2c990cb28b15,d9ded107-db56-4362-9660-f034f2aad13e,54ce8570-3e31-4194-8997-89c9ea0bbbda,TRUE,2026-04-08 19:12:39
ddce54f4-f719-4dec-a244-cd35066293ce,017dc866-be63-4b08-bf88-13599fcb9a45,f6cdcfcf-7335-4d75-b671-9eec522e46f7,ca6184ad-7ced-4448-ac35-5824d29e532f,TRUE,2026-04-08 19:12:39
43a19588-03af-429a-97d2-502078df692f,6d462917-013a-4a4a-bbf4-081e3aeabaee,7a35c70a-5d17-4ebc-903c-128c5c215c7a,69b26849-09d8-4386-924d-c3d6eac79b48,TRUE,2026-04-08 19:12:39
86d177a3-8f31-45fc-99a5-24efb3a85ea6,25b6f56f-3827-4a02-bab4-6949387f2986,e2ad0972-ab1a-43a9-89d0-d07a5ac4c90c,d7ecb162-bda4-41d6-a676-19978d199d50,TRUE,2026-04-08 19:12:39
519af611-fbbf-4a48-9c00-5ad5432e6786,9c40ad04-7b89-45b0-abbd-bd8353b1bca0,d9ded107-db56-4362-9660-f034f2aad13e,a77f5060-60fe-4ab9-b02a-76d452c21187,TRUE,2026-04-08 19:12:39
28ebc7fa-8a5e-4a8f-af68-97cf6cd3f348,8cf02dc4-d6cf-4995-89ab-c066840403b2,c188b762-09ab-45d4-9f99-23173706bd95,d7ecb162-bda4-41d6-a676-19978d199d50,TRUE,2026-04-08 19:12:39
2bd62be6-9df9-42c0-9ec8-bb3a73b627b8,44f2a949-6d89-40e3-872e-378dbf6fb7db,253ea542-c762-42e9-8125-3c936fbe0802,f79bfee0-5bf8-45f8-8b7e-bd7104015f6f,TRUE,2026-04-08 19:12:39
bc554fa9-d5ae-4e9a-9780-94ddebe11956,62b61893-cc1a-4150-bfbc-3b88b55b0452,197fcbc8-7a73-40b5-802f-fa829cd49329,5c435ef0-bddd-4020-8e1d-7667b48e1a21,TRUE,2026-04-08 19:12:39
fc88df88-abb2-4492-a1b4-287a6112890a,4a278491-9904-4063-87c7-b07fec51bf84,d9ded107-db56-4362-9660-f034f2aad13e,c141841d-c152-4775-aff0-1fd7a82ec852,TRUE,2026-04-08 19:12:39
2ec9889a-753e-4bc5-a3ab-8e7b0f6ac4c5,0ad13837-36ec-4293-8015-0b52ed088dc7,d9ded107-db56-4362-9660-f034f2aad13e,c6be9132-e88b-44e4-99a2-4391b376a6b1,TRUE,2026-04-08 19:12:39
2751a73f-f2f0-4784-8766-08b847b5701e,77cbee4c-6e30-4aea-92c7-a549f048e5e3,d9ded107-db56-4362-9660-f034f2aad13e,c6be9132-e88b-44e4-99a2-4391b376a6b1,TRUE,2026-04-08 19:12:39
4e1e046d-ecf0-4a79-874e-72d78322ae1f,34342e4e-a52d-40de-88dd-3b83f12d68f8,077efb35-8940-4d91-a66c-91b50b83e640,aca97359-6c58-46b8-a594-fe93448720f9,TRUE,2026-04-08 19:12:39
b0b98a94-a3f9-4f24-8187-6f1f59d16bfc,db4a8bc8-89c8-43eb-834b-dbf68ba63f49,d9ded107-db56-4362-9660-f034f2aad13e,d0c1706c-c6ea-4622-a8a7-d4d67abf6ad2,TRUE,2026-04-08 19:12:39
644b9c85-86ed-4681-adfc-394554d20137,d377b594-070a-4130-a451-c347daa9ebff,077efb35-8940-4d91-a66c-91b50b83e640,870b41a1-8798-4630-a1f9-f36d2fb5ac84,TRUE,2026-04-08 19:12:39
f5fef5c7-d91d-450c-b3fa-995d62f3918a,7ebb83eb-83c9-419f-88e1-6f5a19585142,d9ded107-db56-4362-9660-f034f2aad13e,c6be9132-e88b-44e4-99a2-4391b376a6b1,TRUE,2026-04-08 19:12:39
093eb1fa-7f53-4bed-a938-8194a469cb14,bd63df96-b521-44ac-aab6-4f9c1ea3abfb,077efb35-8940-4d91-a66c-91b50b83e640,41fdab46-001f-4bec-801f-71ed6204b6cf,TRUE,2026-04-08 19:12:39
a01e4d58-0238-4639-b144-c36a3aaa9a15,051d88c6-1325-4268-8568-6410bc7c642a,d9ded107-db56-4362-9660-f034f2aad13e,c6be9132-e88b-44e4-99a2-4391b376a6b1,TRUE,2026-04-08 19:12:39
60bf181f-0200-496c-8106-18814a732a34,3142498a-039e-46d5-9f5c-a2cd704a3035,d9ded107-db56-4362-9660-f034f2aad13e,c6be9132-e88b-44e4-99a2-4391b376a6b1,TRUE,2026-04-08 19:12:39
e7678f6a-065b-4103-9ddf-4a6640044ca4,bbe4882a-d19f-48b9-84b9-9c90b6f72dfe,077efb35-8940-4d91-a66c-91b50b83e640,41fdab46-001f-4bec-801f-71ed6204b6cf,TRUE,2026-04-08 19:12:39
f74fee35-003c-4088-b151-a565dffbd48e,c8dec53c-451c-49ed-971b-93353be93666,d9ded107-db56-4362-9660-f034f2aad13e,c6be9132-e88b-44e4-99a2-4391b376a6b1,TRUE,2026-04-08 19:12:39
b1ecc272-49bd-4a87-ab6d-0ded86822b78,b01fb27a-b309-439e-bbe3-1ee26047fda3,7a35c70a-5d17-4ebc-903c-128c5c215c7a,5ba763fe-4467-48c3-82e4-b7750b1ad0b2,TRUE,2026-04-08 19:12:39
a4d9b568-7c20-48bf-b4ac-3890659627a9,880a9723-1f6a-42b3-be2d-2ed643c3c61e,7a35c70a-5d17-4ebc-903c-128c5c215c7a,d4cd76ab-bc6e-4ca2-91be-2d27b1ba040d,TRUE,2026-04-08 19:12:39
a4c8171b-155c-4cf6-b6b9-0f9948f0d212,17f47bdf-9821-4dd5-8b83-f5e29e84cc84,75e74f36-5be1-4048-b0a2-3460dd418f90,77255925-a9bc-4075-8107-11601ca8c4a2,TRUE,2026-04-08 19:12:39
d9ea5b50-8a9b-4af1-912e-8240d55f53b9,7f0ebd86-002e-47ad-a00a-0914587e80bd,253ea542-c762-42e9-8125-3c936fbe0802,ce80c6f7-5e37-4e16-8663-ae629d7efe96,TRUE,2026-04-08 19:12:39
db07e33e-87a6-4eb6-8986-92cd5d63bdd4,84d7cbe2-c11c-43f9-9355-8de2b7a75deb,cf0fb074-ae87-4149-b7ac-b9093592516d,d7ecb162-bda4-41d6-a676-19978d199d50,TRUE,2026-04-08 19:12:39
7cb313b3-b38f-422c-bddd-a58b00cfeba0,80674ec6-1d07-43de-80e5-a77f94b794df,21d0efa4-b0bd-4dc9-91a1-72ae80a83703,a25ea89b-d569-467a-b612-6049016464ef,TRUE,2026-04-08 19:12:39
4b4dc374-5fdd-4d9b-bee9-02c697e11240,9f2d606d-534b-4c00-bfe0-46a88383d29f,6811ccae-9458-4fdf-95e6-6495ab506c4a,d7ecb162-bda4-41d6-a676-19978d199d50,TRUE,2026-04-08 19:12:39
d99fe198-af07-42fb-a5e2-8ac9c837bbd5,8cc088bb-e39b-40f2-a713-562631ef0779,d9ded107-db56-4362-9660-f034f2aad13e,111cc4db-ae15-4055-8474-c9aa5aa31ba6,TRUE,2026-04-08 19:12:39
e8072a01-2a0f-48c8-95b8-382e55651da3,ca8758eb-31d5-4cc7-bbc7-98aba58dae4c,253ea542-c762-42e9-8125-3c936fbe0802,20667662-5732-4c00-87e4-091e57a4fb12,TRUE,2026-04-08 19:12:39
f3765481-707f-4f82-938a-878ee435001e,7ef5d50e-bb96-41cf-ab35-2f351579627d,9f28e84e-d7e5-4d86-a762-882156d6555d,844a7e56-0176-4912-97d4-613aa604d733,TRUE,2026-04-08 19:12:39
d4e998fd-f176-4a11-ae9a-00abe96471a6,6be49ddd-f93a-40f5-8fb6-9390b93fb8b9,f6cdcfcf-7335-4d75-b671-9eec522e46f7,448b6ffd-756c-4d5c-9c93-595689298c19,TRUE,2026-04-08 19:12:39
6049f5d2-4cb6-4484-a8b1-ed32c49aec89,2dac2bdc-6819-4f25-908d-a28851f3951f,15f7233e-d7ab-4258-a5e4-238d22d79bae,08bc81f8-3d9e-4c7a-904a-b845b5365895,TRUE,2026-04-08 19:12:39
db1803c0-b28c-44b3-bb26-36861c36c3ee,8147c5e4-1de4-4e02-b011-7cbdc0a39a3c,fc051f5d-8e18-4c46-ba41-1a4307de9fa6,9ca2859d-5ef0-4ed3-bc96-d90af8ea79a9,TRUE,2026-04-08 19:12:39
0b76cf7d-8cf6-4325-a45c-3c9f19332f1e,7142e632-8995-4db8-9ffb-aa93a6d468b2,197fcbc8-7a73-40b5-802f-fa829cd49329,0a5a4564-ac4f-45d8-b488-d4b721b1daf6,TRUE,2026-04-08 19:12:39
93131657-d71d-4184-84cd-37ea9b716a35,e4a4caaf-5323-4ee2-8565-80278784b1ca,253ea542-c762-42e9-8125-3c936fbe0802,58338df1-beb3-46d4-a4d6-2ac2d7dda920,TRUE,2026-04-08 19:12:39
f229eee4-2d8a-4a4e-ace8-8eeae103f265,d5967a3d-654b-4330-b377-1fe4a1296c0d,d9ded107-db56-4362-9660-f034f2aad13e,c6be9132-e88b-44e4-99a2-4391b376a6b1,TRUE,2026-04-08 19:12:39
77cc62da-7209-4a48-9b4c-c9ba0ba83fd6,5d2632fb-f3a6-45a2-9605-391fddef8f54,d9ded107-db56-4362-9660-f034f2aad13e,4e8f875e-07c1-494c-93d6-22bf52e7e2a9,TRUE,2026-04-08 19:12:39
e676415e-a8bf-4971-83c6-d01db1fa11e7,8a8b5502-240d-4508-80b0-9c70a58d7e24,d9ded107-db56-4362-9660-f034f2aad13e,54e7a103-d150-49fa-8cf5-a2835e47fb10,TRUE,2026-04-08 19:12:39
2c1148f1-fdf7-4a72-92db-28e60f813312,47956f8a-fa62-4886-8c35-fd35709a92eb,21d0efa4-b0bd-4dc9-91a1-72ae80a83703,a25ea89b-d569-467a-b612-6049016464ef,TRUE,2026-04-08 19:12:39
bab3c7c2-3191-49e8-a47d-b770f9c1781a,81d400ba-34a9-4414-b5e7-4025e86bfc26,21d0efa4-b0bd-4dc9-91a1-72ae80a83703,a25ea89b-d569-467a-b612-6049016464ef,TRUE,2026-04-08 19:12:39
e353dc21-959c-4ef1-9660-ed0270de1ed7,974b1136-8ab1-4e1c-83c9-6bd24452fec5,11ef84e7-52a3-483f-a88b-0f17699fc175,408570ee-c83c-43c6-8cda-d068c10470c4,TRUE,2026-04-08 19:12:39
377dfc54-55c6-4f51-ba7c-401cd8ca6ab6,c244769a-fae4-4e57-bb91-a696cf5751f6,75e74f36-5be1-4048-b0a2-3460dd418f90,77255925-a9bc-4075-8107-11601ca8c4a2,TRUE,2026-04-08 19:12:39
0f3ba1b8-5412-4d26-9a17-959361509ba8,5a03a741-c9de-4cbd-85ab-d2767a164f1f,253ea542-c762-42e9-8125-3c936fbe0802,6c45ab38-ef65-4d88-a346-ebfc92b91bda,TRUE,2026-04-08 19:12:39
1cee82eb-03b0-4353-9d60-90305868c77a,7fb60fef-f7ef-454d-a7ce-589c1a9565b8,779ab9d5-e027-45f8-9632-7e0c4772d263,05f0c6f3-ca84-41cc-aa1a-9526e33c1341,TRUE,2026-04-08 19:12:39
11e3f99a-ee92-4da9-9264-0823cf697246,b7137e7b-c8e9-48b6-9f43-b8582ae92191,e82189ec-b2b2-490a-9a4a-d3b91b936649,d7ecb162-bda4-41d6-a676-19978d199d50,TRUE,2026-04-08 19:12:39
7e513ea5-aa04-4c95-a224-37d346c8f246,cb81ff43-5d17-40de-99a3-e9fdc99ef485,7a35c70a-5d17-4ebc-903c-128c5c215c7a,b2582a7e-9ae1-4f5c-b527-254ea3cd3804,TRUE,2026-04-08 19:12:39
ad9ec070-197c-49c2-95fa-ddf335683a57,73a16695-6e20-4e69-8fd2-3445f1c67521,d9ded107-db56-4362-9660-f034f2aad13e,c6be9132-e88b-44e4-99a2-4391b376a6b1,TRUE,2026-04-08 19:12:39
5cb8ec89-ced1-43da-a379-76cd284b1f1a,ce80786e-2286-457b-bab9-5e64d7703f7d,077efb35-8940-4d91-a66c-91b50b83e640,41fdab46-001f-4bec-801f-71ed6204b6cf,TRUE,2026-04-08 19:12:39
87b383a1-5a37-4eb4-b5fe-042f4fbcda4a,d43fa09d-7db7-4200-a2f3-ed9157de4b2e,75e74f36-5be1-4048-b0a2-3460dd418f90,8aad74ce-160d-4c81-8e31-32e50d59f2c9,TRUE,2026-04-08 19:12:39
83874fb7-5091-47f3-a4f2-511535511ddb,85007276-e780-41c0-a0de-633f609510e5,15f7233e-d7ab-4258-a5e4-238d22d79bae,fbc6fd88-cc64-4e20-91ad-e6303e217def,TRUE,2026-04-08 19:12:39
6d497ca1-dfdb-4f56-adae-1771c7873bbe,dfdc69a5-7599-4ecb-9d7f-41818f5a9af6,6811ccae-9458-4fdf-95e6-6495ab506c4a,3a7df198-567b-47b8-84ef-42c9cd57ec70,TRUE,2026-04-08 19:12:39
1c554c95-3a63-4095-9b0c-67c4a4c2146f,4ea87a72-818c-4d73-9630-01002443b65e,ab4d9d97-e35f-4992-a8fd-69ed66a8d558,fda2cd44-b62a-460e-9926-644603cda879,TRUE,2026-04-08 19:12:39
59a6a5f4-cfb2-428b-98f3-39649a3700e7,ccfd9182-0fb0-4eac-a492-4b7ea70bfa69,35795dfe-e16a-408d-9677-5f13c3d4ff83,d7ecb162-bda4-41d6-a676-19978d199d50,TRUE,2026-04-08 19:12:39
3be6ea97-2b1a-46f4-83c3-5ababf11fe90,4bc17d31-66c9-418c-a4cc-a335db3ca6de,75e74f36-5be1-4048-b0a2-3460dd418f90,7f4a0d50-580a-47be-91ff-86b26a20440b,TRUE,2026-04-08 19:12:39
6988e4bb-ea1f-4e2a-945e-6627266ab5c3,2e311700-33a5-4aac-a464-accea5e42968,253ea542-c762-42e9-8125-3c936fbe0802,7a151788-93dd-43a6-87b9-40272df6f10a,TRUE,2026-04-08 19:12:39
2d8cfb01-c01d-4221-a652-ebb159021f37,f1abfa89-f74e-4056-920e-4125f65e5c5c,253ea542-c762-42e9-8125-3c936fbe0802,73ab3fca-528b-45b4-ab2b-1f6cafc3918b,TRUE,2026-04-08 19:12:39
4b0610da-3a5b-46ec-ad8f-d0526b37042b,4e9e7e90-15db-4cfa-aed9-3a40b7f98aab,d9ded107-db56-4362-9660-f034f2aad13e,54e7a103-d150-49fa-8cf5-a2835e47fb10,TRUE,2026-04-08 19:12:39
6c460eee-cad2-4326-944f-6bff711e152c,c6f01a52-9f87-4334-8ff7-639bc539336e,75e74f36-5be1-4048-b0a2-3460dd418f90,c1854aa5-036d-4227-b510-00fcf40ae9dc,TRUE,2026-04-08 19:12:39
ae1d7159-52aa-4a1b-a674-51dc804518b6,409b349b-8198-4fb0-af8a-e1874381cc78,779ab9d5-e027-45f8-9632-7e0c4772d263,05f0c6f3-ca84-41cc-aa1a-9526e33c1341,TRUE,2026-04-08 19:12:39
0f22e4e8-0421-4c93-80ed-8b24d23fc508,f240d842-38f4-411c-b645-7ec30664b4ae,253ea542-c762-42e9-8125-3c936fbe0802,c5ac308b-adf4-4504-b121-f82b878e2764,TRUE,2026-04-08 19:12:39
36299b63-ff90-42e5-a007-5fa228b981de,86a780e8-cc03-4b34-a2c6-241fd9877170,a7661018-6f30-438d-a26a-5cebbb1a6191,d7ecb162-bda4-41d6-a676-19978d199d50,TRUE,2026-04-08 19:12:39
aeae1bfd-7192-4313-82e6-41b1917cc809,c3fef5ee-7fac-4436-8db9-6fdab4c8b45b,d9ded107-db56-4362-9660-f034f2aad13e,3cd4d8fc-f767-449a-aec7-19a39f7c5cc6,TRUE,2026-04-08 19:12:39
8cca7c98-578e-4e0c-afc8-7daf8379a108,06344570-6577-4381-bf70-6ca0d69e9918,7a35c70a-5d17-4ebc-903c-128c5c215c7a,d7ecb162-bda4-41d6-a676-19978d199d50,TRUE,2026-04-08 19:12:39
8172dc76-1b7c-4170-822b-cada7ce6c9ca,f3c47250-70c4-4d97-bb97-03c1027917d3,7a35c70a-5d17-4ebc-903c-128c5c215c7a,ab7539fa-bbb2-4852-a777-29e39fcdb027,TRUE,2026-04-08 19:12:39
f69ae136-567e-4baf-8143-cf586326805b,9c68fe3f-d08b-4ba4-9269-42d2500720fc,d9ded107-db56-4362-9660-f034f2aad13e,c6be9132-e88b-44e4-99a2-4391b376a6b1,TRUE,2026-04-08 19:12:39
b8e3220d-0e7f-4c17-9d83-8db0a1fe0a27,02d9f72a-c5e0-40ab-8eb0-284c44525976,75e74f36-5be1-4048-b0a2-3460dd418f90,77255925-a9bc-4075-8107-11601ca8c4a2,TRUE,2026-04-08 19:12:39
8e9eaa82-6549-451f-a9c3-bba7a0b6d101,71000701-3de7-4174-8e53-af60473846f2,89ac15fd-fcc1-4185-aef5-7f10ee7dc668,eacca6e8-5761-4752-91cd-9bbc46538e75,TRUE,2026-04-08 19:12:39
79fc3c9c-a84e-4f4a-b292-446c0886f1b8,2d079776-cd42-49b8-8619-016553048088,89ac15fd-fcc1-4185-aef5-7f10ee7dc668,4f54a419-e907-4b68-944f-f3f809c5244b,TRUE,2026-04-08 19:12:39
a88acbd8-2d75-4a41-80df-a183470bc28d,c46c22cb-6bb6-4e95-b2e8-b8c30400c0b0,197fcbc8-7a73-40b5-802f-fa829cd49329,ba4abcf4-736f-4506-ae63-aad198da3468,TRUE,2026-04-08 19:12:39
247f321f-f70c-4e89-99fe-000a8a6656fa,6dce8f4e-c0a2-42a9-9eb8-98a4ac57fda0,7a35c70a-5d17-4ebc-903c-128c5c215c7a,d7ecb162-bda4-41d6-a676-19978d199d50,TRUE,2026-04-08 19:12:39
69098752-6fef-47d7-b66c-da57028e1457,c4b28cae-0fdd-4c6d-8b52-119f7a5cae9c,253ea542-c762-42e9-8125-3c936fbe0802,5dd63d1c-750f-4adf-a6bc-909313840b65,TRUE,2026-04-08 19:12:39
70abbafb-d80c-421e-af6a-ab17e68b33da,25656236-1968-49da-a6d8-32ffdcc6888e,d9ded107-db56-4362-9660-f034f2aad13e,c6be9132-e88b-44e4-99a2-4391b376a6b1,TRUE,2026-04-08 19:12:39
94143bae-0bf8-404a-8811-e4dc5af3aa29,3f10d379-f847-4ddf-baf9-271767d48599,d9ded107-db56-4362-9660-f034f2aad13e,d7ecb162-bda4-41d6-a676-19978d199d50,TRUE,2026-04-08 19:12:39
f24ecdfc-2ce2-4daf-84a6-f369299fac75,94cd50f6-63f9-464e-8476-f6076e35850d,d9ded107-db56-4362-9660-f034f2aad13e,c6be9132-e88b-44e4-99a2-4391b376a6b1,TRUE,2026-04-08 19:12:39
06983179-9114-46db-b737-0fde15e8b8a5,abfd5dc4-c60b-4339-a3ea-b43286ab7678,d9ded107-db56-4362-9660-f034f2aad13e,c141841d-c152-4775-aff0-1fd7a82ec852,TRUE,2026-04-08 19:12:39
4282562f-b18c-4e19-99f1-b59577c31cab,8df52cfd-63bb-4fd6-8f61-6a994ea55cfe,d9ded107-db56-4362-9660-f034f2aad13e,d7ecb162-bda4-41d6-a676-19978d199d50,TRUE,2026-04-08 19:12:39
67aa2deb-0961-44dc-9c66-11d5107d7cda,6a9e7f92-6b82-49b4-9749-e54dc370ae4e,d9ded107-db56-4362-9660-f034f2aad13e,d0c1706c-c6ea-4622-a8a7-d4d67abf6ad2,TRUE,2026-04-08 19:12:39
585677a5-785d-49b4-be82-b221a4ad3d30,9c389b22-2883-44a8-a9ad-20a456d7ef06,d9ded107-db56-4362-9660-f034f2aad13e,d0c1706c-c6ea-4622-a8a7-d4d67abf6ad2,TRUE,2026-04-08 19:12:39
40e684d7-2c1e-4b14-9380-e9888b28c535,d9da3ea1-997f-4b4c-a39b-fcf836feec85,d9ded107-db56-4362-9660-f034f2aad13e,d0c1706c-c6ea-4622-a8a7-d4d67abf6ad2,TRUE,2026-04-08 19:12:39
88660de2-9bb8-40e0-9fa9-b77e13311937,29eb7107-c506-42fe-a43e-2bd442f38418,d9ded107-db56-4362-9660-f034f2aad13e,d0c1706c-c6ea-4622-a8a7-d4d67abf6ad2,TRUE,2026-04-08 19:12:39
68f1542f-c59d-4cbe-b099-0006d8b39e47,58485e33-f7af-4fab-a98b-421f01ca4183,d9ded107-db56-4362-9660-f034f2aad13e,c43c9455-dfb8-4753-a072-a8f80bc9c6dc,TRUE,2026-04-08 19:12:39
91c85e71-2c18-4acf-b27d-27439ae5a7b5,d3c500a4-284b-43a5-a422-8d8b8f138096,d9ded107-db56-4362-9660-f034f2aad13e,fbfdf79e-7c18-45ae-bc26-44f20ca896a9,TRUE,2026-04-08 19:12:39
36c67c4a-31c9-4597-81cc-f98961b96f3a,0820b858-896a-4a9a-b403-e32120c4e28c,d9ded107-db56-4362-9660-f034f2aad13e,d7ecb162-bda4-41d6-a676-19978d199d50,TRUE,2026-04-08 19:12:39
e4f7cc58-f732-416c-9174-7f39668a3f79,ef06db34-7a6c-426e-b65d-973bc962dbe9,d9ded107-db56-4362-9660-f034f2aad13e,c43c9455-dfb8-4753-a072-a8f80bc9c6dc,TRUE,2026-04-08 19:12:39
7a116ea1-15c6-437f-b615-0586bc46635e,9b99de95-4dac-4010-81d6-009c7951c50f,077efb35-8940-4d91-a66c-91b50b83e640,d7ecb162-bda4-41d6-a676-19978d199d50,TRUE,2026-04-08 19:12:39
82e6a898-e075-4019-b2d7-106356c53bbc,eb40aad3-cea7-419e-83bb-c7cc83e1d858,d9ded107-db56-4362-9660-f034f2aad13e,c43c9455-dfb8-4753-a072-a8f80bc9c6dc,TRUE,2026-04-08 19:12:39
