id,franchise_id,instagram_url,facebook_url,twitter_url,linkedin_url,created_at,updated_at
0407cf14-00dc-49ac-97e7-87f55d94e99c,b38c39c0-b9f6-495f-b8be-a65b1c0b9221,https://instagram.com/chaipoint,https://facebook.com/chaipoint,,https://linkedin.com/company/chaipoint,2026-01-10 12:02:56,2026-01-10 12:02:56
e96df10b-736d-4ddf-94c3-9e9b03a67251,c8f6989c-d785-4cf7-b127-b7ba288a3314,https://instagram.com/charepublic,https://facebook.com/charepublic,,,2026-01-10 12:02:56,2026-01-10 12:02:56
89fa9191-5634-47b9-b6c5-c657c03ccf69,b297c5b9-82e3-4c3d-88fc-c509ae881207,https://instagram.com/chaitopup,https://facebook.com/chaitopup,,https://linkedin.com/company/chaitopup,2026-01-10 12:02:56,2026-01-10 12:02:56
90785c76-9ff3-4157-9dcc-09e2d9db5549,6a8c08c9-ef66-48b0-a68e-e9e0b7b40fcc,https://instagram.com/cafedurga,https://facebook.com/cafedurga,,,2026-01-10 12:02:56,2026-01-10 12:02:56
fb8aacb4-590c-433e-8ab5-fcb2df1e4f32,afb4be0a-0173-4248-b0b9-9c7ba0e3ce8f,https://instagram.com/espressobarco,,,,2026-01-10 12:02:56,2026-01-10 12:02:56
11d88599-85ba-4eec-a4a0-43048d1f4f37,09378ed3-2aa4-4e45-bf5d-6a75d1bdb2f7,https://instagram.com/indiansilkhouseagencies,,,https://www.linkedin.com/company/indian-silk-house-agencies,2026-01-10 12:02:56,2026-01-10 12:02:56
b8b7e215-4c6b-415d-8239-81999aa07a88,b781fa76-8eaf-4cf9-a15c-b6a1c3503554,https://instagram.com/flyrobe,https://facebook.com/flyrobe,https://twitter.com/flyrobe,https://linkedin.com/company/flyrobe,2026-01-10 12:02:56,2026-01-10 12:02:56
a6a2db71-51d0-4656-8463-576c0645124e,0e50ed02-6937-4c8d-aa31-b4202a5f77cd,https://www.instagram.com/cottonculture.co.in,https://www.facebook.com/cottonculture.co.in,https://twitter.com/CottonCulture4,https://www.linkedin.com/company/cotton-culture-co-in,2026-01-10 12:02:56,2026-01-10 12:02:56
b8ceb207-c4a7-4e13-9ab9-18f4c240a53e,7e62e026-71a1-4b49-971d-e8bcd1cc4e54,,,,https://www.linkedin.com/company/giordano,2026-01-10 12:02:56,2026-01-10 12:02:56
5c87aa18-ff59-4ab9-9744-09caad72bb7c,8a873fc8-8a68-461e-81f4-55d7f192f2b1,,,,https://www.linkedin.com/company/liker-fashion,2026-01-10 12:02:56,2026-01-10 12:02:56
d605635a-9859-4a7b-a954-082d1c033ec6,fc244900-e4b1-4eec-8e70-eb778beac3a5,,,,,2026-01-10 12:02:56,2026-01-10 12:02:56
b8e80bb2-e93d-4c9a-8e72-f9c51293055e,a6ae3e8e-b3da-4406-9a53-1f411523033b,https://instagram.com/peachmodeinsta,https://facebook.com/peachmode1,https://twitter.com/peachmode1,,2026-01-10 12:02:56,2026-01-10 12:02:56
0bbca87f-9165-4c03-ae30-ff0218ffe9ce,f610d893-650e-46e2-89a6-c50f59036275,,,,,2026-01-10 12:02:56,2026-01-10 12:02:56
edbc77a7-94aa-4476-b2c6-ccd413756dc6,1dac1aa2-22c2-41e9-a608-2ffb1cefdf84,,,,,2026-01-10 12:02:56,2026-01-10 12:02:56
54eca7a8-0aee-4f10-9771-bc006f904854,1ee2cd39-dcf0-4e78-971d-967b8f1e2f12,https://instagram.com/_banana_club,https://facebook.com/BananaClub,,https://linkedin.com/company/banana-club-in-vogue,2026-01-10 12:02:56,2026-01-10 12:02:56
cb45de5d-d9b9-4d79-9e85-3172c65197a2,1c97dc61-7708-4958-8222-3fe8fa9275bc,,,,,2026-01-10 12:02:56,2026-01-10 12:02:56
a7a3d0dd-a03f-4e67-9dc6-e910226535e1,9ab139e7-cf16-4085-9352-c51d74e61115,https://www.instagram.com/dazzlesportswear/,,,,2026-01-10 12:02:56,2026-01-10 12:02:56
ab5918dd-312c-4bf1-a7aa-d0120edadd85,ac303bf7-2a32-471d-9be1-a1dbb2e915e7,https://www.instagram.com/adidas,,,,2026-01-10 12:02:56,2026-01-10 12:02:56
2d960581-8cb5-434d-90aa-cd92ef6a7ef6,df361e73-da0e-4e50-992d-e95e57306357,https://www.justdial.com/Bangalore/Maverick-Turf-Corporation,,,,2026-01-10 12:02:56,2026-01-10 12:02:56
3e0f4f74-c272-4704-81e3-54f9dcd2ae8b,c8bbd1a5-9676-4a19-b8c4-1b2f22fe8148,https://in.linkedin.com/company/cricket-academy-of-pathans-cap,,,,2026-01-10 12:02:56,2026-01-10 12:02:56
18fdd61b-bbfc-41ab-8d8c-973512fc302a,88848236-153f-41d1-85cd-4a9001af249c,,,,,2026-01-10 12:02:56,2026-01-10 12:02:56
f8b159ba-87d1-4b14-bab9-40f8614f1d96,d96ac4e8-daa4-4d60-9a4d-f7dcb54412b7,,,,,2026-01-10 12:02:56,2026-01-10 12:02:56
bd334845-b4d1-4d82-a712-656effd83f2b,d451263c-43df-4ba1-b652-cbac27ff7846,https://www.instagram.com/nitsaholidays,https://www.facebook.com/FranchiseIndiaMedia/posts,,,2026-01-10 12:02:56,2026-01-10 12:02:56
df330648-877d-4128-8de7-7319011d975e,a3d5f27f-978c-48e7-97cf-21e8aea6d359,https://www.instagram.com/easemytrip,https://www.facebook.com/EaseMyTrip/posts,,,2026-01-10 12:02:56,2026-01-10 12:02:56
a441c87a-798e-472e-bfed-5c8158361e2f,780dabc4-787e-4001-9c4b-a07c9874ffab,https://www.instagram.com/makemytrip,https://www.facebook.com/MakeMyTrip,https://twitter.com/MakeMyTrip,,2026-01-10 12:02:56,2026-01-10 12:02:56
6a049d79-d0e3-4b51-b400-a6b992f92c28,499ed48e-a3e7-480e-900b-f384cd1ec21f,https://www.instagram.com/cloud9trip.in,https://www.facebook.com/cloud9trip,,,2026-01-10 12:02:56,2026-01-10 12:02:56
d05581e3-d4f8-4177-a2c3-4640152f75ff,fc554f5b-c10b-4835-b81b-6eb90deb8862,https://www.instagram.com/thomascookindia,https://www.facebook.com/thomascookindia,https://twitter.com/thomascookindia,https://www.linkedin.com/company/thomascookindia,2026-01-10 12:02:56,2026-01-10 12:02:56
c588bbc8-7441-48d1-9ad5-f68f134bb74d,ab2c97a4-15c8-4105-902b-e6b961445825,,,,,2026-01-10 12:02:56,2026-01-10 12:02:56
c0a41c98-0441-45c3-aeb4-00d736dc95d2,0fe579f2-a816-4116-a312-a340923dbfe6,,,,,2026-01-10 12:02:56,2026-01-10 12:02:56
bbb71930-f81e-410c-907c-244dc45dafea,ba736baa-47d2-4b53-8969-661dbce6e6a1,,https://www.facebook.com/NexottelHotelResorts,,https://www.linkedin.com/company/nexottel-hotel-resorts,2026-01-10 12:02:56,2026-01-10 12:02:56
9e5b6554-bda6-4c0b-b8fe-cda69ba2356c,f943babd-ea6a-444b-b645-315f491c40a6,https://www.instagram.com/tripfactory,https://www.facebook.com/tripfactory,,https://www.linkedin.com/company/tripfactory-com,2026-01-10 12:02:56,2026-01-10 12:02:56
469173c4-3de2-47fa-bdb7-cf71bf6faeb6,e277efc3-55a1-40a9-8fad-b3149ffe9d2f,https://www.instagram.com/sonix_car_decors,https://www.facebook.com/share/1En41f96c4/,,,2026-01-10 12:02:56,2026-01-10 12:02:56
1006ba9c-6962-4c1b-a75f-a9c80ecde6e8,347dcb07-5002-4376-b056-fc37fe48eac8,,,,https://www.linkedin.com/company/swank-autocare/,2026-01-10 12:02:56,2026-01-10 12:02:56
0d8f508b-9871-4594-9afe-ab36505fc9d2,4024b1c9-12fd-451e-8a5f-0a5025e55819,,,,https://www.linkedin.com/company/reluxelectric/,2026-01-10 12:02:56,2026-01-10 12:02:56
5857cdfd-8e77-4dc8-b51f-2f59ac62e44c,8be9d5c3-86aa-4cd5-be33-3b39dfd647fa,https://www.instagram.com/bliveindia/,https://www.facebook.com/bliveindia,,https://in.linkedin.com/company/bliveindia,2026-01-10 12:02:56,2026-01-10 12:02:56
657370b0-2847-4b6c-a356-c4ed3b496cc1,bb0d140f-d9e5-4b4a-8182-4376a439422f,,,,,2026-01-10 12:02:56,2026-01-10 12:02:56
2a81a24a-d98c-47de-a0e5-ac4dd564ef0c,243ecbfb-c97d-42f8-b56c-31ca4f742263,https://www.instagram.com/wavexstore.mt/?hl=en,,,https://in.linkedin.com/company/wavex-auto-care,2026-01-10 12:02:56,2026-01-10 12:02:56
260cefb7-8bc0-4ce8-a495-447c684cecbd,5b707bb6-7325-4cd8-961e-8eff582d5328,,,,https://www.linkedin.com/company/onnbikes/about/,2026-01-10 12:02:56,2026-01-10 12:02:56
d7dc9840-c471-445c-a7b6-315bb9ebfaf8,f796a38b-1d81-4e48-ad0c-4ebeb485b41d,https://www.instagram.com/amoelectricbikes,https://www.facebook.com/amoelectricbikes,,https://in.linkedin.com/company/amoelectricbikes,2026-01-10 12:02:56,2026-01-10 12:02:56
f3576f2c-5813-4e6c-aa08-d41afc7c6440,e909318a-6b26-4da4-a189-c7e5e01c2226,https://www.instagram.com/doctorgarage.in,https://www.facebook.com/doctorgarage,,https://in.linkedin.com/company/doctor-garage,2026-01-10 12:02:56,2026-01-10 12:02:56
90d46926-ac39-4a56-b385-437570fbddaf,ad81abe8-369b-42cc-b233-fa5e90258116,https://www.instagram.com/youstafashion,,,,2026-01-10 12:02:56,2026-01-10 12:02:56
0318ac99-f9be-495c-a279-8c0a7cdc9762,98ecc642-3342-4704-bc19-7da7d34461df,https://www.instagram.com/redtapeindia,https://www.facebook.com/RedTapeIndia,,,2026-01-10 12:02:56,2026-01-10 12:02:56
6aef29e2-b1bc-4f94-815b-3abb94f5c866,290bec96-ad40-46e1-ad88-33c3cf6536b9,https://www.instagram.com/carriall,https://www.facebook.com/carriall,,,2026-01-10 12:02:56,2026-01-10 12:02:56
779cb8a1-84ae-46ed-ab8a-baad5a3c392c,0ce95acf-1221-45aa-ae6a-d496a33d1fa8,,https://www.facebook.com/CanaryLondonOfficial,,,2026-01-10 12:02:56,2026-01-10 12:02:56
fca4e698-aae1-443b-817b-1b205c34eb1e,3d7a177b-20bf-4b7d-a8a1-7c3514daa4a5,https://www.instagram.com/specsmakersofficial,,,,2026-01-10 12:02:56,2026-01-10 12:02:56
f73a34da-f81e-4335-bf38-7c50145bae5e,2155ba74-85c2-4123-9485-75b3c9e07def,https://www.instagram.com/siaartjewellery,,,,2026-01-10 12:02:56,2026-01-10 12:02:56
72814f68-89d1-45a6-a634-fc59bdea3358,a61d62b8-582d-4179-9603-789f0ee2bece,,https://www.facebook.com/classicpolos,,,2026-01-10 12:02:56,2026-01-10 12:02:56
bab79d3c-c7fc-4791-aff6-1d71701adb25,7cbee3c6-e9d5-40f1-9be2-ac2fe5053add,https://www.instagram.com/silverleafclothing,,,,2026-01-10 12:02:56,2026-01-10 12:02:56
ab6e4e30-7ed9-406c-a815-6513452933d7,ca257ac6-7d5b-4292-a6e1-9d71b5c73ada,https://www.instagram.com/chhabra555official,,,,2026-01-10 12:02:56,2026-01-10 12:02:56
14a27e4f-6613-47e2-acd4-6a987e759153,80126705-23b0-47c5-bf0b-bcce2bb4b417,,https://www.facebook.com/LiverpoolLosAngeles,,,2026-01-10 12:02:56,2026-01-10 12:02:56
9c092995-0359-448e-9de1-f6882db78aea,ae70ee5e-ea25-47b0-9b80-aba3400b5cd3,,,,,2026-01-10 12:02:56,2026-01-10 12:02:56
ef801a5a-6192-4179-9de2-4814a09eb7a0,f648ef1c-c7c1-4d7f-b04a-91bf04a6718d,,https://www.facebook.com/KumonIndia,,https://www.linkedin.com/company/kumon,2026-01-10 12:02:56,2026-01-10 12:02:56
5b11f145-2a1c-43f2-b82e-a60bb93e21ae,319210e7-b5f8-45c0-a3d0-9e384b46c5ca,,,,https://www.linkedin.com/company/msm-unify,2026-01-10 12:02:56,2026-01-10 12:02:56
df2c38bc-dd4d-4305-8cbe-c5c72728e414,58b4e1a8-1418-4da0-a57e-23d285891faf,https://www.instagram.com/instituteofquantummarketing,https://www.facebook.com/instituteofquantummarketing,,https://www.linkedin.com/company/institute-of-quantum-marketing,2026-01-10 12:02:56,2026-01-10 12:02:56
6e8dae20-32a7-40b3-b125-3c38f4b55515,b9e6ee77-95a5-4782-819e-2e9f0e39a9db,,,,,2026-01-10 12:02:56,2026-01-10 12:02:56
468ecd99-f780-4072-abd7-e013cdca7135,7484b19e-814d-4ca1-bfab-c1050e50b712,https://www.instagram.com/spellbeeinternational,https://www.facebook.com/spellbeeinternational,,https://www.linkedin.com/company/spellbee-international,2026-01-10 12:02:56,2026-01-10 12:02:56
e85c59ef-117b-4754-ab93-685f7a69be3a,e0d7a709-6146-4915-83d7-1906b24f9ce6,https://www.instagram.com/skilllync,https://www.facebook.com/skilllync,,https://www.linkedin.com/company/skill-lync,2026-01-10 12:02:56,2026-01-10 12:02:56
b5ab8d83-cd2b-4cda-a511-09d6d76ab0b0,605dc402-64b7-4ba9-9069-e705f4746b7c,,,,https://www.linkedin.com/company/apponix-academy,2026-01-10 12:02:56,2026-01-10 12:02:56
06f2d2c9-c4c9-439d-b8fd-3932fdcedeb7,3f8fddd3-f75d-4d55-8622-c998930adc92,,,,https://www.linkedin.com/company/brain-checker,2026-01-10 12:02:56,2026-01-10 12:02:56
9c2a96c8-55c1-42f0-b6a8-e8b2c846cf40,be9dc891-8287-4cbd-9093-b658cae87d07,https://www.instagram.com/frozenbottle_official,https://www.facebook.com/frozenbottle,,,2026-01-10 12:02:56,2026-01-10 12:02:56
5a52a4bf-e228-4fb2-a347-9e127eae5b94,20eb604e-6144-4ec8-9dfc-e504cfc576ea,https://www.instagram.com/pabrais,https://www.facebook.com/pabrais,,,2026-01-10 12:02:56,2026-01-10 12:02:56
9d7f2d21-0805-474d-9398-6776775ced0a,945cd8b9-47c7-4093-b0ea-4531c6ced200,https://www.instagram.com/creamandfudgeindia/,https://www.facebook.com/creamandfudgeindia/,,,2026-01-10 12:02:56,2026-01-10 12:02:56
178b0eb7-908f-4acf-871d-8f859d21e7b2,23483a03-aa1e-4e9e-862e-23a723901474,https://www.instagram.com/thefruitcreamery/,https://www.facebook.com/thefruitcreameryindia/,,,2026-01-10 12:02:56,2026-01-10 12:02:56
9ffb707f-1d56-42ba-be9b-ab15105e0439,70628840-212f-4377-8b18-8aa145bc292a,https://www.instagram.com/dairydon_official/,https://www.facebook.com/dairydonofficial/,,,2026-01-10 12:02:56,2026-01-10 12:02:56
4c7262aa-c1aa-421b-ada4-a3f9812e5a40,6855aba8-d2c9-4cd6-aa86-bed08d0acfc8,https://www.instagram.com/michaelsicecreamburger/,https://www.facebook.com/michaelsicecreamburger/,,,2026-01-10 12:02:56,2026-01-10 12:02:56
9dbe17e5-f716-400c-b70d-4aa0a54b5e35,9bb91606-f058-4164-bcaa-87892da94227,,,,,2026-01-10 12:02:56,2026-01-10 12:02:56
dd1d07e7-55fd-4b88-a036-6d1d9ef041c5,5f399d54-407c-4b4a-98c7-aef9ad1600c6,https://www.instagram.com/cocoberryindia/,https://www.facebook.com/Cocoberry,,https://in.linkedin.com/in/laksh-h-yadav-a49048a0,2026-01-10 12:02:56,2026-01-10 12:02:56
e9d5f3e5-da21-4fb4-95ae-7d560d0dc9fc,489d88bf-1f8d-4de9-b7f1-a863268d3126,https://www.instagram.com/icecream_amul,https://www.facebook.com/AmulIcecream,https://twitter.com/Amul_Coop,,2026-01-10 12:02:56,2026-01-10 12:02:56
3f404833-d0bc-4796-8758-508a8820101d,f1ce23fc-d9bd-4514-83be-543b30357cb1,https://www.instagram.com/gianiicecream/,https://www.facebook.com/Gianisicecream1956/,,,2026-01-10 12:02:56,2026-01-10 12:02:56
c0f18457-b1c7-4802-8b76-f076099a6599,4af9efb4-507c-4d83-bac1-bfcb915174a4,https://www.instagram.com/kioskkaffeeofficial/,https://www.facebook.com/Kiosk-Kaffee,,https://www.linkedin.com/company/kiosk-kaffee,2026-01-10 12:02:56,2026-01-10 12:02:56
f93e08fc-7e2f-4e3a-97be-20b01bf040b4,38561e9f-265f-4bd5-9e6f-4d4c001fab1e,https://www.instagram.com/midwaycafeindia,https://www.facebook.com/midwaycafeindia,,https://www.linkedin.com/company/midwaycafeindia,2026-01-10 12:02:56,2026-01-10 12:02:56
86b023e6-57c1-43d6-952f-eb8c6e4afcdf,fb0b305f-4c8f-43af-acc7-5619797e05a7,https://www.instagram.com/kulhadrani,,,https://www.linkedin.com/company/kulhad-rani,2026-01-10 12:02:56,2026-01-10 12:02:56
1f5263e0-2d31-40f0-8481-7a4a515fdd11,fbb1242f-32be-4c01-b085-b98486a13802,https://www.instagram.com/_creamoholiccafe_gandhinagar,https://www.facebook.com/CreamoholicGandhinagar/,,,2026-01-10 12:02:56,2026-01-10 12:02:56
e62b280a-cb92-4375-a5ba-4b1673eb8724,bb624860-ff6d-416a-bd40-2458aeefed6c,https://www.instagram.com/thebrewtribe,https://www.facebook.com/thebrewtribe,,,2026-01-10 12:02:56,2026-01-10 12:02:56
8e852b5c-506d-4d44-ae94-b5dccaaad1b1,d93c950c-ab6f-4a07-b92b-33b89adc419b,https://www.instagram.com/simba.toysindia/,https://www.facebook.com/simbaindia,,https://www.linkedin.com/company/simba-toys-india/,2026-01-10 12:02:56,2026-01-10 12:02:56
a9c47976-8e05-4fa6-8566-b6446c961b53,12c8ab8c-e4fd-4910-8bce-ef630b9e6491,https://www.instagram.com/justdogsindia,https://www.facebook.com/justdogsindia,,,2026-01-10 12:02:56,2026-01-10 12:02:56
cf1ee17d-0232-46a7-b263-116aa0ece40d,64afff51-8b14-4193-a750-6c03763a23b4,https://www.instagram.com/homelane_india/,https://www.facebook.com/homelaneinteriors,,https://www.linkedin.com/company/homelane/,2026-01-10 12:02:56,2026-01-10 12:02:56
1fd546b8-2996-4df4-96ec-682d532b63c2,3431dd32-d63e-4fce-8a7b-488a02dadf73,https://www.instagram.com/medkartpharmacy/,https://www.facebook.com/medkartpharmacy/,,https://in.linkedin.com/company/medkart-pharmacy,2026-01-10 12:02:56,2026-01-10 12:02:56
4b856069-5b2d-4fb5-a4f0-78d1c7892651,c6444da3-7bf0-44e7-a219-85d4e84bded4,https://www.instagram.com/bluestoneindia/,https://www.facebook.com/bluestonejewels,https://twitter.com/bluestone_com,https://in.linkedin.com/company/bluestone-jewellery,2026-01-10 12:02:56,2026-01-10 12:02:56
6adad0e1-0262-4f34-b0b5-50cc4b5dc132,b702b30c-ea16-4a5b-8d78-13f8c41c51d3,https://www.instagram.com/livspace.in/,https://www.facebook.com/livspace,https://x.com/livspace,https://in.linkedin.com/company/livspace,2026-01-10 12:02:56,2026-01-10 12:02:56
698d878b-ae36-41f0-b773-13c0b07cdac8,7d07fbd9-d1a5-4820-8ff8-c1120ea6ff06,https://www.instagram.com/duckback_india_ltd/,https://www.facebook.com/p/Duckback-100076418766164/,,https://in.linkedin.com/company/duckback-india-limited,2026-01-10 12:02:56,2026-01-10 12:02:56
9e4c256c-ef19-46b7-9fcb-edc7baa52479,0b66ede6-6a9d-4dc1-a71e-d4ac5db22f6f,https://www.instagram.com/bestforindia/,https://www.facebook.com/BestForIN/,https://twitter.com/BestForIN,https://www.linkedin.com/company/best-for-in?originalSubdomain=in,2026-01-10 12:02:56,2026-01-10 12:02:56
0d92d156-13b5-4909-8d64-d9408774ff6d,606a879b-da69-4f28-bb62-7d6928c5bfda,https://www.instagram.com/paragon_footwear,https://www.facebook.com/ParagonShoes,,https://www.linkedin.com/company/paragon-footwear,2026-01-10 12:02:56,2026-01-10 12:02:56
7544fe71-9037-499d-bd81-a68ce8d6a266,51de79ee-7094-4b9e-8fd8-36c14770b17d,https://www.instagram.com/wurfel.in,https://www.facebook.com/WurfelKitchen,,https://www.linkedin.com/company/wurfel/,2026-01-10 12:02:56,2026-01-10 12:02:56
812b7bfb-aa72-4fcf-ab07-8cf91f24a035,1fac6fce-3ca3-41c6-a470-541370486496,https://www.instagram.com/kiranakingofficial/,https://www.facebook.com/share/1GtVuygbuT/,https://x.com/Kiranaking,https://www.linkedin.com/company/kirana-king/,2026-01-10 12:02:56,2026-01-10 12:02:56
2f0e2414-427f-4ecf-b571-c068f1642584,7ead3192-9970-4ca4-9492-1e653cba5c40,https://www.instagram.com/polimeraas/,https://www.facebook.com/Polimeraas/,,https://www.linkedin.com/company/polimeraas/,2026-01-10 12:02:56,2026-01-10 12:02:56
709f1a57-5aa7-441c-98a6-e8a6b0734558,b369aafb-788d-48c2-a292-1227e246c5e2,https://www.instagram.com/ekirana_store/,https://www.facebook.com/ekiranastorezirakpur/,,https://www.linkedin.com/in/ekirana-store-68a3a21b3/,2026-01-10 12:02:56,2026-01-10 12:02:56
c55e13ef-f0c4-4567-ac2c-79b321cbb7b5,4aafb50c-8cb6-4610-9232-89902077d0a3,,https://www.facebook.com/solomonsoftware/about/,,https://www.linkedin.com/company/solomon-software/?originalSubdomain=in,2026-01-10 12:02:56,2026-01-10 12:02:56
9c9f546c-0c0e-4165-92ce-162469894f0a,30a2d954-c1e6-4ca8-8b82-c27241094307,,https://www.facebook.com/delbertoindia91/,,https://www.linkedin.com/company/delbertoclub/?originalSubdomain=in,2026-01-10 12:02:56,2026-01-10 12:02:56
30384cf7-bb7d-42e3-bd45-0592f5e48a92,490c8da9-056b-42c8-953b-790ae0d96980,https://www.instagram.com/ekirana_store/,https://www.facebook.com/ekiranastorezirakpur/,,https://www.linkedin.com/company/ezeesteps-online-retail,2026-01-10 12:02:56,2026-01-10 12:02:56
f634c563-a317-4394-a823-0ad59ea345a0,e75e0dd4-68dc-4253-ba10-c66dbc68af66,,https://www.facebook.com/pay2cartofficial/,,https://www.linkedin.com/company/pay2cart-private-limited/,2026-01-10 12:02:56,2026-01-10 12:02:56
eff12e73-a726-494b-abcf-dfb34701dc68,3ab4cfd1-65bf-4466-b000-fa986136cf8a,https://www.instagram.com/ajanta_footcare/?hl=en,https://www.facebook.com/AjantaFootcare/,,https://www.linkedin.com/company/ajanta/,2026-01-10 12:02:56,2026-01-10 12:02:56
c0b8b280-2602-48b9-a209-1363b1202cbd,52e386d0-16ce-48fa-91c9-75e6dc633959,,,,https://www.linkedin.com/company/inbsys/,2026-01-10 12:02:56,2026-01-10 12:02:56
94e96e74-5ec4-4467-9e49-f3539f5ff41f,71f6195f-ac09-4c0c-a5bd-c7be755a1f2f,,,,,2026-04-08 19:12:39,2026-04-08 19:12:39
30f11254-5dcf-4876-9d97-6f1a7a4a0c7f,fde2dcc0-7582-4561-9456-5ae9dbfb0c0d,,,,,2026-04-08 19:12:39,2026-04-08 19:12:39
c2728846-fea7-4ac2-906a-7eff635fa450,015b3f47-0e58-47f1-88eb-a903f65d2101,,,,,2026-04-08 19:12:39,2026-04-08 19:12:39
bc5bb88b-f7b5-4a62-9ea2-c7fa222c1bc5,f78833ae-2a43-49ba-bc0c-92fdd07c7ea7,,,,,2026-04-08 19:12:39,2026-04-08 19:12:39
b666aeca-2385-4f18-b0b9-fb77e691a4fc,3bb8eca8-3b09-44f2-ab24-de7feff114cc,,,,,2026-04-08 19:12:39,2026-04-08 19:12:39
1c9a44e2-1290-475c-b243-642d68843991,f038391c-0c0a-4123-b8e7-ff207b9741c6,,,,,2026-04-08 19:12:39,2026-04-08 19:12:39
ae00dca3-c9f9-4521-a723-4f1e9d362e06,bebe2af1-cd00-48b4-9918-d6e3f05ef6df,,,,,2026-04-08 19:12:39,2026-04-08 19:12:39
116af5ab-60e1-4cc1-9a33-f8888a28b8ce,d2111d1b-5b38-4541-8d3f-c567dce471e0,,,,,2026-04-08 19:12:39,2026-04-08 19:12:39
83588875-cd5e-4fe1-93a0-1e4efed9de64,275cd8e3-5aab-49f4-823e-3e15a719c6f4,,,,,2026-04-08 19:12:39,2026-04-08 19:12:39
9b223bdc-f80e-4f28-828c-7becdb5ffa18,d873f4e4-bb7d-4ee3-8f54-1a002615d867,,,,,2026-04-08 19:12:39,2026-04-08 19:12:39
8099cf32-e354-4009-9c94-066857d5b407,82f990e6-2bf0-455f-ab91-bad7e7a8f854,,,,,2026-04-08 19:12:39,2026-04-08 19:12:39
3b13ba8a-9fbe-4f14-bd99-efbb620e03aa,373894c9-839f-448d-ab10-5e1efeb4157b,,,,,2026-04-08 19:12:39,2026-04-08 19:12:39
b840667a-3fb6-4b23-9285-9d8c7ecb739d,48318eba-0a7c-491b-878e-2b28748d0429,,,,,2026-04-08 19:12:39,2026-04-08 19:12:39
540972b4-c93c-4963-9a17-c9d99614882f,350b97e7-d10c-4b4a-b0f4-c4b28c62d9f2,,,,,2026-04-08 19:12:39,2026-04-08 19:12:39
6037c45e-e569-42ca-b416-567d89193c96,e820a79b-dbe8-4359-a5b6-54b8beb38772,,,,,2026-04-08 19:12:39,2026-04-08 19:12:39
73c07abf-7080-45dc-b2bc-36755e87bf7c,26076fab-59a0-48cb-8cf4-17ed641a2a60,,,,,2026-04-08 19:12:39,2026-04-08 19:12:39
06b4da10-cb16-4d15-b264-99a792d150c2,94ce4100-e6b9-40e6-a0e5-ac58962f95f4,,,,,2026-04-08 19:12:39,2026-04-08 19:12:39
8fe2307b-3e24-4316-bff2-7ede0421309c,a91633e8-b0df-4f96-99a1-232552314e9a,,,,,2026-04-08 19:12:39,2026-04-08 19:12:39
e9ec3f67-5487-42f8-ac7a-26ecc199eeb9,4093a4de-6509-4dd9-af6c-d88f17c95254,,,,,2026-04-08 19:12:39,2026-04-08 19:12:39
1c35df08-0cba-4ada-a81a-4cae7b30dafc,7a69cdba-6e83-426b-bae8-7f387c4d89b3,,,,,2026-04-08 19:12:39,2026-04-08 19:12:39
9831fed7-133f-49bd-b01c-7e884c51bcd9,74ebe46b-235e-401f-9692-f43a7c0592c7,,,,,2026-04-08 19:12:39,2026-04-08 19:12:39
f9803b83-f224-4875-afe7-fcf71be0d044,0fd52b16-97e7-475f-90ae-f571e405c12a,,,,,2026-04-08 19:12:39,2026-04-08 19:12:39
d15e7e22-03bf-4080-83f0-19cb39a8f56e,53de2c7c-5ad9-4829-8265-be4a76c0451e,,,,,2026-04-08 19:12:39,2026-04-08 19:12:39
ee51f4d4-7dc9-4e9a-bb89-87ff175c0997,45e8b53f-3f13-4a2b-810b-50f9a08593c7,,,,,2026-04-08 19:12:39,2026-04-08 19:12:39
eeb8afdd-b90e-4795-a134-a448e5e79d82,e945d803-56bd-4d4b-b21b-0587db1912f1,,,,,2026-04-08 19:12:39,2026-04-08 19:12:39
7987f3d3-99cd-4e0e-afe1-860fc0f244b2,05a39773-1b84-487b-88fa-cd3127904579,,,,,2026-04-08 19:12:39,2026-04-08 19:12:39
ca6a80dd-a8ab-4388-9bea-ae8c6503768c,dde3cc73-fd18-4c7e-bbf8-479304bc1354,,,,,2026-04-08 19:12:39,2026-04-08 19:12:39
ffb0694e-fdd5-40d6-9be1-a5192eade2c6,fa6a1a27-422a-4da4-a922-a0da7ca6983a,,,,,2026-04-08 19:12:39,2026-04-08 19:12:39
5790dafb-e298-4aa2-bcf7-9f9dc1899bb9,cef52ad3-6966-49d8-9c8a-b4bd8589eca5,,,,,2026-04-08 19:12:39,2026-04-08 19:12:39
64480200-1a83-408c-86c7-c68304704b50,7e7b5238-3eb4-442b-8ddc-307ff7f19e1e,,,,,2026-04-08 19:12:39,2026-04-08 19:12:39
179c1b23-504b-40bd-ac83-1746baea0c9d,e5e31845-6b2c-4060-94bd-3670c3154f2a,,,,,2026-04-08 19:12:39,2026-04-08 19:12:39
0c5a06e5-8eef-43b9-9d7f-66e39d2593d4,1c95bd9a-349e-41e9-b32d-08bf63beb1b0,,,,,2026-04-08 19:12:39,2026-04-08 19:12:39
e179ed33-4725-4faa-b136-72e355ed3b39,c0aef157-a058-48df-9ba7-6d70f368d351,,,,,2026-04-08 19:12:39,2026-04-08 19:12:39
bea46939-bba4-4373-a5b1-8331d0fb4029,63feb1b5-d575-4adb-adef-bdd31f2e418b,,,,,2026-04-08 19:12:39,2026-04-08 19:12:39
c15cb17e-07af-4b78-9c83-e0920500fdca,1f06acd8-b20f-435d-97c2-990f72393150,,,,,2026-04-08 19:12:39,2026-04-08 19:12:39
476effde-1026-41e6-9247-1effb1e6532a,2e78155d-8dcf-4650-8c3d-e2724f3fea6c,,,,,2026-04-08 19:12:39,2026-04-08 19:12:39
35f5cf66-c09e-4a66-a761-9600b96a1dea,25650b79-c040-49fd-98b2-391b8442fc8e,,,,,2026-04-08 19:12:39,2026-04-08 19:12:39
3a503d92-5d02-4165-9ec2-31ed1833e26e,6024fecb-aed9-451e-8407-67d11770c8e4,,,,,2026-04-08 19:12:39,2026-04-08 19:12:39
b6c103a4-c2a2-42e8-b667-84da23f69ddd,fd0f9b80-fcba-40db-a7be-c85ad0bdd8a0,,,,,2026-04-08 19:12:39,2026-04-08 19:12:39
0f92055f-7faa-4658-a6b0-64c1e17e8b20,2e941ab3-dc46-4236-a598-6c64fffbabd8,,,,,2026-04-08 19:12:39,2026-04-08 19:12:39
440c821f-f76c-4f22-8d26-0440a34cc47d,baf1810c-dbc5-4bbe-a171-3d4b24b9fbd5,,,,,2026-04-08 19:12:39,2026-04-08 19:12:39
79b2fca3-0b49-4f9c-b8cf-a9125b7e5cbf,c1b954bf-053b-4089-be77-5cda5d5c8997,,,,,2026-04-08 19:12:39,2026-04-08 19:12:39
46bc77ef-ee06-4c1c-ad26-806c530ccf57,1b74f0e9-3dcf-43bd-8397-2531885e1c72,,,,,2026-04-08 19:12:39,2026-04-08 19:12:39
02629b57-4abc-419a-9db1-cafee5fd113a,6f584474-07dc-4c68-8226-bbe67138a72e,,,,,2026-04-08 19:12:39,2026-04-08 19:12:39
b64d27c5-4693-4991-a3b7-9662e627761c,256703ae-e88f-4bf8-86e4-cf14edb67482,,,,,2026-04-08 19:12:39,2026-04-08 19:12:39
7c2939a0-591a-4591-9d06-edfacad0389e,249ffac4-e452-4679-b850-34700a2fb0e7,,,,,2026-04-08 19:12:39,2026-04-08 19:12:39
abe7a316-879a-4709-8826-c13b4839b698,e75fe283-5177-4563-89b9-a10e6f9dd4e3,,,,,2026-04-08 19:12:39,2026-04-08 19:12:39
e32c4c88-8a4e-4bf1-ac8d-70ca4253875f,ef77c9ce-eafe-4b59-83ec-4b4b7a0f24bf,,,,,2026-04-08 19:12:39,2026-04-08 19:12:39
ec632190-2a9c-4691-8a00-6d6072876742,45e4f353-50b6-4173-ae88-85eab50b0631,,,,,2026-04-08 19:12:39,2026-04-08 19:12:39
e1a828c2-0af3-4740-893a-f570b38bc5d6,71d9f328-1702-4137-bab1-b433a492a397,,,,,2026-04-08 19:12:39,2026-04-08 19:12:39
4fad3a98-2fe3-4c9a-86a5-23160c06bc5e,4a7addb5-7977-4dad-a3ed-92e4c8eeef9a,,,,,2026-04-08 19:12:39,2026-04-08 19:12:39
f008d99e-b583-4bf4-a57e-33cb3c3534ae,ab3880d6-1df0-40f6-8692-b7939d80e4ff,,,,,2026-04-08 19:12:39,2026-04-08 19:12:39
a0b897d6-d5be-4611-9f92-6685ad7d10a2,34c48882-5b3e-49a2-aeac-a5596faa9c19,,,,,2026-04-08 19:12:39,2026-04-08 19:12:39
00141031-cb38-4dc2-9ec3-79dea192e931,07606452-4433-4923-b636-9e5cd40b7de1,,,,,2026-04-08 19:12:39,2026-04-08 19:12:39
4f455864-54fa-4703-a73f-3054544ab222,3b76cd73-3d8b-4a14-b539-ecfdc06ffb57,,,,,2026-04-08 19:12:39,2026-04-08 19:12:39
6769ab77-81a4-466e-87c6-c3301009125a,11eafc51-8472-4758-a56f-ccc1e41db5ff,,,,,2026-04-08 19:12:39,2026-04-08 19:12:39
343b1182-cf30-4218-9e8b-ffa9117c0668,3931f540-d4c6-455f-b377-2e966d2e9993,,,,,2026-04-08 19:12:39,2026-04-08 19:12:39
050bd960-1cf1-4c15-9247-5da3eac81dd9,a35bd4ab-3a8f-46b1-be4a-1ba699e05e67,,,,,2026-04-08 19:12:39,2026-04-08 19:12:39
6007d8b4-831a-45af-9606-830f31d58d08,a86312e5-88cd-41a0-9086-acd895ad9b2d,,,,,2026-04-08 19:12:39,2026-04-08 19:12:39
bab9b98c-0df2-495f-912c-5ca032cb2385,cf61aff1-c65d-41a7-9d5e-69ca574f697c,,,,,2026-04-08 19:12:39,2026-04-08 19:12:39
d80f07a9-d7be-4e8b-9dfd-fe461fa7517b,7259cde1-3778-442f-a7c9-765b4b8fa8c4,,,,,2026-04-08 19:12:39,2026-04-08 19:12:39
96528d18-05c2-45f1-9c89-5762ae6ead6c,dcbbaaf8-6cef-48cc-bfe9-a253a004c436,,,,,2026-04-08 19:12:39,2026-04-08 19:12:39
9739f975-be6d-426e-a4db-f947ad12aaa9,463ae953-7c0a-4803-bcd2-f4430483bb6b,,,,,2026-04-08 19:12:39,2026-04-08 19:12:39
08ca852e-7d65-49ec-979f-0aae22cc4278,c03a705a-035d-4c77-b40f-be223819793d,,,,,2026-04-08 19:12:39,2026-04-08 19:12:39
9c3cfa2b-d729-48fc-8926-92ef25e87643,402a2292-093a-4f1c-86b3-bc7f2d324883,,,,,2026-04-08 19:12:39,2026-04-08 19:12:39
42782aca-8de6-4c4f-a176-09c654e94fce,a0110ad0-5c90-43fb-b6b7-d4ee8cb693be,,,,,2026-04-08 19:12:39,2026-04-08 19:12:39
5d024620-04da-432b-b1e6-1ac6e510a6e8,ad20f59c-0352-44f6-ab87-7d80c556c51c,,,,,2026-04-08 19:12:39,2026-04-08 19:12:39
471f364a-7495-45b4-bf28-5fe872c9d982,681a8cfa-4c1a-49ec-bb30-14921a432df1,,,,,2026-04-08 19:12:39,2026-04-08 19:12:39
f6c52779-f289-4ce6-aaa8-d6f92ec1d2ed,3c73fdab-9275-4a49-baea-05ba0ce0cf7f,,,,,2026-04-08 19:12:39,2026-04-08 19:12:39
b1a4ae52-6970-496a-8d9e-7c56348f26d9,bca12a6b-47b3-4bfc-ae13-097fc9dcf143,,,,,2026-04-08 19:12:39,2026-04-08 19:12:39
6ac8e2f2-a292-455f-be80-d612264f6008,2a05a41c-4416-456f-a9f6-c94f3ac5253a,,,,,2026-04-08 19:12:39,2026-04-08 19:12:39
fa10f266-1dea-4c4b-ae0f-37132cbc7994,827cd566-9fd4-4265-bb11-e09e03977b51,,,,,2026-04-08 19:12:39,2026-04-08 19:12:39
d1f315fb-3dd3-45dc-8435-7f7df50b4545,9c4f605c-9437-4845-83d0-19fd75814897,,,,,2026-04-08 19:12:39,2026-04-08 19:12:39
996504f5-10c3-4d12-a14c-cc1da931dc93,2f4a2c93-8028-43da-84a1-c2e568af6041,,,,,2026-04-08 19:12:39,2026-04-08 19:12:39
8e77bc06-096b-4c0d-9249-af6c371788c6,0a7c6185-8191-4f5f-8aa5-5b675574df90,,,,,2026-04-08 19:12:39,2026-04-08 19:12:39
0ff92303-61d5-4f9e-bc75-1dcaa085e2c3,b490f502-1cd6-4b1e-b114-9a73412982ae,,,,,2026-04-08 19:12:39,2026-04-08 19:12:39
ca167d28-1628-40ea-a4ec-c2ae393fb806,9ea78094-31c2-4334-8c66-29687df50951,,,,,2026-04-08 19:12:39,2026-04-08 19:12:39
1c184b20-a241-4a1d-a630-3b6ff9b7b015,82fe6a24-acf8-4d38-9bcb-d88df758e7c0,,,,,2026-04-08 19:12:39,2026-04-08 19:12:39
dd210430-ef1c-4436-ab33-cb2ee0072ee8,c41848d2-dccc-4d67-904d-b5508a388758,,,,,2026-04-08 19:12:39,2026-04-08 19:12:39
002955b5-26a8-454d-a854-3a39df34baa9,fc3d97c2-1474-4c17-9b6d-e8a71c52715b,,,,,2026-04-08 19:12:39,2026-04-08 19:12:39
81311d86-d997-4519-bd7f-e8a176ccf531,d4531b51-87f4-4d4f-8392-3343a0b48db1,,,,,2026-04-08 19:12:39,2026-04-08 19:12:39
3b413b2d-bc9a-450c-9bc3-c5d95a9c032c,ae26143d-8810-459c-90c8-3f9f4c64f945,,,,,2026-04-08 19:12:39,2026-04-08 19:12:39
f67dfe91-5382-4231-8a00-630a84317e0d,46e62930-5c95-4853-9903-cce9ebe1b086,,,,,2026-04-08 19:12:39,2026-04-08 19:12:39
71bbd168-742e-43ca-80b2-2e9567d808ef,44657985-d233-4828-b347-bcbc81d62392,,,,,2026-04-08 19:12:39,2026-04-08 19:12:39
62145ef2-e064-4d5b-b94e-7c2e3a776e4c,7e0944cb-68b7-4cb3-9325-12c0470a05be,,,,,2026-04-08 19:12:39,2026-04-08 19:12:39
a8acadd8-8f5a-4a06-8075-9ea362e75ced,cf7a0d77-d1b4-48b3-9cb6-7e8d7a33ccf9,,,,,2026-04-08 19:12:39,2026-04-08 19:12:39
0e3a57ba-ce28-4c11-a9e0-20f83dad863d,12769daf-e295-4f17-af12-4c5f1bcc34a4,,,,,2026-04-08 19:12:39,2026-04-08 19:12:39
381373ad-3bbc-4aa6-9d29-826331b74214,a24db8b2-3197-4d8e-9a3e-88858a31b221,,,,,2026-04-08 19:12:39,2026-04-08 19:12:39
e913ada1-e0ae-4095-8079-640c5981e5f4,6995d391-ecc3-4863-8f4e-3021b83778a0,,,,,2026-04-08 19:12:39,2026-04-08 19:12:39
c57f9b87-7db0-4cda-ae8a-ddc7c4b25a4c,dc17cb49-7061-4259-9d26-79e841cf298f,,,,,2026-04-08 19:12:39,2026-04-08 19:12:39
907e60f0-fba7-41e3-85f4-e91c370c17c4,c08ff6d3-39e3-4146-b367-823ac380de1d,,,,,2026-04-08 19:12:39,2026-04-08 19:12:39
99475fcb-93eb-47d0-893a-c301c27d7417,aea32a29-bb76-4077-ad5b-9acd85fe3a88,,,,,2026-04-08 19:12:39,2026-04-08 19:12:39
66975785-59a6-48b9-ab7a-1fa4f3d40fee,45a8a2ad-2468-409d-b36a-7d70901facfe,,,,,2026-04-08 19:12:39,2026-04-08 19:12:39
676b708b-0ace-4a73-93a2-eb4ef8109efb,e6415fa6-ceb1-4fa8-b83f-457ece90f78c,,,,,2026-04-08 19:12:39,2026-04-08 19:12:39
ba8ea5f7-1b9b-4e56-a687-b00af3765f35,3c6573cd-4fd2-4e5f-8d10-9b7632e343ed,,,,,2026-04-08 19:12:39,2026-04-08 19:12:39
8f4d025f-014d-4eb3-92a3-8ad2227015aa,7fb85e07-8097-4872-b448-a058e234426f,,,,,2026-04-08 19:12:39,2026-04-08 19:12:39
30d6ca36-251b-4956-a09f-7a4c464855dc,420a3a46-bfd0-4994-a4fd-9d611283ede3,,,,,2026-04-08 19:12:39,2026-04-08 19:12:39
16cc57a5-f830-42d9-95f5-70677495fa3f,bf57cb9c-5284-4cf0-a08b-59bdd2ff93d2,,,,,2026-04-08 19:12:39,2026-04-08 19:12:39
d300e95b-e985-415d-9935-76392944e81b,180ebb72-d210-459e-adbb-c3e8d3f2b8aa,,,,,2026-04-08 19:12:39,2026-04-08 19:12:39
de9105fa-0357-49c0-9533-f8705312a152,2d2cf383-0e69-4ac7-a726-df6f0d9c464b,,,,,2026-04-08 19:12:39,2026-04-08 19:12:39
fadd89f4-6c8c-4533-8ea9-32611cdf71b7,d3349661-d13b-4a99-a9e3-71cba1c812a9,,,,,2026-04-08 19:12:39,2026-04-08 19:12:39
d68b8524-c07f-4fbc-a8b3-7738d32cdc1e,ddca0128-cd0d-4332-8788-1de38da33510,,,,,2026-04-08 19:12:39,2026-04-08 19:12:39
e7bfdc81-2aac-48e0-8b81-31927d0beda6,02a60b08-6ae0-4605-9a2d-22f812a4679e,,,,,2026-04-08 19:12:39,2026-04-08 19:12:39
05c8fcb7-2886-4dbe-82bb-c33c3a1ceae8,ce60854c-60a2-4ae8-8cc8-3e988cd8c2df,,,,,2026-04-08 19:12:39,2026-04-08 19:12:39
d9e010ef-3a54-4887-a7b9-4c91e250cea9,3aae618c-c41a-4731-99c3-c3b4998b5a1b,,,,,2026-04-08 19:12:39,2026-04-08 19:12:39
01d8e456-661c-47b2-8924-a04a98ba30fb,85426e64-56ce-491b-a6fd-741068326be4,,,,,2026-04-08 19:12:39,2026-04-08 19:12:39
abd7c027-d9e0-4a7f-9b9b-e296642810e9,eaeb80da-6f49-44d3-b2c4-e06dd167e7c8,,,,,2026-04-08 19:12:39,2026-04-08 19:12:39
c4ee4276-e17b-4b7c-b255-2f2718551088,93a76473-ecf0-4699-9a9d-985bd8457c21,,,,,2026-04-08 19:12:39,2026-04-08 19:12:39
cccc5504-625a-4fbf-a7de-119d02c42693,6aad3bad-d1dd-42dc-a500-4abfd92fda7f,,,,,2026-04-08 19:12:39,2026-04-08 19:12:39
a18c566f-76e7-45dd-baaf-234a9c179599,8da2878d-d832-471a-abe7-348845ebb003,,,,,2026-04-08 19:12:39,2026-04-08 19:12:39
30718720-045a-44a0-a9c2-ac3f058ee3d1,e5c67f39-7556-4d9e-a573-22d48e8391e7,,,,,2026-04-08 19:12:39,2026-04-08 19:12:39
0b0343f6-0177-4515-ab78-836c0e3ea891,59c00e5d-601f-4f76-9d42-bd6958ca34d7,,,,,2026-04-08 19:12:39,2026-04-08 19:12:39
a614a207-87ce-498b-94d2-2540c15e1b50,d49f705c-df87-4852-80b3-e78e1b1d2e01,,,,,2026-04-08 19:12:39,2026-04-08 19:12:39
394e5cc8-3ab2-4b05-b12c-b91b504e543d,0a456384-13fd-4cca-9798-20fb032eb87f,,,,,2026-04-08 19:12:39,2026-04-08 19:12:39
cf745be2-b1d0-43af-8d54-56ff65550eca,e20834c9-e741-419f-96cd-6ac80ffcc83a,,,,,2026-04-08 19:12:39,2026-04-08 19:12:39
0eec86a8-29e6-4f2f-968e-d09b458bf174,de07bbb2-42af-4110-951f-b4ac55f5ae5f,,,,,2026-04-08 19:12:39,2026-04-08 19:12:39
5cf419b0-351d-433e-ab15-a5377b8a6abd,57a22f6d-c6a6-4bcd-a6c1-308721c82f98,,,,,2026-04-08 19:12:39,2026-04-08 19:12:39
b63f1cab-06e1-41c5-8d7c-342f0e7f61dd,0378f21c-1c97-43b5-ad16-b62df158316d,,,,,2026-04-08 19:12:39,2026-04-08 19:12:39
56da43d2-773f-47a4-bc41-8a75d1e3e598,b807484b-a02f-43bf-aa91-b5af589b212b,,,,,2026-04-08 19:12:39,2026-04-08 19:12:39
197d4d34-0af2-408e-a36f-60e30607ca31,e7aeefcf-b980-4005-8e7f-2d250f192bb0,,,,,2026-04-08 19:12:39,2026-04-08 19:12:39
4102f5d8-11b6-482c-9c93-6ca664c50be1,ff185750-5c38-4ff9-a8bc-5301818b2998,,,,,2026-04-08 19:12:39,2026-04-08 19:12:39
9b229786-8229-43e7-a5de-f3a1ddc79376,f9755e48-a37b-48e7-8883-1530901c6a04,,,,,2026-04-08 19:12:39,2026-04-08 19:12:39
7109488a-e603-48c6-b0e4-8fc22e0a1d8d,48b855e5-a720-45f5-a28d-916f4546153a,,,,,2026-04-08 19:12:39,2026-04-08 19:12:39
fd1a046d-790b-4ad7-9486-98b0b61466e3,85e72f15-376e-4c87-9323-a426a37415c2,,,,,2026-04-08 19:12:39,2026-04-08 19:12:39
8a5ec3eb-fc88-49ae-90dc-57b8f405bdbf,2ff2a4e4-42d6-468c-bcb7-ad85b9fef196,,,,,2026-04-08 19:12:39,2026-04-08 19:12:39
a56fe9bc-6510-40f6-92d3-ed3547d53fcf,32967e49-ea36-4330-be71-c13b3a04f7b4,,,,,2026-04-08 19:12:39,2026-04-08 19:12:39
d43c94b8-ba2c-4211-a22d-552034554b37,7f400865-b848-474a-9125-f44cdb2e4c8d,,,,,2026-04-08 19:12:39,2026-04-08 19:12:39
b55bafc4-6f2c-43ff-9bd6-61ad12b0d212,edb9a3c6-8809-47ac-8878-ecaa4d18ee11,,,,,2026-04-08 19:12:39,2026-04-08 19:12:39
a6853072-51f8-4122-a66b-bd9167197d42,516d5682-4886-44b9-ba4f-090865d0c2ec,,,,,2026-04-08 19:12:39,2026-04-08 19:12:39
32dbc411-2c6f-4cd5-b746-9f493bcbfdb7,8afb65fb-723d-46e4-a473-fbc96d2e0ce4,,,,,2026-04-08 19:12:39,2026-04-08 19:12:39
9ea85f77-e60f-4539-9e78-d16823d3930c,b93b1c83-37a5-4c73-a858-9f07baf5b45c,,,,,2026-04-08 19:12:39,2026-04-08 19:12:39
3208462c-8158-4173-bf8f-74a0be9b57fa,6611cd70-02d8-474e-878e-d4041600d751,,,,,2026-04-08 19:12:39,2026-04-08 19:12:39
12ab1024-44ec-467d-90e0-2c492350c5c9,90d91bdd-79c4-4ea3-a405-c3ffc3022483,,,,,2026-04-08 19:12:39,2026-04-08 19:12:39
f0a6bb4f-ed0e-4dbc-8d66-f73a56b6568c,310bccc0-5fb9-4201-980f-8b86e3080cdf,,,,,2026-04-08 19:12:39,2026-04-08 19:12:39
b4238c09-40c2-4ca0-b7e6-dd0ea8b8cfe8,8191b650-cc7a-4f71-ae23-d6a5c0c98f17,,,,,2026-04-08 19:12:39,2026-04-08 19:12:39
7bfb8ea4-5190-4f73-901b-09c9f18fb795,5a9e321a-7dd8-4269-b420-6a038a9a9f01,,,,,2026-04-08 19:12:39,2026-04-08 19:12:39
c6941d61-6257-4750-8713-31f1855ce988,e71b1cca-2eb9-446d-b6ab-4fa2b8f859b9,,,,,2026-04-08 19:12:39,2026-04-08 19:12:39
c8a092fa-50f9-4460-8f8b-3d96ca91b088,afbeb041-f341-4681-ae78-b66086c5c4a1,,,,,2026-04-08 19:12:39,2026-04-08 19:12:39
a87ee0c0-6cf1-4419-8ed5-33ec68081fad,c03be570-2a6b-434e-953b-febf86ff9595,,,,,2026-04-08 19:12:39,2026-04-08 19:12:39
b199ebb9-089f-4446-8454-d439e3bbae7b,10ab899b-eb21-46af-b676-537c2f624d1b,,,,,2026-04-08 19:12:39,2026-04-08 19:12:39
604c814e-949a-48c2-a882-79be5f2bbc06,340e5952-38cb-495a-8feb-a2afc79aecd6,,,,,2026-04-08 19:12:39,2026-04-08 19:12:39
316ca2b6-a7ff-4f6c-b338-77e6fdea9f4b,3198b4d7-f72a-47d1-801b-dd2f92629705,,,,,2026-04-08 19:12:39,2026-04-08 19:12:39
4bad3e2a-f9c2-48d9-8ac4-e32290042199,e1bc1eb4-41bb-47fc-8fda-a25b51f3501e,,,,,2026-04-08 19:12:39,2026-04-08 19:12:39
1ae480a7-568f-4202-b03d-75b424ef3fd6,b7b029d8-b555-4726-8953-a0ad422871fb,,,,,2026-04-08 19:12:39,2026-04-08 19:12:39
015fa1bb-734e-47da-91d4-7399cb276261,b66e92d7-65cb-4795-baa8-3c889cdaa688,,,,,2026-04-08 19:12:39,2026-04-08 19:12:39
94383efd-89d4-4b78-8ca9-e5f4e65194a1,0c4d7978-5e80-43fc-af78-c95ccd4db1ca,,,,,2026-04-08 19:12:39,2026-04-08 19:12:39
f6f459ff-280a-4a72-a5e0-8a50e773ce76,6b34fe74-dd14-4bd0-a204-ff457a1c9dff,,,,,2026-04-08 19:12:39,2026-04-08 19:12:39
eac8a40e-d184-49aa-9499-4e3304aeafca,83bb192d-616b-403b-bc6c-8a288177e51a,,,,,2026-04-08 19:12:39,2026-04-08 19:12:39
16c142d4-ac6e-4334-92e2-82192d6b8615,57301679-b8ca-4b40-b1e7-19b2ad58e86d,,,,,2026-04-08 19:12:39,2026-04-08 19:12:39
cd9eaa69-4938-49bc-a1a5-11c425406fd8,50ce8d4c-69bf-4da8-b1f5-37581773f541,,,,,2026-04-08 19:12:39,2026-04-08 19:12:39
d854a418-2454-4988-bc6b-df37c04caba8,68fffadb-c144-4da7-b2f5-5e5705e8a736,,,,,2026-04-08 19:12:39,2026-04-08 19:12:39
72ff2ffa-0f64-4315-abcc-bba1b53d79fb,8fb9f63a-6d0c-4bfa-8044-5056fad83bef,,,,,2026-04-08 19:12:39,2026-04-08 19:12:39
d8a2df31-0f6f-4658-8787-56d03d97b441,8a818cfb-aedd-4c92-b96c-2dee6139dc7d,,,,,2026-04-08 19:12:39,2026-04-08 19:12:39
b8e7aed1-0ed6-4ecc-8f3a-01e39055bde6,ded2cb3a-9f18-4102-bff0-d3872f5de5f5,,,,,2026-04-08 19:12:39,2026-04-08 19:12:39
be8620ac-7c17-4d0f-9d4c-85eae18e1db7,731b407c-3cfe-44c3-a63e-002ead4ecd18,,,,,2026-04-08 19:12:39,2026-04-08 19:12:39
0d7d3475-581a-4db0-83e6-3303aec1805b,e34c45d5-9602-47d1-a2d3-bcf7b6c86019,,,,,2026-04-08 19:12:39,2026-04-08 19:12:39
8af0f39e-011f-4060-b23c-c92d7134abbc,0a8bf278-9103-4330-8293-877e82fc176f,,,,,2026-04-08 19:12:39,2026-04-08 19:12:39
7a6f338e-3b3e-468d-b81e-74bec582abf3,9864c045-7b29-4e45-9969-c6818e40384a,,,,,2026-04-08 19:12:39,2026-04-08 19:12:39
1c114af8-9a35-4e1a-ac33-7c64222f6dd9,b8ff148a-6d6e-43c9-8285-8285f7c806a2,,,,,2026-04-08 19:12:39,2026-04-08 19:12:39
fd6780ee-051e-46e7-acb4-af87679efe52,434a501e-e78b-48f1-829c-fc47eecf8a47,,,,,2026-04-08 19:12:39,2026-04-08 19:12:39
d83b7edd-9c1a-49b1-9b98-6f9b34ef44fa,6b8a898d-8b0a-4976-8573-80ec147600e9,,,,,2026-04-08 19:12:39,2026-04-08 19:12:39
31b74aa3-133d-489b-89ad-2810c0c873fd,221a1912-c124-4805-b007-9dc0a229bb71,,,,,2026-04-08 19:12:39,2026-04-08 19:12:39
35ad3546-3d3e-4a2c-92d6-e0bede212562,c907ac8e-b198-41e0-8c4a-1c973dcdc6d2,,,,,2026-04-08 19:12:39,2026-04-08 19:12:39
d0d918c8-0532-41ba-99bf-267244866367,170bdc18-09db-4852-bd4e-70efc54bf9c9,,,,,2026-04-08 19:12:39,2026-04-08 19:12:39
46ca6526-98c6-410e-b756-513d0f7a0a8b,4aac140d-d1e6-4803-9077-6ca81e8bc5b0,,,,,2026-04-08 19:12:39,2026-04-08 19:12:39
baf2ecf2-c82a-4467-83ea-1450a1475ae6,3f16105d-4043-4379-95fe-ee86e88bc3a6,,,,,2026-04-08 19:12:39,2026-04-08 19:12:39
4e5fc37b-df7f-4ce0-bafe-b044322433fe,2a259fbe-693d-4f73-906c-43f3fbb4ba75,,,,,2026-04-08 19:12:39,2026-04-08 19:12:39
493df116-8224-4ae0-86e4-c295d8fc39da,4952b811-04be-4765-8b35-6a41e6d5c682,,,,,2026-04-08 19:12:39,2026-04-08 19:12:39
185124ba-e181-4b30-86f6-328a0c5e18f8,7dac77dd-aec7-4dea-9eee-f6cf4d67d3e3,,,,,2026-04-08 19:12:39,2026-04-08 19:12:39
23cd6fe1-b9bb-4413-82f9-b66c5537302e,b81515a7-2ce4-49d0-83e2-69737a92dabe,,,,,2026-04-08 19:12:39,2026-04-08 19:12:39
15b68353-1bf6-4847-9d32-35331e1202df,137c38ca-a226-4fa8-8c0c-08e3b018a736,,,,,2026-04-08 19:12:39,2026-04-08 19:12:39
12905ce0-7315-48a6-9a4d-5d12167d3b6d,bb54cfd0-6c5a-45d1-b56a-7559e23878a5,,,,,2026-04-08 19:12:39,2026-04-08 19:12:39
2ddebe21-68f3-4d2a-8d71-2eeeaf41f0b1,e4de6201-4144-4067-bd19-d926915c08d7,,,,,2026-04-08 19:12:39,2026-04-08 19:12:39
d773cbeb-ac82-4c37-a0b9-607071936c85,d68af2bd-c63c-4502-aefc-80058beafa9e,,,,,2026-04-08 19:12:39,2026-04-08 19:12:39
79e19a51-2ddf-41b6-ae71-475dd5880452,7e8ee441-69d0-45af-a65a-d3bd9273e22d,,,,,2026-04-08 19:12:39,2026-04-08 19:12:39
771b00b0-4047-494e-b5be-d779de70c1a4,f614f690-4f8c-4386-beca-52ade7d0b047,,,,,2026-04-08 19:12:39,2026-04-08 19:12:39
d30b918e-ffdf-41f0-8537-d9b4b98a73fd,ab820b6a-1cc6-4760-9a3d-36917d4012fa,,,,,2026-04-08 19:12:39,2026-04-08 19:12:39
28fee0be-992f-4b52-8672-bcafbe8aa55b,5aa69bf2-d6cd-4518-a0ce-d3c1834825cc,,,,,2026-04-08 19:12:39,2026-04-08 19:12:39
60d4a627-ea55-4982-b3cf-06b996b2746d,2991c5f6-f474-4fbe-b3e9-2bccfa7527c3,,,,,2026-04-08 19:12:39,2026-04-08 19:12:39
ef31cb27-d758-4417-8d66-3cd461e28685,11e33255-5e28-42ce-9ac7-da91eb2c9a2c,,,,,2026-04-08 19:12:39,2026-04-08 19:12:39
89fb5122-997b-4db3-8592-97a2a23121b4,69d3937f-a68c-4d96-9540-b9619e632ef9,,,,,2026-04-08 19:12:39,2026-04-08 19:12:39
3924f010-ff3b-4b90-86fe-4b8ff72180ae,45818ba0-6b85-4515-b1e0-39d895c29c52,,,,,2026-04-08 19:12:39,2026-04-08 19:12:39
989fb604-d0a5-4412-8a32-5ee30559e99e,6c2a3ad2-a7b4-4c88-8fdd-dea147cb325d,,,,,2026-04-08 19:12:39,2026-04-08 19:12:39
2d9064ff-b7c8-43f8-af4b-68dd2d130380,760181b5-e9ec-4052-8af9-2349a8cd3508,,,,,2026-04-08 19:12:39,2026-04-08 19:12:39
1284e3c7-136e-4d24-a666-e8f2d71751bd,b896e385-cc29-4816-ace2-2f9e1a86f72e,,,,,2026-04-08 19:12:39,2026-04-08 19:12:39
4dbc0559-a115-496d-883a-8753120afa7b,9e5a3db0-5494-4d44-8004-df7da99a126b,,,,,2026-04-08 19:12:39,2026-04-08 19:12:39
7c351893-785b-4d93-92b4-38628ff9c0f2,cbeacc69-4ee4-46d2-8266-b590e488a2f4,,,,,2026-04-08 19:12:39,2026-04-08 19:12:39
2a1271e4-139b-48b7-a3f2-d33d3232dfba,194b3ced-6ec0-4cad-b0c2-b0cfa5cf6a35,,,,,2026-04-08 19:12:39,2026-04-08 19:12:39
d2137d8f-a1a5-42e5-b59b-9cb8ce5273d9,32b9bd0a-ff5a-49a0-8310-9519590a27ab,,,,,2026-04-08 19:12:39,2026-04-08 19:12:39
5b9f3381-8435-4204-8abf-b3f1e9e07db0,1e0a6632-d200-4de5-9b7b-59e814a41265,,,,,2026-04-08 19:12:39,2026-04-08 19:12:39
e9522c13-c6f1-43e7-b500-f564fa2b2c83,306c8472-0862-47ee-b2c9-f3774f8fbb06,,,,,2026-04-08 19:12:39,2026-04-08 19:12:39
f7ee315f-4fed-4dbc-a0b4-c9f57d9c47c2,51d87a50-924f-4509-9584-6e379968ebd6,,,,,2026-04-08 19:12:39,2026-04-08 19:12:39
6a7db634-4290-49ec-84e4-949110cb10ea,86f4fdac-9b46-4c56-a89d-7c78892bcd8d,,,,,2026-04-08 19:12:39,2026-04-08 19:12:39
37fd9d7c-614a-45bf-9494-2dafc0ce0c0d,72135422-e990-45a3-8a49-0fac35ff1a28,,,,,2026-04-08 19:12:39,2026-04-08 19:12:39
0bfdb583-9b02-43cd-80c4-1069e9af4597,046a66ab-ba50-4f51-be64-96806f54cc64,,,,,2026-04-08 19:12:39,2026-04-08 19:12:39
82691823-1b81-437a-a113-3ab63f6e813c,17e51f9a-75a4-40b4-a728-b9060afdd354,,,,,2026-04-08 19:12:39,2026-04-08 19:12:39
bbec3ff9-3878-4d78-b009-25ac8f24e639,4517b1e4-8d24-40c0-a3b7-8597ea0d252f,,,,,2026-04-08 19:12:39,2026-04-08 19:12:39
49e6ee39-e114-41c7-a088-016247b8daa5,1cd9ce2e-2372-45eb-a4ba-d436c1631f1b,,,,,2026-04-08 19:12:39,2026-04-08 19:12:39
9233fac2-6bf4-4acc-a59c-53e77d09f521,70ce4875-f712-4831-ae17-9a69cc78c14e,,,,,2026-04-08 19:12:39,2026-04-08 19:12:39
ab0b5f0a-fe97-48df-b9d0-e3911e69d760,93c41510-9412-4045-95a7-d75fffd4838d,,,,,2026-04-08 19:12:39,2026-04-08 19:12:39
406743ff-b507-4a14-8b46-c81652d3d216,e0a08cb2-4293-4893-8226-52061624a165,,,,,2026-04-08 19:12:39,2026-04-08 19:12:39
5601df9b-ea2c-4d94-916d-ad38439e27ec,82e7875d-11f2-4aa1-9fae-ec0698672254,,,,,2026-04-08 19:12:39,2026-04-08 19:12:39
01a8bead-eecd-4d7b-a0a4-9afa0a35dfca,4f278ed6-879a-4a21-b9d6-644141725fed,,,,,2026-04-08 19:12:39,2026-04-08 19:12:39
8de7d61d-580f-410b-94b9-91451104e657,3b7ac4a4-c1d7-465a-9a6f-90ca374e6c78,,,,,2026-04-08 19:12:39,2026-04-08 19:12:39
354a2590-7763-41b2-ae0b-0b9b6ac6973b,363a7990-10f2-412d-9248-696caed0b26b,,,,,2026-04-08 19:12:39,2026-04-08 19:12:39
840a7098-f512-4c26-8d40-5922f46d3802,f6c7c6cb-3c41-4e39-9c73-810869d865b0,,,,,2026-04-08 19:12:39,2026-04-08 19:12:39
db8fdf08-8182-47a4-b0fc-c2e8e5c6e01f,666bff0f-590b-472e-bf53-4083cf4ecf87,,,,,2026-04-08 19:12:39,2026-04-08 19:12:39
b7b01711-f525-4077-9482-d6a975f2676b,ff23195c-8892-4f46-8bdd-e486bfff44d8,,,,,2026-04-08 19:12:39,2026-04-08 19:12:39
5b6908b5-2a0f-43b8-b981-c6f638630929,d700241a-110e-46e7-8e94-c911a0f390d0,,,,,2026-04-08 19:12:39,2026-04-08 19:12:39
a73ca060-92fd-46d9-92d0-8bc5b6cd6a60,253ebbc3-e9cd-4eea-ae34-5bff8664bdba,,,,,2026-04-08 19:12:39,2026-04-08 19:12:39
502b4340-afd0-4d0d-9243-6d987730da36,532283fb-8dcf-4669-af3a-08fedb48d97a,,,,,2026-04-08 19:12:39,2026-04-08 19:12:39
e2a07658-7d2c-41cc-a3d3-d8f8752da376,46b47999-8892-436a-ba7d-836d4b1d2a65,,,,,2026-04-08 19:12:39,2026-04-08 19:12:39
a6dbf13b-e77d-4cd7-b15c-5547a8f1035c,05162bae-1ed7-4f52-bcfb-d23ff865984d,,,,,2026-04-08 19:12:39,2026-04-08 19:12:39
8fa48e6d-542f-4889-9242-0ef6a83f4838,521b4bab-cdd2-4f68-a7b6-bfcf0b77f93c,,,,,2026-04-08 19:12:39,2026-04-08 19:12:39
c7427ea5-04db-498b-8055-3e5e89d6cc8d,3f9016b1-3fb5-416d-aa5c-17d815b05ccc,,,,,2026-04-08 19:12:39,2026-04-08 19:12:39
86849610-9845-486b-a49d-bd63ce04e19a,db5d198c-55e3-4de6-9330-d63063b737ce,,,,,2026-04-08 19:12:39,2026-04-08 19:12:39
0b6280e8-052c-4dc0-a163-d838bdbc7b12,39e6dba7-33ae-446c-bce5-d56c741a644c,,,,,2026-04-08 19:12:39,2026-04-08 19:12:39
b45b745c-9d34-4611-a8c4-9dbeee78cf98,115b5702-6036-46a8-99e3-1737c480e826,,,,,2026-04-08 19:12:39,2026-04-08 19:12:39
0af7cd77-f30c-417c-ab49-d83896766bd9,5a0fc421-9c8e-4c36-9a25-2263e2cd8a70,,,,,2026-04-08 19:12:39,2026-04-08 19:12:39
d9150306-3b1c-4563-b1f5-a3535a904451,af6cd677-a7ac-4d37-96b7-826828162f0a,,,,,2026-04-08 19:12:39,2026-04-08 19:12:39
a942658f-0d61-467c-8428-4b0bb76e9487,8085a97f-136f-461d-8b00-4930751c8438,,,,,2026-04-08 19:12:39,2026-04-08 19:12:39
c0f199df-b848-4120-9173-4b5c301f5ecc,dff44139-a2f6-4f01-9972-efcc3f4953a2,,,,,2026-04-08 19:12:39,2026-04-08 19:12:39
2fdd4f17-d8fd-432a-9b86-c7cd86e23ff1,54061748-f9b2-4868-986f-028c7a12c47d,,,,,2026-04-08 19:12:39,2026-04-08 19:12:39
2895cada-64e9-4a2c-801b-468d6f38ab92,f7108edd-2246-478e-a305-83838055aa0a,,,,,2026-04-08 19:12:39,2026-04-08 19:12:39
7975f065-9c32-40e2-97c1-b39578f74469,0979da3a-0aa4-4ce6-bb94-9b6f94290e5e,,,,,2026-04-08 19:12:39,2026-04-08 19:12:39
b6a50b16-2b21-404e-96af-7dfca3122b22,28796ba6-95cf-41d8-8ec2-5fcf40a91c4e,,,,,2026-04-08 19:12:39,2026-04-08 19:12:39
faba0c9e-72c4-4261-8a58-a12b400c1135,e0b3eb60-b34e-459b-9fae-d8630edccce8,,,,,2026-04-08 19:12:39,2026-04-08 19:12:39
a02d4191-ce1d-4fd1-9446-e74e5524b30d,7228105e-54cb-4648-95d3-79f73816d40c,,,,,2026-04-08 19:12:39,2026-04-08 19:12:39
35ceedf5-da90-4465-99b1-3a448778db59,fe0071d2-51dc-4607-8373-eeb6f68ce331,,,,,2026-04-08 19:12:39,2026-04-08 19:12:39
5b2d390e-32aa-4d1f-bad5-a9de9a63c992,ab11fb35-6e8b-48ba-bf68-dc23b8752241,,,,,2026-04-08 19:12:39,2026-04-08 19:12:39
ab034bff-f3e0-471b-87a0-854a23691a9b,4ef7dc56-bd65-41ef-9715-aedb5dd27219,,,,,2026-04-08 19:12:39,2026-04-08 19:12:39
5ec3eb60-3304-4ca2-b261-8f48abad0163,b7a6bdfc-65d5-445d-9913-0f83957f07d4,,,,,2026-04-08 19:12:39,2026-04-08 19:12:39
b229916c-e3f4-44f1-95d1-c9b761fd6931,a7564972-ba87-4877-9d41-acb9fefbf59f,,,,,2026-04-08 19:12:39,2026-04-08 19:12:39
f0a0e77f-2d3e-4b9a-a1b3-c2e41cc9cc8a,ea981fdf-df69-44f2-af94-bb35a9e2cb33,,,,,2026-04-08 19:12:39,2026-04-08 19:12:39
859f381f-3a07-4ee0-9741-777f42fb1d57,bbe64b17-8009-4b07-892f-2af3e28aad47,,,,,2026-04-08 19:12:39,2026-04-08 19:12:39
5670665e-aeb9-4278-9e44-e4863ea58b3f,978351eb-89a2-4dfc-ad74-bd1699ec46b7,,,,,2026-04-08 19:12:39,2026-04-08 19:12:39
a9a2485a-9ac8-412b-bac3-210e4c2d453c,b20186a5-4fef-440f-bdda-660c53e16f98,,,,,2026-04-08 19:12:39,2026-04-08 19:12:39
7df51f36-f06f-4834-a5b5-dcf311d5611b,8466be1a-e05a-4c1e-96f7-450c9001c887,,,,,2026-04-08 19:12:39,2026-04-08 19:12:39
815c8d19-9ee6-4d78-984d-494488b9be79,a3ef0e9b-6339-44d6-b6c7-a3222094ced0,,,,,2026-04-08 19:12:39,2026-04-08 19:12:39
42a80b62-0d72-4c91-98c2-fb734c94863b,5e04cec3-5a19-4ddb-af8e-a90c246aaf27,,,,,2026-04-08 19:12:39,2026-04-08 19:12:39
6196e316-fc13-4988-93fd-882daedc072d,9bb9cce1-d65e-4bd7-bce2-b1b21bb51b0f,,,,,2026-04-08 19:12:39,2026-04-08 19:12:39
c52adea0-07e9-4b5c-a46a-c0da88094f6c,4ba91102-d423-45df-b13c-fd4df7c33829,,,,,2026-04-08 19:12:39,2026-04-08 19:12:39
335d4c5b-a411-4298-b30a-5c5aa772fee6,60f44cc4-08c5-4cbe-aa90-22cfb4585fa3,,,,,2026-04-08 19:12:39,2026-04-08 19:12:39
06aba87a-a2c0-4cbc-8c5f-2b4ff5336073,d20d8d09-a8b1-4d6f-8276-e6dccc6f4021,,,,,2026-04-08 19:12:39,2026-04-08 19:12:39
72c75d18-a29b-4eff-9cba-5bc04208eccf,0f7b1dfb-6465-41c9-b4ce-658e128d0be9,,,,,2026-04-08 19:12:39,2026-04-08 19:12:39
5c02ae6c-894b-465e-ba9e-9a2dcf18b5a7,2ce9a821-2d18-48a7-ad48-1fba7446679d,,,,,2026-04-08 19:12:39,2026-04-08 19:12:39
5f77a1f8-0bee-4f25-bc59-af1aeac4e6b8,0735dcf7-560e-4e4c-be0b-99260c6b837d,,,,,2026-04-08 19:12:39,2026-04-08 19:12:39
52cb6380-9d32-4013-b0b7-74f54ce28f96,5429b3df-c460-40b1-8e80-3f1bea1c4027,,,,,2026-04-08 19:12:39,2026-04-08 19:12:39
df85b675-7d4f-49c3-b035-0ae73dc05758,8209c7db-865c-4547-a936-649b5e83dc74,,,,,2026-04-08 19:12:39,2026-04-08 19:12:39
28f6b19c-7703-4c1c-8af4-a9b5fd7aaa3b,2ff3fd75-7495-4ceb-8d6b-28714be2fff1,,,,,2026-04-08 19:12:39,2026-04-08 19:12:39
61f29ed0-d3bb-4022-9b4b-2ad2bf655654,03e02fb4-1324-4763-a897-e2bf20edce2c,,,,,2026-04-08 19:12:39,2026-04-08 19:12:39
51b12ff5-675d-48fb-b41c-22f6dc90cb2e,85bf50d5-dc03-4987-95df-50fb792fee54,,,,,2026-04-08 19:12:39,2026-04-08 19:12:39
9373fd93-df2d-4336-b404-21a7d991044b,8eb5ced2-32bd-4428-bff4-29ab24d95ad2,,,,,2026-04-08 19:12:39,2026-04-08 19:12:39
3e1c05e7-38fa-4164-a659-182209282bcf,ce2a68f4-57b1-4ff4-b31c-05938d8f01a3,,,,,2026-04-08 19:12:39,2026-04-08 19:12:39
434a6b48-8ffe-423f-b01a-79c39a596f97,d4adabd2-b442-4ebd-abc5-4b10a1388102,,,,,2026-04-08 19:12:39,2026-04-08 19:12:39
ffe5a6d6-eb26-407a-b300-8590e86457ac,d9deab20-efd6-48be-a4ce-708e5e1766ad,,,,,2026-04-08 19:12:39,2026-04-08 19:12:39
ec8b01a5-3294-45e5-ba6c-20fda650a177,b466d81d-d2b0-4677-85cb-eb41d868a83e,,,,,2026-04-08 19:12:39,2026-04-08 19:12:39
63c192bc-d3bb-4f81-a9fe-cc0c6d266d14,60cb572b-5a35-4ad3-b0ad-5b5c4f51db07,,,,,2026-04-08 19:12:39,2026-04-08 19:12:39
d0f9ab15-0ef5-4a1d-88d6-681c1574abef,6570f205-769a-42a4-9405-c152f91daa21,,,,,2026-04-08 19:12:39,2026-04-08 19:12:39
a170310c-f647-4cb8-87ce-9231fcbc66b5,43d91885-2c72-4a14-a254-d9bd2a1c3ed8,,,,,2026-04-08 19:12:39,2026-04-08 19:12:39
0d83c6a6-5668-4c10-bd97-d5cb07bfc0d4,079cf232-9439-4e89-b7ee-041c8baeadb3,,,,,2026-04-08 19:12:39,2026-04-08 19:12:39
adae3264-ab81-4dc6-a25b-b7bd304c81d4,b78080f7-dde9-4574-b648-1a609e970d95,,,,,2026-04-08 19:12:39,2026-04-08 19:12:39
81914ff0-4700-4316-bc28-4d066c247682,87701d6c-5411-4c7e-99e9-11db4365994f,,,,,2026-04-08 19:12:39,2026-04-08 19:12:39
06e3f5d7-5d50-4f10-bcea-8ddd098d2e4f,0e26981a-16a1-4b60-ae67-9543698094e4,,,,,2026-04-08 19:12:39,2026-04-08 19:12:39
b9c70015-a108-4e02-91b8-b79a106ab974,9a6c34b5-618e-4b98-bc73-9876d2715e20,,,,,2026-04-08 19:12:39,2026-04-08 19:12:39
17df3b54-f4a4-4e7b-86f4-d9224075ce73,acdb02c5-26e7-44cf-903f-41a01657ddc8,,,,,2026-04-08 19:12:39,2026-04-08 19:12:39
0ba5a6df-7e2f-44cf-b46c-8d138e517308,7c35b13e-30a4-4bbe-95c2-5e29f9d43007,,,,,2026-04-08 19:12:39,2026-04-08 19:12:39
2ca267bc-e3a3-4983-9e3f-9f3dd54546ab,b2b26974-08ba-4f2e-a8db-cbc8ad427b56,,,,,2026-04-08 19:12:39,2026-04-08 19:12:39
8e314b02-5694-4d70-87f5-4dcf3e7c4fb7,d0185006-308f-4230-b277-5163994b21b9,,,,,2026-04-08 19:12:39,2026-04-08 19:12:39
b0785e2b-3ed8-444a-9a01-d9c40c4e2c64,f3d056fe-3dcf-4900-8b0d-e1e48e511006,,,,,2026-04-08 19:12:39,2026-04-08 19:12:39
98ab65ac-8c7d-4609-bcf1-e7dd8a81aa09,50fec8b8-de5a-4200-9a92-1504d8666ff7,,,,,2026-04-08 19:12:39,2026-04-08 19:12:39
06f76ced-2eee-4c38-b6e8-319756283500,0b57e0d9-9c0f-4a4b-9bbe-a7dd9061169e,,,,,2026-04-08 19:12:39,2026-04-08 19:12:39
c817749b-b743-4ebe-b379-ee44e16c2d4c,67cc4f72-864a-4546-bca0-26c059d599e2,,,,,2026-04-08 19:12:39,2026-04-08 19:12:39
ff38e3a1-df68-4650-8f59-d74827e3f425,827f5666-6390-4a13-a7a7-10a7a9e9bf45,,,,,2026-04-08 19:12:39,2026-04-08 19:12:39
fe73c02f-0de8-4ee3-a2b3-6dd5e9bf8fc1,7c655177-15a8-4253-82e2-dc63adbdeafc,,,,,2026-04-08 19:12:39,2026-04-08 19:12:39
6ba36d76-93a3-48bc-b549-cafee8acb639,2b57b0a1-697a-47ea-89f2-c5c2c85bb857,,,,,2026-04-08 19:12:39,2026-04-08 19:12:39
57cddb0f-cbdf-42fc-aab2-d1e2a923ab76,5c49a719-f799-497f-8dd9-090efd13293a,,,,,2026-04-08 19:12:39,2026-04-08 19:12:39
fe0e1a07-7cc6-40a7-b34f-ba1ec712294e,a0818c59-871e-452d-803d-c9db419d787a,,,,,2026-04-08 19:12:39,2026-04-08 19:12:39
646d28da-15c1-4364-be68-c5f68cb5ec19,c1c344a2-4a6f-4a70-b8e8-e625c9804290,,,,,2026-04-08 19:12:39,2026-04-08 19:12:39
fd14d625-c00e-4ae4-b5bc-2b190f9e0b20,1af1894d-ea36-40ac-ba09-4c1413d512ee,,,,,2026-04-08 19:12:39,2026-04-08 19:12:39
b05d8cdc-9794-4b5f-bd4b-9741a45aa3d1,ccd436a0-361d-4b4e-aada-60509a1ba37e,,,,,2026-04-08 19:12:39,2026-04-08 19:12:39
7342da87-a248-4536-be89-d8c244ed5e4e,0e0db7b8-cf82-464b-b17d-38486fffeb9f,,,,,2026-04-08 19:12:39,2026-04-08 19:12:39
5bf44319-3b5c-478c-ae16-f3b06e477271,6e5d76be-5e43-4f9e-90f6-1d0e9e1378d2,,,,,2026-04-08 19:12:39,2026-04-08 19:12:39
e5d63765-351c-46f7-b3f1-e421716fd383,6bdb5682-1e3c-4a08-8231-e274d8c1a09a,,,,,2026-04-08 19:12:39,2026-04-08 19:12:39
86bd1f99-9097-480d-893e-bb8d28f3bd39,7c2f27ec-99a4-485a-be91-4c21eb6b3c9f,,,,,2026-04-08 19:12:39,2026-04-08 19:12:39
3886597f-4d81-4377-b7eb-73a1b2e55c5c,4ba5d991-c496-4148-b2f0-132a388b73a2,,,,,2026-04-08 19:12:39,2026-04-08 19:12:39
dc6a273a-1c5f-40f6-ba80-eaeccbf946d4,224b6540-8354-4b66-85b0-a0962e37552a,,,,,2026-04-08 19:12:39,2026-04-08 19:12:39
840bd45e-12a3-47cf-bbb8-a8373059de47,3ebbb001-6012-491b-a5ed-70d70630f6b0,,,,,2026-04-08 19:12:39,2026-04-08 19:12:39
35cf1746-c00d-46e6-b78d-6a5f8b6953fe,b02a946b-b745-4f35-96a1-74024cf4517e,,,,,2026-04-08 19:12:39,2026-04-08 19:12:39
bdf5cd82-fb8d-4894-b51c-c66868f4cf88,e0d3eb63-7c6f-40a8-a12f-63bb5760e275,,,,,2026-04-08 19:12:39,2026-04-08 19:12:39
68e6b116-3d85-4fc2-a49f-d4d8678df296,33b7f7ef-89fb-49c9-8ff4-a32feace1091,,,,,2026-04-08 19:12:39,2026-04-08 19:12:39
51461279-d816-4954-87a5-009acbf70e27,a80682e6-d08c-48cf-b7b2-82be44078f87,,,,,2026-04-08 19:12:39,2026-04-08 19:12:39
7ed95bd3-bed1-48b3-af9b-7f85c931b3cb,ead88274-6424-46d8-a89a-aa00b8584f6f,,,,,2026-04-08 19:12:39,2026-04-08 19:12:39
0e85f4fd-e6b1-4d6d-ac7a-14be4c60fb37,824f7e72-9f24-4eed-aa45-d656d5f02746,,,,,2026-04-08 19:12:39,2026-04-08 19:12:39
bb4150c4-2330-4a9d-a067-96f339c40e5a,68a19a1e-e65f-4fa7-9ac1-9bb9a66d845b,,,,,2026-04-08 19:12:39,2026-04-08 19:12:39
eb8e00c0-5109-48e5-964b-495eb3e45da0,c9461fb7-ac64-4a22-8de8-3d141b74537a,,,,,2026-04-08 19:12:39,2026-04-08 19:12:39
6ffceb39-20f6-4fd8-91ba-26a2a9bc5c01,c6a79817-386d-4eee-a084-9d61a183331d,,,,,2026-04-08 19:12:39,2026-04-08 19:12:39
320eed26-526a-441e-a821-9dbaeb58280a,c9da01b3-437a-47b5-92c9-f648bb2cdaff,,,,,2026-04-08 19:12:39,2026-04-08 19:12:39
9130a52a-ee40-4de3-b8d6-dd19291ede74,77caeba5-0140-4eee-b942-1154c669b302,,,,,2026-04-08 19:12:39,2026-04-08 19:12:39
cbebc7e2-3e65-4ef4-a90a-1d46f12c55f0,9963891b-7e13-48da-9138-7cf5370d3d11,,,,,2026-04-08 19:12:39,2026-04-08 19:12:39
a421e5ea-2745-4594-8468-8227513fc9ec,9f18037c-2aa3-424f-b862-9e79a0136409,,,,,2026-04-08 19:12:39,2026-04-08 19:12:39
1c95aac7-0741-45cd-8c7c-6225a56481e1,1deba592-75e5-4411-a7a3-5df7de05beff,,,,,2026-04-08 19:12:39,2026-04-08 19:12:39
7fb07232-8f20-4eca-afe9-9c745e79a9de,3738b8e5-0327-4e08-970a-a8ebb13d0b95,,,,,2026-04-08 19:12:39,2026-04-08 19:12:39
9703fe7f-8ded-4417-8df3-96acd68d4297,43d5b306-789c-4b36-9145-61725240276d,,,,,2026-04-08 19:12:39,2026-04-08 19:12:39
bac322df-01ed-432d-ac0f-50ce0747deb7,bf8ba409-81bb-45f3-8252-c04a9a69845e,,,,,2026-04-08 19:12:39,2026-04-08 19:12:39
a95a5e38-610b-4400-90b2-ea550a012372,843f3313-41e9-4ec0-903d-82839b73f768,,,,,2026-04-08 19:12:39,2026-04-08 19:12:39
6bfcb240-3377-40c7-b67b-06b986827492,ca0c790e-ae8e-488d-8cc1-a88cd7c2ddb8,,,,,2026-04-08 19:12:39,2026-04-08 19:12:39
53cd3ea6-ff45-4522-86b1-6cc55117e4b8,eee8ad08-d821-4ac9-aa6a-0ba08e1a3331,,,,,2026-04-08 19:12:39,2026-04-08 19:12:39
cdd1d8b1-27a2-475e-a6ea-b49fae394f53,4f7ccb80-7613-4b64-adba-acf8694b4d5a,,,,,2026-04-08 19:12:39,2026-04-08 19:12:39
220f1b93-2b9c-486b-b7b9-1b21c57f1f20,779036c2-a48e-4430-b23a-0667e3a7ffd4,,,,,2026-04-08 19:12:39,2026-04-08 19:12:39
d61d5cf1-c059-44a7-9ec8-d36b744af4f4,7bf6ec9d-ce35-43c5-8ffa-8b38ed1410d7,,,,,2026-04-08 19:12:39,2026-04-08 19:12:39
93c992a5-2313-4200-ab09-e19874ca1fca,1e0bdbb7-2ca9-43e5-9e42-e8d77ea6057b,,,,,2026-04-08 19:12:39,2026-04-08 19:12:39
8d869e06-498a-4f8c-bc7e-49032b7dbdb8,c7172c79-f07c-41f1-86c1-9256446edeaf,,,,,2026-04-08 19:12:39,2026-04-08 19:12:39
ae9bc27e-1a63-40a5-8a23-785f731c8548,a66e1e0b-cac4-4ead-aefa-026905f18a8d,,,,,2026-04-08 19:12:39,2026-04-08 19:12:39
570364d2-bceb-4993-a2cd-72600a4a7818,d280fb07-6309-4d6e-8a25-4f433c657c0d,,,,,2026-04-08 19:12:39,2026-04-08 19:12:39
3e30d100-6582-4e0a-b99b-0b0f6f430c7b,54e14ae3-231e-4473-84cd-055c480829e3,,,,,2026-04-08 19:12:39,2026-04-08 19:12:39
678d880b-20d8-48ad-b86d-2f9817714d2b,f291d674-8696-4984-94cc-2d8b20fd4fea,,,,,2026-04-08 19:12:39,2026-04-08 19:12:39
aeda4018-27a3-4fcb-92b1-bab74768ed3b,32f85360-10ad-4389-94c4-b2585c6c8cea,,,,,2026-04-08 19:12:39,2026-04-08 19:12:39
95b4be28-0de0-4daa-87af-c937ccbcaad2,7adfbdbc-7665-453f-94e2-c62b73c18cf1,,,,,2026-04-08 19:12:39,2026-04-08 19:12:39
c3e945f7-afcc-4c8b-a4fb-e142b0d69459,9a5dc1b7-5cc4-49ee-bf19-aeda9bab2ae9,,,,,2026-04-08 19:12:39,2026-04-08 19:12:39
946ed674-ed35-4a4e-b6e5-4c686563c7a2,9a03d1d5-de16-4f14-98a9-2d05a0e153aa,,,,,2026-04-08 19:12:39,2026-04-08 19:12:39
32fdb1dc-abcf-49bf-966c-977bb4301d4f,99b6bb30-cd16-4faa-80b3-df2f4fc9b363,,,,,2026-04-08 19:12:39,2026-04-08 19:12:39
ffaeb59c-c2e4-444d-b52c-742a7f1425d9,3539cf99-9046-4f19-a0e0-bc47ca9c03d9,,,,,2026-04-08 19:12:39,2026-04-08 19:12:39
8dabd3f5-c293-4c0d-9488-78ef9ac649fc,24bd542b-ec90-491e-bb51-a44914bb4b3e,,,,,2026-04-08 19:12:39,2026-04-08 19:12:39
535d8816-e885-4d23-94a0-cbe1cd237c25,2d8691e7-0edc-43eb-9983-73ad09c1afc3,,,,,2026-04-08 19:12:39,2026-04-08 19:12:39
4cd503c9-3bb3-4904-a8a4-94998adb84c9,3591da6f-7c53-454b-b7fa-07f3c9ac2d05,,,,,2026-04-08 19:12:39,2026-04-08 19:12:39
f1f809a7-1024-40bb-ac89-c1a6661858a8,bcc586e2-34a2-4e5e-9f74-d40560632f55,,,,,2026-04-08 19:12:39,2026-04-08 19:12:39
e812f58a-b416-4464-8a22-dd92cb6cc9c3,2349df98-d721-406c-b93c-f0adfc79b0a4,,,,,2026-04-08 19:12:39,2026-04-08 19:12:39
220ffe2b-04a8-4450-a13d-1eaa49e5ecfb,83ebf55f-996f-44de-bef7-5b72815675a0,,,,,2026-04-08 19:12:39,2026-04-08 19:12:39
a044934a-f25a-470b-97a4-3eba06833add,0edb2d29-3692-478b-a111-6c5bb222d2fa,,,,,2026-04-08 19:12:39,2026-04-08 19:12:39
79f56ec0-4fa0-4d5f-a78f-6355876aedea,5622c818-c25c-474a-a68c-afd069ebd2e6,,,,,2026-04-08 19:12:39,2026-04-08 19:12:39
4aa5a789-28d6-40b0-b00a-b7ff561f6869,f7dffa56-a84a-4920-81bd-21e9172cf89d,,,,,2026-04-08 19:12:39,2026-04-08 19:12:39
74aec0cb-0392-48cb-8401-bee39d757c46,2d582261-0355-447e-8327-50aaf584dded,,,,,2026-04-08 19:12:39,2026-04-08 19:12:39
1896d62d-50c1-42d2-880b-3054beb1b2b6,a7c79923-4ad4-4a62-9ea4-6969760a3937,,,,,2026-04-08 19:12:39,2026-04-08 19:12:39
9ea95440-2145-4dad-b307-71b1a3a1456c,60cee225-80bc-476a-9199-2717f362c3c7,,,,,2026-04-08 19:12:39,2026-04-08 19:12:39
cb33e829-b218-490a-9297-7babbc2bd093,cf7c4c0b-ee87-4101-aea6-2bef09a1c3b0,,,,,2026-04-08 19:12:39,2026-04-08 19:12:39
b028f4f1-56a2-48db-927f-d32052453a6c,7fafafd9-1f00-4da8-8b47-8eba02f32b44,,,,,2026-04-08 19:12:39,2026-04-08 19:12:39
5350848c-38b5-4c33-a35b-89d669480333,8af2a221-7511-4215-bb5b-04728be3be51,,,,,2026-04-08 19:12:39,2026-04-08 19:12:39
08b869df-dce9-481b-b93b-bb4c1f3f2cbd,fcfe5396-2d0e-479e-b493-a2f0a33e0247,,,,,2026-04-08 19:12:39,2026-04-08 19:12:39
ff2ed9a5-1384-43d6-9628-f779787205b7,de0c7987-a5f1-4174-9cd4-7ceeafeb1489,,,,,2026-04-08 19:12:39,2026-04-08 19:12:39
a8bcf05b-b15f-4ac3-901a-68278c781aa0,921b4ea2-6d8b-411f-a585-c33ad621a339,,,,,2026-04-08 19:12:39,2026-04-08 19:12:39
79bb5a2d-74de-484f-a017-61c8982233fa,abcf3077-e95b-4c99-a66e-274cd479f409,,,,,2026-04-08 19:12:39,2026-04-08 19:12:39
4b1333e6-683a-465e-bda3-a2f7d95e660d,676542ca-ef0f-4f78-96d9-5b374e6aceec,,,,,2026-04-08 19:12:39,2026-04-08 19:12:39
a51e13ee-fc33-4336-a160-3fcc4840554d,7b2a4825-f584-44ee-a508-79e7b5abca5c,,,,,2026-04-08 19:12:39,2026-04-08 19:12:39
5feaa843-8f74-413b-b44c-8f179ca2c978,95aee600-0241-4108-acfb-bb4c8e7eaba6,,,,,2026-04-08 19:12:39,2026-04-08 19:12:39
ae30543c-5395-48b9-a774-5d59bf9827bb,394e0365-8448-451c-b6ab-745e676f6fac,,,,,2026-04-08 19:12:39,2026-04-08 19:12:39
55850650-2ed1-4599-a384-342ab99eff41,b0e973ca-f196-4128-9325-c25d152c7637,,,,,2026-04-08 19:12:39,2026-04-08 19:12:39
3e0ec788-210e-48c7-b94d-e32541a84537,ee25041e-9e48-4336-9e01-674bda8a31a7,,,,,2026-04-08 19:12:39,2026-04-08 19:12:39
baae96e8-c8bc-4901-a304-0334452e43b8,2145428c-aeeb-4a85-9811-f410442816e8,,,,,2026-04-08 19:12:39,2026-04-08 19:12:39
34fbb345-12dc-4dc0-9b12-90366d328172,7bac3e25-40d9-41b6-91bf-ea65abc9717e,,,,,2026-04-08 19:12:39,2026-04-08 19:12:39
6ac5872f-1946-444e-bcc9-44811f271b73,b567b9d0-4d97-411c-8545-d582874065bd,,,,,2026-04-08 19:12:39,2026-04-08 19:12:39
8b06c885-f9b8-4533-a20e-b0589c1ffaa2,814a612a-6158-4fae-be89-222018f0e090,,,,,2026-04-08 19:12:39,2026-04-08 19:12:39
37c00c28-a303-47fa-b460-ed55813f5c43,caad0948-0e6d-4407-9dc6-dea7c0457a4c,,,,,2026-04-08 19:12:39,2026-04-08 19:12:39
91671f23-1bed-4bc5-9177-0fe7160d8558,d02b084a-6a52-49fe-8d64-4def09ed7472,,,,,2026-04-08 19:12:39,2026-04-08 19:12:39
359c876f-2876-4424-ab45-0be73b855903,782e3994-d28a-4704-83ed-9c8f95f61ea5,,,,,2026-04-08 19:12:39,2026-04-08 19:12:39
3a4aef57-c738-432d-bb84-7b970b24bbb3,65ff230f-e589-43c2-8c64-ed8a1d638ee4,,,,,2026-04-08 19:12:39,2026-04-08 19:12:39
bfe000b9-9be8-4eb9-a974-f821a2cba461,d3142241-3944-4f0b-b190-e9a51a42a785,,,,,2026-04-08 19:12:39,2026-04-08 19:12:39
3d0ad8d1-cc3b-4b66-8bb5-ba6ac7e6de15,4053ff81-ad00-4cdb-824b-b8e44abfd1fc,,,,,2026-04-08 19:12:39,2026-04-08 19:12:39
3f14043d-7da6-42da-afd1-73c9ac0c8ce6,90271c05-0d22-4ce8-a24c-38192b8f698f,,,,,2026-04-08 19:12:39,2026-04-08 19:12:39
1d02af0d-5eff-49d7-8929-176ec28ce628,58054735-cd16-4c32-9322-2c1a53d85a84,,,,,2026-04-08 19:12:39,2026-04-08 19:12:39
fb4e6a32-d9f9-49ff-819f-c4fc2b22e8e1,050e8d07-cb8d-49ee-8029-ba69b5828858,,,,,2026-04-08 19:12:39,2026-04-08 19:12:39
29c53a76-92f1-4ec2-b03f-a027c661c9f3,b34f96af-904c-41f6-ad36-d04357339430,,,,,2026-04-08 19:12:39,2026-04-08 19:12:39
c7782c6c-1ef7-4f1e-bb0d-9d3475425205,129eec35-610a-46e9-a246-344a796947eb,,,,,2026-04-08 19:12:39,2026-04-08 19:12:39
591752f0-d616-4f96-8e90-342cbc41aa52,364a9c37-3765-4e39-a5e9-8203c2d1c0f5,,,,,2026-04-08 19:12:39,2026-04-08 19:12:39
2006ed0c-89e3-4718-9b59-a77a204c720e,a111f3fd-8e32-4124-99a1-4f9fe5237c34,,,,,2026-04-08 19:12:39,2026-04-08 19:12:39
69ca0705-a7b9-4471-9491-63b2a90777ca,86acb9b3-81c1-4e0c-9115-d284045254ba,,,,,2026-04-08 19:12:39,2026-04-08 19:12:39
588cef06-bd49-4754-9ca4-bc1574ede684,24a8a9a5-f3fb-42f3-80c4-1b6e0f427ea8,,,,,2026-04-08 19:12:39,2026-04-08 19:12:39
d2d780d6-b233-4d97-8a8f-f334132425c7,0844fed1-bb49-4aca-8a29-afde6919cef0,,,,,2026-04-08 19:12:39,2026-04-08 19:12:39
9d6ef6ae-f79c-4c6e-a171-6b8862f8dd4e,e3323346-4803-4340-b9ad-78152847e630,,,,,2026-04-08 19:12:39,2026-04-08 19:12:39
68bc22f5-e883-4f84-9514-05b682c76eb4,749ecfda-4849-457b-b481-728774130ba6,,,,,2026-04-08 19:12:39,2026-04-08 19:12:39
87aab2be-9815-45f8-8dd3-e080dcbae888,cae0145c-b5db-4934-afaa-05bf72f35b60,,,,,2026-04-08 19:12:39,2026-04-08 19:12:39
d98aaf13-92eb-4b8f-bae1-fe19fd1d3691,f154ff1d-e9ed-4cb5-9a5a-46ba4bc4ed43,,,,,2026-04-08 19:12:39,2026-04-08 19:12:39
6a2ee6d0-045e-4df1-83cf-30eca56776b4,1fe643d6-d66c-44d8-ac9c-004ae9247b6e,,,,,2026-04-08 19:12:39,2026-04-08 19:12:39
226f51fa-ac7b-4873-8113-8dd3296f2e7d,160c394d-06de-4481-b49c-60fccfe7f650,,,,,2026-04-08 19:12:39,2026-04-08 19:12:39
70f75646-8900-4777-b4f0-d2dab2797ad6,85185d3f-69c8-4b7a-99ab-4fab240aee7b,,,,,2026-04-08 19:12:39,2026-04-08 19:12:39
4a49cf53-4cda-48dc-ae8d-599eb081bd87,50980caa-03d2-456a-a2d4-9d2b8bf65a62,,,,,2026-04-08 19:12:39,2026-04-08 19:12:39
269df4f9-c4b3-4375-a19b-bd38738b725d,2b32ed25-3109-4c79-bf34-f221a9eac582,,,,,2026-04-08 19:12:39,2026-04-08 19:12:39
148c7de7-656d-40c4-9dbe-eb840f7e9cb1,5fad3028-2310-453b-8c19-ce6775f23c05,,,,,2026-04-08 19:12:39,2026-04-08 19:12:39
eaa5c23e-dfd3-46e4-8b97-251386f40b42,951cc471-6d88-4b6c-8a93-2fe7846b70f0,,,,,2026-04-08 19:12:39,2026-04-08 19:12:39
d48d39ca-7dde-49c9-af7e-8796623dd476,dd3d703a-3b2c-4d57-b348-e895b21752e9,,,,,2026-04-08 19:12:39,2026-04-08 19:12:39
8bb74dd7-ccfb-41b4-a893-ac964ef13bf4,f3a93951-5c80-47e3-8e2f-8b00092c30af,,,,,2026-04-08 19:12:39,2026-04-08 19:12:39
66aa7181-218f-435a-a21b-1fad160dbb39,90ea8618-ceab-4793-8dd1-462eb52ade0c,,,,,2026-04-08 19:12:39,2026-04-08 19:12:39
f0b2368e-da34-49e2-a160-147012d3eaa0,e17a240d-eec1-42b0-97aa-2694be25627d,,,,,2026-04-08 19:12:39,2026-04-08 19:12:39
46df86c9-1d1d-4554-9070-6557baa87c6c,981f77a7-4c84-4f67-9f30-688bc67fd2ba,,,,,2026-04-08 19:12:39,2026-04-08 19:12:39
11bb3ecc-c8f5-4336-b70f-afad50bd4578,054262c1-4e0e-4d26-875c-29a5d07bf244,,,,,2026-04-08 19:12:39,2026-04-08 19:12:39
28509ab3-83ce-402d-87a5-94aaddf1266e,c29a1e91-ae02-47c0-bbab-0f739d9a1eab,,,,,2026-04-08 19:12:39,2026-04-08 19:12:39
34ec0596-fa59-4bc4-9327-49e14f050358,4561c522-6ec1-4785-84ea-e3ce31f99a6b,,,,,2026-04-08 19:12:39,2026-04-08 19:12:39
2328acbc-67bd-4b37-998e-9f2d8069c9a3,a4042fdf-704c-4dc5-bd9a-d951024c2dc8,,,,,2026-04-08 19:12:39,2026-04-08 19:12:39
5788aea1-cac9-4ed7-96f5-b4e91ee56201,3e01a677-1167-44c8-85aa-29c0fd73ac43,,,,,2026-04-08 19:12:39,2026-04-08 19:12:39
7c72c812-e5c5-4013-8010-331896b4f651,9a6ffe7c-daab-4e5b-9549-e8d71e5c6fc0,,,,,2026-04-08 19:12:39,2026-04-08 19:12:39
bba81e09-0ebf-4c2d-9866-397023c19376,f178233d-3364-416b-bb7c-941ed4a24276,,,,,2026-04-08 19:12:39,2026-04-08 19:12:39
54b3d470-dd41-4d10-a560-833099da4e22,bd280c25-17d8-4d0b-92f5-fb6485534aa5,,,,,2026-04-08 19:12:39,2026-04-08 19:12:39
9133180b-f76a-4320-a798-9330cb81a0bd,6c8ab1a6-d595-40c3-b18d-c7db01a70a3d,,,,,2026-04-08 19:12:39,2026-04-08 19:12:39
244582d7-cce2-408b-9992-74d24a6cf410,f725610b-45c3-478a-94f3-48e366acaadb,,,,,2026-04-08 19:12:39,2026-04-08 19:12:39
7ea091e5-249b-45d9-afab-4ba9d6d386b9,56d7d4cb-50b0-4cb5-b53f-3436eae5aefd,,,,,2026-04-08 19:12:39,2026-04-08 19:12:39
65c7c98c-4c85-4d21-83cc-994d3810c190,d6b4b438-18db-42bc-a7e3-8cf2dba5eb88,,,,,2026-04-08 19:12:39,2026-04-08 19:12:39
a4040b89-f3b0-4231-95d6-0df7d6e41879,38c234fc-7b6e-44ff-befa-495ada6db4bf,,,,,2026-04-08 19:12:39,2026-04-08 19:12:39
4fd2d571-8c2d-47d6-858d-e1c8c5b080aa,7cc73890-b426-4c12-86f9-1d5316168d5a,,,,,2026-04-08 19:12:39,2026-04-08 19:12:39
9bcab33b-2735-491a-ab0d-fc856ce4d8a4,0ff63814-dac0-4bb7-bc8b-9e04ed8ade12,,,,,2026-04-08 19:12:39,2026-04-08 19:12:39
4ff05355-62a5-4235-b4fa-279901502de4,432cd287-63bc-4d74-abaa-a9ba0ca95d70,,,,,2026-04-08 19:12:39,2026-04-08 19:12:39
d61b99c1-ca47-46b8-a003-b0f8e8ca71b0,8e644323-0356-4db4-b87b-060ee75d58e7,,,,,2026-04-08 19:12:39,2026-04-08 19:12:39
00e59224-30a6-4426-b755-06fc2dc59817,64b235e9-9faf-4f82-a321-c7608f654447,,,,,2026-04-08 19:12:39,2026-04-08 19:12:39
745df7ef-9adb-41fa-8fce-3441b98f12b1,dedb296a-f064-4418-aa37-0893c5ba1b00,,,,,2026-04-08 19:12:39,2026-04-08 19:12:39
ab9fa8ba-c30a-4437-b857-fa0204f6de8d,10f49ef7-a567-4bbf-9a02-c9275afc01eb,,,,,2026-04-08 19:12:39,2026-04-08 19:12:39
42c1b622-ebbc-4347-beec-562fc0badfb2,a1493b5e-0543-4452-9067-7c5f7b754c44,,,,,2026-04-08 19:12:39,2026-04-08 19:12:39
9c7a3e17-3fe5-4a5c-9fe3-748f8462f1da,6a9c0ba7-43e9-431e-9938-0a621b01313d,,,,,2026-04-08 19:12:39,2026-04-08 19:12:39
6231fc58-8e12-4ed5-9b2d-37816000f334,59dc22f8-6053-4e48-8d1a-27fcf91afdae,,,,,2026-04-08 19:12:39,2026-04-08 19:12:39
00dd67be-a98f-4cbc-afb7-0651c77780aa,fe93d460-6134-4985-ac4d-9665ca06fb10,,,,,2026-04-08 19:12:39,2026-04-08 19:12:39
28c562ff-92aa-4600-aa17-422463c1156b,2c5e32be-f9f9-4329-b3c2-a3b09eebe2b8,,,,,2026-04-08 19:12:39,2026-04-08 19:12:39
5895fc58-d0f0-4481-bf93-8f34dcf6d09a,e7d18d1f-fe73-4333-842c-7baf64fa8627,,,,,2026-04-08 19:12:39,2026-04-08 19:12:39
3a0c2171-34d0-4b21-9a85-669699c3993f,347c9cd3-9b11-49be-93f8-098d0e2f2a53,,,,,2026-04-08 19:12:39,2026-04-08 19:12:39
3602e5f7-d134-4269-9a23-12812dd457e3,461c9191-2310-4c0d-96ca-7f8e10a1aa7e,,,,,2026-04-08 19:12:39,2026-04-08 19:12:39
3630eb74-2372-4d04-9f51-c8bac8d9250c,2061b839-e810-4ecc-9b15-86a97286d7a2,,,,,2026-04-08 19:12:39,2026-04-08 19:12:39
38161ff7-dba1-408d-93b2-8f4109d67183,08ba0ca2-781f-4c42-8aa1-64396ada6fca,,,,,2026-04-08 19:12:39,2026-04-08 19:12:39
9c3373ec-2ac6-47a1-8bd6-475b6a5032ef,6b95311a-4ff4-490c-b9d5-16744bb967dc,,,,,2026-04-08 19:12:39,2026-04-08 19:12:39
4406c62c-7dfc-41cc-9ef7-ba278955841b,e1ed6ecc-1aba-40fc-a2df-86facd23e5e6,,,,,2026-04-08 19:12:39,2026-04-08 19:12:39
568fc9ea-5f3c-40f2-b659-60490237b972,2638b80b-5734-464a-bafe-fe2bfd2bd365,,,,,2026-04-08 19:12:39,2026-04-08 19:12:39
991b9e03-f5b8-4fad-95e7-a0ad6290335f,a658677b-1db9-4aa6-8436-7f0b14d30e61,,,,,2026-04-08 19:12:39,2026-04-08 19:12:39
c98570b4-9320-4edb-a51b-83dff567825a,6e0255bf-313e-4d55-a8f1-4d3bef72e9cb,,,,,2026-04-08 19:12:39,2026-04-08 19:12:39
00e53268-9fa2-420a-b4cb-04f7aa19f0f4,1d34102a-aab4-4a45-b78a-7d4225ae27be,,,,,2026-04-08 19:12:39,2026-04-08 19:12:39
8dd8df7d-a213-4fa8-b2c5-75d3eeccb694,bea46b79-4244-4576-85e4-528ac556136b,,,,,2026-04-08 19:12:39,2026-04-08 19:12:39
098f50a2-541a-4521-9371-4d3c4381ba6f,8d7cffb9-1d5d-471e-9af9-e3f0a99bb369,,,,,2026-04-08 19:12:39,2026-04-08 19:12:39
540619a7-618c-48b2-a02e-8ecd8fec7a4c,72ee4dd0-0ecf-483c-9a06-78f73c613de2,,,,,2026-04-08 19:12:39,2026-04-08 19:12:39
ddcd826c-3b48-4fd8-8ff5-4035507348f8,26b22c13-1e0a-4ba6-9be2-e66f13efa503,,,,,2026-04-08 19:12:39,2026-04-08 19:12:39
f1879c29-d9ed-426c-863f-09506b900d7b,f668fec4-839b-427e-b59d-33d21fba5dc6,,,,,2026-04-08 19:12:39,2026-04-08 19:12:39
8f15deb6-44ef-4ae6-bdbf-944e71dafe63,a0ba16d3-d191-47b4-a6c8-fe2d38623b8c,,,,,2026-04-08 19:12:39,2026-04-08 19:12:39
3eb6b4e7-c7f1-420e-9245-5fafc0178c4b,e6c8cc8a-a1a3-494f-ad5e-58bbbcc820b2,,,,,2026-04-08 19:12:39,2026-04-08 19:12:39
deebfbdf-66c4-415a-9259-e7d6728dd64d,e4087fad-a30f-4b77-b103-34fad162a057,,,,,2026-04-08 19:12:39,2026-04-08 19:12:39
fb4806fa-d6a9-43d5-ab8a-bde44ff31f71,045fc82d-9a9a-4c27-8d45-0ca81f079da5,,,,,2026-04-08 19:12:39,2026-04-08 19:12:39
7b9d5506-174f-42f3-9c21-1b500df1eee3,d4a98fa0-392a-4d1a-a604-8d6b7192d0fc,,,,,2026-04-08 19:12:39,2026-04-08 19:12:39
b6ad2eb3-6adc-46f4-b94e-8a4f2b616db6,7458e7b0-d0ef-4b53-a5e4-86841a6f2cb8,,,,,2026-04-08 19:12:39,2026-04-08 19:12:39
2ee39de9-4bff-469e-8286-8076cc19b0fe,f820283f-e6d8-4a5a-a986-8137c8b312c6,,,,,2026-04-08 19:12:39,2026-04-08 19:12:39
f020c826-df54-4d95-80aa-1c55bae856e2,d1064201-71bd-4e54-8900-e6cf6f3dd68b,,,,,2026-04-08 19:12:39,2026-04-08 19:12:39
f5ba08ce-fb12-4136-8e9f-594fb5471d1e,7eb7d756-6cb1-477f-8fc8-49359f771bd3,,,,,2026-04-08 19:12:39,2026-04-08 19:12:39
43853051-8344-4e45-9b7e-11d619f44547,e46f16cd-b422-4b25-ac13-3b1cb3a29296,,,,,2026-04-08 19:12:39,2026-04-08 19:12:39
4a74bf78-7da6-4ed9-96de-d38381dc942a,16f64bb0-ea2d-4edc-a301-70f1bc51f9ed,,,,,2026-04-08 19:12:39,2026-04-08 19:12:39
4543abe5-d537-4c7a-a1ad-cb1ddcbb0ba5,a0922ba5-811a-4855-a870-b6bab5684f21,,,,,2026-04-08 19:12:39,2026-04-08 19:12:39
011f7895-1904-4b07-bfb1-6bc836f93758,e6d04fb6-613a-49c5-b20b-ede8c3baee19,,,,,2026-04-08 19:12:39,2026-04-08 19:12:39
762cdc17-e76c-42ee-a92c-010c8402cfd3,72eda969-4808-4bb9-9ccb-785c512eee76,,,,,2026-04-08 19:12:39,2026-04-08 19:12:39
259a2d57-8870-4778-af9d-1179d07decaf,b06bd829-35a8-4121-b74b-170a39864283,,,,,2026-04-08 19:12:39,2026-04-08 19:12:39
6ddf8b8e-b022-43f0-83ea-e9e8c05371ff,d6173ec1-3dcf-4962-a6e0-2c6c79370ed5,,,,,2026-04-08 19:12:39,2026-04-08 19:12:39
65037f81-ebfd-4167-94be-6fb4b881ba55,6e4f3c73-100c-49f2-9ef4-8858818369e7,,,,,2026-04-08 19:12:39,2026-04-08 19:12:39
b2c5e8e7-f30c-4b96-9b83-9e877b247132,3f2ff01b-88cd-4e37-9bd0-e7900b29b5c8,,,,,2026-04-08 19:12:39,2026-04-08 19:12:39
9d699d3a-a119-451c-9fa2-f2e3901f44a9,2d022420-9eb4-423c-a6c4-df5355bb43e4,,,,,2026-04-08 19:12:39,2026-04-08 19:12:39
5af32fe6-fb27-4757-9b82-d48b00156149,2cc76e7e-b669-45e4-966b-fdedcc772ed8,,,,,2026-04-08 19:12:39,2026-04-08 19:12:39
80832dfd-014c-4ca1-bd1f-83c7f9ac8bf1,9742f0bd-b0d5-4e91-ad1b-8522deda6a59,,,,,2026-04-08 19:12:39,2026-04-08 19:12:39
e3809920-d0a7-4e6b-9b23-efb4d1a83c48,17ac703a-d391-41fb-a5d2-8666fcb2ec5e,,,,,2026-04-08 19:12:39,2026-04-08 19:12:39
344e5e9a-5d72-4816-806d-fb409e6b5c28,60960714-3df7-4f6e-98e6-3055c41b5634,,,,,2026-04-08 19:12:39,2026-04-08 19:12:39
776e5314-9757-44ac-80c5-eb2ac409e2f8,b926cd1b-f306-40f3-a71c-92ea1f06e2b8,,,,,2026-04-08 19:12:39,2026-04-08 19:12:39
629a21a3-d76f-444d-8194-c2df9bdec878,7eeb92a1-3692-48ea-bf58-340be1553c51,,,,,2026-04-08 19:12:39,2026-04-08 19:12:39
ff280b2b-1805-4bc4-8035-0b90a0ce49ee,94e65573-1d37-4660-9e0d-1ea45c5f5c34,,,,,2026-04-08 19:12:39,2026-04-08 19:12:39
d717bb3b-68fa-4b10-889c-782354d88fc4,ffa32c4f-d2e7-4b1f-81a0-f71bcb86dc13,,,,,2026-04-08 19:12:39,2026-04-08 19:12:39
6709b1e9-79a4-481b-bd56-fd5383b39ca0,cebdacba-a001-455e-9cf3-c3db13b973f2,,,,,2026-04-08 19:12:39,2026-04-08 19:12:39
14ab929f-f84f-49a8-9771-8ff936bd1d09,bc8f7b64-0b52-47f2-ae70-e9500d56cb14,,,,,2026-04-08 19:12:39,2026-04-08 19:12:39
71247e8d-e34b-47c0-8521-de7f1335251c,4e7d7c98-27ca-4843-a64a-7552343b1082,,,,,2026-04-08 19:12:39,2026-04-08 19:12:39
57553331-e440-41cd-98c7-dd334b68c926,6ba3ac88-a86e-4c68-9f77-fe851c74a98b,,,,,2026-04-08 19:12:39,2026-04-08 19:12:39
604f6bf1-2278-40b6-a929-2800ef314e69,1b7d54c3-76b9-4693-a87a-fb1a93b4c19b,,,,,2026-04-08 19:12:39,2026-04-08 19:12:39
3852f1ba-9237-4b6f-a238-ee0ddce10fba,55e89094-73b0-434a-a046-5ed6ec5b1e52,,,,,2026-04-08 19:12:39,2026-04-08 19:12:39
65f9138e-9968-4bf6-9623-b32fb0dfaf67,eca665f2-eeed-4848-aed0-15dc5893d228,,,,,2026-04-08 19:12:39,2026-04-08 19:12:39
465ec7a8-0acf-46f2-8de5-551f3a799c74,a4f4f6bf-37e4-4a9f-b398-cd279ca3eb20,,,,,2026-04-08 19:12:39,2026-04-08 19:12:39
8847169a-1600-4205-a652-303780e9a738,e6c1734f-0826-4a99-bd22-bdae98dd5721,,,,,2026-04-08 19:12:39,2026-04-08 19:12:39
4939b6cc-c3c7-4ad8-9441-7a443de02afc,fdb3eb13-4c01-4e83-b659-d8901fb4de44,,,,,2026-04-08 19:12:39,2026-04-08 19:12:39
1ea9303a-7f33-4fbb-82a8-249737b02848,73228236-aaf9-4143-91e0-15f22840f626,,,,,2026-04-08 19:12:39,2026-04-08 19:12:39
545d5d51-40e8-4501-aa8c-d03748f9baab,b1bb8354-7ce1-430d-9cff-7740280bb255,,,,,2026-04-08 19:12:39,2026-04-08 19:12:39
550cbe9b-bec0-4fc4-bfb0-3b9d2da64c85,fcac8467-32d5-49e2-a8eb-c118a3c47f1d,,,,,2026-04-08 19:12:39,2026-04-08 19:12:39
a19cf2cd-c6a4-4a15-b301-6cf39ee0b3e9,bf7a3031-c070-4537-97b1-83adb7c3f505,,,,,2026-04-08 19:12:39,2026-04-08 19:12:39
2a8f5c96-ff61-4e5e-adcd-c1630b07fc04,3892f768-bcff-4b6b-bf0f-3bfeb2aeb499,,,,,2026-04-08 19:12:39,2026-04-08 19:12:39
42561060-239c-47b6-a5b6-87204b7cd812,bd165746-2a70-4c31-993b-63ac8927f4f6,,,,,2026-04-08 19:12:39,2026-04-08 19:12:39
3c5895af-149e-4fae-9a39-64c514ed7660,500d8df9-2fdd-46ef-a75d-a8264eeecfd9,,,,,2026-04-08 19:12:39,2026-04-08 19:12:39
a33d4ffe-aaa3-42e0-a907-208bfef34b1f,e839ecd7-d52a-470b-baea-fedbc7e71438,,,,,2026-04-08 19:12:39,2026-04-08 19:12:39
78de5133-6ecf-4f21-8ae5-043b98daadec,45837384-1b00-461d-a7ed-b2b0b7781841,,,,,2026-04-08 19:12:39,2026-04-08 19:12:39
8fa03923-ff51-4d72-a661-f9687a5b3903,2dcd2e69-70ad-457c-be3d-820eb2bc1c0c,,,,,2026-04-08 19:12:39,2026-04-08 19:12:39
2bb03bb3-64f3-4c34-809e-a7e74a908c0e,bd3636b6-8560-4572-8921-adddb68bff2a,,,,,2026-04-08 19:12:39,2026-04-08 19:12:39
b41f3bc1-384b-49cd-aaf1-118405ea94c1,886fe24d-396c-4a99-8f81-1900b9efe2d8,,,,,2026-04-08 19:12:39,2026-04-08 19:12:39
0981dbb4-9afe-40f3-963e-f5f0b58a223d,f0c09f55-f5ac-46c5-ba87-c2c231baf367,,,,,2026-04-08 19:12:39,2026-04-08 19:12:39
49053e20-52e0-4ce6-b2c9-2605ddfd2ee8,e883cda9-c882-4e7e-852d-fba25e12764c,,,,,2026-04-08 19:12:39,2026-04-08 19:12:39
82f2534e-3f45-4649-8cf6-75555a250f12,1aecef0c-0b8b-46e2-a157-eccece743a5f,,,,,2026-04-08 19:12:39,2026-04-08 19:12:39
434e2a05-1ea3-4f2f-9ba7-1a16d72d3200,35e5e296-0392-4bc2-aca2-47a2eb6c35e0,,,,,2026-04-08 19:12:39,2026-04-08 19:12:39
21398e8e-c2a8-42bb-bf1f-f1cb1a0851e9,996969a8-22ac-4795-aed3-a058926f49fc,,,,,2026-04-08 19:12:39,2026-04-08 19:12:39
49725e3e-cdd9-4631-86c4-6d821c62a0c8,981bf2e4-4714-45c1-a4f0-665271b2daa6,,,,,2026-04-08 19:12:39,2026-04-08 19:12:39
e0286e5c-80f2-4aae-8adc-cb8621cc3970,d95ec232-3c8a-4bb6-8cb7-992297a908eb,,,,,2026-04-08 19:12:39,2026-04-08 19:12:39
9c0b2873-f24e-402e-844c-a15c6812d9d2,e8431ffe-3863-4c93-a4e5-951e1a675546,,,,,2026-04-08 19:12:39,2026-04-08 19:12:39
5edf2e26-393c-4c47-a8f0-2fa7e1447c0c,f43a6308-5709-4c9b-aa64-32861944d7c9,,,,,2026-04-08 19:12:39,2026-04-08 19:12:39
2ac278e6-3e86-45ea-b033-22e0c980b3fa,30739584-1518-4916-988b-fa89dd220234,,,,,2026-04-08 19:12:39,2026-04-08 19:12:39
0a8ef921-6bc3-4f43-b7e1-77df7975e552,5a599044-0f58-4a8b-962c-16e05b2d0622,,,,,2026-04-08 19:12:39,2026-04-08 19:12:39
dbabeb2d-31d4-4305-90bf-d43305bdbb1a,eccf5479-9385-4679-bf7a-4cc553121456,,,,,2026-04-08 19:12:39,2026-04-08 19:12:39
9912caf8-bfa6-4bab-b00d-49a8b7f192fd,02c77067-17f8-490f-ad17-e658f2f5ecc4,,,,,2026-04-08 19:12:39,2026-04-08 19:12:39
06bda636-e0f6-42ca-afe6-1e6804d1959b,c3b5b7bd-9591-4480-b521-3666c95ff7dc,,,,,2026-04-08 19:12:39,2026-04-08 19:12:39
e423dde1-42b6-4bae-afe3-9206775aa83b,f2a2b9bb-4317-419c-a106-15199a84a23a,,,,,2026-04-08 19:12:39,2026-04-08 19:12:39
e7c5e0f6-9023-4de4-8589-bab1f0eed021,e778a0a5-3e05-4ba3-8ddf-b624b9eaa9ed,,,,,2026-04-08 19:12:39,2026-04-08 19:12:39
ab6f744d-4b4c-4aed-8b4c-d5a63fe14c32,778eacfb-906c-4a42-8eb1-6a5d539ff432,,,,,2026-04-08 19:12:39,2026-04-08 19:12:39
d47bc7f4-7395-484e-9add-d786d0417f6d,13309060-695a-4c9f-bbec-ae1e2e4bc4aa,,,,,2026-04-08 19:12:39,2026-04-08 19:12:39
1276395f-8249-4891-abe3-3488df5b016a,d925ea02-7824-48f4-97de-f1ee745fab39,,,,,2026-04-08 19:12:39,2026-04-08 19:12:39
1dad1885-384b-4e7f-bd07-46331de50cab,1f5ac31b-5e68-482b-8624-ef1775a11669,,,,,2026-04-08 19:12:39,2026-04-08 19:12:39
820e3ed5-d975-421f-92d6-6f97445757c3,91faea8d-9ad6-4bd6-a681-70b8ba57b687,,,,,2026-04-08 19:12:39,2026-04-08 19:12:39
6cd1dc60-b254-4163-9093-0a664bd442e5,7104ca13-8df2-497a-b093-ee776a45531a,,,,,2026-04-08 19:12:39,2026-04-08 19:12:39
2a1c287a-4890-47c3-847f-cce3724d01c8,24541fb3-eaee-4470-a3bf-a0d610865046,,,,,2026-04-08 19:12:39,2026-04-08 19:12:39
ecc774a3-e23f-443c-a884-f3d2aa7a9801,ba8bb647-2cd8-4336-80f8-29a6682f87c7,,,,,2026-04-08 19:12:39,2026-04-08 19:12:39
3cbe7b8b-0c4f-42e7-8577-e4fe241e138b,ced65b8c-c850-4f20-ab68-d831dcb06fcb,,,,,2026-04-08 19:12:39,2026-04-08 19:12:39
66c662fe-d28f-4ea9-bb42-8d54d83d42cc,4207f5f4-b250-4ead-a4d2-87d27db5153f,,,,,2026-04-08 19:12:39,2026-04-08 19:12:39
9aaca204-39f8-40de-a070-1e10d78e46cf,bf5e3473-532b-4f63-8583-c9a049432263,,,,,2026-04-08 19:12:39,2026-04-08 19:12:39
ffafefef-77ce-4319-b12c-1a198ec65dd9,3b4ac612-d24a-4dc1-b6bb-5aaaa9a875b3,,,,,2026-04-08 19:12:39,2026-04-08 19:12:39
11332320-09d7-4bb5-85ca-72d04082f1df,1bb424e6-e019-467b-9fe9-cf0dc64f79b2,,,,,2026-04-08 19:12:39,2026-04-08 19:12:39
9a06271f-c9c3-4b7f-873a-df608ebaab69,c6b85ebb-3ad4-407f-b0f8-b75e5a5632aa,,,,,2026-04-08 19:12:39,2026-04-08 19:12:39
609140e1-dd09-42d5-adb3-2a6097de9a95,9797ad60-71cb-4f0e-ae3f-2d4da3fd881f,,,,,2026-04-08 19:12:39,2026-04-08 19:12:39
99211bb9-75dd-4979-adee-a5185f0626ec,3ed727e3-e1a3-4a06-99c5-341c5eaf603e,,,,,2026-04-08 19:12:39,2026-04-08 19:12:39
f772d96c-9ffd-46d1-9270-f1c4e0df976d,c3ee863e-00ac-4cad-9b65-061ba7502ff2,,,,,2026-04-08 19:12:39,2026-04-08 19:12:39
c9303e25-e12a-48e3-9a15-6f79ded67a9b,3ee51a2c-5744-46fc-b920-342b30f39e66,,,,,2026-04-08 19:12:39,2026-04-08 19:12:39
5365d904-6e34-4ede-a1db-0184cdf22937,9f259518-35d4-45ee-8cf7-0095cd24a0e4,,,,,2026-04-08 19:12:39,2026-04-08 19:12:39
51c6951c-c11e-4b5b-b2f0-e9974f09d683,4a1a48ee-7f85-4425-91c1-08af0dd8d3cc,,,,,2026-04-08 19:12:39,2026-04-08 19:12:39
2a909949-8676-4c46-b485-34ee72ee9158,a58b091d-98a5-4260-8078-6b69cecab27c,,,,,2026-04-08 19:12:39,2026-04-08 19:12:39
0f6fa82c-e66b-4ed5-8c20-4a65e95dbfe7,6a60aa87-b1e2-4e11-a5d1-568b19e960f5,,,,,2026-04-08 19:12:39,2026-04-08 19:12:39
676f07f5-8a61-4e22-b2f6-3a74bd958fef,3b9d9bba-8648-4f5f-be39-e4795732abf0,,,,,2026-04-08 19:12:39,2026-04-08 19:12:39
4c0fd67b-c60e-4674-93b9-b5d66fdf26e0,730327a4-9a4d-40d7-b7b8-c3077d687d25,,,,,2026-04-08 19:12:39,2026-04-08 19:12:39
f0da8167-74c9-49f1-8eea-67988022acd4,0cfa78f4-90af-43b2-895a-5abbbd572a9d,,,,,2026-04-08 19:12:39,2026-04-08 19:12:39
e32cdfe9-95ea-4475-ade1-c9749ec7875b,39e489a8-34d1-470f-a28c-9dc1e1f3a907,,,,,2026-04-08 19:12:39,2026-04-08 19:12:39
264b1263-d8cb-4513-8256-2b67e7aa28f2,fb539ef5-7d90-427c-a96b-edcfac8c79a9,,,,,2026-04-08 19:12:39,2026-04-08 19:12:39
b483ec17-4c7a-4170-8c4c-6773cea84d3b,f660f8c6-ed13-4486-a4af-a5900ef36674,,,,,2026-04-08 19:12:39,2026-04-08 19:12:39
85ad3c6d-373a-429d-b5b2-f0fce8d2d72c,60b7501e-082d-4d6e-bce2-c21757234c86,,,,,2026-04-08 19:12:39,2026-04-08 19:12:39
fb5bb116-bc67-449e-9759-728d969cd0b6,b69a271a-5d67-4545-8340-aa6844cd6726,,,,,2026-04-08 19:12:39,2026-04-08 19:12:39
ffe5e1b3-6cb2-460b-96af-5b2375d567d5,7d479437-409e-4412-8a1b-7e5ad286230d,,,,,2026-04-08 19:12:39,2026-04-08 19:12:39
736aa739-2533-4531-84e1-b02507b326a5,3306c63d-f636-45c5-b840-177344e7022f,,,,,2026-04-08 19:12:39,2026-04-08 19:12:39
1908ecc0-0c95-44ad-9b2c-d26f03e13353,ef648f27-78e2-45e8-ba05-38188b432dd4,,,,,2026-04-08 19:12:39,2026-04-08 19:12:39
071fd036-9e62-44a1-b6e3-e52778b539e5,5b8aec9b-7bbc-4f7d-8717-dd83ae049a4a,,,,,2026-04-08 19:12:39,2026-04-08 19:12:39
bfd29cc8-df94-4cf0-8bce-4fefc966f5ad,37c99183-eb89-44ef-b759-088353862c94,,,,,2026-04-08 19:12:39,2026-04-08 19:12:39
5cb6eccc-b43c-476c-8de0-777af9ca3209,6d226566-941c-428d-8566-35e3edef768f,,,,,2026-04-08 19:12:39,2026-04-08 19:12:39
f7e72f27-2a06-4666-a3ae-365e00e89d08,bf4350e5-d4ef-4e08-80e0-67470a980fbb,,,,,2026-04-08 19:12:39,2026-04-08 19:12:39
06b6f20d-ed82-4bdf-bd1b-406612113d46,84478b87-61ff-462f-80ed-1d24f365235c,,,,,2026-04-08 19:12:39,2026-04-08 19:12:39
13e96744-13b7-4755-8c70-3fc5edd80648,a5bb1863-17db-4b81-a666-57a2fa57c465,,,,,2026-04-08 19:12:39,2026-04-08 19:12:39
4c3ebba4-07f7-45be-aa20-4f2d72bcad8d,13a8d0e6-0b0c-4f7e-bb32-940525b0b137,,,,,2026-04-08 19:12:39,2026-04-08 19:12:39
d217b599-005c-4f19-94d5-fb865c9af4a6,5299aff9-d50f-4e66-9368-7f9a529614c2,,,,,2026-04-08 19:12:39,2026-04-08 19:12:39
0a63f05a-1a7b-41d1-8b3d-b1bfe614f454,554842d5-b84f-40a3-80c3-bba68ba85882,,,,,2026-04-08 19:12:39,2026-04-08 19:12:39
48eea477-1d35-437e-9ba3-bf3704dba308,3340b4b3-4006-46cf-a73c-a206c22013f5,,,,,2026-04-08 19:12:39,2026-04-08 19:12:39
0bdfd4d0-f85a-45d6-9a1c-28a861c6345b,c3fbfdb9-d456-476e-8103-635267013a79,,,,,2026-04-08 19:12:39,2026-04-08 19:12:39
8f6fdc2d-5e37-474f-aca4-39322aac7537,38cfecbc-d5ea-4222-ba5d-26861732227d,,,,,2026-04-08 19:12:39,2026-04-08 19:12:39
303e71e3-5a16-44e2-a32c-2958a0c9c17a,f6528159-3139-477c-bcec-516d82e7a7f8,,,,,2026-04-08 19:12:39,2026-04-08 19:12:39
0ff717c2-4dd1-404f-a94a-4d6cc1b7900b,a4a6990a-b71f-4e8f-90a1-f3e027c69b53,,,,,2026-04-08 19:12:39,2026-04-08 19:12:39
3b0975c6-69c8-4af4-b2dc-f67d1b182c93,e257c222-0560-42cb-bbb3-01ae997855c3,,,,,2026-04-08 19:12:39,2026-04-08 19:12:39
6c1fa3e7-9a64-4850-8e51-f2c8fbfa9368,b57863e6-e68c-478d-ac62-4dae9e4c97fc,,,,,2026-04-08 19:12:39,2026-04-08 19:12:39
0e17ef51-067e-4dda-9ffe-44c1934eeb1d,6431df57-0fc6-42c6-b35a-1f37b80a378f,,,,,2026-04-08 19:12:39,2026-04-08 19:12:39
61e3d297-6abd-406b-80f1-0011ec74e06d,ef44bd85-d9fa-42b3-99ce-7c25add12ac3,,,,,2026-04-08 19:12:39,2026-04-08 19:12:39
1b098cfb-7763-43a4-83a6-89312e7c3e8c,1ce268d7-d0b6-41f6-93cb-48cd6ba8a483,,,,,2026-04-08 19:12:39,2026-04-08 19:12:39
7fa9bad4-7057-4032-9ede-9d6de530058c,ea475651-f19c-4ac1-a4ed-6ef3a6781101,,,,,2026-04-08 19:12:39,2026-04-08 19:12:39
e8383750-b464-4ff9-a33b-59a88e34c1a6,4a3b6658-fe14-43d3-889e-16dfd85b12a9,,,,,2026-04-08 19:12:39,2026-04-08 19:12:39
bcda8351-d6c1-4bd2-b519-602aaef4f77d,6fbb7607-2cb6-400b-8c45-a0d01c8168fd,,,,,2026-04-08 19:12:39,2026-04-08 19:12:39
96ba3a47-ffde-4394-bb1d-608f47216f91,381018fd-88d6-4cd7-8bd9-f3290e8962c4,,,,,2026-04-08 19:12:39,2026-04-08 19:12:39
d83c2e99-c0e1-40f7-bf61-3e8b0e49ac1f,fa7027f0-79a1-455f-acbc-012648eeb197,,,,,2026-04-08 19:12:39,2026-04-08 19:12:39
0dd6aee7-e7d1-492a-8dbe-32ace9078df5,5cda6d4a-9834-4b47-a260-5a434de68d09,,,,,2026-04-08 19:12:39,2026-04-08 19:12:39
681607a3-3563-44c1-8da9-04ccc6961849,2550ca97-e976-48a0-8898-8cfd13be8223,,,,,2026-04-08 19:12:39,2026-04-08 19:12:39
9a19dce1-c71e-4efc-a205-7dc5b04c923e,37340f08-64a8-4097-a348-1fc05f39bc13,,,,,2026-04-08 19:12:39,2026-04-08 19:12:39
a595a97b-bc0a-4ce7-ae9e-2ec92c47948e,6119f43e-da65-4454-ab0f-50f4e166d07d,,,,,2026-04-08 19:12:39,2026-04-08 19:12:39
28b496cd-ddfe-497a-898a-88e575796f22,cc976ff3-2c69-4d1d-b10f-2eb5ae1dd9d9,,,,,2026-04-08 19:12:39,2026-04-08 19:12:39
0c56ac15-4ea8-4168-9299-218b5c6bd47a,4bab8310-0ce4-4fdf-b22f-085f9cc11f94,,,,,2026-04-08 19:12:39,2026-04-08 19:12:39
548b1e02-9468-43fa-87cb-75da161ec38a,dd3d90b9-b81b-43d1-86c7-e084cef02fbe,,,,,2026-04-08 19:12:39,2026-04-08 19:12:39
c0157e71-dd27-43bf-9fc0-678abf4fc2da,871c7162-5311-4666-a606-4ba2aac6a56c,,,,,2026-04-08 19:12:39,2026-04-08 19:12:39
23f672bb-e3ed-47ad-a151-b4fcfc40acec,35ce7565-d048-47f3-8d38-69fbaea5f7eb,,,,,2026-04-08 19:12:39,2026-04-08 19:12:39
1a07af12-8d99-4a12-982d-d8c395c0ff7a,fc0731c2-731c-417b-994f-e1f20b72369a,,,,,2026-04-08 19:12:39,2026-04-08 19:12:39
5882ef64-a572-4fcb-8628-1250a26693c4,6a86b856-304e-4c17-a610-640952c5ee84,,,,,2026-04-08 19:12:39,2026-04-08 19:12:39
c012638b-38a8-421f-acbd-2eb0edda72fb,deaeefc6-ad43-48ab-9111-a6ef304b76f7,,,,,2026-04-08 19:12:39,2026-04-08 19:12:39
cd0997a3-0e19-41ae-b819-15299ffe7004,836eb45e-07ba-4f17-8b72-624baee7704c,,,,,2026-04-08 19:12:39,2026-04-08 19:12:39
44db0272-1a10-4fd2-9ff9-66cdedb8ef32,8e77c5e6-3b0a-4550-9175-fac9e9419599,,,,,2026-04-08 19:12:39,2026-04-08 19:12:39
8a5b9e7e-7c1f-4982-8cb2-d400012ec63c,15eef942-14e6-4c74-b607-7ef7dc019d4f,,,,,2026-04-08 19:12:39,2026-04-08 19:12:39
79aaa471-6214-40b1-bffe-994a63f6892a,1b7b41b0-2be4-4fe0-ab45-f4b12f8d64d3,,,,,2026-04-08 19:12:39,2026-04-08 19:12:39
abecff94-d609-4eeb-8596-68c4a32d7337,9ea152f9-aef4-4572-8c26-e1350281321d,,,,,2026-04-08 19:12:39,2026-04-08 19:12:39
bd527b28-442f-4eee-963b-aa4fb6ec2194,0c91367a-72d6-44ca-b642-6a2d5ed7f26a,,,,,2026-04-08 19:12:39,2026-04-08 19:12:39
d8c3d74f-3165-4689-acd3-bef6dd88c743,43452846-6403-4958-a8fa-8e994d9b061b,,,,,2026-04-08 19:12:39,2026-04-08 19:12:39
b38244b5-edcf-45c8-a198-36d1d5827287,7198d174-93b7-41f3-a31b-519b81ffb933,,,,,2026-04-08 19:12:39,2026-04-08 19:12:39
4db8f313-6d01-4bc3-a1ab-ab3ab900c4ad,5c76524e-4c77-4421-ba96-50b40437cd48,,,,,2026-04-08 19:12:39,2026-04-08 19:12:39
1666338f-9a9e-4da2-9282-ed2d4ceb259b,522519ce-c2f7-473a-a019-c027aaf46799,,,,,2026-04-08 19:12:39,2026-04-08 19:12:39
c330fd14-8041-4a4f-9d03-9682039f1753,a0b8b341-6068-4329-9b86-3bf07ab3e08b,,,,,2026-04-08 19:12:39,2026-04-08 19:12:39
9adab84e-2c25-460c-9ddb-c44eb25f605c,fa9bfeec-73b8-4280-909b-4384b4f6aabc,,,,,2026-04-08 19:12:39,2026-04-08 19:12:39
4c1b8e30-d8fe-4f74-b66c-c565832a1007,49bb9f93-ac75-4ee5-bb8a-0f6adf739a56,,,,,2026-04-08 19:12:39,2026-04-08 19:12:39
4350241b-23ab-4e5c-8d69-32374f8979d2,04d6c8c0-2d15-4b0e-9eb7-00d2324e2c3e,,,,,2026-04-08 19:12:39,2026-04-08 19:12:39
342cfc1d-aaf1-4637-bd53-335b2e058fab,ff7e8c17-513e-49c3-ba74-ff9a8c9e17df,,,,,2026-04-08 19:12:39,2026-04-08 19:12:39
b7f8a05e-a35c-42c1-b90c-dcad35276d65,702243a4-cdb5-4015-bce2-a258e2f06c5a,,,,,2026-04-08 19:12:39,2026-04-08 19:12:39
21243c53-ec3f-414e-bc19-fdd664639110,a325b4ab-0342-44c7-9c5a-1e0ae2d933dd,,,,,2026-04-08 19:12:39,2026-04-08 19:12:39
8f19cf42-d582-4650-9d02-d5b6b866f01e,dbb6eccd-8bf1-4ae5-a305-cd598fe2320c,,,,,2026-04-08 19:12:39,2026-04-08 19:12:39
bd62c6ef-c3f2-4841-a835-388982743b2e,f1b1041f-17a2-4dfc-9f0b-9f4c67dd4899,,,,,2026-04-08 19:12:39,2026-04-08 19:12:39
0166586a-3464-4972-8678-9afdc9fbf725,d4f4a3be-af8a-4aca-b09f-189a7d4c908d,,,,,2026-04-08 19:12:39,2026-04-08 19:12:39
70ba3dbe-4db7-48fb-81ec-b8cae090c7e9,3cf2041e-3e3f-4fcd-aa66-5c45150e1096,,,,,2026-04-08 19:12:39,2026-04-08 19:12:39
8f465fa3-dcc5-4c96-a524-a2e4c320faee,1407f19f-10b9-4286-88fd-5e3043fb354e,,,,,2026-04-08 19:12:39,2026-04-08 19:12:39
2fee9421-8ec9-4d48-9147-e28ba807a2cc,fee27409-2d90-41aa-89f8-41d3c0afc898,,,,,2026-04-08 19:12:39,2026-04-08 19:12:39
a9fd364b-2861-4ab8-9564-8bed29b70fb2,6624c09a-e9ba-498c-a412-ead643b0d247,,,,,2026-04-08 19:12:39,2026-04-08 19:12:39
e407a32f-e9f3-4b7c-a379-3625bffa16ea,e05bc406-74d8-4da6-ba04-9526f4c5e007,,,,,2026-04-08 19:12:39,2026-04-08 19:12:39
a70d4aab-eef5-4937-adac-2dd5cf4ba0e2,d6f0753a-de3e-44aa-acc3-faf9f712916a,,,,,2026-04-08 19:12:39,2026-04-08 19:12:39
a5faba2e-6958-4fd8-87d0-6b5ae8755031,5bb3277f-c83f-4c4d-9873-9bc4e397c92d,,,,,2026-04-08 19:12:39,2026-04-08 19:12:39
3b0c9818-1ecf-49ac-b7ec-2f62fc4720ca,6d47f589-b038-40ab-8c98-3870ec78fcfb,,,,,2026-04-08 19:12:39,2026-04-08 19:12:39
697fb6dd-4817-4955-b89b-190016b5d823,bc8ba744-8ff0-4bd6-abb6-0fec085bbadf,,,,,2026-04-08 19:12:39,2026-04-08 19:12:39
e39fc2ca-d7bb-41d3-bf02-025a91b44a3c,8ae848e6-4294-49e6-8765-876f9c58b954,,,,,2026-04-08 19:12:39,2026-04-08 19:12:39
9fa54b5b-5ff5-4790-85a3-77940462c2f7,96a5ebc3-ab2c-49b3-b6cf-d5a966222b61,,,,,2026-04-08 19:12:39,2026-04-08 19:12:39
a23f968e-f95a-4a43-8df4-e9f9922d73fc,921958bd-64ba-4401-975d-a44a431c5d4c,,,,,2026-04-08 19:12:39,2026-04-08 19:12:39
055fa8a1-d49f-46fe-b6d8-425eb0c49ad9,f287b623-0af2-40a8-ae84-b003791e97e2,,,,,2026-04-08 19:12:39,2026-04-08 19:12:39
b41fd526-47fd-43d6-b17c-c8aa14ee6e4a,9784ba53-e6af-451f-9a15-8517f49291f1,,,,,2026-04-08 19:12:39,2026-04-08 19:12:39
a7962232-e0a7-46eb-b2b3-3731887f4767,054785bf-0d6f-4642-993e-56f587d8d386,,,,,2026-04-08 19:12:39,2026-04-08 19:12:39
7a7e5c43-aed9-4a68-8689-83a3793aa36f,bf6a9f3e-8747-4bab-8f49-a9f48276581a,,,,,2026-04-08 19:12:39,2026-04-08 19:12:39
804034eb-e1ed-4683-b510-e5b771bae845,1b0e24d9-5d9c-4b1c-b46e-37dfbea99501,,,,,2026-04-08 19:12:39,2026-04-08 19:12:39
0b9a87d9-edb0-41bd-b2df-0faad6eb86e1,1614310e-cdaa-4d6f-bfee-900c14be81e8,,,,,2026-04-08 19:12:39,2026-04-08 19:12:39
1e03e4b8-6852-4fda-8cac-cab5660c044c,503359de-1ce0-4c72-9d99-72f75374260c,,,,,2026-04-08 19:12:39,2026-04-08 19:12:39
f320a91d-9793-4ac1-957d-90e8a5eae366,6f715258-1d6d-4e46-a034-4338a31063ee,,,,,2026-04-08 19:12:39,2026-04-08 19:12:39
d0b9af63-0b74-40cb-9020-e76581c4314d,151e4f6d-4aba-49e8-8916-8e77cdb49147,,,,,2026-04-08 19:12:39,2026-04-08 19:12:39
62d45b29-eb34-442a-8ece-bea7eee29f4f,1d6d474a-1ab8-4939-964e-c6f9ff49abfa,,,,,2026-04-08 19:12:39,2026-04-08 19:12:39
121f5538-9257-49fd-9105-be97a9ceaec7,2bdbbc17-c188-4004-829b-79341341c59e,,,,,2026-04-08 19:12:39,2026-04-08 19:12:39
e2085893-0cd7-4fc4-bd64-9ddc322d407d,853583c0-41ea-41d0-b3cb-ef198c777bb8,,,,,2026-04-08 19:12:39,2026-04-08 19:12:39
63385bf2-cb6e-418d-8d11-be1d308c983e,20f083d2-2782-4871-a25a-946cf88ddd33,,,,,2026-04-08 19:12:39,2026-04-08 19:12:39
fdfa05aa-d6c6-492c-8ff0-58397d8274a0,2298cc1e-2b63-455b-b789-6c60d1e345b7,,,,,2026-04-08 19:12:39,2026-04-08 19:12:39
cebeca90-da57-49af-b9d8-586f9d2dac7c,520bf9ec-b228-41e4-aafb-0adadd0394ac,,,,,2026-04-08 19:12:39,2026-04-08 19:12:39
d7d42d4a-bbf3-46cb-85fe-eda08d095bf6,2d356a17-edba-4e32-8396-2c3becb6a00a,,,,,2026-04-08 19:12:39,2026-04-08 19:12:39
4474d46b-87cc-4d73-b19d-5e4297c0d206,7dcd9e48-3204-4bab-ae41-1cacba8b7647,,,,,2026-04-08 19:12:39,2026-04-08 19:12:39
43449d5b-f000-4b7b-ac68-a3668b57e778,4ca097dc-9178-483e-bdc7-65237837b628,,,,,2026-04-08 19:12:39,2026-04-08 19:12:39
9da5faab-9833-4c78-9841-7528d0f2f434,5d7fd8fe-902a-4ea4-889c-652a6b59da51,,,,,2026-04-08 19:12:39,2026-04-08 19:12:39
9b1d5b10-a802-4044-88da-e5e4bab8f699,d8a80546-8cfe-4f3c-837c-e4391749a944,,,,,2026-04-08 19:12:39,2026-04-08 19:12:39
550b8727-caf4-4ae9-b10f-72a8199fc2a1,ec052a1c-9e6d-4615-9dbd-040538792acf,,,,,2026-04-08 19:12:39,2026-04-08 19:12:39
e664eca8-f84c-45bc-b73f-19b2d5652f4a,a1981a32-2f3c-43e0-9e02-2954ee829f31,,,,,2026-04-08 19:12:39,2026-04-08 19:12:39
8a0b17fc-e5c0-45cc-9ff8-f02a2a4e9020,0ebf2e77-b8c3-4998-93d9-1959db65dec0,,,,,2026-04-08 19:12:39,2026-04-08 19:12:39
b742413a-0844-46ae-bbcb-d94d8ed02e98,0836d83f-d84d-4ccd-a9d8-6e7b5244bfc8,,,,,2026-04-08 19:12:39,2026-04-08 19:12:39
18674256-1113-40d3-9e27-91337f162c70,4063095c-fe3a-4258-966d-9504fe7e0881,,,,,2026-04-08 19:12:39,2026-04-08 19:12:39
594d538c-38cf-43a9-84b5-81b5fa2a98da,60076103-8da8-4c1b-a351-168a82a166c2,,,,,2026-04-08 19:12:39,2026-04-08 19:12:39
9e3ad544-520c-4337-9b0d-73e1ec4510cb,b13eff05-1a8f-43d5-a34e-0db944cdd1e2,,,,,2026-04-08 19:12:39,2026-04-08 19:12:39
3dcd151b-0893-47a3-88fd-046dc47fb41d,dfaf297c-560f-4924-93f2-c3962ef9b728,,,,,2026-04-08 19:12:39,2026-04-08 19:12:39
ad9f16fe-870f-4f3b-bdd8-975764df28d7,e66aa83c-d57b-470e-9d93-64909753e6ef,,,,,2026-04-08 19:12:39,2026-04-08 19:12:39
f798140e-a32b-4337-a874-183bcd255090,b9c862d0-3c1b-44c4-884d-e2e3feba52a4,,,,,2026-04-08 19:12:39,2026-04-08 19:12:39
a233f3af-40eb-4c90-b8ca-6049d0826844,eff1ea84-eb37-44da-979e-17a2fd614ea9,,,,,2026-04-08 19:12:39,2026-04-08 19:12:39
af53506d-479f-46a5-8642-79f4d6d4b3d8,85494df2-2108-4123-9cd2-4c2a8ef66e95,,,,,2026-04-08 19:12:39,2026-04-08 19:12:39
23373033-302d-42fb-9b00-bc0a2cd3bfbd,02b97346-e2f9-4bcb-8e43-ca847b1af3ed,,,,,2026-04-08 19:12:39,2026-04-08 19:12:39
b1e56ea8-ecb5-4629-a7d1-5383adc08ec7,5cf32682-81a3-4e72-907a-0225eee2343e,,,,,2026-04-08 19:12:39,2026-04-08 19:12:39
a987f638-89fd-4a86-ae88-9173e24dfc3b,e0fa87bb-102d-4eeb-8e2b-788548f06a25,,,,,2026-04-08 19:12:39,2026-04-08 19:12:39
c3b21240-2684-4abb-93e2-35bdc108a970,8bb5c3a9-f8e4-428c-864e-37eb765dc1d3,,,,,2026-04-08 19:12:39,2026-04-08 19:12:39
5d17cb37-d51d-4ee1-9b1c-3705e75a3b1c,10ea04b4-3e5f-41e5-b814-609afaa054b2,,,,,2026-04-08 19:12:39,2026-04-08 19:12:39
fea6babb-7159-444e-8f50-e60c80a53684,d45e7752-e771-4dc1-b861-d62ec91023c7,,,,,2026-04-08 19:12:39,2026-04-08 19:12:39
85c3ec25-8355-4a43-aaff-da6d87f7f212,d4ab8b21-a599-4913-8d51-1b3671805fe2,,,,,2026-04-08 19:12:39,2026-04-08 19:12:39
2632c22f-5f83-4a4b-989c-83fee89e61ce,3129d54e-e0a7-4d06-bcd1-28c7a3bb0247,,,,,2026-04-08 19:12:39,2026-04-08 19:12:39
c2e357d5-2537-4964-bf84-35f7ed2cfc5a,36e353f2-17fe-4b4c-b62a-db3653101066,,,,,2026-04-08 19:12:39,2026-04-08 19:12:39
4b633580-9d90-435b-9900-0a0a0ec23cfa,5b6f2aef-fb3b-4d29-a140-957067eb1c77,,,,,2026-04-08 19:12:39,2026-04-08 19:12:39
9bb90b50-5c74-47b0-b11e-b6973266523a,68853ef4-797a-4b6f-8326-62ffb12006de,,,,,2026-04-08 19:12:39,2026-04-08 19:12:39
f5706e01-f385-4a77-ab4f-8bd284a21185,d556c26c-2a27-4152-881a-dccb13d273e6,,,,,2026-04-08 19:12:39,2026-04-08 19:12:39
fe2d3f07-96cb-4a04-b86e-c58fffee6ae5,202974c3-bb99-4606-a9df-3acaf97fc403,,,,,2026-04-08 19:12:39,2026-04-08 19:12:39
2ac8c82c-c844-4a00-9bd9-b980ca2fe079,967cf03a-6afc-4f31-8c8f-96fb68e7cf0f,,,,,2026-04-08 19:12:39,2026-04-08 19:12:39
403d52c1-00a8-4ea1-9c27-b5abd1cc2cf2,2dae1a13-12ec-4a15-b2c1-b5a932f6d1a0,,,,,2026-04-08 19:12:39,2026-04-08 19:12:39
738d95d5-4b3b-4022-b222-fe255ce6a6bf,87fd4024-5953-4a82-b443-32ab625d7efb,,,,,2026-04-08 19:12:39,2026-04-08 19:12:39
add20901-ed92-4441-b274-be9374a41297,d97ef9c1-d4ad-4f39-b7fd-1cb7dd120b74,,,,,2026-04-08 19:12:39,2026-04-08 19:12:39
bdf3c3ad-f0d4-4e8a-b16e-76b44fbe154f,8dba2294-6d34-48a3-8552-d71a5949a955,,,,,2026-04-08 19:12:39,2026-04-08 19:12:39
28314e3d-2279-4f4f-9a69-30f946da93b4,ffaea16a-d14c-49d3-9905-f3d09589fafe,,,,,2026-04-08 19:12:39,2026-04-08 19:12:39
c932be94-8e76-4dd1-9af5-062bcddee11f,8cc87d99-11c8-4c4a-98e5-29a31fa27d2e,,,,,2026-04-08 19:12:39,2026-04-08 19:12:39
ae765ec6-e055-4c04-80cc-91125dde5d95,6beac2ee-d54b-43f0-8c5b-266b627b18cb,,,,,2026-04-08 19:12:39,2026-04-08 19:12:39
24ba6384-114d-473b-9c6b-fa3a7e81ba4d,f70d6a96-eb73-49e1-815a-a005fecce895,,,,,2026-04-08 19:12:39,2026-04-08 19:12:39
951c2d34-bcc2-4a17-9365-a1811ddb1b04,6b737e45-52e2-4dd0-9e7f-56eb0114323e,,,,,2026-04-08 19:12:39,2026-04-08 19:12:39
50eed8e5-f6f0-4c7f-9b9d-09fc39a0aa46,25fc91f9-cfb1-47a1-ac15-b82f1236da42,,,,,2026-04-08 19:12:39,2026-04-08 19:12:39
4aa2849f-e16f-4bd1-a861-4ad9fd1efb59,0e0ff1c9-0dd0-4843-8bce-9afaf07fd96a,,,,,2026-04-08 19:12:39,2026-04-08 19:12:39
995b1ec3-5437-439d-ab7e-291cfa0af3e8,8c2df6ca-2071-4644-a545-48b6d710fc49,,,,,2026-04-08 19:12:39,2026-04-08 19:12:39
274afa64-77fc-4726-a8b7-59cbe93dfb1f,49867397-ae1c-49b6-bae0-95da49b42d9d,,,,,2026-04-08 19:12:39,2026-04-08 19:12:39
7dd316da-7677-42d9-8c1b-531d9e1c563b,e9550d65-cd80-41cf-9a02-e6cd98776bc7,,,,,2026-04-08 19:12:39,2026-04-08 19:12:39
89bd7c81-79aa-4a3e-a784-1f4555b818c6,85d039f0-5e4b-4ea7-aded-29921b103cc8,,,,,2026-04-08 19:12:39,2026-04-08 19:12:39
a916caa8-6094-4e73-99a7-afc9d633718d,3c60fe5a-b137-43d5-9d41-6100f5433db6,,,,,2026-04-08 19:12:39,2026-04-08 19:12:39
510cf0b6-f038-4d6e-8a7a-a3ed7eb66029,be3ef8b3-7477-4e3c-b42a-e69e3a5188a6,,,,,2026-04-08 19:12:39,2026-04-08 19:12:39
6340be08-84e0-4cd5-8463-234a69583d08,062f90b1-f5a1-4d84-9f2f-33f2d344574c,,,,,2026-04-08 19:12:39,2026-04-08 19:12:39
0e67fc8c-05fe-4e65-bcf6-60a86c0b5ff0,180aa5c3-e206-40c1-be84-03a13f44d95b,,,,,2026-04-08 19:12:39,2026-04-08 19:12:39
8258ba42-855c-46ff-bc05-6877486ac208,48bc8bb2-20e9-40e0-89fd-34b5de22d937,,,,,2026-04-08 19:12:39,2026-04-08 19:12:39
50f95960-ee1d-4fdc-b904-f62e80927829,e92af47d-fb48-4b0b-bc24-4c41f0ea5a7f,,,,,2026-04-08 19:12:39,2026-04-08 19:12:39
f20561ea-e077-435a-9afb-9270724dea91,27c7ed09-146d-47e7-83b6-6618ef1ad0aa,,,,,2026-04-08 19:12:39,2026-04-08 19:12:39
4308efac-c66e-4ec5-90c9-8fa13f95aff9,97bb530c-ca1c-4f01-854a-3a82f077917a,,,,,2026-04-08 19:12:39,2026-04-08 19:12:39
4fc6f9fa-34e4-47a3-a18c-cd4ea9468fc1,634fdb8d-2a3b-406c-8823-d84ccef65eab,,,,,2026-04-08 19:12:39,2026-04-08 19:12:39
9780f47f-d294-407b-9339-1b44beb5d947,a491a643-96c4-49ec-8886-bf2ee9d6e088,,,,,2026-04-08 19:12:39,2026-04-08 19:12:39
46c6bfd9-440a-4b1b-a0d4-09292f7da201,d59920ab-b027-4924-9984-bd2894a5237e,,,,,2026-04-08 19:12:39,2026-04-08 19:12:39
14e5de3a-13c0-4791-a055-dff368101e71,80471736-106b-4fec-9948-e968afac20dd,,,,,2026-04-08 19:12:39,2026-04-08 19:12:39
2787d295-0dd4-4d6c-b231-542305181854,637e8f2e-460a-42bb-8465-83491060986d,,,,,2026-04-08 19:12:39,2026-04-08 19:12:39
3a37f5c0-43f5-47f7-9e57-47ea0af810ab,5c977663-db4a-4889-8284-b455879bdc94,,,,,2026-04-08 19:12:39,2026-04-08 19:12:39
1f885557-09c8-4965-ad4a-e33bab6dc348,9265b2e7-d2c2-4488-bac2-7209238e6038,,,,,2026-04-08 19:12:39,2026-04-08 19:12:39
b2c5db28-e04b-429e-8186-760b2fc1e593,100cb07d-4948-4342-9db2-70fafa842d09,,,,,2026-04-08 19:12:39,2026-04-08 19:12:39
6fe8cfc5-02af-43da-998b-9b0abdfba36a,2c1dd040-c9e2-4bb5-8201-abaa85afec41,,,,,2026-04-08 19:12:39,2026-04-08 19:12:39
dc79e822-eb14-4813-9f92-60548ef6e87d,bd9961a8-1b2c-48a1-9e7c-1093d694f730,,,,,2026-04-08 19:12:39,2026-04-08 19:12:39
4ceb587a-2c62-4fec-ad4e-9804495e544d,769579e7-f665-48e1-830f-8becf554c2d9,,,,,2026-04-08 19:12:39,2026-04-08 19:12:39
0901c7ae-d169-49ec-9cf7-52adb177dae7,1c93d068-6d64-47c9-ada2-355d253d9beb,,,,,2026-04-08 19:12:39,2026-04-08 19:12:39
75f0a379-e3ae-496c-9483-6b55e0da8aad,c3563e22-7aa3-4619-9b77-ac1615166602,,,,,2026-04-08 19:12:39,2026-04-08 19:12:39
1dd91dcb-4e55-486c-a35f-87840810ec9c,0d2ef685-30ca-4ca7-a98d-95eb2f24bcc4,,,,,2026-04-08 19:12:39,2026-04-08 19:12:39
8636750e-af62-4811-afec-c7813b22e75e,238d8f8d-9556-4fab-a629-26e50c0e3542,,,,,2026-04-08 19:12:39,2026-04-08 19:12:39
f450d3d1-9546-42fb-afb9-6c87722a7a39,baeed1be-789b-49fd-8524-9f6a62e87d27,,,,,2026-04-08 19:12:39,2026-04-08 19:12:39
c547d56a-9752-4d1b-94b6-8211d8647be8,e6c1c307-d417-42bc-b7c2-0cd54c18d174,,,,,2026-04-08 19:12:39,2026-04-08 19:12:39
93b6032d-57b3-45ee-ad14-accc75db3dda,cfdaaad7-8219-4a06-bc76-f585febe4176,,,,,2026-04-08 19:12:39,2026-04-08 19:12:39
93c56056-50e4-4240-91c4-e0a306759998,e691e67f-64a3-4d92-9061-b8fab30f6c31,,,,,2026-04-08 19:12:39,2026-04-08 19:12:39
dd73b4ed-1610-440d-abd0-5793cd955ccb,3831a244-01f1-4b87-ab04-17d1466486f3,,,,,2026-04-08 19:12:39,2026-04-08 19:12:39
2f5af9b9-48b9-4e3c-8d5d-b6b6ffdf701c,9244fbe5-f581-4787-972b-9ebcba2481ad,,,,,2026-04-08 19:12:39,2026-04-08 19:12:39
ceecbb23-1e73-49fe-8641-f67158f5aa97,eaca0c8e-439b-4a7c-b455-c2469397111a,,,,,2026-04-08 19:12:39,2026-04-08 19:12:39
0a25b04e-f2d9-4238-97f5-977885c04714,e0a0da4b-61c8-49d9-9b36-6df58a58e79e,,,,,2026-04-08 19:12:39,2026-04-08 19:12:39
39572030-7f51-411b-ba88-10da84ed93a9,205f955b-e417-42f5-8b19-d1c738c65ccb,,,,,2026-04-08 19:12:39,2026-04-08 19:12:39
12328b96-91cc-4518-bc0e-145552b1af12,3e427620-539d-4449-bf55-d731422da5e4,,,,,2026-04-08 19:12:39,2026-04-08 19:12:39
f9f15b7a-5963-480a-950f-a83059c4d62d,0945c5e3-0eee-468c-b8f5-7dedcd7e4b41,,,,,2026-04-08 19:12:39,2026-04-08 19:12:39
5c4ab58f-b973-4933-8536-53d678ef751d,86acb327-0ae9-49e7-8e94-a6b5b154a01e,,,,,2026-04-08 19:12:39,2026-04-08 19:12:39
55601a3e-7f85-4ec5-a57f-68f9f48bab01,b5460805-acb1-4a0c-b05b-2cbf2b3a5514,,,,,2026-04-08 19:12:39,2026-04-08 19:12:39
3ef0450e-b1b7-4fdc-bda2-47df0dde989a,2781d39b-146e-4448-a383-e7dc3abd7d85,,,,,2026-04-08 19:12:39,2026-04-08 19:12:39
7c4d1cce-ef78-48cc-84ab-089041da4cb8,e8cf9091-931f-45b4-a453-c6614bb520ab,,,,,2026-04-08 19:12:39,2026-04-08 19:12:39
29fda810-90e9-4338-8379-fcc41e8658f7,ef87db92-3864-4b91-ac32-1b35657cbc23,,,,,2026-04-08 19:12:39,2026-04-08 19:12:39
80383da4-830b-4e34-8c0e-d1e9f498a6fe,c4c2d6d1-d28b-48bd-b4f3-fc3e5fa384b7,,,,,2026-04-08 19:12:39,2026-04-08 19:12:39
d6c3da92-59ae-4ae9-89f2-00d1402a5865,bde87b16-e3b8-49f8-b641-21bf4d9b1443,,,,,2026-04-08 19:12:39,2026-04-08 19:12:39
9b92181f-85ce-410d-a1b8-e5cf545218bf,d6460d2c-b728-4a79-ac22-3bba13d71f16,,,,,2026-04-08 19:12:39,2026-04-08 19:12:39
09e6f0d7-36be-4fdf-921e-dab160d8339b,0fdbdd87-d566-465d-9856-6080eb0da1a6,,,,,2026-04-08 19:12:39,2026-04-08 19:12:39
39d407c9-a58e-4e35-b8b5-7eb1d82c1441,7aaa1a5c-6b09-4d6f-8d07-e42bd22c7a84,,,,,2026-04-08 19:12:39,2026-04-08 19:12:39
907dc4f1-43da-4034-b288-1870c8db035f,e9c235fa-f837-4f02-8538-9eb8b5f6fd83,,,,,2026-04-08 19:12:39,2026-04-08 19:12:39
6e417e51-6e84-480e-9ffc-041e37ca83c1,4048f53a-03da-463a-b762-7e69aeb73ea5,,,,,2026-04-08 19:12:39,2026-04-08 19:12:39
eb3dc7d7-90c7-4911-b6ce-9d183deac118,0457a9d3-462c-4af6-9da0-d84a2ea0c569,,,,,2026-04-08 19:12:39,2026-04-08 19:12:39
daee2c52-c816-41a8-bbf8-3ca6025f9bd8,f3882697-d971-44d8-b01d-6aecb3091737,,,,,2026-04-08 19:12:39,2026-04-08 19:12:39
cf36488d-98b3-4a4f-959f-d02cce063d52,7d650dca-df8b-4219-b35f-530279f78d7b,,,,,2026-04-08 19:12:39,2026-04-08 19:12:39
e43d205c-f120-49ba-b456-9d293ec44e83,75d4deae-0256-4115-82b0-e05ac6f159cd,,,,,2026-04-08 19:12:39,2026-04-08 19:12:39
c28767e2-4ba2-4ce1-b8a5-ad03871d4ccc,3a115f4c-05df-4787-9557-39df180a6b6b,,,,,2026-04-08 19:12:39,2026-04-08 19:12:39
10b570eb-87a3-4fb0-ac6f-ff5e3584b5ee,cf748107-b855-4aa7-aa13-7e31586fffe3,,,,,2026-04-08 19:12:39,2026-04-08 19:12:39
9d4a1d86-16df-480a-887e-75f58bcea7b4,1b84ec19-5fb9-4087-8fa7-10c161a9156f,,,,,2026-04-08 19:12:39,2026-04-08 19:12:39
7340cf83-c134-4a01-acfc-b729f86368cc,f3d2b489-940c-461f-a00e-f489a48ac259,,,,,2026-04-08 19:12:39,2026-04-08 19:12:39
75f2272a-efdd-4bec-8699-f2ec326b793c,882c2f7d-4128-457d-b8b7-ad9355390c31,,,,,2026-04-08 19:12:39,2026-04-08 19:12:39
71eb3cc9-941b-4c4a-aa00-d7c97c0f4e0b,81dfb7ef-434f-49e3-b162-c860ad188091,,,,,2026-04-08 19:12:39,2026-04-08 19:12:39
d3e0bf3a-9f94-45e1-8abb-b2ad86aeb36b,f0d16f3d-3dae-4f39-aac4-ff6e28ae80f8,,,,,2026-04-08 19:12:39,2026-04-08 19:12:39
39939c07-f0c7-46f0-81ec-dfce5aaf7094,e26e1006-9bc7-471b-a941-441ece2c386b,,,,,2026-04-08 19:12:39,2026-04-08 19:12:39
b093fc43-71d6-4852-bdfb-9c761375c07a,770806fc-1d33-4fcc-8c58-6cfaaedfffb8,,,,,2026-04-08 19:12:39,2026-04-08 19:12:39
dedb7fc3-d49c-4fde-a94d-8a6a1023dcbc,318ff1b7-7cd8-4841-95c1-1261d6cba0cd,,,,,2026-04-08 19:12:39,2026-04-08 19:12:39
9c8fb4e9-62ac-45d0-8124-0f2dfe3857c9,fceddc00-fab6-4ab5-b4d1-e59c873544a5,,,,,2026-04-08 19:12:39,2026-04-08 19:12:39
9992f191-4cd8-4632-92e9-241db4798c30,e5cf947e-3aaa-4c11-a4ec-dcde9719f36a,,,,,2026-04-08 19:12:39,2026-04-08 19:12:39
926d0821-61c8-45eb-a541-76a1c1fe0b09,69bf4348-7dc1-434e-97ff-91b04a3813dc,,,,,2026-04-08 19:12:39,2026-04-08 19:12:39
febd6a95-500e-41a2-a70e-2015971a6dd7,51220a45-6fab-4486-a58a-0e9fb94920b1,,,,,2026-04-08 19:12:39,2026-04-08 19:12:39
dfd5afa6-fc42-4d66-a2f6-9d1a541d84c4,3db31307-0a09-4017-99e4-77078b24977f,,,,,2026-04-08 19:12:39,2026-04-08 19:12:39
edd62dd7-210f-4a57-ae51-d36fc4db24d1,a7eba6dd-da86-4c11-8fb0-7777f6bbe9b3,,,,,2026-04-08 19:12:39,2026-04-08 19:12:39
036283eb-b06c-446d-8cd6-e23aa84f811b,e692ab0e-c042-4bba-8f6f-f1f8818e9524,,,,,2026-04-08 19:12:39,2026-04-08 19:12:39
79bfaba3-9fcd-456e-9ae7-00502af416a1,f666be8b-6d4d-4238-b91b-c8427cced688,,,,,2026-04-08 19:12:39,2026-04-08 19:12:39
9d99648b-e3b6-4c5c-be67-6d5162a58930,406220bf-ebb8-4585-8c20-816004c83a2a,,,,,2026-04-08 19:12:39,2026-04-08 19:12:39
06c34a0b-d298-4fb8-bda6-e8c35ca99845,9be962ca-435f-409c-8405-7c258a5e4540,,,,,2026-04-08 19:12:39,2026-04-08 19:12:39
0bf5151d-08f4-44c2-84fa-aa4f93a129b5,d729e1da-3192-4c63-b002-295d95108206,,,,,2026-04-08 19:12:39,2026-04-08 19:12:39
f6e06b6b-db1a-4af5-b320-7ff28c41afb2,ef796d0e-41d1-49a9-b18c-e3bb33c828c7,,,,,2026-04-08 19:12:39,2026-04-08 19:12:39
16d03a8d-ee7d-4d93-ac16-fe1086359d56,9046587f-af6b-4754-a11b-0de9a917a5da,,,,,2026-04-08 19:12:39,2026-04-08 19:12:39
7c26eea7-b1d8-4416-b64c-45e1e7d2f22d,053d455f-f348-47a7-abb5-1f0aa90800db,,,,,2026-04-08 19:12:39,2026-04-08 19:12:39
5abe38e0-7aff-4a86-af96-976289dbaeb2,340660f7-d55a-4a46-b7aa-cc571a54ee8b,,,,,2026-04-08 19:12:39,2026-04-08 19:12:39
3b128e44-50db-410e-8f51-b81fc9fbf999,b8bab8c8-4073-4c8a-ae59-88aeb7f38034,,,,,2026-04-08 19:12:39,2026-04-08 19:12:39
6c6474e0-6bfb-45f9-9938-58868c4bfe27,621a3355-74b1-43be-acbe-da7478db825e,,,,,2026-04-08 19:12:39,2026-04-08 19:12:39
05053294-d8a4-4ed8-b1a1-9e50455cfc1d,3dc42170-96e0-4a96-a099-1ef7494cf6e1,,,,,2026-04-08 19:12:39,2026-04-08 19:12:39
6f2ff350-7531-4280-bd76-e8798da12b11,dbf804db-4b49-4aa5-ad9f-2434275ebe70,,,,,2026-04-08 19:12:39,2026-04-08 19:12:39
7ecad858-72be-4f1b-8cf4-43b671c3b504,7792e759-bf79-4fff-98e4-b69f4bd1d892,,,,,2026-04-08 19:12:39,2026-04-08 19:12:39
20a41db3-84dc-4e00-a534-674ba0870b97,fb1728a5-2463-480f-a478-c9f5246ebf78,,,,,2026-04-08 19:12:39,2026-04-08 19:12:39
d6901a17-fce4-4a8d-a0eb-6666dbfb8f25,312eb8b0-0c26-42b5-bc97-65bd2f9edb56,,,,,2026-04-08 19:12:39,2026-04-08 19:12:39
7c4311d4-ce3b-4a43-b2ae-b76897af9652,35d98fcf-d37e-4986-adb1-5ea6f4d648e1,,,,,2026-04-08 19:12:39,2026-04-08 19:12:39
9cb2fd6f-17c4-431b-8719-dcd6d6a6196d,ba7fc149-0aeb-4ee5-ba77-0d3ce433ac6f,,,,,2026-04-08 19:12:39,2026-04-08 19:12:39
f2a553df-571c-48f6-bf00-d5cb73017d4b,845f854d-486a-407b-abdc-9eee1a9d5e0b,,,,,2026-04-08 19:12:39,2026-04-08 19:12:39
6a93dcf6-01e5-49ff-a827-dbc53c98d11d,6be8a4f6-2ba9-4206-bd3a-41621bd3faf2,,,,,2026-04-08 19:12:39,2026-04-08 19:12:39
0e796380-cf7a-403a-a50f-01631ca62195,b9f325f7-a411-4a9b-815f-2a1114f121e8,,,,,2026-04-08 19:12:39,2026-04-08 19:12:39
0b1f2236-c820-4804-b06d-556cc3680a04,f972c1fa-df77-4dfa-a12f-852db41b151b,,,,,2026-04-08 19:12:39,2026-04-08 19:12:39
401564f5-78ad-4cb0-827b-062769671b7d,a50c051e-00d4-40d5-80fc-acafad618301,,,,,2026-04-08 19:12:39,2026-04-08 19:12:39
a0f68330-3e86-4873-8916-85be4966875b,f35f9205-3445-46fc-93a7-70754bbb831e,,,,,2026-04-08 19:12:39,2026-04-08 19:12:39
dc1b1521-2b1d-4f67-a847-5ae6bff1c29d,b6928231-2f7d-4312-a104-6c4f4072639b,,,,,2026-04-08 19:12:39,2026-04-08 19:12:39
c6fd9e2f-7de8-4803-ac52-6e1864c5c2d3,068db058-9b57-4f92-a6e8-3b8040ff294d,,,,,2026-04-08 19:12:39,2026-04-08 19:12:39
695f1f15-1a7e-409f-a08d-5ae8c41c9684,ba807709-b813-4de7-b718-ab7b0632caa0,,,,,2026-04-08 19:12:39,2026-04-08 19:12:39
db19073d-a8a4-4a4f-a168-4b3ec6564d06,b89c4430-fb8d-4b2a-8682-bcb3995c63b3,,,,,2026-04-08 19:12:39,2026-04-08 19:12:39
c41828bc-ee3f-4ade-91c7-97b7ac7184f4,5dddf3b9-e2f4-4ac9-9ba3-7d9876518fd1,,,,,2026-04-08 19:12:39,2026-04-08 19:12:39
604661db-fe7b-4058-b955-0704b790b61e,077d3a73-f642-4552-a99c-0f7ea7527d91,,,,,2026-04-08 19:12:39,2026-04-08 19:12:39
737e81a2-14c2-4102-802c-0f240d00ff83,8a1ff7c2-68de-46c0-95af-2d35883eb196,,,,,2026-04-08 19:12:39,2026-04-08 19:12:39
64a1e2dd-65a4-4048-9a6c-7cf4174784b3,160623fb-ddfa-4509-ac87-d68e8fbedb69,,,,,2026-04-08 19:12:39,2026-04-08 19:12:39
537e10e3-ba5c-4724-bb5b-8d0de83d1afe,f40db21d-f1e2-4e76-a492-7e39faa748b0,,,,,2026-04-08 19:12:39,2026-04-08 19:12:39
b7a62e1b-602e-45d2-b6cc-d90c8d528bb2,700738d3-0a9e-4552-aa3d-7bccf57d3cee,,,,,2026-04-08 19:12:39,2026-04-08 19:12:39
8db62a6d-5e30-4df8-b1db-02ce9d46c97e,44ddf9cd-a3f4-471e-b998-a16a0c6c68fe,,,,,2026-04-08 19:12:39,2026-04-08 19:12:39
5208c252-456f-4844-b9ff-2ed4ce0adede,fe014b94-3e36-4d7a-b8dc-40a9609646b7,,,,,2026-04-08 19:12:39,2026-04-08 19:12:39
caa8376c-b677-486f-96cf-fc700201e7b7,042a2855-069f-468e-a8fe-9fa9da0a2fbe,,,,,2026-04-08 19:12:39,2026-04-08 19:12:39
bf95f9c6-17a0-45c8-a60a-477a250a3be6,acc8868a-11f0-436d-8fb3-be31dd039824,,,,,2026-04-08 19:12:39,2026-04-08 19:12:39
eee43733-e0ee-4616-b07f-53f6a215f811,b05d00c5-b8cc-40a6-af42-7aea157e6900,,,,,2026-04-08 19:12:39,2026-04-08 19:12:39
f4a38ba6-266b-447d-a891-a64b481811c2,e0876123-c161-41f6-8884-58faf275c69f,,,,,2026-04-08 19:12:39,2026-04-08 19:12:39
3c6c72a4-6fc7-4105-8263-d722e64e8fe4,9ec8ca99-4c65-40cc-9c95-a2bbe3ced478,,,,,2026-04-08 19:12:39,2026-04-08 19:12:39
3fd5b74e-e61d-4c86-836f-992725defae1,1b8e6d6d-113f-4e77-957f-01e3bd52578f,,,,,2026-04-08 19:12:39,2026-04-08 19:12:39
e5cf09fb-e9c6-4d8d-ab78-e3fbe713aa8b,9e086037-cefe-425f-a357-1d6690f12dea,,,,,2026-04-08 19:12:39,2026-04-08 19:12:39
cd28792f-8ba5-4f68-91aa-0c254fe6ce07,b63fae1a-caa4-4f9a-9604-52d7cff8c9bd,,,,,2026-04-08 19:12:39,2026-04-08 19:12:39
0a707a3d-c3c4-4fb9-9ceb-be7d6edfcfbf,f4cec09d-2547-49fa-ba46-b389675c429d,,,,,2026-04-08 19:12:39,2026-04-08 19:12:39
b4a9b58a-ba8d-445f-a050-46cd52e6bf96,ded5e446-f2c4-47aa-bd29-91730a7739bf,,,,,2026-04-08 19:12:39,2026-04-08 19:12:39
3ede71e3-87bd-48cf-8c11-18f018301b2d,a6902c41-259d-4c02-890c-9d26dbf44def,,,,,2026-04-08 19:12:39,2026-04-08 19:12:39
95395499-d9f5-49fc-8542-56106cd31462,b7d63878-614a-4693-8c99-7e3d0fbe19c0,,,,,2026-04-08 19:12:39,2026-04-08 19:12:39
b4d9c7b5-ba49-4ff5-a9c3-19ec5d46a5c8,3d73bf80-6457-439e-8cd4-5430ae98b975,,,,,2026-04-08 19:12:39,2026-04-08 19:12:39
6de114a0-898f-4d23-a5cb-48d95fa6baf8,5cf59a22-393b-4156-a2b7-16c15eeaa7bf,,,,,2026-04-08 19:12:39,2026-04-08 19:12:39
ca4c758e-571a-4fbd-83ee-fea0566c09d5,4bc6f019-460b-4f53-a1ee-e195d6c6d2ba,,,,,2026-04-08 19:12:39,2026-04-08 19:12:39
5551789c-5e67-4019-a216-ed6ba6257162,2f924aab-43e7-45fe-93d6-2eb1c6193ab7,,,,,2026-04-08 19:12:39,2026-04-08 19:12:39
e5f24e30-0053-4d70-b2a2-50c4d87ed38a,250f66f9-35dd-44b5-8f9a-c1be3e798460,,,,,2026-04-08 19:12:39,2026-04-08 19:12:39
72244f91-6228-42cc-96d4-0c85cf26cfbf,9b8f1b41-8380-4e75-9886-2b2c38aa6397,,,,,2026-04-08 19:12:39,2026-04-08 19:12:39
18c558cc-f395-48ef-8a07-d41aab0ae422,e9f40097-07b0-4914-9bac-82666fe10813,,,,,2026-04-08 19:12:39,2026-04-08 19:12:39
0155b8b5-ddb9-4855-9b1e-666f3f1c87f8,ad81ddd4-c599-4d34-bbb9-58130ba44c4e,,,,,2026-04-08 19:12:39,2026-04-08 19:12:39
f1cf495a-f2b1-4af1-bd5a-570630f42b2e,7f387838-b43c-4b61-845f-b2265fb3687b,,,,,2026-04-08 19:12:39,2026-04-08 19:12:39
3995264a-3910-425a-82dd-e786e5115ad8,01a72b31-72fd-4f4b-8510-4316ff2decaf,,,,,2026-04-08 19:12:39,2026-04-08 19:12:39
2af21f7f-6b00-4807-8490-77bf72317cbf,7ac0098a-aefc-448d-be62-36d3714e9fa7,,,,,2026-04-08 19:12:39,2026-04-08 19:12:39
f2d5d0b1-024a-4d8a-a1a7-54c1f7b7d7c6,18a3d7a8-0ded-414d-8ab5-bed4626a4bd1,,,,,2026-04-08 19:12:39,2026-04-08 19:12:39
0cb4776d-f1bc-41e1-a67d-af9870dd36ac,e1f6f025-556d-4820-82dc-063bf63e0121,,,,,2026-04-08 19:12:39,2026-04-08 19:12:39
2c6a5dc9-41f6-4961-a913-037ef74983ee,6e99e9de-a3e8-4b5b-b490-5eca725bb890,,,,,2026-04-08 19:12:39,2026-04-08 19:12:39
3b4ea846-45fb-4414-92e5-d96e68a1f6a6,a326f9a4-1e09-4af4-88d1-8e437ecc4ab0,,,,,2026-04-08 19:12:39,2026-04-08 19:12:39
d39e6b67-5306-42df-8d2c-1f4fe1accc21,36e2d828-121e-420a-8965-b03adc307e7c,,,,,2026-04-08 19:12:39,2026-04-08 19:12:39
a491dbd9-6b11-4b57-a873-dc154ba426ca,6b0c4895-46c1-4338-a308-67d457cd2c27,,,,,2026-04-08 19:12:39,2026-04-08 19:12:39
2636b7ae-1811-4533-8295-b6bbb91e6488,77eb3c30-4f86-455d-953c-556e71e3b5e6,,,,,2026-04-08 19:12:39,2026-04-08 19:12:39
fbae7f92-be86-4c6c-b818-49af252aa047,9baa2265-151c-4a03-bd67-c354c2955958,,,,,2026-04-08 19:12:39,2026-04-08 19:12:39
8b4fde93-8551-48dc-b859-e02755d12ef1,25edcefb-3ec6-4291-8de2-802223ddb0df,,,,,2026-04-08 19:12:39,2026-04-08 19:12:39
54134837-24e7-4089-87ce-15e79624c89a,e6ae8cfd-5609-405d-84d0-eb2cd7dfb602,,,,,2026-04-08 19:12:39,2026-04-08 19:12:39
dfaffc38-382a-4b7e-938d-a1072ff2c9ff,da08f848-e342-4296-9b01-88e9fd6f60c8,,,,,2026-04-08 19:12:39,2026-04-08 19:12:39
fa3ba297-cd4d-4c89-8916-ab3de037fc16,24c57300-df31-4c78-866b-92fd3d34cc89,,,,,2026-04-08 19:12:39,2026-04-08 19:12:39
0e0e1e2b-a0f6-45bf-87fc-361a393cfd55,06641609-8d1f-4941-b037-5ed26c8445ef,,,,,2026-04-08 19:12:39,2026-04-08 19:12:39
a36e091e-d9ee-4eab-8e07-955776d84512,56e2a6fd-0ffd-4bc1-8215-017d0f6552e2,,,,,2026-04-08 19:12:39,2026-04-08 19:12:39
b8b96e3b-0534-4e6c-be8c-59d43a5d87cb,189df847-5c96-474b-95a6-157306476b4d,,,,,2026-04-08 19:12:39,2026-04-08 19:12:39
e97e4813-4a7d-4a1c-b676-b268f58665b7,b0e1c1b0-2b80-496a-a4e9-887f327e006d,,,,,2026-04-08 19:12:39,2026-04-08 19:12:39
11675a31-c975-44ef-9a80-d032d4013cb4,32047847-ba3f-491e-88c4-c991c5daacdc,,,,,2026-04-08 19:12:39,2026-04-08 19:12:39
bd3ae69b-6ee0-4000-a206-9464c6540034,2e674620-124c-48a6-8ed4-66ce3d32f744,,,,,2026-04-08 19:12:39,2026-04-08 19:12:39
b09b5a57-6e56-49d1-aba1-d255726c0e13,b1ef131b-bcab-476d-970c-a59289f935ef,,,,,2026-04-08 19:12:39,2026-04-08 19:12:39
d1c8f534-7431-4252-8976-76b52a2b7de2,b90e3faf-77d4-441d-88a2-67a9f4a9d03a,,,,,2026-04-08 19:12:39,2026-04-08 19:12:39
3beffd46-2ded-4680-a37c-a0a693f7c17d,66324a4a-68b1-4a0c-9f9e-0268a53f724a,,,,,2026-04-08 19:12:39,2026-04-08 19:12:39
9d8ffdb0-8fff-4cf5-9699-432a977f6cbb,838261cd-1151-4d22-b47f-917c600c6a9f,,,,,2026-04-08 19:12:39,2026-04-08 19:12:39
19ffccd8-3be7-41c0-a1ae-6cc7d56f6dcc,7cd5a7a0-a2b8-4ac4-a744-d726c09bb2f2,,,,,2026-04-08 19:12:39,2026-04-08 19:12:39
81b481e4-e63e-4a33-94b5-efd81e1a5967,9f92ca7d-3106-4cd3-af1b-83475cc000f4,,,,,2026-04-08 19:12:39,2026-04-08 19:12:39
08258557-d84f-48ec-96f6-820b84830787,924a000c-fe70-41bd-87c2-52b88cdd93bc,,,,,2026-04-08 19:12:39,2026-04-08 19:12:39
ea4b373b-cb13-495e-b7b3-b4aa1cdf7ff6,c7ec582c-9725-4ecd-8978-9753f2481d69,,,,,2026-04-08 19:12:39,2026-04-08 19:12:39
f4d3afd9-16c6-450f-a677-1095092d8661,b9384c60-a7ef-436b-acb6-8bd3838bc60e,,,,,2026-04-08 19:12:39,2026-04-08 19:12:39
6f597e5e-7fe2-4afd-b1db-9452194faac9,3ba35f12-ac66-4960-8ce6-88fbba3534a7,,,,,2026-04-08 19:12:39,2026-04-08 19:12:39
6d0c6a28-6110-47d8-a6d5-b0ec15a33e73,e6624378-4692-46ec-9109-73be35ac872d,,,,,2026-04-08 19:12:39,2026-04-08 19:12:39
6ffb4ce4-122b-44c7-bec3-ed29038588ba,4d85b217-18e1-4a50-8056-bfb8e07658da,,,,,2026-04-08 19:12:39,2026-04-08 19:12:39
cb4b24d9-c1bc-4f00-89f1-a36b7ea550af,3e0192de-3758-492d-a303-21e94554e8b2,,,,,2026-04-08 19:12:39,2026-04-08 19:12:39
650fa6cd-3536-4150-93fa-46b2629e33d8,2a08f1d2-7cf6-4828-8e4c-c87e4a7f5065,,,,,2026-04-08 19:12:39,2026-04-08 19:12:39
c3b105e6-daba-46f0-8610-14803efc6b06,2fb23263-7912-4e25-95fa-6e731e792183,,,,,2026-04-08 19:12:39,2026-04-08 19:12:39
1b4bb415-f43f-43c9-9f3f-252c253a8a89,78f92764-be1d-4eec-8a7d-eaa8fb4e1733,,,,,2026-04-08 19:12:39,2026-04-08 19:12:39
220580cf-7273-4cee-9ad5-c41a211a7168,e563a68e-5a9d-47da-887f-986daf7d8d20,,,,,2026-04-08 19:12:39,2026-04-08 19:12:39
a23fa572-2c65-4dfe-b86c-b6f0be9eb8c5,d0fdb033-801b-4ae2-8097-10c1021aff96,,,,,2026-04-08 19:12:39,2026-04-08 19:12:39
719272da-1e01-4950-946d-c411defee6e3,1b8c3826-ce49-4807-b967-b7ca4e81f2e0,,,,,2026-04-08 19:12:39,2026-04-08 19:12:39
7e238faf-0724-4b34-9f07-25600d9e3eee,58edfc0a-63e1-411c-bac0-7f157fb165da,,,,,2026-04-08 19:12:39,2026-04-08 19:12:39
08b98a13-9fab-47ae-9d9f-59954150518f,10c97c82-1b55-4e96-b72b-a6a6c0478864,,,,,2026-04-08 19:12:39,2026-04-08 19:12:39
dfe81136-e9a0-4faa-832d-f893deb7805e,a70a8b5b-6da2-49ad-87c6-08dd6fa5b76f,,,,,2026-04-08 19:12:39,2026-04-08 19:12:39
8a63364e-a601-4041-a112-54c8989f4dc1,409eb261-d477-4627-a2ef-0aaa69ea5f4c,,,,,2026-04-08 19:12:39,2026-04-08 19:12:39
11e7f716-a363-462c-9124-dead04d0ab53,82f8495d-2b15-4fb0-ba3d-481bb33eef2c,,,,,2026-04-08 19:12:39,2026-04-08 19:12:39
807e782b-e6ed-4291-94e9-5a33421aaf00,5e26a2f7-46e4-45ee-b74a-99adc60cf62f,,,,,2026-04-08 19:12:39,2026-04-08 19:12:39
9033d024-4d39-42f2-ac91-cdb4c851d46f,dc4fded0-7ced-4568-809c-0e9b214ea771,,,,,2026-04-08 19:12:39,2026-04-08 19:12:39
ab101497-9d0f-4771-923e-01010d6b7039,281d6596-487c-40cb-b1e6-7b75817e2dd6,,,,,2026-04-08 19:12:39,2026-04-08 19:12:39
af6a048c-31f8-4b5c-b014-5735d6e29c77,5a81ef5b-bbf7-4f82-82c5-f4afe94adfd9,,,,,2026-04-08 19:12:39,2026-04-08 19:12:39
ed16d71a-29d2-4d53-8eaa-24bf14c556fd,f1b3d902-3616-4702-855e-d9b961c10cab,,,,,2026-04-08 19:12:39,2026-04-08 19:12:39
10c5c859-3b79-48a5-b39e-489772d8cde7,8df69cdd-2574-4f8d-a786-e16d9612e34d,,,,,2026-04-08 19:12:39,2026-04-08 19:12:39
62523e7e-dead-4003-9adc-5b825384ddd6,1ec1c717-a08f-4a2c-9c1d-4258c80a42eb,,,,,2026-04-08 19:12:39,2026-04-08 19:12:39
44b1dc8b-7ca5-40c0-abfe-147c6e991edc,4bcfa857-b242-41a7-a67f-38879772b395,,,,,2026-04-08 19:12:39,2026-04-08 19:12:39
e233e3d7-2821-4263-8beb-8440f10dccbf,d45394e6-ef00-4927-a611-db808e09f64a,,,,,2026-04-08 19:12:39,2026-04-08 19:12:39
976284d8-8976-41c0-bc73-6d13e31ee508,d606ac04-95ec-469a-8fce-1bc8aa070951,,,,,2026-04-08 19:12:39,2026-04-08 19:12:39
a4f58dda-5e68-462f-bf63-9700de413e87,f536a6f7-a39a-426d-8e0e-10a067b859b9,,,,,2026-04-08 19:12:39,2026-04-08 19:12:39
6a0a7890-283e-468a-a2d9-eb7d8aa96118,77e459d0-0690-4a80-afc6-86265f45f51e,,,,,2026-04-08 19:12:39,2026-04-08 19:12:39
c693fcbb-80b9-4b0f-9633-6dc3f4c92ad1,467feecc-efae-44fa-bd8c-f63656861b07,,,,,2026-04-08 19:12:39,2026-04-08 19:12:39
a2df17b6-f93f-4913-b72f-dd849be198d8,892deab2-2df3-4670-934b-dab9b16c7b8b,,,,,2026-04-08 19:12:39,2026-04-08 19:12:39
6b45dd96-a840-4092-9345-f67417d132c8,c5f1a4c2-1e09-4c96-a420-bf09f6a0c503,,,,,2026-04-08 19:12:39,2026-04-08 19:12:39
c92c4d9e-be5e-431d-a4f8-9836c22774ce,58c158cd-4f87-4139-b1de-256940ae0308,,,,,2026-04-08 19:12:39,2026-04-08 19:12:39
332284c7-fbb4-4e07-b5cb-d7d9a957fdef,e7db9645-fbfb-4a9b-969c-6ffc85300761,,,,,2026-04-08 19:12:39,2026-04-08 19:12:39
19b46c80-2179-44ec-bad9-6bedd46b6b79,3d10c021-e813-4c02-923d-333adc836188,,,,,2026-04-08 19:12:39,2026-04-08 19:12:39
a0cb852e-b927-4502-a5f5-f6d1cb4e7760,97c8b98e-a26d-49c3-8a51-4ffa43077a53,,,,,2026-04-08 19:12:39,2026-04-08 19:12:39
a214d9a6-3634-4210-bcaf-19d95557e19d,e0e87c08-ef81-48f2-81ea-628a50037ea6,,,,,2026-04-08 19:12:39,2026-04-08 19:12:39
32ac3d38-fe58-4723-b7a4-9fc3b646029f,84196b02-243d-4d01-9dac-a48c3a038ae7,,,,,2026-04-08 19:12:39,2026-04-08 19:12:39
a6cb4b67-4542-4efa-8346-5583dd064acc,444ba78a-80de-41b3-be3c-af8b7e606160,,,,,2026-04-08 19:12:39,2026-04-08 19:12:39
bcf9255a-34c7-48cd-b9ee-f0f566d41489,61b25946-074b-45ca-9423-1818f099fb2d,,,,,2026-04-08 19:12:39,2026-04-08 19:12:39
e73e4033-8f9d-4b47-8d73-5e01e337bb2d,210d63e7-5247-4030-9110-6f9f51e9e505,,,,,2026-04-08 19:12:39,2026-04-08 19:12:39
502710e2-8a67-489b-80a3-28b8edbc4e29,809da34b-95f5-4ff0-8784-5ed6625db24c,,,,,2026-04-08 19:12:39,2026-04-08 19:12:39
810e7082-4e63-4ca6-b1f5-142e05e787ca,9317be9f-53b5-4b12-ba41-a3df2308a4ef,,,,,2026-04-08 19:12:39,2026-04-08 19:12:39
c147c104-ddcc-466a-be5d-0d5453b35b8e,19b0bd50-e8dc-4c7d-b4db-b18fda0ac22e,,,,,2026-04-08 19:12:39,2026-04-08 19:12:39
10404764-fa56-4f2f-b316-d2d646f1c46b,ee845faa-8b52-4363-bc0b-30ea5ff5fbf5,,,,,2026-04-08 19:12:39,2026-04-08 19:12:39
66816f65-8321-4812-a169-bc78e4f9a714,f3833f32-fc8d-4ee9-ac05-7a04c5c06c52,,,,,2026-04-08 19:12:39,2026-04-08 19:12:39
fa6b35e9-ae33-49a3-8e3a-f26aa663be91,0fa5f493-d64c-4a8e-9cab-e3d628b135ce,,,,,2026-04-08 19:12:39,2026-04-08 19:12:39
680374c4-88c4-4fc5-b341-033af5dfbde4,12e776c6-ee80-4c1a-8d30-020603c47614,,,,,2026-04-08 19:12:39,2026-04-08 19:12:39
53b51d88-cace-45be-a2d8-65ebb4902593,9bf37622-e59c-4760-8635-33ac941ed453,,,,,2026-04-08 19:12:39,2026-04-08 19:12:39
d5f28dbd-003f-4e5c-9196-444d6012b94e,e3933e0f-40bf-4f1c-ba14-6808e2fd2af7,,,,,2026-04-08 19:12:39,2026-04-08 19:12:39
c06cb6e0-9898-4676-884a-f88ec2753e75,2f3ec754-b9c2-4421-8ea0-2cd9d55bb57c,,,,,2026-04-08 19:12:39,2026-04-08 19:12:39
c4ead4b9-6799-4e1d-b3ef-8af1d4545b75,ed46ea93-2a25-4066-8471-7c67c67eab60,,,,,2026-04-08 19:12:39,2026-04-08 19:12:39
5ff11fd7-fc5b-4f95-8dbe-a08b21437606,fa8a92c1-0be8-4b1c-8457-aa690123386f,,,,,2026-04-08 19:12:39,2026-04-08 19:12:39
922976d8-a2fb-465a-9335-b3d377d5748e,6e81fac4-ac6f-4964-b18b-50c516c30615,,,,,2026-04-08 19:12:39,2026-04-08 19:12:39
4f7ebb34-4f9b-4c02-8d6a-1e8ea7bb990c,72555933-3b76-4ad3-bcf5-4ea806655e19,,,,,2026-04-08 19:12:39,2026-04-08 19:12:39
6ca704e3-1ac8-4ee5-a2a4-966bf5d39d17,f2d01da9-1eb6-40bf-abe5-884dd6a4b490,,,,,2026-04-08 19:12:39,2026-04-08 19:12:39
fc22a6c4-6794-4324-a4f9-22d8e5cc213d,e8d75551-b5ab-42da-a421-2ffd21919ce7,,,,,2026-04-08 19:12:39,2026-04-08 19:12:39
b2fde171-a889-4ad9-9192-a5d81a8ecfb4,cb2c70d3-9162-4edd-a5bf-c14837dc133e,,,,,2026-04-08 19:12:39,2026-04-08 19:12:39
bbcb7674-1067-4276-99d3-bad5f4b0be2f,28a2aa35-ceeb-4fbc-a1d4-12ceacbf1d10,,,,,2026-04-08 19:12:39,2026-04-08 19:12:39
7cbeb583-6abc-498d-a1b4-c1edad20c098,2dd75aab-eb64-4000-80e7-badc42e1e87c,,,,,2026-04-08 19:12:39,2026-04-08 19:12:39
d929b030-913e-48cc-8205-43bdf12adeb3,09ba138b-ffb3-4dfa-b746-0f41d40bc4e6,,,,,2026-04-08 19:12:39,2026-04-08 19:12:39
d5991860-da54-49fa-8280-6b1939e0a166,c2d91b52-034b-49b9-b905-693c3165e5ec,,,,,2026-04-08 19:12:39,2026-04-08 19:12:39
25a28844-6d91-4433-b466-15f1d743065f,fb659c48-d538-4863-9a7e-ba6d126b02c8,,,,,2026-04-08 19:12:39,2026-04-08 19:12:39
620eb328-a3cf-4c78-bf57-53c0f8dab3b7,d838816a-83aa-4c1c-a4ee-510f3fb53ae3,,,,,2026-04-08 19:12:39,2026-04-08 19:12:39
5aaf33fd-a5a5-4d49-865d-3bcc007823d9,599c516d-81b2-4582-8448-d4c1f3bd6277,,,,,2026-04-08 19:12:39,2026-04-08 19:12:39
1738673b-73ab-4436-a29d-b0f8fa754dee,3e613ff2-228f-4f34-aad7-c3debe844166,,,,,2026-04-08 19:12:39,2026-04-08 19:12:39
c9106547-f7c5-4472-bbc6-f1dec808a3ab,08852d4d-981c-44b8-bb54-8b540d859140,,,,,2026-04-08 19:12:39,2026-04-08 19:12:39
c07fc6a5-65bb-4383-ae8a-d7035e8b0f2e,57bb483c-68bb-4275-8657-a894bc3beff4,,,,,2026-04-08 19:12:39,2026-04-08 19:12:39
f07f04c6-ba93-49c9-9d21-55b1eb99aad0,89246480-75d4-4c5e-8df0-fd8a8fc54c74,,,,,2026-04-08 19:12:39,2026-04-08 19:12:39
e8f67986-12e5-4ea6-818f-f6d65f2b7c37,0477ef0e-8f4f-43d4-942f-281aa0919cbe,,,,,2026-04-08 19:12:39,2026-04-08 19:12:39
d591076b-a79a-4397-92b6-077826780e10,348ac824-d296-4c99-9b4a-655ab1a115b5,,,,,2026-04-08 19:12:39,2026-04-08 19:12:39
b90bc04d-7b51-44bf-8943-40b09837b9d9,a1c5a0c5-b832-46d4-983f-f0bcaabb606a,,,,,2026-04-08 19:12:39,2026-04-08 19:12:39
b14dd079-8133-4c82-9416-e6e03e209c6e,1f49b55c-a12d-4dc6-833e-bb26df2c57c4,,,,,2026-04-08 19:12:39,2026-04-08 19:12:39
71e06d91-bfa4-4453-bf18-1be9bf0eba97,9b7f8fe8-0ad8-43bd-a567-b363f1cedca7,,,,,2026-04-08 19:12:39,2026-04-08 19:12:39
b4683319-50a4-4d03-a07e-8c1e220c56d7,19893165-8e50-43b9-9d33-16a486c987c6,,,,,2026-04-08 19:12:39,2026-04-08 19:12:39
008fbf08-4742-484a-be33-cf3390409abb,c29160cb-64aa-4ea3-8154-3ec56586ae4b,,,,,2026-04-08 19:12:39,2026-04-08 19:12:39
0e0fe974-820e-494c-8566-bc14015904ed,f825ada0-f526-4707-b48c-b1667d89d6df,,,,,2026-04-08 19:12:39,2026-04-08 19:12:39
3c2f9f61-8644-4ad3-962c-ee3063eb0f1f,fc23f926-6846-47ec-b5aa-076a339f5bdc,,,,,2026-04-08 19:12:39,2026-04-08 19:12:39
4fd0eb1e-6b6d-450a-8a97-322dde7a7860,68b8afe5-7bc9-4ce4-bde3-8ba9b50f60a3,,,,,2026-04-08 19:12:39,2026-04-08 19:12:39
f9087a57-ed71-4a65-ac2e-4b4a06f84aa8,aaa9c8ee-434d-4720-b1f1-136f181acb01,,,,,2026-04-08 19:12:39,2026-04-08 19:12:39
83820ad8-157f-48d5-b019-1a653a620bc6,1752b46d-3ca0-49f5-bb87-2a20caec03d8,,,,,2026-04-08 19:12:39,2026-04-08 19:12:39
67fc097e-2a51-4f35-b706-580bde81cf8d,1ba006ac-3aa6-48e0-b881-b1fff1b3d38d,,,,,2026-04-08 19:12:39,2026-04-08 19:12:39
51b5ecf7-3ebb-4f64-9d32-a3e231094694,3e5098d9-89d9-4bf2-9ac8-9d202e9e0255,,,,,2026-04-08 19:12:39,2026-04-08 19:12:39
f53c00d0-31b9-4121-aee1-f75935862a1c,fb8fc840-214b-4664-8153-fced838f804b,,,,,2026-04-08 19:12:39,2026-04-08 19:12:39
db823f6c-1bef-47a5-9705-fd481ab6b726,fd04f023-cff0-47a7-978b-8e75a9f7a2a2,,,,,2026-04-08 19:12:39,2026-04-08 19:12:39
5ecf8a15-da0c-4efb-8496-0c1138c8a4fe,b5fae857-14b4-4aad-9d05-5b488428777e,,,,,2026-04-08 19:12:39,2026-04-08 19:12:39
39260b15-91d3-40b8-806b-d92891142d96,255ef205-498d-4770-a845-c9e06ff20186,,,,,2026-04-08 19:12:39,2026-04-08 19:12:39
23fda30b-3aae-423f-8ef7-2845ec16e93f,a6f8b3fd-dfb8-4876-b135-d278efb6f1f3,,,,,2026-04-08 19:12:39,2026-04-08 19:12:39
92eed4e9-b2d6-4e17-b406-9ec11449abbb,28352a48-a948-4a0e-bf2c-da3f6b4a0b55,,,,,2026-04-08 19:12:39,2026-04-08 19:12:39
11107487-da98-4c7f-bf8c-b1cf302f0236,e07a504e-14ee-47b4-948e-a4eac52c262f,,,,,2026-04-08 19:12:39,2026-04-08 19:12:39
7bf12709-56d8-48fd-a437-4850de42a095,c4b3a8b2-5058-4cfb-925d-88ec95ffd834,,,,,2026-04-08 19:12:39,2026-04-08 19:12:39
6e38ced4-1483-4603-ac9d-04749cbbeb68,7c806aa1-be04-475f-bdac-ce68d996a38f,,,,,2026-04-08 19:12:39,2026-04-08 19:12:39
1634e90e-8a80-41fe-b659-b5c18e6485b1,dc685106-c76a-43b2-8814-ddcad924d2a3,,,,,2026-04-08 19:12:39,2026-04-08 19:12:39
93b8c6f2-452c-4465-a691-86078ad7ab79,848a2b5b-4768-48c4-834b-36abf351f26f,,,,,2026-04-08 19:12:39,2026-04-08 19:12:39
5f335bd7-9007-4974-befa-2eaea3273267,eb7135a4-99e2-4475-ba88-ef1866ddd5d7,,,,,2026-04-08 19:12:39,2026-04-08 19:12:39
a07ae532-431c-4475-aad9-c1e88acfbf02,c831b445-7049-447f-a707-e90c80aa8f0b,,,,,2026-04-08 19:12:39,2026-04-08 19:12:39
091876c8-1eb1-4538-9663-8b84475d83d7,3444da02-3477-4daf-a390-67d2d5620cf7,,,,,2026-04-08 19:12:39,2026-04-08 19:12:39
6ccc060d-44d7-42c0-b8bc-25e813cb84d3,5d4b78a4-9190-408b-9f89-3218c6ab1ef2,,,,,2026-04-08 19:12:39,2026-04-08 19:12:39
3cbe5987-af32-41e0-840d-6fa624261af8,df15ab03-7a49-4c40-afe0-8daf44d15a62,,,,,2026-04-08 19:12:39,2026-04-08 19:12:39
2524854d-988e-4913-9b4b-2d612b67d71f,1b0e5fbe-4640-4a9d-879c-72cc1c9aa4a0,,,,,2026-04-08 19:12:39,2026-04-08 19:12:39
74012f44-d6e3-4ff7-931f-13fb8868a563,d8532fc5-48d7-4fb5-ba8f-5d53cfa0d3ae,,,,,2026-04-08 19:12:39,2026-04-08 19:12:39
ece88da9-ba22-4c48-aa70-b71ea37c720f,1304086e-f88f-40be-8d2b-4ae7b103d67e,,,,,2026-04-08 19:12:39,2026-04-08 19:12:39
dc1910d1-75fb-4914-94b3-8beaf6da57cb,1a625c4b-3c69-4474-bf5a-157916c79b29,,,,,2026-04-08 19:12:39,2026-04-08 19:12:39
ed246363-8595-46c4-8178-2ce5a070797c,49f6affd-baf6-4627-af9b-8013880bdc42,,,,,2026-04-08 19:12:39,2026-04-08 19:12:39
f6ce8bfb-414f-4944-b2f2-1d0e5f8ac1b4,859fa1e2-246c-4479-9743-68db1ae44794,,,,,2026-04-08 19:12:39,2026-04-08 19:12:39
4d29bef5-5c7b-4595-93ad-3af24f5021af,52b1540b-d098-4eac-9191-54e03dbf6d7d,,,,,2026-04-08 19:12:39,2026-04-08 19:12:39
8ce75540-4be1-4e93-bff9-c646743f9973,57c7c802-b87f-4d3b-9970-7aced5e4b9ef,,,,,2026-04-08 19:12:39,2026-04-08 19:12:39
0c118e02-d52a-4d2f-bda0-6d90ece241ea,55535d31-096c-43f2-b6a1-cb814b62af2d,,,,,2026-04-08 19:12:39,2026-04-08 19:12:39
4e9e04c8-4261-44e0-a74e-7882ecb570a2,2c69320a-a686-4fcf-a618-9fd595f0cac8,,,,,2026-04-08 19:12:39,2026-04-08 19:12:39
4951aa47-f1de-4b8a-ac8c-93f5fea64b24,4d31d3ff-3ed8-4910-897a-dd602ad8ccbe,,,,,2026-04-08 19:12:39,2026-04-08 19:12:39
f2748435-5511-4dd3-bd40-017aa5dafa9b,1dd34dc1-1e74-4a4a-919d-28b297809af9,,,,,2026-04-08 19:12:39,2026-04-08 19:12:39
12db1182-f72e-4f4d-8b48-37eaf627817e,c5795cb5-b992-4247-a0e9-445a2bdcf8d5,,,,,2026-04-08 19:12:39,2026-04-08 19:12:39
f92736b5-ff6c-4a1c-a353-cf0b33c7b1b5,95c5e851-bc50-4fdb-973c-b51313621c15,,,,,2026-04-08 19:12:39,2026-04-08 19:12:39
886feeb1-0cad-42ea-8acb-ad7779d7a0c2,f6a17497-2dc2-4617-975f-9d1bd157c51d,,,,,2026-04-08 19:12:39,2026-04-08 19:12:39
ab19c28b-b261-4223-9751-67bc4fb5fec9,c1ff38f5-1ed5-48ad-95a1-fd45936c7a72,,,,,2026-04-08 19:12:39,2026-04-08 19:12:39
6fabb02d-1986-4d06-90ea-5b6c21a9fae2,875c1907-adbe-41ba-80d9-61c69ac37baf,,,,,2026-04-08 19:12:39,2026-04-08 19:12:39
56503519-5c84-4699-84e9-94a497ad0f17,fa6f791e-f7fe-458e-a88e-e6338b8672f9,,,,,2026-04-08 19:12:39,2026-04-08 19:12:39
9b4803bf-700f-4b17-ab57-4508184023a1,5a1dc645-113a-4aab-8c40-b070d3532492,,,,,2026-04-08 19:12:39,2026-04-08 19:12:39
85eea68a-753f-4c54-a887-86f9a1088cd0,92a960b4-c10c-430b-b446-8ce4a261a6cb,,,,,2026-04-08 19:12:39,2026-04-08 19:12:39
0afb73b8-9374-4988-8b23-37c0a98820be,4812b1a7-e708-4ec5-9bfe-8ce84e76b4ea,,,,,2026-04-08 19:12:39,2026-04-08 19:12:39
5753d409-f716-47cb-8794-786ee9fc69a2,f102f818-0f5b-4d15-b691-2cd73a366e02,,,,,2026-04-08 19:12:39,2026-04-08 19:12:39
a4d210b3-41de-41d2-993e-d2d93dc130f0,85f946bc-7810-42eb-bd6a-435977a86c95,,,,,2026-04-08 19:12:39,2026-04-08 19:12:39
6dd9d01c-c33d-4be2-b43f-7671257fee0a,881ee067-a0fd-412a-b276-1bd24b7775c5,,,,,2026-04-08 19:12:39,2026-04-08 19:12:39
9293fc52-3e40-487e-8ebc-d856a2d9de84,059b071e-862b-496c-9bb2-abaeac1e88d0,,,,,2026-04-08 19:12:39,2026-04-08 19:12:39
8055ed94-ba8e-4bbb-b1ac-699b90d97d34,5c68f7ba-3aeb-42df-ada2-7cdeefffacd3,,,,,2026-04-08 19:12:39,2026-04-08 19:12:39
12cd2f3f-7915-442a-af1d-ea90ac3aada7,911443a9-303e-4426-90b6-7da80d9af9bc,,,,,2026-04-08 19:12:39,2026-04-08 19:12:39
6b4286be-abbd-41e0-bcf5-9e7a4ed7f09f,b1b7e99b-4665-45c7-abf5-c0c69214ebcc,,,,,2026-04-08 19:12:39,2026-04-08 19:12:39
07b2e29f-405b-4a9e-ba25-9116549e9728,b32e0c70-fda7-4571-9e43-fca169e84bbe,,,,,2026-04-08 19:12:39,2026-04-08 19:12:39
aa086eb4-c06f-4469-af7b-018161a69e25,161754d0-4251-4efd-a7e2-0d0e96c4fd36,,,,,2026-04-08 19:12:39,2026-04-08 19:12:39
ada97323-ddbc-45c2-8e1d-888cb3179e1e,26368137-e4b6-44b1-8524-864985dd1c00,,,,,2026-04-08 19:12:39,2026-04-08 19:12:39
2a256efa-7484-4983-9d2e-2369bc200658,111c85e3-9df3-4a04-b3c8-40cc4c8f2eb1,,,,,2026-04-08 19:12:39,2026-04-08 19:12:39
48ddc1e4-1949-4554-98be-59ed7dd55083,fe36ef4f-7ee8-46aa-b89c-b3c9b7f3982a,,,,,2026-04-08 19:12:39,2026-04-08 19:12:39
0781bf19-7885-4794-959d-797d4ce26008,c363e89c-5600-4d18-a69e-82def6231b38,,,,,2026-04-08 19:12:39,2026-04-08 19:12:39
7db48399-444a-4782-82fe-da4bde00d51d,b65ce8ee-0aed-4adf-928c-f051096986f6,,,,,2026-04-08 19:12:39,2026-04-08 19:12:39
13d71be1-4d19-4551-97dc-1a02d1635fbf,6d3c1888-06af-42cb-8f6d-bd51a2fc9ac8,,,,,2026-04-08 19:12:39,2026-04-08 19:12:39
54047188-9051-4a3e-832a-ffe86637c5d8,d8e8dfe7-f2c1-4f15-adb7-ff48ea44f3d0,,,,,2026-04-08 19:12:39,2026-04-08 19:12:39
86dae76c-8175-47cd-9ef4-40444978e6e5,6347c074-8a81-419e-bb5a-16b6d0496823,,,,,2026-04-08 19:12:39,2026-04-08 19:12:39
3b1cefea-099b-43dd-b775-43de63019ce7,fbea76eb-7d0e-47de-9fa0-882b849fa833,,,,,2026-04-08 19:12:39,2026-04-08 19:12:39
d1ffc62c-a011-40d3-824f-c0a6115f0973,6bb127d0-0d68-405e-8ab2-a54c46d8cd41,,,,,2026-04-08 19:12:39,2026-04-08 19:12:39
f3eccf50-93d7-49a7-909f-6fbd7a575016,070b7c45-7cfb-4705-829f-d651a25a9478,,,,,2026-04-08 19:12:39,2026-04-08 19:12:39
b712e40e-2438-420b-a6c3-2ea7e302db49,00aa0a73-c430-43d5-8d30-c60a92d498e1,,,,,2026-04-08 19:12:39,2026-04-08 19:12:39
d9d12c00-f1a2-414c-a7d9-e02d06cbb0ed,19358bc3-94dd-4584-8f93-6c784b5c4c56,,,,,2026-04-08 19:12:39,2026-04-08 19:12:39
87e97362-5bce-4b21-98f3-1bd6242a422f,8ebbce63-0dcd-41ff-ab3a-1860f4fe2eed,,,,,2026-04-08 19:12:39,2026-04-08 19:12:39
8ed054f2-5735-455d-99b1-20d684449a18,6a3cdf00-6328-4046-acf8-abc0e2062e85,,,,,2026-04-08 19:12:39,2026-04-08 19:12:39
18cde4e9-5fa8-4696-8aae-7dc1461e0010,01a222de-3b83-404c-ab30-3fbc4ef2637f,,,,,2026-04-08 19:12:39,2026-04-08 19:12:39
5886d291-1bc4-4c72-900e-6f7b75f2aab1,12d498a2-dde7-47ee-9fd6-4bc3a7111e6a,,,,,2026-04-08 19:12:39,2026-04-08 19:12:39
c3d58ed3-63fd-4899-bf9d-8f5f1687522f,4e2f05d2-f864-4d3e-812d-01e497ad3e2e,,,,,2026-04-08 19:12:39,2026-04-08 19:12:39
892c2ed8-0afa-4ff3-8689-96f5931c9757,e74c2162-331d-48e7-94fd-f6a03d1aeb06,,,,,2026-04-08 19:12:39,2026-04-08 19:12:39
e0a99b23-f02d-4049-beef-390c6eb460d7,9c9938f8-ab98-4336-b8ba-777daefaa633,,,,,2026-04-08 19:12:39,2026-04-08 19:12:39
499bbaa7-493b-40d4-a754-b561e593e6d6,526bd50d-16fe-4817-925c-251876212a9f,,,,,2026-04-08 19:12:39,2026-04-08 19:12:39
b20bd7d2-8165-4d34-a357-db28ab41207e,2c8058b9-32dc-4f1e-8e72-8633ebef914e,,,,,2026-04-08 19:12:39,2026-04-08 19:12:39
486ac278-0851-4349-b28c-a2ab47e52612,b7fb16e0-8977-418d-a701-58fa584ea9e8,,,,,2026-04-08 19:12:39,2026-04-08 19:12:39
38530eed-a889-4cdb-8c58-99c42d8c6859,d483ea25-8806-48e7-ac60-4d43a5b51da3,,,,,2026-04-08 19:12:39,2026-04-08 19:12:39
43fd5bab-5d22-4add-ac03-a49f6dfad39a,c602bd98-b2e8-488c-aa0f-2d003ddfdb11,,,,,2026-04-08 19:12:39,2026-04-08 19:12:39
75bf1b78-2a0f-4ae2-a6b2-465fd0dda90f,16278a3d-2de2-42d0-a714-3807ed1f4271,,,,,2026-04-08 19:12:39,2026-04-08 19:12:39
7d449f1c-cfcf-4680-8f34-5f413dd76ed3,c358ce63-c231-4fb1-8e0c-65feab4fee8b,,,,,2026-04-08 19:12:39,2026-04-08 19:12:39
f7593461-04a3-48ac-83fd-d00f37bfffc8,cd4f03b3-6be4-4905-a706-2c990cb28b15,,,,,2026-04-08 19:12:39,2026-04-08 19:12:39
d5de8e90-28eb-40c8-836d-a5576359c54b,017dc866-be63-4b08-bf88-13599fcb9a45,,,,,2026-04-08 19:12:39,2026-04-08 19:12:39
dc59a110-a46c-4e52-8d78-416fceebd6db,6d462917-013a-4a4a-bbf4-081e3aeabaee,,,,,2026-04-08 19:12:39,2026-04-08 19:12:39
f54b296d-df18-45d8-9366-785ee430a999,25b6f56f-3827-4a02-bab4-6949387f2986,,,,,2026-04-08 19:12:39,2026-04-08 19:12:39
c837d117-1b45-4e1e-9832-d5bfa7ce4bf8,9c40ad04-7b89-45b0-abbd-bd8353b1bca0,,,,,2026-04-08 19:12:39,2026-04-08 19:12:39
bd9fbf8e-3bcc-4ba2-9767-b7780e040952,8cf02dc4-d6cf-4995-89ab-c066840403b2,,,,,2026-04-08 19:12:39,2026-04-08 19:12:39
30e8f585-cdbe-49b8-9db4-16d74aec1f71,44f2a949-6d89-40e3-872e-378dbf6fb7db,,,,,2026-04-08 19:12:39,2026-04-08 19:12:39
0dbd8701-64e0-4cd1-8da0-f24eb5954fed,62b61893-cc1a-4150-bfbc-3b88b55b0452,,,,,2026-04-08 19:12:39,2026-04-08 19:12:39
64a0bf02-d144-400e-8464-dafefd66814c,4a278491-9904-4063-87c7-b07fec51bf84,,,,,2026-04-08 19:12:39,2026-04-08 19:12:39
93f58c39-1abe-43a5-8bfe-739c29dabe57,0ad13837-36ec-4293-8015-0b52ed088dc7,,,,,2026-04-08 19:12:39,2026-04-08 19:12:39
cc3aed0e-7344-485b-9a17-c40e71fb9a1d,77cbee4c-6e30-4aea-92c7-a549f048e5e3,,,,,2026-04-08 19:12:39,2026-04-08 19:12:39
170dd60d-7699-4148-96d3-b7c0dbaaacdd,34342e4e-a52d-40de-88dd-3b83f12d68f8,,,,,2026-04-08 19:12:39,2026-04-08 19:12:39
3db39900-ecce-4ca2-9f5b-df1efa007337,db4a8bc8-89c8-43eb-834b-dbf68ba63f49,,,,,2026-04-08 19:12:39,2026-04-08 19:12:39
89b140f3-73f7-4f47-bbd6-c9c64bd40291,d377b594-070a-4130-a451-c347daa9ebff,,,,,2026-04-08 19:12:39,2026-04-08 19:12:39
8d110a26-5b2a-4242-8a7d-f5a34c63b777,7ebb83eb-83c9-419f-88e1-6f5a19585142,,,,,2026-04-08 19:12:39,2026-04-08 19:12:39
3f8ab67b-f5f3-49e6-ba9a-56c2cbeb5d07,bd63df96-b521-44ac-aab6-4f9c1ea3abfb,,,,,2026-04-08 19:12:39,2026-04-08 19:12:39
726e6c90-4e53-4d22-a9ce-8209570717a4,051d88c6-1325-4268-8568-6410bc7c642a,,,,,2026-04-08 19:12:39,2026-04-08 19:12:39
8635bef4-0381-4534-823d-9d3f655c1032,3142498a-039e-46d5-9f5c-a2cd704a3035,,,,,2026-04-08 19:12:39,2026-04-08 19:12:39
e981adf6-4c2f-4be6-819d-ba042ef5bfce,bbe4882a-d19f-48b9-84b9-9c90b6f72dfe,,,,,2026-04-08 19:12:39,2026-04-08 19:12:39
fe5bafd2-2b39-4dae-a73f-17ccae685cef,c8dec53c-451c-49ed-971b-93353be93666,,,,,2026-04-08 19:12:39,2026-04-08 19:12:39
0096e854-d1bd-4faf-9d33-1673f3e9468a,b01fb27a-b309-439e-bbe3-1ee26047fda3,,,,,2026-04-08 19:12:39,2026-04-08 19:12:39
2c0d2e03-1650-473d-9233-f3fac60b0f2e,880a9723-1f6a-42b3-be2d-2ed643c3c61e,,,,,2026-04-08 19:12:39,2026-04-08 19:12:39
21a6f00d-6bc8-44cf-ad8c-c11e5fae5e72,17f47bdf-9821-4dd5-8b83-f5e29e84cc84,,,,,2026-04-08 19:12:39,2026-04-08 19:12:39
1a46a8b0-4355-4d3e-81da-29fe9d4a6ac6,7f0ebd86-002e-47ad-a00a-0914587e80bd,,,,,2026-04-08 19:12:39,2026-04-08 19:12:39
9b757978-329f-4bc7-a292-e462bc38051c,84d7cbe2-c11c-43f9-9355-8de2b7a75deb,,,,,2026-04-08 19:12:39,2026-04-08 19:12:39
034cff3c-3652-40d2-af04-63fc752d1483,80674ec6-1d07-43de-80e5-a77f94b794df,,,,,2026-04-08 19:12:39,2026-04-08 19:12:39
eb70aa58-69d6-442c-b859-978d9ab6de1f,9f2d606d-534b-4c00-bfe0-46a88383d29f,,,,,2026-04-08 19:12:39,2026-04-08 19:12:39
1fb86200-ec83-4b81-91ae-90677560d342,8cc088bb-e39b-40f2-a713-562631ef0779,,,,,2026-04-08 19:12:39,2026-04-08 19:12:39
5c1faa1d-0f00-4945-b37e-def6ee7271b2,ca8758eb-31d5-4cc7-bbc7-98aba58dae4c,,,,,2026-04-08 19:12:39,2026-04-08 19:12:39
af9127c2-981e-4bd0-8bde-d61fc7c8ae2d,7ef5d50e-bb96-41cf-ab35-2f351579627d,,,,,2026-04-08 19:12:39,2026-04-08 19:12:39
97e93568-6c38-46c7-bbd7-772b3db71cee,6be49ddd-f93a-40f5-8fb6-9390b93fb8b9,,,,,2026-04-08 19:12:39,2026-04-08 19:12:39
55260e3e-b6c8-4296-966a-432ec1dc1b59,2dac2bdc-6819-4f25-908d-a28851f3951f,,,,,2026-04-08 19:12:39,2026-04-08 19:12:39
3516f0ed-0b6f-4c2c-b77d-513304d08319,8147c5e4-1de4-4e02-b011-7cbdc0a39a3c,,,,,2026-04-08 19:12:39,2026-04-08 19:12:39
90d41019-0888-4732-b919-963d04d8e8e1,7142e632-8995-4db8-9ffb-aa93a6d468b2,,,,,2026-04-08 19:12:39,2026-04-08 19:12:39
0dcd8b86-4abb-4eea-9e55-1d4e03203429,e4a4caaf-5323-4ee2-8565-80278784b1ca,,,,,2026-04-08 19:12:39,2026-04-08 19:12:39
9c1d8f8b-9a58-44a4-b990-5cbc7f240e11,d5967a3d-654b-4330-b377-1fe4a1296c0d,,,,,2026-04-08 19:12:39,2026-04-08 19:12:39
220cd0f6-30b3-4911-a43b-eaa602dc7e87,5d2632fb-f3a6-45a2-9605-391fddef8f54,,,,,2026-04-08 19:12:39,2026-04-08 19:12:39
cb0cc794-1e7d-4fe3-8b91-2400768a59b1,8a8b5502-240d-4508-80b0-9c70a58d7e24,,,,,2026-04-08 19:12:39,2026-04-08 19:12:39
3b5e8867-b23a-4f85-8d41-fa920ad68494,47956f8a-fa62-4886-8c35-fd35709a92eb,,,,,2026-04-08 19:12:39,2026-04-08 19:12:39
7de77061-e011-43b4-b84f-2fd5f685ccbb,81d400ba-34a9-4414-b5e7-4025e86bfc26,,,,,2026-04-08 19:12:39,2026-04-08 19:12:39
a38e3718-4677-45a4-b698-a2adb37cbecc,974b1136-8ab1-4e1c-83c9-6bd24452fec5,,,,,2026-04-08 19:12:39,2026-04-08 19:12:39
a00b8c4f-d6f6-460b-9273-64db40975da3,c244769a-fae4-4e57-bb91-a696cf5751f6,,,,,2026-04-08 19:12:39,2026-04-08 19:12:39
eff33c21-bd8a-4f66-a4ff-f7ee7d414c58,5a03a741-c9de-4cbd-85ab-d2767a164f1f,,,,,2026-04-08 19:12:39,2026-04-08 19:12:39
9ff9ad9c-5530-4891-bc82-a58f220f5a64,7fb60fef-f7ef-454d-a7ce-589c1a9565b8,,,,,2026-04-08 19:12:39,2026-04-08 19:12:39
51f923a9-c42a-409a-835c-3b0c19d43f2c,b7137e7b-c8e9-48b6-9f43-b8582ae92191,,,,,2026-04-08 19:12:39,2026-04-08 19:12:39
f6ec146a-42af-4e56-b404-9e1f22d09eb1,cb81ff43-5d17-40de-99a3-e9fdc99ef485,,,,,2026-04-08 19:12:39,2026-04-08 19:12:39
1e15a30a-5802-4553-b289-2bcd5bb47dac,73a16695-6e20-4e69-8fd2-3445f1c67521,,,,,2026-04-08 19:12:39,2026-04-08 19:12:39
8ca16158-7522-4550-b494-b0e0f73b5a49,ce80786e-2286-457b-bab9-5e64d7703f7d,,,,,2026-04-08 19:12:39,2026-04-08 19:12:39
988567b6-fd69-4e1b-9f93-a074110a089a,d43fa09d-7db7-4200-a2f3-ed9157de4b2e,,,,,2026-04-08 19:12:39,2026-04-08 19:12:39
e16a2108-11d8-4da9-8a4d-5b9279f24ba0,85007276-e780-41c0-a0de-633f609510e5,,,,,2026-04-08 19:12:39,2026-04-08 19:12:39
6bbbfb55-e52f-4a26-bb63-187a60516620,dfdc69a5-7599-4ecb-9d7f-41818f5a9af6,,,,,2026-04-08 19:12:39,2026-04-08 19:12:39
b8e7eea0-ddd5-4be2-9011-c9f38b3a936e,4ea87a72-818c-4d73-9630-01002443b65e,,,,,2026-04-08 19:12:39,2026-04-08 19:12:39
f1a9eb6c-573f-454a-b119-d53830c70a00,ccfd9182-0fb0-4eac-a492-4b7ea70bfa69,,,,,2026-04-08 19:12:39,2026-04-08 19:12:39
fcfe14d2-bfc8-4821-95f0-2fcac4d32ede,4bc17d31-66c9-418c-a4cc-a335db3ca6de,,,,,2026-04-08 19:12:39,2026-04-08 19:12:39
5b10a258-b14e-4f1f-9b44-ef1cfaebb244,2e311700-33a5-4aac-a464-accea5e42968,,,,,2026-04-08 19:12:39,2026-04-08 19:12:39
ca96430d-6785-415e-a6c7-7d0c8b985daa,f1abfa89-f74e-4056-920e-4125f65e5c5c,,,,,2026-04-08 19:12:39,2026-04-08 19:12:39
f91e8d10-0898-4b41-b938-9f4931f10b36,4e9e7e90-15db-4cfa-aed9-3a40b7f98aab,,,,,2026-04-08 19:12:39,2026-04-08 19:12:39
240011b4-4a9e-4860-a078-745c62bd4f7a,c6f01a52-9f87-4334-8ff7-639bc539336e,,,,,2026-04-08 19:12:39,2026-04-08 19:12:39
df89bc74-01b1-4e08-add4-9c673f17e6d1,409b349b-8198-4fb0-af8a-e1874381cc78,,,,,2026-04-08 19:12:39,2026-04-08 19:12:39
7d766b8a-cf13-4ca6-a553-901eea189683,f240d842-38f4-411c-b645-7ec30664b4ae,,,,,2026-04-08 19:12:39,2026-04-08 19:12:39
8bbe55a8-689c-4f13-8abe-e4c319e81c8b,86a780e8-cc03-4b34-a2c6-241fd9877170,,,,,2026-04-08 19:12:39,2026-04-08 19:12:39
1d83b4e3-4b21-4dd0-b57a-9f437fb859b4,c3fef5ee-7fac-4436-8db9-6fdab4c8b45b,,,,,2026-04-08 19:12:39,2026-04-08 19:12:39
be024327-6042-405c-8808-85cbd0f66444,06344570-6577-4381-bf70-6ca0d69e9918,,,,,2026-04-08 19:12:39,2026-04-08 19:12:39
e6e9d93e-341e-416f-aea7-fd5076994375,f3c47250-70c4-4d97-bb97-03c1027917d3,,,,,2026-04-08 19:12:39,2026-04-08 19:12:39
29f96150-19bc-4f88-8f3f-a29c2ea6307e,9c68fe3f-d08b-4ba4-9269-42d2500720fc,,,,,2026-04-08 19:12:39,2026-04-08 19:12:39
1eec5f96-3ede-4aaf-ba1e-8b9f6f517d5a,02d9f72a-c5e0-40ab-8eb0-284c44525976,,,,,2026-04-08 19:12:39,2026-04-08 19:12:39
5dd032d0-6dbf-4ba1-a67c-f09bb07ca951,71000701-3de7-4174-8e53-af60473846f2,,,,,2026-04-08 19:12:39,2026-04-08 19:12:39
b844f240-7233-4fbb-9bac-b201d4226873,2d079776-cd42-49b8-8619-016553048088,,,,,2026-04-08 19:12:39,2026-04-08 19:12:39
2c9cd534-51bd-4c58-a637-6aa0bf611351,c46c22cb-6bb6-4e95-b2e8-b8c30400c0b0,,,,,2026-04-08 19:12:39,2026-04-08 19:12:39
f7a8593f-57d8-460c-a2ba-5a944afa4eb1,6dce8f4e-c0a2-42a9-9eb8-98a4ac57fda0,,,,,2026-04-08 19:12:39,2026-04-08 19:12:39
6ed66af5-794b-481e-baaf-c867960448ed,c4b28cae-0fdd-4c6d-8b52-119f7a5cae9c,,,,,2026-04-08 19:12:39,2026-04-08 19:12:39
03d8fd34-45fe-4a44-a5bd-95f55326477b,25656236-1968-49da-a6d8-32ffdcc6888e,,,,,2026-04-08 19:12:39,2026-04-08 19:12:39
e5b2fcdf-c52c-4583-bbd3-2bcf683c7cdf,3f10d379-f847-4ddf-baf9-271767d48599,,,,,2026-04-08 19:12:39,2026-04-08 19:12:39
752215ca-bbd4-4573-aa7f-d1c75c66406d,94cd50f6-63f9-464e-8476-f6076e35850d,,,,,2026-04-08 19:12:39,2026-04-08 19:12:39
4d737e03-157b-49fa-857d-06d31716b250,abfd5dc4-c60b-4339-a3ea-b43286ab7678,,,,,2026-04-08 19:12:39,2026-04-08 19:12:39
66760ff1-4fc7-46e4-ad0f-9508d1bdf6e8,8df52cfd-63bb-4fd6-8f61-6a994ea55cfe,,,,,2026-04-08 19:12:39,2026-04-08 19:12:39
31bd2e66-25fc-4c68-b909-2ad2f6da9696,6a9e7f92-6b82-49b4-9749-e54dc370ae4e,,,,,2026-04-08 19:12:39,2026-04-08 19:12:39
d5cdc1c5-4b0e-4e73-a2bd-9efd21a5e706,9c389b22-2883-44a8-a9ad-20a456d7ef06,,,,,2026-04-08 19:12:39,2026-04-08 19:12:39
e9657c82-aeb6-41b3-bfd8-837e2a56b589,d9da3ea1-997f-4b4c-a39b-fcf836feec85,,,,,2026-04-08 19:12:39,2026-04-08 19:12:39
2fd94aa1-953b-4108-8ccb-208f74f779d2,29eb7107-c506-42fe-a43e-2bd442f38418,,,,,2026-04-08 19:12:39,2026-04-08 19:12:39
440b0eb0-d7e9-4492-8070-f717056f42bb,58485e33-f7af-4fab-a98b-421f01ca4183,,,,,2026-04-08 19:12:39,2026-04-08 19:12:39
5f791d8e-4da6-41ec-b3e2-54157e0759e6,d3c500a4-284b-43a5-a422-8d8b8f138096,,,,,2026-04-08 19:12:39,2026-04-08 19:12:39
69e5b689-036c-4c3f-82bd-31c939638fd4,0820b858-896a-4a9a-b403-e32120c4e28c,,,,,2026-04-08 19:12:39,2026-04-08 19:12:39
0e3fa363-d1da-48b9-b31c-e10dd2b6aea5,ef06db34-7a6c-426e-b65d-973bc962dbe9,,,,,2026-04-08 19:12:39,2026-04-08 19:12:39
30c1f18f-c4ca-4c59-9810-b2899087c957,9b99de95-4dac-4010-81d6-009c7951c50f,,,,,2026-04-08 19:12:39,2026-04-08 19:12:39
de0e4a11-7802-4001-8c5e-1ab4c65ca3e6,eb40aad3-cea7-419e-83bb-c7cc83e1d858,,,,,2026-04-08 19:12:39,2026-04-08 19:12:39
sl000000-0000-0000-0000-000000000001,a0000000-0000-0000-0000-000000000001,,,,
sl000000-0000-0000-0000-000000000002,a0000000-0000-0000-0000-000000000002,,,,
sl000000-0000-0000-0000-000000000003,a0000000-0000-0000-0000-000000000003,,,,
sl000000-0000-0000-0000-000000000004,a0000000-0000-0000-0000-000000000004,,,,
sl000000-0000-0000-0000-000000000005,a0000000-0000-0000-0000-000000000005,,,,
sl000000-0000-0000-0000-000000000006,a0000000-0000-0000-0000-000000000006,,,,
