id,franchise_id,products,services,created_by,updated_by,created_at,updated_at
6a518e4b-efe2-4605-bc50-d0efc1a51e74,b38c39c0-b9f6-495f-b8be-a65b1c0b9221,"[""Tea"", ""Coffee"", ""Snacks""]","[""Dine-in"", ""Takeaway"", ""Delivery""]",00000000-0000-0000-0000-000000000001,,2026-1-10 12:02,2026-1-10 12:02
faeba5bd-6532-4cca-9a6f-dd33a7ef3554,c8f6989c-d785-4cf7-b127-b7ba288a3314,"[""Bubble tea"", ""Milk teas"", ""Fruit teas"", ""Slushes"", ""Pearls"", ""Jellies"", ""125+ premium beverages""]","[""Sit-in caf? service"", ""Takeaway"", ""Fast-casual beverage service""]",00000000-0000-0000-0000-000000000001,,2026-1-10 12:02,2026-1-10 12:02
9a7120cb-cd73-40ac-aefe-e3e0e6441935,b297c5b9-82e3-4c3d-88fc-c509ae881207,"[""Tea"", ""Chai"", ""Coffee"", ""Cold drinks"", ""Milkshakes"", ""Quick beverages""]","[""Quick-service caf?"", ""Takeaway"", ""Counter service"", ""Fast-casual beverage service""]",00000000-0000-0000-0000-000000000001,,2026-1-10 12:02,2026-1-10 12:02
c8c1a4cb-fee2-4656-ac8f-fa725d9d49c6,6a8c08c9-ef66-48b0-a68e-e9e0b7b40fcc,"[""Cold coffee"", ""Hot coffee"", ""Milkshakes"", ""Snacks"", ""Meals"", ""Breakfast items"", ""Fast food dishes""]","[""Caf?-style dining"", ""Takeaway"", ""Quick service"", ""Casual dining""]",00000000-0000-0000-0000-000000000001,,2026-1-10 12:02,2026-1-10 12:02
f1d4e126-93c5-4e20-9972-dea0937a76a2,afb4be0a-0173-4248-b0b9-9c7ba0e3ce8f,"[""Coffee"", ""Mocktails"", ""Drinks"", ""Burgers"", ""Pizzas"", ""Light food"", ""Premium beverages""]","[""Premium caf? service"", ""Quick service"", ""Bar-themed caf? experience"", ""Takeaway""]",00000000-0000-0000-0000-000000000001,,2026-1-10 12:02,2026-1-10 12:02
f0772d6e-695e-4f7c-85b4-a1428d20a811,09378ed3-2aa4-4e45-bf5d-6a75d1bdb2f7,"[""Silk Sarees (Banarasi, Kanjivaram, Kanchipuram, Tussar, Chanderi, Tant, Baluchari, etc.)"", ""Salwar Suits"", ""Lehengas"", ""Kurtis"", ""Fashion Jewelry"", ""Designer Blouses"", ""Stoles"", ""Scarves"", ""Menswear"", ""Kids' Wear""]","[""Retail store"", ""Franchise operations"", ""Training & support"", ""Marketing support""]",00000000-0000-0000-0000-000000000001,,2026-1-10 12:02,2026-1-10 12:02
050caebe-712a-45f7-a39e-7a78474cc65d,b781fa76-8eaf-4cf9-a15c-b6a1c3503554,"[""Designer Ethnic Wear"", ""Western Wear"", ""Wedding Attire"", ""Festive Outfits"", ""Designer Accessories"", ""Jewelry"", ""Handbags"", ""Men's Ethnic & Western Wear""]","[""Operational guidance"", ""Marketing support"", ""Technology platform support"", ""Inventory management assistance""]",00000000-0000-0000-0000-000000000001,,2026-1-10 12:02,2026-1-10 12:02
3f625365-2e2c-40de-a1ff-f1ab6359ded5,0e50ed02-6937-4c8d-aa31-b4202a5f77cd,"[""Kurtis"", ""Tops & Tunics"", ""Palazzos & Pants"", ""Suit Sets"", ""Co-ord Sets"", ""Dupattas & Stoles"", ""Bottoms""]","[""Retail store operations"", ""Fashion consultancy"", ""Marketing & promotions"", ""Inventory management""]",00000000-0000-0000-0000-000000000001,,2026-1-10 12:02,2026-1-10 12:02
a6fabe26-3f57-4cd3-a042-ae68baab848c,7e62e026-71a1-4b49-971d-e8bcd1cc4e54,"[""Men's Casual Wear"", ""Women's Casual Wear"", ""Children's Wear"", ""Accessories"", ""T-shirts"", ""Jeans"", ""Jackets""]","[""Retail store operations"", ""Operational guidance"", ""Marketing support"", ""Site selection assistance"", ""Inventory management""]",00000000-0000-0000-0000-000000000001,,2026-1-10 12:02,2026-1-10 12:02
283a40bf-95bb-4907-b67c-622c7cb51eb7,8a873fc8-8a68-461e-81f4-55d7f192f2b1,"[""Kurtis"", ""Tops"", ""Leggings"", ""Lehengas"", ""Western Dresses"", ""Women's Ethnic Wear"", ""Kids' Wear""]","[""Retail store operations"", ""Operational guidance"", ""Marketing support""]",00000000-0000-0000-0000-000000000001,,2026-1-10 12:02,2026-1-10 12:02
b76e70af-98ac-4424-948d-27c344e3a5a3,fc244900-e4b1-4eec-8e70-eb778beac3a5,"[""Sherwanis"", ""Indo Westerns"", ""Band Galas"", ""Tuxedos"", ""Suits"", ""Kurta Pyjama"", ""Nehru Jackets"", ""Juttis/Footwear"", ""Accessories""]","[""Retail store operations"", ""Operational guidance"", ""Marketing support"", ""Product sourcing"", ""Training""]",00000000-0000-0000-0000-000000000001,,2026-1-10 12:02,2026-1-10 12:02
3be6bab2-3867-4ff7-9b23-389c7298c1ce,a6ae3e8e-b3da-4406-9a53-1f411523033b,"[""Sarees"", ""Salwar Suits"", ""Kurtis"", ""Lehengas"", ""Indo-Fusion Wear"", ""Contemporary Suits"", ""Party Wear"", ""One-Piece Dresses"", ""Western Wear"", ""Ethnic Suits"", ""Coordinated Sets"", ""Dupattas & Stoles""]","[""Retail store operations"", ""Operational guidance"", ""Marketing support"", ""Product sourcing"", ""Training"", ""Inventory management"", ""Store setup guidance""]",00000000-0000-0000-0000-000000000001,,2026-1-10 12:02,2026-1-10 12:02
e76686f6-cfe0-4b21-abfd-f6aea4d8d684,f610d893-650e-46e2-89a6-c50f59036275,"[""T-shirts"", ""Polo T-shirts"", ""Casual Shirts"", ""Formal Shirts"", ""Blazers"", ""Denim Jeans"", ""Chinos"", ""Cargo Pants"", ""Joggers"", ""Shorts"", ""Hoodies"", ""Jackets"", ""Sweatshirts"", ""Loungewear"", ""Leather Belts"", ""Wallets"", ""Deodorant"", ""Socks"", ""Handkerchiefs"", ""Winter Wear""]","[""Retail store operations"", ""Operational guidance"", ""Marketing support"", ""Product sourcing"", ""Training"", ""Inventory management"", ""Store setup guidance"", ""POS System guidance"", ""Employee management training""]",00000000-0000-0000-0000-000000000001,,2026-1-10 12:02,2026-1-10 12:02
1bb8f63d-fd44-44d3-b080-4c29096b2650,1dac1aa2-22c2-41e9-a608-2ffb1cefdf84,"[""Men's Casual Shirts"", ""Formal Shirts"", ""T-Shirts"", ""Denims"", ""Chinos"", ""Trousers"", ""Jackets"", ""Accessories""]","[""Retail store operations"", ""Operational guidance"", ""Marketing support"", ""Product sourcing"", ""Training"", ""Inventory management"", ""Store setup guidance"", ""POS System guidance"", ""Employee management training""]",00000000-0000-0000-0000-000000000001,,2026-1-10 12:02,2026-1-10 12:02
6595131e-7ab4-4c27-810b-c6ff174b8df7,1ee2cd39-dcf0-4e78-971d-967b8f1e2f12,"[""Men's Casual Shirts"", ""Formal Shirts"", ""T-Shirts (Graphic, Plain, Polo)"", ""Denims"", ""Chinos"", ""Trousers"", ""Cargo Pants"", ""Outerwear"", ""Jackets"", ""Accessories (Belts, Watches, Sunglasses)"", ""Footwear""]","[""Retail store operations"", ""Operational guidance"", ""Marketing support"", ""Product sourcing"", ""Training"", ""Inventory management"", ""Store setup guidance"", ""POS System guidance"", ""Employee management training""]",00000000-0000-0000-0000-000000000001,,2026-1-10 12:02,2026-1-10 12:02
e9ea4e04-035b-4c76-b5f1-4d9008bd8420,1c97dc61-7708-4958-8222-3fe8fa9275bc,"[""Sports Apparel"", ""Footwear"", ""Sports Equipment"", ""Accessories"", ""Multi-brand Merchandise""]","[""Retail store operations"", ""Operational guidance"", ""Marketing support"", ""Product sourcing"", ""Training"", ""Inventory management"", ""Store setup guidance"", ""POS System guidance"", ""Employee management training""]",00000000-0000-0000-0000-000000000001,,2026-1-10 12:02,2026-1-10 12:02
f94db515-fc88-4a55-8e89-80e9a7185cbb,9ab139e7-cf16-4085-9352-c51d74e61115,"[""Sportswear"", ""Casual Wear"", ""Leisure Wear"", ""Activewear""]","[""Retail store operations"", ""Operational guidance"", ""Marketing support"", ""Product sourcing"", ""Training"", ""Inventory management"", ""Store setup guidance"", ""POS System guidance"", ""Employee management training""]",00000000-0000-0000-0000-000000000001,,2026-1-10 12:02,2026-1-10 12:02
7d3942bf-9f26-4d07-93e4-bf8d5063e52a,ac303bf7-2a32-471d-9be1-a1dbb2e915e7,"[""Footwear"", ""Apparel"", ""Sports equipment"", ""Accessories""]","[""Retail store operations"", ""Operational guidance"", ""Marketing support"", ""Product sourcing"", ""Training"", ""Inventory management"", ""Store setup guidance"", ""POS System guidance"", ""Employee management training""]",00000000-0000-0000-0000-000000000001,,2026-1-10 12:02,2026-1-10 12:02
b2be49ec-d56e-42c3-8346-e91f42eca28b,df361e73-da0e-4e50-992d-e95e57306357,"[""Sports turf"", ""Stadium seating"", ""Portable pitches""]","[""Installation services"", ""Project management"", ""Technical support"", ""B2B marketing"", ""Training and guidance""]",00000000-0000-0000-0000-000000000001,,2026-1-10 12:02,2026-1-10 12:02
6ea7310c-30b2-459c-89e2-e6a4f640edb1,c8bbd1a5-9676-4a19-b8c4-1b2f22fe8148,"[""Cricket coaching"", ""Player development"", ""Technology analysis""]","[""On-the-job training"", ""Classroom training"", ""Ongoing support"", ""Marketing support""]",00000000-0000-0000-0000-000000000001,,2026-1-10 12:02,2026-1-10 12:02
2f257363-bf9e-4645-acf6-5ff77b07447a,88848236-153f-41d1-85cd-4a9001af249c,"[""Gym"", ""Wellness"", ""Cardio"", ""Strength Training""]","[""On-the-job training"", ""Ongoing support"", ""Marketing support""]",00000000-0000-0000-0000-000000000001,,2026-1-10 12:02,2026-1-10 12:02
f0d4d3c9-4b5e-4104-a299-a1a41cdd03c1,d96ac4e8-daa4-4d60-9a4d-f7dcb54412b7,"[""Gym"", ""Spa"", ""Personal training"", ""Boot camps""]","[""On-the-job training"", ""Classroom training"", ""Ongoing support"", ""Marketing support""]",00000000-0000-0000-0000-000000000001,,2026-1-10 12:02,2026-1-10 12:02
eea0be35-dd2b-4ca7-a8fa-d1559620a3da,d451263c-43df-4ba1-b652-cbac27ff7846,"[""Customized international holiday packages"", ""Tours"", ""Travel arrangements""]","[""Online training"", ""Field assistance"", ""Expert guidance"", ""Marketing support via expos and social media""]",00000000-0000-0000-0000-000000000001,,2026-1-10 12:02,2026-1-10 12:02
370cf464-0d1e-4c0e-9211-e53f1dc5704c,a3d5f27f-978c-48e7-97cf-21e8aea6d359,"[""Flights"", ""Hotels"", ""Holidays"", ""Trains"", ""Cabs"", ""Cruises"", ""Visas""]","[""Online/virtual training"", ""24/7 telecalling"", ""Marketing support"", ""Store setup assistance""]",00000000-0000-0000-0000-000000000001,,2026-1-10 12:02,2026-1-10 12:02
f261ece4-3ced-4cda-89ab-1c448234118d,780dabc4-787e-4001-9c4b-a07c9874ffab,"[""Flights"", ""Hotels"", ""Holiday Packages"", ""Trains"", ""Car Rentals"", ""Insurance""]","[""Pre-opening training"", ""On-going technical support"", ""Marketing guidance"", ""Operations assistance""]",00000000-0000-0000-0000-000000000001,,2026-1-10 12:02,2026-1-10 12:02
04cf07b4-777b-44d4-b565-78d21c845581,499ed48e-a3e7-480e-900b-f384cd1ec21f,"[""Flights"", ""Hotels"", ""Holiday Packages"", ""Visa Assistance"", ""Insurance""]","[""Pre-opening training"", ""On-going technical support"", ""Marketing guidance"", ""Operations assistance""]",00000000-0000-0000-0000-000000000001,,2026-1-10 12:02,2026-1-10 12:02
72da0da9-b236-4494-948b-a9cbb38a30f5,fc554f5b-c10b-4835-b81b-6eb90deb8862,"[""Flights"", ""Hotels"", ""Holiday Packages"", ""Forex"", ""Insurance"", ""Corporate Travel""]","[""Pre-opening training"", ""On-going technical support"", ""Marketing guidance"", ""Operations assistance""]",00000000-0000-0000-0000-000000000001,,2026-1-10 12:02,2026-1-10 12:02
682b0928-5772-4e0d-941d-3f2f213fafaf,ab2c97a4-15c8-4105-902b-e6b961445825,"[""Timeshare vacation ownership"", ""Holiday packages"", ""Installment-based vacation plans""]","[""Franchisee training at Head Office"", ""Telecalling & structured training"", ""Marketing support"", ""Operational guidance"", ""IT system support"", ""Field assistance""]",00000000-0000-0000-0000-000000000001,,2026-1-10 12:02,2026-1-10 12:02
b7b12a4d-c492-4b6a-a6fa-4bd9fe317bca,0fe579f2-a816-4116-a312-a340923dbfe6,"[""Holiday packages"", ""Travel booking"", ""Timeshare vacation ownership"", ""Installment-based vacation plans""]","[""Franchisee training at Head Office and site"", ""Telecalling and structured training"", ""Marketing support"", ""Operational guidance"", ""IT system support"", ""Field assistance""]",00000000-0000-0000-0000-000000000001,,2026-1-10 12:02,2026-1-10 12:02
2dfdb9b5-e5b0-4ed4-8edf-a635f24e4ba8,a0160a9a-fe08-485e-9592-67df5f2e6235,"[""Corporate travel"", ""Leisure packages"", ""Holiday tours"", ""Coach & vehicle rentals"", ""Hotel bookings"", ""International/domestic tours""]","[""Franchisee training"", ""Marketing support"", ""Operational guidance"", ""IT system support"", ""Field assistance""]",00000000-0000-0000-0000-000000000001,,2026-1-10 12:02,2026-1-10 12:02
8ea6b2c4-7e32-422f-a8cb-2c180cac347b,ba736baa-47d2-4b53-8969-661dbce6e6a1,"[""Mid-priced business hotels"", ""Resorts"", ""MICE facilities""]","[""Hotel management"", ""Operational support"", ""Sales and marketing"", ""Revenue management"", ""Consulting"", ""Technology systems"", ""Training and recruitment support""]",00000000-0000-0000-0000-000000000001,,2026-1-10 12:02,2026-1-10 12:02
0d8d9a2a-0ed2-466a-bf0d-51b77ec5d1d4,f943babd-ea6a-444b-b645-315f491c40a6,"[""Customized holiday packages"", ""International tours"", ""Domestic travel solutions""]","[""Travel booking"", ""Destination planning"", ""AI-powered itinerary creation"", ""Customer support"", ""Sales and lead management""]",00000000-0000-0000-0000-000000000001,,2026-1-10 12:02,2026-1-10 12:02
7b51a2cd-be33-4a8d-b068-4055574f55be,e277efc3-55a1-40a9-8fad-b3149ffe9d2f,"[""Seat covers"", ""Floor mats"", ""Steering covers"", ""Exterior body kits"", ""Car lighting"", ""Android infotainment systems"", ""Dash cameras"", ""Power windows"", ""Remote locking systems"", ""EV accessories""]","[""Car accessories retail"", ""Car detailing services"", ""Electronics installation"", ""B2B distributorship supply"", ""Technical installation support"", ""After-sales service""]",00000000-0000-0000-0000-000000000001,,2026-1-10 12:02,2026-1-10 12:02
14b81857-b8cc-4a5e-a718-0806dbc94701,347dcb07-5002-4376-b056-fc37fe48eac8,"[""Automated touchless car wash"", ""Interior detailing"", ""Exterior detailing"", ""Paint protection film (PPF)"", ""Ceramic coating"", ""Graphene coating"", ""One-step polishing"", ""Two-step polishing"", ""Three-step polishing"", ""Membership and subscription packages"", ""Eco-friendly water recycling wash""]","[""Premium car wash services"", ""Advanced detailing solutions"", ""Vehicle surface protection"", ""Subscription-based auto-care"", ""Technology-driven wash operations""]",00000000-0000-0000-0000-000000000001,,2026-1-10 12:02,2026-1-10 12:02
2c7c0be9-8bbd-4b5a-a426-3f8cd5ee1a5b,4024b1c9-12fd-451e-8a5f-0a5025e55819,"[""AC EV chargers (7 kW)"", ""DC fast chargers (30?40 kW)"", ""Highway hyper-charging hubs"", ""EV charging software platform"", ""App-based charging access and payments"", ""Energy management solutions""]","[""Public EV charging services"", ""Highway fast-charging operations"", ""Charging station installation and commissioning"", ""Remote monitoring and maintenance"", ""Franchise partner training and support"", ""App and backend billing management""]",00000000-0000-0000-0000-000000000001,,2026-1-10 12:02,2026-1-10 12:02
178adb0b-de8b-48e1-b201-f4d6b7ab14c5,8be9d5c3-86aa-4cd5-be33-3b39dfd647fa,"[""Electric two-wheelers for delivery fleets"", ""Fleet management software platform"", ""EV charging infrastructure"", ""Telematics and tracking systems"", ""Battery and maintenance services""]","[""EV fleet rental for last-mile delivery"", ""Managed fleet operations (FOCO model)"", ""Rider onboarding and management"", ""Maintenance and servicing"", ""Demand generation via delivery partners"", ""Weekly collections and payout management""]",00000000-0000-0000-0000-000000000001,,2026-1-10 12:02,2026-1-10 12:02
a3a9fe39-48c8-414e-a6b4-b0051119cef1,bb0d140f-d9e5-4b4a-8182-4376a439422f,"[""High-pressure car wash systems"", ""Vacuum cleaning equipment"", ""Foam wash setup"", ""Underbody wash equipment"", ""Polishing and detailing tools""]","[""Mechanized exterior car wash"", ""Interior vacuum and cleaning"", ""Foam and underbody wash"", ""Basic polishing and detailing add-ons"", ""Quick-turnaround car cleaning services""]",00000000-0000-0000-0000-000000000001,,2026-1-10 12:02,2026-1-10 12:02
3427903e-38f7-4158-8044-11b23ac90fef,243ecbfb-c97d-42f8-b56c-31ca4f742263,"[""Car shampoos"", ""Interior cleaners"", ""Dashboard dressers"", ""Glass cleaners"", ""Polishes and waxes"", ""Ceramic/graphene coatings"", ""Microfiber accessories""]","[""Retail sales of Wavex car and bike care products"", ""B2B supply to detailers and workshops"", ""Franchise store management"", ""Product demonstrations and training"", ""Consultation for automotive detailing solutions""]",00000000-0000-0000-0000-000000000001,,2026-1-10 12:02,2026-1-10 12:02
d31049cc-0adb-4beb-ad34-018338fee70c,5b707bb6-7325-4cd8-961e-8eff582d5328,"[""Petrol and electric bikes"", ""Helmets"", ""Mobile app for booking and payments"", ""Partner management system""]","[""Short-term bike rentals"", ""Long-term subscriptions"", ""Corporate leasing"", ""Last-mile delivery fleet management"", ""Fleet operations support and training""]",00000000-0000-0000-0000-000000000001,,2026-1-10 12:02,2026-1-10 12:02
9124ec48-d5c9-4f27-920a-cf665e3b88cc,f796a38b-1d81-4e48-ad0c-4ebeb485b41d,"[""Electric scooters"", ""Electric bikes"", ""Batteries"", ""Chargers""]","[""After-sales service"", ""Spare parts"", ""Extended warranty/service programs""]",00000000-0000-0000-0000-000000000001,,2026-1-10 12:02,2026-1-10 12:02
0459cb6e-bd87-474e-8568-a8e87f8590f1,e909318a-6b26-4da4-a189-c7e5e01c2226,"[""Two-wheeler servicing"", ""Engine repair"", ""Electrical repair"", ""Accidental repairs"", ""AMC packages"", ""Pick-up/Drop services""]","[""Standardized maintenance"", ""Repair services"", ""Customer support"", ""Franchisee operational guidance"", ""Technical training""]",00000000-0000-0000-0000-000000000001,,2026-1-10 12:02,2026-1-10 12:02
34da592d-6570-48cd-ad0c-d085ffac56a1,ad81abe8-369b-42cc-b233-fa5e90258116,"[""Gen-Z Fashion"", ""Casual Wear"", ""Unisex Apparel"", ""Denims"", ""Ethnic Fusion"", ""Accessories""]","[""Store Setup"", ""Visual Merchandising"", ""Marketing Support"", ""Staff Training"", ""Technology & Billing Setup"", ""Supply Chain Support""]",00000000-0000-0000-0000-000000000001,,2026-1-10 12:02,2026-1-10 12:02
9140ff92-f2a8-4a33-99e4-d558b8b0d506,98ecc642-3342-4704-bc19-7da7d34461df,"[""Leather Shoes"", ""Sports Shoes"", ""Denims"", ""Casual Wear"", ""Jackets"", ""Accessories"", ""Fashion Apparel"", ""Footwear""]","[""Training"", ""Marketing Support"", ""Operational Guidance"", ""Store Setup Assistance"", ""Ongoing Support"", ""Inventory Management"", ""Field Visits"", ""IT Support for SAP/POS""]",00000000-0000-0000-0000-000000000001,,2026-1-10 12:02,2026-1-10 12:02
849831b2-5296-4548-bbbf-27523007cb1e,290bec96-ad40-46e1-ad88-33c3cf6536b9,"[""Smart Backpacks"", ""Luggage Bags"", ""Bluetooth Trackers"", ""Travel Accessories"", ""Smart Trolleys"", ""Lifestyle Travel Gear""]","[""Detailed Operating Manuals"", ""Logistics and Supply Support"", ""Marketing Support"", ""Operational Guidance"", ""Training"", ""Technology/IT Systems"", ""Tech Support for Smart Features""]",00000000-0000-0000-0000-000000000001,,2026-1-10 12:02,2026-1-10 12:02
7f884d58-f289-4d6b-955d-48828742213b,0ce95acf-1221-45aa-ae6a-d496a33d1fa8,"[""Men's Formal Wear"", ""Slim-fit Shirts"", ""Trousers"", ""Suave Collection"", ""Men's Shirts"", ""Blazers"", ""Suits"", ""Denims""]","[""Store Setup Guidance"", ""Merchandising Support"", ""Supply/Logistics of Garments"", ""Marketing and Branding"", ""Staff Training"", ""Operational Support""]",00000000-0000-0000-0000-000000000001,,2026-1-10 12:02,2026-1-10 12:02
9dfe14d1-a439-41d5-a454-feb8012cf645,3d7a177b-20bf-4b7d-a8a1-7c3514daa4a5,"[""Spectacles"", ""Contact Lenses"", ""Sunglasses"", ""Eye Testing Services"", ""Prescription Spectacles"", ""Optical Accessories""]","[""Location and Layout Support"", ""Store Setup"", ""Supply Chain for Frames and Lenses"", ""Marketing"", ""Staff and Optometrist Training"", ""Tech/Billing Support"", ""Operational Support""]",00000000-0000-0000-0000-000000000001,,2026-1-10 12:02,2026-1-10 12:02
ff65492e-431d-4b0d-b9e2-c6ad88c6db31,2155ba74-85c2-4123-9485-75b3c9e07def,"[""Fashion Jewellery"", ""Indo-western Accessories"", ""Bridal Sets"", ""Cubic Zirconia"", ""Ethnic Jewellery"", ""Imitation Jewellery""]","[""Store Design and Layout Guidance"", ""Inventory Planning"", ""Logistics Support"", ""Staff Training"", ""Marketing and Promotional Support"", ""Ongoing Operational Support""]",00000000-0000-0000-0000-000000000001,,2026-1-10 12:02,2026-1-10 12:02
2e921ae4-3cf2-48ef-8990-9c01d023ebad,a61d62b8-582d-4179-9603-789f0ee2bece,"[""T-shirts"", ""Shirts"", ""Trousers"", ""Innerwear"", ""Loungewear"", ""Accessories"", ""Polo T-shirts"", ""Casual Wear"", ""Semi-formal Wear""]","[""Store Setup Assistance"", ""VM/Merchandising"", ""Supply Chain Support"", ""Marketing and Promotional Support"", ""Staff Training"", ""Operational Guidance""]",00000000-0000-0000-0000-000000000001,,2026-1-10 12:02,2026-1-10 12:02
986be31d-2c2e-4cea-92fb-c486ddb5a175,7cbee3c6-e9d5-40f1-9be2-ac2fe5053add,"[""Menswear"", ""Casual Wear"", ""Denims"", ""Ready-to-wear"", ""Fashion Apparel"", ""Accessories""]","[""Store Layout and Setup Guidance"", ""Merchandise Planning"", ""Logistics and Inventory Support"", ""Marketing Campaigns"", ""Operational Support"", ""Staff Training""]",00000000-0000-0000-0000-000000000001,,2026-1-10 12:02,2026-1-10 12:02
8b182651-2bdd-42c8-aed2-14c1d3dd9669,ca257ac6-7d5b-4292-a6e1-9d71b5c73ada,"[""Sarees"", ""Lehengas"", ""Salwar Suits"", ""Bridal Wear"", ""Fabrics"", ""Women's Ethnic Apparel"", ""Accessories""]","[""Complete Store Design"", ""Inventory Planning"", ""Centralized Sourcing"", ""Marketing and Branding"", ""Staff Training"", ""Operational and Billing Support""]",00000000-0000-0000-0000-000000000001,,2026-1-10 12:02,2026-1-10 12:02
eade3776-9fca-49d6-a584-5bc9672ffa45,80126705-23b0-47c5-bf0b-bcce2bb4b417,"[""Casual Shirts"", ""Trousers"", ""Jeans"", ""Jackets"", ""Formal Suits"", ""Men's Fashion Apparel""]","[""Store Setup and Interiors"", ""Product Supply and Logistics"", ""Marketing and Promotions"", ""Staff Training"", ""Operational and Technology Support""]",00000000-0000-0000-0000-000000000001,,2026-1-10 12:02,2026-1-10 12:02
5df28419-d35d-400c-bbdd-029b1196eba2,ae70ee5e-ea25-47b0-9b80-aba3400b5cd3,"[""Hospital Administration Courses"", ""Healthcare Management"", ""Supply Chain Management"", ""Logistics Management"", ""Warehouse Management"", ""HSE Training"", ""Vocational Courses"", ""Job-Oriented Programs""]","[""Training Programs"", ""IT System Access"", ""Marketing Support"", ""Operational Support"", ""Placement Assistance"", ""Live Online Classes"", ""Course Curriculum"", ""Franchisee Training""]",00000000-0000-0000-0000-000000000001,,2026-1-10 12:02,2026-1-10 12:02
b54dd0e6-a522-41c4-9fee-f609d8a7449b,f648ef1c-c7c1-4d7f-b04a-91bf04a6718d,"[""Math Worksheets"", ""Reading Worksheets"", ""English Learning Materials"", ""Self-Learning Programs"", ""Skill Progression Materials""]","[""Training"", ""IT System Access"", ""Operations Support"", ""Marketing Support"", ""Academic Support"", ""Material Supply"", ""Standardized Teaching Methodology"", ""Assessment Tools""]",00000000-0000-0000-0000-000000000001,,2026-1-10 12:02,2026-1-10 12:02
5b66db2a-46aa-4454-94b7-12797f233ae7,319210e7-b5f8-45c0-a3d0-9e384b46c5ca,"[""Student Recruitment Platform"", ""University Partnerships"", ""Global Programs Access"", ""Admissions Assistance"", ""Visa Support Services"", ""Scholarship Services"", ""Flight and Accommodation Assistance""]","[""Onboarding Support"", ""Marketing Support"", ""Platform Access"", ""Operational Support"", ""IT Platform"", ""CRM System"", ""Student Management System"", ""University Partnerships""]",00000000-0000-0000-0000-000000000001,,2026-1-10 12:02,2026-1-10 12:02
255622fb-164a-4cef-a986-b1a1b6cc30d5,58b4e1a8-1418-4da0-a57e-23d285891faf,"[""Digital Marketing Courses"", ""Quantum Launch Program"", ""Masterclass"", ""Upskill Program"", ""Visionary Program"", ""Emerging Tech Courses"", ""Startup Incubation"", ""Business Management Training""]","[""Operating Manuals"", ""IT System"", ""Online Support"", ""Franchisee Training"", ""Mentor Network"", ""Marketing Support"", ""Consultancy Services"", ""Quantum Labs Access""]",00000000-0000-0000-0000-000000000001,,2026-1-10 12:02,2026-1-10 12:02
3b75cfeb-31af-4a9d-bfcb-b04e9f957e35,b9e6ee77-95a5-4782-819e-2e9f0e39a9db,"[""Bank PO Coaching"", ""Bank Clerk Coaching"", ""SSC Coaching"", ""Railways Coaching"", ""Insurance Coaching"", ""MBA Entrance Preparation"", ""Spoken English"", ""IELTS and PTE"", ""Study Materials"", ""Online Mock Tests""]","[""Course Curriculum"", ""Study Materials"", ""Online Mock-Tests via App"", ""Marketing Support"", ""Operational Support"", ""ERP System"", ""Student Management System"", ""Franchise Training""]",00000000-0000-0000-0000-000000000001,,2026-1-10 12:02,2026-1-10 12:02
018b181a-7877-4f54-b185-6b92bcf15dae,7484b19e-814d-4ca1-bfab-c1050e50b712,"[""English Language Enrichment"", ""Spelling Competitions"", ""Vocabulary Building"", ""Comprehension Programs"", ""Strategic Language Enhancement Programme"", ""Certification Courses"", ""Online and Offline Modules""]","[""Training"", ""Materials"", ""IT Systems"", ""Competition Infrastructure"", ""School Tie-ups Support"", ""Marketing Collateral"", ""Operational Support"", ""Territorial Support""]",00000000-0000-0000-0000-000000000001,,2026-1-10 12:02,2026-1-10 12:02
bcd4f3e2-4bda-45fb-a958-6c055650ada3,e0d7a709-6146-4915-83d7-1906b24f9ce6,"[""Engineering Upskilling Courses"", ""Tech Skill Courses"", ""Project-Based Learning"", ""Bootcamps"", ""Software Development Training"", ""Mechanical Engineering"", ""Electrical Engineering"", ""Civil Engineering"", ""Automotive Engineering"", ""Computer Science""]","[""Operating Manuals"", ""IT Systems"", ""Support for Onboarding"", ""Marketing Support"", ""Platform Support"", ""Mentorship"", ""Placement Assistance"", ""Online and Hybrid Training""]",00000000-0000-0000-0000-000000000001,,2026-1-10 12:02,2026-1-10 12:02
252441e3-0f40-434d-96f5-34e8f4af4b18,605dc402-64b7-4ba9-9069-e705f4746b7c,"[""Cloud Computing Courses"", ""DevOps Training"", ""Cybersecurity Programs"", ""Full Stack Development"", ""Data Science Courses"", ""Digital Marketing"", ""Software Testing"", ""Web and App Development"", ""Corporate Training"", ""Vocational IT Diplomas""]","[""Curriculum and Course Content License"", ""Learning Management System (LMS)"", ""Faculty and Staff Training"", ""Lab and Infrastructure Setup Guidance"", ""Marketing and Lead Generation Support"", ""Placement Assistance"", ""Operational and Technical Support""]",00000000-0000-0000-0000-000000000001,,2026-1-10 12:02,2026-1-10 12:02
2ef621fa-1448-416b-875b-e48093270cc6,e75e0dd4-68dc-4253-ba10-c66dbc68af66,"[""E-commerce products"", ""Retail goods"", ""Food and beverages"", ""Electronics"", ""Fashion items"", ""Home and lifestyle products"", ""Beauty items""]","[""Operational support"", ""Technology updates"", ""Market analysis"", ""Full marketing campaign support""]",00000000-0000-0000-0000-000000000001,,2026-1-10 12:02,2026-1-10 12:02
62538502-d010-4256-a9b0-910f98c3fcf4,3f8fddd3-f75d-4d55-8622-c998930adc92,"[""Psychometric Assessments"", ""DMIT (Dermatoglyphics Multiple Intelligence Test)"", ""Career Counselling Programs"", ""Aptitude & Personality Tests"", ""Brain Development Programs"", ""School & Corporate Assessments"", ""Student Profiling Solutions""]","[""Assessment Platform Access"", ""Training & Certification"", ""Counselling Frameworks"", ""Marketing & Branding Support"", ""Franchisee Onboarding"", ""Operational & Technical Support"", ""Report Generation & CRM System""]",00000000-0000-0000-0000-000000000001,,2026-1-10 12:02,2026-1-10 12:02
979d9198-1590-4992-b55f-56fb9ce51426,be9dc891-8287-4cbd-9093-b658cae87d07,"[""Gelato Ice Creams"", ""Overloaded Milkshakes"", ""Waffle Jars"", ""Ice Cream Sundaes"", ""Gourmet Desserts"", ""Cold Coffee & Frappes"", ""Seasonal Frozen Specials"", ""100% Vegetarian Products""]","[""Franchise Setup Assistance"", ""Store Launch Support"", ""Marketing & Branding"", ""Staff Training"", ""Operational SOPs"", ""POS & Inventory Systems"", ""Ongoing Field Support""]",00000000-0000-0000-0000-000000000001,,2026-1-10 12:02,2026-1-10 12:02
f07c364d-6e0f-4327-9090-c36e253226d9,20eb604e-6144-4ec8-9dfc-e504cfc576ea,"[""100% Natural Ice Creams"", ""Cold Stone Concept Ice Creams"", ""Hand-Mixed Gourmet Ice Creams"", ""Milkshakes & Thick Shakes"", ""Desserts & Sundaes"", ""Institutional (HORECA) Supply""]","[""Franchise Setup Assistance"", ""Store Design & Layout Support"", ""Staff Training & Certification"", ""Operational SOPs"", ""Marketing & Branding Support"", ""Raw Material Supply"", ""Ongoing Head Office Support""]",00000000-0000-0000-0000-000000000001,,2026-1-10 12:02,2026-1-10 12:02
058e0cb0-638d-4bde-b83f-a017d482e8e9,945cd8b9-47c7-4093-b0ea-4531c6ced200,"[""Marble Stone Hand-Folded Ice Creams"", ""Waffles & Sundaes"", ""Milkshakes & Thick Shakes"", ""Ice Cream Cakes"", ""Take-away Pints"", ""Party Packs""]","[""Franchise Setup Support"", ""Store Design & Layout Assistance"", ""Equipment & Machinery Supply"", ""Staff Training & Certification"", ""Marketing & Launch Support"", ""Supply Chain & Raw Material Support"", ""Ongoing Operational Assistance""]",00000000-0000-0000-0000-000000000001,,2026-1-10 12:02,2026-1-10 12:02
9ccbb116-4a74-4ee2-b65c-03227815148d,23483a03-aa1e-4e9e-862e-23a723901474,"[""Natural Ice Creams"", ""Premium Hand-made Kulfi"", ""Waffles (planned)"", ""20+ Natural Fruit & Chocolate Flavors""]","[""Continuous operational support"", ""Marketing support"", ""On-the-job training"", ""Classroom training"", ""Field assistance"", ""Detailed operating manuals"", ""POS and digital management systems""]",00000000-0000-0000-0000-000000000001,,2026-1-10 12:02,2026-1-10 12:02
4412d0db-4f30-4670-aee2-e65e86607aa1,70628840-212f-4377-8b18-8aa145bc292a,"[""Premium Ice Cream"", ""Softies (Soft Serve)"", ""Thick Shakes"", ""Hard Scoops"", ""Sundaes"", ""Milkshakes"", ""Mastani""]","[""Continuous operational support"", ""Complete marketing assistance"", ""On-the-job training"", ""Classroom training at Nashik HQ"", ""Field assistance"", ""Detailed operating manuals"", ""POS and digital management systems""]",00000000-0000-0000-0000-000000000001,,2026-1-10 12:02,2026-1-10 12:02
79dc7ca8-7a8a-40e4-89de-b34806b6222e,6855aba8-d2c9-4cd6-aa86-bed08d0acfc8,"[""Ice Cream Burgers"", ""Ice Cream Sundaes"", ""Exotic Ice Cream Scoops"", ""Hot & Cold Coffees"", ""Belgian Waffles"", ""Waffle Pizzas"", ""Grilled Sandwiches"", ""Tortilla Wraps"", ""Nachos"", ""French Fries"", ""Milkshakes"", ""Ice Cream Floats""]","[""Continuous operational support"", ""Social media marketing support"", ""On-the-job training"", ""Classroom training at Bangalore HQ"", ""Regular field assistance"", ""Detailed operating manuals"", ""POS and digital management systems""]",00000000-0000-0000-0000-000000000001,,2026-1-10 12:02,2026-1-10 12:02
c7e34cd4-7ad5-402d-851e-a2233964dccd,9bb91606-f058-4164-bcaa-87892da94227,"[""Soft Serve Ice Cream"", ""Customized Sundaes"", ""Milkshakes"", ""Frozen Desserts"", ""Cornetto"", ""Feast"", ""Vienetta"", ""Max"", ""Moo""]","[""Continuous operational support"", ""Marketing support by HUL"", ""On-the-job training"", ""Classroom training programs"", ""Detailed operating manuals"", ""POS and digital management systems""]",00000000-0000-0000-0000-000000000001,,2026-1-10 12:02,2026-1-10 12:02
a6236cb4-c0bc-4177-a41e-1788f2e443ad,5f399d54-407c-4b4a-98c7-aef9ad1600c6,"[""Premium Frozen Yogurt"", ""Smoothies"", ""Falooda"", ""Yogurt-based Desserts""]","[""Comprehensive franchise training"", ""Operational support"", ""Marketing support"", ""Field assistance"", ""POS system integration""]",00000000-0000-0000-0000-000000000001,,2026-1-10 12:02,2026-1-10 12:02
e66f8823-edc7-4114-beba-72e02832ada6,489d88bf-1f8d-4de9-b7f1-a863268d3126,"[""Pre-Packed Ice Creams"", ""Dairy Products"", ""Beverages"", ""Sundaes"", ""Milkshakes""]","[""Logistics Setup"", ""Marketing"", ""Operational Support"", ""Training"", ""Technology Setup"", ""On-the-job Training"", ""Classroom Training"", ""Distributor-level Assistance""]",00000000-0000-0000-0000-000000000001,,2026-1-10 12:02,2026-1-10 12:02
a9af040e-0d1a-4cec-aacb-89f2da5f37aa,f1ce23fc-d9bd-4514-83be-543b30357cb1,"[""Premium Ice Cream"", ""Rabri Falooda"", ""Mango Shakes"", ""Kesar Pista"", ""Traditional Desserts"", ""Sundaes"", ""Milkshakes""]","[""Operational Support"", ""Training"", ""Marketing Support"", ""Field Assistance"", ""Detailed Operating Manuals"", ""POS System Support""]",00000000-0000-0000-0000-000000000001,,2026-1-10 12:02,2026-1-10 12:02
15850985-a86d-4c49-9920-394f066f2e2a,4af9efb4-507c-4d83-bac1-bfcb915174a4,"[""Hot Coffee"", ""Cold Coffee"", ""Shakes"", ""Snacks"", ""Pastries""]","[""Operational Support"", ""Training"", ""Marketing Support"", ""Field Assistance"", ""Detailed Operating Manuals"", ""POS System Support""]",00000000-0000-0000-0000-000000000001,,2026-1-10 12:02,2026-1-10 12:02
569fc516-5541-41e9-b2bf-764bd1c0719c,38561e9f-265f-4bd5-9e6f-4d4c001fab1e,"[""Multi-cuisine Restaurant"", ""Italian Food"", ""Mexican Food"", ""American Food"", ""Continental Food"", ""Chinese Food"", ""Indian Food""]","[""Training Programs"", ""Marketing Support"", ""Field Assistance"", ""IT Systems"", ""Operational Guidance""]",00000000-0000-0000-0000-000000000001,,2026-1-10 12:02,2026-1-10 12:02
41ae9b53-e48b-43f6-b00b-9961a6d64aeb,fb0b305f-4c8f-43af-acc7-5619797e05a7,"[""Tea/Coffee Beverages"", ""Milkshakes"", ""Soups"", ""Ice Crusher"", ""Quick Bites (Khakhra, Bhakhri, Mouth Fresheners)"", ""Kulhad Rani Earthenware - Tableware, Cookware, Plantware""]","[""On-the-job Training"", ""Classroom Training"", ""Marketing Support"", ""Field Assistance"", ""Operational Manuals"", ""Recruitment Support""]",00000000-0000-0000-0000-000000000001,,2026-1-10 12:02,2026-1-10 12:02
f97ca752-3edc-4dc5-a3ae-e8498a5e0ece,fbb1242f-32be-4c01-b085-b98486a13802,"[""Shakes & Frappes"", ""Bakery Items"", ""Burgers"", ""Sandwiches"", ""Pizzas"", ""Bake Dishes"", ""Mexican Cuisine"", ""Fries"", ""Ice Creams"", ""Hot & Cold Beverages""]","[""On-the-job Training"", ""Classroom Training"", ""Marketing Support"", ""Field Assistance"", ""Operational Manuals"", ""Recruitment Support"", ""Store Setup Assistance"", ""Ingredient Sourcing"", ""Delivery Platform Integration (Swiggy, Zomato)""]",00000000-0000-0000-0000-000000000001,,2026-1-10 12:02,2026-1-10 12:02
fbdb4719-c7b7-459c-ae54-38699ee728d6,bb624860-ff6d-416a-bd40-2458aeefed6c,"[""Drip Coffee"", ""Black Coffee"", ""Coffee Latte"", ""Irish Coffee Frappes"", ""Cold Coffee (Seasonal)""]","[""On-the-job Training"", ""Classroom Training"", ""Marketing Support"", ""Raw Material Support"", ""Site Selection Assistance"", ""Operational Guidance"", ""IT System Setup""]",00000000-0000-0000-0000-000000000001,,2026-1-10 12:02,2026-1-10 12:02
eb23eb8c-2fe4-471c-a1d6-1258a61d1de9,d93c950c-ab6f-4a07-b92b-33b89adc419b,"[""Toys"", ""Games"", ""Educational Products"", ""Licensed Character Merchandise"", ""Action Figures"", ""Soft Toys"", ""Puzzles"", ""Board Games"", ""Building Sets"", ""Play Sets""]","[""On-the-job Training"", ""Classroom Training"", ""Marketing & Branding Support"", ""Inventory & Supply Chain Support"", ""Operational Guidance"", ""POS/Billing System Setup"", ""Field Assistance""]",00000000-0000-0000-0000-000000000001,,2026-1-10 12:02,2026-1-10 12:02
b9e3c25f-f2c9-42c6-a144-d2e933604d08,12c8ab8c-e4fd-4910-8bce-ef630b9e6491,"[""Dog Food"", ""Pet Accessories"", ""Toys"", ""Grooming Products"", ""Premium Pet Care Items""]","[""Pet Grooming Services"", ""Pet Training Programs"", ""Retail Pet Products"", ""Pet Wellness Consultation"", ""Dog Boarding"", ""Customer Support""]",00000000-0000-0000-0000-000000000001,,2026-1-10 12:02,2026-1-10 12:02
63955d87-ac7c-4372-b5c5-a124a51fc8f8,64afff51-8b14-4193-a750-6c03763a23b4,"[""Modular Kitchens"", ""Custom Wardrobes"", ""Home Furniture"", ""False Ceiling"", ""Flooring Solutions"", ""Wall Painting"", ""Window Dressing"", ""Entertainment Units"", ""Study Tables"", ""Storage Solutions""]","[""Interior Design Consultation"", ""3D Visualization"", ""Project Management"", ""Manufacturing & Installation"", ""Quality Assurance"", ""After-Sales Support"", ""Lead Generation Support"", ""Marketing Assistance""]",00000000-0000-0000-0000-000000000001,,2026-1-10 12:02,2026-1-10 12:02
1ae8e5f0-7c19-4726-a21e-f1d886724cd9,3431dd32-d63e-4fce-8a7b-488a02dadf73,"[""Generic Medicines"", ""Branded Medicines"", ""Nutritional Supplements"", ""Ayurvedic Products"", ""Diabetes Care Products"", ""Personal Care Products"", ""Healthcare Devices"", ""Wellness Products""]","[""Retail Pharmacy Operations"", ""Affordable Generic Medicine Supply"", ""Inventory Management Support"", ""POS & Billing System"", ""Regulatory Compliance Assistance"", ""Staff Training"", ""Marketing & Promotional Support"", ""Online Pharmacy Integration""]",00000000-0000-0000-0000-000000000001,,2026-1-10 12:02,2026-1-10 12:02
d5886885-f758-4a26-86c6-d1a2ce281890,c6444da3-7bf0-44e7-a219-85d4e84bded4,"[""Certified Diamond Jewelry"", ""Precious Gemstone Jewelry"", ""Engagement Rings"", ""Wedding Jewelry"", ""Designer Jewelry Collections"", ""Gold and Platinum Jewelry"", ""Lifetime Exchange Jewelry""]","[""FOCO Franchise Operations"", ""Inventory Management"", ""Store Operations and Staffing"", ""Marketing and Promotions"", ""Customer Relationship Management"", ""Store Maintenance"", ""After-Sales Support""]",00000000-0000-0000-0000-000000000001,,2026-1-10 12:02,2026-1-10 12:02
17bc1d33-7827-4a90-9332-dc1501594781,b702b30c-ea16-4a5b-8d78-13f8c41c51d3,"[""Interior design consultation"", ""3D visualization"", ""Furniture retail"", ""Home decor products"", ""Project management"", ""Vendor coordination"", ""Installation supervision""]","[""On-the-job Training"", ""Classroom Training"", ""Marketing & Branding Support"", ""Operational Guidance"", ""POS/Billing System Setup"", ""Field Assistance"", ""Technology & Design Software Training""]",00000000-0000-0000-0000-000000000001,,2026-1-10 12:02,2026-1-10 12:02
9cc5ad1a-9f03-4db6-b9d2-3673a0a02e36,7d07fbd9-d1a5-4820-8ff8-c1120ea6ff06,"[""Rain jackets"", ""Ponchos"", ""Umbrellas"", ""Luggage"", ""Footwear"", ""Waterproof bags"", ""School bags"", ""Travel & Outdoor Accessories""]","[""On-the-job Training"", ""Classroom Training"", ""Marketing & Branding Support"", ""Operational Guidance"", ""POS/Billing System Setup"", ""Field Assistance"", ""Inventory & Supply Chain Support""]",00000000-0000-0000-0000-000000000001,,2026-1-10 12:02,2026-1-10 12:02
a71ae754-1de0-4ee3-b84e-e79c54b24cb9,0b66ede6-6a9d-4dc1-a71e-d4ac5db22f6f,"[""Raincoats"", ""Waterproof jackets"", ""Ponchos"", ""Umbrellas"", ""Waterproof accessories"", ""Seasonal collections""]","[""On-the-job Training"", ""Classroom Training"", ""Marketing & Branding Support"", ""Operational Guidance"", ""POS/Billing System Setup"", ""Inventory & Supply Chain Support"", ""Field Assistance""]",00000000-0000-0000-0000-000000000001,,2026-1-10 12:02,2026-1-10 12:02
49aa3c22-d2a3-42cd-a5cd-bc74805a0d0a,606a879b-da69-4f28-bb62-7d6928c5bfda,"[""Men's Footwear"", ""Women's Footwear"", ""Children's Shoes"", ""Sports Shoes"", ""Casual Footwear"", ""Premium Collections"", ""Accessories""]","[""Store design and layout"", ""Visual merchandising"", ""Inventory supply"", ""Product training"", ""POS support"", ""Marketing materials""]",00000000-0000-0000-0000-000000000001,,2026-1-10 12:02,2026-1-10 12:02
e45be515-6d5e-4aa9-a194-0b5f70ed8ca9,51de79ee-7094-4b9e-8fd8-36c14770b17d,"[""Modular Kitchens"", ""Wardrobes"", ""Kitchen Islands"", ""Crockery Units"", ""Shoe Racks"", ""Study Units"", ""False Ceilings"", ""Wardrobe Systems"", ""Design Consultation""]","[""Inventory planning"", ""Product pricing"", ""Client acquisition"", ""Interior design consultation"", ""CRM software"", ""Marketing support"", ""Website support"", ""Operational guidance""]",00000000-0000-0000-0000-000000000001,,2026-1-10 12:02,2026-1-10 12:02
d5ac1c38-ea2f-47d1-8a29-b29cc263a889,1fac6fce-3ca3-41c6-a470-541370486496,"[""Organized grocery products"", ""Quality FMCG items"", ""Packaged foods"", ""Health products"", ""Daily essentials"", ""Brand collections""]","[""Store design"", ""Visual merchandising"", ""Inventory management"", ""POS support"", ""Staff training"", ""Marketing support""]",00000000-0000-0000-0000-000000000001,,2026-1-10 12:02,2026-1-10 12:02
3d052e77-c3e9-41ed-b7c0-8618296ae632,7ead3192-9970-4ca4-9492-1e653cba5c40,"[""Organic vegetables"", ""Organic fruits"", ""Seasonal produce"", ""Tropical varieties"", ""Exotic produce"", ""Organic certification"", ""Farmer-sourced guarantee""]","[""Organic source identification"", ""Product procurement"", ""Display guidance"", ""Organic certification support"", ""Customer engagement""]",00000000-0000-0000-0000-000000000001,,2026-1-10 12:02,2026-1-10 12:02
3f676475-2e99-4075-b6da-995019b27fd0,b369aafb-788d-48c2-a292-1227e246c5e2,"[""Daily groceries"", ""Household essentials"", ""Vegetables & Fruits (Fresh)"", ""Dairy products"", ""Spices & Condiments"", ""Personal care items"", ""FMCG products""]","[""Complete logistics support"", ""Supplier network"", ""Technology platform"", ""Operational guidance"", ""Marketing assistance""]",00000000-0000-0000-0000-000000000001,,2026-1-10 12:02,2026-1-10 12:02
67eb126e-275a-4f92-8763-ebf6261e4670,4aafb50c-8cb6-4610-9232-89902077d0a3,"[""Web design & development"", ""ERP solutions"", ""Open source customization"", ""E-commerce platforms"", ""Digital marketing"", ""Cloud services"", ""Custom software development""]","[""Technical training"", ""Client support system"", ""Software platform"", ""Technology updates"", ""Business development guidance""]",00000000-0000-0000-0000-000000000001,,2026-1-10 12:02,2026-1-10 12:02
42a07564-eacd-40b3-8c7d-ac575d6471d7,30a2d954-c1e6-4ca8-8b82-c27241094307,"[""50,000+ validated products"", ""Fashion"", ""Electronics"", ""Home & Living"", ""Beauty"", ""Accessories"", ""All categories dropshipping""]","[""Technology platform"", ""Product catalog access"", ""Payment processing"", ""Logistics integration"", ""Marketing guidance""]",00000000-0000-0000-0000-000000000001,,2026-1-10 12:02,2026-1-10 12:02
816ff0e7-bd53-48a6-9d67-9689ab10643c,490c8da9-056b-42c8-953b-790ae0d96980,"[""Groceries"", ""Fresh vegetables and fruits"", ""Dairy products"", ""Personal care items"", ""Household essentials"", ""Packaged foods""]","[""Operational training"", ""Supply chain support"", ""Market updates"", ""POS & inventory system support""]",00000000-0000-0000-0000-000000000001,,2026-1-10 12:02,2026-1-10 12:02
a3ce4b2f-52c1-48a9-92c8-adda986e321d,3ab4cfd1-65bf-4466-b000-fa986136cf8a,"[""Casual footwear"", ""Formal shoes"", ""Office wear"", ""Sports footwear"", ""Sandals"", ""Kids footwear"", ""Trendy designs""]","[""Inventory management"", ""Market updates"", ""Performance tracking""]",00000000-0000-0000-0000-000000000001,,2026-1-10 12:02,2026-1-10 12:02
6eb8e315-8bef-4494-be8b-1e98aace1da3,52e386d0-16ce-48fa-91c9-75e6dc633959,"[""Networking courses"", ""System Administration"", ""IT Certifications"", ""Linux training"", ""Cisco certifications"", ""Microsoft certifications"", ""IT fundamentals""]","[""Curriculum updates"", ""Educational support"", ""Technology guidance""]",00000000-0000-0000-0000-000000000001,,2026-1-10 12:02,2026-1-10 12:02
b179b836-4449-4895-a850-a1facbf86dec,1ae94dc8-64ad-42e0-9650-72d9fe7e83c5,"[""HR Technology Platform"", ""Talent Management Software"", ""Recruitment Portal Access"", ""Employee Assessment Tools"", ""HR Analytics Dashboard""]","[""Permanent Staffing"", ""Temporary Staffing"", ""Executive Search"", ""HR Outsourcing"", ""Payroll Management"", ""Training & Development""]",00000000-0000-0000-0000-000000000001,,2026-01-10 12:02:00,2026-01-10 12:02:00
5a94fd9a-2bb8-4d1d-9d72-1c299266c581,b1966850-3f94-4893-8f7e-c6d27ee51461,"[""Gym Equipment"", ""Fitness Merchandise"", ""Cult Apparel"", ""Protein Supplements"", ""Fitness Accessories""]","[""Gym Membership"", ""Personal Training"", ""Group Fitness Classes"", ""Yoga & Meditation"", ""Zumba Classes"", ""CrossFit Training"", ""Diet Consultation""]",00000000-0000-0000-0000-000000000001,,2026-01-10 12:02:00,2026-01-10 12:02:00
b1898ab5-c502-4541-b39c-c2c0df60f155,3fdfc493-e614-4001-b564-8169665b6043,"[""Luxury Décor Pieces"", ""Wall Art"", ""Sculptures"", ""Vases & Ceramics"", ""Decorative Figurines"", ""Candles & Diffusers"", ""Cushions & Throws""]","[""Interior Design Consultation"", ""Home Styling"", ""Custom Art Sourcing"", ""Gift Wrapping"", ""Home Décor Planning""]",00000000-0000-0000-0000-000000000001,,2026-01-10 12:02:00,2026-01-10 12:02:00
f4840da8-af1c-43c5-8a59-1af16c444bf8,7c3e49a3-81b4-48ae-b744-c00b8dc05568,"[""Ayurvedic Medicines"", ""Herbal Supplements"", ""Ayurvedic Oils"", ""Wellness Skincare"", ""Herbal Teas"", ""Organic Health Products""]","[""Panchakarma Therapy"", ""Ayurvedic Consultation"", ""Wellness Programs"", ""Rejuvenation Treatments"", ""Stress Management"", ""Dietary Counseling""]",00000000-0000-0000-0000-000000000001,,2026-01-10 12:02:00,2026-01-10 12:02:00
65cd5118-ecc1-4d2b-8641-5c37a7387e0b,5c90c0fb-38e7-441d-a4b3-932c8d19d915,"[""Franchise Listing Platform"", ""Franchise Business Directory"", ""Investment Opportunity Reports"", ""Market Research Reports"", ""Franchise Agreement Templates""]","[""Franchise Consulting"", ""Business Matching"", ""Investor Connect"", ""Due Diligence Support"", ""Franchise Launch Assistance"", ""Marketing Support""]",00000000-0000-0000-0000-000000000001,,2026-01-10 12:02:00,2026-01-10 12:02:00
0769969d-8915-4718-91e0-05df985214ed,58e2d28f-d82e-4377-ae5d-34600e0382a9,"[""Learning Materials"", ""Activity Kits"", ""Educational Toys"", ""Story Books"", ""Art & Craft Supplies"", ""Digital Learning Tools""]","[""Preschool Education (2-6 years)"", ""Day Care"", ""After School Activities"", ""Parent-Teacher Programs"", ""Play-Based Learning"", ""Cognitive Development Programs""]",00000000-0000-0000-0000-000000000001,,2026-01-10 12:02:00,2026-01-10 12:02:00
d1a9a501-6013-4c66-96ee-fa26dbb79876,9dfffdd4-1e58-4269-9d0e-cf773083ffaf,"[""Educational Workbooks"", ""Learning Activity Kits"", ""Story Books"", ""Montessori Materials"", ""Art Supplies""]","[""Preschool Program (2-5 years)"", ""Nursery Classes"", ""Kindergarten"", ""Play Group"", ""Day Care"", ""Holiday Programs""]",00000000-0000-0000-0000-000000000001,,2026-01-10 12:02:00,2026-01-10 12:02:00
aacd308e-381d-49e1-8fd5-c03cfa494570,b6cb22e1-d94a-4a31-a69c-d7cebd7e2da1,"[""Diamond Jewelry"", ""Gold Jewelry"", ""Gemstone Jewelry"", ""Bridal Sets"", ""Engagement Rings"", ""Earrings"", ""Necklaces"", ""Bangles""]","[""Jewelry Consultation"", ""Custom Jewelry Design"", ""Jewelry Repair"", ""Hallmarking"", ""Certification Services""]",00000000-0000-0000-0000-000000000001,,2026-01-10 12:02:00,2026-01-10 12:02:00
0b783c2d-7634-45f7-8a23-cd35ba4a38eb,b5e867d7-e04d-4974-b1dc-1e8d7a45c77f,"[""Scandinavian Home Furniture"", ""Living Room Furniture"", ""Bedroom Sets"", ""Home Décor"", ""Lighting"", ""Storage Solutions"", ""Rugs & Carpets""]","[""Interior Design Consultation"", ""Home Styling"", ""Delivery & Assembly"", ""Custom Furniture Orders"", ""After-Sales Support""]",00000000-0000-0000-0000-000000000001,,2026-01-10 12:02:00,2026-01-10 12:02:00
30aa4a69-e01e-4bef-8d67-c3a49431e702,5d6e645a-ca76-4ed6-9c3a-65688ee1dd02,"[""Thin Crust Pizza"", ""Classic Pizza"", ""Specialty Pizza"", ""Calzone"", ""Garlic Bread"", ""Pasta"", ""Beverages""]","[""Dine-in"", ""Takeaway"", ""Home Delivery"", ""Catering"", ""Online Ordering""]",00000000-0000-0000-0000-000000000001,,2026-01-10 12:02:00,2026-01-10 12:02:00
c28d5f85-59f1-4df0-aceb-94058289a5ff,9aaac6a3-893d-407f-bc56-2440ef3e5e74,"[""Review Platform Access"", ""College Rating Reports"", ""Course Comparison Tools"", ""Student Feedback System"", ""Career Guidance Materials""]","[""College Counseling"", ""Course Selection Guidance"", ""Admission Assistance"", ""Career Counseling"", ""Study Abroad Guidance""]",00000000-0000-0000-0000-000000000001,,2026-01-10 12:02:00,2026-01-10 12:02:00
f97fd37c-2791-4448-8826-a6f4893a711c,6efcf26f-b96d-467f-b08d-40957a446d85,"[""Musical Instruments"", ""Dance Costumes"", ""Stage Equipment"", ""Performance Materials"", ""Learning Kits""]","[""Dance Training"", ""Music Classes"", ""Theatre Workshops"", ""Performance Events"", ""Competition Coaching"", ""Talent Development""]",00000000-0000-0000-0000-000000000001,,2026-01-10 12:02:00,2026-01-10 12:02:00
485e7af5-945d-439c-a2f1-8a7ea9d3f2f0,5aec5231-9a13-4ec6-b378-d5964efadc4a,"[""Textbooks & Study Materials"", ""School Uniforms"", ""Stationery"", ""Digital Learning Tools"", ""Sports Equipment""]","[""International Curriculum (K-12)"", ""Extra-Curricular Activities"", ""Sports Programs"", ""Arts & Crafts"", ""Parent Engagement Programs"", ""Counseling Services""]",00000000-0000-0000-0000-000000000001,,2026-01-10 12:02:00,2026-01-10 12:02:00
4a8baaff-c3c1-40ed-bcfc-ac3cae675286,f8b3e14e-2a1b-4ca1-a862-ff8ba9e173ca,"[""Diamond Jewelry"", ""Gold Jewelry"", ""Silver Jewelry"", ""Gemstone Jewelry"", ""Bridal Collections"", ""Fashion Jewelry""]","[""Jewelry Consultation"", ""Custom Design"", ""Repair & Polishing"", ""Exchange & Buyback"", ""Certification Services""]",00000000-0000-0000-0000-000000000001,,2026-01-10 12:02:00,2026-01-10 12:02:00
a4f0a896-fd6a-46cf-b924-30739768d570,2181d9cf-6d6b-4078-acee-317b4cc66ce9,"[""Educational Toys"", ""Learning Activity Kits"", ""Workbooks"", ""Art & Craft Supplies"", ""Digital Learning Materials""]","[""Playgroup (1.5-2.5 years)"", ""Nursery (2.5-3.5 years)"", ""LKG/UKG Programs"", ""Day Care"", ""Activity Classes"", ""Parent Workshops""]",00000000-0000-0000-0000-000000000001,,2026-01-10 12:02:00,2026-01-10 12:02:00
fc74bf13-a68f-49f3-93b3-1e525726ae64,42b424ae-4fe6-499f-8da7-eba2f6369b6b,"[""Baby Products"", ""Educational Toys"", ""Learning Kits"", ""Developmental Activity Materials"", ""Art Supplies""]","[""Preschool Education"", ""Day Care"", ""Parenting Workshops"", ""Developmental Assessments"", ""Child Care Services""]",00000000-0000-0000-0000-000000000001,,2026-01-10 12:02:00,2026-01-10 12:02:00
f4948645-c8f2-4a8f-9f4f-af846c865dc8,c6e5a3dd-2b86-49aa-b104-e0a6873c8d0a,"[""Gym Equipment"", ""Sports Gear"", ""Fitness Accessories"", ""Workout Apparel"", ""Supplements""]","[""Gym Membership"", ""Personal Training"", ""Group Fitness"", ""Sports Coaching"", ""Nutrition Counseling"", ""Health Assessments""]",00000000-0000-0000-0000-000000000001,,2026-01-10 12:02:00,2026-01-10 12:02:00
f10ca02d-d62b-461f-aba5-4d032fc58332,d38aabdb-219c-4f57-a903-7cc8b78a3158,"[""Holiday Packages"", ""International Tour Packages"", ""Domestic Tour Packages"", ""Group Tour Packages"", ""Flight Bookings"", ""Hotel Bookings""]","[""Travel Planning"", ""Visa Assistance"", ""Tour Guiding"", ""Travel Insurance"", ""Corporate Travel Management"", ""Customized Itinerary Planning""]",00000000-0000-0000-0000-000000000001,,2026-01-10 12:02:00,2026-01-10 12:02:00
a7998ebd-f947-4271-a17f-8d1a419c0cee,8d1f2c2b-4dd4-4959-8ec7-375edd59f999,"[""Classic Pizza"", ""Loaded Pizza"", ""Stuffed Crust Pizza"", ""Garlic Bread"", ""Pasta"", ""Beverages"", ""Desserts""]","[""Dine-in"", ""Takeaway"", ""Home Delivery"", ""Party Orders"", ""Bulk Catering""]",00000000-0000-0000-0000-000000000001,,2026-01-10 12:02:00,2026-01-10 12:02:00
eb9a8f9a-cb6f-4974-a243-79cee3ebf4bb,a7eebaa7-a429-4489-b0f0-1f29b069af63,"[""Course Materials"", ""Design Software Licenses"", ""Art Supplies"", ""Portfolio Development Kits"", ""Study Resources""]","[""Fashion Design Courses"", ""Graphic Design Training"", ""Interior Design Programs"", ""Photography Courses"", ""Placement Assistance"", ""Industry Internships""]",00000000-0000-0000-0000-000000000001,,2026-01-10 12:02:00,2026-01-10 12:02:00
c42ab385-35f2-466d-b279-13dec23837fb,496ce3e5-cf47-4bf4-8874-b4572a97def5,"[""Solid Wood Furniture"", ""Living Room Sets"", ""Bedroom Furniture"", ""Dining Tables"", ""Storage Solutions"", ""Office Furniture"", ""Custom Wood Pieces""]","[""Furniture Consultation"", ""Custom Design"", ""Delivery & Installation"", ""Refurbishment"", ""After-Sales Service""]",00000000-0000-0000-0000-000000000001,,2026-01-10 12:02:00,2026-01-10 12:02:00
77be66c2-285f-4d2d-8430-c1357573c68d,a42c35fe-e9bd-42b0-8787-966596a54f97,"[""Gold Jewelry"", ""Diamond Jewelry"", ""Silver Jewelry"", ""Gemstone Jewelry"", ""Bridal Collections"", ""Fashion Accessories"", ""Watches""]","[""Jewelry Consultation"", ""Custom Design"", ""Repair & Polishing"", ""Exchange & Buyback"", ""Hallmarking"", ""Certification""]",00000000-0000-0000-0000-000000000001,,2026-01-10 12:02:00,2026-01-10 12:02:00
d22378b9-f89a-4ac8-8234-b3b6da63064a,5d130317-45b7-4caa-aa92-b38fabf64bd8,"[""Punjabi Cuisine"", ""Dal Makhani"", ""Butter Chicken"", ""Tandoori Items"", ""Rotis & Naans"", ""Lassi"", ""Punjabi Desserts""]","[""Fine Dining"", ""Private Dining"", ""Catering"", ""Wedding Catering"", ""Event Hosting"", ""Takeaway""]",00000000-0000-0000-0000-000000000001,,2026-01-10 12:02:00,2026-01-10 12:02:00
7a86151c-8844-4d29-a8c0-5692b0035671,757661f5-15bb-4634-87a2-e83e5e4ac1be,"[""Amul Milk"", ""Butter"", ""Cheese"", ""Ice Cream"", ""Chocolates"", ""Yogurt"", ""Ghee"", ""Flavoured Milk""]","[""Retail Distribution"", ""Home Delivery"", ""Bulk Orders"", ""Institutional Supply""]",00000000-0000-0000-0000-000000000001,,2026-01-10 12:02:00,2026-01-10 12:02:00
dadb7451-24ba-4da1-bf66-354b3f75be58,46bdfbfd-5076-4275-808a-0654c0f16d64,"[""Indian Cuisine"", ""Street Food Inspired Dishes"", ""Chaat"", ""Tikkas"", ""Curries"", ""Biryanis"", ""Desserts"", ""Beverages""]","[""Dine-in"", ""Takeaway"", ""Catering"", ""Home Delivery"", ""Event Catering""]",00000000-0000-0000-0000-000000000001,,2026-01-10 12:02:00,2026-01-10 12:02:00
1d518322-219c-4243-bdbd-070eced34294,13b02d85-0b21-41df-a42b-a3e69627c361,"[""Wellness Products"", ""Herbal Supplements"", ""Therapeutic Oils"", ""Wellness Equipment"", ""Health Devices""]","[""Physiotherapy"", ""Chiropractic Care"", ""Yoga Therapy"", ""Nutrition Counseling"", ""Pain Management"", ""Rehabilitation Programs""]",00000000-0000-0000-0000-000000000001,,2026-01-10 12:02:00,2026-01-10 12:02:00
e40b37ce-bc56-451f-b30b-1a716cec84e1,685e5824-24fc-4845-b14b-c910e3724267,"[""Gym Equipment"", ""Fitness Accessories"", ""Branded Merchandise"", ""Supplements"", ""Fitness Trackers""]","[""24/7 Gym Access"", ""Personal Training"", ""Group Classes"", ""Fitness Assessments"", ""Online Coaching"", ""Nutrition Guidance""]",00000000-0000-0000-0000-000000000001,,2026-01-10 12:02:00,2026-01-10 12:02:00
de628da8-6afe-4842-888f-563c72688f66,c7b53088-088e-47c7-880c-33fff141f5cc,"[""Diagnostic Kits"", ""Medications"", ""Wellness Products"", ""Medical Devices"", ""Health Supplements""]","[""Multi-Specialty Healthcare"", ""Diagnostics"", ""Pharmacy"", ""Preventive Health Checkups"", ""Telemedicine"", ""Specialist Consultations""]",00000000-0000-0000-0000-000000000001,,2026-01-10 12:02:00,2026-01-10 12:02:00
5464306c-b360-4aa8-a1cd-ec52df0d6ee3,0c1a24dd-8ba8-49c0-9201-209dcec335ff,"[""Three-Wheeler Vehicles"", ""Electric Three-Wheelers"", ""Commercial Vehicles"", ""Spare Parts"", ""Accessories""]","[""Vehicle Sales"", ""After-Sales Service"", ""Spare Parts Supply"", ""Vehicle Financing"", ""Warranty Services""]",00000000-0000-0000-0000-000000000001,,2026-01-10 12:02:00,2026-01-10 12:02:00
b0268cfe-0126-4eb9-98d5-0be79fc8d134,513980c6-0171-4aff-a7f3-b55f1a3e291d,"[""Hair Care Products"", ""Skin Care Products"", ""Beauty Cosmetics"", ""Nail Products"", ""Styling Tools""]","[""Haircut & Styling"", ""Hair Coloring"", ""Facial Treatments"", ""Manicure & Pedicure"", ""Makeup Services"", ""Body Treatments"", ""Bridal Packages""]",00000000-0000-0000-0000-000000000001,,2026-01-10 12:02:00,2026-01-10 12:02:00
59a490fa-6aca-414a-882d-65da6281694e,9ed14b2b-c050-40f4-a1be-9a0681fc1fcf,"[""Baby Hair Care Products"", ""Kids Styling Tools"", ""Baby Accessories"", ""Gift Sets"", ""Organic Baby Care""]","[""Kids Haircut"", ""Baby First Haircut Ceremony"", ""Kids Spa"", ""Hair Styling"", ""Kids Birthday Packages"", ""Parent Accompaniment Services""]",00000000-0000-0000-0000-000000000001,,2026-01-10 12:02:00,2026-01-10 12:02:00
73cf9acf-664d-4a8b-8a23-f5a2a4be1fdc,306adbb9-1cd9-4b86-a202-0cdd8351a725,"[""Educational Toys"", ""Activity Books"", ""Learning Kits"", ""Art Supplies"", ""Music & Dance Materials""]","[""Playgroup"", ""Nursery"", ""LKG"", ""UKG"", ""Day Care"", ""Activity Classes"", ""Enrichment Programs""]",00000000-0000-0000-0000-000000000001,,2026-01-10 12:02:00,2026-01-10 12:02:00
7824da3b-d36e-4c2d-9b03-e05b038c5137,ac9a69a5-6742-4c61-a0fc-357ffaacb990,"[""Men's Footwear"", ""Women's Footwear"", ""Children's Shoes"", ""Sports Shoes"", ""Formal Shoes"", ""Casual Footwear"", ""Sandals"", ""Accessories""]","[""Shoe Fitting Service"", ""Custom Orders"", ""Repair Services"", ""Exchange Program"", ""School Shoe Programs""]",00000000-0000-0000-0000-000000000001,,2026-01-10 12:02:00,2026-01-10 12:02:00
f76d3fda-81c3-4024-ac6a-0f3b140cc5f3,dea2856c-266c-404b-ba9a-660bf0018d47,"[""Designer Sarees"", ""Salwar Suits"", ""Lehengas"", ""Ethnic Fusion Wear"", ""Kurtis"", ""Dupattas"", ""Accessories""]","[""Personalized Styling"", ""Alterations & Tailoring"", ""Bridal Consultation"", ""Custom Outfit Design"", ""Retail Store Operations""]",00000000-0000-0000-0000-000000000001,,2026-01-10 12:02:00,2026-01-10 12:02:00
b431f7c8-d0d4-4955-b3cd-6fcd3628db5f,6e7e1589-f738-4d22-98b1-15f122e473ce,"[""Classic Burgers"", ""Gourmet Burgers"", ""Chicken Burgers"", ""Vegetarian Burgers"", ""Fries"", ""Shakes"", ""Beverages""]","[""Dine-in"", ""Takeaway"", ""Home Delivery"", ""Online Ordering"", ""Catering for Events""]",00000000-0000-0000-0000-000000000001,,2026-01-10 12:02:00,2026-01-10 12:02:00
ab56eea9-8a92-4f2e-8b8b-273475dd7ef2,1984c3e0-e84b-4f1b-9983-778f9dfd90fc,"[""Chicken Biryani"", ""Mutton Biryani"", ""Vegetable Biryani"", ""Dum Biryani"", ""Raita"", ""Shorba"", ""Desserts""]","[""Dine-in"", ""Takeaway"", ""Home Delivery"", ""Bulk Orders"", ""Catering Services""]",00000000-0000-0000-0000-000000000001,,2026-01-10 12:02:00,2026-01-10 12:02:00
caa68a5e-9e1c-4825-85d5-23b9849d01a6,fa32c4a3-f72f-4edc-85d4-51bde717a0a9,"[""Activity Kits"", ""Educational Toys"", ""Learning Materials"", ""Developmental Worksheets"", ""Story Books""]","[""Day Care (6 months - 5 years)"", ""Learning Programs"", ""Montessori-based Education"", ""After-School Care"", ""Holiday Camps""]",00000000-0000-0000-0000-000000000001,,2026-01-10 12:02:00,2026-01-10 12:02:00
c7f14ceb-f546-42bb-a094-aacf2c08954e,add4ca64-cde4-4c81-8e58-d521d898372b,"[""Custom Cakes"", ""Cupcakes"", ""Pastries"", ""Cookies"", ""Dessert Hampers"", ""Birthday Cakes"", ""Wedding Cakes"", ""Donuts""]","[""Custom Cake Design"", ""Event Catering"", ""Cake Delivery"", ""Baking Classes"", ""Corporate Gifting"", ""Online Ordering""]",00000000-0000-0000-0000-000000000001,,2026-01-10 12:02:00,2026-01-10 12:02:00
80d8425a-c4ee-4de0-a570-19d07aa6801a,a39cf9a7-18eb-40d7-a536-ac1a43690702,"[""Men's Shirts"", ""Formal Trousers"", ""Casual T-shirts"", ""Women's Western Wear"", ""Kids Clothing"", ""Accessories"", ""Denim Jeans""]","[""Retail Shopping"", ""Personal Styling"", ""Alterations"", ""Exchange & Returns"", ""Loyalty Program""]",00000000-0000-0000-0000-000000000001,,2026-01-10 12:02:00,2026-01-10 12:02:00
a732b207-d4b0-43fa-8447-94e8d501a8c0,9c4c8994-4d2e-45ee-98ff-0dc08f89f6dc,"[""Pre-Owned Cars"", ""Certified Used Cars"", ""Car Inspection Reports"", ""Vehicle Documentation""]","[""Used Car Buying"", ""Instant Car Valuation"", ""Vehicle Inspection"", ""Documentation Services"", ""Auto Loans"", ""Car Selling Platform""]",00000000-0000-0000-0000-000000000001,,2026-01-10 12:02:00,2026-01-10 12:02:00
0e184ecd-9fec-474b-bd46-7fcbbe6c22c0,11ec541c-8d14-4ee5-ba4c-dabf82387746,"[""Pearl Jewelry"", ""Pearl Necklaces"", ""Pearl Earrings"", ""Pearl Bracelets"", ""Pearl Rings"", ""Pearl Sets"", ""Gold Jewelry""]","[""Jewelry Consultation"", ""Custom Pearl Jewelry Design"", ""Certification"", ""Repair & Restringing"", ""Exchange Program""]",00000000-0000-0000-0000-000000000001,,2026-01-10 12:02:00,2026-01-10 12:02:00
24b6ba4c-2a64-48d9-9c0f-2be51fcf4d29,e82dbdfb-34d6-4427-99f1-7334e55a59eb,"[""Deep Dish Pizza"", ""Classic Pizza"", ""Thin Crust Pizza"", ""Garlic Bread"", ""Pasta"", ""Beverages"", ""Desserts""]","[""Dine-in"", ""Takeaway"", ""Home Delivery"", ""Party Catering"", ""Online Ordering""]",00000000-0000-0000-0000-000000000001,,2026-01-10 12:02:00,2026-01-10 12:02:00
6a146e3c-6811-4a05-8e7f-9509b48ba624,4a4b2be6-742f-4690-bdb4-7f307761ef4c,"[""Women's Ethnic Wear"", ""Western Wear"", ""Indo-Fusion Outfits"", ""Tops"", ""Dresses"", ""Accessories"", ""Footwear""]","[""Personalized Styling"", ""Alterations"", ""Online Shopping"", ""Exchange & Returns"", ""Loyalty Program""]",00000000-0000-0000-0000-000000000001,,2026-01-10 12:02:00,2026-01-10 12:02:00
10a60d78-e93d-4203-8b99-202fa0b17a39,b30cf2fe-a449-40e7-9afa-3ce7a29cf2ec,"[""Skincare Products"", ""Anti-Aging Serums"", ""Brightening Creams"", ""Sunscreens"", ""Beauty Supplements"", ""Hair Care Products""]","[""Skin Analysis"", ""Facial Treatments"", ""Acne Treatment"", ""Anti-Aging Procedures"", ""Laser Therapy"", ""Beauty Consultations""]",00000000-0000-0000-0000-000000000001,,2026-01-10 12:02:00,2026-01-10 12:02:00
b1a8c05c-34a1-4e5f-bc9b-adc201175ded,7a48f43c-7ccb-480c-8b26-77c5994cb82e,"[""Car Cleaning Products"", ""Ceramic Coating"", ""Paint Protection Film"", ""Detailing Equipment"", ""Polishing Compounds""]","[""Full Car Detailing"", ""Ceramic Coating"", ""Paint Protection Film (PPF)"", ""Interior Cleaning"", ""Engine Cleaning"", ""Headlight Restoration""]",00000000-0000-0000-0000-000000000001,,2026-01-10 12:02:00,2026-01-10 12:02:00
d12a605a-2041-472c-b748-73537e05bc24,6e313ad1-9e12-4d70-853a-944f567a0acb,"[""Laundry Bags"", ""Fabric Care Products"", ""Stain Remover"", ""Hangers"", ""Garment Bags""]","[""Wash & Fold"", ""Dry Cleaning"", ""Steam Ironing"", ""Express Laundry"", ""Pickup & Delivery"", ""Shoe Cleaning"", ""Bag Cleaning""]",00000000-0000-0000-0000-000000000001,,2026-01-10 12:02:00,2026-01-10 12:02:00
2b1a19a6-884f-4c35-b5b7-a3a1edd0f45b,3cac3d1d-27d2-4009-8a0f-9cd03a389407,"[""Health Monitoring Kits"", ""Medical Supplies"", ""Prescription Medicines"", ""Health Devices""]","[""Doctor Home Visits"", ""Telemedicine Consultations"", ""Diagnostic Sample Collection"", ""Nursing Care at Home"", ""Physiotherapy at Home"", ""Post-Surgery Care""]",00000000-0000-0000-0000-000000000001,,2026-01-10 12:02:00,2026-01-10 12:02:00
f06cbea0-9d95-4a04-9cd9-d8eb9f7f1b38,0646a3ac-eaf3-406e-ac72-d59fddb63b78,"[""Diagnostic Test Kits"", ""Sample Collection Materials"", ""Health Packages"", ""Medical Reports""]","[""Blood Tests"", ""Urine Tests"", ""Imaging Services"", ""Health Checkup Packages"", ""Home Sample Collection"", ""Corporate Health Programs"", ""Digital Reports""]",00000000-0000-0000-0000-000000000001,,2026-01-10 12:02:00,2026-01-10 12:02:00
e62caba0-93b5-4b05-9554-204f0f8c3784,c4c6e592-e9bc-4518-b791-482f31803ead,"[""Men's Shirts"", ""Trousers"", ""T-Shirts"", ""Jeans"", ""Jackets"", ""Women's Wear"", ""Kids Clothing"", ""Accessories""]","[""Retail Shopping"", ""Personal Styling"", ""Alteration Services"", ""Loyalty Program"", ""Exchange & Returns""]",00000000-0000-0000-0000-000000000001,,2026-01-10 12:02:00,2026-01-10 12:02:00
16c40b43-3f7a-4293-a1a4-338ec37f1b91,b99cc638-61d0-49c1-ba47-9fbd822a1ccf,"[""Biryani"", ""Kebabs"", ""Tandoori Specialties"", ""Curries"", ""Breads"", ""Desserts"", ""Beverages""]","[""Fine Dining"", ""Private Dining"", ""Catering"", ""Corporate Events"", ""Wedding Catering"", ""Takeaway""]",00000000-0000-0000-0000-000000000001,,2026-01-10 12:02:00,2026-01-10 12:02:00
585089c1-4469-4419-a37a-3ab0b47734fc,91dd4711-5e07-4a7e-8a75-d8384fc158b9,"[""Learning Materials"", ""Activity Books"", ""Educational Toys"", ""Art Supplies"", ""Digital Learning Tools""]","[""Playgroup (1.5-2 years)"", ""Nursery"", ""LKG/UKG"", ""Day Care"", ""After-School Programs"", ""Summer Camps""]",00000000-0000-0000-0000-000000000001,,2026-01-10 12:02:00,2026-01-10 12:02:00
5295e188-2258-4990-8fa5-f23ea246f5a6,3b4bb16e-1882-4bbf-b79f-0ffd13491af4,"[""Spectacles"", ""Contact Lenses"", ""Sunglasses"", ""Prescription Lenses"", ""Eye Care Accessories""]","[""Eye Examination"", ""Cataract Surgery"", ""LASIK"", ""Retina Treatment"", ""Glaucoma Management"", ""Pediatric Eye Care"", ""Optical Retail""]",00000000-0000-0000-0000-000000000001,,2026-01-10 12:02:00,2026-01-10 12:02:00
bd24f50d-e3e5-4e11-bc4a-b814560aaa9d,5e12d3d4-5738-4955-94e3-03608f6a6ab8,"[""Pizza"", ""Pasta"", ""Garlic Bread"", ""Beverages"", ""Desserts"", ""Snacks""]","[""Dine-in"", ""Takeaway"", ""Home Delivery"", ""Online Ordering"", ""Bulk Orders""]",00000000-0000-0000-0000-000000000001,,2026-01-10 12:02:00,2026-01-10 12:02:00
cb5c3101-f250-4313-8b63-a1455c5041c9,3ae8b196-9e9d-443e-b1e5-df65526686e3,"[""Generic Medicines"", ""OTC Medications"", ""Health Supplements"", ""Ayurvedic Products"", ""Diagnostic Kits"", ""Personal Care Products""]","[""Pharmacy Retail"", ""Medicine Consultation"", ""Generic Drug Sourcing"", ""Home Delivery of Medicines"", ""Health Checkup Camps""]",00000000-0000-0000-0000-000000000001,,2026-01-10 12:02:00,2026-01-10 12:02:00
84593940-2c4e-4ff6-9a19-dc9bc0b9b4d1,146c0b9a-7f1a-4349-acbb-9e635b67f0ed,"[""Ice Cream"", ""Lassi"", ""Milkshakes"", ""Kulfi"", ""Fruit Ice Cream"", ""Frozen Desserts""]","[""Dine-in"", ""Takeaway"", ""Bulk Orders"", ""Catering for Events"", ""Home Delivery""]",00000000-0000-0000-0000-000000000001,,2026-01-10 12:02:00,2026-01-10 12:02:00
ad308ef8-85a5-46b4-a5d7-5128aa2670bc,668b8c49-6dd3-4e0d-ab5a-1ae6a0e1829d,"[""Gym Equipment"", ""Fitness Merchandise"", ""Supplements"", ""Sportswear"", ""Fitness Accessories""]","[""Gym Membership"", ""Personal Training"", ""Group Classes"", ""Yoga"", ""Zumba"", ""CrossFit"", ""Nutrition Counseling"", ""Body Transformation Programs""]",00000000-0000-0000-0000-000000000001,,2026-01-10 12:02:00,2026-01-10 12:02:00
836a9570-ac2a-416c-91e7-e7e5113a6a63,f3a87cae-1f95-490d-9dbc-8f0759a06895,"[""Groceries"", ""Fresh Vegetables & Fruits"", ""Dairy Products"", ""FMCG Products"", ""Packaged Foods"", ""Personal Care Items"", ""Household Essentials""]","[""Retail Grocery Shopping"", ""Home Delivery"", ""Online Ordering"", ""Loyalty Program"", ""Bulk Order Services""]",00000000-0000-0000-0000-000000000001,,2026-01-10 12:02:00,2026-01-10 12:02:00
6b5b042e-41ea-420f-892d-eef4e731ac8e,58e082bd-8ad9-4ee9-92ca-be29f3892f4b,"[""Educational Books"", ""Activity Materials"", ""Learning Kits"", ""Art & Craft Supplies"", ""Musical Instruments""]","[""Playgroup"", ""Nursery Classes"", ""LKG/UKG"", ""Day Care"", ""After-School Programs"", ""Parent Development Programs""]",00000000-0000-0000-0000-000000000001,,2026-01-10 12:02:00,2026-01-10 12:02:00
4074999e-2f1a-43d1-9ebc-72bb75ffa121,5ac44d91-d7c0-4ddb-ba5c-e152d8954bf7,"[""Fertility Medications"", ""IVF Kits"", ""Diagnostic Services"", ""Embryology Supplies""]","[""IVF Treatment"", ""IUI Treatment"", ""Egg Freezing"", ""Fertility Consultations"", ""Genetic Testing"", ""Embryo Freezing"", ""Surrogacy Support""]",00000000-0000-0000-0000-000000000001,,2026-01-10 12:02:00,2026-01-10 12:02:00
ed8fc4f9-7284-43c6-93e9-48c77fadff6a,be84dd74-61cb-46bf-b3a8-953d79be7933,"[""Textbooks"", ""Study Materials"", ""Digital Learning Tools"", ""School Uniforms"", ""Stationery""]","[""International Curriculum (K-12)"", ""Preschool Programs"", ""Extra-Curricular Activities"", ""Sports Programs"", ""Counseling Services"", ""Parent Programs""]",00000000-0000-0000-0000-000000000001,,2026-01-10 12:02:00,2026-01-10 12:02:00
14220664-b549-4ef1-9363-847854c4fbe4,a1396a46-d38e-4e0b-877e-7e0fd55be66a,"[""Hair Care Products"", ""Styling Products"", ""Hair Color"", ""Shampoos & Conditioners"", ""Grooming Accessories""]","[""Haircut & Styling"", ""Hair Coloring & Highlights"", ""Hair Spa"", ""Scalp Treatments"", ""Smoothening & Straightening"", ""Blow Dry"", ""Bridal Packages""]",00000000-0000-0000-0000-000000000001,,2026-01-10 12:02:00,2026-01-10 12:02:00
9bbdb798-8e19-4c29-8cd8-0404e03430e5,368e80d9-3ba0-46d2-9979-67cbdb69ce6f,"[""Course Materials"", ""Design Portfolio Kits"", ""Fashion Illustration Books"", ""Software Licenses"", ""Art Supplies""]","[""Fashion Design Courses"", ""Textile Design Programs"", ""Interior Design Courses"", ""Jewelry Design"", ""Placement Assistance"", ""Industry Projects""]",00000000-0000-0000-0000-000000000001,,2026-01-10 12:02:00,2026-01-10 12:02:00
a75aec90-aa89-4756-a6f1-296b72682000,0db4c3ee-7282-42aa-be41-21732c3658b6,"[""Vada Pav"", ""Pav Bhaji"", ""Cheese Burst Vada Pav"", ""Masala Vada Pav"", ""Beverages"", ""Snacks""]","[""Quick Service"", ""Takeaway"", ""Online Ordering"", ""Delivery"", ""Bulk Orders for Events""]",00000000-0000-0000-0000-000000000001,,2026-01-10 12:02:00,2026-01-10 12:02:00
05c5c0b7-0e77-453f-b2a3-e57db37e90f6,3f29e1a8-d818-4cc7-ae35-d92c4bcfa357,"[""Sindhi Cuisine"", ""Chaat"", ""Papdi Chaat"", ""Dahi Bhalla"", ""Chole Bhature"", ""Indian Sweets"", ""Beverages""]","[""Dine-in"", ""Takeaway"", ""Catering"", ""Home Delivery"", ""Festive Special Menus""]",00000000-0000-0000-0000-000000000001,,2026-01-10 12:02:00,2026-01-10 12:02:00
b069c4b7-160b-41b4-90d0-2fc7f1816ab5,a5e859b4-6b8c-4036-b87b-04a4cb2b0181,"[""Educational Toys"", ""Learning Kits"", ""Activity Books"", ""Art Supplies"", ""Digital Learning Tools""]","[""Playgroup (1.5-2 years)"", ""Nursery (2-3 years)"", ""LKG (3-4 years)"", ""UKG (4-5 years)"", ""Day Care"", ""Holiday Programs""]",00000000-0000-0000-0000-000000000001,,2026-01-10 12:02:00,2026-01-10 12:02:00
2a49d100-df02-45bb-8fa2-30897827d168,49b564d1-e211-41fb-901b-bc102d9bea80,"[""Diamond Jewelry"", ""Gold Jewelry"", ""Gemstone Jewelry"", ""Bridal Sets"", ""Engagement Rings"", ""Necklaces"", ""Earrings""]","[""Jewelry Consultation"", ""Custom Diamond Selection"", ""Certification"", ""Repair Services"", ""Buyback Program""]",00000000-0000-0000-0000-000000000001,,2026-01-10 12:02:00,2026-01-10 12:02:00
01229d34-fac2-493b-841c-bdeb4078ce37,f75aaa41-acce-4021-99a0-070a49650240,"[""RO Water Purifiers"", ""UV Purifiers"", ""UF Purifiers"", ""Alkaline Water Purifiers"", ""Commercial Water Purifiers"", ""Water Softeners"", ""Accessories""]","[""Product Demo"", ""Installation"", ""Annual Maintenance Contract (AMC)"", ""Repair & Service"", ""Filter Replacement"", ""Water Quality Testing""]",00000000-0000-0000-0000-000000000001,,2026-01-10 12:02:00,2026-01-10 12:02:00
04426a62-a573-4928-bab5-469d51c42d70,e2d6be80-968a-41d6-985c-3d1526410c64,"[""Handcrafted Products"", ""Traditional Handicrafts"", ""Ethnic Home Décor"", ""Artisan Jewelry"", ""Handloom Fabrics""]","[""Retail Store Operations"", ""Online Sales"", ""Custom Orders"", ""Gift Packaging"", ""Corporate Gifting""]",00000000-0000-0000-0000-000000000001,,2026-01-10 12:02:00,2026-01-10 12:02:00
74e83d2e-fb81-43b9-996f-abe1fde42b26,4412b726-961e-4fd1-8338-a5b8552490bc,"[""Diamond Jewelry"", ""Gold Jewelry"", ""Silver Jewelry"", ""Gemstone Jewelry"", ""Bridal Collections"", ""Daily Wear Collections""]","[""Jewelry Consultation"", ""Custom Design"", ""BIS Hallmarking"", ""Exchange Program"", ""Repair Services"", ""Certification""]",00000000-0000-0000-0000-000000000001,,2026-01-10 12:02:00,2026-01-10 12:02:00
009168af-a785-42de-a876-4079b9990f75,ffc26e8a-e1ca-436f-86c0-8947b436fd79,"[""Hair Color Products"", ""Shampoos & Conditioners"", ""Styling Products"", ""Skin Care Products"", ""Makeup Products"", ""Nail Colors""]","[""Haircut & Styling"", ""Hair Coloring"", ""Facials"", ""Manicure & Pedicure"", ""Bridal Makeup"", ""Makeup Services"", ""Hair Treatments""]",00000000-0000-0000-0000-000000000001,,2026-01-10 12:02:00,2026-01-10 12:02:00
d4ee771e-2bc4-4970-b298-ee48140a303e,7e6708bc-282e-4db5-b896-947f0d407cb2,"[""Laundry Bags"", ""Fabric Care Products"", ""Packaging Materials"", ""Hangers""]","[""Wash & Fold"", ""Dry Cleaning"", ""Steam Ironing"", ""Express Service"", ""Shoe Cleaning"", ""Carpet Cleaning"", ""Pickup & Delivery"", ""Premium Garment Care""]",00000000-0000-0000-0000-000000000001,,2026-01-10 12:02:00,2026-01-10 12:02:00
2686a8c9-b28d-45d5-8ee4-45b0dc370765,63e8fcdd-17af-4413-8cd1-39e2012795b1,"[""Denim Jeans"", ""Shirts"", ""T-Shirts"", ""Jackets"", ""Shorts"", ""Women's Denim"", ""Kids Wear"", ""Accessories"", ""Footwear""]","[""Personal Styling"", ""Alteration Services"", ""Returns & Exchange"", ""Loyalty Rewards"", ""Custom Fit Service""]",00000000-0000-0000-0000-000000000001,,2026-01-10 12:02:00,2026-01-10 12:02:00
bba6fd79-29b9-44b8-b2e9-3f2be9652cc3,b92f6992-01e1-4a17-ae71-059cf3c0f4c5,"[""Hair Care Products"", ""Styling Products"", ""Beauty Products"", ""Kids Hair Accessories""]","[""Kids Haircut"", ""Men's Haircut"", ""Women's Haircut & Styling"", ""Kids Birthday Packages"", ""Hair Coloring"", ""Spa Treatments"", ""Grooming Services""]",00000000-0000-0000-0000-000000000001,,2026-01-10 12:02:00,2026-01-10 12:02:00
8e76479c-d0e3-4627-905f-c72f622f4440,9cb52bae-6893-483a-9614-22be48d7030a,"[""L'Oreal Hair Products"", ""Colour Creams"", ""Salon Products"", ""Skin Care Range"", ""Makeup Range""]","[""Professional Hair Coloring"", ""Hair Treatments"", ""Keratin Treatments"", ""Facials"", ""Salon Retail"", ""Beauty Consultations"", ""Styling Services""]",00000000-0000-0000-0000-000000000001,,2026-01-10 12:02:00,2026-01-10 12:02:00
bdbf3412-e944-4c60-9cfd-cc7843773706,06b6e3d7-2a69-4879-8453-d20a2e06ac72,"[""Hair Care Products"", ""Skin Care Products"", ""Luxury Grooming Products"", ""Spa Products"", ""Styling Products""]","[""Luxury Haircut & Styling"", ""Hair Coloring"", ""Deep Conditioning"", ""Spa Treatments"", ""Facial Therapies"", ""Full Body Massages"", ""Bridal Packages""]",00000000-0000-0000-0000-000000000001,,2026-01-10 12:02:00,2026-01-10 12:02:00
da48aef0-2af2-4e64-944f-9baa75418f4b,4dba6b15-ff3f-4c41-8b51-0946518c35ab,"[""Women's Western Wear"", ""Formal Wear"", ""Casual Wear"", ""Dresses"", ""Tops & Bottoms"", ""Accessories"", ""Bags & Footwear""]","[""Personal Styling"", ""Alterations"", ""Exchange & Returns"", ""Loyalty Program"", ""Online Shopping Support""]",00000000-0000-0000-0000-000000000001,,2026-01-10 12:02:00,2026-01-10 12:02:00
aed43316-40d4-4231-a831-c27e05b9220a,1aee7828-e8ca-4951-b955-3d272a66dbc4,"[""Filter Coffee"", ""Tea"", ""South Indian Snacks"", ""Idli"", ""Dosa"", ""Vada"", ""Pongal"", ""Beverages""]","[""Dine-in"", ""Takeaway"", ""Quick Service"", ""Catering"", ""Home Delivery""]",00000000-0000-0000-0000-000000000001,,2026-01-10 12:02:00,2026-01-10 12:02:00
006014f7-8621-437c-bac6-b536a62353fc,641d1345-19c9-4711-89e0-b9bd5db58643,"[""Masala Chai"", ""Special Blended Teas"", ""Coffee"", ""Cold Beverages"", ""Snacks"", ""Light Bites""]","[""Quick Service"", ""Dine-in"", ""Takeaway"", ""Delivery"", ""Catering for Events""]",00000000-0000-0000-0000-000000000001,,2026-01-10 12:02:00,2026-01-10 12:02:00
611d69f2-d3b0-456c-b347-a0d1f1eb73ca,e22fba63-c32b-4be4-8707-c42476609842,"[""Baby Clothing"", ""Maternity Wear"", ""Men's Essentials"", ""Baby Accessories"", ""Nursery Products"", ""Gift Sets""]","[""Personalized Shopping"", ""Gifting Solutions"", ""Exchange & Returns"", ""Online Shopping"", ""Bulk Orders""]",00000000-0000-0000-0000-000000000001,,2026-01-10 12:02:00,2026-01-10 12:02:00
a709f7d5-38f7-4f36-a210-75478bfd8de6,9d3c202d-9381-4147-92a2-c889ecd68121,"[""Egg Dishes"", ""Egg Curries"", ""Omelettes"", ""Egg Biryani"", ""Egg Rolls"", ""Egg Sandwiches"", ""Beverages""]","[""Quick Service"", ""Dine-in"", ""Takeaway"", ""Home Delivery"", ""Bulk Orders""]",00000000-0000-0000-0000-000000000001,,2026-01-10 12:02:00,2026-01-10 12:02:00
dcee627d-821e-47be-95c6-020675c46a12,f73cf74b-e2d3-469e-959f-52fc1a245bce,"[""Coffee Beverages"", ""Mocktails"", ""Desserts"", ""Snacks"", ""Light Meals"", ""Beverages""]","[""Lounge Dining"", ""Café Experience"", ""Event Hosting"", ""Wi-Fi Access"", ""Catering"", ""Takeaway""]",00000000-0000-0000-0000-000000000001,,2026-01-10 12:02:00,2026-01-10 12:02:00
61d71325-c40e-478e-805b-0b5f20439b1d,2ab72a84-be1d-4f96-bfc6-cbf4113c345d,"[""Winter Wear"", ""Woollen Sweaters"", ""Jackets"", ""Blazers"", ""T-Shirts"", ""Trousers"", ""Scarves"", ""Accessories""]","[""Retail Shopping"", ""Personal Styling"", ""Alteration Services"", ""Exchange & Returns"", ""Seasonal Discounts""]",00000000-0000-0000-0000-000000000001,,2026-01-10 12:02:00,2026-01-10 12:02:00
a8819d6e-b747-4301-93a3-cc071aa80004,f90c3450-c059-4971-afde-fa199ffc1790,"[""HR Technology Tools"", ""Recruitment Assessment Kits"", ""HR Software Access"", ""Training Materials""]","[""Permanent Staffing"", ""Executive Recruitment"", ""HR Consulting"", ""Payroll Management"", ""Background Verification"", ""Training & Development""]",00000000-0000-0000-0000-000000000001,,2026-01-10 12:02:00,2026-01-10 12:02:00
b437f908-d3a8-4aaf-88be-50ef43073b1d,8ffc9f7a-c3a4-404a-8794-b81f3fa7176d,"[""Educational Workbooks"", ""Activity Kits"", ""Montessori Materials"", ""Story Books"", ""Art Supplies""]","[""Playgroup (1.5-2 years)"", ""Nursery (2-3 years)"", ""LKG/UKG"", ""Day Care"", ""Art & Craft Classes"", ""Yoga for Kids""]",00000000-0000-0000-0000-000000000001,,2026-01-10 12:02:00,2026-01-10 12:02:00
b43b47bb-c62d-45fc-833a-d75e091f28e4,2bded616-68d1-448d-ae54-1bcf470b058f,"[""Butter Chicken"", ""Tandoori Items"", ""Dal Makhani"", ""Indian Breads"", ""Kebabs"", ""Biryanis"", ""Indian Desserts""]","[""Fine Dining"", ""Banquet Services"", ""Catering"", ""Delivery"", ""Wedding Catering"", ""Corporate Events""]",00000000-0000-0000-0000-000000000001,,2026-01-10 12:02:00,2026-01-10 12:02:00
ec4402fc-d93a-45ef-9746-1c0dc5229c04,61a026f1-84fe-4e23-981c-dc964514ca67,"[""Hair Care Products"", ""Beard Products"", ""Grooming Accessories"", ""Styling Products"", ""Skin Care Products""]","[""Men's Haircut"", ""Beard Grooming"", ""Women's Haircut & Styling"", ""Hair Coloring"", ""Facials"", ""Skin Treatments"", ""Nail Care""]",00000000-0000-0000-0000-000000000001,,2026-01-10 12:02:00,2026-01-10 12:02:00
f9a73434-b8a0-40cd-a167-a41f01c4266d,d39d234b-6ab8-4219-809e-d08dcb0e0f25,"[""Car Cleaning Products"", ""Microfiber Cloths"", ""Vacuum Bags"", ""Cleaning Accessories""]","[""Exterior Wash"", ""Interior Cleaning"", ""Steam Cleaning"", ""Waterless Wash"", ""Commercial Fleet Cleaning"", ""Eco-Friendly Wash""]",00000000-0000-0000-0000-000000000001,,2026-01-10 12:02:00,2026-01-10 12:02:00
bf66029b-ef6b-4663-bb9b-7de85b2d6aa1,5e827729-112a-49f4-8575-eb8cfc74b271,"[""Living Room Furniture"", ""Bedroom Sets"", ""Dining Tables"", ""Storage Solutions"", ""Home Décor"", ""Lighting"", ""Kids Furniture""]","[""Interior Design Consultation"", ""Furniture Delivery & Assembly"", ""Custom Furniture Orders"", ""Exchange Program"", ""Customer Support""]",00000000-0000-0000-0000-000000000001,,2026-01-10 12:02:00,2026-01-10 12:02:00
e584d814-90a1-4e08-9d75-78ac95b6bba2,72e6add9-4743-4221-8a37-504502dbca6b,"[""Casual Footwear"", ""Sports Shoes"", ""Sandals"", ""Slippers"", ""School Shoes"", ""Women's Footwear"", ""Kids Footwear""]","[""Shoe Fitting"", ""Exchange & Returns"", ""Warranty Service"", ""Bulk Order Processing"", ""Retail Store Operations""]",00000000-0000-0000-0000-000000000001,,2026-01-10 12:02:00,2026-01-10 12:02:00
d7c89096-4ba5-42de-b8f8-97f4e3bb0c1a,8bda802f-25a5-4d3b-a073-e775b8254f4d,"[""Hair Care Products"", ""Anti-Hair Fall Range"", ""Scalp Treatment Products"", ""Nourishing Oils"", ""Hair Growth Supplements""]","[""Trichology Consultation"", ""Hair Loss Treatment"", ""Scalp Analysis"", ""PRP Therapy"", ""Laser Therapy"", ""Hair Transplant Guidance"", ""Hair Growth Programs""]",00000000-0000-0000-0000-000000000001,,2026-01-10 12:02:00,2026-01-10 12:02:00
c529d18f-248e-4b9e-ae4b-18cc5eb67ce2,ad2f745b-ddda-4165-b428-6274b3a3294c,"[""Men's Shirts"", ""Trousers"", ""T-Shirts"", ""Formal Wear"", ""Casual Wear"", ""Jeans"", ""Jackets"", ""Accessories""]","[""Retail Shopping"", ""Personal Styling"", ""Alteration Services"", ""Exchange & Returns"", ""Loyalty Program""]",00000000-0000-0000-0000-000000000001,,2026-01-10 12:02:00,2026-01-10 12:02:00
8f886a62-ceb6-4afa-afb2-7baebfefda8e,26e419c5-022d-401b-81b0-e1c58f24aa39,"[""Kitchen Cookware"", ""Non-Stick Pans"", ""Tawa"", ""Pressure Cookers"", ""Kitchen Accessories"", ""Baking Equipment""]","[""Product Demo"", ""Distribution"", ""Retail"", ""After-Sales Support"", ""Cookware Maintenance Advice""]",00000000-0000-0000-0000-000000000001,,2026-01-10 12:02:00,2026-01-10 12:02:00
d11e804f-f8a4-4044-9e71-6f56947a6a43,ee22ea13-04d5-4669-b113-1ee8a1c679f7,"[""Fresh Salads"", ""Grain Bowls"", ""Wraps"", ""Smoothies"", ""Healthy Snacks"", ""Juices"", ""Detox Bowls""]","[""Dine-in"", ""Takeaway"", ""Home Delivery"", ""Corporate Meal Plans"", ""Diet Consultation"", ""Online Ordering""]",00000000-0000-0000-0000-000000000001,,2026-01-10 12:02:00,2026-01-10 12:02:00
7a9d784a-1d97-4215-903c-c16f51d23a11,dbe4e874-1e0a-44f1-9c88-23243a97f81d,"[""Smart Home Switches"", ""Energy Meters"", ""Circuit Breakers"", ""Smart Plugs"", ""Lighting Control Systems"", ""HVAC Controls"", ""EV Charging Equipment""]","[""Product Distribution"", ""Installation Support"", ""After-Sales Service"", ""Technical Training"", ""Energy Management Consulting""]",00000000-0000-0000-0000-000000000001,,2026-01-10 12:02:00,2026-01-10 12:02:00
153c63b0-c58d-40c8-bf7c-801b8c1d5ca4,7b1471a1-c276-4f1c-9750-efa7cf61e6f1,"[""Gold Jewelry"", ""Diamond Jewelry"", ""Silver Jewelry"", ""Gemstone Jewelry"", ""Platinum Jewelry"", ""Bridal Collections"", ""Men's Jewelry""]","[""Jewelry Consultation"", ""Custom Design"", ""BIS Hallmarking"", ""Exchange Program"", ""Buyback Policy"", ""Repair Services""]",00000000-0000-0000-0000-000000000001,,2026-01-10 12:02:00,2026-01-10 12:02:00
5a47f422-4959-49c0-9d6e-90765822b7b2,285a8087-2909-4baa-b959-149231119cea,"[""Two-Wheeler Parts"", ""Engine Oil"", ""Batteries"", ""Tyres"", ""Accessories"", ""Helmets""]","[""Two-Wheeler Servicing"", ""Engine Overhaul"", ""Brake Service"", ""Electrical Repair"", ""Tyre Services"", ""AMC Packages"", ""Pickup & Drop""]",00000000-0000-0000-0000-000000000001,,2026-01-10 12:02:00,2026-01-10 12:02:00
40cb51cf-36e1-4902-9a79-d181fa8a3b82,7d4c71df-a292-4891-88e5-5beda4329583,"[""Educational Toys"", ""Learning Workbooks"", ""Sesame Street Character Materials"", ""Art Kits"", ""Developmental Games""]","[""Playgroup"", ""Nursery"", ""LKG/UKG"", ""Day Care"", ""After-School Programs"", ""Parent Engagement Programs""]",00000000-0000-0000-0000-000000000001,,2026-01-10 12:02:00,2026-01-10 12:02:00
f107fc21-ce14-4ca3-8b79-e6749a7b2dbb,c1719752-43d5-4d87-bc55-62bed966380d,"[""Educational Materials"", ""Learning Kits"", ""Activity Books"", ""Digital Resources"", ""Art Supplies""]","[""Preschool Education"", ""Day Care"", ""Activity Classes"", ""Holistic Development Programs"", ""Parent Communication Platform""]",00000000-0000-0000-0000-000000000001,,2026-01-10 12:02:00,2026-01-10 12:02:00
1a62d3ac-2198-4605-a953-45462c8acd1d,757c944a-c4f9-4134-9add-083e6a6d56fd,"[""Men's Suit Fabric"", ""Dress Shirts"", ""Trousers"", ""Formal Blazers"", ""Traditional Indian Wear"", ""Denim"", ""Accessories""]","[""Personal Styling"", ""Fabric Selection"", ""Alteration Services"", ""Loyalty Program"", ""Exchange & Returns""]",00000000-0000-0000-0000-000000000001,,2026-01-10 12:02:00,2026-01-10 12:02:00
109fc031-4b0f-47cb-8381-15d6fcd45cdf,4e56972b-761c-4f40-9a9f-7f636ecd4200,"[""Sub Sandwiches"", ""Wraps"", ""Salads"", ""Cookies"", ""Drinks"", ""Chips"", ""Veggie Subs""]","[""Quick Service"", ""Dine-in"", ""Takeaway"", ""Home Delivery"", ""Online Ordering"", ""Catering for Events""]",00000000-0000-0000-0000-000000000001,,2026-01-10 12:02:00,2026-01-10 12:02:00
a9cbd8f2-a6f9-4599-87fc-039e539fc652,da3d6166-4173-4a53-99bd-458944546172,"[""Study Materials"", ""Mock Test Books"", ""Online Test Series"", ""Practice Papers"", ""Coaching Notes""]","[""CAT/MBA Coaching"", ""GRE/GMAT Preparation"", ""Bank PO Coaching"", ""SSC Coaching"", ""Verbal Ability Training"", ""Online Coaching"", ""Test Series""]",00000000-0000-0000-0000-000000000001,,2026-01-10 12:02:00,2026-01-10 12:02:00
ea0b179f-071b-4d15-a8eb-5ff6595fea99,33e33b88-95cc-4c7c-86f6-bb90ba44b957,"[""Tea Blends"", ""Coffee"", ""Cold Beverages"", ""Snacks"", ""Light Bites""]","[""Quick Service Café"", ""Takeaway"", ""Delivery"", ""Catering"", ""Loyalty Program""]",00000000-0000-0000-0000-000000000001,,2026-01-10 12:02:00,2026-01-10 12:02:00
34445013-906a-4563-87a0-34d81837d85a,22315914-73c8-4e93-bffa-3e10e9040df0,"[""Fresh Fruit Ice Cream"", ""Marble Stone Ice Cream"", ""Sundaes"", ""Milkshakes"", ""Waffles"", ""Ice Cream Cakes""]","[""Dine-in"", ""Takeaway"", ""Bulk Orders"", ""Catering"", ""Online Ordering"", ""Home Delivery""]",00000000-0000-0000-0000-000000000001,,2026-01-10 12:02:00,2026-01-10 12:02:00
19101e33-d665-4e07-9189-4b7a26dad5ee,f14dff5b-0538-465c-bc0c-d69cd2276f8e,"[""Sweet Lassi"", ""Salted Lassi"", ""Fruit Lassi"", ""Mango Lassi"", ""Kulhad Lassi"", ""Chaas"", ""Milkshakes""]","[""Quick Service"", ""Takeaway"", ""Delivery"", ""Bulk Orders"", ""Catering""]",00000000-0000-0000-0000-000000000001,,2026-01-10 12:02:00,2026-01-10 12:02:00
ebfd8eca-dba3-4f19-83dc-acd6607a4113,75039b3b-5884-4db7-802a-1aaa9e74a3ec,"[""Grilled Food"", ""Burgers"", ""Cocktails"", ""Beer"", ""Beverages"", ""Snacks"", ""BBQ Items""]","[""Bar Experience"", ""Dine-in"", ""Live Sports Screening"", ""Event Hosting"", ""Takeaway"", ""Catering""]",00000000-0000-0000-0000-000000000001,,2026-01-10 12:02:00,2026-01-10 12:02:00
82b43d85-cc62-467a-99d0-5472b6813045,6e8ec2e7-0bdf-4dcd-a470-1796fecfca0e,"[""Diagnostic Test Packages"", ""Blood Test Kits"", ""Health Checkup Packages"", ""Wellness Reports""]","[""Blood Tests"", ""Pathology Services"", ""Home Sample Collection"", ""Corporate Health Programs"", ""Full Body Checkups"", ""Digital Reports"", ""Preventive Health Packages""]",00000000-0000-0000-0000-000000000001,,2026-01-10 12:02:00,2026-01-10 12:02:00
c73ee377-96a3-455a-8378-cca9d344552c,a98ca601-52f4-442e-88f0-472b1708df1d,"[""Multi-Cuisine Food"", ""Indian Dishes"", ""Continental Dishes"", ""Beverages"", ""Desserts""]","[""Theme Dining Experience"", ""Dine-in"", ""Catering"", ""Birthday Party Packages"", ""Takeaway""]",00000000-0000-0000-0000-000000000001,,2026-01-10 12:02:00,2026-01-10 12:02:00
cf8f1727-c74e-44ba-a623-b90912862e21,eeb9d325-2e52-4a03-94b8-9a670ad67ec2,"[""Agricultural Products"", ""Organic Produce"", ""Rural Products"", ""Farmer Goods"", ""Agri-Inputs""]","[""Agricultural Distribution"", ""Supply Chain Services"", ""Rural Market Access"", ""Farmer Connect Programs"", ""Product Distribution""]",00000000-0000-0000-0000-000000000001,,2026-01-10 12:02:00,2026-01-10 12:02:00
02bf52a9-6203-4b56-bc4b-f9251081d20c,2341d0f7-22a2-42e5-9bff-ec9b7adfb974,"[""Men's Apparel"", ""Women's Fashion"", ""Kids Clothing"", ""Accessories"", ""Footwear"", ""Home Essentials"", ""Bags""]","[""Personal Styling"", ""Alteration Services"", ""Loyalty Program"", ""Online Shopping"", ""Exchange & Returns""]",00000000-0000-0000-0000-000000000001,,2026-01-10 12:02:00,2026-01-10 12:02:00
e35bd291-7ae6-4745-824b-6a4eed9072f8,9972b15c-9e05-4cc9-b316-2f83608ae522,"[""Classic Sandwiches"", ""Gourmet Sandwiches"", ""Wraps"", ""Burgers"", ""Cold Coffee"", ""Beverages"", ""Fries""]","[""Quick Service"", ""Dine-in"", ""Takeaway"", ""Home Delivery"", ""Online Ordering"", ""Corporate Catering""]",00000000-0000-0000-0000-000000000001,,2026-01-10 12:02:00,2026-01-10 12:02:00
ecfbc2df-8a9c-42f9-b79b-c50dacc69525,06150d99-d60c-4ac0-8c8f-85c06d1db882,"[""Educational Toys"", ""Activity Materials"", ""Learning Kits"", ""Story Books"", ""Art Supplies""]","[""Playgroup"", ""Nursery"", ""LKG/UKG"", ""Day Care"", ""After-School Programs"", ""Holiday Camps""]",00000000-0000-0000-0000-000000000001,,2026-01-10 12:02:00,2026-01-10 12:02:00
086c04c6-04b9-4ede-9077-be7dd2c68c07,076f9595-f226-4efe-addd-f5ed721a824d,"[""Learning Materials"", ""Activity Kits"", ""Educational Toys"", ""Story Books"", ""Digital Learning Resources""]","[""Playgroup (1.5-2 years)"", ""Nursery (2-3 years)"", ""LKG/UKG"", ""Day Care"", ""Art & Craft"", ""Music & Dance""]",00000000-0000-0000-0000-000000000001,,2026-01-10 12:02:00,2026-01-10 12:02:00
aa57f8a8-8337-4cd0-80c9-7e5e5e83953d,aed4ba4a-1cd7-40f2-a2f3-9e984cfa41a7,"[""Cocktails"", ""Mocktails"", ""Coffee"", ""Food Menu"", ""Desserts"", ""Beverages"", ""Bar Bites""]","[""Lounge Dining"", ""Bar Service"", ""Live Music"", ""Event Hosting"", ""Private Dining"", ""Takeaway""]",00000000-0000-0000-0000-000000000001,,2026-01-10 12:02:00,2026-01-10 12:02:00
5c56eb91-eb2b-4d98-a130-2ed9ee4bec6c,775e0274-77e9-4ad4-8bfb-c06aa4769738,"[""Educational Materials"", ""Activity Kits"", ""Learning Toys"", ""Art Supplies"", ""Digital Learning Tools""]","[""Playgroup"", ""Nursery"", ""LKG/UKG"", ""Day Care"", ""Activity Classes"", ""Parent Programs""]",00000000-0000-0000-0000-000000000001,,2026-01-10 12:02:00,2026-01-10 12:02:00
3e4c4540-616f-41e9-b8b9-9fefec4575f0,8f1e19a6-2f62-4caf-9650-4515099fd387,"[""Cryptocurrency Tools"", ""Digital Asset Management Platform"", ""Investment Portfolio Reports"", ""Trading Software"", ""Educational Resources""]","[""Cryptocurrency Exchange"", ""Investment Consulting"", ""Digital Asset Management"", ""Blockchain Training"", ""Portfolio Management""]",00000000-0000-0000-0000-000000000001,,2026-01-10 12:02:00,2026-01-10 12:02:00
4e69b07f-5b79-40fa-b64c-1cec69ee6e8b,aa385e8a-8282-4a6b-ba9e-0f4687c5521b,"[""Bengali Cuisine"", ""Kosha Mangsho"", ""Machher Jhol"", ""Rice Dishes"", ""Mishti Doi"", ""Beverages""]","[""Casual Dining"", ""Dine-in"", ""Takeaway"", ""Home Delivery"", ""Catering""]",00000000-0000-0000-0000-000000000001,,2026-01-10 12:02:00,2026-01-10 12:02:00
68b34589-cf64-4cc2-bd55-a5f9c69dc506,6bedb6b8-7dce-47de-b44e-d8e064f19564,"[""Ice Cream"", ""Milkshakes"", ""Thick Shakes"", ""Sundaes"", ""Cold Coffee"", ""Waffles"", ""Desserts""]","[""Dine-in"", ""Takeaway"", ""Home Delivery"", ""Bulk Orders"", ""Online Ordering""]",00000000-0000-0000-0000-000000000001,,2026-01-10 12:02:00,2026-01-10 12:02:00
12eb31de-0d06-4ea3-931e-1472213aef73,4de1a6a0-2773-413e-8c96-0f0b26d0c816,"[""Action Figures"", ""Toy Vehicles"", ""Building Sets"", ""Educational Toys"", ""Board Games"", ""Collectibles"", ""Gift Items""]","[""Retail Store"", ""Online Shopping"", ""Gift Wrapping"", ""Bulk Orders"", ""Custom Gift Solutions""]",00000000-0000-0000-0000-000000000001,,2026-01-10 12:02:00,2026-01-10 12:02:00
ef1c4b04-37df-4333-8a1d-46c83f44d04c,6f207baf-467a-4bc9-9d03-bde54065a98c,"[""Chicken Biryani"", ""Mutton Biryani"", ""Vegetable Biryani"", ""Egg Biryani"", ""Raita"", ""Salan"", ""Desserts""]","[""Dine-in"", ""Takeaway"", ""Home Delivery"", ""Bulk Orders"", ""Catering""]",00000000-0000-0000-0000-000000000001,,2026-01-10 12:02:00,2026-01-10 12:02:00
3cfc17d6-5720-475d-8a67-d2ac45974a2a,f499f3af-585e-42f3-8e89-14cdcc13fd6b,"[""Printed Merchandise"", ""Custom T-Shirts"", ""Promotional Items"", ""Branded Products"", ""Gift Items"", ""Corporate Merchandise""]","[""Custom Printing"", ""Merchandise Distribution"", ""Branded Gifting"", ""Corporate Order Fulfillment"", ""Wholesale Distribution""]",00000000-0000-0000-0000-000000000001,,2026-01-10 12:02:00,2026-01-10 12:02:00
dbe644cd-414b-440c-b1a2-511da9e24d3b,09b8df2f-b30f-498f-b8f6-92d468d6540b,"[""Tattoo Equipment"", ""Tattoo Inks"", ""Piercing Jewelry"", ""Aftercare Products"", ""Nail Art Supplies"", ""Gift Vouchers""]","[""Custom Tattoo Design"", ""Tattoo Inking"", ""Body Piercing"", ""Nail Art"", ""Tattoo Cover-Ups"", ""Tattoo Removal Referrals""]",00000000-0000-0000-0000-000000000001,,2026-01-10 12:02:00,2026-01-10 12:02:00
e3855b87-183c-4699-9607-7c5437e50802,674336f4-d914-409b-a647-fb25d34bf997,"[""Two-Wheeler Vehicles"", ""Spare Parts"", ""Accessories"", ""Helmets"", ""Lubricants""]","[""Vehicle Sales"", ""Servicing & Maintenance"", ""Insurance"", ""Test Drives"", ""Finance Assistance"", ""After-Sales Support""]",00000000-0000-0000-0000-000000000001,,2026-01-10 12:02:00,2026-01-10 12:02:00
b748021c-3d7f-466b-b62d-552dbb5ce48a,e31242a1-2af2-4f86-9d6c-d03bf00a4344,"[""Automotive Batteries"", ""Inverter Batteries"", ""Solar Batteries"", ""UPS Batteries"", ""Accessories""]","[""Battery Replacement"", ""Battery Testing"", ""Old Battery Exchange"", ""Installation"", ""Warranty Service"", ""AMC Services""]",00000000-0000-0000-0000-000000000001,,2026-01-10 12:02:00,2026-01-10 12:02:00
8faf4920-f781-4137-beb4-92e84c841e6b,3c04ecc6-758e-4309-9772-ea49ae30fc60,"[""Robotics Kits"", ""Arduino & Raspberry Pi Boards"", ""Sensors & Components"", ""Coding Courseware"", ""3D Printing Kits""]","[""Robotics Training (Kids & Youth)"", ""Coding Courses"", ""STEM Workshops"", ""After-School Programs"", ""Competition Coaching"", ""Online Classes""]",00000000-0000-0000-0000-000000000001,,2026-01-10 12:02:00,2026-01-10 12:02:00
874d9233-c292-41b8-a5d7-7c6c84cf505e,82f31048-406f-4d7f-a046-99ec10729294,"[""Herbal Wellness Products"", ""Organic Skincare"", ""Aromatherapy Products"", ""Nutritional Supplements"", ""Ayurvedic Range""]","[""Cosmetology Consultations"", ""Herbal Skin Treatments"", ""Wellness Programs"", ""Alternative Medicine"", ""Hair Care Treatments"", ""Body Wellness""]",00000000-0000-0000-0000-000000000001,,2026-01-10 12:02:00,2026-01-10 12:02:00
85f6990b-48a8-4784-a0b8-92d9238da8d0,7e62eaf4-e82d-4412-8156-99b31f23d11a,"[""Recruitment Solutions"", ""HR Software"", ""Assessment Tools"", ""Talent Mapping Reports""]","[""Executive Search"", ""Mid-Level Recruitment"", ""International Placements"", ""HR Consulting"", ""Contract Staffing"", ""Leadership Hiring""]",00000000-0000-0000-0000-000000000001,,2026-01-10 12:02:00,2026-01-10 12:02:00
f0cb0c05-4ecb-4fe6-991c-5c01a10d95bf,6e904355-935b-417a-afc4-1c1ee02f6c6e,"[""IT Course Materials"", ""Certification Programs"", ""Software Training Kits"", ""Digital Learning Platform"", ""Career Development Resources""]","[""Software Development Courses"", ""Hardware & Networking"", ""IT Certifications"", ""Online Learning"", ""Placement Assistance"", ""Corporate Training""]",00000000-0000-0000-0000-000000000001,,2026-01-10 12:02:00,2026-01-10 12:02:00
016e9de6-20bd-4536-b77c-8bf4a8f14cc6,fa9766ba-6af1-4fe6-9226-2e0127fed0dd,"[""Shawarma"", ""Falafel"", ""Kebabs"", ""Hummus"", ""Arabian Rice"", ""Wraps"", ""Arabic Sweets"", ""Beverages""]","[""Quick Service"", ""Dine-in"", ""Takeaway"", ""Home Delivery"", ""Catering"", ""Bulk Orders""]",00000000-0000-0000-0000-000000000001,,2026-01-10 12:02:00,2026-01-10 12:02:00
db62a75b-d2b0-4102-815d-5810c7dab0d1,a2806baa-5276-4330-88f9-157074983c9e,"[""Women's Ethnic Wear"", ""Sarees"", ""Salwar Kameez"", ""Lehengas"", ""Kurtis"", ""Accessories"", ""Dupattas""]","[""Personalized Styling"", ""Alterations"", ""Bridal Consultation"", ""Online Shopping"", ""Exchange & Returns""]",00000000-0000-0000-0000-000000000001,,2026-01-10 12:02:00,2026-01-10 12:02:00
a95138f3-e366-4a56-bec6-3a0aeddd7fad,ca92bdd1-644b-4fc3-b09c-96bb1b3a73f8,"[""Animation Course Materials"", ""Digital Art Software"", ""Portfolio Kits"", ""Creative Design Resources"", ""Video Production Tools""]","[""2D & 3D Animation Courses"", ""VFX Training"", ""Graphic Design Programs"", ""Film Making Courses"", ""Game Design"", ""Placement Assistance""]",00000000-0000-0000-0000-000000000001,,2026-01-10 12:02:00,2026-01-10 12:02:00
806ee801-7a1e-4baf-a4e0-3e7e147bf9ba,4a8e40e2-1a1a-4772-91db-67b726796311,"[""Aviation Course Manuals"", ""Flight Simulation Software"", ""Hospitality Training Materials"", ""Uniform Kits"", ""Career Guidance Books""]","[""Aviation Ground Staff Training"", ""Cabin Crew Programs"", ""Airport Management Courses"", ""Hospitality Training"", ""Placement Assistance"", ""Spoken English""]",00000000-0000-0000-0000-000000000001,,2026-01-10 12:02:00,2026-01-10 12:02:00
a8e593f0-b1c7-4473-8770-84427db9d7ae,0998e044-04d4-450d-84a4-ee3c9202c54a,"[""Hyderabadi Biryani"", ""Dum Biryani"", ""Mutton Biryani"", ""Chicken Biryani"", ""Shorba"", ""Raita"", ""Desserts""]","[""Dine-in"", ""Takeaway"", ""Home Delivery"", ""Catering"", ""Bulk Orders""]",00000000-0000-0000-0000-000000000001,,2026-01-10 12:02:00,2026-01-10 12:02:00
2611beef-68eb-43a5-b186-e6bb979b16db,2c933293-67d1-4607-942f-368e051b750f,"[""Textbooks"", ""Activity Books"", ""Learning Materials"", ""School Kits"", ""Stationery""]","[""Preschool (1.5-3 years)"", ""Primary Education"", ""Day Care"", ""Activity Programs"", ""Parent Programs"", ""Holistic Development""]",00000000-0000-0000-0000-000000000001,,2026-01-10 12:02:00,2026-01-10 12:02:00
90feebe7-31bc-47ef-84a7-b33099058b7a,e99d0859-5f5c-44b7-ac06-667d0a2369b9,"[""Men's Shirts"", ""T-Shirts"", ""Jeans"", ""Trousers"", ""Casual Wear"", ""Accessories"", ""Footwear""]","[""Retail Shopping"", ""Personal Styling"", ""Alteration"", ""Exchange & Returns"", ""Loyalty Program""]",00000000-0000-0000-0000-000000000001,,2026-01-10 12:02:00,2026-01-10 12:02:00
fbfeae5e-e91b-41ad-a410-62c1c01aec9e,218c53f0-6e82-4f96-99ff-3c2eb52272e3,"[""Coffee"", ""Tea"", ""Vegetarian Snacks"", ""Vegan Meals"", ""Healthy Bowls"", ""Desserts"", ""Fresh Juices""]","[""Café Dining"", ""Takeaway"", ""Delivery"", ""Catering"", ""Corporate Orders""]",00000000-0000-0000-0000-000000000001,,2026-01-10 12:02:00,2026-01-10 12:02:00
1f4cbc66-bafc-4ed8-9d22-6e122296664c,1e28de06-db80-4a2c-aaa8-030a7d216912,"[""Electric Two-Wheelers"", ""Batteries"", ""Chargers"", ""EV Accessories"", ""Safety Gear""]","[""EV Dealership"", ""Test Rides"", ""Financing Assistance"", ""After-Sales Service"", ""Spare Parts"", ""Maintenance""]",00000000-0000-0000-0000-000000000001,,2026-01-10 12:02:00,2026-01-10 12:02:00
ff0104d8-dbd7-4079-888c-4e0f6bb2cb1f,f343d665-d06c-4faa-8187-ad6e20892009,"[""Genetic Test Kits"", ""DNA Health Reports"", ""Wellness Supplements"", ""Health Monitoring Devices"", ""Personalized Health Plans""]","[""DNA Testing"", ""Health Analytics"", ""Personalized Nutrition"", ""Wellness Coaching"", ""Corporate Health Programs"", ""Digital Health Platform""]",00000000-0000-0000-0000-000000000001,,2026-01-10 12:02:00,2026-01-10 12:02:00
586721fd-7105-44a1-a45b-dd835826a316,4f2a1151-2589-40f8-af5b-e54701367688,"[""Premium Tea Varieties"", ""Green Tea"", ""Herbal Tea"", ""Black Tea"", ""Chai Blends"", ""Tea Accessories"", ""Gift Sets""]","[""Tea Distribution"", ""Retail Operations"", ""Bulk Supply"", ""Corporate Orders"", ""Home Delivery""]",00000000-0000-0000-0000-000000000001,,2026-01-10 12:02:00,2026-01-10 12:02:00
3b35255d-c5b0-4ad3-828d-0089ce399420,5daa71f2-08a5-43cc-89e1-635c356945e4,"[""Electric Bikes"", ""Electric Scooters"", ""Accessories"", ""Safety Gear"", ""Charging Equipment""]","[""EV Sales"", ""Test Rides"", ""EV Tourism Experiences"", ""Bike Rentals"", ""After-Sales Service"", ""Battery Maintenance""]",00000000-0000-0000-0000-000000000001,,2026-01-10 12:02:00,2026-01-10 12:02:00
c8ca00cf-9174-4181-b420-4abfcab0d051,ba806bbb-f5c0-4134-ab42-4c8563b70467,"[""Burgers"", ""Chicken Sandwiches"", ""Veggie Burgers"", ""Fries"", ""Shakes"", ""Beverages"", ""Desserts""]","[""Dine-in"", ""Takeaway"", ""Home Delivery"", ""Online Ordering"", ""Catering""]",00000000-0000-0000-0000-000000000001,,2026-01-10 12:02:00,2026-01-10 12:02:00
56d50684-13c4-4aae-85e8-bb078b9c360b,66e3a60e-b5dc-4f9c-b0df-26bd3798f3c6,"[""Classic Burgers"", ""Loaded Burgers"", ""Chicken Burgers"", ""Fries"", ""Onion Rings"", ""Milkshakes"", ""Beverages""]","[""Dine-in"", ""Quick Service"", ""Takeaway"", ""Home Delivery"", ""Catering for Events""]",00000000-0000-0000-0000-000000000001,,2026-01-10 12:02:00,2026-01-10 12:02:00
2fcbebd5-e45f-4ab5-87ee-4894df25635a,4005711e-07a2-45cc-8977-01fb3982dfef,"[""Indian-Inspired Burgers"", ""Classic Burgers"", ""Chicken Burgers"", ""Paneer Burgers"", ""Fries"", ""Beverages"", ""Shakes""]","[""Dine-in"", ""Takeaway"", ""Home Delivery"", ""Online Ordering"", ""Catering""]",00000000-0000-0000-0000-000000000001,,2026-01-10 12:02:00,2026-01-10 12:02:00
99e0e53a-491a-45aa-b095-1a7387f67efb,c589e3a2-f85f-4f10-b8e3-7046fa1cc8a7,"[""Custom Cakes"", ""Cupcakes"", ""Desserts"", ""Pastries"", ""Cake Pops"", ""Fondant Cakes"", ""Birthday Cakes""]","[""Custom Cake Design"", ""Event Catering"", ""Online Orders"", ""Delivery"", ""Corporate Gifting"", ""Baking Classes""]",00000000-0000-0000-0000-000000000001,,2026-01-10 12:02:00,2026-01-10 12:02:00
a59c1702-3a7a-4581-bd8b-9d6db3dfed11,a0a00897-4556-4e9f-b321-063241732b52,"[""Spring Mattresses"", ""Memory Foam Mattresses"", ""Orthopaedic Mattresses"", ""Pillows"", ""Bed Sheets"", ""Mattress Protectors""]","[""Product Distribution"", ""Dealer Support"", ""Trial Sleeping"", ""Delivery & Setup"", ""Warranty Claims"", ""Exchange Program""]",00000000-0000-0000-0000-000000000001,,2026-01-10 12:02:00,2026-01-10 12:02:00
a6a9bab7-7cf0-466d-b5e8-39283c7b882e,a6bad5c6-1430-47a0-a43d-c2476108cd24,"[""Masala Chai"", ""Ginger Chai"", ""Green Tea"", ""Cold Beverages"", ""Snacks"", ""Light Bites""]","[""Quick Service"", ""Takeaway"", ""Delivery"", ""Catering"", ""Chai Tasting Experience""]",00000000-0000-0000-0000-000000000001,,2026-01-10 12:02:00,2026-01-10 12:02:00
81c2bba4-a6d0-479d-8b43-b239a090994b,9e2822ea-83fc-4841-9333-0250b98b5eb1,"[""Specialty Chai"", ""Green Tea"", ""Cold Beverages"", ""Coffee"", ""Snacks"", ""Cookies""]","[""Quick Service Café"", ""Takeaway"", ""Delivery"", ""Corporate Chai Plans"", ""Events Catering""]",00000000-0000-0000-0000-000000000001,,2026-01-10 12:02:00,2026-01-10 12:02:00
cf6c9a9d-d3f3-4cbc-88a9-3dd5ba772a17,b062b012-f72d-44bb-ad21-d0a179942482,"[""EV Chargers"", ""Charging Equipment"", ""Smart Charging Apps"", ""Energy Management Systems""]","[""EV Charging Services"", ""Charging Station Installation"", ""Remote Monitoring"", ""Fleet Charging Solutions"", ""App-Based Billing"", ""Maintenance Support""]",00000000-0000-0000-0000-000000000001,,2026-01-10 12:02:00,2026-01-10 12:02:00
2f2c71f8-e3ae-4aef-b379-4ba89ad5bd63,d0ba7ddc-8dad-46b9-879f-1b41cf94484a,"[""Grooming Products"", ""Beard Care Products"", ""Hair Styling Products"", ""Shaving Essentials"", ""Barber Accessories""]","[""Classic Haircuts"", ""Beard Grooming"", ""Hot Towel Shaves"", ""Hair Styling"", ""Head Massages"", ""Premium Grooming Packages""]",00000000-0000-0000-0000-000000000001,,2026-01-10 12:02:00,2026-01-10 12:02:00
5f217b5d-84d6-4a5d-b363-54f748dfb4e1,aa9824ad-16d7-4803-ab6c-5fb84749e960,"[""Laundry Bags"", ""Garment Bags"", ""Cleaning Supplies"", ""Protective Covers""]","[""Wedding Dress Cleaning"", ""Costumes & Special Occasion Wear Cleaning"", ""Dry Cleaning"", ""Steam Treatment"", ""Fabric Restoration"", ""Storage Solutions""]",00000000-0000-0000-0000-000000000001,,2026-01-10 12:02:00,2026-01-10 12:02:00
4a6721a4-3d1a-4025-88f7-ed7480f81bfd,4d7c5f23-550b-4ec4-8bd9-e08d5c620d6d,"[""Personality Development Workbooks"", ""Communication Skill Kits"", ""Etiquette Training Materials"", ""Confidence Building Kits""]","[""Personality Development Courses"", ""Public Speaking Training"", ""Leadership Programs"", ""Grooming & Etiquette"", ""Social Skills Workshops"", ""Parent Programs""]",00000000-0000-0000-0000-000000000001,,2026-01-10 12:02:00,2026-01-10 12:02:00
1b25948b-8251-4289-8fdf-a38d6704359c,4d6bbe5d-c539-4253-8e3d-f9d65f2d9cf8,"[""Generic Medicines"", ""Branded Medicines"", ""Health Supplements"", ""OTC Products"", ""Personal Care Items"", ""Wellness Products""]","[""Discounted Pharmacy"", ""Medicine Consultation"", ""Home Delivery"", ""Generic Drug Counseling"", ""Preventive Health Programs""]",00000000-0000-0000-0000-000000000001,,2026-01-10 12:02:00,2026-01-10 12:02:00
665c371c-e16e-4d2f-9408-e85fd3d15425,f4cbd01c-5086-423e-a1f6-435dcf73faee,"[""Movie Tickets"", ""Concession Items"", ""Popcorn"", ""Beverages"", ""Snacks"", ""3D Glasses""]","[""Movie Screening"", ""Multiplex Experience"", ""Event Screening"", ""Private Screenings"", ""Advance Booking"", ""VIP Lounge Access""]",00000000-0000-0000-0000-000000000001,,2026-01-10 12:02:00,2026-01-10 12:02:00
1e18b30b-52da-406b-8812-24024851bb38,c5aeca23-f605-4353-9da3-4553879fe767,"[""Ice Cream"", ""Waffles"", ""Sundaes"", ""Crepes"", ""Dessert Platters"", ""Shakes"", ""Pastries""]","[""Dine-in"", ""Takeaway"", ""Delivery"", ""Catering"", ""Birthday Party Packages"", ""Bulk Orders""]",00000000-0000-0000-0000-000000000001,,2026-01-10 12:02:00,2026-01-10 12:02:00
2ccde3a9-6153-439d-bc6f-6b08ef5ea97f,c9b0683f-b9b0-4990-b9a5-cc0aac1a7339,"[""Ceramic Coatings"", ""Paint Protection Film"", ""Car Care Products"", ""Polishes"", ""Detailing Equipment""]","[""Full Car Detailing"", ""Paint Protection"", ""Ceramic & Graphene Coating"", ""Interior Deep Cleaning"", ""Engine Bay Cleaning"", ""Underbody Treatment""]",00000000-0000-0000-0000-000000000001,,2026-01-10 12:02:00,2026-01-10 12:02:00
013c62f7-282c-418f-ab28-12c7a0113b89,820ee065-bd1e-4f26-bfab-9921c1de5e27,"[""MEP Training Manuals"", ""Technical Certification Courses"", ""Electrical Course Materials"", ""Plumbing Training Kits""]","[""Electrical Engineering Training"", ""Plumbing & Piping Courses"", ""HVAC Training"", ""Fire Safety Training"", ""Job Placements"", ""Internship Programs""]",00000000-0000-0000-0000-000000000001,,2026-01-10 12:02:00,2026-01-10 12:02:00
1e38b13e-7e75-4de3-b5b4-2d711d539af0,601c379d-c035-4344-8031-fd154696ae58,"[""Vada Pav"", ""Samosa Pav"", ""Misal Pav"", ""Chai"", ""Snacks"", ""Indian Street Food""]","[""Quick Service"", ""Takeaway"", ""Delivery"", ""Bulk Orders"", ""Catering""]",00000000-0000-0000-0000-000000000001,,2026-01-10 12:02:00,2026-01-10 12:02:00
55351e6b-9d9b-48b8-b3a1-e920ac3d2b28,98ead1d7-7791-4749-b637-de01bcbd79fc,"[""Learning Materials"", ""Activity Books"", ""Educational Toys"", ""Art Supplies"", ""Digital Learning Tools""]","[""Playgroup"", ""Nursery"", ""LKG/UKG"", ""Day Care"", ""Holistic Development Programs"", ""After-School Care""]",00000000-0000-0000-0000-000000000001,,2026-01-10 12:02:00,2026-01-10 12:02:00
7d88ccca-40c8-4c04-a82d-586596725794,264da3ef-6936-4ac7-aedd-dca2124bfaf7,"[""Trading Platform"", ""Investment Reports"", ""Financial Research Tools"", ""Mutual Fund Products"", ""Demat Account""]","[""Stock Broking"", ""Mutual Fund Distribution"", ""Portfolio Management"", ""Investment Consulting"", ""Commodities Trading"", ""Online Trading Platform""]",00000000-0000-0000-0000-000000000001,,2026-01-10 12:02:00,2026-01-10 12:02:00
aa7beb4c-41c1-4827-bae4-d367bbb92cd8,2420d57d-00d0-4bc8-83d3-b2630b0d89ce,"[""Beauty Course Kits"", ""Makeup Products"", ""Skincare Range"", ""Professional Tools"", ""Beauty Study Materials""]","[""Makeup Artist Courses"", ""Beauty Therapy Training"", ""Hair Styling Courses"", ""Skincare Programs"", ""Bridal Makeup Training"", ""Placement Assistance""]",00000000-0000-0000-0000-000000000001,,2026-01-10 12:02:00,2026-01-10 12:02:00
ab677d8d-0172-4571-b76f-57a67fc032e2,55023b30-eb85-4665-b9de-42e3ddab86a5,"[""App-Based Booking Platform"", ""Driver Support Kit"", ""GPS Tracking System""]","[""Cab Services"", ""Airport Transfers"", ""Corporate Cab Services"", ""Outstation Travel"", ""Local City Rides"", ""Driver Empanelment""]",00000000-0000-0000-0000-000000000001,,2026-01-10 12:02:00,2026-01-10 12:02:00
dfb5d722-13a8-442d-a5f6-873d310ee9a0,2d447f80-94eb-4f41-be62-efca2c638f4a,"[""Groceries"", ""Fresh Produce"", ""Dairy Products"", ""FMCG Products"", ""Packaged Foods"", ""Household Essentials""]","[""Retail Grocery"", ""Home Delivery"", ""Online Ordering"", ""Loyalty Program"", ""Seasonal Offers""]",00000000-0000-0000-0000-000000000001,,2026-01-10 12:02:00,2026-01-10 12:02:00
c6ff1c76-1837-42ab-8423-54cc1178fb55,ef06aa17-c296-4e34-a384-11667b67f20e,"[""Crispy Fries"", ""Classic Burgers"", ""Chicken Burgers"", ""Veggie Options"", ""Dips & Sauces"", ""Beverages"", ""Desserts""]","[""Dine-in"", ""Takeaway"", ""Home Delivery"", ""Online Ordering"", ""Catering""]",00000000-0000-0000-0000-000000000001,,2026-01-10 12:02:00,2026-01-10 12:02:00
69febc9c-af2f-49c5-96ab-d8bc4ada2d7d,2e99317e-e0e2-439e-baaa-a784c7cdab64,"[""Gourmet Pizza"", ""Pasta"", ""Garlic Bread"", ""Beverages"", ""Desserts"", ""Sandwiches""]","[""Dine-in"", ""Takeaway"", ""Home Delivery"", ""Online Ordering"", ""Catering""]",00000000-0000-0000-0000-000000000001,,2026-01-10 12:02:00,2026-01-10 12:02:00
4655a012-8ed3-4e31-9501-616c0a62f9bc,13404652-c573-42cc-8743-5681bd8a8e75,"[""Home Appliances"", ""Consumer Electronics"", ""Kitchen Appliances"", ""Air Conditioners"", ""Refrigerators"", ""Washing Machines""]","[""Retail Sales"", ""Installation"", ""After-Sales Service"", ""Warranty Claims"", ""EMI Assistance"", ""Home Delivery""]",00000000-0000-0000-0000-000000000001,,2026-01-10 12:02:00,2026-01-10 12:02:00
46e568b7-8668-47b1-b6ef-4ea915adee35,cd8b6b50-a004-4dca-a897-8355845accd9,"[""Tobacco Products"", ""FMCG Products"", ""Pan Masala"", ""Candy"", ""Consumer Goods""]","[""Distribution"", ""C&F Operations"", ""Supply Chain Management"", ""Retail Distribution"", ""Dealer Support""]",00000000-0000-0000-0000-000000000001,,2026-01-10 12:02:00,2026-01-10 12:02:00
5dd512d1-d89c-4a87-bed6-50d1a6a366fd,5b2a4879-83f2-436a-a059-88ad61a67d8d,"[""Consumer Goods"", ""FMCG Products"", ""Household Products"", ""Packaged Foods""]","[""C&F Distribution"", ""Logistics Management"", ""Supply Chain Operations"", ""Retail Supply"", ""Warehouse Management""]",00000000-0000-0000-0000-000000000001,,2026-01-10 12:02:00,2026-01-10 12:02:00
171e55d6-65aa-4fc3-8ab9-b4255aa1f69e,4769715b-b180-412d-b45e-e1c0d158ccb0,"[""Herbal Healthcare Products"", ""Skincare Range"", ""Baby Products"", ""Animal Wellness"", ""Nutrition Supplements"", ""Ayurvedic Medicines""]","[""Retail Distribution"", ""Wellness Consultation"", ""Product Demonstrations"", ""Corporate Wellness Programs"", ""Institutional Supply""]",00000000-0000-0000-0000-000000000001,,2026-01-10 12:02:00,2026-01-10 12:02:00
a5afdd97-8771-4ab4-b043-dcf0d6d41220,1535d502-0469-4daf-a1d8-160a9bfc25c7,"[""Aviation Course Materials"", ""Flight Simulation Access"", ""Ground Training Resources"", ""Career Guidance Books""]","[""Aviation Training"", ""Ground Staff Courses"", ""Airline Cabin Crew Programs"", ""Airport Operations Training"", ""Placement Assistance"", ""Hospitality Training""]",00000000-0000-0000-0000-000000000001,,2026-01-10 12:02:00,2026-01-10 12:02:00
c671392d-bbe5-4c45-91be-3357388c7393,800ad2a4-73cd-485e-bf95-2811be10c209,"[""Educational Toys"", ""Activity Kits"", ""Learning Workbooks"", ""Digital Tools"", ""Art Supplies""]","[""Playgroup"", ""Nursery"", ""LKG/UKG"", ""Day Care"", ""Enrichment Programs"", ""Parent Workshops""]",00000000-0000-0000-0000-000000000001,,2026-01-10 12:02:00,2026-01-10 12:02:00
83c47f2d-3915-4a9e-a115-8563b1d56b17,6da0ba7a-7efe-47d8-bb98-631999ec0ed8,"[""Generic Medicines"", ""OTC Products"", ""Health Supplements"", ""Ayurvedic Products"", ""Personal Care Items"", ""Medical Devices""]","[""Affordable Pharmacy"", ""Generic Drug Distribution"", ""Health Consultations"", ""Home Medicine Delivery"", ""Health Camp Programs""]",00000000-0000-0000-0000-000000000001,,2026-01-10 12:02:00,2026-01-10 12:02:00
6ab3e413-4944-438d-add4-454828d0fa1b,008ba9a0-3420-4c4f-b94b-e98ccfb92464,"[""E-Learning Platform"", ""Digital Course Content"", ""Interactive Study Materials"", ""Assessment Tools"", ""Learning Management System""]","[""Online School Programs"", ""Distance Learning"", ""Hybrid Education"", ""E-tutoring"", ""Digital Certification"", ""Parent-Teacher Digital Connect""]",00000000-0000-0000-0000-000000000001,,2026-01-10 12:02:00,2026-01-10 12:02:00
f49b768a-4053-41c1-ade0-140ffd86936a,d22f48ae-d7d8-4a74-ac06-5288a1002b49,"[""Cleaning Equipment"", ""Eco-Friendly Cleaning Products"", ""Sanitization Supplies"", ""Industrial Cleaning Tools""]","[""Commercial Cleaning"", ""Office Cleaning"", ""Hospital Cleaning"", ""Retail Cleaning"", ""Industrial Cleaning"", ""Floor Care"", ""Carpet Cleaning""]",00000000-0000-0000-0000-000000000001,,2026-01-10 12:02:00,2026-01-10 12:02:00
48ca9ef6-1979-4b1f-814b-13830e8b829b,342e1393-9b22-4e47-902d-b1ffda543e2b,"[""Custom Cakes"", ""Cupcakes"", ""Pastries"", ""Cookies"", ""Donuts"", ""Bread & Buns"", ""Dessert Boxes""]","[""Custom Cake Design"", ""Delivery"", ""Catering"", ""Online Ordering"", ""Corporate Gifting"", ""Baking Workshops""]",00000000-0000-0000-0000-000000000001,,2026-01-10 12:02:00,2026-01-10 12:02:00
d0448b65-45e2-49b3-aacb-aa703798add6,00b912c4-79de-48fc-b9ea-339afe2dc898,"[""Prescription Medicines"", ""Generic Medicines"", ""Health Supplements"", ""Vitamins"", ""Personal Care Products"", ""Medical Devices""]","[""Pharmacy Retail"", ""Prescription Processing"", ""Medicine Home Delivery"", ""Health Consultation"", ""Wellness Programs""]",00000000-0000-0000-0000-000000000001,,2026-01-10 12:02:00,2026-01-10 12:02:00
326207db-b833-4af7-886d-59d751853043,414fa8f9-2e34-476a-9214-30c75939ffd9,"[""Thali Meals"", ""Regional Cuisines"", ""Indian Curries"", ""Dal"", ""Rotis"", ""Rice Dishes"", ""Sweets"", ""Beverages""]","[""Dine-in"", ""Quick Service"", ""Takeaway"", ""Home Delivery"", ""Catering""]",00000000-0000-0000-0000-000000000001,,2026-01-10 12:02:00,2026-01-10 12:02:00
aee445a1-8618-4762-92fa-fb1a8acef333,9fefdd2b-67cf-4faf-8cf3-3595045d42b5,"[""Gift Items"", ""Hobby Products"", ""Candles"", ""Cards"", ""Novelty Items"", ""Souvenirs"", ""Personalized Gifts""]","[""Retail Store Operations"", ""Custom Gift Packaging"", ""Online Ordering"", ""Bulk Corporate Gifting"", ""Gift Consultation""]",00000000-0000-0000-0000-000000000001,,2026-01-10 12:02:00,2026-01-10 12:02:00
a1a9b944-5fb7-495b-837e-53bc1d60d844,625a2450-a4cc-4dd6-a70f-1700e69cebd9,"[""Kerala Cuisine"", ""Seafood"", ""Fish Curry"", ""Appam"", ""Kerala Thali"", ""Beverages"", ""Traditional Sweets""]","[""Casual Dining"", ""Dine-in"", ""Takeaway"", ""Catering"", ""Home Delivery"", ""Cultural Dining Experience""]",00000000-0000-0000-0000-000000000001,,2026-01-10 12:02:00,2026-01-10 12:02:00
a278c39a-5a8f-4dd6-9e49-d2361988cf20,9842fd12-0947-4aca-b1db-27fd59293d46,"[""Kurtis"", ""Tops"", ""Kurti Sets"", ""Salwar Suits"", ""Accessories"", ""Indian Street Style Food Items""]","[""Quick Service"", ""Dine-in"", ""Takeaway"", ""Home Delivery"", ""Online Ordering"", ""Catering""]",00000000-0000-0000-0000-000000000001,,2026-01-10 12:02:00,2026-01-10 12:02:00
e058e847-df9d-4599-b95e-73650f9cff7c,330fae5f-bfe7-4d56-8b99-be93053b076b,"[""Professional Makeup Kits"", ""Beauty Course Materials"", ""Lakme Branded Products"", ""Hair Care Products"", ""Study Resources""]","[""Makeup Artistry Courses"", ""Hair Styling Training"", ""Nail Art Courses"", ""Skin Care Programs"", ""Bridal Beauty Training"", ""Placement Assistance""]",00000000-0000-0000-0000-000000000001,,2026-01-10 12:02:00,2026-01-10 12:02:00
8040bf47-3dfd-48e6-9494-ae753e83967f,5a16267a-c6bc-48d0-b614-591fe851f2b5,"[""Lassi"", ""Coffee"", ""Tea"", ""Snacks"", ""Light Meals"", ""Cold Beverages""]","[""Café Experience"", ""Quick Service"", ""Takeaway"", ""Delivery"", ""Catering""]",00000000-0000-0000-0000-000000000001,,2026-01-10 12:02:00,2026-01-10 12:02:00
9e7f1574-c6b5-4ada-b8fe-04f6b95d5124,d4374ab7-d8cb-40c2-8b18-c303f7ac7180,"[""Ceramic Coating"", ""Paint Protection Film"", ""Graphene Coating"", ""Car Care Products"", ""Polishing Compounds"", ""Detailing Equipment""]","[""Premium Car Detailing"", ""PPF Application"", ""Ceramic & Graphene Coating"", ""Paint Correction"", ""Interior Detailing"", ""Nano Coating""]",00000000-0000-0000-0000-000000000001,,2026-01-10 12:02:00,2026-01-10 12:02:00
f4d5b694-1e09-48cf-b106-982d3d6d79c2,78eab194-5c79-41ce-a88e-e2c78a25da83,"[""Abacus Kits"", ""Mental Math Workbooks"", ""Practice Materials"", ""Online Test Series"", ""Study Aids""]","[""Abacus Training"", ""Mental Arithmetic Programs"", ""Brain Development Courses"", ""Competition Preparation"", ""Online Classes"", ""Parent Training""]",00000000-0000-0000-0000-000000000001,,2026-01-10 12:02:00,2026-01-10 12:02:00
da395aa5-fa0a-4d6e-8705-4795dd4634e3,ddf3c380-a91b-442d-a8dc-c864a9531881,"[""Makeup Products"", ""Skincare Range"", ""Beauty Tools"", ""Brushes & Applicators"", ""Cosmetic Products""]","[""Makeup Services"", ""Bridal Makeup"", ""Party Makeup"", ""Beauty Training Courses"", ""Makeup Classes"", ""Personalized Consultations""]",00000000-0000-0000-0000-000000000001,,2026-01-10 12:02:00,2026-01-10 12:02:00
618c24cc-acec-41af-882d-12944762b395,8a562cfa-8df8-4ede-b1b0-177474181def,"[""Animation Course Materials"", ""Visual FX Software Access"", ""Design Portfolio Kits"", ""3D Modeling Resources""]","[""2D Animation Courses"", ""3D Animation Training"", ""VFX Programs"", ""Motion Graphics"", ""Graphic Design"", ""Placement Assistance""]",00000000-0000-0000-0000-000000000001,,2026-01-10 12:02:00,2026-01-10 12:02:00
4421e6f2-efc5-49a5-b1f7-9901af147c3d,3944e6f4-71a2-427f-9ee9-be9123b4c786,"[""Medicines"", ""Generic Drugs"", ""Health Supplements"", ""OTC Products"", ""Medical Devices"", ""Personal Care Items""]","[""Pharmacy Retail"", ""Prescription Processing"", ""Home Delivery"", ""Medicine Consultation"", ""Health Camps""]",00000000-0000-0000-0000-000000000001,,2026-01-10 12:02:00,2026-01-10 12:02:00
9db4a699-211e-49aa-9ceb-1e24b21ed179,893f2e52-6cf6-47d5-b5fe-6b7010a3584c,"[""Grilled Cheese Sandwiches"", ""Toasties"", ""Wraps"", ""Vegan Options"", ""Beverages"", ""Snacks""]","[""Quick Service"", ""Dine-in"", ""Takeaway"", ""Home Delivery"", ""Catering""]",00000000-0000-0000-0000-000000000001,,2026-01-10 12:02:00,2026-01-10 12:02:00
eefdb162-4427-4098-8279-fa0a7dba1c4f,34e45798-1a82-46a3-83f9-fd150db9bcc6,"[""Steamed Momos"", ""Fried Momos"", ""Tandoori Momos"", ""Chilli Momos"", ""Sauces"", ""Chinese Dishes"", ""Beverages""]","[""Quick Service"", ""Dine-in"", ""Takeaway"", ""Home Delivery"", ""Online Ordering"", ""Bulk Orders""]",00000000-0000-0000-0000-000000000001,,2026-01-10 12:02:00,2026-01-10 12:02:00
599ae674-5744-41ee-9a88-333b6b13523d,1d19375e-a663-4e80-9c08-e2ef1f81c4e1,"[""Educational Toys"", ""Clay Art Kits"", ""Learning Materials"", ""Activity Books"", ""Art Supplies""]","[""Playgroup"", ""Nursery"", ""LKG/UKG"", ""Day Care"", ""Art & Craft Programs"", ""Sensory Play Activities""]",00000000-0000-0000-0000-000000000001,,2026-01-10 12:02:00,2026-01-10 12:02:00
19354182-8c75-4b47-838d-9520e66cf30e,694d4780-aba1-4cdd-97f9-b121ed7ddf5b,"[""Masala Chai"", ""Cold Coffee"", ""Sandwiches"", ""Poha"", ""Indian Snacks"", ""Quick Bites""]","[""Quick Service"", ""Dine-in"", ""Takeaway"", ""Delivery"", ""Catering"", ""Street Food Experience""]",00000000-0000-0000-0000-000000000001,,2026-01-10 12:02:00,2026-01-10 12:02:00
232533d1-283b-414d-9df1-3e6eef382587,18754059-b1a2-4fe8-82e6-f03b0ab69e27,"[""Property Listings"", ""Investment Reports"", ""Real Estate Brochures"", ""Market Analysis Reports""]","[""Property Buying Assistance"", ""Property Selling Services"", ""Rental Management"", ""Property Valuation"", ""Investment Consulting"", ""Online Property Portal""]",00000000-0000-0000-0000-000000000001,,2026-01-10 12:02:00,2026-01-10 12:02:00
d702a1c3-7e16-4e13-ba27-9f69b4a4b1f5,e865848c-9184-4d77-9bd7-d79c7f2ea048,"[""Natural Fruit Juices"", ""Cold-Pressed Juices"", ""Smoothies"", ""Wellness Shots"", ""Coconut Water"", ""Herbal Drinks""]","[""Quick Service"", ""Juice Bar Experience"", ""Takeaway"", ""Home Delivery"", ""Corporate Juice Orders"", ""Catering""]",00000000-0000-0000-0000-000000000001,,2026-01-10 12:02:00,2026-01-10 12:02:00
5f534acf-0ff4-4f2c-bce2-17be7177ec31,39cc140a-77e5-4be0-b048-fa76b5e1855f,"[""Medicines"", ""Health Supplements"", ""Medical Devices"", ""Diagnostic Kits"", ""Wellness Products""]","[""Medical Consultations"", ""Health Checkups"", ""Diagnostic Services"", ""Pharmacy"", ""Telemedicine""]",00000000-0000-0000-0000-000000000001,,2026-01-10 12:02:00,2026-01-10 12:02:00
782e4f0a-c120-4962-87f2-53f3748f28cc,1c4932cd-f7cb-470c-9e7a-08490ea8b5fc,"[""Online Courses"", ""Digital Study Materials"", ""Learning Management System"", ""Assessment Tools"", ""Certification Programs""]","[""Online Learning"", ""Live Classes"", ""Recorded Content"", ""Mentorship"", ""Placement Assistance"", ""Skill Certification""]",00000000-0000-0000-0000-000000000001,,2026-01-10 12:02:00,2026-01-10 12:02:00
8afddc36-fbf9-432c-84fa-2b68303fe0e0,9fb067d6-2c0b-4f3d-bfda-12def1739c65,"[""Medicines"", ""Health Supplements"", ""Medical Devices"", ""Diagnostic Kits"", ""Wellness Products""]","[""Medical Consultations"", ""Health Checkups"", ""Diagnostic Services"", ""Pharmacy"", ""Telemedicine""]",00000000-0000-0000-0000-000000000001,,2026-01-10 12:02:00,2026-01-10 12:02:00
2f347de3-cb85-4fe4-ba37-70a3f80c861d,b7d417e3-d9a7-4353-b135-fb87ea2e6ba9,"[""Educational Toys"", ""Activity Books"", ""Learning Kits"", ""Art Supplies"", ""Digital Learning Tools""]","[""Playgroup"", ""Nursery"", ""LKG/UKG"", ""Day Care"", ""After-School Programs"", ""Parent Programs""]",00000000-0000-0000-0000-000000000001,,2026-01-10 12:02:00,2026-01-10 12:02:00
3ff6f1a5-1a1e-4d1b-83c7-cbc691ea36de,4d20c862-1540-4355-9d20-1ebac8013e9b,"[""Main Course Dishes"", ""Sides"", ""Beverages"", ""Desserts"", ""Snacks""]","[""Quick Service"", ""Dine-in"", ""Takeaway"", ""Home Delivery"", ""Online Ordering"", ""Catering""]",00000000-0000-0000-0000-000000000001,,2026-01-10 12:02:00,2026-01-10 12:02:00
6b881a25-d4f6-4a68-81e2-f1470ddfeb19,a4abc633-5db8-434e-af7d-f0736c5c64b4,"[""Skincare Products"", ""Beauty Treatments"", ""Cosmetics"", ""Hair Care Products"", ""Wellness Products""]","[""Facial Treatments"", ""Hair Removal"", ""Anti-Aging Procedures"", ""Skin Consultations"", ""Beauty Training""]",00000000-0000-0000-0000-000000000001,,2026-01-10 12:02:00,2026-01-10 12:02:00
7c4a2714-0344-4688-8a09-769834c85c1e,c856bdc2-0ee2-4ead-9cf8-d21a9e1de6ab,"[""Clothing"", ""Electronics"", ""Home Products"", ""Food Items"", ""Accessories""]","[""Retail Operations"", ""Customer Service"", ""Online Shopping"", ""Home Delivery"", ""Exchange Program""]",00000000-0000-0000-0000-000000000001,,2026-01-10 12:02:00,2026-01-10 12:02:00
59e7fd0c-c6b6-4246-929b-95f81efbdafa,c1f34d4c-b778-404c-bb6e-f592a1010d35,"[""Fresh Produce"", ""Dairy Products"", ""FMCG Items"", ""Packaged Foods"", ""Household Essentials"", ""Personal Care""]","[""Retail Shopping"", ""Home Delivery"", ""Online Ordering"", ""Loyalty Program"", ""Bulk Orders""]",00000000-0000-0000-0000-000000000001,,2026-01-10 12:02:00,2026-01-10 12:02:00
59616736-0975-407b-ae0f-74d70a04d47f,94f3cf5e-21a0-4e8e-bb8d-fc53ec0e8b05,"[""Gourmet Main Courses"", ""Appetizers"", ""Desserts"", ""Wine & Spirits"", ""Premium Beverages""]","[""Fine Dining Experience"", ""Private Dining"", ""Catering"", ""Wedding Events"", ""Corporate Dinners""]",00000000-0000-0000-0000-000000000001,,2026-01-10 12:02:00,2026-01-10 12:02:00
6cb5cf5c-a0aa-423a-8c6a-7205a8b3db3c,a1b5ecef-aa15-47c8-8bb3-b82f668853f3,"[""Clothing"", ""Accessories"", ""Footwear"", ""Bags"", ""Fashion Accessories""]","[""Personal Styling"", ""Alteration"", ""Online Shopping"", ""Exchange & Returns"", ""Loyalty Program""]",00000000-0000-0000-0000-000000000001,,2026-01-10 12:02:00,2026-01-10 12:02:00
69fc38b4-f327-4d13-aa77-942ee058bfeb,94dc5440-bcaa-4091-b89d-edeb843b81ba,"[""Pet Food"", ""Pet Accessories"", ""Grooming Products"", ""Toys"", ""Health Products""]","[""Pet Grooming"", ""Veterinary Services"", ""Training"", ""Boarding"", ""Daycare"", ""Wellness Programs""]",00000000-0000-0000-0000-000000000001,,2026-01-10 12:02:00,2026-01-10 12:02:00
50146ac7-0078-4451-9503-19469880267f,45ee5a61-50be-4fe5-9195-206454f97d63,"[""Staffing Solutions"", ""HR Technology Platform"", ""Recruitment Software"", ""Assessment Tools"", ""Payroll Services""]","[""Permanent Staffing"", ""Contract Staffing"", ""Executive Search"", ""HR Outsourcing"", ""Payroll Management""]",00000000-0000-0000-0000-000000000001,,2026-01-10 12:02:00,2026-01-10 12:02:00
4cc2f401-1d03-45c2-aa5f-cbdbaa5e4acb,fb65cb62-e1a1-438c-8b02-358f665dc97b,"[""Specialty Food Items"", ""Unique Ingredients"", ""Specialty Beverages"", ""Health Food"", ""Gourmet Products""]","[""Specialty Food Service"", ""Dine-in"", ""Takeaway"", ""Home Delivery"", ""Catering""]",00000000-0000-0000-0000-000000000001,,2026-01-10 12:02:00,2026-01-10 12:02:00
5dc6bb79-aeec-4022-9f2b-7455d6f03ece,83b62c7c-0856-4a09-91fa-bb84d254aef6,"[""Medicines"", ""Health Supplements"", ""Medical Devices"", ""Diagnostic Kits"", ""Wellness Products""]","[""Medical Consultations"", ""Health Checkups"", ""Diagnostic Services"", ""Pharmacy"", ""Telemedicine""]",00000000-0000-0000-0000-000000000001,,2026-01-10 12:02:00,2026-01-10 12:02:00
faa4f68c-815c-4334-a052-cb21641161cb,5bf287bf-8e22-4973-81fd-087eba58d107,"[""Business Planning Tools"", ""Consulting Reports"", ""Management Software"", ""Training Materials""]","[""Business Consulting"", ""Strategy Planning"", ""Market Research"", ""Financial Planning"", ""Franchise Consulting"", ""Operations Optimization""]",00000000-0000-0000-0000-000000000001,,2026-01-10 12:02:00,2026-01-10 12:02:00
a9d489d7-c702-4e9f-8ed2-252850eca0e2,0634f940-c410-4e7e-b782-33b36cd85016,"[""Inventory Management Software"", ""Barcode Scanners"", ""RFID Technology"", ""Counting Equipment"", ""Reporting Tools""]","[""Inventory Counting"", ""Stock Audits"", ""Warehouse Auditing"", ""Retail Inventory Services"", ""Supply Chain Analytics"", ""Shrinkage Analysis""]",00000000-0000-0000-0000-000000000001,,2026-01-10 12:02:00,2026-01-10 12:02:00
f4104c30-ea89-432e-b606-6d2feeaa56a4,b09c44a2-eff0-4e76-b866-23cd2d603b28,"[""Gourmet Main Courses"", ""Appetizers"", ""Desserts"", ""Wine & Spirits"", ""Premium Beverages""]","[""Fine Dining Experience"", ""Private Dining"", ""Catering"", ""Wedding Events"", ""Corporate Dinners""]",00000000-0000-0000-0000-000000000001,,2026-01-10 12:02:00,2026-01-10 12:02:00
a8f31822-dd77-4b96-9836-8090bfd6cc70,e3219215-b16e-40bf-8d28-da6f983ddbee,"[""Clothing"", ""Electronics"", ""Home Products"", ""Food Items"", ""Accessories""]","[""Retail Operations"", ""Customer Service"", ""Online Shopping"", ""Home Delivery"", ""Exchange Program""]",00000000-0000-0000-0000-000000000001,,2026-01-10 12:02:00,2026-01-10 12:02:00
2c8f1667-e694-4b8f-a19a-970b137d6ae5,99bcfc5c-fc74-43ef-a781-d4b7b80621f9,"[""Course Materials"", ""Study Resources"", ""Certification Programs"", ""Digital Learning Tools"", ""Career Kits""]","[""Skill Development Courses"", ""Vocational Training"", ""Placement Assistance"", ""Online Learning"", ""Industry Internships""]",00000000-0000-0000-0000-000000000001,,2026-01-10 12:02:00,2026-01-10 12:02:00
c33d8cd4-827c-4b7f-921c-d15f117d2a80,696b600b-1a53-4d5c-8b40-c414f6f63822,"[""Business Planning Tools"", ""Consulting Reports"", ""Management Software"", ""Training Materials""]","[""Business Consulting"", ""Strategy Planning"", ""Market Research"", ""Financial Planning"", ""Franchise Consulting"", ""Operations Optimization""]",00000000-0000-0000-0000-000000000001,,2026-01-10 12:02:00,2026-01-10 12:02:00
0365e4e3-2787-43dc-a408-1cdba0e35108,8cacf5c0-7d8c-4939-a921-8ae84b7c9fc0,"[""Logistics Software"", ""Warehouse Management Tools"", ""Supply Chain Documentation""]","[""C&F Services"", ""Distribution Management"", ""Warehousing"", ""Supply Chain Consulting"", ""Last-Mile Delivery""]",00000000-0000-0000-0000-000000000001,,2026-01-10 12:02:00,2026-01-10 12:02:00
1d68062e-3008-481f-b195-4c9218a7d223,0b8a832b-c846-438d-8c85-ecdd14b47e70,"[""Main Course Dishes"", ""Starters"", ""Beverages"", ""Desserts"", ""Combo Meals""]","[""Casual Dining"", ""Takeaway"", ""Home Delivery"", ""Catering"", ""Online Ordering""]",00000000-0000-0000-0000-000000000001,,2026-01-10 12:02:00,2026-01-10 12:02:00
95cc74b2-5c8a-41ae-b461-9897ccbdcb2e,8cc7a8ba-a597-4267-93a8-196fb0748a7b,"[""Main Course Dishes"", ""Sides"", ""Beverages"", ""Desserts"", ""Snacks""]","[""Quick Service"", ""Dine-in"", ""Takeaway"", ""Home Delivery"", ""Online Ordering"", ""Catering""]",00000000-0000-0000-0000-000000000001,,2026-01-10 12:02:00,2026-01-10 12:02:00
d877a836-1a97-49b0-bd19-884a3cbf7d71,1f695f57-2a49-4cfb-9613-1d75681279b0,"[""Clothing"", ""Accessories"", ""Footwear"", ""Bags"", ""Fashion Accessories""]","[""Personal Styling"", ""Alteration"", ""Online Shopping"", ""Exchange & Returns"", ""Loyalty Program""]",00000000-0000-0000-0000-000000000001,,2026-01-10 12:02:00,2026-01-10 12:02:00
d26af0e6-5b1b-43e6-a0eb-01709979100c,79850dd5-7469-4271-992c-007ecc84f780,"[""Educational Toys"", ""Activity Books"", ""Learning Kits"", ""Art Supplies"", ""Digital Learning Tools""]","[""Playgroup"", ""Nursery"", ""LKG/UKG"", ""Day Care"", ""After-School Programs"", ""Parent Programs""]",00000000-0000-0000-0000-000000000001,,2026-01-10 12:02:00,2026-01-10 12:02:00
c2123d36-505b-40d5-82c6-5e759a831f90,484b23d2-ebc1-4024-b15e-74f3b40aa0b5,"[""Clothing"", ""Electronics"", ""Home Products"", ""Food Items"", ""Accessories""]","[""Retail Operations"", ""Customer Service"", ""Online Shopping"", ""Home Delivery"", ""Exchange Program""]",00000000-0000-0000-0000-000000000001,,2026-01-10 12:02:00,2026-01-10 12:02:00
8f737249-a9a8-43d8-aacf-b9df9370f390,432cc984-b6b7-444e-bb01-ceaa6b127dc3,"[""Coffee"", ""Tea"", ""Cold Beverages"", ""Snacks"", ""Pastries"", ""Light Meals""]","[""Café Experience"", ""Takeaway"", ""Delivery"", ""Wi-Fi Access"", ""Catering""]",00000000-0000-0000-0000-000000000001,,2026-01-10 12:02:00,2026-01-10 12:02:00
2bbcbcff-ef5b-4598-b455-0821d24896bc,adab9208-83b4-47b4-9add-d80e5fd238df,"[""Gym Membership Cards"", ""Fitness Equipment"", ""Supplements"", ""Fitness Apparel"", ""Accessories""]","[""Gym Membership"", ""Personal Training"", ""Group Classes"", ""Yoga & Pilates"", ""Nutrition Counseling""]",00000000-0000-0000-0000-000000000001,,2026-01-10 12:02:00,2026-01-10 12:02:00
f722d903-a1f6-45bb-9b1b-3c83ed097cb7,8cec93d5-2b49-4943-b804-edef46fd206a,"[""Medicines"", ""Health Supplements"", ""Medical Devices"", ""Diagnostic Kits"", ""Wellness Products""]","[""Medical Consultations"", ""Health Checkups"", ""Diagnostic Services"", ""Pharmacy"", ""Telemedicine""]",00000000-0000-0000-0000-000000000001,,2026-01-10 12:02:00,2026-01-10 12:02:00
6e8769a0-3775-4296-a190-f18f9b7772b5,fcd94702-e2d2-4b7d-b303-16a6e17dbe5c,"[""Gourmet Main Courses"", ""Appetizers"", ""Desserts"", ""Wine & Spirits"", ""Premium Beverages""]","[""Fine Dining Experience"", ""Private Dining"", ""Catering"", ""Wedding Events"", ""Corporate Dinners""]",00000000-0000-0000-0000-000000000001,,2026-01-10 12:02:00,2026-01-10 12:02:00
ae978d7c-ca94-4de0-9856-cb7d6035d2a7,c56a2d53-aae5-4fdd-b0e4-590658870784,"[""Fresh Produce"", ""Dairy Products"", ""FMCG Items"", ""Packaged Foods"", ""Household Essentials"", ""Personal Care""]","[""Retail Shopping"", ""Home Delivery"", ""Online Ordering"", ""Loyalty Program"", ""Bulk Orders""]",00000000-0000-0000-0000-000000000001,,2026-01-10 12:02:00,2026-01-10 12:02:00
a500b73a-a95a-4214-b732-ab91c97689a0,2d37c50d-03c4-4bdf-a509-902324703f8f,"[""Ice Cream"", ""Desserts"", ""Cakes"", ""Frozen Treats"", ""Beverages""]","[""Dine-in"", ""Takeaway"", ""Home Delivery"", ""Bulk Orders"", ""Catering"", ""Online Ordering""]",00000000-0000-0000-0000-000000000001,,2026-01-10 12:02:00,2026-01-10 12:02:00
8c101682-f5b1-4581-8be0-7c4f11f8af60,55a40515-546a-40d5-8a18-036e2fbe6d71,"[""Specialty Food Items"", ""Unique Ingredients"", ""Specialty Beverages"", ""Health Food"", ""Gourmet Products""]","[""Specialty Food Service"", ""Dine-in"", ""Takeaway"", ""Home Delivery"", ""Catering""]",00000000-0000-0000-0000-000000000001,,2026-01-10 12:02:00,2026-01-10 12:02:00
202d1e9d-558e-470b-a8e1-1e4de5bc645e,46822ec5-1afb-4114-9ee0-0a879a9665f3,"[""Clothing"", ""Accessories"", ""Footwear"", ""Bags"", ""Fashion Accessories""]","[""Personal Styling"", ""Alteration"", ""Online Shopping"", ""Exchange & Returns"", ""Loyalty Program""]",00000000-0000-0000-0000-000000000001,,2026-01-10 12:02:00,2026-01-10 12:02:00
fe931ea9-02d8-4e64-918a-b888d65f87c4,d3764418-be6a-48a9-94f8-58c2599902aa,"[""Medicines"", ""Health Supplements"", ""Medical Devices"", ""Diagnostic Kits"", ""Wellness Products""]","[""Medical Consultations"", ""Health Checkups"", ""Diagnostic Services"", ""Pharmacy"", ""Telemedicine""]",00000000-0000-0000-0000-000000000001,,2026-01-10 12:02:00,2026-01-10 12:02:00
62731866-e7b0-4e41-a7ae-05fa4045aa26,35d74cb5-6f4d-47a1-b7cb-e64871ca6483,"[""Furniture"", ""Home Décor"", ""Lighting"", ""Storage Solutions"", ""Kitchen Accessories""]","[""Interior Design Consultation"", ""Delivery & Assembly"", ""Custom Design"", ""After-Sales Support"", ""Home Styling""]",00000000-0000-0000-0000-000000000001,,2026-01-10 12:02:00,2026-01-10 12:02:00
d841bb29-0b12-4d9f-a8cd-7b47dd100a1e,1671c4ed-f7ec-4e4b-acf0-4e1dcf4e596c,"[""Educational Toys"", ""Activity Books"", ""Learning Kits"", ""Art Supplies"", ""Digital Learning Tools""]","[""Playgroup"", ""Nursery"", ""LKG/UKG"", ""Day Care"", ""After-School Programs"", ""Parent Programs""]",00000000-0000-0000-0000-000000000001,,2026-01-10 12:02:00,2026-01-10 12:02:00
8ddecb43-364f-48ec-b51a-b9abbd42af66,3ab9243a-b512-4d3a-9dca-f953a1e2064f,"[""Cleaning Equipment"", ""Cleaning Products"", ""Sanitization Supplies"", ""Packaging Materials""]","[""Laundry Services"", ""Dry Cleaning"", ""Ironing"", ""Stain Removal"", ""Pickup & Delivery"", ""Commercial Cleaning""]",00000000-0000-0000-0000-000000000001,,2026-01-10 12:02:00,2026-01-10 12:02:00
d391e65d-cc7e-44e0-8c57-d15ca5a65e9f,2fa4c9cd-0570-4ba7-bd12-c313c3f0d8b3,"[""Ice Cream"", ""Desserts"", ""Cakes"", ""Frozen Treats"", ""Beverages""]","[""Dine-in"", ""Takeaway"", ""Home Delivery"", ""Bulk Orders"", ""Catering"", ""Online Ordering""]",00000000-0000-0000-0000-000000000001,,2026-01-10 12:02:00,2026-01-10 12:02:00
f32ac74f-6332-4408-a520-133e27028bff,04542e80-079f-463b-9835-97dbb107a7b4,"[""Business Planning Tools"", ""Consulting Reports"", ""Management Software"", ""Training Materials""]","[""Business Consulting"", ""Strategy Planning"", ""Market Research"", ""Financial Planning"", ""Franchise Consulting"", ""Operations Optimization""]",00000000-0000-0000-0000-000000000001,,2026-01-10 12:02:00,2026-01-10 12:02:00
163789bd-cc72-4ccb-85b9-0db773be9c0a,827b9974-d6b6-4096-80b7-e898017716d4,"[""Lubricants"", ""Greases"", ""Industrial Oils"", ""Tribology Testing Kits"", ""Wear Protection Products""]","[""Lubrication Consulting"", ""Tribology Analysis"", ""Industrial Maintenance Support"", ""Product Distribution"", ""Technical Training""]",00000000-0000-0000-0000-000000000001,,2026-01-10 12:02:00,2026-01-10 12:02:00
2ed93666-6c2f-4d4c-a5eb-89a8635059c6,98af5eba-81d0-4930-b244-78116bc9d58f,"[""Clothing"", ""Electronics"", ""Home Products"", ""Food Items"", ""Accessories""]","[""Retail Operations"", ""Customer Service"", ""Online Shopping"", ""Home Delivery"", ""Exchange Program""]",00000000-0000-0000-0000-000000000001,,2026-01-10 12:02:00,2026-01-10 12:02:00
f723e282-cb63-4f02-9e50-7efff3f31605,deb62d1a-f254-4b4d-9593-73d5b3832db7,"[""Clothing"", ""Accessories"", ""Footwear"", ""Bags"", ""Fashion Accessories""]","[""Personal Styling"", ""Alteration"", ""Online Shopping"", ""Exchange & Returns"", ""Loyalty Program""]",00000000-0000-0000-0000-000000000001,,2026-01-10 12:02:00,2026-01-10 12:02:00
9f27bedd-1ce8-41b8-976c-0d9f2629a1e9,7428c776-358e-4787-9829-b8cc9e4b7126,"[""Course Materials"", ""Study Resources"", ""Certification Programs"", ""Digital Learning Tools"", ""Career Kits""]","[""Skill Development Courses"", ""Vocational Training"", ""Placement Assistance"", ""Online Learning"", ""Industry Internships""]",00000000-0000-0000-0000-000000000001,,2026-01-10 12:02:00,2026-01-10 12:02:00
c7d4d929-f315-4df6-b041-14ac3c731471,c7ceb344-9595-4ea2-b038-7a71e114ad1a,"[""Specialty Food Items"", ""Unique Ingredients"", ""Specialty Beverages"", ""Health Food"", ""Gourmet Products""]","[""Specialty Food Service"", ""Dine-in"", ""Takeaway"", ""Home Delivery"", ""Catering""]",00000000-0000-0000-0000-000000000001,,2026-01-10 12:02:00,2026-01-10 12:02:00
fa3c7d12-0fc0-4573-8c0f-91bc651270b9,6b7f4ad0-a9e2-4f37-aec3-facc2ef1145f,"[""Educational Toys"", ""Activity Books"", ""Learning Kits"", ""Art Supplies"", ""Digital Learning Tools""]","[""Playgroup"", ""Nursery"", ""LKG/UKG"", ""Day Care"", ""After-School Programs"", ""Parent Programs""]",00000000-0000-0000-0000-000000000001,,2026-01-10 12:02:00,2026-01-10 12:02:00
7b90179c-d727-4c3e-afcb-942ef8246515,3a5877c3-557e-4d75-a756-174a9a66b8e2,"[""Clothing"", ""Accessories"", ""Footwear"", ""Bags"", ""Fashion Accessories""]","[""Personal Styling"", ""Alteration"", ""Online Shopping"", ""Exchange & Returns"", ""Loyalty Program""]",00000000-0000-0000-0000-000000000001,,2026-01-10 12:02:00,2026-01-10 12:02:00
1ef7f354-37e0-4ec4-a6fb-93bbeb214e61,75189098-ba4c-413b-ae22-5e0a3332c6ac,"[""Ice Cream"", ""Desserts"", ""Cakes"", ""Frozen Treats"", ""Beverages""]","[""Dine-in"", ""Takeaway"", ""Home Delivery"", ""Bulk Orders"", ""Catering"", ""Online Ordering""]",00000000-0000-0000-0000-000000000001,,2026-01-10 12:02:00,2026-01-10 12:02:00
031ca291-038c-4cf2-a0ec-4ba0f2532a1a,787e1c6a-fb32-4095-a173-bfda4d878a96,"[""Main Course Dishes"", ""Starters"", ""Beverages"", ""Desserts"", ""Combo Meals""]","[""Casual Dining"", ""Takeaway"", ""Home Delivery"", ""Catering"", ""Online Ordering""]",00000000-0000-0000-0000-000000000001,,2026-01-10 12:02:00,2026-01-10 12:02:00
40b566fe-3e68-429b-a2f0-96039f3fa9dd,b5551c45-e898-47e0-83b3-83f96a758429,"[""Software Products"", ""IT Hardware"", ""Cloud Solutions"", ""Cybersecurity Tools"", ""Networking Equipment""]","[""IT Consulting"", ""Software Development"", ""Network Management"", ""Cloud Services"", ""IT Support"", ""Cybersecurity""]",00000000-0000-0000-0000-000000000001,,2026-01-10 12:02:00,2026-01-10 12:02:00
d73fecd4-205a-471f-9670-c95fc20f89a5,ff84be6f-0771-4f78-9b71-bdbf63105d11,"[""Door Handles"", ""Locks & Deadbolts"", ""Smart Locks"", ""Door Hinges"", ""Knobs & Levers"", ""Security Hardware"", ""Window Fittings""]","[""Product Distribution"", ""Installation Guidance"", ""Technical Support"", ""After-Sales Service"", ""Bulk Supply"", ""Custom Orders""]",00000000-0000-0000-0000-000000000001,,2026-01-10 12:02:00,2026-01-10 12:02:00
450f825a-9d3f-47c3-84d9-39a9c0b9f7fe,310d9593-7c6e-49e9-ac6e-9f4824ada61c,"[""Property Listings"", ""Market Reports"", ""Property Brochures"", ""Investment Guides""]","[""Property Buying/Selling"", ""Rental Management"", ""Property Valuation"", ""Real Estate Consulting"", ""Online Property Portal""]",00000000-0000-0000-0000-000000000001,,2026-01-10 12:02:00,2026-01-10 12:02:00
0afdf6cd-7e82-4e7d-8166-a63acb2c7df7,95de03be-5dbc-43de-a311-9ed42af8a4c6,"[""Staffing Solutions"", ""HR Technology Platform"", ""Recruitment Software"", ""Assessment Tools"", ""Payroll Services""]","[""Permanent Staffing"", ""Contract Staffing"", ""Executive Search"", ""HR Outsourcing"", ""Payroll Management""]",00000000-0000-0000-0000-000000000001,,2026-01-10 12:02:00,2026-01-10 12:02:00
59080dc4-9e9a-48fe-a891-f88e7263f26d,15a3cb19-8311-4fa8-84c5-e2207e6d33c9,"[""Property Listings"", ""Market Reports"", ""Property Brochures"", ""Investment Guides""]","[""Property Buying/Selling"", ""Rental Management"", ""Property Valuation"", ""Real Estate Consulting"", ""Online Property Portal""]",00000000-0000-0000-0000-000000000001,,2026-01-10 12:02:00,2026-01-10 12:02:00
f282f7b8-8a3c-4194-a6f5-2ac948dd896e,4a3b6bf8-d8b4-49fe-a60f-0ae23e36a8ec,"[""Gourmet Main Courses"", ""Appetizers"", ""Desserts"", ""Wine & Spirits"", ""Premium Beverages""]","[""Fine Dining Experience"", ""Private Dining"", ""Catering"", ""Wedding Events"", ""Corporate Dinners""]",00000000-0000-0000-0000-000000000001,,2026-01-10 12:02:00,2026-01-10 12:02:00
01403e8c-7cc2-476b-849a-9b179399b434,35d5a1e7-d23f-4f41-ac28-539eab08edd5,"[""Main Course Dishes"", ""Sides"", ""Beverages"", ""Desserts"", ""Snacks""]","[""Quick Service"", ""Dine-in"", ""Takeaway"", ""Home Delivery"", ""Online Ordering"", ""Catering""]",00000000-0000-0000-0000-000000000001,,2026-01-10 12:02:00,2026-01-10 12:02:00
0e03707e-4b14-4267-a045-a8a5f15b3c56,3023d59a-e807-4d3a-a1fc-9d9874fb3215,"[""Main Course Dishes"", ""Starters"", ""Beverages"", ""Desserts"", ""Combo Meals""]","[""Casual Dining"", ""Takeaway"", ""Home Delivery"", ""Catering"", ""Online Ordering""]",00000000-0000-0000-0000-000000000001,,2026-01-10 12:02:00,2026-01-10 12:02:00
ec0c56c7-71ed-4cb5-b765-0d23a1beb05c,b0f7ad2a-2c61-42eb-bf72-baf645bff511,"[""Business Planning Tools"", ""Consulting Reports"", ""Management Software"", ""Training Materials""]","[""Business Consulting"", ""Strategy Planning"", ""Market Research"", ""Financial Planning"", ""Franchise Consulting"", ""Operations Optimization""]",00000000-0000-0000-0000-000000000001,,2026-01-10 12:02:00,2026-01-10 12:02:00
7d377937-7bc5-4552-823d-a9ead0724d54,3221ccbc-1849-42a9-b8fe-8d3313babe97,"[""Software Products"", ""IT Hardware"", ""Cloud Solutions"", ""Cybersecurity Tools"", ""Networking Equipment""]","[""IT Consulting"", ""Software Development"", ""Network Management"", ""Cloud Services"", ""IT Support"", ""Cybersecurity""]",00000000-0000-0000-0000-000000000001,,2026-01-10 12:02:00,2026-01-10 12:02:00
2c281c07-2640-4f18-ac5d-a5dd21d8d4d2,040a1432-17bb-42fa-9ecb-673282b15c4c,"[""Online Courses"", ""Digital Study Materials"", ""Learning Management System"", ""Assessment Tools"", ""Certification Programs""]","[""Online Learning"", ""Live Classes"", ""Recorded Content"", ""Mentorship"", ""Placement Assistance"", ""Skill Certification""]",00000000-0000-0000-0000-000000000001,,2026-01-10 12:02:00,2026-01-10 12:02:00
4e2378f0-f53c-4b0f-ba00-771e341de343,771d2a5d-5151-4c3f-befd-76e56857984f,"[""Event Packages"", ""Decoration Items"", ""Themed Props"", ""Party Supplies"", ""Equipment Rentals""]","[""Event Planning"", ""Party Management"", ""Decoration Services"", ""Entertainment Booking"", ""Catering Coordination"", ""Venue Management""]",00000000-0000-0000-0000-000000000001,,2026-01-10 12:02:00,2026-01-10 12:02:00
48cb6c8d-9723-43d1-b6a6-f7df93b31241,a2c17f36-adb3-4f26-9e9f-f6a2627bb6dd,"[""Main Course Dishes"", ""Sides"", ""Beverages"", ""Desserts"", ""Snacks""]","[""Quick Service"", ""Dine-in"", ""Takeaway"", ""Home Delivery"", ""Online Ordering"", ""Catering""]",00000000-0000-0000-0000-000000000001,,2026-01-10 12:02:00,2026-01-10 12:02:00
bfec5c43-9ce5-47c5-b784-6be7f8f474b9,503883eb-5c43-428a-9348-9eed53859846,"[""Marketing Software"", ""Analytics Tools"", ""Content Management Platform"", ""Social Media Tools""]","[""Digital Marketing Campaigns"", ""SEO/SEM"", ""Social Media Management"", ""Content Marketing"", ""Analytics & Reporting"", ""Lead Generation""]",00000000-0000-0000-0000-000000000001,,2026-01-10 12:02:00,2026-01-10 12:02:00
63ea6ea1-0ee8-4d2c-984f-83d784baf5f2,f1edcc42-3ff1-48dc-b6a6-99c1616c2997,"[""Business Software"", ""Documentation Services"", ""Support Tools"", ""Training Materials""]","[""Administrative Support"", ""Customer Service"", ""Documentation"", ""Back-Office Operations"", ""Business Development""]",00000000-0000-0000-0000-000000000001,,2026-01-10 12:02:00,2026-01-10 12:02:00
706e33c9-02ed-495e-a7c5-21789b40892b,e4bae633-39ff-4cd8-b8ea-26077a2db752,"[""Holiday Packages"", ""Flight Bookings"", ""Hotel Reservations"", ""Tour Packages"", ""Travel Insurance""]","[""Travel Planning"", ""Visa Assistance"", ""Tour Guiding"", ""Corporate Travel"", ""Customized Itineraries""]",00000000-0000-0000-0000-000000000001,,2026-01-10 12:02:00,2026-01-10 12:02:00
4f312236-fcd9-487e-830f-14f9525d3b87,9a7b315e-beb7-4795-9e56-a1b7f19db1c7,"[""Staffing Solutions"", ""HR Technology Platform"", ""Recruitment Software"", ""Assessment Tools"", ""Payroll Services""]","[""Permanent Staffing"", ""Contract Staffing"", ""Executive Search"", ""HR Outsourcing"", ""Payroll Management""]",00000000-0000-0000-0000-000000000001,,2026-01-10 12:02:00,2026-01-10 12:02:00
2314f594-3ca1-4d6a-a0df-dad70b1ad29f,8d8d949c-a701-42ac-8573-3617f14e0852,"[""Specialty Food Items"", ""Unique Ingredients"", ""Specialty Beverages"", ""Health Food"", ""Gourmet Products""]","[""Specialty Food Service"", ""Dine-in"", ""Takeaway"", ""Home Delivery"", ""Catering""]",00000000-0000-0000-0000-000000000001,,2026-01-10 12:02:00,2026-01-10 12:02:00
c4092fa6-c56e-4021-9cf4-6ccbe09c1a84,a513b4c8-e901-465f-9198-97d52faa34e5,"[""Business Planning Tools"", ""Consulting Reports"", ""Management Software"", ""Training Materials""]","[""Business Consulting"", ""Strategy Planning"", ""Market Research"", ""Financial Planning"", ""Franchise Consulting"", ""Operations Optimization""]",00000000-0000-0000-0000-000000000001,,2026-01-10 12:02:00,2026-01-10 12:02:00
c53c8b57-f66d-4960-b00d-1613caf38fac,92dcb815-2d93-4dd3-a85e-46501758305f,"[""Holiday Packages"", ""Flight Bookings"", ""Hotel Reservations"", ""Tour Packages"", ""Travel Insurance""]","[""Travel Planning"", ""Visa Assistance"", ""Tour Guiding"", ""Corporate Travel"", ""Customized Itineraries""]",00000000-0000-0000-0000-000000000001,,2026-01-10 12:02:00,2026-01-10 12:02:00
0ab664b9-cff5-4095-96f7-cdd1154ba834,bb08b236-af2d-4612-a11e-a8a64a36c39e,"[""Main Course Dishes"", ""Sides"", ""Beverages"", ""Desserts"", ""Snacks""]","[""Quick Service"", ""Dine-in"", ""Takeaway"", ""Home Delivery"", ""Online Ordering"", ""Catering""]",00000000-0000-0000-0000-000000000001,,2026-01-10 12:02:00,2026-01-10 12:02:00
39d9367e-3685-43af-b299-2f38d6b6cccd,a8a20ea4-3f80-4e4e-b66a-184d6e257a88,"[""Property Listings"", ""Market Reports"", ""Property Brochures"", ""Investment Guides""]","[""Property Buying/Selling"", ""Rental Management"", ""Property Valuation"", ""Real Estate Consulting"", ""Online Property Portal""]",00000000-0000-0000-0000-000000000001,,2026-01-10 12:02:00,2026-01-10 12:02:00
aa91a8c4-8d89-4ba6-a333-bb54addfb18b,4e2b2530-6b03-4032-b411-6ba5a15b600d,"[""Main Course Dishes"", ""Sides"", ""Beverages"", ""Desserts"", ""Snacks""]","[""Quick Service"", ""Dine-in"", ""Takeaway"", ""Home Delivery"", ""Online Ordering"", ""Catering""]",00000000-0000-0000-0000-000000000001,,2026-01-10 12:02:00,2026-01-10 12:02:00
e004974f-c684-479f-90be-06e7e93f3a08,d30ae99d-70b7-4006-a5f5-d02dbf98f3a9,"[""Clothing"", ""Accessories"", ""Footwear"", ""Bags"", ""Fashion Accessories""]","[""Personal Styling"", ""Alteration"", ""Online Shopping"", ""Exchange & Returns"", ""Loyalty Program""]",00000000-0000-0000-0000-000000000001,,2026-01-10 12:02:00,2026-01-10 12:02:00
a0e43599-97ea-48cf-87a8-b342ac51f151,44e8467f-5d2f-472c-9b4f-fdad2091d184,"[""Car Care Products"", ""Ceramic Coating"", ""Paint Protection Film"", ""Detailing Equipment"", ""Cleaning Supplies""]","[""Car Wash"", ""Full Detailing"", ""Ceramic Coating"", ""Interior Cleaning"", ""Paint Correction""]",00000000-0000-0000-0000-000000000001,,2026-01-10 12:02:00,2026-01-10 12:02:00
8b09c700-a8f7-4818-a9f0-ec4dd84bb1f5,bcc2bbf0-b9fe-41bd-a542-ca9f054f1565,"[""Main Course Dishes"", ""Sides"", ""Beverages"", ""Desserts"", ""Snacks""]","[""Quick Service"", ""Dine-in"", ""Takeaway"", ""Home Delivery"", ""Online Ordering"", ""Catering""]",00000000-0000-0000-0000-000000000001,,2026-01-10 12:02:00,2026-01-10 12:02:00
90d4a7be-96c4-4637-a31c-e199130980ff,64cf482c-03ba-453f-bf15-cd93d190caa3,"[""Event Packages"", ""Decoration Items"", ""Themed Props"", ""Party Supplies"", ""Equipment Rentals""]","[""Event Planning"", ""Party Management"", ""Decoration Services"", ""Entertainment Booking"", ""Catering Coordination"", ""Venue Management""]",00000000-0000-0000-0000-000000000001,,2026-01-10 12:02:00,2026-01-10 12:02:00
e17666b7-badb-41e3-b372-107b31709d3e,02cc76b8-6ded-4adf-b7e0-1accb3d5745c,"[""Ice Cream"", ""Desserts"", ""Cakes"", ""Frozen Treats"", ""Beverages""]","[""Dine-in"", ""Takeaway"", ""Home Delivery"", ""Bulk Orders"", ""Catering"", ""Online Ordering""]",00000000-0000-0000-0000-000000000001,,2026-01-10 12:02:00,2026-01-10 12:02:00
e3473eec-2d22-42b5-821a-16ceecfc2365,b6e03c18-20c0-4df0-b2b3-b3b79b13138f,"[""Property Listings"", ""Market Reports"", ""Property Brochures"", ""Investment Guides""]","[""Property Buying/Selling"", ""Rental Management"", ""Property Valuation"", ""Real Estate Consulting"", ""Online Property Portal""]",00000000-0000-0000-0000-000000000001,,2026-01-10 12:02:00,2026-01-10 12:02:00
b961c185-4d10-4d9f-9844-8e9bab6b9918,7ad3286a-da8f-4733-af3e-a1de1114b4fc,"[""Online Courses"", ""Digital Study Materials"", ""Learning Management System"", ""Assessment Tools"", ""Certification Programs""]","[""Online Learning"", ""Live Classes"", ""Recorded Content"", ""Mentorship"", ""Placement Assistance"", ""Skill Certification""]",00000000-0000-0000-0000-000000000001,,2026-01-10 12:02:00,2026-01-10 12:02:00
9ddf87ea-f101-4162-bc64-321bf56f0374,7f0f595b-7de0-4760-920f-599597a8e46b,"[""Event Packages"", ""Decoration Items"", ""Themed Props"", ""Party Supplies"", ""Equipment Rentals""]","[""Event Planning"", ""Party Management"", ""Decoration Services"", ""Entertainment Booking"", ""Catering Coordination"", ""Venue Management""]",00000000-0000-0000-0000-000000000001,,2026-01-10 12:02:00,2026-01-10 12:02:00
41090b6d-3314-49d8-933c-1c24e448345b,0335f94e-e7d7-4286-9e96-868b4c23f5a4,"[""Clothing"", ""Electronics"", ""Home Products"", ""Food Items"", ""Accessories""]","[""Retail Operations"", ""Customer Service"", ""Online Shopping"", ""Home Delivery"", ""Exchange Program""]",00000000-0000-0000-0000-000000000001,,2026-01-10 12:02:00,2026-01-10 12:02:00
17749d09-714f-46cc-a98c-4e9a4ae0dc49,6773423b-3f97-4397-a456-32429a487a05,"[""Electronics"", ""Fashion Accessories"", ""Home & Kitchen Products"", ""Beauty Products"", ""Gift Items"", ""Lifestyle Products""]","[""E-commerce Retail"", ""Online Shopping"", ""Delivery Services"", ""Returns & Exchange"", ""Customer Support"", ""Bulk Orders""]",00000000-0000-0000-0000-000000000001,,2026-01-10 12:02:00,2026-01-10 12:02:00
38d1ce91-bb8c-446b-a971-cb9d6d3120a4,1e7705f4-553c-4840-8c6e-df4eec68c672,"[""Gourmet Main Courses"", ""Appetizers"", ""Desserts"", ""Wine & Spirits"", ""Premium Beverages""]","[""Fine Dining Experience"", ""Private Dining"", ""Catering"", ""Wedding Events"", ""Corporate Dinners""]",00000000-0000-0000-0000-000000000001,,2026-01-10 12:02:00,2026-01-10 12:02:00
c87e7f52-b741-4e06-b61c-1890d0195a70,07ed38e4-1c11-482e-b87f-450eac2220ef,"[""Business Planning Tools"", ""Consulting Reports"", ""Management Software"", ""Training Materials""]","[""Business Consulting"", ""Strategy Planning"", ""Market Research"", ""Financial Planning"", ""Franchise Consulting"", ""Operations Optimization""]",00000000-0000-0000-0000-000000000001,,2026-01-10 12:02:00,2026-01-10 12:02:00
dd800622-fa0e-4e58-980b-1706f447a69a,2b10c003-c411-4e06-a6c1-79db4f64e32f,"[""Clothing"", ""Electronics"", ""Home Products"", ""Food Items"", ""Accessories""]","[""Retail Operations"", ""Customer Service"", ""Online Shopping"", ""Home Delivery"", ""Exchange Program""]",00000000-0000-0000-0000-000000000001,,2026-01-10 12:02:00,2026-01-10 12:02:00
e025a12a-bdf2-4582-86ac-44146c445714,4a852805-31ce-496e-a56e-b92f906073ce,"[""Coding Course Materials"", ""STEM Kits"", ""Programming Software"", ""Project Kits"", ""Robotics Equipment""]","[""Coding Courses"", ""STEM Programs"", ""Robotics Training"", ""Online Classes"", ""Competition Coaching"", ""Placement Assistance""]",00000000-0000-0000-0000-000000000001,,2026-01-10 12:02:00,2026-01-10 12:02:00
9aace851-8d2f-40e7-841b-4d691adf088f,7dea93be-a751-4e47-907e-7ad1dd3a2b6e,"[""Computers"", ""Laptops"", ""Mobile Accessories"", ""Peripherals"", ""Electronic Components"", ""Consumer Electronics""]","[""Product Sales"", ""Repair Services"", ""Technical Support"", ""Installation"", ""After-Sales Service"", ""Trade-In Programs""]",00000000-0000-0000-0000-000000000001,,2026-01-10 12:02:00,2026-01-10 12:02:00
a86ba835-b377-48d7-a79e-d9b48e8a1a91,8d90ae53-65ea-47cc-a2f4-9fa050a655c2,"[""Medicines"", ""Health Supplements"", ""Medical Devices"", ""Diagnostic Kits"", ""Wellness Products""]","[""Medical Consultations"", ""Health Checkups"", ""Diagnostic Services"", ""Pharmacy"", ""Telemedicine""]",00000000-0000-0000-0000-000000000001,,2026-01-10 12:02:00,2026-01-10 12:02:00
f5478892-5bf2-42f7-9110-e64c84249223,9662b822-a1e1-4e3d-8620-b4fbf57e6a8d,"[""Printed Materials"", ""Custom Merchandise"", ""Signage"", ""Marketing Collateral"", ""Custom Stationery""]","[""Digital Printing"", ""Offset Printing"", ""Screen Printing"", ""Custom Design"", ""Bulk Printing"", ""Marketing Material Production""]",00000000-0000-0000-0000-000000000001,,2026-01-10 12:02:00,2026-01-10 12:02:00
33110fa0-b5e2-4082-8274-818144bc6ae0,315a65db-7960-4b2b-a4a0-b25b8dc037e6,"[""Gold Jewelry"", ""Diamond Jewelry"", ""Silver Jewelry"", ""Gemstone Jewelry"", ""Bridal Collections""]","[""Jewelry Consultation"", ""Custom Design"", ""Repair Services"", ""Certification"", ""Exchange Program""]",00000000-0000-0000-0000-000000000001,,2026-01-10 12:02:00,2026-01-10 12:02:00
d8ecf110-6504-42b5-b6b6-2e3b07f6bea9,cd2a82b0-bfc9-4fc7-8e5c-950a095bb9fc,"[""Logistics Software"", ""Warehouse Management Tools"", ""Supply Chain Documentation""]","[""C&F Services"", ""Distribution Management"", ""Warehousing"", ""Supply Chain Consulting"", ""Last-Mile Delivery""]",00000000-0000-0000-0000-000000000001,,2026-01-10 12:02:00,2026-01-10 12:02:00
d14b46cd-5677-4da7-ab28-daf9bf866749,bccbf5c6-0926-45ff-b070-7cc5e65e73e7,"[""Educational Toys"", ""Activity Books"", ""Learning Kits"", ""Art Supplies"", ""Digital Learning Tools""]","[""Playgroup"", ""Nursery"", ""LKG/UKG"", ""Day Care"", ""After-School Programs"", ""Parent Programs""]",00000000-0000-0000-0000-000000000001,,2026-01-10 12:02:00,2026-01-10 12:02:00
ad8ef99e-0922-46f9-b25a-5e381faadff9,c7778f21-59da-4ea2-839a-77caf091aae2,"[""Coding Course Materials"", ""STEM Kits"", ""Programming Software"", ""Project Kits"", ""Robotics Equipment""]","[""Coding Courses"", ""STEM Programs"", ""Robotics Training"", ""Online Classes"", ""Competition Coaching"", ""Placement Assistance""]",00000000-0000-0000-0000-000000000001,,2026-01-10 12:02:00,2026-01-10 12:02:00
d47dc52b-0b0c-4e1e-bb46-3270bd1ff4a7,478399b2-0287-483c-b17e-e8a9f2f70a29,"[""Language Learning Books"", ""Audio Materials"", ""Practice Workbooks"", ""Online Resources"", ""Certification Prep Materials""]","[""Language Courses"", ""Communication Training"", ""Conversation Practice"", ""Online Classes"", ""Test Preparation"", ""Corporate Language Training""]",00000000-0000-0000-0000-000000000001,,2026-01-10 12:02:00,2026-01-10 12:02:00
d517a5fc-10c7-4cf6-b021-260a27133cda,d1fbdbec-34d6-42d8-b51a-3c1a2ffd584e,"[""Fleet Vehicles"", ""Tracking Systems"", ""Driver App"", ""Vehicle Insurance""]","[""Cab Services"", ""Corporate Transport"", ""Airport Transfers"", ""Outstation Travel"", ""Fleet Management""]",00000000-0000-0000-0000-000000000001,,2026-01-10 12:02:00,2026-01-10 12:02:00
ed65aca7-6649-445b-8780-6c21e4751c2a,fd2629ea-c741-4b33-a69b-aef07e670903,"[""Sarees"", ""Salwar Suits"", ""Lehengas"", ""Kurtis"", ""Traditional Accessories""]","[""Personalized Styling"", ""Alterations"", ""Bridal Consultation"", ""Custom Design"", ""Online Shopping""]",00000000-0000-0000-0000-000000000001,,2026-01-10 12:02:00,2026-01-10 12:02:00
b42bb250-fa3c-4eec-8a75-24f3d8ce77f6,e266460e-a2c7-41ea-be2f-0b6aace2ec69,"[""Main Course Dishes"", ""Sides"", ""Beverages"", ""Desserts"", ""Snacks""]","[""Quick Service"", ""Dine-in"", ""Takeaway"", ""Home Delivery"", ""Online Ordering"", ""Catering""]",00000000-0000-0000-0000-000000000001,,2026-01-10 12:02:00,2026-01-10 12:02:00
5a9dbd6d-f31d-4c98-9b2e-784b518c6e72,11ad18b9-143b-49c4-9624-2fdbf76d1c40,"[""Website Development Services"", ""Software Products"", ""Mobile Apps"", ""ERP Solutions"", ""Hosting Services""]","[""Web Development"", ""App Development"", ""E-commerce Solutions"", ""Digital Marketing"", ""SEO"", ""Technical Support""]",00000000-0000-0000-0000-000000000001,,2026-01-10 12:02:00,2026-01-10 12:02:00
c7e37d4f-0bc1-475a-baa9-819f828e3c20,71f6195f-ac09-4c0c-a5bd-c7be755a1f2f,"[""Indian Food Solutions"",""Signature Dishes"",""Premium Beverages"",""Quality Ingredients"",""Specialty Snacks"",""Custom Combos"",""Healthy Options"",""Desserts""]","[""Dine-in Experience"",""Takeaway"",""Home Delivery"",""Catering Services"",""Online Ordering"",""Quick Service"",""Indian Food Services""]",,2026-04-08 19:12:39,2026-04-08 19:12:39
6325c128-925e-4307-9aae-e310331d6fe6,fde2dcc0-7582-4561-9456-5ae9dbfb0c0d,"[""Coffee and Tea Cafe Solutions"",""Flagship Products"",""Industry Specific Tools"",""Branded Offerings"",""Specialized Kits"",""Premium Goods""]","[""Dedicated Customer Support"",""Consultation Services"",""Professional Advisory"",""After-Sales Support"",""Strategy Planning"",""Coffee and Tea Cafe Services""]",,2026-04-08 19:12:39,2026-04-08 19:12:39
f02dc0c9-de06-445a-8929-d1975808a82a,015b3f47-0e58-47f1-88eb-a903f65d2101,"[""Distributorships Solutions"",""Flagship Products"",""Industry Specific Tools"",""Branded Offerings"",""Specialized Kits"",""Premium Goods""]","[""Dedicated Customer Support"",""Consultation Services"",""Professional Advisory"",""After-Sales Support"",""Strategy Planning"",""Distributorships Services""]",,2026-04-08 19:12:39,2026-04-08 19:12:39
3a8b1013-9838-4649-8b3e-cdffffb3df1a,f78833ae-2a43-49ba-bc0c-92fdd07c7ea7,"[""Covering the entire range viz"",""Imported Products Solutions"",""Flagship Products"",""Industry Specific Tools"",""Branded Offerings"",""Specialized Kits"",""Premium Goods""]","[""Dedicated Customer Support"",""Consultation Services"",""Professional Advisory"",""After-Sales Support"",""Strategy Planning"",""Imported Products Services""]",,2026-04-08 19:12:39,2026-04-08 19:12:39
2f12fcf3-4c8a-4c48-a5c5-ed0fe6dbf805,3bb8eca8-3b09-44f2-ab24-de7feff114cc,"[""Others Solutions"",""Flagship Products"",""Industry Specific Tools"",""Branded Offerings"",""Specialized Kits"",""Premium Goods""]","[""Dedicated Customer Support"",""Consultation Services"",""Professional Advisory"",""After-Sales Support"",""Strategy Planning"",""Others Services""]",,2026-04-08 19:12:39,2026-04-08 19:12:39
ca2f4eee-3d4d-40aa-be0d-2020ab909cf1,f038391c-0c0a-4123-b8e7-ff207b9741c6,"[""Animation Solutions"",""Study Materials"",""Interactive Curriculum"",""Workbooks & Notes"",""E-Learning Modules"",""Assessment Tools"",""Certifications"",""Digital Content""]","[""Classroom Training"",""Online Classes"",""1-on-1 Mentorship"",""Doubt Clearing Sessions"",""Career Counseling"",""Skill Development"",""Seminars"",""Animation Services""]",,2026-04-08 19:12:39,2026-04-08 19:12:39
b0e45141-edfd-431e-a076-058d0abeff73,bebe2af1-cd00-48b4-9918-d6e3f05ef6df,"[""Gems,Diamonds,Precious,Stones Solutions"",""Flagship Products"",""Industry Specific Tools"",""Branded Offerings"",""Specialized Kits"",""Premium Goods""]","[""Dedicated Customer Support"",""Consultation Services"",""Professional Advisory"",""After-Sales Support"",""Strategy Planning"",""Gems,Diamonds,Precious,Stones Services""]",,2026-04-08 19:12:39,2026-04-08 19:12:39
a2fb32fa-f03a-46c0-9c72-95b39371a8f5,d2111d1b-5b38-4541-8d3f-c567dce471e0,"[""Others Solutions"",""Flagship Products"",""Industry Specific Tools"",""Branded Offerings"",""Specialized Kits"",""Premium Goods""]","[""Dedicated Customer Support"",""Consultation Services"",""Professional Advisory"",""After-Sales Support"",""Strategy Planning"",""Others Services""]",,2026-04-08 19:12:39,2026-04-08 19:12:39
078354d6-d75f-491e-9711-c400d3d8f307,275cd8e3-5aab-49f4-823e-3e15a719c6f4,"[""Computer Sales, Parts and Accessories Solutions"",""Flagship Products"",""Industry Specific Tools"",""Branded Offerings"",""Specialized Kits"",""Premium Goods""]","[""Dedicated Customer Support"",""Consultation Services"",""Professional Advisory"",""After-Sales Support"",""Strategy Planning"",""Computer Sales, Parts and Accessories Services""]",,2026-04-08 19:12:39,2026-04-08 19:12:39
ea57b93e-3b61-48f0-804e-13b28729e69b,d873f4e4-bb7d-4ee3-8f54-1a002615d867,"[""Maths, Abacus Solutions"",""Study Materials"",""Interactive Curriculum"",""Workbooks & Notes"",""E-Learning Modules"",""Assessment Tools"",""Certifications"",""Digital Content""]","[""Classroom Training"",""Online Classes"",""1-on-1 Mentorship"",""Doubt Clearing Sessions"",""Career Counseling"",""Skill Development"",""Seminars"",""Maths, Abacus Services""]",,2026-04-08 19:12:39,2026-04-08 19:12:39
cac34948-1d92-4427-98b7-df7dd823ebb1,82f990e6-2bf0-455f-ab91-bad7e7a8f854,"[""Online Travel Services Solutions"",""Flagship Products"",""Industry Specific Tools"",""Branded Offerings"",""Specialized Kits"",""Premium Goods""]","[""Dedicated Customer Support"",""Consultation Services"",""Professional Advisory"",""After-Sales Support"",""Strategy Planning"",""Online Travel Services Services""]",,2026-04-08 19:12:39,2026-04-08 19:12:39
5374975c-f628-46cb-9b87-befbe759b448,373894c9-839f-448d-ab10-5e1efeb4157b,"[""Preschool Solutions"",""Study Materials"",""Interactive Curriculum"",""Workbooks & Notes"",""E-Learning Modules"",""Assessment Tools"",""Certifications"",""Digital Content""]","[""Classroom Training"",""Online Classes"",""1-on-1 Mentorship"",""Doubt Clearing Sessions"",""Career Counseling"",""Skill Development"",""Seminars"",""Preschool Services""]",,2026-04-08 19:12:39,2026-04-08 19:12:39
59887b63-f904-4cc8-9564-ee7c9930dc0f,48318eba-0a7c-491b-878e-2b28748d0429,"[""Different types of service"",""Car Rental And Cab Services Solutions"",""Flagship Products"",""Industry Specific Tools"",""Branded Offerings"",""Specialized Kits"",""Premium Goods""]","[""Dedicated Customer Support"",""Consultation Services"",""Professional Advisory"",""After-Sales Support"",""Strategy Planning"",""Car Rental And Cab Services Services""]",,2026-04-08 19:12:39,2026-04-08 19:12:39
1a25742d-f8b2-4757-8903-7f03705dbacc,350b97e7-d10c-4b4a-b0f4-c4b28c62d9f2,"[""Study Materials"",""Interactive Curriculum"",""Workbooks & Notes"",""E-Learning Modules"",""Assessment Tools"",""Certifications"",""Digital Content""]","[""Classroom Training"",""Online Classes"",""1-on-1 Mentorship"",""Doubt Clearing Sessions"",""Career Counseling"",""Skill Development"",""Seminars""]",,2026-04-08 19:12:39,2026-04-08 19:12:39
c91ab4e3-1c46-4c61-8bd2-566940992ee7,e820a79b-dbe8-4359-a5b6-54b8beb38772,"[""Others Solutions"",""Investment Portfolios"",""Insurance Policies"",""Loan Packages"",""Financial Planning Tools"",""Tax Software""]","[""Dedicated Customer Support"",""Consultation Services"",""Professional Advisory"",""After-Sales Support"",""Strategy Planning"",""Others Services""]",,2026-04-08 19:12:39,2026-04-08 19:12:39
d0820941-6798-459e-914b-76f1b3a22600,26076fab-59a0-48cb-8cf4-17ed641a2a60,"[""Study Materials"",""Interactive Curriculum"",""Workbooks & Notes"",""E-Learning Modules"",""Assessment Tools"",""Certifications"",""Digital Content""]","[""Classroom Training"",""Online Classes"",""1-on-1 Mentorship"",""Doubt Clearing Sessions"",""Career Counseling"",""Skill Development"",""Seminars""]",,2026-04-08 19:12:39,2026-04-08 19:12:39
5769ea53-9524-4633-9725-df77c64532bc,94ce4100-e6b9-40e6-a0e5-ac58962f95f4,"[""Financing,Loans,Funding ,Advisors,Brokers Solutions"",""Investment Portfolios"",""Insurance Policies"",""Loan Packages"",""Financial Planning Tools"",""Tax Software""]","[""Dedicated Customer Support"",""Consultation Services"",""Professional Advisory"",""After-Sales Support"",""Strategy Planning"",""Financing,Loans,Funding ,Advisors,Brokers Services""]",,2026-04-08 19:12:39,2026-04-08 19:12:39
7844f16f-6f65-438d-a3db-b1d68ba4d205,a91633e8-b0df-4f96-99a1-232552314e9a,"[""Rolls & Wraps Solutions"",""Signature Dishes"",""Premium Beverages"",""Quality Ingredients"",""Specialty Snacks"",""Custom Combos"",""Healthy Options"",""Desserts""]","[""Dine-in Experience"",""Takeaway"",""Home Delivery"",""Catering Services"",""Online Ordering"",""Quick Service"",""Rolls & Wraps Services""]",,2026-04-08 19:12:39,2026-04-08 19:12:39
bf7f0757-10f8-4885-b055-ae574f803b5a,4093a4de-6509-4dd9-af6c-d88f17c95254,"[""Others Solutions"",""Flagship Products"",""Industry Specific Tools"",""Branded Offerings"",""Specialized Kits"",""Premium Goods""]","[""Dedicated Customer Support"",""Consultation Services"",""Professional Advisory"",""After-Sales Support"",""Strategy Planning"",""Others Services""]",,2026-04-08 19:12:39,2026-04-08 19:12:39
b7bda193-4a4f-4cd0-a5f5-ef11e8ca6fb0,7a69cdba-6e83-426b-bae8-7f387c4d89b3,"[""Mobile,Telecom and Electronics Related Solutions"",""Study Materials"",""Interactive Curriculum"",""Workbooks & Notes"",""E-Learning Modules"",""Assessment Tools"",""Certifications"",""Digital Content""]","[""Classroom Training"",""Online Classes"",""1-on-1 Mentorship"",""Doubt Clearing Sessions"",""Career Counseling"",""Skill Development"",""Seminars"",""Mobile,Telecom and Electronics Related Services""]",,2026-04-08 19:12:39,2026-04-08 19:12:39
b4e2e3f8-a59a-4874-83de-f07ecb9e3b9d,74ebe46b-235e-401f-9692-f43a7c0592c7,"[""IT,ITES, Software Related Solutions"",""Flagship Products"",""Industry Specific Tools"",""Branded Offerings"",""Specialized Kits"",""Premium Goods""]","[""Dedicated Customer Support"",""Consultation Services"",""Professional Advisory"",""After-Sales Support"",""Strategy Planning"",""IT,ITES, Software Related Services""]",,2026-04-08 19:12:39,2026-04-08 19:12:39
3d45cd48-2f19-4763-a77d-74ad1a1cd9b5,0fd52b16-97e7-475f-90ae-f571e405c12a,"[""Web Design, Development,Hosting Related Solutions"",""Flagship Products"",""Industry Specific Tools"",""Branded Offerings"",""Specialized Kits"",""Premium Goods""]","[""Dedicated Customer Support"",""Consultation Services"",""Professional Advisory"",""After-Sales Support"",""Strategy Planning"",""Web Design, Development,Hosting Related Services""]",,2026-04-08 19:12:39,2026-04-08 19:12:39
7ae76526-5066-4bf1-8ed5-8b135316d8fb,53de2c7c-5ad9-4829-8265-be4a76c0451e,"[""Others Solutions"",""Investment Portfolios"",""Insurance Policies"",""Loan Packages"",""Financial Planning Tools"",""Tax Software""]","[""Dedicated Customer Support"",""Consultation Services"",""Professional Advisory"",""After-Sales Support"",""Strategy Planning"",""Others Services""]",,2026-04-08 19:12:39,2026-04-08 19:12:39
28529242-94b4-482e-91e4-a176a5e3e002,45e8b53f-3f13-4a2b-810b-50f9a08593c7,"[""Online Travel Services Solutions"",""Flagship Products"",""Industry Specific Tools"",""Branded Offerings"",""Specialized Kits"",""Premium Goods""]","[""Dedicated Customer Support"",""Consultation Services"",""Professional Advisory"",""After-Sales Support"",""Strategy Planning"",""Online Travel Services Services""]",,2026-04-08 19:12:39,2026-04-08 19:12:39
29953fdb-d45c-4220-9426-0206ee1c35bb,e945d803-56bd-4d4b-b21b-0587db1912f1,"[""Computer Hardware and Networking Solutions"",""Flagship Products"",""Industry Specific Tools"",""Branded Offerings"",""Specialized Kits"",""Premium Goods""]","[""Dedicated Customer Support"",""Consultation Services"",""Professional Advisory"",""After-Sales Support"",""Strategy Planning"",""Computer Hardware and Networking Services""]",,2026-04-08 19:12:39,2026-04-08 19:12:39
03b54db0-b10a-4f6d-a9a0-a060f5d4948b,05a39773-1b84-487b-88fa-cd3127904579,"[""Others Solutions"",""Study Materials"",""Interactive Curriculum"",""Workbooks & Notes"",""E-Learning Modules"",""Assessment Tools"",""Certifications"",""Digital Content""]","[""Classroom Training"",""Online Classes"",""1-on-1 Mentorship"",""Doubt Clearing Sessions"",""Career Counseling"",""Skill Development"",""Seminars"",""Others Services""]",,2026-04-08 19:12:39,2026-04-08 19:12:39
8afea03b-dd90-437b-a615-d7689bb5bb34,dde3cc73-fd18-4c7e-bbf8-479304bc1354,"[""Flagship Products"",""Industry Specific Tools"",""Branded Offerings"",""Specialized Kits"",""Premium Goods""]","[""Dedicated Customer Support"",""Consultation Services"",""Professional Advisory"",""After-Sales Support"",""Strategy Planning""]",,2026-04-08 19:12:39,2026-04-08 19:12:39
7fd80e7b-d5d4-4eb9-b33f-1ef290500dd7,fa6a1a27-422a-4da4-a922-a0da7ca6983a,"[""Web Design, Development,Hosting Related Solutions"",""Flagship Products"",""Industry Specific Tools"",""Branded Offerings"",""Specialized Kits"",""Premium Goods""]","[""Dedicated Customer Support"",""Consultation Services"",""Professional Advisory"",""After-Sales Support"",""Strategy Planning"",""Web Design, Development,Hosting Related Services""]",,2026-04-08 19:12:39,2026-04-08 19:12:39
921f994a-af99-46e2-8d28-1f01adb3cdde,cef52ad3-6966-49d8-9c8a-b4bd8589eca5,"[""Classroom"",""UGC-NET"",""GATE"",""GPAT"",""IIT-JAM"",""NEET-UG"",""JEE"",""JNUEE""]","[""Classroom Training"",""Online Classes"",""1-on-1 Mentorship"",""Doubt Clearing Sessions"",""Career Counseling"",""Skill Development"",""Seminars""]",,2026-04-08 19:12:39,2026-04-08 19:12:39
4929802d-44d0-47d0-9821-319b6d6aee3c,7e7b5238-3eb4-442b-8ddc-307ff7f19e1e,"[""Animation Solutions"",""Study Materials"",""Interactive Curriculum"",""Workbooks & Notes"",""E-Learning Modules"",""Assessment Tools"",""Certifications"",""Digital Content""]","[""Classroom Training"",""Online Classes"",""1-on-1 Mentorship"",""Doubt Clearing Sessions"",""Career Counseling"",""Skill Development"",""Seminars"",""Animation Services""]",,2026-04-08 19:12:39,2026-04-08 19:12:39
64877146-9b08-4a42-b5d1-b6a9fa8fc8e9,e5e31845-6b2c-4060-94bd-3670c3154f2a,"[""Flagship Products"",""Industry Specific Tools"",""Branded Offerings"",""Specialized Kits"",""Premium Goods""]","[""Dedicated Customer Support"",""Consultation Services"",""Professional Advisory"",""After-Sales Support"",""Strategy Planning""]",,2026-04-08 19:12:39,2026-04-08 19:12:39
9a19e286-19fd-4c90-a626-b7dc0a240f5d,1c95bd9a-349e-41e9-b32d-08bf63beb1b0,"[""Study Materials"",""Interactive Curriculum"",""Workbooks & Notes"",""E-Learning Modules"",""Assessment Tools"",""Certifications"",""Digital Content""]","[""Classroom Training"",""Online Classes"",""1-on-1 Mentorship"",""Doubt Clearing Sessions"",""Career Counseling"",""Skill Development"",""Seminars""]",,2026-04-08 19:12:39,2026-04-08 19:12:39
c771a31c-13f4-4bf1-9b70-4e49d2f94c80,c0aef157-a058-48df-9ba7-6d70f368d351,"[""High-quality"",""Relevant"",""Varied educational programs"",""Cultural"",""Others Solutions"",""Study Materials"",""Interactive Curriculum"",""Workbooks & Notes""]","[""Classroom Training"",""Online Classes"",""1-on-1 Mentorship"",""Doubt Clearing Sessions"",""Career Counseling"",""Skill Development"",""Seminars"",""Others Services""]",,2026-04-08 19:12:39,2026-04-08 19:12:39
57a0cb87-c04e-4a84-952f-f71a06237a46,63feb1b5-d575-4adb-adef-bdd31f2e418b,"[""Animation Solutions"",""Study Materials"",""Interactive Curriculum"",""Workbooks & Notes"",""E-Learning Modules"",""Assessment Tools"",""Certifications"",""Digital Content""]","[""Classroom Training"",""Online Classes"",""1-on-1 Mentorship"",""Doubt Clearing Sessions"",""Career Counseling"",""Skill Development"",""Seminars"",""Animation Services""]",,2026-04-08 19:12:39,2026-04-08 19:12:39
056dc53d-5522-4d16-99ec-0b2444d9237a,1f06acd8-b20f-435d-97c2-990f72393150,"[""Study Materials"",""Interactive Curriculum"",""Workbooks & Notes"",""E-Learning Modules"",""Assessment Tools"",""Certifications"",""Digital Content""]","[""Classroom Training"",""Online Classes"",""1-on-1 Mentorship"",""Doubt Clearing Sessions"",""Career Counseling"",""Skill Development"",""Seminars""]",,2026-04-08 19:12:39,2026-04-08 19:12:39
08a13404-38ce-4325-addc-7a33846d144b,2e78155d-8dcf-4650-8c3d-e2724f3fea6c,"[""A wide range of services"",""Graphene Coatings"",""Ceramic Coatings"",""Exterior-Interior Detailing"",""Car Wash"",""Wash, Detailing, Repair, Oil Change & Maintenance Solutions"",""Genuine Spare Parts"",""Vehicle Accessories""]","[""Servicing & Repair"",""Washing & Detailing"",""Roadside Assistance"",""Customization"",""Diagnostic Testing"",""Wash, Detailing, Repair, Oil Change & Maintenance Services""]",,2026-04-08 19:12:39,2026-04-08 19:12:39
c10feb2b-d90d-407c-a452-d5f8878e0ff8,25650b79-c040-49fd-98b2-391b8442fc8e,"[""Weight Loss, Slimming, Diet Consultancy Solutions"",""Health Supplements"",""Workout Gear"",""Diet & Nutrition Plans"",""Wellness Products"",""Fitness Equipment"",""Therapeutic Goods""]","[""Personal Training"",""Group Classes"",""Nutritional Counseling"",""Health Assessments"",""Membership Programs"",""Rehabilitation"",""Weight Loss, Slimming, Diet Consultancy Services""]",,2026-04-08 19:12:39,2026-04-08 19:12:39
df33d312-a9b5-453f-9fe3-0112a443f695,6024fecb-aed9-451e-8407-67d11770c8e4,"[""School  Opportunities Solutions"",""Study Materials"",""Interactive Curriculum"",""Workbooks & Notes"",""E-Learning Modules"",""Assessment Tools"",""Certifications"",""Digital Content""]","[""Classroom Training"",""Online Classes"",""1-on-1 Mentorship"",""Doubt Clearing Sessions"",""Career Counseling"",""Skill Development"",""Seminars"",""School  Opportunities Services""]",,2026-04-08 19:12:39,2026-04-08 19:12:39
1de6b205-a40b-4ca2-b96e-4eba0245c001,fd0f9b80-fcba-40db-a7be-c85ad0bdd8a0,"[""Distributorships Solutions"",""Flagship Products"",""Industry Specific Tools"",""Branded Offerings"",""Specialized Kits"",""Premium Goods""]","[""Dedicated Customer Support"",""Consultation Services"",""Professional Advisory"",""After-Sales Support"",""Strategy Planning"",""Distributorships Services""]",,2026-04-08 19:12:39,2026-04-08 19:12:39
2e21f56b-8ff5-40cb-b971-2f9a063876d2,2e941ab3-dc46-4236-a598-6c64fffbabd8,"[""Hotel Chain Solutions"",""Flagship Products"",""Industry Specific Tools"",""Branded Offerings"",""Specialized Kits"",""Premium Goods""]","[""Dedicated Customer Support"",""Consultation Services"",""Professional Advisory"",""After-Sales Support"",""Strategy Planning"",""Hotel Chain Services""]",,2026-04-08 19:12:39,2026-04-08 19:12:39
6a5550b0-1b6a-4806-bf3e-03e1fa668e96,baf1810c-dbc5-4bbe-a171-3d4b24b9fbd5,"[""Others Solutions"",""Genuine Spare Parts"",""Vehicle Accessories"",""Car Care Products"",""Engine Oils"",""Maintenance Kits""]","[""Servicing & Repair"",""Washing & Detailing"",""Roadside Assistance"",""Customization"",""Diagnostic Testing"",""Others Services""]",,2026-04-08 19:12:39,2026-04-08 19:12:39
c22c79e3-c9a2-4f63-ba18-26ab1e9e07c4,c1b954bf-053b-4089-be77-5cda5d5c8997,"[""Moving and Storage Solutions"",""Flagship Products"",""Industry Specific Tools"",""Branded Offerings"",""Specialized Kits"",""Premium Goods""]","[""Dedicated Customer Support"",""Consultation Services"",""Professional Advisory"",""After-Sales Support"",""Strategy Planning"",""Moving and Storage Services""]",,2026-04-08 19:12:39,2026-04-08 19:12:39
434f6f98-d8c6-45a6-8d96-4fbf202916ed,1b74f0e9-3dcf-43bd-8397-2531885e1c72,"[""Marketing Companies Solutions"",""Flagship Products"",""Industry Specific Tools"",""Branded Offerings"",""Specialized Kits"",""Premium Goods""]","[""Dedicated Customer Support"",""Consultation Services"",""Professional Advisory"",""After-Sales Support"",""Strategy Planning"",""Marketing Companies Services""]",,2026-04-08 19:12:39,2026-04-08 19:12:39
059786e4-057c-494d-ad2e-c9c895454b21,6f584474-07dc-4c68-8226-bbe67138a72e,"[""Advanced discovery"",""Community"",""Others Solutions"",""Flagship Products"",""Industry Specific Tools"",""Branded Offerings"",""Specialized Kits"",""Premium Goods""]","[""Dedicated Customer Support"",""Consultation Services"",""Professional Advisory"",""After-Sales Support"",""Strategy Planning"",""Others Services""]",,2026-04-08 19:12:39,2026-04-08 19:12:39
d72f9cbd-c23c-4835-ad77-b94c545ddc42,256703ae-e88f-4bf8-86e4-cf14edb67482,"[""Others Solutions"",""Study Materials"",""Interactive Curriculum"",""Workbooks & Notes"",""E-Learning Modules"",""Assessment Tools"",""Certifications"",""Digital Content""]","[""Classroom Training"",""Online Classes"",""1-on-1 Mentorship"",""Doubt Clearing Sessions"",""Career Counseling"",""Skill Development"",""Seminars"",""Others Services""]",,2026-04-08 19:12:39,2026-04-08 19:12:39
4c75056b-a4f2-49be-97ee-24d5a2dc0672,249ffac4-e452-4679-b850-34700a2fb0e7,"[""Pharmacy Solutions"",""Health Supplements"",""Workout Gear"",""Diet & Nutrition Plans"",""Wellness Products"",""Fitness Equipment"",""Therapeutic Goods""]","[""Personal Training"",""Group Classes"",""Nutritional Counseling"",""Health Assessments"",""Membership Programs"",""Rehabilitation"",""Pharmacy Services""]",,2026-04-08 19:12:39,2026-04-08 19:12:39
a18cb786-6a8b-4e85-94b6-b48b621f64e2,e75fe283-5177-4563-89b9-a10e6f9dd4e3,"[""Others Solutions"",""Signature Dishes"",""Premium Beverages"",""Quality Ingredients"",""Specialty Snacks"",""Custom Combos"",""Healthy Options"",""Desserts""]","[""Dine-in Experience"",""Takeaway"",""Home Delivery"",""Catering Services"",""Online Ordering"",""Quick Service"",""Others Services""]",,2026-04-08 19:12:39,2026-04-08 19:12:39
ca601513-21a5-4d58-917f-498229965a90,ef77c9ce-eafe-4b59-83ec-4b4b7a0f24bf,"[""Art ,Painting, Framing, Museums Solutions"",""Exclusive Merchandise"",""Branded Products"",""Seasonal Collections"",""Lifestyle Goods"",""Premium Accessories"",""Quality Inventory""]","[""In-store Shopping"",""Personalized Styling"",""Customer Assistance"",""Easy Returns & Exchange"",""Home Delivery"",""Art ,Painting, Framing, Museums Services""]",,2026-04-08 19:12:39,2026-04-08 19:12:39
8b79a63f-751f-4804-8fba-5fbe0887a4af,45e4f353-50b6-4173-ae88-85eab50b0631,"[""Others Solutions"",""Investment Portfolios"",""Insurance Policies"",""Loan Packages"",""Financial Planning Tools"",""Tax Software""]","[""Dedicated Customer Support"",""Consultation Services"",""Professional Advisory"",""After-Sales Support"",""Strategy Planning"",""Others Services""]",,2026-04-08 19:12:39,2026-04-08 19:12:39
9645f11a-d614-4ed4-814c-bd5070a576d5,71d9f328-1702-4137-bab1-b433a492a397,"[""Tracking their work with ease"",""IT Services Incl ITES Solutions"",""Flagship Products"",""Industry Specific Tools"",""Branded Offerings"",""Specialized Kits"",""Premium Goods""]","[""Dedicated Customer Support"",""Consultation Services"",""Professional Advisory"",""After-Sales Support"",""Strategy Planning"",""IT Services Incl ITES Services""]",,2026-04-08 19:12:39,2026-04-08 19:12:39
9dde21b7-f78d-4aa3-baad-9060c9aa171f,4a7addb5-7977-4dad-a3ed-92e4c8eeef9a,"[""Art, Fashion, Imitation Jewellery Solutions"",""Flagship Products"",""Industry Specific Tools"",""Branded Offerings"",""Specialized Kits"",""Premium Goods""]","[""Dedicated Customer Support"",""Consultation Services"",""Professional Advisory"",""After-Sales Support"",""Strategy Planning"",""Art, Fashion, Imitation Jewellery Services""]",,2026-04-08 19:12:39,2026-04-08 19:12:39
85886d34-57ee-4fcc-9c22-e667fa8ff2ed,ab3880d6-1df0-40f6-8692-b7939d80e4ff,"[""Others Solutions"",""Investment Portfolios"",""Insurance Policies"",""Loan Packages"",""Financial Planning Tools"",""Tax Software""]","[""Dedicated Customer Support"",""Consultation Services"",""Professional Advisory"",""After-Sales Support"",""Strategy Planning"",""Others Services""]",,2026-04-08 19:12:39,2026-04-08 19:12:39
13b145f1-834b-443e-a7fb-6bbcdd1042a6,34c48882-5b3e-49a2-aeac-a5596faa9c19,"[""Distributorships Solutions"",""Flagship Products"",""Industry Specific Tools"",""Branded Offerings"",""Specialized Kits"",""Premium Goods""]","[""Dedicated Customer Support"",""Consultation Services"",""Professional Advisory"",""After-Sales Support"",""Strategy Planning"",""Distributorships Services""]",,2026-04-08 19:12:39,2026-04-08 19:12:39
fe93ae48-b47b-4ebc-b04f-1f9dbb7dd3b6,07606452-4433-4923-b636-9e5cd40b7de1,"[""Advertisement And Media Related Solutions"",""Flagship Products"",""Industry Specific Tools"",""Branded Offerings"",""Specialized Kits"",""Premium Goods""]","[""Dedicated Customer Support"",""Consultation Services"",""Professional Advisory"",""After-Sales Support"",""Strategy Planning"",""Advertisement And Media Related Services""]",,2026-04-08 19:12:39,2026-04-08 19:12:39
706694de-f1ba-4ec8-87a6-d94938edb5c7,3b76cd73-3d8b-4a14-b539-ecfdc06ffb57,"[""Study Materials"",""Interactive Curriculum"",""Workbooks & Notes"",""E-Learning Modules"",""Assessment Tools"",""Certifications"",""Digital Content""]","[""Classroom Training"",""Online Classes"",""1-on-1 Mentorship"",""Doubt Clearing Sessions"",""Career Counseling"",""Skill Development"",""Seminars""]",,2026-04-08 19:12:39,2026-04-08 19:12:39
8f20956a-8d8e-41db-a819-b859af7c81ee,11eafc51-8472-4758-a56f-ccc1e41db5ff,"[""Cosmetics and Beauty Products Solutions"",""Premium Cosmetics"",""Hair Care Products"",""Skincare Solutions"",""Grooming Kits"",""Spa Essentials""]","[""Hair Styling & Color"",""Spa Therapies"",""Facial Treatments"",""Bridal Makeup"",""Consultations"",""Nail Art"",""Cosmetics and Beauty Products Services""]",,2026-04-08 19:12:39,2026-04-08 19:12:39
5a73abf0-1f27-4c06-9ec9-9182cd09a844,3931f540-d4c6-455f-b377-2e966d2e9993,"[""Others Solutions"",""Premium Cosmetics"",""Hair Care Products"",""Skincare Solutions"",""Grooming Kits"",""Spa Essentials""]","[""Hair Styling & Color"",""Spa Therapies"",""Facial Treatments"",""Bridal Makeup"",""Consultations"",""Nail Art"",""Others Services""]",,2026-04-08 19:12:39,2026-04-08 19:12:39
943f6733-7898-48d7-9f0f-2e93300d0626,a35bd4ab-3a8f-46b1-be4a-1ba699e05e67,"[""Robust market signals"",""News updates"",""Others Solutions"",""Investment Portfolios"",""Insurance Policies"",""Loan Packages"",""Financial Planning Tools"",""Tax Software""]","[""Dedicated Customer Support"",""Consultation Services"",""Professional Advisory"",""After-Sales Support"",""Strategy Planning"",""Others Services""]",,2026-04-08 19:12:39,2026-04-08 19:12:39
1f3e9e06-e671-4f79-ad8f-7991f25b5e5f,a86312e5-88cd-41a0-9086-acd895ad9b2d,"[""Immigration Services Solutions"",""Flagship Products"",""Industry Specific Tools"",""Branded Offerings"",""Specialized Kits"",""Premium Goods""]","[""Dedicated Customer Support"",""Consultation Services"",""Professional Advisory"",""After-Sales Support"",""Strategy Planning"",""Immigration Services Services""]",,2026-04-08 19:12:39,2026-04-08 19:12:39
657f2f5b-d48d-4380-9134-90d4104136f2,cf61aff1-c65d-41a7-9d5e-69ca574f697c,"[""Grocery Stores and Food Marts Solutions"",""Exclusive Merchandise"",""Branded Products"",""Seasonal Collections"",""Lifestyle Goods"",""Premium Accessories"",""Quality Inventory""]","[""In-store Shopping"",""Personalized Styling"",""Customer Assistance"",""Easy Returns & Exchange"",""Home Delivery"",""Grocery Stores and Food Marts Services""]",,2026-04-08 19:12:39,2026-04-08 19:12:39
73a98458-0ff1-4c52-864c-aa8e55ea5fe0,7259cde1-3778-442f-a7c9-765b4b8fa8c4,"[""Play School Solutions"",""Study Materials"",""Interactive Curriculum"",""Workbooks & Notes"",""E-Learning Modules"",""Assessment Tools"",""Certifications"",""Digital Content""]","[""Classroom Training"",""Online Classes"",""1-on-1 Mentorship"",""Doubt Clearing Sessions"",""Career Counseling"",""Skill Development"",""Seminars"",""Play School Services""]",,2026-04-08 19:12:39,2026-04-08 19:12:39
c65c3693-3aeb-47f5-bd4b-c4f7aa1289ab,dcbbaaf8-6cef-48cc-bfe9-a253a004c436,"[""Toy Shops Solutions"",""Exclusive Merchandise"",""Branded Products"",""Seasonal Collections"",""Lifestyle Goods"",""Premium Accessories"",""Quality Inventory""]","[""In-store Shopping"",""Personalized Styling"",""Customer Assistance"",""Easy Returns & Exchange"",""Home Delivery"",""Toy Shops Services""]",,2026-04-08 19:12:39,2026-04-08 19:12:39
e8d6eafd-8f3f-4ed9-b66c-4045dcfc6321,463ae953-7c0a-4803-bcd2-f4430483bb6b,"[""Travel Agents Incl Holiday Packages and Tours Solutions"",""Flagship Products"",""Industry Specific Tools"",""Branded Offerings"",""Specialized Kits"",""Premium Goods""]","[""Dedicated Customer Support"",""Consultation Services"",""Professional Advisory"",""After-Sales Support"",""Strategy Planning"",""Travel Agents Incl Holiday Packages and Tours Services""]",,2026-04-08 19:12:39,2026-04-08 19:12:39
c56b0dea-ecbb-430a-9477-6c5d64a16697,c03a705a-035d-4c77-b40f-be223819793d,"[""Animation Solutions"",""Study Materials"",""Interactive Curriculum"",""Workbooks & Notes"",""E-Learning Modules"",""Assessment Tools"",""Certifications"",""Digital Content""]","[""Classroom Training"",""Online Classes"",""1-on-1 Mentorship"",""Doubt Clearing Sessions"",""Career Counseling"",""Skill Development"",""Seminars"",""Animation Services""]",,2026-04-08 19:12:39,2026-04-08 19:12:39
ff3800c1-e56f-4ed1-8d42-3336beae5608,402a2292-093a-4f1c-86b3-bc7f2d324883,"[""Ayurveda s Solutions"",""Health Supplements"",""Workout Gear"",""Diet & Nutrition Plans"",""Wellness Products"",""Fitness Equipment"",""Therapeutic Goods""]","[""Personal Training"",""Group Classes"",""Nutritional Counseling"",""Health Assessments"",""Membership Programs"",""Rehabilitation"",""Ayurveda s Services""]",,2026-04-08 19:12:39,2026-04-08 19:12:39
2a78424e-5de6-4900-a159-0328c68288a4,a0110ad0-5c90-43fb-b6b7-d4ee8cb693be,"[""Study Materials"",""Interactive Curriculum"",""Workbooks & Notes"",""E-Learning Modules"",""Assessment Tools"",""Certifications"",""Digital Content""]","[""Classroom Training"",""Online Classes"",""1-on-1 Mentorship"",""Doubt Clearing Sessions"",""Career Counseling"",""Skill Development"",""Seminars""]",,2026-04-08 19:12:39,2026-04-08 19:12:39
c493f1dc-5d40-4820-82f8-b9f5f6f37baa,ad20f59c-0352-44f6-ab87-7d80c556c51c,"[""Printing Companies Solutions"",""Flagship Products"",""Industry Specific Tools"",""Branded Offerings"",""Specialized Kits"",""Premium Goods""]","[""Dedicated Customer Support"",""Consultation Services"",""Professional Advisory"",""After-Sales Support"",""Strategy Planning"",""Printing Companies Services""]",,2026-04-08 19:12:39,2026-04-08 19:12:39
bfcc0342-d5a1-4727-a149-47c9d31ffcc4,681a8cfa-4c1a-49ec-bb30-14921a432df1,"[""Study Materials"",""Interactive Curriculum"",""Workbooks & Notes"",""E-Learning Modules"",""Assessment Tools"",""Certifications"",""Digital Content""]","[""Classroom Training"",""Online Classes"",""1-on-1 Mentorship"",""Doubt Clearing Sessions"",""Career Counseling"",""Skill Development"",""Seminars""]",,2026-04-08 19:12:39,2026-04-08 19:12:39
81a680bb-bd8a-44c2-9326-18d7202b7df7,3c73fdab-9275-4a49-baea-05ba0ce0cf7f,"[""Was indeed a gigantic task"",""Gems,Diamonds,Precious,Stones Solutions"",""Flagship Products"",""Industry Specific Tools"",""Branded Offerings"",""Specialized Kits"",""Premium Goods""]","[""Dedicated Customer Support"",""Consultation Services"",""Professional Advisory"",""After-Sales Support"",""Strategy Planning"",""Gems,Diamonds,Precious,Stones Services""]",,2026-04-08 19:12:39,2026-04-08 19:12:39
1a2b9aae-86d9-4dda-bf03-60c26f68bc42,89b67841-fa1c-4378-821a-c3bbf3a2e326,"[""Not Provided Solutions"",""Flagship Products"",""Industry Specific Tools"",""Branded Offerings"",""Specialized Kits"",""Premium Goods""]","[""Dedicated Customer Support"",""Consultation Services"",""Professional Advisory"",""After-Sales Support"",""Strategy Planning"",""Not Provided Services""]",,2026-04-08 19:12:39,2026-04-08 19:12:39
852d7839-e932-445f-a4a3-dbb5402a1837,bca12a6b-47b3-4bfc-ae13-097fc9dcf143,"[""Enabling growers to mechanise"",""Prosper"",""Others Solutions"",""Exclusive Merchandise"",""Branded Products"",""Seasonal Collections"",""Lifestyle Goods"",""Premium Accessories""]","[""In-store Shopping"",""Personalized Styling"",""Customer Assistance"",""Easy Returns & Exchange"",""Home Delivery"",""Others Services""]",,2026-04-08 19:12:39,2026-04-08 19:12:39
d410ffcd-d041-4bdc-84f4-93990e496827,2a05a41c-4416-456f-a9f6-c94f3ac5253a,"[""Flagship Products"",""Industry Specific Tools"",""Branded Offerings"",""Specialized Kits"",""Premium Goods""]","[""Dedicated Customer Support"",""Consultation Services"",""Professional Advisory"",""After-Sales Support"",""Strategy Planning""]",,2026-04-08 19:12:39,2026-04-08 19:12:39
ee9ef136-2133-49b2-ac56-0a0f0fcb8936,827cd566-9fd4-4265-bb11-e09e03977b51,"[""Study Materials"",""Interactive Curriculum"",""Workbooks & Notes"",""E-Learning Modules"",""Assessment Tools"",""Certifications"",""Digital Content""]","[""Classroom Training"",""Online Classes"",""1-on-1 Mentorship"",""Doubt Clearing Sessions"",""Career Counseling"",""Skill Development"",""Seminars""]",,2026-04-08 19:12:39,2026-04-08 19:12:39
6dcc1dea-a7dd-4dbd-b443-ccebe824685a,9c4f605c-9437-4845-83d0-19fd75814897,"[""Information systems"",""Robotics Technical Training Solutions"",""Study Materials"",""Interactive Curriculum"",""Workbooks & Notes"",""E-Learning Modules"",""Assessment Tools"",""Certifications""]","[""Classroom Training"",""Online Classes"",""1-on-1 Mentorship"",""Doubt Clearing Sessions"",""Career Counseling"",""Skill Development"",""Seminars"",""Robotics Technical Training Services""]",,2026-04-08 19:12:39,2026-04-08 19:12:39
a6f527b6-3031-42eb-9c28-f0019201f880,2f4a2c93-8028-43da-84a1-c2e568af6041,"[""Study Materials"",""Interactive Curriculum"",""Workbooks & Notes"",""E-Learning Modules"",""Assessment Tools"",""Certifications"",""Digital Content""]","[""Classroom Training"",""Online Classes"",""1-on-1 Mentorship"",""Doubt Clearing Sessions"",""Career Counseling"",""Skill Development"",""Seminars""]",,2026-04-08 19:12:39,2026-04-08 19:12:39
1fc353ba-4e7e-4cce-a689-32d304b78a6a,0a7c6185-8191-4f5f-8aa5-5b675574df90,"[""Overseas Education Solutions"",""Study Materials"",""Interactive Curriculum"",""Workbooks & Notes"",""E-Learning Modules"",""Assessment Tools"",""Certifications"",""Digital Content""]","[""Classroom Training"",""Online Classes"",""1-on-1 Mentorship"",""Doubt Clearing Sessions"",""Career Counseling"",""Skill Development"",""Seminars"",""Overseas Education Services""]",,2026-04-08 19:12:39,2026-04-08 19:12:39
da6117cf-e737-40a8-a0fd-4f4f967f7361,b490f502-1cd6-4b1e-b114-9a73412982ae,"[""IT,ITES, Software Related Solutions"",""Flagship Products"",""Industry Specific Tools"",""Branded Offerings"",""Specialized Kits"",""Premium Goods""]","[""Dedicated Customer Support"",""Consultation Services"",""Professional Advisory"",""After-Sales Support"",""Strategy Planning"",""IT,ITES, Software Related Services""]",,2026-04-08 19:12:39,2026-04-08 19:12:39
54f13a77-1023-40fd-8a10-54a9dba3c4dc,9ea78094-31c2-4334-8c66-29687df50951,"[""Hospitality"",""Tourism & Retail"",""Aviation and Hospitality Training Solutions"",""Study Materials"",""Interactive Curriculum"",""Workbooks & Notes"",""E-Learning Modules"",""Assessment Tools""]","[""Classroom Training"",""Online Classes"",""1-on-1 Mentorship"",""Doubt Clearing Sessions"",""Career Counseling"",""Skill Development"",""Seminars"",""Aviation and Hospitality Training Services""]",,2026-04-08 19:12:39,2026-04-08 19:12:39
355fc554-dc82-4b8f-98bb-a3c0c61ce11a,82fe6a24-acf8-4d38-9bcb-d88df758e7c0,"[""Automotive Industry Solutions"",""Flagship Products"",""Industry Specific Tools"",""Branded Offerings"",""Specialized Kits"",""Premium Goods""]","[""Dedicated Customer Support"",""Consultation Services"",""Professional Advisory"",""After-Sales Support"",""Strategy Planning"",""Automotive Industry Services""]",,2026-04-08 19:12:39,2026-04-08 19:12:39
5b6fabe0-dd59-45c0-ab64-0baaea4da5c4,c41848d2-dccc-4d67-904d-b5508a388758,"[""Two Wheeler Solutions"",""Genuine Spare Parts"",""Vehicle Accessories"",""Car Care Products"",""Engine Oils"",""Maintenance Kits""]","[""Servicing & Repair"",""Washing & Detailing"",""Roadside Assistance"",""Customization"",""Diagnostic Testing"",""Two Wheeler Services""]",,2026-04-08 19:12:39,2026-04-08 19:12:39
1fd260a9-1ba4-4849-bf75-e5046785175f,fc3d97c2-1474-4c17-9b6d-e8a71c52715b,"[""Aviation and Hospitality Training Solutions"",""Study Materials"",""Interactive Curriculum"",""Workbooks & Notes"",""E-Learning Modules"",""Assessment Tools"",""Certifications"",""Digital Content""]","[""Classroom Training"",""Online Classes"",""1-on-1 Mentorship"",""Doubt Clearing Sessions"",""Career Counseling"",""Skill Development"",""Seminars"",""Aviation and Hospitality Training Services""]",,2026-04-08 19:12:39,2026-04-08 19:12:39
1b47e8e6-4a16-4df5-a423-d72d9dd9cd95,d4531b51-87f4-4d4f-8392-3343a0b48db1,"[""Others Solutions"",""Flagship Products"",""Industry Specific Tools"",""Branded Offerings"",""Specialized Kits"",""Premium Goods""]","[""Dedicated Customer Support"",""Consultation Services"",""Professional Advisory"",""After-Sales Support"",""Strategy Planning"",""Others Services""]",,2026-04-08 19:12:39,2026-04-08 19:12:39
b6fdaf1b-354d-4976-8c01-3dd6d3d27bc6,ae26143d-8810-459c-90c8-3f9f4c64f945,"[""Social Media and Internet Marketing Solutions"",""Flagship Products"",""Industry Specific Tools"",""Branded Offerings"",""Specialized Kits"",""Premium Goods""]","[""Dedicated Customer Support"",""Consultation Services"",""Professional Advisory"",""After-Sales Support"",""Strategy Planning"",""Social Media and Internet Marketing Services""]",,2026-04-08 19:12:39,2026-04-08 19:12:39
5e3b9d70-f331-4b48-9bc4-d2c5e7063292,46e62930-5c95-4853-9903-cce9ebe1b086,"[""Access to high-demand markets"",""Ensuring scalability"",""Profitability"",""Long-term success"",""IT Services Incl ITES Solutions"",""Flagship Products"",""Industry Specific Tools"",""Branded Offerings""]","[""Dedicated Customer Support"",""Consultation Services"",""Professional Advisory"",""After-Sales Support"",""Strategy Planning"",""IT Services Incl ITES Services""]",,2026-04-08 19:12:39,2026-04-08 19:12:39
d9ee040f-1228-4aea-b73d-75a74f03f4fc,44657985-d233-4828-b347-bcbc81d62392,"[""Computer Software, Hardware, Networking, IT Solutions"",""Study Materials"",""Interactive Curriculum"",""Workbooks & Notes"",""E-Learning Modules"",""Assessment Tools"",""Certifications"",""Digital Content""]","[""Classroom Training"",""Online Classes"",""1-on-1 Mentorship"",""Doubt Clearing Sessions"",""Career Counseling"",""Skill Development"",""Seminars"",""Computer Software, Hardware, Networking, IT Services""]",,2026-04-08 19:12:39,2026-04-08 19:12:39
d6389eac-c2f3-4cce-8002-f13140699e37,7e0944cb-68b7-4cb3-9325-12c0470a05be,"[""Computer Software, Hardware, Networking, IT Solutions"",""Study Materials"",""Interactive Curriculum"",""Workbooks & Notes"",""E-Learning Modules"",""Assessment Tools"",""Certifications"",""Digital Content""]","[""Classroom Training"",""Online Classes"",""1-on-1 Mentorship"",""Doubt Clearing Sessions"",""Career Counseling"",""Skill Development"",""Seminars"",""Computer Software, Hardware, Networking, IT Services""]",,2026-04-08 19:12:39,2026-04-08 19:12:39
6415decc-18a7-42b5-bb0f-3fc0c988c696,cf7a0d77-d1b4-48b3-9cb6-7e8d7a33ccf9,"[""Footwear Solutions"",""Exclusive Merchandise"",""Branded Products"",""Seasonal Collections"",""Lifestyle Goods"",""Premium Accessories"",""Quality Inventory""]","[""In-store Shopping"",""Personalized Styling"",""Customer Assistance"",""Easy Returns & Exchange"",""Home Delivery"",""Footwear Services""]",,2026-04-08 19:12:39,2026-04-08 19:12:39
dfee8525-883f-4144-af2b-5a7f0fd694c1,12769daf-e295-4f17-af12-4c5f1bcc34a4,"[""100% Vegetarian  Incl Vegan Solutions"",""Signature Dishes"",""Premium Beverages"",""Quality Ingredients"",""Specialty Snacks"",""Custom Combos"",""Healthy Options"",""Desserts""]","[""Dine-in Experience"",""Takeaway"",""Home Delivery"",""Catering Services"",""Online Ordering"",""Quick Service"",""100% Vegetarian  Incl Vegan Services""]",,2026-04-08 19:12:39,2026-04-08 19:12:39
ebc6a9df-71b1-4cfa-a65c-277ebc3ac19a,a24db8b2-3197-4d8e-9a3e-88858a31b221,"[""Services in stock broking"",""Project consultancy"",""Market research"",""Turnkey projects"",""Loan syndication"",""Corporate advisory services"",""Others Solutions"",""Investment Portfolios""]","[""Dedicated Customer Support"",""Consultation Services"",""Professional Advisory"",""After-Sales Support"",""Strategy Planning"",""Others Services""]",,2026-04-08 19:12:39,2026-04-08 19:12:39
001892b7-e547-4d03-b461-70a3e5b7ee17,6995d391-ecc3-4863-8f4e-3021b83778a0,"[""Furniture Stores Solutions"",""Exclusive Merchandise"",""Branded Products"",""Seasonal Collections"",""Lifestyle Goods"",""Premium Accessories"",""Quality Inventory""]","[""In-store Shopping"",""Personalized Styling"",""Customer Assistance"",""Easy Returns & Exchange"",""Home Delivery"",""Furniture Stores Services""]",,2026-04-08 19:12:39,2026-04-08 19:12:39
1b91ef80-9f63-4d41-ac70-81a41115f8d4,dc17cb49-7061-4259-9d26-79e841cf298f,"[""Ethnic Stores Solutions"",""Exclusive Merchandise"",""Branded Products"",""Seasonal Collections"",""Lifestyle Goods"",""Premium Accessories"",""Quality Inventory""]","[""Dedicated Customer Support"",""Consultation Services"",""Professional Advisory"",""After-Sales Support"",""Strategy Planning"",""Ethnic Stores Services""]",,2026-04-08 19:12:39,2026-04-08 19:12:39
b24419c1-0891-4f68-a9b2-2d54ffd93e75,c08ff6d3-39e3-4146-b367-823ac380de1d,"[""Accessories Incl Frames,Watches,Belts,Purse Solutions"",""Exclusive Merchandise"",""Branded Products"",""Seasonal Collections"",""Lifestyle Goods"",""Premium Accessories"",""Quality Inventory""]","[""In-store Shopping"",""Personalized Styling"",""Customer Assistance"",""Easy Returns & Exchange"",""Home Delivery"",""Accessories Incl Frames,Watches,Belts,Purse Services""]",,2026-04-08 19:12:39,2026-04-08 19:12:39
41bbd405-d81e-4617-b681-c255b3da0533,aea32a29-bb76-4077-ad5b-9acd85fe3a88,"[""Printing Companies Solutions"",""Flagship Products"",""Industry Specific Tools"",""Branded Offerings"",""Specialized Kits"",""Premium Goods""]","[""Dedicated Customer Support"",""Consultation Services"",""Professional Advisory"",""After-Sales Support"",""Strategy Planning"",""Printing Companies Services""]",,2026-04-08 19:12:39,2026-04-08 19:12:39
1507f649-ffa6-4cb3-8224-25d5b0148552,45a8a2ad-2468-409d-b36a-7d70901facfe,"[""Beauty Salons Solutions"",""Premium Cosmetics"",""Hair Care Products"",""Skincare Solutions"",""Grooming Kits"",""Spa Essentials""]","[""Hair Styling & Color"",""Spa Therapies"",""Facial Treatments"",""Bridal Makeup"",""Consultations"",""Nail Art"",""Beauty Salons Services""]",,2026-04-08 19:12:39,2026-04-08 19:12:39
558f326f-b6e5-4d5d-a222-3d54a7c90dd8,e6415fa6-ceb1-4fa8-b83f-457ece90f78c,"[""Others Solutions"",""Flagship Products"",""Industry Specific Tools"",""Branded Offerings"",""Specialized Kits"",""Premium Goods""]","[""Dedicated Customer Support"",""Consultation Services"",""Professional Advisory"",""After-Sales Support"",""Strategy Planning"",""Others Services""]",,2026-04-08 19:12:39,2026-04-08 19:12:39
e7413acc-5a0e-45bd-b802-57820b1a95a5,3c6573cd-4fd2-4e5f-8d10-9b7632e343ed,"[""Others Solutions"",""Flagship Products"",""Industry Specific Tools"",""Branded Offerings"",""Specialized Kits"",""Premium Goods""]","[""Dedicated Customer Support"",""Consultation Services"",""Professional Advisory"",""After-Sales Support"",""Strategy Planning"",""Others Services""]",,2026-04-08 19:12:39,2026-04-08 19:12:39
6ae9c5b8-c14e-4c95-8955-00e394277654,7fb85e07-8097-4872-b448-a058e234426f,"[""IT,ITES, Software Related Solutions"",""Flagship Products"",""Industry Specific Tools"",""Branded Offerings"",""Specialized Kits"",""Premium Goods""]","[""Dedicated Customer Support"",""Consultation Services"",""Professional Advisory"",""After-Sales Support"",""Strategy Planning"",""IT,ITES, Software Related Services""]",,2026-04-08 19:12:39,2026-04-08 19:12:39
2ae8598a-2bc9-4a8a-8996-dbee5a896dbf,420a3a46-bfd0-4994-a4fd-9d611283ede3,"[""Staffing and Employment Agencies Solutions"",""Flagship Products"",""Industry Specific Tools"",""Branded Offerings"",""Specialized Kits"",""Premium Goods""]","[""Dedicated Customer Support"",""Consultation Services"",""Professional Advisory"",""After-Sales Support"",""Strategy Planning"",""Staffing and Employment Agencies Services""]",,2026-04-08 19:12:39,2026-04-08 19:12:39
35729435-c820-4843-a3da-6500ec212ef2,bf57cb9c-5284-4cf0-a08b-59bdd2ff93d2,"[""Others Solutions"",""Signature Dishes"",""Premium Beverages"",""Quality Ingredients"",""Specialty Snacks"",""Custom Combos"",""Healthy Options"",""Desserts""]","[""Dine-in Experience"",""Takeaway"",""Home Delivery"",""Catering Services"",""Online Ordering"",""Quick Service"",""Others Services""]",,2026-04-08 19:12:39,2026-04-08 19:12:39
fff508ee-b5fb-4f1e-bf4f-25ec344230d9,180ebb72-d210-459e-adbb-c3e8d3f2b8aa,"[""Others Solutions"",""Investment Portfolios"",""Insurance Policies"",""Loan Packages"",""Financial Planning Tools"",""Tax Software""]","[""Dedicated Customer Support"",""Consultation Services"",""Professional Advisory"",""After-Sales Support"",""Strategy Planning"",""Others Services""]",,2026-04-08 19:12:39,2026-04-08 19:12:39
e2b5636c-a2d6-4df9-8c8f-c128b557944c,2d2cf383-0e69-4ac7-a726-df6f0d9c464b,"[""Others Solutions"",""Signature Dishes"",""Premium Beverages"",""Quality Ingredients"",""Specialty Snacks"",""Custom Combos"",""Healthy Options"",""Desserts""]","[""Dine-in Experience"",""Takeaway"",""Home Delivery"",""Catering Services"",""Online Ordering"",""Quick Service"",""Others Services""]",,2026-04-08 19:12:39,2026-04-08 19:12:39
e7d0fdbb-089c-4ee6-b783-c86d85acb401,d3349661-d13b-4a99-a9e3-71cba1c812a9,"[""A profitable"",""High ROI"",""Signature Dishes"",""Premium Beverages"",""Quality Ingredients"",""Specialty Snacks"",""Custom Combos"",""Healthy Options""]","[""Dine-in Experience"",""Takeaway"",""Home Delivery"",""Catering Services"",""Online Ordering"",""Quick Service""]",,2026-04-08 19:12:39,2026-04-08 19:12:39
f018cc26-afbf-49a9-b922-4338c05ec358,ddca0128-cd0d-4332-8788-1de38da33510,"[""Fries"",""Others Solutions"",""Signature Dishes"",""Premium Beverages"",""Quality Ingredients"",""Specialty Snacks"",""Custom Combos"",""Healthy Options""]","[""Dine-in Experience"",""Takeaway"",""Home Delivery"",""Catering Services"",""Online Ordering"",""Quick Service"",""Others Services""]",,2026-04-08 19:12:39,2026-04-08 19:12:39
7fcf435b-484e-4eab-9101-5a435085c412,02a60b08-6ae0-4605-9a2d-22f812a4679e,"[""Electric Vehicle EV  Dealerships Solutions"",""Genuine Spare Parts"",""Vehicle Accessories"",""Car Care Products"",""Engine Oils"",""Maintenance Kits""]","[""Servicing & Repair"",""Washing & Detailing"",""Roadside Assistance"",""Customization"",""Diagnostic Testing"",""Electric Vehicle EV  Dealerships Services""]",,2026-04-08 19:12:39,2026-04-08 19:12:39
b04887ba-939f-4b9f-8618-14c1694f0c2f,ce60854c-60a2-4ae8-8cc8-3e988cd8c2df,"[""A chance at Tranquility"",""Spa, Massage Solutions"",""Premium Cosmetics"",""Hair Care Products"",""Skincare Solutions"",""Grooming Kits"",""Spa Essentials""]","[""Hair Styling & Color"",""Spa Therapies"",""Facial Treatments"",""Bridal Makeup"",""Consultations"",""Nail Art"",""Spa, Massage Services""]",,2026-04-08 19:12:39,2026-04-08 19:12:39
7844c3b0-4864-4d1b-9cd0-d672d5f4cf6f,3aae618c-c41a-4731-99c3-c3b4998b5a1b,"[""Good returns on investment"",""Ambitious growth plans"",""A reputed brand with goodwill"",""Constant brand support"",""Guidance"",""Others Solutions"",""Flagship Products"",""Industry Specific Tools""]","[""Dedicated Customer Support"",""Consultation Services"",""Professional Advisory"",""After-Sales Support"",""Strategy Planning"",""Others Services""]",,2026-04-08 19:12:39,2026-04-08 19:12:39
88a9a4e9-090c-446a-9c1d-0c2eb6fd497f,85426e64-56ce-491b-a6fd-741068326be4,"[""School  Opportunities Solutions"",""Study Materials"",""Interactive Curriculum"",""Workbooks & Notes"",""E-Learning Modules"",""Assessment Tools"",""Certifications"",""Digital Content""]","[""Classroom Training"",""Online Classes"",""1-on-1 Mentorship"",""Doubt Clearing Sessions"",""Career Counseling"",""Skill Development"",""Seminars"",""School  Opportunities Services""]",,2026-04-08 19:12:39,2026-04-08 19:12:39
8b7f90ea-3985-4c13-baf5-be7c0649192c,eaeb80da-6f49-44d3-b2c4-e06dd167e7c8,"[""Healthy bone"",""A strong digesting system"",""Removes skin problems too"",""Dealerships Solutions"",""Flagship Products"",""Industry Specific Tools"",""Branded Offerings"",""Specialized Kits""]","[""Dedicated Customer Support"",""Consultation Services"",""Professional Advisory"",""After-Sales Support"",""Strategy Planning"",""Dealerships Services""]",,2026-04-08 19:12:39,2026-04-08 19:12:39
e8980d60-618a-4c1e-b3df-5f83023af527,93a76473-ecf0-4699-9a9d-985bd8457c21,"[""Part Time  Opportunities Solutions"",""Flagship Products"",""Industry Specific Tools"",""Branded Offerings"",""Specialized Kits"",""Premium Goods""]","[""Dedicated Customer Support"",""Consultation Services"",""Professional Advisory"",""After-Sales Support"",""Strategy Planning"",""Part Time  Opportunities Services""]",,2026-04-08 19:12:39,2026-04-08 19:12:39
87bfee39-8f6c-451d-b4cc-4b21075cdd45,6aad3bad-d1dd-42dc-a500-4abfd92fda7f,"[""Herbal,Organic,Wellness,Alternative Medicine Solutions"",""Health Supplements"",""Workout Gear"",""Diet & Nutrition Plans"",""Wellness Products"",""Fitness Equipment"",""Therapeutic Goods""]","[""Personal Training"",""Group Classes"",""Nutritional Counseling"",""Health Assessments"",""Membership Programs"",""Rehabilitation"",""Herbal,Organic,Wellness,Alternative Medicine Services""]",,2026-04-08 19:12:39,2026-04-08 19:12:39
968206a4-517c-434c-b2f9-2ea04f5d9d9d,8da2878d-d832-471a-abe7-348845ebb003,"[""Cosmetics and Beauty Products Solutions"",""Premium Cosmetics"",""Hair Care Products"",""Skincare Solutions"",""Grooming Kits"",""Spa Essentials""]","[""Hair Styling & Color"",""Spa Therapies"",""Facial Treatments"",""Bridal Makeup"",""Consultations"",""Nail Art"",""Cosmetics and Beauty Products Services""]",,2026-04-08 19:12:39,2026-04-08 19:12:39
98fcb429-e25b-44aa-936a-f54ab5cc592e,e5c67f39-7556-4d9e-a573-22d48e8391e7,"[""Computer Software, Hardware, Networking, IT Solutions"",""Study Materials"",""Interactive Curriculum"",""Workbooks & Notes"",""E-Learning Modules"",""Assessment Tools"",""Certifications"",""Digital Content""]","[""Classroom Training"",""Online Classes"",""1-on-1 Mentorship"",""Doubt Clearing Sessions"",""Career Counseling"",""Skill Development"",""Seminars"",""Computer Software, Hardware, Networking, IT Services""]",,2026-04-08 19:12:39,2026-04-08 19:12:39
7b39b7b0-6e0f-4867-87f7-802d87cc1cb5,59c00e5d-601f-4f76-9d42-bd6958ca34d7,"[""Business Listings"",""Internet Digital Marketing Solutions"",""Flagship Products"",""Industry Specific Tools"",""Branded Offerings"",""Specialized Kits"",""Premium Goods""]","[""Dedicated Customer Support"",""Consultation Services"",""Professional Advisory"",""After-Sales Support"",""Strategy Planning"",""Internet Digital Marketing Services""]",,2026-04-08 19:12:39,2026-04-08 19:12:39
f9c3e8d6-5d7f-4542-ae21-e6ba012e9697,d49f705c-df87-4852-80b3-e78e1b1d2e01,"[""Others Solutions"",""Flagship Products"",""Industry Specific Tools"",""Branded Offerings"",""Specialized Kits"",""Premium Goods""]","[""Dedicated Customer Support"",""Consultation Services"",""Professional Advisory"",""After-Sales Support"",""Strategy Planning"",""Others Services""]",,2026-04-08 19:12:39,2026-04-08 19:12:39
fb0f9a50-3db5-4870-bf17-92c5e0a1b747,0a456384-13fd-4cca-9798-20fb032eb87f,"[""Travel Agents Incl Holiday Packages and Tours Solutions"",""Flagship Products"",""Industry Specific Tools"",""Branded Offerings"",""Specialized Kits"",""Premium Goods""]","[""Dedicated Customer Support"",""Consultation Services"",""Professional Advisory"",""After-Sales Support"",""Strategy Planning"",""Travel Agents Incl Holiday Packages and Tours Services""]",,2026-04-08 19:12:39,2026-04-08 19:12:39
7507827b-43ba-43dc-b11a-fdf59f9b438c,e20834c9-e741-419f-96cd-6ac80ffcc83a,"[""Pharmacy Solutions"",""Health Supplements"",""Workout Gear"",""Diet & Nutrition Plans"",""Wellness Products"",""Fitness Equipment"",""Therapeutic Goods""]","[""Personal Training"",""Group Classes"",""Nutritional Counseling"",""Health Assessments"",""Membership Programs"",""Rehabilitation"",""Pharmacy Services""]",,2026-04-08 19:12:39,2026-04-08 19:12:39
a6e71f6b-7f0d-4984-b765-bf491eacc45e,de07bbb2-42af-4110-951f-b4ac55f5ae5f,"[""Marketing strategies"",""Flexibility"",""Others Solutions"",""Flagship Products"",""Industry Specific Tools"",""Branded Offerings"",""Specialized Kits"",""Premium Goods""]","[""Dedicated Customer Support"",""Consultation Services"",""Professional Advisory"",""After-Sales Support"",""Strategy Planning"",""Others Services""]",,2026-04-08 19:12:39,2026-04-08 19:12:39
fc816b7c-3643-45b8-a5e5-3c8b2e2b883d,57a22f6d-c6a6-4bcd-a6c1-308721c82f98,"[""Profitability"",""Study Materials"",""Interactive Curriculum"",""Workbooks & Notes"",""E-Learning Modules"",""Assessment Tools"",""Certifications"",""Digital Content""]","[""Classroom Training"",""Online Classes"",""1-on-1 Mentorship"",""Doubt Clearing Sessions"",""Career Counseling"",""Skill Development"",""Seminars""]",,2026-04-08 19:12:39,2026-04-08 19:12:39
d1d161a4-5ed5-4444-b182-4db43bde297e,0378f21c-1c97-43b5-ad16-b62df158316d,"[""A friendly"",""Comfortable"",""Become leaders"",""Play School Solutions"",""Study Materials"",""Interactive Curriculum"",""Workbooks & Notes"",""E-Learning Modules""]","[""Classroom Training"",""Online Classes"",""1-on-1 Mentorship"",""Doubt Clearing Sessions"",""Career Counseling"",""Skill Development"",""Seminars"",""Play School Services""]",,2026-04-08 19:12:39,2026-04-08 19:12:39
a0228323-2a7e-441a-9602-8401487bc9dd,b807484b-a02f-43bf-aa91-b5af589b212b,"[""Furniture and Wood Related Solutions"",""Flagship Products"",""Industry Specific Tools"",""Branded Offerings"",""Specialized Kits"",""Premium Goods""]","[""Dedicated Customer Support"",""Consultation Services"",""Professional Advisory"",""After-Sales Support"",""Strategy Planning"",""Furniture and Wood Related Services""]",,2026-04-08 19:12:39,2026-04-08 19:12:39
5029b5fc-aec1-424c-90f9-f035795cf80d,e7aeefcf-b980-4005-8e7f-2d250f192bb0,"[""Hair Clinics Solutions"",""Health Supplements"",""Workout Gear"",""Diet & Nutrition Plans"",""Wellness Products"",""Fitness Equipment"",""Therapeutic Goods""]","[""Personal Training"",""Group Classes"",""Nutritional Counseling"",""Health Assessments"",""Membership Programs"",""Rehabilitation"",""Hair Clinics Services""]",,2026-04-08 19:12:39,2026-04-08 19:12:39
f417e541-4748-4003-9a73-349db8c30812,ff185750-5c38-4ff9-a8bc-5301818b2998,"[""Advisory Services"",""Debt Market"",""Others Solutions"",""Investment Portfolios"",""Insurance Policies"",""Loan Packages"",""Financial Planning Tools"",""Tax Software""]","[""Dedicated Customer Support"",""Consultation Services"",""Professional Advisory"",""After-Sales Support"",""Strategy Planning"",""Others Services""]",,2026-04-08 19:12:39,2026-04-08 19:12:39
c1be0d87-fa23-4c54-8e39-03253bd7275c,f9755e48-a37b-48e7-8883-1530901c6a04,"[""Maths, Abacus Solutions"",""Study Materials"",""Interactive Curriculum"",""Workbooks & Notes"",""E-Learning Modules"",""Assessment Tools"",""Certifications"",""Digital Content""]","[""Classroom Training"",""Online Classes"",""1-on-1 Mentorship"",""Doubt Clearing Sessions"",""Career Counseling"",""Skill Development"",""Seminars"",""Maths, Abacus Services""]",,2026-04-08 19:12:39,2026-04-08 19:12:39
281e0777-1c1b-42db-aeb1-658eefd1199e,48b855e5-a720-45f5-a28d-916f4546153a,"[""Needs"",""Interests of the children"",""That build their confidence"",""Useful"",""Physical"",""Emotional"",""Language"",""Social development""]","[""Classroom Training"",""Online Classes"",""1-on-1 Mentorship"",""Doubt Clearing Sessions"",""Career Counseling"",""Skill Development"",""Seminars"",""Play School Services""]",,2026-04-08 19:12:39,2026-04-08 19:12:39
a4e0c96f-5073-4ab0-b2db-56dc0772a937,85e72f15-376e-4c87-9323-a426a37415c2,"[""Pharmacy Solutions"",""Health Supplements"",""Workout Gear"",""Diet & Nutrition Plans"",""Wellness Products"",""Fitness Equipment"",""Therapeutic Goods""]","[""Personal Training"",""Group Classes"",""Nutritional Counseling"",""Health Assessments"",""Membership Programs"",""Rehabilitation"",""Pharmacy Services""]",,2026-04-08 19:12:39,2026-04-08 19:12:39
1a8708b7-7e1b-4975-a3de-f41bbf07408e,2ff2a4e4-42d6-468c-bcb7-ad85b9fef196,"[""Short term summer"",""Winter camps as well"",""Play School Solutions"",""Study Materials"",""Interactive Curriculum"",""Workbooks & Notes"",""E-Learning Modules"",""Assessment Tools""]","[""Classroom Training"",""Online Classes"",""1-on-1 Mentorship"",""Doubt Clearing Sessions"",""Career Counseling"",""Skill Development"",""Seminars"",""Play School Services""]",,2026-04-08 19:12:39,2026-04-08 19:12:39
bc83e54f-2f22-4f12-987f-14e61721fca4,32967e49-ea36-4330-be71-c13b3a04f7b4,"[""Study Materials"",""Interactive Curriculum"",""Workbooks & Notes"",""E-Learning Modules"",""Assessment Tools"",""Certifications"",""Digital Content""]","[""Classroom Training"",""Online Classes"",""1-on-1 Mentorship"",""Doubt Clearing Sessions"",""Career Counseling"",""Skill Development"",""Seminars""]",,2026-04-08 19:12:39,2026-04-08 19:12:39
9067194a-33c2-45aa-80c1-cfc0aa3efa38,7f400865-b848-474a-9125-f44cdb2e4c8d,"[""Computer Software, Hardware, Networking, IT Solutions"",""Study Materials"",""Interactive Curriculum"",""Workbooks & Notes"",""E-Learning Modules"",""Assessment Tools"",""Certifications"",""Digital Content""]","[""Classroom Training"",""Online Classes"",""1-on-1 Mentorship"",""Doubt Clearing Sessions"",""Career Counseling"",""Skill Development"",""Seminars"",""Computer Software, Hardware, Networking, IT Services""]",,2026-04-08 19:12:39,2026-04-08 19:12:39
f609df24-23e5-43b4-9772-5c49bd1f8a79,edb9a3c6-8809-47ac-8878-ecaa4d18ee11,"[""Clinics, Nursing Homes, Speciality Centres Solutions"",""Health Supplements"",""Workout Gear"",""Diet & Nutrition Plans"",""Wellness Products"",""Fitness Equipment"",""Therapeutic Goods""]","[""Personal Training"",""Group Classes"",""Nutritional Counseling"",""Health Assessments"",""Membership Programs"",""Rehabilitation"",""Clinics, Nursing Homes, Speciality Centres Services""]",,2026-04-08 19:12:39,2026-04-08 19:12:39
d92cf8e4-3824-4c9e-b649-79a8b59b2c7e,516d5682-4886-44b9-ba4f-090865d0c2ec,"[""Mens Wear Solutions"",""Exclusive Merchandise"",""Branded Products"",""Seasonal Collections"",""Lifestyle Goods"",""Premium Accessories"",""Quality Inventory""]","[""Dedicated Customer Support"",""Consultation Services"",""Professional Advisory"",""After-Sales Support"",""Strategy Planning"",""Mens Wear Services""]",,2026-04-08 19:12:39,2026-04-08 19:12:39
b448524b-1acf-43da-94ea-4af6c7b93924,8afb65fb-723d-46e4-a473-fbc96d2e0ce4,"[""A wide"",""Assorted range of Jalabiyas"",""Kurtis"",""Ethnic Stores Solutions"",""Exclusive Merchandise"",""Branded Products"",""Seasonal Collections"",""Lifestyle Goods""]","[""Dedicated Customer Support"",""Consultation Services"",""Professional Advisory"",""After-Sales Support"",""Strategy Planning"",""Ethnic Stores Services""]",,2026-04-08 19:12:39,2026-04-08 19:12:39
c076b9e1-3151-4b91-8e78-9fa2952b3c21,b93b1c83-37a5-4c73-a858-9f07baf5b45c,"[""Burger Solutions"",""Signature Dishes"",""Premium Beverages"",""Quality Ingredients"",""Specialty Snacks"",""Custom Combos"",""Healthy Options"",""Desserts""]","[""Dine-in Experience"",""Takeaway"",""Home Delivery"",""Catering Services"",""Online Ordering"",""Quick Service"",""Burger Services""]",,2026-04-08 19:12:39,2026-04-08 19:12:39
7fd0e664-ca30-4559-9fb5-371b36eaf645,6611cd70-02d8-474e-878e-d4041600d751,"[""Others Solutions"",""Exclusive Merchandise"",""Branded Products"",""Seasonal Collections"",""Lifestyle Goods"",""Premium Accessories"",""Quality Inventory""]","[""In-store Shopping"",""Personalized Styling"",""Customer Assistance"",""Easy Returns & Exchange"",""Home Delivery"",""Others Services""]",,2026-04-08 19:12:39,2026-04-08 19:12:39
73b4ab1f-f6da-4fff-a198-3cb763b01f55,90d91bdd-79c4-4ea3-a405-c3ffc3022483,"[""Retailers"",""Students"",""House-wives"",""Professionals"",""Others Solutions"",""Flagship Products"",""Industry Specific Tools"",""Branded Offerings""]","[""Dedicated Customer Support"",""Consultation Services"",""Professional Advisory"",""After-Sales Support"",""Strategy Planning"",""Others Services""]",,2026-04-08 19:12:39,2026-04-08 19:12:39
9327ef65-0368-4195-b45d-51253ab8c008,310bccc0-5fb9-4201-980f-8b86e3080cdf,"[""Others Solutions"",""Health Supplements"",""Workout Gear"",""Diet & Nutrition Plans"",""Wellness Products"",""Fitness Equipment"",""Therapeutic Goods""]","[""Personal Training"",""Group Classes"",""Nutritional Counseling"",""Health Assessments"",""Membership Programs"",""Rehabilitation"",""Others Services""]",,2026-04-08 19:12:39,2026-04-08 19:12:39
e44bc1da-c2ac-478b-9aa2-8a0e05189c53,8191b650-cc7a-4f71-ae23-d6a5c0c98f17,"[""Marketing Companies Solutions"",""Flagship Products"",""Industry Specific Tools"",""Branded Offerings"",""Specialized Kits"",""Premium Goods""]","[""Dedicated Customer Support"",""Consultation Services"",""Professional Advisory"",""After-Sales Support"",""Strategy Planning"",""Marketing Companies Services""]",,2026-04-08 19:12:39,2026-04-08 19:12:39
4cdb966f-50c8-42df-b653-095b38f76c87,5a9e321a-7dd8-4269-b420-6a038a9a9f01,"[""Confidence building"",""Effective communication"",""Positive attitude development"",""Grooming"",""Refined dressing sense"",""Public speaking"",""English and Other Languages Solutions"",""Study Materials""]","[""Classroom Training"",""Online Classes"",""1-on-1 Mentorship"",""Doubt Clearing Sessions"",""Career Counseling"",""Skill Development"",""Seminars"",""English and Other Languages Services""]",,2026-04-08 19:12:39,2026-04-08 19:12:39
72e7c6c6-594e-45fd-b97f-d6feee4a820b,e71b1cca-2eb9-446d-b6ab-4fa2b8f859b9,"[""Sandwiches, Subs, VadaPao and Hotdog Solutions"",""Signature Dishes"",""Premium Beverages"",""Quality Ingredients"",""Specialty Snacks"",""Custom Combos"",""Healthy Options"",""Desserts""]","[""Dine-in Experience"",""Takeaway"",""Home Delivery"",""Catering Services"",""Online Ordering"",""Quick Service"",""Sandwiches, Subs, VadaPao and Hotdog Services""]",,2026-04-08 19:12:39,2026-04-08 19:12:39
8ef57e04-df8e-41f5-88e3-a2644c876b54,afbeb041-f341-4681-ae78-b66086c5c4a1,"[""Advance Diploma courses"",""Graduate courses"",""Master Courses"",""Post Graduate Courses"",""Doctoral Courses in India"",""All over the world"",""Distance Learning Solutions"",""Study Materials""]","[""Classroom Training"",""Online Classes"",""1-on-1 Mentorship"",""Doubt Clearing Sessions"",""Career Counseling"",""Skill Development"",""Seminars"",""Distance Learning Services""]",,2026-04-08 19:12:39,2026-04-08 19:12:39
e6f8002d-b574-4305-986d-1c4ed236ccf1,c03be570-2a6b-434e-953b-febf86ff9595,"[""Chinese Food Solutions"",""Signature Dishes"",""Premium Beverages"",""Quality Ingredients"",""Specialty Snacks"",""Custom Combos"",""Healthy Options"",""Desserts""]","[""Dine-in Experience"",""Takeaway"",""Home Delivery"",""Catering Services"",""Online Ordering"",""Quick Service"",""Chinese Food Services""]",,2026-04-08 19:12:39,2026-04-08 19:12:39
4d2b96b5-536d-4671-803a-3bb7c1024854,10ab899b-eb21-46af-b676-537c2f624d1b,"[""Others Solutions"",""Signature Dishes"",""Premium Beverages"",""Quality Ingredients"",""Specialty Snacks"",""Custom Combos"",""Healthy Options"",""Desserts""]","[""Dine-in Experience"",""Takeaway"",""Home Delivery"",""Catering Services"",""Online Ordering"",""Quick Service"",""Others Services""]",,2026-04-08 19:12:39,2026-04-08 19:12:39
47984d62-7fb4-4bbc-b193-a1e8e1fae059,340e5952-38cb-495a-8feb-a2afc79aecd6,"[""Advertisement And Media Related Solutions"",""Flagship Products"",""Industry Specific Tools"",""Branded Offerings"",""Specialized Kits"",""Premium Goods""]","[""Dedicated Customer Support"",""Consultation Services"",""Professional Advisory"",""After-Sales Support"",""Strategy Planning"",""Advertisement And Media Related Services""]",,2026-04-08 19:12:39,2026-04-08 19:12:39
a737e01d-cabb-44c5-8226-67616e224596,3198b4d7-f72a-47d1-801b-dd2f92629705,"[""Burger Solutions"",""Signature Dishes"",""Premium Beverages"",""Quality Ingredients"",""Specialty Snacks"",""Custom Combos"",""Healthy Options"",""Desserts""]","[""Dine-in Experience"",""Takeaway"",""Home Delivery"",""Catering Services"",""Online Ordering"",""Quick Service"",""Burger Services""]",,2026-04-08 19:12:39,2026-04-08 19:12:39
809501c3-c1d9-4bb5-8de4-f8060a5512ba,e1bc1eb4-41bb-47fc-8fda-a25b51f3501e,"[""Others Solutions"",""Investment Portfolios"",""Insurance Policies"",""Loan Packages"",""Financial Planning Tools"",""Tax Software""]","[""Dedicated Customer Support"",""Consultation Services"",""Professional Advisory"",""After-Sales Support"",""Strategy Planning"",""Others Services""]",,2026-04-08 19:12:39,2026-04-08 19:12:39
59f6de44-c527-4918-abfb-7b995e22a1d8,b7b029d8-b555-4726-8953-a0ad422871fb,"[""Ayurveda s Solutions"",""Health Supplements"",""Workout Gear"",""Diet & Nutrition Plans"",""Wellness Products"",""Fitness Equipment"",""Therapeutic Goods""]","[""Personal Training"",""Group Classes"",""Nutritional Counseling"",""Health Assessments"",""Membership Programs"",""Rehabilitation"",""Ayurveda s Services""]",,2026-04-08 19:12:39,2026-04-08 19:12:39
81d9d83d-de92-4e8d-b902-b84edec11357,b66e92d7-65cb-4795-baa8-3c889cdaa688,"[""Coffee and Tea Cafe Solutions"",""Flagship Products"",""Industry Specific Tools"",""Branded Offerings"",""Specialized Kits"",""Premium Goods""]","[""Dedicated Customer Support"",""Consultation Services"",""Professional Advisory"",""After-Sales Support"",""Strategy Planning"",""Coffee and Tea Cafe Services""]",,2026-04-08 19:12:39,2026-04-08 19:12:39
36d04cae-0f05-4131-a5ea-2c63e471f819,0c4d7978-5e80-43fc-af78-c95ccd4db1ca,"[""Snacks"",""Pulses"",""Spices"",""Convenience Store s Solutions"",""Exclusive Merchandise"",""Branded Products"",""Seasonal Collections"",""Lifestyle Goods""]","[""In-store Shopping"",""Personalized Styling"",""Customer Assistance"",""Easy Returns & Exchange"",""Home Delivery"",""Convenience Store s Services""]",,2026-04-08 19:12:39,2026-04-08 19:12:39
1c4adae6-e1c5-4a44-80e7-943d051239c5,6b34fe74-dd14-4bd0-a204-ff457a1c9dff,"[""Health Care Products Solutions"",""Health Supplements"",""Workout Gear"",""Diet & Nutrition Plans"",""Wellness Products"",""Fitness Equipment"",""Therapeutic Goods""]","[""Personal Training"",""Group Classes"",""Nutritional Counseling"",""Health Assessments"",""Membership Programs"",""Rehabilitation"",""Health Care Products Services""]",,2026-04-08 19:12:39,2026-04-08 19:12:39
64b52180-0291-4448-a422-caa6178f5e5d,83bb192d-616b-403b-bc6c-8a288177e51a,"[""Animation Solutions"",""Study Materials"",""Interactive Curriculum"",""Workbooks & Notes"",""E-Learning Modules"",""Assessment Tools"",""Certifications"",""Digital Content""]","[""Classroom Training"",""Online Classes"",""1-on-1 Mentorship"",""Doubt Clearing Sessions"",""Career Counseling"",""Skill Development"",""Seminars"",""Animation Services""]",,2026-04-08 19:12:39,2026-04-08 19:12:39
b4329840-a2e9-427c-9997-e780f9766219,57301679-b8ca-4b40-b1e7-19b2ad58e86d,"[""A breadth of financial"",""Investment banking"",""Corporate advisory"",""Commodities"",""Mutual funds"",""Insurance"",""Others Solutions"",""Investment Portfolios""]","[""Dedicated Customer Support"",""Consultation Services"",""Professional Advisory"",""After-Sales Support"",""Strategy Planning"",""Others Services""]",,2026-04-08 19:12:39,2026-04-08 19:12:39
f3b1f85c-6ab5-4325-af3d-ae3edf3601b3,50ce8d4c-69bf-4da8-b1f5-37581773f541,"[""Multi Cuisine Restaurant Solutions"",""Signature Dishes"",""Premium Beverages"",""Quality Ingredients"",""Specialty Snacks"",""Custom Combos"",""Healthy Options"",""Desserts""]","[""Dine-in Experience"",""Takeaway"",""Home Delivery"",""Catering Services"",""Online Ordering"",""Quick Service"",""Multi Cuisine Restaurant Services""]",,2026-04-08 19:12:39,2026-04-08 19:12:39
4cfcdc5d-5d33-4c74-ba57-636d584de25f,68fffadb-c144-4da7-b2f5-5e5705e8a736,"[""Tie, Scarves and Other Accessories Solutions"",""Exclusive Merchandise"",""Branded Products"",""Seasonal Collections"",""Lifestyle Goods"",""Premium Accessories"",""Quality Inventory""]","[""Dedicated Customer Support"",""Consultation Services"",""Professional Advisory"",""After-Sales Support"",""Strategy Planning"",""Tie, Scarves and Other Accessories Services""]",,2026-04-08 19:12:39,2026-04-08 19:12:39
3e7d770e-a5ae-4838-bf93-29e911b56d8c,8fb9f63a-6d0c-4bfa-8044-5056fad83bef,"[""Study Materials"",""Interactive Curriculum"",""Workbooks & Notes"",""E-Learning Modules"",""Assessment Tools"",""Certifications"",""Digital Content""]","[""Classroom Training"",""Online Classes"",""1-on-1 Mentorship"",""Doubt Clearing Sessions"",""Career Counseling"",""Skill Development"",""Seminars""]",,2026-04-08 19:12:39,2026-04-08 19:12:39
6edff275-5b2c-4f96-ab9f-9ec539fd4c2b,8a818cfb-aedd-4c92-b96c-2dee6139dc7d,"[""Energy Services Incl Solar s Solutions"",""Flagship Products"",""Industry Specific Tools"",""Branded Offerings"",""Specialized Kits"",""Premium Goods""]","[""Dedicated Customer Support"",""Consultation Services"",""Professional Advisory"",""After-Sales Support"",""Strategy Planning"",""Energy Services Incl Solar s Services""]",,2026-04-08 19:12:39,2026-04-08 19:12:39
5d84f1a8-165d-41b4-9b65-bebfed85b2bd,ded2cb3a-9f18-4102-bff0-d3872f5de5f5,"[""Beauty Salons Solutions"",""Premium Cosmetics"",""Hair Care Products"",""Skincare Solutions"",""Grooming Kits"",""Spa Essentials""]","[""Hair Styling & Color"",""Spa Therapies"",""Facial Treatments"",""Bridal Makeup"",""Consultations"",""Nail Art"",""Beauty Salons Services""]",,2026-04-08 19:12:39,2026-04-08 19:12:39
c299c353-5c86-436f-b5e9-8ef947e63616,731b407c-3cfe-44c3-a63e-002ead4ecd18,"[""Kids Salon Solutions"",""Premium Cosmetics"",""Hair Care Products"",""Skincare Solutions"",""Grooming Kits"",""Spa Essentials""]","[""Hair Styling & Color"",""Spa Therapies"",""Facial Treatments"",""Bridal Makeup"",""Consultations"",""Nail Art"",""Kids Salon Services""]",,2026-04-08 19:12:39,2026-04-08 19:12:39
47337a14-37c8-43c1-9c3a-4dedda45c36a,e34c45d5-9602-47d1-a2d3-bcf7b6c86019,"[""Dealerships Solutions"",""Flagship Products"",""Industry Specific Tools"",""Branded Offerings"",""Specialized Kits"",""Premium Goods""]","[""Dedicated Customer Support"",""Consultation Services"",""Professional Advisory"",""After-Sales Support"",""Strategy Planning"",""Dealerships Services""]",,2026-04-08 19:12:39,2026-04-08 19:12:39
4e137eba-b291-4f6c-885c-3cf0064aad62,0a8bf278-9103-4330-8293-877e82fc176f,"[""Consulting Services Solutions"",""Flagship Products"",""Industry Specific Tools"",""Branded Offerings"",""Specialized Kits"",""Premium Goods""]","[""Dedicated Customer Support"",""Consultation Services"",""Professional Advisory"",""After-Sales Support"",""Strategy Planning"",""Consulting Services Services""]",,2026-04-08 19:12:39,2026-04-08 19:12:39
f22ac02a-0311-4325-89b9-1313c1f573d6,9864c045-7b29-4e45-9969-c6818e40384a,"[""Training in 2D"",""3D animation"",""Animation Solutions"",""Study Materials"",""Interactive Curriculum"",""Workbooks & Notes"",""E-Learning Modules"",""Assessment Tools""]","[""Classroom Training"",""Online Classes"",""1-on-1 Mentorship"",""Doubt Clearing Sessions"",""Career Counseling"",""Skill Development"",""Seminars"",""Animation Services""]",,2026-04-08 19:12:39,2026-04-08 19:12:39
1cc669e2-ffdd-45cf-97ee-53980b05b98b,b8ff148a-6d6e-43c9-8285-8285f7c806a2,"[""Computer Software, Hardware, Networking, IT Solutions"",""Study Materials"",""Interactive Curriculum"",""Workbooks & Notes"",""E-Learning Modules"",""Assessment Tools"",""Certifications"",""Digital Content""]","[""Classroom Training"",""Online Classes"",""1-on-1 Mentorship"",""Doubt Clearing Sessions"",""Career Counseling"",""Skill Development"",""Seminars"",""Computer Software, Hardware, Networking, IT Services""]",,2026-04-08 19:12:39,2026-04-08 19:12:39
4c73e2a5-4e86-491c-a535-f3345c80d6b0,434a501e-e78b-48f1-829c-fc47eecf8a47,"[""Animation Solutions"",""Study Materials"",""Interactive Curriculum"",""Workbooks & Notes"",""E-Learning Modules"",""Assessment Tools"",""Certifications"",""Digital Content""]","[""Classroom Training"",""Online Classes"",""1-on-1 Mentorship"",""Doubt Clearing Sessions"",""Career Counseling"",""Skill Development"",""Seminars"",""Animation Services""]",,2026-04-08 19:12:39,2026-04-08 19:12:39
4d0257a4-0da7-46d2-a3be-5bfeeba3e7d2,6b8a898d-8b0a-4976-8573-80ec147600e9,"[""Process capabilities"",""Industry imperatives"",""Others Solutions"",""Flagship Products"",""Industry Specific Tools"",""Branded Offerings"",""Specialized Kits"",""Premium Goods""]","[""Dedicated Customer Support"",""Consultation Services"",""Professional Advisory"",""After-Sales Support"",""Strategy Planning"",""Others Services""]",,2026-04-08 19:12:39,2026-04-08 19:12:39
92319e66-ce3c-4244-84f9-f94cbefb38c6,221a1912-c124-4805-b007-9dc0a229bb71,"[""Coffee and Tea Cafe Solutions"",""Flagship Products"",""Industry Specific Tools"",""Branded Offerings"",""Specialized Kits"",""Premium Goods""]","[""Dedicated Customer Support"",""Consultation Services"",""Professional Advisory"",""After-Sales Support"",""Strategy Planning"",""Coffee and Tea Cafe Services""]",,2026-04-08 19:12:39,2026-04-08 19:12:39
10561278-1ce1-4f81-a80b-3a275f3a8886,c907ac8e-b198-41e0-8c4a-1c973dcdc6d2,"[""English and Other Languages Solutions"",""Study Materials"",""Interactive Curriculum"",""Workbooks & Notes"",""E-Learning Modules"",""Assessment Tools"",""Certifications"",""Digital Content""]","[""Classroom Training"",""Online Classes"",""1-on-1 Mentorship"",""Doubt Clearing Sessions"",""Career Counseling"",""Skill Development"",""Seminars"",""English and Other Languages Services""]",,2026-04-08 19:12:39,2026-04-08 19:12:39
b577fbdb-380b-4314-aa9c-e01e33196930,170bdc18-09db-4852-bd4e-70efc54bf9c9,"[""Beauty Salons Solutions"",""Premium Cosmetics"",""Hair Care Products"",""Skincare Solutions"",""Grooming Kits"",""Spa Essentials""]","[""Hair Styling & Color"",""Spa Therapies"",""Facial Treatments"",""Bridal Makeup"",""Consultations"",""Nail Art"",""Beauty Salons Services""]",,2026-04-08 19:12:39,2026-04-08 19:12:39
ef0f5768-09e8-477a-83f6-2b6324cf1790,4aac140d-d1e6-4803-9077-6ca81e8bc5b0,"[""IT,ITES, Software Related Solutions"",""Flagship Products"",""Industry Specific Tools"",""Branded Offerings"",""Specialized Kits"",""Premium Goods""]","[""Dedicated Customer Support"",""Consultation Services"",""Professional Advisory"",""After-Sales Support"",""Strategy Planning"",""IT,ITES, Software Related Services""]",,2026-04-08 19:12:39,2026-04-08 19:12:39
f8df83ed-e6f4-48f0-9468-168e06c57242,3f16105d-4043-4379-95fe-ee86e88bc3a6,"[""Women Wear Solutions"",""Exclusive Merchandise"",""Branded Products"",""Seasonal Collections"",""Lifestyle Goods"",""Premium Accessories"",""Quality Inventory""]","[""Dedicated Customer Support"",""Consultation Services"",""Professional Advisory"",""After-Sales Support"",""Strategy Planning"",""Women Wear Services""]",,2026-04-08 19:12:39,2026-04-08 19:12:39
253f4a9e-2f56-4516-8534-41a6d073b6c5,2a259fbe-693d-4f73-906c-43f3fbb4ba75,"[""Lingerie and Inner wear Solutions"",""Exclusive Merchandise"",""Branded Products"",""Seasonal Collections"",""Lifestyle Goods"",""Premium Accessories"",""Quality Inventory""]","[""Dedicated Customer Support"",""Consultation Services"",""Professional Advisory"",""After-Sales Support"",""Strategy Planning"",""Lingerie and Inner wear Services""]",,2026-04-08 19:12:39,2026-04-08 19:12:39
2ee6c1ce-2822-46ce-bf3d-866ffdae371f,4952b811-04be-4765-8b35-6a41e6d5c682,"[""Others Solutions"",""Health Supplements"",""Workout Gear"",""Diet & Nutrition Plans"",""Wellness Products"",""Fitness Equipment"",""Therapeutic Goods""]","[""Personal Training"",""Group Classes"",""Nutritional Counseling"",""Health Assessments"",""Membership Programs"",""Rehabilitation"",""Others Services""]",,2026-04-08 19:12:39,2026-04-08 19:12:39
7756ea69-2c78-4c37-9027-e469a2767396,7dac77dd-aec7-4dea-9eee-f6cf4d67d3e3,"[""Bacteria"",""Mold"",""Fungus growth"",""Pest Control Incl Hygiene Services Solutions"",""Flagship Products"",""Industry Specific Tools"",""Branded Offerings"",""Specialized Kits""]","[""Dedicated Customer Support"",""Consultation Services"",""Professional Advisory"",""After-Sales Support"",""Strategy Planning"",""Pest Control Incl Hygiene Services Services""]",,2026-04-08 19:12:39,2026-04-08 19:12:39
2ff51ac5-58e2-495e-8d0e-97f6ec64cce4,b81515a7-2ce4-49d0-83e2-69737a92dabe,"[""IT,ITES, Software Related Solutions"",""Flagship Products"",""Industry Specific Tools"",""Branded Offerings"",""Specialized Kits"",""Premium Goods""]","[""Dedicated Customer Support"",""Consultation Services"",""Professional Advisory"",""After-Sales Support"",""Strategy Planning"",""IT,ITES, Software Related Services""]",,2026-04-08 19:12:39,2026-04-08 19:12:39
dd240402-b59b-4e00-b81b-29bedc7ecaff,137c38ca-a226-4fa8-8c0c-08e3b018a736,"[""Spa, Massage Solutions"",""Premium Cosmetics"",""Hair Care Products"",""Skincare Solutions"",""Grooming Kits"",""Spa Essentials""]","[""Hair Styling & Color"",""Spa Therapies"",""Facial Treatments"",""Bridal Makeup"",""Consultations"",""Nail Art"",""Spa, Massage Services""]",,2026-04-08 19:12:39,2026-04-08 19:12:39
d348307a-e354-491d-af38-b487ffa8a9c7,bb54cfd0-6c5a-45d1-b56a-7559e23878a5,"[""Others Solutions"",""Health Supplements"",""Workout Gear"",""Diet & Nutrition Plans"",""Wellness Products"",""Fitness Equipment"",""Therapeutic Goods""]","[""Personal Training"",""Group Classes"",""Nutritional Counseling"",""Health Assessments"",""Membership Programs"",""Rehabilitation"",""Others Services""]",,2026-04-08 19:12:39,2026-04-08 19:12:39
bafe1a70-417c-47a8-936e-d3441e16755a,e4de6201-4144-4067-bd19-d926915c08d7,"[""C&F Agents Solutions"",""Flagship Products"",""Industry Specific Tools"",""Branded Offerings"",""Specialized Kits"",""Premium Goods""]","[""Dedicated Customer Support"",""Consultation Services"",""Professional Advisory"",""After-Sales Support"",""Strategy Planning"",""C&F Agents Services""]",,2026-04-08 19:12:39,2026-04-08 19:12:39
a3f30ce2-b39e-4d58-a877-d01949b16ac9,d68af2bd-c63c-4502-aefc-80058beafa9e,"[""Indian Food Solutions"",""Signature Dishes"",""Premium Beverages"",""Quality Ingredients"",""Specialty Snacks"",""Custom Combos"",""Healthy Options"",""Desserts""]","[""Dine-in Experience"",""Takeaway"",""Home Delivery"",""Catering Services"",""Online Ordering"",""Quick Service"",""Indian Food Services""]",,2026-04-08 19:12:39,2026-04-08 19:12:39
98deb949-0df0-4cb7-823e-c828988d7bd0,7e8ee441-69d0-45af-a65a-d3bd9273e22d,"[""Web Development"",""ECommerce eBusiness Soltions"",""BrandBusiness Promotions"",""Internet Marketing"",""Web Design, Development,Hosting Related Solutions"",""Flagship Products"",""Industry Specific Tools"",""Branded Offerings""]","[""Dedicated Customer Support"",""Consultation Services"",""Professional Advisory"",""After-Sales Support"",""Strategy Planning"",""Web Design, Development,Hosting Related Services""]",,2026-04-08 19:12:39,2026-04-08 19:12:39
415ed1ed-e86a-46dc-aece-00c087c1cf77,f614f690-4f8c-4386-beca-52ade7d0b047,"[""Health Food s Incl Organic Food Solutions"",""Signature Dishes"",""Premium Beverages"",""Quality Ingredients"",""Specialty Snacks"",""Custom Combos"",""Healthy Options"",""Desserts""]","[""Dine-in Experience"",""Takeaway"",""Home Delivery"",""Catering Services"",""Online Ordering"",""Quick Service"",""Health Food s Incl Organic Food Services""]",,2026-04-08 19:12:39,2026-04-08 19:12:39
ddf64cd9-a726-479b-aabb-82d5fac1b315,ab820b6a-1cc6-4760-9a3d-36917d4012fa,"[""Computer Software, Hardware, Networking, IT Solutions"",""Study Materials"",""Interactive Curriculum"",""Workbooks & Notes"",""E-Learning Modules"",""Assessment Tools"",""Certifications"",""Digital Content""]","[""Classroom Training"",""Online Classes"",""1-on-1 Mentorship"",""Doubt Clearing Sessions"",""Career Counseling"",""Skill Development"",""Seminars"",""Computer Software, Hardware, Networking, IT Services""]",,2026-04-08 19:12:39,2026-04-08 19:12:39
27d0e637-6c3a-44ec-89c0-5be77aac2bf8,5aa69bf2-d6cd-4518-a0ce-d3c1834825cc,"[""Two Wheeler Solutions"",""Genuine Spare Parts"",""Vehicle Accessories"",""Car Care Products"",""Engine Oils"",""Maintenance Kits""]","[""Servicing & Repair"",""Washing & Detailing"",""Roadside Assistance"",""Customization"",""Diagnostic Testing"",""Two Wheeler Services""]",,2026-04-08 19:12:39,2026-04-08 19:12:39
f845cfa3-7c24-4670-b279-b2ce22f4c84c,2991c5f6-f474-4fbe-b3e9-2bccfa7527c3,"[""Two Wheeler Solutions"",""Genuine Spare Parts"",""Vehicle Accessories"",""Car Care Products"",""Engine Oils"",""Maintenance Kits""]","[""Servicing & Repair"",""Washing & Detailing"",""Roadside Assistance"",""Customization"",""Diagnostic Testing"",""Two Wheeler Services""]",,2026-04-08 19:12:39,2026-04-08 19:12:39
b831d54c-6015-46a3-8bfe-a9ba7cd2a23d,11e33255-5e28-42ce-9ac7-da91eb2c9a2c,"[""Consulting Services Solutions"",""Flagship Products"",""Industry Specific Tools"",""Branded Offerings"",""Specialized Kits"",""Premium Goods""]","[""Dedicated Customer Support"",""Consultation Services"",""Professional Advisory"",""After-Sales Support"",""Strategy Planning"",""Consulting Services Services""]",,2026-04-08 19:12:39,2026-04-08 19:12:39
f2fce68f-8d37-4fbb-8f69-e4e4b621ef4c,69d3937f-a68c-4d96-9540-b9619e632ef9,"[""Financing,Loans,Funding ,Advisors,Brokers Solutions"",""Investment Portfolios"",""Insurance Policies"",""Loan Packages"",""Financial Planning Tools"",""Tax Software""]","[""Dedicated Customer Support"",""Consultation Services"",""Professional Advisory"",""After-Sales Support"",""Strategy Planning"",""Financing,Loans,Funding ,Advisors,Brokers Services""]",,2026-04-08 19:12:39,2026-04-08 19:12:39
c54efe5d-f6d8-44f2-9d1b-fe7c2e2f6dbc,48392938-1967-4c4f-8d78-5c616f7b8bbc,"[""Not Provided Solutions"",""Flagship Products"",""Industry Specific Tools"",""Branded Offerings"",""Specialized Kits"",""Premium Goods""]","[""Dedicated Customer Support"",""Consultation Services"",""Professional Advisory"",""After-Sales Support"",""Strategy Planning"",""Not Provided Services""]",,2026-04-08 19:12:39,2026-04-08 19:12:39
f61b70de-3e0c-42d4-8048-2a8363797b62,45818ba0-6b85-4515-b1e0-39d895c29c52,"[""Others Solutions"",""Study Materials"",""Interactive Curriculum"",""Workbooks & Notes"",""E-Learning Modules"",""Assessment Tools"",""Certifications"",""Digital Content""]","[""Classroom Training"",""Online Classes"",""1-on-1 Mentorship"",""Doubt Clearing Sessions"",""Career Counseling"",""Skill Development"",""Seminars"",""Others Services""]",,2026-04-08 19:12:39,2026-04-08 19:12:39
3aeb04f4-bdd5-4743-b479-cf00850236c7,6c2a3ad2-a7b4-4c88-8fdd-dea147cb325d,"[""Play School Solutions"",""Study Materials"",""Interactive Curriculum"",""Workbooks & Notes"",""E-Learning Modules"",""Assessment Tools"",""Certifications"",""Digital Content""]","[""Classroom Training"",""Online Classes"",""1-on-1 Mentorship"",""Doubt Clearing Sessions"",""Career Counseling"",""Skill Development"",""Seminars"",""Play School Services""]",,2026-04-08 19:12:39,2026-04-08 19:12:39
ee44b43f-f892-42fe-be2a-8aa62115d530,760181b5-e9ec-4052-8af9-2349a8cd3508,"[""Pharmacy Solutions"",""Health Supplements"",""Workout Gear"",""Diet & Nutrition Plans"",""Wellness Products"",""Fitness Equipment"",""Therapeutic Goods""]","[""Personal Training"",""Group Classes"",""Nutritional Counseling"",""Health Assessments"",""Membership Programs"",""Rehabilitation"",""Pharmacy Services""]",,2026-04-08 19:12:39,2026-04-08 19:12:39
961173a5-5ecc-40fd-bf62-1437f1fe6927,b896e385-cc29-4816-ace2-2f9e1a86f72e,"[""Others Solutions"",""Flagship Products"",""Industry Specific Tools"",""Branded Offerings"",""Specialized Kits"",""Premium Goods""]","[""Dedicated Customer Support"",""Consultation Services"",""Professional Advisory"",""After-Sales Support"",""Strategy Planning"",""Others Services""]",,2026-04-08 19:12:39,2026-04-08 19:12:39
bffb8239-2af2-4da1-a187-6cd329587c2c,9e5a3db0-5494-4d44-8004-df7da99a126b,"[""Water s Solutions"",""Flagship Products"",""Industry Specific Tools"",""Branded Offerings"",""Specialized Kits"",""Premium Goods""]","[""Dedicated Customer Support"",""Consultation Services"",""Professional Advisory"",""After-Sales Support"",""Strategy Planning"",""Water s Services""]",,2026-04-08 19:12:39,2026-04-08 19:12:39
f27ffc14-da9d-409e-a478-3c76ba7b7419,cbeacc69-4ee4-46d2-8266-b590e488a2f4,"[""Coffee"",""100% Vegetarian  Incl Vegan Solutions"",""Signature Dishes"",""Premium Beverages"",""Quality Ingredients"",""Specialty Snacks"",""Custom Combos"",""Healthy Options""]","[""Dine-in Experience"",""Takeaway"",""Home Delivery"",""Catering Services"",""Online Ordering"",""Quick Service"",""100% Vegetarian  Incl Vegan Services""]",,2026-04-08 19:12:39,2026-04-08 19:12:39
ce2d6e6d-552e-42b3-bc49-30cffbf39217,194b3ced-6ec0-4cad-b0c2-b0cfa5cf6a35,"[""Spa, Massage Solutions"",""Premium Cosmetics"",""Hair Care Products"",""Skincare Solutions"",""Grooming Kits"",""Spa Essentials""]","[""Hair Styling & Color"",""Spa Therapies"",""Facial Treatments"",""Bridal Makeup"",""Consultations"",""Nail Art"",""Spa, Massage Services""]",,2026-04-08 19:12:39,2026-04-08 19:12:39
7b285fa8-431d-463f-8a1f-a40f0e131b2a,32b9bd0a-ff5a-49a0-8310-9519590a27ab,"[""Like waterproof"",""Paint and Painting Solutions"",""Flagship Products"",""Industry Specific Tools"",""Branded Offerings"",""Specialized Kits"",""Premium Goods""]","[""Dedicated Customer Support"",""Consultation Services"",""Professional Advisory"",""After-Sales Support"",""Strategy Planning"",""Paint and Painting Services""]",,2026-04-08 19:12:39,2026-04-08 19:12:39
bc3856e0-c770-413b-98ec-e8b5bdd63997,1e0a6632-d200-4de5-9b7b-59e814a41265,"[""Pubs, Bars, Wine and Spirits Shops Solutions"",""Flagship Products"",""Industry Specific Tools"",""Branded Offerings"",""Specialized Kits"",""Premium Goods""]","[""Dedicated Customer Support"",""Consultation Services"",""Professional Advisory"",""After-Sales Support"",""Strategy Planning"",""Pubs, Bars, Wine and Spirits Shops Services""]",,2026-04-08 19:12:39,2026-04-08 19:12:39
a4e0c419-7032-4432-8039-61105773fce4,306c8472-0862-47ee-b2c9-f3774f8fbb06,"[""Multilocation sales"",""Others Solutions"",""Exclusive Merchandise"",""Branded Products"",""Seasonal Collections"",""Lifestyle Goods"",""Premium Accessories"",""Quality Inventory""]","[""In-store Shopping"",""Personalized Styling"",""Customer Assistance"",""Easy Returns & Exchange"",""Home Delivery"",""Others Services""]",,2026-04-08 19:12:39,2026-04-08 19:12:39
c6fa150d-41cf-4632-9182-da81cfcdaabf,51d87a50-924f-4509-9584-6e379968ebd6,"[""Animation Solutions"",""Study Materials"",""Interactive Curriculum"",""Workbooks & Notes"",""E-Learning Modules"",""Assessment Tools"",""Certifications"",""Digital Content""]","[""Classroom Training"",""Online Classes"",""1-on-1 Mentorship"",""Doubt Clearing Sessions"",""Career Counseling"",""Skill Development"",""Seminars"",""Animation Services""]",,2026-04-08 19:12:39,2026-04-08 19:12:39
e0b9365d-a27a-4263-932d-0972a5c5e10b,86f4fdac-9b46-4c56-a89d-7c78892bcd8d,"[""Pubs, Bars, Wine and Spirits Shops Solutions"",""Flagship Products"",""Industry Specific Tools"",""Branded Offerings"",""Specialized Kits"",""Premium Goods""]","[""Dedicated Customer Support"",""Consultation Services"",""Professional Advisory"",""After-Sales Support"",""Strategy Planning"",""Pubs, Bars, Wine and Spirits Shops Services""]",,2026-04-08 19:12:39,2026-04-08 19:12:39
04331cf9-4c4b-46c2-ae00-3261b0c65d10,72135422-e990-45a3-8a49-0fac35ff1a28,"[""Home Appliances, Interiors & Furnishing Solutions"",""Exclusive Merchandise"",""Branded Products"",""Seasonal Collections"",""Lifestyle Goods"",""Premium Accessories"",""Quality Inventory""]","[""In-store Shopping"",""Personalized Styling"",""Customer Assistance"",""Easy Returns & Exchange"",""Home Delivery"",""Home Appliances, Interiors & Furnishing Services""]",,2026-04-08 19:12:39,2026-04-08 19:12:39
efbe668a-10bd-4571-9525-5b6cbd7ba86b,046a66ab-ba50-4f51-be64-96806f54cc64,"[""C&F Agents Solutions"",""Flagship Products"",""Industry Specific Tools"",""Branded Offerings"",""Specialized Kits"",""Premium Goods""]","[""Dedicated Customer Support"",""Consultation Services"",""Professional Advisory"",""After-Sales Support"",""Strategy Planning"",""C&F Agents Services""]",,2026-04-08 19:12:39,2026-04-08 19:12:39
3eca9ef5-94ee-442f-9bdb-8534cf2b3725,17e51f9a-75a4-40b4-a728-b9060afdd354,"[""Hospital Solutions"",""Health Supplements"",""Workout Gear"",""Diet & Nutrition Plans"",""Wellness Products"",""Fitness Equipment"",""Therapeutic Goods""]","[""Personal Training"",""Group Classes"",""Nutritional Counseling"",""Health Assessments"",""Membership Programs"",""Rehabilitation"",""Hospital Services""]",,2026-04-08 19:12:39,2026-04-08 19:12:39
8c9e079f-f9cd-494a-a5f4-1887ac25749e,4517b1e4-8d24-40c0-a3b7-8597ea0d252f,"[""Ayurveda s Solutions"",""Health Supplements"",""Workout Gear"",""Diet & Nutrition Plans"",""Wellness Products"",""Fitness Equipment"",""Therapeutic Goods""]","[""Personal Training"",""Group Classes"",""Nutritional Counseling"",""Health Assessments"",""Membership Programs"",""Rehabilitation"",""Ayurveda s Services""]",,2026-04-08 19:12:39,2026-04-08 19:12:39
93c521ab-76ab-41be-8450-b2b61b9a5f44,1cd9ce2e-2372-45eb-a4ba-d436c1631f1b,"[""Swanky leather creations"",""Flamboyant designer jewellery"",""Alluring fragrances"",""Delightful gift options"",""TV, Web, Ecommerce, Shopping Outlets Solutions"",""Exclusive Merchandise"",""Branded Products"",""Seasonal Collections""]","[""In-store Shopping"",""Personalized Styling"",""Customer Assistance"",""Easy Returns & Exchange"",""Home Delivery"",""TV, Web, Ecommerce, Shopping Outlets Services""]",,2026-04-08 19:12:39,2026-04-08 19:12:39
5ad9e4d6-04e2-4525-894f-2afd0d4d7292,70ce4875-f712-4831-ae17-9a69cc78c14e,"[""Gift, Hobby, Cards, Candle, Souvenir Shops Solutions"",""Exclusive Merchandise"",""Branded Products"",""Seasonal Collections"",""Lifestyle Goods"",""Premium Accessories"",""Quality Inventory""]","[""In-store Shopping"",""Personalized Styling"",""Customer Assistance"",""Easy Returns & Exchange"",""Home Delivery"",""Gift, Hobby, Cards, Candle, Souvenir Shops Services""]",,2026-04-08 19:12:39,2026-04-08 19:12:39
f737373f-231c-4625-af94-661bb22baa5c,93c41510-9412-4045-95a7-d75fffd4838d,"[""Research in India"",""Study Materials"",""Interactive Curriculum"",""Workbooks & Notes"",""E-Learning Modules"",""Assessment Tools"",""Certifications"",""Digital Content""]","[""Classroom Training"",""Online Classes"",""1-on-1 Mentorship"",""Doubt Clearing Sessions"",""Career Counseling"",""Skill Development"",""Seminars""]",,2026-04-08 19:12:39,2026-04-08 19:12:39
b21b1dae-7034-4ddb-948b-775e0f02e11e,e0a08cb2-4293-4893-8226-52061624a165,"[""Others Solutions"",""Flagship Products"",""Industry Specific Tools"",""Branded Offerings"",""Specialized Kits"",""Premium Goods""]","[""Dedicated Customer Support"",""Consultation Services"",""Professional Advisory"",""After-Sales Support"",""Strategy Planning"",""Others Services""]",,2026-04-08 19:12:39,2026-04-08 19:12:39
1439d8eb-b649-4866-864b-55950d2ecd36,82e7875d-11f2-4aa1-9fae-ec0698672254,"[""Training"",""Course material"",""Online test"",""Certificate"",""Marketing"",""Study Materials"",""Interactive Curriculum"",""Workbooks & Notes""]","[""Classroom Training"",""Online Classes"",""1-on-1 Mentorship"",""Doubt Clearing Sessions"",""Career Counseling"",""Skill Development"",""Seminars""]",,2026-04-08 19:12:39,2026-04-08 19:12:39
4aa203b9-6439-4821-b2df-8c0bd1b88dc6,4f278ed6-879a-4a21-b9d6-644141725fed,"[""State of art"",""Distance Learning Solutions"",""Study Materials"",""Interactive Curriculum"",""Workbooks & Notes"",""E-Learning Modules"",""Assessment Tools"",""Certifications""]","[""Classroom Training"",""Online Classes"",""1-on-1 Mentorship"",""Doubt Clearing Sessions"",""Career Counseling"",""Skill Development"",""Seminars"",""Distance Learning Services""]",,2026-04-08 19:12:39,2026-04-08 19:12:39
43d58a09-1bda-4196-9892-df585caca172,3b7ac4a4-c1d7-465a-9a6f-90ca374e6c78,"[""Others Solutions"",""Signature Dishes"",""Premium Beverages"",""Quality Ingredients"",""Specialty Snacks"",""Custom Combos"",""Healthy Options"",""Desserts""]","[""Dine-in Experience"",""Takeaway"",""Home Delivery"",""Catering Services"",""Online Ordering"",""Quick Service"",""Others Services""]",,2026-04-08 19:12:39,2026-04-08 19:12:39
5cc93a9e-1146-4684-aff2-d5b016486f9d,363a7990-10f2-412d-9248-696caed0b26b,"[""Used Cars Dealers Incl Automobile Resellers Solutions"",""Genuine Spare Parts"",""Vehicle Accessories"",""Car Care Products"",""Engine Oils"",""Maintenance Kits""]","[""Servicing & Repair"",""Washing & Detailing"",""Roadside Assistance"",""Customization"",""Diagnostic Testing"",""Used Cars Dealers Incl Automobile Resellers Services""]",,2026-04-08 19:12:39,2026-04-08 19:12:39
440b39ea-301f-4f49-ad33-b0e470c4b266,f6c7c6cb-3c41-4e39-9c73-810869d865b0,"[""A multimodal storage"",""Others Solutions"",""Health Supplements"",""Workout Gear"",""Diet & Nutrition Plans"",""Wellness Products"",""Fitness Equipment"",""Therapeutic Goods""]","[""Personal Training"",""Group Classes"",""Nutritional Counseling"",""Health Assessments"",""Membership Programs"",""Rehabilitation"",""Others Services""]",,2026-04-08 19:12:39,2026-04-08 19:12:39
72a49ce3-7477-4c8f-a1bf-5d66587bcc87,666bff0f-590b-472e-bf53-4083cf4ecf87,"[""Gift, Hobby, Cards, Candle, Souvenir Shops Solutions"",""Exclusive Merchandise"",""Branded Products"",""Seasonal Collections"",""Lifestyle Goods"",""Premium Accessories"",""Quality Inventory""]","[""In-store Shopping"",""Personalized Styling"",""Customer Assistance"",""Easy Returns & Exchange"",""Home Delivery"",""Gift, Hobby, Cards, Candle, Souvenir Shops Services""]",,2026-04-08 19:12:39,2026-04-08 19:12:39
c3d5add6-21c6-4709-90d4-d1e9642914f5,ff23195c-8892-4f46-8bdd-e486bfff44d8,"[""Others Solutions"",""Exclusive Merchandise"",""Branded Products"",""Seasonal Collections"",""Lifestyle Goods"",""Premium Accessories"",""Quality Inventory""]","[""In-store Shopping"",""Personalized Styling"",""Customer Assistance"",""Easy Returns & Exchange"",""Home Delivery"",""Others Services""]",,2026-04-08 19:12:39,2026-04-08 19:12:39
318810d5-b44e-421c-a881-bec095e31588,d700241a-110e-46e7-8e94-c911a0f390d0,"[""Immigration Services Solutions"",""Flagship Products"",""Industry Specific Tools"",""Branded Offerings"",""Specialized Kits"",""Premium Goods""]","[""Dedicated Customer Support"",""Consultation Services"",""Professional Advisory"",""After-Sales Support"",""Strategy Planning"",""Immigration Services Services""]",,2026-04-08 19:12:39,2026-04-08 19:12:39
3c5c0b8c-ed50-44c3-bcb4-19b1535580b2,253ebbc3-e9cd-4eea-ae34-5bff8664bdba,"[""Enormous potentialities"",""Others Solutions"",""Flagship Products"",""Industry Specific Tools"",""Branded Offerings"",""Specialized Kits"",""Premium Goods""]","[""Dedicated Customer Support"",""Consultation Services"",""Professional Advisory"",""After-Sales Support"",""Strategy Planning"",""Others Services""]",,2026-04-08 19:12:39,2026-04-08 19:12:39
33c3a92c-e4f2-4569-a0fb-ba400a06b43d,532283fb-8dcf-4669-af3a-08fedb48d97a,"[""Paint and Painting Solutions"",""Flagship Products"",""Industry Specific Tools"",""Branded Offerings"",""Specialized Kits"",""Premium Goods""]","[""Dedicated Customer Support"",""Consultation Services"",""Professional Advisory"",""After-Sales Support"",""Strategy Planning"",""Paint and Painting Services""]",,2026-04-08 19:12:39,2026-04-08 19:12:39
19f04f0a-51e4-4b19-b4f9-f15f1a981637,46b47999-8892-436a-ba7d-836d4b1d2a65,"[""Art, Fashion, Imitation Jewellery Solutions"",""Flagship Products"",""Industry Specific Tools"",""Branded Offerings"",""Specialized Kits"",""Premium Goods""]","[""Dedicated Customer Support"",""Consultation Services"",""Professional Advisory"",""After-Sales Support"",""Strategy Planning"",""Art, Fashion, Imitation Jewellery Services""]",,2026-04-08 19:12:39,2026-04-08 19:12:39
8a091842-37ac-455a-a22e-a0cdeebe25f7,05162bae-1ed7-4f52-bcfb-d23ff865984d,"[""Sandwiches, Subs, VadaPao and Hotdog Solutions"",""Signature Dishes"",""Premium Beverages"",""Quality Ingredients"",""Specialty Snacks"",""Custom Combos"",""Healthy Options"",""Desserts""]","[""Dine-in Experience"",""Takeaway"",""Home Delivery"",""Catering Services"",""Online Ordering"",""Quick Service"",""Sandwiches, Subs, VadaPao and Hotdog Services""]",,2026-04-08 19:12:39,2026-04-08 19:12:39
9c3d563f-92d1-49db-b185-56ba81225bd1,521b4bab-cdd2-4f68-a7b6-bfcf0b77f93c,"[""Dance,Music, Theatre and Stage Solutions"",""Flagship Products"",""Industry Specific Tools"",""Branded Offerings"",""Specialized Kits"",""Premium Goods""]","[""Dedicated Customer Support"",""Consultation Services"",""Professional Advisory"",""After-Sales Support"",""Strategy Planning"",""Dance,Music, Theatre and Stage Services""]",,2026-04-08 19:12:39,2026-04-08 19:12:39
d1617225-091d-49d4-9b10-b3c25a52af1e,3f9016b1-3fb5-416d-aa5c-17d815b05ccc,"[""The support"",""Others Solutions"",""Flagship Products"",""Industry Specific Tools"",""Branded Offerings"",""Specialized Kits"",""Premium Goods""]","[""Dedicated Customer Support"",""Consultation Services"",""Professional Advisory"",""After-Sales Support"",""Strategy Planning"",""Others Services""]",,2026-04-08 19:12:39,2026-04-08 19:12:39
dd26e722-7847-49c4-b23c-6fd7e3b42448,db5d198c-55e3-4de6-9330-d63063b737ce,"[""Overseas Education Solutions"",""Study Materials"",""Interactive Curriculum"",""Workbooks & Notes"",""E-Learning Modules"",""Assessment Tools"",""Certifications"",""Digital Content""]","[""Classroom Training"",""Online Classes"",""1-on-1 Mentorship"",""Doubt Clearing Sessions"",""Career Counseling"",""Skill Development"",""Seminars"",""Overseas Education Services""]",,2026-04-08 19:12:39,2026-04-08 19:12:39
7deeb147-b2e8-4b65-9853-036a96ec42c6,39e6dba7-33ae-446c-bce5-d56c741a644c,"[""Online Travel Services Solutions"",""Flagship Products"",""Industry Specific Tools"",""Branded Offerings"",""Specialized Kits"",""Premium Goods""]","[""Dedicated Customer Support"",""Consultation Services"",""Professional Advisory"",""After-Sales Support"",""Strategy Planning"",""Online Travel Services Services""]",,2026-04-08 19:12:39,2026-04-08 19:12:39
df4425d7-3fc6-4d37-adb7-4f83e01c0801,115b5702-6036-46a8-99e3-1737c480e826,"[""Others Solutions"",""Signature Dishes"",""Premium Beverages"",""Quality Ingredients"",""Specialty Snacks"",""Custom Combos"",""Healthy Options"",""Desserts""]","[""Dine-in Experience"",""Takeaway"",""Home Delivery"",""Catering Services"",""Online Ordering"",""Quick Service"",""Others Services""]",,2026-04-08 19:12:39,2026-04-08 19:12:39
701b1696-5bf2-4654-b43b-96326366536c,5a0fc421-9c8e-4c36-9a25-2263e2cd8a70,"[""Others Solutions"",""Flagship Products"",""Industry Specific Tools"",""Branded Offerings"",""Specialized Kits"",""Premium Goods""]","[""Dedicated Customer Support"",""Consultation Services"",""Professional Advisory"",""After-Sales Support"",""Strategy Planning"",""Others Services""]",,2026-04-08 19:12:39,2026-04-08 19:12:39
70ff68f0-c336-49fa-8174-51502496938b,af6cd677-a7ac-4d37-96b7-826828162f0a,"[""Animation Solutions"",""Study Materials"",""Interactive Curriculum"",""Workbooks & Notes"",""E-Learning Modules"",""Assessment Tools"",""Certifications"",""Digital Content""]","[""Classroom Training"",""Online Classes"",""1-on-1 Mentorship"",""Doubt Clearing Sessions"",""Career Counseling"",""Skill Development"",""Seminars"",""Animation Services""]",,2026-04-08 19:12:39,2026-04-08 19:12:39
82f1e31e-044e-4afa-a5a7-6af6f80897c1,8085a97f-136f-461d-8b00-4930751c8438,"[""With minimum investments"",""Women Wear Solutions"",""Exclusive Merchandise"",""Branded Products"",""Seasonal Collections"",""Lifestyle Goods"",""Premium Accessories"",""Quality Inventory""]","[""Dedicated Customer Support"",""Consultation Services"",""Professional Advisory"",""After-Sales Support"",""Strategy Planning"",""Women Wear Services""]",,2026-04-08 19:12:39,2026-04-08 19:12:39
2506c5a9-3b2a-43c4-8853-9c599a3d5df3,dff44139-a2f6-4f01-9972-efcc3f4953a2,"[""Legal, Registrations and IP Related Services Solutions"",""Flagship Products"",""Industry Specific Tools"",""Branded Offerings"",""Specialized Kits"",""Premium Goods""]","[""Dedicated Customer Support"",""Consultation Services"",""Professional Advisory"",""After-Sales Support"",""Strategy Planning"",""Legal, Registrations and IP Related Services Services""]",,2026-04-08 19:12:39,2026-04-08 19:12:39
282d60bb-5311-490d-b8b6-7ee72b42c672,54061748-f9b2-4868-986f-028c7a12c47d,"[""Real Estate Services, Portals, Online,Marketing Solutions"",""Flagship Products"",""Industry Specific Tools"",""Branded Offerings"",""Specialized Kits"",""Premium Goods""]","[""Dedicated Customer Support"",""Consultation Services"",""Professional Advisory"",""After-Sales Support"",""Strategy Planning"",""Real Estate Services, Portals, Online,Marketing Services""]",,2026-04-08 19:12:39,2026-04-08 19:12:39
32519bdd-5d12-4926-9f37-c63826299180,f7108edd-2246-478e-a305-83838055aa0a,"[""Coffee and Tea Cafe Solutions"",""Flagship Products"",""Industry Specific Tools"",""Branded Offerings"",""Specialized Kits"",""Premium Goods""]","[""Dedicated Customer Support"",""Consultation Services"",""Professional Advisory"",""After-Sales Support"",""Strategy Planning"",""Coffee and Tea Cafe Services""]",,2026-04-08 19:12:39,2026-04-08 19:12:39
e85266f6-0d3b-4972-a5ac-d3413edce357,0979da3a-0aa4-4ce6-bb94-9b6f94290e5e,"[""Paint and Painting Solutions"",""Flagship Products"",""Industry Specific Tools"",""Branded Offerings"",""Specialized Kits"",""Premium Goods""]","[""Dedicated Customer Support"",""Consultation Services"",""Professional Advisory"",""After-Sales Support"",""Strategy Planning"",""Paint and Painting Services""]",,2026-04-08 19:12:39,2026-04-08 19:12:39
fa505df3-9e60-47d6-b033-58c2bf7ee8ce,28796ba6-95cf-41d8-8ec2-5fcf40a91c4e,"[""Various products"",""Courier s Solutions"",""Flagship Products"",""Industry Specific Tools"",""Branded Offerings"",""Specialized Kits"",""Premium Goods""]","[""Dedicated Customer Support"",""Consultation Services"",""Professional Advisory"",""After-Sales Support"",""Strategy Planning"",""Courier s Services""]",,2026-04-08 19:12:39,2026-04-08 19:12:39
8f952f5d-e21c-4b37-a338-0ebad4b86679,e0b3eb60-b34e-459b-9fae-d8630edccce8,"[""A full spectrum of services"",""Including hair"",""Beauty"",""Manicure"",""Pedicure"",""Makeup"",""Nails"",""Beauty Salons Solutions""]","[""Hair Styling & Color"",""Spa Therapies"",""Facial Treatments"",""Bridal Makeup"",""Consultations"",""Nail Art"",""Beauty Salons Services""]",,2026-04-08 19:12:39,2026-04-08 19:12:39
9cca3eb5-cf46-42cd-b48d-3b20532f045c,7228105e-54cb-4648-95d3-79f73816d40c,"[""Others Solutions"",""Flagship Products"",""Industry Specific Tools"",""Branded Offerings"",""Specialized Kits"",""Premium Goods""]","[""Dedicated Customer Support"",""Consultation Services"",""Professional Advisory"",""After-Sales Support"",""Strategy Planning"",""Others Services""]",,2026-04-08 19:12:39,2026-04-08 19:12:39
6c12acba-60fb-407c-9fc5-6e68db3b31f2,fe0071d2-51dc-4607-8373-eeb6f68ce331,"[""Preschool Solutions"",""Study Materials"",""Interactive Curriculum"",""Workbooks & Notes"",""E-Learning Modules"",""Assessment Tools"",""Certifications"",""Digital Content""]","[""Classroom Training"",""Online Classes"",""1-on-1 Mentorship"",""Doubt Clearing Sessions"",""Career Counseling"",""Skill Development"",""Seminars"",""Preschool Services""]",,2026-04-08 19:12:39,2026-04-08 19:12:39
0f8c3983-9898-45cf-bbfb-4db51424b55c,ab11fb35-6e8b-48ba-bf68-dc23b8752241,"[""Immigration Services Solutions"",""Flagship Products"",""Industry Specific Tools"",""Branded Offerings"",""Specialized Kits"",""Premium Goods""]","[""Dedicated Customer Support"",""Consultation Services"",""Professional Advisory"",""After-Sales Support"",""Strategy Planning"",""Immigration Services Services""]",,2026-04-08 19:12:39,2026-04-08 19:12:39
43b8878f-d8f9-4c4d-80e0-1cf28ec9524a,4ef7dc56-bd65-41ef-9715-aedb5dd27219,"[""Wood Solutions"",""Flagship Products"",""Industry Specific Tools"",""Branded Offerings"",""Specialized Kits"",""Premium Goods""]","[""Dedicated Customer Support"",""Consultation Services"",""Professional Advisory"",""After-Sales Support"",""Strategy Planning"",""Wood Services""]",,2026-04-08 19:12:39,2026-04-08 19:12:39
375e9097-a1f1-4d79-a14b-beb36038ac07,b7a6bdfc-65d5-445d-9913-0f83957f07d4,"[""Others Solutions"",""Signature Dishes"",""Premium Beverages"",""Quality Ingredients"",""Specialty Snacks"",""Custom Combos"",""Healthy Options"",""Desserts""]","[""Dine-in Experience"",""Takeaway"",""Home Delivery"",""Catering Services"",""Online Ordering"",""Quick Service"",""Others Services""]",,2026-04-08 19:12:39,2026-04-08 19:12:39
5ccb7ce4-c34f-4272-80ed-94e4b843d3d4,a7564972-ba87-4877-9d41-acb9fefbf59f,"[""Designer, Bridal, Tailoring, Boutique s Solutions"",""Exclusive Merchandise"",""Branded Products"",""Seasonal Collections"",""Lifestyle Goods"",""Premium Accessories"",""Quality Inventory""]","[""Dedicated Customer Support"",""Consultation Services"",""Professional Advisory"",""After-Sales Support"",""Strategy Planning"",""Designer, Bridal, Tailoring, Boutique s Services""]",,2026-04-08 19:12:39,2026-04-08 19:12:39
d42921f6-8bc1-4129-a66b-949161a3fbe4,ea981fdf-df69-44f2-af94-bb35a9e2cb33,"[""Real Estate Agent Solutions"",""Flagship Products"",""Industry Specific Tools"",""Branded Offerings"",""Specialized Kits"",""Premium Goods""]","[""Dedicated Customer Support"",""Consultation Services"",""Professional Advisory"",""After-Sales Support"",""Strategy Planning"",""Real Estate Agent Services""]",,2026-04-08 19:12:39,2026-04-08 19:12:39
b5270985-2209-4708-b3b1-9259875ab2c9,bbe64b17-8009-4b07-892f-2af3e28aad47,"[""Astrology Consultations"",""Medical Astrology"",""Gemology"",""Horoscope"",""Matchmaking"",""Predictions"",""Vaastu"",""Astrological remedies""]","[""Dedicated Customer Support"",""Consultation Services"",""Professional Advisory"",""After-Sales Support"",""Strategy Planning"",""Others Services""]",,2026-04-08 19:12:39,2026-04-08 19:12:39
296770be-5838-408f-8d72-8add4b5f58e6,978351eb-89a2-4dfc-ad74-bd1699ec46b7,"[""Others Solutions"",""Flagship Products"",""Industry Specific Tools"",""Branded Offerings"",""Specialized Kits"",""Premium Goods""]","[""Dedicated Customer Support"",""Consultation Services"",""Professional Advisory"",""After-Sales Support"",""Strategy Planning"",""Others Services""]",,2026-04-08 19:12:39,2026-04-08 19:12:39
fe42bf82-4635-4cab-8317-7011471c050d,b20186a5-4fef-440f-bdda-660c53e16f98,"[""TV, Web, Ecommerce, Shopping Outlets Solutions"",""Exclusive Merchandise"",""Branded Products"",""Seasonal Collections"",""Lifestyle Goods"",""Premium Accessories"",""Quality Inventory""]","[""In-store Shopping"",""Personalized Styling"",""Customer Assistance"",""Easy Returns & Exchange"",""Home Delivery"",""TV, Web, Ecommerce, Shopping Outlets Services""]",,2026-04-08 19:12:39,2026-04-08 19:12:39
c0acdebf-417e-4217-a5fe-896fe59b8f8a,8466be1a-e05a-4c1e-96f7-450c9001c887,"[""IT,ITES, Software Related Solutions"",""Flagship Products"",""Industry Specific Tools"",""Branded Offerings"",""Specialized Kits"",""Premium Goods""]","[""Dedicated Customer Support"",""Consultation Services"",""Professional Advisory"",""After-Sales Support"",""Strategy Planning"",""IT,ITES, Software Related Services""]",,2026-04-08 19:12:39,2026-04-08 19:12:39
deabf23b-35c2-4b6a-b4b0-03f491314526,a3ef0e9b-6339-44d6-b6c7-a3222094ced0,"[""Others Solutions"",""Exclusive Merchandise"",""Branded Products"",""Seasonal Collections"",""Lifestyle Goods"",""Premium Accessories"",""Quality Inventory""]","[""In-store Shopping"",""Personalized Styling"",""Customer Assistance"",""Easy Returns & Exchange"",""Home Delivery"",""Others Services""]",,2026-04-08 19:12:39,2026-04-08 19:12:39
487da223-d545-4d14-887a-2a7150340c5d,5e04cec3-5a19-4ddb-af8e-a90c246aaf27,"[""Others Solutions"",""Flagship Products"",""Industry Specific Tools"",""Branded Offerings"",""Specialized Kits"",""Premium Goods""]","[""Dedicated Customer Support"",""Consultation Services"",""Professional Advisory"",""After-Sales Support"",""Strategy Planning"",""Others Services""]",,2026-04-08 19:12:39,2026-04-08 19:12:39
52ec5f53-4a02-42db-b902-809ba6935a61,9bb9cce1-d65e-4bd7-bce2-b1b21bb51b0f,"[""Extensive support system"",""Training"",""Longterm profit opportunities"",""Kids Salon Solutions"",""Premium Cosmetics"",""Hair Care Products"",""Skincare Solutions"",""Grooming Kits""]","[""Hair Styling & Color"",""Spa Therapies"",""Facial Treatments"",""Bridal Makeup"",""Consultations"",""Nail Art"",""Kids Salon Services""]",,2026-04-08 19:12:39,2026-04-08 19:12:39
1d0f6ead-f914-4cf3-8990-0a3b40c265f9,4ba91102-d423-45df-b13c-fd4df7c33829,"[""Others Solutions"",""Flagship Products"",""Industry Specific Tools"",""Branded Offerings"",""Specialized Kits"",""Premium Goods""]","[""Dedicated Customer Support"",""Consultation Services"",""Professional Advisory"",""After-Sales Support"",""Strategy Planning"",""Others Services""]",,2026-04-08 19:12:39,2026-04-08 19:12:39
a3344a52-d0b0-4127-bbbc-538841efb853,60f44cc4-08c5-4cbe-aa90-22cfb4585fa3,"[""Spa, Massage Solutions"",""Premium Cosmetics"",""Hair Care Products"",""Skincare Solutions"",""Grooming Kits"",""Spa Essentials""]","[""Hair Styling & Color"",""Spa Therapies"",""Facial Treatments"",""Bridal Makeup"",""Consultations"",""Nail Art"",""Spa, Massage Services""]",,2026-04-08 19:12:39,2026-04-08 19:12:39
f47e3940-d142-4d20-9f6d-42a4685a1394,d20d8d09-a8b1-4d6f-8276-e6dccc6f4021,"[""Maths, Abacus Solutions"",""Study Materials"",""Interactive Curriculum"",""Workbooks & Notes"",""E-Learning Modules"",""Assessment Tools"",""Certifications"",""Digital Content""]","[""Classroom Training"",""Online Classes"",""1-on-1 Mentorship"",""Doubt Clearing Sessions"",""Career Counseling"",""Skill Development"",""Seminars"",""Maths, Abacus Services""]",,2026-04-08 19:12:39,2026-04-08 19:12:39
6694ef82-a316-4052-bd63-53ed30e0af2a,8323a988-fd94-4832-8484-9b323e87b2f9,"[""Spa, Massage Solutions"",""Premium Cosmetics"",""Hair Care Products"",""Skincare Solutions"",""Grooming Kits"",""Spa Essentials""]","[""Hair Styling & Color"",""Spa Therapies"",""Facial Treatments"",""Bridal Makeup"",""Consultations"",""Nail Art"",""Spa, Massage Services""]",,2026-04-08 19:12:39,2026-04-08 19:12:39
e3ddde7e-2e10-4258-8821-b893b60076a4,0f7b1dfb-6465-41c9-b4ce-658e128d0be9,"[""Others Solutions"",""Health Supplements"",""Workout Gear"",""Diet & Nutrition Plans"",""Wellness Products"",""Fitness Equipment"",""Therapeutic Goods""]","[""Personal Training"",""Group Classes"",""Nutritional Counseling"",""Health Assessments"",""Membership Programs"",""Rehabilitation"",""Others Services""]",,2026-04-08 19:12:39,2026-04-08 19:12:39
fde36dad-08b2-462c-b19a-f83ddd12412f,2ce9a821-2d18-48a7-ad48-1fba7446679d,"[""Astrology, Horoscope and Tarot Solutions"",""Flagship Products"",""Industry Specific Tools"",""Branded Offerings"",""Specialized Kits"",""Premium Goods""]","[""Dedicated Customer Support"",""Consultation Services"",""Professional Advisory"",""After-Sales Support"",""Strategy Planning"",""Astrology, Horoscope and Tarot Services""]",,2026-04-08 19:12:39,2026-04-08 19:12:39
1d22a7fb-1aed-4854-ad3e-4f000d2e9cb6,0735dcf7-560e-4e4c-be0b-99260c6b837d,"[""Hair Clinics Solutions"",""Health Supplements"",""Workout Gear"",""Diet & Nutrition Plans"",""Wellness Products"",""Fitness Equipment"",""Therapeutic Goods""]","[""Personal Training"",""Group Classes"",""Nutritional Counseling"",""Health Assessments"",""Membership Programs"",""Rehabilitation"",""Hair Clinics Services""]",,2026-04-08 19:12:39,2026-04-08 19:12:39
0865516f-1ae6-4245-a295-44dcfffb13d0,5429b3df-c460-40b1-8e80-3f1bea1c4027,"[""Others Solutions"",""Exclusive Merchandise"",""Branded Products"",""Seasonal Collections"",""Lifestyle Goods"",""Premium Accessories"",""Quality Inventory""]","[""In-store Shopping"",""Personalized Styling"",""Customer Assistance"",""Easy Returns & Exchange"",""Home Delivery"",""Others Services""]",,2026-04-08 19:12:39,2026-04-08 19:12:39
8cb54617-7fca-4afa-8680-6ee000c171bf,8209c7db-865c-4547-a936-649b5e83dc74,"[""EV ETC"",""Two Wheeler Solutions"",""Genuine Spare Parts"",""Vehicle Accessories"",""Car Care Products"",""Engine Oils"",""Maintenance Kits""]","[""Servicing & Repair"",""Washing & Detailing"",""Roadside Assistance"",""Customization"",""Diagnostic Testing"",""Two Wheeler Services""]",,2026-04-08 19:12:39,2026-04-08 19:12:39
2b49c4fa-07c0-4164-90c2-00ab5bf9b807,2ff3fd75-7495-4ceb-8d6b-28714be2fff1,"[""Wash, Detailing, Repair, Oil Change & Maintenance Solutions"",""Genuine Spare Parts"",""Vehicle Accessories"",""Car Care Products"",""Engine Oils"",""Maintenance Kits""]","[""Servicing & Repair"",""Washing & Detailing"",""Roadside Assistance"",""Customization"",""Diagnostic Testing"",""Wash, Detailing, Repair, Oil Change & Maintenance Services""]",,2026-04-08 19:12:39,2026-04-08 19:12:39
bc64d23b-ec97-4222-949d-07f1ff5c8e4f,03e02fb4-1324-4763-a897-e2bf20edce2c,"[""A low failure rate"",""Entrepreneurial skills)"",""Offers high ROI"",""Complete support for leads"",""Guidance"",""Training"",""Growth tactics"",""Wash, Detailing, Repair, Oil Change & Maintenance Solutions""]","[""Servicing & Repair"",""Washing & Detailing"",""Roadside Assistance"",""Customization"",""Diagnostic Testing"",""Wash, Detailing, Repair, Oil Change & Maintenance Services""]",,2026-04-08 19:12:39,2026-04-08 19:12:39
bcb48f7d-7d32-4f6a-a106-de5873423e04,85bf50d5-dc03-4987-95df-50fb792fee54,"[""Others Solutions"",""Study Materials"",""Interactive Curriculum"",""Workbooks & Notes"",""E-Learning Modules"",""Assessment Tools"",""Certifications"",""Digital Content""]","[""Classroom Training"",""Online Classes"",""1-on-1 Mentorship"",""Doubt Clearing Sessions"",""Career Counseling"",""Skill Development"",""Seminars"",""Others Services""]",,2026-04-08 19:12:39,2026-04-08 19:12:39
a308e5f7-a3ac-4237-a95f-47898f1ac997,8eb5ced2-32bd-4428-bff4-29ab24d95ad2,"[""Wash, Detailing, Repair, Oil Change & Maintenance Solutions"",""Genuine Spare Parts"",""Vehicle Accessories"",""Car Care Products"",""Engine Oils"",""Maintenance Kits""]","[""Servicing & Repair"",""Washing & Detailing"",""Roadside Assistance"",""Customization"",""Diagnostic Testing"",""Wash, Detailing, Repair, Oil Change & Maintenance Services""]",,2026-04-08 19:12:39,2026-04-08 19:12:39
c1750bef-21db-4429-b135-316df88ec735,ce2a68f4-57b1-4ff4-b31c-05938d8f01a3,"[""Two Wheeler Solutions"",""Genuine Spare Parts"",""Vehicle Accessories"",""Car Care Products"",""Engine Oils"",""Maintenance Kits""]","[""Servicing & Repair"",""Washing & Detailing"",""Roadside Assistance"",""Customization"",""Diagnostic Testing"",""Two Wheeler Services""]",,2026-04-08 19:12:39,2026-04-08 19:12:39
706e41c2-3688-4d77-8b75-ef97096918e7,d4adabd2-b442-4ebd-abc5-4b10a1388102,"[""Two Wheeler Solutions"",""Genuine Spare Parts"",""Vehicle Accessories"",""Car Care Products"",""Engine Oils"",""Maintenance Kits""]","[""Servicing & Repair"",""Washing & Detailing"",""Roadside Assistance"",""Customization"",""Diagnostic Testing"",""Two Wheeler Services""]",,2026-04-08 19:12:39,2026-04-08 19:12:39
508c6c27-e531-4dad-8542-229579798709,d9deab20-efd6-48be-a4ce-708e5e1766ad,"[""Wash, Detailing, Repair, Oil Change & Maintenance Solutions"",""Genuine Spare Parts"",""Vehicle Accessories"",""Car Care Products"",""Engine Oils"",""Maintenance Kits""]","[""Servicing & Repair"",""Washing & Detailing"",""Roadside Assistance"",""Customization"",""Diagnostic Testing"",""Wash, Detailing, Repair, Oil Change & Maintenance Services""]",,2026-04-08 19:12:39,2026-04-08 19:12:39
b03ee169-917d-41dd-8c55-dfcccb0b5cd2,b466d81d-d2b0-4677-85cb-eb41d868a83e,"[""Wash, Detailing, Repair, Oil Change & Maintenance Solutions"",""Genuine Spare Parts"",""Vehicle Accessories"",""Car Care Products"",""Engine Oils"",""Maintenance Kits""]","[""Servicing & Repair"",""Washing & Detailing"",""Roadside Assistance"",""Customization"",""Diagnostic Testing"",""Wash, Detailing, Repair, Oil Change & Maintenance Services""]",,2026-04-08 19:12:39,2026-04-08 19:12:39
f1544265-f24d-4cc6-8dcf-01370a84cf26,60cb572b-5a35-4ad3-b0ad-5b5c4f51db07,"[""Wash, Detailing, Repair, Oil Change & Maintenance Solutions"",""Genuine Spare Parts"",""Vehicle Accessories"",""Car Care Products"",""Engine Oils"",""Maintenance Kits""]","[""Servicing & Repair"",""Washing & Detailing"",""Roadside Assistance"",""Customization"",""Diagnostic Testing"",""Wash, Detailing, Repair, Oil Change & Maintenance Services""]",,2026-04-08 19:12:39,2026-04-08 19:12:39
fcfc891c-fdae-43ef-be4c-695ebc994579,6570f205-769a-42a4-9405-c152f91daa21,"[""Wash, Detailing, Repair, Oil Change & Maintenance Solutions"",""Genuine Spare Parts"",""Vehicle Accessories"",""Car Care Products"",""Engine Oils"",""Maintenance Kits""]","[""Servicing & Repair"",""Washing & Detailing"",""Roadside Assistance"",""Customization"",""Diagnostic Testing"",""Wash, Detailing, Repair, Oil Change & Maintenance Services""]",,2026-04-08 19:12:39,2026-04-08 19:12:39
ed12bbf8-6d32-467c-bfe1-76ffbc4104ab,43d91885-2c72-4a14-a254-d9bd2a1c3ed8,"[""Two Wheeler Solutions"",""Genuine Spare Parts"",""Vehicle Accessories"",""Car Care Products"",""Engine Oils"",""Maintenance Kits""]","[""Servicing & Repair"",""Washing & Detailing"",""Roadside Assistance"",""Customization"",""Diagnostic Testing"",""Two Wheeler Services""]",,2026-04-08 19:12:39,2026-04-08 19:12:39
5f369cff-6e8e-4a1a-b8cf-336c4582f520,079cf232-9439-4e89-b7ee-041c8baeadb3,"[""Resellers Solutions"",""Flagship Products"",""Industry Specific Tools"",""Branded Offerings"",""Specialized Kits"",""Premium Goods""]","[""Dedicated Customer Support"",""Consultation Services"",""Professional Advisory"",""After-Sales Support"",""Strategy Planning"",""Resellers Services""]",,2026-04-08 19:12:39,2026-04-08 19:12:39
c9afa4dc-37f4-4a57-b742-0a6537d83059,b78080f7-dde9-4574-b648-1a609e970d95,"[""Resorts and Clubs Solutions"",""Flagship Products"",""Industry Specific Tools"",""Branded Offerings"",""Specialized Kits"",""Premium Goods""]","[""Dedicated Customer Support"",""Consultation Services"",""Professional Advisory"",""After-Sales Support"",""Strategy Planning"",""Resorts and Clubs Services""]",,2026-04-08 19:12:39,2026-04-08 19:12:39
29938239-7403-4fac-8bb8-0527d42cecfe,87701d6c-5411-4c7e-99e9-11db4365994f,"[""Computer Software, Hardware, Networking, IT Solutions"",""Study Materials"",""Interactive Curriculum"",""Workbooks & Notes"",""E-Learning Modules"",""Assessment Tools"",""Certifications"",""Digital Content""]","[""Classroom Training"",""Online Classes"",""1-on-1 Mentorship"",""Doubt Clearing Sessions"",""Career Counseling"",""Skill Development"",""Seminars"",""Computer Software, Hardware, Networking, IT Services""]",,2026-04-08 19:12:39,2026-04-08 19:12:39
3ecfc505-293c-47b1-b051-628d5f34b5fe,0e26981a-16a1-4b60-ae67-9543698094e4,"[""Flagship Products"",""Industry Specific Tools"",""Branded Offerings"",""Specialized Kits"",""Premium Goods""]","[""Dedicated Customer Support"",""Consultation Services"",""Professional Advisory"",""After-Sales Support"",""Strategy Planning""]",,2026-04-08 19:12:39,2026-04-08 19:12:39
4df78731-defb-4ccb-acfa-f54afa95ae91,9a6c34b5-618e-4b98-bc73-9876d2715e20,"[""Two Wheeler Solutions"",""Genuine Spare Parts"",""Vehicle Accessories"",""Car Care Products"",""Engine Oils"",""Maintenance Kits""]","[""Servicing & Repair"",""Washing & Detailing"",""Roadside Assistance"",""Customization"",""Diagnostic Testing"",""Two Wheeler Services""]",,2026-04-08 19:12:39,2026-04-08 19:12:39
04f12282-f9b5-4e1a-8539-2e75727ae7a1,acdb02c5-26e7-44cf-903f-41a01657ddc8,"[""Consulting Services Solutions"",""Flagship Products"",""Industry Specific Tools"",""Branded Offerings"",""Specialized Kits"",""Premium Goods""]","[""Dedicated Customer Support"",""Consultation Services"",""Professional Advisory"",""After-Sales Support"",""Strategy Planning"",""Consulting Services Services""]",,2026-04-08 19:12:39,2026-04-08 19:12:39
3d0af604-12fb-4acb-be1c-c72d5bcb51be,c44d9b63-d88c-4108-afb1-a13948a20ab7,"[""Not Provided Solutions"",""Flagship Products"",""Industry Specific Tools"",""Branded Offerings"",""Specialized Kits"",""Premium Goods""]","[""Dedicated Customer Support"",""Consultation Services"",""Professional Advisory"",""After-Sales Support"",""Strategy Planning"",""Not Provided Services""]",,2026-04-08 19:12:39,2026-04-08 19:12:39
1369bfdb-64e8-490e-8555-7281b38ca7ee,7c35b13e-30a4-4bbe-95c2-5e29f9d43007,"[""Women Wear Solutions"",""Exclusive Merchandise"",""Branded Products"",""Seasonal Collections"",""Lifestyle Goods"",""Premium Accessories"",""Quality Inventory""]","[""Dedicated Customer Support"",""Consultation Services"",""Professional Advisory"",""After-Sales Support"",""Strategy Planning"",""Women Wear Services""]",,2026-04-08 19:12:39,2026-04-08 19:12:39
5d4ca7b9-555a-4df1-b0e6-78f2103a6776,b2b26974-08ba-4f2e-a8db-cbc8ad427b56,"[""Flagship Products"",""Industry Specific Tools"",""Branded Offerings"",""Specialized Kits"",""Premium Goods""]","[""Dedicated Customer Support"",""Consultation Services"",""Professional Advisory"",""After-Sales Support"",""Strategy Planning""]",,2026-04-08 19:12:39,2026-04-08 19:12:39
5e2d6bc1-2e3e-4831-ba4a-2a4c1c9b0a2a,d0185006-308f-4230-b277-5163994b21b9,"[""Competitive rates"",""Ayurveda s Solutions"",""Health Supplements"",""Workout Gear"",""Diet & Nutrition Plans"",""Wellness Products"",""Fitness Equipment"",""Therapeutic Goods""]","[""Personal Training"",""Group Classes"",""Nutritional Counseling"",""Health Assessments"",""Membership Programs"",""Rehabilitation"",""Ayurveda s Services""]",,2026-04-08 19:12:39,2026-04-08 19:12:39
91fa0809-68bd-4c64-8388-45309b842304,f3d056fe-3dcf-4900-8b0d-e1e48e511006,"[""Ayurveda s Solutions"",""Health Supplements"",""Workout Gear"",""Diet & Nutrition Plans"",""Wellness Products"",""Fitness Equipment"",""Therapeutic Goods""]","[""Personal Training"",""Group Classes"",""Nutritional Counseling"",""Health Assessments"",""Membership Programs"",""Rehabilitation"",""Ayurveda s Services""]",,2026-04-08 19:12:39,2026-04-08 19:12:39
689e354b-071d-4141-838d-19e20118b9f6,50fec8b8-de5a-4200-9a92-1504d8666ff7,"[""Efficiency"",""Ayurveda s Solutions"",""Health Supplements"",""Workout Gear"",""Diet & Nutrition Plans"",""Wellness Products"",""Fitness Equipment"",""Therapeutic Goods""]","[""Personal Training"",""Group Classes"",""Nutritional Counseling"",""Health Assessments"",""Membership Programs"",""Rehabilitation"",""Ayurveda s Services""]",,2026-04-08 19:12:39,2026-04-08 19:12:39
d675768b-96b1-47fd-bcec-ee1d4882a476,0b57e0d9-9c0f-4a4b-9bbe-a7dd9061169e,"[""Clinics, Nursing Homes, Speciality Centres Solutions"",""Health Supplements"",""Workout Gear"",""Diet & Nutrition Plans"",""Wellness Products"",""Fitness Equipment"",""Therapeutic Goods""]","[""Personal Training"",""Group Classes"",""Nutritional Counseling"",""Health Assessments"",""Membership Programs"",""Rehabilitation"",""Clinics, Nursing Homes, Speciality Centres Services""]",,2026-04-08 19:12:39,2026-04-08 19:12:39
7c93527e-83a5-4793-8294-8b22def7e1fb,67cc4f72-864a-4546-bca0-26c059d599e2,"[""Water s Solutions"",""Flagship Products"",""Industry Specific Tools"",""Branded Offerings"",""Specialized Kits"",""Premium Goods""]","[""Dedicated Customer Support"",""Consultation Services"",""Professional Advisory"",""After-Sales Support"",""Strategy Planning"",""Water s Services""]",,2026-04-08 19:12:39,2026-04-08 19:12:39
d466c7f6-339a-492f-8397-b6b29431bc14,827f5666-6390-4a13-a7a7-10a7a9e9bf45,"[""Corporate Training Solutions"",""Flagship Products"",""Industry Specific Tools"",""Branded Offerings"",""Specialized Kits"",""Premium Goods""]","[""Dedicated Customer Support"",""Consultation Services"",""Professional Advisory"",""After-Sales Support"",""Strategy Planning"",""Corporate Training Services""]",,2026-04-08 19:12:39,2026-04-08 19:12:39
56459994-60bc-4b8a-bedf-99a29a58fc79,7c655177-15a8-4253-82e2-dc63adbdeafc,"[""Others Solutions"",""Investment Portfolios"",""Insurance Policies"",""Loan Packages"",""Financial Planning Tools"",""Tax Software""]","[""Dedicated Customer Support"",""Consultation Services"",""Professional Advisory"",""After-Sales Support"",""Strategy Planning"",""Others Services""]",,2026-04-08 19:12:39,2026-04-08 19:12:39
dc9fb3e2-cc59-4cb3-97e2-1eb723cd2a1d,2b57b0a1-697a-47ea-89f2-c5c2c85bb857,"[""High end complementary brain"",""School  Opportunities Solutions"",""Study Materials"",""Interactive Curriculum"",""Workbooks & Notes"",""E-Learning Modules"",""Assessment Tools"",""Certifications""]","[""Classroom Training"",""Online Classes"",""1-on-1 Mentorship"",""Doubt Clearing Sessions"",""Career Counseling"",""Skill Development"",""Seminars"",""School  Opportunities Services""]",,2026-04-08 19:12:39,2026-04-08 19:12:39
bcdd2de5-ba2c-4d02-8d02-6a07f9fdc6d3,5c49a719-f799-497f-8dd9-090efd13293a,"[""Resellers Solutions"",""Flagship Products"",""Industry Specific Tools"",""Branded Offerings"",""Specialized Kits"",""Premium Goods""]","[""Dedicated Customer Support"",""Consultation Services"",""Professional Advisory"",""After-Sales Support"",""Strategy Planning"",""Resellers Services""]",,2026-04-08 19:12:39,2026-04-08 19:12:39
11af4950-9035-4fb5-abfe-19a16aa45bff,a0818c59-871e-452d-803d-c9db419d787a,"[""A digital platform"",""Sensory play materials"",""Others Solutions"",""Study Materials"",""Interactive Curriculum"",""Workbooks & Notes"",""E-Learning Modules"",""Assessment Tools""]","[""Classroom Training"",""Online Classes"",""1-on-1 Mentorship"",""Doubt Clearing Sessions"",""Career Counseling"",""Skill Development"",""Seminars"",""Others Services""]",,2026-04-08 19:12:39,2026-04-08 19:12:39
ae04572a-2e2d-4679-9296-a603dcc27dff,c1c344a2-4a6f-4a70-b8e8-e625c9804290,"[""Health Supplements"",""Workout Gear"",""Diet & Nutrition Plans"",""Wellness Products"",""Fitness Equipment"",""Therapeutic Goods""]","[""Personal Training"",""Group Classes"",""Nutritional Counseling"",""Health Assessments"",""Membership Programs"",""Rehabilitation""]",,2026-04-08 19:12:39,2026-04-08 19:12:39
3c1466c0-01e0-414b-b8c9-bfbf0ad050d2,1af1894d-ea36-40ac-ba09-4c1413d512ee,"[""Childrens Products s Solutions"",""Exclusive Merchandise"",""Branded Products"",""Seasonal Collections"",""Lifestyle Goods"",""Premium Accessories"",""Quality Inventory""]","[""In-store Shopping"",""Personalized Styling"",""Customer Assistance"",""Easy Returns & Exchange"",""Home Delivery"",""Childrens Products s Services""]",,2026-04-08 19:12:39,2026-04-08 19:12:39
fad45500-6b5b-486c-ab2e-172db566ead7,ccd436a0-361d-4b4e-aada-60509a1ba37e,"[""English and Other Languages Solutions"",""Study Materials"",""Interactive Curriculum"",""Workbooks & Notes"",""E-Learning Modules"",""Assessment Tools"",""Certifications"",""Digital Content""]","[""Classroom Training"",""Online Classes"",""1-on-1 Mentorship"",""Doubt Clearing Sessions"",""Career Counseling"",""Skill Development"",""Seminars"",""English and Other Languages Services""]",,2026-04-08 19:12:39,2026-04-08 19:12:39
60c75bc4-9250-4d95-ad7a-a7a7da3ba2aa,0e0db7b8-cf82-464b-b17d-38486fffeb9f,"[""Flagship Products"",""Industry Specific Tools"",""Branded Offerings"",""Specialized Kits"",""Premium Goods""]","[""Dedicated Customer Support"",""Consultation Services"",""Professional Advisory"",""After-Sales Support"",""Strategy Planning""]",,2026-04-08 19:12:39,2026-04-08 19:12:39
0ead50a4-525b-4e13-8182-2fc090f97f95,6e5d76be-5e43-4f9e-90f6-1d0e9e1378d2,"[""Others Solutions"",""Flagship Products"",""Industry Specific Tools"",""Branded Offerings"",""Specialized Kits"",""Premium Goods""]","[""Dedicated Customer Support"",""Consultation Services"",""Professional Advisory"",""After-Sales Support"",""Strategy Planning"",""Others Services""]",,2026-04-08 19:12:39,2026-04-08 19:12:39
552d004f-de16-404a-a708-51dfe4246837,6bdb5682-1e3c-4a08-8231-e274d8c1a09a,"[""Sporting Facilities Centers Solutions"",""Flagship Products"",""Industry Specific Tools"",""Branded Offerings"",""Specialized Kits"",""Premium Goods""]","[""Dedicated Customer Support"",""Consultation Services"",""Professional Advisory"",""After-Sales Support"",""Strategy Planning"",""Sporting Facilities Centers Services""]",,2026-04-08 19:12:39,2026-04-08 19:12:39
f4257d81-d385-45cb-8189-8d6ffc9f4336,7c2f27ec-99a4-485a-be91-4c21eb6b3c9f,"[""Coffee and Tea Cafe Solutions"",""Flagship Products"",""Industry Specific Tools"",""Branded Offerings"",""Specialized Kits"",""Premium Goods""]","[""Dedicated Customer Support"",""Consultation Services"",""Professional Advisory"",""After-Sales Support"",""Strategy Planning"",""Coffee and Tea Cafe Services""]",,2026-04-08 19:12:39,2026-04-08 19:12:39
1a1b8f07-7aa7-4507-b33d-c55be5f56eb1,4ba5d991-c496-4148-b2f0-132a388b73a2,"[""Bakery Donuts Solutions"",""Signature Dishes"",""Premium Beverages"",""Quality Ingredients"",""Specialty Snacks"",""Custom Combos"",""Healthy Options"",""Desserts""]","[""Dine-in Experience"",""Takeaway"",""Home Delivery"",""Catering Services"",""Online Ordering"",""Quick Service"",""Bakery Donuts Services""]",,2026-04-08 19:12:39,2026-04-08 19:12:39
72307ef0-5797-4893-8fa2-5a97fdd829c4,224b6540-8354-4b66-85b0-a0962e37552a,"[""Dealerships Solutions"",""Flagship Products"",""Industry Specific Tools"",""Branded Offerings"",""Specialized Kits"",""Premium Goods""]","[""Dedicated Customer Support"",""Consultation Services"",""Professional Advisory"",""After-Sales Support"",""Strategy Planning"",""Dealerships Services""]",,2026-04-08 19:12:39,2026-04-08 19:12:39
2a8b4374-8910-4e4c-8ac9-b846969490cd,3ebbb001-6012-491b-a5ed-70d70630f6b0,"[""Burger Solutions"",""Signature Dishes"",""Premium Beverages"",""Quality Ingredients"",""Specialty Snacks"",""Custom Combos"",""Healthy Options"",""Desserts""]","[""Dine-in Experience"",""Takeaway"",""Home Delivery"",""Catering Services"",""Online Ordering"",""Quick Service"",""Burger Services""]",,2026-04-08 19:12:39,2026-04-08 19:12:39
01f2cfc9-b04d-4afc-ab6e-66999119d143,b02a946b-b745-4f35-96a1-74024cf4517e,"[""Bakery Donuts Solutions"",""Signature Dishes"",""Premium Beverages"",""Quality Ingredients"",""Specialty Snacks"",""Custom Combos"",""Healthy Options"",""Desserts""]","[""Dine-in Experience"",""Takeaway"",""Home Delivery"",""Catering Services"",""Online Ordering"",""Quick Service"",""Bakery Donuts Services""]",,2026-04-08 19:12:39,2026-04-08 19:12:39
a5e38edc-dbdf-4e7e-97bc-e33a70755b8d,e0d3eb63-7c6f-40a8-a12f-63bb5760e275,"[""Health Club s Solutions"",""Health Supplements"",""Workout Gear"",""Diet & Nutrition Plans"",""Wellness Products"",""Fitness Equipment"",""Therapeutic Goods""]","[""Personal Training"",""Group Classes"",""Nutritional Counseling"",""Health Assessments"",""Membership Programs"",""Rehabilitation"",""Health Club s Services""]",,2026-04-08 19:12:39,2026-04-08 19:12:39
1b85b900-df72-449e-a44e-41454f2b14df,33b7f7ef-89fb-49c9-8ff4-a32feace1091,"[""Family Stores Solutions"",""Exclusive Merchandise"",""Branded Products"",""Seasonal Collections"",""Lifestyle Goods"",""Premium Accessories"",""Quality Inventory""]","[""Dedicated Customer Support"",""Consultation Services"",""Professional Advisory"",""After-Sales Support"",""Strategy Planning"",""Family Stores Services""]",,2026-04-08 19:12:39,2026-04-08 19:12:39
71232005-4f9c-47fb-8e6e-6e9492bdc769,a80682e6-d08c-48cf-b7b2-82be44078f87,"[""DayCare and Creches Solutions"",""Study Materials"",""Interactive Curriculum"",""Workbooks & Notes"",""E-Learning Modules"",""Assessment Tools"",""Certifications"",""Digital Content""]","[""Classroom Training"",""Online Classes"",""1-on-1 Mentorship"",""Doubt Clearing Sessions"",""Career Counseling"",""Skill Development"",""Seminars"",""DayCare and Creches Services""]",,2026-04-08 19:12:39,2026-04-08 19:12:39
6e3f947b-d6b2-4ccb-8332-8210ed5f8851,ead88274-6424-46d8-a89a-aa00b8584f6f,"[""Event Management & Party Related Solutions"",""Flagship Products"",""Industry Specific Tools"",""Branded Offerings"",""Specialized Kits"",""Premium Goods""]","[""Dedicated Customer Support"",""Consultation Services"",""Professional Advisory"",""After-Sales Support"",""Strategy Planning"",""Event Management & Party Related Services""]",,2026-04-08 19:12:39,2026-04-08 19:12:39
28fda46a-2fa1-4b33-9b4c-9c177f412038,824f7e72-9f24-4eed-aa45-d656d5f02746,"[""Social experiences"",""Montessori School Solutions"",""Study Materials"",""Interactive Curriculum"",""Workbooks & Notes"",""E-Learning Modules"",""Assessment Tools"",""Certifications""]","[""Classroom Training"",""Online Classes"",""1-on-1 Mentorship"",""Doubt Clearing Sessions"",""Career Counseling"",""Skill Development"",""Seminars"",""Montessori School Services""]",,2026-04-08 19:12:39,2026-04-08 19:12:39
06d2f54f-cb4a-4b84-ab58-85f8497f472a,68a19a1e-e65f-4fa7-9ac1-9bb9a66d845b,"[""Building Repairs and Property Maintenance Solutions"",""Flagship Products"",""Industry Specific Tools"",""Branded Offerings"",""Specialized Kits"",""Premium Goods""]","[""Dedicated Customer Support"",""Consultation Services"",""Professional Advisory"",""After-Sales Support"",""Strategy Planning"",""Building Repairs and Property Maintenance Services""]",,2026-04-08 19:12:39,2026-04-08 19:12:39
c2dffc3c-187c-409d-afe8-65259a1b77b6,c9461fb7-ac64-4a22-8de8-3d141b74537a,"[""Sandwiches, Subs, VadaPao and Hotdog Solutions"",""Signature Dishes"",""Premium Beverages"",""Quality Ingredients"",""Specialty Snacks"",""Custom Combos"",""Healthy Options"",""Desserts""]","[""Dine-in Experience"",""Takeaway"",""Home Delivery"",""Catering Services"",""Online Ordering"",""Quick Service"",""Sandwiches, Subs, VadaPao and Hotdog Services""]",,2026-04-08 19:12:39,2026-04-08 19:12:39
896ee6b9-b2c3-4a92-a504-79d2af7c8ef8,c6a79817-386d-4eee-a084-9d61a183331d,"[""Chicken Solutions"",""Signature Dishes"",""Premium Beverages"",""Quality Ingredients"",""Specialty Snacks"",""Custom Combos"",""Healthy Options"",""Desserts""]","[""Dine-in Experience"",""Takeaway"",""Home Delivery"",""Catering Services"",""Online Ordering"",""Quick Service"",""Chicken Services""]",,2026-04-08 19:12:39,2026-04-08 19:12:39
ff5a2399-33b7-460e-a537-3db470116e08,c9da01b3-437a-47b5-92c9-f648bb2cdaff,"[""Others Solutions"",""Signature Dishes"",""Premium Beverages"",""Quality Ingredients"",""Specialty Snacks"",""Custom Combos"",""Healthy Options"",""Desserts""]","[""Dine-in Experience"",""Takeaway"",""Home Delivery"",""Catering Services"",""Online Ordering"",""Quick Service"",""Others Services""]",,2026-04-08 19:12:39,2026-04-08 19:12:39
6b345b3c-e5bf-40be-81e4-730fb39def41,77caeba5-0140-4eee-b942-1154c669b302,"[""Study Materials"",""Interactive Curriculum"",""Workbooks & Notes"",""E-Learning Modules"",""Assessment Tools"",""Certifications"",""Digital Content""]","[""Classroom Training"",""Online Classes"",""1-on-1 Mentorship"",""Doubt Clearing Sessions"",""Career Counseling"",""Skill Development"",""Seminars""]",,2026-04-08 19:12:39,2026-04-08 19:12:39
9232bd38-e1b0-44b6-bed1-1dca0ccbd8d1,9963891b-7e13-48da-9138-7cf5370d3d11,"[""Study Materials"",""Interactive Curriculum"",""Workbooks & Notes"",""E-Learning Modules"",""Assessment Tools"",""Certifications"",""Digital Content""]","[""Classroom Training"",""Online Classes"",""1-on-1 Mentorship"",""Doubt Clearing Sessions"",""Career Counseling"",""Skill Development"",""Seminars""]",,2026-04-08 19:12:39,2026-04-08 19:12:39
df1e0605-485f-4fd1-bd9c-2a6e3c4921ce,9f18037c-2aa3-424f-b862-9e79a0136409,"[""Asian Food s Solutions"",""Signature Dishes"",""Premium Beverages"",""Quality Ingredients"",""Specialty Snacks"",""Custom Combos"",""Healthy Options"",""Desserts""]","[""Dine-in Experience"",""Takeaway"",""Home Delivery"",""Catering Services"",""Online Ordering"",""Quick Service"",""Asian Food s Services""]",,2026-04-08 19:12:39,2026-04-08 19:12:39
26105a29-ee6f-4bf6-84a8-b18dea051c39,1deba592-75e5-4411-a7a3-5df7de05beff,"[""Weight Loss, Slimming, Diet Consultancy Solutions"",""Health Supplements"",""Workout Gear"",""Diet & Nutrition Plans"",""Wellness Products"",""Fitness Equipment"",""Therapeutic Goods""]","[""Personal Training"",""Group Classes"",""Nutritional Counseling"",""Health Assessments"",""Membership Programs"",""Rehabilitation"",""Weight Loss, Slimming, Diet Consultancy Services""]",,2026-04-08 19:12:39,2026-04-08 19:12:39
44e9331e-8dfe-4d74-a428-874d34e755aa,3738b8e5-0327-4e08-970a-a8ebb13d0b95,"[""Mens Wear Solutions"",""Exclusive Merchandise"",""Branded Products"",""Seasonal Collections"",""Lifestyle Goods"",""Premium Accessories"",""Quality Inventory""]","[""Dedicated Customer Support"",""Consultation Services"",""Professional Advisory"",""After-Sales Support"",""Strategy Planning"",""Mens Wear Services""]",,2026-04-08 19:12:39,2026-04-08 19:12:39
4b32a0ef-b577-4d25-a43b-2102b7a10966,43d5b306-789c-4b36-9145-61725240276d,"[""Mens Wear Solutions"",""Exclusive Merchandise"",""Branded Products"",""Seasonal Collections"",""Lifestyle Goods"",""Premium Accessories"",""Quality Inventory""]","[""Dedicated Customer Support"",""Consultation Services"",""Professional Advisory"",""After-Sales Support"",""Strategy Planning"",""Mens Wear Services""]",,2026-04-08 19:12:39,2026-04-08 19:12:39
6bbc9b2b-1227-4d91-b761-2560806974d3,bf8ba409-81bb-45f3-8252-c04a9a69845e,"[""Dynamic"",""Others Solutions"",""Flagship Products"",""Industry Specific Tools"",""Branded Offerings"",""Specialized Kits"",""Premium Goods""]","[""Dedicated Customer Support"",""Consultation Services"",""Professional Advisory"",""After-Sales Support"",""Strategy Planning"",""Others Services""]",,2026-04-08 19:12:39,2026-04-08 19:12:39
c63da3f5-3380-4a6f-b0a6-235972097dab,843f3313-41e9-4ec0-903d-82839b73f768,"[""Easy for the adventurous"",""Leisure"",""Business traveler"",""Travel Agents Incl Holiday Packages and Tours Solutions"",""Flagship Products"",""Industry Specific Tools"",""Branded Offerings"",""Specialized Kits""]","[""Dedicated Customer Support"",""Consultation Services"",""Professional Advisory"",""After-Sales Support"",""Strategy Planning"",""Travel Agents Incl Holiday Packages and Tours Services""]",,2026-04-08 19:12:39,2026-04-08 19:12:39
c4d14d9f-472b-4592-8ffb-b766e210a319,ca0c790e-ae8e-488d-8cc1-a88cd7c2ddb8,"[""IT,ITES, Software Related Solutions"",""Flagship Products"",""Industry Specific Tools"",""Branded Offerings"",""Specialized Kits"",""Premium Goods""]","[""Dedicated Customer Support"",""Consultation Services"",""Professional Advisory"",""After-Sales Support"",""Strategy Planning"",""IT,ITES, Software Related Services""]",,2026-04-08 19:12:39,2026-04-08 19:12:39
55ef9069-c253-4939-b190-3bfc86e7e820,eee8ad08-d821-4ac9-aa6a-0ba08e1a3331,"[""Departmental Stores Solutions"",""Exclusive Merchandise"",""Branded Products"",""Seasonal Collections"",""Lifestyle Goods"",""Premium Accessories"",""Quality Inventory""]","[""In-store Shopping"",""Personalized Styling"",""Customer Assistance"",""Easy Returns & Exchange"",""Home Delivery"",""Departmental Stores Services""]",,2026-04-08 19:12:39,2026-04-08 19:12:39
a605dddb-eea7-40e0-86f2-ec1769458ab0,4f7ccb80-7613-4b64-adba-acf8694b4d5a,"[""Home Appliances, Interiors & Furnishing Solutions"",""Exclusive Merchandise"",""Branded Products"",""Seasonal Collections"",""Lifestyle Goods"",""Premium Accessories"",""Quality Inventory""]","[""In-store Shopping"",""Personalized Styling"",""Customer Assistance"",""Easy Returns & Exchange"",""Home Delivery"",""Home Appliances, Interiors & Furnishing Services""]",,2026-04-08 19:12:39,2026-04-08 19:12:39
a5efe9fb-d67e-4929-b43e-59cf5490f311,779036c2-a48e-4430-b23a-0667e3a7ffd4,"[""Specializes in Mughlai"",""Unique product offerings"",""Sandwiches, Subs, VadaPao and Hotdog Solutions"",""Signature Dishes"",""Premium Beverages"",""Quality Ingredients"",""Specialty Snacks"",""Custom Combos""]","[""Dine-in Experience"",""Takeaway"",""Home Delivery"",""Catering Services"",""Online Ordering"",""Quick Service"",""Sandwiches, Subs, VadaPao and Hotdog Services""]",,2026-04-08 19:12:39,2026-04-08 19:12:39
673a15ae-926d-41a9-bc72-78782f92602f,7bf6ec9d-ce35-43c5-8ffa-8b38ed1410d7,"[""Others Solutions"",""Flagship Products"",""Industry Specific Tools"",""Branded Offerings"",""Specialized Kits"",""Premium Goods""]","[""Dedicated Customer Support"",""Consultation Services"",""Professional Advisory"",""After-Sales Support"",""Strategy Planning"",""Others Services""]",,2026-04-08 19:12:39,2026-04-08 19:12:39
73998bd9-6254-424f-af9c-ff908ccd6588,1e0bdbb7-2ca9-43e5-9e42-e8d77ea6057b,"[""Coffee and Tea Cafe Solutions"",""Flagship Products"",""Industry Specific Tools"",""Branded Offerings"",""Specialized Kits"",""Premium Goods""]","[""Dedicated Customer Support"",""Consultation Services"",""Professional Advisory"",""After-Sales Support"",""Strategy Planning"",""Coffee and Tea Cafe Services""]",,2026-04-08 19:12:39,2026-04-08 19:12:39
81c3c14d-4794-4d81-98d0-e080792423be,765dd0a3-4b2c-4ed4-8263-d9359c588fff,"[""Not Provided Solutions"",""Flagship Products"",""Industry Specific Tools"",""Branded Offerings"",""Specialized Kits"",""Premium Goods""]","[""Dedicated Customer Support"",""Consultation Services"",""Professional Advisory"",""After-Sales Support"",""Strategy Planning"",""Not Provided Services""]",,2026-04-08 19:12:39,2026-04-08 19:12:39
97037c8e-c1e1-49a9-acb8-56b2ccfdb5dd,c7172c79-f07c-41f1-86c1-9256446edeaf,"[""Computer Software, Hardware, Networking, IT Solutions"",""Study Materials"",""Interactive Curriculum"",""Workbooks & Notes"",""E-Learning Modules"",""Assessment Tools"",""Certifications"",""Digital Content""]","[""Classroom Training"",""Online Classes"",""1-on-1 Mentorship"",""Doubt Clearing Sessions"",""Career Counseling"",""Skill Development"",""Seminars"",""Computer Software, Hardware, Networking, IT Services""]",,2026-04-08 19:12:39,2026-04-08 19:12:39
67c06163-d51b-4be7-9db8-e00ad714c7f5,a66e1e0b-cac4-4ead-aefa-026905f18a8d,"[""Play School Solutions"",""Study Materials"",""Interactive Curriculum"",""Workbooks & Notes"",""E-Learning Modules"",""Assessment Tools"",""Certifications"",""Digital Content""]","[""Classroom Training"",""Online Classes"",""1-on-1 Mentorship"",""Doubt Clearing Sessions"",""Career Counseling"",""Skill Development"",""Seminars"",""Play School Services""]",,2026-04-08 19:12:39,2026-04-08 19:12:39
80b30e22-3e06-4933-af52-4ada85789d62,d280fb07-6309-4d6e-8a25-4f433c657c0d,"[""C&F Agents Solutions"",""Flagship Products"",""Industry Specific Tools"",""Branded Offerings"",""Specialized Kits"",""Premium Goods""]","[""Dedicated Customer Support"",""Consultation Services"",""Professional Advisory"",""After-Sales Support"",""Strategy Planning"",""C&F Agents Services""]",,2026-04-08 19:12:39,2026-04-08 19:12:39
176fc2cd-1d56-451c-a56e-6b3a68f7e203,54e14ae3-231e-4473-84cd-055c480829e3,"[""Quick Services Restaurant Solutions"",""Signature Dishes"",""Premium Beverages"",""Quality Ingredients"",""Specialty Snacks"",""Custom Combos"",""Healthy Options"",""Desserts""]","[""Dine-in Experience"",""Takeaway"",""Home Delivery"",""Catering Services"",""Online Ordering"",""Quick Service"",""Quick Services Restaurant Services""]",,2026-04-08 19:12:39,2026-04-08 19:12:39
bc590cf9-4695-4542-980b-f2211d645d97,f291d674-8696-4984-94cc-2d8b20fd4fea,"[""Pest Control Incl Hygiene Services Solutions"",""Flagship Products"",""Industry Specific Tools"",""Branded Offerings"",""Specialized Kits"",""Premium Goods""]","[""Dedicated Customer Support"",""Consultation Services"",""Professional Advisory"",""After-Sales Support"",""Strategy Planning"",""Pest Control Incl Hygiene Services Services""]",,2026-04-08 19:12:39,2026-04-08 19:12:39
43b4c3dd-7076-45de-ba96-322487e58334,32f85360-10ad-4389-94c4-b2585c6c8cea,"[""Clinics, Nursing Homes, Speciality Centres Solutions"",""Health Supplements"",""Workout Gear"",""Diet & Nutrition Plans"",""Wellness Products"",""Fitness Equipment"",""Therapeutic Goods""]","[""Personal Training"",""Group Classes"",""Nutritional Counseling"",""Health Assessments"",""Membership Programs"",""Rehabilitation"",""Clinics, Nursing Homes, Speciality Centres Services""]",,2026-04-08 19:12:39,2026-04-08 19:12:39
753a2702-06db-4908-b8af-be1f2ffdc45b,0a97aa3b-9fc4-43b0-a02b-498da3e7b31b,"[""Flagship Products"",""Industry Specific Tools"",""Branded Offerings"",""Specialized Kits"",""Premium Goods""]","[""Dedicated Customer Support"",""Consultation Services"",""Professional Advisory"",""After-Sales Support"",""Strategy Planning""]",,2026-04-08 19:12:39,2026-04-08 19:12:39
e5e51518-9091-458a-8fe1-30859ea3abb4,7adfbdbc-7665-453f-94e2-c62b73c18cf1,"[""A unique"",""Waffle Solutions"",""Signature Dishes"",""Premium Beverages"",""Quality Ingredients"",""Specialty Snacks"",""Custom Combos"",""Healthy Options""]","[""Dine-in Experience"",""Takeaway"",""Home Delivery"",""Catering Services"",""Online Ordering"",""Quick Service"",""Waffle Services""]",,2026-04-08 19:12:39,2026-04-08 19:12:39
08493d63-2088-4114-b65e-98f41b9d0752,9a5dc1b7-5cc4-49ee-bf19-aeda9bab2ae9,"[""Waffle Solutions"",""Signature Dishes"",""Premium Beverages"",""Quality Ingredients"",""Specialty Snacks"",""Custom Combos"",""Healthy Options"",""Desserts""]","[""Dine-in Experience"",""Takeaway"",""Home Delivery"",""Catering Services"",""Online Ordering"",""Quick Service"",""Waffle Services""]",,2026-04-08 19:12:39,2026-04-08 19:12:39
63755e69-2894-47ac-bda2-6b9d1c517817,9a03d1d5-de16-4f14-98a9-2d05a0e153aa,"[""A unique"",""Premium fillings"",""Waffle Solutions"",""Signature Dishes"",""Premium Beverages"",""Quality Ingredients"",""Specialty Snacks"",""Custom Combos""]","[""Dine-in Experience"",""Takeaway"",""Home Delivery"",""Catering Services"",""Online Ordering"",""Quick Service"",""Waffle Services""]",,2026-04-08 19:12:39,2026-04-08 19:12:39
53836903-7712-49a6-b0ac-f5a1032931d6,99b6bb30-cd16-4faa-80b3-df2f4fc9b363,"[""Fine Dining Restaurant Solutions"",""Signature Dishes"",""Premium Beverages"",""Quality Ingredients"",""Specialty Snacks"",""Custom Combos"",""Healthy Options"",""Desserts""]","[""Dine-in Experience"",""Takeaway"",""Home Delivery"",""Catering Services"",""Online Ordering"",""Quick Service"",""Fine Dining Restaurant Services""]",,2026-04-08 19:12:39,2026-04-08 19:12:39
c59ce742-28fb-4d67-9bc4-32b2b62c6c26,3539cf99-9046-4f19-a0e0-bc47ca9c03d9,"[""Mens Wear Solutions"",""Exclusive Merchandise"",""Branded Products"",""Seasonal Collections"",""Lifestyle Goods"",""Premium Accessories"",""Quality Inventory""]","[""Dedicated Customer Support"",""Consultation Services"",""Professional Advisory"",""After-Sales Support"",""Strategy Planning"",""Mens Wear Services""]",,2026-04-08 19:12:39,2026-04-08 19:12:39
2c2263d3-9141-42e4-a784-35e2f98c0b0f,24bd542b-ec90-491e-bb51-a44914bb4b3e,"[""Flagship Products"",""Industry Specific Tools"",""Branded Offerings"",""Specialized Kits"",""Premium Goods""]","[""Dedicated Customer Support"",""Consultation Services"",""Professional Advisory"",""After-Sales Support"",""Strategy Planning""]",,2026-04-08 19:12:39,2026-04-08 19:12:39
84554a25-b0be-413d-a7f6-13081061efa0,2d8691e7-0edc-43eb-9983-73ad09c1afc3,"[""The perfect way to brew it"",""Coffee and Tea Cafe Solutions"",""Flagship Products"",""Industry Specific Tools"",""Branded Offerings"",""Specialized Kits"",""Premium Goods""]","[""Dedicated Customer Support"",""Consultation Services"",""Professional Advisory"",""After-Sales Support"",""Strategy Planning"",""Coffee and Tea Cafe Services""]",,2026-04-08 19:12:39,2026-04-08 19:12:39
9d09c11a-854a-4750-b6cf-cfc0bdd4bc95,3591da6f-7c53-454b-b7fa-07f3c9ac2d05,"[""Hair Clinics Solutions"",""Health Supplements"",""Workout Gear"",""Diet & Nutrition Plans"",""Wellness Products"",""Fitness Equipment"",""Therapeutic Goods""]","[""Personal Training"",""Group Classes"",""Nutritional Counseling"",""Health Assessments"",""Membership Programs"",""Rehabilitation"",""Hair Clinics Services""]",,2026-04-08 19:12:39,2026-04-08 19:12:39
2a63219c-257f-4f7f-b178-b61c9b99341a,bcc586e2-34a2-4e5e-9f74-d40560632f55,"[""Flagship Products"",""Industry Specific Tools"",""Branded Offerings"",""Specialized Kits"",""Premium Goods""]","[""Dedicated Customer Support"",""Consultation Services"",""Professional Advisory"",""After-Sales Support"",""Strategy Planning""]",,2026-04-08 19:12:39,2026-04-08 19:12:39
d9a8025f-a758-4255-8546-d11851bb9888,2349df98-d721-406c-b93c-f0adfc79b0a4,"[""Diagnostic equipment"",""Speech therapy"",""Hearing aids"",""Clinics, Nursing Homes, Speciality Centres Solutions"",""Health Supplements"",""Workout Gear"",""Diet & Nutrition Plans"",""Wellness Products""]","[""Personal Training"",""Group Classes"",""Nutritional Counseling"",""Health Assessments"",""Membership Programs"",""Rehabilitation"",""Clinics, Nursing Homes, Speciality Centres Services""]",,2026-04-08 19:12:39,2026-04-08 19:12:39
9c33339d-6387-49f3-882e-93ce3382e1cd,83ebf55f-996f-44de-bef7-5b72815675a0,"[""Service Apartments Solutions"",""Flagship Products"",""Industry Specific Tools"",""Branded Offerings"",""Specialized Kits"",""Premium Goods""]","[""Dedicated Customer Support"",""Consultation Services"",""Professional Advisory"",""After-Sales Support"",""Strategy Planning"",""Service Apartments Services""]",,2026-04-08 19:12:39,2026-04-08 19:12:39
401d9098-2291-4a5a-8953-0f8caba0f85d,0edb2d29-3692-478b-a111-6c5bb222d2fa,"[""Metal Solutions"",""Flagship Products"",""Industry Specific Tools"",""Branded Offerings"",""Specialized Kits"",""Premium Goods""]","[""Dedicated Customer Support"",""Consultation Services"",""Professional Advisory"",""After-Sales Support"",""Strategy Planning"",""Metal Services""]",,2026-04-08 19:12:39,2026-04-08 19:12:39
a123e9ee-c38c-4bc2-be34-249ae4217a59,5622c818-c25c-474a-a68c-afd069ebd2e6,"[""Out-station"",""Local Rentals"",""Many more"",""Car Rental And Cab Services Solutions"",""Flagship Products"",""Industry Specific Tools"",""Branded Offerings"",""Specialized Kits""]","[""Dedicated Customer Support"",""Consultation Services"",""Professional Advisory"",""After-Sales Support"",""Strategy Planning"",""Car Rental And Cab Services Services""]",,2026-04-08 19:12:39,2026-04-08 19:12:39
c36d6388-2384-4bf6-bd35-e8f5ac6ad87b,f7dffa56-a84a-4920-81bd-21e9172cf89d,"[""Pharmacy Solutions"",""Health Supplements"",""Workout Gear"",""Diet & Nutrition Plans"",""Wellness Products"",""Fitness Equipment"",""Therapeutic Goods""]","[""Personal Training"",""Group Classes"",""Nutritional Counseling"",""Health Assessments"",""Membership Programs"",""Rehabilitation"",""Pharmacy Services""]",,2026-04-08 19:12:39,2026-04-08 19:12:39
9d3ab7ff-8b4a-4b5c-8456-9773e9da442c,2d582261-0355-447e-8327-50aaf584dded,"[""Furniture Stores Solutions"",""Exclusive Merchandise"",""Branded Products"",""Seasonal Collections"",""Lifestyle Goods"",""Premium Accessories"",""Quality Inventory""]","[""In-store Shopping"",""Personalized Styling"",""Customer Assistance"",""Easy Returns & Exchange"",""Home Delivery"",""Furniture Stores Services""]",,2026-04-08 19:12:39,2026-04-08 19:12:39
45a48df7-341d-4ba6-826c-f6841abe0fc9,a7c79923-4ad4-4a62-9ea4-6969760a3937,"[""Burger Solutions"",""Signature Dishes"",""Premium Beverages"",""Quality Ingredients"",""Specialty Snacks"",""Custom Combos"",""Healthy Options"",""Desserts""]","[""Dine-in Experience"",""Takeaway"",""Home Delivery"",""Catering Services"",""Online Ordering"",""Quick Service"",""Burger Services""]",,2026-04-08 19:12:39,2026-04-08 19:12:39
7551dc38-50d9-4d03-be34-7a861b2f09fa,60cee225-80bc-476a-9199-2717f362c3c7,"[""TV, Web, Ecommerce, Shopping Outlets Solutions"",""Exclusive Merchandise"",""Branded Products"",""Seasonal Collections"",""Lifestyle Goods"",""Premium Accessories"",""Quality Inventory""]","[""In-store Shopping"",""Personalized Styling"",""Customer Assistance"",""Easy Returns & Exchange"",""Home Delivery"",""TV, Web, Ecommerce, Shopping Outlets Services""]",,2026-04-08 19:12:39,2026-04-08 19:12:39
3b91822c-89c7-4fc2-9d4a-0e3fd04f415a,cf7c4c0b-ee87-4101-aea6-2bef09a1c3b0,"[""Over 2"",""Furniture Stores Solutions"",""Exclusive Merchandise"",""Branded Products"",""Seasonal Collections"",""Lifestyle Goods"",""Premium Accessories"",""Quality Inventory""]","[""In-store Shopping"",""Personalized Styling"",""Customer Assistance"",""Easy Returns & Exchange"",""Home Delivery"",""Furniture Stores Services""]",,2026-04-08 19:12:39,2026-04-08 19:12:39
66fc2928-ce5d-40d5-af5b-e96b900d65eb,7fafafd9-1f00-4da8-8b47-8eba02f32b44,"[""Others Solutions"",""Signature Dishes"",""Premium Beverages"",""Quality Ingredients"",""Specialty Snacks"",""Custom Combos"",""Healthy Options"",""Desserts""]","[""Dine-in Experience"",""Takeaway"",""Home Delivery"",""Catering Services"",""Online Ordering"",""Quick Service"",""Others Services""]",,2026-04-08 19:12:39,2026-04-08 19:12:39
adc2ebc1-7cf3-45b2-b369-0d542f65fff3,8af2a221-7511-4215-bb5b-04728be3be51,"[""Others Solutions"",""Investment Portfolios"",""Insurance Policies"",""Loan Packages"",""Financial Planning Tools"",""Tax Software""]","[""Dedicated Customer Support"",""Consultation Services"",""Professional Advisory"",""After-Sales Support"",""Strategy Planning"",""Others Services""]",,2026-04-08 19:12:39,2026-04-08 19:12:39
fe2ff5bc-f7ea-4ffe-9775-90af181c998e,fcfe5396-2d0e-479e-b493-a2f0a33e0247,"[""You flexible"",""Dynamic cleaning"",""Effective"",""Commercial Cleaning Services Solutions"",""Flagship Products"",""Industry Specific Tools"",""Branded Offerings"",""Specialized Kits""]","[""Dedicated Customer Support"",""Consultation Services"",""Professional Advisory"",""After-Sales Support"",""Strategy Planning"",""Commercial Cleaning Services Services""]",,2026-04-08 19:12:39,2026-04-08 19:12:39
143077df-65bd-4bec-914e-cb7ee782f342,de0c7987-a5f1-4174-9cd4-7ceeafeb1489,"[""Others Solutions"",""Flagship Products"",""Industry Specific Tools"",""Branded Offerings"",""Specialized Kits"",""Premium Goods""]","[""Dedicated Customer Support"",""Consultation Services"",""Professional Advisory"",""After-Sales Support"",""Strategy Planning"",""Others Services""]",,2026-04-08 19:12:39,2026-04-08 19:12:39
82c013e7-3d37-4bbd-b931-f307a22707a9,921b4ea2-6d8b-411f-a585-c33ad621a339,"[""Furniture Stores Solutions"",""Exclusive Merchandise"",""Branded Products"",""Seasonal Collections"",""Lifestyle Goods"",""Premium Accessories"",""Quality Inventory""]","[""In-store Shopping"",""Personalized Styling"",""Customer Assistance"",""Easy Returns & Exchange"",""Home Delivery"",""Furniture Stores Services""]",,2026-04-08 19:12:39,2026-04-08 19:12:39
34e621ca-8932-40ad-8908-c4fd679cbe2d,abcf3077-e95b-4c99-a66e-274cd479f409,"[""Ice Cream Solutions"",""Signature Dishes"",""Premium Beverages"",""Quality Ingredients"",""Specialty Snacks"",""Custom Combos"",""Healthy Options"",""Desserts""]","[""Dine-in Experience"",""Takeaway"",""Home Delivery"",""Catering Services"",""Online Ordering"",""Quick Service"",""Ice Cream Services""]",,2026-04-08 19:12:39,2026-04-08 19:12:39
ae43a1a9-b973-4d51-bad3-0e14b55e377c,676542ca-ef0f-4f78-96d9-5b374e6aceec,"[""Pharmacy Solutions"",""Health Supplements"",""Workout Gear"",""Diet & Nutrition Plans"",""Wellness Products"",""Fitness Equipment"",""Therapeutic Goods""]","[""Personal Training"",""Group Classes"",""Nutritional Counseling"",""Health Assessments"",""Membership Programs"",""Rehabilitation"",""Pharmacy Services""]",,2026-04-08 19:12:39,2026-04-08 19:12:39
a5379ae6-eb42-471c-a2ab-244669fc8c0b,7b2a4825-f584-44ee-a508-79e7b5abca5c,"[""Others Solutions"",""Exclusive Merchandise"",""Branded Products"",""Seasonal Collections"",""Lifestyle Goods"",""Premium Accessories"",""Quality Inventory""]","[""In-store Shopping"",""Personalized Styling"",""Customer Assistance"",""Easy Returns & Exchange"",""Home Delivery"",""Others Services""]",,2026-04-08 19:12:39,2026-04-08 19:12:39
ac228086-ee00-4145-b2ef-07242fc390f0,95aee600-0241-4108-acfb-bb4c8e7eaba6,"[""Art, Fashion, Imitation Jewellery Solutions"",""Flagship Products"",""Industry Specific Tools"",""Branded Offerings"",""Specialized Kits"",""Premium Goods""]","[""Dedicated Customer Support"",""Consultation Services"",""Professional Advisory"",""After-Sales Support"",""Strategy Planning"",""Art, Fashion, Imitation Jewellery Services""]",,2026-04-08 19:12:39,2026-04-08 19:12:39
beec5eba-7001-4353-b5a6-95a346020450,394e0365-8448-451c-b6ab-745e676f6fac,"[""Financial Advisory Services Solutions"",""Study Materials"",""Interactive Curriculum"",""Workbooks & Notes"",""E-Learning Modules"",""Assessment Tools"",""Certifications"",""Digital Content""]","[""Classroom Training"",""Online Classes"",""1-on-1 Mentorship"",""Doubt Clearing Sessions"",""Career Counseling"",""Skill Development"",""Seminars"",""Financial Advisory Services Services""]",,2026-04-08 19:12:39,2026-04-08 19:12:39
81351c7c-fc5f-4873-b994-aa156f763787,b0e973ca-f196-4128-9325-c25d152c7637,"[""Consulting Opportunities Solutions"",""Flagship Products"",""Industry Specific Tools"",""Branded Offerings"",""Specialized Kits"",""Premium Goods""]","[""Dedicated Customer Support"",""Consultation Services"",""Professional Advisory"",""After-Sales Support"",""Strategy Planning"",""Consulting Opportunities Services""]",,2026-04-08 19:12:39,2026-04-08 19:12:39
9934380a-df48-4396-b6bc-12d2f10f5638,ee25041e-9e48-4336-9e01-674bda8a31a7,"[""Casual Dining Restaurant Solutions"",""Signature Dishes"",""Premium Beverages"",""Quality Ingredients"",""Specialty Snacks"",""Custom Combos"",""Healthy Options"",""Desserts""]","[""Dine-in Experience"",""Takeaway"",""Home Delivery"",""Catering Services"",""Online Ordering"",""Quick Service"",""Casual Dining Restaurant Services""]",,2026-04-08 19:12:39,2026-04-08 19:12:39
7a32761b-ba4d-4c62-930e-15241e318176,2145428c-aeeb-4a85-9811-f410442816e8,"[""Signature Dishes"",""Premium Beverages"",""Quality Ingredients"",""Specialty Snacks"",""Custom Combos"",""Healthy Options"",""Desserts""]","[""Dine-in Experience"",""Takeaway"",""Home Delivery"",""Catering Services"",""Online Ordering"",""Quick Service""]",,2026-04-08 19:12:39,2026-04-08 19:12:39
1bf6535f-57c1-4b47-ba3e-e6f6c60a2082,7bac3e25-40d9-41b6-91bf-ea65abc9717e,"[""Sandwiches, Subs, VadaPao and Hotdog Solutions"",""Signature Dishes"",""Premium Beverages"",""Quality Ingredients"",""Specialty Snacks"",""Custom Combos"",""Healthy Options"",""Desserts""]","[""Dine-in Experience"",""Takeaway"",""Home Delivery"",""Catering Services"",""Online Ordering"",""Quick Service"",""Sandwiches, Subs, VadaPao and Hotdog Services""]",,2026-04-08 19:12:39,2026-04-08 19:12:39
3569dd34-1865-4b3b-b87c-d858aa6d0275,b567b9d0-4d97-411c-8545-d582874065bd,"[""Denim Solutions"",""Exclusive Merchandise"",""Branded Products"",""Seasonal Collections"",""Lifestyle Goods"",""Premium Accessories"",""Quality Inventory""]","[""Dedicated Customer Support"",""Consultation Services"",""Professional Advisory"",""After-Sales Support"",""Strategy Planning"",""Denim Services""]",,2026-04-08 19:12:39,2026-04-08 19:12:39
404f9e7e-0368-4288-9b41-958d0b562031,814a612a-6158-4fae-be89-222018f0e090,"[""Study Materials"",""Interactive Curriculum"",""Workbooks & Notes"",""E-Learning Modules"",""Assessment Tools"",""Certifications"",""Digital Content""]","[""Classroom Training"",""Online Classes"",""1-on-1 Mentorship"",""Doubt Clearing Sessions"",""Career Counseling"",""Skill Development"",""Seminars""]",,2026-04-08 19:12:39,2026-04-08 19:12:39
04f2a5d0-fe09-4be9-927e-21fe7d774acb,caad0948-0e6d-4407-9dc6-dea7c0457a4c,"[""Others Solutions"",""Flagship Products"",""Industry Specific Tools"",""Branded Offerings"",""Specialized Kits"",""Premium Goods""]","[""Dedicated Customer Support"",""Consultation Services"",""Professional Advisory"",""After-Sales Support"",""Strategy Planning"",""Others Services""]",,2026-04-08 19:12:39,2026-04-08 19:12:39
f06d81e2-3939-499e-9775-0ecae50c13e7,d02b084a-6a52-49fe-8d64-4def09ed7472,"[""Movies, DVD, Rental, Library Solutions"",""Flagship Products"",""Industry Specific Tools"",""Branded Offerings"",""Specialized Kits"",""Premium Goods""]","[""Dedicated Customer Support"",""Consultation Services"",""Professional Advisory"",""After-Sales Support"",""Strategy Planning"",""Movies, DVD, Rental, Library Services""]",,2026-04-08 19:12:39,2026-04-08 19:12:39
d3ffdcf0-fb36-4ba6-80d5-2a8dd44af8fb,782e3994-d28a-4704-83ed-9c8f95f61ea5,"[""Pharmaceuticals Solutions"",""Flagship Products"",""Industry Specific Tools"",""Branded Offerings"",""Specialized Kits"",""Premium Goods""]","[""Dedicated Customer Support"",""Consultation Services"",""Professional Advisory"",""After-Sales Support"",""Strategy Planning"",""Pharmaceuticals Services""]",,2026-04-08 19:12:39,2026-04-08 19:12:39
b1a172c5-dba5-47eb-8d40-d019137fa2c3,65ff230f-e589-43c2-8c64-ed8a1d638ee4,"[""Sweet Shop Solutions"",""Signature Dishes"",""Premium Beverages"",""Quality Ingredients"",""Specialty Snacks"",""Custom Combos"",""Healthy Options"",""Desserts""]","[""Dine-in Experience"",""Takeaway"",""Home Delivery"",""Catering Services"",""Online Ordering"",""Quick Service"",""Sweet Shop Services""]",,2026-04-08 19:12:39,2026-04-08 19:12:39
b44b8a1a-47ee-4b15-9657-78b4c7ba91a2,d3142241-3944-4f0b-b190-e9a51a42a785,"[""Distributorships Solutions"",""Flagship Products"",""Industry Specific Tools"",""Branded Offerings"",""Specialized Kits"",""Premium Goods""]","[""Dedicated Customer Support"",""Consultation Services"",""Professional Advisory"",""After-Sales Support"",""Strategy Planning"",""Distributorships Services""]",,2026-04-08 19:12:39,2026-04-08 19:12:39
542b6803-3a78-4a48-9b0a-05865f341093,4053ff81-ad00-4cdb-824b-b8e44abfd1fc,"[""Consulting Services Solutions"",""Flagship Products"",""Industry Specific Tools"",""Branded Offerings"",""Specialized Kits"",""Premium Goods""]","[""Dedicated Customer Support"",""Consultation Services"",""Professional Advisory"",""After-Sales Support"",""Strategy Planning"",""Consulting Services Services""]",,2026-04-08 19:12:39,2026-04-08 19:12:39
488286f8-83e8-400c-8003-0a812b40fb20,90271c05-0d22-4ce8-a24c-38192b8f698f,"[""Chinese Food Solutions"",""Signature Dishes"",""Premium Beverages"",""Quality Ingredients"",""Specialty Snacks"",""Custom Combos"",""Healthy Options"",""Desserts""]","[""Dine-in Experience"",""Takeaway"",""Home Delivery"",""Catering Services"",""Online Ordering"",""Quick Service"",""Chinese Food Services""]",,2026-04-08 19:12:39,2026-04-08 19:12:39
b282db19-a684-4b80-a4ad-168e7e6a9766,58054735-cd16-4c32-9322-2c1a53d85a84,"[""Distributorships Solutions"",""Flagship Products"",""Industry Specific Tools"",""Branded Offerings"",""Specialized Kits"",""Premium Goods""]","[""Dedicated Customer Support"",""Consultation Services"",""Professional Advisory"",""After-Sales Support"",""Strategy Planning"",""Distributorships Services""]",,2026-04-08 19:12:39,2026-04-08 19:12:39
8b35dcff-2158-45b1-bf37-f63efe7263ec,050e8d07-cb8d-49ee-8029-ba69b5828858,"[""Burger Solutions"",""Signature Dishes"",""Premium Beverages"",""Quality Ingredients"",""Specialty Snacks"",""Custom Combos"",""Healthy Options"",""Desserts""]","[""Dine-in Experience"",""Takeaway"",""Home Delivery"",""Catering Services"",""Online Ordering"",""Quick Service"",""Burger Services""]",,2026-04-08 19:12:39,2026-04-08 19:12:39
e059ead9-7fc3-444e-ab57-462f51f1ebd7,b34f96af-904c-41f6-ad36-d04357339430,"[""Chicken Solutions"",""Signature Dishes"",""Premium Beverages"",""Quality Ingredients"",""Specialty Snacks"",""Custom Combos"",""Healthy Options"",""Desserts""]","[""Dine-in Experience"",""Takeaway"",""Home Delivery"",""Catering Services"",""Online Ordering"",""Quick Service"",""Chicken Services""]",,2026-04-08 19:12:39,2026-04-08 19:12:39
7ff257ae-3c9e-431f-a9b7-5196dc898b3d,129eec35-610a-46e9-a246-344a796947eb,"[""With designer interiors"",""Authentic delicacies"",""A pocket-friendly menu"",""Quick Services Restaurant Solutions"",""Signature Dishes"",""Premium Beverages"",""Quality Ingredients"",""Specialty Snacks""]","[""Dine-in Experience"",""Takeaway"",""Home Delivery"",""Catering Services"",""Online Ordering"",""Quick Service"",""Quick Services Restaurant Services""]",,2026-04-08 19:12:39,2026-04-08 19:12:39
c8554f5d-262e-48c0-809b-44143d9d3285,364a9c37-3765-4e39-a5e9-8203c2d1c0f5,"[""Courier s Solutions"",""Flagship Products"",""Industry Specific Tools"",""Branded Offerings"",""Specialized Kits"",""Premium Goods""]","[""Dedicated Customer Support"",""Consultation Services"",""Professional Advisory"",""After-Sales Support"",""Strategy Planning"",""Courier s Services""]",,2026-04-08 19:12:39,2026-04-08 19:12:39
62444921-e080-4cdf-b513-71c3949e96a2,a111f3fd-8e32-4124-99a1-4f9fe5237c34,"[""Denim Solutions"",""Exclusive Merchandise"",""Branded Products"",""Seasonal Collections"",""Lifestyle Goods"",""Premium Accessories"",""Quality Inventory""]","[""Dedicated Customer Support"",""Consultation Services"",""Professional Advisory"",""After-Sales Support"",""Strategy Planning"",""Denim Services""]",,2026-04-08 19:12:39,2026-04-08 19:12:39
307891a0-0a3a-478e-b503-788ea2b02538,86acb9b3-81c1-4e0c-9115-d284045254ba,"[""Study Materials"",""Interactive Curriculum"",""Workbooks & Notes"",""E-Learning Modules"",""Assessment Tools"",""Certifications"",""Digital Content""]","[""Classroom Training"",""Online Classes"",""1-on-1 Mentorship"",""Doubt Clearing Sessions"",""Career Counseling"",""Skill Development"",""Seminars""]",,2026-04-08 19:12:39,2026-04-08 19:12:39
51a977c8-ab93-4a40-80e7-37b23a6f52fb,24a8a9a5-f3fb-42f3-80c4-1b6e0f427ea8,"[""Others Solutions"",""Signature Dishes"",""Premium Beverages"",""Quality Ingredients"",""Specialty Snacks"",""Custom Combos"",""Healthy Options"",""Desserts""]","[""Dine-in Experience"",""Takeaway"",""Home Delivery"",""Catering Services"",""Online Ordering"",""Quick Service"",""Others Services""]",,2026-04-08 19:12:39,2026-04-08 19:12:39
ac9e38c5-c5cd-4d54-b756-6c3079c0f62b,0844fed1-bb49-4aca-8a29-afde6919cef0,"[""Two Wheeler Solutions"",""Genuine Spare Parts"",""Vehicle Accessories"",""Car Care Products"",""Engine Oils"",""Maintenance Kits""]","[""Servicing & Repair"",""Washing & Detailing"",""Roadside Assistance"",""Customization"",""Diagnostic Testing"",""Two Wheeler Services""]",,2026-04-08 19:12:39,2026-04-08 19:12:39
1cd9c80d-277e-4a86-830a-ef3b2f65c858,e3323346-4803-4340-b9ad-78152847e630,"[""Taxi Services Solutions"",""Genuine Spare Parts"",""Vehicle Accessories"",""Car Care Products"",""Engine Oils"",""Maintenance Kits""]","[""Servicing & Repair"",""Washing & Detailing"",""Roadside Assistance"",""Customization"",""Diagnostic Testing"",""Taxi Services Services""]",,2026-04-08 19:12:39,2026-04-08 19:12:39
1ea49529-9fd3-4155-9c64-54798e27f594,749ecfda-4849-457b-b481-728774130ba6,"[""A variety of Pakodas"",""A scrumptious savory snack"",""Originating from Bahadurgarh"",""Haryana"",""100% Vegetarian  Incl Vegan Solutions"",""Signature Dishes"",""Premium Beverages"",""Quality Ingredients""]","[""Dine-in Experience"",""Takeaway"",""Home Delivery"",""Catering Services"",""Online Ordering"",""Quick Service"",""100% Vegetarian  Incl Vegan Services""]",,2026-04-08 19:12:39,2026-04-08 19:12:39
c1496c36-b672-4bb3-975b-f8b1dafca883,cae0145c-b5db-4934-afaa-05bf72f35b60,"[""Others Solutions"",""Investment Portfolios"",""Insurance Policies"",""Loan Packages"",""Financial Planning Tools"",""Tax Software""]","[""Dedicated Customer Support"",""Consultation Services"",""Professional Advisory"",""After-Sales Support"",""Strategy Planning"",""Others Services""]",,2026-04-08 19:12:39,2026-04-08 19:12:39
40348657-3817-470f-a36c-2a58dc1c94f4,f154ff1d-e9ed-4cb5-9a5a-46ba4bc4ed43,"[""Others Solutions"",""Flagship Products"",""Industry Specific Tools"",""Branded Offerings"",""Specialized Kits"",""Premium Goods""]","[""Dedicated Customer Support"",""Consultation Services"",""Professional Advisory"",""After-Sales Support"",""Strategy Planning"",""Others Services""]",,2026-04-08 19:12:39,2026-04-08 19:12:39
834e3279-d6d3-414e-a239-161d4132b134,1fe643d6-d66c-44d8-ac9c-004ae9247b6e,"[""Multi Cuisine Restaurant Solutions"",""Signature Dishes"",""Premium Beverages"",""Quality Ingredients"",""Specialty Snacks"",""Custom Combos"",""Healthy Options"",""Desserts""]","[""Dine-in Experience"",""Takeaway"",""Home Delivery"",""Catering Services"",""Online Ordering"",""Quick Service"",""Multi Cuisine Restaurant Services""]",,2026-04-08 19:12:39,2026-04-08 19:12:39
e3716223-b7a4-496b-9ede-c329705613ae,160c394d-06de-4481-b49c-60fccfe7f650,"[""Distributorships Solutions"",""Flagship Products"",""Industry Specific Tools"",""Branded Offerings"",""Specialized Kits"",""Premium Goods""]","[""Dedicated Customer Support"",""Consultation Services"",""Professional Advisory"",""After-Sales Support"",""Strategy Planning"",""Distributorships Services""]",,2026-04-08 19:12:39,2026-04-08 19:12:39
e81ed438-3e8d-4c76-ac43-386cff5ef5cf,85185d3f-69c8-4b7a-99ab-4fab240aee7b,"[""Stone and Marble Related Solutions"",""Flagship Products"",""Industry Specific Tools"",""Branded Offerings"",""Specialized Kits"",""Premium Goods""]","[""Dedicated Customer Support"",""Consultation Services"",""Professional Advisory"",""After-Sales Support"",""Strategy Planning"",""Stone and Marble Related Services""]",,2026-04-08 19:12:39,2026-04-08 19:12:39
d1b0ae62-c22b-4990-b0e1-99924f9950a4,50980caa-03d2-456a-a2d4-9d2b8bf65a62,"[""Home Appliances, Interiors & Furnishing Solutions"",""Exclusive Merchandise"",""Branded Products"",""Seasonal Collections"",""Lifestyle Goods"",""Premium Accessories"",""Quality Inventory""]","[""In-store Shopping"",""Personalized Styling"",""Customer Assistance"",""Easy Returns & Exchange"",""Home Delivery"",""Home Appliances, Interiors & Furnishing Services""]",,2026-04-08 19:12:39,2026-04-08 19:12:39
b3f97736-221e-4464-ac4b-c7b5e6869915,2b32ed25-3109-4c79-bf34-f221a9eac582,"[""School  Opportunities Solutions"",""Study Materials"",""Interactive Curriculum"",""Workbooks & Notes"",""E-Learning Modules"",""Assessment Tools"",""Certifications"",""Digital Content""]","[""Classroom Training"",""Online Classes"",""1-on-1 Mentorship"",""Doubt Clearing Sessions"",""Career Counseling"",""Skill Development"",""Seminars"",""School  Opportunities Services""]",,2026-04-08 19:12:39,2026-04-08 19:12:39
5af0bcb6-a8ee-434b-9287-6107303d48e0,5fad3028-2310-453b-8c19-ce6775f23c05,"[""Biryani Solutions"",""Signature Dishes"",""Premium Beverages"",""Quality Ingredients"",""Specialty Snacks"",""Custom Combos"",""Healthy Options"",""Desserts""]","[""Dine-in Experience"",""Takeaway"",""Home Delivery"",""Catering Services"",""Online Ordering"",""Quick Service"",""Biryani Services""]",,2026-04-08 19:12:39,2026-04-08 19:12:39
d5a55df8-aaa7-47d7-a256-7ee6294a880d,951cc471-6d88-4b6c-8a93-2fe7846b70f0,"[""Delectable cuisine"",""Fine Dining Restaurant Solutions"",""Signature Dishes"",""Premium Beverages"",""Quality Ingredients"",""Specialty Snacks"",""Custom Combos"",""Healthy Options""]","[""Dine-in Experience"",""Takeaway"",""Home Delivery"",""Catering Services"",""Online Ordering"",""Quick Service"",""Fine Dining Restaurant Services""]",,2026-04-08 19:12:39,2026-04-08 19:12:39
89082f48-f928-4588-9a5f-3037507aa0c8,942e22a1-ee3d-4f51-b7a1-ae90960b02fd,"[""Fine Dining Restaurant Solutions"",""Signature Dishes"",""Premium Beverages"",""Quality Ingredients"",""Specialty Snacks"",""Custom Combos"",""Healthy Options"",""Desserts""]","[""Dine-in Experience"",""Takeaway"",""Home Delivery"",""Catering Services"",""Online Ordering"",""Quick Service"",""Fine Dining Restaurant Services""]",,2026-04-08 19:12:39,2026-04-08 19:12:39
fe89dfc8-10af-4f63-ba94-f46f64e945c5,dd3d703a-3b2c-4d57-b348-e895b21752e9,"[""A wide range of innovative"",""Healthy biryani dishes"",""Among other things"",""Quick Services Restaurant Solutions"",""Signature Dishes"",""Premium Beverages"",""Quality Ingredients"",""Specialty Snacks""]","[""Dine-in Experience"",""Takeaway"",""Home Delivery"",""Catering Services"",""Online Ordering"",""Quick Service"",""Quick Services Restaurant Services""]",,2026-04-08 19:12:39,2026-04-08 19:12:39
cee350ad-8260-4760-b29e-c7ce78702819,f3a93951-5c80-47e3-8e2f-8b00092c30af,"[""Others Solutions"",""Signature Dishes"",""Premium Beverages"",""Quality Ingredients"",""Specialty Snacks"",""Custom Combos"",""Healthy Options"",""Desserts""]","[""Dine-in Experience"",""Takeaway"",""Home Delivery"",""Catering Services"",""Online Ordering"",""Quick Service"",""Others Services""]",,2026-04-08 19:12:39,2026-04-08 19:12:39
6fa76798-cbaf-4d1e-afc6-d85eb71027e1,90ea8618-ceab-4793-8dd1-462eb52ade0c,"[""Others Solutions"",""Investment Portfolios"",""Insurance Policies"",""Loan Packages"",""Financial Planning Tools"",""Tax Software""]","[""Dedicated Customer Support"",""Consultation Services"",""Professional Advisory"",""After-Sales Support"",""Strategy Planning"",""Others Services""]",,2026-04-08 19:12:39,2026-04-08 19:12:39
41027872-8729-4fa8-b76f-f5395b10a797,e17a240d-eec1-42b0-97aa-2694be25627d,"[""Premium taste at mass pricing"",""Central branding"",""SOP-driven operations"",""Low startup costs"",""Fast break-even"",""Indian Food Solutions"",""Signature Dishes"",""Premium Beverages""]","[""Dine-in Experience"",""Takeaway"",""Home Delivery"",""Catering Services"",""Online Ordering"",""Quick Service"",""Indian Food Services""]",,2026-04-08 19:12:39,2026-04-08 19:12:39
0160f352-6a33-4403-b772-8c3eeb5a3789,981f77a7-4c84-4f67-9f30-688bc67fd2ba,"[""Vegetables & Fruits"",""Restaurants"",""Bakery"",""Etc"",""IT Services Incl ITES Solutions"",""Flagship Products"",""Industry Specific Tools"",""Branded Offerings""]","[""Dedicated Customer Support"",""Consultation Services"",""Professional Advisory"",""After-Sales Support"",""Strategy Planning"",""IT Services Incl ITES Services""]",,2026-04-08 19:12:39,2026-04-08 19:12:39
246e8896-5845-4ab8-95d8-5dab74384226,054262c1-4e0e-4d26-875c-29a5d07bf244,"[""Advertisement And Media Related Solutions"",""Flagship Products"",""Industry Specific Tools"",""Branded Offerings"",""Specialized Kits"",""Premium Goods""]","[""Dedicated Customer Support"",""Consultation Services"",""Professional Advisory"",""After-Sales Support"",""Strategy Planning"",""Advertisement And Media Related Services""]",,2026-04-08 19:12:39,2026-04-08 19:12:39
2598bfaf-f7f6-40ea-9278-0967198990d4,c29a1e91-ae02-47c0-bbab-0f739d9a1eab,"[""Web based solutions viz"",""IT Services Incl ITES Solutions"",""Flagship Products"",""Industry Specific Tools"",""Branded Offerings"",""Specialized Kits"",""Premium Goods""]","[""Dedicated Customer Support"",""Consultation Services"",""Professional Advisory"",""After-Sales Support"",""Strategy Planning"",""IT Services Incl ITES Services""]",,2026-04-08 19:12:39,2026-04-08 19:12:39
66602dcf-5e2c-4732-a292-cbe564af7942,4561c522-6ec1-4785-84ea-e3ce31f99a6b,"[""Others Solutions"",""Investment Portfolios"",""Insurance Policies"",""Loan Packages"",""Financial Planning Tools"",""Tax Software""]","[""Dedicated Customer Support"",""Consultation Services"",""Professional Advisory"",""After-Sales Support"",""Strategy Planning"",""Others Services""]",,2026-04-08 19:12:39,2026-04-08 19:12:39
0e9d9c23-f300-4358-a0f1-da60570ad49e,a4042fdf-704c-4dc5-bd9a-d951024c2dc8,"[""Others Solutions"",""Signature Dishes"",""Premium Beverages"",""Quality Ingredients"",""Specialty Snacks"",""Custom Combos"",""Healthy Options"",""Desserts""]","[""Dine-in Experience"",""Takeaway"",""Home Delivery"",""Catering Services"",""Online Ordering"",""Quick Service"",""Others Services""]",,2026-04-08 19:12:39,2026-04-08 19:12:39
b079a640-be5e-48c9-ab2e-b9b3feb548e2,3e01a677-1167-44c8-85aa-29c0fd73ac43,"[""Others Solutions"",""Flagship Products"",""Industry Specific Tools"",""Branded Offerings"",""Specialized Kits"",""Premium Goods""]","[""Dedicated Customer Support"",""Consultation Services"",""Professional Advisory"",""After-Sales Support"",""Strategy Planning"",""Others Services""]",,2026-04-08 19:12:39,2026-04-08 19:12:39
95ff58cf-e427-408a-aa51-d4c3ab25dd8c,9a6ffe7c-daab-4e5b-9549-e8d71e5c6fc0,"[""Biryani Solutions"",""Signature Dishes"",""Premium Beverages"",""Quality Ingredients"",""Specialty Snacks"",""Custom Combos"",""Healthy Options"",""Desserts""]","[""Dine-in Experience"",""Takeaway"",""Home Delivery"",""Catering Services"",""Online Ordering"",""Quick Service"",""Biryani Services""]",,2026-04-08 19:12:39,2026-04-08 19:12:39
9e3812e4-a98c-43f1-92f2-1934af5483d2,f178233d-3364-416b-bb7c-941ed4a24276,"[""Chicken Solutions"",""Signature Dishes"",""Premium Beverages"",""Quality Ingredients"",""Specialty Snacks"",""Custom Combos"",""Healthy Options"",""Desserts""]","[""Dine-in Experience"",""Takeaway"",""Home Delivery"",""Catering Services"",""Online Ordering"",""Quick Service"",""Chicken Services""]",,2026-04-08 19:12:39,2026-04-08 19:12:39
f1715d52-b058-408c-820c-89b84167cc31,bd280c25-17d8-4d0b-92f5-fb6485534aa5,"[""Coffee and Tea Cafe Solutions"",""Flagship Products"",""Industry Specific Tools"",""Branded Offerings"",""Specialized Kits"",""Premium Goods""]","[""Dedicated Customer Support"",""Consultation Services"",""Professional Advisory"",""After-Sales Support"",""Strategy Planning"",""Coffee and Tea Cafe Services""]",,2026-04-08 19:12:39,2026-04-08 19:12:39
addd7e2b-9c6f-4a17-a61a-1dfcc91af9bc,6c8ab1a6-d595-40c3-b18d-c7db01a70a3d,"[""Others Solutions"",""Study Materials"",""Interactive Curriculum"",""Workbooks & Notes"",""E-Learning Modules"",""Assessment Tools"",""Certifications"",""Digital Content""]","[""Classroom Training"",""Online Classes"",""1-on-1 Mentorship"",""Doubt Clearing Sessions"",""Career Counseling"",""Skill Development"",""Seminars"",""Others Services""]",,2026-04-08 19:12:39,2026-04-08 19:12:39
a74b97f8-3090-437e-b662-b52b77ce8bda,f725610b-45c3-478a-94f3-48e366acaadb,"[""Study Materials"",""Interactive Curriculum"",""Workbooks & Notes"",""E-Learning Modules"",""Assessment Tools"",""Certifications"",""Digital Content""]","[""Classroom Training"",""Online Classes"",""1-on-1 Mentorship"",""Doubt Clearing Sessions"",""Career Counseling"",""Skill Development"",""Seminars""]",,2026-04-08 19:12:39,2026-04-08 19:12:39
16a4a35b-5536-45ef-8d48-27d091bffdf5,56d7d4cb-50b0-4cb5-b53f-3436eae5aefd,"[""Investment Portfolios"",""Insurance Policies"",""Loan Packages"",""Financial Planning Tools"",""Tax Software""]","[""Dedicated Customer Support"",""Consultation Services"",""Professional Advisory"",""After-Sales Support"",""Strategy Planning""]",,2026-04-08 19:12:39,2026-04-08 19:12:39
ff65fd08-b656-49b3-94f3-68b2ffc38478,d6b4b438-18db-42bc-a7e3-8cf2dba5eb88,"[""Gym Solutions"",""Health Supplements"",""Workout Gear"",""Diet & Nutrition Plans"",""Wellness Products"",""Fitness Equipment"",""Therapeutic Goods""]","[""Personal Training"",""Group Classes"",""Nutritional Counseling"",""Health Assessments"",""Membership Programs"",""Rehabilitation"",""Gym Services""]",,2026-04-08 19:12:39,2026-04-08 19:12:39
a3e6bd0b-8d42-4f25-b2bf-37c378726730,38c234fc-7b6e-44ff-befa-495ada6db4bf,"[""Others Solutions"",""Signature Dishes"",""Premium Beverages"",""Quality Ingredients"",""Specialty Snacks"",""Custom Combos"",""Healthy Options"",""Desserts""]","[""Dine-in Experience"",""Takeaway"",""Home Delivery"",""Catering Services"",""Online Ordering"",""Quick Service"",""Others Services""]",,2026-04-08 19:12:39,2026-04-08 19:12:39
69eb5b4c-28ff-4af4-bcd9-0a757dd90933,7cc73890-b426-4c12-86f9-1d5316168d5a,"[""Computer Software, Hardware, Networking, IT Solutions"",""Study Materials"",""Interactive Curriculum"",""Workbooks & Notes"",""E-Learning Modules"",""Assessment Tools"",""Certifications"",""Digital Content""]","[""Classroom Training"",""Online Classes"",""1-on-1 Mentorship"",""Doubt Clearing Sessions"",""Career Counseling"",""Skill Development"",""Seminars"",""Computer Software, Hardware, Networking, IT Services""]",,2026-04-08 19:12:39,2026-04-08 19:12:39
3fe9248d-0f25-451b-a4ad-93a9a01cdfad,0ff63814-dac0-4bb7-bc8b-9e04ed8ade12,"[""Event Management & Party Related Solutions"",""Flagship Products"",""Industry Specific Tools"",""Branded Offerings"",""Specialized Kits"",""Premium Goods""]","[""Dedicated Customer Support"",""Consultation Services"",""Professional Advisory"",""After-Sales Support"",""Strategy Planning"",""Event Management & Party Related Services""]",,2026-04-08 19:12:39,2026-04-08 19:12:39
edc30353-d80f-4648-9c72-ebd2072d7721,432cd287-63bc-4d74-abaa-a9ba0ca95d70,"[""Computer Sales, Parts and Accessories Solutions"",""Flagship Products"",""Industry Specific Tools"",""Branded Offerings"",""Specialized Kits"",""Premium Goods""]","[""Dedicated Customer Support"",""Consultation Services"",""Professional Advisory"",""After-Sales Support"",""Strategy Planning"",""Computer Sales, Parts and Accessories Services""]",,2026-04-08 19:12:39,2026-04-08 19:12:39
ddc8ccd3-4755-490a-bd5c-050be47747c0,8e644323-0356-4db4-b87b-060ee75d58e7,"[""Art ,Painting, Framing, Museums Solutions"",""Exclusive Merchandise"",""Branded Products"",""Seasonal Collections"",""Lifestyle Goods"",""Premium Accessories"",""Quality Inventory""]","[""In-store Shopping"",""Personalized Styling"",""Customer Assistance"",""Easy Returns & Exchange"",""Home Delivery"",""Art ,Painting, Framing, Museums Services""]",,2026-04-08 19:12:39,2026-04-08 19:12:39
984183cb-adaf-489a-80ae-3f548450a911,64b235e9-9faf-4f82-a321-c7608f654447,"[""Distributorships Solutions"",""Flagship Products"",""Industry Specific Tools"",""Branded Offerings"",""Specialized Kits"",""Premium Goods""]","[""Dedicated Customer Support"",""Consultation Services"",""Professional Advisory"",""After-Sales Support"",""Strategy Planning"",""Distributorships Services""]",,2026-04-08 19:12:39,2026-04-08 19:12:39
97ab88ba-84e9-4cc3-b70b-5367aecad2be,dedb296a-f064-4418-aa37-0893c5ba1b00,"[""Computer Application"",""Programming Course like C"",""Php Training"",""Live Project Training"",""Java for BCA"",""MCA"",""BE in Lucknow"",""Computer Software, Hardware, Networking, IT Solutions""]","[""Classroom Training"",""Online Classes"",""1-on-1 Mentorship"",""Doubt Clearing Sessions"",""Career Counseling"",""Skill Development"",""Seminars"",""Computer Software, Hardware, Networking, IT Services""]",,2026-04-08 19:12:39,2026-04-08 19:12:39
be86c90b-94b6-4eaa-8cd8-3424822fdbf5,10f49ef7-a567-4bbf-9a02-c9275afc01eb,"[""Casual Dining Restaurant Solutions"",""Signature Dishes"",""Premium Beverages"",""Quality Ingredients"",""Specialty Snacks"",""Custom Combos"",""Healthy Options"",""Desserts""]","[""Dine-in Experience"",""Takeaway"",""Home Delivery"",""Catering Services"",""Online Ordering"",""Quick Service"",""Casual Dining Restaurant Services""]",,2026-04-08 19:12:39,2026-04-08 19:12:39
a7dd1f52-3bc7-41d6-ac70-e479958c79b5,a1493b5e-0543-4452-9067-7c5f7b754c44,"[""Study Materials"",""Interactive Curriculum"",""Workbooks & Notes"",""E-Learning Modules"",""Assessment Tools"",""Certifications"",""Digital Content""]","[""Classroom Training"",""Online Classes"",""1-on-1 Mentorship"",""Doubt Clearing Sessions"",""Career Counseling"",""Skill Development"",""Seminars""]",,2026-04-08 19:12:39,2026-04-08 19:12:39
a2ad46e6-96df-4c25-b577-77381cfb3e54,6a9c0ba7-43e9-431e-9938-0a621b01313d,"[""Others Solutions"",""Signature Dishes"",""Premium Beverages"",""Quality Ingredients"",""Specialty Snacks"",""Custom Combos"",""Healthy Options"",""Desserts""]","[""Dine-in Experience"",""Takeaway"",""Home Delivery"",""Catering Services"",""Online Ordering"",""Quick Service"",""Others Services""]",,2026-04-08 19:12:39,2026-04-08 19:12:39
392b6c92-1314-4fa1-acef-48aae8ed8586,59dc22f8-6053-4e48-8d1a-27fcf91afdae,"[""Games for rent"",""Sports, Video, Gaming Centers Solutions"",""Flagship Products"",""Industry Specific Tools"",""Branded Offerings"",""Specialized Kits"",""Premium Goods""]","[""Dedicated Customer Support"",""Consultation Services"",""Professional Advisory"",""After-Sales Support"",""Strategy Planning"",""Sports, Video, Gaming Centers Services""]",,2026-04-08 19:12:39,2026-04-08 19:12:39
4ca912f2-2468-4e56-bf18-b1c2462230f3,fe93d460-6134-4985-ac4d-9665ca06fb10,"[""Flagship Products"",""Industry Specific Tools"",""Branded Offerings"",""Specialized Kits"",""Premium Goods""]","[""Dedicated Customer Support"",""Consultation Services"",""Professional Advisory"",""After-Sales Support"",""Strategy Planning""]",,2026-04-08 19:12:39,2026-04-08 19:12:39
d4edb09a-f113-4b34-92c7-b1895f5127f2,2c5e32be-f9f9-4329-b3c2-a3b09eebe2b8,"[""Mens Wear Solutions"",""Exclusive Merchandise"",""Branded Products"",""Seasonal Collections"",""Lifestyle Goods"",""Premium Accessories"",""Quality Inventory""]","[""Dedicated Customer Support"",""Consultation Services"",""Professional Advisory"",""After-Sales Support"",""Strategy Planning"",""Mens Wear Services""]",,2026-04-08 19:12:39,2026-04-08 19:12:39
d258f9a5-6d64-4107-a371-a2480f8776c1,e7d18d1f-fe73-4333-842c-7baf64fa8627,"[""North Indian"",""Rajasthani cuisine"",""Multi Cuisine Restaurant Solutions"",""Signature Dishes"",""Premium Beverages"",""Quality Ingredients"",""Specialty Snacks"",""Custom Combos""]","[""Dine-in Experience"",""Takeaway"",""Home Delivery"",""Catering Services"",""Online Ordering"",""Quick Service"",""Multi Cuisine Restaurant Services""]",,2026-04-08 19:12:39,2026-04-08 19:12:39
e3786ed1-6948-4f41-8443-2e090e55d541,347c9cd3-9b11-49be-93f8-098d0e2f2a53,"[""Indian Food Solutions"",""Signature Dishes"",""Premium Beverages"",""Quality Ingredients"",""Specialty Snacks"",""Custom Combos"",""Healthy Options"",""Desserts""]","[""Dine-in Experience"",""Takeaway"",""Home Delivery"",""Catering Services"",""Online Ordering"",""Quick Service"",""Indian Food Services""]",,2026-04-08 19:12:39,2026-04-08 19:12:39
a7dbde3b-1c5c-4553-8e89-3df27eb390ac,461c9191-2310-4c0d-96ca-7f8e10a1aa7e,"[""Pizza s Solutions"",""Signature Dishes"",""Premium Beverages"",""Quality Ingredients"",""Specialty Snacks"",""Custom Combos"",""Healthy Options"",""Desserts""]","[""Dine-in Experience"",""Takeaway"",""Home Delivery"",""Catering Services"",""Online Ordering"",""Quick Service"",""Pizza s Services""]",,2026-04-08 19:12:39,2026-04-08 19:12:39
90aef335-265c-4b66-8ec8-2ce075e9afe9,2061b839-e810-4ecc-9b15-86a97286d7a2,"[""Art, Fashion, Imitation Jewellery Solutions"",""Flagship Products"",""Industry Specific Tools"",""Branded Offerings"",""Specialized Kits"",""Premium Goods""]","[""Dedicated Customer Support"",""Consultation Services"",""Professional Advisory"",""After-Sales Support"",""Strategy Planning"",""Art, Fashion, Imitation Jewellery Services""]",,2026-04-08 19:12:39,2026-04-08 19:12:39
02819f19-2f64-4cb0-b8da-933a97b1b474,08ba0ca2-781f-4c42-8aa1-64396ada6fca,"[""Online Travel Services Solutions"",""Flagship Products"",""Industry Specific Tools"",""Branded Offerings"",""Specialized Kits"",""Premium Goods""]","[""Dedicated Customer Support"",""Consultation Services"",""Professional Advisory"",""After-Sales Support"",""Strategy Planning"",""Online Travel Services Services""]",,2026-04-08 19:12:39,2026-04-08 19:12:39
2670cba0-221a-487d-85b7-261358a08dda,6b95311a-4ff4-490c-b9d5-16744bb967dc,"[""Sports, Video, Gaming Centers Solutions"",""Flagship Products"",""Industry Specific Tools"",""Branded Offerings"",""Specialized Kits"",""Premium Goods""]","[""Dedicated Customer Support"",""Consultation Services"",""Professional Advisory"",""After-Sales Support"",""Strategy Planning"",""Sports, Video, Gaming Centers Services""]",,2026-04-08 19:12:39,2026-04-08 19:12:39
7197271b-5346-4da0-93f6-0c75d9412162,e1ed6ecc-1aba-40fc-a2df-86facd23e5e6,"[""Preschool Solutions"",""Study Materials"",""Interactive Curriculum"",""Workbooks & Notes"",""E-Learning Modules"",""Assessment Tools"",""Certifications"",""Digital Content""]","[""Classroom Training"",""Online Classes"",""1-on-1 Mentorship"",""Doubt Clearing Sessions"",""Career Counseling"",""Skill Development"",""Seminars"",""Preschool Services""]",,2026-04-08 19:12:39,2026-04-08 19:12:39
10e2f7e1-f34b-4b81-9aaf-390f54fa483b,2638b80b-5734-464a-bafe-fe2bfd2bd365,"[""Courier s Solutions"",""Flagship Products"",""Industry Specific Tools"",""Branded Offerings"",""Specialized Kits"",""Premium Goods""]","[""Dedicated Customer Support"",""Consultation Services"",""Professional Advisory"",""After-Sales Support"",""Strategy Planning"",""Courier s Services""]",,2026-04-08 19:12:39,2026-04-08 19:12:39
68d4c4a4-a9ca-4582-8741-fb8562c25239,a658677b-1db9-4aa6-8436-7f0b14d30e61,"[""Study Materials"",""Interactive Curriculum"",""Workbooks & Notes"",""E-Learning Modules"",""Assessment Tools"",""Certifications"",""Digital Content""]","[""Classroom Training"",""Online Classes"",""1-on-1 Mentorship"",""Doubt Clearing Sessions"",""Career Counseling"",""Skill Development"",""Seminars""]",,2026-04-08 19:12:39,2026-04-08 19:12:39
a6b9ec3e-a0ea-4a25-8728-0f46e06560e1,6e0255bf-313e-4d55-a8f1-4d3bef72e9cb,"[""Wraps"",""Burgers"",""Chicken Solutions"",""Signature Dishes"",""Premium Beverages"",""Quality Ingredients"",""Specialty Snacks"",""Custom Combos""]","[""Dine-in Experience"",""Takeaway"",""Home Delivery"",""Catering Services"",""Online Ordering"",""Quick Service"",""Chicken Services""]",,2026-04-08 19:12:39,2026-04-08 19:12:39
6fcd637b-7535-4595-a59f-dff36bc4aac0,1d34102a-aab4-4a45-b78a-7d4225ae27be,"[""Study Materials"",""Interactive Curriculum"",""Workbooks & Notes"",""E-Learning Modules"",""Assessment Tools"",""Certifications"",""Digital Content""]","[""Classroom Training"",""Online Classes"",""1-on-1 Mentorship"",""Doubt Clearing Sessions"",""Career Counseling"",""Skill Development"",""Seminars""]",,2026-04-08 19:12:39,2026-04-08 19:12:39
d507a207-acb1-45ad-b011-18ba3735a103,bea46b79-4244-4576-85e4-528ac556136b,"[""Overseas Education Solutions"",""Study Materials"",""Interactive Curriculum"",""Workbooks & Notes"",""E-Learning Modules"",""Assessment Tools"",""Certifications"",""Digital Content""]","[""Classroom Training"",""Online Classes"",""1-on-1 Mentorship"",""Doubt Clearing Sessions"",""Career Counseling"",""Skill Development"",""Seminars"",""Overseas Education Services""]",,2026-04-08 19:12:39,2026-04-08 19:12:39
2e42f702-614a-4e82-852e-9acbe153f4de,8d7cffb9-1d5d-471e-9af9-e3f0a99bb369,"[""Others Solutions"",""Flagship Products"",""Industry Specific Tools"",""Branded Offerings"",""Specialized Kits"",""Premium Goods""]","[""Dedicated Customer Support"",""Consultation Services"",""Professional Advisory"",""After-Sales Support"",""Strategy Planning"",""Others Services""]",,2026-04-08 19:12:39,2026-04-08 19:12:39
99c7f403-4491-4135-8db2-4f56b764a75d,72ee4dd0-0ecf-483c-9a06-78f73c613de2,"[""Dealerships Solutions"",""Flagship Products"",""Industry Specific Tools"",""Branded Offerings"",""Specialized Kits"",""Premium Goods""]","[""Dedicated Customer Support"",""Consultation Services"",""Professional Advisory"",""After-Sales Support"",""Strategy Planning"",""Dealerships Services""]",,2026-04-08 19:12:39,2026-04-08 19:12:39
79f3128e-6048-4c82-aca6-b51165acf40e,26b22c13-1e0a-4ba6-9be2-e66f13efa503,"[""Advertisement And Media Related Solutions"",""Flagship Products"",""Industry Specific Tools"",""Branded Offerings"",""Specialized Kits"",""Premium Goods""]","[""Dedicated Customer Support"",""Consultation Services"",""Professional Advisory"",""After-Sales Support"",""Strategy Planning"",""Advertisement And Media Related Services""]",,2026-04-08 19:12:39,2026-04-08 19:12:39
096b0e21-ede8-4931-9f0c-5e7ec5f180b0,f668fec4-839b-427e-b59d-33d21fba5dc6,"[""100% Vegetarian  Incl Vegan Solutions"",""Signature Dishes"",""Premium Beverages"",""Quality Ingredients"",""Specialty Snacks"",""Custom Combos"",""Healthy Options"",""Desserts""]","[""Dine-in Experience"",""Takeaway"",""Home Delivery"",""Catering Services"",""Online Ordering"",""Quick Service"",""100% Vegetarian  Incl Vegan Services""]",,2026-04-08 19:12:39,2026-04-08 19:12:39
c91b7ab6-c0fc-4ad7-b76e-f6b85a5afe70,a0ba16d3-d191-47b4-a6c8-fe2d38623b8c,"[""Distributorships Solutions"",""Flagship Products"",""Industry Specific Tools"",""Branded Offerings"",""Specialized Kits"",""Premium Goods""]","[""Dedicated Customer Support"",""Consultation Services"",""Professional Advisory"",""After-Sales Support"",""Strategy Planning"",""Distributorships Services""]",,2026-04-08 19:12:39,2026-04-08 19:12:39
8b39a285-f0ed-4f3a-98d9-6e0a725a3dc7,e6c8cc8a-a1a3-494f-ad5e-58bbbcc820b2,"[""Others Solutions"",""Study Materials"",""Interactive Curriculum"",""Workbooks & Notes"",""E-Learning Modules"",""Assessment Tools"",""Certifications"",""Digital Content""]","[""Classroom Training"",""Online Classes"",""1-on-1 Mentorship"",""Doubt Clearing Sessions"",""Career Counseling"",""Skill Development"",""Seminars"",""Others Services""]",,2026-04-08 19:12:39,2026-04-08 19:12:39
22b1aaf2-2fb1-4c1e-a1ed-03dbe3fd477a,e4087fad-a30f-4b77-b103-34fad162a057,"[""Free IELTS &amp"",""Overseas Education Solutions"",""Study Materials"",""Interactive Curriculum"",""Workbooks & Notes"",""E-Learning Modules"",""Assessment Tools"",""Certifications""]","[""Classroom Training"",""Online Classes"",""1-on-1 Mentorship"",""Doubt Clearing Sessions"",""Career Counseling"",""Skill Development"",""Seminars"",""Overseas Education Services""]",,2026-04-08 19:12:39,2026-04-08 19:12:39
c57025cc-8cff-4912-b686-34fe3559282c,a6df3ed0-c970-4738-b069-0d0b3f074067,"[""Not Provided Solutions"",""Flagship Products"",""Industry Specific Tools"",""Branded Offerings"",""Specialized Kits"",""Premium Goods""]","[""Dedicated Customer Support"",""Consultation Services"",""Professional Advisory"",""After-Sales Support"",""Strategy Planning"",""Not Provided Services""]",,2026-04-08 19:12:39,2026-04-08 19:12:39
26c95f94-6df5-4a1d-9fd4-c69e747a76da,045fc82d-9a9a-4c27-8d45-0ca81f079da5,"[""Vending Machines For Coffee, Tea, Soda Solutions"",""Flagship Products"",""Industry Specific Tools"",""Branded Offerings"",""Specialized Kits"",""Premium Goods""]","[""Dedicated Customer Support"",""Consultation Services"",""Professional Advisory"",""After-Sales Support"",""Strategy Planning"",""Vending Machines For Coffee, Tea, Soda Services""]",,2026-04-08 19:12:39,2026-04-08 19:12:39
eac316e2-85c2-4752-95d5-a70c865dfa38,d4a98fa0-392a-4d1a-a604-8d6b7192d0fc,"[""Gems,Diamonds,Precious,Stones Solutions"",""Flagship Products"",""Industry Specific Tools"",""Branded Offerings"",""Specialized Kits"",""Premium Goods""]","[""Dedicated Customer Support"",""Consultation Services"",""Professional Advisory"",""After-Sales Support"",""Strategy Planning"",""Gems,Diamonds,Precious,Stones Services""]",,2026-04-08 19:12:39,2026-04-08 19:12:39
e244de83-ec8e-4c20-aa74-e432b677cbf4,7458e7b0-d0ef-4b53-a5e4-86841a6f2cb8,"[""Pharmacy Solutions"",""Health Supplements"",""Workout Gear"",""Diet & Nutrition Plans"",""Wellness Products"",""Fitness Equipment"",""Therapeutic Goods""]","[""Personal Training"",""Group Classes"",""Nutritional Counseling"",""Health Assessments"",""Membership Programs"",""Rehabilitation"",""Pharmacy Services""]",,2026-04-08 19:12:39,2026-04-08 19:12:39
f7a700a5-3300-446e-b37e-5102010c0159,f820283f-e6d8-4a5a-a986-8137c8b312c6,"[""Overseas Education Solutions"",""Solutions"",""Immigration Services Solutions"",""Flagship Products"",""Industry Specific Tools"",""Branded Offerings"",""Specialized Kits"",""Premium Goods""]","[""Dedicated Customer Support"",""Consultation Services"",""Professional Advisory"",""After-Sales Support"",""Strategy Planning"",""Immigration Services Services""]",,2026-04-08 19:12:39,2026-04-08 19:12:39
252f66cc-c097-42e5-92fc-4737f207da5f,d1064201-71bd-4e54-8900-e6cf6f3dd68b,"[""Fabrics, Furnishings, Apparel Solutions"",""Flagship Products"",""Industry Specific Tools"",""Branded Offerings"",""Specialized Kits"",""Premium Goods""]","[""Dedicated Customer Support"",""Consultation Services"",""Professional Advisory"",""After-Sales Support"",""Strategy Planning"",""Fabrics, Furnishings, Apparel Services""]",,2026-04-08 19:12:39,2026-04-08 19:12:39
96c75ff7-b4c0-411a-95be-3356dada0d60,7eb7d756-6cb1-477f-8fc8-49359f771bd3,"[""Montessori School Solutions"",""Study Materials"",""Interactive Curriculum"",""Workbooks & Notes"",""E-Learning Modules"",""Assessment Tools"",""Certifications"",""Digital Content""]","[""Classroom Training"",""Online Classes"",""1-on-1 Mentorship"",""Doubt Clearing Sessions"",""Career Counseling"",""Skill Development"",""Seminars"",""Montessori School Services""]",,2026-04-08 19:12:39,2026-04-08 19:12:39
6ed7d7ee-b0bf-44ec-af1a-e023493aaa39,e46f16cd-b422-4b25-ac13-3b1cb3a29296,"[""Study Materials"",""Interactive Curriculum"",""Workbooks & Notes"",""E-Learning Modules"",""Assessment Tools"",""Certifications"",""Digital Content""]","[""Classroom Training"",""Online Classes"",""1-on-1 Mentorship"",""Doubt Clearing Sessions"",""Career Counseling"",""Skill Development"",""Seminars""]",,2026-04-08 19:12:39,2026-04-08 19:12:39
7b45f159-4bde-4fae-b3d3-2bc01a4e6f54,16f64bb0-ea2d-4edc-a301-70f1bc51f9ed,"[""Health Supplements"",""Workout Gear"",""Diet & Nutrition Plans"",""Wellness Products"",""Fitness Equipment"",""Therapeutic Goods""]","[""Personal Training"",""Group Classes"",""Nutritional Counseling"",""Health Assessments"",""Membership Programs"",""Rehabilitation""]",,2026-04-08 19:12:39,2026-04-08 19:12:39
b6bc5911-c123-43f7-856c-88495fe341d4,a0922ba5-811a-4855-a870-b6bab5684f21,"[""Computer Software, Hardware, Networking, IT Solutions"",""Study Materials"",""Interactive Curriculum"",""Workbooks & Notes"",""E-Learning Modules"",""Assessment Tools"",""Certifications"",""Digital Content""]","[""Classroom Training"",""Online Classes"",""1-on-1 Mentorship"",""Doubt Clearing Sessions"",""Career Counseling"",""Skill Development"",""Seminars"",""Computer Software, Hardware, Networking, IT Services""]",,2026-04-08 19:12:39,2026-04-08 19:12:39
7596d240-7f58-4065-b2c9-57cc7571192c,e6d04fb6-613a-49c5-b20b-ede8c3baee19,"[""Flagship Products"",""Industry Specific Tools"",""Branded Offerings"",""Specialized Kits"",""Premium Goods""]","[""Dedicated Customer Support"",""Consultation Services"",""Professional Advisory"",""After-Sales Support"",""Strategy Planning""]",,2026-04-08 19:12:39,2026-04-08 19:12:39
fa4b1c11-af5f-4f29-9b85-5477a7deb424,72eda969-4808-4bb9-9ccb-785c512eee76,"[""Geo Reference Modeling"",""Geo Based Applications"",""Animation Solutions"",""Study Materials"",""Interactive Curriculum"",""Workbooks & Notes"",""E-Learning Modules"",""Assessment Tools""]","[""Classroom Training"",""Online Classes"",""1-on-1 Mentorship"",""Doubt Clearing Sessions"",""Career Counseling"",""Skill Development"",""Seminars"",""Animation Services""]",,2026-04-08 19:12:39,2026-04-08 19:12:39
f764d728-2c67-4da3-8672-ca99f990de4a,b06bd829-35a8-4121-b74b-170a39864283,"[""All Subjects Under one roof"",""Study Materials"",""Interactive Curriculum"",""Workbooks & Notes"",""E-Learning Modules"",""Assessment Tools"",""Certifications"",""Digital Content""]","[""Classroom Training"",""Online Classes"",""1-on-1 Mentorship"",""Doubt Clearing Sessions"",""Career Counseling"",""Skill Development"",""Seminars""]",,2026-04-08 19:12:39,2026-04-08 19:12:39
99945ca3-7a0f-4428-99d0-522087e7cfae,d6173ec1-3dcf-4962-a6e0-2c6c79370ed5,"[""Distributorships Solutions"",""Flagship Products"",""Industry Specific Tools"",""Branded Offerings"",""Specialized Kits"",""Premium Goods""]","[""Dedicated Customer Support"",""Consultation Services"",""Professional Advisory"",""After-Sales Support"",""Strategy Planning"",""Distributorships Services""]",,2026-04-08 19:12:39,2026-04-08 19:12:39
bf9a9c11-37d7-4e23-a307-5c8c5e1097c7,6e4f3c73-100c-49f2-9ef4-8858818369e7,"[""Marketing Companies Solutions"",""Flagship Products"",""Industry Specific Tools"",""Branded Offerings"",""Specialized Kits"",""Premium Goods""]","[""Dedicated Customer Support"",""Consultation Services"",""Professional Advisory"",""After-Sales Support"",""Strategy Planning"",""Marketing Companies Services""]",,2026-04-08 19:12:39,2026-04-08 19:12:39
a26d7c5b-2266-4465-9e7e-86a6f0c3a39c,3f2ff01b-88cd-4e37-9bd0-e7900b29b5c8,"[""Online Travel Services Solutions"",""Flagship Products"",""Industry Specific Tools"",""Branded Offerings"",""Specialized Kits"",""Premium Goods""]","[""Dedicated Customer Support"",""Consultation Services"",""Professional Advisory"",""After-Sales Support"",""Strategy Planning"",""Online Travel Services Services""]",,2026-04-08 19:12:39,2026-04-08 19:12:39
b0b51372-791f-4c65-8f01-e9b6588a63fd,2d022420-9eb4-423c-a6c4-df5355bb43e4,"[""Others Solutions"",""Flagship Products"",""Industry Specific Tools"",""Branded Offerings"",""Specialized Kits"",""Premium Goods""]","[""Dedicated Customer Support"",""Consultation Services"",""Professional Advisory"",""After-Sales Support"",""Strategy Planning"",""Others Services""]",,2026-04-08 19:12:39,2026-04-08 19:12:39
38b62c45-86c7-4f98-97fc-cb0f9067df3f,2cc76e7e-b669-45e4-966b-fdedcc772ed8,"[""Ready-to-use innovative"",""IT Services Incl ITES Solutions"",""Flagship Products"",""Industry Specific Tools"",""Branded Offerings"",""Specialized Kits"",""Premium Goods""]","[""Dedicated Customer Support"",""Consultation Services"",""Professional Advisory"",""After-Sales Support"",""Strategy Planning"",""IT Services Incl ITES Services""]",,2026-04-08 19:12:39,2026-04-08 19:12:39
0f8937c1-b5af-4686-bfdc-69377233eea3,9742f0bd-b0d5-4e91-ad1b-8522deda6a59,"[""Pharmacy Solutions"",""Health Supplements"",""Workout Gear"",""Diet & Nutrition Plans"",""Wellness Products"",""Fitness Equipment"",""Therapeutic Goods""]","[""Personal Training"",""Group Classes"",""Nutritional Counseling"",""Health Assessments"",""Membership Programs"",""Rehabilitation"",""Pharmacy Services""]",,2026-04-08 19:12:39,2026-04-08 19:12:39
692d051c-51ff-4e1e-825b-6ab20a0170b4,17ac703a-d391-41fb-a5d2-8666fcb2ec5e,"[""Grocery Stores and Food Marts Solutions"",""Exclusive Merchandise"",""Branded Products"",""Seasonal Collections"",""Lifestyle Goods"",""Premium Accessories"",""Quality Inventory""]","[""In-store Shopping"",""Personalized Styling"",""Customer Assistance"",""Easy Returns & Exchange"",""Home Delivery"",""Grocery Stores and Food Marts Services""]",,2026-04-08 19:12:39,2026-04-08 19:12:39
d01ea75b-dc37-4edb-9b1b-7153feea0a2c,60960714-3df7-4f6e-98e6-3055c41b5634,"[""Australia"",""New Zealand"",""Singapore"",""USA"",""Immigration Services Solutions"",""Flagship Products"",""Industry Specific Tools"",""Branded Offerings""]","[""Dedicated Customer Support"",""Consultation Services"",""Professional Advisory"",""After-Sales Support"",""Strategy Planning"",""Immigration Services Services""]",,2026-04-08 19:12:39,2026-04-08 19:12:39
1451a378-3da4-4c56-b099-99d261a16621,b926cd1b-f306-40f3-a71c-92ea1f06e2b8,"[""Paint and Painting Solutions"",""Flagship Products"",""Industry Specific Tools"",""Branded Offerings"",""Specialized Kits"",""Premium Goods""]","[""Dedicated Customer Support"",""Consultation Services"",""Professional Advisory"",""After-Sales Support"",""Strategy Planning"",""Paint and Painting Services""]",,2026-04-08 19:12:39,2026-04-08 19:12:39
35d0563c-c46e-43eb-9074-3318fd255a71,7eeb92a1-3692-48ea-bf58-340be1553c51,"[""Real Estate Services, Portals, Online,Marketing Solutions"",""Flagship Products"",""Industry Specific Tools"",""Branded Offerings"",""Specialized Kits"",""Premium Goods""]","[""Dedicated Customer Support"",""Consultation Services"",""Professional Advisory"",""After-Sales Support"",""Strategy Planning"",""Real Estate Services, Portals, Online,Marketing Services""]",,2026-04-08 19:12:39,2026-04-08 19:12:39
172b8a63-f337-4cc3-80f4-ef4d6962e68a,94e65573-1d37-4660-9e0d-1ea45c5f5c34,"[""Cakes"",""Sweets"",""Chocolates"",""Goodies"",""Plants"",""Florists Solutions"",""Exclusive Merchandise"",""Branded Products""]","[""In-store Shopping"",""Personalized Styling"",""Customer Assistance"",""Easy Returns & Exchange"",""Home Delivery"",""Florists Services""]",,2026-04-08 19:12:39,2026-04-08 19:12:39
65f5b57a-a830-4bbc-9fa7-75c8470dabb4,ffa32c4f-d2e7-4b1f-81a0-f71bcb86dc13,"[""Gift, Hobby, Cards, Candle, Souvenir Shops Solutions"",""Exclusive Merchandise"",""Branded Products"",""Seasonal Collections"",""Lifestyle Goods"",""Premium Accessories"",""Quality Inventory""]","[""In-store Shopping"",""Personalized Styling"",""Customer Assistance"",""Easy Returns & Exchange"",""Home Delivery"",""Gift, Hobby, Cards, Candle, Souvenir Shops Services""]",,2026-04-08 19:12:39,2026-04-08 19:12:39
d7641a1f-40e3-4ae3-8c4d-6ac7316dfd98,cebdacba-a001-455e-9cf3-c3db13b973f2,"[""Others Solutions"",""Investment Portfolios"",""Insurance Policies"",""Loan Packages"",""Financial Planning Tools"",""Tax Software""]","[""Dedicated Customer Support"",""Consultation Services"",""Professional Advisory"",""After-Sales Support"",""Strategy Planning"",""Others Services""]",,2026-04-08 19:12:39,2026-04-08 19:12:39
d1fcdfc5-1d1b-4591-9f78-698e6fec2fa2,bc8f7b64-0b52-47f2-ae70-e9500d56cb14,"[""Advertisement And Media Related Solutions"",""Flagship Products"",""Industry Specific Tools"",""Branded Offerings"",""Specialized Kits"",""Premium Goods""]","[""Dedicated Customer Support"",""Consultation Services"",""Professional Advisory"",""After-Sales Support"",""Strategy Planning"",""Advertisement And Media Related Services""]",,2026-04-08 19:12:39,2026-04-08 19:12:39
8103fbb9-0ead-4bc4-8337-c1ee633becae,4e7d7c98-27ca-4843-a64a-7552343b1082,"[""Exclusive Merchandise"",""Branded Products"",""Seasonal Collections"",""Lifestyle Goods"",""Premium Accessories"",""Quality Inventory""]","[""In-store Shopping"",""Personalized Styling"",""Customer Assistance"",""Easy Returns & Exchange"",""Home Delivery""]",,2026-04-08 19:12:39,2026-04-08 19:12:39
e74c2c99-6706-4b85-9999-f5b942081f44,6ba3ac88-a86e-4c68-9f77-fe851c74a98b,"[""Consumers something relevant"",""Useful"",""On-brand"",""Not Available Solutions"",""Exclusive Merchandise"",""Branded Products"",""Seasonal Collections"",""Lifestyle Goods""]","[""In-store Shopping"",""Personalized Styling"",""Customer Assistance"",""Easy Returns & Exchange"",""Home Delivery"",""Not Available Services""]",,2026-04-08 19:12:39,2026-04-08 19:12:39
8b064ba7-d37b-4c82-851a-18a34af66aae,1b7d54c3-76b9-4693-a87a-fb1a93b4c19b,"[""Gems,Diamonds,Precious,Stones Solutions"",""Flagship Products"",""Industry Specific Tools"",""Branded Offerings"",""Specialized Kits"",""Premium Goods""]","[""Dedicated Customer Support"",""Consultation Services"",""Professional Advisory"",""After-Sales Support"",""Strategy Planning"",""Gems,Diamonds,Precious,Stones Services""]",,2026-04-08 19:12:39,2026-04-08 19:12:39
16ad3fcf-55d0-494c-9fec-49382d3f410e,55e89094-73b0-434a-a046-5ed6ec5b1e52,"[""Furniture and Wood Related Solutions"",""Flagship Products"",""Industry Specific Tools"",""Branded Offerings"",""Specialized Kits"",""Premium Goods""]","[""Dedicated Customer Support"",""Consultation Services"",""Professional Advisory"",""After-Sales Support"",""Strategy Planning"",""Furniture and Wood Related Services""]",,2026-04-08 19:12:39,2026-04-08 19:12:39
4299cb78-7a64-484a-82b2-45d789b06428,eca665f2-eeed-4848-aed0-15dc5893d228,"[""Affordable"",""Reliable"",""24/7 customer support"",""Car Rental And Cab Services Solutions"",""Flagship Products"",""Industry Specific Tools"",""Branded Offerings"",""Specialized Kits""]","[""Dedicated Customer Support"",""Consultation Services"",""Professional Advisory"",""After-Sales Support"",""Strategy Planning"",""Car Rental And Cab Services Services""]",,2026-04-08 19:12:39,2026-04-08 19:12:39
e0d7016a-b75c-42aa-bd84-4d024eeccb5d,21c08f1a-293f-4a0b-b07c-ac7b7f76a246,"[""Mens Wear Solutions"",""Exclusive Merchandise"",""Branded Products"",""Seasonal Collections"",""Lifestyle Goods"",""Premium Accessories"",""Quality Inventory""]","[""Dedicated Customer Support"",""Consultation Services"",""Professional Advisory"",""After-Sales Support"",""Strategy Planning"",""Mens Wear Services""]",,2026-04-08 19:12:39,2026-04-08 19:12:39
4500d081-d5c6-4c4e-a292-0b805e72aecc,a4f4f6bf-37e4-4a9f-b398-cd279ca3eb20,"[""Gems,Diamonds,Precious,Stones Solutions"",""Flagship Products"",""Industry Specific Tools"",""Branded Offerings"",""Specialized Kits"",""Premium Goods""]","[""Dedicated Customer Support"",""Consultation Services"",""Professional Advisory"",""After-Sales Support"",""Strategy Planning"",""Gems,Diamonds,Precious,Stones Services""]",,2026-04-08 19:12:39,2026-04-08 19:12:39
0d0f7a8b-ebaf-4d42-80fd-d0db13ff4ae6,e6c1734f-0826-4a99-bd22-bdae98dd5721,"[""Computer Software, Hardware, Networking, IT Solutions"",""Study Materials"",""Interactive Curriculum"",""Workbooks & Notes"",""E-Learning Modules"",""Assessment Tools"",""Certifications"",""Digital Content""]","[""Classroom Training"",""Online Classes"",""1-on-1 Mentorship"",""Doubt Clearing Sessions"",""Career Counseling"",""Skill Development"",""Seminars"",""Computer Software, Hardware, Networking, IT Services""]",,2026-04-08 19:12:39,2026-04-08 19:12:39
9cc260d2-482b-45b8-a5cb-606f120dfa73,fdb3eb13-4c01-4e83-b659-d8901fb4de44,"[""Mens Wear Solutions"",""Exclusive Merchandise"",""Branded Products"",""Seasonal Collections"",""Lifestyle Goods"",""Premium Accessories"",""Quality Inventory""]","[""Dedicated Customer Support"",""Consultation Services"",""Professional Advisory"",""After-Sales Support"",""Strategy Planning"",""Mens Wear Services""]",,2026-04-08 19:12:39,2026-04-08 19:12:39
d44e9d72-9d6b-4302-9a73-8f47078e9b36,73228236-aaf9-4143-91e0-15f22840f626,"[""Photography and Video Solutions"",""Exclusive Merchandise"",""Branded Products"",""Seasonal Collections"",""Lifestyle Goods"",""Premium Accessories"",""Quality Inventory""]","[""In-store Shopping"",""Personalized Styling"",""Customer Assistance"",""Easy Returns & Exchange"",""Home Delivery"",""Photography and Video Services""]",,2026-04-08 19:12:39,2026-04-08 19:12:39
38403fff-bcc9-4299-a898-cb139e350b37,b1bb8354-7ce1-430d-9cff-7740280bb255,"[""A whooping business"",""Quality savings"",""Art ,Painting, Framing, Museums Solutions"",""Exclusive Merchandise"",""Branded Products"",""Seasonal Collections"",""Lifestyle Goods"",""Premium Accessories""]","[""In-store Shopping"",""Personalized Styling"",""Customer Assistance"",""Easy Returns & Exchange"",""Home Delivery"",""Art ,Painting, Framing, Museums Services""]",,2026-04-08 19:12:39,2026-04-08 19:12:39
dd1696e3-f8ba-4c94-8e79-4a3bf6c2fcd5,fcac8467-32d5-49e2-a8eb-c118a3c47f1d,"[""Others Solutions"",""Flagship Products"",""Industry Specific Tools"",""Branded Offerings"",""Specialized Kits"",""Premium Goods""]","[""Dedicated Customer Support"",""Consultation Services"",""Professional Advisory"",""After-Sales Support"",""Strategy Planning"",""Others Services""]",,2026-04-08 19:12:39,2026-04-08 19:12:39
98a90f42-34fc-420e-bfe2-0d46eeed3828,bf7a3031-c070-4537-97b1-83adb7c3f505,"[""Cosmetics and Beauty Products Solutions"",""Premium Cosmetics"",""Hair Care Products"",""Skincare Solutions"",""Grooming Kits"",""Spa Essentials""]","[""Hair Styling & Color"",""Spa Therapies"",""Facial Treatments"",""Bridal Makeup"",""Consultations"",""Nail Art"",""Cosmetics and Beauty Products Services""]",,2026-04-08 19:12:39,2026-04-08 19:12:39
1109d8f2-79c2-4084-ab07-1f1f34018f6f,3892f768-bcff-4b6b-bf0f-3bfeb2aeb499,"[""Others Solutions"",""Flagship Products"",""Industry Specific Tools"",""Branded Offerings"",""Specialized Kits"",""Premium Goods""]","[""Dedicated Customer Support"",""Consultation Services"",""Professional Advisory"",""After-Sales Support"",""Strategy Planning"",""Others Services""]",,2026-04-08 19:12:39,2026-04-08 19:12:39
aff6f50a-c676-4da0-8233-0e565f8ef863,bd165746-2a70-4c31-993b-63ac8927f4f6,"[""Animation Solutions"",""Study Materials"",""Interactive Curriculum"",""Workbooks & Notes"",""E-Learning Modules"",""Assessment Tools"",""Certifications"",""Digital Content""]","[""Classroom Training"",""Online Classes"",""1-on-1 Mentorship"",""Doubt Clearing Sessions"",""Career Counseling"",""Skill Development"",""Seminars"",""Animation Services""]",,2026-04-08 19:12:39,2026-04-08 19:12:39
a89cec91-9961-4701-b29a-7d8a14d16624,500d8df9-2fdd-46ef-a75d-a8264eeecfd9,"[""Flagship Products"",""Industry Specific Tools"",""Branded Offerings"",""Specialized Kits"",""Premium Goods""]","[""Dedicated Customer Support"",""Consultation Services"",""Professional Advisory"",""After-Sales Support"",""Strategy Planning""]",,2026-04-08 19:12:39,2026-04-08 19:12:39
225614f3-dc62-4e50-969b-976871381055,e839ecd7-d52a-470b-baea-fedbc7e71438,"[""Immigration Services Solutions"",""Flagship Products"",""Industry Specific Tools"",""Branded Offerings"",""Specialized Kits"",""Premium Goods""]","[""Dedicated Customer Support"",""Consultation Services"",""Professional Advisory"",""After-Sales Support"",""Strategy Planning"",""Immigration Services Services""]",,2026-04-08 19:12:39,2026-04-08 19:12:39
537a9d64-9655-408b-bde2-06a60b0b5b8f,45837384-1b00-461d-a7ed-b2b0b7781841,"[""Others Solutions"",""Flagship Products"",""Industry Specific Tools"",""Branded Offerings"",""Specialized Kits"",""Premium Goods""]","[""Dedicated Customer Support"",""Consultation Services"",""Professional Advisory"",""After-Sales Support"",""Strategy Planning"",""Others Services""]",,2026-04-08 19:12:39,2026-04-08 19:12:39
83bb4b6b-a5da-42fe-a252-7a3ce2e1888d,2dcd2e69-70ad-457c-be3d-820eb2bc1c0c,"[""Personality Development, Grooming, Finishing Solutions"",""Study Materials"",""Interactive Curriculum"",""Workbooks & Notes"",""E-Learning Modules"",""Assessment Tools"",""Certifications"",""Digital Content""]","[""Classroom Training"",""Online Classes"",""1-on-1 Mentorship"",""Doubt Clearing Sessions"",""Career Counseling"",""Skill Development"",""Seminars"",""Personality Development, Grooming, Finishing Services""]",,2026-04-08 19:12:39,2026-04-08 19:12:39
5cea6836-b14b-4abe-985d-ddf62017dd27,bd3636b6-8560-4572-8921-adddb68bff2a,"[""Study Materials"",""Interactive Curriculum"",""Workbooks & Notes"",""E-Learning Modules"",""Assessment Tools"",""Certifications"",""Digital Content""]","[""Classroom Training"",""Online Classes"",""1-on-1 Mentorship"",""Doubt Clearing Sessions"",""Career Counseling"",""Skill Development"",""Seminars""]",,2026-04-08 19:12:39,2026-04-08 19:12:39
a95a5f2f-d1c9-4843-a924-73bf22e5ad07,886fe24d-396c-4a99-8f81-1900b9efe2d8,"[""Study Materials"",""Interactive Curriculum"",""Workbooks & Notes"",""E-Learning Modules"",""Assessment Tools"",""Certifications"",""Digital Content""]","[""Classroom Training"",""Online Classes"",""1-on-1 Mentorship"",""Doubt Clearing Sessions"",""Career Counseling"",""Skill Development"",""Seminars""]",,2026-04-08 19:12:39,2026-04-08 19:12:39
421222db-a207-42c3-b998-c34208066332,f0c09f55-f5ac-46c5-ba87-c2c231baf367,"[""School  Opportunities Solutions"",""Study Materials"",""Interactive Curriculum"",""Workbooks & Notes"",""E-Learning Modules"",""Assessment Tools"",""Certifications"",""Digital Content""]","[""Classroom Training"",""Online Classes"",""1-on-1 Mentorship"",""Doubt Clearing Sessions"",""Career Counseling"",""Skill Development"",""Seminars"",""School  Opportunities Services""]",,2026-04-08 19:12:39,2026-04-08 19:12:39
f40be5f1-2158-4134-9516-81c0cdcccab1,e883cda9-c882-4e7e-852d-fba25e12764c,"[""Taxation Accounting etc"",""Consultants Solutions"",""Flagship Products"",""Industry Specific Tools"",""Branded Offerings"",""Specialized Kits"",""Premium Goods""]","[""Dedicated Customer Support"",""Consultation Services"",""Professional Advisory"",""After-Sales Support"",""Strategy Planning"",""Consultants Services""]",,2026-04-08 19:12:39,2026-04-08 19:12:39
cdafde39-7410-43ea-81e5-132d5aface55,1aecef0c-0b8b-46e2-a157-eccece743a5f,"[""Imported Products Solutions"",""Flagship Products"",""Industry Specific Tools"",""Branded Offerings"",""Specialized Kits"",""Premium Goods""]","[""Dedicated Customer Support"",""Consultation Services"",""Professional Advisory"",""After-Sales Support"",""Strategy Planning"",""Imported Products Services""]",,2026-04-08 19:12:39,2026-04-08 19:12:39
171d5052-8337-4c9a-b290-106a79dc6c33,35e5e296-0392-4bc2-aca2-47a2eb6c35e0,"[""Coffee and Tea Cafe Solutions"",""Flagship Products"",""Industry Specific Tools"",""Branded Offerings"",""Specialized Kits"",""Premium Goods""]","[""Dedicated Customer Support"",""Consultation Services"",""Professional Advisory"",""After-Sales Support"",""Strategy Planning"",""Coffee and Tea Cafe Services""]",,2026-04-08 19:12:39,2026-04-08 19:12:39
d7399236-946f-4520-ad46-8c2e1fbaaef4,996969a8-22ac-4795-aed3-a058926f49fc,"[""Disinfection services"",""Not Provided Solutions"",""Flagship Products"",""Industry Specific Tools"",""Branded Offerings"",""Specialized Kits"",""Premium Goods""]","[""Dedicated Customer Support"",""Consultation Services"",""Professional Advisory"",""After-Sales Support"",""Strategy Planning"",""Not Provided Services""]",,2026-04-08 19:12:39,2026-04-08 19:12:39
b2ea0963-14da-4b57-82e3-e5cbde37eb4c,981bf2e4-4714-45c1-a4f0-665271b2daa6,"[""24X7 customer care service"",""Grocery Stores and Food Marts Solutions"",""Exclusive Merchandise"",""Branded Products"",""Seasonal Collections"",""Lifestyle Goods"",""Premium Accessories"",""Quality Inventory""]","[""In-store Shopping"",""Personalized Styling"",""Customer Assistance"",""Easy Returns & Exchange"",""Home Delivery"",""Grocery Stores and Food Marts Services""]",,2026-04-08 19:12:39,2026-04-08 19:12:39
40fb840e-d3c9-4fb1-99cb-d9c6e49d9317,d95ec232-3c8a-4bb6-8cb7-992297a908eb,"[""Others Solutions"",""Health Supplements"",""Workout Gear"",""Diet & Nutrition Plans"",""Wellness Products"",""Fitness Equipment"",""Therapeutic Goods""]","[""Personal Training"",""Group Classes"",""Nutritional Counseling"",""Health Assessments"",""Membership Programs"",""Rehabilitation"",""Others Services""]",,2026-04-08 19:12:39,2026-04-08 19:12:39
ae049cf9-10e8-42bf-8edc-2678079cc08c,e8431ffe-3863-4c93-a4e5-951e1a675546,"[""Supply Chain Management Solutions"",""Flagship Products"",""Industry Specific Tools"",""Branded Offerings"",""Specialized Kits"",""Premium Goods""]","[""Dedicated Customer Support"",""Consultation Services"",""Professional Advisory"",""After-Sales Support"",""Strategy Planning"",""Supply Chain Management Services""]",,2026-04-08 19:12:39,2026-04-08 19:12:39
e6046c5f-423a-44bc-9d32-8cce34b090b2,f43a6308-5709-4c9b-aa64-32861944d7c9,"[""A great potential for growth"",""Laundry and Dry Cleaning Solutions"",""Flagship Products"",""Industry Specific Tools"",""Branded Offerings"",""Specialized Kits"",""Premium Goods""]","[""Dedicated Customer Support"",""Consultation Services"",""Professional Advisory"",""After-Sales Support"",""Strategy Planning"",""Laundry and Dry Cleaning Services""]",,2026-04-08 19:12:39,2026-04-08 19:12:39
23a16bd3-88e3-4fa2-a931-f167d4409839,30739584-1518-4916-988b-fa89dd220234,"[""Departmental Stores Solutions"",""Exclusive Merchandise"",""Branded Products"",""Seasonal Collections"",""Lifestyle Goods"",""Premium Accessories"",""Quality Inventory""]","[""In-store Shopping"",""Personalized Styling"",""Customer Assistance"",""Easy Returns & Exchange"",""Home Delivery"",""Departmental Stores Services""]",,2026-04-08 19:12:39,2026-04-08 19:12:39
84009db5-0011-49ba-b077-e41dd7f5d9b9,5a599044-0f58-4a8b-962c-16e05b2d0622,"[""Two Wheeler Solutions"",""Genuine Spare Parts"",""Vehicle Accessories"",""Car Care Products"",""Engine Oils"",""Maintenance Kits""]","[""Servicing & Repair"",""Washing & Detailing"",""Roadside Assistance"",""Customization"",""Diagnostic Testing"",""Two Wheeler Services""]",,2026-04-08 19:12:39,2026-04-08 19:12:39
1dd0177c-ec36-4a68-989c-3afc7f9676e1,eccf5479-9385-4679-bf7a-4cc553121456,"[""Include Doorstep Service"",""Professional Washers"",""Affordable Pricing"",""No water"",""No Chemicals"",""No Electricity"",""A 5-star rated app"",""Wash, Detailing, Repair, Oil Change & Maintenance Solutions""]","[""Servicing & Repair"",""Washing & Detailing"",""Roadside Assistance"",""Customization"",""Diagnostic Testing"",""Wash, Detailing, Repair, Oil Change & Maintenance Services""]",,2026-04-08 19:12:39,2026-04-08 19:12:39
f4a7d5bf-7801-4546-90d9-98f2efbeb0fb,02c77067-17f8-490f-ad17-e658f2f5ecc4,"[""Pizza s Solutions"",""Signature Dishes"",""Premium Beverages"",""Quality Ingredients"",""Specialty Snacks"",""Custom Combos"",""Healthy Options"",""Desserts""]","[""Dine-in Experience"",""Takeaway"",""Home Delivery"",""Catering Services"",""Online Ordering"",""Quick Service"",""Pizza s Services""]",,2026-04-08 19:12:39,2026-04-08 19:12:39
86d4a56b-0603-4076-aa65-da781387a438,57e39818-c64a-4f8b-a931-3f8431a066f4,"[""Not Provided Solutions"",""Flagship Products"",""Industry Specific Tools"",""Branded Offerings"",""Specialized Kits"",""Premium Goods""]","[""Dedicated Customer Support"",""Consultation Services"",""Professional Advisory"",""After-Sales Support"",""Strategy Planning"",""Not Provided Services""]",,2026-04-08 19:12:39,2026-04-08 19:12:39
e2fc5051-1df9-49cc-8d80-5dbf671fbc66,c3b5b7bd-9591-4480-b521-3666c95ff7dc,"[""Departmental Stores Solutions"",""Exclusive Merchandise"",""Branded Products"",""Seasonal Collections"",""Lifestyle Goods"",""Premium Accessories"",""Quality Inventory""]","[""In-store Shopping"",""Personalized Styling"",""Customer Assistance"",""Easy Returns & Exchange"",""Home Delivery"",""Departmental Stores Services""]",,2026-04-08 19:12:39,2026-04-08 19:12:39
37f48276-3fd5-483c-a1db-50c2dcd03a17,f2a2b9bb-4317-419c-a106-15199a84a23a,"[""Others Solutions"",""Exclusive Merchandise"",""Branded Products"",""Seasonal Collections"",""Lifestyle Goods"",""Premium Accessories"",""Quality Inventory""]","[""In-store Shopping"",""Personalized Styling"",""Customer Assistance"",""Easy Returns & Exchange"",""Home Delivery"",""Others Services""]",,2026-04-08 19:12:39,2026-04-08 19:12:39
d212d935-ea42-40eb-9e09-388aab689708,e778a0a5-3e05-4ba3-8ddf-b624b9eaa9ed,"[""Art ,Painting, Framing, Museums Solutions"",""Exclusive Merchandise"",""Branded Products"",""Seasonal Collections"",""Lifestyle Goods"",""Premium Accessories"",""Quality Inventory""]","[""In-store Shopping"",""Personalized Styling"",""Customer Assistance"",""Easy Returns & Exchange"",""Home Delivery"",""Art ,Painting, Framing, Museums Services""]",,2026-04-08 19:12:39,2026-04-08 19:12:39
cbad9bfc-08c0-40be-8f2c-21603b203153,778eacfb-906c-4a42-8eb1-6a5d539ff432,"[""Interior Decoration Solutions"",""Flagship Products"",""Industry Specific Tools"",""Branded Offerings"",""Specialized Kits"",""Premium Goods""]","[""Dedicated Customer Support"",""Consultation Services"",""Professional Advisory"",""After-Sales Support"",""Strategy Planning"",""Interior Decoration Services""]",,2026-04-08 19:12:39,2026-04-08 19:12:39
867a44a0-7314-41b1-82e2-59d3584d467c,13309060-695a-4c9f-bbec-ae1e2e4bc4aa,"[""Travel Agents Incl Holiday Packages and Tours Solutions"",""Flagship Products"",""Industry Specific Tools"",""Branded Offerings"",""Specialized Kits"",""Premium Goods""]","[""Dedicated Customer Support"",""Consultation Services"",""Professional Advisory"",""After-Sales Support"",""Strategy Planning"",""Travel Agents Incl Holiday Packages and Tours Services""]",,2026-04-08 19:12:39,2026-04-08 19:12:39
0a4b9ad0-abb1-4a7f-81cb-acaa58864a5a,d925ea02-7824-48f4-97de-f1ee745fab39,"[""Travel Agents Incl Holiday Packages and Tours Solutions"",""Flagship Products"",""Industry Specific Tools"",""Branded Offerings"",""Specialized Kits"",""Premium Goods""]","[""Dedicated Customer Support"",""Consultation Services"",""Professional Advisory"",""After-Sales Support"",""Strategy Planning"",""Travel Agents Incl Holiday Packages and Tours Services""]",,2026-04-08 19:12:39,2026-04-08 19:12:39
90a4b6fb-6a25-4a0b-bb7d-31c3ff3db568,1f5ac31b-5e68-482b-8624-ef1775a11669,"[""Others Solutions"",""Exclusive Merchandise"",""Branded Products"",""Seasonal Collections"",""Lifestyle Goods"",""Premium Accessories"",""Quality Inventory""]","[""In-store Shopping"",""Personalized Styling"",""Customer Assistance"",""Easy Returns & Exchange"",""Home Delivery"",""Others Services""]",,2026-04-08 19:12:39,2026-04-08 19:12:39
c1e810e3-45ac-4922-a060-ca5561fafdae,91faea8d-9ad6-4bd6-a681-70b8ba57b687,"[""Advertisement And Media Related Solutions"",""Flagship Products"",""Industry Specific Tools"",""Branded Offerings"",""Specialized Kits"",""Premium Goods""]","[""Dedicated Customer Support"",""Consultation Services"",""Professional Advisory"",""After-Sales Support"",""Strategy Planning"",""Advertisement And Media Related Services""]",,2026-04-08 19:12:39,2026-04-08 19:12:39
46b07c01-5eec-4c4f-84d3-3d49cf57699e,7104ca13-8df2-497a-b093-ee776a45531a,"[""Foreign Exchange,Currency,Forex Solutions"",""Investment Portfolios"",""Insurance Policies"",""Loan Packages"",""Financial Planning Tools"",""Tax Software""]","[""Dedicated Customer Support"",""Consultation Services"",""Professional Advisory"",""After-Sales Support"",""Strategy Planning"",""Foreign Exchange,Currency,Forex Services""]",,2026-04-08 19:12:39,2026-04-08 19:12:39
15696336-78a5-4e84-a8c9-c0eb0bbbbd3b,24541fb3-eaee-4470-a3bf-a0d610865046,"[""Sandwiches, Subs, VadaPao and Hotdog Solutions"",""Signature Dishes"",""Premium Beverages"",""Quality Ingredients"",""Specialty Snacks"",""Custom Combos"",""Healthy Options"",""Desserts""]","[""Dine-in Experience"",""Takeaway"",""Home Delivery"",""Catering Services"",""Online Ordering"",""Quick Service"",""Sandwiches, Subs, VadaPao and Hotdog Services""]",,2026-04-08 19:12:39,2026-04-08 19:12:39
bd9408cf-c17e-4cec-b1d9-87fe9b0e9ebf,ba8bb647-2cd8-4336-80f8-29a6682f87c7,"[""Other Transportation and Logistics Solutions"",""Flagship Products"",""Industry Specific Tools"",""Branded Offerings"",""Specialized Kits"",""Premium Goods""]","[""Dedicated Customer Support"",""Consultation Services"",""Professional Advisory"",""After-Sales Support"",""Strategy Planning"",""Other Transportation and Logistics Services""]",,2026-04-08 19:12:39,2026-04-08 19:12:39
542bb5cf-8386-41c8-961c-7f114706a537,ced65b8c-c850-4f20-ab68-d831dcb06fcb,"[""Ayurveda s Solutions"",""Health Supplements"",""Workout Gear"",""Diet & Nutrition Plans"",""Wellness Products"",""Fitness Equipment"",""Therapeutic Goods""]","[""Personal Training"",""Group Classes"",""Nutritional Counseling"",""Health Assessments"",""Membership Programs"",""Rehabilitation"",""Ayurveda s Services""]",,2026-04-08 19:12:39,2026-04-08 19:12:39
21268bd6-32b0-40f8-8b62-21fdd80a29e7,4207f5f4-b250-4ead-a4d2-87d27db5153f,"[""Others Solutions"",""Flagship Products"",""Industry Specific Tools"",""Branded Offerings"",""Specialized Kits"",""Premium Goods""]","[""Dedicated Customer Support"",""Consultation Services"",""Professional Advisory"",""After-Sales Support"",""Strategy Planning"",""Others Services""]",,2026-04-08 19:12:39,2026-04-08 19:12:39
aa512a2d-dc5b-4788-84da-93bc6d62e5eb,bf5e3473-532b-4f63-8583-c9a049432263,"[""Consulting Services Solutions"",""Flagship Products"",""Industry Specific Tools"",""Branded Offerings"",""Specialized Kits"",""Premium Goods""]","[""Dedicated Customer Support"",""Consultation Services"",""Professional Advisory"",""After-Sales Support"",""Strategy Planning"",""Consulting Services Services""]",,2026-04-08 19:12:39,2026-04-08 19:12:39
30df004d-ea33-4d0e-9f2f-3c04d78e2394,3b4ac612-d24a-4dc1-b6bb-5aaaa9a875b3,"[""Others Solutions"",""Flagship Products"",""Industry Specific Tools"",""Branded Offerings"",""Specialized Kits"",""Premium Goods""]","[""Dedicated Customer Support"",""Consultation Services"",""Professional Advisory"",""After-Sales Support"",""Strategy Planning"",""Others Services""]",,2026-04-08 19:12:39,2026-04-08 19:12:39
8585c588-7fda-4411-9186-72e53eef559e,1bb424e6-e019-467b-9fe9-cf0dc64f79b2,"[""Convenience Store s Solutions"",""Exclusive Merchandise"",""Branded Products"",""Seasonal Collections"",""Lifestyle Goods"",""Premium Accessories"",""Quality Inventory""]","[""In-store Shopping"",""Personalized Styling"",""Customer Assistance"",""Easy Returns & Exchange"",""Home Delivery"",""Convenience Store s Services""]",,2026-04-08 19:12:39,2026-04-08 19:12:39
c6350935-1be7-402d-9deb-5eb023e0b454,c6b85ebb-3ad4-407f-b0f8-b75e5a5632aa,"[""Bakery Donuts Solutions"",""Signature Dishes"",""Premium Beverages"",""Quality Ingredients"",""Specialty Snacks"",""Custom Combos"",""Healthy Options"",""Desserts""]","[""Dine-in Experience"",""Takeaway"",""Home Delivery"",""Catering Services"",""Online Ordering"",""Quick Service"",""Bakery Donuts Services""]",,2026-04-08 19:12:39,2026-04-08 19:12:39
e94aacaf-4bdc-4279-b3bc-1edd96223e5d,9797ad60-71cb-4f0e-ae3f-2d4da3fd881f,"[""Sweet Shop Solutions"",""Signature Dishes"",""Premium Beverages"",""Quality Ingredients"",""Specialty Snacks"",""Custom Combos"",""Healthy Options"",""Desserts""]","[""Dine-in Experience"",""Takeaway"",""Home Delivery"",""Catering Services"",""Online Ordering"",""Quick Service"",""Sweet Shop Services""]",,2026-04-08 19:12:39,2026-04-08 19:12:39
b7d3d839-5a85-47f3-a6ca-ff1f1b7b760f,3ed727e3-e1a3-4a06-99c5-341c5eaf603e,"[""Mobile Sales Repairs Accessories Solutions"",""Exclusive Merchandise"",""Branded Products"",""Seasonal Collections"",""Lifestyle Goods"",""Premium Accessories"",""Quality Inventory""]","[""In-store Shopping"",""Personalized Styling"",""Customer Assistance"",""Easy Returns & Exchange"",""Home Delivery"",""Mobile Sales Repairs Accessories Services""]",,2026-04-08 19:12:39,2026-04-08 19:12:39
7ee13589-2874-4b0e-834e-560a6955bde1,a68d0895-2523-4899-aa40-dc524d7d6114,"[""Mobile Sales Repairs Accessories Solutions"",""Exclusive Merchandise"",""Branded Products"",""Seasonal Collections"",""Lifestyle Goods"",""Premium Accessories"",""Quality Inventory""]","[""In-store Shopping"",""Personalized Styling"",""Customer Assistance"",""Easy Returns & Exchange"",""Home Delivery"",""Mobile Sales Repairs Accessories Services""]",,2026-04-08 19:12:39,2026-04-08 19:12:39
3e89f3da-a3c2-4cd6-9001-69f1503f6daa,c3ee863e-00ac-4cad-9b65-061ba7502ff2,"[""Accessories Incl Frames,Watches,Belts,Purse Solutions"",""Exclusive Merchandise"",""Branded Products"",""Seasonal Collections"",""Lifestyle Goods"",""Premium Accessories"",""Quality Inventory""]","[""In-store Shopping"",""Personalized Styling"",""Customer Assistance"",""Easy Returns & Exchange"",""Home Delivery"",""Accessories Incl Frames,Watches,Belts,Purse Services""]",,2026-04-08 19:12:39,2026-04-08 19:12:39
d2af7008-8d34-447a-8b9b-2d49a0ca353e,3ee51a2c-5744-46fc-b920-342b30f39e66,"[""Computer Software, Hardware, Networking, IT Solutions"",""Study Materials"",""Interactive Curriculum"",""Workbooks & Notes"",""E-Learning Modules"",""Assessment Tools"",""Certifications"",""Digital Content""]","[""Classroom Training"",""Online Classes"",""1-on-1 Mentorship"",""Doubt Clearing Sessions"",""Career Counseling"",""Skill Development"",""Seminars"",""Computer Software, Hardware, Networking, IT Services""]",,2026-04-08 19:12:39,2026-04-08 19:12:39
ce65a40f-0185-454d-8dd8-9acbeaed6b01,9f259518-35d4-45ee-8cf7-0095cd24a0e4,"[""Grocery Stores and Food Marts Solutions"",""Exclusive Merchandise"",""Branded Products"",""Seasonal Collections"",""Lifestyle Goods"",""Premium Accessories"",""Quality Inventory""]","[""In-store Shopping"",""Personalized Styling"",""Customer Assistance"",""Easy Returns & Exchange"",""Home Delivery"",""Grocery Stores and Food Marts Services""]",,2026-04-08 19:12:39,2026-04-08 19:12:39
39275b3c-5d2a-4d89-9fad-e764e1133694,4a1a48ee-7f85-4425-91c1-08af0dd8d3cc,"[""Guests with a diverse"",""100% Vegetarian  Incl Vegan Solutions"",""Signature Dishes"",""Premium Beverages"",""Quality Ingredients"",""Specialty Snacks"",""Custom Combos"",""Healthy Options""]","[""Dine-in Experience"",""Takeaway"",""Home Delivery"",""Catering Services"",""Online Ordering"",""Quick Service"",""100% Vegetarian  Incl Vegan Services""]",,2026-04-08 19:12:39,2026-04-08 19:12:39
9ed2bc3d-83e6-4111-90b7-de507018c10a,089354f6-7040-45bb-bcd9-ce3fdef65b5e,"[""Not Provided Solutions"",""Flagship Products"",""Industry Specific Tools"",""Branded Offerings"",""Specialized Kits"",""Premium Goods""]","[""Dedicated Customer Support"",""Consultation Services"",""Professional Advisory"",""After-Sales Support"",""Strategy Planning"",""Not Provided Services""]",,2026-04-08 19:12:39,2026-04-08 19:12:39
dd711a57-2db9-4bbe-b839-284f943e2201,a58b091d-98a5-4260-8078-6b69cecab27c,"[""Beauty"",""Beauty Salons Solutions"",""Premium Cosmetics"",""Hair Care Products"",""Skincare Solutions"",""Grooming Kits"",""Spa Essentials""]","[""Hair Styling & Color"",""Spa Therapies"",""Facial Treatments"",""Bridal Makeup"",""Consultations"",""Nail Art"",""Beauty Salons Services""]",,2026-04-08 19:12:39,2026-04-08 19:12:39
9700d6f2-748f-4c98-a512-76f535e5e70f,6a60aa87-b1e2-4e11-a5d1-568b19e960f5,"[""Waffle Solutions"",""Signature Dishes"",""Premium Beverages"",""Quality Ingredients"",""Specialty Snacks"",""Custom Combos"",""Healthy Options"",""Desserts""]","[""Dine-in Experience"",""Takeaway"",""Home Delivery"",""Catering Services"",""Online Ordering"",""Quick Service"",""Waffle Services""]",,2026-04-08 19:12:39,2026-04-08 19:12:39
2cbea46b-5b4f-42e4-9ad6-78f059a8bfd6,3b9d9bba-8648-4f5f-be39-e4795732abf0,"[""Trendy haircuts"",""Colour services"",""Complete skin care solutions"",""Bridal packages"",""At affordable rates"",""Beauty Salons Solutions"",""Premium Cosmetics"",""Hair Care Products""]","[""Hair Styling & Color"",""Spa Therapies"",""Facial Treatments"",""Bridal Makeup"",""Consultations"",""Nail Art"",""Beauty Salons Services""]",,2026-04-08 19:12:39,2026-04-08 19:12:39
ec127a87-275c-4d30-9099-0b455d174695,730327a4-9a4d-40d7-b7b8-c3077d687d25,"[""Kids Salon Solutions"",""Premium Cosmetics"",""Hair Care Products"",""Skincare Solutions"",""Grooming Kits"",""Spa Essentials""]","[""Hair Styling & Color"",""Spa Therapies"",""Facial Treatments"",""Bridal Makeup"",""Consultations"",""Nail Art"",""Kids Salon Services""]",,2026-04-08 19:12:39,2026-04-08 19:12:39
76aaaf6d-e4b6-4dcc-b795-4cbd96bf5c62,0cfa78f4-90af-43b2-895a-5abbbd572a9d,"[""Art ,Painting, Framing, Museums Solutions"",""Exclusive Merchandise"",""Branded Products"",""Seasonal Collections"",""Lifestyle Goods"",""Premium Accessories"",""Quality Inventory""]","[""In-store Shopping"",""Personalized Styling"",""Customer Assistance"",""Easy Returns & Exchange"",""Home Delivery"",""Art ,Painting, Framing, Museums Services""]",,2026-04-08 19:12:39,2026-04-08 19:12:39
1fc67422-6bd9-4fbc-814f-88f48de1cbc4,39e489a8-34d1-470f-a28c-9dc1e1f3a907,"[""Others Solutions"",""Exclusive Merchandise"",""Branded Products"",""Seasonal Collections"",""Lifestyle Goods"",""Premium Accessories"",""Quality Inventory""]","[""In-store Shopping"",""Personalized Styling"",""Customer Assistance"",""Easy Returns & Exchange"",""Home Delivery"",""Others Services""]",,2026-04-08 19:12:39,2026-04-08 19:12:39
a762fbba-c2f0-46ef-ba34-bcbf78d67793,fb539ef5-7d90-427c-a96b-edcfac8c79a9,"[""Executive PG"",""Fully furnished studio rooms"",""Shared luxury PG"",""Real Estate Companies Solutions"",""Flagship Products"",""Industry Specific Tools"",""Branded Offerings"",""Specialized Kits""]","[""Dedicated Customer Support"",""Consultation Services"",""Professional Advisory"",""After-Sales Support"",""Strategy Planning"",""Real Estate Companies Services""]",,2026-04-08 19:12:39,2026-04-08 19:12:39
769ca862-7190-4c95-ba4c-ba54afd066dd,f660f8c6-ed13-4486-a4af-a5900ef36674,"[""Others Solutions"",""Flagship Products"",""Industry Specific Tools"",""Branded Offerings"",""Specialized Kits"",""Premium Goods""]","[""Dedicated Customer Support"",""Consultation Services"",""Professional Advisory"",""After-Sales Support"",""Strategy Planning"",""Others Services""]",,2026-04-08 19:12:39,2026-04-08 19:12:39
005a92a5-5e04-475e-893d-688182a72ad9,60b7501e-082d-4d6e-bce2-c21757234c86,"[""Mexican Food Solutions"",""Signature Dishes"",""Premium Beverages"",""Quality Ingredients"",""Specialty Snacks"",""Custom Combos"",""Healthy Options"",""Desserts""]","[""Dine-in Experience"",""Takeaway"",""Home Delivery"",""Catering Services"",""Online Ordering"",""Quick Service"",""Mexican Food Services""]",,2026-04-08 19:12:39,2026-04-08 19:12:39
fa3fa1e4-c5e5-4c67-9472-68d96c641a97,b69a271a-5d67-4545-8340-aa6844cd6726,"[""Fine Dining Restaurant Solutions"",""Signature Dishes"",""Premium Beverages"",""Quality Ingredients"",""Specialty Snacks"",""Custom Combos"",""Healthy Options"",""Desserts""]","[""Dine-in Experience"",""Takeaway"",""Home Delivery"",""Catering Services"",""Online Ordering"",""Quick Service"",""Fine Dining Restaurant Services""]",,2026-04-08 19:12:39,2026-04-08 19:12:39
3b296ddc-fc18-4ef5-a18a-b5d6b281b7f7,7d479437-409e-4412-8a1b-7e5ad286230d,"[""Gym Solutions"",""Health Supplements"",""Workout Gear"",""Diet & Nutrition Plans"",""Wellness Products"",""Fitness Equipment"",""Therapeutic Goods""]","[""Personal Training"",""Group Classes"",""Nutritional Counseling"",""Health Assessments"",""Membership Programs"",""Rehabilitation"",""Gym Services""]",,2026-04-08 19:12:39,2026-04-08 19:12:39
8be89628-ac74-4b28-8998-5664e3a47312,3306c63d-f636-45c5-b840-177344e7022f,"[""Pizza s Solutions"",""Signature Dishes"",""Premium Beverages"",""Quality Ingredients"",""Specialty Snacks"",""Custom Combos"",""Healthy Options"",""Desserts""]","[""Dine-in Experience"",""Takeaway"",""Home Delivery"",""Catering Services"",""Online Ordering"",""Quick Service"",""Pizza s Services""]",,2026-04-08 19:12:39,2026-04-08 19:12:39
0c2e4b49-d76f-4b7b-a443-020d2237b844,ef648f27-78e2-45e8-ba05-38188b432dd4,"[""Others Solutions"",""Exclusive Merchandise"",""Branded Products"",""Seasonal Collections"",""Lifestyle Goods"",""Premium Accessories"",""Quality Inventory""]","[""In-store Shopping"",""Personalized Styling"",""Customer Assistance"",""Easy Returns & Exchange"",""Home Delivery"",""Others Services""]",,2026-04-08 19:12:39,2026-04-08 19:12:39
cdc608f4-3b88-49e5-bd65-9cd5eb9c84f4,5b8aec9b-7bbc-4f7d-8717-dd83ae049a4a,"[""Grocery Stores and Food Marts Solutions"",""Exclusive Merchandise"",""Branded Products"",""Seasonal Collections"",""Lifestyle Goods"",""Premium Accessories"",""Quality Inventory""]","[""In-store Shopping"",""Personalized Styling"",""Customer Assistance"",""Easy Returns & Exchange"",""Home Delivery"",""Grocery Stores and Food Marts Services""]",,2026-04-08 19:12:39,2026-04-08 19:12:39
c3f77894-b7e5-4945-9288-8057173adbe5,37c99183-eb89-44ef-b759-088353862c94,"[""Departmental Stores Solutions"",""Exclusive Merchandise"",""Branded Products"",""Seasonal Collections"",""Lifestyle Goods"",""Premium Accessories"",""Quality Inventory""]","[""In-store Shopping"",""Personalized Styling"",""Customer Assistance"",""Easy Returns & Exchange"",""Home Delivery"",""Departmental Stores Services""]",,2026-04-08 19:12:39,2026-04-08 19:12:39
6e31e2b6-1208-4575-ac40-bd69a4538163,6d226566-941c-428d-8566-35e3edef768f,"[""Grocery Stores and Food Marts Solutions"",""Exclusive Merchandise"",""Branded Products"",""Seasonal Collections"",""Lifestyle Goods"",""Premium Accessories"",""Quality Inventory""]","[""In-store Shopping"",""Personalized Styling"",""Customer Assistance"",""Easy Returns & Exchange"",""Home Delivery"",""Grocery Stores and Food Marts Services""]",,2026-04-08 19:12:39,2026-04-08 19:12:39
6d364209-740d-4bf3-953a-6ffa1ebf6cf3,bf4350e5-d4ef-4e08-80e0-67470a980fbb,"[""Distributorships Solutions"",""Flagship Products"",""Industry Specific Tools"",""Branded Offerings"",""Specialized Kits"",""Premium Goods""]","[""Dedicated Customer Support"",""Consultation Services"",""Professional Advisory"",""After-Sales Support"",""Strategy Planning"",""Distributorships Services""]",,2026-04-08 19:12:39,2026-04-08 19:12:39
05f48103-33d6-4006-8542-ddbebfd3f3fe,84478b87-61ff-462f-80ed-1d24f365235c,"[""Travel Agents Incl Holiday Packages and Tours Solutions"",""Flagship Products"",""Industry Specific Tools"",""Branded Offerings"",""Specialized Kits"",""Premium Goods""]","[""Dedicated Customer Support"",""Consultation Services"",""Professional Advisory"",""After-Sales Support"",""Strategy Planning"",""Travel Agents Incl Holiday Packages and Tours Services""]",,2026-04-08 19:12:39,2026-04-08 19:12:39
19e9f717-876e-436b-9684-b431fe56f7d1,a5bb1863-17db-4b81-a666-57a2fa57c465,"[""Coffee and Tea Cafe Solutions"",""Flagship Products"",""Industry Specific Tools"",""Branded Offerings"",""Specialized Kits"",""Premium Goods""]","[""Dedicated Customer Support"",""Consultation Services"",""Professional Advisory"",""After-Sales Support"",""Strategy Planning"",""Coffee and Tea Cafe Services""]",,2026-04-08 19:12:39,2026-04-08 19:12:39
492a852e-0054-4c8e-9a08-aa4644deda45,13a8d0e6-0b0c-4f7e-bb32-940525b0b137,"[""Departmental Stores Solutions"",""Exclusive Merchandise"",""Branded Products"",""Seasonal Collections"",""Lifestyle Goods"",""Premium Accessories"",""Quality Inventory""]","[""In-store Shopping"",""Personalized Styling"",""Customer Assistance"",""Easy Returns & Exchange"",""Home Delivery"",""Departmental Stores Services""]",,2026-04-08 19:12:39,2026-04-08 19:12:39
40a7e058-e2a5-4475-a66d-e77b7803c808,5299aff9-d50f-4e66-9368-7f9a529614c2,"[""Legal, Registrations and IP Related Services Solutions"",""Flagship Products"",""Industry Specific Tools"",""Branded Offerings"",""Specialized Kits"",""Premium Goods""]","[""Dedicated Customer Support"",""Consultation Services"",""Professional Advisory"",""After-Sales Support"",""Strategy Planning"",""Legal, Registrations and IP Related Services Services""]",,2026-04-08 19:12:39,2026-04-08 19:12:39
1b9cac4a-d613-45aa-8220-bc4176b74d0e,554842d5-b84f-40a3-80c3-bba68ba85882,"[""Consulting Services Solutions"",""Flagship Products"",""Industry Specific Tools"",""Branded Offerings"",""Specialized Kits"",""Premium Goods""]","[""Dedicated Customer Support"",""Consultation Services"",""Professional Advisory"",""After-Sales Support"",""Strategy Planning"",""Consulting Services Services""]",,2026-04-08 19:12:39,2026-04-08 19:12:39
e9c6b341-f246-467f-ba91-ed265133b42a,3340b4b3-4006-46cf-a73c-a206c22013f5,"[""Ayurveda s Solutions"",""Health Supplements"",""Workout Gear"",""Diet & Nutrition Plans"",""Wellness Products"",""Fitness Equipment"",""Therapeutic Goods""]","[""Personal Training"",""Group Classes"",""Nutritional Counseling"",""Health Assessments"",""Membership Programs"",""Rehabilitation"",""Ayurveda s Services""]",,2026-04-08 19:12:39,2026-04-08 19:12:39
518caf2a-b17e-4b93-b7a3-e8c66b7cf34d,c3fbfdb9-d456-476e-8103-635267013a79,"[""Skilling in India"",""Brand awareness"",""Lead generation"",""Increased revenues"",""Others Solutions"",""Flagship Products"",""Industry Specific Tools"",""Branded Offerings""]","[""Dedicated Customer Support"",""Consultation Services"",""Professional Advisory"",""After-Sales Support"",""Strategy Planning"",""Others Services""]",,2026-04-08 19:12:39,2026-04-08 19:12:39
0d39f062-65c3-4c47-b198-28692d76edd0,38cfecbc-d5ea-4222-ba5d-26861732227d,"[""Dance,Music, Theatre and Stage Solutions"",""Flagship Products"",""Industry Specific Tools"",""Branded Offerings"",""Specialized Kits"",""Premium Goods""]","[""Dedicated Customer Support"",""Consultation Services"",""Professional Advisory"",""After-Sales Support"",""Strategy Planning"",""Dance,Music, Theatre and Stage Services""]",,2026-04-08 19:12:39,2026-04-08 19:12:39
475bbe3f-e831-420d-adfa-892b989c7c39,f6528159-3139-477c-bcec-516d82e7a7f8,"[""Dance,Music, Theatre and Stage Solutions"",""Flagship Products"",""Industry Specific Tools"",""Branded Offerings"",""Specialized Kits"",""Premium Goods""]","[""Dedicated Customer Support"",""Consultation Services"",""Professional Advisory"",""After-Sales Support"",""Strategy Planning"",""Dance,Music, Theatre and Stage Services""]",,2026-04-08 19:12:39,2026-04-08 19:12:39
6e3f5313-4069-4415-8e6d-f0973fc232ba,a4a6990a-b71f-4e8f-90a1-f3e027c69b53,"[""Study Materials"",""Interactive Curriculum"",""Workbooks & Notes"",""E-Learning Modules"",""Assessment Tools"",""Certifications"",""Digital Content""]","[""Classroom Training"",""Online Classes"",""1-on-1 Mentorship"",""Doubt Clearing Sessions"",""Career Counseling"",""Skill Development"",""Seminars""]",,2026-04-08 19:12:39,2026-04-08 19:12:39
e2902342-62d7-4dbb-af74-611b620a78a2,e257c222-0560-42cb-bbb3-01ae997855c3,"[""Educators"",""Study Materials"",""Interactive Curriculum"",""Workbooks & Notes"",""E-Learning Modules"",""Assessment Tools"",""Certifications"",""Digital Content""]","[""Classroom Training"",""Online Classes"",""1-on-1 Mentorship"",""Doubt Clearing Sessions"",""Career Counseling"",""Skill Development"",""Seminars""]",,2026-04-08 19:12:39,2026-04-08 19:12:39
bda907dc-da3a-4200-a695-38a7580a129d,b57863e6-e68c-478d-ac62-4dae9e4c97fc,"[""Play School Solutions"",""Study Materials"",""Interactive Curriculum"",""Workbooks & Notes"",""E-Learning Modules"",""Assessment Tools"",""Certifications"",""Digital Content""]","[""Classroom Training"",""Online Classes"",""1-on-1 Mentorship"",""Doubt Clearing Sessions"",""Career Counseling"",""Skill Development"",""Seminars"",""Play School Services""]",,2026-04-08 19:12:39,2026-04-08 19:12:39
d3b23160-6bf1-491b-bae4-efc195682a7d,6431df57-0fc6-42c6-b35a-1f37b80a378f,"[""Study Materials"",""Interactive Curriculum"",""Workbooks & Notes"",""E-Learning Modules"",""Assessment Tools"",""Certifications"",""Digital Content""]","[""Classroom Training"",""Online Classes"",""1-on-1 Mentorship"",""Doubt Clearing Sessions"",""Career Counseling"",""Skill Development"",""Seminars""]",,2026-04-08 19:12:39,2026-04-08 19:12:39
54eb6dd3-9679-4976-85ca-708f49cce443,ef44bd85-d9fa-42b3-99ce-7c25add12ac3,"[""Food Products Solutions"",""Flagship Products"",""Industry Specific Tools"",""Branded Offerings"",""Specialized Kits"",""Premium Goods""]","[""Dedicated Customer Support"",""Consultation Services"",""Professional Advisory"",""After-Sales Support"",""Strategy Planning"",""Food Products Services""]",,2026-04-08 19:12:39,2026-04-08 19:12:39
012bcccd-b0ac-4327-900b-e0788b83064d,1ce268d7-d0b6-41f6-93cb-48cd6ba8a483,"[""Others Solutions"",""Signature Dishes"",""Premium Beverages"",""Quality Ingredients"",""Specialty Snacks"",""Custom Combos"",""Healthy Options"",""Desserts""]","[""Dine-in Experience"",""Takeaway"",""Home Delivery"",""Catering Services"",""Online Ordering"",""Quick Service"",""Others Services""]",,2026-04-08 19:12:39,2026-04-08 19:12:39
f5ca0414-4f28-4f88-9ed0-f49726bc0953,ea475651-f19c-4ac1-a4ed-6ef3a6781101,"[""Pharmacy Solutions"",""Health Supplements"",""Workout Gear"",""Diet & Nutrition Plans"",""Wellness Products"",""Fitness Equipment"",""Therapeutic Goods""]","[""Personal Training"",""Group Classes"",""Nutritional Counseling"",""Health Assessments"",""Membership Programs"",""Rehabilitation"",""Pharmacy Services""]",,2026-04-08 19:12:39,2026-04-08 19:12:39
ed43fd2d-b93c-414a-9bd2-9e41019f7050,4a3b6658-fe14-43d3-889e-16dfd85b12a9,"[""Others Solutions"",""Flagship Products"",""Industry Specific Tools"",""Branded Offerings"",""Specialized Kits"",""Premium Goods""]","[""Dedicated Customer Support"",""Consultation Services"",""Professional Advisory"",""After-Sales Support"",""Strategy Planning"",""Others Services""]",,2026-04-08 19:12:39,2026-04-08 19:12:39
307602a4-6e5e-4410-b4e9-7faf0ab88abf,6fbb7607-2cb6-400b-8c45-a0d01c8168fd,"[""Fabrics, Furnishings, Apparel Solutions"",""Flagship Products"",""Industry Specific Tools"",""Branded Offerings"",""Specialized Kits"",""Premium Goods""]","[""Dedicated Customer Support"",""Consultation Services"",""Professional Advisory"",""After-Sales Support"",""Strategy Planning"",""Fabrics, Furnishings, Apparel Services""]",,2026-04-08 19:12:39,2026-04-08 19:12:39
11fe4741-b5a2-4c92-9fe8-83329373e057,381018fd-88d6-4cd7-8bd9-f3290e8962c4,"[""Sporting Facilities Centers Solutions"",""Flagship Products"",""Industry Specific Tools"",""Branded Offerings"",""Specialized Kits"",""Premium Goods""]","[""Dedicated Customer Support"",""Consultation Services"",""Professional Advisory"",""After-Sales Support"",""Strategy Planning"",""Sporting Facilities Centers Services""]",,2026-04-08 19:12:39,2026-04-08 19:12:39
5f4eb27f-07e5-4afd-8495-8f051680d72f,fa7027f0-79a1-455f-acbc-012648eeb197,"[""Biryani Solutions"",""Signature Dishes"",""Premium Beverages"",""Quality Ingredients"",""Specialty Snacks"",""Custom Combos"",""Healthy Options"",""Desserts""]","[""Dine-in Experience"",""Takeaway"",""Home Delivery"",""Catering Services"",""Online Ordering"",""Quick Service"",""Biryani Services""]",,2026-04-08 19:12:39,2026-04-08 19:12:39
7292ee05-d4bb-4be7-be13-0cff32bd803c,5cda6d4a-9834-4b47-a260-5a434de68d09,"[""Biryani Solutions"",""Signature Dishes"",""Premium Beverages"",""Quality Ingredients"",""Specialty Snacks"",""Custom Combos"",""Healthy Options"",""Desserts""]","[""Dine-in Experience"",""Takeaway"",""Home Delivery"",""Catering Services"",""Online Ordering"",""Quick Service"",""Biryani Services""]",,2026-04-08 19:12:39,2026-04-08 19:12:39
d407f7b0-df7d-4403-b7fc-dd1e89826948,2550ca97-e976-48a0-8898-8cfd13be8223,"[""Electric Vehicle EV  Dealerships Solutions"",""Genuine Spare Parts"",""Vehicle Accessories"",""Car Care Products"",""Engine Oils"",""Maintenance Kits""]","[""Servicing & Repair"",""Washing & Detailing"",""Roadside Assistance"",""Customization"",""Diagnostic Testing"",""Electric Vehicle EV  Dealerships Services""]",,2026-04-08 19:12:39,2026-04-08 19:12:39
2d9f2b57-253a-4486-b122-cfaf0a5e06d6,37340f08-64a8-4097-a348-1fc05f39bc13,"[""Online Coaching,E-learning Related Solutions"",""Study Materials"",""Interactive Curriculum"",""Workbooks & Notes"",""E-Learning Modules"",""Assessment Tools"",""Certifications"",""Digital Content""]","[""Classroom Training"",""Online Classes"",""1-on-1 Mentorship"",""Doubt Clearing Sessions"",""Career Counseling"",""Skill Development"",""Seminars"",""Online Coaching,E-learning Related Services""]",,2026-04-08 19:12:39,2026-04-08 19:12:39
0e1ab935-c840-42ff-94f4-b062f50b9b8e,6119f43e-da65-4454-ab0f-50f4e166d07d,"[""Dealerships Solutions"",""Flagship Products"",""Industry Specific Tools"",""Branded Offerings"",""Specialized Kits"",""Premium Goods""]","[""Dedicated Customer Support"",""Consultation Services"",""Professional Advisory"",""After-Sales Support"",""Strategy Planning"",""Dealerships Services""]",,2026-04-08 19:12:39,2026-04-08 19:12:39
4381fb75-abd2-4b5c-b1d0-47cc3d0247b0,cc976ff3-2c69-4d1d-b10f-2eb5ae1dd9d9,"[""Home Appliances, Interiors & Furnishing Solutions"",""Exclusive Merchandise"",""Branded Products"",""Seasonal Collections"",""Lifestyle Goods"",""Premium Accessories"",""Quality Inventory""]","[""In-store Shopping"",""Personalized Styling"",""Customer Assistance"",""Easy Returns & Exchange"",""Home Delivery"",""Home Appliances, Interiors & Furnishing Services""]",,2026-04-08 19:12:39,2026-04-08 19:12:39
a7a6d834-6f34-471a-8049-cca756e77fe3,4bab8310-0ce4-4fdf-b22f-085f9cc11f94,"[""Hair Clinics Solutions"",""Health Supplements"",""Workout Gear"",""Diet & Nutrition Plans"",""Wellness Products"",""Fitness Equipment"",""Therapeutic Goods""]","[""Personal Training"",""Group Classes"",""Nutritional Counseling"",""Health Assessments"",""Membership Programs"",""Rehabilitation"",""Hair Clinics Services""]",,2026-04-08 19:12:39,2026-04-08 19:12:39
b30f8631-7be4-4c3e-b701-a5ebc42a4d63,dd3d90b9-b81b-43d1-86c7-e084cef02fbe,"[""Beauty Salons Solutions"",""Premium Cosmetics"",""Hair Care Products"",""Skincare Solutions"",""Grooming Kits"",""Spa Essentials""]","[""Hair Styling & Color"",""Spa Therapies"",""Facial Treatments"",""Bridal Makeup"",""Consultations"",""Nail Art"",""Beauty Salons Services""]",,2026-04-08 19:12:39,2026-04-08 19:12:39
16acb4b5-2fe9-4fe8-95ea-fd6c578f1a98,871c7162-5311-4666-a606-4ba2aac6a56c,"[""The best quality food"",""Asian Food s Solutions"",""Signature Dishes"",""Premium Beverages"",""Quality Ingredients"",""Specialty Snacks"",""Custom Combos"",""Healthy Options""]","[""Dine-in Experience"",""Takeaway"",""Home Delivery"",""Catering Services"",""Online Ordering"",""Quick Service"",""Asian Food s Services""]",,2026-04-08 19:12:39,2026-04-08 19:12:39
d82a0ca9-1f6e-404b-a19b-0fdbb520ab7a,35ce7565-d048-47f3-8d38-69fbaea5f7eb,"[""Moving and Storage Solutions"",""Flagship Products"",""Industry Specific Tools"",""Branded Offerings"",""Specialized Kits"",""Premium Goods""]","[""Dedicated Customer Support"",""Consultation Services"",""Professional Advisory"",""After-Sales Support"",""Strategy Planning"",""Moving and Storage Services""]",,2026-04-08 19:12:39,2026-04-08 19:12:39
f187972f-c550-4f6c-ba46-5a08f8cff620,fc0731c2-731c-417b-994f-e1f20b72369a,"[""Online Coaching,E-learning Related Solutions"",""Study Materials"",""Interactive Curriculum"",""Workbooks & Notes"",""E-Learning Modules"",""Assessment Tools"",""Certifications"",""Digital Content""]","[""Classroom Training"",""Online Classes"",""1-on-1 Mentorship"",""Doubt Clearing Sessions"",""Career Counseling"",""Skill Development"",""Seminars"",""Online Coaching,E-learning Related Services""]",,2026-04-08 19:12:39,2026-04-08 19:12:39
d7bd6ae9-3312-477b-93ad-6e34122e3b1e,6a86b856-304e-4c17-a610-640952c5ee84,"[""Staff"",""Event Management,Parties, Marriage Related Solutions"",""Flagship Products"",""Industry Specific Tools"",""Branded Offerings"",""Specialized Kits"",""Premium Goods""]","[""Dedicated Customer Support"",""Consultation Services"",""Professional Advisory"",""After-Sales Support"",""Strategy Planning"",""Event Management,Parties, Marriage Related Services""]",,2026-04-08 19:12:39,2026-04-08 19:12:39
3d82dbfa-9115-4138-89a7-2d21c0d072a2,deaeefc6-ad43-48ab-9111-a6ef304b76f7,"[""Ice Cream Solutions"",""Signature Dishes"",""Premium Beverages"",""Quality Ingredients"",""Specialty Snacks"",""Custom Combos"",""Healthy Options"",""Desserts""]","[""Dine-in Experience"",""Takeaway"",""Home Delivery"",""Catering Services"",""Online Ordering"",""Quick Service"",""Ice Cream Services""]",,2026-04-08 19:12:39,2026-04-08 19:12:39
9b3c335e-663a-4b96-80dc-debf04740d18,836eb45e-07ba-4f17-8b72-624baee7704c,"[""Indian Food Solutions"",""Signature Dishes"",""Premium Beverages"",""Quality Ingredients"",""Specialty Snacks"",""Custom Combos"",""Healthy Options"",""Desserts""]","[""Dine-in Experience"",""Takeaway"",""Home Delivery"",""Catering Services"",""Online Ordering"",""Quick Service"",""Indian Food Services""]",,2026-04-08 19:12:39,2026-04-08 19:12:39
bf577b3b-cb15-470d-874c-d579f55ac5a9,8e77c5e6-3b0a-4550-9175-fac9e9419599,"[""Cosmetics and Beauty Products Solutions"",""Premium Cosmetics"",""Hair Care Products"",""Skincare Solutions"",""Grooming Kits"",""Spa Essentials""]","[""Hair Styling & Color"",""Spa Therapies"",""Facial Treatments"",""Bridal Makeup"",""Consultations"",""Nail Art"",""Cosmetics and Beauty Products Services""]",,2026-04-08 19:12:39,2026-04-08 19:12:39
3bd8802e-0c7a-42f0-9466-d829cd068f08,15eef942-14e6-4c74-b607-7ef7dc019d4f,"[""Play School Solutions"",""Study Materials"",""Interactive Curriculum"",""Workbooks & Notes"",""E-Learning Modules"",""Assessment Tools"",""Certifications"",""Digital Content""]","[""Classroom Training"",""Online Classes"",""1-on-1 Mentorship"",""Doubt Clearing Sessions"",""Career Counseling"",""Skill Development"",""Seminars"",""Play School Services""]",,2026-04-08 19:12:39,2026-04-08 19:12:39
041ff3fa-f181-48f4-b84a-a70ca114ae3b,1b7b41b0-2be4-4fe0-ab45-f4b12f8d64d3,"[""Travel Agents Incl Holiday Packages and Tours Solutions"",""Flagship Products"",""Industry Specific Tools"",""Branded Offerings"",""Specialized Kits"",""Premium Goods""]","[""Dedicated Customer Support"",""Consultation Services"",""Professional Advisory"",""After-Sales Support"",""Strategy Planning"",""Travel Agents Incl Holiday Packages and Tours Services""]",,2026-04-08 19:12:39,2026-04-08 19:12:39
d935dace-1a44-4876-bfad-d3174324117e,9ea152f9-aef4-4572-8c26-e1350281321d,"[""Others Solutions"",""Flagship Products"",""Industry Specific Tools"",""Branded Offerings"",""Specialized Kits"",""Premium Goods""]","[""Dedicated Customer Support"",""Consultation Services"",""Professional Advisory"",""After-Sales Support"",""Strategy Planning"",""Others Services""]",,2026-04-08 19:12:39,2026-04-08 19:12:39
bfd0618f-aab5-4eb7-bd2f-b5f346d7e8ea,0c91367a-72d6-44ca-b642-6a2d5ed7f26a,"[""Others Solutions"",""Health Supplements"",""Workout Gear"",""Diet & Nutrition Plans"",""Wellness Products"",""Fitness Equipment"",""Therapeutic Goods""]","[""Personal Training"",""Group Classes"",""Nutritional Counseling"",""Health Assessments"",""Membership Programs"",""Rehabilitation"",""Others Services""]",,2026-04-08 19:12:39,2026-04-08 19:12:39
f2faeef9-8a69-435e-a183-4b2410de29be,43452846-6403-4958-a8fa-8e994d9b061b,"[""Dealerships Solutions"",""Flagship Products"",""Industry Specific Tools"",""Branded Offerings"",""Specialized Kits"",""Premium Goods""]","[""Dedicated Customer Support"",""Consultation Services"",""Professional Advisory"",""After-Sales Support"",""Strategy Planning"",""Dealerships Services""]",,2026-04-08 19:12:39,2026-04-08 19:12:39
b0dd1724-f6e1-45ae-89c7-44ed58c4f7c9,7198d174-93b7-41f3-a31b-519b81ffb933,"[""Distributorships Solutions"",""Flagship Products"",""Industry Specific Tools"",""Branded Offerings"",""Specialized Kits"",""Premium Goods""]","[""Dedicated Customer Support"",""Consultation Services"",""Professional Advisory"",""After-Sales Support"",""Strategy Planning"",""Distributorships Services""]",,2026-04-08 19:12:39,2026-04-08 19:12:39
e3d71192-34c7-4300-af6b-5c748e004afd,5c76524e-4c77-4421-ba96-50b40437cd48,"[""Distributorships Solutions"",""Flagship Products"",""Industry Specific Tools"",""Branded Offerings"",""Specialized Kits"",""Premium Goods""]","[""Dedicated Customer Support"",""Consultation Services"",""Professional Advisory"",""After-Sales Support"",""Strategy Planning"",""Distributorships Services""]",,2026-04-08 19:12:39,2026-04-08 19:12:39
ccd5e62d-09e7-4282-80f3-d1052a416ce4,522519ce-c2f7-473a-a019-c027aaf46799,"[""Others Solutions"",""Study Materials"",""Interactive Curriculum"",""Workbooks & Notes"",""E-Learning Modules"",""Assessment Tools"",""Certifications"",""Digital Content""]","[""Classroom Training"",""Online Classes"",""1-on-1 Mentorship"",""Doubt Clearing Sessions"",""Career Counseling"",""Skill Development"",""Seminars"",""Others Services""]",,2026-04-08 19:12:39,2026-04-08 19:12:39
adf77704-d8b9-49b5-b8fd-c98d06198289,a0b8b341-6068-4329-9b86-3bf07ab3e08b,"[""Others Solutions"",""Exclusive Merchandise"",""Branded Products"",""Seasonal Collections"",""Lifestyle Goods"",""Premium Accessories"",""Quality Inventory""]","[""In-store Shopping"",""Personalized Styling"",""Customer Assistance"",""Easy Returns & Exchange"",""Home Delivery"",""Others Services""]",,2026-04-08 19:12:39,2026-04-08 19:12:39
3df28b76-49ea-40e4-9336-936f76022a13,fa9bfeec-73b8-4280-909b-4384b4f6aabc,"[""Others Solutions"",""Signature Dishes"",""Premium Beverages"",""Quality Ingredients"",""Specialty Snacks"",""Custom Combos"",""Healthy Options"",""Desserts""]","[""Dine-in Experience"",""Takeaway"",""Home Delivery"",""Catering Services"",""Online Ordering"",""Quick Service"",""Others Services""]",,2026-04-08 19:12:39,2026-04-08 19:12:39
0cd19d1f-28de-4fc3-ae84-4f7c9cdda180,49bb9f93-ac75-4ee5-bb8a-0f6adf739a56,"[""Genuine Spare Parts"",""Vehicle Accessories"",""Car Care Products"",""Engine Oils"",""Maintenance Kits""]","[""Servicing & Repair"",""Washing & Detailing"",""Roadside Assistance"",""Customization"",""Diagnostic Testing""]",,2026-04-08 19:12:39,2026-04-08 19:12:39
37940a5b-7988-4b0b-ae3d-f3563287e1ae,04d6c8c0-2d15-4b0e-9eb7-00d2324e2c3e,"[""Financing,Loans,Funding ,Advisors,Brokers Solutions"",""Investment Portfolios"",""Insurance Policies"",""Loan Packages"",""Financial Planning Tools"",""Tax Software""]","[""Dedicated Customer Support"",""Consultation Services"",""Professional Advisory"",""After-Sales Support"",""Strategy Planning"",""Financing,Loans,Funding ,Advisors,Brokers Services""]",,2026-04-08 19:12:39,2026-04-08 19:12:39
1a42064a-e817-40e5-ba76-bf67c7d7e97e,ff7e8c17-513e-49c3-ba74-ff9a8c9e17df,"[""Indian Food Solutions"",""Signature Dishes"",""Premium Beverages"",""Quality Ingredients"",""Specialty Snacks"",""Custom Combos"",""Healthy Options"",""Desserts""]","[""Dine-in Experience"",""Takeaway"",""Home Delivery"",""Catering Services"",""Online Ordering"",""Quick Service"",""Indian Food Services""]",,2026-04-08 19:12:39,2026-04-08 19:12:39
f4469b68-74a6-4252-84a3-4f2025b92172,702243a4-cdb5-4015-bce2-a258e2f06c5a,"[""Career Selection"",""Mid Brain Activation"",""Others Solutions"",""Study Materials"",""Interactive Curriculum"",""Workbooks & Notes"",""E-Learning Modules"",""Assessment Tools""]","[""Classroom Training"",""Online Classes"",""1-on-1 Mentorship"",""Doubt Clearing Sessions"",""Career Counseling"",""Skill Development"",""Seminars"",""Others Services""]",,2026-04-08 19:12:39,2026-04-08 19:12:39
cde6ce46-25ea-434b-9f51-868dda751aa7,a325b4ab-0342-44c7-9c5a-1e0ae2d933dd,"[""Mens Wear Solutions"",""Exclusive Merchandise"",""Branded Products"",""Seasonal Collections"",""Lifestyle Goods"",""Premium Accessories"",""Quality Inventory""]","[""Dedicated Customer Support"",""Consultation Services"",""Professional Advisory"",""After-Sales Support"",""Strategy Planning"",""Mens Wear Services""]",,2026-04-08 19:12:39,2026-04-08 19:12:39
6c4553b7-7345-49ba-b738-2f43d532b6b9,dbb6eccd-8bf1-4ae5-a305-cd598fe2320c,"[""Quick Services Restaurant Solutions"",""Signature Dishes"",""Premium Beverages"",""Quality Ingredients"",""Specialty Snacks"",""Custom Combos"",""Healthy Options"",""Desserts""]","[""Dine-in Experience"",""Takeaway"",""Home Delivery"",""Catering Services"",""Online Ordering"",""Quick Service"",""Quick Services Restaurant Services""]",,2026-04-08 19:12:39,2026-04-08 19:12:39
eb667809-9582-48c6-9726-a7c72266cc79,f1b1041f-17a2-4dfc-9f0b-9f4c67dd4899,"[""Web Design, Development,Hosting Related Solutions"",""Flagship Products"",""Industry Specific Tools"",""Branded Offerings"",""Specialized Kits"",""Premium Goods""]","[""Dedicated Customer Support"",""Consultation Services"",""Professional Advisory"",""After-Sales Support"",""Strategy Planning"",""Web Design, Development,Hosting Related Services""]",,2026-04-08 19:12:39,2026-04-08 19:12:39
4234d60f-36fd-495c-934e-1588540f14bb,d4f4a3be-af8a-4aca-b09f-189a7d4c908d,"[""Others Solutions"",""Flagship Products"",""Industry Specific Tools"",""Branded Offerings"",""Specialized Kits"",""Premium Goods""]","[""Dedicated Customer Support"",""Consultation Services"",""Professional Advisory"",""After-Sales Support"",""Strategy Planning"",""Others Services""]",,2026-04-08 19:12:39,2026-04-08 19:12:39
89b8b52c-fe43-4ab1-bd45-6d616ca0ed9e,3cf2041e-3e3f-4fcd-aa66-5c45150e1096,"[""Women Wear Solutions"",""Exclusive Merchandise"",""Branded Products"",""Seasonal Collections"",""Lifestyle Goods"",""Premium Accessories"",""Quality Inventory""]","[""Dedicated Customer Support"",""Consultation Services"",""Professional Advisory"",""After-Sales Support"",""Strategy Planning"",""Women Wear Services""]",,2026-04-08 19:12:39,2026-04-08 19:12:39
303c2d67-9d25-4e87-81ed-6b21773ad33a,1407f19f-10b9-4286-88fd-5e3043fb354e,"[""Established brand image"",""Beauty Salons Solutions"",""Premium Cosmetics"",""Hair Care Products"",""Skincare Solutions"",""Grooming Kits"",""Spa Essentials""]","[""Hair Styling & Color"",""Spa Therapies"",""Facial Treatments"",""Bridal Makeup"",""Consultations"",""Nail Art"",""Beauty Salons Services""]",,2026-04-08 19:12:39,2026-04-08 19:12:39
2b8683f8-a35a-4b0d-aae0-7b4825c6d197,fee27409-2d90-41aa-89f8-41d3c0afc898,"[""Ayurveda s Solutions"",""Health Supplements"",""Workout Gear"",""Diet & Nutrition Plans"",""Wellness Products"",""Fitness Equipment"",""Therapeutic Goods""]","[""Personal Training"",""Group Classes"",""Nutritional Counseling"",""Health Assessments"",""Membership Programs"",""Rehabilitation"",""Ayurveda s Services""]",,2026-04-08 19:12:39,2026-04-08 19:12:39
5b35a660-9037-4842-984e-762e0f8530f9,6624c09a-e9ba-498c-a412-ead643b0d247,"[""Clinics, Nursing Homes, Speciality Centres Solutions"",""Health Supplements"",""Workout Gear"",""Diet & Nutrition Plans"",""Wellness Products"",""Fitness Equipment"",""Therapeutic Goods""]","[""Personal Training"",""Group Classes"",""Nutritional Counseling"",""Health Assessments"",""Membership Programs"",""Rehabilitation"",""Clinics, Nursing Homes, Speciality Centres Services""]",,2026-04-08 19:12:39,2026-04-08 19:12:39
70937a85-acfe-47f4-861b-fa8049917662,e05bc406-74d8-4da6-ba04-9526f4c5e007,"[""Hospital Solutions"",""Health Supplements"",""Workout Gear"",""Diet & Nutrition Plans"",""Wellness Products"",""Fitness Equipment"",""Therapeutic Goods""]","[""Personal Training"",""Group Classes"",""Nutritional Counseling"",""Health Assessments"",""Membership Programs"",""Rehabilitation"",""Hospital Services""]",,2026-04-08 19:12:39,2026-04-08 19:12:39
c5565b06-1de5-415d-8f11-2fbfa2e0f80b,d6f0753a-de3e-44aa-acc3-faf9f712916a,"[""All kinds of health solutions"",""Online clinics"",""Pharmacy"",""Health Supplements"",""Workout Gear"",""Diet & Nutrition Plans"",""Wellness Products"",""Fitness Equipment""]","[""Personal Training"",""Group Classes"",""Nutritional Counseling"",""Health Assessments"",""Membership Programs"",""Rehabilitation""]",,2026-04-08 19:12:39,2026-04-08 19:12:39
fe3b34e3-162c-4378-a4e5-f5af5f21cfff,5bb3277f-c83f-4c4d-9873-9bc4e397c92d,"[""Multi Cuisine Restaurant Solutions"",""Signature Dishes"",""Premium Beverages"",""Quality Ingredients"",""Specialty Snacks"",""Custom Combos"",""Healthy Options"",""Desserts""]","[""Dine-in Experience"",""Takeaway"",""Home Delivery"",""Catering Services"",""Online Ordering"",""Quick Service"",""Multi Cuisine Restaurant Services""]",,2026-04-08 19:12:39,2026-04-08 19:12:39
f02d8f9d-8d88-4b33-9236-0df128b26312,6d47f589-b038-40ab-8c98-3870ec78fcfb,"[""Hospital Solutions"",""Health Supplements"",""Workout Gear"",""Diet & Nutrition Plans"",""Wellness Products"",""Fitness Equipment"",""Therapeutic Goods""]","[""Personal Training"",""Group Classes"",""Nutritional Counseling"",""Health Assessments"",""Membership Programs"",""Rehabilitation"",""Hospital Services""]",,2026-04-08 19:12:39,2026-04-08 19:12:39
aa3d1d52-19d8-4f1d-bde2-9e501bbdae5f,bc8ba744-8ff0-4bd6-abb6-0fec085bbadf,"[""Pizza s Solutions"",""Signature Dishes"",""Premium Beverages"",""Quality Ingredients"",""Specialty Snacks"",""Custom Combos"",""Healthy Options"",""Desserts""]","[""Dine-in Experience"",""Takeaway"",""Home Delivery"",""Catering Services"",""Online Ordering"",""Quick Service"",""Pizza s Services""]",,2026-04-08 19:12:39,2026-04-08 19:12:39
453c97cf-753c-40a2-bc5b-0c2e30b0f8b2,8ae848e6-4294-49e6-8765-876f9c58b954,"[""Travel Agents Incl Holiday Packages and Tours Solutions"",""Flagship Products"",""Industry Specific Tools"",""Branded Offerings"",""Specialized Kits"",""Premium Goods""]","[""Dedicated Customer Support"",""Consultation Services"",""Professional Advisory"",""After-Sales Support"",""Strategy Planning"",""Travel Agents Incl Holiday Packages and Tours Services""]",,2026-04-08 19:12:39,2026-04-08 19:12:39
48e3659d-be00-42f6-bab6-d1332b4710c5,96a5ebc3-ab2c-49b3-b6cf-d5a966222b61,"[""Energy"",""A positive approach to life"",""Confidence"",""Effective social interaction"",""Many more qualities"",""Music Dance Drama and Performing Arts Solutions"",""Study Materials"",""Interactive Curriculum""]","[""Classroom Training"",""Online Classes"",""1-on-1 Mentorship"",""Doubt Clearing Sessions"",""Career Counseling"",""Skill Development"",""Seminars"",""Music Dance Drama and Performing Arts Services""]",,2026-04-08 19:12:39,2026-04-08 19:12:39
4ca495b2-117e-406a-942d-ad88f2a99c67,921958bd-64ba-4401-975d-a44a431c5d4c,"[""Play School Solutions"",""Study Materials"",""Interactive Curriculum"",""Workbooks & Notes"",""E-Learning Modules"",""Assessment Tools"",""Certifications"",""Digital Content""]","[""Classroom Training"",""Online Classes"",""1-on-1 Mentorship"",""Doubt Clearing Sessions"",""Career Counseling"",""Skill Development"",""Seminars"",""Play School Services""]",,2026-04-08 19:12:39,2026-04-08 19:12:39
6a341710-89c8-48db-a4c8-9fdcd8eb0eba,f287b623-0af2-40a8-ae84-b003791e97e2,"[""Others Solutions"",""Signature Dishes"",""Premium Beverages"",""Quality Ingredients"",""Specialty Snacks"",""Custom Combos"",""Healthy Options"",""Desserts""]","[""Dine-in Experience"",""Takeaway"",""Home Delivery"",""Catering Services"",""Online Ordering"",""Quick Service"",""Others Services""]",,2026-04-08 19:12:39,2026-04-08 19:12:39
717d6ee4-2b4f-4d43-9459-b4ff077db902,9784ba53-e6af-451f-9a15-8517f49291f1,"[""Travel Agents Incl Holiday Packages and Tours Solutions"",""Flagship Products"",""Industry Specific Tools"",""Branded Offerings"",""Specialized Kits"",""Premium Goods""]","[""Dedicated Customer Support"",""Consultation Services"",""Professional Advisory"",""After-Sales Support"",""Strategy Planning"",""Travel Agents Incl Holiday Packages and Tours Services""]",,2026-04-08 19:12:39,2026-04-08 19:12:39
d762251f-cffa-4685-b7a0-6b2b64452ea6,054785bf-0d6f-4642-993e-56f587d8d386,"[""NSE"",""MCX NCDEX"",""Others Solutions"",""Investment Portfolios"",""Insurance Policies"",""Loan Packages"",""Financial Planning Tools"",""Tax Software""]","[""Dedicated Customer Support"",""Consultation Services"",""Professional Advisory"",""After-Sales Support"",""Strategy Planning"",""Others Services""]",,2026-04-08 19:12:39,2026-04-08 19:12:39
a7eab0d7-3420-4fd6-9ce8-c7e7cb5e9fd5,bf6a9f3e-8747-4bab-8f49-a9f48276581a,"[""With one"",""Own body"",""Health Food s Incl Organic Food Solutions"",""Signature Dishes"",""Premium Beverages"",""Quality Ingredients"",""Specialty Snacks"",""Custom Combos""]","[""Dine-in Experience"",""Takeaway"",""Home Delivery"",""Catering Services"",""Online Ordering"",""Quick Service"",""Health Food s Incl Organic Food Services""]",,2026-04-08 19:12:39,2026-04-08 19:12:39
a73e52d3-f450-477b-aed8-8e25205ab993,1b0e24d9-5d9c-4b1c-b46e-37dfbea99501,"[""Study Materials"",""Interactive Curriculum"",""Workbooks & Notes"",""E-Learning Modules"",""Assessment Tools"",""Certifications"",""Digital Content""]","[""Classroom Training"",""Online Classes"",""1-on-1 Mentorship"",""Doubt Clearing Sessions"",""Career Counseling"",""Skill Development"",""Seminars""]",,2026-04-08 19:12:39,2026-04-08 19:12:39
ccf3f01b-aad2-4650-8164-53486829cee6,1614310e-cdaa-4d6f-bfee-900c14be81e8,"[""Resolving whatever queries"",""Distributorships Solutions"",""Flagship Products"",""Industry Specific Tools"",""Branded Offerings"",""Specialized Kits"",""Premium Goods""]","[""Dedicated Customer Support"",""Consultation Services"",""Professional Advisory"",""After-Sales Support"",""Strategy Planning"",""Distributorships Services""]",,2026-04-08 19:12:39,2026-04-08 19:12:39
b11c769b-b7cd-432b-88ab-e700e7601cef,503359de-1ce0-4c72-9d99-72f75374260c,"[""Herbal products"",""Courier s Solutions"",""Flagship Products"",""Industry Specific Tools"",""Branded Offerings"",""Specialized Kits"",""Premium Goods""]","[""Dedicated Customer Support"",""Consultation Services"",""Professional Advisory"",""After-Sales Support"",""Strategy Planning"",""Courier s Services""]",,2026-04-08 19:12:39,2026-04-08 19:12:39
abcc30eb-f3b5-4f0d-ac4b-7b0428535875,a7a3d49e-8dfd-475d-ba1e-6721f8af1a32,"[""Courier s Solutions"",""Flagship Products"",""Industry Specific Tools"",""Branded Offerings"",""Specialized Kits"",""Premium Goods""]","[""Dedicated Customer Support"",""Consultation Services"",""Professional Advisory"",""After-Sales Support"",""Strategy Planning"",""Courier s Services""]",,2026-04-08 19:12:39,2026-04-08 19:12:39
e063b89d-b024-4e2f-b473-dde6ab11db23,6f715258-1d6d-4e46-a034-4338a31063ee,"[""Ayurveda s Solutions"",""Health Supplements"",""Workout Gear"",""Diet & Nutrition Plans"",""Wellness Products"",""Fitness Equipment"",""Therapeutic Goods""]","[""Personal Training"",""Group Classes"",""Nutritional Counseling"",""Health Assessments"",""Membership Programs"",""Rehabilitation"",""Ayurveda s Services""]",,2026-04-08 19:12:39,2026-04-08 19:12:39
8fbe9b5b-8ae8-46ce-acec-babf83c184d1,151e4f6d-4aba-49e8-8916-8e77cdb49147,"[""Equipment Rentals Solutions"",""Flagship Products"",""Industry Specific Tools"",""Branded Offerings"",""Specialized Kits"",""Premium Goods""]","[""Dedicated Customer Support"",""Consultation Services"",""Professional Advisory"",""After-Sales Support"",""Strategy Planning"",""Equipment Rentals Services""]",,2026-04-08 19:12:39,2026-04-08 19:12:39
9ba281bc-f3dc-42f7-a33b-32ebf829cf3b,1d6d474a-1ab8-4939-964e-c6f9ff49abfa,"[""Others Solutions"",""Exclusive Merchandise"",""Branded Products"",""Seasonal Collections"",""Lifestyle Goods"",""Premium Accessories"",""Quality Inventory""]","[""In-store Shopping"",""Personalized Styling"",""Customer Assistance"",""Easy Returns & Exchange"",""Home Delivery"",""Others Services""]",,2026-04-08 19:12:39,2026-04-08 19:12:39
0acf352e-d01f-4334-8b90-44f45f255f14,2bdbbc17-c188-4004-829b-79341341c59e,"[""Contemporary-chic"",""Sophisticated"",""Fashion & beauty too"",""Others Solutions"",""Exclusive Merchandise"",""Branded Products"",""Seasonal Collections"",""Lifestyle Goods""]","[""In-store Shopping"",""Personalized Styling"",""Customer Assistance"",""Easy Returns & Exchange"",""Home Delivery"",""Others Services""]",,2026-04-08 19:12:39,2026-04-08 19:12:39
77138291-a3ce-43c7-99f7-af9ec41d5b5d,853583c0-41ea-41d0-b3cb-ef198c777bb8,"[""Others Solutions"",""Flagship Products"",""Industry Specific Tools"",""Branded Offerings"",""Specialized Kits"",""Premium Goods""]","[""Dedicated Customer Support"",""Consultation Services"",""Professional Advisory"",""After-Sales Support"",""Strategy Planning"",""Others Services""]",,2026-04-08 19:12:39,2026-04-08 19:12:39
b448a3f5-d640-4280-8c10-d012d5447032,20f083d2-2782-4871-a25a-946cf88ddd33,"[""Aviation and Hospitality Training Solutions"",""Study Materials"",""Interactive Curriculum"",""Workbooks & Notes"",""E-Learning Modules"",""Assessment Tools"",""Certifications"",""Digital Content""]","[""Classroom Training"",""Online Classes"",""1-on-1 Mentorship"",""Doubt Clearing Sessions"",""Career Counseling"",""Skill Development"",""Seminars"",""Aviation and Hospitality Training Services""]",,2026-04-08 19:12:39,2026-04-08 19:12:39
1e16cf18-0184-4a8e-9a8c-9215b466dd42,46b7cf3f-75fc-4869-9a9c-e79833a76d29,"[""Not Provided Solutions"",""Flagship Products"",""Industry Specific Tools"",""Branded Offerings"",""Specialized Kits"",""Premium Goods""]","[""Dedicated Customer Support"",""Consultation Services"",""Professional Advisory"",""After-Sales Support"",""Strategy Planning"",""Not Provided Services""]",,2026-04-08 19:12:39,2026-04-08 19:12:39
4b4a6eb8-4ee2-4666-bdcf-47ee794dedb0,2298cc1e-2b63-455b-b789-6c60d1e345b7,"[""Real Estate Services, Portals, Online,Marketing Solutions"",""Flagship Products"",""Industry Specific Tools"",""Branded Offerings"",""Specialized Kits"",""Premium Goods""]","[""Dedicated Customer Support"",""Consultation Services"",""Professional Advisory"",""After-Sales Support"",""Strategy Planning"",""Real Estate Services, Portals, Online,Marketing Services""]",,2026-04-08 19:12:39,2026-04-08 19:12:39
b622f0ef-0221-480f-89f7-078b173c1a24,520bf9ec-b228-41e4-aafb-0adadd0394ac,"[""Financing,Loans,Funding ,Advisors,Brokers Solutions"",""Investment Portfolios"",""Insurance Policies"",""Loan Packages"",""Financial Planning Tools"",""Tax Software""]","[""Dedicated Customer Support"",""Consultation Services"",""Professional Advisory"",""After-Sales Support"",""Strategy Planning"",""Financing,Loans,Funding ,Advisors,Brokers Services""]",,2026-04-08 19:12:39,2026-04-08 19:12:39
58d0ed05-4dc9-4a36-90a7-44731894f236,2d356a17-edba-4e32-8396-2c3becb6a00a,"[""Backend support"",""Others Solutions"",""Investment Portfolios"",""Insurance Policies"",""Loan Packages"",""Financial Planning Tools"",""Tax Software""]","[""Dedicated Customer Support"",""Consultation Services"",""Professional Advisory"",""After-Sales Support"",""Strategy Planning"",""Others Services""]",,2026-04-08 19:12:39,2026-04-08 19:12:39
d95eeb5d-af1a-41fe-8510-143f30897c60,7dcd9e48-3204-4bab-ae41-1cacba8b7647,"[""Footwears of Mens"",""Woman"",""Kids"",""Others Solutions"",""Flagship Products"",""Industry Specific Tools"",""Branded Offerings"",""Specialized Kits""]","[""Dedicated Customer Support"",""Consultation Services"",""Professional Advisory"",""After-Sales Support"",""Strategy Planning"",""Others Services""]",,2026-04-08 19:12:39,2026-04-08 19:12:39
348da28c-f20b-4471-80da-fe993d803f39,4ca097dc-9178-483e-bdc7-65237837b628,"[""Computer Sales, Parts and Accessories Solutions"",""Flagship Products"",""Industry Specific Tools"",""Branded Offerings"",""Specialized Kits"",""Premium Goods""]","[""Dedicated Customer Support"",""Consultation Services"",""Professional Advisory"",""After-Sales Support"",""Strategy Planning"",""Computer Sales, Parts and Accessories Services""]",,2026-04-08 19:12:39,2026-04-08 19:12:39
d06247f1-715e-47fc-aaaa-79c5989f01b4,5d7fd8fe-902a-4ea4-889c-652a6b59da51,"[""Preschool Solutions"",""Study Materials"",""Interactive Curriculum"",""Workbooks & Notes"",""E-Learning Modules"",""Assessment Tools"",""Certifications"",""Digital Content""]","[""Classroom Training"",""Online Classes"",""1-on-1 Mentorship"",""Doubt Clearing Sessions"",""Career Counseling"",""Skill Development"",""Seminars"",""Preschool Services""]",,2026-04-08 19:12:39,2026-04-08 19:12:39
ab06ee93-8f4f-4c41-b1fa-1a8815fbf0fb,d8a80546-8cfe-4f3c-837c-e4391749a944,"[""Others Solutions"",""Flagship Products"",""Industry Specific Tools"",""Branded Offerings"",""Specialized Kits"",""Premium Goods""]","[""Dedicated Customer Support"",""Consultation Services"",""Professional Advisory"",""After-Sales Support"",""Strategy Planning"",""Others Services""]",,2026-04-08 19:12:39,2026-04-08 19:12:39
10319da0-1d1c-4d05-9e37-448a70ca252d,ec052a1c-9e6d-4615-9dbd-040538792acf,"[""Denim Solutions"",""Exclusive Merchandise"",""Branded Products"",""Seasonal Collections"",""Lifestyle Goods"",""Premium Accessories"",""Quality Inventory""]","[""Dedicated Customer Support"",""Consultation Services"",""Professional Advisory"",""After-Sales Support"",""Strategy Planning"",""Denim Services""]",,2026-04-08 19:12:39,2026-04-08 19:12:39
10e3edff-5a89-4cae-a5dd-eff374bc1db5,a1981a32-2f3c-43e0-9e02-2954ee829f31,"[""Travel Agents Incl Holiday Packages and Tours Solutions"",""Flagship Products"",""Industry Specific Tools"",""Branded Offerings"",""Specialized Kits"",""Premium Goods""]","[""Dedicated Customer Support"",""Consultation Services"",""Professional Advisory"",""After-Sales Support"",""Strategy Planning"",""Travel Agents Incl Holiday Packages and Tours Services""]",,2026-04-08 19:12:39,2026-04-08 19:12:39
e02d1241-ea99-49cd-a05a-4c87d534d517,0ebf2e77-b8c3-4998-93d9-1959db65dec0,"[""Online Travel Services Solutions"",""Flagship Products"",""Industry Specific Tools"",""Branded Offerings"",""Specialized Kits"",""Premium Goods""]","[""Dedicated Customer Support"",""Consultation Services"",""Professional Advisory"",""After-Sales Support"",""Strategy Planning"",""Online Travel Services Services""]",,2026-04-08 19:12:39,2026-04-08 19:12:39
e1c1f95e-9eef-44ef-b51f-cd1f379b09f3,0836d83f-d84d-4ccd-a9d8-6e7b5244bfc8,"[""Health Care Products Solutions"",""Health Supplements"",""Workout Gear"",""Diet & Nutrition Plans"",""Wellness Products"",""Fitness Equipment"",""Therapeutic Goods""]","[""Personal Training"",""Group Classes"",""Nutritional Counseling"",""Health Assessments"",""Membership Programs"",""Rehabilitation"",""Health Care Products Services""]",,2026-04-08 19:12:39,2026-04-08 19:12:39
003e98bb-0569-47fb-b5cc-c182a2da175f,4063095c-fe3a-4258-966d-9504fe7e0881,"[""Part Time  Opportunities Solutions"",""Flagship Products"",""Industry Specific Tools"",""Branded Offerings"",""Specialized Kits"",""Premium Goods""]","[""Dedicated Customer Support"",""Consultation Services"",""Professional Advisory"",""After-Sales Support"",""Strategy Planning"",""Part Time  Opportunities Services""]",,2026-04-08 19:12:39,2026-04-08 19:12:39
c0509ae0-58b2-43ff-8c78-5d2b3ca437de,60076103-8da8-4c1b-a351-168a82a166c2,"[""More wholesome"",""Pizza"",""Momos"",""Casual Dining Restaurant Solutions"",""Signature Dishes"",""Premium Beverages"",""Quality Ingredients"",""Specialty Snacks""]","[""Dine-in Experience"",""Takeaway"",""Home Delivery"",""Catering Services"",""Online Ordering"",""Quick Service"",""Casual Dining Restaurant Services""]",,2026-04-08 19:12:39,2026-04-08 19:12:39
c92a665a-2f0f-4970-8e64-046f30803ced,b13eff05-1a8f-43d5-a34e-0db944cdd1e2,"[""Pizza s Solutions"",""Signature Dishes"",""Premium Beverages"",""Quality Ingredients"",""Specialty Snacks"",""Custom Combos"",""Healthy Options"",""Desserts""]","[""Dine-in Experience"",""Takeaway"",""Home Delivery"",""Catering Services"",""Online Ordering"",""Quick Service"",""Pizza s Services""]",,2026-04-08 19:12:39,2026-04-08 19:12:39
dbb2ad9d-74b6-41b1-9513-d30a8dfb8232,dfaf297c-560f-4924-93f2-c3962ef9b728,"[""Real Estate Services, Portals, Online,Marketing Solutions"",""Flagship Products"",""Industry Specific Tools"",""Branded Offerings"",""Specialized Kits"",""Premium Goods""]","[""Dedicated Customer Support"",""Consultation Services"",""Professional Advisory"",""After-Sales Support"",""Strategy Planning"",""Real Estate Services, Portals, Online,Marketing Services""]",,2026-04-08 19:12:39,2026-04-08 19:12:39
8fd0b305-855e-4d4e-b73e-0ba297a7ec8d,e66aa83c-d57b-470e-9d93-64909753e6ef,"[""Departmental Stores Solutions"",""Exclusive Merchandise"",""Branded Products"",""Seasonal Collections"",""Lifestyle Goods"",""Premium Accessories"",""Quality Inventory""]","[""In-store Shopping"",""Personalized Styling"",""Customer Assistance"",""Easy Returns & Exchange"",""Home Delivery"",""Departmental Stores Services""]",,2026-04-08 19:12:39,2026-04-08 19:12:39
28f48911-3778-4842-b245-4c9a01566166,b9c862d0-3c1b-44c4-884d-e2e3feba52a4,"[""Maintenance Services and Products Solutions"",""Flagship Products"",""Industry Specific Tools"",""Branded Offerings"",""Specialized Kits"",""Premium Goods""]","[""Dedicated Customer Support"",""Consultation Services"",""Professional Advisory"",""After-Sales Support"",""Strategy Planning"",""Maintenance Services and Products Services""]",,2026-04-08 19:12:39,2026-04-08 19:12:39
7d7c49c5-ea7f-4a7f-a45b-55e9c82f2a82,eff1ea84-eb37-44da-979e-17a2fd614ea9,"[""Interior Decoration Solutions"",""Flagship Products"",""Industry Specific Tools"",""Branded Offerings"",""Specialized Kits"",""Premium Goods""]","[""Dedicated Customer Support"",""Consultation Services"",""Professional Advisory"",""After-Sales Support"",""Strategy Planning"",""Interior Decoration Services""]",,2026-04-08 19:12:39,2026-04-08 19:12:39
f937b110-f7c2-4c1d-a4a5-f6569e98cc53,85494df2-2108-4123-9cd2-4c2a8ef66e95,"[""Others Solutions"",""Flagship Products"",""Industry Specific Tools"",""Branded Offerings"",""Specialized Kits"",""Premium Goods""]","[""Dedicated Customer Support"",""Consultation Services"",""Professional Advisory"",""After-Sales Support"",""Strategy Planning"",""Others Services""]",,2026-04-08 19:12:39,2026-04-08 19:12:39
e5184e4f-44d8-42c9-99ac-4f3ae6f10d18,02b97346-e2f9-4bcb-8e43-ca847b1af3ed,"[""Like car"",""Bike care services"",""Products &amp"",""Wash, Detailing, Repair, Oil Change & Maintenance Solutions"",""Genuine Spare Parts"",""Vehicle Accessories"",""Car Care Products"",""Engine Oils""]","[""Servicing & Repair"",""Washing & Detailing"",""Roadside Assistance"",""Customization"",""Diagnostic Testing"",""Wash, Detailing, Repair, Oil Change & Maintenance Services""]",,2026-04-08 19:12:39,2026-04-08 19:12:39
d93d57c2-1f22-4c2f-8834-14f58b40920a,5cf32682-81a3-4e72-907a-0225eee2343e,"[""Computer Hardware and Networking Solutions"",""Flagship Products"",""Industry Specific Tools"",""Branded Offerings"",""Specialized Kits"",""Premium Goods""]","[""Dedicated Customer Support"",""Consultation Services"",""Professional Advisory"",""After-Sales Support"",""Strategy Planning"",""Computer Hardware and Networking Services""]",,2026-04-08 19:12:39,2026-04-08 19:12:39
3b448713-72bf-4334-bbb3-ade5ea003fc5,e0fa87bb-102d-4eeb-8e2b-788548f06a25,"[""Part Time  Opportunities Solutions"",""Flagship Products"",""Industry Specific Tools"",""Branded Offerings"",""Specialized Kits"",""Premium Goods""]","[""Dedicated Customer Support"",""Consultation Services"",""Professional Advisory"",""After-Sales Support"",""Strategy Planning"",""Part Time  Opportunities Services""]",,2026-04-08 19:12:39,2026-04-08 19:12:39
10cac0f4-8e57-453a-be9c-5edc575e32d1,8bb5c3a9-f8e4-428c-864e-37eb765dc1d3,"[""Online Coaching,E-learning Related Solutions"",""Study Materials"",""Interactive Curriculum"",""Workbooks & Notes"",""E-Learning Modules"",""Assessment Tools"",""Certifications"",""Digital Content""]","[""Classroom Training"",""Online Classes"",""1-on-1 Mentorship"",""Doubt Clearing Sessions"",""Career Counseling"",""Skill Development"",""Seminars"",""Online Coaching,E-learning Related Services""]",,2026-04-08 19:12:39,2026-04-08 19:12:39
aea17643-2bbc-48f5-9bc3-d138baac1032,10ea04b4-3e5f-41e5-b814-609afaa054b2,"[""Hotel Chain Solutions"",""Flagship Products"",""Industry Specific Tools"",""Branded Offerings"",""Specialized Kits"",""Premium Goods""]","[""Dedicated Customer Support"",""Consultation Services"",""Professional Advisory"",""After-Sales Support"",""Strategy Planning"",""Hotel Chain Services""]",,2026-04-08 19:12:39,2026-04-08 19:12:39
5d0846f1-d730-4f6d-b102-43ba746a8850,d45e7752-e771-4dc1-b861-d62ec91023c7,"[""Sandwiches, Subs, VadaPao and Hotdog Solutions"",""Signature Dishes"",""Premium Beverages"",""Quality Ingredients"",""Specialty Snacks"",""Custom Combos"",""Healthy Options"",""Desserts""]","[""Dine-in Experience"",""Takeaway"",""Home Delivery"",""Catering Services"",""Online Ordering"",""Quick Service"",""Sandwiches, Subs, VadaPao and Hotdog Services""]",,2026-04-08 19:12:39,2026-04-08 19:12:39
950d078d-9910-4254-8441-822b9ec471ac,d4ab8b21-a599-4913-8d51-1b3671805fe2,"[""Architects, Design & Allied Services Solutions"",""Flagship Products"",""Industry Specific Tools"",""Branded Offerings"",""Specialized Kits"",""Premium Goods""]","[""Dedicated Customer Support"",""Consultation Services"",""Professional Advisory"",""After-Sales Support"",""Strategy Planning"",""Architects, Design & Allied Services Services""]",,2026-04-08 19:12:39,2026-04-08 19:12:39
fe987d48-536f-4fc1-8299-d626d4f779eb,3129d54e-e0a7-4d06-bcd1-28c7a3bb0247,"[""Women Wear Solutions"",""Exclusive Merchandise"",""Branded Products"",""Seasonal Collections"",""Lifestyle Goods"",""Premium Accessories"",""Quality Inventory""]","[""Dedicated Customer Support"",""Consultation Services"",""Professional Advisory"",""After-Sales Support"",""Strategy Planning"",""Women Wear Services""]",,2026-04-08 19:12:39,2026-04-08 19:12:39
d8df1a52-1ee6-4703-ab0e-9bac6d2cfe74,36e353f2-17fe-4b4c-b62a-db3653101066,"[""100% Vegetarian  Incl Vegan Solutions"",""Signature Dishes"",""Premium Beverages"",""Quality Ingredients"",""Specialty Snacks"",""Custom Combos"",""Healthy Options"",""Desserts""]","[""Dine-in Experience"",""Takeaway"",""Home Delivery"",""Catering Services"",""Online Ordering"",""Quick Service"",""100% Vegetarian  Incl Vegan Services""]",,2026-04-08 19:12:39,2026-04-08 19:12:39
536c25c9-2e88-456d-b4d7-76d03096d48c,5b6f2aef-fb3b-4d29-a140-957067eb1c77,"[""Chocolate and Candy Solutions"",""Signature Dishes"",""Premium Beverages"",""Quality Ingredients"",""Specialty Snacks"",""Custom Combos"",""Healthy Options"",""Desserts""]","[""Dine-in Experience"",""Takeaway"",""Home Delivery"",""Catering Services"",""Online Ordering"",""Quick Service"",""Chocolate and Candy Services""]",,2026-04-08 19:12:39,2026-04-08 19:12:39
86a91fb4-fc55-46a4-a200-24d8d8b68e32,25fc7205-9204-40d1-a385-9bc415098d7a,"[""Not Provided Solutions"",""Flagship Products"",""Industry Specific Tools"",""Branded Offerings"",""Specialized Kits"",""Premium Goods""]","[""Dedicated Customer Support"",""Consultation Services"",""Professional Advisory"",""After-Sales Support"",""Strategy Planning"",""Not Provided Services""]",,2026-04-08 19:12:39,2026-04-08 19:12:39
a5e126de-858d-495d-97f9-01a3ca01eed4,68853ef4-797a-4b6f-8326-62ffb12006de,"[""Others Solutions"",""Signature Dishes"",""Premium Beverages"",""Quality Ingredients"",""Specialty Snacks"",""Custom Combos"",""Healthy Options"",""Desserts""]","[""Dine-in Experience"",""Takeaway"",""Home Delivery"",""Catering Services"",""Online Ordering"",""Quick Service"",""Others Services""]",,2026-04-08 19:12:39,2026-04-08 19:12:39
1ebaa784-3afa-4808-807f-47e55e36999c,d556c26c-2a27-4152-881a-dccb13d273e6,"[""Health Care Products Solutions"",""Health Supplements"",""Workout Gear"",""Diet & Nutrition Plans"",""Wellness Products"",""Fitness Equipment"",""Therapeutic Goods""]","[""Personal Training"",""Group Classes"",""Nutritional Counseling"",""Health Assessments"",""Membership Programs"",""Rehabilitation"",""Health Care Products Services""]",,2026-04-08 19:12:39,2026-04-08 19:12:39
4b5b071d-ac91-421a-a0d9-5e62454bfaa8,202974c3-bb99-4606-a9df-3acaf97fc403,"[""Others Solutions"",""Exclusive Merchandise"",""Branded Products"",""Seasonal Collections"",""Lifestyle Goods"",""Premium Accessories"",""Quality Inventory""]","[""In-store Shopping"",""Personalized Styling"",""Customer Assistance"",""Easy Returns & Exchange"",""Home Delivery"",""Others Services""]",,2026-04-08 19:12:39,2026-04-08 19:12:39
23d9ba30-51d8-40f4-ad90-b3a64bca0af1,967cf03a-6afc-4f31-8c8f-96fb68e7cf0f,"[""Indian Food Solutions"",""Signature Dishes"",""Premium Beverages"",""Quality Ingredients"",""Specialty Snacks"",""Custom Combos"",""Healthy Options"",""Desserts""]","[""Dine-in Experience"",""Takeaway"",""Home Delivery"",""Catering Services"",""Online Ordering"",""Quick Service"",""Indian Food Services""]",,2026-04-08 19:12:39,2026-04-08 19:12:39
66c28067-2aef-47ea-81a1-544a4fdf4d95,2dae1a13-12ec-4a15-b2c1-b5a932f6d1a0,"[""Home Appliances, Interiors & Furnishing Solutions"",""Exclusive Merchandise"",""Branded Products"",""Seasonal Collections"",""Lifestyle Goods"",""Premium Accessories"",""Quality Inventory""]","[""In-store Shopping"",""Personalized Styling"",""Customer Assistance"",""Easy Returns & Exchange"",""Home Delivery"",""Home Appliances, Interiors & Furnishing Services""]",,2026-04-08 19:12:39,2026-04-08 19:12:39
5044f2fe-0b6d-4742-83d6-d48cb6df3026,87fd4024-5953-4a82-b443-32ab625d7efb,"[""Others Solutions"",""Flagship Products"",""Industry Specific Tools"",""Branded Offerings"",""Specialized Kits"",""Premium Goods""]","[""Dedicated Customer Support"",""Consultation Services"",""Professional Advisory"",""After-Sales Support"",""Strategy Planning"",""Others Services""]",,2026-04-08 19:12:39,2026-04-08 19:12:39
1f54d034-eff2-4550-8d8a-238e2410082a,d97ef9c1-d4ad-4f39-b7fd-1cb7dd120b74,"[""Laundry and Dry Cleaning Solutions"",""Flagship Products"",""Industry Specific Tools"",""Branded Offerings"",""Specialized Kits"",""Premium Goods""]","[""Dedicated Customer Support"",""Consultation Services"",""Professional Advisory"",""After-Sales Support"",""Strategy Planning"",""Laundry and Dry Cleaning Services""]",,2026-04-08 19:12:39,2026-04-08 19:12:39
0ba8aa56-bf16-4f85-8deb-1cb274b4595c,8dba2294-6d34-48a3-8552-d71a5949a955,"[""Happiness for all"",""Herbal,Organic,Wellness,Alternative Medicine Solutions"",""Health Supplements"",""Workout Gear"",""Diet & Nutrition Plans"",""Wellness Products"",""Fitness Equipment"",""Therapeutic Goods""]","[""Personal Training"",""Group Classes"",""Nutritional Counseling"",""Health Assessments"",""Membership Programs"",""Rehabilitation"",""Herbal,Organic,Wellness,Alternative Medicine Services""]",,2026-04-08 19:12:39,2026-04-08 19:12:39
3ffb69df-d953-4fca-a505-32a8df442bcc,ffaea16a-d14c-49d3-9905-f3d09589fafe,"[""Mens Wear Solutions"",""Exclusive Merchandise"",""Branded Products"",""Seasonal Collections"",""Lifestyle Goods"",""Premium Accessories"",""Quality Inventory""]","[""Dedicated Customer Support"",""Consultation Services"",""Professional Advisory"",""After-Sales Support"",""Strategy Planning"",""Mens Wear Services""]",,2026-04-08 19:12:39,2026-04-08 19:12:39
dcb22af5-067a-49c3-8e6a-cde5ff9e181c,8cc87d99-11c8-4c4a-98e5-29a31fa27d2e,"[""Distance Learning Solutions"",""Study Materials"",""Interactive Curriculum"",""Workbooks & Notes"",""E-Learning Modules"",""Assessment Tools"",""Certifications"",""Digital Content""]","[""Classroom Training"",""Online Classes"",""1-on-1 Mentorship"",""Doubt Clearing Sessions"",""Career Counseling"",""Skill Development"",""Seminars"",""Distance Learning Services""]",,2026-04-08 19:12:39,2026-04-08 19:12:39
79482ceb-1bf1-42ce-b76e-e7e1edb1f624,6beac2ee-d54b-43f0-8c5b-266b627b18cb,"[""Online Coaching,E-learning Related Solutions"",""Study Materials"",""Interactive Curriculum"",""Workbooks & Notes"",""E-Learning Modules"",""Assessment Tools"",""Certifications"",""Digital Content""]","[""Classroom Training"",""Online Classes"",""1-on-1 Mentorship"",""Doubt Clearing Sessions"",""Career Counseling"",""Skill Development"",""Seminars"",""Online Coaching,E-learning Related Services""]",,2026-04-08 19:12:39,2026-04-08 19:12:39
62a79267-636e-4b2a-89c3-05fa4ff42cc3,f70d6a96-eb73-49e1-815a-a005fecce895,"[""Others Solutions"",""Exclusive Merchandise"",""Branded Products"",""Seasonal Collections"",""Lifestyle Goods"",""Premium Accessories"",""Quality Inventory""]","[""In-store Shopping"",""Personalized Styling"",""Customer Assistance"",""Easy Returns & Exchange"",""Home Delivery"",""Others Services""]",,2026-04-08 19:12:39,2026-04-08 19:12:39
a1883d4f-f45f-40ef-a027-846ebe9ac6bb,6b737e45-52e2-4dd0-9e7f-56eb0114323e,"[""Play School , Preschool Solutions"",""Study Materials"",""Interactive Curriculum"",""Workbooks & Notes"",""E-Learning Modules"",""Assessment Tools"",""Certifications"",""Digital Content""]","[""Classroom Training"",""Online Classes"",""1-on-1 Mentorship"",""Doubt Clearing Sessions"",""Career Counseling"",""Skill Development"",""Seminars"",""Play School , Preschool Services""]",,2026-04-08 19:12:39,2026-04-08 19:12:39
ec4fe8e8-70f7-4c47-a00f-5709a029ee2c,25fc91f9-cfb1-47a1-ac15-b82f1236da42,"[""For low cost investment"",""Return in year"",""Others Solutions"",""Signature Dishes"",""Premium Beverages"",""Quality Ingredients"",""Specialty Snacks"",""Custom Combos""]","[""Dine-in Experience"",""Takeaway"",""Home Delivery"",""Catering Services"",""Online Ordering"",""Quick Service"",""Others Services""]",,2026-04-08 19:12:39,2026-04-08 19:12:39
5a3ea72e-ae1e-46e3-bc64-ac0724310cb9,0e0ff1c9-0dd0-4843-8bce-9afaf07fd96a,"[""Training &amp"",""Marketing Companies Solutions"",""Flagship Products"",""Industry Specific Tools"",""Branded Offerings"",""Specialized Kits"",""Premium Goods""]","[""Dedicated Customer Support"",""Consultation Services"",""Professional Advisory"",""After-Sales Support"",""Strategy Planning"",""Marketing Companies Services""]",,2026-04-08 19:12:39,2026-04-08 19:12:39
498821f3-f722-4e30-8bc2-c64997edd6c4,8c2df6ca-2071-4644-a545-48b6d710fc49,"[""Flagship Products"",""Industry Specific Tools"",""Branded Offerings"",""Specialized Kits"",""Premium Goods""]","[""Dedicated Customer Support"",""Consultation Services"",""Professional Advisory"",""After-Sales Support"",""Strategy Planning""]",,2026-04-08 19:12:39,2026-04-08 19:12:39
5ebf5c4c-2f3f-4c10-9ac4-886588334544,49867397-ae1c-49b6-bae0-95da49b42d9d,"[""Distributorships Solutions"",""Flagship Products"",""Industry Specific Tools"",""Branded Offerings"",""Specialized Kits"",""Premium Goods""]","[""Dedicated Customer Support"",""Consultation Services"",""Professional Advisory"",""After-Sales Support"",""Strategy Planning"",""Distributorships Services""]",,2026-04-08 19:12:39,2026-04-08 19:12:39
96fe817b-49e4-48d5-9258-61423abe0808,e9550d65-cd80-41cf-9a02-e6cd98776bc7,"[""Others Solutions"",""Study Materials"",""Interactive Curriculum"",""Workbooks & Notes"",""E-Learning Modules"",""Assessment Tools"",""Certifications"",""Digital Content""]","[""Classroom Training"",""Online Classes"",""1-on-1 Mentorship"",""Doubt Clearing Sessions"",""Career Counseling"",""Skill Development"",""Seminars"",""Others Services""]",,2026-04-08 19:12:39,2026-04-08 19:12:39
2205a0c9-9e2f-48f6-82b9-7eeeb7d5cd17,85d039f0-5e4b-4ea7-aded-29921b103cc8,"[""More than 150 domestic"",""Others Solutions"",""Study Materials"",""Interactive Curriculum"",""Workbooks & Notes"",""E-Learning Modules"",""Assessment Tools"",""Certifications""]","[""Classroom Training"",""Online Classes"",""1-on-1 Mentorship"",""Doubt Clearing Sessions"",""Career Counseling"",""Skill Development"",""Seminars"",""Others Services""]",,2026-04-08 19:12:39,2026-04-08 19:12:39
85c4ae6c-e59c-4ec4-8e47-55080c1b584d,b1ae21ab-c708-4c1d-ad4e-56c7ed6e8278,"[""Others Solutions"",""Study Materials"",""Interactive Curriculum"",""Workbooks & Notes"",""E-Learning Modules"",""Assessment Tools"",""Certifications"",""Digital Content""]","[""Classroom Training"",""Online Classes"",""1-on-1 Mentorship"",""Doubt Clearing Sessions"",""Career Counseling"",""Skill Development"",""Seminars"",""Others Services""]",,2026-04-08 19:12:39,2026-04-08 19:12:39
8f3aaa54-2da7-418f-85d6-77f4f6bf46cc,3c60fe5a-b137-43d5-9d41-6100f5433db6,"[""Mocktail bar"",""Lassi"",""Shakes ka swad"",""Smoothies ka power"",""Desi style mya pizza"",""Burger ka stuffing"",""Waffle ka taste"",""India ka momos""]","[""Dine-in Experience"",""Takeaway"",""Home Delivery"",""Catering Services"",""Online Ordering"",""Quick Service"",""Others Services""]",,2026-04-08 19:12:39,2026-04-08 19:12:39
1bde7ade-23bb-4ab5-8e3e-892141ac50bd,be3ef8b3-7477-4e3c-b42a-e69e3a5188a6,"[""Others Solutions"",""Flagship Products"",""Industry Specific Tools"",""Branded Offerings"",""Specialized Kits"",""Premium Goods""]","[""Dedicated Customer Support"",""Consultation Services"",""Professional Advisory"",""After-Sales Support"",""Strategy Planning"",""Others Services""]",,2026-04-08 19:12:39,2026-04-08 19:12:39
60913294-5823-422c-b032-23adbe68ebc3,062f90b1-f5a1-4d84-9f2f-33f2d344574c,"[""Others Solutions"",""Signature Dishes"",""Premium Beverages"",""Quality Ingredients"",""Specialty Snacks"",""Custom Combos"",""Healthy Options"",""Desserts""]","[""Dine-in Experience"",""Takeaway"",""Home Delivery"",""Catering Services"",""Online Ordering"",""Quick Service"",""Others Services""]",,2026-04-08 19:12:39,2026-04-08 19:12:39
f5698b33-d084-499e-969e-b1196859feae,180aa5c3-e206-40c1-be84-03a13f44d95b,"[""The best American Burger"",""Wholesome"",""Amazingly stylish way"",""Asian Food s Solutions"",""Signature Dishes"",""Premium Beverages"",""Quality Ingredients"",""Specialty Snacks""]","[""Dine-in Experience"",""Takeaway"",""Home Delivery"",""Catering Services"",""Online Ordering"",""Quick Service"",""Asian Food s Services""]",,2026-04-08 19:12:39,2026-04-08 19:12:39
98a451b4-49d9-4bab-80df-c3e958c1305a,48bc8bb2-20e9-40e0-89fd-34b5de22d937,"[""Health Food s Incl Organic Food Solutions"",""Signature Dishes"",""Premium Beverages"",""Quality Ingredients"",""Specialty Snacks"",""Custom Combos"",""Healthy Options"",""Desserts""]","[""Dine-in Experience"",""Takeaway"",""Home Delivery"",""Catering Services"",""Online Ordering"",""Quick Service"",""Health Food s Incl Organic Food Services""]",,2026-04-08 19:12:39,2026-04-08 19:12:39
d60f4637-a1ab-4e84-9a15-dc96e5dada16,e92af47d-fb48-4b0b-bc24-4c41f0ea5a7f,"[""Pet Services Solutions"",""Flagship Products"",""Industry Specific Tools"",""Branded Offerings"",""Specialized Kits"",""Premium Goods""]","[""Dedicated Customer Support"",""Consultation Services"",""Professional Advisory"",""After-Sales Support"",""Strategy Planning"",""Pet Services Services""]",,2026-04-08 19:12:39,2026-04-08 19:12:39
df618e28-ca1d-4ac9-b17d-763461ac4b85,12b96b76-d948-4e80-a63a-7bb43ae1a6ad,"[""Not Provided Solutions"",""Flagship Products"",""Industry Specific Tools"",""Branded Offerings"",""Specialized Kits"",""Premium Goods""]","[""Dedicated Customer Support"",""Consultation Services"",""Professional Advisory"",""After-Sales Support"",""Strategy Planning"",""Not Provided Services""]",,2026-04-08 19:12:39,2026-04-08 19:12:39
b1860d2e-3c3e-45a0-868f-c65370703ce2,27c7ed09-146d-47e7-83b6-6618ef1ad0aa,"[""Resources"",""Study Materials"",""Interactive Curriculum"",""Workbooks & Notes"",""E-Learning Modules"",""Assessment Tools"",""Certifications"",""Digital Content""]","[""Classroom Training"",""Online Classes"",""1-on-1 Mentorship"",""Doubt Clearing Sessions"",""Career Counseling"",""Skill Development"",""Seminars""]",,2026-04-08 19:12:39,2026-04-08 19:12:39
9a7d0897-9387-41f3-bf23-aa93c82c9c6b,97bb530c-ca1c-4f01-854a-3a82f077917a,"[""Computer Software, Hardware, Networking, IT Solutions"",""Study Materials"",""Interactive Curriculum"",""Workbooks & Notes"",""E-Learning Modules"",""Assessment Tools"",""Certifications"",""Digital Content""]","[""Classroom Training"",""Online Classes"",""1-on-1 Mentorship"",""Doubt Clearing Sessions"",""Career Counseling"",""Skill Development"",""Seminars"",""Computer Software, Hardware, Networking, IT Services""]",,2026-04-08 19:12:39,2026-04-08 19:12:39
f45ccbb1-f4dc-4236-a342-a3799cc52c71,634fdb8d-2a3b-406c-8823-d84ccef65eab,"[""Others Solutions"",""Signature Dishes"",""Premium Beverages"",""Quality Ingredients"",""Specialty Snacks"",""Custom Combos"",""Healthy Options"",""Desserts""]","[""Dine-in Experience"",""Takeaway"",""Home Delivery"",""Catering Services"",""Online Ordering"",""Quick Service"",""Others Services""]",,2026-04-08 19:12:39,2026-04-08 19:12:39
24d4867e-6687-460f-81c6-aa20b240a2fb,a491a643-96c4-49ec-8886-bf2ee9d6e088,"[""Others Solutions"",""Flagship Products"",""Industry Specific Tools"",""Branded Offerings"",""Specialized Kits"",""Premium Goods""]","[""Dedicated Customer Support"",""Consultation Services"",""Professional Advisory"",""After-Sales Support"",""Strategy Planning"",""Others Services""]",,2026-04-08 19:12:39,2026-04-08 19:12:39
0a24f3d9-c2e5-458b-a717-2153a30e5cdb,d59920ab-b027-4924-9984-bd2894a5237e,"[""Two Wheeler Solutions"",""Genuine Spare Parts"",""Vehicle Accessories"",""Car Care Products"",""Engine Oils"",""Maintenance Kits""]","[""Servicing & Repair"",""Washing & Detailing"",""Roadside Assistance"",""Customization"",""Diagnostic Testing"",""Two Wheeler Services""]",,2026-04-08 19:12:39,2026-04-08 19:12:39
77d1a8e9-e287-41ca-a051-63d0bf5f25cb,80471736-106b-4fec-9948-e968afac20dd,"[""Furniture Stores Solutions"",""Exclusive Merchandise"",""Branded Products"",""Seasonal Collections"",""Lifestyle Goods"",""Premium Accessories"",""Quality Inventory""]","[""In-store Shopping"",""Personalized Styling"",""Customer Assistance"",""Easy Returns & Exchange"",""Home Delivery"",""Furniture Stores Services""]",,2026-04-08 19:12:39,2026-04-08 19:12:39
262a2d1a-9c46-429d-b43b-94450c0d1e0b,637e8f2e-460a-42bb-8465-83491060986d,"[""Others Solutions"",""Flagship Products"",""Industry Specific Tools"",""Branded Offerings"",""Specialized Kits"",""Premium Goods""]","[""Dedicated Customer Support"",""Consultation Services"",""Professional Advisory"",""After-Sales Support"",""Strategy Planning"",""Others Services""]",,2026-04-08 19:12:39,2026-04-08 19:12:39
e0b35f7a-c3c0-42d5-be48-145effba1e10,5c977663-db4a-4889-8284-b455879bdc94,"[""Others Solutions"",""Exclusive Merchandise"",""Branded Products"",""Seasonal Collections"",""Lifestyle Goods"",""Premium Accessories"",""Quality Inventory""]","[""In-store Shopping"",""Personalized Styling"",""Customer Assistance"",""Easy Returns & Exchange"",""Home Delivery"",""Others Services""]",,2026-04-08 19:12:39,2026-04-08 19:12:39
26ab8448-a031-4f90-a293-f821862f4537,9265b2e7-d2c2-4488-bac2-7209238e6038,"[""Delivery Incl Online Ordering Solutions"",""Signature Dishes"",""Premium Beverages"",""Quality Ingredients"",""Specialty Snacks"",""Custom Combos"",""Healthy Options"",""Desserts""]","[""Dine-in Experience"",""Takeaway"",""Home Delivery"",""Catering Services"",""Online Ordering"",""Quick Service"",""Delivery Incl Online Ordering Services""]",,2026-04-08 19:12:39,2026-04-08 19:12:39
cc5769a5-9948-4ebd-a93b-27a36515c1a8,100cb07d-4948-4342-9db2-70fafa842d09,"[""Weight Loss, Slimming, Diet Consultancy Solutions"",""Health Supplements"",""Workout Gear"",""Diet & Nutrition Plans"",""Wellness Products"",""Fitness Equipment"",""Therapeutic Goods""]","[""Personal Training"",""Group Classes"",""Nutritional Counseling"",""Health Assessments"",""Membership Programs"",""Rehabilitation"",""Weight Loss, Slimming, Diet Consultancy Services""]",,2026-04-08 19:12:39,2026-04-08 19:12:39
61f44572-1837-422c-835a-603b1c656491,2c1dd040-c9e2-4bb5-8201-abaa85afec41,"[""The best start in life"",""Childrens Products s Solutions"",""Exclusive Merchandise"",""Branded Products"",""Seasonal Collections"",""Lifestyle Goods"",""Premium Accessories"",""Quality Inventory""]","[""In-store Shopping"",""Personalized Styling"",""Customer Assistance"",""Easy Returns & Exchange"",""Home Delivery"",""Childrens Products s Services""]",,2026-04-08 19:12:39,2026-04-08 19:12:39
d24a9de0-a7bb-41cb-b5f6-cee93482bc2e,bd9961a8-1b2c-48a1-9e7c-1093d694f730,"[""Others Solutions"",""Exclusive Merchandise"",""Branded Products"",""Seasonal Collections"",""Lifestyle Goods"",""Premium Accessories"",""Quality Inventory""]","[""In-store Shopping"",""Personalized Styling"",""Customer Assistance"",""Easy Returns & Exchange"",""Home Delivery"",""Others Services""]",,2026-04-08 19:12:39,2026-04-08 19:12:39
da314441-a062-43a7-8b4f-c6bdaf8cec49,769579e7-f665-48e1-830f-8becf554c2d9,"[""Play School Solutions"",""Study Materials"",""Interactive Curriculum"",""Workbooks & Notes"",""E-Learning Modules"",""Assessment Tools"",""Certifications"",""Digital Content""]","[""Classroom Training"",""Online Classes"",""1-on-1 Mentorship"",""Doubt Clearing Sessions"",""Career Counseling"",""Skill Development"",""Seminars"",""Play School Services""]",,2026-04-08 19:12:39,2026-04-08 19:12:39
6fbe2e68-67af-46fe-9a85-dc55d5b7fcc8,1c93d068-6d64-47c9-ada2-355d253d9beb,"[""Internet Digital Marketing Solutions"",""Flagship Products"",""Industry Specific Tools"",""Branded Offerings"",""Specialized Kits"",""Premium Goods""]","[""Dedicated Customer Support"",""Consultation Services"",""Professional Advisory"",""After-Sales Support"",""Strategy Planning"",""Internet Digital Marketing Services""]",,2026-04-08 19:12:39,2026-04-08 19:12:39
b8c92833-8c08-479e-be47-421d435273c6,c3563e22-7aa3-4619-9b77-ac1615166602,"[""Nourishment to the human skin"",""Distributorships Solutions"",""Flagship Products"",""Industry Specific Tools"",""Branded Offerings"",""Specialized Kits"",""Premium Goods""]","[""Dedicated Customer Support"",""Consultation Services"",""Professional Advisory"",""After-Sales Support"",""Strategy Planning"",""Distributorships Services""]",,2026-04-08 19:12:39,2026-04-08 19:12:39
aeef238f-3dd0-4af0-b9e1-9479c08bb4e8,0d2ef685-30ca-4ca7-a98d-95eb2f24bcc4,"[""Animation Solutions"",""Study Materials"",""Interactive Curriculum"",""Workbooks & Notes"",""E-Learning Modules"",""Assessment Tools"",""Certifications"",""Digital Content""]","[""Classroom Training"",""Online Classes"",""1-on-1 Mentorship"",""Doubt Clearing Sessions"",""Career Counseling"",""Skill Development"",""Seminars"",""Animation Services""]",,2026-04-08 19:12:39,2026-04-08 19:12:39
8d4ea6f5-1c53-447a-b99d-ce2d61b645c6,238d8f8d-9556-4fab-a629-26e50c0e3542,"[""Computer Software, Hardware, Networking, IT Solutions"",""Study Materials"",""Interactive Curriculum"",""Workbooks & Notes"",""E-Learning Modules"",""Assessment Tools"",""Certifications"",""Digital Content""]","[""Classroom Training"",""Online Classes"",""1-on-1 Mentorship"",""Doubt Clearing Sessions"",""Career Counseling"",""Skill Development"",""Seminars"",""Computer Software, Hardware, Networking, IT Services""]",,2026-04-08 19:12:39,2026-04-08 19:12:39
63bd073f-28b7-4459-88d5-76b9a25b400e,baeed1be-789b-49fd-8524-9f6a62e87d27,"[""Study Materials"",""Interactive Curriculum"",""Workbooks & Notes"",""E-Learning Modules"",""Assessment Tools"",""Certifications"",""Digital Content""]","[""Classroom Training"",""Online Classes"",""1-on-1 Mentorship"",""Doubt Clearing Sessions"",""Career Counseling"",""Skill Development"",""Seminars""]",,2026-04-08 19:12:39,2026-04-08 19:12:39
2724fc7c-7296-4f23-8208-80938574ef70,e6c1c307-d417-42bc-b7c2-0cd54c18d174,"[""Computer Software, Hardware, Networking, IT Solutions"",""Study Materials"",""Interactive Curriculum"",""Workbooks & Notes"",""E-Learning Modules"",""Assessment Tools"",""Certifications"",""Digital Content""]","[""Classroom Training"",""Online Classes"",""1-on-1 Mentorship"",""Doubt Clearing Sessions"",""Career Counseling"",""Skill Development"",""Seminars"",""Computer Software, Hardware, Networking, IT Services""]",,2026-04-08 19:12:39,2026-04-08 19:12:39
34f4da70-35e8-49b6-b035-402385cacec0,cfdaaad7-8219-4a06-bc76-f585febe4176,"[""Support only for ias exam"",""No other exam"",""Study Materials"",""Interactive Curriculum"",""Workbooks & Notes"",""E-Learning Modules"",""Assessment Tools"",""Certifications""]","[""Classroom Training"",""Online Classes"",""1-on-1 Mentorship"",""Doubt Clearing Sessions"",""Career Counseling"",""Skill Development"",""Seminars""]",,2026-04-08 19:12:39,2026-04-08 19:12:39
43d705bb-3a18-43d1-afe4-06b6dcf86373,e691e67f-64a3-4d92-9061-b8fab30f6c31,"[""Consulting Services Solutions"",""Flagship Products"",""Industry Specific Tools"",""Branded Offerings"",""Specialized Kits"",""Premium Goods""]","[""Dedicated Customer Support"",""Consultation Services"",""Professional Advisory"",""After-Sales Support"",""Strategy Planning"",""Consulting Services Services""]",,2026-04-08 19:12:39,2026-04-08 19:12:39
302bf902-c568-4f31-a4c2-ddea129aa4e5,3831a244-01f1-4b87-ab04-17d1466486f3,"[""Flagship Products"",""Industry Specific Tools"",""Branded Offerings"",""Specialized Kits"",""Premium Goods""]","[""Dedicated Customer Support"",""Consultation Services"",""Professional Advisory"",""After-Sales Support"",""Strategy Planning""]",,2026-04-08 19:12:39,2026-04-08 19:12:39
709cc9f5-d11e-460b-a77c-a7ec49370b4c,9244fbe5-f581-4787-972b-9ebcba2481ad,"[""Study Materials"",""Interactive Curriculum"",""Workbooks & Notes"",""E-Learning Modules"",""Assessment Tools"",""Certifications"",""Digital Content""]","[""Classroom Training"",""Online Classes"",""1-on-1 Mentorship"",""Doubt Clearing Sessions"",""Career Counseling"",""Skill Development"",""Seminars""]",,2026-04-08 19:12:39,2026-04-08 19:12:39
e60f229b-d8ad-414d-a969-a3c1a797c8f0,eaca0c8e-439b-4a7c-b455-c2469397111a,"[""Database and Internet Related Solutions"",""Flagship Products"",""Industry Specific Tools"",""Branded Offerings"",""Specialized Kits"",""Premium Goods""]","[""Dedicated Customer Support"",""Consultation Services"",""Professional Advisory"",""After-Sales Support"",""Strategy Planning"",""Database and Internet Related Services""]",,2026-04-08 19:12:39,2026-04-08 19:12:39
3a5089b9-6817-4555-9234-014402e0d40d,e0a0da4b-61c8-49d9-9b36-6df58a58e79e,"[""Flagship Products"",""Industry Specific Tools"",""Branded Offerings"",""Specialized Kits"",""Premium Goods""]","[""Dedicated Customer Support"",""Consultation Services"",""Professional Advisory"",""After-Sales Support"",""Strategy Planning""]",,2026-04-08 19:12:39,2026-04-08 19:12:39
ab21a241-d22c-4949-9a3c-7624fcf2c1df,205f955b-e417-42f5-8b19-d1c738c65ccb,"[""Animation Solutions"",""Study Materials"",""Interactive Curriculum"",""Workbooks & Notes"",""E-Learning Modules"",""Assessment Tools"",""Certifications"",""Digital Content""]","[""Classroom Training"",""Online Classes"",""1-on-1 Mentorship"",""Doubt Clearing Sessions"",""Career Counseling"",""Skill Development"",""Seminars"",""Animation Services""]",,2026-04-08 19:12:39,2026-04-08 19:12:39
68641fab-07ad-4207-8dd2-c3f43add2397,3e427620-539d-4449-bf55-d731422da5e4,"[""Others Solutions"",""Health Supplements"",""Workout Gear"",""Diet & Nutrition Plans"",""Wellness Products"",""Fitness Equipment"",""Therapeutic Goods""]","[""Personal Training"",""Group Classes"",""Nutritional Counseling"",""Health Assessments"",""Membership Programs"",""Rehabilitation"",""Others Services""]",,2026-04-08 19:12:39,2026-04-08 19:12:39
57937302-44ad-419b-b2cb-59df3f33e308,0945c5e3-0eee-468c-b8f5-7dedcd7e4b41,"[""Animation Solutions"",""Study Materials"",""Interactive Curriculum"",""Workbooks & Notes"",""E-Learning Modules"",""Assessment Tools"",""Certifications"",""Digital Content""]","[""Classroom Training"",""Online Classes"",""1-on-1 Mentorship"",""Doubt Clearing Sessions"",""Career Counseling"",""Skill Development"",""Seminars"",""Animation Services""]",,2026-04-08 19:12:39,2026-04-08 19:12:39
19731e4c-f07b-4ec5-9bf5-aeb80682f8df,86acb327-0ae9-49e7-8e94-a6b5b154a01e,"[""Others Solutions"",""Flagship Products"",""Industry Specific Tools"",""Branded Offerings"",""Specialized Kits"",""Premium Goods""]","[""Dedicated Customer Support"",""Consultation Services"",""Professional Advisory"",""After-Sales Support"",""Strategy Planning"",""Others Services""]",,2026-04-08 19:12:39,2026-04-08 19:12:39
583e0bde-d9fc-401d-9aae-4be0e95ec56d,b5460805-acb1-4a0c-b05b-2cbf2b3a5514,"[""Ice Cream Solutions"",""Signature Dishes"",""Premium Beverages"",""Quality Ingredients"",""Specialty Snacks"",""Custom Combos"",""Healthy Options"",""Desserts""]","[""Dine-in Experience"",""Takeaway"",""Home Delivery"",""Catering Services"",""Online Ordering"",""Quick Service"",""Ice Cream Services""]",,2026-04-08 19:12:39,2026-04-08 19:12:39
a5910109-6901-46f1-93a1-16adb4cff173,2781d39b-146e-4448-a383-e7dc3abd7d85,"[""Maths, Abacus Solutions"",""Study Materials"",""Interactive Curriculum"",""Workbooks & Notes"",""E-Learning Modules"",""Assessment Tools"",""Certifications"",""Digital Content""]","[""Classroom Training"",""Online Classes"",""1-on-1 Mentorship"",""Doubt Clearing Sessions"",""Career Counseling"",""Skill Development"",""Seminars"",""Maths, Abacus Services""]",,2026-04-08 19:12:39,2026-04-08 19:12:39
b462cce8-986a-4916-9872-b5b5ee51e12a,e8cf9091-931f-45b4-a453-c6614bb520ab,"[""IT,ITES, Software Related Solutions"",""Flagship Products"",""Industry Specific Tools"",""Branded Offerings"",""Specialized Kits"",""Premium Goods""]","[""Dedicated Customer Support"",""Consultation Services"",""Professional Advisory"",""After-Sales Support"",""Strategy Planning"",""IT,ITES, Software Related Services""]",,2026-04-08 19:12:39,2026-04-08 19:12:39
9b843d6e-971b-4f6d-8f55-99dceb66a653,ef87db92-3864-4b91-ac32-1b35657cbc23,"[""Schooling"",""School  Opportunities Solutions"",""Study Materials"",""Interactive Curriculum"",""Workbooks & Notes"",""E-Learning Modules"",""Assessment Tools"",""Certifications""]","[""Classroom Training"",""Online Classes"",""1-on-1 Mentorship"",""Doubt Clearing Sessions"",""Career Counseling"",""Skill Development"",""Seminars"",""School  Opportunities Services""]",,2026-04-08 19:12:39,2026-04-08 19:12:39
ddd663b1-ddda-40a5-ab8b-50b5ff63f3a0,c4c2d6d1-d28b-48bd-b4f3-fc3e5fa384b7,"[""Healthcare placement"",""Insurance Companies"",""Corporate"",""Medical Tourism"",""Others Solutions"",""Health Supplements"",""Workout Gear"",""Diet & Nutrition Plans""]","[""Personal Training"",""Group Classes"",""Nutritional Counseling"",""Health Assessments"",""Membership Programs"",""Rehabilitation"",""Others Services""]",,2026-04-08 19:12:39,2026-04-08 19:12:39
4d43b22d-de6e-42f1-b2e6-53fab64ab143,bde87b16-e3b8-49f8-b641-21bf4d9b1443,"[""Others Solutions"",""Investment Portfolios"",""Insurance Policies"",""Loan Packages"",""Financial Planning Tools"",""Tax Software""]","[""Dedicated Customer Support"",""Consultation Services"",""Professional Advisory"",""After-Sales Support"",""Strategy Planning"",""Others Services""]",,2026-04-08 19:12:39,2026-04-08 19:12:39
72658e92-d981-4e7e-b95d-ba52702c1be1,d6460d2c-b728-4a79-ac22-3bba13d71f16,"[""IT Services Incl ITES Solutions"",""Flagship Products"",""Industry Specific Tools"",""Branded Offerings"",""Specialized Kits"",""Premium Goods""]","[""Dedicated Customer Support"",""Consultation Services"",""Professional Advisory"",""After-Sales Support"",""Strategy Planning"",""IT Services Incl ITES Services""]",,2026-04-08 19:12:39,2026-04-08 19:12:39
29a3208b-c91c-4038-ba23-254fceb93c34,0fdbdd87-d566-465d-9856-6080eb0da1a6,"[""Study Materials"",""Interactive Curriculum"",""Workbooks & Notes"",""E-Learning Modules"",""Assessment Tools"",""Certifications"",""Digital Content""]","[""Classroom Training"",""Online Classes"",""1-on-1 Mentorship"",""Doubt Clearing Sessions"",""Career Counseling"",""Skill Development"",""Seminars""]",,2026-04-08 19:12:39,2026-04-08 19:12:39
0967c539-946c-454f-861d-c042fe169c69,7aaa1a5c-6b09-4d6f-8d07-e42bd22c7a84,"[""Others Solutions"",""Flagship Products"",""Industry Specific Tools"",""Branded Offerings"",""Specialized Kits"",""Premium Goods""]","[""Dedicated Customer Support"",""Consultation Services"",""Professional Advisory"",""After-Sales Support"",""Strategy Planning"",""Others Services""]",,2026-04-08 19:12:39,2026-04-08 19:12:39
386a72b1-126b-4f3c-a231-a68a655bd406,e9c235fa-f837-4f02-8538-9eb8b5f6fd83,"[""Computer Hardware and Networking Solutions"",""Flagship Products"",""Industry Specific Tools"",""Branded Offerings"",""Specialized Kits"",""Premium Goods""]","[""Dedicated Customer Support"",""Consultation Services"",""Professional Advisory"",""After-Sales Support"",""Strategy Planning"",""Computer Hardware and Networking Services""]",,2026-04-08 19:12:39,2026-04-08 19:12:39
61945e9e-671c-4b01-8578-6308244c14c9,4048f53a-03da-463a-b762-7e69aeb73ea5,"[""Home Appliances, Interiors & Furnishing Solutions"",""Exclusive Merchandise"",""Branded Products"",""Seasonal Collections"",""Lifestyle Goods"",""Premium Accessories"",""Quality Inventory""]","[""In-store Shopping"",""Personalized Styling"",""Customer Assistance"",""Easy Returns & Exchange"",""Home Delivery"",""Home Appliances, Interiors & Furnishing Services""]",,2026-04-08 19:12:39,2026-04-08 19:12:39
adc758cd-131c-4ed5-9271-057f656c3fb8,0457a9d3-462c-4af6-9da0-d84a2ea0c569,"[""Distributorships Solutions"",""Flagship Products"",""Industry Specific Tools"",""Branded Offerings"",""Specialized Kits"",""Premium Goods""]","[""Dedicated Customer Support"",""Consultation Services"",""Professional Advisory"",""After-Sales Support"",""Strategy Planning"",""Distributorships Services""]",,2026-04-08 19:12:39,2026-04-08 19:12:39
37afba12-18b9-442c-b592-3a6c03e62eb7,f3882697-d971-44d8-b01d-6aecb3091737,"[""A unique"",""Study Materials"",""Interactive Curriculum"",""Workbooks & Notes"",""E-Learning Modules"",""Assessment Tools"",""Certifications"",""Digital Content""]","[""Classroom Training"",""Online Classes"",""1-on-1 Mentorship"",""Doubt Clearing Sessions"",""Career Counseling"",""Skill Development"",""Seminars""]",,2026-04-08 19:12:39,2026-04-08 19:12:39
d4d56b9c-5988-4783-ba50-9a5e1a2089fa,7d650dca-df8b-4219-b35f-530279f78d7b,"[""Hotel Chain Solutions"",""Flagship Products"",""Industry Specific Tools"",""Branded Offerings"",""Specialized Kits"",""Premium Goods""]","[""Dedicated Customer Support"",""Consultation Services"",""Professional Advisory"",""After-Sales Support"",""Strategy Planning"",""Hotel Chain Services""]",,2026-04-08 19:12:39,2026-04-08 19:12:39
be581095-5180-4617-a692-ee9102e7e320,75d4deae-0256-4115-82b0-e05ac6f159cd,"[""Hotel Chain Solutions"",""Flagship Products"",""Industry Specific Tools"",""Branded Offerings"",""Specialized Kits"",""Premium Goods""]","[""Dedicated Customer Support"",""Consultation Services"",""Professional Advisory"",""After-Sales Support"",""Strategy Planning"",""Hotel Chain Services""]",,2026-04-08 19:12:39,2026-04-08 19:12:39
9ff20f2e-f758-4dc5-80b1-69d1df3ad4de,3a115f4c-05df-4787-9557-39df180a6b6b,"[""To the student community"",""Opportunities"",""Choices"",""Experience"",""School  Opportunities Solutions"",""Study Materials"",""Interactive Curriculum"",""Workbooks & Notes""]","[""Classroom Training"",""Online Classes"",""1-on-1 Mentorship"",""Doubt Clearing Sessions"",""Career Counseling"",""Skill Development"",""Seminars"",""School  Opportunities Services""]",,2026-04-08 19:12:39,2026-04-08 19:12:39
04126145-b0f8-46eb-ae0e-80677d51b37d,cf748107-b855-4aa7-aa13-7e31586fffe3,"[""Services"",""Solutions in IT segment"",""Study Materials"",""Interactive Curriculum"",""Workbooks & Notes"",""E-Learning Modules"",""Assessment Tools"",""Certifications""]","[""Classroom Training"",""Online Classes"",""1-on-1 Mentorship"",""Doubt Clearing Sessions"",""Career Counseling"",""Skill Development"",""Seminars""]",,2026-04-08 19:12:39,2026-04-08 19:12:39
28d864bc-5176-4c2b-ab31-ac00fabe2721,1b84ec19-5fb9-4087-8fa7-10c161a9156f,"[""Networking"",""Database management"",""Security"",""Storage management"",""Computer Software, Hardware, Networking, IT Solutions"",""Study Materials"",""Interactive Curriculum"",""Workbooks & Notes""]","[""Classroom Training"",""Online Classes"",""1-on-1 Mentorship"",""Doubt Clearing Sessions"",""Career Counseling"",""Skill Development"",""Seminars"",""Computer Software, Hardware, Networking, IT Services""]",,2026-04-08 19:12:39,2026-04-08 19:12:39
98f1b9ec-8f74-4018-8194-2da72cb13aac,f3d2b489-940c-461f-a00e-f489a48ac259,"[""Others Solutions"",""Flagship Products"",""Industry Specific Tools"",""Branded Offerings"",""Specialized Kits"",""Premium Goods""]","[""Dedicated Customer Support"",""Consultation Services"",""Professional Advisory"",""After-Sales Support"",""Strategy Planning"",""Others Services""]",,2026-04-08 19:12:39,2026-04-08 19:12:39
ea071fe7-d409-4ce2-a6ee-c596066f8054,882c2f7d-4128-457d-b8b7-ad9355390c31,"[""Design"",""Business"",""Diamond, Gems, Jewelry Training Solutions"",""Study Materials"",""Interactive Curriculum"",""Workbooks & Notes"",""E-Learning Modules"",""Assessment Tools""]","[""Classroom Training"",""Online Classes"",""1-on-1 Mentorship"",""Doubt Clearing Sessions"",""Career Counseling"",""Skill Development"",""Seminars"",""Diamond, Gems, Jewelry Training Services""]",,2026-04-08 19:12:39,2026-04-08 19:12:39
837737a5-87a8-4b2c-910a-21cecbb43d6c,81dfb7ef-434f-49e3-b162-c860ad188091,"[""Others Solutions"",""Study Materials"",""Interactive Curriculum"",""Workbooks & Notes"",""E-Learning Modules"",""Assessment Tools"",""Certifications"",""Digital Content""]","[""Classroom Training"",""Online Classes"",""1-on-1 Mentorship"",""Doubt Clearing Sessions"",""Career Counseling"",""Skill Development"",""Seminars"",""Others Services""]",,2026-04-08 19:12:39,2026-04-08 19:12:39
9c19ae94-773a-4af6-bdce-ab6fd19deeef,f0d16f3d-3dae-4f39-aac4-ff6e28ae80f8,"[""Study Materials"",""Interactive Curriculum"",""Workbooks & Notes"",""E-Learning Modules"",""Assessment Tools"",""Certifications"",""Digital Content""]","[""Classroom Training"",""Online Classes"",""1-on-1 Mentorship"",""Doubt Clearing Sessions"",""Career Counseling"",""Skill Development"",""Seminars""]",,2026-04-08 19:12:39,2026-04-08 19:12:39
86ac7dbb-ffe0-46c2-9c3b-ec31d317dd7f,e26e1006-9bc7-471b-a941-441ece2c386b,"[""Study Materials"",""Interactive Curriculum"",""Workbooks & Notes"",""E-Learning Modules"",""Assessment Tools"",""Certifications"",""Digital Content""]","[""Classroom Training"",""Online Classes"",""1-on-1 Mentorship"",""Doubt Clearing Sessions"",""Career Counseling"",""Skill Development"",""Seminars""]",,2026-04-08 19:12:39,2026-04-08 19:12:39
23cef5c0-ff46-44bb-a78a-042c5ed678c7,770806fc-1d33-4fcc-8c58-6cfaaedfffb8,"[""Departmental Stores Solutions"",""Exclusive Merchandise"",""Branded Products"",""Seasonal Collections"",""Lifestyle Goods"",""Premium Accessories"",""Quality Inventory""]","[""In-store Shopping"",""Personalized Styling"",""Customer Assistance"",""Easy Returns & Exchange"",""Home Delivery"",""Departmental Stores Services""]",,2026-04-08 19:12:39,2026-04-08 19:12:39
4f0a8959-9b27-405b-ace2-273e408b93e9,318ff1b7-7cd8-4841-95c1-1261d6cba0cd,"[""Futuristics"",""Study Smart"",""Finetune"",""Others Solutions"",""Study Materials"",""Interactive Curriculum"",""Workbooks & Notes"",""E-Learning Modules""]","[""Classroom Training"",""Online Classes"",""1-on-1 Mentorship"",""Doubt Clearing Sessions"",""Career Counseling"",""Skill Development"",""Seminars"",""Others Services""]",,2026-04-08 19:12:39,2026-04-08 19:12:39
1adcf8a8-a514-4e80-b696-0c26440c3f2f,fceddc00-fab6-4ab5-b4d1-e59c873544a5,"[""Preschool Solutions"",""Study Materials"",""Interactive Curriculum"",""Workbooks & Notes"",""E-Learning Modules"",""Assessment Tools"",""Certifications"",""Digital Content""]","[""Classroom Training"",""Online Classes"",""1-on-1 Mentorship"",""Doubt Clearing Sessions"",""Career Counseling"",""Skill Development"",""Seminars"",""Preschool Services""]",,2026-04-08 19:12:39,2026-04-08 19:12:39
a64947cc-7161-4e16-b890-76fe2becc293,e5cf947e-3aaa-4c11-a4ec-dcde9719f36a,"[""Computer Hardware and Networking Solutions"",""Flagship Products"",""Industry Specific Tools"",""Branded Offerings"",""Specialized Kits"",""Premium Goods""]","[""Dedicated Customer Support"",""Consultation Services"",""Professional Advisory"",""After-Sales Support"",""Strategy Planning"",""Computer Hardware and Networking Services""]",,2026-04-08 19:12:39,2026-04-08 19:12:39
a3988a0f-917d-46e7-be46-d2ef35ac3426,69bf4348-7dc1-434e-97ff-91b04a3813dc,"[""Preschool Solutions"",""Study Materials"",""Interactive Curriculum"",""Workbooks & Notes"",""E-Learning Modules"",""Assessment Tools"",""Certifications"",""Digital Content""]","[""Classroom Training"",""Online Classes"",""1-on-1 Mentorship"",""Doubt Clearing Sessions"",""Career Counseling"",""Skill Development"",""Seminars"",""Preschool Services""]",,2026-04-08 19:12:39,2026-04-08 19:12:39
e8e40b74-584f-4bf8-8d61-e418d16d4c51,51220a45-6fab-4486-a58a-0e9fb94920b1,"[""School  Opportunities Solutions"",""Study Materials"",""Interactive Curriculum"",""Workbooks & Notes"",""E-Learning Modules"",""Assessment Tools"",""Certifications"",""Digital Content""]","[""Classroom Training"",""Online Classes"",""1-on-1 Mentorship"",""Doubt Clearing Sessions"",""Career Counseling"",""Skill Development"",""Seminars"",""School  Opportunities Services""]",,2026-04-08 19:12:39,2026-04-08 19:12:39
284afbf1-ca93-4151-9eb6-113b8256654a,3db31307-0a09-4017-99e4-77078b24977f,"[""Home Appliances, Interiors & Furnishing Solutions"",""Exclusive Merchandise"",""Branded Products"",""Seasonal Collections"",""Lifestyle Goods"",""Premium Accessories"",""Quality Inventory""]","[""In-store Shopping"",""Personalized Styling"",""Customer Assistance"",""Easy Returns & Exchange"",""Home Delivery"",""Home Appliances, Interiors & Furnishing Services""]",,2026-04-08 19:12:39,2026-04-08 19:12:39
13429f43-b7d2-4851-96ab-59be792dbf4e,a7eba6dd-da86-4c11-8fb0-7777f6bbe9b3,"[""Others Solutions"",""Investment Portfolios"",""Insurance Policies"",""Loan Packages"",""Financial Planning Tools"",""Tax Software""]","[""Dedicated Customer Support"",""Consultation Services"",""Professional Advisory"",""After-Sales Support"",""Strategy Planning"",""Others Services""]",,2026-04-08 19:12:39,2026-04-08 19:12:39
7c47f3d8-18e1-4297-a958-1d529a54e45a,e692ab0e-c042-4bba-8f6f-f1f8818e9524,"[""Maths, Abacus Solutions"",""Study Materials"",""Interactive Curriculum"",""Workbooks & Notes"",""E-Learning Modules"",""Assessment Tools"",""Certifications"",""Digital Content""]","[""Classroom Training"",""Online Classes"",""1-on-1 Mentorship"",""Doubt Clearing Sessions"",""Career Counseling"",""Skill Development"",""Seminars"",""Maths, Abacus Services""]",,2026-04-08 19:12:39,2026-04-08 19:12:39
4fdf389f-bf8b-4e78-894f-71eae40cfe58,f666be8b-6d4d-4238-b91b-c8427cced688,"[""KEY to start"",""Platform to grow"",""Set of administration system"",""Animation Solutions"",""Study Materials"",""Interactive Curriculum"",""Workbooks & Notes"",""E-Learning Modules""]","[""Classroom Training"",""Online Classes"",""1-on-1 Mentorship"",""Doubt Clearing Sessions"",""Career Counseling"",""Skill Development"",""Seminars"",""Animation Services""]",,2026-04-08 19:12:39,2026-04-08 19:12:39
5b7ac58f-870b-410b-98e2-888460faa29e,406220bf-ebb8-4585-8c20-816004c83a2a,"[""Veterinary diagnostic"",""Imaging services"",""Others Solutions"",""Health Supplements"",""Workout Gear"",""Diet & Nutrition Plans"",""Wellness Products"",""Fitness Equipment""]","[""Personal Training"",""Group Classes"",""Nutritional Counseling"",""Health Assessments"",""Membership Programs"",""Rehabilitation"",""Others Services""]",,2026-04-08 19:12:39,2026-04-08 19:12:39
028cec76-2bea-458c-a69a-d46f9a44ac28,9be962ca-435f-409c-8405-7c258a5e4540,"[""Maths, Abacus Solutions"",""Study Materials"",""Interactive Curriculum"",""Workbooks & Notes"",""E-Learning Modules"",""Assessment Tools"",""Certifications"",""Digital Content""]","[""Classroom Training"",""Online Classes"",""1-on-1 Mentorship"",""Doubt Clearing Sessions"",""Career Counseling"",""Skill Development"",""Seminars"",""Maths, Abacus Services""]",,2026-04-08 19:12:39,2026-04-08 19:12:39
c0337e5b-676a-4b53-8366-cbb51558e6ce,d729e1da-3192-4c63-b002-295d95108206,"[""Online Coaching,E-learning Related Solutions"",""Study Materials"",""Interactive Curriculum"",""Workbooks & Notes"",""E-Learning Modules"",""Assessment Tools"",""Certifications"",""Digital Content""]","[""Classroom Training"",""Online Classes"",""1-on-1 Mentorship"",""Doubt Clearing Sessions"",""Career Counseling"",""Skill Development"",""Seminars"",""Online Coaching,E-learning Related Services""]",,2026-04-08 19:12:39,2026-04-08 19:12:39
8d45e697-2c76-43cc-b62b-29fe57585163,ef796d0e-41d1-49a9-b18c-e3bb33c828c7,"[""Immigration Services Solutions"",""Flagship Products"",""Industry Specific Tools"",""Branded Offerings"",""Specialized Kits"",""Premium Goods""]","[""Dedicated Customer Support"",""Consultation Services"",""Professional Advisory"",""After-Sales Support"",""Strategy Planning"",""Immigration Services Services""]",,2026-04-08 19:12:39,2026-04-08 19:12:39
db289019-8b1e-4c5e-ad4a-566e5b82a4d5,9046587f-af6b-4754-a11b-0de9a917a5da,"[""Others Solutions"",""Signature Dishes"",""Premium Beverages"",""Quality Ingredients"",""Specialty Snacks"",""Custom Combos"",""Healthy Options"",""Desserts""]","[""Dine-in Experience"",""Takeaway"",""Home Delivery"",""Catering Services"",""Online Ordering"",""Quick Service"",""Others Services""]",,2026-04-08 19:12:39,2026-04-08 19:12:39
3b7ebbac-e683-4c3b-8aeb-a5b0766c4aa5,053d455f-f348-47a7-abb5-1f0aa90800db,"[""Home Appliances, Interiors & Furnishing Solutions"",""Exclusive Merchandise"",""Branded Products"",""Seasonal Collections"",""Lifestyle Goods"",""Premium Accessories"",""Quality Inventory""]","[""In-store Shopping"",""Personalized Styling"",""Customer Assistance"",""Easy Returns & Exchange"",""Home Delivery"",""Home Appliances, Interiors & Furnishing Services""]",,2026-04-08 19:12:39,2026-04-08 19:12:39
a012d07a-e41a-4c47-8b06-e418dcd11a48,340660f7-d55a-4a46-b7aa-cc571a54ee8b,"[""Gift, Hobby, Cards, Candle, Souvenir Shops Solutions"",""Exclusive Merchandise"",""Branded Products"",""Seasonal Collections"",""Lifestyle Goods"",""Premium Accessories"",""Quality Inventory""]","[""In-store Shopping"",""Personalized Styling"",""Customer Assistance"",""Easy Returns & Exchange"",""Home Delivery"",""Gift, Hobby, Cards, Candle, Souvenir Shops Services""]",,2026-04-08 19:12:39,2026-04-08 19:12:39
40791e3c-1a10-4b0f-84b2-c4b6f4a6b83c,b8bab8c8-4073-4c8a-ae59-88aeb7f38034,"[""000"",""Travel Agents Incl Holiday Packages and Tours Solutions"",""Flagship Products"",""Industry Specific Tools"",""Branded Offerings"",""Specialized Kits"",""Premium Goods""]","[""Dedicated Customer Support"",""Consultation Services"",""Professional Advisory"",""After-Sales Support"",""Strategy Planning"",""Travel Agents Incl Holiday Packages and Tours Services""]",,2026-04-08 19:12:39,2026-04-08 19:12:39
71469364-efb9-4dca-ad64-bbf5472971dd,621a3355-74b1-43be-acbe-da7478db825e,"[""Sandwiches, Subs, VadaPao and Hotdog Solutions"",""Signature Dishes"",""Premium Beverages"",""Quality Ingredients"",""Specialty Snacks"",""Custom Combos"",""Healthy Options"",""Desserts""]","[""Dine-in Experience"",""Takeaway"",""Home Delivery"",""Catering Services"",""Online Ordering"",""Quick Service"",""Sandwiches, Subs, VadaPao and Hotdog Services""]",,2026-04-08 19:12:39,2026-04-08 19:12:39
f09a3df9-90a4-4d1d-9875-c259927649c7,3dc42170-96e0-4a96-a099-1ef7494cf6e1,"[""Internet Digital Marketing Solutions"",""Flagship Products"",""Industry Specific Tools"",""Branded Offerings"",""Specialized Kits"",""Premium Goods""]","[""Dedicated Customer Support"",""Consultation Services"",""Professional Advisory"",""After-Sales Support"",""Strategy Planning"",""Internet Digital Marketing Services""]",,2026-04-08 19:12:39,2026-04-08 19:12:39
27179627-04f7-4bb6-b096-37e024d1930c,dbf804db-4b49-4aa5-ad9f-2434275ebe70,"[""Computer Software, Hardware, Networking, IT Solutions"",""Study Materials"",""Interactive Curriculum"",""Workbooks & Notes"",""E-Learning Modules"",""Assessment Tools"",""Certifications"",""Digital Content""]","[""Classroom Training"",""Online Classes"",""1-on-1 Mentorship"",""Doubt Clearing Sessions"",""Career Counseling"",""Skill Development"",""Seminars"",""Computer Software, Hardware, Networking, IT Services""]",,2026-04-08 19:12:39,2026-04-08 19:12:39
0cdbd368-860f-4c72-b0a1-ca18562fd368,7792e759-bf79-4fff-98e4-b69f4bd1d892,"[""Advice"",""Derivatives"",""Commodities"",""Wealth management"",""Asset management"",""Insurance"",""Fixed deposits"",""Loans""]","[""Dedicated Customer Support"",""Consultation Services"",""Professional Advisory"",""After-Sales Support"",""Strategy Planning"",""Financing,Loans,Funding ,Advisors,Brokers Services""]",,2026-04-08 19:12:39,2026-04-08 19:12:39
dd3672fc-a1b2-4687-a64c-2da5e0bf7231,fb1728a5-2463-480f-a478-c9f5246ebf78,"[""Health Supplements"",""Workout Gear"",""Diet & Nutrition Plans"",""Wellness Products"",""Fitness Equipment"",""Therapeutic Goods""]","[""Personal Training"",""Group Classes"",""Nutritional Counseling"",""Health Assessments"",""Membership Programs"",""Rehabilitation""]",,2026-04-08 19:12:39,2026-04-08 19:12:39
f6ebcea4-7c79-4683-b4ca-c834528c944c,312eb8b0-0c26-42b5-bc97-65bd2f9edb56,"[""Profession"",""Status"",""Others Solutions"",""Flagship Products"",""Industry Specific Tools"",""Branded Offerings"",""Specialized Kits"",""Premium Goods""]","[""Dedicated Customer Support"",""Consultation Services"",""Professional Advisory"",""After-Sales Support"",""Strategy Planning"",""Others Services""]",,2026-04-08 19:12:39,2026-04-08 19:12:39
57a5dc8d-6a47-4cf5-bd0d-2cb600ce7a9f,35d98fcf-d37e-4986-adb1-5ea6f4d648e1,"[""Internet Digital Marketing Solutions"",""Flagship Products"",""Industry Specific Tools"",""Branded Offerings"",""Specialized Kits"",""Premium Goods""]","[""Dedicated Customer Support"",""Consultation Services"",""Professional Advisory"",""After-Sales Support"",""Strategy Planning"",""Internet Digital Marketing Services""]",,2026-04-08 19:12:39,2026-04-08 19:12:39
a88cf8bc-4762-4449-9835-7a36209ef6f8,ba7fc149-0aeb-4ee5-ba77-0d3ce433ac6f,"[""A Hassle-free listing process"",""Increased visibility"",""Easy reference for networking"",""Excellent customer support"",""Global sellers"",""Detailed"",""Complete listing"",""Secured payment gateway""]","[""Dedicated Customer Support"",""Consultation Services"",""Professional Advisory"",""After-Sales Support"",""Strategy Planning"",""Internet Digital Marketing Services""]",,2026-04-08 19:12:39,2026-04-08 19:12:39
58407847-864e-4a1b-8a83-07bbe1757885,845f854d-486a-407b-abdc-9eee1a9d5e0b,"[""Study Materials"",""Interactive Curriculum"",""Workbooks & Notes"",""E-Learning Modules"",""Assessment Tools"",""Certifications"",""Digital Content""]","[""Classroom Training"",""Online Classes"",""1-on-1 Mentorship"",""Doubt Clearing Sessions"",""Career Counseling"",""Skill Development"",""Seminars""]",,2026-04-08 19:12:39,2026-04-08 19:12:39
bb31a40c-d4a9-4475-90ba-defd3b80499a,6be8a4f6-2ba9-4206-bd3a-41621bd3faf2,"[""Dental Clinics Solutions"",""Health Supplements"",""Workout Gear"",""Diet & Nutrition Plans"",""Wellness Products"",""Fitness Equipment"",""Therapeutic Goods""]","[""Personal Training"",""Group Classes"",""Nutritional Counseling"",""Health Assessments"",""Membership Programs"",""Rehabilitation"",""Dental Clinics Services""]",,2026-04-08 19:12:39,2026-04-08 19:12:39
46e025a2-5b58-4166-b0d9-dc57443781e5,b9f325f7-a411-4a9b-815f-2a1114f121e8,"[""School  Opportunities Solutions"",""Study Materials"",""Interactive Curriculum"",""Workbooks & Notes"",""E-Learning Modules"",""Assessment Tools"",""Certifications"",""Digital Content""]","[""Classroom Training"",""Online Classes"",""1-on-1 Mentorship"",""Doubt Clearing Sessions"",""Career Counseling"",""Skill Development"",""Seminars"",""School  Opportunities Services""]",,2026-04-08 19:12:39,2026-04-08 19:12:39
7ab1fff6-a8d0-43db-86d4-a588236e8c6c,f972c1fa-df77-4dfa-a12f-852db41b151b,"[""Sports, Video, Gaming Centers Solutions"",""Flagship Products"",""Industry Specific Tools"",""Branded Offerings"",""Specialized Kits"",""Premium Goods""]","[""Dedicated Customer Support"",""Consultation Services"",""Professional Advisory"",""After-Sales Support"",""Strategy Planning"",""Sports, Video, Gaming Centers Services""]",,2026-04-08 19:12:39,2026-04-08 19:12:39
e0b1fc28-bd85-407a-99b2-2b3678d9969f,a50c051e-00d4-40d5-80fc-acafad618301,"[""Others Solutions"",""Flagship Products"",""Industry Specific Tools"",""Branded Offerings"",""Specialized Kits"",""Premium Goods""]","[""Dedicated Customer Support"",""Consultation Services"",""Professional Advisory"",""After-Sales Support"",""Strategy Planning"",""Others Services""]",,2026-04-08 19:12:39,2026-04-08 19:12:39
826403f2-08ce-469c-9310-49e729a13ccd,f35f9205-3445-46fc-93a7-70754bbb831e,"[""Marketing Companies Solutions"",""Flagship Products"",""Industry Specific Tools"",""Branded Offerings"",""Specialized Kits"",""Premium Goods""]","[""Dedicated Customer Support"",""Consultation Services"",""Professional Advisory"",""After-Sales Support"",""Strategy Planning"",""Marketing Companies Services""]",,2026-04-08 19:12:39,2026-04-08 19:12:39
804d951b-a288-48d3-987c-29bf95ddeda3,b6928231-2f7d-4312-a104-6c4f4072639b,"[""Others Solutions"",""Study Materials"",""Interactive Curriculum"",""Workbooks & Notes"",""E-Learning Modules"",""Assessment Tools"",""Certifications"",""Digital Content""]","[""Classroom Training"",""Online Classes"",""1-on-1 Mentorship"",""Doubt Clearing Sessions"",""Career Counseling"",""Skill Development"",""Seminars"",""Others Services""]",,2026-04-08 19:12:39,2026-04-08 19:12:39
448c5fbf-acae-4cb8-ad6f-99c01d1aad6b,068db058-9b57-4f92-a6e8-3b8040ff294d,"[""Asian Food s Solutions"",""Signature Dishes"",""Premium Beverages"",""Quality Ingredients"",""Specialty Snacks"",""Custom Combos"",""Healthy Options"",""Desserts""]","[""Dine-in Experience"",""Takeaway"",""Home Delivery"",""Catering Services"",""Online Ordering"",""Quick Service"",""Asian Food s Services""]",,2026-04-08 19:12:39,2026-04-08 19:12:39
45b38448-e915-4e12-81b7-ca2fb3e6ccf6,ba807709-b813-4de7-b718-ab7b0632caa0,"[""Others Solutions"",""Signature Dishes"",""Premium Beverages"",""Quality Ingredients"",""Specialty Snacks"",""Custom Combos"",""Healthy Options"",""Desserts""]","[""Dine-in Experience"",""Takeaway"",""Home Delivery"",""Catering Services"",""Online Ordering"",""Quick Service"",""Others Services""]",,2026-04-08 19:12:39,2026-04-08 19:12:39
7617fd29-ad5f-422c-ac0a-f3e06049b39b,b89c4430-fb8d-4b2a-8682-bcb3995c63b3,"[""Study Materials"",""Interactive Curriculum"",""Workbooks & Notes"",""E-Learning Modules"",""Assessment Tools"",""Certifications"",""Digital Content""]","[""Classroom Training"",""Online Classes"",""1-on-1 Mentorship"",""Doubt Clearing Sessions"",""Career Counseling"",""Skill Development"",""Seminars""]",,2026-04-08 19:12:39,2026-04-08 19:12:39
fa21e80f-110e-4b56-9353-e6e9ade56c35,5dddf3b9-e2f4-4ac9-9ba3-7d9876518fd1,"[""Internet Digital Marketing Solutions"",""Flagship Products"",""Industry Specific Tools"",""Branded Offerings"",""Specialized Kits"",""Premium Goods""]","[""Dedicated Customer Support"",""Consultation Services"",""Professional Advisory"",""After-Sales Support"",""Strategy Planning"",""Internet Digital Marketing Services""]",,2026-04-08 19:12:39,2026-04-08 19:12:39
be89d109-bb4b-4cdf-80c4-b4fabdd8eb9e,077d3a73-f642-4552-a99c-0f7ea7527d91,"[""Of the products"",""100% Vegetarian  Incl Vegan Solutions"",""Signature Dishes"",""Premium Beverages"",""Quality Ingredients"",""Specialty Snacks"",""Custom Combos"",""Healthy Options""]","[""Dine-in Experience"",""Takeaway"",""Home Delivery"",""Catering Services"",""Online Ordering"",""Quick Service"",""100% Vegetarian  Incl Vegan Services""]",,2026-04-08 19:12:39,2026-04-08 19:12:39
9acd0dff-1e36-4ed3-934b-30d16187e367,8a1ff7c2-68de-46c0-95af-2d35883eb196,"[""Ayurveda s Solutions"",""Health Supplements"",""Workout Gear"",""Diet & Nutrition Plans"",""Wellness Products"",""Fitness Equipment"",""Therapeutic Goods""]","[""Personal Training"",""Group Classes"",""Nutritional Counseling"",""Health Assessments"",""Membership Programs"",""Rehabilitation"",""Ayurveda s Services""]",,2026-04-08 19:12:39,2026-04-08 19:12:39
b624d04c-147a-484e-aa48-569fbceba9d8,160623fb-ddfa-4509-ac87-d68e8fbedb69,"[""Others Solutions"",""Genuine Spare Parts"",""Vehicle Accessories"",""Car Care Products"",""Engine Oils"",""Maintenance Kits""]","[""Servicing & Repair"",""Washing & Detailing"",""Roadside Assistance"",""Customization"",""Diagnostic Testing"",""Others Services""]",,2026-04-08 19:12:39,2026-04-08 19:12:39
d9e89bcb-cff9-49c7-beb4-879ef9132989,f40db21d-f1e2-4e76-a492-7e39faa748b0,"[""School  Opportunities Solutions"",""Study Materials"",""Interactive Curriculum"",""Workbooks & Notes"",""E-Learning Modules"",""Assessment Tools"",""Certifications"",""Digital Content""]","[""Classroom Training"",""Online Classes"",""1-on-1 Mentorship"",""Doubt Clearing Sessions"",""Career Counseling"",""Skill Development"",""Seminars"",""School  Opportunities Services""]",,2026-04-08 19:12:39,2026-04-08 19:12:39
e65b8031-9737-406d-9c75-8d9a83cdacc5,700738d3-0a9e-4552-aa3d-7bccf57d3cee,"[""Others Solutions"",""Exclusive Merchandise"",""Branded Products"",""Seasonal Collections"",""Lifestyle Goods"",""Premium Accessories"",""Quality Inventory""]","[""In-store Shopping"",""Personalized Styling"",""Customer Assistance"",""Easy Returns & Exchange"",""Home Delivery"",""Others Services""]",,2026-04-08 19:12:39,2026-04-08 19:12:39
2c71e0ab-b28e-46a9-adf3-29b9eff637c4,44ddf9cd-a3f4-471e-b998-a16a0c6c68fe,"[""Immigration Services Solutions"",""Flagship Products"",""Industry Specific Tools"",""Branded Offerings"",""Specialized Kits"",""Premium Goods""]","[""Dedicated Customer Support"",""Consultation Services"",""Professional Advisory"",""After-Sales Support"",""Strategy Planning"",""Immigration Services Services""]",,2026-04-08 19:12:39,2026-04-08 19:12:39
ff68190f-ab7a-4082-9cf3-dd9abf3ec0c9,fe014b94-3e36-4d7a-b8dc-40a9609646b7,"[""Travel Agents Incl Holiday Packages and Tours Solutions"",""Flagship Products"",""Industry Specific Tools"",""Branded Offerings"",""Specialized Kits"",""Premium Goods""]","[""Dedicated Customer Support"",""Consultation Services"",""Professional Advisory"",""After-Sales Support"",""Strategy Planning"",""Travel Agents Incl Holiday Packages and Tours Services""]",,2026-04-08 19:12:39,2026-04-08 19:12:39
21a75446-8e7d-4a9b-882b-2bce4a9f27dd,042a2855-069f-468e-a8fe-9fa9da0a2fbe,"[""Others Solutions"",""Exclusive Merchandise"",""Branded Products"",""Seasonal Collections"",""Lifestyle Goods"",""Premium Accessories"",""Quality Inventory""]","[""In-store Shopping"",""Personalized Styling"",""Customer Assistance"",""Easy Returns & Exchange"",""Home Delivery"",""Others Services""]",,2026-04-08 19:12:39,2026-04-08 19:12:39
c27f05c5-d54d-4d2f-b2ca-3414268ae9d9,acc8868a-11f0-436d-8fb3-be31dd039824,"[""Immigration Services Solutions"",""Flagship Products"",""Industry Specific Tools"",""Branded Offerings"",""Specialized Kits"",""Premium Goods""]","[""Dedicated Customer Support"",""Consultation Services"",""Professional Advisory"",""After-Sales Support"",""Strategy Planning"",""Immigration Services Services""]",,2026-04-08 19:12:39,2026-04-08 19:12:39
2a38d1bb-c5d0-4410-a11f-e8fab89a0a91,b05d00c5-b8cc-40a6-af42-7aea157e6900,"[""School  Opportunities Solutions"",""Study Materials"",""Interactive Curriculum"",""Workbooks & Notes"",""E-Learning Modules"",""Assessment Tools"",""Certifications"",""Digital Content""]","[""Classroom Training"",""Online Classes"",""1-on-1 Mentorship"",""Doubt Clearing Sessions"",""Career Counseling"",""Skill Development"",""Seminars"",""School  Opportunities Services""]",,2026-04-08 19:12:39,2026-04-08 19:12:39
95d5b2dc-6af7-458d-b962-d9f01b2ee3b0,e0876123-c161-41f6-8884-58faf275c69f,"[""Others Solutions"",""Flagship Products"",""Industry Specific Tools"",""Branded Offerings"",""Specialized Kits"",""Premium Goods""]","[""Dedicated Customer Support"",""Consultation Services"",""Professional Advisory"",""After-Sales Support"",""Strategy Planning"",""Others Services""]",,2026-04-08 19:12:39,2026-04-08 19:12:39
e864bcbc-a850-4831-aa73-ef866c9c3c70,9ec8ca99-4c65-40cc-9c95-a2bbe3ced478,"[""Music Dance Drama and Performing Arts Solutions"",""Study Materials"",""Interactive Curriculum"",""Workbooks & Notes"",""E-Learning Modules"",""Assessment Tools"",""Certifications"",""Digital Content""]","[""Classroom Training"",""Online Classes"",""1-on-1 Mentorship"",""Doubt Clearing Sessions"",""Career Counseling"",""Skill Development"",""Seminars"",""Music Dance Drama and Performing Arts Services""]",,2026-04-08 19:12:39,2026-04-08 19:12:39
c343b314-3556-40ba-a9d7-db6f158dafde,1b8e6d6d-113f-4e77-957f-01e3bd52578f,"[""Advertisement And Media Related Solutions"",""Flagship Products"",""Industry Specific Tools"",""Branded Offerings"",""Specialized Kits"",""Premium Goods""]","[""Dedicated Customer Support"",""Consultation Services"",""Professional Advisory"",""After-Sales Support"",""Strategy Planning"",""Advertisement And Media Related Services""]",,2026-04-08 19:12:39,2026-04-08 19:12:39
c932244c-1ce9-47e4-a8d7-cc75db3e3706,9e086037-cefe-425f-a357-1d6690f12dea,"[""Equipment Rentals Solutions"",""Flagship Products"",""Industry Specific Tools"",""Branded Offerings"",""Specialized Kits"",""Premium Goods""]","[""Dedicated Customer Support"",""Consultation Services"",""Professional Advisory"",""After-Sales Support"",""Strategy Planning"",""Equipment Rentals Services""]",,2026-04-08 19:12:39,2026-04-08 19:12:39
b19b7ae7-df79-4326-9526-ee6a5241344d,b63fae1a-caa4-4f9a-9604-52d7cff8c9bd,"[""Preschool Solutions"",""Study Materials"",""Interactive Curriculum"",""Workbooks & Notes"",""E-Learning Modules"",""Assessment Tools"",""Certifications"",""Digital Content""]","[""Classroom Training"",""Online Classes"",""1-on-1 Mentorship"",""Doubt Clearing Sessions"",""Career Counseling"",""Skill Development"",""Seminars"",""Preschool Services""]",,2026-04-08 19:12:39,2026-04-08 19:12:39
cec603c4-08ac-4248-823c-ff683e13fab4,f4cec09d-2547-49fa-ba46-b389675c429d,"[""Grocery Stores and Food Marts Solutions"",""Exclusive Merchandise"",""Branded Products"",""Seasonal Collections"",""Lifestyle Goods"",""Premium Accessories"",""Quality Inventory""]","[""In-store Shopping"",""Personalized Styling"",""Customer Assistance"",""Easy Returns & Exchange"",""Home Delivery"",""Grocery Stores and Food Marts Services""]",,2026-04-08 19:12:39,2026-04-08 19:12:39
c55c09a4-c369-4139-b1a9-8bbb0001286d,ded5e446-f2c4-47aa-bd29-91730a7739bf,"[""Study Materials"",""Interactive Curriculum"",""Workbooks & Notes"",""E-Learning Modules"",""Assessment Tools"",""Certifications"",""Digital Content""]","[""Classroom Training"",""Online Classes"",""1-on-1 Mentorship"",""Doubt Clearing Sessions"",""Career Counseling"",""Skill Development"",""Seminars""]",,2026-04-08 19:12:39,2026-04-08 19:12:39
77a225d0-6b29-4dd6-a172-e9ad6db094ed,a6902c41-259d-4c02-890c-9d26dbf44def,"[""Biryani Solutions"",""Signature Dishes"",""Premium Beverages"",""Quality Ingredients"",""Specialty Snacks"",""Custom Combos"",""Healthy Options"",""Desserts""]","[""Dine-in Experience"",""Takeaway"",""Home Delivery"",""Catering Services"",""Online Ordering"",""Quick Service"",""Biryani Services""]",,2026-04-08 19:12:39,2026-04-08 19:12:39
e6515580-eeff-4523-b15b-948466b1bfdd,b7d63878-614a-4693-8c99-7e3d0fbe19c0,"[""Not Provided Solutions"",""Study Materials"",""Interactive Curriculum"",""Workbooks & Notes"",""E-Learning Modules"",""Assessment Tools"",""Certifications"",""Digital Content""]","[""Classroom Training"",""Online Classes"",""1-on-1 Mentorship"",""Doubt Clearing Sessions"",""Career Counseling"",""Skill Development"",""Seminars"",""Not Provided Services""]",,2026-04-08 19:12:39,2026-04-08 19:12:39
a9bad450-0695-4cc7-937a-2ac408477aff,3d73bf80-6457-439e-8cd4-5430ae98b975,"[""Computer Software, Hardware, Networking, IT Solutions"",""Study Materials"",""Interactive Curriculum"",""Workbooks & Notes"",""E-Learning Modules"",""Assessment Tools"",""Certifications"",""Digital Content""]","[""Classroom Training"",""Online Classes"",""1-on-1 Mentorship"",""Doubt Clearing Sessions"",""Career Counseling"",""Skill Development"",""Seminars"",""Computer Software, Hardware, Networking, IT Services""]",,2026-04-08 19:12:39,2026-04-08 19:12:39
3e9699be-4d16-4740-a246-eb8bda2054b0,5cf59a22-393b-4156-a2b7-16c15eeaa7bf,"[""The following services"",""Public Blockchain"",""Decentralized Finance (DeFi)"",""Non-Fungible Token (NFT)"",""Cardano Blockchain"",""AR & VR"",""IoT"",""Mobile App Development""]","[""Dedicated Customer Support"",""Consultation Services"",""Professional Advisory"",""After-Sales Support"",""Strategy Planning"",""IT,ITES, Software Related Services""]",,2026-04-08 19:12:39,2026-04-08 19:12:39
31bd2b66-b55b-4cc5-9180-9cdefc8ca184,4bc6f019-460b-4f53-a1ee-e195d6c6d2ba,"[""Computer Software, Hardware, Networking, IT Solutions"",""Study Materials"",""Interactive Curriculum"",""Workbooks & Notes"",""E-Learning Modules"",""Assessment Tools"",""Certifications"",""Digital Content""]","[""Classroom Training"",""Online Classes"",""1-on-1 Mentorship"",""Doubt Clearing Sessions"",""Career Counseling"",""Skill Development"",""Seminars"",""Computer Software, Hardware, Networking, IT Services""]",,2026-04-08 19:12:39,2026-04-08 19:12:39
7c0f0190-cd91-49d1-a06a-a5a77dc61b03,2f924aab-43e7-45fe-93d6-2eb1c6193ab7,"[""Preschool Solutions"",""Study Materials"",""Interactive Curriculum"",""Workbooks & Notes"",""E-Learning Modules"",""Assessment Tools"",""Certifications"",""Digital Content""]","[""Classroom Training"",""Online Classes"",""1-on-1 Mentorship"",""Doubt Clearing Sessions"",""Career Counseling"",""Skill Development"",""Seminars"",""Preschool Services""]",,2026-04-08 19:12:39,2026-04-08 19:12:39
ceec7289-4e8d-4b74-8b19-6a1bb28e7347,250f66f9-35dd-44b5-8f9a-c1be3e798460,"[""Specialty courses in Software"",""Hardware Networking"",""ERP"",""Multimedia"",""Computer Software, Hardware, Networking, IT Solutions"",""Study Materials"",""Interactive Curriculum"",""Workbooks & Notes""]","[""Classroom Training"",""Online Classes"",""1-on-1 Mentorship"",""Doubt Clearing Sessions"",""Career Counseling"",""Skill Development"",""Seminars"",""Computer Software, Hardware, Networking, IT Services""]",,2026-04-08 19:12:39,2026-04-08 19:12:39
dd4d7b67-cdee-4bb4-b677-e0131c0c8179,9b8f1b41-8380-4e75-9886-2b2c38aa6397,"[""Others Solutions"",""Flagship Products"",""Industry Specific Tools"",""Branded Offerings"",""Specialized Kits"",""Premium Goods""]","[""Dedicated Customer Support"",""Consultation Services"",""Professional Advisory"",""After-Sales Support"",""Strategy Planning"",""Others Services""]",,2026-04-08 19:12:39,2026-04-08 19:12:39
a3b975cf-c2bc-438c-8713-925af501b5ab,e9f40097-07b0-4914-9bac-82666fe10813,"[""Flagship Products"",""Industry Specific Tools"",""Branded Offerings"",""Specialized Kits"",""Premium Goods""]","[""Dedicated Customer Support"",""Consultation Services"",""Professional Advisory"",""After-Sales Support"",""Strategy Planning""]",,2026-04-08 19:12:39,2026-04-08 19:12:39
c02870a6-d931-47e7-95c8-9a33742fe6a1,ad81ddd4-c599-4d34-bbb9-58130ba44c4e,"[""Degree"",""Diploma"",""Graphic design"",""Fine arts"",""Digital marketing"",""Study Materials"",""Interactive Curriculum"",""Workbooks & Notes""]","[""Classroom Training"",""Online Classes"",""1-on-1 Mentorship"",""Doubt Clearing Sessions"",""Career Counseling"",""Skill Development"",""Seminars""]",,2026-04-08 19:12:39,2026-04-08 19:12:39
a3442cfd-551a-4051-843d-6d89c252784d,7f387838-b43c-4b61-845f-b2265fb3687b,"[""School  Opportunities Solutions"",""Study Materials"",""Interactive Curriculum"",""Workbooks & Notes"",""E-Learning Modules"",""Assessment Tools"",""Certifications"",""Digital Content""]","[""Classroom Training"",""Online Classes"",""1-on-1 Mentorship"",""Doubt Clearing Sessions"",""Career Counseling"",""Skill Development"",""Seminars"",""School  Opportunities Services""]",,2026-04-08 19:12:39,2026-04-08 19:12:39
59d0cd19-972e-44a1-b747-a591fb3ab61c,01a72b31-72fd-4f4b-8510-4316ff2decaf,"[""Study Materials"",""Interactive Curriculum"",""Workbooks & Notes"",""E-Learning Modules"",""Assessment Tools"",""Certifications"",""Digital Content""]","[""Classroom Training"",""Online Classes"",""1-on-1 Mentorship"",""Doubt Clearing Sessions"",""Career Counseling"",""Skill Development"",""Seminars""]",,2026-04-08 19:12:39,2026-04-08 19:12:39
e8fc09ed-365c-4191-b60d-f6aa70483981,7ac0098a-aefc-448d-be62-36d3714e9fa7,"[""Product"",""Communication"",""Interior design"",""Study Materials"",""Interactive Curriculum"",""Workbooks & Notes"",""E-Learning Modules"",""Assessment Tools""]","[""Classroom Training"",""Online Classes"",""1-on-1 Mentorship"",""Doubt Clearing Sessions"",""Career Counseling"",""Skill Development"",""Seminars""]",,2026-04-08 19:12:39,2026-04-08 19:12:39
f77800ae-0bb0-460b-bcf7-e38b1fe88389,18a3d7a8-0ded-414d-8ab5-bed4626a4bd1,"[""Various inks"",""Cartridges"",""Printer sales"",""Services to local offices"",""Large business houses"",""Premium plans"",""Office Supply s Solutions"",""Exclusive Merchandise""]","[""In-store Shopping"",""Personalized Styling"",""Customer Assistance"",""Easy Returns & Exchange"",""Home Delivery"",""Office Supply s Services""]",,2026-04-08 19:12:39,2026-04-08 19:12:39
c521b34d-137f-44f3-b90d-e7e3f7afa413,e1f6f025-556d-4820-82dc-063bf63e0121,"[""Computer Software, Hardware, Networking, IT Solutions"",""Study Materials"",""Interactive Curriculum"",""Workbooks & Notes"",""E-Learning Modules"",""Assessment Tools"",""Certifications"",""Digital Content""]","[""Classroom Training"",""Online Classes"",""1-on-1 Mentorship"",""Doubt Clearing Sessions"",""Career Counseling"",""Skill Development"",""Seminars"",""Computer Software, Hardware, Networking, IT Services""]",,2026-04-08 19:12:39,2026-04-08 19:12:39
df242c74-550b-49c5-b0b9-a2f0d176df9f,6e99e9de-a3e8-4b5b-b490-5eca725bb890,"[""Art ,Painting, Framing, Museums Solutions"",""Exclusive Merchandise"",""Branded Products"",""Seasonal Collections"",""Lifestyle Goods"",""Premium Accessories"",""Quality Inventory""]","[""In-store Shopping"",""Personalized Styling"",""Customer Assistance"",""Easy Returns & Exchange"",""Home Delivery"",""Art ,Painting, Framing, Museums Services""]",,2026-04-08 19:12:39,2026-04-08 19:12:39
b2185404-f1a6-4f45-a5e8-fd396a0800bc,a326f9a4-1e09-4af4-88d1-8e437ecc4ab0,"[""Study Materials"",""Interactive Curriculum"",""Workbooks & Notes"",""E-Learning Modules"",""Assessment Tools"",""Certifications"",""Digital Content""]","[""Classroom Training"",""Online Classes"",""1-on-1 Mentorship"",""Doubt Clearing Sessions"",""Career Counseling"",""Skill Development"",""Seminars""]",,2026-04-08 19:12:39,2026-04-08 19:12:39
2b67569a-e6ca-465f-bc6e-570b37a1d090,36e2d828-121e-420a-8965-b03adc307e7c,"[""Stone Solutions"",""Flagship Products"",""Industry Specific Tools"",""Branded Offerings"",""Specialized Kits"",""Premium Goods""]","[""Dedicated Customer Support"",""Consultation Services"",""Professional Advisory"",""After-Sales Support"",""Strategy Planning"",""Stone Services""]",,2026-04-08 19:12:39,2026-04-08 19:12:39
071d2c7c-87c3-49cc-83fc-2163093433b7,6b0c4895-46c1-4338-a308-67d457cd2c27,"[""Health Care Products Solutions"",""Health Supplements"",""Workout Gear"",""Diet & Nutrition Plans"",""Wellness Products"",""Fitness Equipment"",""Therapeutic Goods""]","[""Personal Training"",""Group Classes"",""Nutritional Counseling"",""Health Assessments"",""Membership Programs"",""Rehabilitation"",""Health Care Products Services""]",,2026-04-08 19:12:39,2026-04-08 19:12:39
e164dc42-edad-4a80-b1e6-38a3d6365848,77eb3c30-4f86-455d-953c-556e71e3b5e6,"[""Others Solutions"",""Flagship Products"",""Industry Specific Tools"",""Branded Offerings"",""Specialized Kits"",""Premium Goods""]","[""Dedicated Customer Support"",""Consultation Services"",""Professional Advisory"",""After-Sales Support"",""Strategy Planning"",""Others Services""]",,2026-04-08 19:12:39,2026-04-08 19:12:39
b4ce753c-0901-4b80-a8b4-fdf416144c39,9baa2265-151c-4a03-bd67-c354c2955958,"[""Social Media and Internet Marketing Solutions"",""Flagship Products"",""Industry Specific Tools"",""Branded Offerings"",""Specialized Kits"",""Premium Goods""]","[""Dedicated Customer Support"",""Consultation Services"",""Professional Advisory"",""After-Sales Support"",""Strategy Planning"",""Social Media and Internet Marketing Services""]",,2026-04-08 19:12:39,2026-04-08 19:12:39
1944365f-0cd8-4cf6-86f4-0bb9c061c008,25edcefb-3ec6-4291-8de2-802223ddb0df,"[""Wash, Detailing, Repair, Oil Change & Maintenance Solutions"",""Genuine Spare Parts"",""Vehicle Accessories"",""Car Care Products"",""Engine Oils"",""Maintenance Kits""]","[""Servicing & Repair"",""Washing & Detailing"",""Roadside Assistance"",""Customization"",""Diagnostic Testing"",""Wash, Detailing, Repair, Oil Change & Maintenance Services""]",,2026-04-08 19:12:39,2026-04-08 19:12:39
48fd74f6-9702-47e4-821d-118964dbbe16,b27e88d8-b00b-4753-9841-45c4a40c93a7,"[""Not Provided Solutions"",""Flagship Products"",""Industry Specific Tools"",""Branded Offerings"",""Specialized Kits"",""Premium Goods""]","[""Dedicated Customer Support"",""Consultation Services"",""Professional Advisory"",""After-Sales Support"",""Strategy Planning"",""Not Provided Services""]",,2026-04-08 19:12:39,2026-04-08 19:12:39
70a088d8-0352-4b60-99b5-6c249e4c49e1,e6ae8cfd-5609-405d-84d0-eb2cd7dfb602,"[""Programs"",""Laundry and Dry Cleaning Solutions"",""Flagship Products"",""Industry Specific Tools"",""Branded Offerings"",""Specialized Kits"",""Premium Goods""]","[""Dedicated Customer Support"",""Consultation Services"",""Professional Advisory"",""After-Sales Support"",""Strategy Planning"",""Laundry and Dry Cleaning Services""]",,2026-04-08 19:12:39,2026-04-08 19:12:39
82e81206-c158-44ca-8cef-4e0653b24c66,da08f848-e342-4296-9b01-88e9fd6f60c8,"[""IT,ITES, Software Related Solutions"",""Flagship Products"",""Industry Specific Tools"",""Branded Offerings"",""Specialized Kits"",""Premium Goods""]","[""Dedicated Customer Support"",""Consultation Services"",""Professional Advisory"",""After-Sales Support"",""Strategy Planning"",""IT,ITES, Software Related Services""]",,2026-04-08 19:12:39,2026-04-08 19:12:39
9f301ca4-a6c5-440a-a369-34a35f283338,24c57300-df31-4c78-866b-92fd3d34cc89,"[""Study Materials"",""Interactive Curriculum"",""Workbooks & Notes"",""E-Learning Modules"",""Assessment Tools"",""Certifications"",""Digital Content""]","[""Classroom Training"",""Online Classes"",""1-on-1 Mentorship"",""Doubt Clearing Sessions"",""Career Counseling"",""Skill Development"",""Seminars""]",,2026-04-08 19:12:39,2026-04-08 19:12:39
500a36c6-9688-455f-8211-d7f0a38b594d,06641609-8d1f-4941-b037-5ed26c8445ef,"[""Accounts and Tax Related Solutions"",""Study Materials"",""Interactive Curriculum"",""Workbooks & Notes"",""E-Learning Modules"",""Assessment Tools"",""Certifications"",""Digital Content""]","[""Classroom Training"",""Online Classes"",""1-on-1 Mentorship"",""Doubt Clearing Sessions"",""Career Counseling"",""Skill Development"",""Seminars"",""Accounts and Tax Related Services""]",,2026-04-08 19:12:39,2026-04-08 19:12:39
1c26b820-710b-4dfb-a859-a355cbd95a7f,56e2a6fd-0ffd-4bc1-8215-017d0f6552e2,"[""Bios Copier"",""EEPROM Machine"",""BGA Machine etc"",""Study Materials"",""Interactive Curriculum"",""Workbooks & Notes"",""E-Learning Modules"",""Assessment Tools""]","[""Classroom Training"",""Online Classes"",""1-on-1 Mentorship"",""Doubt Clearing Sessions"",""Career Counseling"",""Skill Development"",""Seminars""]",,2026-04-08 19:12:39,2026-04-08 19:12:39
8e86f347-db8a-4f7c-848a-f3b71b85a529,189df847-5c96-474b-95a6-157306476b4d,"[""Others Solutions"",""Study Materials"",""Interactive Curriculum"",""Workbooks & Notes"",""E-Learning Modules"",""Assessment Tools"",""Certifications"",""Digital Content""]","[""Classroom Training"",""Online Classes"",""1-on-1 Mentorship"",""Doubt Clearing Sessions"",""Career Counseling"",""Skill Development"",""Seminars"",""Others Services""]",,2026-04-08 19:12:39,2026-04-08 19:12:39
64cd7869-e012-4c54-993f-e595ffb0b8c4,b0e1c1b0-2b80-496a-a4e9-887f327e006d,"[""Personality Development, Grooming, Finishing Solutions"",""Study Materials"",""Interactive Curriculum"",""Workbooks & Notes"",""E-Learning Modules"",""Assessment Tools"",""Certifications"",""Digital Content""]","[""Classroom Training"",""Online Classes"",""1-on-1 Mentorship"",""Doubt Clearing Sessions"",""Career Counseling"",""Skill Development"",""Seminars"",""Personality Development, Grooming, Finishing Services""]",,2026-04-08 19:12:39,2026-04-08 19:12:39
6dbd0d88-a289-4c7f-b1a4-df87d3dbfb42,32047847-ba3f-491e-88c4-c991c5daacdc,"[""Safety and Security Services Solutions"",""Flagship Products"",""Industry Specific Tools"",""Branded Offerings"",""Specialized Kits"",""Premium Goods""]","[""Dedicated Customer Support"",""Consultation Services"",""Professional Advisory"",""After-Sales Support"",""Strategy Planning"",""Safety and Security Services Services""]",,2026-04-08 19:12:39,2026-04-08 19:12:39
fffff3d2-6107-45cc-808e-e284dd7a915e,2e674620-124c-48a6-8ed4-66ce3d32f744,"[""Gym Solutions"",""Health Supplements"",""Workout Gear"",""Diet & Nutrition Plans"",""Wellness Products"",""Fitness Equipment"",""Therapeutic Goods""]","[""Personal Training"",""Group Classes"",""Nutritional Counseling"",""Health Assessments"",""Membership Programs"",""Rehabilitation"",""Gym Services""]",,2026-04-08 19:12:39,2026-04-08 19:12:39
d7e7dce7-2b26-42b9-a1a7-41190f50d636,b1ef131b-bcab-476d-970c-a59289f935ef,"[""Database and Internet Related Solutions"",""Flagship Products"",""Industry Specific Tools"",""Branded Offerings"",""Specialized Kits"",""Premium Goods""]","[""Dedicated Customer Support"",""Consultation Services"",""Professional Advisory"",""After-Sales Support"",""Strategy Planning"",""Database and Internet Related Services""]",,2026-04-08 19:12:39,2026-04-08 19:12:39
c95e7c01-c616-4e78-b1c5-1b91f4acd827,b90e3faf-77d4-441d-88a2-67a9f4a9d03a,"[""Database and Internet Related Solutions"",""Flagship Products"",""Industry Specific Tools"",""Branded Offerings"",""Specialized Kits"",""Premium Goods""]","[""Dedicated Customer Support"",""Consultation Services"",""Professional Advisory"",""After-Sales Support"",""Strategy Planning"",""Database and Internet Related Services""]",,2026-04-08 19:12:39,2026-04-08 19:12:39
32a41ae7-2b22-406c-bae6-83bd126071af,66324a4a-68b1-4a0c-9f9e-0268a53f724a,"[""Computer Software, Hardware, Networking, IT Solutions"",""Study Materials"",""Interactive Curriculum"",""Workbooks & Notes"",""E-Learning Modules"",""Assessment Tools"",""Certifications"",""Digital Content""]","[""Classroom Training"",""Online Classes"",""1-on-1 Mentorship"",""Doubt Clearing Sessions"",""Career Counseling"",""Skill Development"",""Seminars"",""Computer Software, Hardware, Networking, IT Services""]",,2026-04-08 19:12:39,2026-04-08 19:12:39
2a2aac13-7f06-4697-ac3a-b72071395511,838261cd-1151-4d22-b47f-917c600c6a9f,"[""Digital marketing solutions"",""IT,ITES, Software Related Solutions"",""Flagship Products"",""Industry Specific Tools"",""Branded Offerings"",""Specialized Kits"",""Premium Goods""]","[""Dedicated Customer Support"",""Consultation Services"",""Professional Advisory"",""After-Sales Support"",""Strategy Planning"",""IT,ITES, Software Related Services""]",,2026-04-08 19:12:39,2026-04-08 19:12:39
d3df8162-7b61-4635-8ee4-a83df7513421,7cd5a7a0-a2b8-4ac4-a744-d726c09bb2f2,"[""Furniture Stores Solutions"",""Exclusive Merchandise"",""Branded Products"",""Seasonal Collections"",""Lifestyle Goods"",""Premium Accessories"",""Quality Inventory""]","[""In-store Shopping"",""Personalized Styling"",""Customer Assistance"",""Easy Returns & Exchange"",""Home Delivery"",""Furniture Stores Services""]",,2026-04-08 19:12:39,2026-04-08 19:12:39
4960430a-e616-4713-9bb6-a8296ad3855c,9f92ca7d-3106-4cd3-af1b-83475cc000f4,"[""Art ,Painting, Framing, Museums Solutions"",""Exclusive Merchandise"",""Branded Products"",""Seasonal Collections"",""Lifestyle Goods"",""Premium Accessories"",""Quality Inventory""]","[""In-store Shopping"",""Personalized Styling"",""Customer Assistance"",""Easy Returns & Exchange"",""Home Delivery"",""Art ,Painting, Framing, Museums Services""]",,2026-04-08 19:12:39,2026-04-08 19:12:39
ea6f2eab-4456-49c1-8823-dfc6b0965591,924a000c-fe70-41bd-87c2-52b88cdd93bc,"[""Advertisement And Media Related Solutions"",""Flagship Products"",""Industry Specific Tools"",""Branded Offerings"",""Specialized Kits"",""Premium Goods""]","[""Dedicated Customer Support"",""Consultation Services"",""Professional Advisory"",""After-Sales Support"",""Strategy Planning"",""Advertisement And Media Related Services""]",,2026-04-08 19:12:39,2026-04-08 19:12:39
1afd655c-70c8-4235-a756-5f6b6976a2b9,c7ec582c-9725-4ecd-8978-9753f2481d69,"[""Accounts and Tax Related Solutions"",""Study Materials"",""Interactive Curriculum"",""Workbooks & Notes"",""E-Learning Modules"",""Assessment Tools"",""Certifications"",""Digital Content""]","[""Classroom Training"",""Online Classes"",""1-on-1 Mentorship"",""Doubt Clearing Sessions"",""Career Counseling"",""Skill Development"",""Seminars"",""Accounts and Tax Related Services""]",,2026-04-08 19:12:39,2026-04-08 19:12:39
16003639-8143-4205-90f2-9d4821879ee8,b9384c60-a7ef-436b-acb6-8bd3838bc60e,"[""School  Opportunities Solutions"",""Study Materials"",""Interactive Curriculum"",""Workbooks & Notes"",""E-Learning Modules"",""Assessment Tools"",""Certifications"",""Digital Content""]","[""Classroom Training"",""Online Classes"",""1-on-1 Mentorship"",""Doubt Clearing Sessions"",""Career Counseling"",""Skill Development"",""Seminars"",""School  Opportunities Services""]",,2026-04-08 19:12:39,2026-04-08 19:12:39
9c763ba2-e9e4-4d2e-bb8f-217eccf18b0b,3ba35f12-ac66-4960-8ce6-88fbba3534a7,"[""Study Materials"",""Interactive Curriculum"",""Workbooks & Notes"",""E-Learning Modules"",""Assessment Tools"",""Certifications"",""Digital Content""]","[""Classroom Training"",""Online Classes"",""1-on-1 Mentorship"",""Doubt Clearing Sessions"",""Career Counseling"",""Skill Development"",""Seminars""]",,2026-04-08 19:12:39,2026-04-08 19:12:39
ff7fe521-efc7-4a04-9d7b-eb9dfd1fd80d,e6624378-4692-46ec-9109-73be35ac872d,"[""School  Opportunities Solutions"",""Study Materials"",""Interactive Curriculum"",""Workbooks & Notes"",""E-Learning Modules"",""Assessment Tools"",""Certifications"",""Digital Content""]","[""Classroom Training"",""Online Classes"",""1-on-1 Mentorship"",""Doubt Clearing Sessions"",""Career Counseling"",""Skill Development"",""Seminars"",""School  Opportunities Services""]",,2026-04-08 19:12:39,2026-04-08 19:12:39
0a191b12-9cb8-4934-b4ce-61dcd4ca55e3,4d85b217-18e1-4a50-8056-bfb8e07658da,"[""Study Center"",""Globally Valid"",""Good Income"",""School  Opportunities Solutions"",""Study Materials"",""Interactive Curriculum"",""Workbooks & Notes"",""E-Learning Modules""]","[""Classroom Training"",""Online Classes"",""1-on-1 Mentorship"",""Doubt Clearing Sessions"",""Career Counseling"",""Skill Development"",""Seminars"",""School  Opportunities Services""]",,2026-04-08 19:12:39,2026-04-08 19:12:39
fcfd18b8-338d-4aa5-acc9-d64799bcb1b4,3e0192de-3758-492d-a303-21e94554e8b2,"[""Animation Solutions"",""Study Materials"",""Interactive Curriculum"",""Workbooks & Notes"",""E-Learning Modules"",""Assessment Tools"",""Certifications"",""Digital Content""]","[""Classroom Training"",""Online Classes"",""1-on-1 Mentorship"",""Doubt Clearing Sessions"",""Career Counseling"",""Skill Development"",""Seminars"",""Animation Services""]",,2026-04-08 19:12:39,2026-04-08 19:12:39
571b8b20-4e1f-4157-af79-fd7c3ff01c79,2a08f1d2-7cf6-4828-8e4c-c87e4a7f5065,"[""Study Materials"",""Interactive Curriculum"",""Workbooks & Notes"",""E-Learning Modules"",""Assessment Tools"",""Certifications"",""Digital Content""]","[""Classroom Training"",""Online Classes"",""1-on-1 Mentorship"",""Doubt Clearing Sessions"",""Career Counseling"",""Skill Development"",""Seminars""]",,2026-04-08 19:12:39,2026-04-08 19:12:39
3d80fe38-6370-4b31-878a-69b26968d38d,2fb23263-7912-4e25-95fa-6e731e792183,"[""Study Materials"",""Interactive Curriculum"",""Workbooks & Notes"",""E-Learning Modules"",""Assessment Tools"",""Certifications"",""Digital Content""]","[""Classroom Training"",""Online Classes"",""1-on-1 Mentorship"",""Doubt Clearing Sessions"",""Career Counseling"",""Skill Development"",""Seminars""]",,2026-04-08 19:12:39,2026-04-08 19:12:39
71e64e39-d805-4918-b616-73acd74dd8c1,78f92764-be1d-4eec-8a7d-eaa8fb4e1733,"[""Home Appliances, Interiors & Furnishing Solutions"",""Exclusive Merchandise"",""Branded Products"",""Seasonal Collections"",""Lifestyle Goods"",""Premium Accessories"",""Quality Inventory""]","[""In-store Shopping"",""Personalized Styling"",""Customer Assistance"",""Easy Returns & Exchange"",""Home Delivery"",""Home Appliances, Interiors & Furnishing Services""]",,2026-04-08 19:12:39,2026-04-08 19:12:39
daece42d-85bc-4de4-9816-5020c74f0887,e563a68e-5a9d-47da-887f-986daf7d8d20,"[""Web Design, Development,Hosting Related Solutions"",""Flagship Products"",""Industry Specific Tools"",""Branded Offerings"",""Specialized Kits"",""Premium Goods""]","[""Dedicated Customer Support"",""Consultation Services"",""Professional Advisory"",""After-Sales Support"",""Strategy Planning"",""Web Design, Development,Hosting Related Services""]",,2026-04-08 19:12:39,2026-04-08 19:12:39
7c9c55c0-b58b-496f-b53f-927530e15435,d0fdb033-801b-4ae2-8097-10c1021aff96,"[""Computer Sales, Parts and Accessories Solutions"",""Flagship Products"",""Industry Specific Tools"",""Branded Offerings"",""Specialized Kits"",""Premium Goods""]","[""Dedicated Customer Support"",""Consultation Services"",""Professional Advisory"",""After-Sales Support"",""Strategy Planning"",""Computer Sales, Parts and Accessories Services""]",,2026-04-08 19:12:39,2026-04-08 19:12:39
6008e907-86e3-4d47-a9a4-748caa1f694d,1b8c3826-ce49-4807-b967-b7ca4e81f2e0,"[""Web Design, Development,Hosting Related Solutions"",""Flagship Products"",""Industry Specific Tools"",""Branded Offerings"",""Specialized Kits"",""Premium Goods""]","[""Dedicated Customer Support"",""Consultation Services"",""Professional Advisory"",""After-Sales Support"",""Strategy Planning"",""Web Design, Development,Hosting Related Services""]",,2026-04-08 19:12:39,2026-04-08 19:12:39
d7d18d41-9e7a-42af-b424-c9ec66f1650d,58edfc0a-63e1-411c-bac0-7f157fb165da,"[""Others Solutions"",""Investment Portfolios"",""Insurance Policies"",""Loan Packages"",""Financial Planning Tools"",""Tax Software""]","[""Dedicated Customer Support"",""Consultation Services"",""Professional Advisory"",""After-Sales Support"",""Strategy Planning"",""Others Services""]",,2026-04-08 19:12:39,2026-04-08 19:12:39
91972724-d243-4df0-a92c-10db9599d200,10c97c82-1b55-4e96-b72b-a6a6c0478864,"[""Others Solutions"",""Investment Portfolios"",""Insurance Policies"",""Loan Packages"",""Financial Planning Tools"",""Tax Software""]","[""Dedicated Customer Support"",""Consultation Services"",""Professional Advisory"",""After-Sales Support"",""Strategy Planning"",""Others Services""]",,2026-04-08 19:12:39,2026-04-08 19:12:39
aa15e435-9698-451b-99cc-b4eead2bf641,a70a8b5b-6da2-49ad-87c6-08dd6fa5b76f,"[""Real Estate Services, Portals, Online,Marketing Solutions"",""Flagship Products"",""Industry Specific Tools"",""Branded Offerings"",""Specialized Kits"",""Premium Goods""]","[""Dedicated Customer Support"",""Consultation Services"",""Professional Advisory"",""After-Sales Support"",""Strategy Planning"",""Real Estate Services, Portals, Online,Marketing Services""]",,2026-04-08 19:12:39,2026-04-08 19:12:39
78a23886-3bb2-4974-99e3-f1b109243b89,409eb261-d477-4627-a2ef-0aaa69ea5f4c,"[""Study Materials"",""Interactive Curriculum"",""Workbooks & Notes"",""E-Learning Modules"",""Assessment Tools"",""Certifications"",""Digital Content""]","[""Classroom Training"",""Online Classes"",""1-on-1 Mentorship"",""Doubt Clearing Sessions"",""Career Counseling"",""Skill Development"",""Seminars""]",,2026-04-08 19:12:39,2026-04-08 19:12:39
43842cc8-18cf-4f00-ae28-be48bae0372e,82f8495d-2b15-4fb0-ba3d-481bb33eef2c,"[""IT Services Incl ITES Solutions"",""Flagship Products"",""Industry Specific Tools"",""Branded Offerings"",""Specialized Kits"",""Premium Goods""]","[""Dedicated Customer Support"",""Consultation Services"",""Professional Advisory"",""After-Sales Support"",""Strategy Planning"",""IT Services Incl ITES Services""]",,2026-04-08 19:12:39,2026-04-08 19:12:39
114248a0-54bc-4557-92fd-a907b2641bad,5e26a2f7-46e4-45ee-b74a-99adc60cf62f,"[""Study Materials"",""Interactive Curriculum"",""Workbooks & Notes"",""E-Learning Modules"",""Assessment Tools"",""Certifications"",""Digital Content""]","[""Classroom Training"",""Online Classes"",""1-on-1 Mentorship"",""Doubt Clearing Sessions"",""Career Counseling"",""Skill Development"",""Seminars""]",,2026-04-08 19:12:39,2026-04-08 19:12:39
7a081694-037b-4f96-801c-e50acba7ac85,f6ae6d61-0d16-4be8-a132-5a7cc2e34bb8,"[""Study Materials"",""Interactive Curriculum"",""Workbooks & Notes"",""E-Learning Modules"",""Assessment Tools"",""Certifications"",""Digital Content""]","[""Classroom Training"",""Online Classes"",""1-on-1 Mentorship"",""Doubt Clearing Sessions"",""Career Counseling"",""Skill Development"",""Seminars""]",,2026-04-08 19:12:39,2026-04-08 19:12:39
042bef77-1206-4396-8a58-0980d533027f,dc4fded0-7ced-4568-809c-0e9b214ea771,"[""Spa, Massage Solutions"",""Premium Cosmetics"",""Hair Care Products"",""Skincare Solutions"",""Grooming Kits"",""Spa Essentials""]","[""Hair Styling & Color"",""Spa Therapies"",""Facial Treatments"",""Bridal Makeup"",""Consultations"",""Nail Art"",""Spa, Massage Services""]",,2026-04-08 19:12:39,2026-04-08 19:12:39
54e9ea3a-7843-40a7-9064-d593b583a0ec,281d6596-487c-40cb-b1e6-7b75817e2dd6,"[""Domain Registration Image"",""Web Applications"",""Software Development"",""SEO SEM"",""Branding"",""Online Advertising"",""IT Services Incl ITES Solutions"",""Flagship Products""]","[""Dedicated Customer Support"",""Consultation Services"",""Professional Advisory"",""After-Sales Support"",""Strategy Planning"",""IT Services Incl ITES Services""]",,2026-04-08 19:12:39,2026-04-08 19:12:39
74d12d3e-acb7-47c9-a60e-093654927b0c,5a81ef5b-bbf7-4f82-82c5-f4afe94adfd9,"[""Others Solutions"",""Flagship Products"",""Industry Specific Tools"",""Branded Offerings"",""Specialized Kits"",""Premium Goods""]","[""Dedicated Customer Support"",""Consultation Services"",""Professional Advisory"",""After-Sales Support"",""Strategy Planning"",""Others Services""]",,2026-04-08 19:12:39,2026-04-08 19:12:39
64a923f1-4f22-4d3e-833d-2888575d9154,f1b3d902-3616-4702-855e-d9b961c10cab,"[""Study Materials"",""Interactive Curriculum"",""Workbooks & Notes"",""E-Learning Modules"",""Assessment Tools"",""Certifications"",""Digital Content""]","[""Classroom Training"",""Online Classes"",""1-on-1 Mentorship"",""Doubt Clearing Sessions"",""Career Counseling"",""Skill Development"",""Seminars""]",,2026-04-08 19:12:39,2026-04-08 19:12:39
e961f7d8-228a-43fd-8475-f4b754ed9dca,8df69cdd-2574-4f8d-a786-e16d9612e34d,"[""Including Sales Marketing"",""Banking Finance"",""Insurance"",""Secretarial Administration"",""Legal"",""HR Training"",""IT Telecommunications"",""Engineering Construction""]","[""Dedicated Customer Support"",""Consultation Services"",""Professional Advisory"",""After-Sales Support"",""Strategy Planning""]",,2026-04-08 19:12:39,2026-04-08 19:12:39
cb1b4b4f-71b4-4fb3-b9c0-eef9aaa96c4d,1ec1c717-a08f-4a2c-9c1d-4258c80a42eb,"[""Consulting Services Solutions"",""Flagship Products"",""Industry Specific Tools"",""Branded Offerings"",""Specialized Kits"",""Premium Goods""]","[""Dedicated Customer Support"",""Consultation Services"",""Professional Advisory"",""After-Sales Support"",""Strategy Planning"",""Consulting Services Services""]",,2026-04-08 19:12:39,2026-04-08 19:12:39
976772b1-029d-4ef7-85d2-845d81be19c6,4bcfa857-b242-41a7-a67f-38879772b395,"[""Online Travel Services Solutions"",""Flagship Products"",""Industry Specific Tools"",""Branded Offerings"",""Specialized Kits"",""Premium Goods""]","[""Dedicated Customer Support"",""Consultation Services"",""Professional Advisory"",""After-Sales Support"",""Strategy Planning"",""Online Travel Services Services""]",,2026-04-08 19:12:39,2026-04-08 19:12:39
a0ef1b7b-70fa-4d82-a6ca-6d09f026cbd6,d45394e6-ef00-4927-a611-db808e09f64a,"[""Preschool Solutions"",""Study Materials"",""Interactive Curriculum"",""Workbooks & Notes"",""E-Learning Modules"",""Assessment Tools"",""Certifications"",""Digital Content""]","[""Classroom Training"",""Online Classes"",""1-on-1 Mentorship"",""Doubt Clearing Sessions"",""Career Counseling"",""Skill Development"",""Seminars"",""Preschool Services""]",,2026-04-08 19:12:39,2026-04-08 19:12:39
2376f50a-3c3d-447d-8585-5a7822c3a15a,d606ac04-95ec-469a-8fce-1bc8aa070951,"[""Maths, Abacus Solutions"",""Study Materials"",""Interactive Curriculum"",""Workbooks & Notes"",""E-Learning Modules"",""Assessment Tools"",""Certifications"",""Digital Content""]","[""Classroom Training"",""Online Classes"",""1-on-1 Mentorship"",""Doubt Clearing Sessions"",""Career Counseling"",""Skill Development"",""Seminars"",""Maths, Abacus Services""]",,2026-04-08 19:12:39,2026-04-08 19:12:39
20c47607-0752-488b-9d59-654daed10419,f536a6f7-a39a-426d-8e0e-10a067b859b9,"[""Accounts and Tax Related Solutions"",""Study Materials"",""Interactive Curriculum"",""Workbooks & Notes"",""E-Learning Modules"",""Assessment Tools"",""Certifications"",""Digital Content""]","[""Classroom Training"",""Online Classes"",""1-on-1 Mentorship"",""Doubt Clearing Sessions"",""Career Counseling"",""Skill Development"",""Seminars"",""Accounts and Tax Related Services""]",,2026-04-08 19:12:39,2026-04-08 19:12:39
955c9860-1712-4dca-9ba0-4b259393275d,77e459d0-0690-4a80-afc6-86265f45f51e,"[""Including gap analysis"",""Documentation"",""Implementation guidance"",""Internal audits"",""Certification assistance"",""IT Services Incl ITES Solutions"",""Flagship Products"",""Industry Specific Tools""]","[""Dedicated Customer Support"",""Consultation Services"",""Professional Advisory"",""After-Sales Support"",""Strategy Planning"",""IT Services Incl ITES Services""]",,2026-04-08 19:12:39,2026-04-08 19:12:39
62cdc122-1b74-408e-abf8-3ff00917c031,77783dec-3180-4d0f-a20d-d4c7f5b04832,"[""Not Provided Solutions"",""Flagship Products"",""Industry Specific Tools"",""Branded Offerings"",""Specialized Kits"",""Premium Goods""]","[""Dedicated Customer Support"",""Consultation Services"",""Professional Advisory"",""After-Sales Support"",""Strategy Planning"",""Not Provided Services""]",,2026-04-08 19:12:39,2026-04-08 19:12:39
4761e2fa-9227-4d07-a3b0-161deb1c72f8,467feecc-efae-44fa-bd8c-f63656861b07,"[""Dealerships Solutions"",""Flagship Products"",""Industry Specific Tools"",""Branded Offerings"",""Specialized Kits"",""Premium Goods""]","[""Dedicated Customer Support"",""Consultation Services"",""Professional Advisory"",""After-Sales Support"",""Strategy Planning"",""Dealerships Services""]",,2026-04-08 19:12:39,2026-04-08 19:12:39
993154e6-7c02-4866-bd28-93d8a85bdfe7,892deab2-2df3-4670-934b-dab9b16c7b8b,"[""Others Solutions"",""Flagship Products"",""Industry Specific Tools"",""Branded Offerings"",""Specialized Kits"",""Premium Goods""]","[""Dedicated Customer Support"",""Consultation Services"",""Professional Advisory"",""After-Sales Support"",""Strategy Planning"",""Others Services""]",,2026-04-08 19:12:39,2026-04-08 19:12:39
6b203934-9f96-42cb-8972-524fe8be6631,c5f1a4c2-1e09-4c96-a420-bf09f6a0c503,"[""Others Solutions"",""Flagship Products"",""Industry Specific Tools"",""Branded Offerings"",""Specialized Kits"",""Premium Goods""]","[""Dedicated Customer Support"",""Consultation Services"",""Professional Advisory"",""After-Sales Support"",""Strategy Planning"",""Others Services""]",,2026-04-08 19:12:39,2026-04-08 19:12:39
19451a0f-0c23-4050-80d3-031138939093,58c158cd-4f87-4139-b1de-256940ae0308,"[""Others Solutions"",""Flagship Products"",""Industry Specific Tools"",""Branded Offerings"",""Specialized Kits"",""Premium Goods""]","[""Dedicated Customer Support"",""Consultation Services"",""Professional Advisory"",""After-Sales Support"",""Strategy Planning"",""Others Services""]",,2026-04-08 19:12:39,2026-04-08 19:12:39
57a58442-d305-4253-a93b-e1aa50fce034,e7db9645-fbfb-4a9b-969c-6ffc85300761,"[""Others Solutions"",""Investment Portfolios"",""Insurance Policies"",""Loan Packages"",""Financial Planning Tools"",""Tax Software""]","[""Dedicated Customer Support"",""Consultation Services"",""Professional Advisory"",""After-Sales Support"",""Strategy Planning"",""Others Services""]",,2026-04-08 19:12:39,2026-04-08 19:12:39
b87a8cea-107c-43c3-b253-09efacd6d08a,3d10c021-e813-4c02-923d-333adc836188,"[""15-month break-even plan"",""Laundry and Dry Cleaning Solutions"",""Flagship Products"",""Industry Specific Tools"",""Branded Offerings"",""Specialized Kits"",""Premium Goods""]","[""Dedicated Customer Support"",""Consultation Services"",""Professional Advisory"",""After-Sales Support"",""Strategy Planning"",""Laundry and Dry Cleaning Services""]",,2026-04-08 19:12:39,2026-04-08 19:12:39
30b5f625-6aac-46f3-b5b4-68c7f9230b56,97c8b98e-a26d-49c3-8a51-4ffa43077a53,"[""Laundry and Dry Cleaning Solutions"",""Flagship Products"",""Industry Specific Tools"",""Branded Offerings"",""Specialized Kits"",""Premium Goods""]","[""Dedicated Customer Support"",""Consultation Services"",""Professional Advisory"",""After-Sales Support"",""Strategy Planning"",""Laundry and Dry Cleaning Services""]",,2026-04-08 19:12:39,2026-04-08 19:12:39
484de450-bd60-4efc-8837-03d22543593f,e0e87c08-ef81-48f2-81ea-628a50037ea6,"[""Others Solutions"",""Flagship Products"",""Industry Specific Tools"",""Branded Offerings"",""Specialized Kits"",""Premium Goods""]","[""Dedicated Customer Support"",""Consultation Services"",""Professional Advisory"",""After-Sales Support"",""Strategy Planning"",""Others Services""]",,2026-04-08 19:12:39,2026-04-08 19:12:39
7cff3b65-4d98-4e0b-a8f0-0656a6db92fe,84196b02-243d-4d01-9dac-a48c3a038ae7,"[""Biryani Solutions"",""Signature Dishes"",""Premium Beverages"",""Quality Ingredients"",""Specialty Snacks"",""Custom Combos"",""Healthy Options"",""Desserts""]","[""Dine-in Experience"",""Takeaway"",""Home Delivery"",""Catering Services"",""Online Ordering"",""Quick Service"",""Biryani Services""]",,2026-04-08 19:12:39,2026-04-08 19:12:39
59002a8b-c534-4458-9528-f584ce2e3ce1,444ba78a-80de-41b3-be3c-af8b7e606160,"[""Coffee and Tea Cafe Solutions"",""Flagship Products"",""Industry Specific Tools"",""Branded Offerings"",""Specialized Kits"",""Premium Goods""]","[""Dedicated Customer Support"",""Consultation Services"",""Professional Advisory"",""After-Sales Support"",""Strategy Planning"",""Coffee and Tea Cafe Services""]",,2026-04-08 19:12:39,2026-04-08 19:12:39
2153a559-9a39-4a61-a675-872c97de05f1,61b25946-074b-45ca-9423-1818f099fb2d,"[""Computer Software, Hardware, Networking, IT Solutions"",""Study Materials"",""Interactive Curriculum"",""Workbooks & Notes"",""E-Learning Modules"",""Assessment Tools"",""Certifications"",""Digital Content""]","[""Classroom Training"",""Online Classes"",""1-on-1 Mentorship"",""Doubt Clearing Sessions"",""Career Counseling"",""Skill Development"",""Seminars"",""Computer Software, Hardware, Networking, IT Services""]",,2026-04-08 19:12:39,2026-04-08 19:12:39
d87bb55c-7f97-4e38-abd6-e6135645f25e,210d63e7-5247-4030-9110-6f9f51e9e505,"[""Signature Dishes"",""Premium Beverages"",""Quality Ingredients"",""Specialty Snacks"",""Custom Combos"",""Healthy Options"",""Desserts""]","[""Dine-in Experience"",""Takeaway"",""Home Delivery"",""Catering Services"",""Online Ordering"",""Quick Service""]",,2026-04-08 19:12:39,2026-04-08 19:12:39
6555bc92-6c21-435b-8d6f-ee057128de61,809da34b-95f5-4ff0-8784-5ed6625db24c,"[""Others Solutions"",""Flagship Products"",""Industry Specific Tools"",""Branded Offerings"",""Specialized Kits"",""Premium Goods""]","[""Dedicated Customer Support"",""Consultation Services"",""Professional Advisory"",""After-Sales Support"",""Strategy Planning"",""Others Services""]",,2026-04-08 19:12:39,2026-04-08 19:12:39
de405df1-56f9-411f-8b23-ad22c050bf70,9317be9f-53b5-4b12-ba41-a3df2308a4ef,"[""Others Solutions"",""Signature Dishes"",""Premium Beverages"",""Quality Ingredients"",""Specialty Snacks"",""Custom Combos"",""Healthy Options"",""Desserts""]","[""Dine-in Experience"",""Takeaway"",""Home Delivery"",""Catering Services"",""Online Ordering"",""Quick Service"",""Others Services""]",,2026-04-08 19:12:39,2026-04-08 19:12:39
24c170b1-379d-4ed4-a32b-040672974c90,332f7cf4-72fa-435b-92e3-1c223c59fdf9,"[""Others Solutions"",""Signature Dishes"",""Premium Beverages"",""Quality Ingredients"",""Specialty Snacks"",""Custom Combos"",""Healthy Options"",""Desserts""]","[""Dine-in Experience"",""Takeaway"",""Home Delivery"",""Catering Services"",""Online Ordering"",""Quick Service"",""Others Services""]",,2026-04-08 19:12:39,2026-04-08 19:12:39
bec57e6d-0047-49db-859b-68c275a08559,19b0bd50-e8dc-4c7d-b4db-b18fda0ac22e,"[""Indian Food Solutions"",""Signature Dishes"",""Premium Beverages"",""Quality Ingredients"",""Specialty Snacks"",""Custom Combos"",""Healthy Options"",""Desserts""]","[""Dine-in Experience"",""Takeaway"",""Home Delivery"",""Catering Services"",""Online Ordering"",""Quick Service"",""Indian Food Services""]",,2026-04-08 19:12:39,2026-04-08 19:12:39
757342d5-f67b-46a5-b89e-d828bc25a109,ee845faa-8b52-4363-bc0b-30ea5ff5fbf5,"[""TV, Web, Ecommerce, Shopping Outlets Solutions"",""Exclusive Merchandise"",""Branded Products"",""Seasonal Collections"",""Lifestyle Goods"",""Premium Accessories"",""Quality Inventory""]","[""In-store Shopping"",""Personalized Styling"",""Customer Assistance"",""Easy Returns & Exchange"",""Home Delivery"",""TV, Web, Ecommerce, Shopping Outlets Services""]",,2026-04-08 19:12:39,2026-04-08 19:12:39
e96381a8-8371-4c37-aeb7-c49b6da29b35,f3833f32-fc8d-4ee9-ac05-7a04c5c06c52,"[""Proven sales approach"",""Professional support system"",""Jewelry Solutions"",""Exclusive Merchandise"",""Branded Products"",""Seasonal Collections"",""Lifestyle Goods"",""Premium Accessories""]","[""In-store Shopping"",""Personalized Styling"",""Customer Assistance"",""Easy Returns & Exchange"",""Home Delivery"",""Jewelry Services""]",,2026-04-08 19:12:39,2026-04-08 19:12:39
34096446-9461-4d5b-959f-6356caba93c4,0fa5f493-d64c-4a8e-9cab-e3d628b135ce,"[""Study Materials"",""Interactive Curriculum"",""Workbooks & Notes"",""E-Learning Modules"",""Assessment Tools"",""Certifications"",""Digital Content""]","[""Classroom Training"",""Online Classes"",""1-on-1 Mentorship"",""Doubt Clearing Sessions"",""Career Counseling"",""Skill Development"",""Seminars""]",,2026-04-08 19:12:39,2026-04-08 19:12:39
10f32440-a596-474c-95cc-991e2cdc8190,12e776c6-ee80-4c1a-8d30-020603c47614,"[""IT Services Incl ITES Solutions"",""Flagship Products"",""Industry Specific Tools"",""Branded Offerings"",""Specialized Kits"",""Premium Goods""]","[""Dedicated Customer Support"",""Consultation Services"",""Professional Advisory"",""After-Sales Support"",""Strategy Planning"",""IT Services Incl ITES Services""]",,2026-04-08 19:12:39,2026-04-08 19:12:39
42d95f74-3f8f-48f5-9129-722e45efe0b4,9bf37622-e59c-4760-8635-33ac941ed453,"[""Fashion-forward customers"",""Mens Wear Solutions"",""Exclusive Merchandise"",""Branded Products"",""Seasonal Collections"",""Lifestyle Goods"",""Premium Accessories"",""Quality Inventory""]","[""Dedicated Customer Support"",""Consultation Services"",""Professional Advisory"",""After-Sales Support"",""Strategy Planning"",""Mens Wear Services""]",,2026-04-08 19:12:39,2026-04-08 19:12:39
2ea5cdb6-366e-4198-b2a6-c07c9020fb28,e3933e0f-40bf-4f1c-ba14-6808e2fd2af7,"[""Advertisement And Media Related Solutions"",""Flagship Products"",""Industry Specific Tools"",""Branded Offerings"",""Specialized Kits"",""Premium Goods""]","[""Dedicated Customer Support"",""Consultation Services"",""Professional Advisory"",""After-Sales Support"",""Strategy Planning"",""Advertisement And Media Related Services""]",,2026-04-08 19:12:39,2026-04-08 19:12:39
1058cea3-7b34-4a6c-989f-e836e9474024,2f3ec754-b9c2-4421-8ea0-2cd9d55bb57c,"[""Dealerships Solutions"",""Flagship Products"",""Industry Specific Tools"",""Branded Offerings"",""Specialized Kits"",""Premium Goods""]","[""Dedicated Customer Support"",""Consultation Services"",""Professional Advisory"",""After-Sales Support"",""Strategy Planning"",""Dealerships Services""]",,2026-04-08 19:12:39,2026-04-08 19:12:39
fe63d1d8-9eda-46bf-8bfd-d4fcd3bd3c92,ed46ea93-2a25-4066-8471-7c67c67eab60,"[""Web Design, Development,Hosting Related Solutions"",""Flagship Products"",""Industry Specific Tools"",""Branded Offerings"",""Specialized Kits"",""Premium Goods""]","[""Dedicated Customer Support"",""Consultation Services"",""Professional Advisory"",""After-Sales Support"",""Strategy Planning"",""Web Design, Development,Hosting Related Services""]",,2026-04-08 19:12:39,2026-04-08 19:12:39
d5e4d91e-6ef0-4838-8ad2-a1a3fe8eb011,fa8a92c1-0be8-4b1c-8457-aa690123386f,"[""Computer Software, Hardware, Networking, IT Solutions"",""Study Materials"",""Interactive Curriculum"",""Workbooks & Notes"",""E-Learning Modules"",""Assessment Tools"",""Certifications"",""Digital Content""]","[""Classroom Training"",""Online Classes"",""1-on-1 Mentorship"",""Doubt Clearing Sessions"",""Career Counseling"",""Skill Development"",""Seminars"",""Computer Software, Hardware, Networking, IT Services""]",,2026-04-08 19:12:39,2026-04-08 19:12:39
f92f2f5e-e84d-4aa7-a685-a5ec3cc21b88,6e81fac4-ac6f-4964-b18b-50c516c30615,"[""Diamond, Gems, Jewelry Training Solutions"",""Study Materials"",""Interactive Curriculum"",""Workbooks & Notes"",""E-Learning Modules"",""Assessment Tools"",""Certifications"",""Digital Content""]","[""Classroom Training"",""Online Classes"",""1-on-1 Mentorship"",""Doubt Clearing Sessions"",""Career Counseling"",""Skill Development"",""Seminars"",""Diamond, Gems, Jewelry Training Services""]",,2026-04-08 19:12:39,2026-04-08 19:12:39
18ae4710-6e3b-4ad0-9439-a98cc0000c03,72555933-3b76-4ad3-bcf5-4ea806655e19,"[""Gems,Diamonds,Precious,Stones Solutions"",""Flagship Products"",""Industry Specific Tools"",""Branded Offerings"",""Specialized Kits"",""Premium Goods""]","[""Dedicated Customer Support"",""Consultation Services"",""Professional Advisory"",""After-Sales Support"",""Strategy Planning"",""Gems,Diamonds,Precious,Stones Services""]",,2026-04-08 19:12:39,2026-04-08 19:12:39
6c07b697-87f3-4e2c-8b46-e7d2e1478400,f2d01da9-1eb6-40bf-abe5-884dd6a4b490,"[""Gems,Diamonds,Precious,Stones Solutions"",""Flagship Products"",""Industry Specific Tools"",""Branded Offerings"",""Specialized Kits"",""Premium Goods""]","[""Dedicated Customer Support"",""Consultation Services"",""Professional Advisory"",""After-Sales Support"",""Strategy Planning"",""Gems,Diamonds,Precious,Stones Services""]",,2026-04-08 19:12:39,2026-04-08 19:12:39
98a1d225-7514-499d-a707-5e8b595a7349,e8d75551-b5ab-42da-a421-2ffd21919ce7,"[""House Cleaning Services Solutions"",""Flagship Products"",""Industry Specific Tools"",""Branded Offerings"",""Specialized Kits"",""Premium Goods""]","[""Dedicated Customer Support"",""Consultation Services"",""Professional Advisory"",""After-Sales Support"",""Strategy Planning"",""House Cleaning Services Services""]",,2026-04-08 19:12:39,2026-04-08 19:12:39
d8086fb4-71b3-47c7-8bcc-3f8cc7683503,cb2c70d3-9162-4edd-a5bf-c14837dc133e,"[""Study Materials"",""Interactive Curriculum"",""Workbooks & Notes"",""E-Learning Modules"",""Assessment Tools"",""Certifications"",""Digital Content""]","[""Classroom Training"",""Online Classes"",""1-on-1 Mentorship"",""Doubt Clearing Sessions"",""Career Counseling"",""Skill Development"",""Seminars""]",,2026-04-08 19:12:39,2026-04-08 19:12:39
66180d58-09db-48d1-bafb-860ae66d78f4,28a2aa35-ceeb-4fbc-a1d4-12ceacbf1d10,"[""Maths, Abacus Solutions"",""Study Materials"",""Interactive Curriculum"",""Workbooks & Notes"",""E-Learning Modules"",""Assessment Tools"",""Certifications"",""Digital Content""]","[""Classroom Training"",""Online Classes"",""1-on-1 Mentorship"",""Doubt Clearing Sessions"",""Career Counseling"",""Skill Development"",""Seminars"",""Maths, Abacus Services""]",,2026-04-08 19:12:39,2026-04-08 19:12:39
4d62645c-d8d3-43ec-b317-d760ffa1889c,2dd75aab-eb64-4000-80e7-badc42e1e87c,"[""Others Solutions"",""Flagship Products"",""Industry Specific Tools"",""Branded Offerings"",""Specialized Kits"",""Premium Goods""]","[""Dedicated Customer Support"",""Consultation Services"",""Professional Advisory"",""After-Sales Support"",""Strategy Planning"",""Others Services""]",,2026-04-08 19:12:39,2026-04-08 19:12:39
af76c326-8ecf-459e-af1f-e58bb54c67c6,09ba138b-ffb3-4dfa-b746-0f41d40bc4e6,"[""Metal Solutions"",""Flagship Products"",""Industry Specific Tools"",""Branded Offerings"",""Specialized Kits"",""Premium Goods""]","[""Dedicated Customer Support"",""Consultation Services"",""Professional Advisory"",""After-Sales Support"",""Strategy Planning"",""Metal Services""]",,2026-04-08 19:12:39,2026-04-08 19:12:39
7b8030f5-b9ae-41a1-8e6e-15d43b74e8fa,c2d91b52-034b-49b9-b905-693c3165e5ec,"[""Architects, Design & Allied Services Solutions"",""Flagship Products"",""Industry Specific Tools"",""Branded Offerings"",""Specialized Kits"",""Premium Goods""]","[""Dedicated Customer Support"",""Consultation Services"",""Professional Advisory"",""After-Sales Support"",""Strategy Planning"",""Architects, Design & Allied Services Services""]",,2026-04-08 19:12:39,2026-04-08 19:12:39
a1c77de3-752e-495b-8f09-863e11ebc0b3,fb659c48-d538-4863-9a7e-ba6d126b02c8,"[""Interview/business tips"",""Staffing and Employment Agencies Solutions"",""Flagship Products"",""Industry Specific Tools"",""Branded Offerings"",""Specialized Kits"",""Premium Goods""]","[""Dedicated Customer Support"",""Consultation Services"",""Professional Advisory"",""After-Sales Support"",""Strategy Planning"",""Staffing and Employment Agencies Services""]",,2026-04-08 19:12:39,2026-04-08 19:12:39
0be43e52-3ffc-407f-a67c-a55b5d7b3aa8,d838816a-83aa-4c1c-a4ee-510f3fb53ae3,"[""Flagship Products"",""Industry Specific Tools"",""Branded Offerings"",""Specialized Kits"",""Premium Goods""]","[""Dedicated Customer Support"",""Consultation Services"",""Professional Advisory"",""After-Sales Support"",""Strategy Planning""]",,2026-04-08 19:12:39,2026-04-08 19:12:39
5c7da912-5034-4a0c-9676-d9b8e447319f,599c516d-81b2-4582-8448-d4c1f3bd6277,"[""Flagship Products"",""Industry Specific Tools"",""Branded Offerings"",""Specialized Kits"",""Premium Goods""]","[""Dedicated Customer Support"",""Consultation Services"",""Professional Advisory"",""After-Sales Support"",""Strategy Planning""]",,2026-04-08 19:12:39,2026-04-08 19:12:39
f1c2339c-07a3-45da-bbff-cb9a4f47b78b,3e613ff2-228f-4f34-aad7-c3debe844166,"[""Flagship Products"",""Industry Specific Tools"",""Branded Offerings"",""Specialized Kits"",""Premium Goods""]","[""Dedicated Customer Support"",""Consultation Services"",""Professional Advisory"",""After-Sales Support"",""Strategy Planning""]",,2026-04-08 19:12:39,2026-04-08 19:12:39
1cabb70b-b2d2-41a0-9975-fee3e8142866,08852d4d-981c-44b8-bb54-8b540d859140,"[""Flagship Products"",""Industry Specific Tools"",""Branded Offerings"",""Specialized Kits"",""Premium Goods""]","[""Dedicated Customer Support"",""Consultation Services"",""Professional Advisory"",""After-Sales Support"",""Strategy Planning""]",,2026-04-08 19:12:39,2026-04-08 19:12:39
b5c62558-7a99-44b9-a79c-837f0999bda9,17711e0f-91f1-4e32-b827-6b7db13df927,"[""Not Provided Solutions"",""Flagship Products"",""Industry Specific Tools"",""Branded Offerings"",""Specialized Kits"",""Premium Goods""]","[""Dedicated Customer Support"",""Consultation Services"",""Professional Advisory"",""After-Sales Support"",""Strategy Planning"",""Not Provided Services""]",,2026-04-08 19:12:39,2026-04-08 19:12:39
c9eb1616-1044-4481-aebd-68bb7bc2686e,57bb483c-68bb-4275-8657-a894bc3beff4,"[""Flagship Products"",""Industry Specific Tools"",""Branded Offerings"",""Specialized Kits"",""Premium Goods""]","[""Dedicated Customer Support"",""Consultation Services"",""Professional Advisory"",""After-Sales Support"",""Strategy Planning""]",,2026-04-08 19:12:39,2026-04-08 19:12:39
fe47aa85-0a7d-4e8a-866f-f26ae96ddb7c,c3c057a6-9ca4-478b-bc2a-c50abec17094,"[""Not Provided Solutions"",""Flagship Products"",""Industry Specific Tools"",""Branded Offerings"",""Specialized Kits"",""Premium Goods""]","[""Dedicated Customer Support"",""Consultation Services"",""Professional Advisory"",""After-Sales Support"",""Strategy Planning"",""Not Provided Services""]",,2026-04-08 19:12:39,2026-04-08 19:12:39
dc482591-d75a-4324-bc32-645f346b3f54,89246480-75d4-4c5e-8df0-fd8a8fc54c74,"[""Technology"",""Finance"",""Accounting"",""Human resources"",""Manufacturing logistics"",""Sales"",""Marketing"",""More""]","[""Dedicated Customer Support"",""Consultation Services"",""Professional Advisory"",""After-Sales Support"",""Strategy Planning"",""Consultants Services""]",,2026-04-08 19:12:39,2026-04-08 19:12:39
4b00a592-715b-4146-9bc0-066f51e4e906,0477ef0e-8f4f-43d4-942f-281aa0919cbe,"[""Car Rental And Cab Services Solutions"",""Flagship Products"",""Industry Specific Tools"",""Branded Offerings"",""Specialized Kits"",""Premium Goods""]","[""Dedicated Customer Support"",""Consultation Services"",""Professional Advisory"",""After-Sales Support"",""Strategy Planning"",""Car Rental And Cab Services Services""]",,2026-04-08 19:12:39,2026-04-08 19:12:39
b6911382-60b1-4f36-9ea9-e424a09c7957,348ac824-d296-4c99-9b4a-655ab1a115b5,"[""Others Solutions"",""Flagship Products"",""Industry Specific Tools"",""Branded Offerings"",""Specialized Kits"",""Premium Goods""]","[""Dedicated Customer Support"",""Consultation Services"",""Professional Advisory"",""After-Sales Support"",""Strategy Planning"",""Others Services""]",,2026-04-08 19:12:39,2026-04-08 19:12:39
580084a1-c9b8-4b13-bbfd-073702fd1c66,a1c5a0c5-b832-46d4-983f-f0bcaabb606a,"[""Mens Wear Solutions"",""Exclusive Merchandise"",""Branded Products"",""Seasonal Collections"",""Lifestyle Goods"",""Premium Accessories"",""Quality Inventory""]","[""Dedicated Customer Support"",""Consultation Services"",""Professional Advisory"",""After-Sales Support"",""Strategy Planning"",""Mens Wear Services""]",,2026-04-08 19:12:39,2026-04-08 19:12:39
8f7d0feb-3430-4ed6-9488-63feb4822ddd,1f49b55c-a12d-4dc6-833e-bb26df2c57c4,"[""A complete"",""Party wear"",""Work wear"",""Denims"",""Outer wear"",""Suits Jackets"",""An exciting mix of colors"",""Playful styling""]","[""Dedicated Customer Support"",""Consultation Services"",""Professional Advisory"",""After-Sales Support"",""Strategy Planning"",""Mens Wear Services""]",,2026-04-08 19:12:39,2026-04-08 19:12:39
d167f7b5-769f-4306-ac74-a3bb75c4450b,9b7f8fe8-0ad8-43bd-a567-b363f1cedca7,"[""Maintenance Services and Products Solutions"",""Flagship Products"",""Industry Specific Tools"",""Branded Offerings"",""Specialized Kits"",""Premium Goods""]","[""Dedicated Customer Support"",""Consultation Services"",""Professional Advisory"",""After-Sales Support"",""Strategy Planning"",""Maintenance Services and Products Services""]",,2026-04-08 19:12:39,2026-04-08 19:12:39
54e12fd2-eaf9-4d7d-b86d-4ca188f058e9,19893165-8e50-43b9-9d33-16a486c987c6,"[""Health Food s Incl Organic Food Solutions"",""Signature Dishes"",""Premium Beverages"",""Quality Ingredients"",""Specialty Snacks"",""Custom Combos"",""Healthy Options"",""Desserts""]","[""Dine-in Experience"",""Takeaway"",""Home Delivery"",""Catering Services"",""Online Ordering"",""Quick Service"",""Health Food s Incl Organic Food Services""]",,2026-04-08 19:12:39,2026-04-08 19:12:39
1844b5db-4dc8-43c9-b8d5-1b7d5e772a47,c29160cb-64aa-4ea3-8154-3ec56586ae4b,"[""Web Design, Development,Hosting Related Solutions"",""Flagship Products"",""Industry Specific Tools"",""Branded Offerings"",""Specialized Kits"",""Premium Goods""]","[""Dedicated Customer Support"",""Consultation Services"",""Professional Advisory"",""After-Sales Support"",""Strategy Planning"",""Web Design, Development,Hosting Related Services""]",,2026-04-08 19:12:39,2026-04-08 19:12:39
954c1b60-b355-4e1d-af4d-3f134e1b9f1a,f825ada0-f526-4707-b48c-b1667d89d6df,"[""Preschool Solutions"",""Study Materials"",""Interactive Curriculum"",""Workbooks & Notes"",""E-Learning Modules"",""Assessment Tools"",""Certifications"",""Digital Content""]","[""Classroom Training"",""Online Classes"",""1-on-1 Mentorship"",""Doubt Clearing Sessions"",""Career Counseling"",""Skill Development"",""Seminars"",""Preschool Services""]",,2026-04-08 19:12:39,2026-04-08 19:12:39
e5edc499-32d3-4bf3-b72e-50c32db774b9,fc23f926-6846-47ec-b5aa-076a339f5bdc,"[""Web Design, Development,Hosting Related Solutions"",""Flagship Products"",""Industry Specific Tools"",""Branded Offerings"",""Specialized Kits"",""Premium Goods""]","[""Dedicated Customer Support"",""Consultation Services"",""Professional Advisory"",""After-Sales Support"",""Strategy Planning"",""Web Design, Development,Hosting Related Services""]",,2026-04-08 19:12:39,2026-04-08 19:12:39
107b04b7-07b3-410d-88f4-bd57f698e5a9,68b8afe5-7bc9-4ce4-bde3-8ba9b50f60a3,"[""IT Services Incl ITES Solutions"",""Flagship Products"",""Industry Specific Tools"",""Branded Offerings"",""Specialized Kits"",""Premium Goods""]","[""Dedicated Customer Support"",""Consultation Services"",""Professional Advisory"",""After-Sales Support"",""Strategy Planning"",""IT Services Incl ITES Services""]",,2026-04-08 19:12:39,2026-04-08 19:12:39
6eed8c1a-ea00-4c80-b2f4-085e2bddb466,aaa9c8ee-434d-4720-b1f1-136f181acb01,"[""Others Solutions"",""Study Materials"",""Interactive Curriculum"",""Workbooks & Notes"",""E-Learning Modules"",""Assessment Tools"",""Certifications"",""Digital Content""]","[""Classroom Training"",""Online Classes"",""1-on-1 Mentorship"",""Doubt Clearing Sessions"",""Career Counseling"",""Skill Development"",""Seminars"",""Others Services""]",,2026-04-08 19:12:39,2026-04-08 19:12:39
ffcad84a-895e-4b15-975a-9e937a023246,1752b46d-3ca0-49f5-bb87-2a20caec03d8,"[""Beauty Salons Solutions"",""Premium Cosmetics"",""Hair Care Products"",""Skincare Solutions"",""Grooming Kits"",""Spa Essentials""]","[""Hair Styling & Color"",""Spa Therapies"",""Facial Treatments"",""Bridal Makeup"",""Consultations"",""Nail Art"",""Beauty Salons Services""]",,2026-04-08 19:12:39,2026-04-08 19:12:39
c11c3f37-fa1c-4106-b882-9989760971ec,1ba006ac-3aa6-48e0-b881-b1fff1b3d38d,"[""Play School Solutions"",""Study Materials"",""Interactive Curriculum"",""Workbooks & Notes"",""E-Learning Modules"",""Assessment Tools"",""Certifications"",""Digital Content""]","[""Classroom Training"",""Online Classes"",""1-on-1 Mentorship"",""Doubt Clearing Sessions"",""Career Counseling"",""Skill Development"",""Seminars"",""Play School Services""]",,2026-04-08 19:12:39,2026-04-08 19:12:39
26d6a5a6-ed58-4bc4-8550-5e1df2c863b7,3e5098d9-89d9-4bf2-9ac8-9d202e9e0255,"[""Preschool Solutions"",""Study Materials"",""Interactive Curriculum"",""Workbooks & Notes"",""E-Learning Modules"",""Assessment Tools"",""Certifications"",""Digital Content""]","[""Classroom Training"",""Online Classes"",""1-on-1 Mentorship"",""Doubt Clearing Sessions"",""Career Counseling"",""Skill Development"",""Seminars"",""Preschool Services""]",,2026-04-08 19:12:39,2026-04-08 19:12:39
a4d8df46-9b2e-4832-b8fd-f8063fedc47d,fb8fc840-214b-4664-8153-fced838f804b,"[""Preschool Solutions"",""Study Materials"",""Interactive Curriculum"",""Workbooks & Notes"",""E-Learning Modules"",""Assessment Tools"",""Certifications"",""Digital Content""]","[""Classroom Training"",""Online Classes"",""1-on-1 Mentorship"",""Doubt Clearing Sessions"",""Career Counseling"",""Skill Development"",""Seminars"",""Preschool Services""]",,2026-04-08 19:12:39,2026-04-08 19:12:39
3e54fabf-4882-4e93-9961-a228d4679909,fd04f023-cff0-47a7-978b-8e75a9f7a2a2,"[""Play School Solutions"",""Study Materials"",""Interactive Curriculum"",""Workbooks & Notes"",""E-Learning Modules"",""Assessment Tools"",""Certifications"",""Digital Content""]","[""Classroom Training"",""Online Classes"",""1-on-1 Mentorship"",""Doubt Clearing Sessions"",""Career Counseling"",""Skill Development"",""Seminars"",""Play School Services""]",,2026-04-08 19:12:39,2026-04-08 19:12:39
befaaa36-c8a8-4af5-a5b9-a76b4ee66cf8,b5fae857-14b4-4aad-9d05-5b488428777e,"[""A constructive theme-based"",""Individual play"",""Physical play"",""Preschool Solutions"",""Study Materials"",""Interactive Curriculum"",""Workbooks & Notes"",""E-Learning Modules""]","[""Classroom Training"",""Online Classes"",""1-on-1 Mentorship"",""Doubt Clearing Sessions"",""Career Counseling"",""Skill Development"",""Seminars"",""Preschool Services""]",,2026-04-08 19:12:39,2026-04-08 19:12:39
28133347-4520-4ebb-b43f-ce9be042aa28,255ef205-498d-4770-a845-c9e06ff20186,"[""Computer Software, Hardware, Networking, IT Solutions"",""Study Materials"",""Interactive Curriculum"",""Workbooks & Notes"",""E-Learning Modules"",""Assessment Tools"",""Certifications"",""Digital Content""]","[""Classroom Training"",""Online Classes"",""1-on-1 Mentorship"",""Doubt Clearing Sessions"",""Career Counseling"",""Skill Development"",""Seminars"",""Computer Software, Hardware, Networking, IT Services""]",,2026-04-08 19:12:39,2026-04-08 19:12:39
246137df-2646-4397-9bcc-39d4bf1df0c2,a6f8b3fd-dfb8-4876-b135-d278efb6f1f3,"[""Rich experience"",""Others Solutions"",""Investment Portfolios"",""Insurance Policies"",""Loan Packages"",""Financial Planning Tools"",""Tax Software""]","[""Dedicated Customer Support"",""Consultation Services"",""Professional Advisory"",""After-Sales Support"",""Strategy Planning"",""Others Services""]",,2026-04-08 19:12:39,2026-04-08 19:12:39
f05a7a94-300a-471b-b066-e038cfe839b4,28352a48-a948-4a0e-bf2c-da3f6b4a0b55,"[""Others Solutions"",""Signature Dishes"",""Premium Beverages"",""Quality Ingredients"",""Specialty Snacks"",""Custom Combos"",""Healthy Options"",""Desserts""]","[""Dine-in Experience"",""Takeaway"",""Home Delivery"",""Catering Services"",""Online Ordering"",""Quick Service"",""Others Services""]",,2026-04-08 19:12:39,2026-04-08 19:12:39
7dbab138-9644-4032-b5b2-d0a17993142f,e07a504e-14ee-47b4-948e-a4eac52c262f,"[""Imported Products Solutions"",""Flagship Products"",""Industry Specific Tools"",""Branded Offerings"",""Specialized Kits"",""Premium Goods""]","[""Dedicated Customer Support"",""Consultation Services"",""Professional Advisory"",""After-Sales Support"",""Strategy Planning"",""Imported Products Services""]",,2026-04-08 19:12:39,2026-04-08 19:12:39
00b2ecb4-df95-4938-892f-5c9cf7ba4fd2,c4b3a8b2-5058-4cfb-925d-88ec95ffd834,"[""Study Materials"",""Interactive Curriculum"",""Workbooks & Notes"",""E-Learning Modules"",""Assessment Tools"",""Certifications"",""Digital Content""]","[""Classroom Training"",""Online Classes"",""1-on-1 Mentorship"",""Doubt Clearing Sessions"",""Career Counseling"",""Skill Development"",""Seminars""]",,2026-04-08 19:12:39,2026-04-08 19:12:39
3eb75733-ac54-41b9-afca-198f3b99ca68,7c806aa1-be04-475f-bdac-ce68d996a38f,"[""Juice Smoothies Solutions"",""Flagship Products"",""Industry Specific Tools"",""Branded Offerings"",""Specialized Kits"",""Premium Goods""]","[""Dedicated Customer Support"",""Consultation Services"",""Professional Advisory"",""After-Sales Support"",""Strategy Planning"",""Juice Smoothies Services""]",,2026-04-08 19:12:39,2026-04-08 19:12:39
16cb1af1-8809-4332-ad98-5d4a74db18e4,dc685106-c76a-43b2-8814-ddcad924d2a3,"[""Others Solutions"",""Signature Dishes"",""Premium Beverages"",""Quality Ingredients"",""Specialty Snacks"",""Custom Combos"",""Healthy Options"",""Desserts""]","[""Dine-in Experience"",""Takeaway"",""Home Delivery"",""Catering Services"",""Online Ordering"",""Quick Service"",""Others Services""]",,2026-04-08 19:12:39,2026-04-08 19:12:39
0cfa52c3-59c8-4649-9003-9d953befc5bf,c53b244b-bd5b-469a-aef8-82186efc5989,"[""Others Solutions"",""Signature Dishes"",""Premium Beverages"",""Quality Ingredients"",""Specialty Snacks"",""Custom Combos"",""Healthy Options"",""Desserts""]","[""Dine-in Experience"",""Takeaway"",""Home Delivery"",""Catering Services"",""Online Ordering"",""Quick Service"",""Others Services""]",,2026-04-08 19:12:39,2026-04-08 19:12:39
d0abdf58-230b-4484-9b56-cddef40aaafe,848a2b5b-4768-48c4-834b-36abf351f26f,"[""Bookstores s Solutions"",""Exclusive Merchandise"",""Branded Products"",""Seasonal Collections"",""Lifestyle Goods"",""Premium Accessories"",""Quality Inventory""]","[""In-store Shopping"",""Personalized Styling"",""Customer Assistance"",""Easy Returns & Exchange"",""Home Delivery"",""Bookstores s Services""]",,2026-04-08 19:12:39,2026-04-08 19:12:39
2077eb3d-7fa7-4c1b-8be5-e181c66777cf,eb7135a4-99e2-4475-ba88-ef1866ddd5d7,"[""Florists Solutions"",""Exclusive Merchandise"",""Branded Products"",""Seasonal Collections"",""Lifestyle Goods"",""Premium Accessories"",""Quality Inventory""]","[""In-store Shopping"",""Personalized Styling"",""Customer Assistance"",""Easy Returns & Exchange"",""Home Delivery"",""Florists Services""]",,2026-04-08 19:12:39,2026-04-08 19:12:39
68342a4c-b418-404c-8cd6-3709c52fec3f,c831b445-7049-447f-a707-e90c80aa8f0b,"[""Accessories Incl Frames,Watches,Belts,Purse Solutions"",""Exclusive Merchandise"",""Branded Products"",""Seasonal Collections"",""Lifestyle Goods"",""Premium Accessories"",""Quality Inventory""]","[""In-store Shopping"",""Personalized Styling"",""Customer Assistance"",""Easy Returns & Exchange"",""Home Delivery"",""Accessories Incl Frames,Watches,Belts,Purse Services""]",,2026-04-08 19:12:39,2026-04-08 19:12:39
70fe818c-0ae1-4113-a5cd-61e90e16b67e,3444da02-3477-4daf-a390-67d2d5620cf7,"[""Herbal,Organic,Wellness,Alternative Medicine Solutions"",""Health Supplements"",""Workout Gear"",""Diet & Nutrition Plans"",""Wellness Products"",""Fitness Equipment"",""Therapeutic Goods""]","[""Personal Training"",""Group Classes"",""Nutritional Counseling"",""Health Assessments"",""Membership Programs"",""Rehabilitation"",""Herbal,Organic,Wellness,Alternative Medicine Services""]",,2026-04-08 19:12:39,2026-04-08 19:12:39
7fb1063e-82ed-4e30-986e-cc2b83b4d7c7,5d4b78a4-9190-408b-9f89-3218c6ab1ef2,"[""A wide variety of kulfis"",""Ice Cream Solutions"",""Signature Dishes"",""Premium Beverages"",""Quality Ingredients"",""Specialty Snacks"",""Custom Combos"",""Healthy Options""]","[""Dine-in Experience"",""Takeaway"",""Home Delivery"",""Catering Services"",""Online Ordering"",""Quick Service"",""Ice Cream Services""]",,2026-04-08 19:12:39,2026-04-08 19:12:39
b73841a3-f4e5-4e37-99fe-f8a75a6ff320,df15ab03-7a49-4c40-afe0-8daf44d15a62,"[""Coffee and Tea Cafe Solutions"",""Flagship Products"",""Industry Specific Tools"",""Branded Offerings"",""Specialized Kits"",""Premium Goods""]","[""Dedicated Customer Support"",""Consultation Services"",""Professional Advisory"",""After-Sales Support"",""Strategy Planning"",""Coffee and Tea Cafe Services""]",,2026-04-08 19:12:39,2026-04-08 19:12:39
1a127afc-f300-4d88-8db6-b4f7f5e8752b,1b0e5fbe-4640-4a9d-879c-72cc1c9aa4a0,"[""Daily Essentials"",""Fruits"",""Vegetables"",""IT Services Incl ITES Solutions"",""Flagship Products"",""Industry Specific Tools"",""Branded Offerings"",""Specialized Kits""]","[""Dedicated Customer Support"",""Consultation Services"",""Professional Advisory"",""After-Sales Support"",""Strategy Planning"",""IT Services Incl ITES Services""]",,2026-04-08 19:12:39,2026-04-08 19:12:39
1b80a04c-f802-42d2-b95d-bf5568e0a91c,d8532fc5-48d7-4fb5-ba8f-5d53cfa0d3ae,"[""Sports Equipment, Apparel, Accessories Stores Solutions"",""Flagship Products"",""Industry Specific Tools"",""Branded Offerings"",""Specialized Kits"",""Premium Goods""]","[""Dedicated Customer Support"",""Consultation Services"",""Professional Advisory"",""After-Sales Support"",""Strategy Planning"",""Sports Equipment, Apparel, Accessories Stores Services""]",,2026-04-08 19:12:39,2026-04-08 19:12:39
ad11cd87-ea36-434b-896c-63fcd3b6afd3,1680b497-dd60-440e-a8c8-a7e4ab68545c,"[""Not Provided Solutions"",""Flagship Products"",""Industry Specific Tools"",""Branded Offerings"",""Specialized Kits"",""Premium Goods""]","[""Dedicated Customer Support"",""Consultation Services"",""Professional Advisory"",""After-Sales Support"",""Strategy Planning"",""Not Provided Services""]",,2026-04-08 19:12:39,2026-04-08 19:12:39
7bca84dc-8a42-4fb8-9de1-7ce43a18b83b,9cffba2f-44b8-4b28-8571-47172ea9a198,"[""Flagship Products"",""Industry Specific Tools"",""Branded Offerings"",""Specialized Kits"",""Premium Goods""]","[""Dedicated Customer Support"",""Consultation Services"",""Professional Advisory"",""After-Sales Support"",""Strategy Planning""]",,2026-04-08 19:12:39,2026-04-08 19:12:39
510162c9-87c0-4c77-ae08-40a925cf25b4,1304086e-f88f-40be-8d2b-4ae7b103d67e,"[""Others Solutions"",""Signature Dishes"",""Premium Beverages"",""Quality Ingredients"",""Specialty Snacks"",""Custom Combos"",""Healthy Options"",""Desserts""]","[""Dine-in Experience"",""Takeaway"",""Home Delivery"",""Catering Services"",""Online Ordering"",""Quick Service"",""Others Services""]",,2026-04-08 19:12:39,2026-04-08 19:12:39
830c606e-3b41-4eff-bfbd-29f93b99ffa9,00a15d04-543c-474e-8a72-2478aa8da279,"[""Not Provided Solutions"",""Flagship Products"",""Industry Specific Tools"",""Branded Offerings"",""Specialized Kits"",""Premium Goods""]","[""Dedicated Customer Support"",""Consultation Services"",""Professional Advisory"",""After-Sales Support"",""Strategy Planning"",""Not Provided Services""]",,2026-04-08 19:12:39,2026-04-08 19:12:39
aa7dd7ff-d836-40ff-ac42-dacbc7f5a7e5,1a625c4b-3c69-4474-bf5a-157916c79b29,"[""Study Materials"",""Interactive Curriculum"",""Workbooks & Notes"",""E-Learning Modules"",""Assessment Tools"",""Certifications"",""Digital Content""]","[""Classroom Training"",""Online Classes"",""1-on-1 Mentorship"",""Doubt Clearing Sessions"",""Career Counseling"",""Skill Development"",""Seminars""]",,2026-04-08 19:12:39,2026-04-08 19:12:39
7fa691ee-dbd9-4f71-ab76-295d0f2cd76d,49f6affd-baf6-4627-af9b-8013880bdc42,"[""A wide range of products"",""Including clothing"",""Accessories"",""Baby gear"",""Maternity products"",""Childrens Products s Solutions"",""Exclusive Merchandise"",""Branded Products""]","[""In-store Shopping"",""Personalized Styling"",""Customer Assistance"",""Easy Returns & Exchange"",""Home Delivery"",""Childrens Products s Services""]",,2026-04-08 19:12:39,2026-04-08 19:12:39
0087cff3-ce93-4a80-bd97-ab065abf7c84,859fa1e2-246c-4479-9743-68db1ae44794,"[""Extensions"",""Wigs"",""Others Solutions"",""Premium Cosmetics"",""Hair Care Products"",""Skincare Solutions"",""Grooming Kits"",""Spa Essentials""]","[""Hair Styling & Color"",""Spa Therapies"",""Facial Treatments"",""Bridal Makeup"",""Consultations"",""Nail Art"",""Others Services""]",,2026-04-08 19:12:39,2026-04-08 19:12:39
73f6d991-3f84-42ce-8697-1431b97e3f00,52b1540b-d098-4eac-9191-54e03dbf6d7d,"[""Tie, Scarves and Other Accessories Solutions"",""Exclusive Merchandise"",""Branded Products"",""Seasonal Collections"",""Lifestyle Goods"",""Premium Accessories"",""Quality Inventory""]","[""Dedicated Customer Support"",""Consultation Services"",""Professional Advisory"",""After-Sales Support"",""Strategy Planning"",""Tie, Scarves and Other Accessories Services""]",,2026-04-08 19:12:39,2026-04-08 19:12:39
823b08a9-2915-4429-a035-cfb45599707d,57c7c802-b87f-4d3b-9970-7aced5e4b9ef,"[""Event Management & Party Related Solutions"",""Flagship Products"",""Industry Specific Tools"",""Branded Offerings"",""Specialized Kits"",""Premium Goods""]","[""Dedicated Customer Support"",""Consultation Services"",""Professional Advisory"",""After-Sales Support"",""Strategy Planning"",""Event Management & Party Related Services""]",,2026-04-08 19:12:39,2026-04-08 19:12:39
57066ff4-dced-43fc-9613-e0d2ab996210,55535d31-096c-43f2-b6a1-cb814b62af2d,"[""Computer Software, Hardware, Networking, IT Solutions"",""Study Materials"",""Interactive Curriculum"",""Workbooks & Notes"",""E-Learning Modules"",""Assessment Tools"",""Certifications"",""Digital Content""]","[""Classroom Training"",""Online Classes"",""1-on-1 Mentorship"",""Doubt Clearing Sessions"",""Career Counseling"",""Skill Development"",""Seminars"",""Computer Software, Hardware, Networking, IT Services""]",,2026-04-08 19:12:39,2026-04-08 19:12:39
29af310b-0244-49e5-b80f-f5560a9f45d3,2c69320a-a686-4fcf-a618-9fd595f0cac8,"[""Study Materials"",""Interactive Curriculum"",""Workbooks & Notes"",""E-Learning Modules"",""Assessment Tools"",""Certifications"",""Digital Content""]","[""Classroom Training"",""Online Classes"",""1-on-1 Mentorship"",""Doubt Clearing Sessions"",""Career Counseling"",""Skill Development"",""Seminars""]",,2026-04-08 19:12:39,2026-04-08 19:12:39
1741245d-b4f9-416d-ab32-9ac70b6c2cef,4d31d3ff-3ed8-4910-897a-dd602ad8ccbe,"[""IIT preparation"",""SSC preparation"",""Foreign Language Courses etc"",""Study Materials"",""Interactive Curriculum"",""Workbooks & Notes"",""E-Learning Modules"",""Assessment Tools""]","[""Classroom Training"",""Online Classes"",""1-on-1 Mentorship"",""Doubt Clearing Sessions"",""Career Counseling"",""Skill Development"",""Seminars""]",,2026-04-08 19:12:39,2026-04-08 19:12:39
822110d4-d3f8-4ace-bbd9-5a00ad002412,1dd34dc1-1e74-4a4a-919d-28b297809af9,"[""Rolls & Wraps Solutions"",""Signature Dishes"",""Premium Beverages"",""Quality Ingredients"",""Specialty Snacks"",""Custom Combos"",""Healthy Options"",""Desserts""]","[""Dine-in Experience"",""Takeaway"",""Home Delivery"",""Catering Services"",""Online Ordering"",""Quick Service"",""Rolls & Wraps Services""]",,2026-04-08 19:12:39,2026-04-08 19:12:39
3a2141b5-dad8-40c6-9373-4301027fabea,c5795cb5-b992-4247-a0e9-445a2bdcf8d5,"[""Art, Fashion, Imitation Jewellery Solutions"",""Flagship Products"",""Industry Specific Tools"",""Branded Offerings"",""Specialized Kits"",""Premium Goods""]","[""Dedicated Customer Support"",""Consultation Services"",""Professional Advisory"",""After-Sales Support"",""Strategy Planning"",""Art, Fashion, Imitation Jewellery Services""]",,2026-04-08 19:12:39,2026-04-08 19:12:39
e1f5d3e5-d96e-4e1a-8ee8-c12dbbfc749e,95c5e851-bc50-4fdb-973c-b51313621c15,"[""Coffee and Tea Cafe Solutions"",""Flagship Products"",""Industry Specific Tools"",""Branded Offerings"",""Specialized Kits"",""Premium Goods""]","[""Dedicated Customer Support"",""Consultation Services"",""Professional Advisory"",""After-Sales Support"",""Strategy Planning"",""Coffee and Tea Cafe Services""]",,2026-04-08 19:12:39,2026-04-08 19:12:39
8756bbe4-e8b0-4565-b4af-32ef8e16b1fe,f6a17497-2dc2-4617-975f-9d1bd157c51d,"[""High quality"",""Great taste"",""Affordable food"",""Coffee and Tea Cafe Solutions"",""Flagship Products"",""Industry Specific Tools"",""Branded Offerings"",""Specialized Kits""]","[""Dedicated Customer Support"",""Consultation Services"",""Professional Advisory"",""After-Sales Support"",""Strategy Planning"",""Coffee and Tea Cafe Services""]",,2026-04-08 19:12:39,2026-04-08 19:12:39
0f830157-664d-4e72-8fca-ca05c029d095,c1ff38f5-1ed5-48ad-95a1-fd45936c7a72,"[""Quick Services Restaurant Solutions"",""Signature Dishes"",""Premium Beverages"",""Quality Ingredients"",""Specialty Snacks"",""Custom Combos"",""Healthy Options"",""Desserts""]","[""Dine-in Experience"",""Takeaway"",""Home Delivery"",""Catering Services"",""Online Ordering"",""Quick Service"",""Quick Services Restaurant Services""]",,2026-04-08 19:12:39,2026-04-08 19:12:39
a81361c6-03f2-4ce4-8163-f3ec2e64329c,875c1907-adbe-41ba-80d9-61c69ac37baf,"[""Spa, Massage Solutions"",""Premium Cosmetics"",""Hair Care Products"",""Skincare Solutions"",""Grooming Kits"",""Spa Essentials""]","[""Hair Styling & Color"",""Spa Therapies"",""Facial Treatments"",""Bridal Makeup"",""Consultations"",""Nail Art"",""Spa, Massage Services""]",,2026-04-08 19:12:39,2026-04-08 19:12:39
3aa7ad33-c697-4491-9e08-35d9d3935b01,fa6f791e-f7fe-458e-a88e-e6338b8672f9,"[""Biryani Solutions"",""Signature Dishes"",""Premium Beverages"",""Quality Ingredients"",""Specialty Snacks"",""Custom Combos"",""Healthy Options"",""Desserts""]","[""Dine-in Experience"",""Takeaway"",""Home Delivery"",""Catering Services"",""Online Ordering"",""Quick Service"",""Biryani Services""]",,2026-04-08 19:12:39,2026-04-08 19:12:39
63843b27-7518-48f5-b534-ebcfb1f1368a,5a1dc645-113a-4aab-8c40-b070d3532492,"[""Signature Dishes"",""Premium Beverages"",""Quality Ingredients"",""Specialty Snacks"",""Custom Combos"",""Healthy Options"",""Desserts""]","[""Dine-in Experience"",""Takeaway"",""Home Delivery"",""Catering Services"",""Online Ordering"",""Quick Service""]",,2026-04-08 19:12:39,2026-04-08 19:12:39
6c99ad93-7905-43da-9879-35bb69c18a6a,92a960b4-c10c-430b-b446-8ce4a261a6cb,"[""Expert services"",""Moving and Storage Solutions"",""Flagship Products"",""Industry Specific Tools"",""Branded Offerings"",""Specialized Kits"",""Premium Goods""]","[""Dedicated Customer Support"",""Consultation Services"",""Professional Advisory"",""After-Sales Support"",""Strategy Planning"",""Moving and Storage Services""]",,2026-04-08 19:12:39,2026-04-08 19:12:39
780961fd-20c1-49eb-b278-835ef07c7d49,4812b1a7-e708-4ec5-9bfe-8ce84e76b4ea,"[""Such a service in India"",""Maintenance Services and Products Solutions"",""Flagship Products"",""Industry Specific Tools"",""Branded Offerings"",""Specialized Kits"",""Premium Goods""]","[""Dedicated Customer Support"",""Consultation Services"",""Professional Advisory"",""After-Sales Support"",""Strategy Planning"",""Maintenance Services and Products Services""]",,2026-04-08 19:12:39,2026-04-08 19:12:39
61878ca0-a1d1-44ba-9d30-e9593839d406,3db26850-4072-4200-a4d1-5fd4631fd866,"[""Not Provided Solutions"",""Flagship Products"",""Industry Specific Tools"",""Branded Offerings"",""Specialized Kits"",""Premium Goods""]","[""Dedicated Customer Support"",""Consultation Services"",""Professional Advisory"",""After-Sales Support"",""Strategy Planning"",""Not Provided Services""]",,2026-04-08 19:12:39,2026-04-08 19:12:39
3c8690ec-f9ea-491f-b05a-6e8ee5c4f250,c91b243a-7012-4992-9d73-7b002c10a173,"[""Not Provided Solutions"",""Flagship Products"",""Industry Specific Tools"",""Branded Offerings"",""Specialized Kits"",""Premium Goods""]","[""Dedicated Customer Support"",""Consultation Services"",""Professional Advisory"",""After-Sales Support"",""Strategy Planning"",""Not Provided Services""]",,2026-04-08 19:12:39,2026-04-08 19:12:39
dbaf834f-44a2-4d94-9c06-94b743fcc36e,b4087a16-bfa3-402e-b931-2307e55fd95f,"[""Not Provided Solutions"",""Flagship Products"",""Industry Specific Tools"",""Branded Offerings"",""Specialized Kits"",""Premium Goods""]","[""Dedicated Customer Support"",""Consultation Services"",""Professional Advisory"",""After-Sales Support"",""Strategy Planning"",""Not Provided Services""]",,2026-04-08 19:12:39,2026-04-08 19:12:39
f2eeb067-1914-46d2-bbe7-1ffc7dfcd2f4,f102f818-0f5b-4d15-b691-2cd73a366e02,"[""Women Wear Solutions"",""Exclusive Merchandise"",""Branded Products"",""Seasonal Collections"",""Lifestyle Goods"",""Premium Accessories"",""Quality Inventory""]","[""Dedicated Customer Support"",""Consultation Services"",""Professional Advisory"",""After-Sales Support"",""Strategy Planning"",""Women Wear Services""]",,2026-04-08 19:12:39,2026-04-08 19:12:39
b87d1497-5076-45f9-94e5-dc2c4aa73ae7,85f946bc-7810-42eb-bd6a-435977a86c95,"[""Others Solutions"",""Flagship Products"",""Industry Specific Tools"",""Branded Offerings"",""Specialized Kits"",""Premium Goods""]","[""Dedicated Customer Support"",""Consultation Services"",""Professional Advisory"",""After-Sales Support"",""Strategy Planning"",""Others Services""]",,2026-04-08 19:12:39,2026-04-08 19:12:39
ff9bfdad-ed1f-4a48-9327-7df7e7c5517b,881ee067-a0fd-412a-b276-1bd24b7775c5,"[""Mens Wear Solutions"",""Exclusive Merchandise"",""Branded Products"",""Seasonal Collections"",""Lifestyle Goods"",""Premium Accessories"",""Quality Inventory""]","[""Dedicated Customer Support"",""Consultation Services"",""Professional Advisory"",""After-Sales Support"",""Strategy Planning"",""Mens Wear Services""]",,2026-04-08 19:12:39,2026-04-08 19:12:39
5da32eb9-28c0-4b4e-9929-29f65c4d64a5,059b071e-862b-496c-9bb2-abaeac1e88d0,"[""Distributorships Solutions"",""Flagship Products"",""Industry Specific Tools"",""Branded Offerings"",""Specialized Kits"",""Premium Goods""]","[""Dedicated Customer Support"",""Consultation Services"",""Professional Advisory"",""After-Sales Support"",""Strategy Planning"",""Distributorships Services""]",,2026-04-08 19:12:39,2026-04-08 19:12:39
1285340b-9d5c-4031-8f4f-991c94d50b8b,5c68f7ba-3aeb-42df-ada2-7cdeefffacd3,"[""Flagship Products"",""Industry Specific Tools"",""Branded Offerings"",""Specialized Kits"",""Premium Goods""]","[""Dedicated Customer Support"",""Consultation Services"",""Professional Advisory"",""After-Sales Support"",""Strategy Planning""]",,2026-04-08 19:12:39,2026-04-08 19:12:39
e534e2c8-60ee-4fdc-99ca-5ff28fdd2ed9,911443a9-303e-4426-90b6-7da80d9af9bc,"[""Others Solutions"",""Exclusive Merchandise"",""Branded Products"",""Seasonal Collections"",""Lifestyle Goods"",""Premium Accessories"",""Quality Inventory""]","[""In-store Shopping"",""Personalized Styling"",""Customer Assistance"",""Easy Returns & Exchange"",""Home Delivery"",""Others Services""]",,2026-04-08 19:12:39,2026-04-08 19:12:39
35d38247-77d5-4f5f-9297-6805f1bcf3df,b1b7e99b-4665-45c7-abf5-c0c69214ebcc,"[""Mens Wear Solutions"",""Exclusive Merchandise"",""Branded Products"",""Seasonal Collections"",""Lifestyle Goods"",""Premium Accessories"",""Quality Inventory""]","[""Dedicated Customer Support"",""Consultation Services"",""Professional Advisory"",""After-Sales Support"",""Strategy Planning"",""Mens Wear Services""]",,2026-04-08 19:12:39,2026-04-08 19:12:39
30491de9-2fb9-4c29-a582-a2d4db7401c5,b32e0c70-fda7-4571-9e43-fca169e84bbe,"[""Web Design, Development,Hosting Related Solutions"",""Flagship Products"",""Industry Specific Tools"",""Branded Offerings"",""Specialized Kits"",""Premium Goods""]","[""Dedicated Customer Support"",""Consultation Services"",""Professional Advisory"",""After-Sales Support"",""Strategy Planning"",""Web Design, Development,Hosting Related Services""]",,2026-04-08 19:12:39,2026-04-08 19:12:39
4a62c7b5-ff6f-4846-b777-76b8ba419530,161754d0-4251-4efd-a7e2-0d0e96c4fd36,"[""Consulting Services Solutions"",""Flagship Products"",""Industry Specific Tools"",""Branded Offerings"",""Specialized Kits"",""Premium Goods""]","[""Dedicated Customer Support"",""Consultation Services"",""Professional Advisory"",""After-Sales Support"",""Strategy Planning"",""Consulting Services Services""]",,2026-04-08 19:12:39,2026-04-08 19:12:39
e2f0aaf3-4ee8-4db6-978e-3c08b7aadf7b,26368137-e4b6-44b1-8524-864985dd1c00,"[""Computer Software, Hardware, Networking, IT Solutions"",""Study Materials"",""Interactive Curriculum"",""Workbooks & Notes"",""E-Learning Modules"",""Assessment Tools"",""Certifications"",""Digital Content""]","[""Classroom Training"",""Online Classes"",""1-on-1 Mentorship"",""Doubt Clearing Sessions"",""Career Counseling"",""Skill Development"",""Seminars"",""Computer Software, Hardware, Networking, IT Services""]",,2026-04-08 19:12:39,2026-04-08 19:12:39
24f0d4c5-9430-47cc-975f-3072653a1a84,111c85e3-9df3-4a04-b3c8-40cc4c8f2eb1,"[""Supply Chain Management Solutions"",""Flagship Products"",""Industry Specific Tools"",""Branded Offerings"",""Specialized Kits"",""Premium Goods""]","[""Dedicated Customer Support"",""Consultation Services"",""Professional Advisory"",""After-Sales Support"",""Strategy Planning"",""Supply Chain Management Services""]",,2026-04-08 19:12:39,2026-04-08 19:12:39
06b944f9-f2b1-4a1e-a4b5-ce22931d2e89,fe36ef4f-7ee8-46aa-b89c-b3c9b7f3982a,"[""Preschool Solutions"",""Study Materials"",""Interactive Curriculum"",""Workbooks & Notes"",""E-Learning Modules"",""Assessment Tools"",""Certifications"",""Digital Content""]","[""Classroom Training"",""Online Classes"",""1-on-1 Mentorship"",""Doubt Clearing Sessions"",""Career Counseling"",""Skill Development"",""Seminars"",""Preschool Services""]",,2026-04-08 19:12:39,2026-04-08 19:12:39
6813ae34-24c9-472f-98c1-8623d8913a51,c363e89c-5600-4d18-a69e-82def6231b38,"[""Chapati"",""Naan"",""Garlic naan"",""Puran puri"",""Punjabi gravy"",""Etc"",""Others Solutions"",""Signature Dishes""]","[""Dine-in Experience"",""Takeaway"",""Home Delivery"",""Catering Services"",""Online Ordering"",""Quick Service"",""Others Services""]",,2026-04-08 19:12:39,2026-04-08 19:12:39
7d38969b-f304-40b1-bbac-f1c14e00e354,b65ce8ee-0aed-4adf-928c-f051096986f6,"[""Internet Digital Marketing Solutions"",""Flagship Products"",""Industry Specific Tools"",""Branded Offerings"",""Specialized Kits"",""Premium Goods""]","[""Dedicated Customer Support"",""Consultation Services"",""Professional Advisory"",""After-Sales Support"",""Strategy Planning"",""Internet Digital Marketing Services""]",,2026-04-08 19:12:39,2026-04-08 19:12:39
c15f5ccf-96aa-424b-a7e5-a87bf973a11a,6d3c1888-06af-42cb-8f6d-bd51a2fc9ac8,"[""Flagship Products"",""Industry Specific Tools"",""Branded Offerings"",""Specialized Kits"",""Premium Goods""]","[""Dedicated Customer Support"",""Consultation Services"",""Professional Advisory"",""After-Sales Support"",""Strategy Planning""]",,2026-04-08 19:12:39,2026-04-08 19:12:39
f231c4e4-dc06-45ee-8845-726d1b41795d,d8e8dfe7-f2c1-4f15-adb7-ff48ea44f3d0,"[""Rolls & Wraps Solutions"",""Signature Dishes"",""Premium Beverages"",""Quality Ingredients"",""Specialty Snacks"",""Custom Combos"",""Healthy Options"",""Desserts""]","[""Dine-in Experience"",""Takeaway"",""Home Delivery"",""Catering Services"",""Online Ordering"",""Quick Service"",""Rolls & Wraps Services""]",,2026-04-08 19:12:39,2026-04-08 19:12:39
432490f7-1925-430f-8960-069f6d394e62,6347c074-8a81-419e-bb5a-16b6d0496823,"[""Rolls & Wraps Solutions"",""Signature Dishes"",""Premium Beverages"",""Quality Ingredients"",""Specialty Snacks"",""Custom Combos"",""Healthy Options"",""Desserts""]","[""Dine-in Experience"",""Takeaway"",""Home Delivery"",""Catering Services"",""Online Ordering"",""Quick Service"",""Rolls & Wraps Services""]",,2026-04-08 19:12:39,2026-04-08 19:12:39
92388913-d66b-4e46-9805-64050012cff4,fbea76eb-7d0e-47de-9fa0-882b849fa833,"[""Various crispy"",""Masala chicken roll"",""Veg delight roll"",""Crispy aloo roll"",""Rolls & Wraps Solutions"",""Signature Dishes"",""Premium Beverages"",""Quality Ingredients""]","[""Dine-in Experience"",""Takeaway"",""Home Delivery"",""Catering Services"",""Online Ordering"",""Quick Service"",""Rolls & Wraps Services""]",,2026-04-08 19:12:39,2026-04-08 19:12:39
3523ce28-548c-4e1b-8f67-55f048f994e8,6bb127d0-0d68-405e-8ab2-a54c46d8cd41,"[""Home Appliances, Interiors & Furnishing Solutions"",""Exclusive Merchandise"",""Branded Products"",""Seasonal Collections"",""Lifestyle Goods"",""Premium Accessories"",""Quality Inventory""]","[""In-store Shopping"",""Personalized Styling"",""Customer Assistance"",""Easy Returns & Exchange"",""Home Delivery"",""Home Appliances, Interiors & Furnishing Services""]",,2026-04-08 19:12:39,2026-04-08 19:12:39
747d7de8-c919-40d0-9960-3ffad1568cd1,070b7c45-7cfb-4705-829f-d651a25a9478,"[""C&F Agents Solutions"",""Flagship Products"",""Industry Specific Tools"",""Branded Offerings"",""Specialized Kits"",""Premium Goods""]","[""Dedicated Customer Support"",""Consultation Services"",""Professional Advisory"",""After-Sales Support"",""Strategy Planning"",""C&F Agents Services""]",,2026-04-08 19:12:39,2026-04-08 19:12:39
decf8df0-6f82-49df-85ab-20d189a84c2a,00aa0a73-c430-43d5-8d30-c60a92d498e1,"[""Wealth Management Solutions"",""Investment Portfolios"",""Insurance Policies"",""Loan Packages"",""Financial Planning Tools"",""Tax Software""]","[""Dedicated Customer Support"",""Consultation Services"",""Professional Advisory"",""After-Sales Support"",""Strategy Planning"",""Wealth Management Services""]",,2026-04-08 19:12:39,2026-04-08 19:12:39
40278932-3acf-4746-be46-9b628643121b,19358bc3-94dd-4584-8f93-6c784b5c4c56,"[""100% Vegetarian  Incl Vegan Solutions"",""Signature Dishes"",""Premium Beverages"",""Quality Ingredients"",""Specialty Snacks"",""Custom Combos"",""Healthy Options"",""Desserts""]","[""Dine-in Experience"",""Takeaway"",""Home Delivery"",""Catering Services"",""Online Ordering"",""Quick Service"",""100% Vegetarian  Incl Vegan Services""]",,2026-04-08 19:12:39,2026-04-08 19:12:39
e8ecd6d4-e148-41bf-92ea-633ecb02335d,8ebbce63-0dcd-41ff-ab3a-1860f4fe2eed,"[""Women Wear Solutions"",""Exclusive Merchandise"",""Branded Products"",""Seasonal Collections"",""Lifestyle Goods"",""Premium Accessories"",""Quality Inventory""]","[""Dedicated Customer Support"",""Consultation Services"",""Professional Advisory"",""After-Sales Support"",""Strategy Planning"",""Women Wear Services""]",,2026-04-08 19:12:39,2026-04-08 19:12:39
308f471c-c745-4b52-b786-3e2de4faa225,6a3cdf00-6328-4046-acf8-abc0e2062e85,"[""Accounts and Tax Related Solutions"",""Study Materials"",""Interactive Curriculum"",""Workbooks & Notes"",""E-Learning Modules"",""Assessment Tools"",""Certifications"",""Digital Content""]","[""Classroom Training"",""Online Classes"",""1-on-1 Mentorship"",""Doubt Clearing Sessions"",""Career Counseling"",""Skill Development"",""Seminars"",""Accounts and Tax Related Services""]",,2026-04-08 19:12:39,2026-04-08 19:12:39
3b070afe-efe2-4b06-af22-2ab1d3e1037c,01a222de-3b83-404c-ab30-3fbc4ef2637f,"[""Financing,Loans,Funding ,Advisors,Brokers Solutions"",""Investment Portfolios"",""Insurance Policies"",""Loan Packages"",""Financial Planning Tools"",""Tax Software""]","[""Dedicated Customer Support"",""Consultation Services"",""Professional Advisory"",""After-Sales Support"",""Strategy Planning"",""Financing,Loans,Funding ,Advisors,Brokers Services""]",,2026-04-08 19:12:39,2026-04-08 19:12:39
0c6d82c6-6876-420f-9205-ceddbc48fa94,12d498a2-dde7-47ee-9fd6-4bc3a7111e6a,"[""Distributorships Solutions"",""Flagship Products"",""Industry Specific Tools"",""Branded Offerings"",""Specialized Kits"",""Premium Goods""]","[""Dedicated Customer Support"",""Consultation Services"",""Professional Advisory"",""After-Sales Support"",""Strategy Planning"",""Distributorships Services""]",,2026-04-08 19:12:39,2026-04-08 19:12:39
f1b21a2c-db38-40ee-9818-953e0b62c2ec,4e2f05d2-f864-4d3e-812d-01e497ad3e2e,"[""Laundry and Dry Cleaning Solutions"",""Flagship Products"",""Industry Specific Tools"",""Branded Offerings"",""Specialized Kits"",""Premium Goods""]","[""Dedicated Customer Support"",""Consultation Services"",""Professional Advisory"",""After-Sales Support"",""Strategy Planning"",""Laundry and Dry Cleaning Services""]",,2026-04-08 19:12:39,2026-04-08 19:12:39
880006bd-cf75-4eee-bc29-5611d0668651,e74c2162-331d-48e7-94fd-f6a03d1aeb06,"[""Distributorships Solutions"",""Flagship Products"",""Industry Specific Tools"",""Branded Offerings"",""Specialized Kits"",""Premium Goods""]","[""Dedicated Customer Support"",""Consultation Services"",""Professional Advisory"",""After-Sales Support"",""Strategy Planning"",""Distributorships Services""]",,2026-04-08 19:12:39,2026-04-08 19:12:39
1e21173f-ceb7-4e48-8080-20163492d40b,9c9938f8-ab98-4336-b8ba-777daefaa633,"[""Others Solutions"",""Flagship Products"",""Industry Specific Tools"",""Branded Offerings"",""Specialized Kits"",""Premium Goods""]","[""Dedicated Customer Support"",""Consultation Services"",""Professional Advisory"",""After-Sales Support"",""Strategy Planning"",""Others Services""]",,2026-04-08 19:12:39,2026-04-08 19:12:39
2ece727f-0db7-4e5c-9ad6-55e0790fa09f,526bd50d-16fe-4817-925c-251876212a9f,"[""Ayurveda massage"",""Panchakarma training Course"",""Help in preparing packages"",""Marketing plans"",""Also brochures etc"",""Ayurveda s Solutions"",""Health Supplements"",""Workout Gear""]","[""Personal Training"",""Group Classes"",""Nutritional Counseling"",""Health Assessments"",""Membership Programs"",""Rehabilitation"",""Ayurveda s Services""]",,2026-04-08 19:12:39,2026-04-08 19:12:39
aadb8d05-81fa-49db-8622-10bfd5f6f33d,2c8058b9-32dc-4f1e-8e72-8633ebef914e,"[""Home Appliances, Interiors & Furnishing Solutions"",""Exclusive Merchandise"",""Branded Products"",""Seasonal Collections"",""Lifestyle Goods"",""Premium Accessories"",""Quality Inventory""]","[""In-store Shopping"",""Personalized Styling"",""Customer Assistance"",""Easy Returns & Exchange"",""Home Delivery"",""Home Appliances, Interiors & Furnishing Services""]",,2026-04-08 19:12:39,2026-04-08 19:12:39
e7a9e531-6c49-4a84-9bd9-2176e634e2a5,b7fb16e0-8977-418d-a701-58fa584ea9e8,"[""Fine Dining Restaurant Solutions"",""Signature Dishes"",""Premium Beverages"",""Quality Ingredients"",""Specialty Snacks"",""Custom Combos"",""Healthy Options"",""Desserts""]","[""Dine-in Experience"",""Takeaway"",""Home Delivery"",""Catering Services"",""Online Ordering"",""Quick Service"",""Fine Dining Restaurant Services""]",,2026-04-08 19:12:39,2026-04-08 19:12:39
9e8d1684-374d-4cee-9d49-140c46a13a0f,d483ea25-8806-48e7-ac60-4d43a5b51da3,"[""Health Care Products Solutions"",""Health Supplements"",""Workout Gear"",""Diet & Nutrition Plans"",""Wellness Products"",""Fitness Equipment"",""Therapeutic Goods""]","[""Personal Training"",""Group Classes"",""Nutritional Counseling"",""Health Assessments"",""Membership Programs"",""Rehabilitation"",""Health Care Products Services""]",,2026-04-08 19:12:39,2026-04-08 19:12:39
71ec8b8d-d241-4f59-bee3-1b842251d594,c602bd98-b2e8-488c-aa0f-2d003ddfdb11,"[""Effective Ayurveda curative"",""Ayurveda s Solutions"",""Health Supplements"",""Workout Gear"",""Diet & Nutrition Plans"",""Wellness Products"",""Fitness Equipment"",""Therapeutic Goods""]","[""Personal Training"",""Group Classes"",""Nutritional Counseling"",""Health Assessments"",""Membership Programs"",""Rehabilitation"",""Ayurveda s Services""]",,2026-04-08 19:12:39,2026-04-08 19:12:39
4031f031-30ae-4e05-8697-c97f9e30e77c,16278a3d-2de2-42d0-a714-3807ed1f4271,"[""Others Solutions"",""Signature Dishes"",""Premium Beverages"",""Quality Ingredients"",""Specialty Snacks"",""Custom Combos"",""Healthy Options"",""Desserts""]","[""Dine-in Experience"",""Takeaway"",""Home Delivery"",""Catering Services"",""Online Ordering"",""Quick Service"",""Others Services""]",,2026-04-08 19:12:39,2026-04-08 19:12:39
af354b2b-159a-4053-8bcc-c0e113e92468,c358ce63-c231-4fb1-8e0c-65feab4fee8b,"[""Hair Clinics Solutions"",""Health Supplements"",""Workout Gear"",""Diet & Nutrition Plans"",""Wellness Products"",""Fitness Equipment"",""Therapeutic Goods""]","[""Personal Training"",""Group Classes"",""Nutritional Counseling"",""Health Assessments"",""Membership Programs"",""Rehabilitation"",""Hair Clinics Services""]",,2026-04-08 19:12:39,2026-04-08 19:12:39
4a904b09-c5bb-4cd8-aab3-e0f25bd2ef0e,cd4f03b3-6be4-4905-a706-2c990cb28b15,"[""Distance Learning Solutions"",""Study Materials"",""Interactive Curriculum"",""Workbooks & Notes"",""E-Learning Modules"",""Assessment Tools"",""Certifications"",""Digital Content""]","[""Classroom Training"",""Online Classes"",""1-on-1 Mentorship"",""Doubt Clearing Sessions"",""Career Counseling"",""Skill Development"",""Seminars"",""Distance Learning Services""]",,2026-04-08 19:12:39,2026-04-08 19:12:39
6dc5295a-c3cf-4690-b020-c19753a460f8,017dc866-be63-4b08-bf88-13599fcb9a45,"[""Paint and Painting Solutions"",""Flagship Products"",""Industry Specific Tools"",""Branded Offerings"",""Specialized Kits"",""Premium Goods""]","[""Dedicated Customer Support"",""Consultation Services"",""Professional Advisory"",""After-Sales Support"",""Strategy Planning"",""Paint and Painting Services""]",,2026-04-08 19:12:39,2026-04-08 19:12:39
f4d023f5-ba91-4dbb-9e14-04492eca2535,6d462917-013a-4a4a-bbf4-081e3aeabaee,"[""Footwear Solutions"",""Exclusive Merchandise"",""Branded Products"",""Seasonal Collections"",""Lifestyle Goods"",""Premium Accessories"",""Quality Inventory""]","[""In-store Shopping"",""Personalized Styling"",""Customer Assistance"",""Easy Returns & Exchange"",""Home Delivery"",""Footwear Services""]",,2026-04-08 19:12:39,2026-04-08 19:12:39
fbb27792-e7a8-4cf5-9f68-2682e6404835,25b6f56f-3827-4a02-bab4-6949387f2986,"[""Others Solutions"",""Genuine Spare Parts"",""Vehicle Accessories"",""Car Care Products"",""Engine Oils"",""Maintenance Kits""]","[""Servicing & Repair"",""Washing & Detailing"",""Roadside Assistance"",""Customization"",""Diagnostic Testing"",""Others Services""]",,2026-04-08 19:12:39,2026-04-08 19:12:39
e4477bfc-5a6c-43a4-be36-c9c2103638d8,9c40ad04-7b89-45b0-abbd-bd8353b1bca0,"[""Computer Software, Hardware, Networking, IT Solutions"",""Study Materials"",""Interactive Curriculum"",""Workbooks & Notes"",""E-Learning Modules"",""Assessment Tools"",""Certifications"",""Digital Content""]","[""Classroom Training"",""Online Classes"",""1-on-1 Mentorship"",""Doubt Clearing Sessions"",""Career Counseling"",""Skill Development"",""Seminars"",""Computer Software, Hardware, Networking, IT Services""]",,2026-04-08 19:12:39,2026-04-08 19:12:39
6ccf7caa-8a08-43ad-8a03-c0f4cfcf587f,8cf02dc4-d6cf-4995-89ab-c066840403b2,"[""Others Solutions"",""Flagship Products"",""Industry Specific Tools"",""Branded Offerings"",""Specialized Kits"",""Premium Goods""]","[""Dedicated Customer Support"",""Consultation Services"",""Professional Advisory"",""After-Sales Support"",""Strategy Planning"",""Others Services""]",,2026-04-08 19:12:39,2026-04-08 19:12:39
e9a2e3f6-6e22-4d83-89c3-0ad55221ff68,44f2a949-6d89-40e3-872e-378dbf6fb7db,"[""100% Vegetarian  Incl Vegan Solutions"",""Signature Dishes"",""Premium Beverages"",""Quality Ingredients"",""Specialty Snacks"",""Custom Combos"",""Healthy Options"",""Desserts""]","[""Dine-in Experience"",""Takeaway"",""Home Delivery"",""Catering Services"",""Online Ordering"",""Quick Service"",""100% Vegetarian  Incl Vegan Services""]",,2026-04-08 19:12:39,2026-04-08 19:12:39
c7cb5255-c00c-4c61-9d81-ceebe8ca19f0,62b61893-cc1a-4150-bfbc-3b88b55b0452,"[""Distributorships Solutions"",""Flagship Products"",""Industry Specific Tools"",""Branded Offerings"",""Specialized Kits"",""Premium Goods""]","[""Dedicated Customer Support"",""Consultation Services"",""Professional Advisory"",""After-Sales Support"",""Strategy Planning"",""Distributorships Services""]",,2026-04-08 19:12:39,2026-04-08 19:12:39
db3709f9-5a3a-42a7-b382-5b9f223e2fd2,4a278491-9904-4063-87c7-b07fec51bf84,"[""School  Opportunities Solutions"",""Study Materials"",""Interactive Curriculum"",""Workbooks & Notes"",""E-Learning Modules"",""Assessment Tools"",""Certifications"",""Digital Content""]","[""Classroom Training"",""Online Classes"",""1-on-1 Mentorship"",""Doubt Clearing Sessions"",""Career Counseling"",""Skill Development"",""Seminars"",""School  Opportunities Services""]",,2026-04-08 19:12:39,2026-04-08 19:12:39
c23c17cd-4f71-4ccc-be65-b929d46e38a7,0ad13837-36ec-4293-8015-0b52ed088dc7,"[""Preschool Solutions"",""Study Materials"",""Interactive Curriculum"",""Workbooks & Notes"",""E-Learning Modules"",""Assessment Tools"",""Certifications"",""Digital Content""]","[""Classroom Training"",""Online Classes"",""1-on-1 Mentorship"",""Doubt Clearing Sessions"",""Career Counseling"",""Skill Development"",""Seminars"",""Preschool Services""]",,2026-04-08 19:12:39,2026-04-08 19:12:39
a28db9cd-2b23-4030-8d86-bd0ed4355ff5,77cbee4c-6e30-4aea-92c7-a549f048e5e3,"[""Preschool Solutions"",""Study Materials"",""Interactive Curriculum"",""Workbooks & Notes"",""E-Learning Modules"",""Assessment Tools"",""Certifications"",""Digital Content""]","[""Classroom Training"",""Online Classes"",""1-on-1 Mentorship"",""Doubt Clearing Sessions"",""Career Counseling"",""Skill Development"",""Seminars"",""Preschool Services""]",,2026-04-08 19:12:39,2026-04-08 19:12:39
949874f7-85a1-4cb6-9e5a-0234016f4c54,db2acef1-fe32-4e4a-8707-8d0a6f6e4e13,"[""Not Provided Solutions"",""Flagship Products"",""Industry Specific Tools"",""Branded Offerings"",""Specialized Kits"",""Premium Goods""]","[""Dedicated Customer Support"",""Consultation Services"",""Professional Advisory"",""After-Sales Support"",""Strategy Planning"",""Not Provided Services""]",,2026-04-08 19:12:39,2026-04-08 19:12:39
7a0b50c2-2b89-4ec8-89c7-b0cf5e3a6e0a,34342e4e-a52d-40de-88dd-3b83f12d68f8,"[""Montessori School Solutions"",""Study Materials"",""Interactive Curriculum"",""Workbooks & Notes"",""E-Learning Modules"",""Assessment Tools"",""Certifications"",""Digital Content""]","[""Classroom Training"",""Online Classes"",""1-on-1 Mentorship"",""Doubt Clearing Sessions"",""Career Counseling"",""Skill Development"",""Seminars"",""Montessori School Services""]",,2026-04-08 19:12:39,2026-04-08 19:12:39
6f908216-f122-4bd0-9bdf-67039c64c510,db4a8bc8-89c8-43eb-834b-dbf68ba63f49,"[""Maths, Abacus Solutions"",""Study Materials"",""Interactive Curriculum"",""Workbooks & Notes"",""E-Learning Modules"",""Assessment Tools"",""Certifications"",""Digital Content""]","[""Classroom Training"",""Online Classes"",""1-on-1 Mentorship"",""Doubt Clearing Sessions"",""Career Counseling"",""Skill Development"",""Seminars"",""Maths, Abacus Services""]",,2026-04-08 19:12:39,2026-04-08 19:12:39
8d6f3170-8e2b-45b9-a3e1-7c501f231479,5af793d5-eccc-4805-b038-c3c1803f40e3,"[""Not Provided Solutions"",""Flagship Products"",""Industry Specific Tools"",""Branded Offerings"",""Specialized Kits"",""Premium Goods""]","[""Dedicated Customer Support"",""Consultation Services"",""Professional Advisory"",""After-Sales Support"",""Strategy Planning"",""Not Provided Services""]",,2026-04-08 19:12:39,2026-04-08 19:12:39
d35450f2-42a4-41fa-8b26-9861d190cbc0,d377b594-070a-4130-a451-c347daa9ebff,"[""DayCare and Creches Solutions"",""Study Materials"",""Interactive Curriculum"",""Workbooks & Notes"",""E-Learning Modules"",""Assessment Tools"",""Certifications"",""Digital Content""]","[""Classroom Training"",""Online Classes"",""1-on-1 Mentorship"",""Doubt Clearing Sessions"",""Career Counseling"",""Skill Development"",""Seminars"",""DayCare and Creches Services""]",,2026-04-08 19:12:39,2026-04-08 19:12:39
4dfb99d7-a3eb-4485-80d6-ea0caaa9c69f,7ebb83eb-83c9-419f-88e1-6f5a19585142,"[""Preschool Solutions"",""Study Materials"",""Interactive Curriculum"",""Workbooks & Notes"",""E-Learning Modules"",""Assessment Tools"",""Certifications"",""Digital Content""]","[""Classroom Training"",""Online Classes"",""1-on-1 Mentorship"",""Doubt Clearing Sessions"",""Career Counseling"",""Skill Development"",""Seminars"",""Preschool Services""]",,2026-04-08 19:12:39,2026-04-08 19:12:39
7f3122f5-38bf-43c1-960d-9351565f4f54,bd63df96-b521-44ac-aab6-4f9c1ea3abfb,"[""Play School Solutions"",""Study Materials"",""Interactive Curriculum"",""Workbooks & Notes"",""E-Learning Modules"",""Assessment Tools"",""Certifications"",""Digital Content""]","[""Classroom Training"",""Online Classes"",""1-on-1 Mentorship"",""Doubt Clearing Sessions"",""Career Counseling"",""Skill Development"",""Seminars"",""Play School Services""]",,2026-04-08 19:12:39,2026-04-08 19:12:39
74de17aa-30cc-4232-a984-c35e3d11ddf1,051d88c6-1325-4268-8568-6410bc7c642a,"[""Preschool Solutions"",""Study Materials"",""Interactive Curriculum"",""Workbooks & Notes"",""E-Learning Modules"",""Assessment Tools"",""Certifications"",""Digital Content""]","[""Classroom Training"",""Online Classes"",""1-on-1 Mentorship"",""Doubt Clearing Sessions"",""Career Counseling"",""Skill Development"",""Seminars"",""Preschool Services""]",,2026-04-08 19:12:39,2026-04-08 19:12:39
fdcd3cc2-5a58-4779-81aa-8321103e7780,3142498a-039e-46d5-9f5c-a2cd704a3035,"[""Preschool Solutions"",""Study Materials"",""Interactive Curriculum"",""Workbooks & Notes"",""E-Learning Modules"",""Assessment Tools"",""Certifications"",""Digital Content""]","[""Classroom Training"",""Online Classes"",""1-on-1 Mentorship"",""Doubt Clearing Sessions"",""Career Counseling"",""Skill Development"",""Seminars"",""Preschool Services""]",,2026-04-08 19:12:39,2026-04-08 19:12:39
bfef2035-4011-4e10-9b4f-5db4ac3dee80,bbe4882a-d19f-48b9-84b9-9c90b6f72dfe,"[""Play School Solutions"",""Study Materials"",""Interactive Curriculum"",""Workbooks & Notes"",""E-Learning Modules"",""Assessment Tools"",""Certifications"",""Digital Content""]","[""Classroom Training"",""Online Classes"",""1-on-1 Mentorship"",""Doubt Clearing Sessions"",""Career Counseling"",""Skill Development"",""Seminars"",""Play School Services""]",,2026-04-08 19:12:39,2026-04-08 19:12:39
2ccd1c9d-cd81-4176-b8f8-7da1044d5b9f,c8dec53c-451c-49ed-971b-93353be93666,"[""Leading to Ultra-high ROI"",""Preschool Solutions"",""Study Materials"",""Interactive Curriculum"",""Workbooks & Notes"",""E-Learning Modules"",""Assessment Tools"",""Certifications""]","[""Classroom Training"",""Online Classes"",""1-on-1 Mentorship"",""Doubt Clearing Sessions"",""Career Counseling"",""Skill Development"",""Seminars"",""Preschool Services""]",,2026-04-08 19:12:39,2026-04-08 19:12:39
28a26f1d-aebf-4471-ab47-4884d9f3da51,b01fb27a-b309-439e-bbe3-1ee26047fda3,"[""Toy Shops Solutions"",""Exclusive Merchandise"",""Branded Products"",""Seasonal Collections"",""Lifestyle Goods"",""Premium Accessories"",""Quality Inventory""]","[""In-store Shopping"",""Personalized Styling"",""Customer Assistance"",""Easy Returns & Exchange"",""Home Delivery"",""Toy Shops Services""]",,2026-04-08 19:12:39,2026-04-08 19:12:39
11fb5266-b13d-4b2a-b879-2ef705ec0d02,880a9723-1f6a-42b3-be2d-2ed643c3c61e,"[""Art ,Painting, Framing, Museums Solutions"",""Exclusive Merchandise"",""Branded Products"",""Seasonal Collections"",""Lifestyle Goods"",""Premium Accessories"",""Quality Inventory""]","[""In-store Shopping"",""Personalized Styling"",""Customer Assistance"",""Easy Returns & Exchange"",""Home Delivery"",""Art ,Painting, Framing, Museums Services""]",,2026-04-08 19:12:39,2026-04-08 19:12:39
10b43c76-a8b1-4d1f-8d7c-360078f85438,17f47bdf-9821-4dd5-8b83-f5e29e84cc84,"[""Mens Wear Solutions"",""Exclusive Merchandise"",""Branded Products"",""Seasonal Collections"",""Lifestyle Goods"",""Premium Accessories"",""Quality Inventory""]","[""Dedicated Customer Support"",""Consultation Services"",""Professional Advisory"",""After-Sales Support"",""Strategy Planning"",""Mens Wear Services""]",,2026-04-08 19:12:39,2026-04-08 19:12:39
47be2f6c-a813-4f03-add5-ad466f635190,7f0ebd86-002e-47ad-a00a-0914587e80bd,"[""Indian Food Solutions"",""Signature Dishes"",""Premium Beverages"",""Quality Ingredients"",""Specialty Snacks"",""Custom Combos"",""Healthy Options"",""Desserts""]","[""Dine-in Experience"",""Takeaway"",""Home Delivery"",""Catering Services"",""Online Ordering"",""Quick Service"",""Indian Food Services""]",,2026-04-08 19:12:39,2026-04-08 19:12:39
9891fa1c-455c-44b0-b263-2078fb629c9e,84d7cbe2-c11c-43f9-9355-8de2b7a75deb,"[""Others Solutions"",""Flagship Products"",""Industry Specific Tools"",""Branded Offerings"",""Specialized Kits"",""Premium Goods""]","[""Dedicated Customer Support"",""Consultation Services"",""Professional Advisory"",""After-Sales Support"",""Strategy Planning"",""Others Services""]",,2026-04-08 19:12:39,2026-04-08 19:12:39
20baaed0-eae6-4cdf-aaba-54e507acde04,80674ec6-1d07-43de-80e5-a77f94b794df,"[""Courier s Solutions"",""Flagship Products"",""Industry Specific Tools"",""Branded Offerings"",""Specialized Kits"",""Premium Goods""]","[""Dedicated Customer Support"",""Consultation Services"",""Professional Advisory"",""After-Sales Support"",""Strategy Planning"",""Courier s Services""]",,2026-04-08 19:12:39,2026-04-08 19:12:39
1d52abcb-ad56-4fb8-94d6-4611b43372d3,9f2d606d-534b-4c00-bfe0-46a88383d29f,"[""Best-in-class HR"",""Payroll software globally"",""Standardizing processes"",""Empowering employees"",""Others Solutions"",""Flagship Products"",""Industry Specific Tools"",""Branded Offerings""]","[""Dedicated Customer Support"",""Consultation Services"",""Professional Advisory"",""After-Sales Support"",""Strategy Planning"",""Others Services""]",,2026-04-08 19:12:39,2026-04-08 19:12:39
0098b9aa-d2d3-4ecd-af5a-b6956b02008d,8cc088bb-e39b-40f2-a713-562631ef0779,"[""Online Coaching,E-learning Related Solutions"",""Study Materials"",""Interactive Curriculum"",""Workbooks & Notes"",""E-Learning Modules"",""Assessment Tools"",""Certifications"",""Digital Content""]","[""Classroom Training"",""Online Classes"",""1-on-1 Mentorship"",""Doubt Clearing Sessions"",""Career Counseling"",""Skill Development"",""Seminars"",""Online Coaching,E-learning Related Services""]",,2026-04-08 19:12:39,2026-04-08 19:12:39
bcd24d50-5c1e-4892-8d85-39ce9dc3b7ff,ca8758eb-31d5-4cc7-bbc7-98aba58dae4c,"[""Chocolate and Candy Solutions"",""Signature Dishes"",""Premium Beverages"",""Quality Ingredients"",""Specialty Snacks"",""Custom Combos"",""Healthy Options"",""Desserts""]","[""Dine-in Experience"",""Takeaway"",""Home Delivery"",""Catering Services"",""Online Ordering"",""Quick Service"",""Chocolate and Candy Services""]",,2026-04-08 19:12:39,2026-04-08 19:12:39
141e75be-62e4-419f-a653-941c00a51635,7ef5d50e-bb96-41cf-ab35-2f351579627d,"[""Vending Machines For Coffee, Tea, Soda Solutions"",""Flagship Products"",""Industry Specific Tools"",""Branded Offerings"",""Specialized Kits"",""Premium Goods""]","[""Dedicated Customer Support"",""Consultation Services"",""Professional Advisory"",""After-Sales Support"",""Strategy Planning"",""Vending Machines For Coffee, Tea, Soda Services""]",,2026-04-08 19:12:39,2026-04-08 19:12:39
a6628c4c-2570-4b25-948c-6d0cee0a8809,6be49ddd-f93a-40f5-8fb6-9390b93fb8b9,"[""Interior Decoration Solutions"",""Flagship Products"",""Industry Specific Tools"",""Branded Offerings"",""Specialized Kits"",""Premium Goods""]","[""Dedicated Customer Support"",""Consultation Services"",""Professional Advisory"",""After-Sales Support"",""Strategy Planning"",""Interior Decoration Services""]",,2026-04-08 19:12:39,2026-04-08 19:12:39
d0d19331-867f-4e69-9692-57ac72bbe073,2dac2bdc-6819-4f25-908d-a28851f3951f,"[""Not Provided Solutions"",""Flagship Products"",""Industry Specific Tools"",""Branded Offerings"",""Specialized Kits"",""Premium Goods""]","[""Dedicated Customer Support"",""Consultation Services"",""Professional Advisory"",""After-Sales Support"",""Strategy Planning"",""Not Provided Services""]",,2026-04-08 19:12:39,2026-04-08 19:12:39
e3148c73-e689-4333-a77c-c5ef5c993118,8147c5e4-1de4-4e02-b011-7cbdc0a39a3c,"[""Ayurveda s Solutions"",""Health Supplements"",""Workout Gear"",""Diet & Nutrition Plans"",""Wellness Products"",""Fitness Equipment"",""Therapeutic Goods""]","[""Personal Training"",""Group Classes"",""Nutritional Counseling"",""Health Assessments"",""Membership Programs"",""Rehabilitation"",""Ayurveda s Services""]",,2026-04-08 19:12:39,2026-04-08 19:12:39
fd3a004a-0219-4bd0-aefe-80b3b05c1e78,7142e632-8995-4db8-9ffb-aa93a6d468b2,"[""Resellers Solutions"",""Flagship Products"",""Industry Specific Tools"",""Branded Offerings"",""Specialized Kits"",""Premium Goods""]","[""Dedicated Customer Support"",""Consultation Services"",""Professional Advisory"",""After-Sales Support"",""Strategy Planning"",""Resellers Services""]",,2026-04-08 19:12:39,2026-04-08 19:12:39
773f5ae8-f06a-484f-b7bf-1c5316963dde,e4a4caaf-5323-4ee2-8565-80278784b1ca,"[""Delivery Incl Online Ordering Solutions"",""Signature Dishes"",""Premium Beverages"",""Quality Ingredients"",""Specialty Snacks"",""Custom Combos"",""Healthy Options"",""Desserts""]","[""Dine-in Experience"",""Takeaway"",""Home Delivery"",""Catering Services"",""Online Ordering"",""Quick Service"",""Delivery Incl Online Ordering Services""]",,2026-04-08 19:12:39,2026-04-08 19:12:39
896cfd2e-e3e0-4752-93d0-9ec7f7ebacfc,d5967a3d-654b-4330-b377-1fe4a1296c0d,"[""Preschool Solutions"",""Study Materials"",""Interactive Curriculum"",""Workbooks & Notes"",""E-Learning Modules"",""Assessment Tools"",""Certifications"",""Digital Content""]","[""Classroom Training"",""Online Classes"",""1-on-1 Mentorship"",""Doubt Clearing Sessions"",""Career Counseling"",""Skill Development"",""Seminars"",""Preschool Services""]",,2026-04-08 19:12:39,2026-04-08 19:12:39
a763e3b3-eaad-44c3-93a2-f240ea9fe8d0,5d2632fb-f3a6-45a2-9605-391fddef8f54,"[""Study Materials"",""Interactive Curriculum"",""Workbooks & Notes"",""E-Learning Modules"",""Assessment Tools"",""Certifications"",""Digital Content""]","[""Classroom Training"",""Online Classes"",""1-on-1 Mentorship"",""Doubt Clearing Sessions"",""Career Counseling"",""Skill Development"",""Seminars""]",,2026-04-08 19:12:39,2026-04-08 19:12:39
fb688156-275a-48ec-b468-f0800110ff42,8a8b5502-240d-4508-80b0-9c70a58d7e24,"[""Music Dance Drama and Performing Arts Solutions"",""Study Materials"",""Interactive Curriculum"",""Workbooks & Notes"",""E-Learning Modules"",""Assessment Tools"",""Certifications"",""Digital Content""]","[""Classroom Training"",""Online Classes"",""1-on-1 Mentorship"",""Doubt Clearing Sessions"",""Career Counseling"",""Skill Development"",""Seminars"",""Music Dance Drama and Performing Arts Services""]",,2026-04-08 19:12:39,2026-04-08 19:12:39
711b068a-6b36-4c75-a045-503bfb21e420,47956f8a-fa62-4886-8c35-fd35709a92eb,"[""Courier s Solutions"",""Flagship Products"",""Industry Specific Tools"",""Branded Offerings"",""Specialized Kits"",""Premium Goods""]","[""Dedicated Customer Support"",""Consultation Services"",""Professional Advisory"",""After-Sales Support"",""Strategy Planning"",""Courier s Services""]",,2026-04-08 19:12:39,2026-04-08 19:12:39
b6d1aea0-92d9-4c02-9a16-ca55369baf31,81d400ba-34a9-4414-b5e7-4025e86bfc26,"[""Courier s Solutions"",""Flagship Products"",""Industry Specific Tools"",""Branded Offerings"",""Specialized Kits"",""Premium Goods""]","[""Dedicated Customer Support"",""Consultation Services"",""Professional Advisory"",""After-Sales Support"",""Strategy Planning"",""Courier s Services""]",,2026-04-08 19:12:39,2026-04-08 19:12:39
63b3f504-6fee-4999-80b6-8219927ce505,974b1136-8ab1-4e1c-83c9-6bd24452fec5,"[""IT,ITES, Software Related Solutions"",""Flagship Products"",""Industry Specific Tools"",""Branded Offerings"",""Specialized Kits"",""Premium Goods""]","[""Dedicated Customer Support"",""Consultation Services"",""Professional Advisory"",""After-Sales Support"",""Strategy Planning"",""IT,ITES, Software Related Services""]",,2026-04-08 19:12:39,2026-04-08 19:12:39
353890d4-caab-45b4-8754-f116b4397f60,c244769a-fae4-4e57-bb91-a696cf5751f6,"[""Mens Wear Solutions"",""Exclusive Merchandise"",""Branded Products"",""Seasonal Collections"",""Lifestyle Goods"",""Premium Accessories"",""Quality Inventory""]","[""Dedicated Customer Support"",""Consultation Services"",""Professional Advisory"",""After-Sales Support"",""Strategy Planning"",""Mens Wear Services""]",,2026-04-08 19:12:39,2026-04-08 19:12:39
70194e07-09c7-4798-806f-2255f9de38d3,5a03a741-c9de-4cbd-85ab-d2767a164f1f,"[""A good profit margin"",""Sandwiches, Subs, VadaPao and Hotdog Solutions"",""Signature Dishes"",""Premium Beverages"",""Quality Ingredients"",""Specialty Snacks"",""Custom Combos"",""Healthy Options""]","[""Dine-in Experience"",""Takeaway"",""Home Delivery"",""Catering Services"",""Online Ordering"",""Quick Service"",""Sandwiches, Subs, VadaPao and Hotdog Services""]",,2026-04-08 19:12:39,2026-04-08 19:12:39
58b7a48e-e4d8-4227-be54-2fc6c155e3fc,7fb60fef-f7ef-454d-a7ce-589c1a9565b8,"[""Spa, Massage Solutions"",""Premium Cosmetics"",""Hair Care Products"",""Skincare Solutions"",""Grooming Kits"",""Spa Essentials""]","[""Hair Styling & Color"",""Spa Therapies"",""Facial Treatments"",""Bridal Makeup"",""Consultations"",""Nail Art"",""Spa, Massage Services""]",,2026-04-08 19:12:39,2026-04-08 19:12:39
de8476fc-ce30-4ca4-bf4d-d29795832231,b7137e7b-c8e9-48b6-9f43-b8582ae92191,"[""Others Solutions"",""Flagship Products"",""Industry Specific Tools"",""Branded Offerings"",""Specialized Kits"",""Premium Goods""]","[""Dedicated Customer Support"",""Consultation Services"",""Professional Advisory"",""After-Sales Support"",""Strategy Planning"",""Others Services""]",,2026-04-08 19:12:39,2026-04-08 19:12:39
551c8a51-ac20-4a61-b7ed-65e36dde3430,cb81ff43-5d17-40de-99a3-e9fdc99ef485,"[""TV, Web, Ecommerce, Shopping Outlets Solutions"",""Exclusive Merchandise"",""Branded Products"",""Seasonal Collections"",""Lifestyle Goods"",""Premium Accessories"",""Quality Inventory""]","[""In-store Shopping"",""Personalized Styling"",""Customer Assistance"",""Easy Returns & Exchange"",""Home Delivery"",""TV, Web, Ecommerce, Shopping Outlets Services""]",,2026-04-08 19:12:39,2026-04-08 19:12:39
32bd29bb-3081-4749-84e9-aeccb12f38bf,73a16695-6e20-4e69-8fd2-3445f1c67521,"[""Preschool Solutions"",""Study Materials"",""Interactive Curriculum"",""Workbooks & Notes"",""E-Learning Modules"",""Assessment Tools"",""Certifications"",""Digital Content""]","[""Classroom Training"",""Online Classes"",""1-on-1 Mentorship"",""Doubt Clearing Sessions"",""Career Counseling"",""Skill Development"",""Seminars"",""Preschool Services""]",,2026-04-08 19:12:39,2026-04-08 19:12:39
10fc1d33-b186-4ec2-a1d3-7d2b7308b55a,ce80786e-2286-457b-bab9-5e64d7703f7d,"[""Play School Solutions"",""Study Materials"",""Interactive Curriculum"",""Workbooks & Notes"",""E-Learning Modules"",""Assessment Tools"",""Certifications"",""Digital Content""]","[""Classroom Training"",""Online Classes"",""1-on-1 Mentorship"",""Doubt Clearing Sessions"",""Career Counseling"",""Skill Development"",""Seminars"",""Play School Services""]",,2026-04-08 19:12:39,2026-04-08 19:12:39
ec2be8d2-71c0-4967-ad20-e8233e19633a,d43fa09d-7db7-4200-a2f3-ed9157de4b2e,"[""Family Stores Solutions"",""Exclusive Merchandise"",""Branded Products"",""Seasonal Collections"",""Lifestyle Goods"",""Premium Accessories"",""Quality Inventory""]","[""Dedicated Customer Support"",""Consultation Services"",""Professional Advisory"",""After-Sales Support"",""Strategy Planning"",""Family Stores Services""]",,2026-04-08 19:12:39,2026-04-08 19:12:39
856e4627-8958-4d21-a752-a56e4b267ee9,85007276-e780-41c0-a0de-633f609510e5,"[""Flagship Products"",""Industry Specific Tools"",""Branded Offerings"",""Specialized Kits"",""Premium Goods""]","[""Dedicated Customer Support"",""Consultation Services"",""Professional Advisory"",""After-Sales Support"",""Strategy Planning""]",,2026-04-08 19:12:39,2026-04-08 19:12:39
15ad44de-09f6-4337-a4df-86a1a0ff1ac4,dfdc69a5-7599-4ecb-9d7f-41818f5a9af6,"[""A boutique experience"",""Using cutting edge design"",""Industry best practices"",""Advertisement And Media Related Solutions"",""Flagship Products"",""Industry Specific Tools"",""Branded Offerings"",""Specialized Kits""]","[""Dedicated Customer Support"",""Consultation Services"",""Professional Advisory"",""After-Sales Support"",""Strategy Planning"",""Advertisement And Media Related Services""]",,2026-04-08 19:12:39,2026-04-08 19:12:39
d5871ce0-e4da-480c-b16e-d1cef345e3cd,d6152e9e-1a3e-419f-be7d-39f3a5ed9cf1,"[""Not Provided Solutions"",""Flagship Products"",""Industry Specific Tools"",""Branded Offerings"",""Specialized Kits"",""Premium Goods""]","[""Dedicated Customer Support"",""Consultation Services"",""Professional Advisory"",""After-Sales Support"",""Strategy Planning"",""Not Provided Services""]",,2026-04-08 19:12:39,2026-04-08 19:12:39
cf17edef-166a-4f93-b613-a0329b8db171,4ea87a72-818c-4d73-9630-01002443b65e,"[""The laundry"",""Dry cleaning business"",""Cleaning methods"",""&amp"",""Laundry and Dry Cleaning Solutions"",""Flagship Products"",""Industry Specific Tools"",""Branded Offerings""]","[""Dedicated Customer Support"",""Consultation Services"",""Professional Advisory"",""After-Sales Support"",""Strategy Planning"",""Laundry and Dry Cleaning Services""]",,2026-04-08 19:12:39,2026-04-08 19:12:39
bf24f4ba-5aeb-4a32-a8ce-8472026722e2,ccfd9182-0fb0-4eac-a492-4b7ea70bfa69,"[""Which currently stands at 10"",""000"",""Counting"",""Others Solutions"",""Investment Portfolios"",""Insurance Policies"",""Loan Packages"",""Financial Planning Tools""]","[""Dedicated Customer Support"",""Consultation Services"",""Professional Advisory"",""After-Sales Support"",""Strategy Planning"",""Others Services""]",,2026-04-08 19:12:39,2026-04-08 19:12:39
ae2b690d-7249-42f3-996e-bd45391d8aa7,4bc17d31-66c9-418c-a4cc-a335db3ca6de,"[""Also customized headboards"",""Designer, Bridal, Tailoring, Boutique s Solutions"",""Exclusive Merchandise"",""Branded Products"",""Seasonal Collections"",""Lifestyle Goods"",""Premium Accessories"",""Quality Inventory""]","[""Dedicated Customer Support"",""Consultation Services"",""Professional Advisory"",""After-Sales Support"",""Strategy Planning"",""Designer, Bridal, Tailoring, Boutique s Services""]",,2026-04-08 19:12:39,2026-04-08 19:12:39
fc39c77d-aa89-41e5-be41-df308e205f87,2e311700-33a5-4aac-a464-accea5e42968,"[""Burger Solutions"",""Signature Dishes"",""Premium Beverages"",""Quality Ingredients"",""Specialty Snacks"",""Custom Combos"",""Healthy Options"",""Desserts""]","[""Dine-in Experience"",""Takeaway"",""Home Delivery"",""Catering Services"",""Online Ordering"",""Quick Service"",""Burger Services""]",,2026-04-08 19:12:39,2026-04-08 19:12:39
4b713924-2e64-42ee-a75b-b2cb5a99465e,f1abfa89-f74e-4056-920e-4125f65e5c5c,"[""A range of Affordable"",""Tasty"",""Pizza s Solutions"",""Signature Dishes"",""Premium Beverages"",""Quality Ingredients"",""Specialty Snacks"",""Custom Combos""]","[""Dine-in Experience"",""Takeaway"",""Home Delivery"",""Catering Services"",""Online Ordering"",""Quick Service"",""Pizza s Services""]",,2026-04-08 19:12:39,2026-04-08 19:12:39
3df4ca21-511a-4136-b9ce-9119b8bc86af,4e9e7e90-15db-4cfa-aed9-3a40b7f98aab,"[""Music Dance Drama and Performing Arts Solutions"",""Study Materials"",""Interactive Curriculum"",""Workbooks & Notes"",""E-Learning Modules"",""Assessment Tools"",""Certifications"",""Digital Content""]","[""Classroom Training"",""Online Classes"",""1-on-1 Mentorship"",""Doubt Clearing Sessions"",""Career Counseling"",""Skill Development"",""Seminars"",""Music Dance Drama and Performing Arts Services""]",,2026-04-08 19:12:39,2026-04-08 19:12:39
cd51a9d0-b3c8-420c-a2ba-f38a0a389c9a,c6f01a52-9f87-4334-8ff7-639bc539336e,"[""Kids Wear Solutions"",""Exclusive Merchandise"",""Branded Products"",""Seasonal Collections"",""Lifestyle Goods"",""Premium Accessories"",""Quality Inventory""]","[""Dedicated Customer Support"",""Consultation Services"",""Professional Advisory"",""After-Sales Support"",""Strategy Planning"",""Kids Wear Services""]",,2026-04-08 19:12:39,2026-04-08 19:12:39
1ece989e-1660-4cbc-a416-e68532d567c0,409b349b-8198-4fb0-af8a-e1874381cc78,"[""Spa, Massage Solutions"",""Premium Cosmetics"",""Hair Care Products"",""Skincare Solutions"",""Grooming Kits"",""Spa Essentials""]","[""Hair Styling & Color"",""Spa Therapies"",""Facial Treatments"",""Bridal Makeup"",""Consultations"",""Nail Art"",""Spa, Massage Services""]",,2026-04-08 19:12:39,2026-04-08 19:12:39
bbb5200a-bf2a-4714-a238-6649b7c28700,f240d842-38f4-411c-b645-7ec30664b4ae,"[""Kiosks, Carts, Mobile Vans Solutions"",""Signature Dishes"",""Premium Beverages"",""Quality Ingredients"",""Specialty Snacks"",""Custom Combos"",""Healthy Options"",""Desserts""]","[""Dine-in Experience"",""Takeaway"",""Home Delivery"",""Catering Services"",""Online Ordering"",""Quick Service"",""Kiosks, Carts, Mobile Vans Services""]",,2026-04-08 19:12:39,2026-04-08 19:12:39
d1258168-8252-4552-ad95-3ce0f7c19da6,86a780e8-cc03-4b34-a2c6-241fd9877170,"[""Covered with homemade batter"",""Fried to create a warm"",""Served with various toppings"",""Others Solutions"",""Flagship Products"",""Industry Specific Tools"",""Branded Offerings"",""Specialized Kits""]","[""Dedicated Customer Support"",""Consultation Services"",""Professional Advisory"",""After-Sales Support"",""Strategy Planning"",""Others Services""]",,2026-04-08 19:12:39,2026-04-08 19:12:39
098f863b-d01a-4687-8902-54abbc9bf719,e080c269-010a-4bde-867a-80bab8f9f357,"[""A must-try delicacy"",""Our USP in the dessert market"",""Others Solutions"",""Flagship Products"",""Industry Specific Tools"",""Branded Offerings"",""Specialized Kits"",""Premium Goods""]","[""Dedicated Customer Support"",""Consultation Services"",""Professional Advisory"",""After-Sales Support"",""Strategy Planning"",""Others Services""]",,2026-04-08 19:12:39,2026-04-08 19:12:39
7412f33d-d660-4ea0-b2ce-cfa3995495eb,c3fef5ee-7fac-4436-8db9-6fdab4c8b45b,"[""Study Materials"",""Interactive Curriculum"",""Workbooks & Notes"",""E-Learning Modules"",""Assessment Tools"",""Certifications"",""Digital Content""]","[""Classroom Training"",""Online Classes"",""1-on-1 Mentorship"",""Doubt Clearing Sessions"",""Career Counseling"",""Skill Development"",""Seminars""]",,2026-04-08 19:12:39,2026-04-08 19:12:39
742b10e5-f6c4-4dc2-a829-81c38c52d5be,06344570-6577-4381-bf70-6ca0d69e9918,"[""Others Solutions"",""Exclusive Merchandise"",""Branded Products"",""Seasonal Collections"",""Lifestyle Goods"",""Premium Accessories"",""Quality Inventory""]","[""In-store Shopping"",""Personalized Styling"",""Customer Assistance"",""Easy Returns & Exchange"",""Home Delivery"",""Others Services""]",,2026-04-08 19:12:39,2026-04-08 19:12:39
570d0408-024c-4bfb-a7a2-bd7190c83bac,f3c47250-70c4-4d97-bb97-03c1027917d3,"[""Bookstores s Solutions"",""Exclusive Merchandise"",""Branded Products"",""Seasonal Collections"",""Lifestyle Goods"",""Premium Accessories"",""Quality Inventory""]","[""In-store Shopping"",""Personalized Styling"",""Customer Assistance"",""Easy Returns & Exchange"",""Home Delivery"",""Bookstores s Services""]",,2026-04-08 19:12:39,2026-04-08 19:12:39
f7f18177-a11e-42ad-8812-3bc6667a1405,9c68fe3f-d08b-4ba4-9269-42d2500720fc,"[""Preschool Solutions"",""Study Materials"",""Interactive Curriculum"",""Workbooks & Notes"",""E-Learning Modules"",""Assessment Tools"",""Certifications"",""Digital Content""]","[""Classroom Training"",""Online Classes"",""1-on-1 Mentorship"",""Doubt Clearing Sessions"",""Career Counseling"",""Skill Development"",""Seminars"",""Preschool Services""]",,2026-04-08 19:12:39,2026-04-08 19:12:39
c05a1285-1107-45ed-9664-889e66823958,02d9f72a-c5e0-40ab-8eb0-284c44525976,"[""Mens Wear Solutions"",""Exclusive Merchandise"",""Branded Products"",""Seasonal Collections"",""Lifestyle Goods"",""Premium Accessories"",""Quality Inventory""]","[""Dedicated Customer Support"",""Consultation Services"",""Professional Advisory"",""After-Sales Support"",""Strategy Planning"",""Mens Wear Services""]",,2026-04-08 19:12:39,2026-04-08 19:12:39
6ccab104-682c-45bc-aeb8-7d163dbaac74,71000701-3de7-4174-8e53-af60473846f2,"[""Health Supplements"",""Workout Gear"",""Diet & Nutrition Plans"",""Wellness Products"",""Fitness Equipment"",""Therapeutic Goods""]","[""Personal Training"",""Group Classes"",""Nutritional Counseling"",""Health Assessments"",""Membership Programs"",""Rehabilitation""]",,2026-04-08 19:12:39,2026-04-08 19:12:39
8d180661-24fe-4422-96a5-5184c745507c,2d079776-cd42-49b8-8619-016553048088,"[""Gym Solutions"",""Health Supplements"",""Workout Gear"",""Diet & Nutrition Plans"",""Wellness Products"",""Fitness Equipment"",""Therapeutic Goods""]","[""Personal Training"",""Group Classes"",""Nutritional Counseling"",""Health Assessments"",""Membership Programs"",""Rehabilitation"",""Gym Services""]",,2026-04-08 19:12:39,2026-04-08 19:12:39
981e28d9-9d5d-4cbb-90e8-f28fceb944d1,c46c22cb-6bb6-4e95-b2e8-b8c30400c0b0,"[""Imported Products Solutions"",""Flagship Products"",""Industry Specific Tools"",""Branded Offerings"",""Specialized Kits"",""Premium Goods""]","[""Dedicated Customer Support"",""Consultation Services"",""Professional Advisory"",""After-Sales Support"",""Strategy Planning"",""Imported Products Services""]",,2026-04-08 19:12:39,2026-04-08 19:12:39
d29619ae-e3c7-4631-9542-3bd8b8a40e95,6dce8f4e-c0a2-42a9-9eb8-98a4ac57fda0,"[""Others Solutions"",""Exclusive Merchandise"",""Branded Products"",""Seasonal Collections"",""Lifestyle Goods"",""Premium Accessories"",""Quality Inventory""]","[""In-store Shopping"",""Personalized Styling"",""Customer Assistance"",""Easy Returns & Exchange"",""Home Delivery"",""Others Services""]",,2026-04-08 19:12:39,2026-04-08 19:12:39
7ffb8940-956b-49c4-99ad-4d67a341529f,c4b28cae-0fdd-4c6d-8b52-119f7a5cae9c,"[""Ice Cream Solutions"",""Signature Dishes"",""Premium Beverages"",""Quality Ingredients"",""Specialty Snacks"",""Custom Combos"",""Healthy Options"",""Desserts""]","[""Dine-in Experience"",""Takeaway"",""Home Delivery"",""Catering Services"",""Online Ordering"",""Quick Service"",""Ice Cream Services""]",,2026-04-08 19:12:39,2026-04-08 19:12:39
bd6e279d-a7d3-4cea-bf9b-c999c4d7e56e,25656236-1968-49da-a6d8-32ffdcc6888e,"[""Thus"",""Preschool Solutions"",""Study Materials"",""Interactive Curriculum"",""Workbooks & Notes"",""E-Learning Modules"",""Assessment Tools"",""Certifications""]","[""Classroom Training"",""Online Classes"",""1-on-1 Mentorship"",""Doubt Clearing Sessions"",""Career Counseling"",""Skill Development"",""Seminars"",""Preschool Services""]",,2026-04-08 19:12:39,2026-04-08 19:12:39
43b9dd31-2e75-4714-8d24-5a65d5302fff,2724a193-9c3d-4c4b-ac49-2eca6a7b6fc4,"[""Preschool Solutions"",""Study Materials"",""Interactive Curriculum"",""Workbooks & Notes"",""E-Learning Modules"",""Assessment Tools"",""Certifications"",""Digital Content""]","[""Classroom Training"",""Online Classes"",""1-on-1 Mentorship"",""Doubt Clearing Sessions"",""Career Counseling"",""Skill Development"",""Seminars"",""Preschool Services""]",,2026-04-08 19:12:39,2026-04-08 19:12:39
d6ad6605-e1ee-4ddf-a5b5-d4db9e30367c,3f10d379-f847-4ddf-baf9-271767d48599,"[""Others Solutions"",""Study Materials"",""Interactive Curriculum"",""Workbooks & Notes"",""E-Learning Modules"",""Assessment Tools"",""Certifications"",""Digital Content""]","[""Classroom Training"",""Online Classes"",""1-on-1 Mentorship"",""Doubt Clearing Sessions"",""Career Counseling"",""Skill Development"",""Seminars"",""Others Services""]",,2026-04-08 19:12:39,2026-04-08 19:12:39
d9a7ac39-e789-4041-9ea4-808c234360c9,94cd50f6-63f9-464e-8476-f6076e35850d,"[""Preschool Solutions"",""Study Materials"",""Interactive Curriculum"",""Workbooks & Notes"",""E-Learning Modules"",""Assessment Tools"",""Certifications"",""Digital Content""]","[""Classroom Training"",""Online Classes"",""1-on-1 Mentorship"",""Doubt Clearing Sessions"",""Career Counseling"",""Skill Development"",""Seminars"",""Preschool Services""]",,2026-04-08 19:12:39,2026-04-08 19:12:39
ed2cec37-74b7-43ec-93dc-ca9360b6b288,abfd5dc4-c60b-4339-a3ea-b43286ab7678,"[""School  Opportunities Solutions"",""Study Materials"",""Interactive Curriculum"",""Workbooks & Notes"",""E-Learning Modules"",""Assessment Tools"",""Certifications"",""Digital Content""]","[""Classroom Training"",""Online Classes"",""1-on-1 Mentorship"",""Doubt Clearing Sessions"",""Career Counseling"",""Skill Development"",""Seminars"",""School  Opportunities Services""]",,2026-04-08 19:12:39,2026-04-08 19:12:39
c163a3d5-dfff-43cc-912d-b0d4b77cd167,8df52cfd-63bb-4fd6-8f61-6a994ea55cfe,"[""Others Solutions"",""Study Materials"",""Interactive Curriculum"",""Workbooks & Notes"",""E-Learning Modules"",""Assessment Tools"",""Certifications"",""Digital Content""]","[""Classroom Training"",""Online Classes"",""1-on-1 Mentorship"",""Doubt Clearing Sessions"",""Career Counseling"",""Skill Development"",""Seminars"",""Others Services""]",,2026-04-08 19:12:39,2026-04-08 19:12:39
5464cfb1-5120-49fc-9bdc-1b6c3680168e,6a9e7f92-6b82-49b4-9749-e54dc370ae4e,"[""Maths, Abacus Solutions"",""Study Materials"",""Interactive Curriculum"",""Workbooks & Notes"",""E-Learning Modules"",""Assessment Tools"",""Certifications"",""Digital Content""]","[""Classroom Training"",""Online Classes"",""1-on-1 Mentorship"",""Doubt Clearing Sessions"",""Career Counseling"",""Skill Development"",""Seminars"",""Maths, Abacus Services""]",,2026-04-08 19:12:39,2026-04-08 19:12:39
147dd2c2-ae74-4cac-ac68-db62f496ca7c,9c389b22-2883-44a8-a9ad-20a456d7ef06,"[""Maths, Abacus Solutions"",""Study Materials"",""Interactive Curriculum"",""Workbooks & Notes"",""E-Learning Modules"",""Assessment Tools"",""Certifications"",""Digital Content""]","[""Classroom Training"",""Online Classes"",""1-on-1 Mentorship"",""Doubt Clearing Sessions"",""Career Counseling"",""Skill Development"",""Seminars"",""Maths, Abacus Services""]",,2026-04-08 19:12:39,2026-04-08 19:12:39
bed4196a-18c1-48ae-b2f9-89f660fadfd3,d9da3ea1-997f-4b4c-a39b-fcf836feec85,"[""Maths, Abacus Solutions"",""Study Materials"",""Interactive Curriculum"",""Workbooks & Notes"",""E-Learning Modules"",""Assessment Tools"",""Certifications"",""Digital Content""]","[""Classroom Training"",""Online Classes"",""1-on-1 Mentorship"",""Doubt Clearing Sessions"",""Career Counseling"",""Skill Development"",""Seminars"",""Maths, Abacus Services""]",,2026-04-08 19:12:39,2026-04-08 19:12:39
5dc37b69-0fae-459d-85c6-aed54fb6ee4c,29eb7107-c506-42fe-a43e-2bd442f38418,"[""Maths, Abacus Solutions"",""Study Materials"",""Interactive Curriculum"",""Workbooks & Notes"",""E-Learning Modules"",""Assessment Tools"",""Certifications"",""Digital Content""]","[""Classroom Training"",""Online Classes"",""1-on-1 Mentorship"",""Doubt Clearing Sessions"",""Career Counseling"",""Skill Development"",""Seminars"",""Maths, Abacus Services""]",,2026-04-08 19:12:39,2026-04-08 19:12:39
8d208718-0397-4df6-9958-e04f377c3c5e,58485e33-f7af-4fab-a98b-421f01ca4183,"[""Personality Development, Grooming, Finishing Solutions"",""Study Materials"",""Interactive Curriculum"",""Workbooks & Notes"",""E-Learning Modules"",""Assessment Tools"",""Certifications"",""Digital Content""]","[""Classroom Training"",""Online Classes"",""1-on-1 Mentorship"",""Doubt Clearing Sessions"",""Career Counseling"",""Skill Development"",""Seminars"",""Personality Development, Grooming, Finishing Services""]",,2026-04-08 19:12:39,2026-04-08 19:12:39
e46b9580-00c0-45ab-a7a4-a9ee10597941,d3c500a4-284b-43a5-a422-8d8b8f138096,"[""Study Materials"",""Interactive Curriculum"",""Workbooks & Notes"",""E-Learning Modules"",""Assessment Tools"",""Certifications"",""Digital Content""]","[""Classroom Training"",""Online Classes"",""1-on-1 Mentorship"",""Doubt Clearing Sessions"",""Career Counseling"",""Skill Development"",""Seminars""]",,2026-04-08 19:12:39,2026-04-08 19:12:39
6f359ade-ffef-4909-9311-79984d0037dd,0820b858-896a-4a9a-b403-e32120c4e28c,"[""Counter-terrorism"",""Border Security"",""Human"",""Drug Trafficking"",""Criminal Justice"",""Others Solutions"",""Study Materials"",""Interactive Curriculum""]","[""Classroom Training"",""Online Classes"",""1-on-1 Mentorship"",""Doubt Clearing Sessions"",""Career Counseling"",""Skill Development"",""Seminars"",""Others Services""]",,2026-04-08 19:12:39,2026-04-08 19:12:39
9f028baf-4b07-443a-aa1c-b533090f4bd5,ef06db34-7a6c-426e-b65d-973bc962dbe9,"[""Personality Development, Grooming, Finishing Solutions"",""Study Materials"",""Interactive Curriculum"",""Workbooks & Notes"",""E-Learning Modules"",""Assessment Tools"",""Certifications"",""Digital Content""]","[""Classroom Training"",""Online Classes"",""1-on-1 Mentorship"",""Doubt Clearing Sessions"",""Career Counseling"",""Skill Development"",""Seminars"",""Personality Development, Grooming, Finishing Services""]",,2026-04-08 19:12:39,2026-04-08 19:12:39
43b2e841-02d7-43eb-bdc2-e414f6773d1a,9b99de95-4dac-4010-81d6-009c7951c50f,"[""Others Solutions"",""Study Materials"",""Interactive Curriculum"",""Workbooks & Notes"",""E-Learning Modules"",""Assessment Tools"",""Certifications"",""Digital Content""]","[""Classroom Training"",""Online Classes"",""1-on-1 Mentorship"",""Doubt Clearing Sessions"",""Career Counseling"",""Skill Development"",""Seminars"",""Others Services""]",,2026-04-08 19:12:39,2026-04-08 19:12:39
37846406-1437-41a3-b849-be72271f136e,eb40aad3-cea7-419e-83bb-c7cc83e1d858,"[""Personality Development, Grooming, Finishing Solutions"",""Study Materials"",""Interactive Curriculum"",""Workbooks & Notes"",""E-Learning Modules"",""Assessment Tools"",""Certifications"",""Digital Content""]","[""Classroom Training"",""Online Classes"",""1-on-1 Mentorship"",""Doubt Clearing Sessions"",""Career Counseling"",""Skill Development"",""Seminars"",""Personality Development, Grooming, Finishing Services""]",,2026-04-08 19:12:39,2026-04-08 19:12:39
