id,franchise_id,initial_investment_min,initial_investment_max,franchise_fee,royalty_percentage,marketing_fee_percentage,payback_min_months,payback_max_months,roi_min_percentage,roi_max_percentage,monthly_turnover_min,monthly_turnover_max,single_unit_cost_min,single_unit_cost_max,investment_includes,created_by,updated_by,created_at,updated_at
0c41acfa-7c46-4b85-a3d1-167d46517c57,b38c39c0-b9f6-495f-b8be-a65b1c0b9221,2500000,5000000,500000,,,24,36,18,30,,,,,,00000000-0000-0000-0000-000000000001,,2025-1-1 18:15,2025-1-1 18:15
b65a968d-3563-40af-b2c6-ea5fff78cb3a,c8f6989c-d785-4cf7-b127-b7ba288a3314,1200000,1200000,500000,5,,9,12,18,25,,,,,,00000000-0000-0000-0000-000000000001,,2025-1-1 23:59,2025-1-1 23:59
26074183-850c-4448-a42a-3aa0f359f603,b297c5b9-82e3-4c3d-88fc-c509ae881207,200000,500000,50000,,,12,24,25,25,,,,,,00000000-0000-0000-0000-000000000001,,2025-1-1 23:59,2025-1-1 23:59
f88c9295-7a33-4a27-9972-5a2d043aac50,6a8c08c9-ef66-48b0-a68e-e9e0b7b40fcc,1000000,1200000,200000,5,,12,12,25,35,,,,,,00000000-0000-0000-0000-000000000001,,2025-1-1 8:15,2025-1-1 8:15
bcef8020-3e42-4a20-a771-9b69a9885e72,afb4be0a-0173-4248-b0b9-9c7ba0e3ce8f,1500000,2000000,200000,7,,12,12,90,100,,,,,,00000000-0000-0000-0000-000000000001,,2025-1-1 11:59,2025-1-1 11:59
9a698146-e670-4a74-a582-a54899cf0953,09378ed3-2aa4-4e45-bf5d-6a75d1bdb2f7,7500000,20000000,,,,12,12,,,,,,,,00000000-0000-0000-0000-000000000001,,2025-1-1 23:59,2025-1-1 23:59
9a861d7d-4ad6-424f-be29-e96318f90b97,b781fa76-8eaf-4cf9-a15c-b6a1c3503554,5000000,10000000,,,,,,,,,,,,,00000000-0000-0000-0000-000000000001,,2025-1-1 23:59,2025-1-1 23:59
83b49d2d-5805-479d-b78c-78793caa71af,0e50ed02-6937-4c8d-aa31-b4202a5f77cd,2000000,3000000,200000,30,,,,,,,,,,,00000000-0000-0000-0000-000000000001,,2025-1-1 23:59,2025-1-1 23:59
b8d1a47a-592d-4631-8bdc-42d93c73dc9a,7e62e026-71a1-4b49-971d-e8bcd1cc4e54,4000000,5000000,,,,,,,,,,,,,00000000-0000-0000-0000-000000000001,,2025-1-1 1:45,2025-1-1 1:45
493acddc-48bb-45d4-bcb2-ea0303912d0c,8a873fc8-8a68-461e-81f4-55d7f192f2b1,2000000,3000000,,,,,,,,,,,,,00000000-0000-0000-0000-000000000001,,2025-1-1 3:24,2025-1-1 3:24
e1c27132-5c6f-4b61-ad2d-a524ad7f1c8e,fc244900-e4b1-4eec-8e70-eb778beac3a5,3000000,10000000,,,,,,,,,,,,,00000000-0000-0000-0000-000000000001,,2025-1-1 4:34,2025-1-1 4:34
b418aace-1993-4ac3-8b22-e7b0011399dd,a6ae3e8e-b3da-4406-9a53-1f411523033b,1000000,5000000,,,,24,36,30,30,,,,,,00000000-0000-0000-0000-000000000001,,2025-1-1 15:28,2025-1-1 15:28
425d8e21-85c2-4a55-8a98-37475e349898,f610d893-650e-46e2-89a6-c50f59036275,2000000,3700000,,,,,,,,,,,,,00000000-0000-0000-0000-000000000001,,2025-1-1 18:12,2025-1-1 18:12
61c6d77c-6c0a-4802-8b34-ca60422f55e9,1dac1aa2-22c2-41e9-a608-2ffb1cefdf84,1500000,3000000,200000,,,,,,,,,,,,00000000-0000-0000-0000-000000000001,,2025-1-1 21:29,2025-1-1 21:29
9d8ff34b-84ad-4f16-9663-9f68f3b2fd21,1ee2cd39-dcf0-4e78-971d-967b8f1e2f12,4000000,10000000,200000,,,,,,,,,,,,00000000-0000-0000-0000-000000000001,,2025-1-1 23:59,2025-1-1 23:59
ea461c74-f745-47bc-9d96-57bc1142b722,1c97dc61-7708-4958-8222-3fe8fa9275bc,5000000,10000000,,0,,36,48,17,17,,,,,,00000000-0000-0000-0000-000000000001,,2025-1-1 23:59,2025-1-1 23:59
3a851b55-38bf-40bc-9782-93c8fdbb5004,9ab139e7-cf16-4085-9352-c51d74e61115,2000000,3000000,300000,0,,12,24,45,45,,,,,,00000000-0000-0000-0000-000000000001,,2025-1-1 23:59,2025-1-1 23:59
06c25e55-6494-4502-9994-f6931853fc8e,ac303bf7-2a32-471d-9be1-a1dbb2e915e7,3000000,5000000,,4.5,,12,12,15,15,,,,,,00000000-0000-0000-0000-000000000001,,2025-1-1 23:59,2025-1-1 23:59
4c54f7bf-b1e9-465a-ac34-b81c6a560ab3,df361e73-da0e-4e50-992d-e95e57306357,200000,500000,150000,0,,3,3,50,50,,,,,,00000000-0000-0000-0000-000000000001,,2025-1-1 7:07,2025-1-1 7:07
b5035c9c-0f38-4781-89ff-d03d7fbc989f,c8bbd1a5-9676-4a19-b8c4-1b2f22fe8148,2000000,3000000,1800000,20,,10,11,13,13,,,,,,00000000-0000-0000-0000-000000000001,,2025-1-1 9:34,2025-1-1 9:34
4ec91161-dc56-4f95-a46b-8d23c6ef4068,88848236-153f-41d1-85cd-4a9001af249c,3000000,12000000,500000,0,,,,,,,,,,,00000000-0000-0000-0000-000000000001,,2025-1-1 9:47,2025-1-1 9:47
4e155382-5c75-46af-8cc7-c51e95699690,d96ac4e8-daa4-4d60-9a4d-f7dcb54412b7,5000000,10000000,800000,8,,12,48,40,40,,,,,,00000000-0000-0000-0000-000000000001,,2025-1-1 11:35,2025-1-1 11:35
ed1a98c5-ad54-4edf-9fd4-06c848c62a5a,d451263c-43df-4ba1-b652-cbac27ff7846,500000,1000000,150000,30,,8,11,80,80,,,,,,00000000-0000-0000-0000-000000000001,,2025-1-1 23:59,2025-1-1 23:59
74285b07-bbe4-4f10-8220-9594bbecdaa7,a3d5f27f-978c-48e7-97cf-21e8aea6d359,1000000,2000000,300000,10,,12,24,100,100,,,,,,00000000-0000-0000-0000-000000000001,,2025-1-1 23:59,2025-1-1 23:59
c3bd052a-2d5c-4284-bcb8-bbac2b8095df,780dabc4-787e-4001-9c4b-a07c9874ffab,1000000,2000000,200000,,,5,6,7,10,,,,,,00000000-0000-0000-0000-000000000001,,2025-1-1 23:59,2025-1-1 23:59
915b4dcd-70a4-4f12-b525-24d79c3e58c1,499ed48e-a3e7-480e-900b-f384cd1ec21f,200000,500000,50000,,,6,12,10,15,,,,,,00000000-0000-0000-0000-000000000001,,2025-1-1 23:59,2025-1-1 23:59
afee8ef1-0158-4bef-88af-1b4c9817051b,fc554f5b-c10b-4835-b81b-6eb90deb8862,1500000,2500000,300000,,,6,12,12,18,,,,,,00000000-0000-0000-0000-000000000001,,2025-1-1 23:59,2025-1-1 23:59
52925336-1a2f-4538-abcd-63ed446d1f22,ab2c97a4-15c8-4105-902b-e6b961445825,200000,500000,50000,0,,1,3,12,12,,,,,,00000000-0000-0000-0000-000000000001,,2025-1-1 23:59,2025-1-1 23:59
ef1dc50d-591c-420b-8866-a721f84f8c44,0fe579f2-a816-4116-a312-a340923dbfe6,10000,200000,50000,0,,1,3,12,12,,,,,,00000000-0000-0000-0000-000000000001,,2025-1-1 23:59,2025-1-1 23:59
5068fe2d-be5a-4b5c-9d92-82677f0f69fd,a0160a9a-fe08-485e-9592-67df5f2e6235,500000,1000000,,,,10,11,100,100,,,,,,00000000-0000-0000-0000-000000000001,,2025-1-1 23:59,2025-1-1 23:59
fa19afbe-3b6c-4855-8aa8-cf265d028666,ba736baa-47d2-4b53-8969-661dbce6e6a1,1000000,2000000,900000,6,,12,24,40,40,,,,,,00000000-0000-0000-0000-000000000001,,2025-1-1 23:59,2025-1-1 23:59
7885da09-694a-4fb9-adab-1801a3e9403b,f943babd-ea6a-444b-b645-315f491c40a6,10000,50000,35000,0,,24,36,25,25,,,,,,00000000-0000-0000-0000-000000000001,,2025-1-1 23:59,2025-1-1 23:59
923182b1-d783-4c88-aad3-f99e27f5b2ef,e277efc3-55a1-40a9-8fad-b3149ffe9d2f,4000000,5000000,200000,0,,24,24,40,40,,,,,,00000000-0000-0000-0000-000000000001,,2025-1-1 23:59,2025-1-1 23:59
4397446e-de7b-4e3a-8214-c6a57247aa6f,347dcb07-5002-4376-b056-fc37fe48eac8,7500000,10000000,2000000,,,,,,,,,,,,00000000-0000-0000-0000-000000000001,,2025-1-1 23:59,2025-1-1 23:59
034d72d5-1079-4e31-8f02-12bce1c6339d,4024b1c9-12fd-451e-8a5f-0a5025e55819,500000,1000000,,5,,12,24,30,36,,,,,,00000000-0000-0000-0000-000000000001,,2025-1-1 23:59,2025-1-1 23:59
8c9f7427-6bf8-4818-85dd-913d6d6d45c0,8be9d5c3-86aa-4cd5-be33-3b39dfd647fa,1000000,1500000,100000,,,12,18,25,30,,,,,,00000000-0000-0000-0000-000000000001,,2025-1-1 23:59,2025-1-1 23:59
084c13e6-5650-47d8-b183-b679800ce9d6,bb0d140f-d9e5-4b4a-8182-4376a439422f,1000000,2000000,,,,12,24,20,25,,,,,,00000000-0000-0000-0000-000000000001,,2025-1-1 23:59,2025-1-1 23:59
a5dcbc66-63e6-4094-be2a-c2b55ddbec0e,243ecbfb-c97d-42f8-b56c-31ca4f742263,1000000,1500000,200000,,,18,24,25,30,,,,,,00000000-0000-0000-0000-000000000001,,2025-1-1 1:09,2025-1-1 1:09
5ed4cd8e-7527-41a0-aebd-76c2d29e2230,5b707bb6-7325-4cd8-961e-8eff582d5328,200000,500000,50000,23.6,,12,12,48,52,,,,,,00000000-0000-0000-0000-000000000001,,2025-1-1 2:10,2025-1-1 2:10
8c6de718-e928-4171-a7f0-a35460378e15,f796a38b-1d81-4e48-ad0c-4ebeb485b41d,1000000,3000000,,0,,18,24,35,40,,,,,,00000000-0000-0000-0000-000000000001,,2025-1-1 8:52,2025-1-1 8:52
c7c23951-c028-4ad1-8e65-7cd0366d97a9,e909318a-6b26-4da4-a189-c7e5e01c2226,500000,1000000,100000,5,,12,18,30,30,,,,,,00000000-0000-0000-0000-000000000001,,2025-1-1 10:52,2025-1-1 10:52
0d42a308-f23e-484a-9ddb-2b2e3052da04,ad81abe8-369b-42cc-b233-fa5e90258116,1500000,2500000,500000,3,,18,24,30,40,,,,,,00000000-0000-0000-0000-000000000001,,2025-1-1 23:59,2025-1-1 23:59
13f6abbd-031f-4f64-a800-910f5389ef7c,98ecc642-3342-4704-bc19-7da7d34461df,3000000,10000000,750000,25,,12,24,25,30,,,,,,00000000-0000-0000-0000-000000000001,,2025-1-1 23:59,2025-1-1 23:59
2f266bc9-8d72-4332-b488-60562eac66ad,290bec96-ad40-46e1-ad88-33c3cf6536b9,3000000,5000000,300000,0,,24,36,35,35,,,,,,00000000-0000-0000-0000-000000000001,,2025-1-1 23:59,2025-1-1 23:59
5ff35468-a240-44a8-a4a4-36d22963b28a,0ce95acf-1221-45aa-ae6a-d496a33d1fa8,1000000,2000000,500000,17,,18,30,20,28,,,,,,00000000-0000-0000-0000-000000000001,,2025-1-1 23:59,2025-1-1 23:59
f4cb9c15-45b1-426b-8bd8-0071dd758a25,3d7a177b-20bf-4b7d-a8a1-7c3514daa4a5,4500000,5000000,300000,35,,24,36,20,20,,,,,,00000000-0000-0000-0000-000000000001,,2025-1-1 23:59,2025-1-1 23:59
0d0e0743-530f-44e2-ae9e-d0f02cf45b0c,2155ba74-85c2-4123-9485-75b3c9e07def,2000000,3000000,250000,0,,12,24,25,35,,,,,,00000000-0000-0000-0000-000000000001,,2025-1-1 23:59,2025-1-1 23:59
5641492f-8fa3-4029-ad3b-f0694af46d07,a61d62b8-582d-4179-9603-789f0ee2bece,1700000,2500000,,0,,12,24,35,45,,,,,,00000000-0000-0000-0000-000000000001,,2025-1-1 23:59,2025-1-1 23:59
419765d6-c575-40a1-9b5e-3bf7c120261c,7cbee3c6-e9d5-40f1-9be2-ac2fe5053add,1000000,2000000,,0,,12,24,30,50,,,,,,00000000-0000-0000-0000-000000000001,,2025-1-1 23:59,2025-1-1 23:59
447e141c-a7a9-49cc-8f99-206bfbf55f7a,ca257ac6-7d5b-4292-a6e1-9d71b5c73ada,5000000,10000000,,20,,24,36,25,35,,,,,,00000000-0000-0000-0000-000000000001,,2025-1-1 23:59,2025-1-1 23:59
477f741b-27a1-48c8-99fd-6f3d9fa76a5d,80126705-23b0-47c5-bf0b-bcce2bb4b417,2000000,3000000,500000,8,,18,24,18,18,,,,,,00000000-0000-0000-0000-000000000001,,2025-1-1 23:59,2025-1-1 23:59
281dc1e8-3ea6-49c0-ad4d-6fe8622e48f9,ae70ee5e-ea25-47b0-9b80-aba3400b5cd3,200000,500000,300000,0,,12,24,100,100,,,,,,00000000-0000-0000-0000-000000000001,,2025-1-1 4:14,2025-1-1 4:14
c6e060ce-da0a-4c77-9d82-08903e10f9fe,f648ef1c-c7c1-4d7f-b04a-91bf04a6718d,500000,1000000,300000,45,,12,24,80,80,,,,,,00000000-0000-0000-0000-000000000001,,2025-1-1 9:43,2025-1-1 9:43
84ceb445-f048-4cd3-9063-f407bcd94051,319210e7-b5f8-45c0-a3d0-9e384b46c5ca,1000000,2000000,1000000,0,,12,24,100,100,,,,,,00000000-0000-0000-0000-000000000001,,2025-1-1 10:03,2025-1-1 10:03
de286115-4037-4437-bab5-fdb7be4816a0,58b4e1a8-1418-4da0-a57e-23d285891faf,5000000,10000000,5000000,25,,3,4,47,47,,,,,,00000000-0000-0000-0000-000000000001,,2025-1-1 10:23,2025-1-1 10:23
45ad9004-d163-4921-8635-ef292e07c819,b9e6ee77-95a5-4782-819e-2e9f0e39a9db,200000,500000,200000,0,,12,18,20,20,,,,,,00000000-0000-0000-0000-000000000001,,2025-1-1 11:13,2025-1-1 11:13
5d378793-dc6b-4d76-a434-96a0edd9e113,7484b19e-814d-4ca1-bfab-c1050e50b712,200000,500000,300000,0,,12,24,100,100,,,,,,00000000-0000-0000-0000-000000000001,,2025-1-1 14:03,2025-1-1 14:03
edc3dfdc-fbd8-4c3a-acd4-1dae1015f5b1,e0d7a709-6146-4915-83d7-1906b24f9ce6,200000,500000,,25,,6,8,28,28,,,,,,00000000-0000-0000-0000-000000000001,,2025-1-1 15:04,2025-1-1 15:04
87c217dc-ed55-4539-8cef-a654d59aee58,605dc402-64b7-4ba9-9069-e705f4746b7c,500000,1000000,100000,20,,8,10,100,100,,,,,,00000000-0000-0000-0000-000000000001,,2025-1-1 18:18,2025-1-1 18:18
b3b6376c-44f2-4953-a4eb-f61aad34a7bf,3f8fddd3-f75d-4d55-8622-c998930adc92,500000,1000000,200000,30,,9,11,20,20,,,,,,00000000-0000-0000-0000-000000000001,,2025-1-1 19:09,2025-1-1 19:09
ca41b8ff-238c-4c65-8d7f-0b1fb4c978b0,be9dc891-8287-4cbd-9093-b658cae87d07,1500000,4000000,800000,8,,12,18,40,55,,,,,,00000000-0000-0000-0000-000000000001,,2025-1-1 23:59,2025-1-1 23:59
33cbf9b9-b086-4b67-96c0-7b71650920e2,20eb604e-6144-4ec8-9dfc-e504cfc576ea,1500000,3000000,600000,6,,12,18,35,60,,,,,,00000000-0000-0000-0000-000000000001,,2025-1-1 23:59,2025-1-1 23:59
8d60485d-0b7c-4f10-9c64-2e7c5f00bd93,945cd8b9-47c7-4093-b0ea-4531c6ced200,1200000,2500000,600000,6,,10,18,35,50,,,,,,00000000-0000-0000-0000-000000000001,,2025-1-1 23:59,2025-1-1 23:59
31cff207-a723-4bb9-aead-3a44a3651a1b,23483a03-aa1e-4e9e-862e-23a723901474,700000,1500000,200000,12,,6,11,40,50,,,,,,00000000-0000-0000-0000-000000000001,,2025-1-1 23:59,2025-1-1 23:59
ec244f5f-1a2c-4d90-ad0e-dae2a5d20cc1,70628840-212f-4377-8b18-8aa145bc292a,1200000,5000000,300000,5,,18,24,40,40,,,,,,00000000-0000-0000-0000-000000000001,,2025-1-1 23:59,2025-1-1 23:59
556fe543-0f92-4191-ac89-98d2f0835bce,6855aba8-d2c9-4cd6-aa86-bed08d0acfc8,500000,1000000,200000,,,6,11,100,100,,,,,,00000000-0000-0000-0000-000000000001,,2025-1-1 23:59,2025-1-1 23:59
724ec13c-3e19-48f9-b3b9-b0d755c30fa0,9bb91606-f058-4164-bcaa-87892da94227,500000,1000000,,0,,12,18,20,30,,,,,,00000000-0000-0000-0000-000000000001,,2025-1-1 23:59,2025-1-1 23:59
72ea86ae-205e-4cec-924a-15cd002c9888,5f399d54-407c-4b4a-98c7-aef9ad1600c6,2000000,5000000,600000,5,,18,24,25,35,,,,,,00000000-0000-0000-0000-000000000001,,2025-1-1 23:59,2025-1-1 23:59
a2352de2-88a2-46f7-be85-ffe20a8abb90,489d88bf-1f8d-4de9-b7f1-a863268d3126,200000,1800000,,0,,6,24,10,25,,,,,,00000000-0000-0000-0000-000000000001,,2025-1-1 23:59,2025-1-1 23:59
28d51a30-32a3-4a8a-86e4-f48287636abb,f1ce23fc-d9bd-4514-83be-543b30357cb1,1200000,2000000,500000,0,,12,24,50,60,,,,,,00000000-0000-0000-0000-000000000001,,2025-1-1 3:53,2025-1-1 3:53
1ac537e7-91d9-4b70-be16-632ed5e76234,4af9efb4-507c-4d83-bac1-bfcb915174a4,1000000,2000000,300000,5,,12,24,62,62,,,,,,00000000-0000-0000-0000-000000000001,,2025-1-1 14:42,2025-1-1 14:42
c6e19081-4482-4a0c-9e52-e8228113bdca,38561e9f-265f-4bd5-9e6f-4d4c001fab1e,2000000,3000000,200000,10,,8,12,80,80,,,,,,00000000-0000-0000-0000-000000000001,,2025-1-1 20:48,2025-1-1 20:48
a117a46e-10bd-4136-868e-c4b3669d8125,fb0b305f-4c8f-43af-acc7-5619797e05a7,200000,1500000,150000,2,,12,24,40,40,,,,,,00000000-0000-0000-0000-000000000001,,2025-1-1 22:10,2025-1-1 22:10
ed5d49e9-f806-4758-bd19-86fe335370fc,fbb1242f-32be-4c01-b085-b98486a13802,1000000,2500000,400000,5,,12,14,30,30,,,,,,00000000-0000-0000-0000-000000000001,,2025-1-1 23:57,2025-1-1 23:57
f9eba1a7-a5ff-4e76-8c07-ad2a3f615ec6,bb624860-ff6d-416a-bd40-2458aeefed6c,1000000,1500000,250000,,,9,11,,,,,,,,00000000-0000-0000-0000-000000000001,,2025-1-1 23:59,2025-1-1 23:59
36347fdc-9f2b-449f-8b46-22dbfa692eb1,d93c950c-ab6f-4a07-b92b-33b89adc419b,1500000,2000000,500000,5,,12,24,30,40,,,,,,00000000-0000-0000-0000-000000000001,,2025-1-1 23:59,2025-1-1 23:59
7756c6ac-6bf3-4b04-9620-488cbc5a9e14,12c8ab8c-e4fd-4910-8bce-ef630b9e6491,3000000,5000000,650000,7,,24,36,36,36,,,,,,00000000-0000-0000-0000-000000000001,,2025-1-1 11:49,2025-1-1 11:49
492edb5e-fa3f-48a9-b361-349265a00639,64afff51-8b14-4193-a750-6c03763a23b4,2000000,3000000,500000,16,,6,12,30,50,,,,,,00000000-0000-0000-0000-000000000001,,2025-1-1 23:59,2025-1-1 23:59
8e72dacd-a3e9-43b7-8989-f2257181a19c,3431dd32-d63e-4fce-8a7b-488a02dadf73,500000,1000000,200000,2,,12,24,40,60,,,,,,00000000-0000-0000-0000-000000000001,,2025-1-1 23:59,2025-1-1 23:59
e4266211-c248-445d-95c3-a54f796fedcc,c6444da3-7bf0-44e7-a219-85d4e84bded4,17500000,25000000,500000,0,,36,48,12,24,,,,,,00000000-0000-0000-0000-000000000001,,2025-1-1 23:59,2025-1-1 23:59
e6c9e962-7258-4173-902e-857900f72892,b702b30c-ea16-4a5b-8d78-13f8c41c51d3,2000000,3000000,500000,35,,12,12,70,70,,,,,,00000000-0000-0000-0000-000000000001,,2025-1-1 23:59,2025-1-1 23:59
e7b560b0-b372-4da2-bab9-925e2fc8c246,7d07fbd9-d1a5-4820-8ff8-c1120ea6ff06,1000000,2000000,200000,30,,24,36,30,30,,,,,,00000000-0000-0000-0000-000000000001,,2025-1-1 23:59,2025-1-1 23:59
3399057e-b1d4-4719-be16-0e2707a249e1,0b66ede6-6a9d-4dc1-a71e-d4ac5db22f6f,800000,1500000,150000,25,,24,36,25,40,,,,,,00000000-0000-0000-0000-000000000001,,2025-1-1 23:59,2025-1-1 23:59
fe00483e-0fb8-497f-8c60-ca12abffc88e,606a879b-da69-4f28-bb62-7d6928c5bfda,3000000,5000000,236000,38,,12,36,62,62,,,,,,00000000-0000-0000-0000-000000000001,,2025-1-1 23:59,2025-1-1 23:59
d1c20a35-eb2b-4531-a777-9cc9ba0e06e1,51de79ee-7094-4b9e-8fd8-36c14770b17d,3000000,5000000,500000,38,,12,24,50,50,,,,,,00000000-0000-0000-0000-000000000001,,2025-1-1 23:59,2025-1-1 23:59
61bf243f-3c34-40d7-8616-1e0bdb61aadc,1fac6fce-3ca3-41c6-a470-541370486496,5000000,10000000,60000,20,,24,36,40,40,,,,,,00000000-0000-0000-0000-000000000001,,2025-1-1 23:59,2025-1-1 23:59
a3c5626c-dbf2-4cfe-b718-a4bbd73ba5a4,7ead3192-9970-4ca4-9492-1e653cba5c40,5000000,10000000,1000000,5,,12,24,99,99,,,,,,00000000-0000-0000-0000-000000000001,,2025-1-1 23:59,2025-1-1 23:59
0193b99a-0563-46cc-b201-90569a840ec1,b369aafb-788d-48c2-a292-1227e246c5e2,50000,200000,100000,5,,12,24,20,20,,,,,,00000000-0000-0000-0000-000000000001,,2025-1-1 23:59,2025-1-1 23:59
75252b0a-dd99-4295-856a-a69e313c3ffa,4aafb50c-8cb6-4610-9232-89902077d0a3,10000,50000,,,,12,12,50,50,,,,,,00000000-0000-0000-0000-000000000001,,2025-1-1 23:59,2025-1-1 23:59
6862896f-63c7-4e2e-a007-908fbd233046,30a2d954-c1e6-4ca8-8b82-c27241094307,500000,1000000,,,,3,24,100,100,,,,,,00000000-0000-0000-0000-000000000001,,2025-1-1 23:59,2025-1-1 23:59
463872ff-ea85-4493-94ff-68afbee3e021,490c8da9-056b-42c8-953b-790ae0d96980,2000000,3000000,50000,2,,12,36,100,100,,,,,,00000000-0000-0000-0000-000000000001,,2025-1-1 23:59,2025-1-1 23:59
9d67088d-f1e9-4488-988d-85d8ff8936a1,e75e0dd4-68dc-4253-ba10-c66dbc68af66,2000000,3000000,250000,5,,12,12,20,20,,,,,,00000000-0000-0000-0000-000000000001,,2025-1-1 23:59,2025-1-1 23:59
d618d62d-f7b5-4bc2-b364-68cf405e4a65,3ab4cfd1-65bf-4466-b000-fa986136cf8a,500000,1000000,,25,,24,48,25,25,,,,,,00000000-0000-0000-0000-000000000001,,2025-1-1 23:59,2025-1-1 23:59
9983826f-dbf0-4703-badd-dea96e149473,52e386d0-16ce-48fa-91c9-75e6dc633959,50000,200000,,10,,6,8,25,25,,,,,,00000000-0000-0000-0000-000000000001,,2025-1-1 23:59,2025-1-1 23:59
3bf6fbe0-6ab8-4348-88d3-f978971d3d8c,1ae94dc8-64ad-42e0-9650-72d9fe7e83c5,200000,500000,200000,,,,,,,,,,,,00000000-0000-0000-0000-000000000001,,2025-1-1 18:15,2025-1-1 23:59
e29bf1bc-9cee-47b0-887a-35bd824747af,b1966850-3f94-4893-8f7e-c6d27ee51461,20000000,50000000,2000000,,,,,,,,,,,,00000000-0000-0000-0000-000000000001,,2025-1-1 18:15,2025-1-1 23:59
6d11c0ae-8e3f-411b-967a-13ebd29890af,3fdfc493-e614-4001-b564-8169665b6043,5000000,7500000,500000,,,,,,,,,,,,00000000-0000-0000-0000-000000000001,,2025-1-1 18:15,2025-1-1 23:59
d01d9825-cb36-4588-81f9-53a3ad523557,7c3e49a3-81b4-48ae-b744-c00b8dc05568,5000000,7500000,200000,,,,,,,,,,,,00000000-0000-0000-0000-000000000001,,2025-1-1 18:15,2025-1-1 23:59
d3da45b3-0074-4209-acc9-6d6c93ddc7aa,5c90c0fb-38e7-441d-a4b3-932c8d19d915,,,,,,,,,,,,,,,00000000-0000-0000-0000-000000000001,,2025-1-1 18:15,2025-1-1 23:59
a84c3717-c831-4817-893c-777f7b35a391,58e2d28f-d82e-4377-ae5d-34600e0382a9,100000,200000,,,,,,,,,,,,,00000000-0000-0000-0000-000000000001,,2025-1-1 18:15,2025-1-1 23:59
cff8a4f6-d587-4e8f-aee7-62749399193e,9dfffdd4-1e58-4269-9d0e-cf773083ffaf,1000000,1500000,200000,,,,,,,,,,,,00000000-0000-0000-0000-000000000001,,2025-1-1 18:15,2025-1-1 23:59
1e26c699-fa2a-4593-8b35-b077edf7c0c7,b6cb22e1-d94a-4a31-a69c-d7cebd7e2da1,50000000,100000000,500000,,,,,,,,,,,,00000000-0000-0000-0000-000000000001,,2025-1-1 18:15,2025-1-1 23:59
9f967f99-61b4-406d-ad55-198f761999f2,b5e867d7-e04d-4974-b1dc-1e8d7a45c77f,7500000,10000000,200000,,,,,,,,,,,,00000000-0000-0000-0000-000000000001,,2025-1-1 18:15,2025-1-1 23:59
e05b5980-e2df-449b-917f-33f6d4900d6a,5d6e645a-ca76-4ed6-9c3a-65688ee1dd02,2000000,3000000,500000,,,,,,,,,,,,00000000-0000-0000-0000-000000000001,,2025-1-1 18:15,2025-1-1 23:59
04341f3f-d231-41ed-8f36-0a4188d7cd13,9aaac6a3-893d-407f-bc56-2440ef3e5e74,1000000,1500000,200000,,,,,,,,,,,,00000000-0000-0000-0000-000000000001,,2025-1-1 18:15,2025-1-1 23:59
9148a624-6a7a-4703-b5bc-5ec32577f909,6efcf26f-b96d-467f-b08d-40957a446d85,1000000,1500000,500000,,,,,,,,,,,,00000000-0000-0000-0000-000000000001,,2025-1-1 18:15,2025-1-1 23:59
16c7422c-33a5-45b8-a4ae-b3b98342115f,5aec5231-9a13-4ec6-b378-d5964efadc4a,1500000,2000000,200000,,,,,,,,,,,,00000000-0000-0000-0000-000000000001,,2025-1-1 18:15,2025-1-1 23:59
31a31d3b-4efe-454b-aa2f-f807c55a9428,f8b3e14e-2a1b-4ca1-a862-ff8ba9e173ca,7500000,10000000,500000,,,,,,,,,,,,00000000-0000-0000-0000-000000000001,,2025-1-1 18:15,2025-1-1 23:59
2a9067bc-a23e-41b9-9a04-f3ea8ad6942a,2181d9cf-6d6b-4078-acee-317b4cc66ce9,1000000,1500000,200000,,,,,,,,,,,,00000000-0000-0000-0000-000000000001,,2025-1-1 18:15,2025-1-1 23:59
9730333a-6b19-4e9b-882e-73323e961ccf,42b424ae-4fe6-499f-8da7-eba2f6369b6b,1000000,1500000,200000,,,,,,,,,,,,00000000-0000-0000-0000-000000000001,,2025-1-1 18:15,2025-1-1 23:59
714ff398-809d-42d2-ad2b-3280a60f432d,c6e5a3dd-2b86-49aa-b104-e0a6873c8d0a,3000000,4000000,200000,,,,,,,,,,,,00000000-0000-0000-0000-000000000001,,2025-1-1 18:15,2025-1-1 23:59
83c3e550-7e18-4123-a5c5-74a86fe60e39,d38aabdb-219c-4f57-a903-7cc8b78a3158,200000,500000,200000,,,,,,,,,,,,00000000-0000-0000-0000-000000000001,,2025-1-1 18:15,2025-1-1 23:59
16ec9cf2-27f4-4c32-9fb7-5e2606d62332,8d1f2c2b-4dd4-4959-8ec7-375edd59f999,1000000,1500000,100000,,,,,,,,,,,,00000000-0000-0000-0000-000000000001,,2025-1-1 18:15,2025-1-1 23:59
3bc4f9f7-9734-4316-b0d8-a593ab8fe485,a7eebaa7-a429-4489-b0f0-1f29b069af63,1500000,2000000,200000,,,,,,,,,,,,00000000-0000-0000-0000-000000000001,,2025-1-1 18:15,2025-1-1 23:59
75e67cd0-404f-4d4c-98a9-f2be71f9f420,496ce3e5-cf47-4bf4-8874-b4572a97def5,10000000,20000000,500000,,,,,,,,,,,,00000000-0000-0000-0000-000000000001,,2025-1-1 18:15,2025-1-1 23:59
51a784a0-e5c6-4180-bd9b-35d9a7486bbc,a42c35fe-e9bd-42b0-8787-966596a54f97,50000000,100000000,2000000,,,,,,,,,,,,00000000-0000-0000-0000-000000000001,,2025-1-1 18:15,2025-1-1 23:59
c15a6a0e-0f34-475e-841a-6619ba7e7d82,5d130317-45b7-4caa-aa92-b38fabf64bd8,5000000,7500000,500000,,,,,,,,,,,,00000000-0000-0000-0000-000000000001,,2025-1-1 18:15,2025-1-1 23:59
0a3da041-536a-418e-ac89-abab89f6d5f4,757661f5-15bb-4634-87a2-e83e5e4ac1be,200000,500000,,,,,,,,,,,,,00000000-0000-0000-0000-000000000001,,2025-1-1 18:15,2025-1-1 23:59
2a74ab75-2a0c-426b-b950-4ff2d05a857b,46bdfbfd-5076-4275-808a-0654c0f16d64,10000000,20000000,1000000,,,,,,,,,,,,00000000-0000-0000-0000-000000000001,,2025-1-1 18:15,2025-1-1 23:59
1f9299ff-4060-4337-b9ec-64b4aba24d88,13b02d85-0b21-41df-a42b-a3e69627c361,3000000,4000000,100000,,,,,,,,,,,,00000000-0000-0000-0000-000000000001,,2025-1-1 18:15,2025-1-1 23:59
f2fcd382-7855-4ad5-b46b-2adaa8332270,685e5824-24fc-4845-b14b-c910e3724267,10000000,20000000,1000000,,,,,,,,,,,,00000000-0000-0000-0000-000000000001,,2025-1-1 18:15,2025-1-1 23:59
6a987563-d161-4131-9f72-2902e57c71bb,c7b53088-088e-47c7-880c-33fff141f5cc,10000000,20000000,,,,,,,,,,,,,00000000-0000-0000-0000-000000000001,,2025-1-1 18:15,2025-1-1 23:59
52547cbe-c8c7-40cd-b2d3-9cc71b2467ea,0c1a24dd-8ba8-49c0-9201-209dcec335ff,4000000,5000000,,,,,,,,,,,,,00000000-0000-0000-0000-000000000001,,2025-1-1 18:15,2025-1-1 23:59
998ef6f3-3548-4586-9553-54cfa717ae8e,513980c6-0171-4aff-a7f3-b55f1a3e291d,7500000,10000000,1500000,,,,,,,,,,,,00000000-0000-0000-0000-000000000001,,2025-1-1 18:15,2025-1-1 23:59
06be745e-2977-475c-ab2d-e95291a131f1,9ed14b2b-c050-40f4-a1be-9a0681fc1fcf,1500000,2000000,500000,,,,,,,,,,,,00000000-0000-0000-0000-000000000001,,2025-1-1 18:15,2025-1-1 23:59
37f803ee-fd63-47fe-8cc8-cbc7855fbe24,306adbb9-1cd9-4b86-a202-0cdd8351a725,500000,1000000,200000,,,,,,,,,,,,00000000-0000-0000-0000-000000000001,,2025-1-1 18:15,2025-1-1 23:59
6e8d3bf0-e14b-4dcb-aeef-930bc8db9103,ac9a69a5-6742-4c61-a0fc-357ffaacb990,4000000,5000000,,,,,,,,,,,,,00000000-0000-0000-0000-000000000001,,2025-1-1 18:15,2025-1-1 23:59
c8420649-eafa-431a-8d2a-7ca3c576d46f,dea2856c-266c-404b-ba9a-660bf0018d47,2000000,3000000,200000,,,,,,,,,,,,00000000-0000-0000-0000-000000000001,,2025-1-1 18:15,2025-1-1 23:59
21f36869-45c2-4857-b052-a4a40d0010dd,6e7e1589-f738-4d22-98b1-15f122e473ce,2000000,3000000,500000,,,,,,,,,,,,00000000-0000-0000-0000-000000000001,,2025-1-1 18:15,2025-1-1 23:59
bac43071-84be-40f8-8673-d5003177f369,1984c3e0-e84b-4f1b-9983-778f9dfd90fc,3000000,4000000,500000,,,,,,,,,,,,00000000-0000-0000-0000-000000000001,,2025-1-1 18:15,2025-1-1 23:59
67b6b66d-0743-44c9-a025-f66a0bbc10fe,fa32c4a3-f72f-4edc-85d4-51bde717a0a9,500000,1000000,,,,,,,,,,,,,00000000-0000-0000-0000-000000000001,,2025-1-1 18:15,2025-1-1 23:59
fd703617-a451-432b-9d58-c56021a19130,add4ca64-cde4-4c81-8e58-d521d898372b,2000000,3000000,500000,,,,,,,,,,,,00000000-0000-0000-0000-000000000001,,2025-1-1 18:15,2025-1-1 23:59
5d42b8cb-d68c-4920-ab63-96d4fba9187f,a39cf9a7-18eb-40d7-a536-ac1a43690702,,,,,,,,,,,,,,,00000000-0000-0000-0000-000000000001,,2025-1-1 18:15,2025-1-1 23:59
3b259ed2-3218-439f-b9d5-e24803edef49,9c4c8994-4d2e-45ee-98ff-0dc08f89f6dc,1500000,2000000,200000,,,,,,,,,,,,00000000-0000-0000-0000-000000000001,,2025-1-1 18:15,2025-1-1 23:59
8daf4f03-3210-47ba-a71f-92630eb1d5b1,11ec541c-8d14-4ee5-ba4c-dabf82387746,1000000,1500000,,,,,,,,,,,,,00000000-0000-0000-0000-000000000001,,2025-1-1 18:15,2025-1-1 23:59
86bf9f67-474f-42bc-add1-663a4e9d7d11,e82dbdfb-34d6-4427-99f1-7334e55a59eb,1000000,1500000,200000,,,,,,,,,,,,00000000-0000-0000-0000-000000000001,,2025-1-1 18:15,2025-1-1 23:59
3ea3376b-ee6a-4a1d-aff3-6747bb0ea911,4a4b2be6-742f-4690-bdb4-7f307761ef4c,1500000,2000000,,,,,,,,,,,,,00000000-0000-0000-0000-000000000001,,2025-1-1 18:15,2025-1-1 23:59
7706ddee-b548-4554-b04a-2fb5f07ecfb3,b30cf2fe-a449-40e7-9afa-3ce7a29cf2ec,20000000,50000000,2000000,,,,,,,,,,,,00000000-0000-0000-0000-000000000001,,2025-1-1 18:15,2025-1-1 23:59
040f450f-529e-477e-86c7-3cff118b7195,7a48f43c-7ccb-480c-8b26-77c5994cb82e,2000000,3000000,500000,,,,,,,,,,,,00000000-0000-0000-0000-000000000001,,2025-1-1 18:15,2025-1-1 23:59
0037b0aa-8b6e-4bb0-974c-fdd7f2d89528,6e313ad1-9e12-4d70-853a-944f567a0acb,200000,500000,100000,,,,,,,,,,,,00000000-0000-0000-0000-000000000001,,2025-1-1 18:15,2025-1-1 23:59
da2f3c67-6b39-4ae2-9e22-96b27ff84cf2,3cac3d1d-27d2-4009-8a0f-9cd03a389407,1000000,1500000,200000,,,,,,,,,,,,00000000-0000-0000-0000-000000000001,,2025-1-1 18:15,2025-1-1 23:59
7f568f2b-bfe0-466e-bc39-d5e6ca89ebd9,0646a3ac-eaf3-406e-ac72-d59fddb63b78,100000,200000,,,,,,,,,,,,,00000000-0000-0000-0000-000000000001,,2025-1-1 18:15,2025-1-1 23:59
c18b29fe-730b-4306-bfa9-4ab38970e8fc,c4c6e592-e9bc-4518-b791-482f31803ead,100000,200000,,,,,,,,,,,,,00000000-0000-0000-0000-000000000001,,2025-1-1 18:15,2025-1-1 23:59
f62e276f-beba-44b3-bc85-f73e8cac20f5,b99cc638-61d0-49c1-ba47-9fbd822a1ccf,7500000,10000000,500000,,,,,,,,,,,,00000000-0000-0000-0000-000000000001,,2025-1-1 18:15,2025-1-1 23:59
5e4ab921-7716-4b7e-ad51-2c454510c995,91dd4711-5e07-4a7e-8a75-d8384fc158b9,1000000,1500000,100000,,,,,,,,,,,,00000000-0000-0000-0000-000000000001,,2025-1-1 18:15,2025-1-1 23:59
b1a52827-6ecc-4e31-8db3-a00d79f8d5f7,3b4bb16e-1882-4bbf-b79f-0ffd13491af4,500000,1000000,100000,,,,,,,,,,,,00000000-0000-0000-0000-000000000001,,2025-1-1 18:15,2025-1-1 23:59
f9cb7db4-63b0-428d-bac2-07eb6e7032bd,5e12d3d4-5738-4955-94e3-03608f6a6ab8,1500000,2000000,200000,,,,,,,,,,,,00000000-0000-0000-0000-000000000001,,2025-1-1 18:15,2025-1-1 23:59
698c40d0-9b37-4dbd-9694-aabc1afc2382,3ae8b196-9e9d-443e-b1e5-df65526686e3,200000,500000,100000,,,,,,,,,,,,00000000-0000-0000-0000-000000000001,,2025-1-1 18:15,2025-1-1 23:59
cde68a5e-f736-44c8-b6ff-77bc48a064d7,146c0b9a-7f1a-4349-acbb-9e635b67f0ed,1500000,2000000,200000,,,,,,,,,,,,00000000-0000-0000-0000-000000000001,,2025-1-1 18:15,2025-1-1 23:59
d9cfe2de-e77f-495c-b42e-57d0e015f81e,668b8c49-6dd3-4e0d-ab5a-1ae6a0e1829d,10000000,20000000,100000,,,,,,,,,,,,00000000-0000-0000-0000-000000000001,,2025-1-1 18:15,2025-1-1 23:59
8591aa34-2daf-449a-a888-45b974eea68e,f3a87cae-1f95-490d-9dbc-8f0759a06895,2000000,3000000,200000,,,,,,,,,,,,00000000-0000-0000-0000-000000000001,,2025-1-1 18:15,2025-1-1 23:59
73997cdf-a400-434b-9e5b-87c964333fda,58e082bd-8ad9-4ee9-92ca-be29f3892f4b,200000,500000,50000,,,,,,,,,,,,00000000-0000-0000-0000-000000000001,,2025-1-1 18:15,2025-1-1 23:59
447ec411-1b8c-40d8-88f4-0615a4ed7a7a,5ac44d91-d7c0-4ddb-ba5c-e152d8954bf7,2000000,3000000,1500000,,,,,,,,,,,,00000000-0000-0000-0000-000000000001,,2025-1-1 18:15,2025-1-1 23:59
2d99ad17-7449-40f5-a3b7-28e1e43408a3,be84dd74-61cb-46bf-b3a8-953d79be7933,10000000,20000000,2000000,,,,,,,,,,,,00000000-0000-0000-0000-000000000001,,2025-1-1 18:15,2025-1-1 23:59
70bc9b08-07ec-4e44-acbd-7d0b92495510,a1396a46-d38e-4e0b-877e-7e0fd55be66a,2000000,3000000,,,,,,,,,,,,,00000000-0000-0000-0000-000000000001,,2025-1-1 18:15,2025-1-1 23:59
fece5801-4c6c-4d9e-b21d-60fa4316e101,368e80d9-3ba0-46d2-9979-67cbdb69ce6f,2000000,3000000,500000,,,,,,,,,,,,00000000-0000-0000-0000-000000000001,,2025-1-1 18:15,2025-1-1 23:59
0b3705a2-1208-498e-ad90-4155462dd9e7,0db4c3ee-7282-42aa-be41-21732c3658b6,2000000,3000000,200000,,,,,,,,,,,,00000000-0000-0000-0000-000000000001,,2025-1-1 18:15,2025-1-1 23:59
8cca8eeb-f27c-4540-b122-f839ad87b691,3f29e1a8-d818-4cc7-ae35-d92c4bcfa357,10000000,20000000,2000000,,,,,,,,,,,,00000000-0000-0000-0000-000000000001,,2025-1-1 18:15,2025-1-1 23:59
9f062af8-bd72-4baf-bba8-237749cb53a8,a5e859b4-6b8c-4036-b87b-04a4cb2b0181,,,200000,,,,,,,,,,,,00000000-0000-0000-0000-000000000001,,2025-1-1 18:15,2025-1-1 23:59
c1296743-2280-499a-a0bd-c56b22ae3073,49b564d1-e211-41fb-901b-bc102d9bea80,20000000,50000000,500000,,,,,,,,,,,,00000000-0000-0000-0000-000000000001,,2025-1-1 18:15,2025-1-1 23:59
5b23670f-d3b7-4836-9b0d-a67078171ba4,f75aaa41-acce-4021-99a0-070a49650240,1500000,2000000,,,,,,,,,,,,,00000000-0000-0000-0000-000000000001,,2025-1-1 18:15,2025-1-1 23:59
63e6a5f5-9ec2-4c3d-9a8b-1cb1fa7357be,e2d6be80-968a-41d6-985c-3d1526410c64,5000000,7500000,500000,,,,,,,,,,,,00000000-0000-0000-0000-000000000001,,2025-1-1 18:15,2025-1-1 23:59
9c1f68cb-42c0-4278-aaff-a6f909eb1336,4412b726-961e-4fd1-8338-a5b8552490bc,20000000,50000000,200000,,,,,,,,,,,,00000000-0000-0000-0000-000000000001,,2025-1-1 18:15,2025-1-1 23:59
5e50ebee-4f78-4a93-af4c-eaa20cc8eff2,ffc26e8a-e1ca-436f-86c0-8947b436fd79,5000000,7500000,,,,,,,,,,,,,00000000-0000-0000-0000-000000000001,,2025-1-1 18:15,2025-1-1 23:59
886b7d5f-fc3f-4107-b821-5beff9aaf23c,7e6708bc-282e-4db5-b896-947f0d407cb2,20000000,50000000,500000,,,,,,,,,,,,00000000-0000-0000-0000-000000000001,,2025-1-1 18:15,2025-1-1 23:59
747b5b4b-a2fb-48f4-ad53-0b8e85471495,63e8fcdd-17af-4413-8cd1-39e2012795b1,7500000,10000000,,,,,,,,,,,,,00000000-0000-0000-0000-000000000001,,2025-1-1 18:15,2025-1-1 23:59
b468e7b7-ddaf-47f3-a40f-5ad97070aefe,b92f6992-01e1-4a17-ae71-059cf3c0f4c5,,,,,,,,,,,,,,,00000000-0000-0000-0000-000000000001,,2025-1-1 18:15,2025-1-1 23:59
f328b35c-57d4-47d5-8d26-c839cd9841f9,9cb52bae-6893-483a-9614-22be48d7030a,,,,,,,,,,,,,,,00000000-0000-0000-0000-000000000001,,2025-1-1 18:15,2025-1-1 23:59
bbd1e29a-16ef-4cfc-b1b3-9b291d1df3d1,06b6e3d7-2a69-4879-8453-d20a2e06ac72,2000000,3000000,500000,,,,,,,,,,,,00000000-0000-0000-0000-000000000001,,2025-1-1 18:15,2025-1-1 23:59
286eb8a2-52a7-40e6-8fac-43e194f0307b,4dba6b15-ff3f-4c41-8b51-0946518c35ab,4000000,5000000,,,,,,,,,,,,,00000000-0000-0000-0000-000000000001,,2025-1-1 18:15,2025-1-1 23:59
d9ab9973-5cfb-493d-8c5a-133132a8397c,1aee7828-e8ca-4951-b955-3d272a66dbc4,500000,1000000,50000,,,,,,,,,,,,00000000-0000-0000-0000-000000000001,,2025-1-1 18:15,2025-1-1 23:59
b95f0563-ec29-4945-b64f-c854dc901fbc,641d1345-19c9-4711-89e0-b9bd5db58643,500000,1000000,100000,,,,,,,,,,,,00000000-0000-0000-0000-000000000001,,2025-1-1 18:15,2025-1-1 23:59
223c0d78-507d-4bc7-ac9d-1c3369f2472a,e22fba63-c32b-4be4-8707-c42476609842,3000000,4000000,,,,,,,,,,,,,00000000-0000-0000-0000-000000000001,,2025-1-1 18:15,2025-1-1 23:59
dd255395-71be-419e-840d-a98f489c8ac9,9d3c202d-9381-4147-92a2-c889ecd68121,1000000,1500000,200000,,,,,,,,,,,,00000000-0000-0000-0000-000000000001,,2025-1-1 18:15,2025-1-1 23:59
2fea898e-fbe4-4682-bf6a-86bcae775fed,f73cf74b-e2d3-469e-959f-52fc1a245bce,,,1000000,,,,,,,,,,,,00000000-0000-0000-0000-000000000001,,2025-1-1 18:15,2025-1-1 23:59
fcce4da4-8c54-4e34-bb6c-cbe33b8e5ab1,2ab72a84-be1d-4f96-bfc6-cbf4113c345d,2000000,3000000,,,,,,,,,,,,,00000000-0000-0000-0000-000000000001,,2025-1-1 18:15,2025-1-1 23:59
84e9cd3b-e095-4ce8-93b1-6c76d16f1e0d,f90c3450-c059-4971-afde-fa199ffc1790,,50000,,,,,,,,,,,,,00000000-0000-0000-0000-000000000001,,2025-1-1 18:15,2025-1-1 23:59
5488c153-4f65-4b9d-ac6c-cf84b57be906,8ffc9f7a-c3a4-404a-8794-b81f3fa7176d,7500000,10000000,200000,,,,,,,,,,,,00000000-0000-0000-0000-000000000001,,2025-1-1 18:15,2025-1-1 23:59
0c952219-d640-4583-92b7-2db0314dd3dd,2bded616-68d1-448d-ae54-1bcf470b058f,3000000,4000000,50000,,,,,,,,,,,,00000000-0000-0000-0000-000000000001,,2025-1-1 18:15,2025-1-1 23:59
16517c2a-44d3-4c32-9005-459f6e117df2,61a026f1-84fe-4e23-981c-dc964514ca67,1500000,2000000,200000,,,,,,,,,,,,00000000-0000-0000-0000-000000000001,,2025-1-1 18:15,2025-1-1 23:59
a9b8ff95-0e0d-4d23-a43a-ee84f0994283,d39d234b-6ab8-4219-809e-d08dcb0e0f25,100000,200000,,,,,,,,,,,,,00000000-0000-0000-0000-000000000001,,2025-1-1 18:15,2025-1-1 23:59
538dd8ac-1fd6-498e-ae47-7fe3168fe3bd,5e827729-112a-49f4-8575-eb8cfc74b271,2000000,3000000,50000,,,,,,,,,,,,00000000-0000-0000-0000-000000000001,,2025-1-1 18:15,2025-1-1 23:59
ec773317-3b9c-4cdf-9368-da5dad8f5539,72e6add9-4743-4221-8a37-504502dbca6b,2000000,3000000,100000,,,,,,,,,,,,00000000-0000-0000-0000-000000000001,,2025-1-1 18:15,2025-1-1 23:59
4cb85a63-cead-4151-82c6-06a84b0d5558,8bda802f-25a5-4d3b-a073-e775b8254f4d,,,,,,,,,,,,,,,00000000-0000-0000-0000-000000000001,,2025-1-1 18:15,2025-1-1 23:59
9a2fc21d-cf55-45ce-b006-f72aa80fd546,ad2f745b-ddda-4165-b428-6274b3a3294c,2000000,3000000,100000,,,,,,,,,,,,00000000-0000-0000-0000-000000000001,,2025-1-1 18:15,2025-1-1 23:59
4d7ba4f8-5f92-4e40-9f32-48d9a806ae4a,26e419c5-022d-401b-81b0-e1c58f24aa39,200000,500000,,,,,,,,,,,,,00000000-0000-0000-0000-000000000001,,2025-1-1 18:15,2025-1-1 23:59
9610a77b-c772-42fe-b5ed-2422a40b0f1f,ee22ea13-04d5-4669-b113-1ee8a1c679f7,50000,100000,,,,,,,,,,,,,00000000-0000-0000-0000-000000000001,,2025-1-1 18:15,2025-1-1 23:59
e2925911-75e7-4dba-adce-d0249738e4f1,dbe4e874-1e0a-44f1-9c88-23243a97f81d,2000000,3000000,200000,,,,,,,,,,,,00000000-0000-0000-0000-000000000001,,2025-1-1 18:15,2025-1-1 23:59
64a167b3-20c1-46b6-b6a1-c5ae9bbdcc1a,7b1471a1-c276-4f1c-9750-efa7cf61e6f1,10000000,20000000,,,,,,,,,,,,,00000000-0000-0000-0000-000000000001,,2025-1-1 18:15,2025-1-1 23:59
0653ab06-6543-4fae-8b0e-943c8c0b0b75,285a8087-2909-4baa-b959-149231119cea,1500000,2000000,100000,,,,,,,,,,,,00000000-0000-0000-0000-000000000001,,2025-1-1 18:15,2025-1-1 23:59
be339f5c-8195-48a2-94eb-3186fa93620e,7d4c71df-a292-4891-88e5-5beda4329583,1000000,1500000,,,,,,,,,,,,,00000000-0000-0000-0000-000000000001,,2025-1-1 18:15,2025-1-1 23:59
b8c612f8-e217-4e5e-bffe-9396b10ae246,c1719752-43d5-4d87-bc55-62bed966380d,1500000,2000000,200000,,,,,,,,,,,,00000000-0000-0000-0000-000000000001,,2025-1-1 18:15,2025-1-1 23:59
48634715-5980-4fa6-8750-04d0a3d45631,757c944a-c4f9-4134-9add-083e6a6d56fd,2000000,3000000,,,,,,,,,,,,,00000000-0000-0000-0000-000000000001,,2025-1-1 18:15,2025-1-1 23:59
3f38d63e-34f2-47f9-95a6-394eba40d3e0,4e56972b-761c-4f40-9a9f-7f636ecd4200,7500000,10000000,50000,,,,,,,,,,,,00000000-0000-0000-0000-000000000001,,2025-1-1 18:15,2025-1-1 23:59
88a1fc5a-9bad-4c0e-b80b-82054978d861,da3d6166-4173-4a53-99bd-458944546172,1000000,1500000,,,,,,,,,,,,,00000000-0000-0000-0000-000000000001,,2025-1-1 18:15,2025-1-1 23:59
447de0aa-6f5c-4795-8b07-63d0cfd86f68,33e33b88-95cc-4c7c-86f6-bb90ba44b957,200000,500000,,,,,,,,,,,,,00000000-0000-0000-0000-000000000001,,2025-1-1 18:15,2025-1-1 23:59
22c9b570-6ec4-4a0c-9ac4-8a2072d80b57,22315914-73c8-4e93-bffa-3e10e9040df0,1000000,1500000,,,,,,,,,,,,,00000000-0000-0000-0000-000000000001,,2025-1-1 18:15,2025-1-1 23:59
581fbcab-1b91-4862-a231-0c16b3fcbe29,f14dff5b-0538-465c-bc0c-d69cd2276f8e,500000,1000000,100000,,,,,,,,,,,,00000000-0000-0000-0000-000000000001,,2025-1-1 18:15,2025-1-1 23:59
3f12e79a-1a67-430d-91e8-e1e42568e94e,75039b3b-5884-4db7-802a-1aaa9e74a3ec,10000000,20000000,1000000,,,,,,,,,,,,00000000-0000-0000-0000-000000000001,,2025-1-1 18:15,2025-1-1 23:59
b8fba44c-da43-4871-abd2-762c186da4a7,6e8ec2e7-0bdf-4dcd-a470-1796fecfca0e,100000,200000,,,,,,,,,,,,,00000000-0000-0000-0000-000000000001,,2025-1-1 18:15,2025-1-1 23:59
2b036662-295c-4292-bb5b-1a2ffa463122,a98ca601-52f4-442e-88f0-472b1708df1d,10000000,20000000,1000000,,,,,,,,,,,,00000000-0000-0000-0000-000000000001,,2025-1-1 18:15,2025-1-1 23:59
c355e94b-1b07-42c0-b8b4-a871657c81e8,eeb9d325-2e52-4a03-94b8-9a670ad67ec2,2000000,3000000,100000,,,,,,,,,,,,00000000-0000-0000-0000-000000000001,,2025-1-1 18:15,2025-1-1 23:59
433e54a0-ff41-4e19-8961-d9aae37a5b77,2341d0f7-22a2-42e5-9bff-ec9b7adfb974,10000000,20000000,,,,,,,,,,,,,00000000-0000-0000-0000-000000000001,,2025-1-1 18:15,2025-1-1 23:59
de6a6d72-8f75-41f5-9f91-667a526a8038,9972b15c-9e05-4cc9-b316-2f83608ae522,100000,200000,50000,,,,,,,,,,,,00000000-0000-0000-0000-000000000001,,2025-1-1 18:15,2025-1-1 23:59
3218dbd5-2bcd-4c08-b9e3-beaee076fc07,06150d99-d60c-4ac0-8c8f-85c06d1db882,500000,1000000,50000,,,,,,,,,,,,00000000-0000-0000-0000-000000000001,,2025-1-1 18:15,2025-1-1 23:59
522847a3-1c74-44c3-9c29-7dd59fbdfb1f,076f9595-f226-4efe-addd-f5ed721a824d,,,,,,,,,,,,,,,00000000-0000-0000-0000-000000000001,,2025-1-1 18:15,2025-1-1 23:59
8ab872fe-917a-4f82-82dd-b07992f0bb92,aed4ba4a-1cd7-40f2-a2f3-9e984cfa41a7,10000000,20000000,500000,,,,,,,,,,,,00000000-0000-0000-0000-000000000001,,2025-1-1 18:15,2025-1-1 23:59
72b7bfa4-036e-4284-bea8-46ecc437f61d,775e0274-77e9-4ad4-8bfb-c06aa4769738,1000000,1500000,200000,,,,,,,,,,,,00000000-0000-0000-0000-000000000001,,2025-1-1 18:15,2025-1-1 23:59
0f66aba9-c605-4776-8d68-8593a1847162,8f1e19a6-2f62-4caf-9650-4515099fd387,3000000,4000000,1000000,,,,,,,,,,,,00000000-0000-0000-0000-000000000001,,2025-1-1 18:15,2025-1-1 23:59
2c22c944-119b-48d4-a4f8-032a4cc37c57,aa385e8a-8282-4a6b-ba9e-0f4687c5521b,2000000,3000000,100000,,,,,,,,,,,,00000000-0000-0000-0000-000000000001,,2025-1-1 18:15,2025-1-1 23:59
2db1e85d-9b09-4291-9997-59b72c36b132,6bedb6b8-7dce-47de-b44e-d8e064f19564,1500000,2000000,200000,,,,,,,,,,,,00000000-0000-0000-0000-000000000001,,2025-1-1 18:15,2025-1-1 23:59
a4ff49f0-7737-4c24-99be-47021164da57,4de1a6a0-2773-413e-8c96-0f0b26d0c816,200000,500000,50000,,,,,,,,,,,,00000000-0000-0000-0000-000000000001,,2025-1-1 18:15,2025-1-1 23:59
ee673e6e-1b65-48fa-92a9-57c31db4c243,6f207baf-467a-4bc9-9d03-bde54065a98c,4000000,5000000,500000,,,,,,,,,,,,00000000-0000-0000-0000-000000000001,,2025-1-1 18:15,2025-1-1 23:59
c9dd901c-a872-4145-ba45-bb4d61457011,f499f3af-585e-42f3-8e89-14cdcc13fd6b,2000000,3000000,200000,,,,,,,,,,,,00000000-0000-0000-0000-000000000001,,2025-1-1 18:15,2025-1-1 23:59
0cc8e7f3-5e05-4dcb-ad93-234cf2a7c6c5,09b8df2f-b30f-498f-b8f6-92d468d6540b,7500000,10000000,3000000,,,,,,,,,,,,00000000-0000-0000-0000-000000000001,,2025-1-1 18:15,2025-1-1 23:59
a64b6241-2ee3-4e6a-b9d7-f1812e318c60,674336f4-d914-409b-a647-fb25d34bf997,500000,1000000,50000,,,,,,,,,,,,00000000-0000-0000-0000-000000000001,,2025-1-1 18:15,2025-1-1 23:59
acea5be4-aa96-446c-a0fc-67e1db395446,e31242a1-2af2-4f86-9d6c-d03bf00a4344,500000,1000000,,,,,,,,,,,,,00000000-0000-0000-0000-000000000001,,2025-1-1 18:15,2025-1-1 23:59
5fd9979f-3ac3-4462-83f0-529bf7b3c4e0,3c04ecc6-758e-4309-9772-ea49ae30fc60,200000,500000,200000,,,,,,,,,,,,00000000-0000-0000-0000-000000000001,,2025-1-1 18:15,2025-1-1 23:59
0fcbb177-d500-4b73-bc96-501d9deeaf43,82f31048-406f-4d7f-a046-99ec10729294,7500000,10000000,500000,,,,,,,,,,,,00000000-0000-0000-0000-000000000001,,2025-1-1 18:15,2025-1-1 23:59
7f6f92b3-9423-43f9-ac72-cc117c267622,7e62eaf4-e82d-4412-8156-99b31f23d11a,1000000,1500000,500000,,,,,,,,,,,,00000000-0000-0000-0000-000000000001,,2025-1-1 18:15,2025-1-1 23:59
ab389f8e-d7cc-4c80-ab88-4453948a2eec,6e904355-935b-417a-afc4-1c1ee02f6c6e,1500000,2000000,200000,,,,,,,,,,,,00000000-0000-0000-0000-000000000001,,2025-1-1 18:15,2025-1-1 23:59
9610276f-03aa-4e3a-98cd-45e398860070,fa9766ba-6af1-4fe6-9226-2e0127fed0dd,2000000,3000000,200000,,,,,,,,,,,,00000000-0000-0000-0000-000000000001,,2025-1-1 18:15,2025-1-1 23:59
d2994885-ef48-4aa5-bd33-d6065ab316d8,a2806baa-5276-4330-88f9-157074983c9e,10000000,20000000,,,,,,,,,,,,,00000000-0000-0000-0000-000000000001,,2025-1-1 18:15,2025-1-1 23:59
23e09927-41bc-4934-8f4d-2029a7ab1f7d,ca92bdd1-644b-4fc3-b09c-96bb1b3a73f8,3000000,4000000,1000000,,,,,,,,,,,,00000000-0000-0000-0000-000000000001,,2025-1-1 18:15,2025-1-1 23:59
5f40dd10-b534-440e-8093-55cc16b08a79,4a8e40e2-1a1a-4772-91db-67b726796311,1500000,2000000,200000,,,,,,,,,,,,00000000-0000-0000-0000-000000000001,,2025-1-1 18:15,2025-1-1 23:59
64d9e5e8-2b55-40cf-b96b-bd90b3591926,0998e044-04d4-450d-84a4-ee3c9202c54a,2000000,3000000,500000,,,,,,,,,,,,00000000-0000-0000-0000-000000000001,,2025-1-1 18:15,2025-1-1 23:59
745461e2-ae08-4bec-a2b9-ae2c0c1c4968,2c933293-67d1-4607-942f-368e051b750f,1000000,1500000,200000,,,,,,,,,,,,00000000-0000-0000-0000-000000000001,,2025-1-1 18:15,2025-1-1 23:59
20069495-9e71-4dc9-9646-553301b84d40,e99d0859-5f5c-44b7-ac06-667d0a2369b9,5000000,7500000,500000,,,,,,,,,,,,00000000-0000-0000-0000-000000000001,,2025-1-1 18:15,2025-1-1 23:59
9491fd85-2dd7-4735-b78f-b86400faccf6,218c53f0-6e82-4f96-99ff-3c2eb52272e3,1500000,2000000,200000,,,,,,,,,,,,00000000-0000-0000-0000-000000000001,,2025-1-1 18:15,2025-1-1 23:59
bffe3a5d-3c70-42d0-ac6f-d13da7c2a07c,1e28de06-db80-4a2c-aaa8-030a7d216912,1500000,2000000,100000,,,,,,,,,,,,00000000-0000-0000-0000-000000000001,,2025-1-1 18:15,2025-1-1 23:59
7d89d240-a603-4311-9dfe-de97fbfca9cd,f343d665-d06c-4faa-8187-ad6e20892009,1000000,1500000,200000,,,,,,,,,,,,00000000-0000-0000-0000-000000000001,,2025-1-1 18:15,2025-1-1 23:59
c784b828-c72b-4eef-82ef-02e1ab0208c9,4f2a1151-2589-40f8-af5b-e54701367688,1500000,2000000,200000,,,,,,,,,,,,00000000-0000-0000-0000-000000000001,,2025-1-1 18:15,2025-1-1 23:59
973013df-2bdc-4b78-a438-d2e1b8e1123b,5daa71f2-08a5-43cc-89e1-635c356945e4,1000000,1500000,100000,,,,,,,,,,,,00000000-0000-0000-0000-000000000001,,2025-1-1 18:15,2025-1-1 23:59
2d651190-c760-4b94-8769-d4e1bb5f0d93,ba806bbb-f5c0-4134-ab42-4c8563b70467,1500000,2000000,200000,,,,,,,,,,,,00000000-0000-0000-0000-000000000001,,2025-1-1 18:15,2025-1-1 23:59
96720526-c990-4b1d-96b8-fde8d617f45b,66e3a60e-b5dc-4f9c-b0df-26bd3798f3c6,1500000,2000000,200000,,,,,,,,,,,,00000000-0000-0000-0000-000000000001,,2025-1-1 18:15,2025-1-1 23:59
2fdc7045-e1f2-492a-808d-186516594da6,4005711e-07a2-45cc-8977-01fb3982dfef,2000000,3000000,200000,,,,,,,,,,,,00000000-0000-0000-0000-000000000001,,2025-1-1 18:15,2025-1-1 23:59
015eb690-68fd-467b-8604-0520b76aa3c6,c589e3a2-f85f-4f10-b8e3-7046fa1cc8a7,1000000,1500000,50000,,,,,,,,,,,,00000000-0000-0000-0000-000000000001,,2025-1-1 18:15,2025-1-1 23:59
832eab44-748a-4c4b-a514-5aab7c7bbaef,a0a00897-4556-4e9f-b321-063241732b52,4000000,5000000,,,,,,,,,,,,,00000000-0000-0000-0000-000000000001,,2025-1-1 18:15,2025-1-1 23:59
f08bfe48-641d-4618-8c74-0699f4877867,a6bad5c6-1430-47a0-a43d-c2476108cd24,500000,1000000,100000,,,,,,,,,,,,00000000-0000-0000-0000-000000000001,,2025-1-1 18:15,2025-1-1 23:59
8b7db043-0784-4511-9f81-fcf27a73a38b,9e2822ea-83fc-4841-9333-0250b98b5eb1,2000000,3000000,200000,,,,,,,,,,,,00000000-0000-0000-0000-000000000001,,2025-1-1 18:15,2025-1-1 23:59
def7f12f-0ed6-40d2-8ebf-099297ce5a5d,b062b012-f72d-44bb-ad21-d0a179942482,1000000,1500000,200000,,,,,,,,,,,,00000000-0000-0000-0000-000000000001,,2025-1-1 18:15,2025-1-1 23:59
6f8f190d-edcc-4702-ad1f-f8a54f8747df,d0ba7ddc-8dad-46b9-879f-1b41cf94484a,4000000,5000000,1500000,,,,,,,,,,,,00000000-0000-0000-0000-000000000001,,2025-1-1 18:15,2025-1-1 23:59
04f6ab54-0791-43f1-94ce-8e23dc0e6aff,aa9824ad-16d7-4803-ab6c-5fb84749e960,500000,1000000,200000,,,,,,,,,,,,00000000-0000-0000-0000-000000000001,,2025-1-1 18:15,2025-1-1 23:59
5567e4a4-b6c5-4e19-a839-3860c98e7db4,4d7c5f23-550b-4ec4-8bd9-e08d5c620d6d,100000,200000,,,,,,,,,,,,,00000000-0000-0000-0000-000000000001,,2025-1-1 18:15,2025-1-1 23:59
a16fbc54-3756-4251-b977-4ca536f3f889,4d6bbe5d-c539-4253-8e3d-f9d65f2d9cf8,,,200000,,,,,,,,,,,,00000000-0000-0000-0000-000000000001,,2025-1-1 18:15,2025-1-1 23:59
4c391490-145c-4458-85ba-263defd16f62,f4cbd01c-5086-423e-a1f6-435dcf73faee,10000000,20000000,1500000,,,,,,,,,,,,00000000-0000-0000-0000-000000000001,,2025-1-1 18:15,2025-1-1 23:59
ff0c3504-af1e-41f7-be5b-b9a65812a07f,c5aeca23-f605-4353-9da3-4553879fe767,1500000,2000000,200000,,,,,,,,,,,,00000000-0000-0000-0000-000000000001,,2025-1-1 18:15,2025-1-1 23:59
774c6fa4-5506-4985-a39a-110c90507d68,c9b0683f-b9b0-4990-b9a5-cc0aac1a7339,1000000,1500000,200000,,,,,,,,,,,,00000000-0000-0000-0000-000000000001,,2025-1-1 18:15,2025-1-1 23:59
ebf61536-2890-4ae8-b84e-afcc992a832f,820ee065-bd1e-4f26-bfab-9921c1de5e27,1500000,2000000,200000,,,,,,,,,,,,00000000-0000-0000-0000-000000000001,,2025-1-1 18:15,2025-1-1 23:59
55b55213-99e0-4302-a127-6594725a720a,601c379d-c035-4344-8031-fd154696ae58,2000000,3000000,500000,,,,,,,,,,,,00000000-0000-0000-0000-000000000001,,2025-1-1 18:15,2025-1-1 23:59
5a499119-3f33-45d5-b278-8e5543923c16,98ead1d7-7791-4749-b637-de01bcbd79fc,2000000,3000000,500000,,,,,,,,,,,,00000000-0000-0000-0000-000000000001,,2025-1-1 18:15,2025-1-1 23:59
3a82e47d-8ebd-4194-a309-197311d47834,264da3ef-6936-4ac7-aedd-dca2124bfaf7,100000,200000,50000,,,,,,,,,,,,00000000-0000-0000-0000-000000000001,,2025-1-1 18:15,2025-1-1 23:59
75c3736f-e5e8-4c90-ab66-85766a41a3f3,2420d57d-00d0-4bc8-83d3-b2630b0d89ce,3000000,4000000,1000000,,,,,,,,,,,,00000000-0000-0000-0000-000000000001,,2025-1-1 18:15,2025-1-1 23:59
d3b3b990-95c2-4458-a7c0-51e59bd88c8f,55023b30-eb85-4665-b9de-42e3ddab86a5,2000000,3000000,,,,,,,,,,,,,00000000-0000-0000-0000-000000000001,,2025-1-1 18:15,2025-1-1 23:59
97739b7c-497d-462e-9e26-ee45457e5ee4,2d447f80-94eb-4f41-be62-efca2c638f4a,2000000,3000000,100000,,,,,,,,,,,,00000000-0000-0000-0000-000000000001,,2025-1-1 18:15,2025-1-1 23:59
a756d233-92bf-44d3-9a9a-a1e834b34460,ef06aa17-c296-4e34-a384-11667b67f20e,2000000,3000000,200000,,,,,,,,,,,,00000000-0000-0000-0000-000000000001,,2025-1-1 18:15,2025-1-1 23:59
98ad0410-786e-4056-9b17-b5696cdcea9e,2e99317e-e0e2-439e-baaa-a784c7cdab64,1500000,2000000,200000,,,,,,,,,,,,00000000-0000-0000-0000-000000000001,,2025-1-1 18:15,2025-1-1 23:59
8cc46968-a9f4-4ad0-a2e7-4d0bf6716db2,13404652-c573-42cc-8743-5681bd8a8e75,500000,1000000,100000,,,,,,,,,,,,00000000-0000-0000-0000-000000000001,,2025-1-1 18:15,2025-1-1 23:59
efcd6de9-8914-433d-ac04-60afd972b017,cd8b6b50-a004-4dca-a897-8355845accd9,200000,500000,50000,,,,,,,,,,,,00000000-0000-0000-0000-000000000001,,2025-1-1 18:15,2025-1-1 23:59
0e87d7fd-a662-4a34-8006-fc1904fc0413,5b2a4879-83f2-436a-a059-88ad61a67d8d,200000,500000,50000,,,,,,,,,,,,00000000-0000-0000-0000-000000000001,,2025-1-1 18:15,2025-1-1 23:59
bb41cb4b-9627-4498-922b-cbaf3805a070,4769715b-b180-412d-b45e-e1c0d158ccb0,500000,1000000,100000,,,,,,,,,,,,00000000-0000-0000-0000-000000000001,,2025-1-1 18:15,2025-1-1 23:59
1adf3d01-fb61-429b-98eb-c9428a3f2c19,1535d502-0469-4daf-a1d8-160a9bfc25c7,2000000,3000000,1000000,,,,,,,,,,,,00000000-0000-0000-0000-000000000001,,2025-1-1 18:15,2025-1-1 23:59
f5ce9059-32f7-4b2e-8836-0b56ae576643,800ad2a4-73cd-485e-bf95-2811be10c209,500000,1000000,50000,,,,,,,,,,,,00000000-0000-0000-0000-000000000001,,2025-1-1 18:15,2025-1-1 23:59
42ffb907-5a57-4741-80f1-8c9ffbb25b8e,6da0ba7a-7efe-47d8-bb98-631999ec0ed8,500000,1000000,200000,,,,,,,,,,,,00000000-0000-0000-0000-000000000001,,2025-1-1 18:15,2025-1-1 23:59
1b0be5c7-2480-47da-b752-98d30fd25fed,008ba9a0-3420-4c4f-b94b-e98ccfb92464,500000,1000000,200000,,,,,,,,,,,,00000000-0000-0000-0000-000000000001,,2025-1-1 18:15,2025-1-1 23:59
55667af9-09de-4b97-a18a-78552cb4c648,d22f48ae-d7d8-4a74-ac06-5288a1002b49,5000000,7500000,4000000,,,,,,,,,,,,00000000-0000-0000-0000-000000000001,,2025-1-1 18:15,2025-1-1 23:59
aad36b35-0db6-4629-be8b-5099d234423e,342e1393-9b22-4e47-902d-b1ffda543e2b,1500000,2000000,200000,,,,,,,,,,,,00000000-0000-0000-0000-000000000001,,2025-1-1 18:15,2025-1-1 23:59
da002762-e486-4153-8225-9fdb31de87ea,00b912c4-79de-48fc-b9ea-339afe2dc898,500000,1000000,100000,,,,,,,,,,,,00000000-0000-0000-0000-000000000001,,2025-1-1 18:15,2025-1-1 23:59
c1b86ac8-955a-4362-b0eb-5c9ab1ec4aba,414fa8f9-2e34-476a-9214-30c75939ffd9,1500000,2000000,200000,,,,,,,,,,,,00000000-0000-0000-0000-000000000001,,2025-1-1 18:15,2025-1-1 23:59
18a250f8-02c1-4a6b-bd87-b8314172c606,9fefdd2b-67cf-4faf-8cf3-3595045d42b5,2000000,3000000,200000,,,,,,,,,,,,00000000-0000-0000-0000-000000000001,,2025-1-1 18:15,2025-1-1 23:59
d8a3461f-0b96-4c9e-bef0-565e6e678691,625a2450-a4cc-4dd6-a70f-1700e69cebd9,5000000,7500000,1000000,,,,,,,,,,,,00000000-0000-0000-0000-000000000001,,2025-1-1 18:15,2025-1-1 23:59
65a147c4-544f-4ec7-a354-e6d1809a1fab,9842fd12-0947-4aca-b1db-27fd59293d46,2000000,3000000,500000,,,,,,,,,,,,00000000-0000-0000-0000-000000000001,,2025-1-1 18:15,2025-1-1 23:59
eeb5f199-c374-4e19-bbe1-39ce0d773dba,330fae5f-bfe7-4d56-8b99-be93053b076b,3000000,4000000,1000000,,,,,,,,,,,,00000000-0000-0000-0000-000000000001,,2025-1-1 18:15,2025-1-1 23:59
a0b4fe30-f76a-449d-9d21-292b1f05a714,5a16267a-c6bc-48d0-b614-591fe851f2b5,1500000,2000000,200000,,,,,,,,,,,,00000000-0000-0000-0000-000000000001,,2025-1-1 18:15,2025-1-1 23:59
7a4a5989-6bef-4f7c-850e-d37d073da810,d4374ab7-d8cb-40c2-8b18-c303f7ac7180,2000000,3000000,200000,,,,,,,,,,,,00000000-0000-0000-0000-000000000001,,2025-1-1 18:15,2025-1-1 23:59
eb5f61b5-6ff6-4058-9f14-d3717ccdd7fa,78eab194-5c79-41ce-a88e-e2c78a25da83,100000,200000,50000,,,,,,,,,,,,00000000-0000-0000-0000-000000000001,,2025-1-1 18:15,2025-1-1 23:59
a9450e22-208d-49ba-ae74-65996f094468,ddf3c380-a91b-442d-a8dc-c864a9531881,5000000,7500000,200000,,,,,,,,,,,,00000000-0000-0000-0000-000000000001,,2025-1-1 18:15,2025-1-1 23:59
c2f87c5b-6002-467a-a6f6-26ef2c99b705,8a562cfa-8df8-4ede-b1b0-177474181def,3000000,4000000,1000000,,,,,,,,,,,,00000000-0000-0000-0000-000000000001,,2025-1-1 18:15,2025-1-1 23:59
98f3455b-8db8-4e31-b4ce-b63055740f5d,3944e6f4-71a2-427f-9ee9-be9123b4c786,1000000,1500000,200000,,,,,,,,,,,,00000000-0000-0000-0000-000000000001,,2025-1-1 18:15,2025-1-1 23:59
db9ff5ff-642d-4b8d-b326-2b8c82283d6d,893f2e52-6cf6-47d5-b5fe-6b7010a3584c,1000000,1500000,200000,,,,,,,,,,,,00000000-0000-0000-0000-000000000001,,2025-1-1 18:15,2025-1-1 23:59
d4a8fbde-6715-4848-98f3-57c4cdc60f1e,34e45798-1a82-46a3-83f9-fd150db9bcc6,1000000,1500000,200000,,,,,,,,,,,,00000000-0000-0000-0000-000000000001,,2025-1-1 18:15,2025-1-1 23:59
7368565d-2bae-4b66-82dc-13e85aa00b98,1d19375e-a663-4e80-9c08-e2ef1f81c4e1,1000000,1500000,200000,,,,,,,,,,,,00000000-0000-0000-0000-000000000001,,2025-1-1 18:15,2025-1-1 23:59
332b3bd9-94d4-4ccf-a282-f12263d7b90d,694d4780-aba1-4cdd-97f9-b121ed7ddf5b,500000,1000000,100000,,,,,,,,,,,,00000000-0000-0000-0000-000000000001,,2025-1-1 18:15,2025-1-1 23:59
57e01331-3fcb-447b-a1d3-c60ed7efd732,18754059-b1a2-4fe8-82e6-f03b0ab69e27,7500000,10000000,200000,,,,,,,,,,,,00000000-0000-0000-0000-000000000001,,2025-1-1 18:15,2025-1-1 23:59
3349e621-b936-4bbe-aa2f-c73c99c98273,e865848c-9184-4d77-9bd7-d79c7f2ea048,500000,1000000,200000,,,,,,,,,,,,00000000-0000-0000-0000-000000000001,,2025-1-1 18:15,2025-1-1 23:59
f4baddd4-615d-4ee5-85d8-72a4a66c305f,39cc140a-77e5-4be0-b048-fa76b5e1855f,20000000,50000000,2000000,,,,,,,,,,,,00000000-0000-0000-0000-000000000001,,2025-1-1 18:15,2025-1-1 23:59
634b7cff-3759-4d0c-94a6-081f7474db36,1c4932cd-f7cb-470c-9e7a-08490ea8b5fc,2000000,3000000,2000000,,,,,,,,,,,,00000000-0000-0000-0000-000000000001,,2025-1-1 18:15,2025-1-1 23:59
ce915c09-cf91-4001-bd0c-fc9669157316,9fb067d6-2c0b-4f3d-bfda-12def1739c65,7500000,10000000,200000,,,,,,,,,,,,00000000-0000-0000-0000-000000000001,,2025-1-1 18:15,2025-1-1 23:59
08f50560-e973-4692-99f9-3c93b4428152,b7d417e3-d9a7-4353-b135-fb87ea2e6ba9,1500000,2000000,200000,,,,,,,,,,,,00000000-0000-0000-0000-000000000001,,2025-1-1 18:15,2025-1-1 23:59
53825344-793e-48e8-8612-aad53a7e55ee,4d20c862-1540-4355-9d20-1ebac8013e9b,1000000,1500000,200000,,,,,,,,,,,,00000000-0000-0000-0000-000000000001,,2025-1-1 18:15,2025-1-1 23:59
966900bc-7ca2-4f7a-81f7-094b6988032a,a4abc633-5db8-434e-af7d-f0736c5c64b4,4000000,5000000,500000,,,,,,,,,,,,00000000-0000-0000-0000-000000000001,,2025-1-1 18:15,2025-1-1 23:59
2c0057b9-2c2c-4e10-abd2-2a4f35dff2d5,c856bdc2-0ee2-4ead-9cf8-d21a9e1de6ab,500000,1000000,50000,,,,,,,,,,,,00000000-0000-0000-0000-000000000001,,2025-1-1 18:15,2025-1-1 23:59
2616a975-64ca-4bbc-abfb-a07b2c2fa7e0,c1f34d4c-b778-404c-bb6e-f592a1010d35,5000000,7500000,,,,,,,,,,,,,00000000-0000-0000-0000-000000000001,,2025-1-1 18:15,2025-1-1 23:59
0689a187-c21d-4177-8917-d2ab2aff4f91,94f3cf5e-21a0-4e8e-bb8d-fc53ec0e8b05,10000000,20000000,2000000,,,,,,,,,,,,00000000-0000-0000-0000-000000000001,,2025-1-1 18:15,2025-1-1 23:59
b7c3777a-b6a1-490a-8d15-9efe03cdb81b,a1b5ecef-aa15-47c8-8bb3-b82f668853f3,500000,1000000,200000,,,,,,,,,,,,00000000-0000-0000-0000-000000000001,,2025-1-1 18:15,2025-1-1 23:59
ccfc4e25-eb85-4905-8c6e-2cb8979718d8,94dc5440-bcaa-4091-b89d-edeb843b81ba,2000000,3000000,200000,,,,,,,,,,,,00000000-0000-0000-0000-000000000001,,2025-1-1 18:15,2025-1-1 23:59
2bcefc3c-c295-4be0-90e5-499065c944c7,45ee5a61-50be-4fe5-9195-206454f97d63,100000,200000,500000,,,,,,,,,,,,00000000-0000-0000-0000-000000000001,,2025-1-1 18:15,2025-1-1 23:59
7ac9c505-824f-4cc1-99fc-734113525880,fb65cb62-e1a1-438c-8b02-358f665dc97b,1000000,1500000,200000,,,,,,,,,,,,00000000-0000-0000-0000-000000000001,,2025-1-1 18:15,2025-1-1 23:59
4ada2a51-0653-4fef-925a-31780c778fa0,83b62c7c-0856-4a09-91fa-bb84d254aef6,1000000,1500000,200000,,,,,,,,,,,,00000000-0000-0000-0000-000000000001,,2025-1-1 18:15,2025-1-1 23:59
857b8623-687b-4592-ab28-235c87f63c0d,5bf287bf-8e22-4973-81fd-087eba58d107,500000,1000000,200000,,,,,,,,,,,,00000000-0000-0000-0000-000000000001,,2025-1-1 18:15,2025-1-1 23:59
80282923-8213-40e9-9924-417b3aba8ac5,0634f940-c410-4e7e-b782-33b36cd85016,2000000,3000000,1000000,,,,,,,,,,,,00000000-0000-0000-0000-000000000001,,2025-1-1 18:15,2025-1-1 23:59
0c728283-e395-4380-81b2-36413e449312,b09c44a2-eff0-4e76-b866-23cd2d603b28,4000000,5000000,500000,,,,,,,,,,,,00000000-0000-0000-0000-000000000001,,2025-1-1 18:15,2025-1-1 23:59
1d66402d-677b-433f-b12c-a2d622b69ddd,e3219215-b16e-40bf-8d28-da6f983ddbee,50000,100000,,,,,,,,,,,,,00000000-0000-0000-0000-000000000001,,2025-1-1 18:15,2025-1-1 23:59
982046ff-9e9d-4adb-a207-3c5c7d153a2a,99bcfc5c-fc74-43ef-a781-d4b7b80621f9,100000,200000,,,,,,,,,,,,,00000000-0000-0000-0000-000000000001,,2025-1-1 18:15,2025-1-1 23:59
92a39089-5044-41b3-a203-d59261afd4ea,696b600b-1a53-4d5c-8b40-c414f6f63822,50000,100000,,,,,,,,,,,,,00000000-0000-0000-0000-000000000001,,2025-1-1 18:15,2025-1-1 23:59
a310e799-89a6-4655-b975-de3d1b75adf1,8cacf5c0-7d8c-4939-a921-8ae84b7c9fc0,,,,,,,,,,,,,,,00000000-0000-0000-0000-000000000001,,2025-1-1 18:15,2025-1-1 23:59
418745d7-3e4d-4b3c-aab9-0c186b59bc46,0b8a832b-c846-438d-8c85-ecdd14b47e70,1000000,1500000,200000,,,,,,,,,,,,00000000-0000-0000-0000-000000000001,,2025-1-1 18:15,2025-1-1 23:59
9008fb3e-cb50-4033-8688-2e4d7c38dc45,8cc7a8ba-a597-4267-93a8-196fb0748a7b,1500000,2000000,200000,,,,,,,,,,,,00000000-0000-0000-0000-000000000001,,2025-1-1 18:15,2025-1-1 23:59
861244c6-4b29-4e97-abb4-6bd3b2e982f7,1f695f57-2a49-4cfb-9613-1d75681279b0,1500000,2000000,,,,,,,,,,,,,00000000-0000-0000-0000-000000000001,,2025-1-1 18:15,2025-1-1 23:59
dcd9a67b-0395-4de7-88f1-6332b2ed0405,79850dd5-7469-4271-992c-007ecc84f780,200000,500000,100000,,,,,,,,,,,,00000000-0000-0000-0000-000000000001,,2025-1-1 18:15,2025-1-1 23:59
6fc5dd25-00b8-49e2-b819-cdf434bb13f5,484b23d2-ebc1-4024-b15e-74f3b40aa0b5,1500000,2000000,50000,,,,,,,,,,,,00000000-0000-0000-0000-000000000001,,2025-1-1 18:15,2025-1-1 23:59
348237a3-1f26-4ddf-aaa0-442fa602fd88,432cc984-b6b7-444e-bb01-ceaa6b127dc3,1000000,1500000,200000,,,,,,,,,,,,00000000-0000-0000-0000-000000000001,,2025-1-1 18:15,2025-1-1 23:59
f4f53b3c-ab24-4368-8468-3e9de1ff923b,adab9208-83b4-47b4-9add-d80e5fd238df,2000000,3000000,500000,,,,,,,,,,,,00000000-0000-0000-0000-000000000001,,2025-1-1 18:15,2025-1-1 23:59
17c150be-b315-461c-a2ab-04b1dc281a1a,8cec93d5-2b49-4943-b804-edef46fd206a,2000000,3000000,200000,,,,,,,,,,,,00000000-0000-0000-0000-000000000001,,2025-1-1 18:15,2025-1-1 23:59
4975cab7-3330-4145-a2c1-9c1501b94219,fcd94702-e2d2-4b7d-b303-16a6e17dbe5c,7500000,10000000,1000000,,,,,,,,,,,,00000000-0000-0000-0000-000000000001,,2025-1-1 18:15,2025-1-1 23:59
878ad7a0-a72c-4145-a293-8319b0672613,c56a2d53-aae5-4fdd-b0e4-590658870784,2000000,3000000,500000,,,,,,,,,,,,00000000-0000-0000-0000-000000000001,,2025-1-1 18:15,2025-1-1 23:59
c6356673-d65d-40d9-9bea-240673595b3d,2d37c50d-03c4-4bdf-a509-902324703f8f,500000,1000000,200000,,,,,,,,,,,,00000000-0000-0000-0000-000000000001,,2025-1-1 18:15,2025-1-1 23:59
1d6f88a8-7b5c-409b-80be-eb53201e0eaa,55a40515-546a-40d5-8a18-036e2fbe6d71,4000000,5000000,200000,,,,,,,,,,,,00000000-0000-0000-0000-000000000001,,2025-1-1 18:15,2025-1-1 23:59
76a8dd4e-aa2b-41c4-808a-9a82db150bf0,46822ec5-1afb-4114-9ee0-0a879a9665f3,4000000,5000000,200000,,,,,,,,,,,,00000000-0000-0000-0000-000000000001,,2025-1-1 18:15,2025-1-1 23:59
ae3505ae-8702-40be-ad1b-88c2485ac6ba,d3764418-be6a-48a9-94f8-58c2599902aa,5000000,7500000,500000,,,,,,,,,,,,00000000-0000-0000-0000-000000000001,,2025-1-1 18:15,2025-1-1 23:59
f279f515-9f9b-4c73-8f7c-d945426ce65a,35d74cb5-6f4d-47a1-b7cb-e64871ca6483,3000000,4000000,200000,,,,,,,,,,,,00000000-0000-0000-0000-000000000001,,2025-1-1 18:15,2025-1-1 23:59
8097e7ce-f9d2-40a1-a113-6cea45ab398c,1671c4ed-f7ec-4e4b-acf0-4e1dcf4e596c,1000000,1500000,200000,,,,,,,,,,,,00000000-0000-0000-0000-000000000001,,2025-1-1 18:15,2025-1-1 23:59
c75d1469-6b3b-4eb9-931f-db8e3fd4e266,3ab9243a-b512-4d3a-9dca-f953a1e2064f,500000,1000000,,,,,,,,,,,,,00000000-0000-0000-0000-000000000001,,2025-1-1 18:15,2025-1-1 23:59
51f2a588-dd81-4d98-ad48-0e52d4a76d8f,2fa4c9cd-0570-4ba7-bd12-c313c3f0d8b3,1000000,1500000,500000,,,,,,,,,,,,00000000-0000-0000-0000-000000000001,,2025-1-1 18:15,2025-1-1 23:59
36a6ca46-d1f1-4085-b254-fd6466653c5d,04542e80-079f-463b-9835-97dbb107a7b4,100000,200000,100000,,,,,,,,,,,,00000000-0000-0000-0000-000000000001,,2025-1-1 18:15,2025-1-1 23:59
bf3c2653-3bf1-4130-bfcd-4cf59282b9d2,827b9974-d6b6-4096-80b7-e898017716d4,500000,1000000,200000,,,,,,,,,,,,00000000-0000-0000-0000-000000000001,,2025-1-1 18:15,2025-1-1 23:59
0ecc0c7e-69f1-4ee9-b756-6091f4689c78,98af5eba-81d0-4930-b244-78116bc9d58f,2000000,3000000,50000,,,,,,,,,,,,00000000-0000-0000-0000-000000000001,,2025-1-1 18:15,2025-1-1 23:59
85a89b18-5357-47f6-9f4a-1b1ddaa961a9,deb62d1a-f254-4b4d-9593-73d5b3832db7,500000,1000000,200000,,,,,,,,,,,,00000000-0000-0000-0000-000000000001,,2025-1-1 18:15,2025-1-1 23:59
a5a20e7e-087d-4e41-81c9-59fccf8c975b,7428c776-358e-4787-9829-b8cc9e4b7126,2000000,3000000,200000,,,,,,,,,,,,00000000-0000-0000-0000-000000000001,,2025-1-1 18:15,2025-1-1 23:59
75912095-e10d-4870-a1e0-112133a1e8df,c7ceb344-9595-4ea2-b038-7a71e114ad1a,1000000,1500000,200000,,,,,,,,,,,,00000000-0000-0000-0000-000000000001,,2025-1-1 18:15,2025-1-1 23:59
567fd049-3ec4-4430-8776-97bfab49e23f,6b7f4ad0-a9e2-4f37-aec3-facc2ef1145f,1500000,2000000,200000,,,,,,,,,,,,00000000-0000-0000-0000-000000000001,,2025-1-1 18:15,2025-1-1 23:59
65c2f2b8-968a-4cf4-ab16-53d71003310b,3a5877c3-557e-4d75-a756-174a9a66b8e2,10000000,20000000,500000,,,,,,,,,,,,00000000-0000-0000-0000-000000000001,,2025-1-1 18:15,2025-1-1 23:59
7956b5a9-7314-4615-994e-80a7648c0405,75189098-ba4c-413b-ae22-5e0a3332c6ac,500000,1000000,200000,,,,,,,,,,,,00000000-0000-0000-0000-000000000001,,2025-1-1 18:15,2025-1-1 23:59
3797b111-11f3-41dc-a9cf-72553d419da7,787e1c6a-fb32-4095-a173-bfda4d878a96,1000000,1500000,200000,,,,,,,,,,,,00000000-0000-0000-0000-000000000001,,2025-1-1 18:15,2025-1-1 23:59
875df041-bf0a-430a-b7db-a5eb4f325524,b5551c45-e898-47e0-83b3-83f96a758429,10000,50000,,,,,,,,,,,,,00000000-0000-0000-0000-000000000001,,2025-1-1 18:15,2025-1-1 23:59
a2076a96-773b-46ce-b91b-17681292cab3,ff84be6f-0771-4f78-9b71-bdbf63105d11,,,,,,,,,,,,,,,00000000-0000-0000-0000-000000000001,,2025-1-1 18:15,2025-1-1 23:59
cd3a8e2e-1fc2-4bc5-becf-6dd62a794f5c,310d9593-7c6e-49e9-ac6e-9f4824ada61c,500000,1000000,,,,,,,,,,,,,00000000-0000-0000-0000-000000000001,,2025-1-1 18:15,2025-1-1 23:59
26b1bccd-2e30-4b40-a823-d0ba15d0d927,95de03be-5dbc-43de-a311-9ed42af8a4c6,200000,500000,,,,,,,,,,,,,00000000-0000-0000-0000-000000000001,,2025-1-1 18:15,2025-1-1 23:59
07113e7d-ebc4-4585-a36e-5b4ad1431d35,15a3cb19-8311-4fa8-84c5-e2207e6d33c9,500000,1000000,50000,,,,,,,,,,,,00000000-0000-0000-0000-000000000001,,2025-1-1 18:15,2025-1-1 23:59
be122e9f-8bbc-4376-9e0a-aaffef9e9d69,4a3b6bf8-d8b4-49fe-a60f-0ae23e36a8ec,500000,1000000,200000,,,,,,,,,,,,00000000-0000-0000-0000-000000000001,,2025-1-1 18:15,2025-1-1 23:59
b5fd1e85-4fa1-4b83-b717-e682f92100b7,35d5a1e7-d23f-4f41-ac28-539eab08edd5,200000,500000,100000,,,,,,,,,,,,00000000-0000-0000-0000-000000000001,,2025-1-1 18:15,2025-1-1 23:59
b108712e-f422-4cc2-b716-8ef01affaad2,3023d59a-e807-4d3a-a1fc-9d9874fb3215,1000000,1500000,100000,,,,,,,,,,,,00000000-0000-0000-0000-000000000001,,2025-1-1 18:15,2025-1-1 23:59
53cc5a90-8e87-4cdc-86bc-964121d4cc3a,b0f7ad2a-2c61-42eb-bf72-baf645bff511,,,,,,,,,,,,,,,00000000-0000-0000-0000-000000000001,,2025-1-1 18:15,2025-1-1 23:59
02fee28e-3e22-47d6-836b-cb30738ecd5e,3221ccbc-1849-42a9-b8fe-8d3313babe97,500000,1000000,100000,,,,,,,,,,,,00000000-0000-0000-0000-000000000001,,2025-1-1 18:15,2025-1-1 23:59
18fdc0c0-8659-4bfb-a154-3686510b5fb3,040a1432-17bb-42fa-9ecb-673282b15c4c,200000,500000,,,,,,,,,,,,,00000000-0000-0000-0000-000000000001,,2025-1-1 18:15,2025-1-1 23:59
345d11d1-57f4-421e-b9da-92cbc403447e,771d2a5d-5151-4c3f-befd-76e56857984f,500000,1000000,50000,,,,,,,,,,,,00000000-0000-0000-0000-000000000001,,2025-1-1 18:15,2025-1-1 23:59
97291990-32e8-4e8b-afa0-5a501d478b96,a2c17f36-adb3-4f26-9e9f-f6a2627bb6dd,500000,1000000,200000,,,,,,,,,,,,00000000-0000-0000-0000-000000000001,,2025-1-1 18:15,2025-1-1 23:59
e0b9be73-a389-4917-84a1-96eca7d4ffaa,503883eb-5c43-428a-9348-9eed53859846,200000,500000,50000,,,,,,,,,,,,00000000-0000-0000-0000-000000000001,,2025-1-1 18:15,2025-1-1 23:59
ae777b01-8e62-4ce1-bf48-3d96811f42ea,f1edcc42-3ff1-48dc-b6a6-99c1616c2997,500000,1000000,,,,,,,,,,,,,00000000-0000-0000-0000-000000000001,,2025-1-1 18:15,2025-1-1 23:59
a0163b92-d3cb-4dd5-85a0-2a296b2fe622,e4bae633-39ff-4cd8-b8ea-26077a2db752,,,,,,,,,,,,,,,00000000-0000-0000-0000-000000000001,,2025-1-1 18:15,2025-1-1 23:59
63b33939-ebcd-4766-bb27-a4f4dfb22863,9a7b315e-beb7-4795-9e56-a1b7f19db1c7,,,,,,,,,,,,,,,00000000-0000-0000-0000-000000000001,,2025-1-1 18:15,2025-1-1 23:59
70d792a8-93cd-4d82-b34e-0520cf2e657d,8d8d949c-a701-42ac-8573-3617f14e0852,1500000,2000000,,,,,,,,,,,,,00000000-0000-0000-0000-000000000001,,2025-1-1 18:15,2025-1-1 23:59
78afc5d0-0bae-4c84-874a-a18d1ae26c3b,a513b4c8-e901-465f-9198-97d52faa34e5,200000,500000,200000,,,,,,,,,,,,00000000-0000-0000-0000-000000000001,,2025-1-1 18:15,2025-1-1 23:59
21030263-6d21-4ba9-ae01-0a7b62a9998e,92dcb815-2d93-4dd3-a85e-46501758305f,,,,,,,,,,,,,,,00000000-0000-0000-0000-000000000001,,2025-1-1 18:15,2025-1-1 23:59
d32a5f70-ea17-492d-91e6-881488689128,bb08b236-af2d-4612-a11e-a8a64a36c39e,200000,500000,100000,,,,,,,,,,,,00000000-0000-0000-0000-000000000001,,2025-1-1 18:15,2025-1-1 23:59
be81beb9-659d-4c01-b496-bb539d116d73,a8a20ea4-3f80-4e4e-b66a-184d6e257a88,2000000,3000000,1500000,,,,,,,,,,,,00000000-0000-0000-0000-000000000001,,2025-1-1 18:15,2025-1-1 23:59
d40fd5c0-3d4e-4ade-abdf-b15412db8c3a,4e2b2530-6b03-4032-b411-6ba5a15b600d,2000000,3000000,500000,,,,,,,,,,,,00000000-0000-0000-0000-000000000001,,2025-1-1 18:15,2025-1-1 23:59
33f524a3-03e0-4673-81ab-f74c9016cae4,d30ae99d-70b7-4006-a5f5-d02dbf98f3a9,,,,,,,,,,,,,,,00000000-0000-0000-0000-000000000001,,2025-1-1 18:15,2025-1-1 23:59
b1b3dc4d-bfd7-4530-aaaa-d24f04c45e8f,44e8467f-5d2f-472c-9b4f-fdad2091d184,1500000,2000000,200000,,,,,,,,,,,,00000000-0000-0000-0000-000000000001,,2025-1-1 18:15,2025-1-1 23:59
5cb59ee8-87a6-4524-b788-28a953ad699b,bcc2bbf0-b9fe-41bd-a542-ca9f054f1565,1500000,2000000,200000,,,,,,,,,,,,00000000-0000-0000-0000-000000000001,,2025-1-1 18:15,2025-1-1 23:59
344ca565-5246-44bc-99c9-f56748d22fa9,64cf482c-03ba-453f-bf15-cd93d190caa3,1500000,2000000,200000,,,,,,,,,,,,00000000-0000-0000-0000-000000000001,,2025-1-1 18:15,2025-1-1 23:59
1ded65a7-ae59-4aea-8032-b046d9ab9d4d,02cc76b8-6ded-4adf-b7e0-1accb3d5745c,1000000,1500000,100000,,,,,,,,,,,,00000000-0000-0000-0000-000000000001,,2025-1-1 18:15,2025-1-1 23:59
fc485d50-a2f7-4dc7-9dad-c3f9554d7b6d,b6e03c18-20c0-4df0-b2b3-b3b79b13138f,10000000,20000000,10000000,,,,,,,,,,,,00000000-0000-0000-0000-000000000001,,2025-1-1 18:15,2025-1-1 23:59
136cd7c6-59d8-4551-bcaf-db3898cd1bd7,7ad3286a-da8f-4733-af3e-a1de1114b4fc,200000,500000,,,,,,,,,,,,,00000000-0000-0000-0000-000000000001,,2025-1-1 18:15,2025-1-1 23:59
95dc68a2-0aef-4133-818d-27f21762024f,7f0f595b-7de0-4760-920f-599597a8e46b,200000,500000,10000000,,,,,,,,,,,,00000000-0000-0000-0000-000000000001,,2025-1-1 18:15,2025-1-1 23:59
290ffbe6-2fe0-40a8-af04-367fba8bb25a,0335f94e-e7d7-4286-9e96-868b4c23f5a4,500000,1000000,,,,,,,,,,,,,00000000-0000-0000-0000-000000000001,,2025-1-1 18:15,2025-1-1 23:59
2ce21605-c5ea-4e9d-9681-ec350533b039,6773423b-3f97-4397-a456-32429a487a05,50000,100000,,,,,,,,,,,,,00000000-0000-0000-0000-000000000001,,2025-1-1 18:15,2025-1-1 23:59
b2601841-249d-47c2-9fa4-758990ca7a0c,1e7705f4-553c-4840-8c6e-df4eec68c672,1500000,2000000,,,,,,,,,,,,,00000000-0000-0000-0000-000000000001,,2025-1-1 18:15,2025-1-1 23:59
333484ab-2c16-4256-8f1d-e14dfadce948,07ed38e4-1c11-482e-b87f-450eac2220ef,,,,,,,,,,,,,,,00000000-0000-0000-0000-000000000001,,2025-1-1 18:15,2025-1-1 23:59
ebd9829d-1b51-4778-a7e5-f649c16a1997,2b10c003-c411-4e06-a6c1-79db4f64e32f,500000,1000000,50000,,,,,,,,,,,,00000000-0000-0000-0000-000000000001,,2025-1-1 18:15,2025-1-1 23:59
4d75d5a2-63d7-41da-9dd0-441690d961c3,4a852805-31ce-496e-a56e-b92f906073ce,,50000,,,,,,,,,,,,,00000000-0000-0000-0000-000000000001,,2025-1-1 18:15,2025-1-1 23:59
ec1e3d81-0a8a-452a-af08-51d3112d9298,7dea93be-a751-4e47-907e-7ad1dd3a2b6e,,,,,,,,,,,,,,,00000000-0000-0000-0000-000000000001,,2025-1-1 18:15,2025-1-1 23:59
70f14977-483d-4094-95b1-d033466c41f7,8d90ae53-65ea-47cc-a2f4-9fa050a655c2,1500000,2000000,200000,,,,,,,,,,,,00000000-0000-0000-0000-000000000001,,2025-1-1 18:15,2025-1-1 23:59
e9deb3cc-80e1-4c31-9900-3a7e440c6159,9662b822-a1e1-4e3d-8620-b4fbf57e6a8d,,,,,,,,,,,,,,,00000000-0000-0000-0000-000000000001,,2025-1-1 18:15,2025-1-1 23:59
84cfc006-1f7f-4651-99f9-2b5fa05976d8,315a65db-7960-4b2b-a4a0-b25b8dc037e6,10000000,20000000,100000,,,,,,,,,,,,00000000-0000-0000-0000-000000000001,,2025-1-1 18:15,2025-1-1 23:59
c9b5b435-d2e4-456a-a20e-e405e290892d,cd2a82b0-bfc9-4fc7-8e5c-950a095bb9fc,50000,100000,,,,,,,,,,,,,00000000-0000-0000-0000-000000000001,,2025-1-1 18:15,2025-1-1 23:59
f2760dda-42ba-49a1-86a1-146d41cba14d,bccbf5c6-0926-45ff-b070-7cc5e65e73e7,1000000,1500000,,,,,,,,,,,,,00000000-0000-0000-0000-000000000001,,2025-1-1 18:15,2025-1-1 23:59
ddf2c66c-28e9-403b-bf49-1372c72f7802,c7778f21-59da-4ea2-839a-77caf091aae2,4000000,5000000,,,,,,,,,,,,,00000000-0000-0000-0000-000000000001,,2025-1-1 18:15,2025-1-1 23:59
6466bd4c-20c0-4b80-8026-5817e1667e02,478399b2-0287-483c-b17e-e8a9f2f70a29,500000,1000000,,,,,,,,,,,,,00000000-0000-0000-0000-000000000001,,2025-1-1 18:15,2025-1-1 23:59
b6cdda49-35d5-4a70-a513-adbdbe0d3375,d1fbdbec-34d6-42d8-b51a-3c1a2ffd584e,100000,200000,100000,,,,,,,,,,,,00000000-0000-0000-0000-000000000001,,2025-1-1 18:15,2025-1-1 23:59
affdad8f-d944-4feb-acd4-7574d90ed5f2,fd2629ea-c741-4b33-a69b-aef07e670903,1000000,1500000,100000,,,,,,,,,,,,00000000-0000-0000-0000-000000000001,,2025-1-1 18:15,2025-1-1 23:59
16e7e0df-1b07-4901-977e-59659e5868b8,e266460e-a2c7-41ea-be2f-0b6aace2ec69,200000,500000,100000,,,,,,,,,,,,00000000-0000-0000-0000-000000000001,,2025-1-1 18:15,2025-1-1 23:59
024e8e02-638a-43ad-95e3-0c7c691b3c0e,11ad18b9-143b-49c4-9624-2fdbf76d1c40,,50000,,,,,,,,,,,,,00000000-0000-0000-0000-000000000001,,2025-1-1 18:15,2025-1-1 23:59
1aa8f445-d771-4288-bfe2-57b7f776aae5,71f6195f-ac09-4c0c-a5bd-c7be755a1f2f,1000000,1500000,500000,,,,,,,,,,,,00000000-0000-0000-0000-000000000001,,2026-04-08 19:12:39,2026-04-08 19:12:39
62cff75f-8111-4577-b51e-3c87d834f755,fde2dcc0-7582-4561-9456-5ae9dbfb0c0d,3000000,4000000,,,,,,,,,,,,,00000000-0000-0000-0000-000000000001,,2026-04-08 19:12:39,2026-04-08 19:12:39
6aa72b4b-cb2f-447a-9b8e-6f33767ccd53,015b3f47-0e58-47f1-88eb-a903f65d2101,50000,100000,,,,,,,,,,,,,00000000-0000-0000-0000-000000000001,,2026-04-08 19:12:39,2026-04-08 19:12:39
3a9c8eda-3ee6-4f1c-9dc9-afa3bfd7641f,f78833ae-2a43-49ba-bc0c-92fdd07c7ea7,500000,1000000,,,,,,,,,,,,,00000000-0000-0000-0000-000000000001,,2026-04-08 19:12:39,2026-04-08 19:12:39
263dbae3-7ece-4cf2-b629-248c92b62c03,3bb8eca8-3b09-44f2-ab24-de7feff114cc,500000,1000000,50000,,,,,,,,,,,,00000000-0000-0000-0000-000000000001,,2026-04-08 19:12:39,2026-04-08 19:12:39
79613aca-4ac6-4546-880a-eee118f93369,f038391c-0c0a-4123-b8e7-ff207b9741c6,1000000,1500000,200000,,,,,,,,,,,,00000000-0000-0000-0000-000000000001,,2026-04-08 19:12:39,2026-04-08 19:12:39
e1edb7f0-47df-43f5-8d43-e8d04d8e2010,bebe2af1-cd00-48b4-9918-d6e3f05ef6df,,,,,,,,,,,,,,,00000000-0000-0000-0000-000000000001,,2026-04-08 19:12:39,2026-04-08 19:12:39
2268c0d8-c8df-4c4b-b03d-b8c14de43d52,d2111d1b-5b38-4541-8d3f-c567dce471e0,500000,1000000,,,,,,,,,,,,,00000000-0000-0000-0000-000000000001,,2026-04-08 19:12:39,2026-04-08 19:12:39
adbe1635-0b88-4fe8-a981-334f0f9c5a92,275cd8e3-5aab-49f4-823e-3e15a719c6f4,200000,500000,,,,,,,,,,,,,00000000-0000-0000-0000-000000000001,,2026-04-08 19:12:39,2026-04-08 19:12:39
ffea2037-a20c-478c-95a4-77878932a58e,d873f4e4-bb7d-4ee3-8f54-1a002615d867,,,,,,,,,,,,,,,00000000-0000-0000-0000-000000000001,,2026-04-08 19:12:39,2026-04-08 19:12:39
1dff0802-fbde-40d5-8dfe-b687e531e565,82f990e6-2bf0-455f-ab91-bad7e7a8f854,200000,500000,50000,,,,,,,,,,,,00000000-0000-0000-0000-000000000001,,2026-04-08 19:12:39,2026-04-08 19:12:39
be286a91-d097-47d2-a157-780451037a10,373894c9-839f-448d-ab10-5e1efeb4157b,1000000,1500000,500000,,,,,,,,,,,,00000000-0000-0000-0000-000000000001,,2026-04-08 19:12:39,2026-04-08 19:12:39
6a61143f-ca95-4e56-bceb-30b89469a729,48318eba-0a7c-491b-878e-2b28748d0429,100000,200000,100000,,,,,,,,,,,,00000000-0000-0000-0000-000000000001,,2026-04-08 19:12:39,2026-04-08 19:12:39
88cec26b-87d0-4951-92bb-2e04afe4d058,350b97e7-d10c-4b4a-b0f4-c4b28c62d9f2,200000,500000,50000,,,,,,,,,,,,00000000-0000-0000-0000-000000000001,,2026-04-08 19:12:39,2026-04-08 19:12:39
38553ec0-39fd-4a2d-9124-203f433cbb27,e820a79b-dbe8-4359-a5b6-54b8beb38772,10000000,20000000,500000,,,,,,,,,,,,00000000-0000-0000-0000-000000000001,,2026-04-08 19:12:39,2026-04-08 19:12:39
5638d618-1265-49db-97a2-102fbd5cb69e,26076fab-59a0-48cb-8cf4-17ed641a2a60,1000000,1500000,,,,,,,,,,,,,00000000-0000-0000-0000-000000000001,,2026-04-08 19:12:39,2026-04-08 19:12:39
7c696923-14e7-405c-a719-c0323844383d,94ce4100-e6b9-40e6-a0e5-ac58962f95f4,10000000,20000000,1000000,,,,,,,,,,,,00000000-0000-0000-0000-000000000001,,2026-04-08 19:12:39,2026-04-08 19:12:39
8d013d69-17bd-4921-bb38-7682e4ef5a57,a91633e8-b0df-4f96-99a1-232552314e9a,200000,500000,100000,,,,,,,,,,,,00000000-0000-0000-0000-000000000001,,2026-04-08 19:12:39,2026-04-08 19:12:39
8f6eca2e-ecd8-4d2d-802b-6801c70656d7,4093a4de-6509-4dd9-af6c-d88f17c95254,500000,1000000,50000,,,,,,,,,,,,00000000-0000-0000-0000-000000000001,,2026-04-08 19:12:39,2026-04-08 19:12:39
9946f657-2a0f-4ad0-a15b-38725aae2d11,7a69cdba-6e83-426b-bae8-7f387c4d89b3,,,,,,,,,,,,,,,00000000-0000-0000-0000-000000000001,,2026-04-08 19:12:39,2026-04-08 19:12:39
eae26ab8-f187-465d-8718-5f3cc04b558f,74ebe46b-235e-401f-9692-f43a7c0592c7,100000,200000,,,,,,,,,,,,,00000000-0000-0000-0000-000000000001,,2026-04-08 19:12:39,2026-04-08 19:12:39
3686dc4a-4ebe-4957-b206-df8b449b6c62,0fd52b16-97e7-475f-90ae-f571e405c12a,200000,500000,,,,,,,,,,,,,00000000-0000-0000-0000-000000000001,,2026-04-08 19:12:39,2026-04-08 19:12:39
3ef606ca-59b3-433e-89ad-4e5d8e44bfed,53de2c7c-5ad9-4829-8265-be4a76c0451e,1000000,1500000,,,,,,,,,,,,,00000000-0000-0000-0000-000000000001,,2026-04-08 19:12:39,2026-04-08 19:12:39
fceae15e-188c-41b8-96fc-18b2cfafcf78,45e8b53f-3f13-4a2b-810b-50f9a08593c7,,,,,,,,,,,,,,,00000000-0000-0000-0000-000000000001,,2026-04-08 19:12:39,2026-04-08 19:12:39
ba0ec233-6c10-482a-87dc-19c3e92daa35,e945d803-56bd-4d4b-b21b-0587db1912f1,200000,500000,,,,,,,,,,,,,00000000-0000-0000-0000-000000000001,,2026-04-08 19:12:39,2026-04-08 19:12:39
0aa530d4-2592-4b2d-bd0f-4408dc7f9f05,05a39773-1b84-487b-88fa-cd3127904579,2000000,3000000,1000000,,,,,,,,,,,,00000000-0000-0000-0000-000000000001,,2026-04-08 19:12:39,2026-04-08 19:12:39
5ee8759e-3334-41bc-b15b-9831c2604c65,dde3cc73-fd18-4c7e-bbf8-479304bc1354,,,,,,,,,,,,,,,00000000-0000-0000-0000-000000000001,,2026-04-08 19:12:39,2026-04-08 19:12:39
ddc1ad2d-9536-482f-935b-3563782c95a9,fa6a1a27-422a-4da4-a922-a0da7ca6983a,50000,100000,,,,,,,,,,,,,00000000-0000-0000-0000-000000000001,,2026-04-08 19:12:39,2026-04-08 19:12:39
8ef22143-cfac-4881-bfaa-f7b891075984,cef52ad3-6966-49d8-9c8a-b4bd8589eca5,50000,100000,50000,,,,,,,,,,,,00000000-0000-0000-0000-000000000001,,2026-04-08 19:12:39,2026-04-08 19:12:39
67c8dd9e-0829-41e1-b3b0-7a39bd872ab5,7e7b5238-3eb4-442b-8ddc-307ff7f19e1e,200000,500000,50000,,,,,,,,,,,,00000000-0000-0000-0000-000000000001,,2026-04-08 19:12:39,2026-04-08 19:12:39
11c2505c-ce6f-4931-ada5-0e136f598a7b,e5e31845-6b2c-4060-94bd-3670c3154f2a,100000,200000,,,,,,,,,,,,,00000000-0000-0000-0000-000000000001,,2026-04-08 19:12:39,2026-04-08 19:12:39
7eb4b735-4420-4a28-a0ed-bff292dc7d00,1c95bd9a-349e-41e9-b32d-08bf63beb1b0,200000,500000,200000,,,,,,,,,,,,00000000-0000-0000-0000-000000000001,,2026-04-08 19:12:39,2026-04-08 19:12:39
e60dd1e4-b4a3-4417-91e2-7f087d74f400,c0aef157-a058-48df-9ba7-6d70f368d351,500000,1000000,200000,,,,,,,,,,,,00000000-0000-0000-0000-000000000001,,2026-04-08 19:12:39,2026-04-08 19:12:39
4b7abf0f-1050-4afa-81cf-958f0ec3fbcc,63feb1b5-d575-4adb-adef-bdd31f2e418b,,,,,,,,,,,,,,,00000000-0000-0000-0000-000000000001,,2026-04-08 19:12:39,2026-04-08 19:12:39
66a042d0-664d-496c-8671-d44f79dcf28e,1f06acd8-b20f-435d-97c2-990f72393150,1500000,2000000,500000,,,,,,,,,,,,00000000-0000-0000-0000-000000000001,,2026-04-08 19:12:39,2026-04-08 19:12:39
e0a542aa-137d-46d8-85c9-ea7b9033d9a7,2e78155d-8dcf-4650-8c3d-e2724f3fea6c,2000000,3000000,200000,,,,,,,,,,,,00000000-0000-0000-0000-000000000001,,2026-04-08 19:12:39,2026-04-08 19:12:39
b89e7354-7a5c-4d70-9f34-1ec324c551e5,25650b79-c040-49fd-98b2-391b8442fc8e,,,,,,,,,,,,,,,00000000-0000-0000-0000-000000000001,,2026-04-08 19:12:39,2026-04-08 19:12:39
7ba0fb5b-704e-42e3-8d04-90d7417906d5,6024fecb-aed9-451e-8407-67d11770c8e4,1000000,1500000,,,,,,,,,,,,,00000000-0000-0000-0000-000000000001,,2026-04-08 19:12:39,2026-04-08 19:12:39
39ac1245-0d2d-4875-b739-824e76c598b9,fd0f9b80-fcba-40db-a7be-c85ad0bdd8a0,2000000,3000000,,,,,,,,,,,,,00000000-0000-0000-0000-000000000001,,2026-04-08 19:12:39,2026-04-08 19:12:39
546b53f0-6bfa-457b-aa50-f45d1bfed393,2e941ab3-dc46-4236-a598-6c64fffbabd8,,,,,,,,,,,,,,,00000000-0000-0000-0000-000000000001,,2026-04-08 19:12:39,2026-04-08 19:12:39
c28df5c2-8adc-465c-a8c0-9e05ae415cbf,baf1810c-dbc5-4bbe-a171-3d4b24b9fbd5,,,,,,,,,,,,,,,00000000-0000-0000-0000-000000000001,,2026-04-08 19:12:39,2026-04-08 19:12:39
f7367e36-e647-4576-b5a3-c99a9f1d73c1,c1b954bf-053b-4089-be77-5cda5d5c8997,1500000,2000000,1500000,,,,,,,,,,,,00000000-0000-0000-0000-000000000001,,2026-04-08 19:12:39,2026-04-08 19:12:39
6b8f5926-eb1f-4d6f-a091-4f5ad3e1d430,1b74f0e9-3dcf-43bd-8397-2531885e1c72,50000,100000,50000,,,,,,,,,,,,00000000-0000-0000-0000-000000000001,,2026-04-08 19:12:39,2026-04-08 19:12:39
ec3d86f5-a8e2-488c-b90a-ae2a5bbe04af,6f584474-07dc-4c68-8226-bbe67138a72e,50000,100000,,,,,,,,,,,,,00000000-0000-0000-0000-000000000001,,2026-04-08 19:12:39,2026-04-08 19:12:39
9c83426e-92f5-42ba-8975-89b71405a3e6,256703ae-e88f-4bf8-86e4-cf14edb67482,50000,100000,50000,,,,,,,,,,,,00000000-0000-0000-0000-000000000001,,2026-04-08 19:12:39,2026-04-08 19:12:39
d8746acc-dddd-4547-b732-213984db8e7f,249ffac4-e452-4679-b850-34700a2fb0e7,200000,500000,100000,,,,,,,,,,,,00000000-0000-0000-0000-000000000001,,2026-04-08 19:12:39,2026-04-08 19:12:39
3a876c56-3afc-4dbf-8103-d51ef2b7ac8f,e75fe283-5177-4563-89b9-a10e6f9dd4e3,500000,1000000,200000,,,,,,,,,,,,00000000-0000-0000-0000-000000000001,,2026-04-08 19:12:39,2026-04-08 19:12:39
5d002c0f-499c-4e31-a549-7b72daa52ed0,ef77c9ce-eafe-4b59-83ec-4b4b7a0f24bf,200000,500000,,,,,,,,,,,,,00000000-0000-0000-0000-000000000001,,2026-04-08 19:12:39,2026-04-08 19:12:39
b53044f6-f839-44b3-9e41-380b4d159cbd,45e4f353-50b6-4173-ae88-85eab50b0631,100000,200000,50000,,,,,,,,,,,,00000000-0000-0000-0000-000000000001,,2026-04-08 19:12:39,2026-04-08 19:12:39
532d2a3b-cb23-4733-9640-429f559f4adb,71d9f328-1702-4137-bab1-b433a492a397,2000000,3000000,2000000,,,,,,,,,,,,00000000-0000-0000-0000-000000000001,,2026-04-08 19:12:39,2026-04-08 19:12:39
0a6a6164-a3a1-4e85-93d3-73ea3655c2b2,4a7addb5-7977-4dad-a3ed-92e4c8eeef9a,50000,100000,,,,,,,,,,,,,00000000-0000-0000-0000-000000000001,,2026-04-08 19:12:39,2026-04-08 19:12:39
fa7c2372-3ebf-4952-8f99-71044de19e80,ab3880d6-1df0-40f6-8692-b7939d80e4ff,200000,500000,,,,,,,,,,,,,00000000-0000-0000-0000-000000000001,,2026-04-08 19:12:39,2026-04-08 19:12:39
86b31fd3-0c45-4e03-9f31-be7eebc4b4e2,34c48882-5b3e-49a2-aeac-a5596faa9c19,1000000,1500000,,,,,,,,,,,,,00000000-0000-0000-0000-000000000001,,2026-04-08 19:12:39,2026-04-08 19:12:39
dce8c594-e791-4d1b-903a-a98c781cd0ea,07606452-4433-4923-b636-9e5cd40b7de1,200000,500000,200000,,,,,,,,,,,,00000000-0000-0000-0000-000000000001,,2026-04-08 19:12:39,2026-04-08 19:12:39
ef3f63e1-a286-4a59-880a-318851d2186c,3b76cd73-3d8b-4a14-b539-ecfdc06ffb57,200000,500000,200000,,,,,,,,,,,,00000000-0000-0000-0000-000000000001,,2026-04-08 19:12:39,2026-04-08 19:12:39
36ceef37-2ddd-4880-a5ea-4ee382e79f66,11eafc51-8472-4758-a56f-ccc1e41db5ff,7500000,10000000,200000,,,,,,,,,,,,00000000-0000-0000-0000-000000000001,,2026-04-08 19:12:39,2026-04-08 19:12:39
6df4cadb-610e-407a-9756-d1b1c67c5526,3931f540-d4c6-455f-b377-2e966d2e9993,10000000,20000000,500000,,,,,,,,,,,,00000000-0000-0000-0000-000000000001,,2026-04-08 19:12:39,2026-04-08 19:12:39
c3cb16b5-1447-4fdb-8e9b-87f901d912b9,a35bd4ab-3a8f-46b1-be4a-1ba699e05e67,500000,1000000,,,,,,,,,,,,,00000000-0000-0000-0000-000000000001,,2026-04-08 19:12:39,2026-04-08 19:12:39
f9d6e18c-d0a1-41a5-9798-938019df3df5,a86312e5-88cd-41a0-9086-acd895ad9b2d,500000,1000000,,,,,,,,,,,,,00000000-0000-0000-0000-000000000001,,2026-04-08 19:12:39,2026-04-08 19:12:39
9ce691af-2f91-45aa-b276-cf77407645d1,cf61aff1-c65d-41a7-9d5e-69ca574f697c,100000,200000,,,,,,,,,,,,,00000000-0000-0000-0000-000000000001,,2026-04-08 19:12:39,2026-04-08 19:12:39
debd9cc4-817f-4a04-9235-27c23ebd9101,7259cde1-3778-442f-a7c9-765b4b8fa8c4,200000,500000,50000,,,,,,,,,,,,00000000-0000-0000-0000-000000000001,,2026-04-08 19:12:39,2026-04-08 19:12:39
5a9bde02-8e1f-4a40-8eb3-5ccb7a24653b,dcbbaaf8-6cef-48cc-bfe9-a253a004c436,,,,,,,,,,,,,,,00000000-0000-0000-0000-000000000001,,2026-04-08 19:12:39,2026-04-08 19:12:39
3a5e3fa4-6150-4558-a236-add84e40553c,463ae953-7c0a-4803-bcd2-f4430483bb6b,500000,1000000,,,,,,,,,,,,,00000000-0000-0000-0000-000000000001,,2026-04-08 19:12:39,2026-04-08 19:12:39
a525744a-f10a-4cf9-90a8-ab2ed74aa8bb,c03a705a-035d-4c77-b40f-be223819793d,200000,500000,100000,,,,,,,,,,,,00000000-0000-0000-0000-000000000001,,2026-04-08 19:12:39,2026-04-08 19:12:39
5a909248-894b-429e-966f-ef2709293e08,402a2292-093a-4f1c-86b3-bc7f2d324883,50000,100000,,,,,,,,,,,,,00000000-0000-0000-0000-000000000001,,2026-04-08 19:12:39,2026-04-08 19:12:39
fa75045a-b477-46db-a561-4c7135eb6d40,a0110ad0-5c90-43fb-b6b7-d4ee8cb693be,1000000,1500000,,,,,,,,,,,,,00000000-0000-0000-0000-000000000001,,2026-04-08 19:12:39,2026-04-08 19:12:39
a813ae2f-3c68-4e09-9c86-7c4e03fa6c84,ad20f59c-0352-44f6-ab87-7d80c556c51c,,,200000,,,,,,,,,,,,00000000-0000-0000-0000-000000000001,,2026-04-08 19:12:39,2026-04-08 19:12:39
b14f5e28-c05d-4721-adfd-8cbabf0e5809,681a8cfa-4c1a-49ec-bb30-14921a432df1,50000,100000,,,,,,,,,,,,,00000000-0000-0000-0000-000000000001,,2026-04-08 19:12:39,2026-04-08 19:12:39
058df093-a75c-4530-a854-d30e839e7dd0,3c73fdab-9275-4a49-baea-05ba0ce0cf7f,20000000,50000000,,,,,,,,,,,,,00000000-0000-0000-0000-000000000001,,2026-04-08 19:12:39,2026-04-08 19:12:39
fa2dbe6c-de4b-4de4-be4b-20500954abb0,bca12a6b-47b3-4bfc-ae13-097fc9dcf143,2000000,3000000,,,,,,,,,,,,,00000000-0000-0000-0000-000000000001,,2026-04-08 19:12:39,2026-04-08 19:12:39
620f187c-090b-4182-aa23-6de42bd1120a,2a05a41c-4416-456f-a9f6-c94f3ac5253a,200000,500000,50000,,,,,,,,,,,,00000000-0000-0000-0000-000000000001,,2026-04-08 19:12:39,2026-04-08 19:12:39
b1a63cca-aab7-48b6-b7a1-e0a37f843852,827cd566-9fd4-4265-bb11-e09e03977b51,4000000,5000000,,,,,,,,,,,,,00000000-0000-0000-0000-000000000001,,2026-04-08 19:12:39,2026-04-08 19:12:39
e2d6983a-c801-44d6-9688-77dd1908990b,9c4f605c-9437-4845-83d0-19fd75814897,,,100000,,,,,,,,,,,,00000000-0000-0000-0000-000000000001,,2026-04-08 19:12:39,2026-04-08 19:12:39
197cf4c9-05d4-44cb-a655-3307099b12fe,2f4a2c93-8028-43da-84a1-c2e568af6041,2000000,3000000,500000,,,,,,,,,,,,00000000-0000-0000-0000-000000000001,,2026-04-08 19:12:39,2026-04-08 19:12:39
05019663-5108-4f69-b80c-f94353a9f3ca,0a7c6185-8191-4f5f-8aa5-5b675574df90,3000000,4000000,1500000,,,,,,,,,,,,00000000-0000-0000-0000-000000000001,,2026-04-08 19:12:39,2026-04-08 19:12:39
115ccbf5-7b1e-43ae-bcc0-ff5646f3dc42,b490f502-1cd6-4b1e-b114-9a73412982ae,50000,100000,50000,,,,,,,,,,,,00000000-0000-0000-0000-000000000001,,2026-04-08 19:12:39,2026-04-08 19:12:39
cddae7b9-b2f4-4254-8cde-6a3a67fe104d,9ea78094-31c2-4334-8c66-29687df50951,2000000,3000000,200000,,,,,,,,,,,,00000000-0000-0000-0000-000000000001,,2026-04-08 19:12:39,2026-04-08 19:12:39
27547776-668b-455a-8ad3-8da1f31b7b62,82fe6a24-acf8-4d38-9bcb-d88df758e7c0,5000000,7500000,,,,,,,,,,,,,00000000-0000-0000-0000-000000000001,,2026-04-08 19:12:39,2026-04-08 19:12:39
0591ebaf-ca20-43ba-ab42-36e6e47385e3,c41848d2-dccc-4d67-904d-b5508a388758,1000000,1500000,1000000,,,,,,,,,,,,00000000-0000-0000-0000-000000000001,,2026-04-08 19:12:39,2026-04-08 19:12:39
e818b1a9-0405-4467-9885-1c72cba297e7,fc3d97c2-1474-4c17-9b6d-e8a71c52715b,500000,1000000,500000,,,,,,,,,,,,00000000-0000-0000-0000-000000000001,,2026-04-08 19:12:39,2026-04-08 19:12:39
333cd931-e991-4028-9bc9-43cd56f2a663,d4531b51-87f4-4d4f-8392-3343a0b48db1,500000,1000000,,,,,,,,,,,,,00000000-0000-0000-0000-000000000001,,2026-04-08 19:12:39,2026-04-08 19:12:39
71806fc8-2f1d-41df-8aca-9e80593a645b,ae26143d-8810-459c-90c8-3f9f4c64f945,500000,1000000,50000,,,,,,,,,,,,00000000-0000-0000-0000-000000000001,,2026-04-08 19:12:39,2026-04-08 19:12:39
585aafc3-b846-4f16-9638-84d496beac19,46e62930-5c95-4853-9903-cce9ebe1b086,20000000,50000000,,,,,,,,,,,,,00000000-0000-0000-0000-000000000001,,2026-04-08 19:12:39,2026-04-08 19:12:39
95fbd410-1060-4bb3-ab78-6b8eb0e89b65,44657985-d233-4828-b347-bcbc81d62392,500000,1000000,,,,,,,,,,,,,00000000-0000-0000-0000-000000000001,,2026-04-08 19:12:39,2026-04-08 19:12:39
c2ab59f7-e65d-4c5d-80bd-33c41c2aa85f,7e0944cb-68b7-4cb3-9325-12c0470a05be,1000000,1500000,200000,,,,,,,,,,,,00000000-0000-0000-0000-000000000001,,2026-04-08 19:12:39,2026-04-08 19:12:39
1678e09a-786c-41d4-9ca0-6cb8321dfbcb,cf7a0d77-d1b4-48b3-9cb6-7e8d7a33ccf9,500000,1000000,200000,,,,,,,,,,,,00000000-0000-0000-0000-000000000001,,2026-04-08 19:12:39,2026-04-08 19:12:39
88eede17-1a5c-4f6d-8902-321b9e98dcfa,12769daf-e295-4f17-af12-4c5f1bcc34a4,500000,1000000,,,,,,,,,,,,,00000000-0000-0000-0000-000000000001,,2026-04-08 19:12:39,2026-04-08 19:12:39
af18d414-beb7-44e7-b4e1-c5b8c1f99c2d,a24db8b2-3197-4d8e-9a3e-88858a31b221,100000,200000,,,,,,,,,,,,,00000000-0000-0000-0000-000000000001,,2026-04-08 19:12:39,2026-04-08 19:12:39
bcd3e599-707f-4288-8bfd-7dca8e40f371,6995d391-ecc3-4863-8f4e-3021b83778a0,1500000,2000000,100000,,,,,,,,,,,,00000000-0000-0000-0000-000000000001,,2026-04-08 19:12:39,2026-04-08 19:12:39
1289bc0f-75ac-4517-9512-ee8d0610950d,dc17cb49-7061-4259-9d26-79e841cf298f,100000,200000,50000,,,,,,,,,,,,00000000-0000-0000-0000-000000000001,,2026-04-08 19:12:39,2026-04-08 19:12:39
a748c141-6a21-4f9e-91ad-858cf9eb7016,c08ff6d3-39e3-4146-b367-823ac380de1d,200000,500000,50000,,,,,,,,,,,,00000000-0000-0000-0000-000000000001,,2026-04-08 19:12:39,2026-04-08 19:12:39
22e400b2-7857-4efb-b368-b4390983000c,aea32a29-bb76-4077-ad5b-9acd85fe3a88,,,,,,,,,,,,,,,00000000-0000-0000-0000-000000000001,,2026-04-08 19:12:39,2026-04-08 19:12:39
5d7aba3d-b791-4a58-bff7-dfcdc220f3f7,45a8a2ad-2468-409d-b36a-7d70901facfe,500000,1000000,100000,,,,,,,,,,,,00000000-0000-0000-0000-000000000001,,2026-04-08 19:12:39,2026-04-08 19:12:39
756c874c-04ff-45d4-a4f7-3e65e959edae,e6415fa6-ceb1-4fa8-b83f-457ece90f78c,50000,100000,50000,,,,,,,,,,,,00000000-0000-0000-0000-000000000001,,2026-04-08 19:12:39,2026-04-08 19:12:39
97d89cee-0603-4778-bb9d-fe76a5260b3e,3c6573cd-4fd2-4e5f-8d10-9b7632e343ed,100000,200000,,,,,,,,,,,,,00000000-0000-0000-0000-000000000001,,2026-04-08 19:12:39,2026-04-08 19:12:39
a4a1b8be-2eda-4cf7-8593-5b2b34a225b0,7fb85e07-8097-4872-b448-a058e234426f,,,,,,,,,,,,,,,00000000-0000-0000-0000-000000000001,,2026-04-08 19:12:39,2026-04-08 19:12:39
bbce34c2-3105-4608-b1b1-211607b43c1e,420a3a46-bfd0-4994-a4fd-9d611283ede3,200000,500000,200000,,,,,,,,,,,,00000000-0000-0000-0000-000000000001,,2026-04-08 19:12:39,2026-04-08 19:12:39
9e067a3e-0fc7-4eba-995e-76f17e1e19b6,bf57cb9c-5284-4cf0-a08b-59bdd2ff93d2,200000,500000,200000,,,,,,,,,,,,00000000-0000-0000-0000-000000000001,,2026-04-08 19:12:39,2026-04-08 19:12:39
f65a88d3-3873-45c2-afe0-77e126297a65,180ebb72-d210-459e-adbb-c3e8d3f2b8aa,100000,200000,,,,,,,,,,,,,00000000-0000-0000-0000-000000000001,,2026-04-08 19:12:39,2026-04-08 19:12:39
abb99760-3d9c-4a18-a418-8e103eaf90eb,2d2cf383-0e69-4ac7-a726-df6f0d9c464b,1000000,1500000,500000,,,,,,,,,,,,00000000-0000-0000-0000-000000000001,,2026-04-08 19:12:39,2026-04-08 19:12:39
aff8d625-6b97-415d-9548-20646bcd67fe,d3349661-d13b-4a99-a9e3-71cba1c812a9,1500000,2000000,1000000,,,,,,,,,,,,00000000-0000-0000-0000-000000000001,,2026-04-08 19:12:39,2026-04-08 19:12:39
6f2a4433-7f2a-45d8-8852-18cefe1408f4,ddca0128-cd0d-4332-8788-1de38da33510,1500000,2000000,200000,,,,,,,,,,,,00000000-0000-0000-0000-000000000001,,2026-04-08 19:12:39,2026-04-08 19:12:39
94dc56a1-e034-48bf-93ca-9e69eaefc057,02a60b08-6ae0-4605-9a2d-22f812a4679e,5000000,7500000,500000,,,,,,,,,,,,00000000-0000-0000-0000-000000000001,,2026-04-08 19:12:39,2026-04-08 19:12:39
1a7ba4c9-825a-454e-9dbb-0f7a310ee344,ce60854c-60a2-4ae8-8cc8-3e988cd8c2df,7500000,10000000,200000,,,,,,,,,,,,00000000-0000-0000-0000-000000000001,,2026-04-08 19:12:39,2026-04-08 19:12:39
41687d89-e6c4-4493-812e-dea5d7df3194,3aae618c-c41a-4731-99c3-c3b4998b5a1b,200000,500000,50000,,,,,,,,,,,,00000000-0000-0000-0000-000000000001,,2026-04-08 19:12:39,2026-04-08 19:12:39
459c79a3-f3af-4e77-92d1-42054a6b1296,85426e64-56ce-491b-a6fd-741068326be4,200000,500000,,,,,,,,,,,,,00000000-0000-0000-0000-000000000001,,2026-04-08 19:12:39,2026-04-08 19:12:39
e4d07173-3c1d-4281-9b1e-52d83a51fb23,eaeb80da-6f49-44d3-b2c4-e06dd167e7c8,50000,100000,,,,,,,,,,,,,00000000-0000-0000-0000-000000000001,,2026-04-08 19:12:39,2026-04-08 19:12:39
b7b4baaf-9f0b-46b5-8a6b-34da243d21a6,93a76473-ecf0-4699-9a9d-985bd8457c21,50000,100000,50000,,,,,,,,,,,,00000000-0000-0000-0000-000000000001,,2026-04-08 19:12:39,2026-04-08 19:12:39
c682ce93-8384-480d-951a-dc5ec5c04272,6aad3bad-d1dd-42dc-a500-4abfd92fda7f,200000,500000,,,,,,,,,,,,,00000000-0000-0000-0000-000000000001,,2026-04-08 19:12:39,2026-04-08 19:12:39
48be6b15-feb9-42b2-acf7-6b4e7fd27dae,8da2878d-d832-471a-abe7-348845ebb003,200000,500000,100000,,,,,,,,,,,,00000000-0000-0000-0000-000000000001,,2026-04-08 19:12:39,2026-04-08 19:12:39
e13a9c25-8b76-4b1e-bba2-952f7ffd4f45,e5c67f39-7556-4d9e-a573-22d48e8391e7,50000,100000,50000,,,,,,,,,,,,00000000-0000-0000-0000-000000000001,,2026-04-08 19:12:39,2026-04-08 19:12:39
d9aa658d-4e47-4470-b981-e74ffb0293f2,59c00e5d-601f-4f76-9d42-bd6958ca34d7,,,50000,,,,,,,,,,,,00000000-0000-0000-0000-000000000001,,2026-04-08 19:12:39,2026-04-08 19:12:39
b37b4500-abf4-44f5-94b3-d5b88cf53f5a,d49f705c-df87-4852-80b3-e78e1b1d2e01,100000,200000,,,,,,,,,,,,,00000000-0000-0000-0000-000000000001,,2026-04-08 19:12:39,2026-04-08 19:12:39
f781a4a2-86da-48ea-8ac0-6d78a1a392d0,0a456384-13fd-4cca-9798-20fb032eb87f,200000,500000,500000,,,,,,,,,,,,00000000-0000-0000-0000-000000000001,,2026-04-08 19:12:39,2026-04-08 19:12:39
86fd5961-e6dd-401a-9cac-4d61ee2ffcef,e20834c9-e741-419f-96cd-6ac80ffcc83a,,,,,,,,,,,,,,,00000000-0000-0000-0000-000000000001,,2026-04-08 19:12:39,2026-04-08 19:12:39
1db340f6-939b-4677-8447-02a75c12d0cf,de07bbb2-42af-4110-951f-b4ac55f5ae5f,50000,100000,50000,,,,,,,,,,,,00000000-0000-0000-0000-000000000001,,2026-04-08 19:12:39,2026-04-08 19:12:39
7d5d592c-b2fc-49d3-be72-67fc1cd39dce,57a22f6d-c6a6-4bcd-a6c1-308721c82f98,,,,,,,,,,,,,,,00000000-0000-0000-0000-000000000001,,2026-04-08 19:12:39,2026-04-08 19:12:39
f17c4e26-724a-4e4c-8481-d8253ce4f463,0378f21c-1c97-43b5-ad16-b62df158316d,1000000,1500000,200000,,,,,,,,,,,,00000000-0000-0000-0000-000000000001,,2026-04-08 19:12:39,2026-04-08 19:12:39
9f4b389a-e4ab-4f36-aff1-718df25ca691,b807484b-a02f-43bf-aa91-b5af589b212b,500000,1000000,100000,,,,,,,,,,,,00000000-0000-0000-0000-000000000001,,2026-04-08 19:12:39,2026-04-08 19:12:39
74f3f42b-772f-4fca-b5f5-8116e2eed488,e7aeefcf-b980-4005-8e7f-2d250f192bb0,20000000,50000000,200000,,,,,,,,,,,,00000000-0000-0000-0000-000000000001,,2026-04-08 19:12:39,2026-04-08 19:12:39
fb17a205-b3e2-4379-b926-5220ba2f4a15,ff185750-5c38-4ff9-a8bc-5301818b2998,50000,100000,,,,,,,,,,,,,00000000-0000-0000-0000-000000000001,,2026-04-08 19:12:39,2026-04-08 19:12:39
7877a78f-d105-4056-ac63-2482815b82c4,f9755e48-a37b-48e7-8883-1530901c6a04,200000,500000,100000,,,,,,,,,,,,00000000-0000-0000-0000-000000000001,,2026-04-08 19:12:39,2026-04-08 19:12:39
bb421457-5b27-47e9-aa01-5c68dcea7167,48b855e5-a720-45f5-a28d-916f4546153a,500000,1000000,,,,,,,,,,,,,00000000-0000-0000-0000-000000000001,,2026-04-08 19:12:39,2026-04-08 19:12:39
93688e99-ce2d-448f-af80-676f4ca8abbc,85e72f15-376e-4c87-9323-a426a37415c2,100000,200000,50000,,,,,,,,,,,,00000000-0000-0000-0000-000000000001,,2026-04-08 19:12:39,2026-04-08 19:12:39
57da0c17-b49b-4ee6-8bb9-4f75f03d84c3,2ff2a4e4-42d6-468c-bcb7-ad85b9fef196,,,,,,,,,,,,,,,00000000-0000-0000-0000-000000000001,,2026-04-08 19:12:39,2026-04-08 19:12:39
c13bcc1b-421a-4a7f-a501-887398bd10f9,32967e49-ea36-4330-be71-c13b3a04f7b4,,,,,,,,,,,,,,,00000000-0000-0000-0000-000000000001,,2026-04-08 19:12:39,2026-04-08 19:12:39
08fd92f6-724d-4790-a546-892e1627ab99,7f400865-b848-474a-9125-f44cdb2e4c8d,,,,,,,,,,,,,,,00000000-0000-0000-0000-000000000001,,2026-04-08 19:12:39,2026-04-08 19:12:39
b289763c-6d70-4c1b-80dd-291b60958c70,edb9a3c6-8809-47ac-8878-ecaa4d18ee11,4000000,5000000,2000000,,,,,,,,,,,,00000000-0000-0000-0000-000000000001,,2026-04-08 19:12:39,2026-04-08 19:12:39
92e44d8e-cca8-445a-8ed9-08549ec2e12e,516d5682-4886-44b9-ba4f-090865d0c2ec,100000,200000,50000,,,,,,,,,,,,00000000-0000-0000-0000-000000000001,,2026-04-08 19:12:39,2026-04-08 19:12:39
87d94a4b-be18-4263-96ec-4f28d458dcde,8afb65fb-723d-46e4-a473-fbc96d2e0ce4,2000000,3000000,1500000,,,,,,,,,,,,00000000-0000-0000-0000-000000000001,,2026-04-08 19:12:39,2026-04-08 19:12:39
8dceaf21-b910-4018-a99e-5e6c5e303266,b93b1c83-37a5-4c73-a858-9f07baf5b45c,200000,500000,50000,,,,,,,,,,,,00000000-0000-0000-0000-000000000001,,2026-04-08 19:12:39,2026-04-08 19:12:39
bba08f10-259b-4580-b8b9-717551f491c5,6611cd70-02d8-474e-878e-d4041600d751,200000,500000,,,,,,,,,,,,,00000000-0000-0000-0000-000000000001,,2026-04-08 19:12:39,2026-04-08 19:12:39
059fba73-1434-4f4b-b472-35a8462192e8,90d91bdd-79c4-4ea3-a405-c3ffc3022483,50000,100000,50000,,,,,,,,,,,,00000000-0000-0000-0000-000000000001,,2026-04-08 19:12:39,2026-04-08 19:12:39
9aa1364d-55ef-4037-b610-08dcda37f5cd,310bccc0-5fb9-4201-980f-8b86e3080cdf,,,,,,,,,,,,,,,00000000-0000-0000-0000-000000000001,,2026-04-08 19:12:39,2026-04-08 19:12:39
6fb7d641-f041-440e-8a56-fc86c494f0be,8191b650-cc7a-4f71-ae23-d6a5c0c98f17,,,,,,,,,,,,,,,00000000-0000-0000-0000-000000000001,,2026-04-08 19:12:39,2026-04-08 19:12:39
aff3baf6-f78b-4f89-be93-5c00d78a4c71,5a9e321a-7dd8-4269-b420-6a038a9a9f01,200000,500000,100000,,,,,,,,,,,,00000000-0000-0000-0000-000000000001,,2026-04-08 19:12:39,2026-04-08 19:12:39
081d5388-efaf-4d8b-ab7e-2edddd2110f6,e71b1cca-2eb9-446d-b6ab-4fa2b8f859b9,,,,,,,,,,,,,,,00000000-0000-0000-0000-000000000001,,2026-04-08 19:12:39,2026-04-08 19:12:39
021b6e6b-087b-4432-b977-a1a6774f8fc3,afbeb041-f341-4681-ae78-b66086c5c4a1,50000,100000,50000,,,,,,,,,,,,00000000-0000-0000-0000-000000000001,,2026-04-08 19:12:39,2026-04-08 19:12:39
ab054642-d71b-4860-b93d-e5bf25d69707,c03be570-2a6b-434e-953b-febf86ff9595,1500000,2000000,500000,,,,,,,,,,,,00000000-0000-0000-0000-000000000001,,2026-04-08 19:12:39,2026-04-08 19:12:39
b956bcc2-c983-4323-b14f-96d09e74390f,10ab899b-eb21-46af-b676-537c2f624d1b,50000,100000,,,,,,,,,,,,,00000000-0000-0000-0000-000000000001,,2026-04-08 19:12:39,2026-04-08 19:12:39
2f83ad63-dde0-4ddc-a960-4cae71a54de8,340e5952-38cb-495a-8feb-a2afc79aecd6,100000,200000,,,,,,,,,,,,,00000000-0000-0000-0000-000000000001,,2026-04-08 19:12:39,2026-04-08 19:12:39
3079fa7e-9078-4323-a982-a36c89e8adc3,3198b4d7-f72a-47d1-801b-dd2f92629705,500000,1000000,200000,,,,,,,,,,,,00000000-0000-0000-0000-000000000001,,2026-04-08 19:12:39,2026-04-08 19:12:39
f6b9e089-e799-4a42-baa3-c7ac468128d0,e1bc1eb4-41bb-47fc-8fda-a25b51f3501e,,,,,,,,,,,,,,,00000000-0000-0000-0000-000000000001,,2026-04-08 19:12:39,2026-04-08 19:12:39
c013d3f6-5894-4ed0-ba10-81f361728d1a,b7b029d8-b555-4726-8953-a0ad422871fb,2000000,3000000,200000,,,,,,,,,,,,00000000-0000-0000-0000-000000000001,,2026-04-08 19:12:39,2026-04-08 19:12:39
40c35ac4-bb79-4692-b72c-1bc10a32fbd2,b66e92d7-65cb-4795-baa8-3c889cdaa688,1500000,2000000,100000,,,,,,,,,,,,00000000-0000-0000-0000-000000000001,,2026-04-08 19:12:39,2026-04-08 19:12:39
9753d039-60a8-479d-bcf6-5253f12ac4e9,0c4d7978-5e80-43fc-af78-c95ccd4db1ca,1500000,2000000,200000,,,,,,,,,,,,00000000-0000-0000-0000-000000000001,,2026-04-08 19:12:39,2026-04-08 19:12:39
46bb3bb0-4e75-4fd8-947a-bae52439b7cd,6b34fe74-dd14-4bd0-a204-ff457a1c9dff,,,,,,,,,,,,,,,00000000-0000-0000-0000-000000000001,,2026-04-08 19:12:39,2026-04-08 19:12:39
c4af0fd7-06d3-40c8-8bc4-62bffe51bc46,83bb192d-616b-403b-bc6c-8a288177e51a,500000,1000000,50000,,,,,,,,,,,,00000000-0000-0000-0000-000000000001,,2026-04-08 19:12:39,2026-04-08 19:12:39
651b2838-6af8-4364-81c6-0cec14da3413,57301679-b8ca-4b40-b1e7-19b2ad58e86d,200000,500000,,,,,,,,,,,,,00000000-0000-0000-0000-000000000001,,2026-04-08 19:12:39,2026-04-08 19:12:39
b7b70a73-a3eb-40f0-97cf-668bd5241e38,50ce8d4c-69bf-4da8-b1f5-37581773f541,500000,1000000,100000,,,,,,,,,,,,00000000-0000-0000-0000-000000000001,,2026-04-08 19:12:39,2026-04-08 19:12:39
73e75ee0-d55c-44fa-8f34-cfd6ecf5d2bc,68fffadb-c144-4da7-b2f5-5e5705e8a736,200000,500000,,,,,,,,,,,,,00000000-0000-0000-0000-000000000001,,2026-04-08 19:12:39,2026-04-08 19:12:39
eefaf838-14d2-4f39-90aa-d8a35e424772,8fb9f63a-6d0c-4bfa-8044-5056fad83bef,,,,,,,,,,,,,,,00000000-0000-0000-0000-000000000001,,2026-04-08 19:12:39,2026-04-08 19:12:39
8259f580-bf72-4b0c-8bcd-97422af2c8c7,8a818cfb-aedd-4c92-b96c-2dee6139dc7d,100000,200000,,,,,,,,,,,,,00000000-0000-0000-0000-000000000001,,2026-04-08 19:12:39,2026-04-08 19:12:39
5134e8ea-8590-4e02-842d-bf2214308e32,ded2cb3a-9f18-4102-bff0-d3872f5de5f5,200000,500000,,,,,,,,,,,,,00000000-0000-0000-0000-000000000001,,2026-04-08 19:12:39,2026-04-08 19:12:39
8a5db702-e8d8-4754-b37d-9e4411bfee7b,731b407c-3cfe-44c3-a63e-002ead4ecd18,200000,500000,,,,,,,,,,,,,00000000-0000-0000-0000-000000000001,,2026-04-08 19:12:39,2026-04-08 19:12:39
c8fa69d2-d3c9-4863-8c67-e0f61351fe7f,e34c45d5-9602-47d1-a2d3-bcf7b6c86019,2000000,3000000,200000,,,,,,,,,,,,00000000-0000-0000-0000-000000000001,,2026-04-08 19:12:39,2026-04-08 19:12:39
9e8799f3-8def-4ec9-985b-15a7583516e0,0a8bf278-9103-4330-8293-877e82fc176f,,,,,,,,,,,,,,,00000000-0000-0000-0000-000000000001,,2026-04-08 19:12:39,2026-04-08 19:12:39
71b5389e-b42d-4893-b6a4-0ad70a2162b4,9864c045-7b29-4e45-9969-c6818e40384a,,,,,,,,,,,,,,,00000000-0000-0000-0000-000000000001,,2026-04-08 19:12:39,2026-04-08 19:12:39
69992fb2-e3d0-4a7f-8faf-140f0757b975,b8ff148a-6d6e-43c9-8285-8285f7c806a2,200000,500000,,,,,,,,,,,,,00000000-0000-0000-0000-000000000001,,2026-04-08 19:12:39,2026-04-08 19:12:39
03bdd907-a025-44c0-806d-b2fba42e4749,434a501e-e78b-48f1-829c-fc47eecf8a47,1000000,1500000,,,,,,,,,,,,,00000000-0000-0000-0000-000000000001,,2026-04-08 19:12:39,2026-04-08 19:12:39
5bdcbc5d-5bcf-413a-85a9-cb4af3e25ad7,6b8a898d-8b0a-4976-8573-80ec147600e9,50000,100000,,,,,,,,,,,,,00000000-0000-0000-0000-000000000001,,2026-04-08 19:12:39,2026-04-08 19:12:39
f773a521-0dd5-4232-b177-36bb1b1f8d9a,221a1912-c124-4805-b007-9dc0a229bb71,100000,200000,50000,,,,,,,,,,,,00000000-0000-0000-0000-000000000001,,2026-04-08 19:12:39,2026-04-08 19:12:39
101eddaa-5444-42c7-ba5e-44decd1cfe57,c907ac8e-b198-41e0-8c4a-1c973dcdc6d2,50000,100000,50000,,,,,,,,,,,,00000000-0000-0000-0000-000000000001,,2026-04-08 19:12:39,2026-04-08 19:12:39
9e7d7cf5-f0bf-435e-a2c5-932cf9ed0d09,170bdc18-09db-4852-bd4e-70efc54bf9c9,,,,,,,,,,,,,,,00000000-0000-0000-0000-000000000001,,2026-04-08 19:12:39,2026-04-08 19:12:39
dff17c2a-207b-440e-9907-9b36141c5129,4aac140d-d1e6-4803-9077-6ca81e8bc5b0,1000000,1500000,200000,,,,,,,,,,,,00000000-0000-0000-0000-000000000001,,2026-04-08 19:12:39,2026-04-08 19:12:39
16df8d22-68f8-43d8-85c2-b4ca7c8b8e92,3f16105d-4043-4379-95fe-ee86e88bc3a6,,,,,,,,,,,,,,,00000000-0000-0000-0000-000000000001,,2026-04-08 19:12:39,2026-04-08 19:12:39
8ad40e05-50d8-4fb6-a1be-8cf894a85ef7,2a259fbe-693d-4f73-906c-43f3fbb4ba75,1000000,1500000,100000,,,,,,,,,,,,00000000-0000-0000-0000-000000000001,,2026-04-08 19:12:39,2026-04-08 19:12:39
bec64b8f-0b7f-4c97-95ab-247548aa223d,4952b811-04be-4765-8b35-6a41e6d5c682,10000000,20000000,200000,,,,,,,,,,,,00000000-0000-0000-0000-000000000001,,2026-04-08 19:12:39,2026-04-08 19:12:39
ccf36d8d-7e03-4894-aa37-9fbb46fdbb26,7dac77dd-aec7-4dea-9eee-f6cf4d67d3e3,50000,100000,50000,,,,,,,,,,,,00000000-0000-0000-0000-000000000001,,2026-04-08 19:12:39,2026-04-08 19:12:39
1bb284dc-95a3-49ce-81fd-71cad0b1bd2c,b81515a7-2ce4-49d0-83e2-69737a92dabe,,,,,,,,,,,,,,,00000000-0000-0000-0000-000000000001,,2026-04-08 19:12:39,2026-04-08 19:12:39
6b8f4d90-f27a-4c1c-80f5-32149c9b3982,137c38ca-a226-4fa8-8c0c-08e3b018a736,4000000,5000000,,,,,,,,,,,,,00000000-0000-0000-0000-000000000001,,2026-04-08 19:12:39,2026-04-08 19:12:39
61079ded-5099-46eb-ab36-0f0690395739,bb54cfd0-6c5a-45d1-b56a-7559e23878a5,1000000,1500000,200000,,,,,,,,,,,,00000000-0000-0000-0000-000000000001,,2026-04-08 19:12:39,2026-04-08 19:12:39
b59ce618-8059-4a09-a2c0-3ef4b3fd7186,e4de6201-4144-4067-bd19-d926915c08d7,50000,100000,,,,,,,,,,,,,00000000-0000-0000-0000-000000000001,,2026-04-08 19:12:39,2026-04-08 19:12:39
8e06b019-89e5-419c-8303-65748b68a754,d68af2bd-c63c-4502-aefc-80058beafa9e,200000,500000,200000,,,,,,,,,,,,00000000-0000-0000-0000-000000000001,,2026-04-08 19:12:39,2026-04-08 19:12:39
d85172a7-7ca4-469c-b3df-6bd51a526801,7e8ee441-69d0-45af-a65a-d3bd9273e22d,20000000,50000000,,,,,,,,,,,,,00000000-0000-0000-0000-000000000001,,2026-04-08 19:12:39,2026-04-08 19:12:39
2f9a2a5f-bfb4-4890-b5d3-4f55b3eb2e4a,f614f690-4f8c-4386-beca-52ade7d0b047,7500000,10000000,1500000,,,,,,,,,,,,00000000-0000-0000-0000-000000000001,,2026-04-08 19:12:39,2026-04-08 19:12:39
7e027a36-1936-4617-94f5-c49d89dc425f,ab820b6a-1cc6-4760-9a3d-36917d4012fa,1000000,1500000,500000,,,,,,,,,,,,00000000-0000-0000-0000-000000000001,,2026-04-08 19:12:39,2026-04-08 19:12:39
9df5d663-c3cb-471f-9699-b2479106da59,5aa69bf2-d6cd-4518-a0ce-d3c1834825cc,200000,500000,50000,,,,,,,,,,,,00000000-0000-0000-0000-000000000001,,2026-04-08 19:12:39,2026-04-08 19:12:39
9fd6df4c-a7f6-4afa-a9ad-9aa4dcbdfd71,2991c5f6-f474-4fbe-b3e9-2bccfa7527c3,500000,1000000,50000,,,,,,,,,,,,00000000-0000-0000-0000-000000000001,,2026-04-08 19:12:39,2026-04-08 19:12:39
15c94811-f10f-48be-bb34-2e1583b499c9,11e33255-5e28-42ce-9ac7-da91eb2c9a2c,50000,100000,50000,,,,,,,,,,,,00000000-0000-0000-0000-000000000001,,2026-04-08 19:12:39,2026-04-08 19:12:39
e990a113-1004-4d63-8f56-ef54007d42a9,69d3937f-a68c-4d96-9540-b9619e632ef9,50000,100000,,,,,,,,,,,,,00000000-0000-0000-0000-000000000001,,2026-04-08 19:12:39,2026-04-08 19:12:39
6a0105f2-1856-4beb-81d4-439176e508f6,45818ba0-6b85-4515-b1e0-39d895c29c52,200000,500000,50000,,,,,,,,,,,,00000000-0000-0000-0000-000000000001,,2026-04-08 19:12:39,2026-04-08 19:12:39
b8bce0af-aa54-42c9-beb4-ff926be7015a,6c2a3ad2-a7b4-4c88-8fdd-dea147cb325d,1000000,1500000,200000,,,,,,,,,,,,00000000-0000-0000-0000-000000000001,,2026-04-08 19:12:39,2026-04-08 19:12:39
7bd62b87-d2cf-40ed-9b32-b8558c9f14dc,760181b5-e9ec-4052-8af9-2349a8cd3508,500000,1000000,50000,,,,,,,,,,,,00000000-0000-0000-0000-000000000001,,2026-04-08 19:12:39,2026-04-08 19:12:39
a1708e1e-b7e1-4931-a349-a2921ee2d782,b896e385-cc29-4816-ace2-2f9e1a86f72e,100000,200000,100000,,,,,,,,,,,,00000000-0000-0000-0000-000000000001,,2026-04-08 19:12:39,2026-04-08 19:12:39
2220a4ee-a2af-4119-b166-fe92a2bf4008,9e5a3db0-5494-4d44-8004-df7da99a126b,50000,100000,50000,,,,,,,,,,,,00000000-0000-0000-0000-000000000001,,2026-04-08 19:12:39,2026-04-08 19:12:39
5be0fb65-0e6e-4405-8fb9-95570383c0ed,cbeacc69-4ee4-46d2-8266-b590e488a2f4,500000,1000000,100000,,,,,,,,,,,,00000000-0000-0000-0000-000000000001,,2026-04-08 19:12:39,2026-04-08 19:12:39
1978cf32-3b3e-44a8-a302-1d0137899f3b,194b3ced-6ec0-4cad-b0c2-b0cfa5cf6a35,1000000,1500000,,,,,,,,,,,,,00000000-0000-0000-0000-000000000001,,2026-04-08 19:12:39,2026-04-08 19:12:39
d400efb2-ec16-4b5f-bb45-c6a31e82210d,32b9bd0a-ff5a-49a0-8310-9519590a27ab,50000000,100000000,100000,,,,,,,,,,,,00000000-0000-0000-0000-000000000001,,2026-04-08 19:12:39,2026-04-08 19:12:39
ebedfb5c-2c57-4814-a159-28d1be9e0d8c,1e0a6632-d200-4de5-9b7b-59e814a41265,,,,,,,,,,,,,,,00000000-0000-0000-0000-000000000001,,2026-04-08 19:12:39,2026-04-08 19:12:39
2cd4cc09-0ad8-4456-88e0-18207a86a25d,306c8472-0862-47ee-b2c9-f3774f8fbb06,200000,500000,,,,,,,,,,,,,00000000-0000-0000-0000-000000000001,,2026-04-08 19:12:39,2026-04-08 19:12:39
e2a6a646-5d49-4fc9-a6c5-633f60268f70,51d87a50-924f-4509-9584-6e379968ebd6,500000,1000000,50000,,,,,,,,,,,,00000000-0000-0000-0000-000000000001,,2026-04-08 19:12:39,2026-04-08 19:12:39
55c1785e-102c-44c7-a4eb-db3193e72d8a,86f4fdac-9b46-4c56-a89d-7c78892bcd8d,,,,,,,,,,,,,,,00000000-0000-0000-0000-000000000001,,2026-04-08 19:12:39,2026-04-08 19:12:39
0b5d9f59-17a1-4368-ad11-e9ffdb3fa612,72135422-e990-45a3-8a49-0fac35ff1a28,,,,,,,,,,,,,,,00000000-0000-0000-0000-000000000001,,2026-04-08 19:12:39,2026-04-08 19:12:39
8807a80f-a742-4f94-9fb1-39a352df80b6,046a66ab-ba50-4f51-be64-96806f54cc64,10000000,20000000,7500000,,,,,,,,,,,,00000000-0000-0000-0000-000000000001,,2026-04-08 19:12:39,2026-04-08 19:12:39
5b9ee516-4973-4f65-8107-843038bf9f8d,17e51f9a-75a4-40b4-a728-b9060afdd354,,,,,,,,,,,,,,,00000000-0000-0000-0000-000000000001,,2026-04-08 19:12:39,2026-04-08 19:12:39
904de28e-da08-455a-99cd-c18631d9108a,4517b1e4-8d24-40c0-a3b7-8597ea0d252f,,,,,,,,,,,,,,,00000000-0000-0000-0000-000000000001,,2026-04-08 19:12:39,2026-04-08 19:12:39
cd662237-c9f0-4ce9-b74a-2b63aae153f8,1cd9ce2e-2372-45eb-a4ba-d436c1631f1b,2000000,3000000,50000,,,,,,,,,,,,00000000-0000-0000-0000-000000000001,,2026-04-08 19:12:39,2026-04-08 19:12:39
6565b1b2-da3b-49d1-af8d-cc6472e8703a,70ce4875-f712-4831-ae17-9a69cc78c14e,1500000,2000000,,,,,,,,,,,,,00000000-0000-0000-0000-000000000001,,2026-04-08 19:12:39,2026-04-08 19:12:39
a3f9bb98-a243-4121-aff2-34ab007668b0,93c41510-9412-4045-95a7-d75fffd4838d,50000,100000,,,,,,,,,,,,,00000000-0000-0000-0000-000000000001,,2026-04-08 19:12:39,2026-04-08 19:12:39
3c86e701-f13c-486a-beeb-3348ce9156dc,e0a08cb2-4293-4893-8226-52061624a165,500000,1000000,100000,,,,,,,,,,,,00000000-0000-0000-0000-000000000001,,2026-04-08 19:12:39,2026-04-08 19:12:39
21d696d5-3a56-4711-a8b5-a2493968f08f,82e7875d-11f2-4aa1-9fae-ec0698672254,50000,100000,50000,,,,,,,,,,,,00000000-0000-0000-0000-000000000001,,2026-04-08 19:12:39,2026-04-08 19:12:39
b8427684-7dfa-4eb0-b642-3a44faccbe53,4f278ed6-879a-4a21-b9d6-644141725fed,50000,100000,50000,,,,,,,,,,,,00000000-0000-0000-0000-000000000001,,2026-04-08 19:12:39,2026-04-08 19:12:39
baff962a-c7eb-406a-97b0-d9e185f7e63a,3b7ac4a4-c1d7-465a-9a6f-90ca374e6c78,500000,1000000,50000,,,,,,,,,,,,00000000-0000-0000-0000-000000000001,,2026-04-08 19:12:39,2026-04-08 19:12:39
cc7a3d03-3b16-42cf-9ef6-97f7a58f06f4,363a7990-10f2-412d-9248-696caed0b26b,100000,200000,,,,,,,,,,,,,00000000-0000-0000-0000-000000000001,,2026-04-08 19:12:39,2026-04-08 19:12:39
8b3fe766-464a-44bc-a530-1bfa29bb01a2,f6c7c6cb-3c41-4e39-9c73-810869d865b0,50000,100000,,,,,,,,,,,,,00000000-0000-0000-0000-000000000001,,2026-04-08 19:12:39,2026-04-08 19:12:39
99d7da87-8e8a-44e9-b7ad-846f84275fd5,666bff0f-590b-472e-bf53-4083cf4ecf87,,,,,,,,,,,,,,,00000000-0000-0000-0000-000000000001,,2026-04-08 19:12:39,2026-04-08 19:12:39
39eefdd2-e292-47ad-a7c4-887722bbec62,ff23195c-8892-4f46-8bdd-e486bfff44d8,500000,1000000,500000,,,,,,,,,,,,00000000-0000-0000-0000-000000000001,,2026-04-08 19:12:39,2026-04-08 19:12:39
c2f5694f-cd71-4f21-97a6-4dcf6e4b7216,d700241a-110e-46e7-8e94-c911a0f390d0,500000,1000000,,,,,,,,,,,,,00000000-0000-0000-0000-000000000001,,2026-04-08 19:12:39,2026-04-08 19:12:39
5a8d260d-0dfa-4a81-8c90-2b27063a5a43,253ebbc3-e9cd-4eea-ae34-5bff8664bdba,200000,500000,200000,,,,,,,,,,,,00000000-0000-0000-0000-000000000001,,2026-04-08 19:12:39,2026-04-08 19:12:39
df6679ed-ff47-42a3-8203-96271b1e3e85,532283fb-8dcf-4669-af3a-08fedb48d97a,1500000,2000000,100000,,,,,,,,,,,,00000000-0000-0000-0000-000000000001,,2026-04-08 19:12:39,2026-04-08 19:12:39
b960a4c8-e21b-45b1-98ca-a015c55e92b5,46b47999-8892-436a-ba7d-836d4b1d2a65,200000,500000,,,,,,,,,,,,,00000000-0000-0000-0000-000000000001,,2026-04-08 19:12:39,2026-04-08 19:12:39
976da7b5-6992-42ac-ba4d-7ba7db744d42,05162bae-1ed7-4f52-bcfb-d23ff865984d,1000000,1500000,200000,,,,,,,,,,,,00000000-0000-0000-0000-000000000001,,2026-04-08 19:12:39,2026-04-08 19:12:39
d2387c23-67a0-4b86-8bae-9cceef0622d3,521b4bab-cdd2-4f68-a7b6-bfcf0b77f93c,,,,,,,,,,,,,,,00000000-0000-0000-0000-000000000001,,2026-04-08 19:12:39,2026-04-08 19:12:39
8d119da7-d747-418a-b250-65a98469ca07,3f9016b1-3fb5-416d-aa5c-17d815b05ccc,100000,200000,50000,,,,,,,,,,,,00000000-0000-0000-0000-000000000001,,2026-04-08 19:12:39,2026-04-08 19:12:39
09134e53-e52a-4792-9c6c-753af9aa2834,db5d198c-55e3-4de6-9330-d63063b737ce,,,,,,,,,,,,,,,00000000-0000-0000-0000-000000000001,,2026-04-08 19:12:39,2026-04-08 19:12:39
9adc4561-48bb-4ee3-b483-328e0f69275b,39e6dba7-33ae-446c-bce5-d56c741a644c,100000,200000,,,,,,,,,,,,,00000000-0000-0000-0000-000000000001,,2026-04-08 19:12:39,2026-04-08 19:12:39
6bc3d490-95c4-4daa-b1ed-875fefe1acbb,115b5702-6036-46a8-99e3-1737c480e826,500000,1000000,100000,,,,,,,,,,,,00000000-0000-0000-0000-000000000001,,2026-04-08 19:12:39,2026-04-08 19:12:39
2a7f3300-f58f-4b5a-9989-32e3c39705d2,5a0fc421-9c8e-4c36-9a25-2263e2cd8a70,,,,,,,,,,,,,,,00000000-0000-0000-0000-000000000001,,2026-04-08 19:12:39,2026-04-08 19:12:39
d97ad1f9-13fb-4aeb-9769-cbb53df950f0,af6cd677-a7ac-4d37-96b7-826828162f0a,,,,,,,,,,,,,,,00000000-0000-0000-0000-000000000001,,2026-04-08 19:12:39,2026-04-08 19:12:39
64bc55fe-64fb-462a-a11f-eb6e40c7a974,8085a97f-136f-461d-8b00-4930751c8438,1000000,1500000,,,,,,,,,,,,,00000000-0000-0000-0000-000000000001,,2026-04-08 19:12:39,2026-04-08 19:12:39
a94939c9-5678-428c-a878-a5830cfea357,dff44139-a2f6-4f01-9972-efcc3f4953a2,200000,500000,,,,,,,,,,,,,00000000-0000-0000-0000-000000000001,,2026-04-08 19:12:39,2026-04-08 19:12:39
7ac63d0c-5c6f-4652-a389-5f399f431361,54061748-f9b2-4868-986f-028c7a12c47d,500000,1000000,50000,,,,,,,,,,,,00000000-0000-0000-0000-000000000001,,2026-04-08 19:12:39,2026-04-08 19:12:39
2ee667e5-9260-43b2-b2e6-73977e9922d3,f7108edd-2246-478e-a305-83838055aa0a,200000,500000,,,,,,,,,,,,,00000000-0000-0000-0000-000000000001,,2026-04-08 19:12:39,2026-04-08 19:12:39
13fb3569-3824-46b8-a1f2-0724b9e870cd,0979da3a-0aa4-4ce6-bb94-9b6f94290e5e,200000,500000,,,,,,,,,,,,,00000000-0000-0000-0000-000000000001,,2026-04-08 19:12:39,2026-04-08 19:12:39
d472bf84-7773-432f-8133-5f44ff94aae9,28796ba6-95cf-41d8-8ec2-5fcf40a91c4e,200000,500000,100000,,,,,,,,,,,,00000000-0000-0000-0000-000000000001,,2026-04-08 19:12:39,2026-04-08 19:12:39
15f52334-6214-4e1d-a156-09f72127a767,e0b3eb60-b34e-459b-9fae-d8630edccce8,3000000,4000000,200000,,,,,,,,,,,,00000000-0000-0000-0000-000000000001,,2026-04-08 19:12:39,2026-04-08 19:12:39
c62df6fa-5327-4827-8912-bcbf6ecb35f2,7228105e-54cb-4648-95d3-79f73816d40c,200000,500000,200000,,,,,,,,,,,,00000000-0000-0000-0000-000000000001,,2026-04-08 19:12:39,2026-04-08 19:12:39
3ca10b4d-8d3f-4765-b20a-f24eaa5099c4,fe0071d2-51dc-4607-8373-eeb6f68ce331,1000000,1500000,200000,,,,,,,,,,,,00000000-0000-0000-0000-000000000001,,2026-04-08 19:12:39,2026-04-08 19:12:39
146d7008-37e9-47d8-8951-a176b1aa01a9,ab11fb35-6e8b-48ba-bf68-dc23b8752241,200000,500000,,,,,,,,,,,,,00000000-0000-0000-0000-000000000001,,2026-04-08 19:12:39,2026-04-08 19:12:39
d7370262-a116-428d-b29c-ec8a49b2ca6a,4ef7dc56-bd65-41ef-9715-aedb5dd27219,200000,500000,50000,,,,,,,,,,,,00000000-0000-0000-0000-000000000001,,2026-04-08 19:12:39,2026-04-08 19:12:39
846ad742-84fb-4ea5-b1b9-83cdcbacedcd,b7a6bdfc-65d5-445d-9913-0f83957f07d4,1500000,2000000,200000,,,,,,,,,,,,00000000-0000-0000-0000-000000000001,,2026-04-08 19:12:39,2026-04-08 19:12:39
a32849e3-d583-4b60-960a-e0d10b5fb2d6,a7564972-ba87-4877-9d41-acb9fefbf59f,50000,100000,50000,,,,,,,,,,,,00000000-0000-0000-0000-000000000001,,2026-04-08 19:12:39,2026-04-08 19:12:39
ea319255-23f5-4565-a0c7-4afdeb810872,ea981fdf-df69-44f2-af94-bb35a9e2cb33,500000,1000000,100000,,,,,,,,,,,,00000000-0000-0000-0000-000000000001,,2026-04-08 19:12:39,2026-04-08 19:12:39
8c0bb67a-4545-4911-aaf3-7b0ec488fbe0,bbe64b17-8009-4b07-892f-2af3e28aad47,1500000,2000000,500000,,,,,,,,,,,,00000000-0000-0000-0000-000000000001,,2026-04-08 19:12:39,2026-04-08 19:12:39
c9bb64b0-5a6d-43af-8729-da854ce8a8e7,978351eb-89a2-4dfc-ad74-bd1699ec46b7,,,,,,,,,,,,,,,00000000-0000-0000-0000-000000000001,,2026-04-08 19:12:39,2026-04-08 19:12:39
61c7be1b-3d90-497c-9740-d2cf0cc0d1f3,b20186a5-4fef-440f-bdda-660c53e16f98,200000,500000,50000,,,,,,,,,,,,00000000-0000-0000-0000-000000000001,,2026-04-08 19:12:39,2026-04-08 19:12:39
d66baabd-a86b-4d79-badb-fef0cf6c56c1,8466be1a-e05a-4c1e-96f7-450c9001c887,,,,,,,,,,,,,,,00000000-0000-0000-0000-000000000001,,2026-04-08 19:12:39,2026-04-08 19:12:39
dfec10a8-6412-4792-b10b-5480226d779d,a3ef0e9b-6339-44d6-b6c7-a3222094ced0,2000000,3000000,,,,,,,,,,,,,00000000-0000-0000-0000-000000000001,,2026-04-08 19:12:39,2026-04-08 19:12:39
91bf5506-1e54-4166-98da-6ce44203149a,5e04cec3-5a19-4ddb-af8e-a90c246aaf27,50000,100000,,,,,,,,,,,,,00000000-0000-0000-0000-000000000001,,2026-04-08 19:12:39,2026-04-08 19:12:39
1efec945-b96a-4825-b7e8-775fd16c1cee,9bb9cce1-d65e-4bd7-bce2-b1b21bb51b0f,4000000,5000000,1000000,,,,,,,,,,,,00000000-0000-0000-0000-000000000001,,2026-04-08 19:12:39,2026-04-08 19:12:39
50b06c5f-eac8-4cb6-a560-af17839e2051,4ba91102-d423-45df-b13c-fd4df7c33829,500000,1000000,100000,,,,,,,,,,,,00000000-0000-0000-0000-000000000001,,2026-04-08 19:12:39,2026-04-08 19:12:39
3d5d1fa1-68a6-4dcb-ad92-09aa8818fedd,60f44cc4-08c5-4cbe-aa90-22cfb4585fa3,,,,,,,,,,,,,,,00000000-0000-0000-0000-000000000001,,2026-04-08 19:12:39,2026-04-08 19:12:39
7c5d8bd5-8357-40b0-857e-9bcef641adc0,d20d8d09-a8b1-4d6f-8276-e6dccc6f4021,,,,,,,,,,,,,,,00000000-0000-0000-0000-000000000001,,2026-04-08 19:12:39,2026-04-08 19:12:39
37e13759-3ddf-403a-88ae-b2d031a0d37a,0f7b1dfb-6465-41c9-b4ce-658e128d0be9,,,,,,,,,,,,,,,00000000-0000-0000-0000-000000000001,,2026-04-08 19:12:39,2026-04-08 19:12:39
d6dec545-fe7a-4b5c-a616-552d10b4a8ee,2ce9a821-2d18-48a7-ad48-1fba7446679d,50000,100000,,,,,,,,,,,,,00000000-0000-0000-0000-000000000001,,2026-04-08 19:12:39,2026-04-08 19:12:39
3f78c231-24b6-41c5-b6d7-ab773e7da372,0735dcf7-560e-4e4c-be0b-99260c6b837d,200000,500000,100000,,,,,,,,,,,,00000000-0000-0000-0000-000000000001,,2026-04-08 19:12:39,2026-04-08 19:12:39
ffb935f6-52d3-44da-a696-0e989d8ea472,5429b3df-c460-40b1-8e80-3f1bea1c4027,,,,,,,,,,,,,,,00000000-0000-0000-0000-000000000001,,2026-04-08 19:12:39,2026-04-08 19:12:39
69963a58-729c-4ea5-ac95-0233fef68bed,8209c7db-865c-4547-a936-649b5e83dc74,500000,1000000,50000,,,,,,,,,,,,00000000-0000-0000-0000-000000000001,,2026-04-08 19:12:39,2026-04-08 19:12:39
da755e4d-1f69-4709-9262-93e00bfc224b,2ff3fd75-7495-4ceb-8d6b-28714be2fff1,1000000,1500000,50000,,,,,,,,,,,,00000000-0000-0000-0000-000000000001,,2026-04-08 19:12:39,2026-04-08 19:12:39
a433f3bd-81e0-4b1b-a2a5-d279b460c0d6,03e02fb4-1324-4763-a897-e2bf20edce2c,200000,500000,50000,,,,,,,,,,,,00000000-0000-0000-0000-000000000001,,2026-04-08 19:12:39,2026-04-08 19:12:39
c7ba549b-a68a-4adb-9565-55fb684de57d,85bf50d5-dc03-4987-95df-50fb792fee54,200000,500000,200000,,,,,,,,,,,,00000000-0000-0000-0000-000000000001,,2026-04-08 19:12:39,2026-04-08 19:12:39
723cf851-23cf-444a-84da-1b6d1b94f368,8eb5ced2-32bd-4428-bff4-29ab24d95ad2,1000000,1500000,100000,,,,,,,,,,,,00000000-0000-0000-0000-000000000001,,2026-04-08 19:12:39,2026-04-08 19:12:39
dbcbdf57-ede3-48a6-88ee-e91962427085,ce2a68f4-57b1-4ff4-b31c-05938d8f01a3,,,,,,,,,,,,,,,00000000-0000-0000-0000-000000000001,,2026-04-08 19:12:39,2026-04-08 19:12:39
23aedade-3b48-4320-ba2b-8ff35313ab6f,d4adabd2-b442-4ebd-abc5-4b10a1388102,1000000,1500000,50000,,,,,,,,,,,,00000000-0000-0000-0000-000000000001,,2026-04-08 19:12:39,2026-04-08 19:12:39
8ebe14f6-0c82-4121-bab3-c22bb3b525ba,d9deab20-efd6-48be-a4ce-708e5e1766ad,200000,500000,50000,,,,,,,,,,,,00000000-0000-0000-0000-000000000001,,2026-04-08 19:12:39,2026-04-08 19:12:39
dd2cfd8e-b64a-4c30-8752-2e0c8e042b72,b466d81d-d2b0-4677-85cb-eb41d868a83e,50000,100000,50000,,,,,,,,,,,,00000000-0000-0000-0000-000000000001,,2026-04-08 19:12:39,2026-04-08 19:12:39
a4d88e55-29c2-4e31-9b5f-58321f82ef69,60cb572b-5a35-4ad3-b0ad-5b5c4f51db07,1500000,2000000,1500000,,,,,,,,,,,,00000000-0000-0000-0000-000000000001,,2026-04-08 19:12:39,2026-04-08 19:12:39
781632a9-38b4-4e64-9f08-f647a30a0a5b,6570f205-769a-42a4-9405-c152f91daa21,2000000,3000000,,,,,,,,,,,,,00000000-0000-0000-0000-000000000001,,2026-04-08 19:12:39,2026-04-08 19:12:39
b2eb7167-a1c8-4acd-a4b2-68b0e99c94a6,43d91885-2c72-4a14-a254-d9bd2a1c3ed8,50000,100000,500000,,,,,,,,,,,,00000000-0000-0000-0000-000000000001,,2026-04-08 19:12:39,2026-04-08 19:12:39
a6e0fd8e-8d76-44d0-a5c2-6df6626652b2,079cf232-9439-4e89-b7ee-041c8baeadb3,,,,,,,,,,,,,,,00000000-0000-0000-0000-000000000001,,2026-04-08 19:12:39,2026-04-08 19:12:39
7cabe256-7aa5-4f80-b925-895096b850e9,b78080f7-dde9-4574-b648-1a609e970d95,,,,,,,,,,,,,,,00000000-0000-0000-0000-000000000001,,2026-04-08 19:12:39,2026-04-08 19:12:39
e8195557-bc5d-44b8-a285-7b49e3cd67db,87701d6c-5411-4c7e-99e9-11db4365994f,1000000,1500000,,,,,,,,,,,,,00000000-0000-0000-0000-000000000001,,2026-04-08 19:12:39,2026-04-08 19:12:39
c39db2f0-d49d-49b9-bda4-d80d4a58e20e,0e26981a-16a1-4b60-ae67-9543698094e4,100000,200000,,,,,,,,,,,,,00000000-0000-0000-0000-000000000001,,2026-04-08 19:12:39,2026-04-08 19:12:39
8cd29e26-4d0d-4bce-a4c9-8a78244aeff0,9a6c34b5-618e-4b98-bc73-9876d2715e20,,,,,,,,,,,,,,,00000000-0000-0000-0000-000000000001,,2026-04-08 19:12:39,2026-04-08 19:12:39
8f1a9e9f-1465-47fc-a33b-21d43f5e0369,acdb02c5-26e7-44cf-903f-41a01657ddc8,100000,200000,,,,,,,,,,,,,00000000-0000-0000-0000-000000000001,,2026-04-08 19:12:39,2026-04-08 19:12:39
c64ffec4-ad76-49ce-a9cd-15f7be95b7de,7c35b13e-30a4-4bbe-95c2-5e29f9d43007,1500000,2000000,100000,,,,,,,,,,,,00000000-0000-0000-0000-000000000001,,2026-04-08 19:12:39,2026-04-08 19:12:39
460a63ee-d510-4732-889b-3ca8bc07def4,b2b26974-08ba-4f2e-a8db-cbc8ad427b56,,,,,,,,,,,,,,,00000000-0000-0000-0000-000000000001,,2026-04-08 19:12:39,2026-04-08 19:12:39
62efcd1a-64ba-41d9-b97f-31291dfe7cc6,d0185006-308f-4230-b277-5163994b21b9,100000,200000,,,,,,,,,,,,,00000000-0000-0000-0000-000000000001,,2026-04-08 19:12:39,2026-04-08 19:12:39
5e8c2d99-7b41-4a56-8a35-ec1791ec2eb1,f3d056fe-3dcf-4900-8b0d-e1e48e511006,100000,200000,,,,,,,,,,,,,00000000-0000-0000-0000-000000000001,,2026-04-08 19:12:39,2026-04-08 19:12:39
2f1cda5b-5e9a-409e-a642-650605b647ec,50fec8b8-de5a-4200-9a92-1504d8666ff7,500000,1000000,,,,,,,,,,,,,00000000-0000-0000-0000-000000000001,,2026-04-08 19:12:39,2026-04-08 19:12:39
9351c643-af8d-40f6-afcf-91a83aa279e9,0b57e0d9-9c0f-4a4b-9bbe-a7dd9061169e,50000,100000,50000,,,,,,,,,,,,00000000-0000-0000-0000-000000000001,,2026-04-08 19:12:39,2026-04-08 19:12:39
858544e6-3ae7-4575-8490-1a0591c65732,67cc4f72-864a-4546-bca0-26c059d599e2,200000,500000,,,,,,,,,,,,,00000000-0000-0000-0000-000000000001,,2026-04-08 19:12:39,2026-04-08 19:12:39
dd675e3f-7c50-45af-8f06-651e6c899011,827f5666-6390-4a13-a7a7-10a7a9e9bf45,200000,500000,200000,,,,,,,,,,,,00000000-0000-0000-0000-000000000001,,2026-04-08 19:12:39,2026-04-08 19:12:39
628e0f95-73b3-4cb6-b219-4cc30435c733,7c655177-15a8-4253-82e2-dc63adbdeafc,500000,1000000,,,,,,,,,,,,,00000000-0000-0000-0000-000000000001,,2026-04-08 19:12:39,2026-04-08 19:12:39
34852064-7912-483d-a015-9194ce572975,2b57b0a1-697a-47ea-89f2-c5c2c85bb857,500000,1000000,100000,,,,,,,,,,,,00000000-0000-0000-0000-000000000001,,2026-04-08 19:12:39,2026-04-08 19:12:39
c94c9b96-6ce8-4ed3-b9d3-631a2be74aa5,5c49a719-f799-497f-8dd9-090efd13293a,,,100000,,,,,,,,,,,,00000000-0000-0000-0000-000000000001,,2026-04-08 19:12:39,2026-04-08 19:12:39
745ebc96-444e-43cc-a787-2241685c54f0,a0818c59-871e-452d-803d-c9db419d787a,50000,100000,50000,,,,,,,,,,,,00000000-0000-0000-0000-000000000001,,2026-04-08 19:12:39,2026-04-08 19:12:39
04979b1a-da23-4d78-a00c-9a22fda9e185,c1c344a2-4a6f-4a70-b8e8-e625c9804290,100000,200000,100000,,,,,,,,,,,,00000000-0000-0000-0000-000000000001,,2026-04-08 19:12:39,2026-04-08 19:12:39
a50793b2-d941-4045-b195-e2c811991ae4,1af1894d-ea36-40ac-ba09-4c1413d512ee,1500000,2000000,100000,,,,,,,,,,,,00000000-0000-0000-0000-000000000001,,2026-04-08 19:12:39,2026-04-08 19:12:39
07fcc21d-a4b6-4a01-8422-1491feed152b,ccd436a0-361d-4b4e-aada-60509a1ba37e,1000000,1000000,,,,,,,,,,,,,00000000-0000-0000-0000-000000000001,,2026-04-08 19:12:39,2026-04-08 19:12:39
5c25d0b8-ff37-41b1-8336-e085bdb557ab,0e0db7b8-cf82-464b-b17d-38486fffeb9f,100000,200000,,,,,,,,,,,,,00000000-0000-0000-0000-000000000001,,2026-04-08 19:12:39,2026-04-08 19:12:39
6aab0083-37ed-4cac-ba12-0251099cfdb1,6e5d76be-5e43-4f9e-90f6-1d0e9e1378d2,200000,500000,,,,,,,,,,,,,00000000-0000-0000-0000-000000000001,,2026-04-08 19:12:39,2026-04-08 19:12:39
55fb76d5-977e-4c16-abab-e72fcd68c6cd,6bdb5682-1e3c-4a08-8231-e274d8c1a09a,200000,500000,50000,,,,,,,,,,,,00000000-0000-0000-0000-000000000001,,2026-04-08 19:12:39,2026-04-08 19:12:39
5d874eed-a031-4847-bf3a-484b2488c0db,7c2f27ec-99a4-485a-be91-4c21eb6b3c9f,500000,1000000,100000,,,,,,,,,,,,00000000-0000-0000-0000-000000000001,,2026-04-08 19:12:39,2026-04-08 19:12:39
2985642d-5a20-4f64-ac79-4ad023468a23,4ba5d991-c496-4148-b2f0-132a388b73a2,500000,1000000,100000,,,,,,,,,,,,00000000-0000-0000-0000-000000000001,,2026-04-08 19:12:39,2026-04-08 19:12:39
b342f06e-963c-4b0b-a798-e3680edfeac0,224b6540-8354-4b66-85b0-a0962e37552a,200000,500000,,,,,,,,,,,,,00000000-0000-0000-0000-000000000001,,2026-04-08 19:12:39,2026-04-08 19:12:39
08905c27-7a31-40bc-8b30-ef992bb3fb8d,3ebbb001-6012-491b-a5ed-70d70630f6b0,200000,500000,100000,,,,,,,,,,,,00000000-0000-0000-0000-000000000001,,2026-04-08 19:12:39,2026-04-08 19:12:39
7751d0f0-bbba-42c6-a10e-04c36722e73b,b02a946b-b745-4f35-96a1-74024cf4517e,5000000,7500000,200000,,,,,,,,,,,,00000000-0000-0000-0000-000000000001,,2026-04-08 19:12:39,2026-04-08 19:12:39
c46bb477-8684-4f0c-ad36-6aa2b331935d,e0d3eb63-7c6f-40a8-a12f-63bb5760e275,1500000,2000000,100000,,,,,,,,,,,,00000000-0000-0000-0000-000000000001,,2026-04-08 19:12:39,2026-04-08 19:12:39
21446e4d-ba0a-4aeb-b561-fb0273039d66,33b7f7ef-89fb-49c9-8ff4-a32feace1091,50000,100000,50000,,,,,,,,,,,,00000000-0000-0000-0000-000000000001,,2026-04-08 19:12:39,2026-04-08 19:12:39
2ac3f233-aff3-434d-bf78-45c7a064f0c5,a80682e6-d08c-48cf-b7b2-82be44078f87,200000,500000,50000,,,,,,,,,,,,00000000-0000-0000-0000-000000000001,,2026-04-08 19:12:39,2026-04-08 19:12:39
063b0b2c-e54c-42ce-b9e8-9b57da12d31f,ead88274-6424-46d8-a89a-aa00b8584f6f,500000,1000000,,,,,,,,,,,,,00000000-0000-0000-0000-000000000001,,2026-04-08 19:12:39,2026-04-08 19:12:39
0653fc0a-1607-4716-9a7a-ec4bd3490a31,824f7e72-9f24-4eed-aa45-d656d5f02746,1500000,2000000,200000,,,,,,,,,,,,00000000-0000-0000-0000-000000000001,,2026-04-08 19:12:39,2026-04-08 19:12:39
1a15cdb0-9571-4a7c-964b-ce699d80b6f0,68a19a1e-e65f-4fa7-9ac1-9bb9a66d845b,100000,200000,,,,,,,,,,,,,00000000-0000-0000-0000-000000000001,,2026-04-08 19:12:39,2026-04-08 19:12:39
f5c8750e-c67a-4147-92c3-b9ca7cf7cfe7,c9461fb7-ac64-4a22-8de8-3d141b74537a,200000,500000,50000,,,,,,,,,,,,00000000-0000-0000-0000-000000000001,,2026-04-08 19:12:39,2026-04-08 19:12:39
1f3c8573-2ad0-417f-8c52-80f16e9b3afd,c6a79817-386d-4eee-a084-9d61a183331d,200000,500000,50000,,,,,,,,,,,,00000000-0000-0000-0000-000000000001,,2026-04-08 19:12:39,2026-04-08 19:12:39
a2fbfe2b-7f7b-45d2-b52b-e21528dd93d6,c9da01b3-437a-47b5-92c9-f648bb2cdaff,500000,1000000,,,,,,,,,,,,,00000000-0000-0000-0000-000000000001,,2026-04-08 19:12:39,2026-04-08 19:12:39
4322c93d-09af-4ed0-9257-801dae0124ce,77caeba5-0140-4eee-b942-1154c669b302,,,,,,,,,,,,,,,00000000-0000-0000-0000-000000000001,,2026-04-08 19:12:39,2026-04-08 19:12:39
d5123780-3f41-4586-8a78-0091939bd41c,9963891b-7e13-48da-9138-7cf5370d3d11,1000000,1500000,,,,,,,,,,,,,00000000-0000-0000-0000-000000000001,,2026-04-08 19:12:39,2026-04-08 19:12:39
c3adb58e-6b21-41af-a3ac-58096e4d686f,9f18037c-2aa3-424f-b862-9e79a0136409,1500000,2000000,200000,,,,,,,,,,,,00000000-0000-0000-0000-000000000001,,2026-04-08 19:12:39,2026-04-08 19:12:39
5f73892e-dc6c-4590-a82b-566cf1c55677,1deba592-75e5-4411-a7a3-5df7de05beff,200000,500000,,,,,,,,,,,,,00000000-0000-0000-0000-000000000001,,2026-04-08 19:12:39,2026-04-08 19:12:39
21f9df7a-d71f-4675-9480-31eb05f93e45,3738b8e5-0327-4e08-970a-a8ebb13d0b95,1000000,1500000,200000,,,,,,,,,,,,00000000-0000-0000-0000-000000000001,,2026-04-08 19:12:39,2026-04-08 19:12:39
7a269150-a2fe-4403-b52c-b8ac478fba4b,43d5b306-789c-4b36-9145-61725240276d,1500000,2000000,50000,,,,,,,,,,,,00000000-0000-0000-0000-000000000001,,2026-04-08 19:12:39,2026-04-08 19:12:39
b31058d7-354b-419f-b01a-b423709b929e,bf8ba409-81bb-45f3-8252-c04a9a69845e,20000000,50000000,,,,,,,,,,,,,00000000-0000-0000-0000-000000000001,,2026-04-08 19:12:39,2026-04-08 19:12:39
b55074e9-debb-4f13-9621-b82abb4ca902,843f3313-41e9-4ec0-903d-82839b73f768,,,,,,,,,,,,,,,00000000-0000-0000-0000-000000000001,,2026-04-08 19:12:39,2026-04-08 19:12:39
c80f7ae9-f952-45c3-9e64-767c89f53b4c,ca0c790e-ae8e-488d-8cc1-a88cd7c2ddb8,500000,1000000,50000,,,,,,,,,,,,00000000-0000-0000-0000-000000000001,,2026-04-08 19:12:39,2026-04-08 19:12:39
429c332a-4f72-4e21-adb7-535338ef4b27,eee8ad08-d821-4ac9-aa6a-0ba08e1a3331,,,,,,,,,,,,,,,00000000-0000-0000-0000-000000000001,,2026-04-08 19:12:39,2026-04-08 19:12:39
cf50575d-8707-4dde-a038-95aad3f0d124,4f7ccb80-7613-4b64-adba-acf8694b4d5a,,,,,,,,,,,,,,,00000000-0000-0000-0000-000000000001,,2026-04-08 19:12:39,2026-04-08 19:12:39
30713a24-48d6-47a6-8385-bd3dfef9eb69,779036c2-a48e-4430-b23a-0667e3a7ffd4,100000,200000,200000,,,,,,,,,,,,00000000-0000-0000-0000-000000000001,,2026-04-08 19:12:39,2026-04-08 19:12:39
ea220813-e918-4def-b241-4a9dd73f136e,7bf6ec9d-ce35-43c5-8ffa-8b38ed1410d7,1000000,1500000,100000,,,,,,,,,,,,00000000-0000-0000-0000-000000000001,,2026-04-08 19:12:39,2026-04-08 19:12:39
43a16ef9-ef6f-4d39-85b2-3c215088ac35,1e0bdbb7-2ca9-43e5-9e42-e8d77ea6057b,500000,1000000,200000,,,,,,,,,,,,00000000-0000-0000-0000-000000000001,,2026-04-08 19:12:39,2026-04-08 19:12:39
8004206c-c3fa-435e-9366-d44c3da29fb9,c7172c79-f07c-41f1-86c1-9256446edeaf,50000,100000,,,,,,,,,,,,,00000000-0000-0000-0000-000000000001,,2026-04-08 19:12:39,2026-04-08 19:12:39
e47f2045-fdaf-4358-b17d-08eed244af94,a66e1e0b-cac4-4ead-aefa-026905f18a8d,500000,1000000,100000,,,,,,,,,,,,00000000-0000-0000-0000-000000000001,,2026-04-08 19:12:39,2026-04-08 19:12:39
b602c0ce-313f-4d65-914a-04ce042acd1b,d280fb07-6309-4d6e-8a25-4f433c657c0d,100000,200000,,,,,,,,,,,,,00000000-0000-0000-0000-000000000001,,2026-04-08 19:12:39,2026-04-08 19:12:39
aac8e4c0-26b5-46dd-b2e9-f2e43bb61de6,54e14ae3-231e-4473-84cd-055c480829e3,500000,1000000,50000,,,,,,,,,,,,00000000-0000-0000-0000-000000000001,,2026-04-08 19:12:39,2026-04-08 19:12:39
485fae0e-2880-4e24-a0f0-bd9c46b55e6f,f291d674-8696-4984-94cc-2d8b20fd4fea,500000,1000000,200000,,,,,,,,,,,,00000000-0000-0000-0000-000000000001,,2026-04-08 19:12:39,2026-04-08 19:12:39
e54dd0a5-2504-41e4-9e8e-1950d793ddc7,32f85360-10ad-4389-94c4-b2585c6c8cea,200000,200000,,,,,,,,,,,,,00000000-0000-0000-0000-000000000001,,2026-04-08 19:12:39,2026-04-08 19:12:39
172c57f0-98ae-47e3-9c39-3af5afd5d2e2,0a97aa3b-9fc4-43b0-a02b-498da3e7b31b,,,,,,,,,,,,,,,00000000-0000-0000-0000-000000000001,,2026-04-08 19:12:39,2026-04-08 19:12:39
d8ebb600-cb6e-4e68-adce-17b6354c423c,7adfbdbc-7665-453f-94e2-c62b73c18cf1,500000,1000000,200000,,,,,,,,,,,,00000000-0000-0000-0000-000000000001,,2026-04-08 19:12:39,2026-04-08 19:12:39
cce557c7-b36c-45a9-92c0-fcb0a608cbfb,9a5dc1b7-5cc4-49ee-bf19-aeda9bab2ae9,1500000,2000000,200000,,,,,,,,,,,,00000000-0000-0000-0000-000000000001,,2026-04-08 19:12:39,2026-04-08 19:12:39
1a84b599-2b07-425b-9d3f-49e32de38ae3,9a03d1d5-de16-4f14-98a9-2d05a0e153aa,100000,200000,50000,,,,,,,,,,,,00000000-0000-0000-0000-000000000001,,2026-04-08 19:12:39,2026-04-08 19:12:39
cadcd8f1-39ea-405d-8cec-2b3fcaad9821,99b6bb30-cd16-4faa-80b3-df2f4fc9b363,50000,100000,1000000,,,,,,,,,,,,00000000-0000-0000-0000-000000000001,,2026-04-08 19:12:39,2026-04-08 19:12:39
ce1459bc-9e3f-442b-9db4-dae77d3c0870,3539cf99-9046-4f19-a0e0-bc47ca9c03d9,1000000,1500000,,,,,,,,,,,,,00000000-0000-0000-0000-000000000001,,2026-04-08 19:12:39,2026-04-08 19:12:39
0ab305d9-3799-4ee8-a44e-f834f9641fec,24bd542b-ec90-491e-bb51-a44914bb4b3e,50000,100000,,,,,,,,,,,,,00000000-0000-0000-0000-000000000001,,2026-04-08 19:12:39,2026-04-08 19:12:39
d1d2371b-30d0-4473-935e-583b4c1dc808,2d8691e7-0edc-43eb-9983-73ad09c1afc3,100000,200000,100000,,,,,,,,,,,,00000000-0000-0000-0000-000000000001,,2026-04-08 19:12:39,2026-04-08 19:12:39
1ee81740-9822-4aca-9bbb-ef5b86496388,3591da6f-7c53-454b-b7fa-07f3c9ac2d05,4000000,5000000,500000,,,,,,,,,,,,00000000-0000-0000-0000-000000000001,,2026-04-08 19:12:39,2026-04-08 19:12:39
01326384-67d7-4ab4-bdc9-5439786713da,bcc586e2-34a2-4e5e-9f74-d40560632f55,100000,200000,,,,,,,,,,,,,00000000-0000-0000-0000-000000000001,,2026-04-08 19:12:39,2026-04-08 19:12:39
0fa1e630-f5e3-4449-bca1-ef7f92640d41,2349df98-d721-406c-b93c-f0adfc79b0a4,500000,1000000,,,,,,,,,,,,,00000000-0000-0000-0000-000000000001,,2026-04-08 19:12:39,2026-04-08 19:12:39
b1ffb6b3-87fd-4913-bb47-78f85a1fa975,83ebf55f-996f-44de-bef7-5b72815675a0,,,,,,,,,,,,,,,00000000-0000-0000-0000-000000000001,,2026-04-08 19:12:39,2026-04-08 19:12:39
0215414f-3897-48dd-b016-67bcc558bbab,0edb2d29-3692-478b-a111-6c5bb222d2fa,50000,100000,50000,,,,,,,,,,,,00000000-0000-0000-0000-000000000001,,2026-04-08 19:12:39,2026-04-08 19:12:39
c506b4d9-9c74-43ff-9966-073d5b5b1f20,5622c818-c25c-474a-a68c-afd069ebd2e6,3000000,4000000,50000,,,,,,,,,,,,00000000-0000-0000-0000-000000000001,,2026-04-08 19:12:39,2026-04-08 19:12:39
1b9ebb51-9584-4d1a-abb7-05c2fd910029,f7dffa56-a84a-4920-81bd-21e9172cf89d,,,,,,,,,,,,,,,00000000-0000-0000-0000-000000000001,,2026-04-08 19:12:39,2026-04-08 19:12:39
f05278eb-db78-4872-a86e-28df44f32b0a,2d582261-0355-447e-8327-50aaf584dded,1500000,1500000,100000,,,,,,,,,,,,00000000-0000-0000-0000-000000000001,,2026-04-08 19:12:39,2026-04-08 19:12:39
8b4d6726-5498-4605-b335-7431ca75f505,a7c79923-4ad4-4a62-9ea4-6969760a3937,50000,100000,,,,,,,,,,,,,00000000-0000-0000-0000-000000000001,,2026-04-08 19:12:39,2026-04-08 19:12:39
3fda05b1-05c9-44e8-b737-bdcde37b0fe0,60cee225-80bc-476a-9199-2717f362c3c7,,,,,,,,,,,,,,,00000000-0000-0000-0000-000000000001,,2026-04-08 19:12:39,2026-04-08 19:12:39
c96755aa-f931-4072-a6ef-ca9d6edebcef,cf7c4c0b-ee87-4101-aea6-2bef09a1c3b0,5000000,7500000,100000,,,,,,,,,,,,00000000-0000-0000-0000-000000000001,,2026-04-08 19:12:39,2026-04-08 19:12:39
56cbd502-b37f-416c-b3e1-1906b43c9e66,7fafafd9-1f00-4da8-8b47-8eba02f32b44,1000000,1500000,200000,,,,,,,,,,,,00000000-0000-0000-0000-000000000001,,2026-04-08 19:12:39,2026-04-08 19:12:39
e9131ceb-dacd-412e-a444-9f3df15b011c,8af2a221-7511-4215-bb5b-04728be3be51,,,,,,,,,,,,,,,00000000-0000-0000-0000-000000000001,,2026-04-08 19:12:39,2026-04-08 19:12:39
fab177f7-1a03-416c-81f9-645bd0619d3f,fcfe5396-2d0e-479e-b493-a2f0a33e0247,,,,,,,,,,,,,,,00000000-0000-0000-0000-000000000001,,2026-04-08 19:12:39,2026-04-08 19:12:39
d754abb4-147b-4089-bc8d-1b0d4ea970dc,de0c7987-a5f1-4174-9cd4-7ceeafeb1489,50000,100000,,,,,,,,,,,,,00000000-0000-0000-0000-000000000001,,2026-04-08 19:12:39,2026-04-08 19:12:39
84be0eac-60a7-49ee-90f7-c860c4cd14a8,921b4ea2-6d8b-411f-a585-c33ad621a339,1500000,2000000,200000,,,,,,,,,,,,00000000-0000-0000-0000-000000000001,,2026-04-08 19:12:39,2026-04-08 19:12:39
a5da707b-3437-4318-8d0d-6fef408ccb6d,abcf3077-e95b-4c99-a66e-274cd479f409,200000,500000,100000,,,,,,,,,,,,00000000-0000-0000-0000-000000000001,,2026-04-08 19:12:39,2026-04-08 19:12:39
4b37b1f4-6d30-415b-8a59-ce84a8332bf0,676542ca-ef0f-4f78-96d9-5b374e6aceec,200000,500000,,,,,,,,,,,,,00000000-0000-0000-0000-000000000001,,2026-04-08 19:12:39,2026-04-08 19:12:39
53ba2f09-e25c-4349-b2e9-24b8ff548a8a,7b2a4825-f584-44ee-a508-79e7b5abca5c,200000,500000,100000,,,,,,,,,,,,00000000-0000-0000-0000-000000000001,,2026-04-08 19:12:39,2026-04-08 19:12:39
46079805-45c3-414c-839f-d269bc668ef4,95aee600-0241-4108-acfb-bb4c8e7eaba6,50000,100000,,,,,,,,,,,,,00000000-0000-0000-0000-000000000001,,2026-04-08 19:12:39,2026-04-08 19:12:39
72e96580-b249-447c-84b2-aa49d3ea3851,394e0365-8448-451c-b6ab-745e676f6fac,500000,1000000,200000,,,,,,,,,,,,00000000-0000-0000-0000-000000000001,,2026-04-08 19:12:39,2026-04-08 19:12:39
60077a63-d4f8-4c17-873c-92f6c53b0b86,b0e973ca-f196-4128-9325-c25d152c7637,,,,,,,,,,,,,,,00000000-0000-0000-0000-000000000001,,2026-04-08 19:12:39,2026-04-08 19:12:39
a8c23a7b-a940-4749-a51c-311ffa141950,ee25041e-9e48-4336-9e01-674bda8a31a7,1500000,2000000,500000,,,,,,,,,,,,00000000-0000-0000-0000-000000000001,,2026-04-08 19:12:39,2026-04-08 19:12:39
7507cd7a-db18-4b82-b910-467b7d5dcf19,2145428c-aeeb-4a85-9811-f410442816e8,500000,1000000,200000,,,,,,,,,,,,00000000-0000-0000-0000-000000000001,,2026-04-08 19:12:39,2026-04-08 19:12:39
16027d38-9768-4e1d-abb6-5c8651b09220,7bac3e25-40d9-41b6-91bf-ea65abc9717e,200000,500000,50000,,,,,,,,,,,,00000000-0000-0000-0000-000000000001,,2026-04-08 19:12:39,2026-04-08 19:12:39
5301f572-bcf2-4787-a125-edf4a9d10277,b567b9d0-4d97-411c-8545-d582874065bd,,,,,,,,,,,,,,,00000000-0000-0000-0000-000000000001,,2026-04-08 19:12:39,2026-04-08 19:12:39
cb5eb899-a5a8-4a7d-ae4d-ce6a275e194b,814a612a-6158-4fae-be89-222018f0e090,500000,1000000,200000,,,,,,,,,,,,00000000-0000-0000-0000-000000000001,,2026-04-08 19:12:39,2026-04-08 19:12:39
44222377-44ac-4140-97af-06f142b31120,caad0948-0e6d-4407-9dc6-dea7c0457a4c,50000,100000,,,,,,,,,,,,,00000000-0000-0000-0000-000000000001,,2026-04-08 19:12:39,2026-04-08 19:12:39
fc215207-2bfa-4435-9322-e9408157463b,d02b084a-6a52-49fe-8d64-4def09ed7472,,,,,,,,,,,,,,,00000000-0000-0000-0000-000000000001,,2026-04-08 19:12:39,2026-04-08 19:12:39
5d890eef-02bb-4d44-a3d2-bec1309c2947,782e3994-d28a-4704-83ed-9c8f95f61ea5,7500000,10000000,,,,,,,,,,,,,00000000-0000-0000-0000-000000000001,,2026-04-08 19:12:39,2026-04-08 19:12:39
e09c9a45-745f-44ca-8274-2a8ecb8afd1b,65ff230f-e589-43c2-8c64-ed8a1d638ee4,1500000,2000000,200000,,,,,,,,,,,,00000000-0000-0000-0000-000000000001,,2026-04-08 19:12:39,2026-04-08 19:12:39
77b5b25b-6078-4116-8361-391281607f5c,d3142241-3944-4f0b-b190-e9a51a42a785,50000,100000,,,,,,,,,,,,,00000000-0000-0000-0000-000000000001,,2026-04-08 19:12:39,2026-04-08 19:12:39
a5b90999-8aae-4087-b7aa-d1b554752b60,4053ff81-ad00-4cdb-824b-b8e44abfd1fc,500000,1000000,,,,,,,,,,,,,00000000-0000-0000-0000-000000000001,,2026-04-08 19:12:39,2026-04-08 19:12:39
fd5f87b7-67be-4b92-9ce5-fb484a8006c2,90271c05-0d22-4ce8-a24c-38192b8f698f,5000000,7500000,200000,,,,,,,,,,,,00000000-0000-0000-0000-000000000001,,2026-04-08 19:12:39,2026-04-08 19:12:39
c049f357-4c4b-4aa8-8a5e-5298dea50038,58054735-cd16-4c32-9322-2c1a53d85a84,100000,200000,,,,,,,,,,,,,00000000-0000-0000-0000-000000000001,,2026-04-08 19:12:39,2026-04-08 19:12:39
f73944fa-f01a-4657-b318-362941469831,050e8d07-cb8d-49ee-8029-ba69b5828858,3000000,4000000,200000,,,,,,,,,,,,00000000-0000-0000-0000-000000000001,,2026-04-08 19:12:39,2026-04-08 19:12:39
fde1e2d0-0739-48fd-9c09-3f9b901caf86,b34f96af-904c-41f6-ad36-d04357339430,4000000,5000000,500000,,,,,,,,,,,,00000000-0000-0000-0000-000000000001,,2026-04-08 19:12:39,2026-04-08 19:12:39
83fad24e-12fe-46e1-96ec-ed598fc18f52,129eec35-610a-46e9-a246-344a796947eb,2000000,3000000,200000,,,,,,,,,,,,00000000-0000-0000-0000-000000000001,,2026-04-08 19:12:39,2026-04-08 19:12:39
fc209399-73ec-4ef3-a342-c75217316d89,364a9c37-3765-4e39-a5e9-8203c2d1c0f5,50000,100000,50000,,,,,,,,,,,,00000000-0000-0000-0000-000000000001,,2026-04-08 19:12:39,2026-04-08 19:12:39
5b0fd788-2b1b-434b-a842-8a6f09fcca95,a111f3fd-8e32-4124-99a1-4f9fe5237c34,,,,,,,,,,,,,,,00000000-0000-0000-0000-000000000001,,2026-04-08 19:12:39,2026-04-08 19:12:39
fc5e7109-4d25-4af6-8289-9061adaeb34e,86acb9b3-81c1-4e0c-9115-d284045254ba,500000,1000000,200000,,,,,,,,,,,,00000000-0000-0000-0000-000000000001,,2026-04-08 19:12:39,2026-04-08 19:12:39
6d39f393-75ff-4090-86f3-244b1308b4ab,24a8a9a5-f3fb-42f3-80c4-1b6e0f427ea8,10000000,20000000,2000000,,,,,,,,,,,,00000000-0000-0000-0000-000000000001,,2026-04-08 19:12:39,2026-04-08 19:12:39
2a14ae56-b2f8-44fa-bbeb-8801ca78432e,0844fed1-bb49-4aca-8a29-afde6919cef0,1500000,2000000,50000,,,,,,,,,,,,00000000-0000-0000-0000-000000000001,,2026-04-08 19:12:39,2026-04-08 19:12:39
1a3e2744-b08c-44d3-a074-c4e4039a4878,e3323346-4803-4340-b9ad-78152847e630,,,,,,,,,,,,,,,00000000-0000-0000-0000-000000000001,,2026-04-08 19:12:39,2026-04-08 19:12:39
5e9b26a2-3a07-425f-9448-2f39ef57f1b5,749ecfda-4849-457b-b481-728774130ba6,1000000,1500000,500000,,,,,,,,,,,,00000000-0000-0000-0000-000000000001,,2026-04-08 19:12:39,2026-04-08 19:12:39
9161bb99-3abb-4166-9219-a6201bab3864,cae0145c-b5db-4934-afaa-05bf72f35b60,50000,100000,,,,,,,,,,,,,00000000-0000-0000-0000-000000000001,,2026-04-08 19:12:39,2026-04-08 19:12:39
aad70273-f9f1-49f2-9724-f804dd7937b1,f154ff1d-e9ed-4cb5-9a5a-46ba4bc4ed43,500000,1000000,50000,,,,,,,,,,,,00000000-0000-0000-0000-000000000001,,2026-04-08 19:12:39,2026-04-08 19:12:39
a9c3df57-c92c-4d47-ab3d-fac967179f0c,1fe643d6-d66c-44d8-ac9c-004ae9247b6e,500000,1000000,50000,,,,,,,,,,,,00000000-0000-0000-0000-000000000001,,2026-04-08 19:12:39,2026-04-08 19:12:39
ee2bd292-d3c4-4386-9626-70c1e284d87a,160c394d-06de-4481-b49c-60fccfe7f650,50000,100000,,,,,,,,,,,,,00000000-0000-0000-0000-000000000001,,2026-04-08 19:12:39,2026-04-08 19:12:39
f641944e-db5d-4a6e-b9f2-1f254313c708,85185d3f-69c8-4b7a-99ab-4fab240aee7b,2000000,3000000,,,,,,,,,,,,,00000000-0000-0000-0000-000000000001,,2026-04-08 19:12:39,2026-04-08 19:12:39
cfb203a1-93f0-48e2-87b7-38897191a20e,50980caa-03d2-456a-a2d4-9d2b8bf65a62,7500000,10000000,,,,,,,,,,,,,00000000-0000-0000-0000-000000000001,,2026-04-08 19:12:39,2026-04-08 19:12:39
714d0930-0301-468b-8e98-734bc48a5bce,2b32ed25-3109-4c79-bf34-f221a9eac582,1000000,1500000,,,,,,,,,,,,,00000000-0000-0000-0000-000000000001,,2026-04-08 19:12:39,2026-04-08 19:12:39
b26bc6db-58b6-46c2-ae83-ec85ed81de25,5fad3028-2310-453b-8c19-ce6775f23c05,50000,100000,50000,,,,,,,,,,,,00000000-0000-0000-0000-000000000001,,2026-04-08 19:12:39,2026-04-08 19:12:39
8328b848-11e3-4473-95b1-6847f16c93c2,951cc471-6d88-4b6c-8a93-2fe7846b70f0,1500000,2000000,200000,,,,,,,,,,,,00000000-0000-0000-0000-000000000001,,2026-04-08 19:12:39,2026-04-08 19:12:39
df0b4e6b-dded-46ee-940f-3d95669ed724,dd3d703a-3b2c-4d57-b348-e895b21752e9,500000,1000000,200000,,,,,,,,,,,,00000000-0000-0000-0000-000000000001,,2026-04-08 19:12:39,2026-04-08 19:12:39
7ab62c9c-38a4-415f-8a73-d5e30efe91e7,f3a93951-5c80-47e3-8e2f-8b00092c30af,,,,,,,,,,,,,,,00000000-0000-0000-0000-000000000001,,2026-04-08 19:12:39,2026-04-08 19:12:39
0991071a-2527-4b54-8969-7a71b9ef4c53,90ea8618-ceab-4793-8dd1-462eb52ade0c,100000,200000,50000,,,,,,,,,,,,00000000-0000-0000-0000-000000000001,,2026-04-08 19:12:39,2026-04-08 19:12:39
05b16f69-b78b-430a-9bb5-6762dc3a67e1,e17a240d-eec1-42b0-97aa-2694be25627d,4000000,5000000,500000,,,,,,,,,,,,00000000-0000-0000-0000-000000000001,,2026-04-08 19:12:39,2026-04-08 19:12:39
7d295710-5c74-441f-adbd-18c2f08e8cc1,981f77a7-4c84-4f67-9f30-688bc67fd2ba,,,,,,,,,,,,,,,00000000-0000-0000-0000-000000000001,,2026-04-08 19:12:39,2026-04-08 19:12:39
d55fdc41-7024-4821-821e-3b7fb7aa0f56,054262c1-4e0e-4d26-875c-29a5d07bf244,200000,500000,5000000,,,,,,,,,,,,00000000-0000-0000-0000-000000000001,,2026-04-08 19:12:39,2026-04-08 19:12:39
44a947fa-3076-4f72-add2-0af483a706a2,c29a1e91-ae02-47c0-bbab-0f739d9a1eab,50000,100000,,,,,,,,,,,,,00000000-0000-0000-0000-000000000001,,2026-04-08 19:12:39,2026-04-08 19:12:39
eea11975-25e6-4e3a-854d-9d18a46316db,4561c522-6ec1-4785-84ea-e3ce31f99a6b,50000,100000,50000,,,,,,,,,,,,00000000-0000-0000-0000-000000000001,,2026-04-08 19:12:39,2026-04-08 19:12:39
5e921479-d1d7-4050-85c8-b0d3e69fcb03,a4042fdf-704c-4dc5-bd9a-d951024c2dc8,1500000,2000000,200000,,,,,,,,,,,,00000000-0000-0000-0000-000000000001,,2026-04-08 19:12:39,2026-04-08 19:12:39
e1e79eb0-0b20-4860-9a45-6362be2b0d16,3e01a677-1167-44c8-85aa-29c0fd73ac43,500000,1000000,100000,,,,,,,,,,,,00000000-0000-0000-0000-000000000001,,2026-04-08 19:12:39,2026-04-08 19:12:39
2d58f10a-0d5b-4acb-a33b-afd27d5c9284,9a6ffe7c-daab-4e5b-9549-e8d71e5c6fc0,50000,100000,50000,,,,,,,,,,,,00000000-0000-0000-0000-000000000001,,2026-04-08 19:12:39,2026-04-08 19:12:39
a51b6b37-0d90-43aa-bb3d-386bc010778e,f178233d-3364-416b-bb7c-941ed4a24276,500000,1000000,250000,,,,,,,,,,,,00000000-0000-0000-0000-000000000001,,2026-04-08 19:12:39,2026-04-08 19:12:39
5f8874f9-4091-477c-92d3-66285f6c79b8,bd280c25-17d8-4d0b-92f5-fb6485534aa5,500000,1000000,500000,,,,,,,,,,,,00000000-0000-0000-0000-000000000001,,2026-04-08 19:12:39,2026-04-08 19:12:39
21dd5455-7af7-4047-b5dd-21b66706b552,6c8ab1a6-d595-40c3-b18d-c7db01a70a3d,2000000,3000000,1000000,,,,,,,,,,,,00000000-0000-0000-0000-000000000001,,2026-04-08 19:12:39,2026-04-08 19:12:39
85054b46-45a6-4ee1-b7b0-6f29a443c6a6,f725610b-45c3-478a-94f3-48e366acaadb,100000,200000,50000,,,,,,,,,,,,00000000-0000-0000-0000-000000000001,,2026-04-08 19:12:39,2026-04-08 19:12:39
cbc44679-516c-4927-a868-ea1f53dc8226,56d7d4cb-50b0-4cb5-b53f-3436eae5aefd,200000,500000,100000,,,,,,,,,,,,00000000-0000-0000-0000-000000000001,,2026-04-08 19:12:39,2026-04-08 19:12:39
b243d2b5-9531-418d-8461-8da2a7962dcb,d6b4b438-18db-42bc-a7e3-8cf2dba5eb88,2000000,3000000,500000,,,,,,,,,,,,00000000-0000-0000-0000-000000000001,,2026-04-08 19:12:39,2026-04-08 19:12:39
ab3c8886-cb75-46e7-a207-e6c1c448d5ca,38c234fc-7b6e-44ff-befa-495ada6db4bf,200000,500000,50000,,,,,,,,,,,,00000000-0000-0000-0000-000000000001,,2026-04-08 19:12:39,2026-04-08 19:12:39
ee1938e6-9334-4bec-870f-3158a4643d01,7cc73890-b426-4c12-86f9-1d5316168d5a,200000,500000,,,,,,,,,,,,,00000000-0000-0000-0000-000000000001,,2026-04-08 19:12:39,2026-04-08 19:12:39
e72a7476-b50b-4110-8a91-0c3490dbd3d1,0ff63814-dac0-4bb7-bc8b-9e04ed8ade12,50000,100000,,,,,,,,,,,,,00000000-0000-0000-0000-000000000001,,2026-04-08 19:12:39,2026-04-08 19:12:39
cf718f11-f795-4391-b4ee-0c161c4882fe,432cd287-63bc-4d74-abaa-a9ba0ca95d70,500000,1000000,,,,,,,,,,,,,00000000-0000-0000-0000-000000000001,,2026-04-08 19:12:39,2026-04-08 19:12:39
cc478305-e3d9-493d-b866-87445ac8ed9a,8e644323-0356-4db4-b87b-060ee75d58e7,2000000,3000000,100000,,,,,,,,,,,,00000000-0000-0000-0000-000000000001,,2026-04-08 19:12:39,2026-04-08 19:12:39
9350d9ff-1fb6-4980-aad8-eee97521fa9f,64b235e9-9faf-4f82-a321-c7608f654447,3000000,4000000,200000,,,,,,,,,,,,00000000-0000-0000-0000-000000000001,,2026-04-08 19:12:39,2026-04-08 19:12:39
38bcf628-8c41-4cd1-8ee6-0e8388c9ab71,dedb296a-f064-4418-aa37-0893c5ba1b00,100000,200000,,,,,,,,,,,,,00000000-0000-0000-0000-000000000001,,2026-04-08 19:12:39,2026-04-08 19:12:39
956b26ea-5e16-44de-ab6e-e27d24b79c3c,10f49ef7-a567-4bbf-9a02-c9275afc01eb,1500000,2000000,200000,,,,,,,,,,,,00000000-0000-0000-0000-000000000001,,2026-04-08 19:12:39,2026-04-08 19:12:39
ec9ae365-35b5-4f33-966c-18cb48034b5f,a1493b5e-0543-4452-9067-7c5f7b754c44,50000,100000,50000,,,,,,,,,,,,00000000-0000-0000-0000-000000000001,,2026-04-08 19:12:39,2026-04-08 19:12:39
ba6c0ed6-f2f3-4728-a7d8-c5d50795ab32,6a9c0ba7-43e9-431e-9938-0a621b01313d,50000,100000,50000,,,,,,,,,,,,00000000-0000-0000-0000-000000000001,,2026-04-08 19:12:39,2026-04-08 19:12:39
135b7690-9064-48ba-9628-c2efab27098d,59dc22f8-6053-4e48-8d1a-27fcf91afdae,500000,1000000,50000,,,,,,,,,,,,00000000-0000-0000-0000-000000000001,,2026-04-08 19:12:39,2026-04-08 19:12:39
2edb28dc-2ff5-4d52-ace6-4bffc5499d39,fe93d460-6134-4985-ac4d-9665ca06fb10,50000,100000,50000,,,,,,,,,,,,00000000-0000-0000-0000-000000000001,,2026-04-08 19:12:39,2026-04-08 19:12:39
f7c4c751-73b9-4aec-8102-3b7f05137c7e,2c5e32be-f9f9-4329-b3c2-a3b09eebe2b8,1000000,1500000,200000,,,,,,,,,,,,00000000-0000-0000-0000-000000000001,,2026-04-08 19:12:39,2026-04-08 19:12:39
50fe7a3a-dd1a-4e1c-81aa-d73d55bff389,e7d18d1f-fe73-4333-842c-7baf64fa8627,200000,500000,50000,,,,,,,,,,,,00000000-0000-0000-0000-000000000001,,2026-04-08 19:12:39,2026-04-08 19:12:39
fcde886c-dccc-403c-940f-5349ebbca02e,347c9cd3-9b11-49be-93f8-098d0e2f2a53,200000,500000,50000,,,,,,,,,,,,00000000-0000-0000-0000-000000000001,,2026-04-08 19:12:39,2026-04-08 19:12:39
b5db2d2d-bc28-451b-987e-4b645f058be2,461c9191-2310-4c0d-96ca-7f8e10a1aa7e,,,,,,,,,,,,,,,00000000-0000-0000-0000-000000000001,,2026-04-08 19:12:39,2026-04-08 19:12:39
d7a27a89-abb9-490e-aafd-b431753a740b,2061b839-e810-4ecc-9b15-86a97286d7a2,2000000,3000000,,,,,,,,,,,,,00000000-0000-0000-0000-000000000001,,2026-04-08 19:12:39,2026-04-08 19:12:39
ab8012b2-d22b-4648-b5b0-2e913e6c7e4e,08ba0ca2-781f-4c42-8aa1-64396ada6fca,,,,,,,,,,,,,,,00000000-0000-0000-0000-000000000001,,2026-04-08 19:12:39,2026-04-08 19:12:39
6346ad67-26cc-451c-94f0-7d7b103784a1,6b95311a-4ff4-490c-b9d5-16744bb967dc,1500000,2000000,200000,,,,,,,,,,,,00000000-0000-0000-0000-000000000001,,2026-04-08 19:12:39,2026-04-08 19:12:39
90387833-fdc0-4daf-a212-b1d0c1fd6519,e1ed6ecc-1aba-40fc-a2df-86facd23e5e6,500000,1000000,100000,,,,,,,,,,,,00000000-0000-0000-0000-000000000001,,2026-04-08 19:12:39,2026-04-08 19:12:39
b6c4c669-f384-475d-b585-20def8501031,2638b80b-5734-464a-bafe-fe2bfd2bd365,100000,200000,100000,,,,,,,,,,,,00000000-0000-0000-0000-000000000001,,2026-04-08 19:12:39,2026-04-08 19:12:39
16d85a45-57a1-499d-b43a-e647cc8e3d7f,a658677b-1db9-4aa6-8436-7f0b14d30e61,200000,500000,100000,,,,,,,,,,,,00000000-0000-0000-0000-000000000001,,2026-04-08 19:12:39,2026-04-08 19:12:39
fdc56ea6-1d95-4597-99fe-b1d9aeab2eb7,6e0255bf-313e-4d55-a8f1-4d3bef72e9cb,200000,500000,200000,,,,,,,,,,,,00000000-0000-0000-0000-000000000001,,2026-04-08 19:12:39,2026-04-08 19:12:39
e3f5d4df-5b00-45e6-b7e8-ece170191428,1d34102a-aab4-4a45-b78a-7d4225ae27be,500000,1000000,100000,,,,,,,,,,,,00000000-0000-0000-0000-000000000001,,2026-04-08 19:12:39,2026-04-08 19:12:39
5eda9067-eced-4f73-b0df-c8212c5132df,bea46b79-4244-4576-85e4-528ac556136b,200000,500000,100000,,,,,,,,,,,,00000000-0000-0000-0000-000000000001,,2026-04-08 19:12:39,2026-04-08 19:12:39
ef5f03e3-2bbd-4921-8a94-8842fbae30a8,8d7cffb9-1d5d-471e-9af9-e3f0a99bb369,1000000,1500000,1500000,,,,,,,,,,,,00000000-0000-0000-0000-000000000001,,2026-04-08 19:12:39,2026-04-08 19:12:39
d72189e4-4b10-4da3-b1a7-007fb11d145d,72ee4dd0-0ecf-483c-9a06-78f73c613de2,5000000,7500000,200000,,,,,,,,,,,,00000000-0000-0000-0000-000000000001,,2026-04-08 19:12:39,2026-04-08 19:12:39
9c98c61d-20b4-40ab-8597-9193c3be8212,26b22c13-1e0a-4ba6-9be2-e66f13efa503,200000,500000,100000,,,,,,,,,,,,00000000-0000-0000-0000-000000000001,,2026-04-08 19:12:39,2026-04-08 19:12:39
b3dea7aa-ca4d-47f0-bcc0-1e9380f09840,f668fec4-839b-427e-b59d-33d21fba5dc6,50000,100000,50000,,,,,,,,,,,,00000000-0000-0000-0000-000000000001,,2026-04-08 19:12:39,2026-04-08 19:12:39
7247db4e-9fd8-4602-ac1e-f940750947b7,a0ba16d3-d191-47b4-a6c8-fe2d38623b8c,50000,100000,,,,,,,,,,,,,00000000-0000-0000-0000-000000000001,,2026-04-08 19:12:39,2026-04-08 19:12:39
97ba4bff-ab7c-4cb7-98bd-68d6330c4791,e6c8cc8a-a1a3-494f-ad5e-58bbbcc820b2,,,,,,,,,,,,,,,00000000-0000-0000-0000-000000000001,,2026-04-08 19:12:39,2026-04-08 19:12:39
82bddba1-e823-4411-8ec2-d73881f5d8a3,e4087fad-a30f-4b77-b103-34fad162a057,,,,,,,,,,,,,,,00000000-0000-0000-0000-000000000001,,2026-04-08 19:12:39,2026-04-08 19:12:39
edc54ba9-88fc-486d-814c-96e0b87baa7f,045fc82d-9a9a-4c27-8d45-0ca81f079da5,200000,500000,,,,,,,,,,,,,00000000-0000-0000-0000-000000000001,,2026-04-08 19:12:39,2026-04-08 19:12:39
0da32d5e-2338-4b64-8c90-ef6cd261ac7c,d4a98fa0-392a-4d1a-a604-8d6b7192d0fc,50000000,100000000,200000,,,,,,,,,,,,00000000-0000-0000-0000-000000000001,,2026-04-08 19:12:39,2026-04-08 19:12:39
b15d83a2-298d-43d8-9602-c0f55ecf60e2,7458e7b0-d0ef-4b53-a5e4-86841a6f2cb8,200000,500000,100000,,,,,,,,,,,,00000000-0000-0000-0000-000000000001,,2026-04-08 19:12:39,2026-04-08 19:12:39
66aeda02-6d25-4271-a54d-6f70424ffc74,f820283f-e6d8-4a5a-a986-8137c8b312c6,100000,200000,,,,,,,,,,,,,00000000-0000-0000-0000-000000000001,,2026-04-08 19:12:39,2026-04-08 19:12:39
2be1069c-fe9f-47cf-974a-e574b300f6b0,d1064201-71bd-4e54-8900-e6cf6f3dd68b,50000,100000,,,,,,,,,,,,,00000000-0000-0000-0000-000000000001,,2026-04-08 19:12:39,2026-04-08 19:12:39
6e5e4402-028f-4440-b9e9-9b53a6909458,7eb7d756-6cb1-477f-8fc8-49359f771bd3,50000,100000,50000,,,,,,,,,,,,00000000-0000-0000-0000-000000000001,,2026-04-08 19:12:39,2026-04-08 19:12:39
1549eb1f-551b-446d-9ad0-41e96cfb9cb4,e46f16cd-b422-4b25-ac13-3b1cb3a29296,500000,1000000,200000,,,,,,,,,,,,00000000-0000-0000-0000-000000000001,,2026-04-08 19:12:39,2026-04-08 19:12:39
abef9951-257b-4a50-9565-f79cd7e0bc76,16f64bb0-ea2d-4edc-a301-70f1bc51f9ed,200000,500000,50000,,,,,,,,,,,,00000000-0000-0000-0000-000000000001,,2026-04-08 19:12:39,2026-04-08 19:12:39
cb454ff6-7cfd-4b72-be81-bd20c0262242,a0922ba5-811a-4855-a870-b6bab5684f21,50000,100000,,,,,,,,,,,,,00000000-0000-0000-0000-000000000001,,2026-04-08 19:12:39,2026-04-08 19:12:39
4ef1528d-9d79-4a91-a469-4dfb36831721,e6d04fb6-613a-49c5-b20b-ede8c3baee19,50000,100000,,,,,,,,,,,,,00000000-0000-0000-0000-000000000001,,2026-04-08 19:12:39,2026-04-08 19:12:39
d4a932b4-4520-4e57-b720-97a28312c8f7,72eda969-4808-4bb9-9ccb-785c512eee76,200000,500000,,,,,,,,,,,,,00000000-0000-0000-0000-000000000001,,2026-04-08 19:12:39,2026-04-08 19:12:39
f2fd8899-f49e-4b9d-91a6-7e7b1e90fc13,b06bd829-35a8-4121-b74b-170a39864283,200000,500000,100000,,,,,,,,,,,,00000000-0000-0000-0000-000000000001,,2026-04-08 19:12:39,2026-04-08 19:12:39
88fed0fb-2701-40ac-b1e7-ede6ae788241,d6173ec1-3dcf-4962-a6e0-2c6c79370ed5,500000,1000000,200000,,,,,,,,,,,,00000000-0000-0000-0000-000000000001,,2026-04-08 19:12:39,2026-04-08 19:12:39
c6bfd1b8-e698-4e9d-88c0-b698e7487993,6e4f3c73-100c-49f2-9ef4-8858818369e7,,,,,,,,,,,,,,,00000000-0000-0000-0000-000000000001,,2026-04-08 19:12:39,2026-04-08 19:12:39
7411026c-6a25-4ea5-824b-92a784f794c5,3f2ff01b-88cd-4e37-9bd0-e7900b29b5c8,,,,,,,,,,,,,,,00000000-0000-0000-0000-000000000001,,2026-04-08 19:12:39,2026-04-08 19:12:39
5f99b06a-de84-41f8-8b50-b92143a6c0aa,2d022420-9eb4-423c-a6c4-df5355bb43e4,500000,1000000,50000,,,,,,,,,,,,00000000-0000-0000-0000-000000000001,,2026-04-08 19:12:39,2026-04-08 19:12:39
8de1c574-fc59-4442-9167-a18163d35fb1,2cc76e7e-b669-45e4-966b-fdedcc772ed8,,,,,,,,,,,,,,,00000000-0000-0000-0000-000000000001,,2026-04-08 19:12:39,2026-04-08 19:12:39
7f6f6df7-0d83-40ae-b270-ebf6ee576f97,9742f0bd-b0d5-4e91-ad1b-8522deda6a59,200000,500000,50000,,,,,,,,,,,,00000000-0000-0000-0000-000000000001,,2026-04-08 19:12:39,2026-04-08 19:12:39
f8a2bc41-8c5e-4af0-97f8-43ab64935fed,17ac703a-d391-41fb-a5d2-8666fcb2ec5e,1000000,1500000,200000,,,,,,,,,,,,00000000-0000-0000-0000-000000000001,,2026-04-08 19:12:39,2026-04-08 19:12:39
07342351-4da2-4c17-9dc4-4f1b43df860a,60960714-3df7-4f6e-98e6-3055c41b5634,500000,1000000,,,,,,,,,,,,,00000000-0000-0000-0000-000000000001,,2026-04-08 19:12:39,2026-04-08 19:12:39
ea49e18a-a536-41dd-bd30-3000679fd7c2,b926cd1b-f306-40f3-a71c-92ea1f06e2b8,4000000,5000000,500000,,,,,,,,,,,,00000000-0000-0000-0000-000000000001,,2026-04-08 19:12:39,2026-04-08 19:12:39
1acfe323-9723-4fed-b4ed-42727b5822fe,7eeb92a1-3692-48ea-bf58-340be1553c51,1500000,2000000,1000000,,,,,,,,,,,,00000000-0000-0000-0000-000000000001,,2026-04-08 19:12:39,2026-04-08 19:12:39
7b996d38-40b8-4fa7-a262-9abbbff674a0,94e65573-1d37-4660-9e0d-1ea45c5f5c34,200000,500000,100000,,,,,,,,,,,,00000000-0000-0000-0000-000000000001,,2026-04-08 19:12:39,2026-04-08 19:12:39
75e6e3d8-27c6-4fdd-8c39-2c42fbbfe382,ffa32c4f-d2e7-4b1f-81a0-f71bcb86dc13,200000,500000,50000,,,,,,,,,,,,00000000-0000-0000-0000-000000000001,,2026-04-08 19:12:39,2026-04-08 19:12:39
867f7edd-de09-4e6f-bef5-769896f80e98,cebdacba-a001-455e-9cf3-c3db13b973f2,200000,500000,,,,,,,,,,,,,00000000-0000-0000-0000-000000000001,,2026-04-08 19:12:39,2026-04-08 19:12:39
e94b9b1d-9d03-48f4-bd5c-6c93200ba507,bc8f7b64-0b52-47f2-ae70-e9500d56cb14,50000,100000,50000,,,,,,,,,,,,00000000-0000-0000-0000-000000000001,,2026-04-08 19:12:39,2026-04-08 19:12:39
2a51e4e0-f9d9-4f07-8d4f-fa84d3ca03fd,4e7d7c98-27ca-4843-a64a-7552343b1082,500000,1000000,100000,,,,,,,,,,,,00000000-0000-0000-0000-000000000001,,2026-04-08 19:12:39,2026-04-08 19:12:39
b27a7a4b-61fa-4907-bbe2-a59af322cbdb,6ba3ac88-a86e-4c68-9f77-fe851c74a98b,4000000,5000000,,,,,,,,,,,,,00000000-0000-0000-0000-000000000001,,2026-04-08 19:12:39,2026-04-08 19:12:39
dd7523f5-8485-4a68-8b30-b04b1a295eef,1b7d54c3-76b9-4693-a87a-fb1a93b4c19b,20000000,50000000,,,,,,,,,,,,,00000000-0000-0000-0000-000000000001,,2026-04-08 19:12:39,2026-04-08 19:12:39
4a4afce2-1af6-45b5-a6af-527aafe4a259,55e89094-73b0-434a-a046-5ed6ec5b1e52,200000,500000,50000,,,,,,,,,,,,00000000-0000-0000-0000-000000000001,,2026-04-08 19:12:39,2026-04-08 19:12:39
bd2b0fe2-38e1-4df1-afc2-59b97f822975,eca665f2-eeed-4848-aed0-15dc5893d228,50000,100000,50000,,,,,,,,,,,,00000000-0000-0000-0000-000000000001,,2026-04-08 19:12:39,2026-04-08 19:12:39
31961d9c-bbd0-4f06-aae6-072baeb35f1b,a4f4f6bf-37e4-4a9f-b398-cd279ca3eb20,,,,,,,,,,,,,,,00000000-0000-0000-0000-000000000001,,2026-04-08 19:12:39,2026-04-08 19:12:39
6f7d0a5c-6df9-4242-a3a1-d5d92e24ab76,e6c1734f-0826-4a99-bd22-bdae98dd5721,,,,,,,,,,,,,,,00000000-0000-0000-0000-000000000001,,2026-04-08 19:12:39,2026-04-08 19:12:39
49341e67-345b-4b20-b942-e7a9e4646755,fdb3eb13-4c01-4e83-b659-d8901fb4de44,50000,100000,50000,,,,,,,,,,,,00000000-0000-0000-0000-000000000001,,2026-04-08 19:12:39,2026-04-08 19:12:39
6e764cb3-a62c-4485-a60a-e51045bc526a,73228236-aaf9-4143-91e0-15f22840f626,2000000,3000000,200000,,,,,,,,,,,,00000000-0000-0000-0000-000000000001,,2026-04-08 19:12:39,2026-04-08 19:12:39
7616994f-5869-46af-81f9-ee2c8249c263,b1bb8354-7ce1-430d-9cff-7740280bb255,10000000,20000000,,,,,,,,,,,,,00000000-0000-0000-0000-000000000001,,2026-04-08 19:12:39,2026-04-08 19:12:39
632803e0-9f98-4539-b21a-f839bde39344,fcac8467-32d5-49e2-a8eb-c118a3c47f1d,100000,200000,50000,,,,,,,,,,,,00000000-0000-0000-0000-000000000001,,2026-04-08 19:12:39,2026-04-08 19:12:39
d10a0e80-7669-4e94-9b13-dda81008bad5,bf7a3031-c070-4537-97b1-83adb7c3f505,,,50000,,,,,,,,,,,,00000000-0000-0000-0000-000000000001,,2026-04-08 19:12:39,2026-04-08 19:12:39
38983329-e7fa-47e8-8af0-059a0d496d7d,3892f768-bcff-4b6b-bf0f-3bfeb2aeb499,50000,100000,50000,,,,,,,,,,,,00000000-0000-0000-0000-000000000001,,2026-04-08 19:12:39,2026-04-08 19:12:39
57fb4481-9589-4896-be51-dfe7d9bac46c,bd165746-2a70-4c31-993b-63ac8927f4f6,50000,100000,,,,,,,,,,,,,00000000-0000-0000-0000-000000000001,,2026-04-08 19:12:39,2026-04-08 19:12:39
69a31541-3316-43a2-b158-a4a6e7fd0609,500d8df9-2fdd-46ef-a75d-a8264eeecfd9,100000,200000,100000,,,,,,,,,,,,00000000-0000-0000-0000-000000000001,,2026-04-08 19:12:39,2026-04-08 19:12:39
2d5114f7-7228-4b4a-ac5f-ea66e97e9792,e839ecd7-d52a-470b-baea-fedbc7e71438,500000,1000000,,,,,,,,,,,,,00000000-0000-0000-0000-000000000001,,2026-04-08 19:12:39,2026-04-08 19:12:39
5763de13-aa22-4b70-846f-cc1c962b1332,45837384-1b00-461d-a7ed-b2b0b7781841,,,,,,,,,,,,,,,00000000-0000-0000-0000-000000000001,,2026-04-08 19:12:39,2026-04-08 19:12:39
f292634f-2726-44c0-bf92-b0cfaa9e9bc0,2dcd2e69-70ad-457c-be3d-820eb2bc1c0c,500000,1000000,500000,,,,,,,,,,,,00000000-0000-0000-0000-000000000001,,2026-04-08 19:12:39,2026-04-08 19:12:39
d23a6a04-a6a4-4a29-b14f-bd6ee0945453,bd3636b6-8560-4572-8921-adddb68bff2a,100000,200000,100000,,,,,,,,,,,,00000000-0000-0000-0000-000000000001,,2026-04-08 19:12:39,2026-04-08 19:12:39
f9b17c3a-6516-4f76-aa7a-ed7d145abd14,886fe24d-396c-4a99-8f81-1900b9efe2d8,200000,500000,50000,,,,,,,,,,,,00000000-0000-0000-0000-000000000001,,2026-04-08 19:12:39,2026-04-08 19:12:39
825e78cf-18d3-4063-9a8d-89142a1acb62,f0c09f55-f5ac-46c5-ba87-c2c231baf367,1000000,1500000,,,,,,,,,,,,,00000000-0000-0000-0000-000000000001,,2026-04-08 19:12:39,2026-04-08 19:12:39
bde9ce0b-f70c-477c-9fa4-f19bd363151b,e883cda9-c882-4e7e-852d-fba25e12764c,50000,100000,50000,,,,,,,,,,,,00000000-0000-0000-0000-000000000001,,2026-04-08 19:12:39,2026-04-08 19:12:39
e5674e32-8055-46ef-86ec-f18969041e75,1aecef0c-0b8b-46e2-a157-eccece743a5f,50000,100000,,,,,,,,,,,,,00000000-0000-0000-0000-000000000001,,2026-04-08 19:12:39,2026-04-08 19:12:39
569ff754-ba86-44a9-b636-3c25efd083a5,35e5e296-0392-4bc2-aca2-47a2eb6c35e0,,,,,,,,,,,,,,,00000000-0000-0000-0000-000000000001,,2026-04-08 19:12:39,2026-04-08 19:12:39
4bcd2f61-f403-4c05-aee0-39ffb041d970,996969a8-22ac-4795-aed3-a058926f49fc,500000,1000000,100000,,,,,,,,,,,,00000000-0000-0000-0000-000000000001,,2026-04-08 19:12:39,2026-04-08 19:12:39
7f8b2b32-a834-43c7-aa08-8ba11b5831f4,981bf2e4-4714-45c1-a4f0-665271b2daa6,2000000,3000000,200000,,,,,,,,,,,,00000000-0000-0000-0000-000000000001,,2026-04-08 19:12:39,2026-04-08 19:12:39
9bb63d29-df45-49de-95b3-5c3c5459f1bc,d95ec232-3c8a-4bb6-8cb7-992297a908eb,2000000,3000000,,,,,,,,,,,,,00000000-0000-0000-0000-000000000001,,2026-04-08 19:12:39,2026-04-08 19:12:39
cdaf7ca6-db32-4729-8311-b5c882f7d5c4,e8431ffe-3863-4c93-a4e5-951e1a675546,200000,500000,50000,,,,,,,,,,,,00000000-0000-0000-0000-000000000001,,2026-04-08 19:12:39,2026-04-08 19:12:39
765130e4-d010-4f9d-ba9e-10cbd0026b6e,f43a6308-5709-4c9b-aa64-32861944d7c9,1500000,2000000,300000,,,,,,,,,,,,00000000-0000-0000-0000-000000000001,,2026-04-08 19:12:39,2026-04-08 19:12:39
eb8bc6c6-c6c2-4fe4-af84-8655d700246a,30739584-1518-4916-988b-fa89dd220234,,,,,,,,,,,,,,,00000000-0000-0000-0000-000000000001,,2026-04-08 19:12:39,2026-04-08 19:12:39
8bb00d9c-b4e5-4dab-a952-5a6e84fb8cd4,5a599044-0f58-4a8b-962c-16e05b2d0622,500000,1000000,100000,,,,,,,,,,,,00000000-0000-0000-0000-000000000001,,2026-04-08 19:12:39,2026-04-08 19:12:39
cbfc7116-85eb-4fd7-b3e7-151cbd32fb5a,eccf5479-9385-4679-bf7a-4cc553121456,500000,1000000,500000,,,,,,,,,,,,00000000-0000-0000-0000-000000000001,,2026-04-08 19:12:39,2026-04-08 19:12:39
562c1eb2-bffa-4f24-906d-322ad9800ecf,02c77067-17f8-490f-ad17-e658f2f5ecc4,500000,1000000,,,,,,,,,,,,,00000000-0000-0000-0000-000000000001,,2026-04-08 19:12:39,2026-04-08 19:12:39
a8cf8c9b-8e87-4663-8cf7-776c2153355a,c3b5b7bd-9591-4480-b521-3666c95ff7dc,500000,1000000,50000,,,,,,,,,,,,00000000-0000-0000-0000-000000000001,,2026-04-08 19:12:39,2026-04-08 19:12:39
ede51ba6-c13e-4b33-bf92-6e8a30b4ff15,f2a2b9bb-4317-419c-a106-15199a84a23a,,,,,,,,,,,,,,,00000000-0000-0000-0000-000000000001,,2026-04-08 19:12:39,2026-04-08 19:12:39
85f72366-a99f-4b7e-a89e-3e1edfe47842,e778a0a5-3e05-4ba3-8ddf-b624b9eaa9ed,200000,500000,,,,,,,,,,,,,00000000-0000-0000-0000-000000000001,,2026-04-08 19:12:39,2026-04-08 19:12:39
2c0af163-42dd-4647-8cf2-14d0c63538c3,778eacfb-906c-4a42-8eb1-6a5d539ff432,2000000,3000000,,,,,,,,,,,,,00000000-0000-0000-0000-000000000001,,2026-04-08 19:12:39,2026-04-08 19:12:39
c92e92fa-e0b7-4836-89bf-3b32c1df03cb,13309060-695a-4c9f-bbec-ae1e2e4bc4aa,100000,200000,50000,,,,,,,,,,,,00000000-0000-0000-0000-000000000001,,2026-04-08 19:12:39,2026-04-08 19:12:39
2c5fce61-0796-492d-9676-aa11df51c7b2,d925ea02-7824-48f4-97de-f1ee745fab39,50000,100000,,,,,,,,,,,,,00000000-0000-0000-0000-000000000001,,2026-04-08 19:12:39,2026-04-08 19:12:39
51dd5c1e-8472-4cfb-8862-9621298c3c4e,1f5ac31b-5e68-482b-8624-ef1775a11669,200000,500000,,,,,,,,,,,,,00000000-0000-0000-0000-000000000001,,2026-04-08 19:12:39,2026-04-08 19:12:39
e534547f-08e1-441a-9026-192472cd7735,91faea8d-9ad6-4bd6-a681-70b8ba57b687,1000000,1500000,1000000,,,,,,,,,,,,00000000-0000-0000-0000-000000000001,,2026-04-08 19:12:39,2026-04-08 19:12:39
a965a25c-3e24-4aad-8174-64188f277708,7104ca13-8df2-497a-b093-ee776a45531a,,,,,,,,,,,,,,,00000000-0000-0000-0000-000000000001,,2026-04-08 19:12:39,2026-04-08 19:12:39
808a526d-e687-42ff-8102-efc998aad7b6,24541fb3-eaee-4470-a3bf-a0d610865046,50000,100000,50000,,,,,,,,,,,,00000000-0000-0000-0000-000000000001,,2026-04-08 19:12:39,2026-04-08 19:12:39
31d73823-05f2-4be8-bb8b-a052085777d6,ba8bb647-2cd8-4336-80f8-29a6682f87c7,50000,100000,100000,,,,,,,,,,,,00000000-0000-0000-0000-000000000001,,2026-04-08 19:12:39,2026-04-08 19:12:39
8af28693-d8cf-428b-842c-661ae6590d2f,ced65b8c-c850-4f20-ab68-d831dcb06fcb,200000,500000,,,,,,,,,,,,,00000000-0000-0000-0000-000000000001,,2026-04-08 19:12:39,2026-04-08 19:12:39
5023dd2b-7ae2-4bbc-ab73-2110392f78cb,4207f5f4-b250-4ead-a4d2-87d27db5153f,2000000,3000000,100000,,,,,,,,,,,,00000000-0000-0000-0000-000000000001,,2026-04-08 19:12:39,2026-04-08 19:12:39
5f63754a-6b84-4e79-9a98-e4763c57fc48,bf5e3473-532b-4f63-8583-c9a049432263,,,,,,,,,,,,,,,00000000-0000-0000-0000-000000000001,,2026-04-08 19:12:39,2026-04-08 19:12:39
4e51ed83-2265-48bd-98c5-069c406be39e,3b4ac612-d24a-4dc1-b6bb-5aaaa9a875b3,200000,500000,,,,,,,,,,,,,00000000-0000-0000-0000-000000000001,,2026-04-08 19:12:39,2026-04-08 19:12:39
65b9d45b-d291-4423-aead-bd5aa762cd04,1bb424e6-e019-467b-9fe9-cf0dc64f79b2,3000000,4000000,1000000,,,,,,,,,,,,00000000-0000-0000-0000-000000000001,,2026-04-08 19:12:39,2026-04-08 19:12:39
9fa767bb-c41d-42cb-88df-dbc0484732af,c6b85ebb-3ad4-407f-b0f8-b75e5a5632aa,,,,,,,,,,,,,,,00000000-0000-0000-0000-000000000001,,2026-04-08 19:12:39,2026-04-08 19:12:39
9a42c7fe-649a-43bf-a0d3-ab274d7e792f,9797ad60-71cb-4f0e-ae3f-2d4da3fd881f,200000,500000,100000,,,,,,,,,,,,00000000-0000-0000-0000-000000000001,,2026-04-08 19:12:39,2026-04-08 19:12:39
db6d72da-5638-43e3-bccf-0b2c33d5b64c,3ed727e3-e1a3-4a06-99c5-341c5eaf603e,200000,500000,100000,,,,,,,,,,,,00000000-0000-0000-0000-000000000001,,2026-04-08 19:12:39,2026-04-08 19:12:39
d35d5983-1802-4109-b267-580d3f53f94c,c3ee863e-00ac-4cad-9b65-061ba7502ff2,1500000,2000000,50000,,,,,,,,,,,,00000000-0000-0000-0000-000000000001,,2026-04-08 19:12:39,2026-04-08 19:12:39
1e46d7d3-76d4-4de2-ab1e-83568da231af,3ee51a2c-5744-46fc-b920-342b30f39e66,200000,500000,,,,,,,,,,,,,00000000-0000-0000-0000-000000000001,,2026-04-08 19:12:39,2026-04-08 19:12:39
6f9c48b9-8cf0-444d-8a1f-0747a4c09525,9f259518-35d4-45ee-8cf7-0095cd24a0e4,,,,,,,,,,,,,,,00000000-0000-0000-0000-000000000001,,2026-04-08 19:12:39,2026-04-08 19:12:39
dfb55c8c-18f9-4474-9893-f15ff6873aa3,4a1a48ee-7f85-4425-91c1-08af0dd8d3cc,500000,1000000,200000,,,,,,,,,,,,00000000-0000-0000-0000-000000000001,,2026-04-08 19:12:39,2026-04-08 19:12:39
0f34a087-d18b-4bed-a128-ba1e31b59527,a58b091d-98a5-4260-8078-6b69cecab27c,3000000,4000000,200000,,,,,,,,,,,,00000000-0000-0000-0000-000000000001,,2026-04-08 19:12:39,2026-04-08 19:12:39
f5f03d11-f39a-497d-8285-55ce54da0779,6a60aa87-b1e2-4e11-a5d1-568b19e960f5,1000000,1500000,200000,,,,,,,,,,,,00000000-0000-0000-0000-000000000001,,2026-04-08 19:12:39,2026-04-08 19:12:39
f315e0c4-8e34-4af6-b338-a92d38f1c7e9,3b9d9bba-8648-4f5f-be39-e4795732abf0,4000000,5000000,200000,,,,,,,,,,,,00000000-0000-0000-0000-000000000001,,2026-04-08 19:12:39,2026-04-08 19:12:39
9ef61509-988c-4d78-bc03-197c497fc4f2,730327a4-9a4d-40d7-b7b8-c3077d687d25,4000000,5000000,200000,,,,,,,,,,,,00000000-0000-0000-0000-000000000001,,2026-04-08 19:12:39,2026-04-08 19:12:39
7d8f93d2-2cc0-431c-a1f0-8ce6ddcc6166,0cfa78f4-90af-43b2-895a-5abbbd572a9d,,,,,,,,,,,,,,,00000000-0000-0000-0000-000000000001,,2026-04-08 19:12:39,2026-04-08 19:12:39
ee80f4bf-cc05-425f-a42c-b226cb7910d4,39e489a8-34d1-470f-a28c-9dc1e1f3a907,500000,1000000,50000,,,,,,,,,,,,00000000-0000-0000-0000-000000000001,,2026-04-08 19:12:39,2026-04-08 19:12:39
c1ea899b-ac05-4a63-8d77-faad721b664c,fb539ef5-7d90-427c-a96b-edcfac8c79a9,500000,1000000,,,,,,,,,,,,,00000000-0000-0000-0000-000000000001,,2026-04-08 19:12:39,2026-04-08 19:12:39
4e8725f6-153f-4293-a3dd-081099c3a881,f660f8c6-ed13-4486-a4af-a5900ef36674,100000,200000,,,,,,,,,,,,,00000000-0000-0000-0000-000000000001,,2026-04-08 19:12:39,2026-04-08 19:12:39
1a5893ed-1e8f-4e14-a723-03ffad96fdb1,60b7501e-082d-4d6e-bce2-c21757234c86,1500000,2000000,500000,,,,,,,,,,,,00000000-0000-0000-0000-000000000001,,2026-04-08 19:12:39,2026-04-08 19:12:39
7b097dc7-a7cc-4972-a11e-5def0cf9700d,b69a271a-5d67-4545-8340-aa6844cd6726,1500000,2000000,500000,,,,,,,,,,,,00000000-0000-0000-0000-000000000001,,2026-04-08 19:12:39,2026-04-08 19:12:39
9e6270aa-aae3-4237-af8a-e6d6e1ce2bbc,7d479437-409e-4412-8a1b-7e5ad286230d,7500000,10000000,200000,,,,,,,,,,,,00000000-0000-0000-0000-000000000001,,2026-04-08 19:12:39,2026-04-08 19:12:39
33583e91-9e8f-4a22-b3c1-920771cab6d6,3306c63d-f636-45c5-b840-177344e7022f,200000,500000,50000,,,,,,,,,,,,00000000-0000-0000-0000-000000000001,,2026-04-08 19:12:39,2026-04-08 19:12:39
86341d18-1bbb-4d95-a87b-150be3092276,ef648f27-78e2-45e8-ba05-38188b432dd4,10000000,20000000,5000000,,,,,,,,,,,,00000000-0000-0000-0000-000000000001,,2026-04-08 19:12:39,2026-04-08 19:12:39
636741c9-e362-4345-a3c4-835b2ff1001f,5b8aec9b-7bbc-4f7d-8717-dd83ae049a4a,1500000,2000000,200000,,,,,,,,,,,,00000000-0000-0000-0000-000000000001,,2026-04-08 19:12:39,2026-04-08 19:12:39
b5c9dbe3-390e-4a50-99e9-b5cbe401b7fd,37c99183-eb89-44ef-b759-088353862c94,500000,1000000,100000,,,,,,,,,,,,00000000-0000-0000-0000-000000000001,,2026-04-08 19:12:39,2026-04-08 19:12:39
3453bcd8-ac76-476f-bcd4-8d86983b3959,6d226566-941c-428d-8566-35e3edef768f,4000000,5000000,200000,,,,,,,,,,,,00000000-0000-0000-0000-000000000001,,2026-04-08 19:12:39,2026-04-08 19:12:39
4b3c5c77-7e70-49bb-b8a0-d1ff16d16a09,bf4350e5-d4ef-4e08-80e0-67470a980fbb,,,,,,,,,,,,,,,00000000-0000-0000-0000-000000000001,,2026-04-08 19:12:39,2026-04-08 19:12:39
ca98bf96-cffa-4ac7-8f88-f56563359910,84478b87-61ff-462f-80ed-1d24f365235c,100000000,100000000,100000000,,,,,,,,,,,,00000000-0000-0000-0000-000000000001,,2026-04-08 19:12:39,2026-04-08 19:12:39
dc908051-989c-4420-bce9-9b9282cb43bb,a5bb1863-17db-4b81-a666-57a2fa57c465,,,,,,,,,,,,,,,00000000-0000-0000-0000-000000000001,,2026-04-08 19:12:39,2026-04-08 19:12:39
ba837d50-e1f5-404c-a811-5e6fbd766e01,13a8d0e6-0b0c-4f7e-bb32-940525b0b137,200000,500000,50000,,,,,,,,,,,,00000000-0000-0000-0000-000000000001,,2026-04-08 19:12:39,2026-04-08 19:12:39
12ec9a5c-c3eb-4514-b870-e8f2ee0bf135,5299aff9-d50f-4e66-9368-7f9a529614c2,200000,500000,50000,,,,,,,,,,,,00000000-0000-0000-0000-000000000001,,2026-04-08 19:12:39,2026-04-08 19:12:39
1abd5e03-fac9-4f67-911c-ff50341adc7b,554842d5-b84f-40a3-80c3-bba68ba85882,200000,500000,50000,,,,,,,,,,,,00000000-0000-0000-0000-000000000001,,2026-04-08 19:12:39,2026-04-08 19:12:39
e6f1628c-f63f-4742-abfa-ea9ea5c3777a,3340b4b3-4006-46cf-a73c-a206c22013f5,500000,1000000,50000,,,,,,,,,,,,00000000-0000-0000-0000-000000000001,,2026-04-08 19:12:39,2026-04-08 19:12:39
f7830255-be9f-4d58-9be3-1076114de105,c3fbfdb9-d456-476e-8103-635267013a79,200000,500000,50000,,,,,,,,,,,,00000000-0000-0000-0000-000000000001,,2026-04-08 19:12:39,2026-04-08 19:12:39
4f13712d-6ad1-42be-a038-0dd64188a092,38cfecbc-d5ea-4222-ba5d-26861732227d,,,,,,,,,,,,,,,00000000-0000-0000-0000-000000000001,,2026-04-08 19:12:39,2026-04-08 19:12:39
a31fd8ea-e049-44d2-b18b-a07e7417e08e,f6528159-3139-477c-bcec-516d82e7a7f8,,,,,,,,,,,,,,,00000000-0000-0000-0000-000000000001,,2026-04-08 19:12:39,2026-04-08 19:12:39
b2fa9b79-49e4-4d6b-91d7-7badcd8918b6,a4a6990a-b71f-4e8f-90a1-f3e027c69b53,4000000,5000000,200000,,,,,,,,,,,,00000000-0000-0000-0000-000000000001,,2026-04-08 19:12:39,2026-04-08 19:12:39
b6d7e5e6-fa4d-47ca-bb55-d0944e32e234,e257c222-0560-42cb-bbb3-01ae997855c3,1000000,1500000,200000,,,,,,,,,,,,00000000-0000-0000-0000-000000000001,,2026-04-08 19:12:39,2026-04-08 19:12:39
cbff84c7-9352-426d-b9a2-d1b667269a3b,b57863e6-e68c-478d-ac62-4dae9e4c97fc,500000,1000000,,,,,,,,,,,,,00000000-0000-0000-0000-000000000001,,2026-04-08 19:12:39,2026-04-08 19:12:39
6887db64-67b6-4c42-89f5-4dce070451c2,6431df57-0fc6-42c6-b35a-1f37b80a378f,,,,,,,,,,,,,,,00000000-0000-0000-0000-000000000001,,2026-04-08 19:12:39,2026-04-08 19:12:39
e375b1e0-819c-483d-8628-cd8c3fd416a4,ef44bd85-d9fa-42b3-99ce-7c25add12ac3,7500000,10000000,,,,,,,,,,,,,00000000-0000-0000-0000-000000000001,,2026-04-08 19:12:39,2026-04-08 19:12:39
7c532b4e-3141-4042-b5a0-604dffe17060,1ce268d7-d0b6-41f6-93cb-48cd6ba8a483,200000,500000,50000,,,,,,,,,,,,00000000-0000-0000-0000-000000000001,,2026-04-08 19:12:39,2026-04-08 19:12:39
a214fd22-d8ef-4704-95c7-2e314602dd01,ea475651-f19c-4ac1-a4ed-6ef3a6781101,200000,500000,50000,,,,,,,,,,,,00000000-0000-0000-0000-000000000001,,2026-04-08 19:12:39,2026-04-08 19:12:39
35015c87-7d58-4477-8125-e08faf5905f8,4a3b6658-fe14-43d3-889e-16dfd85b12a9,100000,200000,,,,,,,,,,,,,00000000-0000-0000-0000-000000000001,,2026-04-08 19:12:39,2026-04-08 19:12:39
976393bb-f300-4346-8e4a-d93354f37026,6fbb7607-2cb6-400b-8c45-a0d01c8168fd,50000,100000,50000,,,,,,,,,,,,00000000-0000-0000-0000-000000000001,,2026-04-08 19:12:39,2026-04-08 19:12:39
3ade3c12-e0c6-419b-b799-000286c106ae,381018fd-88d6-4cd7-8bd9-f3290e8962c4,1000000,1500000,50000,,,,,,,,,,,,00000000-0000-0000-0000-000000000001,,2026-04-08 19:12:39,2026-04-08 19:12:39
8f5c1b00-aaec-4ea6-ae5d-c04a9e9473dd,fa7027f0-79a1-455f-acbc-012648eeb197,500000,1000000,200000,,,,,,,,,,,,00000000-0000-0000-0000-000000000001,,2026-04-08 19:12:39,2026-04-08 19:12:39
ec5f0e3d-b31f-4964-99b1-b393fab83ea8,5cda6d4a-9834-4b47-a260-5a434de68d09,200000,500000,200000,,,,,,,,,,,,00000000-0000-0000-0000-000000000001,,2026-04-08 19:12:39,2026-04-08 19:12:39
3ad08bec-6ddd-47c2-97b9-af114061a240,2550ca97-e976-48a0-8898-8cfd13be8223,500000,1000000,50000,,,,,,,,,,,,00000000-0000-0000-0000-000000000001,,2026-04-08 19:12:39,2026-04-08 19:12:39
d73d9507-dd96-4bd9-852b-86836871542f,37340f08-64a8-4097-a348-1fc05f39bc13,50000,100000,50000,,,,,,,,,,,,00000000-0000-0000-0000-000000000001,,2026-04-08 19:12:39,2026-04-08 19:12:39
5ad4b81b-2dc6-433f-8c7c-d2c5b3580ffc,6119f43e-da65-4454-ab0f-50f4e166d07d,100000,200000,50000,,,,,,,,,,,,00000000-0000-0000-0000-000000000001,,2026-04-08 19:12:39,2026-04-08 19:12:39
411d73ab-9a41-4b1f-aa6a-12f4a8c859cc,cc976ff3-2c69-4d1d-b10f-2eb5ae1dd9d9,1000000,1500000,,,,,,,,,,,,,00000000-0000-0000-0000-000000000001,,2026-04-08 19:12:39,2026-04-08 19:12:39
e2b2981a-1a9a-441a-b73c-9670aeaf1103,4bab8310-0ce4-4fdf-b22f-085f9cc11f94,200000,500000,50000,,,,,,,,,,,,00000000-0000-0000-0000-000000000001,,2026-04-08 19:12:39,2026-04-08 19:12:39
f708208e-5748-4261-aef1-79bfb262becb,dd3d90b9-b81b-43d1-86c7-e084cef02fbe,50000000,100000000,50000000,,,,,,,,,,,,00000000-0000-0000-0000-000000000001,,2026-04-08 19:12:39,2026-04-08 19:12:39
1b8276c4-e0c4-44f5-b5d0-28d97bc3dcc1,871c7162-5311-4666-a606-4ba2aac6a56c,50000000,100000000,50000000,,,,,,,,,,,,00000000-0000-0000-0000-000000000001,,2026-04-08 19:12:39,2026-04-08 19:12:39
b4e65e02-30a0-4fcf-a9dc-594a66499b0e,35ce7565-d048-47f3-8d38-69fbaea5f7eb,50000,100000,,,,,,,,,,,,,00000000-0000-0000-0000-000000000001,,2026-04-08 19:12:39,2026-04-08 19:12:39
32fd26f5-82fc-438c-b33f-060e5677edae,fc0731c2-731c-417b-994f-e1f20b72369a,1500000,2000000,500000,,,,,,,,,,,,00000000-0000-0000-0000-000000000001,,2026-04-08 19:12:39,2026-04-08 19:12:39
3f70d11b-e7dd-43df-92ec-6b8ef21b0936,6a86b856-304e-4c17-a610-640952c5ee84,5000000,7500000,500000,,,,,,,,,,,,00000000-0000-0000-0000-000000000001,,2026-04-08 19:12:39,2026-04-08 19:12:39
7fdc1627-1b38-43a3-ad13-4fe8b8a936da,deaeefc6-ad43-48ab-9111-a6ef304b76f7,50000,100000,50000,,,,,,,,,,,,00000000-0000-0000-0000-000000000001,,2026-04-08 19:12:39,2026-04-08 19:12:39
dd093b46-fa20-407d-acc3-1f95c75ff886,836eb45e-07ba-4f17-8b72-624baee7704c,200000,500000,50000,,,,,,,,,,,,00000000-0000-0000-0000-000000000001,,2026-04-08 19:12:39,2026-04-08 19:12:39
e0f70554-f673-4c56-b4cb-60b44e3b2c04,8e77c5e6-3b0a-4550-9175-fac9e9419599,200000,500000,,,,,,,,,,,,,00000000-0000-0000-0000-000000000001,,2026-04-08 19:12:39,2026-04-08 19:12:39
7635556b-92e0-4ec1-998f-749b44cde863,15eef942-14e6-4c74-b607-7ef7dc019d4f,200000,500000,50000,,,,,,,,,,,,00000000-0000-0000-0000-000000000001,,2026-04-08 19:12:39,2026-04-08 19:12:39
69d2aa5f-2166-4555-aae7-784f467db152,1b7b41b0-2be4-4fe0-ab45-f4b12f8d64d3,500000,1000000,200000,,,,,,,,,,,,00000000-0000-0000-0000-000000000001,,2026-04-08 19:12:39,2026-04-08 19:12:39
c0b7f7f3-925a-4a68-924b-a403e232a239,9ea152f9-aef4-4572-8c26-e1350281321d,1500000,2000000,200000,,,,,,,,,,,,00000000-0000-0000-0000-000000000001,,2026-04-08 19:12:39,2026-04-08 19:12:39
c3de9903-25c1-425e-8236-1526562c9ad4,0c91367a-72d6-44ca-b642-6a2d5ed7f26a,200000,500000,50000,,,,,,,,,,,,00000000-0000-0000-0000-000000000001,,2026-04-08 19:12:39,2026-04-08 19:12:39
29b397c0-f1db-4d3f-927e-e6de2cca88ad,43452846-6403-4958-a8fa-8e994d9b061b,500000,1000000,50000,,,,,,,,,,,,00000000-0000-0000-0000-000000000001,,2026-04-08 19:12:39,2026-04-08 19:12:39
c3fa8963-f4e3-459d-a417-74fa023dc0f2,7198d174-93b7-41f3-a31b-519b81ffb933,50000,100000,,,,,,,,,,,,,00000000-0000-0000-0000-000000000001,,2026-04-08 19:12:39,2026-04-08 19:12:39
7a358a84-c8de-45f4-b025-1839a01e997c,5c76524e-4c77-4421-ba96-50b40437cd48,50000,100000,,,,,,,,,,,,,00000000-0000-0000-0000-000000000001,,2026-04-08 19:12:39,2026-04-08 19:12:39
b03e59e8-0604-4a0b-b34b-2ff25a792e99,522519ce-c2f7-473a-a019-c027aaf46799,,,,,,,,,,,,,,,00000000-0000-0000-0000-000000000001,,2026-04-08 19:12:39,2026-04-08 19:12:39
7442ab3e-3985-40f7-81db-ff834cf2f9a9,a0b8b341-6068-4329-9b86-3bf07ab3e08b,200000,500000,100000,,,,,,,,,,,,00000000-0000-0000-0000-000000000001,,2026-04-08 19:12:39,2026-04-08 19:12:39
b2e2632c-55cd-43a0-babb-4cbeabe8a290,fa9bfeec-73b8-4280-909b-4384b4f6aabc,100000,200000,50000,,,,,,,,,,,,00000000-0000-0000-0000-000000000001,,2026-04-08 19:12:39,2026-04-08 19:12:39
65a045f3-889f-4c89-866c-af147ffcd756,49bb9f93-ac75-4ee5-bb8a-0f6adf739a56,,,,,,,,,,,,,,,00000000-0000-0000-0000-000000000001,,2026-04-08 19:12:39,2026-04-08 19:12:39
9bd89968-a6d8-4c68-87d8-94cca856b118,04d6c8c0-2d15-4b0e-9eb7-00d2324e2c3e,100000,200000,100000,,,,,,,,,,,,00000000-0000-0000-0000-000000000001,,2026-04-08 19:12:39,2026-04-08 19:12:39
a40b5a00-1df6-4365-b9d3-e395415bc8d0,ff7e8c17-513e-49c3-ba74-ff9a8c9e17df,50000,100000,,,,,,,,,,,,,00000000-0000-0000-0000-000000000001,,2026-04-08 19:12:39,2026-04-08 19:12:39
1ced20a4-c706-4994-9105-71ebd836d133,702243a4-cdb5-4015-bce2-a258e2f06c5a,50000,100000,50000,,,,,,,,,,,,00000000-0000-0000-0000-000000000001,,2026-04-08 19:12:39,2026-04-08 19:12:39
cb19d7a9-d48e-4161-bb8c-e1348ee0e13b,a325b4ab-0342-44c7-9c5a-1e0ae2d933dd,1000000,1500000,,,,,,,,,,,,,00000000-0000-0000-0000-000000000001,,2026-04-08 19:12:39,2026-04-08 19:12:39
3c7eccbf-fee9-4fbb-a95f-db247e447185,dbb6eccd-8bf1-4ae5-a305-cd598fe2320c,2000000,3000000,200000,,,,,,,,,,,,00000000-0000-0000-0000-000000000001,,2026-04-08 19:12:39,2026-04-08 19:12:39
f3758f25-3906-492a-b1b4-fef25af80a2a,f1b1041f-17a2-4dfc-9f0b-9f4c67dd4899,200000,500000,,,,,,,,,,,,,00000000-0000-0000-0000-000000000001,,2026-04-08 19:12:39,2026-04-08 19:12:39
6c1e32aa-fbfd-4193-a3d9-de3d54bab822,d4f4a3be-af8a-4aca-b09f-189a7d4c908d,500000,1000000,200000,,,,,,,,,,,,00000000-0000-0000-0000-000000000001,,2026-04-08 19:12:39,2026-04-08 19:12:39
577566bd-6f1e-4035-a0bf-8d32aba95a61,3cf2041e-3e3f-4fcd-aa66-5c45150e1096,1000000,1500000,200000,,,,,,,,,,,,00000000-0000-0000-0000-000000000001,,2026-04-08 19:12:39,2026-04-08 19:12:39
c459b68d-0665-4093-9c19-57dc0b114f1a,1407f19f-10b9-4286-88fd-5e3043fb354e,1000000,1500000,200000,,,,,,,,,,,,00000000-0000-0000-0000-000000000001,,2026-04-08 19:12:39,2026-04-08 19:12:39
35ce88da-81a0-4f08-96a6-3055695533da,fee27409-2d90-41aa-89f8-41d3c0afc898,1000000,1500000,50000,,,,,,,,,,,,00000000-0000-0000-0000-000000000001,,2026-04-08 19:12:39,2026-04-08 19:12:39
beeb1633-498e-4c6c-854b-e5dc1bcba9b8,6624c09a-e9ba-498c-a412-ead643b0d247,,,,,,,,,,,,,,,00000000-0000-0000-0000-000000000001,,2026-04-08 19:12:39,2026-04-08 19:12:39
9802fdf9-5a49-44f0-907d-0253da5fad9f,e05bc406-74d8-4da6-ba04-9526f4c5e007,3000000,4000000,,,,,,,,,,,,,00000000-0000-0000-0000-000000000001,,2026-04-08 19:12:39,2026-04-08 19:12:39
cf832152-62c3-4d4d-b497-9265e0dcaf09,d6f0753a-de3e-44aa-acc3-faf9f712916a,2000000,3000000,500000,,,,,,,,,,,,00000000-0000-0000-0000-000000000001,,2026-04-08 19:12:39,2026-04-08 19:12:39
9be2afed-ce7f-48e9-a148-ef45f6c313df,5bb3277f-c83f-4c4d-9873-9bc4e397c92d,1500000,2000000,100000,,,,,,,,,,,,00000000-0000-0000-0000-000000000001,,2026-04-08 19:12:39,2026-04-08 19:12:39
f34966c9-f7c7-410e-9713-84c0f8b93065,6d47f589-b038-40ab-8c98-3870ec78fcfb,,,,,,,,,,,,,,,00000000-0000-0000-0000-000000000001,,2026-04-08 19:12:39,2026-04-08 19:12:39
b245c905-4c7d-454e-89ee-ec85b6bd4022,bc8ba744-8ff0-4bd6-abb6-0fec085bbadf,1500000,2000000,1000000,,,,,,,,,,,,00000000-0000-0000-0000-000000000001,,2026-04-08 19:12:39,2026-04-08 19:12:39
e2feeada-f490-41ac-976f-83f0af586134,8ae848e6-4294-49e6-8765-876f9c58b954,50000,100000,500000,,,,,,,,,,,,00000000-0000-0000-0000-000000000001,,2026-04-08 19:12:39,2026-04-08 19:12:39
1a8a52e6-e766-4115-8ac5-201df22d7081,96a5ebc3-ab2c-49b3-b6cf-d5a966222b61,,,,,,,,,,,,,,,00000000-0000-0000-0000-000000000001,,2026-04-08 19:12:39,2026-04-08 19:12:39
68d86f05-9106-4ac0-90ef-e9c2ca009c20,921958bd-64ba-4401-975d-a44a431c5d4c,,,,,,,,,,,,,,,00000000-0000-0000-0000-000000000001,,2026-04-08 19:12:39,2026-04-08 19:12:39
eb1ea564-7918-4191-b2e2-e95e61c4f5c3,f287b623-0af2-40a8-ae84-b003791e97e2,500000,1000000,500000,,,,,,,,,,,,00000000-0000-0000-0000-000000000001,,2026-04-08 19:12:39,2026-04-08 19:12:39
3b1f7354-2f58-40a2-8278-e5eda218ad23,9784ba53-e6af-451f-9a15-8517f49291f1,200000,500000,50000,,,,,,,,,,,,00000000-0000-0000-0000-000000000001,,2026-04-08 19:12:39,2026-04-08 19:12:39
1b8ecade-a988-49b9-a46b-38d0306d93cc,054785bf-0d6f-4642-993e-56f587d8d386,200000,500000,,,,,,,,,,,,,00000000-0000-0000-0000-000000000001,,2026-04-08 19:12:39,2026-04-08 19:12:39
7e3e65d2-138c-4d32-914a-a366ac7e5bd0,bf6a9f3e-8747-4bab-8f49-a9f48276581a,100000,200000,200000,,,,,,,,,,,,00000000-0000-0000-0000-000000000001,,2026-04-08 19:12:39,2026-04-08 19:12:39
47423b22-8cc3-4867-83b5-a574475129b3,1b0e24d9-5d9c-4b1c-b46e-37dfbea99501,200000,500000,200000,,,,,,,,,,,,00000000-0000-0000-0000-000000000001,,2026-04-08 19:12:39,2026-04-08 19:12:39
bf7035c8-3eca-4310-b83c-fb2a92a39050,1614310e-cdaa-4d6f-bfee-900c14be81e8,50000,100000,,,,,,,,,,,,,00000000-0000-0000-0000-000000000001,,2026-04-08 19:12:39,2026-04-08 19:12:39
fc22019e-9e8d-4595-af82-331eab6bd2be,503359de-1ce0-4c72-9d99-72f75374260c,50000,100000,50000,,,,,,,,,,,,00000000-0000-0000-0000-000000000001,,2026-04-08 19:12:39,2026-04-08 19:12:39
fd59650e-014c-4344-b783-5f0a906ce145,6f715258-1d6d-4e46-a034-4338a31063ee,200000,500000,,,,,,,,,,,,,00000000-0000-0000-0000-000000000001,,2026-04-08 19:12:39,2026-04-08 19:12:39
fce6e2e1-d3e1-4eff-ac60-b1d99bc13364,151e4f6d-4aba-49e8-8916-8e77cdb49147,4000000,5000000,100000,,,,,,,,,,,,00000000-0000-0000-0000-000000000001,,2026-04-08 19:12:39,2026-04-08 19:12:39
d59da2dd-b7e7-4bb1-bccc-0616b8da3116,1d6d474a-1ab8-4939-964e-c6f9ff49abfa,1000000,1500000,50000,,,,,,,,,,,,00000000-0000-0000-0000-000000000001,,2026-04-08 19:12:39,2026-04-08 19:12:39
bb75f27b-9e0c-4bc3-a1df-2f737447284d,2bdbbc17-c188-4004-829b-79341341c59e,1500000,2000000,,,,,,,,,,,,,00000000-0000-0000-0000-000000000001,,2026-04-08 19:12:39,2026-04-08 19:12:39
1cdc6136-c3a5-4b91-a57b-28b95787364e,853583c0-41ea-41d0-b3cb-ef198c777bb8,5000000,7500000,500000,,,,,,,,,,,,00000000-0000-0000-0000-000000000001,,2026-04-08 19:12:39,2026-04-08 19:12:39
29b7db5c-d318-4b06-b761-f079bb7c97d3,20f083d2-2782-4871-a25a-946cf88ddd33,4000000,5000000,500000,,,,,,,,,,,,00000000-0000-0000-0000-000000000001,,2026-04-08 19:12:39,2026-04-08 19:12:39
37c71c20-5344-4e08-9f3f-74edaf4efd02,2298cc1e-2b63-455b-b789-6c60d1e345b7,100000,200000,50000,,,,,,,,,,,,00000000-0000-0000-0000-000000000001,,2026-04-08 19:12:39,2026-04-08 19:12:39
71e305a1-cb75-4a74-8bb9-ce9c1914e42c,520bf9ec-b228-41e4-aafb-0adadd0394ac,,,,,,,,,,,,,,,00000000-0000-0000-0000-000000000001,,2026-04-08 19:12:39,2026-04-08 19:12:39
17fb0c88-2ad1-49ad-bd32-6100066249b6,2d356a17-edba-4e32-8396-2c3becb6a00a,200000,500000,100000,,,,,,,,,,,,00000000-0000-0000-0000-000000000001,,2026-04-08 19:12:39,2026-04-08 19:12:39
1e9f30a9-51cc-40b6-abd5-bdc967027b83,7dcd9e48-3204-4bab-ae41-1cacba8b7647,1500000,2000000,50000,,,,,,,,,,,,00000000-0000-0000-0000-000000000001,,2026-04-08 19:12:39,2026-04-08 19:12:39
54caf7bc-fb5f-4ddb-a785-3f6f0443b1d2,4ca097dc-9178-483e-bdc7-65237837b628,500000,1000000,200000,,,,,,,,,,,,00000000-0000-0000-0000-000000000001,,2026-04-08 19:12:39,2026-04-08 19:12:39
32ebe701-3f0e-43f3-8583-9dc6399e885f,5d7fd8fe-902a-4ea4-889c-652a6b59da51,1500000,2000000,500000,,,,,,,,,,,,00000000-0000-0000-0000-000000000001,,2026-04-08 19:12:39,2026-04-08 19:12:39
001b7d1f-0aba-4e76-a067-6c11c9e0e07a,d8a80546-8cfe-4f3c-837c-e4391749a944,1000000,1500000,200000,,,,,,,,,,,,00000000-0000-0000-0000-000000000001,,2026-04-08 19:12:39,2026-04-08 19:12:39
855b5b98-bfbb-4ced-9da7-5caa2cbf1eba,ec052a1c-9e6d-4615-9dbd-040538792acf,1500000,2000000,,,,,,,,,,,,,00000000-0000-0000-0000-000000000001,,2026-04-08 19:12:39,2026-04-08 19:12:39
eecc9f42-671d-4ead-a550-826136cea376,a1981a32-2f3c-43e0-9e02-2954ee829f31,50000,100000,,,,,,,,,,,,,00000000-0000-0000-0000-000000000001,,2026-04-08 19:12:39,2026-04-08 19:12:39
53f7e734-b4fc-4172-a1fa-e28486e4632a,0ebf2e77-b8c3-4998-93d9-1959db65dec0,200000,500000,50000,,,,,,,,,,,,00000000-0000-0000-0000-000000000001,,2026-04-08 19:12:39,2026-04-08 19:12:39
359a3d7d-6498-48d2-9abf-d575ea5785dd,0836d83f-d84d-4ccd-a9d8-6e7b5244bfc8,500000,1000000,,,,,,,,,,,,,00000000-0000-0000-0000-000000000001,,2026-04-08 19:12:39,2026-04-08 19:12:39
e5363127-bad4-4477-b9bc-af4298df7003,4063095c-fe3a-4258-966d-9504fe7e0881,50000,100000,,,,,,,,,,,,,00000000-0000-0000-0000-000000000001,,2026-04-08 19:12:39,2026-04-08 19:12:39
05d7fb45-0cf2-4dcd-a7ad-e2ccfa928255,60076103-8da8-4c1b-a351-168a82a166c2,500000,1000000,50000,,,,,,,,,,,,00000000-0000-0000-0000-000000000001,,2026-04-08 19:12:39,2026-04-08 19:12:39
316fd48f-3fc4-4985-af59-7e8cf9f6456c,b13eff05-1a8f-43d5-a34e-0db944cdd1e2,1000000,1500000,500000,,,,,,,,,,,,00000000-0000-0000-0000-000000000001,,2026-04-08 19:12:39,2026-04-08 19:12:39
837689f0-1176-4e64-9501-c838ce2665a8,dfaf297c-560f-4924-93f2-c3962ef9b728,500000,1000000,50000,,,,,,,,,,,,00000000-0000-0000-0000-000000000001,,2026-04-08 19:12:39,2026-04-08 19:12:39
5c197f19-5d46-471b-9e59-9138d34bc2d5,e66aa83c-d57b-470e-9d93-64909753e6ef,,,,,,,,,,,,,,,00000000-0000-0000-0000-000000000001,,2026-04-08 19:12:39,2026-04-08 19:12:39
1ee00c74-9447-4cfe-8760-a7308022e575,b9c862d0-3c1b-44c4-884d-e2e3feba52a4,,,,,,,,,,,,,,,00000000-0000-0000-0000-000000000001,,2026-04-08 19:12:39,2026-04-08 19:12:39
0e00b906-3389-4756-8d87-d5d3db0e0a20,eff1ea84-eb37-44da-979e-17a2fd614ea9,3000000,4000000,500000,,,,,,,,,,,,00000000-0000-0000-0000-000000000001,,2026-04-08 19:12:39,2026-04-08 19:12:39
73ab3ad4-208b-4dfb-a687-9c290888b1b2,85494df2-2108-4123-9cd2-4c2a8ef66e95,50000,100000,50000,,,,,,,,,,,,00000000-0000-0000-0000-000000000001,,2026-04-08 19:12:39,2026-04-08 19:12:39
fcfa4c9b-7e3a-41f4-9ecf-b694014120ab,02b97346-e2f9-4bcb-8e43-ca847b1af3ed,200000,500000,100000,,,,,,,,,,,,00000000-0000-0000-0000-000000000001,,2026-04-08 19:12:39,2026-04-08 19:12:39
eaf8f407-a7b0-4cc1-89af-3ceed0946e56,5cf32682-81a3-4e72-907a-0225eee2343e,500000,1000000,50000,,,,,,,,,,,,00000000-0000-0000-0000-000000000001,,2026-04-08 19:12:39,2026-04-08 19:12:39
01e5b795-0637-4166-835c-7d73333bb537,e0fa87bb-102d-4eeb-8e2b-788548f06a25,50000,100000,50000,,,,,,,,,,,,00000000-0000-0000-0000-000000000001,,2026-04-08 19:12:39,2026-04-08 19:12:39
7b30b9cb-9832-4ac3-b9d9-0772e6ccf9d5,8bb5c3a9-f8e4-428c-864e-37eb765dc1d3,1500000,2000000,200000,,,,,,,,,,,,00000000-0000-0000-0000-000000000001,,2026-04-08 19:12:39,2026-04-08 19:12:39
c5c1428c-7c95-48ff-b5c9-16588825690f,10ea04b4-3e5f-41e5-b814-609afaa054b2,50000,100000,,,,,,,,,,,,,00000000-0000-0000-0000-000000000001,,2026-04-08 19:12:39,2026-04-08 19:12:39
60f926fa-e0fd-4ea9-9762-ccb225117e38,d45e7752-e771-4dc1-b861-d62ec91023c7,,,,,,,,,,,,,,,00000000-0000-0000-0000-000000000001,,2026-04-08 19:12:39,2026-04-08 19:12:39
a11d948f-d4a0-4bdc-be99-8b23285cfb60,d4ab8b21-a599-4913-8d51-1b3671805fe2,200000,500000,100000,,,,,,,,,,,,00000000-0000-0000-0000-000000000001,,2026-04-08 19:12:39,2026-04-08 19:12:39
1b72e824-6738-43cf-bef0-09845b8b7540,3129d54e-e0a7-4d06-bcd1-28c7a3bb0247,,,,,,,,,,,,,,,00000000-0000-0000-0000-000000000001,,2026-04-08 19:12:39,2026-04-08 19:12:39
456cafb2-d4e5-44b2-b918-5ceccf5a542b,36e353f2-17fe-4b4c-b62a-db3653101066,1500000,2000000,200000,,,,,,,,,,,,00000000-0000-0000-0000-000000000001,,2026-04-08 19:12:39,2026-04-08 19:12:39
975e3c4e-07fb-41a5-b6e8-439b03aff1b5,5b6f2aef-fb3b-4d29-a140-957067eb1c77,500000,1000000,200000,,,,,,,,,,,,00000000-0000-0000-0000-000000000001,,2026-04-08 19:12:39,2026-04-08 19:12:39
ecde02b5-71e5-4706-95d7-111f09886a49,68853ef4-797a-4b6f-8326-62ffb12006de,500000,1000000,100000,,,,,,,,,,,,00000000-0000-0000-0000-000000000001,,2026-04-08 19:12:39,2026-04-08 19:12:39
74b0eb9b-5d67-4325-9c52-f2fa7bcdc523,d556c26c-2a27-4152-881a-dccb13d273e6,200000,500000,1500000,,,,,,,,,,,,00000000-0000-0000-0000-000000000001,,2026-04-08 19:12:39,2026-04-08 19:12:39
82c1f4f6-ef2a-49d7-a340-4cb18c389b41,202974c3-bb99-4606-a9df-3acaf97fc403,2000000,3000000,,,,,,,,,,,,,00000000-0000-0000-0000-000000000001,,2026-04-08 19:12:39,2026-04-08 19:12:39
a02771ca-d8bc-403e-9938-8e7c3f8b33fb,967cf03a-6afc-4f31-8c8f-96fb68e7cf0f,200000,500000,100000,,,,,,,,,,,,00000000-0000-0000-0000-000000000001,,2026-04-08 19:12:39,2026-04-08 19:12:39
35ef792b-89cf-4401-8b1c-50b607e89dc4,2dae1a13-12ec-4a15-b2c1-b5a932f6d1a0,1000000,1500000,200000,,,,,,,,,,,,00000000-0000-0000-0000-000000000001,,2026-04-08 19:12:39,2026-04-08 19:12:39
9650e5c1-9214-42c0-8d91-af3f7be61f7d,87fd4024-5953-4a82-b443-32ab625d7efb,100000,200000,,,,,,,,,,,,,00000000-0000-0000-0000-000000000001,,2026-04-08 19:12:39,2026-04-08 19:12:39
c859ca46-7800-4cc4-9ac3-4dbbe8914e7d,d97ef9c1-d4ad-4f39-b7fd-1cb7dd120b74,200000,500000,100000,,,,,,,,,,,,00000000-0000-0000-0000-000000000001,,2026-04-08 19:12:39,2026-04-08 19:12:39
b49823ea-f338-4ad5-aff4-37cdc54f5314,8dba2294-6d34-48a3-8552-d71a5949a955,2000000,3000000,500000,,,,,,,,,,,,00000000-0000-0000-0000-000000000001,,2026-04-08 19:12:39,2026-04-08 19:12:39
54db08e6-994c-4194-ba59-599d4fdad960,ffaea16a-d14c-49d3-9905-f3d09589fafe,10000000,20000000,,,,,,,,,,,,,00000000-0000-0000-0000-000000000001,,2026-04-08 19:12:39,2026-04-08 19:12:39
80071d57-db2a-4002-a63f-501e738da978,8cc87d99-11c8-4c4a-98e5-29a31fa27d2e,,,,,,,,,,,,,,,00000000-0000-0000-0000-000000000001,,2026-04-08 19:12:39,2026-04-08 19:12:39
76315fce-7171-4c63-8236-78375da21d4d,6beac2ee-d54b-43f0-8c5b-266b627b18cb,500000,1000000,200000,,,,,,,,,,,,00000000-0000-0000-0000-000000000001,,2026-04-08 19:12:39,2026-04-08 19:12:39
1e6f5d3e-9c19-44c2-883b-c496be044fda,f70d6a96-eb73-49e1-815a-a005fecce895,100000,200000,100000,,,,,,,,,,,,00000000-0000-0000-0000-000000000001,,2026-04-08 19:12:39,2026-04-08 19:12:39
3a4524b0-62cd-4d72-813a-fd1da8a6d830,6b737e45-52e2-4dd0-9e7f-56eb0114323e,1000000,1500000,50000,,,,,,,,,,,,00000000-0000-0000-0000-000000000001,,2026-04-08 19:12:39,2026-04-08 19:12:39
b3b57fd0-ef83-426d-958f-551edbc86fb0,25fc91f9-cfb1-47a1-ac15-b82f1236da42,500000,1000000,50000,,,,,,,,,,,,00000000-0000-0000-0000-000000000001,,2026-04-08 19:12:39,2026-04-08 19:12:39
36e78e09-00fe-4876-8322-e5b10ed2c836,0e0ff1c9-0dd0-4843-8bce-9afaf07fd96a,100000,200000,100000,,,,,,,,,,,,00000000-0000-0000-0000-000000000001,,2026-04-08 19:12:39,2026-04-08 19:12:39
226b789e-edd2-4e3f-9694-df2c28bc71f8,8c2df6ca-2071-4644-a545-48b6d710fc49,500000,1000000,50000,,,,,,,,,,,,00000000-0000-0000-0000-000000000001,,2026-04-08 19:12:39,2026-04-08 19:12:39
2655d4d2-e902-4fc3-8d74-9e2ec0dd761b,49867397-ae1c-49b6-bae0-95da49b42d9d,1500000,2000000,50000,,,,,,,,,,,,00000000-0000-0000-0000-000000000001,,2026-04-08 19:12:39,2026-04-08 19:12:39
2096f14d-4627-429d-b1df-e777ddb34515,e9550d65-cd80-41cf-9a02-e6cd98776bc7,,,500000,,,,,,,,,,,,00000000-0000-0000-0000-000000000001,,2026-04-08 19:12:39,2026-04-08 19:12:39
b1e589dd-5a1f-4763-99b9-37dacc7ec889,85d039f0-5e4b-4ea7-aded-29921b103cc8,500000,1000000,100000,,,,,,,,,,,,00000000-0000-0000-0000-000000000001,,2026-04-08 19:12:39,2026-04-08 19:12:39
1ac97b16-c5b4-4400-b1cc-30b54475bb45,3c60fe5a-b137-43d5-9d41-6100f5433db6,1500000,2000000,200000,,,,,,,,,,,,00000000-0000-0000-0000-000000000001,,2026-04-08 19:12:39,2026-04-08 19:12:39
35f60346-472b-4037-882a-66d6aabab1b1,be3ef8b3-7477-4e3c-b42a-e69e3a5188a6,200000,500000,,,,,,,,,,,,,00000000-0000-0000-0000-000000000001,,2026-04-08 19:12:39,2026-04-08 19:12:39
08293949-820f-43e6-9c89-3ae5b8119a73,062f90b1-f5a1-4d84-9f2f-33f2d344574c,200000,500000,200000,,,,,,,,,,,,00000000-0000-0000-0000-000000000001,,2026-04-08 19:12:39,2026-04-08 19:12:39
9b17b449-c3ad-4dc0-bc27-6d33d09db47c,180aa5c3-e206-40c1-be84-03a13f44d95b,500000,1000000,100000,,,,,,,,,,,,00000000-0000-0000-0000-000000000001,,2026-04-08 19:12:39,2026-04-08 19:12:39
3f77c7ef-ef4d-45bc-b992-9f204abc3c8c,48bc8bb2-20e9-40e0-89fd-34b5de22d937,500000,1000000,50000,,,,,,,,,,,,00000000-0000-0000-0000-000000000001,,2026-04-08 19:12:39,2026-04-08 19:12:39
261de758-dad5-4206-8da4-0f4f7a6ae4ef,e92af47d-fb48-4b0b-bc24-4c41f0ea5a7f,4000000,5000000,4000000,,,,,,,,,,,,00000000-0000-0000-0000-000000000001,,2026-04-08 19:12:39,2026-04-08 19:12:39
d48e005a-c7c5-480b-a1a0-0b60498b6372,27c7ed09-146d-47e7-83b6-6618ef1ad0aa,200000,500000,100000,,,,,,,,,,,,00000000-0000-0000-0000-000000000001,,2026-04-08 19:12:39,2026-04-08 19:12:39
7bafe5c5-75da-4702-9b4b-2d765910636b,97bb530c-ca1c-4f01-854a-3a82f077917a,7500000,10000000,2000000,,,,,,,,,,,,00000000-0000-0000-0000-000000000001,,2026-04-08 19:12:39,2026-04-08 19:12:39
d4690d43-c4d0-4ad7-a5fa-7ecb8583deeb,634fdb8d-2a3b-406c-8823-d84ccef65eab,,,,,,,,,,,,,,,00000000-0000-0000-0000-000000000001,,2026-04-08 19:12:39,2026-04-08 19:12:39
da1e79f2-042d-49e0-8109-757935228187,a491a643-96c4-49ec-8886-bf2ee9d6e088,100000,200000,,,,,,,,,,,,,00000000-0000-0000-0000-000000000001,,2026-04-08 19:12:39,2026-04-08 19:12:39
557cc393-f583-422e-90a4-b4bec823f937,d59920ab-b027-4924-9984-bd2894a5237e,,,,,,,,,,,,,,,00000000-0000-0000-0000-000000000001,,2026-04-08 19:12:39,2026-04-08 19:12:39
e4ec8ceb-830d-43cb-b319-2e18ef405c2d,80471736-106b-4fec-9948-e968afac20dd,1500000,2000000,100000,,,,,,,,,,,,00000000-0000-0000-0000-000000000001,,2026-04-08 19:12:39,2026-04-08 19:12:39
11b0bb2e-ab5a-49db-860b-b513cb4a2d48,637e8f2e-460a-42bb-8465-83491060986d,,,,,,,,,,,,,,,00000000-0000-0000-0000-000000000001,,2026-04-08 19:12:39,2026-04-08 19:12:39
e9ccabba-fa70-48f4-984a-a81f40c5390f,5c977663-db4a-4889-8284-b455879bdc94,500000,1000000,200000,,,,,,,,,,,,00000000-0000-0000-0000-000000000001,,2026-04-08 19:12:39,2026-04-08 19:12:39
4d1d19ed-e140-4a9f-93d3-0932ec5ca234,9265b2e7-d2c2-4488-bac2-7209238e6038,50000,100000,50000,,,,,,,,,,,,00000000-0000-0000-0000-000000000001,,2026-04-08 19:12:39,2026-04-08 19:12:39
f10edc62-b0cd-4de4-951b-1d0d3bc52255,100cb07d-4948-4342-9db2-70fafa842d09,500000,1000000,50000,,,,,,,,,,,,00000000-0000-0000-0000-000000000001,,2026-04-08 19:12:39,2026-04-08 19:12:39
004e40d9-b585-4147-bcd8-fb2c6b4aa6fa,2c1dd040-c9e2-4bb5-8201-abaa85afec41,5000000,7500000,100000,,,,,,,,,,,,00000000-0000-0000-0000-000000000001,,2026-04-08 19:12:39,2026-04-08 19:12:39
eeae2e4c-ec6e-43a1-8a72-a4abf100fbb2,bd9961a8-1b2c-48a1-9e7c-1093d694f730,100000,200000,50000,,,,,,,,,,,,00000000-0000-0000-0000-000000000001,,2026-04-08 19:12:39,2026-04-08 19:12:39
170dac94-210a-40c9-aa68-c89ba5185102,769579e7-f665-48e1-830f-8becf554c2d9,1000000,1500000,,,,,,,,,,,,,00000000-0000-0000-0000-000000000001,,2026-04-08 19:12:39,2026-04-08 19:12:39
8c593310-cca5-4314-86e6-dbefc37e4776,1c93d068-6d64-47c9-ada2-355d253d9beb,,,,,,,,,,,,,,,00000000-0000-0000-0000-000000000001,,2026-04-08 19:12:39,2026-04-08 19:12:39
2f63a5b8-5537-4904-a7e1-804f0f32a040,c3563e22-7aa3-4619-9b77-ac1615166602,500000,1000000,,,,,,,,,,,,,00000000-0000-0000-0000-000000000001,,2026-04-08 19:12:39,2026-04-08 19:12:39
a83e0dd2-5452-45a8-bd82-34537261d157,0d2ef685-30ca-4ca7-a98d-95eb2f24bcc4,1000000,1500000,200000,,,,,,,,,,,,00000000-0000-0000-0000-000000000001,,2026-04-08 19:12:39,2026-04-08 19:12:39
0aa98ce4-b9a8-4671-ba1a-14b5e21600fe,238d8f8d-9556-4fab-a629-26e50c0e3542,1000000,1500000,,,,,,,,,,,,,00000000-0000-0000-0000-000000000001,,2026-04-08 19:12:39,2026-04-08 19:12:39
a9cbc289-a1cb-4d57-94ef-73172ada5308,baeed1be-789b-49fd-8524-9f6a62e87d27,500000,1000000,,,,,,,,,,,,,00000000-0000-0000-0000-000000000001,,2026-04-08 19:12:39,2026-04-08 19:12:39
f7a6fb56-dade-4b2f-bb0e-d343fc13f0d5,e6c1c307-d417-42bc-b7c2-0cd54c18d174,1500000,2000000,200000,,,,,,,,,,,,00000000-0000-0000-0000-000000000001,,2026-04-08 19:12:39,2026-04-08 19:12:39
2bfa156c-b06b-4a2b-bf98-80af06b196a8,cfdaaad7-8219-4a06-bc76-f585febe4176,50000,100000,200000,,,,,,,,,,,,00000000-0000-0000-0000-000000000001,,2026-04-08 19:12:39,2026-04-08 19:12:39
f4f92619-a733-49e9-93fc-cc17b60c2e6c,e691e67f-64a3-4d92-9061-b8fab30f6c31,50000,100000,50000,,,,,,,,,,,,00000000-0000-0000-0000-000000000001,,2026-04-08 19:12:39,2026-04-08 19:12:39
8fa778ef-bc75-4b28-9a7d-194256e48adb,3831a244-01f1-4b87-ab04-17d1466486f3,100000,200000,50000,,,,,,,,,,,,00000000-0000-0000-0000-000000000001,,2026-04-08 19:12:39,2026-04-08 19:12:39
4da12cf0-42fb-441b-a346-8631cc6af759,9244fbe5-f581-4787-972b-9ebcba2481ad,200000,500000,50000,,,,,,,,,,,,00000000-0000-0000-0000-000000000001,,2026-04-08 19:12:39,2026-04-08 19:12:39
1805ab6e-6559-46ae-8b5c-b7cdfd8d0b93,eaca0c8e-439b-4a7c-b455-c2469397111a,100000,200000,,,,,,,,,,,,,00000000-0000-0000-0000-000000000001,,2026-04-08 19:12:39,2026-04-08 19:12:39
bdf9ae9e-59d1-4273-ba38-76cc4ad5fe96,e0a0da4b-61c8-49d9-9b36-6df58a58e79e,,,,,,,,,,,,,,,00000000-0000-0000-0000-000000000001,,2026-04-08 19:12:39,2026-04-08 19:12:39
32dc4d66-d30e-4c95-a932-b8c7d36d19d0,205f955b-e417-42f5-8b19-d1c738c65ccb,1000000,1500000,200000,,,,,,,,,,,,00000000-0000-0000-0000-000000000001,,2026-04-08 19:12:39,2026-04-08 19:12:39
0d95e313-9250-42c6-ba45-59c8dad7475d,3e427620-539d-4449-bf55-d731422da5e4,,,,,,,,,,,,,,,00000000-0000-0000-0000-000000000001,,2026-04-08 19:12:39,2026-04-08 19:12:39
8c10e6c6-5510-4c54-8d1a-dbef20c905f2,0945c5e3-0eee-468c-b8f5-7dedcd7e4b41,200000,500000,200000,,,,,,,,,,,,00000000-0000-0000-0000-000000000001,,2026-04-08 19:12:39,2026-04-08 19:12:39
27db3b6a-ff59-4452-a52b-d1ede52d8390,86acb327-0ae9-49e7-8e94-a6b5b154a01e,500000,1000000,,,,,,,,,,,,,00000000-0000-0000-0000-000000000001,,2026-04-08 19:12:39,2026-04-08 19:12:39
a33635e0-47e9-4d2e-a214-2ab45a04a5da,b5460805-acb1-4a0c-b05b-2cbf2b3a5514,1000000,1500000,200000,,,,,,,,,,,,00000000-0000-0000-0000-000000000001,,2026-04-08 19:12:39,2026-04-08 19:12:39
6c6f8620-54ca-409a-a7c3-0df6729d1e7a,2781d39b-146e-4448-a383-e7dc3abd7d85,50000,100000,,,,,,,,,,,,,00000000-0000-0000-0000-000000000001,,2026-04-08 19:12:39,2026-04-08 19:12:39
c4e7db85-109e-492d-a212-0b18f04c6e36,e8cf9091-931f-45b4-a453-c6614bb520ab,,,100000,,,,,,,,,,,,00000000-0000-0000-0000-000000000001,,2026-04-08 19:12:39,2026-04-08 19:12:39
d0dfdcc4-3bd8-4c4f-ba88-42e9ce302ec0,ef87db92-3864-4b91-ac32-1b35657cbc23,1500000,2000000,200000,,,,,,,,,,,,00000000-0000-0000-0000-000000000001,,2026-04-08 19:12:39,2026-04-08 19:12:39
1bd6c51a-0696-4fbd-ae8a-6c48c32466c1,c4c2d6d1-d28b-48bd-b4f3-fc3e5fa384b7,200000,500000,100000,,,,,,,,,,,,00000000-0000-0000-0000-000000000001,,2026-04-08 19:12:39,2026-04-08 19:12:39
d020f36f-4a28-47f3-9992-cf1ffb30c6b9,bde87b16-e3b8-49f8-b641-21bf4d9b1443,200000,500000,,,,,,,,,,,,,00000000-0000-0000-0000-000000000001,,2026-04-08 19:12:39,2026-04-08 19:12:39
a54ad942-44d3-4e13-b50e-a481e9b939b4,d6460d2c-b728-4a79-ac22-3bba13d71f16,200000,500000,,,,,,,,,,,,,00000000-0000-0000-0000-000000000001,,2026-04-08 19:12:39,2026-04-08 19:12:39
bd878a57-d6dd-4e61-ae59-0ce7becd9298,0fdbdd87-d566-465d-9856-6080eb0da1a6,5000000,7500000,,,,,,,,,,,,,00000000-0000-0000-0000-000000000001,,2026-04-08 19:12:39,2026-04-08 19:12:39
8eb1a1ba-8b37-48b5-b6f6-e1ffdcdc50d6,7aaa1a5c-6b09-4d6f-8d07-e42bd22c7a84,1500000,2000000,,,,,,,,,,,,,00000000-0000-0000-0000-000000000001,,2026-04-08 19:12:39,2026-04-08 19:12:39
2d048598-2e27-40b6-89ef-b9db49465127,e9c235fa-f837-4f02-8538-9eb8b5f6fd83,,,,,,,,,,,,,,,00000000-0000-0000-0000-000000000001,,2026-04-08 19:12:39,2026-04-08 19:12:39
66d32210-58db-4634-a2e8-594a5e573ebe,4048f53a-03da-463a-b762-7e69aeb73ea5,1000000,1500000,200000,,,,,,,,,,,,00000000-0000-0000-0000-000000000001,,2026-04-08 19:12:39,2026-04-08 19:12:39
1006f0d0-c548-40cf-94f5-5c7d79afbd98,0457a9d3-462c-4af6-9da0-d84a2ea0c569,200000,500000,200000,,,,,,,,,,,,00000000-0000-0000-0000-000000000001,,2026-04-08 19:12:39,2026-04-08 19:12:39
c9df1cfb-144f-4756-a13e-d1a27cefcfa9,f3882697-d971-44d8-b01d-6aecb3091737,,,,,,,,,,,,,,,00000000-0000-0000-0000-000000000001,,2026-04-08 19:12:39,2026-04-08 19:12:39
cde00169-593a-4b87-99f7-68032a02755e,7d650dca-df8b-4219-b35f-530279f78d7b,7500000,10000000,200000,,,,,,,,,,,,00000000-0000-0000-0000-000000000001,,2026-04-08 19:12:39,2026-04-08 19:12:39
da20e4b7-bae0-4d6d-8ed8-f32e46fcb5ee,75d4deae-0256-4115-82b0-e05ac6f159cd,20000000,50000000,200000,,,,,,,,,,,,00000000-0000-0000-0000-000000000001,,2026-04-08 19:12:39,2026-04-08 19:12:39
0a449691-e114-4008-ad97-e5f7c7050bb3,3a115f4c-05df-4787-9557-39df180a6b6b,2000000,3000000,,,,,,,,,,,,,00000000-0000-0000-0000-000000000001,,2026-04-08 19:12:39,2026-04-08 19:12:39
116f9807-da9f-4978-8ef9-432954c2fd1b,cf748107-b855-4aa7-aa13-7e31586fffe3,,,,,,,,,,,,,,,00000000-0000-0000-0000-000000000001,,2026-04-08 19:12:39,2026-04-08 19:12:39
8045bbd1-12a4-4d53-9909-2679686ca3e2,1b84ec19-5fb9-4087-8fa7-10c161a9156f,,,,,,,,,,,,,,,00000000-0000-0000-0000-000000000001,,2026-04-08 19:12:39,2026-04-08 19:12:39
1b46db76-35cd-4d97-9257-63288523941e,f3d2b489-940c-461f-a00e-f489a48ac259,500000,1000000,50000,,,,,,,,,,,,00000000-0000-0000-0000-000000000001,,2026-04-08 19:12:39,2026-04-08 19:12:39
86ff520b-c96c-4210-9dca-a70a319d57eb,882c2f7d-4128-457d-b8b7-ad9355390c31,1000000,1500000,200000,,,,,,,,,,,,00000000-0000-0000-0000-000000000001,,2026-04-08 19:12:39,2026-04-08 19:12:39
4a21676c-d1b3-41f9-b791-9fa6b233fa93,81dfb7ef-434f-49e3-b162-c860ad188091,,,,,,,,,,,,,,,00000000-0000-0000-0000-000000000001,,2026-04-08 19:12:39,2026-04-08 19:12:39
426f38f6-d212-4ce6-b6d4-64ceeb4a2ddb,f0d16f3d-3dae-4f39-aac4-ff6e28ae80f8,50000,100000,50000,,,,,,,,,,,,00000000-0000-0000-0000-000000000001,,2026-04-08 19:12:39,2026-04-08 19:12:39
a870f79f-2d53-4a5f-925d-1319f541cb4e,e26e1006-9bc7-471b-a941-441ece2c386b,,,,,,,,,,,,,,,00000000-0000-0000-0000-000000000001,,2026-04-08 19:12:39,2026-04-08 19:12:39
1ebc80c4-717c-4f58-af83-4e4ebb920d9d,770806fc-1d33-4fcc-8c58-6cfaaedfffb8,1500000,2000000,500000,,,,,,,,,,,,00000000-0000-0000-0000-000000000001,,2026-04-08 19:12:39,2026-04-08 19:12:39
821ebd44-ac14-4914-8844-e84cf6948437,318ff1b7-7cd8-4841-95c1-1261d6cba0cd,,,,,,,,,,,,,,,00000000-0000-0000-0000-000000000001,,2026-04-08 19:12:39,2026-04-08 19:12:39
fff9ab32-9efc-4a04-b748-a7cf8f2fd0db,fceddc00-fab6-4ab5-b4d1-e59c873544a5,200000,500000,50000,,,,,,,,,,,,00000000-0000-0000-0000-000000000001,,2026-04-08 19:12:39,2026-04-08 19:12:39
fc22b7ae-53b3-40e2-9160-164105c0ae06,e5cf947e-3aaa-4c11-a4ec-dcde9719f36a,200000,500000,50000,,,,,,,,,,,,00000000-0000-0000-0000-000000000001,,2026-04-08 19:12:39,2026-04-08 19:12:39
0c99b639-0c00-467e-a3f9-6b98b0d0f2dd,69bf4348-7dc1-434e-97ff-91b04a3813dc,200000,500000,,,,,,,,,,,,,00000000-0000-0000-0000-000000000001,,2026-04-08 19:12:39,2026-04-08 19:12:39
a6ba0da0-8d43-4507-91cb-4219d4bd5d73,51220a45-6fab-4486-a58a-0e9fb94920b1,5000000,7500000,,,,,,,,,,,,,00000000-0000-0000-0000-000000000001,,2026-04-08 19:12:39,2026-04-08 19:12:39
46e27416-b291-41b9-a31d-23db79da2d3c,3db31307-0a09-4017-99e4-77078b24977f,5000000,7500000,500000,,,,,,,,,,,,00000000-0000-0000-0000-000000000001,,2026-04-08 19:12:39,2026-04-08 19:12:39
90877f28-f758-4633-9c09-75b689e45a87,a7eba6dd-da86-4c11-8fb0-7777f6bbe9b3,200000,500000,,,,,,,,,,,,,00000000-0000-0000-0000-000000000001,,2026-04-08 19:12:39,2026-04-08 19:12:39
886c29f8-82c1-4350-ab02-4189a2f43263,e692ab0e-c042-4bba-8f6f-f1f8818e9524,50000,100000,,,,,,,,,,,,,00000000-0000-0000-0000-000000000001,,2026-04-08 19:12:39,2026-04-08 19:12:39
d2dd789a-ce19-4029-a5ec-88dab5db26bc,f666be8b-6d4d-4238-b91b-c8427cced688,200000,500000,,,,,,,,,,,,,00000000-0000-0000-0000-000000000001,,2026-04-08 19:12:39,2026-04-08 19:12:39
6aa2ff9c-22f5-4fc6-bf92-66a0c178548b,406220bf-ebb8-4585-8c20-816004c83a2a,10000000,20000000,100000,,,,,,,,,,,,00000000-0000-0000-0000-000000000001,,2026-04-08 19:12:39,2026-04-08 19:12:39
6c557974-3b64-48fd-b40e-7502b0af88ca,9be962ca-435f-409c-8405-7c258a5e4540,50000,100000,,,,,,,,,,,,,00000000-0000-0000-0000-000000000001,,2026-04-08 19:12:39,2026-04-08 19:12:39
78afb027-b34a-4c52-b39e-e251c4bb8716,d729e1da-3192-4c63-b002-295d95108206,50000,100000,,,,,,,,,,,,,00000000-0000-0000-0000-000000000001,,2026-04-08 19:12:39,2026-04-08 19:12:39
fe4b0ac3-2ff6-43f9-84a7-a64bc3eae8cd,ef796d0e-41d1-49a9-b18c-e3bb33c828c7,,,,,,,,,,,,,,,00000000-0000-0000-0000-000000000001,,2026-04-08 19:12:39,2026-04-08 19:12:39
28a843d1-8f2f-43d9-bb8e-72489f3f6e55,9046587f-af6b-4754-a11b-0de9a917a5da,,,,,,,,,,,,,,,00000000-0000-0000-0000-000000000001,,2026-04-08 19:12:39,2026-04-08 19:12:39
1c424d63-4262-44a0-b9c3-4799715cd6e3,053d455f-f348-47a7-abb5-1f0aa90800db,500000,1000000,50000,,,,,,,,,,,,00000000-0000-0000-0000-000000000001,,2026-04-08 19:12:39,2026-04-08 19:12:39
8ee25ea7-d630-472c-907f-2e7ae3ae57a4,340660f7-d55a-4a46-b7aa-cc571a54ee8b,,,,,,,,,,,,,,,00000000-0000-0000-0000-000000000001,,2026-04-08 19:12:39,2026-04-08 19:12:39
9a9655b3-57cc-4f73-a899-b9071f758eb2,b8bab8c8-4073-4c8a-ae59-88aeb7f38034,200000,500000,300000,,,,,,,,,,,,00000000-0000-0000-0000-000000000001,,2026-04-08 19:12:39,2026-04-08 19:12:39
076d47b3-3cc1-49b7-afaf-e016aaa0c777,621a3355-74b1-43be-acbe-da7478db825e,200000,500000,,,,,,,,,,,,,00000000-0000-0000-0000-000000000001,,2026-04-08 19:12:39,2026-04-08 19:12:39
99f6f821-80b6-4d63-ba4b-c3cdb8f49e8a,3dc42170-96e0-4a96-a099-1ef7494cf6e1,7500000,10000000,,,,,,,,,,,,,00000000-0000-0000-0000-000000000001,,2026-04-08 19:12:39,2026-04-08 19:12:39
d1ab4a49-903c-4a40-b76c-2de2bfa779fe,dbf804db-4b49-4aa5-ad9f-2434275ebe70,50000,100000,,,,,,,,,,,,,00000000-0000-0000-0000-000000000001,,2026-04-08 19:12:39,2026-04-08 19:12:39
93272a6e-b562-485d-ac08-0d9a2383034f,7792e759-bf79-4fff-98e4-b69f4bd1d892,,,,,,,,,,,,,,,00000000-0000-0000-0000-000000000001,,2026-04-08 19:12:39,2026-04-08 19:12:39
b842bebe-b8e7-4406-b605-d21537b2da69,fb1728a5-2463-480f-a478-c9f5246ebf78,50000,100000,50000,,,,,,,,,,,,00000000-0000-0000-0000-000000000001,,2026-04-08 19:12:39,2026-04-08 19:12:39
5339c078-def4-4e1d-bf6d-199758b2f628,312eb8b0-0c26-42b5-bc97-65bd2f9edb56,500000,1000000,,,,,,,,,,,,,00000000-0000-0000-0000-000000000001,,2026-04-08 19:12:39,2026-04-08 19:12:39
a8a7abfd-07ca-4b9c-9d58-12ef5a50e7f3,35d98fcf-d37e-4986-adb1-5ea6f4d648e1,50000,100000,50000,,,,,,,,,,,,00000000-0000-0000-0000-000000000001,,2026-04-08 19:12:39,2026-04-08 19:12:39
5f0c7ac3-cf37-4581-b3f1-1143ec963e20,ba7fc149-0aeb-4ee5-ba77-0d3ce433ac6f,100000,200000,100000,,,,,,,,,,,,00000000-0000-0000-0000-000000000001,,2026-04-08 19:12:39,2026-04-08 19:12:39
801bdf85-e5bb-4fd8-aa4f-55968434b7d3,845f854d-486a-407b-abdc-9eee1a9d5e0b,,,,,,,,,,,,,,,00000000-0000-0000-0000-000000000001,,2026-04-08 19:12:39,2026-04-08 19:12:39
2c665fb5-6c99-473a-a125-8cd1a6f373a0,6be8a4f6-2ba9-4206-bd3a-41621bd3faf2,500000,1000000,50000,,,,,,,,,,,,00000000-0000-0000-0000-000000000001,,2026-04-08 19:12:39,2026-04-08 19:12:39
a25c6eac-a963-41b9-b354-d109244d77be,b9f325f7-a411-4a9b-815f-2a1114f121e8,100000,200000,50000,,,,,,,,,,,,00000000-0000-0000-0000-000000000001,,2026-04-08 19:12:39,2026-04-08 19:12:39
58d72b61-608e-4ff4-b4cb-a2ccea945350,f972c1fa-df77-4dfa-a12f-852db41b151b,200000,500000,,,,,,,,,,,,,00000000-0000-0000-0000-000000000001,,2026-04-08 19:12:39,2026-04-08 19:12:39
a736d27f-11d5-4d4c-91e2-8a666a3746a0,a50c051e-00d4-40d5-80fc-acafad618301,500000,1000000,200000,,,,,,,,,,,,00000000-0000-0000-0000-000000000001,,2026-04-08 19:12:39,2026-04-08 19:12:39
a5c53141-cb6c-4e67-9cfb-ac57b3b8902a,f35f9205-3445-46fc-93a7-70754bbb831e,500000,1000000,,,,,,,,,,,,,00000000-0000-0000-0000-000000000001,,2026-04-08 19:12:39,2026-04-08 19:12:39
5c8bfa64-b038-48e7-ad0e-6a0f2e833fc7,b6928231-2f7d-4312-a104-6c4f4072639b,200000,500000,200000,,,,,,,,,,,,00000000-0000-0000-0000-000000000001,,2026-04-08 19:12:39,2026-04-08 19:12:39
84a950ac-2e4e-4982-a9b3-cb0d125699c7,068db058-9b57-4f92-a6e8-3b8040ff294d,4000000,5000000,200000,,,,,,,,,,,,00000000-0000-0000-0000-000000000001,,2026-04-08 19:12:39,2026-04-08 19:12:39
2d680d0c-9579-4338-a3b4-20d52c315150,ba807709-b813-4de7-b718-ab7b0632caa0,1000000,1500000,,,,,,,,,,,,,00000000-0000-0000-0000-000000000001,,2026-04-08 19:12:39,2026-04-08 19:12:39
a97d4e5d-af9a-4814-a273-68686994baf4,b89c4430-fb8d-4b2a-8682-bcb3995c63b3,50000000,100000000,2000000,,,,,,,,,,,,00000000-0000-0000-0000-000000000001,,2026-04-08 19:12:39,2026-04-08 19:12:39
a1724db4-6b23-4a14-8fd2-679ad91bed71,5dddf3b9-e2f4-4ac9-9ba3-7d9876518fd1,,,,,,,,,,,,,,,00000000-0000-0000-0000-000000000001,,2026-04-08 19:12:39,2026-04-08 19:12:39
0ebbffdf-7913-4ac9-b6b8-7e7ab2431a92,077d3a73-f642-4552-a99c-0f7ea7527d91,,,,,,,,,,,,,,,00000000-0000-0000-0000-000000000001,,2026-04-08 19:12:39,2026-04-08 19:12:39
a2f4d82a-e951-4d71-8e7c-d8c44dd128b4,8a1ff7c2-68de-46c0-95af-2d35883eb196,,,,,,,,,,,,,,,00000000-0000-0000-0000-000000000001,,2026-04-08 19:12:39,2026-04-08 19:12:39
47b954cf-a45f-4113-a186-1638e3a4dbb8,160623fb-ddfa-4509-ac87-d68e8fbedb69,500000,1000000,50000,,,,,,,,,,,,00000000-0000-0000-0000-000000000001,,2026-04-08 19:12:39,2026-04-08 19:12:39
efd941d2-1f51-4be5-9e66-470f9e715786,f40db21d-f1e2-4e76-a492-7e39faa748b0,50000000,100000000,5000000,,,,,,,,,,,,00000000-0000-0000-0000-000000000001,,2026-04-08 19:12:39,2026-04-08 19:12:39
206fee77-fa03-4b61-87a7-3914531d2343,700738d3-0a9e-4552-aa3d-7bccf57d3cee,,,,,,,,,,,,,,,00000000-0000-0000-0000-000000000001,,2026-04-08 19:12:39,2026-04-08 19:12:39
beea5c47-64be-461d-9714-f1053fcfb982,44ddf9cd-a3f4-471e-b998-a16a0c6c68fe,5000000,7500000,,,,,,,,,,,,,00000000-0000-0000-0000-000000000001,,2026-04-08 19:12:39,2026-04-08 19:12:39
31b465f3-81a6-4390-852a-8c6bf706e2c6,fe014b94-3e36-4d7a-b8dc-40a9609646b7,,,,,,,,,,,,,,,00000000-0000-0000-0000-000000000001,,2026-04-08 19:12:39,2026-04-08 19:12:39
223c8229-ffcc-4650-98eb-594786e1c1fb,042a2855-069f-468e-a8fe-9fa9da0a2fbe,500000,1000000,,,,,,,,,,,,,00000000-0000-0000-0000-000000000001,,2026-04-08 19:12:39,2026-04-08 19:12:39
d097a246-57fd-4aad-9754-387ed5999562,acc8868a-11f0-436d-8fb3-be31dd039824,500000,1000000,,,,,,,,,,,,,00000000-0000-0000-0000-000000000001,,2026-04-08 19:12:39,2026-04-08 19:12:39
1415b963-7a42-4d76-8d8f-eb0a05371f4f,b05d00c5-b8cc-40a6-af42-7aea157e6900,50000000,100000000,20000000,,,,,,,,,,,,00000000-0000-0000-0000-000000000001,,2026-04-08 19:12:39,2026-04-08 19:12:39
a6300eac-8f9a-4de3-99f0-cd584219fb66,e0876123-c161-41f6-8884-58faf275c69f,,,,,,,,,,,,,,,00000000-0000-0000-0000-000000000001,,2026-04-08 19:12:39,2026-04-08 19:12:39
0cc262bd-a367-4175-98d0-f9c6ea2d4081,9ec8ca99-4c65-40cc-9c95-a2bbe3ced478,500000,1000000,50000,,,,,,,,,,,,00000000-0000-0000-0000-000000000001,,2026-04-08 19:12:39,2026-04-08 19:12:39
1ce14758-c166-41d8-accc-0fb8cbdc1ad3,1b8e6d6d-113f-4e77-957f-01e3bd52578f,,,,,,,,,,,,,,,00000000-0000-0000-0000-000000000001,,2026-04-08 19:12:39,2026-04-08 19:12:39
9a643751-d5ff-4120-b897-90937fb2c544,9e086037-cefe-425f-a357-1d6690f12dea,10000000,20000000,,,,,,,,,,,,,00000000-0000-0000-0000-000000000001,,2026-04-08 19:12:39,2026-04-08 19:12:39
e95ddfd5-fb9f-46c2-ad08-e986a31292e0,b63fae1a-caa4-4f9a-9604-52d7cff8c9bd,500000,1000000,100000,,,,,,,,,,,,00000000-0000-0000-0000-000000000001,,2026-04-08 19:12:39,2026-04-08 19:12:39
831c89ce-9646-4044-9632-91e63edb34bd,f4cec09d-2547-49fa-ba46-b389675c429d,5000000,7500000,500000,,,,,,,,,,,,00000000-0000-0000-0000-000000000001,,2026-04-08 19:12:39,2026-04-08 19:12:39
6d026f9b-aa74-46ad-a083-56b71ee96dbc,ded5e446-f2c4-47aa-bd29-91730a7739bf,,,,,,,,,,,,,,,00000000-0000-0000-0000-000000000001,,2026-04-08 19:12:39,2026-04-08 19:12:39
3ee76248-33f0-4493-b2dc-bd191192643e,a6902c41-259d-4c02-890c-9d26dbf44def,1000000,1500000,500000,,,,,,,,,,,,00000000-0000-0000-0000-000000000001,,2026-04-08 19:12:39,2026-04-08 19:12:39
acdb854a-b807-4b2d-a7e6-e37496c10640,b7d63878-614a-4693-8c99-7e3d0fbe19c0,,,,,,,,,,,,,,,00000000-0000-0000-0000-000000000001,,2026-04-08 19:12:39,2026-04-08 19:12:39
35321ec9-923b-4d60-9407-a3fe470c6632,3d73bf80-6457-439e-8cd4-5430ae98b975,200000,500000,,,,,,,,,,,,,00000000-0000-0000-0000-000000000001,,2026-04-08 19:12:39,2026-04-08 19:12:39
7cdebf33-50c2-44c9-9153-057d09b6a544,5cf59a22-393b-4156-a2b7-16c15eeaa7bf,1000000,1500000,,,,,,,,,,,,,00000000-0000-0000-0000-000000000001,,2026-04-08 19:12:39,2026-04-08 19:12:39
f72748fd-fee6-4ef6-a65b-6ac47a63ff92,4bc6f019-460b-4f53-a1ee-e195d6c6d2ba,100000,200000,50000,,,,,,,,,,,,00000000-0000-0000-0000-000000000001,,2026-04-08 19:12:39,2026-04-08 19:12:39
df48e6ef-ce68-4916-873c-3fd0639044a1,2f924aab-43e7-45fe-93d6-2eb1c6193ab7,1000000,1500000,,,,,,,,,,,,,00000000-0000-0000-0000-000000000001,,2026-04-08 19:12:39,2026-04-08 19:12:39
e5945a91-90a6-42d4-a8e7-bff30d32245e,250f66f9-35dd-44b5-8f9a-c1be3e798460,5000000,7500000,,,,,,,,,,,,,00000000-0000-0000-0000-000000000001,,2026-04-08 19:12:39,2026-04-08 19:12:39
85885d1a-0573-4cf1-a81d-a17495174a63,9b8f1b41-8380-4e75-9886-2b2c38aa6397,50000,100000,50000,,,,,,,,,,,,00000000-0000-0000-0000-000000000001,,2026-04-08 19:12:39,2026-04-08 19:12:39
d06b3167-73b1-43d8-96dc-15ac26cd854b,e9f40097-07b0-4914-9bac-82666fe10813,50000,100000,,,,,,,,,,,,,00000000-0000-0000-0000-000000000001,,2026-04-08 19:12:39,2026-04-08 19:12:39
1c82e6dc-3f2e-468e-9d26-8f131a83422e,ad81ddd4-c599-4d34-bbb9-58130ba44c4e,500000,1000000,200000,,,,,,,,,,,,00000000-0000-0000-0000-000000000001,,2026-04-08 19:12:39,2026-04-08 19:12:39
e843654e-7745-43c1-b27d-ba0db4780a0a,7f387838-b43c-4b61-845f-b2265fb3687b,1500000,2000000,200000,,,,,,,,,,,,00000000-0000-0000-0000-000000000001,,2026-04-08 19:12:39,2026-04-08 19:12:39
8258574f-5b4d-4f91-9f0f-649623c93bb3,01a72b31-72fd-4f4b-8510-4316ff2decaf,,,,,,,,,,,,,,,00000000-0000-0000-0000-000000000001,,2026-04-08 19:12:39,2026-04-08 19:12:39
4e406fc7-2628-4b13-8543-847ec47169c7,7ac0098a-aefc-448d-be62-36d3714e9fa7,3000000,4000000,1500000,,,,,,,,,,,,00000000-0000-0000-0000-000000000001,,2026-04-08 19:12:39,2026-04-08 19:12:39
fe19a659-89ba-4a4d-b8bb-8494aeae931d,18a3d7a8-0ded-414d-8ab5-bed4626a4bd1,1000000,1500000,200000,,,,,,,,,,,,00000000-0000-0000-0000-000000000001,,2026-04-08 19:12:39,2026-04-08 19:12:39
0d9d37d3-15eb-4e46-9faf-2947ad450f7b,e1f6f025-556d-4820-82dc-063bf63e0121,5000000,7500000,,,,,,,,,,,,,00000000-0000-0000-0000-000000000001,,2026-04-08 19:12:39,2026-04-08 19:12:39
84ce5a55-9bb1-440f-a44e-e7bc0c9fbdd7,6e99e9de-a3e8-4b5b-b490-5eca725bb890,1000000,1500000,50000,,,,,,,,,,,,00000000-0000-0000-0000-000000000001,,2026-04-08 19:12:39,2026-04-08 19:12:39
115f05bb-2877-499c-8d9c-91aee0c82735,a326f9a4-1e09-4af4-88d1-8e437ecc4ab0,200000,500000,50000,,,,,,,,,,,,00000000-0000-0000-0000-000000000001,,2026-04-08 19:12:39,2026-04-08 19:12:39
c5697326-c07e-4b90-a36c-5eae525dc4e6,36e2d828-121e-420a-8965-b03adc307e7c,500000,1000000,,,,,,,,,,,,,00000000-0000-0000-0000-000000000001,,2026-04-08 19:12:39,2026-04-08 19:12:39
618759a6-ebf5-4217-97ce-26e26e9b3d2d,6b0c4895-46c1-4338-a308-67d457cd2c27,50000,100000,,,,,,,,,,,,,00000000-0000-0000-0000-000000000001,,2026-04-08 19:12:39,2026-04-08 19:12:39
d9e89f2b-971d-4efa-8a33-1c5e1ebfc593,77eb3c30-4f86-455d-953c-556e71e3b5e6,500000,1000000,50000,,,,,,,,,,,,00000000-0000-0000-0000-000000000001,,2026-04-08 19:12:39,2026-04-08 19:12:39
26b5d33c-04fe-40b7-9238-61de179d464d,9baa2265-151c-4a03-bd67-c354c2955958,100000,200000,,,,,,,,,,,,,00000000-0000-0000-0000-000000000001,,2026-04-08 19:12:39,2026-04-08 19:12:39
d4a3d896-e394-479f-85e1-2a8db055a1e9,25edcefb-3ec6-4291-8de2-802223ddb0df,1500000,2000000,,,,,,,,,,,,,00000000-0000-0000-0000-000000000001,,2026-04-08 19:12:39,2026-04-08 19:12:39
6878a570-38c8-4ae7-ac56-aea65eccdba5,e6ae8cfd-5609-405d-84d0-eb2cd7dfb602,1000000,1500000,200000,,,,,,,,,,,,00000000-0000-0000-0000-000000000001,,2026-04-08 19:12:39,2026-04-08 19:12:39
239548cf-98b1-418f-8a41-ee3f06716d33,da08f848-e342-4296-9b01-88e9fd6f60c8,1000000,1500000,50000,,,,,,,,,,,,00000000-0000-0000-0000-000000000001,,2026-04-08 19:12:39,2026-04-08 19:12:39
2f943295-50e5-4bc4-a372-7ca2a71ccfda,24c57300-df31-4c78-866b-92fd3d34cc89,,,,,,,,,,,,,,,00000000-0000-0000-0000-000000000001,,2026-04-08 19:12:39,2026-04-08 19:12:39
d843b2a5-9329-4581-916b-bbf34a6fa469,06641609-8d1f-4941-b037-5ed26c8445ef,500000,1000000,50000,,,,,,,,,,,,00000000-0000-0000-0000-000000000001,,2026-04-08 19:12:39,2026-04-08 19:12:39
8bc0fa55-12ca-41c1-b3cc-5081901a7edf,56e2a6fd-0ffd-4bc1-8215-017d0f6552e2,500000,1000000,50000,,,,,,,,,,,,00000000-0000-0000-0000-000000000001,,2026-04-08 19:12:39,2026-04-08 19:12:39
02a9c1f8-bc95-44af-abdd-4d27d4c71a1e,189df847-5c96-474b-95a6-157306476b4d,,,,,,,,,,,,,,,00000000-0000-0000-0000-000000000001,,2026-04-08 19:12:39,2026-04-08 19:12:39
3a86d62c-f174-4a19-8cf2-45225876dd43,b0e1c1b0-2b80-496a-a4e9-887f327e006d,200000,500000,,,,,,,,,,,,,00000000-0000-0000-0000-000000000001,,2026-04-08 19:12:39,2026-04-08 19:12:39
ce3d158e-3db0-4a78-9a01-8e359c6bf407,32047847-ba3f-491e-88c4-c991c5daacdc,500000,1000000,200000,,,,,,,,,,,,00000000-0000-0000-0000-000000000001,,2026-04-08 19:12:39,2026-04-08 19:12:39
37da5aca-0613-4218-ab6b-e32acf95b117,2e674620-124c-48a6-8ed4-66ce3d32f744,7500000,10000000,1000000,,,,,,,,,,,,00000000-0000-0000-0000-000000000001,,2026-04-08 19:12:39,2026-04-08 19:12:39
bfb6d1f9-511a-4865-9dbf-f6023a6fdd73,b1ef131b-bcab-476d-970c-a59289f935ef,,,,,,,,,,,,,,,00000000-0000-0000-0000-000000000001,,2026-04-08 19:12:39,2026-04-08 19:12:39
c9e8323e-1974-4d5f-b83f-ea480b002586,b90e3faf-77d4-441d-88a2-67a9f4a9d03a,50000,100000,,,,,,,,,,,,,00000000-0000-0000-0000-000000000001,,2026-04-08 19:12:39,2026-04-08 19:12:39
791cdf39-a88b-47ad-adc7-c6307b22df78,66324a4a-68b1-4a0c-9f9e-0268a53f724a,,,,,,,,,,,,,,,00000000-0000-0000-0000-000000000001,,2026-04-08 19:12:39,2026-04-08 19:12:39
455bc6ed-c0f5-40f6-b8ea-1a65d841f51e,838261cd-1151-4d22-b47f-917c600c6a9f,,,,,,,,,,,,,,,00000000-0000-0000-0000-000000000001,,2026-04-08 19:12:39,2026-04-08 19:12:39
60958e8e-12c6-4d24-9d6f-9a828ba2af11,7cd5a7a0-a2b8-4ac4-a744-d726c09bb2f2,500000,1000000,200000,,,,,,,,,,,,00000000-0000-0000-0000-000000000001,,2026-04-08 19:12:39,2026-04-08 19:12:39
6144aea5-9fee-45e6-ba42-5b0025c75685,9f92ca7d-3106-4cd3-af1b-83475cc000f4,1000000,1500000,,,,,,,,,,,,,00000000-0000-0000-0000-000000000001,,2026-04-08 19:12:39,2026-04-08 19:12:39
6cd9658d-8389-4f60-90d0-16aaa3caa3bd,924a000c-fe70-41bd-87c2-52b88cdd93bc,50000,100000,,,,,,,,,,,,,00000000-0000-0000-0000-000000000001,,2026-04-08 19:12:39,2026-04-08 19:12:39
c13ac01e-e32c-4846-8ab0-1ab4bd342630,c7ec582c-9725-4ecd-8978-9753f2481d69,,,,,,,,,,,,,,,00000000-0000-0000-0000-000000000001,,2026-04-08 19:12:39,2026-04-08 19:12:39
3835e61c-76f9-4776-9039-37b16d6124b0,b9384c60-a7ef-436b-acb6-8bd3838bc60e,50000,100000,,,,,,,,,,,,,00000000-0000-0000-0000-000000000001,,2026-04-08 19:12:39,2026-04-08 19:12:39
fe798413-30b5-4ed9-9b8f-29bcc151c538,3ba35f12-ac66-4960-8ce6-88fbba3534a7,1000000,1500000,200000,,,,,,,,,,,,00000000-0000-0000-0000-000000000001,,2026-04-08 19:12:39,2026-04-08 19:12:39
86483a6f-6d44-4515-8a02-7afe74e2d7da,e6624378-4692-46ec-9109-73be35ac872d,5000000,7500000,,,,,,,,,,,,,00000000-0000-0000-0000-000000000001,,2026-04-08 19:12:39,2026-04-08 19:12:39
4a398d14-9384-475e-9a2f-0553050ac296,4d85b217-18e1-4a50-8056-bfb8e07658da,100000,200000,50000,,,,,,,,,,,,00000000-0000-0000-0000-000000000001,,2026-04-08 19:12:39,2026-04-08 19:12:39
9d139326-f98e-4ad4-b33b-47cd448e10e9,3e0192de-3758-492d-a303-21e94554e8b2,,,,,,,,,,,,,,,00000000-0000-0000-0000-000000000001,,2026-04-08 19:12:39,2026-04-08 19:12:39
4986d333-f037-4edf-9918-ce9670af21ec,2a08f1d2-7cf6-4828-8e4c-c87e4a7f5065,5000000,7500000,,,,,,,,,,,,,00000000-0000-0000-0000-000000000001,,2026-04-08 19:12:39,2026-04-08 19:12:39
434a5a17-d9aa-4b70-96a9-70c84a22b5cf,2fb23263-7912-4e25-95fa-6e731e792183,500000,1000000,,,,,,,,,,,,,00000000-0000-0000-0000-000000000001,,2026-04-08 19:12:39,2026-04-08 19:12:39
61163f6d-5e4a-48b3-ae9c-ef715db8e012,78f92764-be1d-4eec-8a7d-eaa8fb4e1733,5000000,7500000,500000,,,,,,,,,,,,00000000-0000-0000-0000-000000000001,,2026-04-08 19:12:39,2026-04-08 19:12:39
9f67610b-aeb7-4123-8890-5aa85dba0f53,e563a68e-5a9d-47da-887f-986daf7d8d20,500000,1000000,,,,,,,,,,,,,00000000-0000-0000-0000-000000000001,,2026-04-08 19:12:39,2026-04-08 19:12:39
cb667933-9167-4bc4-9e53-351ebc858cd2,d0fdb033-801b-4ae2-8097-10c1021aff96,,,,,,,,,,,,,,,00000000-0000-0000-0000-000000000001,,2026-04-08 19:12:39,2026-04-08 19:12:39
170bff7e-a825-45c6-ab9b-1332365d2d71,1b8c3826-ce49-4807-b967-b7ca4e81f2e0,200000,500000,,,,,,,,,,,,,00000000-0000-0000-0000-000000000001,,2026-04-08 19:12:39,2026-04-08 19:12:39
de2b4348-2ce9-41da-b1eb-27a2bc01ee7b,58edfc0a-63e1-411c-bac0-7f157fb165da,200000,500000,,,,,,,,,,,,,00000000-0000-0000-0000-000000000001,,2026-04-08 19:12:39,2026-04-08 19:12:39
69a3b51b-101e-4c6c-bdc6-757220fc71bf,10c97c82-1b55-4e96-b72b-a6a6c0478864,200000,500000,,,,,,,,,,,,,00000000-0000-0000-0000-000000000001,,2026-04-08 19:12:39,2026-04-08 19:12:39
be29742d-2965-4f55-aede-2b8d69159707,a70a8b5b-6da2-49ad-87c6-08dd6fa5b76f,2000000,3000000,,,,,,,,,,,,,00000000-0000-0000-0000-000000000001,,2026-04-08 19:12:39,2026-04-08 19:12:39
d302a7a2-3097-4f5d-83ec-8548ec1d2553,409eb261-d477-4627-a2ef-0aaa69ea5f4c,200000,500000,200000,,,,,,,,,,,,00000000-0000-0000-0000-000000000001,,2026-04-08 19:12:39,2026-04-08 19:12:39
e1b64178-f508-40b2-9a27-98f7fa29d32e,82f8495d-2b15-4fb0-ba3d-481bb33eef2c,500000,1000000,500000,,,,,,,,,,,,00000000-0000-0000-0000-000000000001,,2026-04-08 19:12:39,2026-04-08 19:12:39
5a35a211-feea-4d5f-b876-2d1ec26c72ac,5e26a2f7-46e4-45ee-b74a-99adc60cf62f,50000,100000,50000,,,,,,,,,,,,00000000-0000-0000-0000-000000000001,,2026-04-08 19:12:39,2026-04-08 19:12:39
d86fae86-aa3c-48ca-86f3-6a351fb80aca,dc4fded0-7ced-4568-809c-0e9b214ea771,,,,,,,,,,,,,,,00000000-0000-0000-0000-000000000001,,2026-04-08 19:12:39,2026-04-08 19:12:39
3deb3e45-ab0c-4321-8418-ab9b675735a5,281d6596-487c-40cb-b1e6-7b75817e2dd6,500000,1000000,50000,,,,,,,,,,,,00000000-0000-0000-0000-000000000001,,2026-04-08 19:12:39,2026-04-08 19:12:39
b8934f9b-a271-4261-bf12-832f9d1672e4,5a81ef5b-bbf7-4f82-82c5-f4afe94adfd9,500000,1000000,50000,,,,,,,,,,,,00000000-0000-0000-0000-000000000001,,2026-04-08 19:12:39,2026-04-08 19:12:39
9d98d6a3-9f56-414a-9d09-4ea9c91f9161,f1b3d902-3616-4702-855e-d9b961c10cab,2000000,3000000,200000,,,,,,,,,,,,00000000-0000-0000-0000-000000000001,,2026-04-08 19:12:39,2026-04-08 19:12:39
bcba0c64-e639-419f-90c8-5d1c5cdd70ac,8df69cdd-2574-4f8d-a786-e16d9612e34d,20000000,50000000,,,,,,,,,,,,,00000000-0000-0000-0000-000000000001,,2026-04-08 19:12:39,2026-04-08 19:12:39
4547cb70-6ece-4f32-bdad-4f55e1da248d,1ec1c717-a08f-4a2c-9c1d-4258c80a42eb,200000,500000,50000,,,,,,,,,,,,00000000-0000-0000-0000-000000000001,,2026-04-08 19:12:39,2026-04-08 19:12:39
cd33a26c-81d7-4d67-a978-74a84331eaf3,4bcfa857-b242-41a7-a67f-38879772b395,,,,,,,,,,,,,,,00000000-0000-0000-0000-000000000001,,2026-04-08 19:12:39,2026-04-08 19:12:39
4a34d804-1ad4-46ad-89a9-1a5890532501,d45394e6-ef00-4927-a611-db808e09f64a,50000,100000,50000,,,,,,,,,,,,00000000-0000-0000-0000-000000000001,,2026-04-08 19:12:39,2026-04-08 19:12:39
adb87701-336a-4f82-98d1-05e02676f3ee,d606ac04-95ec-469a-8fce-1bc8aa070951,200000,500000,100000,,,,,,,,,,,,00000000-0000-0000-0000-000000000001,,2026-04-08 19:12:39,2026-04-08 19:12:39
341b3eb5-7c51-4fa8-b769-fc6e3d974434,f536a6f7-a39a-426d-8e0e-10a067b859b9,4000000,5000000,1000000,,,,,,,,,,,,00000000-0000-0000-0000-000000000001,,2026-04-08 19:12:39,2026-04-08 19:12:39
eaac7761-2a7c-4c21-9d8a-5db43325914c,77e459d0-0690-4a80-afc6-86265f45f51e,500000,1000000,,,,,,,,,,,,,00000000-0000-0000-0000-000000000001,,2026-04-08 19:12:39,2026-04-08 19:12:39
40285bcc-1c8e-4afd-bb45-538524f2d1b5,467feecc-efae-44fa-bd8c-f63656861b07,,,,,,,,,,,,,,,00000000-0000-0000-0000-000000000001,,2026-04-08 19:12:39,2026-04-08 19:12:39
d059da3b-bbd7-4d28-b927-deaa163671e6,892deab2-2df3-4670-934b-dab9b16c7b8b,500000,1000000,,,,,,,,,,,,,00000000-0000-0000-0000-000000000001,,2026-04-08 19:12:39,2026-04-08 19:12:39
efdf3b85-a6fc-43d2-90a0-0f3714314487,c5f1a4c2-1e09-4c96-a420-bf09f6a0c503,,,,,,,,,,,,,,,00000000-0000-0000-0000-000000000001,,2026-04-08 19:12:39,2026-04-08 19:12:39
3d3b54da-39da-40dc-b802-8fb63f4f0adf,58c158cd-4f87-4139-b1de-256940ae0308,,,,,,,,,,,,,,,00000000-0000-0000-0000-000000000001,,2026-04-08 19:12:39,2026-04-08 19:12:39
b3b2d6cf-c330-418d-b435-9443d7dbc8ca,e7db9645-fbfb-4a9b-969c-6ffc85300761,2000000,3000000,,,,,,,,,,,,,00000000-0000-0000-0000-000000000001,,2026-04-08 19:12:39,2026-04-08 19:12:39
b9216027-7d61-4266-88b1-b4f89d4b7034,3d10c021-e813-4c02-923d-333adc836188,500000,1000000,200000,,,,,,,,,,,,00000000-0000-0000-0000-000000000001,,2026-04-08 19:12:39,2026-04-08 19:12:39
2ce582a9-fb67-4f99-8e76-03a47800a0e5,97c8b98e-a26d-49c3-8a51-4ffa43077a53,1000000,1500000,200000,,,,,,,,,,,,00000000-0000-0000-0000-000000000001,,2026-04-08 19:12:39,2026-04-08 19:12:39
708085d2-8769-435d-99b5-66df52b8057b,e0e87c08-ef81-48f2-81ea-628a50037ea6,200000,500000,,,,,,,,,,,,,00000000-0000-0000-0000-000000000001,,2026-04-08 19:12:39,2026-04-08 19:12:39
1b61504f-0757-4cd8-bf01-073fe837cc02,84196b02-243d-4d01-9dac-a48c3a038ae7,200000,500000,100000,,,,,,,,,,,,00000000-0000-0000-0000-000000000001,,2026-04-08 19:12:39,2026-04-08 19:12:39
9643d84e-01fd-473f-8c5e-cb99d3960182,444ba78a-80de-41b3-be3c-af8b7e606160,200000,500000,200000,,,,,,,,,,,,00000000-0000-0000-0000-000000000001,,2026-04-08 19:12:39,2026-04-08 19:12:39
ec561d25-400e-4a2a-93f8-6bdc29a43cf9,61b25946-074b-45ca-9423-1818f099fb2d,100000,200000,50000,,,,,,,,,,,,00000000-0000-0000-0000-000000000001,,2026-04-08 19:12:39,2026-04-08 19:12:39
6f0b7c4d-154b-4b7a-aed3-729f1f13304c,210d63e7-5247-4030-9110-6f9f51e9e505,500000,1000000,,,,,,,,,,,,,00000000-0000-0000-0000-000000000001,,2026-04-08 19:12:39,2026-04-08 19:12:39
543a233b-d84a-4f74-b582-915c98ad2786,809da34b-95f5-4ff0-8784-5ed6625db24c,50000,100000,,,,,,,,,,,,,00000000-0000-0000-0000-000000000001,,2026-04-08 19:12:39,2026-04-08 19:12:39
8f5a71b3-e6b5-4d11-8b50-9ad7206c5b08,9317be9f-53b5-4b12-ba41-a3df2308a4ef,1500000,2000000,200000,,,,,,,,,,,,00000000-0000-0000-0000-000000000001,,2026-04-08 19:12:39,2026-04-08 19:12:39
44afffab-5b7d-48d6-8fe6-292589be7c96,19b0bd50-e8dc-4c7d-b4db-b18fda0ac22e,2000000,3000000,500000,,,,,,,,,,,,00000000-0000-0000-0000-000000000001,,2026-04-08 19:12:39,2026-04-08 19:12:39
528ea150-e093-4049-ab2b-c1b37fc4fa07,ee845faa-8b52-4363-bc0b-30ea5ff5fbf5,50000000,100000000,100000,,,,,,,,,,,,00000000-0000-0000-0000-000000000001,,2026-04-08 19:12:39,2026-04-08 19:12:39
d329225c-b4b9-4154-b953-93c1b208ef97,f3833f32-fc8d-4ee9-ac05-7a04c5c06c52,3000000,4000000,100000,,,,,,,,,,,,00000000-0000-0000-0000-000000000001,,2026-04-08 19:12:39,2026-04-08 19:12:39
303cd0aa-615d-45cd-b2c0-3968175b5104,0fa5f493-d64c-4a8e-9cab-e3d628b135ce,2000000,3000000,,,,,,,,,,,,,00000000-0000-0000-0000-000000000001,,2026-04-08 19:12:39,2026-04-08 19:12:39
7c695b7d-e127-456b-9516-8c5222c0fa54,12e776c6-ee80-4c1a-8d30-020603c47614,50000,100000,,,,,,,,,,,,,00000000-0000-0000-0000-000000000001,,2026-04-08 19:12:39,2026-04-08 19:12:39
a84e8ccd-0b0d-45dd-83cc-108c61851d6c,9bf37622-e59c-4760-8635-33ac941ed453,4000000,5000000,500000,,,,,,,,,,,,00000000-0000-0000-0000-000000000001,,2026-04-08 19:12:39,2026-04-08 19:12:39
26d66994-92e3-4782-b238-ad1647b752f6,e3933e0f-40bf-4f1c-ba14-6808e2fd2af7,50000,100000,50000,,,,,,,,,,,,00000000-0000-0000-0000-000000000001,,2026-04-08 19:12:39,2026-04-08 19:12:39
b9b47924-4251-43b6-9e3e-045904333547,2f3ec754-b9c2-4421-8ea0-2cd9d55bb57c,50000,100000,50000,,,,,,,,,,,,00000000-0000-0000-0000-000000000001,,2026-04-08 19:12:39,2026-04-08 19:12:39
0566647e-b41f-4f6c-9a07-951990abd767,ed46ea93-2a25-4066-8471-7c67c67eab60,50000,100000,,,,,,,,,,,,,00000000-0000-0000-0000-000000000001,,2026-04-08 19:12:39,2026-04-08 19:12:39
fcf91498-31f7-42f3-b1a2-66673e80eb5e,fa8a92c1-0be8-4b1c-8457-aa690123386f,,,,,,,,,,,,,,,00000000-0000-0000-0000-000000000001,,2026-04-08 19:12:39,2026-04-08 19:12:39
90308bbd-1dd4-49c0-9975-e9057426f849,6e81fac4-ac6f-4964-b18b-50c516c30615,,,,,,,,,,,,,,,00000000-0000-0000-0000-000000000001,,2026-04-08 19:12:39,2026-04-08 19:12:39
2b3b9801-9a73-4143-ace1-c39adcf8b193,72555933-3b76-4ad3-bcf5-4ea806655e19,100000,200000,,,,,,,,,,,,,00000000-0000-0000-0000-000000000001,,2026-04-08 19:12:39,2026-04-08 19:12:39
e4e818bf-62a5-4490-b143-600acbe762eb,f2d01da9-1eb6-40bf-abe5-884dd6a4b490,2000000,3000000,,,,,,,,,,,,,00000000-0000-0000-0000-000000000001,,2026-04-08 19:12:39,2026-04-08 19:12:39
b521fe30-00d8-48f5-8880-d99b0f79b8ec,e8d75551-b5ab-42da-a421-2ffd21919ce7,500000,1000000,50000,,,,,,,,,,,,00000000-0000-0000-0000-000000000001,,2026-04-08 19:12:39,2026-04-08 19:12:39
6b626e5d-0c01-42bb-a7ca-ac602590618e,cb2c70d3-9162-4edd-a5bf-c14837dc133e,500000,1000000,,,,,,,,,,,,,00000000-0000-0000-0000-000000000001,,2026-04-08 19:12:39,2026-04-08 19:12:39
578cae10-1cac-4008-9c24-afb8ffa579be,28a2aa35-ceeb-4fbc-a1d4-12ceacbf1d10,100000,200000,50000,,,,,,,,,,,,00000000-0000-0000-0000-000000000001,,2026-04-08 19:12:39,2026-04-08 19:12:39
32b44ff0-ee03-4702-80f5-e9f28c5fa02a,2dd75aab-eb64-4000-80e7-badc42e1e87c,7500000,10000000,500000,,,,,,,,,,,,00000000-0000-0000-0000-000000000001,,2026-04-08 19:12:39,2026-04-08 19:12:39
01ef3da6-ddcb-4f86-abaa-ce6ac5b62b10,09ba138b-ffb3-4dfa-b746-0f41d40bc4e6,,,,,,,,,,,,,,,00000000-0000-0000-0000-000000000001,,2026-04-08 19:12:39,2026-04-08 19:12:39
301eaec9-d335-490e-87a8-03e3119d086c,c2d91b52-034b-49b9-b905-693c3165e5ec,500000,1000000,50000,,,,,,,,,,,,00000000-0000-0000-0000-000000000001,,2026-04-08 19:12:39,2026-04-08 19:12:39
39dffab1-ff0d-41c6-801e-1ff685fb85e3,fb659c48-d538-4863-9a7e-ba6d126b02c8,200000,500000,100000,,,,,,,,,,,,00000000-0000-0000-0000-000000000001,,2026-04-08 19:12:39,2026-04-08 19:12:39
1dd72eaf-011a-4e82-b654-ca1d0693d459,d838816a-83aa-4c1c-a4ee-510f3fb53ae3,200000,500000,50000,,,,,,,,,,,,00000000-0000-0000-0000-000000000001,,2026-04-08 19:12:39,2026-04-08 19:12:39
23acbcd2-e08d-4610-9b49-c384623b15a0,599c516d-81b2-4582-8448-d4c1f3bd6277,100000,200000,,,,,,,,,,,,,00000000-0000-0000-0000-000000000001,,2026-04-08 19:12:39,2026-04-08 19:12:39
b79fd41c-a0d8-4ef6-aee5-6ce67ea0f9e6,3e613ff2-228f-4f34-aad7-c3debe844166,500000,1000000,100000,,,,,,,,,,,,00000000-0000-0000-0000-000000000001,,2026-04-08 19:12:39,2026-04-08 19:12:39
eb4981a8-afe2-4dc8-8471-231bfe09cf9b,08852d4d-981c-44b8-bb54-8b540d859140,,,,,,,,,,,,,,,00000000-0000-0000-0000-000000000001,,2026-04-08 19:12:39,2026-04-08 19:12:39
0f380391-c028-4f5b-8633-bec3af4d9849,57bb483c-68bb-4275-8657-a894bc3beff4,50000,100000,,,,,,,,,,,,,00000000-0000-0000-0000-000000000001,,2026-04-08 19:12:39,2026-04-08 19:12:39
eaa10980-dc25-41e0-b428-c8acbf784766,89246480-75d4-4c5e-8df0-fd8a8fc54c74,200000,500000,200000,,,,,,,,,,,,00000000-0000-0000-0000-000000000001,,2026-04-08 19:12:39,2026-04-08 19:12:39
d7706bed-ad3a-440d-b074-34751453afa9,0477ef0e-8f4f-43d4-942f-281aa0919cbe,50000,100000,50000,,,,,,,,,,,,00000000-0000-0000-0000-000000000001,,2026-04-08 19:12:39,2026-04-08 19:12:39
35dd13ae-bd2c-4391-87f0-e1ad7874c79c,348ac824-d296-4c99-9b4a-655ab1a115b5,50000,100000,50000,,,,,,,,,,,,00000000-0000-0000-0000-000000000001,,2026-04-08 19:12:39,2026-04-08 19:12:39
3a6b4d22-f5ea-4cd5-9d50-1c83b8d222ce,a1c5a0c5-b832-46d4-983f-f0bcaabb606a,200000,500000,,,,,,,,,,,,,00000000-0000-0000-0000-000000000001,,2026-04-08 19:12:39,2026-04-08 19:12:39
7755449c-3763-4444-a751-488cd3b13f5c,1f49b55c-a12d-4dc6-833e-bb26df2c57c4,1000000,1500000,,,,,,,,,,,,,00000000-0000-0000-0000-000000000001,,2026-04-08 19:12:39,2026-04-08 19:12:39
cd3ae131-3408-4276-ac2a-e0f1db4c336b,9b7f8fe8-0ad8-43bd-a567-b363f1cedca7,,,,,,,,,,,,,,,00000000-0000-0000-0000-000000000001,,2026-04-08 19:12:39,2026-04-08 19:12:39
d4df76cc-e982-477a-99cc-626f85d39fda,19893165-8e50-43b9-9d33-16a486c987c6,500000,1000000,200000,,,,,,,,,,,,00000000-0000-0000-0000-000000000001,,2026-04-08 19:12:39,2026-04-08 19:12:39
1ffd85b7-699b-4306-bbab-87ff83ebbf77,c29160cb-64aa-4ea3-8154-3ec56586ae4b,7500000,10000000,,,,,,,,,,,,,00000000-0000-0000-0000-000000000001,,2026-04-08 19:12:39,2026-04-08 19:12:39
a4c9bcae-41b5-43a5-b841-ff58ac045cac,f825ada0-f526-4707-b48c-b1667d89d6df,200000,500000,50000,,,,,,,,,,,,00000000-0000-0000-0000-000000000001,,2026-04-08 19:12:39,2026-04-08 19:12:39
33ff43db-fcae-4745-bf93-ea0862cfa0a6,fc23f926-6846-47ec-b5aa-076a339f5bdc,,,,,,,,,,,,,,,00000000-0000-0000-0000-000000000001,,2026-04-08 19:12:39,2026-04-08 19:12:39
0aa63e64-ff98-43cc-b4a8-ab5a87785899,68b8afe5-7bc9-4ce4-bde3-8ba9b50f60a3,100000,200000,50000,,,,,,,,,,,,00000000-0000-0000-0000-000000000001,,2026-04-08 19:12:39,2026-04-08 19:12:39
9ef35477-a8d1-4065-97df-c0977dccfade,aaa9c8ee-434d-4720-b1f1-136f181acb01,1000000,1500000,1000000,,,,,,,,,,,,00000000-0000-0000-0000-000000000001,,2026-04-08 19:12:39,2026-04-08 19:12:39
21e32f9d-d7d1-4c0d-8177-38f59f9da842,1752b46d-3ca0-49f5-bb87-2a20caec03d8,3000000,4000000,1500000,,,,,,,,,,,,00000000-0000-0000-0000-000000000001,,2026-04-08 19:12:39,2026-04-08 19:12:39
b20cb933-afc1-4509-8fe1-5eaa23d657af,1ba006ac-3aa6-48e0-b881-b1fff1b3d38d,500000,1000000,100000,,,,,,,,,,,,00000000-0000-0000-0000-000000000001,,2026-04-08 19:12:39,2026-04-08 19:12:39
fb5d0f05-c0df-4dee-aacf-6fa4ac0eaddc,3e5098d9-89d9-4bf2-9ac8-9d202e9e0255,2000000,3000000,500000,,,,,,,,,,,,00000000-0000-0000-0000-000000000001,,2026-04-08 19:12:39,2026-04-08 19:12:39
d388a9c2-7154-402d-a43d-720b0634d0f9,fb8fc840-214b-4664-8153-fced838f804b,3000000,4000000,500000,,,,,,,,,,,,00000000-0000-0000-0000-000000000001,,2026-04-08 19:12:39,2026-04-08 19:12:39
5c9742a0-43bc-421e-ae18-e90489e64832,fd04f023-cff0-47a7-978b-8e75a9f7a2a2,500000,1000000,200000,,,,,,,,,,,,00000000-0000-0000-0000-000000000001,,2026-04-08 19:12:39,2026-04-08 19:12:39
b22c86ca-3e9c-4754-9c3c-46cd5bca2966,b5fae857-14b4-4aad-9d05-5b488428777e,100000,200000,50000,,,,,,,,,,,,00000000-0000-0000-0000-000000000001,,2026-04-08 19:12:39,2026-04-08 19:12:39
aca2c747-85ae-4dd2-83ae-eb979f319a8d,255ef205-498d-4770-a845-c9e06ff20186,1000000,1500000,3000000,,,,,,,,,,,,00000000-0000-0000-0000-000000000001,,2026-04-08 19:12:39,2026-04-08 19:12:39
820d4290-e9d0-446b-bde5-ad5a56e6ef8b,a6f8b3fd-dfb8-4876-b135-d278efb6f1f3,50000,100000,,,,,,,,,,,,,00000000-0000-0000-0000-000000000001,,2026-04-08 19:12:39,2026-04-08 19:12:39
32f04ab1-3cc5-4534-b19b-435c71342f50,28352a48-a948-4a0e-bf2c-da3f6b4a0b55,1500000,2000000,200000,,,,,,,,,,,,00000000-0000-0000-0000-000000000001,,2026-04-08 19:12:39,2026-04-08 19:12:39
b4f6606f-c08c-4e05-b849-05c8de298f1f,e07a504e-14ee-47b4-948e-a4eac52c262f,200000,500000,,,,,,,,,,,,,00000000-0000-0000-0000-000000000001,,2026-04-08 19:12:39,2026-04-08 19:12:39
504a40fc-31ad-4bf7-b44b-7bc8e9a852b7,c4b3a8b2-5058-4cfb-925d-88ec95ffd834,500000,1000000,50000,,,,,,,,,,,,00000000-0000-0000-0000-000000000001,,2026-04-08 19:12:39,2026-04-08 19:12:39
c50a965f-2fe0-4d18-9c20-7cd5fa1d0577,7c806aa1-be04-475f-bdac-ce68d996a38f,200000,200000,,,,,,,,,,,,,00000000-0000-0000-0000-000000000001,,2026-04-08 19:12:39,2026-04-08 19:12:39
664c4d7c-67d3-42f0-a675-5ab29c288379,dc685106-c76a-43b2-8814-ddcad924d2a3,100000,200000,50000,,,,,,,,,,,,00000000-0000-0000-0000-000000000001,,2026-04-08 19:12:39,2026-04-08 19:12:39
4af69070-a785-4ee6-a153-8bedf7373bdc,848a2b5b-4768-48c4-834b-36abf351f26f,1000000,1500000,,,,,,,,,,,,,00000000-0000-0000-0000-000000000001,,2026-04-08 19:12:39,2026-04-08 19:12:39
d9850e85-e318-49e7-9642-45073b3e9d1c,eb7135a4-99e2-4475-ba88-ef1866ddd5d7,500000,1000000,200000,,,,,,,,,,,,00000000-0000-0000-0000-000000000001,,2026-04-08 19:12:39,2026-04-08 19:12:39
21d875f1-b2ef-4ddf-b5f9-740a8391573f,c831b445-7049-447f-a707-e90c80aa8f0b,2000000,3000000,100000,,,,,,,,,,,,00000000-0000-0000-0000-000000000001,,2026-04-08 19:12:39,2026-04-08 19:12:39
5df35159-16aa-4e05-b105-2a9f202bd465,3444da02-3477-4daf-a390-67d2d5620cf7,100000,200000,50000,,,,,,,,,,,,00000000-0000-0000-0000-000000000001,,2026-04-08 19:12:39,2026-04-08 19:12:39
d90cf1fa-552a-46af-8fd5-6a81b3eaa5b3,5d4b78a4-9190-408b-9f89-3218c6ab1ef2,500000,1000000,100000,,,,,,,,,,,,00000000-0000-0000-0000-000000000001,,2026-04-08 19:12:39,2026-04-08 19:12:39
3b40f314-9838-486f-8aae-d06090d01e1b,df15ab03-7a49-4c40-afe0-8daf44d15a62,500000,1000000,100000,,,,,,,,,,,,00000000-0000-0000-0000-000000000001,,2026-04-08 19:12:39,2026-04-08 19:12:39
abcecbb3-5493-411c-9e11-db19996f869c,1b0e5fbe-4640-4a9d-879c-72cc1c9aa4a0,50000,100000,50000,,,,,,,,,,,,00000000-0000-0000-0000-000000000001,,2026-04-08 19:12:39,2026-04-08 19:12:39
d6c9debd-2c4c-4da3-93d6-f4c6a2835bc5,d8532fc5-48d7-4fb5-ba8f-5d53cfa0d3ae,1500000,2000000,50000,,,,,,,,,,,,00000000-0000-0000-0000-000000000001,,2026-04-08 19:12:39,2026-04-08 19:12:39
2d69e831-df64-4571-810a-0582db21c423,9cffba2f-44b8-4b28-8571-47172ea9a198,,,,,,,,,,,,,,,00000000-0000-0000-0000-000000000001,,2026-04-08 19:12:39,2026-04-08 19:12:39
46b99a66-73e7-4eb3-b6bf-11c3da990e52,1304086e-f88f-40be-8d2b-4ae7b103d67e,1500000,2000000,200000,,,,,,,,,,,,00000000-0000-0000-0000-000000000001,,2026-04-08 19:12:39,2026-04-08 19:12:39
27b780ce-2b06-41ad-a410-89a8674c5308,1a625c4b-3c69-4474-bf5a-157916c79b29,500000,1000000,200000,,,,,,,,,,,,00000000-0000-0000-0000-000000000001,,2026-04-08 19:12:39,2026-04-08 19:12:39
61b2f9a8-41e4-445a-aaa2-41422b5446fb,49f6affd-baf6-4627-af9b-8013880bdc42,1500000,2000000,200000,,,,,,,,,,,,00000000-0000-0000-0000-000000000001,,2026-04-08 19:12:39,2026-04-08 19:12:39
e81a9b5a-1a7e-427b-b26f-e695bf61c4ea,859fa1e2-246c-4479-9743-68db1ae44794,3000000,4000000,500000,,,,,,,,,,,,00000000-0000-0000-0000-000000000001,,2026-04-08 19:12:39,2026-04-08 19:12:39
ee7ea4f3-69f1-4d6c-9a95-e79c441287aa,52b1540b-d098-4eac-9191-54e03dbf6d7d,3000000,4000000,,,,,,,,,,,,,00000000-0000-0000-0000-000000000001,,2026-04-08 19:12:39,2026-04-08 19:12:39
0fc065c0-5f89-4026-82a1-ef1edd1e16bc,57c7c802-b87f-4d3b-9970-7aced5e4b9ef,500000,1000000,50000,,,,,,,,,,,,00000000-0000-0000-0000-000000000001,,2026-04-08 19:12:39,2026-04-08 19:12:39
363a8c75-ac76-4a47-829f-121693a60fd3,55535d31-096c-43f2-b6a1-cb814b62af2d,,,,,,,,,,,,,,,00000000-0000-0000-0000-000000000001,,2026-04-08 19:12:39,2026-04-08 19:12:39
8b85b9f7-c728-4d05-8c85-fdfe0b63a605,2c69320a-a686-4fcf-a618-9fd595f0cac8,500000,1000000,200000,,,,,,,,,,,,00000000-0000-0000-0000-000000000001,,2026-04-08 19:12:39,2026-04-08 19:12:39
818f4337-ca6e-4675-bdc0-e2bd626076cf,4d31d3ff-3ed8-4910-897a-dd602ad8ccbe,500000,1000000,200000,,,,,,,,,,,,00000000-0000-0000-0000-000000000001,,2026-04-08 19:12:39,2026-04-08 19:12:39
ebb6b201-97dc-449a-b1e6-e9dc06e99894,1dd34dc1-1e74-4a4a-919d-28b297809af9,,,,,,,,,,,,,,,00000000-0000-0000-0000-000000000001,,2026-04-08 19:12:39,2026-04-08 19:12:39
1a8c622f-6930-421e-a5a7-335648a93967,c5795cb5-b992-4247-a0e9-445a2bdcf8d5,200000,500000,,,,,,,,,,,,,00000000-0000-0000-0000-000000000001,,2026-04-08 19:12:39,2026-04-08 19:12:39
9752d8d0-1729-4b18-83fd-d14336cd9d3f,95c5e851-bc50-4fdb-973c-b51313621c15,500000,1000000,200000,,,,,,,,,,,,00000000-0000-0000-0000-000000000001,,2026-04-08 19:12:39,2026-04-08 19:12:39
5fbd785b-050f-43ee-9954-007d1a720af6,f6a17497-2dc2-4617-975f-9d1bd157c51d,500000,1000000,50000,,,,,,,,,,,,00000000-0000-0000-0000-000000000001,,2026-04-08 19:12:39,2026-04-08 19:12:39
02f08098-9c45-471e-9154-303bb68fe904,c1ff38f5-1ed5-48ad-95a1-fd45936c7a72,500000,1000000,200000,,,,,,,,,,,,00000000-0000-0000-0000-000000000001,,2026-04-08 19:12:39,2026-04-08 19:12:39
e7fed676-3d93-4293-b2d2-46cace2a2a91,875c1907-adbe-41ba-80d9-61c69ac37baf,,,,,,,,,,,,,,,00000000-0000-0000-0000-000000000001,,2026-04-08 19:12:39,2026-04-08 19:12:39
3a6bc011-4d02-40a7-8093-62157de04a5f,fa6f791e-f7fe-458e-a88e-e6338b8672f9,1500000,2000000,1500000,,,,,,,,,,,,00000000-0000-0000-0000-000000000001,,2026-04-08 19:12:39,2026-04-08 19:12:39
82b792c6-0537-4234-8dcd-8ecf5f6a86e5,5a1dc645-113a-4aab-8c40-b070d3532492,7500000,10000000,1000000,,,,,,,,,,,,00000000-0000-0000-0000-000000000001,,2026-04-08 19:12:39,2026-04-08 19:12:39
33f5e087-189b-47d9-bec6-42dc2ef8f2b1,92a960b4-c10c-430b-b446-8ce4a261a6cb,500000,1000000,2000000,,,,,,,,,,,,00000000-0000-0000-0000-000000000001,,2026-04-08 19:12:39,2026-04-08 19:12:39
459d4efc-a4d3-4782-992d-42ca4b0c5c23,4812b1a7-e708-4ec5-9bfe-8ce84e76b4ea,500000,1000000,200000,,,,,,,,,,,,00000000-0000-0000-0000-000000000001,,2026-04-08 19:12:39,2026-04-08 19:12:39
fe44e371-d5ed-468b-890b-8de0a5f65957,f102f818-0f5b-4d15-b691-2cd73a366e02,,,,,,,,,,,,,,,00000000-0000-0000-0000-000000000001,,2026-04-08 19:12:39,2026-04-08 19:12:39
13ba8b8f-d69f-4625-a8d3-dde6cf120dce,85f946bc-7810-42eb-bd6a-435977a86c95,,,,,,,,,,,,,,,00000000-0000-0000-0000-000000000001,,2026-04-08 19:12:39,2026-04-08 19:12:39
6a358cd1-111d-470a-aba6-efa25c260306,881ee067-a0fd-412a-b276-1bd24b7775c5,200000,500000,,,,,,,,,,,,,00000000-0000-0000-0000-000000000001,,2026-04-08 19:12:39,2026-04-08 19:12:39
0fce0bf0-0ed9-4a6f-b007-c9350048e92c,059b071e-862b-496c-9bb2-abaeac1e88d0,500000,1000000,50000,,,,,,,,,,,,00000000-0000-0000-0000-000000000001,,2026-04-08 19:12:39,2026-04-08 19:12:39
fd367492-2271-47c8-a7a7-d8eea403412c,5c68f7ba-3aeb-42df-ada2-7cdeefffacd3,,,,,,,,,,,,,,,00000000-0000-0000-0000-000000000001,,2026-04-08 19:12:39,2026-04-08 19:12:39
3d20da8e-2c48-4382-a3ce-d5dd014700ce,911443a9-303e-4426-90b6-7da80d9af9bc,1500000,2000000,100000,,,,,,,,,,,,00000000-0000-0000-0000-000000000001,,2026-04-08 19:12:39,2026-04-08 19:12:39
dbf34f67-b369-49c5-a45c-dbc978b48d79,b1b7e99b-4665-45c7-abf5-c0c69214ebcc,,,,,,,,,,,,,,,00000000-0000-0000-0000-000000000001,,2026-04-08 19:12:39,2026-04-08 19:12:39
a59decf6-db9e-4c69-a2cc-05f3d9949f8e,b32e0c70-fda7-4571-9e43-fca169e84bbe,,,,,,,,,,,,,,,00000000-0000-0000-0000-000000000001,,2026-04-08 19:12:39,2026-04-08 19:12:39
8db23cc7-f7e5-4b87-8621-b4d08904c127,161754d0-4251-4efd-a7e2-0d0e96c4fd36,500000,1000000,200000,,,,,,,,,,,,00000000-0000-0000-0000-000000000001,,2026-04-08 19:12:39,2026-04-08 19:12:39
4ec3a114-01f6-4b8a-9c09-6314ffe279f0,26368137-e4b6-44b1-8524-864985dd1c00,4000000,5000000,,,,,,,,,,,,,00000000-0000-0000-0000-000000000001,,2026-04-08 19:12:39,2026-04-08 19:12:39
e897275a-2748-42e1-a77f-2630be0e9006,111c85e3-9df3-4a04-b3c8-40cc4c8f2eb1,200000,500000,100000,,,,,,,,,,,,00000000-0000-0000-0000-000000000001,,2026-04-08 19:12:39,2026-04-08 19:12:39
298d33e7-65fc-43d8-aa9f-a5814050de67,fe36ef4f-7ee8-46aa-b89c-b3c9b7f3982a,,,,,,,,,,,,,,,00000000-0000-0000-0000-000000000001,,2026-04-08 19:12:39,2026-04-08 19:12:39
8a7a0969-4082-4c2a-a146-e31056e72eb5,c363e89c-5600-4d18-a69e-82def6231b38,200000,500000,50000,,,,,,,,,,,,00000000-0000-0000-0000-000000000001,,2026-04-08 19:12:39,2026-04-08 19:12:39
fce2d751-80a9-483f-9ba4-10c6f30de67b,b65ce8ee-0aed-4adf-928c-f051096986f6,50000,100000,50000,,,,,,,,,,,,00000000-0000-0000-0000-000000000001,,2026-04-08 19:12:39,2026-04-08 19:12:39
ef631a53-f233-4e53-8a69-853714ddcf3c,6d3c1888-06af-42cb-8f6d-bd51a2fc9ac8,,,,,,,,,,,,,,,00000000-0000-0000-0000-000000000001,,2026-04-08 19:12:39,2026-04-08 19:12:39
1cdf84fc-cd4e-4520-9056-e94c186aeb24,d8e8dfe7-f2c1-4f15-adb7-ff48ea44f3d0,500000,1000000,200000,,,,,,,,,,,,00000000-0000-0000-0000-000000000001,,2026-04-08 19:12:39,2026-04-08 19:12:39
8c93aec1-6c2e-4202-b587-7232f6481874,6347c074-8a81-419e-bb5a-16b6d0496823,1500000,2000000,200000,,,,,,,,,,,,00000000-0000-0000-0000-000000000001,,2026-04-08 19:12:39,2026-04-08 19:12:39
ec6a76d9-d63d-45d2-8b8a-8b0c60feb320,fbea76eb-7d0e-47de-9fa0-882b849fa833,500000,1000000,200000,,,,,,,,,,,,00000000-0000-0000-0000-000000000001,,2026-04-08 19:12:39,2026-04-08 19:12:39
aac896b3-7fa6-42d6-ae72-2238fd68321c,6bb127d0-0d68-405e-8ab2-a54c46d8cd41,2000000,3000000,50000,,,,,,,,,,,,00000000-0000-0000-0000-000000000001,,2026-04-08 19:12:39,2026-04-08 19:12:39
d053d716-1909-4f54-b6a7-9cb155f93af9,070b7c45-7cfb-4705-829f-d651a25a9478,1500000,2000000,50000,,,,,,,,,,,,00000000-0000-0000-0000-000000000001,,2026-04-08 19:12:39,2026-04-08 19:12:39
ff1680fa-33f5-4979-b197-7697d68d3d93,00aa0a73-c430-43d5-8d30-c60a92d498e1,100000,200000,,,,,,,,,,,,,00000000-0000-0000-0000-000000000001,,2026-04-08 19:12:39,2026-04-08 19:12:39
055572f4-8711-4641-861c-51b5a2e89b84,19358bc3-94dd-4584-8f93-6c784b5c4c56,100000,200000,,,,,,,,,,,,,00000000-0000-0000-0000-000000000001,,2026-04-08 19:12:39,2026-04-08 19:12:39
f61bb0c4-05f7-4558-8d5f-bcd7c56222a7,8ebbce63-0dcd-41ff-ab3a-1860f4fe2eed,,,,,,,,,,,,,,,00000000-0000-0000-0000-000000000001,,2026-04-08 19:12:39,2026-04-08 19:12:39
dddb0233-a4a5-4314-b96a-e81530407b5d,6a3cdf00-6328-4046-acf8-abc0e2062e85,100000,200000,100000,,,,,,,,,,,,00000000-0000-0000-0000-000000000001,,2026-04-08 19:12:39,2026-04-08 19:12:39
c16c40f0-36d7-4e08-99a5-408f06ebc6c1,01a222de-3b83-404c-ab30-3fbc4ef2637f,,,,,,,,,,,,,,,00000000-0000-0000-0000-000000000001,,2026-04-08 19:12:39,2026-04-08 19:12:39
ce8d6278-10b4-4659-a7dd-2eafab551913,12d498a2-dde7-47ee-9fd6-4bc3a7111e6a,2000000,3000000,,,,,,,,,,,,,00000000-0000-0000-0000-000000000001,,2026-04-08 19:12:39,2026-04-08 19:12:39
d9d62bdf-ee0a-488a-b23c-068c38c0ec74,4e2f05d2-f864-4d3e-812d-01e497ad3e2e,,,,,,,,,,,,,,,00000000-0000-0000-0000-000000000001,,2026-04-08 19:12:39,2026-04-08 19:12:39
93de78c9-cbf1-49d8-9410-ef4cfe5d7ef3,e74c2162-331d-48e7-94fd-f6a03d1aeb06,,,,,,,,,,,,,,,00000000-0000-0000-0000-000000000001,,2026-04-08 19:12:39,2026-04-08 19:12:39
06ba5f85-1517-41f0-88ce-5b3c6ba61cf1,9c9938f8-ab98-4336-b8ba-777daefaa633,,,,,,,,,,,,,,,00000000-0000-0000-0000-000000000001,,2026-04-08 19:12:39,2026-04-08 19:12:39
9b146bb3-1be0-4b48-8fb0-3a3ff630c856,526bd50d-16fe-4817-925c-251876212a9f,200000,500000,100000,,,,,,,,,,,,00000000-0000-0000-0000-000000000001,,2026-04-08 19:12:39,2026-04-08 19:12:39
bdf48f97-e3be-4f2a-9c7e-2f0aafd50419,2c8058b9-32dc-4f1e-8e72-8633ebef914e,200000,500000,50000,,,,,,,,,,,,00000000-0000-0000-0000-000000000001,,2026-04-08 19:12:39,2026-04-08 19:12:39
1f3ad1af-0feb-42d5-ba85-bdc8c2f1977c,b7fb16e0-8977-418d-a701-58fa584ea9e8,500000,1000000,100000,,,,,,,,,,,,00000000-0000-0000-0000-000000000001,,2026-04-08 19:12:39,2026-04-08 19:12:39
19a542c7-c48b-4682-aa6c-98baf99ee516,d483ea25-8806-48e7-ac60-4d43a5b51da3,50000,100000,50000,,,,,,,,,,,,00000000-0000-0000-0000-000000000001,,2026-04-08 19:12:39,2026-04-08 19:12:39
175a8538-68e8-4c8a-a876-29d006781d5b,c602bd98-b2e8-488c-aa0f-2d003ddfdb11,,,,,,,,,,,,,,,00000000-0000-0000-0000-000000000001,,2026-04-08 19:12:39,2026-04-08 19:12:39
d2911a5e-7ccf-4fd8-a87d-d7b9462f81c2,16278a3d-2de2-42d0-a714-3807ed1f4271,1500000,2000000,200000,,,,,,,,,,,,00000000-0000-0000-0000-000000000001,,2026-04-08 19:12:39,2026-04-08 19:12:39
837859d5-17f0-40a6-af5e-3f09597c21ad,c358ce63-c231-4fb1-8e0c-65feab4fee8b,5000000,7500000,500000,,,,,,,,,,,,00000000-0000-0000-0000-000000000001,,2026-04-08 19:12:39,2026-04-08 19:12:39
6eedafc0-c8b1-4dda-8729-1041a0b8afaa,cd4f03b3-6be4-4905-a706-2c990cb28b15,,,,,,,,,,,,,,,00000000-0000-0000-0000-000000000001,,2026-04-08 19:12:39,2026-04-08 19:12:39
2045a630-ab83-4a11-baf6-9ce69f33e1ae,017dc866-be63-4b08-bf88-13599fcb9a45,200000,500000,,,,,,,,,,,,,00000000-0000-0000-0000-000000000001,,2026-04-08 19:12:39,2026-04-08 19:12:39
068410db-b0ae-4472-b773-c533a4cdeae4,6d462917-013a-4a4a-bbf4-081e3aeabaee,2000000,3000000,1000000,,,,,,,,,,,,00000000-0000-0000-0000-000000000001,,2026-04-08 19:12:39,2026-04-08 19:12:39
6ee5033c-4c35-4aa5-b9ed-befa0a8e9396,25b6f56f-3827-4a02-bab4-6949387f2986,200000,500000,,,,,,,,,,,,,00000000-0000-0000-0000-000000000001,,2026-04-08 19:12:39,2026-04-08 19:12:39
fba6ee47-a667-40da-aaca-e7057f7abde7,9c40ad04-7b89-45b0-abbd-bd8353b1bca0,50000,100000,,,,,,,,,,,,,00000000-0000-0000-0000-000000000001,,2026-04-08 19:12:39,2026-04-08 19:12:39
03492b7d-cbaf-4430-9243-da4ad1602b80,8cf02dc4-d6cf-4995-89ab-c066840403b2,,,,,,,,,,,,,,,00000000-0000-0000-0000-000000000001,,2026-04-08 19:12:39,2026-04-08 19:12:39
27d3b779-53cf-4fb8-9589-ba3fc8b19cc8,44f2a949-6d89-40e3-872e-378dbf6fb7db,500000,1000000,50000,,,,,,,,,,,,00000000-0000-0000-0000-000000000001,,2026-04-08 19:12:39,2026-04-08 19:12:39
5f6cd766-e8e1-4c36-bede-d73c3ff136e4,62b61893-cc1a-4150-bfbc-3b88b55b0452,500000,1000000,,,,,,,,,,,,,00000000-0000-0000-0000-000000000001,,2026-04-08 19:12:39,2026-04-08 19:12:39
b0f9dd39-226f-4f40-86a4-ce90c6076b28,4a278491-9904-4063-87c7-b07fec51bf84,500000,1000000,500000,,,,,,,,,,,,00000000-0000-0000-0000-000000000001,,2026-04-08 19:12:39,2026-04-08 19:12:39
2a600945-e021-4b36-8394-f8b3981438a5,0ad13837-36ec-4293-8015-0b52ed088dc7,500000,1000000,100000,,,,,,,,,,,,00000000-0000-0000-0000-000000000001,,2026-04-08 19:12:39,2026-04-08 19:12:39
65f7802b-afd6-4ee6-a0c5-13c624374dcc,77cbee4c-6e30-4aea-92c7-a549f048e5e3,4000000,5000000,200000,,,,,,,,,,,,00000000-0000-0000-0000-000000000001,,2026-04-08 19:12:39,2026-04-08 19:12:39
564ec502-d603-4691-a5b7-001f3bff6176,34342e4e-a52d-40de-88dd-3b83f12d68f8,1000000,1500000,,,,,,,,,,,,,00000000-0000-0000-0000-000000000001,,2026-04-08 19:12:39,2026-04-08 19:12:39
7b8a2721-05be-4baa-9949-04dd337f8cc2,db4a8bc8-89c8-43eb-834b-dbf68ba63f49,,,,,,,,,,,,,,,00000000-0000-0000-0000-000000000001,,2026-04-08 19:12:39,2026-04-08 19:12:39
5ce269d2-4a8e-4331-9d22-6e10b6867b06,d377b594-070a-4130-a451-c347daa9ebff,200000,500000,100000,,,,,,,,,,,,00000000-0000-0000-0000-000000000001,,2026-04-08 19:12:39,2026-04-08 19:12:39
d6b62cf5-514f-42a8-b60c-86a68b65aeae,7ebb83eb-83c9-419f-88e1-6f5a19585142,500000,1000000,50000,,,,,,,,,,,,00000000-0000-0000-0000-000000000001,,2026-04-08 19:12:39,2026-04-08 19:12:39
684f7ab4-b734-4026-83a1-9c1e075ac901,bd63df96-b521-44ac-aab6-4f9c1ea3abfb,1000000,1500000,200000,,,,,,,,,,,,00000000-0000-0000-0000-000000000001,,2026-04-08 19:12:39,2026-04-08 19:12:39
08d00760-289d-4650-8549-687ee4ac242a,051d88c6-1325-4268-8568-6410bc7c642a,,,,,,,,,,,,,,,00000000-0000-0000-0000-000000000001,,2026-04-08 19:12:39,2026-04-08 19:12:39
0c104ac2-cdc9-4e50-9a1c-c8805bee30d6,3142498a-039e-46d5-9f5c-a2cd704a3035,200000,500000,200000,,,,,,,,,,,,00000000-0000-0000-0000-000000000001,,2026-04-08 19:12:39,2026-04-08 19:12:39
28b5d988-27a0-4d5d-9a37-d03ebcbdc20b,bbe4882a-d19f-48b9-84b9-9c90b6f72dfe,500000,1000000,100000,,,,,,,,,,,,00000000-0000-0000-0000-000000000001,,2026-04-08 19:12:39,2026-04-08 19:12:39
bd23888a-2368-436f-83a5-c60137ec481f,c8dec53c-451c-49ed-971b-93353be93666,500000,1000000,,,,,,,,,,,,,00000000-0000-0000-0000-000000000001,,2026-04-08 19:12:39,2026-04-08 19:12:39
7295e83a-16b0-46a4-ab56-255f446d2964,b01fb27a-b309-439e-bbe3-1ee26047fda3,500000,1000000,,,,,,,,,,,,,00000000-0000-0000-0000-000000000001,,2026-04-08 19:12:39,2026-04-08 19:12:39
7159378e-3e3d-40a1-bd7a-7bc3c87c62f6,880a9723-1f6a-42b3-be2d-2ed643c3c61e,,,,,,,,,,,,,,,00000000-0000-0000-0000-000000000001,,2026-04-08 19:12:39,2026-04-08 19:12:39
7e2de354-1b47-4046-b21a-d180bd14dbfb,17f47bdf-9821-4dd5-8b83-f5e29e84cc84,500000,1000000,,,,,,,,,,,,,00000000-0000-0000-0000-000000000001,,2026-04-08 19:12:39,2026-04-08 19:12:39
fb06b845-d41e-4830-bfd0-ee2d1fac118a,7f0ebd86-002e-47ad-a00a-0914587e80bd,1500000,2000000,200000,,,,,,,,,,,,00000000-0000-0000-0000-000000000001,,2026-04-08 19:12:39,2026-04-08 19:12:39
0822ff7f-a6ed-49f4-a650-e35ac25a73ef,84d7cbe2-c11c-43f9-9355-8de2b7a75deb,50000,100000,,,,,,,,,,,,,00000000-0000-0000-0000-000000000001,,2026-04-08 19:12:39,2026-04-08 19:12:39
d29c9bc2-b56a-43a4-9397-39d59209ce70,80674ec6-1d07-43de-80e5-a77f94b794df,50000,100000,,,,,,,,,,,,,00000000-0000-0000-0000-000000000001,,2026-04-08 19:12:39,2026-04-08 19:12:39
b3e84c7a-e19c-406c-ba29-659b1eb48ab3,9f2d606d-534b-4c00-bfe0-46a88383d29f,50000,100000,100000,,,,,,,,,,,,00000000-0000-0000-0000-000000000001,,2026-04-08 19:12:39,2026-04-08 19:12:39
1e911895-d520-4cb7-9bb1-7cbef0dec115,8cc088bb-e39b-40f2-a713-562631ef0779,100000,200000,,,,,,,,,,,,,00000000-0000-0000-0000-000000000001,,2026-04-08 19:12:39,2026-04-08 19:12:39
6befce2a-5eee-49de-876a-ee7786f559c3,ca8758eb-31d5-4cc7-bbc7-98aba58dae4c,100000,200000,50000,,,,,,,,,,,,00000000-0000-0000-0000-000000000001,,2026-04-08 19:12:39,2026-04-08 19:12:39
e0c248ae-91bb-4427-820e-cd49b722dce1,7ef5d50e-bb96-41cf-ab35-2f351579627d,50000,100000,50000,,,,,,,,,,,,00000000-0000-0000-0000-000000000001,,2026-04-08 19:12:39,2026-04-08 19:12:39
7537a266-bb45-4bf4-8bd6-a2502110181c,6be49ddd-f93a-40f5-8fb6-9390b93fb8b9,500000,1000000,500000,,,,,,,,,,,,00000000-0000-0000-0000-000000000001,,2026-04-08 19:12:39,2026-04-08 19:12:39
cac2c94a-10db-499f-b745-2abe252b6298,2dac2bdc-6819-4f25-908d-a28851f3951f,2000000,3000000,500000,,,,,,,,,,,,00000000-0000-0000-0000-000000000001,,2026-04-08 19:12:39,2026-04-08 19:12:39
0e61ccc5-af2b-4a12-8a83-e5e7bcf00b79,8147c5e4-1de4-4e02-b011-7cbdc0a39a3c,500000,1000000,100000,,,,,,,,,,,,00000000-0000-0000-0000-000000000001,,2026-04-08 19:12:39,2026-04-08 19:12:39
616a5fb2-b1cb-41cb-83e1-85dc987bdeb7,7142e632-8995-4db8-9ffb-aa93a6d468b2,50000,100000,50000,,,,,,,,,,,,00000000-0000-0000-0000-000000000001,,2026-04-08 19:12:39,2026-04-08 19:12:39
c723e12d-2d66-4f11-a073-1eaccfa16d15,e4a4caaf-5323-4ee2-8565-80278784b1ca,500000,1000000,500000,,,,,,,,,,,,00000000-0000-0000-0000-000000000001,,2026-04-08 19:12:39,2026-04-08 19:12:39
fa88c22d-5dcf-40b4-b891-a818ab453e59,d5967a3d-654b-4330-b377-1fe4a1296c0d,50000,100000,,,,,,,,,,,,,00000000-0000-0000-0000-000000000001,,2026-04-08 19:12:39,2026-04-08 19:12:39
42b5b3a0-d89a-4e4b-a101-01d68f68e656,5d2632fb-f3a6-45a2-9605-391fddef8f54,500000,1000000,200000,,,,,,,,,,,,00000000-0000-0000-0000-000000000001,,2026-04-08 19:12:39,2026-04-08 19:12:39
f3ca520b-b371-4f5a-860a-88aab07bb9be,8a8b5502-240d-4508-80b0-9c70a58d7e24,500000,1000000,50000,,,,,,,,,,,,00000000-0000-0000-0000-000000000001,,2026-04-08 19:12:39,2026-04-08 19:12:39
e9525890-186d-47e5-9f40-404bbe8b5c64,47956f8a-fa62-4886-8c35-fd35709a92eb,500000,1000000,50000,,,,,,,,,,,,00000000-0000-0000-0000-000000000001,,2026-04-08 19:12:39,2026-04-08 19:12:39
e1571ef7-f608-4f1b-8607-afd86d96cd7e,81d400ba-34a9-4414-b5e7-4025e86bfc26,200000,500000,100000,,,,,,,,,,,,00000000-0000-0000-0000-000000000001,,2026-04-08 19:12:39,2026-04-08 19:12:39
fe360fbe-f763-4972-a2c3-303f7560a1d6,974b1136-8ab1-4e1c-83c9-6bd24452fec5,,,50000,,,,,,,,,,,,00000000-0000-0000-0000-000000000001,,2026-04-08 19:12:39,2026-04-08 19:12:39
fbcf6f96-fae8-4988-b296-ca1255351723,c244769a-fae4-4e57-bb91-a696cf5751f6,500000,1000000,,,,,,,,,,,,,00000000-0000-0000-0000-000000000001,,2026-04-08 19:12:39,2026-04-08 19:12:39
0bd46c46-3586-46bd-a0b3-cbdd0dabd78b,5a03a741-c9de-4cbd-85ab-d2767a164f1f,1000000,1500000,200000,,,,,,,,,,,,00000000-0000-0000-0000-000000000001,,2026-04-08 19:12:39,2026-04-08 19:12:39
ca231314-569a-49ee-91e5-c356840b1aac,7fb60fef-f7ef-454d-a7ce-589c1a9565b8,500000,1000000,50000,,,,,,,,,,,,00000000-0000-0000-0000-000000000001,,2026-04-08 19:12:39,2026-04-08 19:12:39
a8516f22-c785-4088-8b06-eb3f6aaaf53f,b7137e7b-c8e9-48b6-9f43-b8582ae92191,200000,500000,,,,,,,,,,,,,00000000-0000-0000-0000-000000000001,,2026-04-08 19:12:39,2026-04-08 19:12:39
cde903c2-7be8-47f0-9ef6-a289a38c94aa,cb81ff43-5d17-40de-99a3-e9fdc99ef485,50000,100000,50000,,,,,,,,,,,,00000000-0000-0000-0000-000000000001,,2026-04-08 19:12:39,2026-04-08 19:12:39
2b58d72d-bb4f-4cec-9159-b0a3b4fd23f7,73a16695-6e20-4e69-8fd2-3445f1c67521,500000,1000000,100000,,,,,,,,,,,,00000000-0000-0000-0000-000000000001,,2026-04-08 19:12:39,2026-04-08 19:12:39
c3bb4d85-a4a9-40d7-9f16-18235fe460c8,ce80786e-2286-457b-bab9-5e64d7703f7d,200000,500000,,,,,,,,,,,,,00000000-0000-0000-0000-000000000001,,2026-04-08 19:12:39,2026-04-08 19:12:39
238cdc6a-4caf-41af-b76b-4ceb08c6a7cc,d43fa09d-7db7-4200-a2f3-ed9157de4b2e,500000,1000000,,,,,,,,,,,,,00000000-0000-0000-0000-000000000001,,2026-04-08 19:12:39,2026-04-08 19:12:39
c038d5ba-f505-456a-94e7-abccc42753a8,85007276-e780-41c0-a0de-633f609510e5,50000,100000,,,,,,,,,,,,,00000000-0000-0000-0000-000000000001,,2026-04-08 19:12:39,2026-04-08 19:12:39
bca2d8f5-0ffd-4977-a437-4f469c486a10,dfdc69a5-7599-4ecb-9d7f-41818f5a9af6,,,,,,,,,,,,,,,00000000-0000-0000-0000-000000000001,,2026-04-08 19:12:39,2026-04-08 19:12:39
f9537346-993f-4888-ae9c-8a3fa83d352b,4ea87a72-818c-4d73-9630-01002443b65e,1500000,2000000,200000,,,,,,,,,,,,00000000-0000-0000-0000-000000000001,,2026-04-08 19:12:39,2026-04-08 19:12:39
7870e534-0e0d-4bcd-ab81-d34008da0461,ccfd9182-0fb0-4eac-a492-4b7ea70bfa69,500000,1000000,50000,,,,,,,,,,,,00000000-0000-0000-0000-000000000001,,2026-04-08 19:12:39,2026-04-08 19:12:39
160b4fcd-53ee-483f-95af-076e0d56c8a4,4bc17d31-66c9-418c-a4cc-a335db3ca6de,200000,500000,50000,,,,,,,,,,,,00000000-0000-0000-0000-000000000001,,2026-04-08 19:12:39,2026-04-08 19:12:39
740f975a-b524-4fc5-824e-8f9c3c692c35,2e311700-33a5-4aac-a464-accea5e42968,1000000,1500000,200000,,,,,,,,,,,,00000000-0000-0000-0000-000000000001,,2026-04-08 19:12:39,2026-04-08 19:12:39
ec991f2d-f380-481f-8bf0-a5ddc42a34fb,f1abfa89-f74e-4056-920e-4125f65e5c5c,1500000,2000000,200000,,,,,,,,,,,,00000000-0000-0000-0000-000000000001,,2026-04-08 19:12:39,2026-04-08 19:12:39
8cbb7bdf-aa77-4a68-b7f8-05470ebc7202,4e9e7e90-15db-4cfa-aed9-3a40b7f98aab,,,,,,,,,,,,,,,00000000-0000-0000-0000-000000000001,,2026-04-08 19:12:39,2026-04-08 19:12:39
31ae3636-abff-4c6f-a3aa-943ce9faf6a4,c6f01a52-9f87-4334-8ff7-639bc539336e,,,,,,,,,,,,,,,00000000-0000-0000-0000-000000000001,,2026-04-08 19:12:39,2026-04-08 19:12:39
22f5821d-a16a-4ff7-a4c1-7bfb15c74a11,409b349b-8198-4fb0-af8a-e1874381cc78,7500000,10000000,,,,,,,,,,,,,00000000-0000-0000-0000-000000000001,,2026-04-08 19:12:39,2026-04-08 19:12:39
4ec2459d-16cc-454c-9ed6-60d09fa338f4,f240d842-38f4-411c-b645-7ec30664b4ae,200000,500000,,,,,,,,,,,,,00000000-0000-0000-0000-000000000001,,2026-04-08 19:12:39,2026-04-08 19:12:39
bcea938f-fbe2-4a78-a78d-869370fea201,86a780e8-cc03-4b34-a2c6-241fd9877170,1500000,2000000,200000,,,,,,,,,,,,00000000-0000-0000-0000-000000000001,,2026-04-08 19:12:39,2026-04-08 19:12:39
a676aff9-0843-4760-a009-be27b86a7bc6,c3fef5ee-7fac-4436-8db9-6fdab4c8b45b,50000,100000,50000,,,,,,,,,,,,00000000-0000-0000-0000-000000000001,,2026-04-08 19:12:39,2026-04-08 19:12:39
6609b498-cb86-442b-a5d6-443865e2bc5f,06344570-6577-4381-bf70-6ca0d69e9918,500000,1000000,100000,,,,,,,,,,,,00000000-0000-0000-0000-000000000001,,2026-04-08 19:12:39,2026-04-08 19:12:39
964559b7-4332-4137-82bd-6c8430eac476,f3c47250-70c4-4d97-bb97-03c1027917d3,500000,1000000,,,,,,,,,,,,,00000000-0000-0000-0000-000000000001,,2026-04-08 19:12:39,2026-04-08 19:12:39
17362099-f6f8-42b3-99f9-2f6eac49e38d,9c68fe3f-d08b-4ba4-9269-42d2500720fc,500000,1000000,50000,,,,,,,,,,,,00000000-0000-0000-0000-000000000001,,2026-04-08 19:12:39,2026-04-08 19:12:39
02c5229a-3df0-477d-952d-9681a83244fd,02d9f72a-c5e0-40ab-8eb0-284c44525976,1500000,2000000,50000,,,,,,,,,,,,00000000-0000-0000-0000-000000000001,,2026-04-08 19:12:39,2026-04-08 19:12:39
854b1ba2-5bf4-48f8-b596-8c6caf1ad7a6,71000701-3de7-4174-8e53-af60473846f2,100000,200000,50000,,,,,,,,,,,,00000000-0000-0000-0000-000000000001,,2026-04-08 19:12:39,2026-04-08 19:12:39
431cb686-8c64-4924-88a9-d673d9a3c0da,2d079776-cd42-49b8-8619-016553048088,4000000,5000000,50000,,,,,,,,,,,,00000000-0000-0000-0000-000000000001,,2026-04-08 19:12:39,2026-04-08 19:12:39
9dd6a8b1-7f24-424c-8331-64fcd8a4caac,c46c22cb-6bb6-4e95-b2e8-b8c30400c0b0,100000,200000,,,,,,,,,,,,,00000000-0000-0000-0000-000000000001,,2026-04-08 19:12:39,2026-04-08 19:12:39
12fe74d4-d9da-42df-a18f-52d6eded6f31,6dce8f4e-c0a2-42a9-9eb8-98a4ac57fda0,200000,500000,,,,,,,,,,,,,00000000-0000-0000-0000-000000000001,,2026-04-08 19:12:39,2026-04-08 19:12:39
a52378e1-ac76-4909-84fd-464559c395e6,c4b28cae-0fdd-4c6d-8b52-119f7a5cae9c,1500000,2000000,200000,,,,,,,,,,,,00000000-0000-0000-0000-000000000001,,2026-04-08 19:12:39,2026-04-08 19:12:39
30adcb60-6c31-440b-8dfa-2498eb21fd5e,25656236-1968-49da-a6d8-32ffdcc6888e,200000,500000,100000,,,,,,,,,,,,00000000-0000-0000-0000-000000000001,,2026-04-08 19:12:39,2026-04-08 19:12:39
c1d53fe4-e37d-4eec-ace4-5f98a53888ce,3f10d379-f847-4ddf-baf9-271767d48599,500000,1000000,200000,,,,,,,,,,,,00000000-0000-0000-0000-000000000001,,2026-04-08 19:12:39,2026-04-08 19:12:39
e5202db2-8c43-4a7b-8574-47005984e80d,94cd50f6-63f9-464e-8476-f6076e35850d,1500000,2000000,1500000,,,,,,,,,,,,00000000-0000-0000-0000-000000000001,,2026-04-08 19:12:39,2026-04-08 19:12:39
4e5e3035-0b38-4959-b5bd-1ad7555c6767,abfd5dc4-c60b-4339-a3ea-b43286ab7678,500000,1000000,100000,,,,,,,,,,,,00000000-0000-0000-0000-000000000001,,2026-04-08 19:12:39,2026-04-08 19:12:39
550b7f78-f3f6-43d4-b384-193f92e7de64,8df52cfd-63bb-4fd6-8f61-6a994ea55cfe,100000,200000,50000,,,,,,,,,,,,00000000-0000-0000-0000-000000000001,,2026-04-08 19:12:39,2026-04-08 19:12:39
1890fd6c-2ddc-4b4e-8717-c21411994e06,6a9e7f92-6b82-49b4-9749-e54dc370ae4e,500000,1000000,50000,,,,,,,,,,,,00000000-0000-0000-0000-000000000001,,2026-04-08 19:12:39,2026-04-08 19:12:39
c0a937d4-8946-4f62-ae69-ed1c84cafa71,9c389b22-2883-44a8-a9ad-20a456d7ef06,50000,100000,,,,,,,,,,,,,00000000-0000-0000-0000-000000000001,,2026-04-08 19:12:39,2026-04-08 19:12:39
1ec86200-a6aa-4739-b248-8e5d4aea7da1,d9da3ea1-997f-4b4c-a39b-fcf836feec85,100000,200000,100000,,,,,,,,,,,,00000000-0000-0000-0000-000000000001,,2026-04-08 19:12:39,2026-04-08 19:12:39
d000015f-5e0a-4161-b381-86fef4d92201,29eb7107-c506-42fe-a43e-2bd442f38418,50000,100000,50000,,,,,,,,,,,,00000000-0000-0000-0000-000000000001,,2026-04-08 19:12:39,2026-04-08 19:12:39
8d21fae6-07ec-43f9-89a6-2736b2923f56,58485e33-f7af-4fab-a98b-421f01ca4183,500000,1000000,500000,,,,,,,,,,,,00000000-0000-0000-0000-000000000001,,2026-04-08 19:12:39,2026-04-08 19:12:39
cdcf8173-caf4-484b-83d7-4071b67bc485,d3c500a4-284b-43a5-a422-8d8b8f138096,200000,500000,200000,,,,,,,,,,,,00000000-0000-0000-0000-000000000001,,2026-04-08 19:12:39,2026-04-08 19:12:39
7065ebab-d79b-4c61-96a9-f755438625a0,0820b858-896a-4a9a-b403-e32120c4e28c,1000000,1500000,200000,,,,,,,,,,,,00000000-0000-0000-0000-000000000001,,2026-04-08 19:12:39,2026-04-08 19:12:39
4742fb6b-0f4f-4d9c-b554-30c28867364d,ef06db34-7a6c-426e-b65d-973bc962dbe9,500000,1000000,500000,,,,,,,,,,,,00000000-0000-0000-0000-000000000001,,2026-04-08 19:12:39,2026-04-08 19:12:39
7ec3f671-0e11-4058-90f5-d03291027a4b,9b99de95-4dac-4010-81d6-009c7951c50f,500000,1000000,100000,,,,,,,,,,,,00000000-0000-0000-0000-000000000001,,2026-04-08 19:12:39,2026-04-08 19:12:39
79a9cce5-eb02-4239-8f32-e416cacd55e0,eb40aad3-cea7-419e-83bb-c7cc83e1d858,1500000,2000000,50000,,,,,,,,,,,,00000000-0000-0000-0000-000000000001,,2026-04-08 19:12:39,2026-04-08 19:12:39
