id,franchise_id,products,services,created_by,updated_by,created_at,updated_at
6a518e4b-efe2-4605-bc50-d0efc1a51e74,b38c39c0-b9f6-495f-b8be-a65b1c0b9221,"[""Tea"", ""Coffee"", ""Snacks""]","[""Dine-in"", ""Takeaway"", ""Delivery""]",00000000-0000-0000-0000-000000000001,,2026-1-10 12:02,2026-1-10 12:02
faeba5bd-6532-4cca-9a6f-dd33a7ef3554,c8f6989c-d785-4cf7-b127-b7ba288a3314,"[""Bubble tea"", ""Milk teas"", ""Fruit teas"", ""Slushes"", ""Pearls"", ""Jellies"", ""125+ premium beverages""]","[""Sit-in caf? service"", ""Takeaway"", ""Fast-casual beverage service""]",00000000-0000-0000-0000-000000000001,,2026-1-10 12:02,2026-1-10 12:02
9a7120cb-cd73-40ac-aefe-e3e0e6441935,b297c5b9-82e3-4c3d-88fc-c509ae881207,"[""Tea"", ""Chai"", ""Coffee"", ""Cold drinks"", ""Milkshakes"", ""Quick beverages""]","[""Quick-service caf?"", ""Takeaway"", ""Counter service"", ""Fast-casual beverage service""]",00000000-0000-0000-0000-000000000001,,2026-1-10 12:02,2026-1-10 12:02
c8c1a4cb-fee2-4656-ac8f-fa725d9d49c6,6a8c08c9-ef66-48b0-a68e-e9e0b7b40fcc,"[""Cold coffee"", ""Hot coffee"", ""Milkshakes"", ""Snacks"", ""Meals"", ""Breakfast items"", ""Fast food dishes""]","[""Caf?-style dining"", ""Takeaway"", ""Quick service"", ""Casual dining""]",00000000-0000-0000-0000-000000000001,,2026-1-10 12:02,2026-1-10 12:02
f1d4e126-93c5-4e20-9972-dea0937a76a2,afb4be0a-0173-4248-b0b9-9c7ba0e3ce8f,"[""Coffee"", ""Mocktails"", ""Drinks"", ""Burgers"", ""Pizzas"", ""Light food"", ""Premium beverages""]","[""Premium caf? service"", ""Quick service"", ""Bar-themed caf? experience"", ""Takeaway""]",00000000-0000-0000-0000-000000000001,,2026-1-10 12:02,2026-1-10 12:02
f0772d6e-695e-4f7c-85b4-a1428d20a811,09378ed3-2aa4-4e45-bf5d-6a75d1bdb2f7,"[""Silk Sarees (Banarasi, Kanjivaram, Kanchipuram, Tussar, Chanderi, Tant, Baluchari, etc.)"", ""Salwar Suits"", ""Lehengas"", ""Kurtis"", ""Fashion Jewelry"", ""Designer Blouses"", ""Stoles"", ""Scarves"", ""Menswear"", ""Kids' Wear""]","[""Retail store"", ""Franchise operations"", ""Training & support"", ""Marketing support""]",00000000-0000-0000-0000-000000000001,,2026-1-10 12:02,2026-1-10 12:02
050caebe-712a-45f7-a39e-7a78474cc65d,b781fa76-8eaf-4cf9-a15c-b6a1c3503554,"[""Designer Ethnic Wear"", ""Western Wear"", ""Wedding Attire"", ""Festive Outfits"", ""Designer Accessories"", ""Jewelry"", ""Handbags"", ""Men's Ethnic & Western Wear""]","[""Operational guidance"", ""Marketing support"", ""Technology platform support"", ""Inventory management assistance""]",00000000-0000-0000-0000-000000000001,,2026-1-10 12:02,2026-1-10 12:02
3f625365-2e2c-40de-a1ff-f1ab6359ded5,0e50ed02-6937-4c8d-aa31-b4202a5f77cd,"[""Kurtis"", ""Tops & Tunics"", ""Palazzos & Pants"", ""Suit Sets"", ""Co-ord Sets"", ""Dupattas & Stoles"", ""Bottoms""]","[""Retail store operations"", ""Fashion consultancy"", ""Marketing & promotions"", ""Inventory management""]",00000000-0000-0000-0000-000000000001,,2026-1-10 12:02,2026-1-10 12:02
a6fabe26-3f57-4cd3-a042-ae68baab848c,7e62e026-71a1-4b49-971d-e8bcd1cc4e54,"[""Men's Casual Wear"", ""Women's Casual Wear"", ""Children's Wear"", ""Accessories"", ""T-shirts"", ""Jeans"", ""Jackets""]","[""Retail store operations"", ""Operational guidance"", ""Marketing support"", ""Site selection assistance"", ""Inventory management""]",00000000-0000-0000-0000-000000000001,,2026-1-10 12:02,2026-1-10 12:02
283a40bf-95bb-4907-b67c-622c7cb51eb7,8a873fc8-8a68-461e-81f4-55d7f192f2b1,"[""Kurtis"", ""Tops"", ""Leggings"", ""Lehengas"", ""Western Dresses"", ""Women's Ethnic Wear"", ""Kids' Wear""]","[""Retail store operations"", ""Operational guidance"", ""Marketing support""]",00000000-0000-0000-0000-000000000001,,2026-1-10 12:02,2026-1-10 12:02
b76e70af-98ac-4424-948d-27c344e3a5a3,fc244900-e4b1-4eec-8e70-eb778beac3a5,"[""Sherwanis"", ""Indo Westerns"", ""Band Galas"", ""Tuxedos"", ""Suits"", ""Kurta Pyjama"", ""Nehru Jackets"", ""Juttis/Footwear"", ""Accessories""]","[""Retail store operations"", ""Operational guidance"", ""Marketing support"", ""Product sourcing"", ""Training""]",00000000-0000-0000-0000-000000000001,,2026-1-10 12:02,2026-1-10 12:02
3be6bab2-3867-4ff7-9b23-389c7298c1ce,a6ae3e8e-b3da-4406-9a53-1f411523033b,"[""Sarees"", ""Salwar Suits"", ""Kurtis"", ""Lehengas"", ""Indo-Fusion Wear"", ""Contemporary Suits"", ""Party Wear"", ""One-Piece Dresses"", ""Western Wear"", ""Ethnic Suits"", ""Coordinated Sets"", ""Dupattas & Stoles""]","[""Retail store operations"", ""Operational guidance"", ""Marketing support"", ""Product sourcing"", ""Training"", ""Inventory management"", ""Store setup guidance""]",00000000-0000-0000-0000-000000000001,,2026-1-10 12:02,2026-1-10 12:02
e76686f6-cfe0-4b21-abfd-f6aea4d8d684,f610d893-650e-46e2-89a6-c50f59036275,"[""T-shirts"", ""Polo T-shirts"", ""Casual Shirts"", ""Formal Shirts"", ""Blazers"", ""Denim Jeans"", ""Chinos"", ""Cargo Pants"", ""Joggers"", ""Shorts"", ""Hoodies"", ""Jackets"", ""Sweatshirts"", ""Loungewear"", ""Leather Belts"", ""Wallets"", ""Deodorant"", ""Socks"", ""Handkerchiefs"", ""Winter Wear""]","[""Retail store operations"", ""Operational guidance"", ""Marketing support"", ""Product sourcing"", ""Training"", ""Inventory management"", ""Store setup guidance"", ""POS System guidance"", ""Employee management training""]",00000000-0000-0000-0000-000000000001,,2026-1-10 12:02,2026-1-10 12:02
1bb8f63d-fd44-44d3-b080-4c29096b2650,1dac1aa2-22c2-41e9-a608-2ffb1cefdf84,"[""Men's Casual Shirts"", ""Formal Shirts"", ""T-Shirts"", ""Denims"", ""Chinos"", ""Trousers"", ""Jackets"", ""Accessories""]","[""Retail store operations"", ""Operational guidance"", ""Marketing support"", ""Product sourcing"", ""Training"", ""Inventory management"", ""Store setup guidance"", ""POS System guidance"", ""Employee management training""]",00000000-0000-0000-0000-000000000001,,2026-1-10 12:02,2026-1-10 12:02
6595131e-7ab4-4c27-810b-c6ff174b8df7,1ee2cd39-dcf0-4e78-971d-967b8f1e2f12,"[""Men's Casual Shirts"", ""Formal Shirts"", ""T-Shirts (Graphic, Plain, Polo)"", ""Denims"", ""Chinos"", ""Trousers"", ""Cargo Pants"", ""Outerwear"", ""Jackets"", ""Accessories (Belts, Watches, Sunglasses)"", ""Footwear""]","[""Retail store operations"", ""Operational guidance"", ""Marketing support"", ""Product sourcing"", ""Training"", ""Inventory management"", ""Store setup guidance"", ""POS System guidance"", ""Employee management training""]",00000000-0000-0000-0000-000000000001,,2026-1-10 12:02,2026-1-10 12:02
e9ea4e04-035b-4c76-b5f1-4d9008bd8420,1c97dc61-7708-4958-8222-3fe8fa9275bc,"[""Sports Apparel"", ""Footwear"", ""Sports Equipment"", ""Accessories"", ""Multi-brand Merchandise""]","[""Retail store operations"", ""Operational guidance"", ""Marketing support"", ""Product sourcing"", ""Training"", ""Inventory management"", ""Store setup guidance"", ""POS System guidance"", ""Employee management training""]",00000000-0000-0000-0000-000000000001,,2026-1-10 12:02,2026-1-10 12:02
f94db515-fc88-4a55-8e89-80e9a7185cbb,9ab139e7-cf16-4085-9352-c51d74e61115,"[""Sportswear"", ""Casual Wear"", ""Leisure Wear"", ""Activewear""]","[""Retail store operations"", ""Operational guidance"", ""Marketing support"", ""Product sourcing"", ""Training"", ""Inventory management"", ""Store setup guidance"", ""POS System guidance"", ""Employee management training""]",00000000-0000-0000-0000-000000000001,,2026-1-10 12:02,2026-1-10 12:02
7d3942bf-9f26-4d07-93e4-bf8d5063e52a,ac303bf7-2a32-471d-9be1-a1dbb2e915e7,"[""Footwear"", ""Apparel"", ""Sports equipment"", ""Accessories""]","[""Retail store operations"", ""Operational guidance"", ""Marketing support"", ""Product sourcing"", ""Training"", ""Inventory management"", ""Store setup guidance"", ""POS System guidance"", ""Employee management training""]",00000000-0000-0000-0000-000000000001,,2026-1-10 12:02,2026-1-10 12:02
b2be49ec-d56e-42c3-8346-e91f42eca28b,df361e73-da0e-4e50-992d-e95e57306357,"[""Sports turf"", ""Stadium seating"", ""Portable pitches""]","[""Installation services"", ""Project management"", ""Technical support"", ""B2B marketing"", ""Training and guidance""]",00000000-0000-0000-0000-000000000001,,2026-1-10 12:02,2026-1-10 12:02
6ea7310c-30b2-459c-89e2-e6a4f640edb1,c8bbd1a5-9676-4a19-b8c4-1b2f22fe8148,"[""Cricket coaching"", ""Player development"", ""Technology analysis""]","[""On-the-job training"", ""Classroom training"", ""Ongoing support"", ""Marketing support""]",00000000-0000-0000-0000-000000000001,,2026-1-10 12:02,2026-1-10 12:02
2f257363-bf9e-4645-acf6-5ff77b07447a,88848236-153f-41d1-85cd-4a9001af249c,"[""Gym"", ""Wellness"", ""Cardio"", ""Strength Training""]","[""On-the-job training"", ""Ongoing support"", ""Marketing support""]",00000000-0000-0000-0000-000000000001,,2026-1-10 12:02,2026-1-10 12:02
f0d4d3c9-4b5e-4104-a299-a1a41cdd03c1,d96ac4e8-daa4-4d60-9a4d-f7dcb54412b7,"[""Gym"", ""Spa"", ""Personal training"", ""Boot camps""]","[""On-the-job training"", ""Classroom training"", ""Ongoing support"", ""Marketing support""]",00000000-0000-0000-0000-000000000001,,2026-1-10 12:02,2026-1-10 12:02
eea0be35-dd2b-4ca7-a8fa-d1559620a3da,d451263c-43df-4ba1-b652-cbac27ff7846,"[""Customized international holiday packages"", ""Tours"", ""Travel arrangements""]","[""Online training"", ""Field assistance"", ""Expert guidance"", ""Marketing support via expos and social media""]",00000000-0000-0000-0000-000000000001,,2026-1-10 12:02,2026-1-10 12:02
370cf464-0d1e-4c0e-9211-e53f1dc5704c,a3d5f27f-978c-48e7-97cf-21e8aea6d359,"[""Flights"", ""Hotels"", ""Holidays"", ""Trains"", ""Cabs"", ""Cruises"", ""Visas""]","[""Online/virtual training"", ""24/7 telecalling"", ""Marketing support"", ""Store setup assistance""]",00000000-0000-0000-0000-000000000001,,2026-1-10 12:02,2026-1-10 12:02
f261ece4-3ced-4cda-89ab-1c448234118d,780dabc4-787e-4001-9c4b-a07c9874ffab,"[""Flights"", ""Hotels"", ""Holiday Packages"", ""Trains"", ""Car Rentals"", ""Insurance""]","[""Pre-opening training"", ""On-going technical support"", ""Marketing guidance"", ""Operations assistance""]",00000000-0000-0000-0000-000000000001,,2026-1-10 12:02,2026-1-10 12:02
04cf07b4-777b-44d4-b565-78d21c845581,499ed48e-a3e7-480e-900b-f384cd1ec21f,"[""Flights"", ""Hotels"", ""Holiday Packages"", ""Visa Assistance"", ""Insurance""]","[""Pre-opening training"", ""On-going technical support"", ""Marketing guidance"", ""Operations assistance""]",00000000-0000-0000-0000-000000000001,,2026-1-10 12:02,2026-1-10 12:02
72da0da9-b236-4494-948b-a9cbb38a30f5,fc554f5b-c10b-4835-b81b-6eb90deb8862,"[""Flights"", ""Hotels"", ""Holiday Packages"", ""Forex"", ""Insurance"", ""Corporate Travel""]","[""Pre-opening training"", ""On-going technical support"", ""Marketing guidance"", ""Operations assistance""]",00000000-0000-0000-0000-000000000001,,2026-1-10 12:02,2026-1-10 12:02
682b0928-5772-4e0d-941d-3f2f213fafaf,ab2c97a4-15c8-4105-902b-e6b961445825,"[""Timeshare vacation ownership"", ""Holiday packages"", ""Installment-based vacation plans""]","[""Franchisee training at Head Office"", ""Telecalling & structured training"", ""Marketing support"", ""Operational guidance"", ""IT system support"", ""Field assistance""]",00000000-0000-0000-0000-000000000001,,2026-1-10 12:02,2026-1-10 12:02
b7b12a4d-c492-4b6a-a6fa-4bd9fe317bca,0fe579f2-a816-4116-a312-a340923dbfe6,"[""Holiday packages"", ""Travel booking"", ""Timeshare vacation ownership"", ""Installment-based vacation plans""]","[""Franchisee training at Head Office and site"", ""Telecalling and structured training"", ""Marketing support"", ""Operational guidance"", ""IT system support"", ""Field assistance""]",00000000-0000-0000-0000-000000000001,,2026-1-10 12:02,2026-1-10 12:02
2dfdb9b5-e5b0-4ed4-8edf-a635f24e4ba8,a0160a9a-fe08-485e-9592-67df5f2e6235,"[""Corporate travel"", ""Leisure packages"", ""Holiday tours"", ""Coach & vehicle rentals"", ""Hotel bookings"", ""International/domestic tours""]","[""Franchisee training"", ""Marketing support"", ""Operational guidance"", ""IT system support"", ""Field assistance""]",00000000-0000-0000-0000-000000000001,,2026-1-10 12:02,2026-1-10 12:02
8ea6b2c4-7e32-422f-a8cb-2c180cac347b,ba736baa-47d2-4b53-8969-661dbce6e6a1,"[""Mid-priced business hotels"", ""Resorts"", ""MICE facilities""]","[""Hotel management"", ""Operational support"", ""Sales and marketing"", ""Revenue management"", ""Consulting"", ""Technology systems"", ""Training and recruitment support""]",00000000-0000-0000-0000-000000000001,,2026-1-10 12:02,2026-1-10 12:02
0d8d9a2a-0ed2-466a-bf0d-51b77ec5d1d4,f943babd-ea6a-444b-b645-315f491c40a6,"[""Customized holiday packages"", ""International tours"", ""Domestic travel solutions""]","[""Travel booking"", ""Destination planning"", ""AI-powered itinerary creation"", ""Customer support"", ""Sales and lead management""]",00000000-0000-0000-0000-000000000001,,2026-1-10 12:02,2026-1-10 12:02
7b51a2cd-be33-4a8d-b068-4055574f55be,e277efc3-55a1-40a9-8fad-b3149ffe9d2f,"[""Seat covers"", ""Floor mats"", ""Steering covers"", ""Exterior body kits"", ""Car lighting"", ""Android infotainment systems"", ""Dash cameras"", ""Power windows"", ""Remote locking systems"", ""EV accessories""]","[""Car accessories retail"", ""Car detailing services"", ""Electronics installation"", ""B2B distributorship supply"", ""Technical installation support"", ""After-sales service""]",00000000-0000-0000-0000-000000000001,,2026-1-10 12:02,2026-1-10 12:02
14b81857-b8cc-4a5e-a718-0806dbc94701,347dcb07-5002-4376-b056-fc37fe48eac8,"[""Automated touchless car wash"", ""Interior detailing"", ""Exterior detailing"", ""Paint protection film (PPF)"", ""Ceramic coating"", ""Graphene coating"", ""One-step polishing"", ""Two-step polishing"", ""Three-step polishing"", ""Membership and subscription packages"", ""Eco-friendly water recycling wash""]","[""Premium car wash services"", ""Advanced detailing solutions"", ""Vehicle surface protection"", ""Subscription-based auto-care"", ""Technology-driven wash operations""]",00000000-0000-0000-0000-000000000001,,2026-1-10 12:02,2026-1-10 12:02
2c7c0be9-8bbd-4b5a-a426-3f8cd5ee1a5b,4024b1c9-12fd-451e-8a5f-0a5025e55819,"[""AC EV chargers (7 kW)"", ""DC fast chargers (30?40 kW)"", ""Highway hyper-charging hubs"", ""EV charging software platform"", ""App-based charging access and payments"", ""Energy management solutions""]","[""Public EV charging services"", ""Highway fast-charging operations"", ""Charging station installation and commissioning"", ""Remote monitoring and maintenance"", ""Franchise partner training and support"", ""App and backend billing management""]",00000000-0000-0000-0000-000000000001,,2026-1-10 12:02,2026-1-10 12:02
178adb0b-de8b-48e1-b201-f4d6b7ab14c5,8be9d5c3-86aa-4cd5-be33-3b39dfd647fa,"[""Electric two-wheelers for delivery fleets"", ""Fleet management software platform"", ""EV charging infrastructure"", ""Telematics and tracking systems"", ""Battery and maintenance services""]","[""EV fleet rental for last-mile delivery"", ""Managed fleet operations (FOCO model)"", ""Rider onboarding and management"", ""Maintenance and servicing"", ""Demand generation via delivery partners"", ""Weekly collections and payout management""]",00000000-0000-0000-0000-000000000001,,2026-1-10 12:02,2026-1-10 12:02
a3a9fe39-48c8-414e-a6b4-b0051119cef1,bb0d140f-d9e5-4b4a-8182-4376a439422f,"[""High-pressure car wash systems"", ""Vacuum cleaning equipment"", ""Foam wash setup"", ""Underbody wash equipment"", ""Polishing and detailing tools""]","[""Mechanized exterior car wash"", ""Interior vacuum and cleaning"", ""Foam and underbody wash"", ""Basic polishing and detailing add-ons"", ""Quick-turnaround car cleaning services""]",00000000-0000-0000-0000-000000000001,,2026-1-10 12:02,2026-1-10 12:02
3427903e-38f7-4158-8044-11b23ac90fef,243ecbfb-c97d-42f8-b56c-31ca4f742263,"[""Car shampoos"", ""Interior cleaners"", ""Dashboard dressers"", ""Glass cleaners"", ""Polishes and waxes"", ""Ceramic/graphene coatings"", ""Microfiber accessories""]","[""Retail sales of Wavex car and bike care products"", ""B2B supply to detailers and workshops"", ""Franchise store management"", ""Product demonstrations and training"", ""Consultation for automotive detailing solutions""]",00000000-0000-0000-0000-000000000001,,2026-1-10 12:02,2026-1-10 12:02
d31049cc-0adb-4beb-ad34-018338fee70c,5b707bb6-7325-4cd8-961e-8eff582d5328,"[""Petrol and electric bikes"", ""Helmets"", ""Mobile app for booking and payments"", ""Partner management system""]","[""Short-term bike rentals"", ""Long-term subscriptions"", ""Corporate leasing"", ""Last-mile delivery fleet management"", ""Fleet operations support and training""]",00000000-0000-0000-0000-000000000001,,2026-1-10 12:02,2026-1-10 12:02
9124ec48-d5c9-4f27-920a-cf665e3b88cc,f796a38b-1d81-4e48-ad0c-4ebeb485b41d,"[""Electric scooters"", ""Electric bikes"", ""Batteries"", ""Chargers""]","[""After-sales service"", ""Spare parts"", ""Extended warranty/service programs""]",00000000-0000-0000-0000-000000000001,,2026-1-10 12:02,2026-1-10 12:02
0459cb6e-bd87-474e-8568-a8e87f8590f1,e909318a-6b26-4da4-a189-c7e5e01c2226,"[""Two-wheeler servicing"", ""Engine repair"", ""Electrical repair"", ""Accidental repairs"", ""AMC packages"", ""Pick-up/Drop services""]","[""Standardized maintenance"", ""Repair services"", ""Customer support"", ""Franchisee operational guidance"", ""Technical training""]",00000000-0000-0000-0000-000000000001,,2026-1-10 12:02,2026-1-10 12:02
34da592d-6570-48cd-ad0c-d085ffac56a1,ad81abe8-369b-42cc-b233-fa5e90258116,"[""Gen-Z Fashion"", ""Casual Wear"", ""Unisex Apparel"", ""Denims"", ""Ethnic Fusion"", ""Accessories""]","[""Store Setup"", ""Visual Merchandising"", ""Marketing Support"", ""Staff Training"", ""Technology & Billing Setup"", ""Supply Chain Support""]",00000000-0000-0000-0000-000000000001,,2026-1-10 12:02,2026-1-10 12:02
9140ff92-f2a8-4a33-99e4-d558b8b0d506,98ecc642-3342-4704-bc19-7da7d34461df,"[""Leather Shoes"", ""Sports Shoes"", ""Denims"", ""Casual Wear"", ""Jackets"", ""Accessories"", ""Fashion Apparel"", ""Footwear""]","[""Training"", ""Marketing Support"", ""Operational Guidance"", ""Store Setup Assistance"", ""Ongoing Support"", ""Inventory Management"", ""Field Visits"", ""IT Support for SAP/POS""]",00000000-0000-0000-0000-000000000001,,2026-1-10 12:02,2026-1-10 12:02
849831b2-5296-4548-bbbf-27523007cb1e,290bec96-ad40-46e1-ad88-33c3cf6536b9,"[""Smart Backpacks"", ""Luggage Bags"", ""Bluetooth Trackers"", ""Travel Accessories"", ""Smart Trolleys"", ""Lifestyle Travel Gear""]","[""Detailed Operating Manuals"", ""Logistics and Supply Support"", ""Marketing Support"", ""Operational Guidance"", ""Training"", ""Technology/IT Systems"", ""Tech Support for Smart Features""]",00000000-0000-0000-0000-000000000001,,2026-1-10 12:02,2026-1-10 12:02
7f884d58-f289-4d6b-955d-48828742213b,0ce95acf-1221-45aa-ae6a-d496a33d1fa8,"[""Men's Formal Wear"", ""Slim-fit Shirts"", ""Trousers"", ""Suave Collection"", ""Men's Shirts"", ""Blazers"", ""Suits"", ""Denims""]","[""Store Setup Guidance"", ""Merchandising Support"", ""Supply/Logistics of Garments"", ""Marketing and Branding"", ""Staff Training"", ""Operational Support""]",00000000-0000-0000-0000-000000000001,,2026-1-10 12:02,2026-1-10 12:02
9dfe14d1-a439-41d5-a454-feb8012cf645,3d7a177b-20bf-4b7d-a8a1-7c3514daa4a5,"[""Spectacles"", ""Contact Lenses"", ""Sunglasses"", ""Eye Testing Services"", ""Prescription Spectacles"", ""Optical Accessories""]","[""Location and Layout Support"", ""Store Setup"", ""Supply Chain for Frames and Lenses"", ""Marketing"", ""Staff and Optometrist Training"", ""Tech/Billing Support"", ""Operational Support""]",00000000-0000-0000-0000-000000000001,,2026-1-10 12:02,2026-1-10 12:02
ff65492e-431d-4b0d-b9e2-c6ad88c6db31,2155ba74-85c2-4123-9485-75b3c9e07def,"[""Fashion Jewellery"", ""Indo-western Accessories"", ""Bridal Sets"", ""Cubic Zirconia"", ""Ethnic Jewellery"", ""Imitation Jewellery""]","[""Store Design and Layout Guidance"", ""Inventory Planning"", ""Logistics Support"", ""Staff Training"", ""Marketing and Promotional Support"", ""Ongoing Operational Support""]",00000000-0000-0000-0000-000000000001,,2026-1-10 12:02,2026-1-10 12:02
2e921ae4-3cf2-48ef-8990-9c01d023ebad,a61d62b8-582d-4179-9603-789f0ee2bece,"[""T-shirts"", ""Shirts"", ""Trousers"", ""Innerwear"", ""Loungewear"", ""Accessories"", ""Polo T-shirts"", ""Casual Wear"", ""Semi-formal Wear""]","[""Store Setup Assistance"", ""VM/Merchandising"", ""Supply Chain Support"", ""Marketing and Promotional Support"", ""Staff Training"", ""Operational Guidance""]",00000000-0000-0000-0000-000000000001,,2026-1-10 12:02,2026-1-10 12:02
986be31d-2c2e-4cea-92fb-c486ddb5a175,7cbee3c6-e9d5-40f1-9be2-ac2fe5053add,"[""Menswear"", ""Casual Wear"", ""Denims"", ""Ready-to-wear"", ""Fashion Apparel"", ""Accessories""]","[""Store Layout and Setup Guidance"", ""Merchandise Planning"", ""Logistics and Inventory Support"", ""Marketing Campaigns"", ""Operational Support"", ""Staff Training""]",00000000-0000-0000-0000-000000000001,,2026-1-10 12:02,2026-1-10 12:02
8b182651-2bdd-42c8-aed2-14c1d3dd9669,ca257ac6-7d5b-4292-a6e1-9d71b5c73ada,"[""Sarees"", ""Lehengas"", ""Salwar Suits"", ""Bridal Wear"", ""Fabrics"", ""Women's Ethnic Apparel"", ""Accessories""]","[""Complete Store Design"", ""Inventory Planning"", ""Centralized Sourcing"", ""Marketing and Branding"", ""Staff Training"", ""Operational and Billing Support""]",00000000-0000-0000-0000-000000000001,,2026-1-10 12:02,2026-1-10 12:02
eade3776-9fca-49d6-a584-5bc9672ffa45,80126705-23b0-47c5-bf0b-bcce2bb4b417,"[""Casual Shirts"", ""Trousers"", ""Jeans"", ""Jackets"", ""Formal Suits"", ""Men's Fashion Apparel""]","[""Store Setup and Interiors"", ""Product Supply and Logistics"", ""Marketing and Promotions"", ""Staff Training"", ""Operational and Technology Support""]",00000000-0000-0000-0000-000000000001,,2026-1-10 12:02,2026-1-10 12:02
5df28419-d35d-400c-bbdd-029b1196eba2,ae70ee5e-ea25-47b0-9b80-aba3400b5cd3,"[""Hospital Administration Courses"", ""Healthcare Management"", ""Supply Chain Management"", ""Logistics Management"", ""Warehouse Management"", ""HSE Training"", ""Vocational Courses"", ""Job-Oriented Programs""]","[""Training Programs"", ""IT System Access"", ""Marketing Support"", ""Operational Support"", ""Placement Assistance"", ""Live Online Classes"", ""Course Curriculum"", ""Franchisee Training""]",00000000-0000-0000-0000-000000000001,,2026-1-10 12:02,2026-1-10 12:02
b54dd0e6-a522-41c4-9fee-f609d8a7449b,f648ef1c-c7c1-4d7f-b04a-91bf04a6718d,"[""Math Worksheets"", ""Reading Worksheets"", ""English Learning Materials"", ""Self-Learning Programs"", ""Skill Progression Materials""]","[""Training"", ""IT System Access"", ""Operations Support"", ""Marketing Support"", ""Academic Support"", ""Material Supply"", ""Standardized Teaching Methodology"", ""Assessment Tools""]",00000000-0000-0000-0000-000000000001,,2026-1-10 12:02,2026-1-10 12:02
5b66db2a-46aa-4454-94b7-12797f233ae7,319210e7-b5f8-45c0-a3d0-9e384b46c5ca,"[""Student Recruitment Platform"", ""University Partnerships"", ""Global Programs Access"", ""Admissions Assistance"", ""Visa Support Services"", ""Scholarship Services"", ""Flight and Accommodation Assistance""]","[""Onboarding Support"", ""Marketing Support"", ""Platform Access"", ""Operational Support"", ""IT Platform"", ""CRM System"", ""Student Management System"", ""University Partnerships""]",00000000-0000-0000-0000-000000000001,,2026-1-10 12:02,2026-1-10 12:02
255622fb-164a-4cef-a986-b1a1b6cc30d5,58b4e1a8-1418-4da0-a57e-23d285891faf,"[""Digital Marketing Courses"", ""Quantum Launch Program"", ""Masterclass"", ""Upskill Program"", ""Visionary Program"", ""Emerging Tech Courses"", ""Startup Incubation"", ""Business Management Training""]","[""Operating Manuals"", ""IT System"", ""Online Support"", ""Franchisee Training"", ""Mentor Network"", ""Marketing Support"", ""Consultancy Services"", ""Quantum Labs Access""]",00000000-0000-0000-0000-000000000001,,2026-1-10 12:02,2026-1-10 12:02
3b75cfeb-31af-4a9d-bfcb-b04e9f957e35,b9e6ee77-95a5-4782-819e-2e9f0e39a9db,"[""Bank PO Coaching"", ""Bank Clerk Coaching"", ""SSC Coaching"", ""Railways Coaching"", ""Insurance Coaching"", ""MBA Entrance Preparation"", ""Spoken English"", ""IELTS and PTE"", ""Study Materials"", ""Online Mock Tests""]","[""Course Curriculum"", ""Study Materials"", ""Online Mock-Tests via App"", ""Marketing Support"", ""Operational Support"", ""ERP System"", ""Student Management System"", ""Franchise Training""]",00000000-0000-0000-0000-000000000001,,2026-1-10 12:02,2026-1-10 12:02
018b181a-7877-4f54-b185-6b92bcf15dae,7484b19e-814d-4ca1-bfab-c1050e50b712,"[""English Language Enrichment"", ""Spelling Competitions"", ""Vocabulary Building"", ""Comprehension Programs"", ""Strategic Language Enhancement Programme"", ""Certification Courses"", ""Online and Offline Modules""]","[""Training"", ""Materials"", ""IT Systems"", ""Competition Infrastructure"", ""School Tie-ups Support"", ""Marketing Collateral"", ""Operational Support"", ""Territorial Support""]",00000000-0000-0000-0000-000000000001,,2026-1-10 12:02,2026-1-10 12:02
bcd4f3e2-4bda-45fb-a958-6c055650ada3,e0d7a709-6146-4915-83d7-1906b24f9ce6,"[""Engineering Upskilling Courses"", ""Tech Skill Courses"", ""Project-Based Learning"", ""Bootcamps"", ""Software Development Training"", ""Mechanical Engineering"", ""Electrical Engineering"", ""Civil Engineering"", ""Automotive Engineering"", ""Computer Science""]","[""Operating Manuals"", ""IT Systems"", ""Support for Onboarding"", ""Marketing Support"", ""Platform Support"", ""Mentorship"", ""Placement Assistance"", ""Online and Hybrid Training""]",00000000-0000-0000-0000-000000000001,,2026-1-10 12:02,2026-1-10 12:02
252441e3-0f40-434d-96f5-34e8f4af4b18,605dc402-64b7-4ba9-9069-e705f4746b7c,"[""Cloud Computing Courses"", ""DevOps Training"", ""Cybersecurity Programs"", ""Full Stack Development"", ""Data Science Courses"", ""Digital Marketing"", ""Software Testing"", ""Web and App Development"", ""Corporate Training"", ""Vocational IT Diplomas""]","[""Curriculum and Course Content License"", ""Learning Management System (LMS)"", ""Faculty and Staff Training"", ""Lab and Infrastructure Setup Guidance"", ""Marketing and Lead Generation Support"", ""Placement Assistance"", ""Operational and Technical Support""]",00000000-0000-0000-0000-000000000001,,2026-1-10 12:02,2026-1-10 12:02
2ef621fa-1448-416b-875b-e48093270cc6,e75e0dd4-68dc-4253-ba10-c66dbc68af66,"[""E-commerce products"", ""Retail goods"", ""Food and beverages"", ""Electronics"", ""Fashion items"", ""Home and lifestyle products"", ""Beauty items""]","[""Operational support"", ""Technology updates"", ""Market analysis"", ""Full marketing campaign support""]",00000000-0000-0000-0000-000000000001,,2026-1-10 12:02,2026-1-10 12:02
62538502-d010-4256-a9b0-910f98c3fcf4,3f8fddd3-f75d-4d55-8622-c998930adc92,"[""Psychometric Assessments"", ""DMIT (Dermatoglyphics Multiple Intelligence Test)"", ""Career Counselling Programs"", ""Aptitude & Personality Tests"", ""Brain Development Programs"", ""School & Corporate Assessments"", ""Student Profiling Solutions""]","[""Assessment Platform Access"", ""Training & Certification"", ""Counselling Frameworks"", ""Marketing & Branding Support"", ""Franchisee Onboarding"", ""Operational & Technical Support"", ""Report Generation & CRM System""]",00000000-0000-0000-0000-000000000001,,2026-1-10 12:02,2026-1-10 12:02
979d9198-1590-4992-b55f-56fb9ce51426,be9dc891-8287-4cbd-9093-b658cae87d07,"[""Gelato Ice Creams"", ""Overloaded Milkshakes"", ""Waffle Jars"", ""Ice Cream Sundaes"", ""Gourmet Desserts"", ""Cold Coffee & Frappes"", ""Seasonal Frozen Specials"", ""100% Vegetarian Products""]","[""Franchise Setup Assistance"", ""Store Launch Support"", ""Marketing & Branding"", ""Staff Training"", ""Operational SOPs"", ""POS & Inventory Systems"", ""Ongoing Field Support""]",00000000-0000-0000-0000-000000000001,,2026-1-10 12:02,2026-1-10 12:02
f07c364d-6e0f-4327-9090-c36e253226d9,20eb604e-6144-4ec8-9dfc-e504cfc576ea,"[""100% Natural Ice Creams"", ""Cold Stone Concept Ice Creams"", ""Hand-Mixed Gourmet Ice Creams"", ""Milkshakes & Thick Shakes"", ""Desserts & Sundaes"", ""Institutional (HORECA) Supply""]","[""Franchise Setup Assistance"", ""Store Design & Layout Support"", ""Staff Training & Certification"", ""Operational SOPs"", ""Marketing & Branding Support"", ""Raw Material Supply"", ""Ongoing Head Office Support""]",00000000-0000-0000-0000-000000000001,,2026-1-10 12:02,2026-1-10 12:02
058e0cb0-638d-4bde-b83f-a017d482e8e9,945cd8b9-47c7-4093-b0ea-4531c6ced200,"[""Marble Stone Hand-Folded Ice Creams"", ""Waffles & Sundaes"", ""Milkshakes & Thick Shakes"", ""Ice Cream Cakes"", ""Take-away Pints"", ""Party Packs""]","[""Franchise Setup Support"", ""Store Design & Layout Assistance"", ""Equipment & Machinery Supply"", ""Staff Training & Certification"", ""Marketing & Launch Support"", ""Supply Chain & Raw Material Support"", ""Ongoing Operational Assistance""]",00000000-0000-0000-0000-000000000001,,2026-1-10 12:02,2026-1-10 12:02
9ccbb116-4a74-4ee2-b65c-03227815148d,23483a03-aa1e-4e9e-862e-23a723901474,"[""Natural Ice Creams"", ""Premium Hand-made Kulfi"", ""Waffles (planned)"", ""20+ Natural Fruit & Chocolate Flavors""]","[""Continuous operational support"", ""Marketing support"", ""On-the-job training"", ""Classroom training"", ""Field assistance"", ""Detailed operating manuals"", ""POS and digital management systems""]",00000000-0000-0000-0000-000000000001,,2026-1-10 12:02,2026-1-10 12:02
4412d0db-4f30-4670-aee2-e65e86607aa1,70628840-212f-4377-8b18-8aa145bc292a,"[""Premium Ice Cream"", ""Softies (Soft Serve)"", ""Thick Shakes"", ""Hard Scoops"", ""Sundaes"", ""Milkshakes"", ""Mastani""]","[""Continuous operational support"", ""Complete marketing assistance"", ""On-the-job training"", ""Classroom training at Nashik HQ"", ""Field assistance"", ""Detailed operating manuals"", ""POS and digital management systems""]",00000000-0000-0000-0000-000000000001,,2026-1-10 12:02,2026-1-10 12:02
79dc7ca8-7a8a-40e4-89de-b34806b6222e,6855aba8-d2c9-4cd6-aa86-bed08d0acfc8,"[""Ice Cream Burgers"", ""Ice Cream Sundaes"", ""Exotic Ice Cream Scoops"", ""Hot & Cold Coffees"", ""Belgian Waffles"", ""Waffle Pizzas"", ""Grilled Sandwiches"", ""Tortilla Wraps"", ""Nachos"", ""French Fries"", ""Milkshakes"", ""Ice Cream Floats""]","[""Continuous operational support"", ""Social media marketing support"", ""On-the-job training"", ""Classroom training at Bangalore HQ"", ""Regular field assistance"", ""Detailed operating manuals"", ""POS and digital management systems""]",00000000-0000-0000-0000-000000000001,,2026-1-10 12:02,2026-1-10 12:02
c7e34cd4-7ad5-402d-851e-a2233964dccd,9bb91606-f058-4164-bcaa-87892da94227,"[""Soft Serve Ice Cream"", ""Customized Sundaes"", ""Milkshakes"", ""Frozen Desserts"", ""Cornetto"", ""Feast"", ""Vienetta"", ""Max"", ""Moo""]","[""Continuous operational support"", ""Marketing support by HUL"", ""On-the-job training"", ""Classroom training programs"", ""Detailed operating manuals"", ""POS and digital management systems""]",00000000-0000-0000-0000-000000000001,,2026-1-10 12:02,2026-1-10 12:02
a6236cb4-c0bc-4177-a41e-1788f2e443ad,5f399d54-407c-4b4a-98c7-aef9ad1600c6,"[""Premium Frozen Yogurt"", ""Smoothies"", ""Falooda"", ""Yogurt-based Desserts""]","[""Comprehensive franchise training"", ""Operational support"", ""Marketing support"", ""Field assistance"", ""POS system integration""]",00000000-0000-0000-0000-000000000001,,2026-1-10 12:02,2026-1-10 12:02
e66f8823-edc7-4114-beba-72e02832ada6,489d88bf-1f8d-4de9-b7f1-a863268d3126,"[""Pre-Packed Ice Creams"", ""Dairy Products"", ""Beverages"", ""Sundaes"", ""Milkshakes""]","[""Logistics Setup"", ""Marketing"", ""Operational Support"", ""Training"", ""Technology Setup"", ""On-the-job Training"", ""Classroom Training"", ""Distributor-level Assistance""]",00000000-0000-0000-0000-000000000001,,2026-1-10 12:02,2026-1-10 12:02
a9af040e-0d1a-4cec-aacb-89f2da5f37aa,f1ce23fc-d9bd-4514-83be-543b30357cb1,"[""Premium Ice Cream"", ""Rabri Falooda"", ""Mango Shakes"", ""Kesar Pista"", ""Traditional Desserts"", ""Sundaes"", ""Milkshakes""]","[""Operational Support"", ""Training"", ""Marketing Support"", ""Field Assistance"", ""Detailed Operating Manuals"", ""POS System Support""]",00000000-0000-0000-0000-000000000001,,2026-1-10 12:02,2026-1-10 12:02
15850985-a86d-4c49-9920-394f066f2e2a,4af9efb4-507c-4d83-bac1-bfcb915174a4,"[""Hot Coffee"", ""Cold Coffee"", ""Shakes"", ""Snacks"", ""Pastries""]","[""Operational Support"", ""Training"", ""Marketing Support"", ""Field Assistance"", ""Detailed Operating Manuals"", ""POS System Support""]",00000000-0000-0000-0000-000000000001,,2026-1-10 12:02,2026-1-10 12:02
569fc516-5541-41e9-b2bf-764bd1c0719c,38561e9f-265f-4bd5-9e6f-4d4c001fab1e,"[""Multi-cuisine Restaurant"", ""Italian Food"", ""Mexican Food"", ""American Food"", ""Continental Food"", ""Chinese Food"", ""Indian Food""]","[""Training Programs"", ""Marketing Support"", ""Field Assistance"", ""IT Systems"", ""Operational Guidance""]",00000000-0000-0000-0000-000000000001,,2026-1-10 12:02,2026-1-10 12:02
41ae9b53-e48b-43f6-b00b-9961a6d64aeb,fb0b305f-4c8f-43af-acc7-5619797e05a7,"[""Tea/Coffee Beverages"", ""Milkshakes"", ""Soups"", ""Ice Crusher"", ""Quick Bites (Khakhra, Bhakhri, Mouth Fresheners)"", ""Kulhad Rani Earthenware - Tableware, Cookware, Plantware""]","[""On-the-job Training"", ""Classroom Training"", ""Marketing Support"", ""Field Assistance"", ""Operational Manuals"", ""Recruitment Support""]",00000000-0000-0000-0000-000000000001,,2026-1-10 12:02,2026-1-10 12:02
f97ca752-3edc-4dc5-a3ae-e8498a5e0ece,fbb1242f-32be-4c01-b085-b98486a13802,"[""Shakes & Frappes"", ""Bakery Items"", ""Burgers"", ""Sandwiches"", ""Pizzas"", ""Bake Dishes"", ""Mexican Cuisine"", ""Fries"", ""Ice Creams"", ""Hot & Cold Beverages""]","[""On-the-job Training"", ""Classroom Training"", ""Marketing Support"", ""Field Assistance"", ""Operational Manuals"", ""Recruitment Support"", ""Store Setup Assistance"", ""Ingredient Sourcing"", ""Delivery Platform Integration (Swiggy, Zomato)""]",00000000-0000-0000-0000-000000000001,,2026-1-10 12:02,2026-1-10 12:02
fbdb4719-c7b7-459c-ae54-38699ee728d6,bb624860-ff6d-416a-bd40-2458aeefed6c,"[""Drip Coffee"", ""Black Coffee"", ""Coffee Latte"", ""Irish Coffee Frappes"", ""Cold Coffee (Seasonal)""]","[""On-the-job Training"", ""Classroom Training"", ""Marketing Support"", ""Raw Material Support"", ""Site Selection Assistance"", ""Operational Guidance"", ""IT System Setup""]",00000000-0000-0000-0000-000000000001,,2026-1-10 12:02,2026-1-10 12:02
eb23eb8c-2fe4-471c-a1d6-1258a61d1de9,d93c950c-ab6f-4a07-b92b-33b89adc419b,"[""Toys"", ""Games"", ""Educational Products"", ""Licensed Character Merchandise"", ""Action Figures"", ""Soft Toys"", ""Puzzles"", ""Board Games"", ""Building Sets"", ""Play Sets""]","[""On-the-job Training"", ""Classroom Training"", ""Marketing & Branding Support"", ""Inventory & Supply Chain Support"", ""Operational Guidance"", ""POS/Billing System Setup"", ""Field Assistance""]",00000000-0000-0000-0000-000000000001,,2026-1-10 12:02,2026-1-10 12:02
b9e3c25f-f2c9-42c6-a144-d2e933604d08,12c8ab8c-e4fd-4910-8bce-ef630b9e6491,"[""Dog Food"", ""Pet Accessories"", ""Toys"", ""Grooming Products"", ""Premium Pet Care Items""]","[""Pet Grooming Services"", ""Pet Training Programs"", ""Retail Pet Products"", ""Pet Wellness Consultation"", ""Dog Boarding"", ""Customer Support""]",00000000-0000-0000-0000-000000000001,,2026-1-10 12:02,2026-1-10 12:02
63955d87-ac7c-4372-b5c5-a124a51fc8f8,64afff51-8b14-4193-a750-6c03763a23b4,"[""Modular Kitchens"", ""Custom Wardrobes"", ""Home Furniture"", ""False Ceiling"", ""Flooring Solutions"", ""Wall Painting"", ""Window Dressing"", ""Entertainment Units"", ""Study Tables"", ""Storage Solutions""]","[""Interior Design Consultation"", ""3D Visualization"", ""Project Management"", ""Manufacturing & Installation"", ""Quality Assurance"", ""After-Sales Support"", ""Lead Generation Support"", ""Marketing Assistance""]",00000000-0000-0000-0000-000000000001,,2026-1-10 12:02,2026-1-10 12:02
1ae8e5f0-7c19-4726-a21e-f1d886724cd9,3431dd32-d63e-4fce-8a7b-488a02dadf73,"[""Generic Medicines"", ""Branded Medicines"", ""Nutritional Supplements"", ""Ayurvedic Products"", ""Diabetes Care Products"", ""Personal Care Products"", ""Healthcare Devices"", ""Wellness Products""]","[""Retail Pharmacy Operations"", ""Affordable Generic Medicine Supply"", ""Inventory Management Support"", ""POS & Billing System"", ""Regulatory Compliance Assistance"", ""Staff Training"", ""Marketing & Promotional Support"", ""Online Pharmacy Integration""]",00000000-0000-0000-0000-000000000001,,2026-1-10 12:02,2026-1-10 12:02
d5886885-f758-4a26-86c6-d1a2ce281890,c6444da3-7bf0-44e7-a219-85d4e84bded4,"[""Certified Diamond Jewelry"", ""Precious Gemstone Jewelry"", ""Engagement Rings"", ""Wedding Jewelry"", ""Designer Jewelry Collections"", ""Gold and Platinum Jewelry"", ""Lifetime Exchange Jewelry""]","[""FOCO Franchise Operations"", ""Inventory Management"", ""Store Operations and Staffing"", ""Marketing and Promotions"", ""Customer Relationship Management"", ""Store Maintenance"", ""After-Sales Support""]",00000000-0000-0000-0000-000000000001,,2026-1-10 12:02,2026-1-10 12:02
17bc1d33-7827-4a90-9332-dc1501594781,b702b30c-ea16-4a5b-8d78-13f8c41c51d3,"[""Interior design consultation"", ""3D visualization"", ""Furniture retail"", ""Home decor products"", ""Project management"", ""Vendor coordination"", ""Installation supervision""]","[""On-the-job Training"", ""Classroom Training"", ""Marketing & Branding Support"", ""Operational Guidance"", ""POS/Billing System Setup"", ""Field Assistance"", ""Technology & Design Software Training""]",00000000-0000-0000-0000-000000000001,,2026-1-10 12:02,2026-1-10 12:02
9cc5ad1a-9f03-4db6-b9d2-3673a0a02e36,7d07fbd9-d1a5-4820-8ff8-c1120ea6ff06,"[""Rain jackets"", ""Ponchos"", ""Umbrellas"", ""Luggage"", ""Footwear"", ""Waterproof bags"", ""School bags"", ""Travel & Outdoor Accessories""]","[""On-the-job Training"", ""Classroom Training"", ""Marketing & Branding Support"", ""Operational Guidance"", ""POS/Billing System Setup"", ""Field Assistance"", ""Inventory & Supply Chain Support""]",00000000-0000-0000-0000-000000000001,,2026-1-10 12:02,2026-1-10 12:02
a71ae754-1de0-4ee3-b84e-e79c54b24cb9,0b66ede6-6a9d-4dc1-a71e-d4ac5db22f6f,"[""Raincoats"", ""Waterproof jackets"", ""Ponchos"", ""Umbrellas"", ""Waterproof accessories"", ""Seasonal collections""]","[""On-the-job Training"", ""Classroom Training"", ""Marketing & Branding Support"", ""Operational Guidance"", ""POS/Billing System Setup"", ""Inventory & Supply Chain Support"", ""Field Assistance""]",00000000-0000-0000-0000-000000000001,,2026-1-10 12:02,2026-1-10 12:02
49aa3c22-d2a3-42cd-a5cd-bc74805a0d0a,606a879b-da69-4f28-bb62-7d6928c5bfda,"[""Men's Footwear"", ""Women's Footwear"", ""Children's Shoes"", ""Sports Shoes"", ""Casual Footwear"", ""Premium Collections"", ""Accessories""]","[""Store design and layout"", ""Visual merchandising"", ""Inventory supply"", ""Product training"", ""POS support"", ""Marketing materials""]",00000000-0000-0000-0000-000000000001,,2026-1-10 12:02,2026-1-10 12:02
e45be515-6d5e-4aa9-a194-0b5f70ed8ca9,51de79ee-7094-4b9e-8fd8-36c14770b17d,"[""Modular Kitchens"", ""Wardrobes"", ""Kitchen Islands"", ""Crockery Units"", ""Shoe Racks"", ""Study Units"", ""False Ceilings"", ""Wardrobe Systems"", ""Design Consultation""]","[""Inventory planning"", ""Product pricing"", ""Client acquisition"", ""Interior design consultation"", ""CRM software"", ""Marketing support"", ""Website support"", ""Operational guidance""]",00000000-0000-0000-0000-000000000001,,2026-1-10 12:02,2026-1-10 12:02
d5ac1c38-ea2f-47d1-8a29-b29cc263a889,1fac6fce-3ca3-41c6-a470-541370486496,"[""Organized grocery products"", ""Quality FMCG items"", ""Packaged foods"", ""Health products"", ""Daily essentials"", ""Brand collections""]","[""Store design"", ""Visual merchandising"", ""Inventory management"", ""POS support"", ""Staff training"", ""Marketing support""]",00000000-0000-0000-0000-000000000001,,2026-1-10 12:02,2026-1-10 12:02
3d052e77-c3e9-41ed-b7c0-8618296ae632,7ead3192-9970-4ca4-9492-1e653cba5c40,"[""Organic vegetables"", ""Organic fruits"", ""Seasonal produce"", ""Tropical varieties"", ""Exotic produce"", ""Organic certification"", ""Farmer-sourced guarantee""]","[""Organic source identification"", ""Product procurement"", ""Display guidance"", ""Organic certification support"", ""Customer engagement""]",00000000-0000-0000-0000-000000000001,,2026-1-10 12:02,2026-1-10 12:02
3f676475-2e99-4075-b6da-995019b27fd0,b369aafb-788d-48c2-a292-1227e246c5e2,"[""Daily groceries"", ""Household essentials"", ""Vegetables & Fruits (Fresh)"", ""Dairy products"", ""Spices & Condiments"", ""Personal care items"", ""FMCG products""]","[""Complete logistics support"", ""Supplier network"", ""Technology platform"", ""Operational guidance"", ""Marketing assistance""]",00000000-0000-0000-0000-000000000001,,2026-1-10 12:02,2026-1-10 12:02
67eb126e-275a-4f92-8763-ebf6261e4670,4aafb50c-8cb6-4610-9232-89902077d0a3,"[""Web design & development"", ""ERP solutions"", ""Open source customization"", ""E-commerce platforms"", ""Digital marketing"", ""Cloud services"", ""Custom software development""]","[""Technical training"", ""Client support system"", ""Software platform"", ""Technology updates"", ""Business development guidance""]",00000000-0000-0000-0000-000000000001,,2026-1-10 12:02,2026-1-10 12:02
42a07564-eacd-40b3-8c7d-ac575d6471d7,30a2d954-c1e6-4ca8-8b82-c27241094307,"[""50,000+ validated products"", ""Fashion"", ""Electronics"", ""Home & Living"", ""Beauty"", ""Accessories"", ""All categories dropshipping""]","[""Technology platform"", ""Product catalog access"", ""Payment processing"", ""Logistics integration"", ""Marketing guidance""]",00000000-0000-0000-0000-000000000001,,2026-1-10 12:02,2026-1-10 12:02
816ff0e7-bd53-48a6-9d67-9689ab10643c,490c8da9-056b-42c8-953b-790ae0d96980,"[""Groceries"", ""Fresh vegetables and fruits"", ""Dairy products"", ""Personal care items"", ""Household essentials"", ""Packaged foods""]","[""Operational training"", ""Supply chain support"", ""Market updates"", ""POS & inventory system support""]",00000000-0000-0000-0000-000000000001,,2026-1-10 12:02,2026-1-10 12:02
a3ce4b2f-52c1-48a9-92c8-adda986e321d,3ab4cfd1-65bf-4466-b000-fa986136cf8a,"[""Casual footwear"", ""Formal shoes"", ""Office wear"", ""Sports footwear"", ""Sandals"", ""Kids footwear"", ""Trendy designs""]","[""Inventory management"", ""Market updates"", ""Performance tracking""]",00000000-0000-0000-0000-000000000001,,2026-1-10 12:02,2026-1-10 12:02
6eb8e315-8bef-4494-be8b-1e98aace1da3,52e386d0-16ce-48fa-91c9-75e6dc633959,"[""Networking courses"", ""System Administration"", ""IT Certifications"", ""Linux training"", ""Cisco certifications"", ""Microsoft certifications"", ""IT fundamentals""]","[""Curriculum updates"", ""Educational support"", ""Technology guidance""]",00000000-0000-0000-0000-000000000001,,2026-1-10 12:02,2026-1-10 12:02
b179b836-4449-4895-a850-a1facbf86dec,1ae94dc8-64ad-42e0-9650-72d9fe7e83c5,"[""HR Technology Platform"", ""Talent Management Software"", ""Recruitment Portal Access"", ""Employee Assessment Tools"", ""HR Analytics Dashboard""]","[""Permanent Staffing"", ""Temporary Staffing"", ""Executive Search"", ""HR Outsourcing"", ""Payroll Management"", ""Training & Development""]",00000000-0000-0000-0000-000000000001,,2026-01-10 12:02:00,2026-01-10 12:02:00
5a94fd9a-2bb8-4d1d-9d72-1c299266c581,b1966850-3f94-4893-8f7e-c6d27ee51461,"[""Gym Equipment"", ""Fitness Merchandise"", ""Cult Apparel"", ""Protein Supplements"", ""Fitness Accessories""]","[""Gym Membership"", ""Personal Training"", ""Group Fitness Classes"", ""Yoga & Meditation"", ""Zumba Classes"", ""CrossFit Training"", ""Diet Consultation""]",00000000-0000-0000-0000-000000000001,,2026-01-10 12:02:00,2026-01-10 12:02:00
b1898ab5-c502-4541-b39c-c2c0df60f155,3fdfc493-e614-4001-b564-8169665b6043,"[""Luxury Décor Pieces"", ""Wall Art"", ""Sculptures"", ""Vases & Ceramics"", ""Decorative Figurines"", ""Candles & Diffusers"", ""Cushions & Throws""]","[""Interior Design Consultation"", ""Home Styling"", ""Custom Art Sourcing"", ""Gift Wrapping"", ""Home Décor Planning""]",00000000-0000-0000-0000-000000000001,,2026-01-10 12:02:00,2026-01-10 12:02:00
f4840da8-af1c-43c5-8a59-1af16c444bf8,7c3e49a3-81b4-48ae-b744-c00b8dc05568,"[""Ayurvedic Medicines"", ""Herbal Supplements"", ""Ayurvedic Oils"", ""Wellness Skincare"", ""Herbal Teas"", ""Organic Health Products""]","[""Panchakarma Therapy"", ""Ayurvedic Consultation"", ""Wellness Programs"", ""Rejuvenation Treatments"", ""Stress Management"", ""Dietary Counseling""]",00000000-0000-0000-0000-000000000001,,2026-01-10 12:02:00,2026-01-10 12:02:00
65cd5118-ecc1-4d2b-8641-5c37a7387e0b,5c90c0fb-38e7-441d-a4b3-932c8d19d915,"[""Franchise Listing Platform"", ""Franchise Business Directory"", ""Investment Opportunity Reports"", ""Market Research Reports"", ""Franchise Agreement Templates""]","[""Franchise Consulting"", ""Business Matching"", ""Investor Connect"", ""Due Diligence Support"", ""Franchise Launch Assistance"", ""Marketing Support""]",00000000-0000-0000-0000-000000000001,,2026-01-10 12:02:00,2026-01-10 12:02:00
0769969d-8915-4718-91e0-05df985214ed,58e2d28f-d82e-4377-ae5d-34600e0382a9,"[""Learning Materials"", ""Activity Kits"", ""Educational Toys"", ""Story Books"", ""Art & Craft Supplies"", ""Digital Learning Tools""]","[""Preschool Education (2-6 years)"", ""Day Care"", ""After School Activities"", ""Parent-Teacher Programs"", ""Play-Based Learning"", ""Cognitive Development Programs""]",00000000-0000-0000-0000-000000000001,,2026-01-10 12:02:00,2026-01-10 12:02:00
d1a9a501-6013-4c66-96ee-fa26dbb79876,9dfffdd4-1e58-4269-9d0e-cf773083ffaf,"[""Educational Workbooks"", ""Learning Activity Kits"", ""Story Books"", ""Montessori Materials"", ""Art Supplies""]","[""Preschool Program (2-5 years)"", ""Nursery Classes"", ""Kindergarten"", ""Play Group"", ""Day Care"", ""Holiday Programs""]",00000000-0000-0000-0000-000000000001,,2026-01-10 12:02:00,2026-01-10 12:02:00
cd134328-93cb-4bcf-a922-d273995d9459,19f4d529-70a5-4231-8055-fec1caeaa905,"[""Idli"", ""Dosa"", ""Vada"", ""Sambar"", ""Chutney"", ""Filter Coffee"", ""Rasam"", ""Appam"", ""Uttapam""]","[""Dine-in"", ""Takeaway"", ""Catering"", ""Home Delivery"", ""Breakfast Specials""]",00000000-0000-0000-0000-000000000001,,2026-01-10 12:02:00,2026-01-10 12:02:00
aacd308e-381d-49e1-8fd5-c03cfa494570,b6cb22e1-d94a-4a31-a69c-d7cebd7e2da1,"[""Diamond Jewelry"", ""Gold Jewelry"", ""Gemstone Jewelry"", ""Bridal Sets"", ""Engagement Rings"", ""Earrings"", ""Necklaces"", ""Bangles""]","[""Jewelry Consultation"", ""Custom Jewelry Design"", ""Jewelry Repair"", ""Hallmarking"", ""Certification Services""]",00000000-0000-0000-0000-000000000001,,2026-01-10 12:02:00,2026-01-10 12:02:00
0b783c2d-7634-45f7-8a23-cd35ba4a38eb,b5e867d7-e04d-4974-b1dc-1e8d7a45c77f,"[""Scandinavian Home Furniture"", ""Living Room Furniture"", ""Bedroom Sets"", ""Home Décor"", ""Lighting"", ""Storage Solutions"", ""Rugs & Carpets""]","[""Interior Design Consultation"", ""Home Styling"", ""Delivery & Assembly"", ""Custom Furniture Orders"", ""After-Sales Support""]",00000000-0000-0000-0000-000000000001,,2026-01-10 12:02:00,2026-01-10 12:02:00
30aa4a69-e01e-4bef-8d67-c3a49431e702,5d6e645a-ca76-4ed6-9c3a-65688ee1dd02,"[""Thin Crust Pizza"", ""Classic Pizza"", ""Specialty Pizza"", ""Calzone"", ""Garlic Bread"", ""Pasta"", ""Beverages""]","[""Dine-in"", ""Takeaway"", ""Home Delivery"", ""Catering"", ""Online Ordering""]",00000000-0000-0000-0000-000000000001,,2026-01-10 12:02:00,2026-01-10 12:02:00
c28d5f85-59f1-4df0-aceb-94058289a5ff,9aaac6a3-893d-407f-bc56-2440ef3e5e74,"[""Review Platform Access"", ""College Rating Reports"", ""Course Comparison Tools"", ""Student Feedback System"", ""Career Guidance Materials""]","[""College Counseling"", ""Course Selection Guidance"", ""Admission Assistance"", ""Career Counseling"", ""Study Abroad Guidance""]",00000000-0000-0000-0000-000000000001,,2026-01-10 12:02:00,2026-01-10 12:02:00
f97fd37c-2791-4448-8826-a6f4893a711c,6efcf26f-b96d-467f-b08d-40957a446d85,"[""Musical Instruments"", ""Dance Costumes"", ""Stage Equipment"", ""Performance Materials"", ""Learning Kits""]","[""Dance Training"", ""Music Classes"", ""Theatre Workshops"", ""Performance Events"", ""Competition Coaching"", ""Talent Development""]",00000000-0000-0000-0000-000000000001,,2026-01-10 12:02:00,2026-01-10 12:02:00
485e7af5-945d-439c-a2f1-8a7ea9d3f2f0,5aec5231-9a13-4ec6-b378-d5964efadc4a,"[""Textbooks & Study Materials"", ""School Uniforms"", ""Stationery"", ""Digital Learning Tools"", ""Sports Equipment""]","[""International Curriculum (K-12)"", ""Extra-Curricular Activities"", ""Sports Programs"", ""Arts & Crafts"", ""Parent Engagement Programs"", ""Counseling Services""]",00000000-0000-0000-0000-000000000001,,2026-01-10 12:02:00,2026-01-10 12:02:00
4a8baaff-c3c1-40ed-bcfc-ac3cae675286,f8b3e14e-2a1b-4ca1-a862-ff8ba9e173ca,"[""Diamond Jewelry"", ""Gold Jewelry"", ""Silver Jewelry"", ""Gemstone Jewelry"", ""Bridal Collections"", ""Fashion Jewelry""]","[""Jewelry Consultation"", ""Custom Design"", ""Repair & Polishing"", ""Exchange & Buyback"", ""Certification Services""]",00000000-0000-0000-0000-000000000001,,2026-01-10 12:02:00,2026-01-10 12:02:00
a4f0a896-fd6a-46cf-b924-30739768d570,2181d9cf-6d6b-4078-acee-317b4cc66ce9,"[""Educational Toys"", ""Learning Activity Kits"", ""Workbooks"", ""Art & Craft Supplies"", ""Digital Learning Materials""]","[""Playgroup (1.5-2.5 years)"", ""Nursery (2.5-3.5 years)"", ""LKG/UKG Programs"", ""Day Care"", ""Activity Classes"", ""Parent Workshops""]",00000000-0000-0000-0000-000000000001,,2026-01-10 12:02:00,2026-01-10 12:02:00
fc74bf13-a68f-49f3-93b3-1e525726ae64,42b424ae-4fe6-499f-8da7-eba2f6369b6b,"[""Baby Products"", ""Educational Toys"", ""Learning Kits"", ""Developmental Activity Materials"", ""Art Supplies""]","[""Preschool Education"", ""Day Care"", ""Parenting Workshops"", ""Developmental Assessments"", ""Child Care Services""]",00000000-0000-0000-0000-000000000001,,2026-01-10 12:02:00,2026-01-10 12:02:00
f4948645-c8f2-4a8f-9f4f-af846c865dc8,c6e5a3dd-2b86-49aa-b104-e0a6873c8d0a,"[""Gym Equipment"", ""Sports Gear"", ""Fitness Accessories"", ""Workout Apparel"", ""Supplements""]","[""Gym Membership"", ""Personal Training"", ""Group Fitness"", ""Sports Coaching"", ""Nutrition Counseling"", ""Health Assessments""]",00000000-0000-0000-0000-000000000001,,2026-01-10 12:02:00,2026-01-10 12:02:00
f10ca02d-d62b-461f-aba5-4d032fc58332,d38aabdb-219c-4f57-a903-7cc8b78a3158,"[""Holiday Packages"", ""International Tour Packages"", ""Domestic Tour Packages"", ""Group Tour Packages"", ""Flight Bookings"", ""Hotel Bookings""]","[""Travel Planning"", ""Visa Assistance"", ""Tour Guiding"", ""Travel Insurance"", ""Corporate Travel Management"", ""Customized Itinerary Planning""]",00000000-0000-0000-0000-000000000001,,2026-01-10 12:02:00,2026-01-10 12:02:00
a7998ebd-f947-4271-a17f-8d1a419c0cee,8d1f2c2b-4dd4-4959-8ec7-375edd59f999,"[""Classic Pizza"", ""Loaded Pizza"", ""Stuffed Crust Pizza"", ""Garlic Bread"", ""Pasta"", ""Beverages"", ""Desserts""]","[""Dine-in"", ""Takeaway"", ""Home Delivery"", ""Party Orders"", ""Bulk Catering""]",00000000-0000-0000-0000-000000000001,,2026-01-10 12:02:00,2026-01-10 12:02:00
eb9a8f9a-cb6f-4974-a243-79cee3ebf4bb,a7eebaa7-a429-4489-b0f0-1f29b069af63,"[""Course Materials"", ""Design Software Licenses"", ""Art Supplies"", ""Portfolio Development Kits"", ""Study Resources""]","[""Fashion Design Courses"", ""Graphic Design Training"", ""Interior Design Programs"", ""Photography Courses"", ""Placement Assistance"", ""Industry Internships""]",00000000-0000-0000-0000-000000000001,,2026-01-10 12:02:00,2026-01-10 12:02:00
c42ab385-35f2-466d-b279-13dec23837fb,496ce3e5-cf47-4bf4-8874-b4572a97def5,"[""Solid Wood Furniture"", ""Living Room Sets"", ""Bedroom Furniture"", ""Dining Tables"", ""Storage Solutions"", ""Office Furniture"", ""Custom Wood Pieces""]","[""Furniture Consultation"", ""Custom Design"", ""Delivery & Installation"", ""Refurbishment"", ""After-Sales Service""]",00000000-0000-0000-0000-000000000001,,2026-01-10 12:02:00,2026-01-10 12:02:00
77be66c2-285f-4d2d-8430-c1357573c68d,a42c35fe-e9bd-42b0-8787-966596a54f97,"[""Gold Jewelry"", ""Diamond Jewelry"", ""Silver Jewelry"", ""Gemstone Jewelry"", ""Bridal Collections"", ""Fashion Accessories"", ""Watches""]","[""Jewelry Consultation"", ""Custom Design"", ""Repair & Polishing"", ""Exchange & Buyback"", ""Hallmarking"", ""Certification""]",00000000-0000-0000-0000-000000000001,,2026-01-10 12:02:00,2026-01-10 12:02:00
d22378b9-f89a-4ac8-8234-b3b6da63064a,5d130317-45b7-4caa-aa92-b38fabf64bd8,"[""Punjabi Cuisine"", ""Dal Makhani"", ""Butter Chicken"", ""Tandoori Items"", ""Rotis & Naans"", ""Lassi"", ""Punjabi Desserts""]","[""Fine Dining"", ""Private Dining"", ""Catering"", ""Wedding Catering"", ""Event Hosting"", ""Takeaway""]",00000000-0000-0000-0000-000000000001,,2026-01-10 12:02:00,2026-01-10 12:02:00
7a86151c-8844-4d29-a8c0-5692b0035671,757661f5-15bb-4634-87a2-e83e5e4ac1be,"[""Amul Milk"", ""Butter"", ""Cheese"", ""Ice Cream"", ""Chocolates"", ""Yogurt"", ""Ghee"", ""Flavoured Milk""]","[""Retail Distribution"", ""Home Delivery"", ""Bulk Orders"", ""Institutional Supply""]",00000000-0000-0000-0000-000000000001,,2026-01-10 12:02:00,2026-01-10 12:02:00
dadb7451-24ba-4da1-bf66-354b3f75be58,46bdfbfd-5076-4275-808a-0654c0f16d64,"[""Indian Cuisine"", ""Street Food Inspired Dishes"", ""Chaat"", ""Tikkas"", ""Curries"", ""Biryanis"", ""Desserts"", ""Beverages""]","[""Dine-in"", ""Takeaway"", ""Catering"", ""Home Delivery"", ""Event Catering""]",00000000-0000-0000-0000-000000000001,,2026-01-10 12:02:00,2026-01-10 12:02:00
1d518322-219c-4243-bdbd-070eced34294,13b02d85-0b21-41df-a42b-a3e69627c361,"[""Wellness Products"", ""Herbal Supplements"", ""Therapeutic Oils"", ""Wellness Equipment"", ""Health Devices""]","[""Physiotherapy"", ""Chiropractic Care"", ""Yoga Therapy"", ""Nutrition Counseling"", ""Pain Management"", ""Rehabilitation Programs""]",00000000-0000-0000-0000-000000000001,,2026-01-10 12:02:00,2026-01-10 12:02:00
e40b37ce-bc56-451f-b30b-1a716cec84e1,685e5824-24fc-4845-b14b-c910e3724267,"[""Gym Equipment"", ""Fitness Accessories"", ""Branded Merchandise"", ""Supplements"", ""Fitness Trackers""]","[""24/7 Gym Access"", ""Personal Training"", ""Group Classes"", ""Fitness Assessments"", ""Online Coaching"", ""Nutrition Guidance""]",00000000-0000-0000-0000-000000000001,,2026-01-10 12:02:00,2026-01-10 12:02:00
de628da8-6afe-4842-888f-563c72688f66,c7b53088-088e-47c7-880c-33fff141f5cc,"[""Diagnostic Kits"", ""Medications"", ""Wellness Products"", ""Medical Devices"", ""Health Supplements""]","[""Multi-Specialty Healthcare"", ""Diagnostics"", ""Pharmacy"", ""Preventive Health Checkups"", ""Telemedicine"", ""Specialist Consultations""]",00000000-0000-0000-0000-000000000001,,2026-01-10 12:02:00,2026-01-10 12:02:00
5464306c-b360-4aa8-a1cd-ec52df0d6ee3,0c1a24dd-8ba8-49c0-9201-209dcec335ff,"[""Three-Wheeler Vehicles"", ""Electric Three-Wheelers"", ""Commercial Vehicles"", ""Spare Parts"", ""Accessories""]","[""Vehicle Sales"", ""After-Sales Service"", ""Spare Parts Supply"", ""Vehicle Financing"", ""Warranty Services""]",00000000-0000-0000-0000-000000000001,,2026-01-10 12:02:00,2026-01-10 12:02:00
b0268cfe-0126-4eb9-98d5-0be79fc8d134,513980c6-0171-4aff-a7f3-b55f1a3e291d,"[""Hair Care Products"", ""Skin Care Products"", ""Beauty Cosmetics"", ""Nail Products"", ""Styling Tools""]","[""Haircut & Styling"", ""Hair Coloring"", ""Facial Treatments"", ""Manicure & Pedicure"", ""Makeup Services"", ""Body Treatments"", ""Bridal Packages""]",00000000-0000-0000-0000-000000000001,,2026-01-10 12:02:00,2026-01-10 12:02:00
59a490fa-6aca-414a-882d-65da6281694e,9ed14b2b-c050-40f4-a1be-9a0681fc1fcf,"[""Baby Hair Care Products"", ""Kids Styling Tools"", ""Baby Accessories"", ""Gift Sets"", ""Organic Baby Care""]","[""Kids Haircut"", ""Baby First Haircut Ceremony"", ""Kids Spa"", ""Hair Styling"", ""Kids Birthday Packages"", ""Parent Accompaniment Services""]",00000000-0000-0000-0000-000000000001,,2026-01-10 12:02:00,2026-01-10 12:02:00
73cf9acf-664d-4a8b-8a23-f5a2a4be1fdc,306adbb9-1cd9-4b86-a202-0cdd8351a725,"[""Educational Toys"", ""Activity Books"", ""Learning Kits"", ""Art Supplies"", ""Music & Dance Materials""]","[""Playgroup"", ""Nursery"", ""LKG"", ""UKG"", ""Day Care"", ""Activity Classes"", ""Enrichment Programs""]",00000000-0000-0000-0000-000000000001,,2026-01-10 12:02:00,2026-01-10 12:02:00
7824da3b-d36e-4c2d-9b03-e05b038c5137,ac9a69a5-6742-4c61-a0fc-357ffaacb990,"[""Men's Footwear"", ""Women's Footwear"", ""Children's Shoes"", ""Sports Shoes"", ""Formal Shoes"", ""Casual Footwear"", ""Sandals"", ""Accessories""]","[""Shoe Fitting Service"", ""Custom Orders"", ""Repair Services"", ""Exchange Program"", ""School Shoe Programs""]",00000000-0000-0000-0000-000000000001,,2026-01-10 12:02:00,2026-01-10 12:02:00
f76d3fda-81c3-4024-ac6a-0f3b140cc5f3,dea2856c-266c-404b-ba9a-660bf0018d47,"[""Designer Sarees"", ""Salwar Suits"", ""Lehengas"", ""Ethnic Fusion Wear"", ""Kurtis"", ""Dupattas"", ""Accessories""]","[""Personalized Styling"", ""Alterations & Tailoring"", ""Bridal Consultation"", ""Custom Outfit Design"", ""Retail Store Operations""]",00000000-0000-0000-0000-000000000001,,2026-01-10 12:02:00,2026-01-10 12:02:00
b431f7c8-d0d4-4955-b3cd-6fcd3628db5f,6e7e1589-f738-4d22-98b1-15f122e473ce,"[""Classic Burgers"", ""Gourmet Burgers"", ""Chicken Burgers"", ""Vegetarian Burgers"", ""Fries"", ""Shakes"", ""Beverages""]","[""Dine-in"", ""Takeaway"", ""Home Delivery"", ""Online Ordering"", ""Catering for Events""]",00000000-0000-0000-0000-000000000001,,2026-01-10 12:02:00,2026-01-10 12:02:00
ab56eea9-8a92-4f2e-8b8b-273475dd7ef2,1984c3e0-e84b-4f1b-9983-778f9dfd90fc,"[""Chicken Biryani"", ""Mutton Biryani"", ""Vegetable Biryani"", ""Dum Biryani"", ""Raita"", ""Shorba"", ""Desserts""]","[""Dine-in"", ""Takeaway"", ""Home Delivery"", ""Bulk Orders"", ""Catering Services""]",00000000-0000-0000-0000-000000000001,,2026-01-10 12:02:00,2026-01-10 12:02:00
caa68a5e-9e1c-4825-85d5-23b9849d01a6,fa32c4a3-f72f-4edc-85d4-51bde717a0a9,"[""Activity Kits"", ""Educational Toys"", ""Learning Materials"", ""Developmental Worksheets"", ""Story Books""]","[""Day Care (6 months - 5 years)"", ""Learning Programs"", ""Montessori-based Education"", ""After-School Care"", ""Holiday Camps""]",00000000-0000-0000-0000-000000000001,,2026-01-10 12:02:00,2026-01-10 12:02:00
c7f14ceb-f546-42bb-a094-aacf2c08954e,add4ca64-cde4-4c81-8e58-d521d898372b,"[""Custom Cakes"", ""Cupcakes"", ""Pastries"", ""Cookies"", ""Dessert Hampers"", ""Birthday Cakes"", ""Wedding Cakes"", ""Donuts""]","[""Custom Cake Design"", ""Event Catering"", ""Cake Delivery"", ""Baking Classes"", ""Corporate Gifting"", ""Online Ordering""]",00000000-0000-0000-0000-000000000001,,2026-01-10 12:02:00,2026-01-10 12:02:00
80d8425a-c4ee-4de0-a570-19d07aa6801a,a39cf9a7-18eb-40d7-a536-ac1a43690702,"[""Men's Shirts"", ""Formal Trousers"", ""Casual T-shirts"", ""Women's Western Wear"", ""Kids Clothing"", ""Accessories"", ""Denim Jeans""]","[""Retail Shopping"", ""Personal Styling"", ""Alterations"", ""Exchange & Returns"", ""Loyalty Program""]",00000000-0000-0000-0000-000000000001,,2026-01-10 12:02:00,2026-01-10 12:02:00
a732b207-d4b0-43fa-8447-94e8d501a8c0,9c4c8994-4d2e-45ee-98ff-0dc08f89f6dc,"[""Pre-Owned Cars"", ""Certified Used Cars"", ""Car Inspection Reports"", ""Vehicle Documentation""]","[""Used Car Buying"", ""Instant Car Valuation"", ""Vehicle Inspection"", ""Documentation Services"", ""Auto Loans"", ""Car Selling Platform""]",00000000-0000-0000-0000-000000000001,,2026-01-10 12:02:00,2026-01-10 12:02:00
0e184ecd-9fec-474b-bd46-7fcbbe6c22c0,11ec541c-8d14-4ee5-ba4c-dabf82387746,"[""Pearl Jewelry"", ""Pearl Necklaces"", ""Pearl Earrings"", ""Pearl Bracelets"", ""Pearl Rings"", ""Pearl Sets"", ""Gold Jewelry""]","[""Jewelry Consultation"", ""Custom Pearl Jewelry Design"", ""Certification"", ""Repair & Restringing"", ""Exchange Program""]",00000000-0000-0000-0000-000000000001,,2026-01-10 12:02:00,2026-01-10 12:02:00
24b6ba4c-2a64-48d9-9c0f-2be51fcf4d29,e82dbdfb-34d6-4427-99f1-7334e55a59eb,"[""Deep Dish Pizza"", ""Classic Pizza"", ""Thin Crust Pizza"", ""Garlic Bread"", ""Pasta"", ""Beverages"", ""Desserts""]","[""Dine-in"", ""Takeaway"", ""Home Delivery"", ""Party Catering"", ""Online Ordering""]",00000000-0000-0000-0000-000000000001,,2026-01-10 12:02:00,2026-01-10 12:02:00
6a146e3c-6811-4a05-8e7f-9509b48ba624,4a4b2be6-742f-4690-bdb4-7f307761ef4c,"[""Women's Ethnic Wear"", ""Western Wear"", ""Indo-Fusion Outfits"", ""Tops"", ""Dresses"", ""Accessories"", ""Footwear""]","[""Personalized Styling"", ""Alterations"", ""Online Shopping"", ""Exchange & Returns"", ""Loyalty Program""]",00000000-0000-0000-0000-000000000001,,2026-01-10 12:02:00,2026-01-10 12:02:00
ebcedb1a-de30-417d-afc2-3f43a83627ce,ec3f96f0-08fb-4e9f-8c7f-890d7128c6b5,"[""Espresso"", ""Cappuccino"", ""Latte"", ""Americano"", ""Mocha"", ""Cold Coffee"", ""Pastries"", ""Sandwiches"", ""Cakes""]","[""Dine-in Coffee Experience"", ""Takeaway"", ""Loyalty Rewards"", ""Wi-Fi Access"", ""Corporate Coffee Catering""]",00000000-0000-0000-0000-000000000001,,2026-01-10 12:02:00,2026-01-10 12:02:00
10a60d78-e93d-4203-8b99-202fa0b17a39,b30cf2fe-a449-40e7-9afa-3ce7a29cf2ec,"[""Skincare Products"", ""Anti-Aging Serums"", ""Brightening Creams"", ""Sunscreens"", ""Beauty Supplements"", ""Hair Care Products""]","[""Skin Analysis"", ""Facial Treatments"", ""Acne Treatment"", ""Anti-Aging Procedures"", ""Laser Therapy"", ""Beauty Consultations""]",00000000-0000-0000-0000-000000000001,,2026-01-10 12:02:00,2026-01-10 12:02:00
b1a8c05c-34a1-4e5f-bc9b-adc201175ded,7a48f43c-7ccb-480c-8b26-77c5994cb82e,"[""Car Cleaning Products"", ""Ceramic Coating"", ""Paint Protection Film"", ""Detailing Equipment"", ""Polishing Compounds""]","[""Full Car Detailing"", ""Ceramic Coating"", ""Paint Protection Film (PPF)"", ""Interior Cleaning"", ""Engine Cleaning"", ""Headlight Restoration""]",00000000-0000-0000-0000-000000000001,,2026-01-10 12:02:00,2026-01-10 12:02:00
d12a605a-2041-472c-b748-73537e05bc24,6e313ad1-9e12-4d70-853a-944f567a0acb,"[""Laundry Bags"", ""Fabric Care Products"", ""Stain Remover"", ""Hangers"", ""Garment Bags""]","[""Wash & Fold"", ""Dry Cleaning"", ""Steam Ironing"", ""Express Laundry"", ""Pickup & Delivery"", ""Shoe Cleaning"", ""Bag Cleaning""]",00000000-0000-0000-0000-000000000001,,2026-01-10 12:02:00,2026-01-10 12:02:00
2b1a19a6-884f-4c35-b5b7-a3a1edd0f45b,3cac3d1d-27d2-4009-8a0f-9cd03a389407,"[""Health Monitoring Kits"", ""Medical Supplies"", ""Prescription Medicines"", ""Health Devices""]","[""Doctor Home Visits"", ""Telemedicine Consultations"", ""Diagnostic Sample Collection"", ""Nursing Care at Home"", ""Physiotherapy at Home"", ""Post-Surgery Care""]",00000000-0000-0000-0000-000000000001,,2026-01-10 12:02:00,2026-01-10 12:02:00
f06cbea0-9d95-4a04-9cd9-d8eb9f7f1b38,0646a3ac-eaf3-406e-ac72-d59fddb63b78,"[""Diagnostic Test Kits"", ""Sample Collection Materials"", ""Health Packages"", ""Medical Reports""]","[""Blood Tests"", ""Urine Tests"", ""Imaging Services"", ""Health Checkup Packages"", ""Home Sample Collection"", ""Corporate Health Programs"", ""Digital Reports""]",00000000-0000-0000-0000-000000000001,,2026-01-10 12:02:00,2026-01-10 12:02:00
e62caba0-93b5-4b05-9554-204f0f8c3784,c4c6e592-e9bc-4518-b791-482f31803ead,"[""Men's Shirts"", ""Trousers"", ""T-Shirts"", ""Jeans"", ""Jackets"", ""Women's Wear"", ""Kids Clothing"", ""Accessories""]","[""Retail Shopping"", ""Personal Styling"", ""Alteration Services"", ""Loyalty Program"", ""Exchange & Returns""]",00000000-0000-0000-0000-000000000001,,2026-01-10 12:02:00,2026-01-10 12:02:00
16c40b43-3f7a-4293-a1a4-338ec37f1b91,b99cc638-61d0-49c1-ba47-9fbd822a1ccf,"[""Biryani"", ""Kebabs"", ""Tandoori Specialties"", ""Curries"", ""Breads"", ""Desserts"", ""Beverages""]","[""Fine Dining"", ""Private Dining"", ""Catering"", ""Corporate Events"", ""Wedding Catering"", ""Takeaway""]",00000000-0000-0000-0000-000000000001,,2026-01-10 12:02:00,2026-01-10 12:02:00
585089c1-4469-4419-a37a-3ab0b47734fc,91dd4711-5e07-4a7e-8a75-d8384fc158b9,"[""Learning Materials"", ""Activity Books"", ""Educational Toys"", ""Art Supplies"", ""Digital Learning Tools""]","[""Playgroup (1.5-2 years)"", ""Nursery"", ""LKG/UKG"", ""Day Care"", ""After-School Programs"", ""Summer Camps""]",00000000-0000-0000-0000-000000000001,,2026-01-10 12:02:00,2026-01-10 12:02:00
5295e188-2258-4990-8fa5-f23ea246f5a6,3b4bb16e-1882-4bbf-b79f-0ffd13491af4,"[""Spectacles"", ""Contact Lenses"", ""Sunglasses"", ""Prescription Lenses"", ""Eye Care Accessories""]","[""Eye Examination"", ""Cataract Surgery"", ""LASIK"", ""Retina Treatment"", ""Glaucoma Management"", ""Pediatric Eye Care"", ""Optical Retail""]",00000000-0000-0000-0000-000000000001,,2026-01-10 12:02:00,2026-01-10 12:02:00
bd24f50d-e3e5-4e11-bc4a-b814560aaa9d,5e12d3d4-5738-4955-94e3-03608f6a6ab8,"[""Pizza"", ""Pasta"", ""Garlic Bread"", ""Beverages"", ""Desserts"", ""Snacks""]","[""Dine-in"", ""Takeaway"", ""Home Delivery"", ""Online Ordering"", ""Bulk Orders""]",00000000-0000-0000-0000-000000000001,,2026-01-10 12:02:00,2026-01-10 12:02:00
cb5c3101-f250-4313-8b63-a1455c5041c9,3ae8b196-9e9d-443e-b1e5-df65526686e3,"[""Generic Medicines"", ""OTC Medications"", ""Health Supplements"", ""Ayurvedic Products"", ""Diagnostic Kits"", ""Personal Care Products""]","[""Pharmacy Retail"", ""Medicine Consultation"", ""Generic Drug Sourcing"", ""Home Delivery of Medicines"", ""Health Checkup Camps""]",00000000-0000-0000-0000-000000000001,,2026-01-10 12:02:00,2026-01-10 12:02:00
84593940-2c4e-4ff6-9a19-dc9bc0b9b4d1,146c0b9a-7f1a-4349-acbb-9e635b67f0ed,"[""Ice Cream"", ""Lassi"", ""Milkshakes"", ""Kulfi"", ""Fruit Ice Cream"", ""Frozen Desserts""]","[""Dine-in"", ""Takeaway"", ""Bulk Orders"", ""Catering for Events"", ""Home Delivery""]",00000000-0000-0000-0000-000000000001,,2026-01-10 12:02:00,2026-01-10 12:02:00
ad308ef8-85a5-46b4-a5d7-5128aa2670bc,668b8c49-6dd3-4e0d-ab5a-1ae6a0e1829d,"[""Gym Equipment"", ""Fitness Merchandise"", ""Supplements"", ""Sportswear"", ""Fitness Accessories""]","[""Gym Membership"", ""Personal Training"", ""Group Classes"", ""Yoga"", ""Zumba"", ""CrossFit"", ""Nutrition Counseling"", ""Body Transformation Programs""]",00000000-0000-0000-0000-000000000001,,2026-01-10 12:02:00,2026-01-10 12:02:00
836a9570-ac2a-416c-91e7-e7e5113a6a63,f3a87cae-1f95-490d-9dbc-8f0759a06895,"[""Groceries"", ""Fresh Vegetables & Fruits"", ""Dairy Products"", ""FMCG Products"", ""Packaged Foods"", ""Personal Care Items"", ""Household Essentials""]","[""Retail Grocery Shopping"", ""Home Delivery"", ""Online Ordering"", ""Loyalty Program"", ""Bulk Order Services""]",00000000-0000-0000-0000-000000000001,,2026-01-10 12:02:00,2026-01-10 12:02:00
6b5b042e-41ea-420f-892d-eef4e731ac8e,58e082bd-8ad9-4ee9-92ca-be29f3892f4b,"[""Educational Books"", ""Activity Materials"", ""Learning Kits"", ""Art & Craft Supplies"", ""Musical Instruments""]","[""Playgroup"", ""Nursery Classes"", ""LKG/UKG"", ""Day Care"", ""After-School Programs"", ""Parent Development Programs""]",00000000-0000-0000-0000-000000000001,,2026-01-10 12:02:00,2026-01-10 12:02:00
4074999e-2f1a-43d1-9ebc-72bb75ffa121,5ac44d91-d7c0-4ddb-ba5c-e152d8954bf7,"[""Fertility Medications"", ""IVF Kits"", ""Diagnostic Services"", ""Embryology Supplies""]","[""IVF Treatment"", ""IUI Treatment"", ""Egg Freezing"", ""Fertility Consultations"", ""Genetic Testing"", ""Embryo Freezing"", ""Surrogacy Support""]",00000000-0000-0000-0000-000000000001,,2026-01-10 12:02:00,2026-01-10 12:02:00
ed8fc4f9-7284-43c6-93e9-48c77fadff6a,be84dd74-61cb-46bf-b3a8-953d79be7933,"[""Textbooks"", ""Study Materials"", ""Digital Learning Tools"", ""School Uniforms"", ""Stationery""]","[""International Curriculum (K-12)"", ""Preschool Programs"", ""Extra-Curricular Activities"", ""Sports Programs"", ""Counseling Services"", ""Parent Programs""]",00000000-0000-0000-0000-000000000001,,2026-01-10 12:02:00,2026-01-10 12:02:00
14220664-b549-4ef1-9363-847854c4fbe4,a1396a46-d38e-4e0b-877e-7e0fd55be66a,"[""Hair Care Products"", ""Styling Products"", ""Hair Color"", ""Shampoos & Conditioners"", ""Grooming Accessories""]","[""Haircut & Styling"", ""Hair Coloring & Highlights"", ""Hair Spa"", ""Scalp Treatments"", ""Smoothening & Straightening"", ""Blow Dry"", ""Bridal Packages""]",00000000-0000-0000-0000-000000000001,,2026-01-10 12:02:00,2026-01-10 12:02:00
9bbdb798-8e19-4c29-8cd8-0404e03430e5,368e80d9-3ba0-46d2-9979-67cbdb69ce6f,"[""Course Materials"", ""Design Portfolio Kits"", ""Fashion Illustration Books"", ""Software Licenses"", ""Art Supplies""]","[""Fashion Design Courses"", ""Textile Design Programs"", ""Interior Design Courses"", ""Jewelry Design"", ""Placement Assistance"", ""Industry Projects""]",00000000-0000-0000-0000-000000000001,,2026-01-10 12:02:00,2026-01-10 12:02:00
a75aec90-aa89-4756-a6f1-296b72682000,0db4c3ee-7282-42aa-be41-21732c3658b6,"[""Vada Pav"", ""Pav Bhaji"", ""Cheese Burst Vada Pav"", ""Masala Vada Pav"", ""Beverages"", ""Snacks""]","[""Quick Service"", ""Takeaway"", ""Online Ordering"", ""Delivery"", ""Bulk Orders for Events""]",00000000-0000-0000-0000-000000000001,,2026-01-10 12:02:00,2026-01-10 12:02:00
05c5c0b7-0e77-453f-b2a3-e57db37e90f6,3f29e1a8-d818-4cc7-ae35-d92c4bcfa357,"[""Sindhi Cuisine"", ""Chaat"", ""Papdi Chaat"", ""Dahi Bhalla"", ""Chole Bhature"", ""Indian Sweets"", ""Beverages""]","[""Dine-in"", ""Takeaway"", ""Catering"", ""Home Delivery"", ""Festive Special Menus""]",00000000-0000-0000-0000-000000000001,,2026-01-10 12:02:00,2026-01-10 12:02:00
b069c4b7-160b-41b4-90d0-2fc7f1816ab5,a5e859b4-6b8c-4036-b87b-04a4cb2b0181,"[""Educational Toys"", ""Learning Kits"", ""Activity Books"", ""Art Supplies"", ""Digital Learning Tools""]","[""Playgroup (1.5-2 years)"", ""Nursery (2-3 years)"", ""LKG (3-4 years)"", ""UKG (4-5 years)"", ""Day Care"", ""Holiday Programs""]",00000000-0000-0000-0000-000000000001,,2026-01-10 12:02:00,2026-01-10 12:02:00
2a49d100-df02-45bb-8fa2-30897827d168,49b564d1-e211-41fb-901b-bc102d9bea80,"[""Diamond Jewelry"", ""Gold Jewelry"", ""Gemstone Jewelry"", ""Bridal Sets"", ""Engagement Rings"", ""Necklaces"", ""Earrings""]","[""Jewelry Consultation"", ""Custom Diamond Selection"", ""Certification"", ""Repair Services"", ""Buyback Program""]",00000000-0000-0000-0000-000000000001,,2026-01-10 12:02:00,2026-01-10 12:02:00
01229d34-fac2-493b-841c-bdeb4078ce37,f75aaa41-acce-4021-99a0-070a49650240,"[""RO Water Purifiers"", ""UV Purifiers"", ""UF Purifiers"", ""Alkaline Water Purifiers"", ""Commercial Water Purifiers"", ""Water Softeners"", ""Accessories""]","[""Product Demo"", ""Installation"", ""Annual Maintenance Contract (AMC)"", ""Repair & Service"", ""Filter Replacement"", ""Water Quality Testing""]",00000000-0000-0000-0000-000000000001,,2026-01-10 12:02:00,2026-01-10 12:02:00
04426a62-a573-4928-bab5-469d51c42d70,e2d6be80-968a-41d6-985c-3d1526410c64,"[""Handcrafted Products"", ""Traditional Handicrafts"", ""Ethnic Home Décor"", ""Artisan Jewelry"", ""Handloom Fabrics""]","[""Retail Store Operations"", ""Online Sales"", ""Custom Orders"", ""Gift Packaging"", ""Corporate Gifting""]",00000000-0000-0000-0000-000000000001,,2026-01-10 12:02:00,2026-01-10 12:02:00
74e83d2e-fb81-43b9-996f-abe1fde42b26,4412b726-961e-4fd1-8338-a5b8552490bc,"[""Diamond Jewelry"", ""Gold Jewelry"", ""Silver Jewelry"", ""Gemstone Jewelry"", ""Bridal Collections"", ""Daily Wear Collections""]","[""Jewelry Consultation"", ""Custom Design"", ""BIS Hallmarking"", ""Exchange Program"", ""Repair Services"", ""Certification""]",00000000-0000-0000-0000-000000000001,,2026-01-10 12:02:00,2026-01-10 12:02:00
009168af-a785-42de-a876-4079b9990f75,ffc26e8a-e1ca-436f-86c0-8947b436fd79,"[""Hair Color Products"", ""Shampoos & Conditioners"", ""Styling Products"", ""Skin Care Products"", ""Makeup Products"", ""Nail Colors""]","[""Haircut & Styling"", ""Hair Coloring"", ""Facials"", ""Manicure & Pedicure"", ""Bridal Makeup"", ""Makeup Services"", ""Hair Treatments""]",00000000-0000-0000-0000-000000000001,,2026-01-10 12:02:00,2026-01-10 12:02:00
d4ee771e-2bc4-4970-b298-ee48140a303e,7e6708bc-282e-4db5-b896-947f0d407cb2,"[""Laundry Bags"", ""Fabric Care Products"", ""Packaging Materials"", ""Hangers""]","[""Wash & Fold"", ""Dry Cleaning"", ""Steam Ironing"", ""Express Service"", ""Shoe Cleaning"", ""Carpet Cleaning"", ""Pickup & Delivery"", ""Premium Garment Care""]",00000000-0000-0000-0000-000000000001,,2026-01-10 12:02:00,2026-01-10 12:02:00
2686a8c9-b28d-45d5-8ee4-45b0dc370765,63e8fcdd-17af-4413-8cd1-39e2012795b1,"[""Denim Jeans"", ""Shirts"", ""T-Shirts"", ""Jackets"", ""Shorts"", ""Women's Denim"", ""Kids Wear"", ""Accessories"", ""Footwear""]","[""Personal Styling"", ""Alteration Services"", ""Returns & Exchange"", ""Loyalty Rewards"", ""Custom Fit Service""]",00000000-0000-0000-0000-000000000001,,2026-01-10 12:02:00,2026-01-10 12:02:00
bba6fd79-29b9-44b8-b2e9-3f2be9652cc3,b92f6992-01e1-4a17-ae71-059cf3c0f4c5,"[""Hair Care Products"", ""Styling Products"", ""Beauty Products"", ""Kids Hair Accessories""]","[""Kids Haircut"", ""Men's Haircut"", ""Women's Haircut & Styling"", ""Kids Birthday Packages"", ""Hair Coloring"", ""Spa Treatments"", ""Grooming Services""]",00000000-0000-0000-0000-000000000001,,2026-01-10 12:02:00,2026-01-10 12:02:00
8e76479c-d0e3-4627-905f-c72f622f4440,9cb52bae-6893-483a-9614-22be48d7030a,"[""L'Oreal Hair Products"", ""Colour Creams"", ""Salon Products"", ""Skin Care Range"", ""Makeup Range""]","[""Professional Hair Coloring"", ""Hair Treatments"", ""Keratin Treatments"", ""Facials"", ""Salon Retail"", ""Beauty Consultations"", ""Styling Services""]",00000000-0000-0000-0000-000000000001,,2026-01-10 12:02:00,2026-01-10 12:02:00
bdbf3412-e944-4c60-9cfd-cc7843773706,06b6e3d7-2a69-4879-8453-d20a2e06ac72,"[""Hair Care Products"", ""Skin Care Products"", ""Luxury Grooming Products"", ""Spa Products"", ""Styling Products""]","[""Luxury Haircut & Styling"", ""Hair Coloring"", ""Deep Conditioning"", ""Spa Treatments"", ""Facial Therapies"", ""Full Body Massages"", ""Bridal Packages""]",00000000-0000-0000-0000-000000000001,,2026-01-10 12:02:00,2026-01-10 12:02:00
da48aef0-2af2-4e64-944f-9baa75418f4b,4dba6b15-ff3f-4c41-8b51-0946518c35ab,"[""Women's Western Wear"", ""Formal Wear"", ""Casual Wear"", ""Dresses"", ""Tops & Bottoms"", ""Accessories"", ""Bags & Footwear""]","[""Personal Styling"", ""Alterations"", ""Exchange & Returns"", ""Loyalty Program"", ""Online Shopping Support""]",00000000-0000-0000-0000-000000000001,,2026-01-10 12:02:00,2026-01-10 12:02:00
aed43316-40d4-4231-a831-c27e05b9220a,1aee7828-e8ca-4951-b955-3d272a66dbc4,"[""Filter Coffee"", ""Tea"", ""South Indian Snacks"", ""Idli"", ""Dosa"", ""Vada"", ""Pongal"", ""Beverages""]","[""Dine-in"", ""Takeaway"", ""Quick Service"", ""Catering"", ""Home Delivery""]",00000000-0000-0000-0000-000000000001,,2026-01-10 12:02:00,2026-01-10 12:02:00
006014f7-8621-437c-bac6-b536a62353fc,641d1345-19c9-4711-89e0-b9bd5db58643,"[""Masala Chai"", ""Special Blended Teas"", ""Coffee"", ""Cold Beverages"", ""Snacks"", ""Light Bites""]","[""Quick Service"", ""Dine-in"", ""Takeaway"", ""Delivery"", ""Catering for Events""]",00000000-0000-0000-0000-000000000001,,2026-01-10 12:02:00,2026-01-10 12:02:00
611d69f2-d3b0-456c-b347-a0d1f1eb73ca,e22fba63-c32b-4be4-8707-c42476609842,"[""Baby Clothing"", ""Maternity Wear"", ""Men's Essentials"", ""Baby Accessories"", ""Nursery Products"", ""Gift Sets""]","[""Personalized Shopping"", ""Gifting Solutions"", ""Exchange & Returns"", ""Online Shopping"", ""Bulk Orders""]",00000000-0000-0000-0000-000000000001,,2026-01-10 12:02:00,2026-01-10 12:02:00
a709f7d5-38f7-4f36-a210-75478bfd8de6,9d3c202d-9381-4147-92a2-c889ecd68121,"[""Egg Dishes"", ""Egg Curries"", ""Omelettes"", ""Egg Biryani"", ""Egg Rolls"", ""Egg Sandwiches"", ""Beverages""]","[""Quick Service"", ""Dine-in"", ""Takeaway"", ""Home Delivery"", ""Bulk Orders""]",00000000-0000-0000-0000-000000000001,,2026-01-10 12:02:00,2026-01-10 12:02:00
dcee627d-821e-47be-95c6-020675c46a12,f73cf74b-e2d3-469e-959f-52fc1a245bce,"[""Coffee Beverages"", ""Mocktails"", ""Desserts"", ""Snacks"", ""Light Meals"", ""Beverages""]","[""Lounge Dining"", ""Café Experience"", ""Event Hosting"", ""Wi-Fi Access"", ""Catering"", ""Takeaway""]",00000000-0000-0000-0000-000000000001,,2026-01-10 12:02:00,2026-01-10 12:02:00
61d71325-c40e-478e-805b-0b5f20439b1d,2ab72a84-be1d-4f96-bfc6-cbf4113c345d,"[""Winter Wear"", ""Woollen Sweaters"", ""Jackets"", ""Blazers"", ""T-Shirts"", ""Trousers"", ""Scarves"", ""Accessories""]","[""Retail Shopping"", ""Personal Styling"", ""Alteration Services"", ""Exchange & Returns"", ""Seasonal Discounts""]",00000000-0000-0000-0000-000000000001,,2026-01-10 12:02:00,2026-01-10 12:02:00
a8819d6e-b747-4301-93a3-cc071aa80004,f90c3450-c059-4971-afde-fa199ffc1790,"[""HR Technology Tools"", ""Recruitment Assessment Kits"", ""HR Software Access"", ""Training Materials""]","[""Permanent Staffing"", ""Executive Recruitment"", ""HR Consulting"", ""Payroll Management"", ""Background Verification"", ""Training & Development""]",00000000-0000-0000-0000-000000000001,,2026-01-10 12:02:00,2026-01-10 12:02:00
b437f908-d3a8-4aaf-88be-50ef43073b1d,8ffc9f7a-c3a4-404a-8794-b81f3fa7176d,"[""Educational Workbooks"", ""Activity Kits"", ""Montessori Materials"", ""Story Books"", ""Art Supplies""]","[""Playgroup (1.5-2 years)"", ""Nursery (2-3 years)"", ""LKG/UKG"", ""Day Care"", ""Art & Craft Classes"", ""Yoga for Kids""]",00000000-0000-0000-0000-000000000001,,2026-01-10 12:02:00,2026-01-10 12:02:00
b43b47bb-c62d-45fc-833a-d75e091f28e4,2bded616-68d1-448d-ae54-1bcf470b058f,"[""Butter Chicken"", ""Tandoori Items"", ""Dal Makhani"", ""Indian Breads"", ""Kebabs"", ""Biryanis"", ""Indian Desserts""]","[""Fine Dining"", ""Banquet Services"", ""Catering"", ""Delivery"", ""Wedding Catering"", ""Corporate Events""]",00000000-0000-0000-0000-000000000001,,2026-01-10 12:02:00,2026-01-10 12:02:00
ec4402fc-d93a-45ef-9746-1c0dc5229c04,61a026f1-84fe-4e23-981c-dc964514ca67,"[""Hair Care Products"", ""Beard Products"", ""Grooming Accessories"", ""Styling Products"", ""Skin Care Products""]","[""Men's Haircut"", ""Beard Grooming"", ""Women's Haircut & Styling"", ""Hair Coloring"", ""Facials"", ""Skin Treatments"", ""Nail Care""]",00000000-0000-0000-0000-000000000001,,2026-01-10 12:02:00,2026-01-10 12:02:00
f9a73434-b8a0-40cd-a167-a41f01c4266d,d39d234b-6ab8-4219-809e-d08dcb0e0f25,"[""Car Cleaning Products"", ""Microfiber Cloths"", ""Vacuum Bags"", ""Cleaning Accessories""]","[""Exterior Wash"", ""Interior Cleaning"", ""Steam Cleaning"", ""Waterless Wash"", ""Commercial Fleet Cleaning"", ""Eco-Friendly Wash""]",00000000-0000-0000-0000-000000000001,,2026-01-10 12:02:00,2026-01-10 12:02:00
bf66029b-ef6b-4663-bb9b-7de85b2d6aa1,5e827729-112a-49f4-8575-eb8cfc74b271,"[""Living Room Furniture"", ""Bedroom Sets"", ""Dining Tables"", ""Storage Solutions"", ""Home Décor"", ""Lighting"", ""Kids Furniture""]","[""Interior Design Consultation"", ""Furniture Delivery & Assembly"", ""Custom Furniture Orders"", ""Exchange Program"", ""Customer Support""]",00000000-0000-0000-0000-000000000001,,2026-01-10 12:02:00,2026-01-10 12:02:00
e584d814-90a1-4e08-9d75-78ac95b6bba2,72e6add9-4743-4221-8a37-504502dbca6b,"[""Casual Footwear"", ""Sports Shoes"", ""Sandals"", ""Slippers"", ""School Shoes"", ""Women's Footwear"", ""Kids Footwear""]","[""Shoe Fitting"", ""Exchange & Returns"", ""Warranty Service"", ""Bulk Order Processing"", ""Retail Store Operations""]",00000000-0000-0000-0000-000000000001,,2026-01-10 12:02:00,2026-01-10 12:02:00
d7c89096-4ba5-42de-b8f8-97f4e3bb0c1a,8bda802f-25a5-4d3b-a073-e775b8254f4d,"[""Hair Care Products"", ""Anti-Hair Fall Range"", ""Scalp Treatment Products"", ""Nourishing Oils"", ""Hair Growth Supplements""]","[""Trichology Consultation"", ""Hair Loss Treatment"", ""Scalp Analysis"", ""PRP Therapy"", ""Laser Therapy"", ""Hair Transplant Guidance"", ""Hair Growth Programs""]",00000000-0000-0000-0000-000000000001,,2026-01-10 12:02:00,2026-01-10 12:02:00
c529d18f-248e-4b9e-ae4b-18cc5eb67ce2,ad2f745b-ddda-4165-b428-6274b3a3294c,"[""Men's Shirts"", ""Trousers"", ""T-Shirts"", ""Formal Wear"", ""Casual Wear"", ""Jeans"", ""Jackets"", ""Accessories""]","[""Retail Shopping"", ""Personal Styling"", ""Alteration Services"", ""Exchange & Returns"", ""Loyalty Program""]",00000000-0000-0000-0000-000000000001,,2026-01-10 12:02:00,2026-01-10 12:02:00
8f886a62-ceb6-4afa-afb2-7baebfefda8e,26e419c5-022d-401b-81b0-e1c58f24aa39,"[""Kitchen Cookware"", ""Non-Stick Pans"", ""Tawa"", ""Pressure Cookers"", ""Kitchen Accessories"", ""Baking Equipment""]","[""Product Demo"", ""Distribution"", ""Retail"", ""After-Sales Support"", ""Cookware Maintenance Advice""]",00000000-0000-0000-0000-000000000001,,2026-01-10 12:02:00,2026-01-10 12:02:00
d11e804f-f8a4-4044-9e71-6f56947a6a43,ee22ea13-04d5-4669-b113-1ee8a1c679f7,"[""Fresh Salads"", ""Grain Bowls"", ""Wraps"", ""Smoothies"", ""Healthy Snacks"", ""Juices"", ""Detox Bowls""]","[""Dine-in"", ""Takeaway"", ""Home Delivery"", ""Corporate Meal Plans"", ""Diet Consultation"", ""Online Ordering""]",00000000-0000-0000-0000-000000000001,,2026-01-10 12:02:00,2026-01-10 12:02:00
7a9d784a-1d97-4215-903c-c16f51d23a11,dbe4e874-1e0a-44f1-9c88-23243a97f81d,"[""Smart Home Switches"", ""Energy Meters"", ""Circuit Breakers"", ""Smart Plugs"", ""Lighting Control Systems"", ""HVAC Controls"", ""EV Charging Equipment""]","[""Product Distribution"", ""Installation Support"", ""After-Sales Service"", ""Technical Training"", ""Energy Management Consulting""]",00000000-0000-0000-0000-000000000001,,2026-01-10 12:02:00,2026-01-10 12:02:00
153c63b0-c58d-40c8-bf7c-801b8c1d5ca4,7b1471a1-c276-4f1c-9750-efa7cf61e6f1,"[""Gold Jewelry"", ""Diamond Jewelry"", ""Silver Jewelry"", ""Gemstone Jewelry"", ""Platinum Jewelry"", ""Bridal Collections"", ""Men's Jewelry""]","[""Jewelry Consultation"", ""Custom Design"", ""BIS Hallmarking"", ""Exchange Program"", ""Buyback Policy"", ""Repair Services""]",00000000-0000-0000-0000-000000000001,,2026-01-10 12:02:00,2026-01-10 12:02:00
5a47f422-4959-49c0-9d6e-90765822b7b2,285a8087-2909-4baa-b959-149231119cea,"[""Two-Wheeler Parts"", ""Engine Oil"", ""Batteries"", ""Tyres"", ""Accessories"", ""Helmets""]","[""Two-Wheeler Servicing"", ""Engine Overhaul"", ""Brake Service"", ""Electrical Repair"", ""Tyre Services"", ""AMC Packages"", ""Pickup & Drop""]",00000000-0000-0000-0000-000000000001,,2026-01-10 12:02:00,2026-01-10 12:02:00
40cb51cf-36e1-4902-9a79-d181fa8a3b82,7d4c71df-a292-4891-88e5-5beda4329583,"[""Educational Toys"", ""Learning Workbooks"", ""Sesame Street Character Materials"", ""Art Kits"", ""Developmental Games""]","[""Playgroup"", ""Nursery"", ""LKG/UKG"", ""Day Care"", ""After-School Programs"", ""Parent Engagement Programs""]",00000000-0000-0000-0000-000000000001,,2026-01-10 12:02:00,2026-01-10 12:02:00
f107fc21-ce14-4ca3-8b79-e6749a7b2dbb,c1719752-43d5-4d87-bc55-62bed966380d,"[""Educational Materials"", ""Learning Kits"", ""Activity Books"", ""Digital Resources"", ""Art Supplies""]","[""Preschool Education"", ""Day Care"", ""Activity Classes"", ""Holistic Development Programs"", ""Parent Communication Platform""]",00000000-0000-0000-0000-000000000001,,2026-01-10 12:02:00,2026-01-10 12:02:00
1a62d3ac-2198-4605-a953-45462c8acd1d,757c944a-c4f9-4134-9add-083e6a6d56fd,"[""Men's Suit Fabric"", ""Dress Shirts"", ""Trousers"", ""Formal Blazers"", ""Traditional Indian Wear"", ""Denim"", ""Accessories""]","[""Personal Styling"", ""Fabric Selection"", ""Alteration Services"", ""Loyalty Program"", ""Exchange & Returns""]",00000000-0000-0000-0000-000000000001,,2026-01-10 12:02:00,2026-01-10 12:02:00
109fc031-4b0f-47cb-8381-15d6fcd45cdf,4e56972b-761c-4f40-9a9f-7f636ecd4200,"[""Sub Sandwiches"", ""Wraps"", ""Salads"", ""Cookies"", ""Drinks"", ""Chips"", ""Veggie Subs""]","[""Quick Service"", ""Dine-in"", ""Takeaway"", ""Home Delivery"", ""Online Ordering"", ""Catering for Events""]",00000000-0000-0000-0000-000000000001,,2026-01-10 12:02:00,2026-01-10 12:02:00
a9cbd8f2-a6f9-4599-87fc-039e539fc652,da3d6166-4173-4a53-99bd-458944546172,"[""Study Materials"", ""Mock Test Books"", ""Online Test Series"", ""Practice Papers"", ""Coaching Notes""]","[""CAT/MBA Coaching"", ""GRE/GMAT Preparation"", ""Bank PO Coaching"", ""SSC Coaching"", ""Verbal Ability Training"", ""Online Coaching"", ""Test Series""]",00000000-0000-0000-0000-000000000001,,2026-01-10 12:02:00,2026-01-10 12:02:00
ea0b179f-071b-4d15-a8eb-5ff6595fea99,33e33b88-95cc-4c7c-86f6-bb90ba44b957,"[""Tea Blends"", ""Coffee"", ""Cold Beverages"", ""Snacks"", ""Light Bites""]","[""Quick Service Café"", ""Takeaway"", ""Delivery"", ""Catering"", ""Loyalty Program""]",00000000-0000-0000-0000-000000000001,,2026-01-10 12:02:00,2026-01-10 12:02:00
34445013-906a-4563-87a0-34d81837d85a,22315914-73c8-4e93-bffa-3e10e9040df0,"[""Fresh Fruit Ice Cream"", ""Marble Stone Ice Cream"", ""Sundaes"", ""Milkshakes"", ""Waffles"", ""Ice Cream Cakes""]","[""Dine-in"", ""Takeaway"", ""Bulk Orders"", ""Catering"", ""Online Ordering"", ""Home Delivery""]",00000000-0000-0000-0000-000000000001,,2026-01-10 12:02:00,2026-01-10 12:02:00
19101e33-d665-4e07-9189-4b7a26dad5ee,f14dff5b-0538-465c-bc0c-d69cd2276f8e,"[""Sweet Lassi"", ""Salted Lassi"", ""Fruit Lassi"", ""Mango Lassi"", ""Kulhad Lassi"", ""Chaas"", ""Milkshakes""]","[""Quick Service"", ""Takeaway"", ""Delivery"", ""Bulk Orders"", ""Catering""]",00000000-0000-0000-0000-000000000001,,2026-01-10 12:02:00,2026-01-10 12:02:00
ebfd8eca-dba3-4f19-83dc-acd6607a4113,75039b3b-5884-4db7-802a-1aaa9e74a3ec,"[""Grilled Food"", ""Burgers"", ""Cocktails"", ""Beer"", ""Beverages"", ""Snacks"", ""BBQ Items""]","[""Bar Experience"", ""Dine-in"", ""Live Sports Screening"", ""Event Hosting"", ""Takeaway"", ""Catering""]",00000000-0000-0000-0000-000000000001,,2026-01-10 12:02:00,2026-01-10 12:02:00
82b43d85-cc62-467a-99d0-5472b6813045,6e8ec2e7-0bdf-4dcd-a470-1796fecfca0e,"[""Diagnostic Test Packages"", ""Blood Test Kits"", ""Health Checkup Packages"", ""Wellness Reports""]","[""Blood Tests"", ""Pathology Services"", ""Home Sample Collection"", ""Corporate Health Programs"", ""Full Body Checkups"", ""Digital Reports"", ""Preventive Health Packages""]",00000000-0000-0000-0000-000000000001,,2026-01-10 12:02:00,2026-01-10 12:02:00
c73ee377-96a3-455a-8378-cca9d344552c,a98ca601-52f4-442e-88f0-472b1708df1d,"[""Multi-Cuisine Food"", ""Indian Dishes"", ""Continental Dishes"", ""Beverages"", ""Desserts""]","[""Theme Dining Experience"", ""Dine-in"", ""Catering"", ""Birthday Party Packages"", ""Takeaway""]",00000000-0000-0000-0000-000000000001,,2026-01-10 12:02:00,2026-01-10 12:02:00
cf8f1727-c74e-44ba-a623-b90912862e21,eeb9d325-2e52-4a03-94b8-9a670ad67ec2,"[""Agricultural Products"", ""Organic Produce"", ""Rural Products"", ""Farmer Goods"", ""Agri-Inputs""]","[""Agricultural Distribution"", ""Supply Chain Services"", ""Rural Market Access"", ""Farmer Connect Programs"", ""Product Distribution""]",00000000-0000-0000-0000-000000000001,,2026-01-10 12:02:00,2026-01-10 12:02:00
02bf52a9-6203-4b56-bc4b-f9251081d20c,2341d0f7-22a2-42e5-9bff-ec9b7adfb974,"[""Men's Apparel"", ""Women's Fashion"", ""Kids Clothing"", ""Accessories"", ""Footwear"", ""Home Essentials"", ""Bags""]","[""Personal Styling"", ""Alteration Services"", ""Loyalty Program"", ""Online Shopping"", ""Exchange & Returns""]",00000000-0000-0000-0000-000000000001,,2026-01-10 12:02:00,2026-01-10 12:02:00
e35bd291-7ae6-4745-824b-6a4eed9072f8,9972b15c-9e05-4cc9-b316-2f83608ae522,"[""Classic Sandwiches"", ""Gourmet Sandwiches"", ""Wraps"", ""Burgers"", ""Cold Coffee"", ""Beverages"", ""Fries""]","[""Quick Service"", ""Dine-in"", ""Takeaway"", ""Home Delivery"", ""Online Ordering"", ""Corporate Catering""]",00000000-0000-0000-0000-000000000001,,2026-01-10 12:02:00,2026-01-10 12:02:00
ecfbc2df-8a9c-42f9-b79b-c50dacc69525,06150d99-d60c-4ac0-8c8f-85c06d1db882,"[""Educational Toys"", ""Activity Materials"", ""Learning Kits"", ""Story Books"", ""Art Supplies""]","[""Playgroup"", ""Nursery"", ""LKG/UKG"", ""Day Care"", ""After-School Programs"", ""Holiday Camps""]",00000000-0000-0000-0000-000000000001,,2026-01-10 12:02:00,2026-01-10 12:02:00
086c04c6-04b9-4ede-9077-be7dd2c68c07,076f9595-f226-4efe-addd-f5ed721a824d,"[""Learning Materials"", ""Activity Kits"", ""Educational Toys"", ""Story Books"", ""Digital Learning Resources""]","[""Playgroup (1.5-2 years)"", ""Nursery (2-3 years)"", ""LKG/UKG"", ""Day Care"", ""Art & Craft"", ""Music & Dance""]",00000000-0000-0000-0000-000000000001,,2026-01-10 12:02:00,2026-01-10 12:02:00
aa57f8a8-8337-4cd0-80c9-7e5e5e83953d,aed4ba4a-1cd7-40f2-a2f3-9e984cfa41a7,"[""Cocktails"", ""Mocktails"", ""Coffee"", ""Food Menu"", ""Desserts"", ""Beverages"", ""Bar Bites""]","[""Lounge Dining"", ""Bar Service"", ""Live Music"", ""Event Hosting"", ""Private Dining"", ""Takeaway""]",00000000-0000-0000-0000-000000000001,,2026-01-10 12:02:00,2026-01-10 12:02:00
5c56eb91-eb2b-4d98-a130-2ed9ee4bec6c,775e0274-77e9-4ad4-8bfb-c06aa4769738,"[""Educational Materials"", ""Activity Kits"", ""Learning Toys"", ""Art Supplies"", ""Digital Learning Tools""]","[""Playgroup"", ""Nursery"", ""LKG/UKG"", ""Day Care"", ""Activity Classes"", ""Parent Programs""]",00000000-0000-0000-0000-000000000001,,2026-01-10 12:02:00,2026-01-10 12:02:00
3e4c4540-616f-41e9-b8b9-9fefec4575f0,8f1e19a6-2f62-4caf-9650-4515099fd387,"[""Cryptocurrency Tools"", ""Digital Asset Management Platform"", ""Investment Portfolio Reports"", ""Trading Software"", ""Educational Resources""]","[""Cryptocurrency Exchange"", ""Investment Consulting"", ""Digital Asset Management"", ""Blockchain Training"", ""Portfolio Management""]",00000000-0000-0000-0000-000000000001,,2026-01-10 12:02:00,2026-01-10 12:02:00
4e69b07f-5b79-40fa-b64c-1cec69ee6e8b,aa385e8a-8282-4a6b-ba9e-0f4687c5521b,"[""Bengali Cuisine"", ""Kosha Mangsho"", ""Machher Jhol"", ""Rice Dishes"", ""Mishti Doi"", ""Beverages""]","[""Casual Dining"", ""Dine-in"", ""Takeaway"", ""Home Delivery"", ""Catering""]",00000000-0000-0000-0000-000000000001,,2026-01-10 12:02:00,2026-01-10 12:02:00
68b34589-cf64-4cc2-bd55-a5f9c69dc506,6bedb6b8-7dce-47de-b44e-d8e064f19564,"[""Ice Cream"", ""Milkshakes"", ""Thick Shakes"", ""Sundaes"", ""Cold Coffee"", ""Waffles"", ""Desserts""]","[""Dine-in"", ""Takeaway"", ""Home Delivery"", ""Bulk Orders"", ""Online Ordering""]",00000000-0000-0000-0000-000000000001,,2026-01-10 12:02:00,2026-01-10 12:02:00
12eb31de-0d06-4ea3-931e-1472213aef73,4de1a6a0-2773-413e-8c96-0f0b26d0c816,"[""Action Figures"", ""Toy Vehicles"", ""Building Sets"", ""Educational Toys"", ""Board Games"", ""Collectibles"", ""Gift Items""]","[""Retail Store"", ""Online Shopping"", ""Gift Wrapping"", ""Bulk Orders"", ""Custom Gift Solutions""]",00000000-0000-0000-0000-000000000001,,2026-01-10 12:02:00,2026-01-10 12:02:00
ef1c4b04-37df-4333-8a1d-46c83f44d04c,6f207baf-467a-4bc9-9d03-bde54065a98c,"[""Chicken Biryani"", ""Mutton Biryani"", ""Vegetable Biryani"", ""Egg Biryani"", ""Raita"", ""Salan"", ""Desserts""]","[""Dine-in"", ""Takeaway"", ""Home Delivery"", ""Bulk Orders"", ""Catering""]",00000000-0000-0000-0000-000000000001,,2026-01-10 12:02:00,2026-01-10 12:02:00
3cfc17d6-5720-475d-8a67-d2ac45974a2a,f499f3af-585e-42f3-8e89-14cdcc13fd6b,"[""Printed Merchandise"", ""Custom T-Shirts"", ""Promotional Items"", ""Branded Products"", ""Gift Items"", ""Corporate Merchandise""]","[""Custom Printing"", ""Merchandise Distribution"", ""Branded Gifting"", ""Corporate Order Fulfillment"", ""Wholesale Distribution""]",00000000-0000-0000-0000-000000000001,,2026-01-10 12:02:00,2026-01-10 12:02:00
dbe644cd-414b-440c-b1a2-511da9e24d3b,09b8df2f-b30f-498f-b8f6-92d468d6540b,"[""Tattoo Equipment"", ""Tattoo Inks"", ""Piercing Jewelry"", ""Aftercare Products"", ""Nail Art Supplies"", ""Gift Vouchers""]","[""Custom Tattoo Design"", ""Tattoo Inking"", ""Body Piercing"", ""Nail Art"", ""Tattoo Cover-Ups"", ""Tattoo Removal Referrals""]",00000000-0000-0000-0000-000000000001,,2026-01-10 12:02:00,2026-01-10 12:02:00
e3855b87-183c-4699-9607-7c5437e50802,674336f4-d914-409b-a647-fb25d34bf997,"[""Two-Wheeler Vehicles"", ""Spare Parts"", ""Accessories"", ""Helmets"", ""Lubricants""]","[""Vehicle Sales"", ""Servicing & Maintenance"", ""Insurance"", ""Test Drives"", ""Finance Assistance"", ""After-Sales Support""]",00000000-0000-0000-0000-000000000001,,2026-01-10 12:02:00,2026-01-10 12:02:00
b748021c-3d7f-466b-b62d-552dbb5ce48a,e31242a1-2af2-4f86-9d6c-d03bf00a4344,"[""Automotive Batteries"", ""Inverter Batteries"", ""Solar Batteries"", ""UPS Batteries"", ""Accessories""]","[""Battery Replacement"", ""Battery Testing"", ""Old Battery Exchange"", ""Installation"", ""Warranty Service"", ""AMC Services""]",00000000-0000-0000-0000-000000000001,,2026-01-10 12:02:00,2026-01-10 12:02:00
8faf4920-f781-4137-beb4-92e84c841e6b,3c04ecc6-758e-4309-9772-ea49ae30fc60,"[""Robotics Kits"", ""Arduino & Raspberry Pi Boards"", ""Sensors & Components"", ""Coding Courseware"", ""3D Printing Kits""]","[""Robotics Training (Kids & Youth)"", ""Coding Courses"", ""STEM Workshops"", ""After-School Programs"", ""Competition Coaching"", ""Online Classes""]",00000000-0000-0000-0000-000000000001,,2026-01-10 12:02:00,2026-01-10 12:02:00
874d9233-c292-41b8-a5d7-7c6c84cf505e,82f31048-406f-4d7f-a046-99ec10729294,"[""Herbal Wellness Products"", ""Organic Skincare"", ""Aromatherapy Products"", ""Nutritional Supplements"", ""Ayurvedic Range""]","[""Cosmetology Consultations"", ""Herbal Skin Treatments"", ""Wellness Programs"", ""Alternative Medicine"", ""Hair Care Treatments"", ""Body Wellness""]",00000000-0000-0000-0000-000000000001,,2026-01-10 12:02:00,2026-01-10 12:02:00
85f6990b-48a8-4784-a0b8-92d9238da8d0,7e62eaf4-e82d-4412-8156-99b31f23d11a,"[""Recruitment Solutions"", ""HR Software"", ""Assessment Tools"", ""Talent Mapping Reports""]","[""Executive Search"", ""Mid-Level Recruitment"", ""International Placements"", ""HR Consulting"", ""Contract Staffing"", ""Leadership Hiring""]",00000000-0000-0000-0000-000000000001,,2026-01-10 12:02:00,2026-01-10 12:02:00
f0cb0c05-4ecb-4fe6-991c-5c01a10d95bf,6e904355-935b-417a-afc4-1c1ee02f6c6e,"[""IT Course Materials"", ""Certification Programs"", ""Software Training Kits"", ""Digital Learning Platform"", ""Career Development Resources""]","[""Software Development Courses"", ""Hardware & Networking"", ""IT Certifications"", ""Online Learning"", ""Placement Assistance"", ""Corporate Training""]",00000000-0000-0000-0000-000000000001,,2026-01-10 12:02:00,2026-01-10 12:02:00
016e9de6-20bd-4536-b77c-8bf4a8f14cc6,fa9766ba-6af1-4fe6-9226-2e0127fed0dd,"[""Shawarma"", ""Falafel"", ""Kebabs"", ""Hummus"", ""Arabian Rice"", ""Wraps"", ""Arabic Sweets"", ""Beverages""]","[""Quick Service"", ""Dine-in"", ""Takeaway"", ""Home Delivery"", ""Catering"", ""Bulk Orders""]",00000000-0000-0000-0000-000000000001,,2026-01-10 12:02:00,2026-01-10 12:02:00
db62a75b-d2b0-4102-815d-5810c7dab0d1,a2806baa-5276-4330-88f9-157074983c9e,"[""Women's Ethnic Wear"", ""Sarees"", ""Salwar Kameez"", ""Lehengas"", ""Kurtis"", ""Accessories"", ""Dupattas""]","[""Personalized Styling"", ""Alterations"", ""Bridal Consultation"", ""Online Shopping"", ""Exchange & Returns""]",00000000-0000-0000-0000-000000000001,,2026-01-10 12:02:00,2026-01-10 12:02:00
a95138f3-e366-4a56-bec6-3a0aeddd7fad,ca92bdd1-644b-4fc3-b09c-96bb1b3a73f8,"[""Animation Course Materials"", ""Digital Art Software"", ""Portfolio Kits"", ""Creative Design Resources"", ""Video Production Tools""]","[""2D & 3D Animation Courses"", ""VFX Training"", ""Graphic Design Programs"", ""Film Making Courses"", ""Game Design"", ""Placement Assistance""]",00000000-0000-0000-0000-000000000001,,2026-01-10 12:02:00,2026-01-10 12:02:00
806ee801-7a1e-4baf-a4e0-3e7e147bf9ba,4a8e40e2-1a1a-4772-91db-67b726796311,"[""Aviation Course Manuals"", ""Flight Simulation Software"", ""Hospitality Training Materials"", ""Uniform Kits"", ""Career Guidance Books""]","[""Aviation Ground Staff Training"", ""Cabin Crew Programs"", ""Airport Management Courses"", ""Hospitality Training"", ""Placement Assistance"", ""Spoken English""]",00000000-0000-0000-0000-000000000001,,2026-01-10 12:02:00,2026-01-10 12:02:00
a8e593f0-b1c7-4473-8770-84427db9d7ae,0998e044-04d4-450d-84a4-ee3c9202c54a,"[""Hyderabadi Biryani"", ""Dum Biryani"", ""Mutton Biryani"", ""Chicken Biryani"", ""Shorba"", ""Raita"", ""Desserts""]","[""Dine-in"", ""Takeaway"", ""Home Delivery"", ""Catering"", ""Bulk Orders""]",00000000-0000-0000-0000-000000000001,,2026-01-10 12:02:00,2026-01-10 12:02:00
2611beef-68eb-43a5-b186-e6bb979b16db,2c933293-67d1-4607-942f-368e051b750f,"[""Textbooks"", ""Activity Books"", ""Learning Materials"", ""School Kits"", ""Stationery""]","[""Preschool (1.5-3 years)"", ""Primary Education"", ""Day Care"", ""Activity Programs"", ""Parent Programs"", ""Holistic Development""]",00000000-0000-0000-0000-000000000001,,2026-01-10 12:02:00,2026-01-10 12:02:00
90feebe7-31bc-47ef-84a7-b33099058b7a,e99d0859-5f5c-44b7-ac06-667d0a2369b9,"[""Men's Shirts"", ""T-Shirts"", ""Jeans"", ""Trousers"", ""Casual Wear"", ""Accessories"", ""Footwear""]","[""Retail Shopping"", ""Personal Styling"", ""Alteration"", ""Exchange & Returns"", ""Loyalty Program""]",00000000-0000-0000-0000-000000000001,,2026-01-10 12:02:00,2026-01-10 12:02:00
fbfeae5e-e91b-41ad-a410-62c1c01aec9e,218c53f0-6e82-4f96-99ff-3c2eb52272e3,"[""Coffee"", ""Tea"", ""Vegetarian Snacks"", ""Vegan Meals"", ""Healthy Bowls"", ""Desserts"", ""Fresh Juices""]","[""Café Dining"", ""Takeaway"", ""Delivery"", ""Catering"", ""Corporate Orders""]",00000000-0000-0000-0000-000000000001,,2026-01-10 12:02:00,2026-01-10 12:02:00
1f4cbc66-bafc-4ed8-9d22-6e122296664c,1e28de06-db80-4a2c-aaa8-030a7d216912,"[""Electric Two-Wheelers"", ""Batteries"", ""Chargers"", ""EV Accessories"", ""Safety Gear""]","[""EV Dealership"", ""Test Rides"", ""Financing Assistance"", ""After-Sales Service"", ""Spare Parts"", ""Maintenance""]",00000000-0000-0000-0000-000000000001,,2026-01-10 12:02:00,2026-01-10 12:02:00
ff0104d8-dbd7-4079-888c-4e0f6bb2cb1f,f343d665-d06c-4faa-8187-ad6e20892009,"[""Genetic Test Kits"", ""DNA Health Reports"", ""Wellness Supplements"", ""Health Monitoring Devices"", ""Personalized Health Plans""]","[""DNA Testing"", ""Health Analytics"", ""Personalized Nutrition"", ""Wellness Coaching"", ""Corporate Health Programs"", ""Digital Health Platform""]",00000000-0000-0000-0000-000000000001,,2026-01-10 12:02:00,2026-01-10 12:02:00
586721fd-7105-44a1-a45b-dd835826a316,4f2a1151-2589-40f8-af5b-e54701367688,"[""Premium Tea Varieties"", ""Green Tea"", ""Herbal Tea"", ""Black Tea"", ""Chai Blends"", ""Tea Accessories"", ""Gift Sets""]","[""Tea Distribution"", ""Retail Operations"", ""Bulk Supply"", ""Corporate Orders"", ""Home Delivery""]",00000000-0000-0000-0000-000000000001,,2026-01-10 12:02:00,2026-01-10 12:02:00
3b35255d-c5b0-4ad3-828d-0089ce399420,5daa71f2-08a5-43cc-89e1-635c356945e4,"[""Electric Bikes"", ""Electric Scooters"", ""Accessories"", ""Safety Gear"", ""Charging Equipment""]","[""EV Sales"", ""Test Rides"", ""EV Tourism Experiences"", ""Bike Rentals"", ""After-Sales Service"", ""Battery Maintenance""]",00000000-0000-0000-0000-000000000001,,2026-01-10 12:02:00,2026-01-10 12:02:00
c8ca00cf-9174-4181-b420-4abfcab0d051,ba806bbb-f5c0-4134-ab42-4c8563b70467,"[""Burgers"", ""Chicken Sandwiches"", ""Veggie Burgers"", ""Fries"", ""Shakes"", ""Beverages"", ""Desserts""]","[""Dine-in"", ""Takeaway"", ""Home Delivery"", ""Online Ordering"", ""Catering""]",00000000-0000-0000-0000-000000000001,,2026-01-10 12:02:00,2026-01-10 12:02:00
56d50684-13c4-4aae-85e8-bb078b9c360b,66e3a60e-b5dc-4f9c-b0df-26bd3798f3c6,"[""Classic Burgers"", ""Loaded Burgers"", ""Chicken Burgers"", ""Fries"", ""Onion Rings"", ""Milkshakes"", ""Beverages""]","[""Dine-in"", ""Quick Service"", ""Takeaway"", ""Home Delivery"", ""Catering for Events""]",00000000-0000-0000-0000-000000000001,,2026-01-10 12:02:00,2026-01-10 12:02:00
2fcbebd5-e45f-4ab5-87ee-4894df25635a,4005711e-07a2-45cc-8977-01fb3982dfef,"[""Indian-Inspired Burgers"", ""Classic Burgers"", ""Chicken Burgers"", ""Paneer Burgers"", ""Fries"", ""Beverages"", ""Shakes""]","[""Dine-in"", ""Takeaway"", ""Home Delivery"", ""Online Ordering"", ""Catering""]",00000000-0000-0000-0000-000000000001,,2026-01-10 12:02:00,2026-01-10 12:02:00
99e0e53a-491a-45aa-b095-1a7387f67efb,c589e3a2-f85f-4f10-b8e3-7046fa1cc8a7,"[""Custom Cakes"", ""Cupcakes"", ""Desserts"", ""Pastries"", ""Cake Pops"", ""Fondant Cakes"", ""Birthday Cakes""]","[""Custom Cake Design"", ""Event Catering"", ""Online Orders"", ""Delivery"", ""Corporate Gifting"", ""Baking Classes""]",00000000-0000-0000-0000-000000000001,,2026-01-10 12:02:00,2026-01-10 12:02:00
a59c1702-3a7a-4581-bd8b-9d6db3dfed11,a0a00897-4556-4e9f-b321-063241732b52,"[""Spring Mattresses"", ""Memory Foam Mattresses"", ""Orthopaedic Mattresses"", ""Pillows"", ""Bed Sheets"", ""Mattress Protectors""]","[""Product Distribution"", ""Dealer Support"", ""Trial Sleeping"", ""Delivery & Setup"", ""Warranty Claims"", ""Exchange Program""]",00000000-0000-0000-0000-000000000001,,2026-01-10 12:02:00,2026-01-10 12:02:00
a6a9bab7-7cf0-466d-b5e8-39283c7b882e,a6bad5c6-1430-47a0-a43d-c2476108cd24,"[""Masala Chai"", ""Ginger Chai"", ""Green Tea"", ""Cold Beverages"", ""Snacks"", ""Light Bites""]","[""Quick Service"", ""Takeaway"", ""Delivery"", ""Catering"", ""Chai Tasting Experience""]",00000000-0000-0000-0000-000000000001,,2026-01-10 12:02:00,2026-01-10 12:02:00
81c2bba4-a6d0-479d-8b43-b239a090994b,9e2822ea-83fc-4841-9333-0250b98b5eb1,"[""Specialty Chai"", ""Green Tea"", ""Cold Beverages"", ""Coffee"", ""Snacks"", ""Cookies""]","[""Quick Service Café"", ""Takeaway"", ""Delivery"", ""Corporate Chai Plans"", ""Events Catering""]",00000000-0000-0000-0000-000000000001,,2026-01-10 12:02:00,2026-01-10 12:02:00
cf6c9a9d-d3f3-4cbc-88a9-3dd5ba772a17,b062b012-f72d-44bb-ad21-d0a179942482,"[""EV Chargers"", ""Charging Equipment"", ""Smart Charging Apps"", ""Energy Management Systems""]","[""EV Charging Services"", ""Charging Station Installation"", ""Remote Monitoring"", ""Fleet Charging Solutions"", ""App-Based Billing"", ""Maintenance Support""]",00000000-0000-0000-0000-000000000001,,2026-01-10 12:02:00,2026-01-10 12:02:00
2f2c71f8-e3ae-4aef-b379-4ba89ad5bd63,d0ba7ddc-8dad-46b9-879f-1b41cf94484a,"[""Grooming Products"", ""Beard Care Products"", ""Hair Styling Products"", ""Shaving Essentials"", ""Barber Accessories""]","[""Classic Haircuts"", ""Beard Grooming"", ""Hot Towel Shaves"", ""Hair Styling"", ""Head Massages"", ""Premium Grooming Packages""]",00000000-0000-0000-0000-000000000001,,2026-01-10 12:02:00,2026-01-10 12:02:00
5f217b5d-84d6-4a5d-b363-54f748dfb4e1,aa9824ad-16d7-4803-ab6c-5fb84749e960,"[""Laundry Bags"", ""Garment Bags"", ""Cleaning Supplies"", ""Protective Covers""]","[""Wedding Dress Cleaning"", ""Costumes & Special Occasion Wear Cleaning"", ""Dry Cleaning"", ""Steam Treatment"", ""Fabric Restoration"", ""Storage Solutions""]",00000000-0000-0000-0000-000000000001,,2026-01-10 12:02:00,2026-01-10 12:02:00
4a6721a4-3d1a-4025-88f7-ed7480f81bfd,4d7c5f23-550b-4ec4-8bd9-e08d5c620d6d,"[""Personality Development Workbooks"", ""Communication Skill Kits"", ""Etiquette Training Materials"", ""Confidence Building Kits""]","[""Personality Development Courses"", ""Public Speaking Training"", ""Leadership Programs"", ""Grooming & Etiquette"", ""Social Skills Workshops"", ""Parent Programs""]",00000000-0000-0000-0000-000000000001,,2026-01-10 12:02:00,2026-01-10 12:02:00
1b25948b-8251-4289-8fdf-a38d6704359c,4d6bbe5d-c539-4253-8e3d-f9d65f2d9cf8,"[""Generic Medicines"", ""Branded Medicines"", ""Health Supplements"", ""OTC Products"", ""Personal Care Items"", ""Wellness Products""]","[""Discounted Pharmacy"", ""Medicine Consultation"", ""Home Delivery"", ""Generic Drug Counseling"", ""Preventive Health Programs""]",00000000-0000-0000-0000-000000000001,,2026-01-10 12:02:00,2026-01-10 12:02:00
665c371c-e16e-4d2f-9408-e85fd3d15425,f4cbd01c-5086-423e-a1f6-435dcf73faee,"[""Movie Tickets"", ""Concession Items"", ""Popcorn"", ""Beverages"", ""Snacks"", ""3D Glasses""]","[""Movie Screening"", ""Multiplex Experience"", ""Event Screening"", ""Private Screenings"", ""Advance Booking"", ""VIP Lounge Access""]",00000000-0000-0000-0000-000000000001,,2026-01-10 12:02:00,2026-01-10 12:02:00
1e18b30b-52da-406b-8812-24024851bb38,c5aeca23-f605-4353-9da3-4553879fe767,"[""Ice Cream"", ""Waffles"", ""Sundaes"", ""Crepes"", ""Dessert Platters"", ""Shakes"", ""Pastries""]","[""Dine-in"", ""Takeaway"", ""Delivery"", ""Catering"", ""Birthday Party Packages"", ""Bulk Orders""]",00000000-0000-0000-0000-000000000001,,2026-01-10 12:02:00,2026-01-10 12:02:00
2ccde3a9-6153-439d-bc6f-6b08ef5ea97f,c9b0683f-b9b0-4990-b9a5-cc0aac1a7339,"[""Ceramic Coatings"", ""Paint Protection Film"", ""Car Care Products"", ""Polishes"", ""Detailing Equipment""]","[""Full Car Detailing"", ""Paint Protection"", ""Ceramic & Graphene Coating"", ""Interior Deep Cleaning"", ""Engine Bay Cleaning"", ""Underbody Treatment""]",00000000-0000-0000-0000-000000000001,,2026-01-10 12:02:00,2026-01-10 12:02:00
013c62f7-282c-418f-ab28-12c7a0113b89,820ee065-bd1e-4f26-bfab-9921c1de5e27,"[""MEP Training Manuals"", ""Technical Certification Courses"", ""Electrical Course Materials"", ""Plumbing Training Kits""]","[""Electrical Engineering Training"", ""Plumbing & Piping Courses"", ""HVAC Training"", ""Fire Safety Training"", ""Job Placements"", ""Internship Programs""]",00000000-0000-0000-0000-000000000001,,2026-01-10 12:02:00,2026-01-10 12:02:00
1e38b13e-7e75-4de3-b5b4-2d711d539af0,601c379d-c035-4344-8031-fd154696ae58,"[""Vada Pav"", ""Samosa Pav"", ""Misal Pav"", ""Chai"", ""Snacks"", ""Indian Street Food""]","[""Quick Service"", ""Takeaway"", ""Delivery"", ""Bulk Orders"", ""Catering""]",00000000-0000-0000-0000-000000000001,,2026-01-10 12:02:00,2026-01-10 12:02:00
55351e6b-9d9b-48b8-b3a1-e920ac3d2b28,98ead1d7-7791-4749-b637-de01bcbd79fc,"[""Learning Materials"", ""Activity Books"", ""Educational Toys"", ""Art Supplies"", ""Digital Learning Tools""]","[""Playgroup"", ""Nursery"", ""LKG/UKG"", ""Day Care"", ""Holistic Development Programs"", ""After-School Care""]",00000000-0000-0000-0000-000000000001,,2026-01-10 12:02:00,2026-01-10 12:02:00
7d88ccca-40c8-4c04-a82d-586596725794,264da3ef-6936-4ac7-aedd-dca2124bfaf7,"[""Trading Platform"", ""Investment Reports"", ""Financial Research Tools"", ""Mutual Fund Products"", ""Demat Account""]","[""Stock Broking"", ""Mutual Fund Distribution"", ""Portfolio Management"", ""Investment Consulting"", ""Commodities Trading"", ""Online Trading Platform""]",00000000-0000-0000-0000-000000000001,,2026-01-10 12:02:00,2026-01-10 12:02:00
aa7beb4c-41c1-4827-bae4-d367bbb92cd8,2420d57d-00d0-4bc8-83d3-b2630b0d89ce,"[""Beauty Course Kits"", ""Makeup Products"", ""Skincare Range"", ""Professional Tools"", ""Beauty Study Materials""]","[""Makeup Artist Courses"", ""Beauty Therapy Training"", ""Hair Styling Courses"", ""Skincare Programs"", ""Bridal Makeup Training"", ""Placement Assistance""]",00000000-0000-0000-0000-000000000001,,2026-01-10 12:02:00,2026-01-10 12:02:00
ab677d8d-0172-4571-b76f-57a67fc032e2,55023b30-eb85-4665-b9de-42e3ddab86a5,"[""App-Based Booking Platform"", ""Driver Support Kit"", ""GPS Tracking System""]","[""Cab Services"", ""Airport Transfers"", ""Corporate Cab Services"", ""Outstation Travel"", ""Local City Rides"", ""Driver Empanelment""]",00000000-0000-0000-0000-000000000001,,2026-01-10 12:02:00,2026-01-10 12:02:00
dfb5d722-13a8-442d-a5f6-873d310ee9a0,2d447f80-94eb-4f41-be62-efca2c638f4a,"[""Groceries"", ""Fresh Produce"", ""Dairy Products"", ""FMCG Products"", ""Packaged Foods"", ""Household Essentials""]","[""Retail Grocery"", ""Home Delivery"", ""Online Ordering"", ""Loyalty Program"", ""Seasonal Offers""]",00000000-0000-0000-0000-000000000001,,2026-01-10 12:02:00,2026-01-10 12:02:00
c6ff1c76-1837-42ab-8423-54cc1178fb55,ef06aa17-c296-4e34-a384-11667b67f20e,"[""Crispy Fries"", ""Classic Burgers"", ""Chicken Burgers"", ""Veggie Options"", ""Dips & Sauces"", ""Beverages"", ""Desserts""]","[""Dine-in"", ""Takeaway"", ""Home Delivery"", ""Online Ordering"", ""Catering""]",00000000-0000-0000-0000-000000000001,,2026-01-10 12:02:00,2026-01-10 12:02:00
69febc9c-af2f-49c5-96ab-d8bc4ada2d7d,2e99317e-e0e2-439e-baaa-a784c7cdab64,"[""Gourmet Pizza"", ""Pasta"", ""Garlic Bread"", ""Beverages"", ""Desserts"", ""Sandwiches""]","[""Dine-in"", ""Takeaway"", ""Home Delivery"", ""Online Ordering"", ""Catering""]",00000000-0000-0000-0000-000000000001,,2026-01-10 12:02:00,2026-01-10 12:02:00
4655a012-8ed3-4e31-9501-616c0a62f9bc,13404652-c573-42cc-8743-5681bd8a8e75,"[""Home Appliances"", ""Consumer Electronics"", ""Kitchen Appliances"", ""Air Conditioners"", ""Refrigerators"", ""Washing Machines""]","[""Retail Sales"", ""Installation"", ""After-Sales Service"", ""Warranty Claims"", ""EMI Assistance"", ""Home Delivery""]",00000000-0000-0000-0000-000000000001,,2026-01-10 12:02:00,2026-01-10 12:02:00
46e568b7-8668-47b1-b6ef-4ea915adee35,cd8b6b50-a004-4dca-a897-8355845accd9,"[""Tobacco Products"", ""FMCG Products"", ""Pan Masala"", ""Candy"", ""Consumer Goods""]","[""Distribution"", ""C&F Operations"", ""Supply Chain Management"", ""Retail Distribution"", ""Dealer Support""]",00000000-0000-0000-0000-000000000001,,2026-01-10 12:02:00,2026-01-10 12:02:00
5dd512d1-d89c-4a87-bed6-50d1a6a366fd,5b2a4879-83f2-436a-a059-88ad61a67d8d,"[""Consumer Goods"", ""FMCG Products"", ""Household Products"", ""Packaged Foods""]","[""C&F Distribution"", ""Logistics Management"", ""Supply Chain Operations"", ""Retail Supply"", ""Warehouse Management""]",00000000-0000-0000-0000-000000000001,,2026-01-10 12:02:00,2026-01-10 12:02:00
171e55d6-65aa-4fc3-8ab9-b4255aa1f69e,4769715b-b180-412d-b45e-e1c0d158ccb0,"[""Herbal Healthcare Products"", ""Skincare Range"", ""Baby Products"", ""Animal Wellness"", ""Nutrition Supplements"", ""Ayurvedic Medicines""]","[""Retail Distribution"", ""Wellness Consultation"", ""Product Demonstrations"", ""Corporate Wellness Programs"", ""Institutional Supply""]",00000000-0000-0000-0000-000000000001,,2026-01-10 12:02:00,2026-01-10 12:02:00
a5afdd97-8771-4ab4-b043-dcf0d6d41220,1535d502-0469-4daf-a1d8-160a9bfc25c7,"[""Aviation Course Materials"", ""Flight Simulation Access"", ""Ground Training Resources"", ""Career Guidance Books""]","[""Aviation Training"", ""Ground Staff Courses"", ""Airline Cabin Crew Programs"", ""Airport Operations Training"", ""Placement Assistance"", ""Hospitality Training""]",00000000-0000-0000-0000-000000000001,,2026-01-10 12:02:00,2026-01-10 12:02:00
c671392d-bbe5-4c45-91be-3357388c7393,800ad2a4-73cd-485e-bf95-2811be10c209,"[""Educational Toys"", ""Activity Kits"", ""Learning Workbooks"", ""Digital Tools"", ""Art Supplies""]","[""Playgroup"", ""Nursery"", ""LKG/UKG"", ""Day Care"", ""Enrichment Programs"", ""Parent Workshops""]",00000000-0000-0000-0000-000000000001,,2026-01-10 12:02:00,2026-01-10 12:02:00
83c47f2d-3915-4a9e-a115-8563b1d56b17,6da0ba7a-7efe-47d8-bb98-631999ec0ed8,"[""Generic Medicines"", ""OTC Products"", ""Health Supplements"", ""Ayurvedic Products"", ""Personal Care Items"", ""Medical Devices""]","[""Affordable Pharmacy"", ""Generic Drug Distribution"", ""Health Consultations"", ""Home Medicine Delivery"", ""Health Camp Programs""]",00000000-0000-0000-0000-000000000001,,2026-01-10 12:02:00,2026-01-10 12:02:00
6ab3e413-4944-438d-add4-454828d0fa1b,008ba9a0-3420-4c4f-b94b-e98ccfb92464,"[""E-Learning Platform"", ""Digital Course Content"", ""Interactive Study Materials"", ""Assessment Tools"", ""Learning Management System""]","[""Online School Programs"", ""Distance Learning"", ""Hybrid Education"", ""E-tutoring"", ""Digital Certification"", ""Parent-Teacher Digital Connect""]",00000000-0000-0000-0000-000000000001,,2026-01-10 12:02:00,2026-01-10 12:02:00
f49b768a-4053-41c1-ade0-140ffd86936a,d22f48ae-d7d8-4a74-ac06-5288a1002b49,"[""Cleaning Equipment"", ""Eco-Friendly Cleaning Products"", ""Sanitization Supplies"", ""Industrial Cleaning Tools""]","[""Commercial Cleaning"", ""Office Cleaning"", ""Hospital Cleaning"", ""Retail Cleaning"", ""Industrial Cleaning"", ""Floor Care"", ""Carpet Cleaning""]",00000000-0000-0000-0000-000000000001,,2026-01-10 12:02:00,2026-01-10 12:02:00
48ca9ef6-1979-4b1f-814b-13830e8b829b,342e1393-9b22-4e47-902d-b1ffda543e2b,"[""Custom Cakes"", ""Cupcakes"", ""Pastries"", ""Cookies"", ""Donuts"", ""Bread & Buns"", ""Dessert Boxes""]","[""Custom Cake Design"", ""Delivery"", ""Catering"", ""Online Ordering"", ""Corporate Gifting"", ""Baking Workshops""]",00000000-0000-0000-0000-000000000001,,2026-01-10 12:02:00,2026-01-10 12:02:00
d0448b65-45e2-49b3-aacb-aa703798add6,00b912c4-79de-48fc-b9ea-339afe2dc898,"[""Prescription Medicines"", ""Generic Medicines"", ""Health Supplements"", ""Vitamins"", ""Personal Care Products"", ""Medical Devices""]","[""Pharmacy Retail"", ""Prescription Processing"", ""Medicine Home Delivery"", ""Health Consultation"", ""Wellness Programs""]",00000000-0000-0000-0000-000000000001,,2026-01-10 12:02:00,2026-01-10 12:02:00
326207db-b833-4af7-886d-59d751853043,414fa8f9-2e34-476a-9214-30c75939ffd9,"[""Thali Meals"", ""Regional Cuisines"", ""Indian Curries"", ""Dal"", ""Rotis"", ""Rice Dishes"", ""Sweets"", ""Beverages""]","[""Dine-in"", ""Quick Service"", ""Takeaway"", ""Home Delivery"", ""Catering""]",00000000-0000-0000-0000-000000000001,,2026-01-10 12:02:00,2026-01-10 12:02:00
aee445a1-8618-4762-92fa-fb1a8acef333,9fefdd2b-67cf-4faf-8cf3-3595045d42b5,"[""Gift Items"", ""Hobby Products"", ""Candles"", ""Cards"", ""Novelty Items"", ""Souvenirs"", ""Personalized Gifts""]","[""Retail Store Operations"", ""Custom Gift Packaging"", ""Online Ordering"", ""Bulk Corporate Gifting"", ""Gift Consultation""]",00000000-0000-0000-0000-000000000001,,2026-01-10 12:02:00,2026-01-10 12:02:00
a1a9b944-5fb7-495b-837e-53bc1d60d844,625a2450-a4cc-4dd6-a70f-1700e69cebd9,"[""Kerala Cuisine"", ""Seafood"", ""Fish Curry"", ""Appam"", ""Kerala Thali"", ""Beverages"", ""Traditional Sweets""]","[""Casual Dining"", ""Dine-in"", ""Takeaway"", ""Catering"", ""Home Delivery"", ""Cultural Dining Experience""]",00000000-0000-0000-0000-000000000001,,2026-01-10 12:02:00,2026-01-10 12:02:00
a278c39a-5a8f-4dd6-9e49-d2361988cf20,9842fd12-0947-4aca-b1db-27fd59293d46,"[""Kurtis"", ""Tops"", ""Kurti Sets"", ""Salwar Suits"", ""Accessories"", ""Indian Street Style Food Items""]","[""Quick Service"", ""Dine-in"", ""Takeaway"", ""Home Delivery"", ""Online Ordering"", ""Catering""]",00000000-0000-0000-0000-000000000001,,2026-01-10 12:02:00,2026-01-10 12:02:00
e058e847-df9d-4599-b95e-73650f9cff7c,330fae5f-bfe7-4d56-8b99-be93053b076b,"[""Professional Makeup Kits"", ""Beauty Course Materials"", ""Lakme Branded Products"", ""Hair Care Products"", ""Study Resources""]","[""Makeup Artistry Courses"", ""Hair Styling Training"", ""Nail Art Courses"", ""Skin Care Programs"", ""Bridal Beauty Training"", ""Placement Assistance""]",00000000-0000-0000-0000-000000000001,,2026-01-10 12:02:00,2026-01-10 12:02:00
8040bf47-3dfd-48e6-9494-ae753e83967f,5a16267a-c6bc-48d0-b614-591fe851f2b5,"[""Lassi"", ""Coffee"", ""Tea"", ""Snacks"", ""Light Meals"", ""Cold Beverages""]","[""Café Experience"", ""Quick Service"", ""Takeaway"", ""Delivery"", ""Catering""]",00000000-0000-0000-0000-000000000001,,2026-01-10 12:02:00,2026-01-10 12:02:00
9e7f1574-c6b5-4ada-b8fe-04f6b95d5124,d4374ab7-d8cb-40c2-8b18-c303f7ac7180,"[""Ceramic Coating"", ""Paint Protection Film"", ""Graphene Coating"", ""Car Care Products"", ""Polishing Compounds"", ""Detailing Equipment""]","[""Premium Car Detailing"", ""PPF Application"", ""Ceramic & Graphene Coating"", ""Paint Correction"", ""Interior Detailing"", ""Nano Coating""]",00000000-0000-0000-0000-000000000001,,2026-01-10 12:02:00,2026-01-10 12:02:00
f4d5b694-1e09-48cf-b106-982d3d6d79c2,78eab194-5c79-41ce-a88e-e2c78a25da83,"[""Abacus Kits"", ""Mental Math Workbooks"", ""Practice Materials"", ""Online Test Series"", ""Study Aids""]","[""Abacus Training"", ""Mental Arithmetic Programs"", ""Brain Development Courses"", ""Competition Preparation"", ""Online Classes"", ""Parent Training""]",00000000-0000-0000-0000-000000000001,,2026-01-10 12:02:00,2026-01-10 12:02:00
da395aa5-fa0a-4d6e-8705-4795dd4634e3,ddf3c380-a91b-442d-a8dc-c864a9531881,"[""Makeup Products"", ""Skincare Range"", ""Beauty Tools"", ""Brushes & Applicators"", ""Cosmetic Products""]","[""Makeup Services"", ""Bridal Makeup"", ""Party Makeup"", ""Beauty Training Courses"", ""Makeup Classes"", ""Personalized Consultations""]",00000000-0000-0000-0000-000000000001,,2026-01-10 12:02:00,2026-01-10 12:02:00
618c24cc-acec-41af-882d-12944762b395,8a562cfa-8df8-4ede-b1b0-177474181def,"[""Animation Course Materials"", ""Visual FX Software Access"", ""Design Portfolio Kits"", ""3D Modeling Resources""]","[""2D Animation Courses"", ""3D Animation Training"", ""VFX Programs"", ""Motion Graphics"", ""Graphic Design"", ""Placement Assistance""]",00000000-0000-0000-0000-000000000001,,2026-01-10 12:02:00,2026-01-10 12:02:00
4421e6f2-efc5-49a5-b1f7-9901af147c3d,3944e6f4-71a2-427f-9ee9-be9123b4c786,"[""Medicines"", ""Generic Drugs"", ""Health Supplements"", ""OTC Products"", ""Medical Devices"", ""Personal Care Items""]","[""Pharmacy Retail"", ""Prescription Processing"", ""Home Delivery"", ""Medicine Consultation"", ""Health Camps""]",00000000-0000-0000-0000-000000000001,,2026-01-10 12:02:00,2026-01-10 12:02:00
9db4a699-211e-49aa-9ceb-1e24b21ed179,893f2e52-6cf6-47d5-b5fe-6b7010a3584c,"[""Grilled Cheese Sandwiches"", ""Toasties"", ""Wraps"", ""Vegan Options"", ""Beverages"", ""Snacks""]","[""Quick Service"", ""Dine-in"", ""Takeaway"", ""Home Delivery"", ""Catering""]",00000000-0000-0000-0000-000000000001,,2026-01-10 12:02:00,2026-01-10 12:02:00
eefdb162-4427-4098-8279-fa0a7dba1c4f,34e45798-1a82-46a3-83f9-fd150db9bcc6,"[""Steamed Momos"", ""Fried Momos"", ""Tandoori Momos"", ""Chilli Momos"", ""Sauces"", ""Chinese Dishes"", ""Beverages""]","[""Quick Service"", ""Dine-in"", ""Takeaway"", ""Home Delivery"", ""Online Ordering"", ""Bulk Orders""]",00000000-0000-0000-0000-000000000001,,2026-01-10 12:02:00,2026-01-10 12:02:00
599ae674-5744-41ee-9a88-333b6b13523d,1d19375e-a663-4e80-9c08-e2ef1f81c4e1,"[""Educational Toys"", ""Clay Art Kits"", ""Learning Materials"", ""Activity Books"", ""Art Supplies""]","[""Playgroup"", ""Nursery"", ""LKG/UKG"", ""Day Care"", ""Art & Craft Programs"", ""Sensory Play Activities""]",00000000-0000-0000-0000-000000000001,,2026-01-10 12:02:00,2026-01-10 12:02:00
19354182-8c75-4b47-838d-9520e66cf30e,694d4780-aba1-4cdd-97f9-b121ed7ddf5b,"[""Masala Chai"", ""Cold Coffee"", ""Sandwiches"", ""Poha"", ""Indian Snacks"", ""Quick Bites""]","[""Quick Service"", ""Dine-in"", ""Takeaway"", ""Delivery"", ""Catering"", ""Street Food Experience""]",00000000-0000-0000-0000-000000000001,,2026-01-10 12:02:00,2026-01-10 12:02:00
232533d1-283b-414d-9df1-3e6eef382587,18754059-b1a2-4fe8-82e6-f03b0ab69e27,"[""Property Listings"", ""Investment Reports"", ""Real Estate Brochures"", ""Market Analysis Reports""]","[""Property Buying Assistance"", ""Property Selling Services"", ""Rental Management"", ""Property Valuation"", ""Investment Consulting"", ""Online Property Portal""]",00000000-0000-0000-0000-000000000001,,2026-01-10 12:02:00,2026-01-10 12:02:00
d702a1c3-7e16-4e13-ba27-9f69b4a4b1f5,e865848c-9184-4d77-9bd7-d79c7f2ea048,"[""Natural Fruit Juices"", ""Cold-Pressed Juices"", ""Smoothies"", ""Wellness Shots"", ""Coconut Water"", ""Herbal Drinks""]","[""Quick Service"", ""Juice Bar Experience"", ""Takeaway"", ""Home Delivery"", ""Corporate Juice Orders"", ""Catering""]",00000000-0000-0000-0000-000000000001,,2026-01-10 12:02:00,2026-01-10 12:02:00
5f534acf-0ff4-4f2c-bce2-17be7177ec31,39cc140a-77e5-4be0-b048-fa76b5e1855f,"[""Medicines"", ""Health Supplements"", ""Medical Devices"", ""Diagnostic Kits"", ""Wellness Products""]","[""Medical Consultations"", ""Health Checkups"", ""Diagnostic Services"", ""Pharmacy"", ""Telemedicine""]",00000000-0000-0000-0000-000000000001,,2026-01-10 12:02:00,2026-01-10 12:02:00
782e4f0a-c120-4962-87f2-53f3748f28cc,1c4932cd-f7cb-470c-9e7a-08490ea8b5fc,"[""Online Courses"", ""Digital Study Materials"", ""Learning Management System"", ""Assessment Tools"", ""Certification Programs""]","[""Online Learning"", ""Live Classes"", ""Recorded Content"", ""Mentorship"", ""Placement Assistance"", ""Skill Certification""]",00000000-0000-0000-0000-000000000001,,2026-01-10 12:02:00,2026-01-10 12:02:00
8afddc36-fbf9-432c-84fa-2b68303fe0e0,9fb067d6-2c0b-4f3d-bfda-12def1739c65,"[""Medicines"", ""Health Supplements"", ""Medical Devices"", ""Diagnostic Kits"", ""Wellness Products""]","[""Medical Consultations"", ""Health Checkups"", ""Diagnostic Services"", ""Pharmacy"", ""Telemedicine""]",00000000-0000-0000-0000-000000000001,,2026-01-10 12:02:00,2026-01-10 12:02:00
2f347de3-cb85-4fe4-ba37-70a3f80c861d,b7d417e3-d9a7-4353-b135-fb87ea2e6ba9,"[""Educational Toys"", ""Activity Books"", ""Learning Kits"", ""Art Supplies"", ""Digital Learning Tools""]","[""Playgroup"", ""Nursery"", ""LKG/UKG"", ""Day Care"", ""After-School Programs"", ""Parent Programs""]",00000000-0000-0000-0000-000000000001,,2026-01-10 12:02:00,2026-01-10 12:02:00
3ff6f1a5-1a1e-4d1b-83c7-cbc691ea36de,4d20c862-1540-4355-9d20-1ebac8013e9b,"[""Main Course Dishes"", ""Sides"", ""Beverages"", ""Desserts"", ""Snacks""]","[""Quick Service"", ""Dine-in"", ""Takeaway"", ""Home Delivery"", ""Online Ordering"", ""Catering""]",00000000-0000-0000-0000-000000000001,,2026-01-10 12:02:00,2026-01-10 12:02:00
6b881a25-d4f6-4a68-81e2-f1470ddfeb19,a4abc633-5db8-434e-af7d-f0736c5c64b4,"[""Skincare Products"", ""Beauty Treatments"", ""Cosmetics"", ""Hair Care Products"", ""Wellness Products""]","[""Facial Treatments"", ""Hair Removal"", ""Anti-Aging Procedures"", ""Skin Consultations"", ""Beauty Training""]",00000000-0000-0000-0000-000000000001,,2026-01-10 12:02:00,2026-01-10 12:02:00
7c4a2714-0344-4688-8a09-769834c85c1e,c856bdc2-0ee2-4ead-9cf8-d21a9e1de6ab,"[""Clothing"", ""Electronics"", ""Home Products"", ""Food Items"", ""Accessories""]","[""Retail Operations"", ""Customer Service"", ""Online Shopping"", ""Home Delivery"", ""Exchange Program""]",00000000-0000-0000-0000-000000000001,,2026-01-10 12:02:00,2026-01-10 12:02:00
59e7fd0c-c6b6-4246-929b-95f81efbdafa,c1f34d4c-b778-404c-bb6e-f592a1010d35,"[""Fresh Produce"", ""Dairy Products"", ""FMCG Items"", ""Packaged Foods"", ""Household Essentials"", ""Personal Care""]","[""Retail Shopping"", ""Home Delivery"", ""Online Ordering"", ""Loyalty Program"", ""Bulk Orders""]",00000000-0000-0000-0000-000000000001,,2026-01-10 12:02:00,2026-01-10 12:02:00
59616736-0975-407b-ae0f-74d70a04d47f,94f3cf5e-21a0-4e8e-bb8d-fc53ec0e8b05,"[""Gourmet Main Courses"", ""Appetizers"", ""Desserts"", ""Wine & Spirits"", ""Premium Beverages""]","[""Fine Dining Experience"", ""Private Dining"", ""Catering"", ""Wedding Events"", ""Corporate Dinners""]",00000000-0000-0000-0000-000000000001,,2026-01-10 12:02:00,2026-01-10 12:02:00
6cb5cf5c-a0aa-423a-8c6a-7205a8b3db3c,a1b5ecef-aa15-47c8-8bb3-b82f668853f3,"[""Clothing"", ""Accessories"", ""Footwear"", ""Bags"", ""Fashion Accessories""]","[""Personal Styling"", ""Alteration"", ""Online Shopping"", ""Exchange & Returns"", ""Loyalty Program""]",00000000-0000-0000-0000-000000000001,,2026-01-10 12:02:00,2026-01-10 12:02:00
69fc38b4-f327-4d13-aa77-942ee058bfeb,94dc5440-bcaa-4091-b89d-edeb843b81ba,"[""Pet Food"", ""Pet Accessories"", ""Grooming Products"", ""Toys"", ""Health Products""]","[""Pet Grooming"", ""Veterinary Services"", ""Training"", ""Boarding"", ""Daycare"", ""Wellness Programs""]",00000000-0000-0000-0000-000000000001,,2026-01-10 12:02:00,2026-01-10 12:02:00
50146ac7-0078-4451-9503-19469880267f,45ee5a61-50be-4fe5-9195-206454f97d63,"[""Staffing Solutions"", ""HR Technology Platform"", ""Recruitment Software"", ""Assessment Tools"", ""Payroll Services""]","[""Permanent Staffing"", ""Contract Staffing"", ""Executive Search"", ""HR Outsourcing"", ""Payroll Management""]",00000000-0000-0000-0000-000000000001,,2026-01-10 12:02:00,2026-01-10 12:02:00
4cc2f401-1d03-45c2-aa5f-cbdbaa5e4acb,fb65cb62-e1a1-438c-8b02-358f665dc97b,"[""Specialty Food Items"", ""Unique Ingredients"", ""Specialty Beverages"", ""Health Food"", ""Gourmet Products""]","[""Specialty Food Service"", ""Dine-in"", ""Takeaway"", ""Home Delivery"", ""Catering""]",00000000-0000-0000-0000-000000000001,,2026-01-10 12:02:00,2026-01-10 12:02:00
5dc6bb79-aeec-4022-9f2b-7455d6f03ece,83b62c7c-0856-4a09-91fa-bb84d254aef6,"[""Medicines"", ""Health Supplements"", ""Medical Devices"", ""Diagnostic Kits"", ""Wellness Products""]","[""Medical Consultations"", ""Health Checkups"", ""Diagnostic Services"", ""Pharmacy"", ""Telemedicine""]",00000000-0000-0000-0000-000000000001,,2026-01-10 12:02:00,2026-01-10 12:02:00
faa4f68c-815c-4334-a052-cb21641161cb,5bf287bf-8e22-4973-81fd-087eba58d107,"[""Business Planning Tools"", ""Consulting Reports"", ""Management Software"", ""Training Materials""]","[""Business Consulting"", ""Strategy Planning"", ""Market Research"", ""Financial Planning"", ""Franchise Consulting"", ""Operations Optimization""]",00000000-0000-0000-0000-000000000001,,2026-01-10 12:02:00,2026-01-10 12:02:00
a9d489d7-c702-4e9f-8ed2-252850eca0e2,0634f940-c410-4e7e-b782-33b36cd85016,"[""Inventory Management Software"", ""Barcode Scanners"", ""RFID Technology"", ""Counting Equipment"", ""Reporting Tools""]","[""Inventory Counting"", ""Stock Audits"", ""Warehouse Auditing"", ""Retail Inventory Services"", ""Supply Chain Analytics"", ""Shrinkage Analysis""]",00000000-0000-0000-0000-000000000001,,2026-01-10 12:02:00,2026-01-10 12:02:00
f4104c30-ea89-432e-b606-6d2feeaa56a4,b09c44a2-eff0-4e76-b866-23cd2d603b28,"[""Gourmet Main Courses"", ""Appetizers"", ""Desserts"", ""Wine & Spirits"", ""Premium Beverages""]","[""Fine Dining Experience"", ""Private Dining"", ""Catering"", ""Wedding Events"", ""Corporate Dinners""]",00000000-0000-0000-0000-000000000001,,2026-01-10 12:02:00,2026-01-10 12:02:00
a8f31822-dd77-4b96-9836-8090bfd6cc70,e3219215-b16e-40bf-8d28-da6f983ddbee,"[""Clothing"", ""Electronics"", ""Home Products"", ""Food Items"", ""Accessories""]","[""Retail Operations"", ""Customer Service"", ""Online Shopping"", ""Home Delivery"", ""Exchange Program""]",00000000-0000-0000-0000-000000000001,,2026-01-10 12:02:00,2026-01-10 12:02:00
2c8f1667-e694-4b8f-a19a-970b137d6ae5,99bcfc5c-fc74-43ef-a781-d4b7b80621f9,"[""Course Materials"", ""Study Resources"", ""Certification Programs"", ""Digital Learning Tools"", ""Career Kits""]","[""Skill Development Courses"", ""Vocational Training"", ""Placement Assistance"", ""Online Learning"", ""Industry Internships""]",00000000-0000-0000-0000-000000000001,,2026-01-10 12:02:00,2026-01-10 12:02:00
c33d8cd4-827c-4b7f-921c-d15f117d2a80,696b600b-1a53-4d5c-8b40-c414f6f63822,"[""Business Planning Tools"", ""Consulting Reports"", ""Management Software"", ""Training Materials""]","[""Business Consulting"", ""Strategy Planning"", ""Market Research"", ""Financial Planning"", ""Franchise Consulting"", ""Operations Optimization""]",00000000-0000-0000-0000-000000000001,,2026-01-10 12:02:00,2026-01-10 12:02:00
0365e4e3-2787-43dc-a408-1cdba0e35108,8cacf5c0-7d8c-4939-a921-8ae84b7c9fc0,"[""Logistics Software"", ""Warehouse Management Tools"", ""Supply Chain Documentation""]","[""C&F Services"", ""Distribution Management"", ""Warehousing"", ""Supply Chain Consulting"", ""Last-Mile Delivery""]",00000000-0000-0000-0000-000000000001,,2026-01-10 12:02:00,2026-01-10 12:02:00
1d68062e-3008-481f-b195-4c9218a7d223,0b8a832b-c846-438d-8c85-ecdd14b47e70,"[""Main Course Dishes"", ""Starters"", ""Beverages"", ""Desserts"", ""Combo Meals""]","[""Casual Dining"", ""Takeaway"", ""Home Delivery"", ""Catering"", ""Online Ordering""]",00000000-0000-0000-0000-000000000001,,2026-01-10 12:02:00,2026-01-10 12:02:00
95cc74b2-5c8a-41ae-b461-9897ccbdcb2e,8cc7a8ba-a597-4267-93a8-196fb0748a7b,"[""Main Course Dishes"", ""Sides"", ""Beverages"", ""Desserts"", ""Snacks""]","[""Quick Service"", ""Dine-in"", ""Takeaway"", ""Home Delivery"", ""Online Ordering"", ""Catering""]",00000000-0000-0000-0000-000000000001,,2026-01-10 12:02:00,2026-01-10 12:02:00
d877a836-1a97-49b0-bd19-884a3cbf7d71,1f695f57-2a49-4cfb-9613-1d75681279b0,"[""Clothing"", ""Accessories"", ""Footwear"", ""Bags"", ""Fashion Accessories""]","[""Personal Styling"", ""Alteration"", ""Online Shopping"", ""Exchange & Returns"", ""Loyalty Program""]",00000000-0000-0000-0000-000000000001,,2026-01-10 12:02:00,2026-01-10 12:02:00
d26af0e6-5b1b-43e6-a0eb-01709979100c,79850dd5-7469-4271-992c-007ecc84f780,"[""Educational Toys"", ""Activity Books"", ""Learning Kits"", ""Art Supplies"", ""Digital Learning Tools""]","[""Playgroup"", ""Nursery"", ""LKG/UKG"", ""Day Care"", ""After-School Programs"", ""Parent Programs""]",00000000-0000-0000-0000-000000000001,,2026-01-10 12:02:00,2026-01-10 12:02:00
c2123d36-505b-40d5-82c6-5e759a831f90,484b23d2-ebc1-4024-b15e-74f3b40aa0b5,"[""Clothing"", ""Electronics"", ""Home Products"", ""Food Items"", ""Accessories""]","[""Retail Operations"", ""Customer Service"", ""Online Shopping"", ""Home Delivery"", ""Exchange Program""]",00000000-0000-0000-0000-000000000001,,2026-01-10 12:02:00,2026-01-10 12:02:00
8f737249-a9a8-43d8-aacf-b9df9370f390,432cc984-b6b7-444e-bb01-ceaa6b127dc3,"[""Coffee"", ""Tea"", ""Cold Beverages"", ""Snacks"", ""Pastries"", ""Light Meals""]","[""Café Experience"", ""Takeaway"", ""Delivery"", ""Wi-Fi Access"", ""Catering""]",00000000-0000-0000-0000-000000000001,,2026-01-10 12:02:00,2026-01-10 12:02:00
2bbcbcff-ef5b-4598-b455-0821d24896bc,adab9208-83b4-47b4-9add-d80e5fd238df,"[""Gym Membership Cards"", ""Fitness Equipment"", ""Supplements"", ""Fitness Apparel"", ""Accessories""]","[""Gym Membership"", ""Personal Training"", ""Group Classes"", ""Yoga & Pilates"", ""Nutrition Counseling""]",00000000-0000-0000-0000-000000000001,,2026-01-10 12:02:00,2026-01-10 12:02:00
f722d903-a1f6-45bb-9b1b-3c83ed097cb7,8cec93d5-2b49-4943-b804-edef46fd206a,"[""Medicines"", ""Health Supplements"", ""Medical Devices"", ""Diagnostic Kits"", ""Wellness Products""]","[""Medical Consultations"", ""Health Checkups"", ""Diagnostic Services"", ""Pharmacy"", ""Telemedicine""]",00000000-0000-0000-0000-000000000001,,2026-01-10 12:02:00,2026-01-10 12:02:00
6e8769a0-3775-4296-a190-f18f9b7772b5,fcd94702-e2d2-4b7d-b303-16a6e17dbe5c,"[""Gourmet Main Courses"", ""Appetizers"", ""Desserts"", ""Wine & Spirits"", ""Premium Beverages""]","[""Fine Dining Experience"", ""Private Dining"", ""Catering"", ""Wedding Events"", ""Corporate Dinners""]",00000000-0000-0000-0000-000000000001,,2026-01-10 12:02:00,2026-01-10 12:02:00
ae978d7c-ca94-4de0-9856-cb7d6035d2a7,c56a2d53-aae5-4fdd-b0e4-590658870784,"[""Fresh Produce"", ""Dairy Products"", ""FMCG Items"", ""Packaged Foods"", ""Household Essentials"", ""Personal Care""]","[""Retail Shopping"", ""Home Delivery"", ""Online Ordering"", ""Loyalty Program"", ""Bulk Orders""]",00000000-0000-0000-0000-000000000001,,2026-01-10 12:02:00,2026-01-10 12:02:00
a500b73a-a95a-4214-b732-ab91c97689a0,2d37c50d-03c4-4bdf-a509-902324703f8f,"[""Ice Cream"", ""Desserts"", ""Cakes"", ""Frozen Treats"", ""Beverages""]","[""Dine-in"", ""Takeaway"", ""Home Delivery"", ""Bulk Orders"", ""Catering"", ""Online Ordering""]",00000000-0000-0000-0000-000000000001,,2026-01-10 12:02:00,2026-01-10 12:02:00
8c101682-f5b1-4581-8be0-7c4f11f8af60,55a40515-546a-40d5-8a18-036e2fbe6d71,"[""Specialty Food Items"", ""Unique Ingredients"", ""Specialty Beverages"", ""Health Food"", ""Gourmet Products""]","[""Specialty Food Service"", ""Dine-in"", ""Takeaway"", ""Home Delivery"", ""Catering""]",00000000-0000-0000-0000-000000000001,,2026-01-10 12:02:00,2026-01-10 12:02:00
202d1e9d-558e-470b-a8e1-1e4de5bc645e,46822ec5-1afb-4114-9ee0-0a879a9665f3,"[""Clothing"", ""Accessories"", ""Footwear"", ""Bags"", ""Fashion Accessories""]","[""Personal Styling"", ""Alteration"", ""Online Shopping"", ""Exchange & Returns"", ""Loyalty Program""]",00000000-0000-0000-0000-000000000001,,2026-01-10 12:02:00,2026-01-10 12:02:00
fe931ea9-02d8-4e64-918a-b888d65f87c4,d3764418-be6a-48a9-94f8-58c2599902aa,"[""Medicines"", ""Health Supplements"", ""Medical Devices"", ""Diagnostic Kits"", ""Wellness Products""]","[""Medical Consultations"", ""Health Checkups"", ""Diagnostic Services"", ""Pharmacy"", ""Telemedicine""]",00000000-0000-0000-0000-000000000001,,2026-01-10 12:02:00,2026-01-10 12:02:00
62731866-e7b0-4e41-a7ae-05fa4045aa26,35d74cb5-6f4d-47a1-b7cb-e64871ca6483,"[""Furniture"", ""Home Décor"", ""Lighting"", ""Storage Solutions"", ""Kitchen Accessories""]","[""Interior Design Consultation"", ""Delivery & Assembly"", ""Custom Design"", ""After-Sales Support"", ""Home Styling""]",00000000-0000-0000-0000-000000000001,,2026-01-10 12:02:00,2026-01-10 12:02:00
d841bb29-0b12-4d9f-a8cd-7b47dd100a1e,1671c4ed-f7ec-4e4b-acf0-4e1dcf4e596c,"[""Educational Toys"", ""Activity Books"", ""Learning Kits"", ""Art Supplies"", ""Digital Learning Tools""]","[""Playgroup"", ""Nursery"", ""LKG/UKG"", ""Day Care"", ""After-School Programs"", ""Parent Programs""]",00000000-0000-0000-0000-000000000001,,2026-01-10 12:02:00,2026-01-10 12:02:00
8ddecb43-364f-48ec-b51a-b9abbd42af66,3ab9243a-b512-4d3a-9dca-f953a1e2064f,"[""Cleaning Equipment"", ""Cleaning Products"", ""Sanitization Supplies"", ""Packaging Materials""]","[""Laundry Services"", ""Dry Cleaning"", ""Ironing"", ""Stain Removal"", ""Pickup & Delivery"", ""Commercial Cleaning""]",00000000-0000-0000-0000-000000000001,,2026-01-10 12:02:00,2026-01-10 12:02:00
d391e65d-cc7e-44e0-8c57-d15ca5a65e9f,2fa4c9cd-0570-4ba7-bd12-c313c3f0d8b3,"[""Ice Cream"", ""Desserts"", ""Cakes"", ""Frozen Treats"", ""Beverages""]","[""Dine-in"", ""Takeaway"", ""Home Delivery"", ""Bulk Orders"", ""Catering"", ""Online Ordering""]",00000000-0000-0000-0000-000000000001,,2026-01-10 12:02:00,2026-01-10 12:02:00
f32ac74f-6332-4408-a520-133e27028bff,04542e80-079f-463b-9835-97dbb107a7b4,"[""Business Planning Tools"", ""Consulting Reports"", ""Management Software"", ""Training Materials""]","[""Business Consulting"", ""Strategy Planning"", ""Market Research"", ""Financial Planning"", ""Franchise Consulting"", ""Operations Optimization""]",00000000-0000-0000-0000-000000000001,,2026-01-10 12:02:00,2026-01-10 12:02:00
163789bd-cc72-4ccb-85b9-0db773be9c0a,827b9974-d6b6-4096-80b7-e898017716d4,"[""Lubricants"", ""Greases"", ""Industrial Oils"", ""Tribology Testing Kits"", ""Wear Protection Products""]","[""Lubrication Consulting"", ""Tribology Analysis"", ""Industrial Maintenance Support"", ""Product Distribution"", ""Technical Training""]",00000000-0000-0000-0000-000000000001,,2026-01-10 12:02:00,2026-01-10 12:02:00
2ed93666-6c2f-4d4c-a5eb-89a8635059c6,98af5eba-81d0-4930-b244-78116bc9d58f,"[""Clothing"", ""Electronics"", ""Home Products"", ""Food Items"", ""Accessories""]","[""Retail Operations"", ""Customer Service"", ""Online Shopping"", ""Home Delivery"", ""Exchange Program""]",00000000-0000-0000-0000-000000000001,,2026-01-10 12:02:00,2026-01-10 12:02:00
f723e282-cb63-4f02-9e50-7efff3f31605,deb62d1a-f254-4b4d-9593-73d5b3832db7,"[""Clothing"", ""Accessories"", ""Footwear"", ""Bags"", ""Fashion Accessories""]","[""Personal Styling"", ""Alteration"", ""Online Shopping"", ""Exchange & Returns"", ""Loyalty Program""]",00000000-0000-0000-0000-000000000001,,2026-01-10 12:02:00,2026-01-10 12:02:00
9f27bedd-1ce8-41b8-976c-0d9f2629a1e9,7428c776-358e-4787-9829-b8cc9e4b7126,"[""Course Materials"", ""Study Resources"", ""Certification Programs"", ""Digital Learning Tools"", ""Career Kits""]","[""Skill Development Courses"", ""Vocational Training"", ""Placement Assistance"", ""Online Learning"", ""Industry Internships""]",00000000-0000-0000-0000-000000000001,,2026-01-10 12:02:00,2026-01-10 12:02:00
c7d4d929-f315-4df6-b041-14ac3c731471,c7ceb344-9595-4ea2-b038-7a71e114ad1a,"[""Specialty Food Items"", ""Unique Ingredients"", ""Specialty Beverages"", ""Health Food"", ""Gourmet Products""]","[""Specialty Food Service"", ""Dine-in"", ""Takeaway"", ""Home Delivery"", ""Catering""]",00000000-0000-0000-0000-000000000001,,2026-01-10 12:02:00,2026-01-10 12:02:00
fa3c7d12-0fc0-4573-8c0f-91bc651270b9,6b7f4ad0-a9e2-4f37-aec3-facc2ef1145f,"[""Educational Toys"", ""Activity Books"", ""Learning Kits"", ""Art Supplies"", ""Digital Learning Tools""]","[""Playgroup"", ""Nursery"", ""LKG/UKG"", ""Day Care"", ""After-School Programs"", ""Parent Programs""]",00000000-0000-0000-0000-000000000001,,2026-01-10 12:02:00,2026-01-10 12:02:00
7b90179c-d727-4c3e-afcb-942ef8246515,3a5877c3-557e-4d75-a756-174a9a66b8e2,"[""Clothing"", ""Accessories"", ""Footwear"", ""Bags"", ""Fashion Accessories""]","[""Personal Styling"", ""Alteration"", ""Online Shopping"", ""Exchange & Returns"", ""Loyalty Program""]",00000000-0000-0000-0000-000000000001,,2026-01-10 12:02:00,2026-01-10 12:02:00
1ef7f354-37e0-4ec4-a6fb-93bbeb214e61,75189098-ba4c-413b-ae22-5e0a3332c6ac,"[""Ice Cream"", ""Desserts"", ""Cakes"", ""Frozen Treats"", ""Beverages""]","[""Dine-in"", ""Takeaway"", ""Home Delivery"", ""Bulk Orders"", ""Catering"", ""Online Ordering""]",00000000-0000-0000-0000-000000000001,,2026-01-10 12:02:00,2026-01-10 12:02:00
031ca291-038c-4cf2-a0ec-4ba0f2532a1a,787e1c6a-fb32-4095-a173-bfda4d878a96,"[""Main Course Dishes"", ""Starters"", ""Beverages"", ""Desserts"", ""Combo Meals""]","[""Casual Dining"", ""Takeaway"", ""Home Delivery"", ""Catering"", ""Online Ordering""]",00000000-0000-0000-0000-000000000001,,2026-01-10 12:02:00,2026-01-10 12:02:00
40b566fe-3e68-429b-a2f0-96039f3fa9dd,b5551c45-e898-47e0-83b3-83f96a758429,"[""Software Products"", ""IT Hardware"", ""Cloud Solutions"", ""Cybersecurity Tools"", ""Networking Equipment""]","[""IT Consulting"", ""Software Development"", ""Network Management"", ""Cloud Services"", ""IT Support"", ""Cybersecurity""]",00000000-0000-0000-0000-000000000001,,2026-01-10 12:02:00,2026-01-10 12:02:00
d73fecd4-205a-471f-9670-c95fc20f89a5,ff84be6f-0771-4f78-9b71-bdbf63105d11,"[""Door Handles"", ""Locks & Deadbolts"", ""Smart Locks"", ""Door Hinges"", ""Knobs & Levers"", ""Security Hardware"", ""Window Fittings""]","[""Product Distribution"", ""Installation Guidance"", ""Technical Support"", ""After-Sales Service"", ""Bulk Supply"", ""Custom Orders""]",00000000-0000-0000-0000-000000000001,,2026-01-10 12:02:00,2026-01-10 12:02:00
450f825a-9d3f-47c3-84d9-39a9c0b9f7fe,310d9593-7c6e-49e9-ac6e-9f4824ada61c,"[""Property Listings"", ""Market Reports"", ""Property Brochures"", ""Investment Guides""]","[""Property Buying/Selling"", ""Rental Management"", ""Property Valuation"", ""Real Estate Consulting"", ""Online Property Portal""]",00000000-0000-0000-0000-000000000001,,2026-01-10 12:02:00,2026-01-10 12:02:00
0afdf6cd-7e82-4e7d-8166-a63acb2c7df7,95de03be-5dbc-43de-a311-9ed42af8a4c6,"[""Staffing Solutions"", ""HR Technology Platform"", ""Recruitment Software"", ""Assessment Tools"", ""Payroll Services""]","[""Permanent Staffing"", ""Contract Staffing"", ""Executive Search"", ""HR Outsourcing"", ""Payroll Management""]",00000000-0000-0000-0000-000000000001,,2026-01-10 12:02:00,2026-01-10 12:02:00
59080dc4-9e9a-48fe-a891-f88e7263f26d,15a3cb19-8311-4fa8-84c5-e2207e6d33c9,"[""Property Listings"", ""Market Reports"", ""Property Brochures"", ""Investment Guides""]","[""Property Buying/Selling"", ""Rental Management"", ""Property Valuation"", ""Real Estate Consulting"", ""Online Property Portal""]",00000000-0000-0000-0000-000000000001,,2026-01-10 12:02:00,2026-01-10 12:02:00
f282f7b8-8a3c-4194-a6f5-2ac948dd896e,4a3b6bf8-d8b4-49fe-a60f-0ae23e36a8ec,"[""Gourmet Main Courses"", ""Appetizers"", ""Desserts"", ""Wine & Spirits"", ""Premium Beverages""]","[""Fine Dining Experience"", ""Private Dining"", ""Catering"", ""Wedding Events"", ""Corporate Dinners""]",00000000-0000-0000-0000-000000000001,,2026-01-10 12:02:00,2026-01-10 12:02:00
01403e8c-7cc2-476b-849a-9b179399b434,35d5a1e7-d23f-4f41-ac28-539eab08edd5,"[""Main Course Dishes"", ""Sides"", ""Beverages"", ""Desserts"", ""Snacks""]","[""Quick Service"", ""Dine-in"", ""Takeaway"", ""Home Delivery"", ""Online Ordering"", ""Catering""]",00000000-0000-0000-0000-000000000001,,2026-01-10 12:02:00,2026-01-10 12:02:00
0e03707e-4b14-4267-a045-a8a5f15b3c56,3023d59a-e807-4d3a-a1fc-9d9874fb3215,"[""Main Course Dishes"", ""Starters"", ""Beverages"", ""Desserts"", ""Combo Meals""]","[""Casual Dining"", ""Takeaway"", ""Home Delivery"", ""Catering"", ""Online Ordering""]",00000000-0000-0000-0000-000000000001,,2026-01-10 12:02:00,2026-01-10 12:02:00
ec0c56c7-71ed-4cb5-b765-0d23a1beb05c,b0f7ad2a-2c61-42eb-bf72-baf645bff511,"[""Business Planning Tools"", ""Consulting Reports"", ""Management Software"", ""Training Materials""]","[""Business Consulting"", ""Strategy Planning"", ""Market Research"", ""Financial Planning"", ""Franchise Consulting"", ""Operations Optimization""]",00000000-0000-0000-0000-000000000001,,2026-01-10 12:02:00,2026-01-10 12:02:00
7d377937-7bc5-4552-823d-a9ead0724d54,3221ccbc-1849-42a9-b8fe-8d3313babe97,"[""Software Products"", ""IT Hardware"", ""Cloud Solutions"", ""Cybersecurity Tools"", ""Networking Equipment""]","[""IT Consulting"", ""Software Development"", ""Network Management"", ""Cloud Services"", ""IT Support"", ""Cybersecurity""]",00000000-0000-0000-0000-000000000001,,2026-01-10 12:02:00,2026-01-10 12:02:00
2c281c07-2640-4f18-ac5d-a5dd21d8d4d2,040a1432-17bb-42fa-9ecb-673282b15c4c,"[""Online Courses"", ""Digital Study Materials"", ""Learning Management System"", ""Assessment Tools"", ""Certification Programs""]","[""Online Learning"", ""Live Classes"", ""Recorded Content"", ""Mentorship"", ""Placement Assistance"", ""Skill Certification""]",00000000-0000-0000-0000-000000000001,,2026-01-10 12:02:00,2026-01-10 12:02:00
4e2378f0-f53c-4b0f-ba00-771e341de343,771d2a5d-5151-4c3f-befd-76e56857984f,"[""Event Packages"", ""Decoration Items"", ""Themed Props"", ""Party Supplies"", ""Equipment Rentals""]","[""Event Planning"", ""Party Management"", ""Decoration Services"", ""Entertainment Booking"", ""Catering Coordination"", ""Venue Management""]",00000000-0000-0000-0000-000000000001,,2026-01-10 12:02:00,2026-01-10 12:02:00
48cb6c8d-9723-43d1-b6a6-f7df93b31241,a2c17f36-adb3-4f26-9e9f-f6a2627bb6dd,"[""Main Course Dishes"", ""Sides"", ""Beverages"", ""Desserts"", ""Snacks""]","[""Quick Service"", ""Dine-in"", ""Takeaway"", ""Home Delivery"", ""Online Ordering"", ""Catering""]",00000000-0000-0000-0000-000000000001,,2026-01-10 12:02:00,2026-01-10 12:02:00
bfec5c43-9ce5-47c5-b784-6be7f8f474b9,503883eb-5c43-428a-9348-9eed53859846,"[""Marketing Software"", ""Analytics Tools"", ""Content Management Platform"", ""Social Media Tools""]","[""Digital Marketing Campaigns"", ""SEO/SEM"", ""Social Media Management"", ""Content Marketing"", ""Analytics & Reporting"", ""Lead Generation""]",00000000-0000-0000-0000-000000000001,,2026-01-10 12:02:00,2026-01-10 12:02:00
63ea6ea1-0ee8-4d2c-984f-83d784baf5f2,f1edcc42-3ff1-48dc-b6a6-99c1616c2997,"[""Business Software"", ""Documentation Services"", ""Support Tools"", ""Training Materials""]","[""Administrative Support"", ""Customer Service"", ""Documentation"", ""Back-Office Operations"", ""Business Development""]",00000000-0000-0000-0000-000000000001,,2026-01-10 12:02:00,2026-01-10 12:02:00
706e33c9-02ed-495e-a7c5-21789b40892b,e4bae633-39ff-4cd8-b8ea-26077a2db752,"[""Holiday Packages"", ""Flight Bookings"", ""Hotel Reservations"", ""Tour Packages"", ""Travel Insurance""]","[""Travel Planning"", ""Visa Assistance"", ""Tour Guiding"", ""Corporate Travel"", ""Customized Itineraries""]",00000000-0000-0000-0000-000000000001,,2026-01-10 12:02:00,2026-01-10 12:02:00
4f312236-fcd9-487e-830f-14f9525d3b87,9a7b315e-beb7-4795-9e56-a1b7f19db1c7,"[""Staffing Solutions"", ""HR Technology Platform"", ""Recruitment Software"", ""Assessment Tools"", ""Payroll Services""]","[""Permanent Staffing"", ""Contract Staffing"", ""Executive Search"", ""HR Outsourcing"", ""Payroll Management""]",00000000-0000-0000-0000-000000000001,,2026-01-10 12:02:00,2026-01-10 12:02:00
2314f594-3ca1-4d6a-a0df-dad70b1ad29f,8d8d949c-a701-42ac-8573-3617f14e0852,"[""Specialty Food Items"", ""Unique Ingredients"", ""Specialty Beverages"", ""Health Food"", ""Gourmet Products""]","[""Specialty Food Service"", ""Dine-in"", ""Takeaway"", ""Home Delivery"", ""Catering""]",00000000-0000-0000-0000-000000000001,,2026-01-10 12:02:00,2026-01-10 12:02:00
c4092fa6-c56e-4021-9cf4-6ccbe09c1a84,a513b4c8-e901-465f-9198-97d52faa34e5,"[""Business Planning Tools"", ""Consulting Reports"", ""Management Software"", ""Training Materials""]","[""Business Consulting"", ""Strategy Planning"", ""Market Research"", ""Financial Planning"", ""Franchise Consulting"", ""Operations Optimization""]",00000000-0000-0000-0000-000000000001,,2026-01-10 12:02:00,2026-01-10 12:02:00
c53c8b57-f66d-4960-b00d-1613caf38fac,92dcb815-2d93-4dd3-a85e-46501758305f,"[""Holiday Packages"", ""Flight Bookings"", ""Hotel Reservations"", ""Tour Packages"", ""Travel Insurance""]","[""Travel Planning"", ""Visa Assistance"", ""Tour Guiding"", ""Corporate Travel"", ""Customized Itineraries""]",00000000-0000-0000-0000-000000000001,,2026-01-10 12:02:00,2026-01-10 12:02:00
0ab664b9-cff5-4095-96f7-cdd1154ba834,bb08b236-af2d-4612-a11e-a8a64a36c39e,"[""Main Course Dishes"", ""Sides"", ""Beverages"", ""Desserts"", ""Snacks""]","[""Quick Service"", ""Dine-in"", ""Takeaway"", ""Home Delivery"", ""Online Ordering"", ""Catering""]",00000000-0000-0000-0000-000000000001,,2026-01-10 12:02:00,2026-01-10 12:02:00
39d9367e-3685-43af-b299-2f38d6b6cccd,a8a20ea4-3f80-4e4e-b66a-184d6e257a88,"[""Property Listings"", ""Market Reports"", ""Property Brochures"", ""Investment Guides""]","[""Property Buying/Selling"", ""Rental Management"", ""Property Valuation"", ""Real Estate Consulting"", ""Online Property Portal""]",00000000-0000-0000-0000-000000000001,,2026-01-10 12:02:00,2026-01-10 12:02:00
aa91a8c4-8d89-4ba6-a333-bb54addfb18b,4e2b2530-6b03-4032-b411-6ba5a15b600d,"[""Main Course Dishes"", ""Sides"", ""Beverages"", ""Desserts"", ""Snacks""]","[""Quick Service"", ""Dine-in"", ""Takeaway"", ""Home Delivery"", ""Online Ordering"", ""Catering""]",00000000-0000-0000-0000-000000000001,,2026-01-10 12:02:00,2026-01-10 12:02:00
e004974f-c684-479f-90be-06e7e93f3a08,d30ae99d-70b7-4006-a5f5-d02dbf98f3a9,"[""Clothing"", ""Accessories"", ""Footwear"", ""Bags"", ""Fashion Accessories""]","[""Personal Styling"", ""Alteration"", ""Online Shopping"", ""Exchange & Returns"", ""Loyalty Program""]",00000000-0000-0000-0000-000000000001,,2026-01-10 12:02:00,2026-01-10 12:02:00
a0e43599-97ea-48cf-87a8-b342ac51f151,44e8467f-5d2f-472c-9b4f-fdad2091d184,"[""Car Care Products"", ""Ceramic Coating"", ""Paint Protection Film"", ""Detailing Equipment"", ""Cleaning Supplies""]","[""Car Wash"", ""Full Detailing"", ""Ceramic Coating"", ""Interior Cleaning"", ""Paint Correction""]",00000000-0000-0000-0000-000000000001,,2026-01-10 12:02:00,2026-01-10 12:02:00
8b09c700-a8f7-4818-a9f0-ec4dd84bb1f5,bcc2bbf0-b9fe-41bd-a542-ca9f054f1565,"[""Main Course Dishes"", ""Sides"", ""Beverages"", ""Desserts"", ""Snacks""]","[""Quick Service"", ""Dine-in"", ""Takeaway"", ""Home Delivery"", ""Online Ordering"", ""Catering""]",00000000-0000-0000-0000-000000000001,,2026-01-10 12:02:00,2026-01-10 12:02:00
90d4a7be-96c4-4637-a31c-e199130980ff,64cf482c-03ba-453f-bf15-cd93d190caa3,"[""Event Packages"", ""Decoration Items"", ""Themed Props"", ""Party Supplies"", ""Equipment Rentals""]","[""Event Planning"", ""Party Management"", ""Decoration Services"", ""Entertainment Booking"", ""Catering Coordination"", ""Venue Management""]",00000000-0000-0000-0000-000000000001,,2026-01-10 12:02:00,2026-01-10 12:02:00
e17666b7-badb-41e3-b372-107b31709d3e,02cc76b8-6ded-4adf-b7e0-1accb3d5745c,"[""Ice Cream"", ""Desserts"", ""Cakes"", ""Frozen Treats"", ""Beverages""]","[""Dine-in"", ""Takeaway"", ""Home Delivery"", ""Bulk Orders"", ""Catering"", ""Online Ordering""]",00000000-0000-0000-0000-000000000001,,2026-01-10 12:02:00,2026-01-10 12:02:00
e3473eec-2d22-42b5-821a-16ceecfc2365,b6e03c18-20c0-4df0-b2b3-b3b79b13138f,"[""Property Listings"", ""Market Reports"", ""Property Brochures"", ""Investment Guides""]","[""Property Buying/Selling"", ""Rental Management"", ""Property Valuation"", ""Real Estate Consulting"", ""Online Property Portal""]",00000000-0000-0000-0000-000000000001,,2026-01-10 12:02:00,2026-01-10 12:02:00
b961c185-4d10-4d9f-9844-8e9bab6b9918,7ad3286a-da8f-4733-af3e-a1de1114b4fc,"[""Online Courses"", ""Digital Study Materials"", ""Learning Management System"", ""Assessment Tools"", ""Certification Programs""]","[""Online Learning"", ""Live Classes"", ""Recorded Content"", ""Mentorship"", ""Placement Assistance"", ""Skill Certification""]",00000000-0000-0000-0000-000000000001,,2026-01-10 12:02:00,2026-01-10 12:02:00
9ddf87ea-f101-4162-bc64-321bf56f0374,7f0f595b-7de0-4760-920f-599597a8e46b,"[""Event Packages"", ""Decoration Items"", ""Themed Props"", ""Party Supplies"", ""Equipment Rentals""]","[""Event Planning"", ""Party Management"", ""Decoration Services"", ""Entertainment Booking"", ""Catering Coordination"", ""Venue Management""]",00000000-0000-0000-0000-000000000001,,2026-01-10 12:02:00,2026-01-10 12:02:00
41090b6d-3314-49d8-933c-1c24e448345b,0335f94e-e7d7-4286-9e96-868b4c23f5a4,"[""Clothing"", ""Electronics"", ""Home Products"", ""Food Items"", ""Accessories""]","[""Retail Operations"", ""Customer Service"", ""Online Shopping"", ""Home Delivery"", ""Exchange Program""]",00000000-0000-0000-0000-000000000001,,2026-01-10 12:02:00,2026-01-10 12:02:00
17749d09-714f-46cc-a98c-4e9a4ae0dc49,6773423b-3f97-4397-a456-32429a487a05,"[""Electronics"", ""Fashion Accessories"", ""Home & Kitchen Products"", ""Beauty Products"", ""Gift Items"", ""Lifestyle Products""]","[""E-commerce Retail"", ""Online Shopping"", ""Delivery Services"", ""Returns & Exchange"", ""Customer Support"", ""Bulk Orders""]",00000000-0000-0000-0000-000000000001,,2026-01-10 12:02:00,2026-01-10 12:02:00
38d1ce91-bb8c-446b-a971-cb9d6d3120a4,1e7705f4-553c-4840-8c6e-df4eec68c672,"[""Gourmet Main Courses"", ""Appetizers"", ""Desserts"", ""Wine & Spirits"", ""Premium Beverages""]","[""Fine Dining Experience"", ""Private Dining"", ""Catering"", ""Wedding Events"", ""Corporate Dinners""]",00000000-0000-0000-0000-000000000001,,2026-01-10 12:02:00,2026-01-10 12:02:00
c87e7f52-b741-4e06-b61c-1890d0195a70,07ed38e4-1c11-482e-b87f-450eac2220ef,"[""Business Planning Tools"", ""Consulting Reports"", ""Management Software"", ""Training Materials""]","[""Business Consulting"", ""Strategy Planning"", ""Market Research"", ""Financial Planning"", ""Franchise Consulting"", ""Operations Optimization""]",00000000-0000-0000-0000-000000000001,,2026-01-10 12:02:00,2026-01-10 12:02:00
dd800622-fa0e-4e58-980b-1706f447a69a,2b10c003-c411-4e06-a6c1-79db4f64e32f,"[""Clothing"", ""Electronics"", ""Home Products"", ""Food Items"", ""Accessories""]","[""Retail Operations"", ""Customer Service"", ""Online Shopping"", ""Home Delivery"", ""Exchange Program""]",00000000-0000-0000-0000-000000000001,,2026-01-10 12:02:00,2026-01-10 12:02:00
e025a12a-bdf2-4582-86ac-44146c445714,4a852805-31ce-496e-a56e-b92f906073ce,"[""Coding Course Materials"", ""STEM Kits"", ""Programming Software"", ""Project Kits"", ""Robotics Equipment""]","[""Coding Courses"", ""STEM Programs"", ""Robotics Training"", ""Online Classes"", ""Competition Coaching"", ""Placement Assistance""]",00000000-0000-0000-0000-000000000001,,2026-01-10 12:02:00,2026-01-10 12:02:00
9aace851-8d2f-40e7-841b-4d691adf088f,7dea93be-a751-4e47-907e-7ad1dd3a2b6e,"[""Computers"", ""Laptops"", ""Mobile Accessories"", ""Peripherals"", ""Electronic Components"", ""Consumer Electronics""]","[""Product Sales"", ""Repair Services"", ""Technical Support"", ""Installation"", ""After-Sales Service"", ""Trade-In Programs""]",00000000-0000-0000-0000-000000000001,,2026-01-10 12:02:00,2026-01-10 12:02:00
a86ba835-b377-48d7-a79e-d9b48e8a1a91,8d90ae53-65ea-47cc-a2f4-9fa050a655c2,"[""Medicines"", ""Health Supplements"", ""Medical Devices"", ""Diagnostic Kits"", ""Wellness Products""]","[""Medical Consultations"", ""Health Checkups"", ""Diagnostic Services"", ""Pharmacy"", ""Telemedicine""]",00000000-0000-0000-0000-000000000001,,2026-01-10 12:02:00,2026-01-10 12:02:00
f5478892-5bf2-42f7-9110-e64c84249223,9662b822-a1e1-4e3d-8620-b4fbf57e6a8d,"[""Printed Materials"", ""Custom Merchandise"", ""Signage"", ""Marketing Collateral"", ""Custom Stationery""]","[""Digital Printing"", ""Offset Printing"", ""Screen Printing"", ""Custom Design"", ""Bulk Printing"", ""Marketing Material Production""]",00000000-0000-0000-0000-000000000001,,2026-01-10 12:02:00,2026-01-10 12:02:00
33110fa0-b5e2-4082-8274-818144bc6ae0,315a65db-7960-4b2b-a4a0-b25b8dc037e6,"[""Gold Jewelry"", ""Diamond Jewelry"", ""Silver Jewelry"", ""Gemstone Jewelry"", ""Bridal Collections""]","[""Jewelry Consultation"", ""Custom Design"", ""Repair Services"", ""Certification"", ""Exchange Program""]",00000000-0000-0000-0000-000000000001,,2026-01-10 12:02:00,2026-01-10 12:02:00
d8ecf110-6504-42b5-b6b6-2e3b07f6bea9,cd2a82b0-bfc9-4fc7-8e5c-950a095bb9fc,"[""Logistics Software"", ""Warehouse Management Tools"", ""Supply Chain Documentation""]","[""C&F Services"", ""Distribution Management"", ""Warehousing"", ""Supply Chain Consulting"", ""Last-Mile Delivery""]",00000000-0000-0000-0000-000000000001,,2026-01-10 12:02:00,2026-01-10 12:02:00
d14b46cd-5677-4da7-ab28-daf9bf866749,bccbf5c6-0926-45ff-b070-7cc5e65e73e7,"[""Educational Toys"", ""Activity Books"", ""Learning Kits"", ""Art Supplies"", ""Digital Learning Tools""]","[""Playgroup"", ""Nursery"", ""LKG/UKG"", ""Day Care"", ""After-School Programs"", ""Parent Programs""]",00000000-0000-0000-0000-000000000001,,2026-01-10 12:02:00,2026-01-10 12:02:00
ad8ef99e-0922-46f9-b25a-5e381faadff9,c7778f21-59da-4ea2-839a-77caf091aae2,"[""Coding Course Materials"", ""STEM Kits"", ""Programming Software"", ""Project Kits"", ""Robotics Equipment""]","[""Coding Courses"", ""STEM Programs"", ""Robotics Training"", ""Online Classes"", ""Competition Coaching"", ""Placement Assistance""]",00000000-0000-0000-0000-000000000001,,2026-01-10 12:02:00,2026-01-10 12:02:00
d47dc52b-0b0c-4e1e-bb46-3270bd1ff4a7,478399b2-0287-483c-b17e-e8a9f2f70a29,"[""Language Learning Books"", ""Audio Materials"", ""Practice Workbooks"", ""Online Resources"", ""Certification Prep Materials""]","[""Language Courses"", ""Communication Training"", ""Conversation Practice"", ""Online Classes"", ""Test Preparation"", ""Corporate Language Training""]",00000000-0000-0000-0000-000000000001,,2026-01-10 12:02:00,2026-01-10 12:02:00
d517a5fc-10c7-4cf6-b021-260a27133cda,d1fbdbec-34d6-42d8-b51a-3c1a2ffd584e,"[""Fleet Vehicles"", ""Tracking Systems"", ""Driver App"", ""Vehicle Insurance""]","[""Cab Services"", ""Corporate Transport"", ""Airport Transfers"", ""Outstation Travel"", ""Fleet Management""]",00000000-0000-0000-0000-000000000001,,2026-01-10 12:02:00,2026-01-10 12:02:00
ed65aca7-6649-445b-8780-6c21e4751c2a,fd2629ea-c741-4b33-a69b-aef07e670903,"[""Sarees"", ""Salwar Suits"", ""Lehengas"", ""Kurtis"", ""Traditional Accessories""]","[""Personalized Styling"", ""Alterations"", ""Bridal Consultation"", ""Custom Design"", ""Online Shopping""]",00000000-0000-0000-0000-000000000001,,2026-01-10 12:02:00,2026-01-10 12:02:00
b42bb250-fa3c-4eec-8a75-24f3d8ce77f6,e266460e-a2c7-41ea-be2f-0b6aace2ec69,"[""Main Course Dishes"", ""Sides"", ""Beverages"", ""Desserts"", ""Snacks""]","[""Quick Service"", ""Dine-in"", ""Takeaway"", ""Home Delivery"", ""Online Ordering"", ""Catering""]",00000000-0000-0000-0000-000000000001,,2026-01-10 12:02:00,2026-01-10 12:02:00
5a9dbd6d-f31d-4c98-9b2e-784b518c6e72,11ad18b9-143b-49c4-9624-2fdbf76d1c40,"[""Website Development Services"", ""Software Products"", ""Mobile Apps"", ""ERP Solutions"", ""Hosting Services""]","[""Web Development"", ""App Development"", ""E-commerce Solutions"", ""Digital Marketing"", ""SEO"", ""Technical Support""]",00000000-0000-0000-0000-000000000001,,2026-01-10 12:02:00,2026-01-10 12:02:00
