id,franchise_id,city,state,country,created_at
69ab0f6f-389c-4dc3-965e-167af9f281f0,b38c39c0-b9f6-495f-b8be-a65b1c0b9221,Delhi,Delhi,India,2026-01-10 12:02:52
90112379-c7bb-4737-b6bf-91f0a083a1dd,b38c39c0-b9f6-495f-b8be-a65b1c0b9221,Mumbai,Maharashtra,India,2026-01-10 12:02:52
30e91707-2f40-4b1c-91d1-1ab339051e81,b38c39c0-b9f6-495f-b8be-a65b1c0b9221,Bengaluru,Karnataka,India,2026-01-10 12:02:52
8eb0469b-8209-4ef6-a88a-2c0132e7b86b,c8f6989c-d785-4cf7-b127-b7ba288a3314,Chennai,Tamil Nadu,India,2026-01-10 12:02:52
e5b021c7-d86f-4313-8712-8d1b7b1689b4,c8f6989c-d785-4cf7-b127-b7ba288a3314,Bangalore,Karnataka,India,2026-01-10 12:02:52
c2167575-78fc-4f2d-a2a1-98d98a5dc424,b297c5b9-82e3-4c3d-88fc-c509ae881207,Yavatmal,Maharashtra,India,2026-01-10 12:02:52
e7580fc4-8ea5-4cf5-8efa-8fb8c415b995,b297c5b9-82e3-4c3d-88fc-c509ae881207,Hyderabad,Telangana,India,2026-01-10 12:02:52
8cad19cc-244e-4670-aadb-104b44865291,b297c5b9-82e3-4c3d-88fc-c509ae881207,Visakhapatnam,Andhra Pradesh,India,2026-01-10 12:02:52
5b5a302e-d331-439f-81c5-5196da958a21,b297c5b9-82e3-4c3d-88fc-c509ae881207,Chennai,Tamil Nadu,India,2026-01-10 12:02:52
75dc5681-85c0-40d6-a29c-b4b96b2717d2,6a8c08c9-ef66-48b0-a68e-e9e0b7b40fcc,Pune,Maharashtra,India,2026-01-10 12:02:52
704673ff-0f71-4b64-a29e-bb76d2a08ac9,6a8c08c9-ef66-48b0-a68e-e9e0b7b40fcc,Nagpur,Maharashtra,India,2026-01-10 12:02:52
2ef22ae5-82f4-416d-a90a-5ba09a7e9209,6a8c08c9-ef66-48b0-a68e-e9e0b7b40fcc,Aurangabad,Maharashtra,India,2026-01-10 12:02:52
1763ffc6-c6a5-4b39-a3b6-d60c41c3fc2c,6a8c08c9-ef66-48b0-a68e-e9e0b7b40fcc,Alibag,Maharashtra,India,2026-01-10 12:02:52
49cb5a93-5c8d-4b77-9951-7cac80ebf970,afb4be0a-0173-4248-b0b9-9c7ba0e3ce8f,Indore,Madhya Pradesh,India,2026-01-10 12:02:52
92d981bc-8ffc-473a-8cd9-06bc2e7a7acf,09378ed3-2aa4-4e45-bf5d-6a75d1bdb2f7,Kolkata,West Bengal,India,2026-01-10 12:02:52
b710ade2-a041-4dd2-88d8-f4b9a210f74d,09378ed3-2aa4-4e45-bf5d-6a75d1bdb2f7,Bhubaneswar,Odisha,India,2026-01-10 12:02:52
e61cac08-e2a9-4ebb-a352-53072bb6a4fd,09378ed3-2aa4-4e45-bf5d-6a75d1bdb2f7,Dhanbad,Jharkhand,India,2026-01-10 12:02:52
df902586-b41d-4721-8215-dc5229c6d022,09378ed3-2aa4-4e45-bf5d-6a75d1bdb2f7,Bhagalpur,Bihar,India,2026-01-10 12:02:52
736df19c-f1f1-4c53-902a-dc9074f591be,09378ed3-2aa4-4e45-bf5d-6a75d1bdb2f7,Begusarai,Bihar,India,2026-01-10 12:02:52
8d384da8-dcfa-44f4-bd72-607d803caa69,09378ed3-2aa4-4e45-bf5d-6a75d1bdb2f7,Guwahati,Assam,India,2026-01-10 12:02:52
4d94bbae-2bec-4692-b2f4-0742d4e799fb,09378ed3-2aa4-4e45-bf5d-6a75d1bdb2f7,Agartala,Tripura,India,2026-01-10 12:02:52
d7603fed-dbae-4990-b5c4-29e6c0a0aa45,b781fa76-8eaf-4cf9-a15c-b6a1c3503554,Delhi,Delhi,India,2026-01-10 12:02:52
74a8b5f8-c905-4a60-be98-fcbf6b03acb0,b781fa76-8eaf-4cf9-a15c-b6a1c3503554,Gurgaon,Haryana,India,2026-01-10 12:02:52
329eaed5-23ab-4975-a472-2ff819615f9e,b781fa76-8eaf-4cf9-a15c-b6a1c3503554,Ludhiana,Punjab,India,2026-01-10 12:02:52
00b108d1-d868-46e1-b3dd-d67c446ac68c,b781fa76-8eaf-4cf9-a15c-b6a1c3503554,Agra,Uttar Pradesh,India,2026-01-10 12:02:52
32104a20-4b7b-4104-8e46-97c9796ff33a,b781fa76-8eaf-4cf9-a15c-b6a1c3503554,Bangalore,Karnataka,India,2026-01-10 12:02:52
a618d8a3-1a52-4c51-82b9-15de287414fd,b781fa76-8eaf-4cf9-a15c-b6a1c3503554,Hyderabad,Telangana,India,2026-01-10 12:02:52
791e379e-b678-4f7c-9faf-4a79747b3e1f,b781fa76-8eaf-4cf9-a15c-b6a1c3503554,Coimbatore,Tamil Nadu,India,2026-01-10 12:02:52
f89be054-610a-44a6-b48e-66c11aff6007,b781fa76-8eaf-4cf9-a15c-b6a1c3503554,Erode,Tamil Nadu,India,2026-01-10 12:02:52
e97c376d-31cb-4638-80ca-c3b9da2cc4df,b781fa76-8eaf-4cf9-a15c-b6a1c3503554,Bhopal,Madhya Pradesh,India,2026-01-10 12:02:52
b3fd47f7-fb94-4bb7-ac7b-4c9f7eba4de6,b781fa76-8eaf-4cf9-a15c-b6a1c3503554,Jaipur,Rajasthan,India,2026-01-10 12:02:52
372434fe-5d57-495d-b69a-16b4d6a3fc18,b781fa76-8eaf-4cf9-a15c-b6a1c3503554,Mumbai,Maharashtra,India,2026-01-10 12:02:52
b01519be-e876-4770-b1f6-6e5d6039468d,b781fa76-8eaf-4cf9-a15c-b6a1c3503554,Pune,Maharashtra,India,2026-01-10 12:02:52
2b61ac01-c9df-4922-884d-3ce1c838f8df,b781fa76-8eaf-4cf9-a15c-b6a1c3503554,Nashik,Maharashtra,India,2026-01-10 12:02:52
3a705cd7-49c4-4584-90b8-2791f331182c,b781fa76-8eaf-4cf9-a15c-b6a1c3503554,Nagpur,Maharashtra,India,2026-01-10 12:02:52
6c2cb80c-9210-463a-a1ff-fe1953463914,b781fa76-8eaf-4cf9-a15c-b6a1c3503554,Surat,Gujarat,India,2026-01-10 12:02:52
72cf748b-2541-4002-94ae-e9d2e91f2470,b781fa76-8eaf-4cf9-a15c-b6a1c3503554,Belagavi,Karnataka,India,2026-01-10 12:02:53
2383da65-e9eb-453d-a7c6-803b8d1badc0,b781fa76-8eaf-4cf9-a15c-b6a1c3503554,Bilaspur,Chhattisgarh,India,2026-01-10 12:02:53
f2da733e-e043-4b89-837b-0a4cb86abb36,b781fa76-8eaf-4cf9-a15c-b6a1c3503554,Ranchi,Jharkhand,India,2026-01-10 12:02:53
aa4e79c5-d02b-44a1-88bc-6fa2c15ed664,0e50ed02-6937-4c8d-aa31-b4202a5f77cd,Mumbai,Maharashtra,India,2026-01-10 12:02:53
c414a9ba-365c-4897-bf2e-3135900e1605,0e50ed02-6937-4c8d-aa31-b4202a5f77cd,Nagpur,Maharashtra,India,2026-01-10 12:02:53
17254b83-26c4-44e6-b2e2-946b0c39cc26,0e50ed02-6937-4c8d-aa31-b4202a5f77cd,Satara,Maharashtra,India,2026-01-10 12:02:53
9484c96c-f55c-4708-ac17-c0072ec0698e,0e50ed02-6937-4c8d-aa31-b4202a5f77cd,Solapur,Maharashtra,India,2026-01-10 12:02:53
f176777f-5abc-4310-b5b1-f13b5e58bf09,0e50ed02-6937-4c8d-aa31-b4202a5f77cd,Amravati,Maharashtra,India,2026-01-10 12:02:53
f7fc88b7-7713-4b40-be86-c6fa5c0b1572,0e50ed02-6937-4c8d-aa31-b4202a5f77cd,Jalgaon,Maharashtra,India,2026-01-10 12:02:53
701086c5-f6aa-4240-94ec-56a7091ef9a8,0e50ed02-6937-4c8d-aa31-b4202a5f77cd,Varanasi,Uttar Pradesh,India,2026-01-10 12:02:53
d35478ee-d14c-43d1-a212-54f6ee146f20,0e50ed02-6937-4c8d-aa31-b4202a5f77cd,Allahabad,Uttar Pradesh,India,2026-01-10 12:02:53
6a5df646-5832-4ce9-92bc-4b71ea0cbfea,0e50ed02-6937-4c8d-aa31-b4202a5f77cd,Meerut,Uttar Pradesh,India,2026-01-10 12:02:53
c6621b14-28cb-48b0-b725-075e6c977bf5,0e50ed02-6937-4c8d-aa31-b4202a5f77cd,Noida,Uttar Pradesh,India,2026-01-10 12:02:53
5401dae5-64cb-4a03-a308-566d0cf055c7,0e50ed02-6937-4c8d-aa31-b4202a5f77cd,Ghaziabad,Uttar Pradesh,India,2026-01-10 12:02:53
00befd4f-1847-4c31-b86d-e91d10627381,0e50ed02-6937-4c8d-aa31-b4202a5f77cd,Indore,Madhya Pradesh,India,2026-01-10 12:02:53
198a5120-f390-4973-81ce-1f7016826246,0e50ed02-6937-4c8d-aa31-b4202a5f77cd,Bhopal,Madhya Pradesh,India,2026-01-10 12:02:53
93fc4133-6c1d-4efe-87e9-f6d824d3b5bd,0e50ed02-6937-4c8d-aa31-b4202a5f77cd,Jabalpur,Madhya Pradesh,India,2026-01-10 12:02:53
16c2513b-fff0-4d4d-8df1-70b68ad214c7,0e50ed02-6937-4c8d-aa31-b4202a5f77cd,Gwalior,Madhya Pradesh,India,2026-01-10 12:02:53
d3e0d3bd-0179-4c39-95bb-3cacadc48e48,0e50ed02-6937-4c8d-aa31-b4202a5f77cd,Ahmedabad,Gujarat,India,2026-01-10 12:02:53
d6f83cbb-0f6a-4388-ae7d-6a5f94591ab5,0e50ed02-6937-4c8d-aa31-b4202a5f77cd,Surat,Gujarat,India,2026-01-10 12:02:53
f77c5316-0ec2-48d8-9e27-fe6b68ebc3b6,0e50ed02-6937-4c8d-aa31-b4202a5f77cd,Vadodara,Gujarat,India,2026-01-10 12:02:53
7706ae2e-1b7c-41e6-8d16-0e8b7489bffa,0e50ed02-6937-4c8d-aa31-b4202a5f77cd,Rajkot,Gujarat,India,2026-01-10 12:02:53
a37b60cb-5327-4faf-9476-f50df85c5a91,0e50ed02-6937-4c8d-aa31-b4202a5f77cd,Bangalore,Karnataka,India,2026-01-10 12:02:53
4b2babc4-8922-4703-b57f-eda6daae4b44,0e50ed02-6937-4c8d-aa31-b4202a5f77cd,Mysore,Karnataka,India,2026-01-10 12:02:53
0414f82c-237d-424c-aa63-354d35dab3b5,0e50ed02-6937-4c8d-aa31-b4202a5f77cd,Mangalore,Karnataka,India,2026-01-10 12:02:53
8c8e46b8-1726-4337-8e9a-f3624e655cc0,0e50ed02-6937-4c8d-aa31-b4202a5f77cd,Hubli,Karnataka,India,2026-01-10 12:02:53
77e44c7e-91cd-4834-ad42-80d4ea8a3964,0e50ed02-6937-4c8d-aa31-b4202a5f77cd,Jaipur,Rajasthan,India,2026-01-10 12:02:53
35febe74-5bc4-4156-98ce-6032baa2dc89,0e50ed02-6937-4c8d-aa31-b4202a5f77cd,Udaipur,Rajasthan,India,2026-01-10 12:02:53
53384320-c35d-40c9-8314-effc47f470b3,0e50ed02-6937-4c8d-aa31-b4202a5f77cd,Jodhpur,Rajasthan,India,2026-01-10 12:02:53
7ae9c6c5-78fa-4e18-ab49-ef5e7fdb93ba,0e50ed02-6937-4c8d-aa31-b4202a5f77cd,Kota,Rajasthan,India,2026-01-10 12:02:53
42464605-449e-4c84-bd47-931063ea6f6a,0e50ed02-6937-4c8d-aa31-b4202a5f77cd,Goa,Goa,India,2026-01-10 12:02:53
4e2629c6-3cdc-4f36-989f-bb5d360fd652,0e50ed02-6937-4c8d-aa31-b4202a5f77cd,Chandigarh,Chandigarh,India,2026-01-10 12:02:53
0c726def-a3f0-4198-997a-385c0a1da06f,0e50ed02-6937-4c8d-aa31-b4202a5f77cd,Dehradun,Uttarakhand,India,2026-01-10 12:02:53
7d03e5ab-fef9-4ced-9f59-a9264ad7d123,0e50ed02-6937-4c8d-aa31-b4202a5f77cd,Patna,Bihar,India,2026-01-10 12:02:53
c6ab90df-f44d-431e-ab13-5996f5e0b400,0e50ed02-6937-4c8d-aa31-b4202a5f77cd,Ranchi,Jharkhand,India,2026-01-10 12:02:53
382603e0-ca57-46a2-9561-df97c5ef8313,7e62e026-71a1-4b49-971d-e8bcd1cc4e54,Delhi,Delhi,India,2026-01-10 12:02:53
858ba4f8-973a-426e-8dba-7df4e7b7d535,7e62e026-71a1-4b49-971d-e8bcd1cc4e54,Uttar Pradesh,Uttar Pradesh,India,2026-01-10 12:02:53
fc17df9d-e763-4bba-8733-b5362001bf0c,7e62e026-71a1-4b49-971d-e8bcd1cc4e54,Haryana,Haryana,India,2026-01-10 12:02:53
6c1fa70c-62e7-42db-aa30-19fff2908b71,7e62e026-71a1-4b49-971d-e8bcd1cc4e54,Punjab,Punjab,India,2026-01-10 12:02:53
811878c3-c770-4aa5-893f-eedabc66cf43,7e62e026-71a1-4b49-971d-e8bcd1cc4e54,Himachal Pradesh,Himachal Pradesh,India,2026-01-10 12:02:53
113e35ad-7a09-4205-97c7-4373fe035e83,7e62e026-71a1-4b49-971d-e8bcd1cc4e54,Uttarakhand,Uttarakhand,India,2026-01-10 12:02:53
3d166652-fb17-42c9-80da-7e1e45040b41,7e62e026-71a1-4b49-971d-e8bcd1cc4e54,Jammu & Kashmir,Jammu & Kashmir,India,2026-01-10 12:02:53
9d09f954-d45d-4284-af16-6d28e713965c,7e62e026-71a1-4b49-971d-e8bcd1cc4e54,Karnataka,Karnataka,India,2026-01-10 12:02:53
3790d6e6-1e56-44bd-9179-412cb20d155e,7e62e026-71a1-4b49-971d-e8bcd1cc4e54,Tamil Nadu,Tamil Nadu,India,2026-01-10 12:02:53
1767f99f-b9dc-4c7c-b807-4234e1ab4200,7e62e026-71a1-4b49-971d-e8bcd1cc4e54,Kerala,Kerala,India,2026-01-10 12:02:53
9c8df45f-3c55-469c-9265-b02edf725564,7e62e026-71a1-4b49-971d-e8bcd1cc4e54,Andhra Pradesh,Andhra Pradesh,India,2026-01-10 12:02:53
bd7d036b-fe84-4214-b353-11953af6be9d,7e62e026-71a1-4b49-971d-e8bcd1cc4e54,Telangana,Telangana,India,2026-01-10 12:02:53
cbb10b6a-0d02-4d27-b33a-39ae8e91a9dd,7e62e026-71a1-4b49-971d-e8bcd1cc4e54,West Bengal,West Bengal,India,2026-01-10 12:02:53
b087cfe1-11af-4f35-9ec4-d71c6bde4e72,7e62e026-71a1-4b49-971d-e8bcd1cc4e54,Assam,Assam,India,2026-01-10 12:02:53
1766f4d9-bd0a-4441-8e02-5b1af2fdf86c,7e62e026-71a1-4b49-971d-e8bcd1cc4e54,Odisha,Odisha,India,2026-01-10 12:02:53
aa11675c-5bc3-4ccd-8f44-6c3f44aec7eb,7e62e026-71a1-4b49-971d-e8bcd1cc4e54,Bihar,Bihar,India,2026-01-10 12:02:53
548aecc5-0c7d-4f28-b963-21fc395f1f64,7e62e026-71a1-4b49-971d-e8bcd1cc4e54,Jharkhand,Jharkhand,India,2026-01-10 12:02:53
db2e7ca5-17ee-4c3d-aa6a-3e606314ef19,7e62e026-71a1-4b49-971d-e8bcd1cc4e54,Sikkim,Sikkim,India,2026-01-10 12:02:53
abbd3bed-b358-4753-82b4-b04929091751,7e62e026-71a1-4b49-971d-e8bcd1cc4e54,Meghalaya,Meghalaya,India,2026-01-10 12:02:53
43f2e2f4-59af-4905-96fa-9a3beda16188,7e62e026-71a1-4b49-971d-e8bcd1cc4e54,Manipur,Manipur,India,2026-01-10 12:02:53
96b51f7e-1639-46ca-bf4b-442f97e3a4d1,7e62e026-71a1-4b49-971d-e8bcd1cc4e54,Tripura,Tripura,India,2026-01-10 12:02:53
161d6490-bfb9-482b-82a5-db719eee7338,7e62e026-71a1-4b49-971d-e8bcd1cc4e54,Nagaland,Nagaland,India,2026-01-10 12:02:53
121c9df7-8584-4b5e-bc5d-4a6e2c0a3e2d,7e62e026-71a1-4b49-971d-e8bcd1cc4e54,Arunachal Pradesh,Arunachal Pradesh,India,2026-01-10 12:02:53
14d34a9e-fdba-4bef-9499-79992206b869,7e62e026-71a1-4b49-971d-e8bcd1cc4e54,Mizoram,Mizoram,India,2026-01-10 12:02:53
50e3fe79-78c5-4b3b-a124-46cd2efd0758,7e62e026-71a1-4b49-971d-e8bcd1cc4e54,Maharashtra,Maharashtra,India,2026-01-10 12:02:53
8444a546-b022-46fc-8b40-4ebf5168c215,7e62e026-71a1-4b49-971d-e8bcd1cc4e54,Gujarat,Gujarat,India,2026-01-10 12:02:53
e9dfb61c-687b-414f-8a81-eff905bf7b3e,7e62e026-71a1-4b49-971d-e8bcd1cc4e54,Rajasthan,Rajasthan,India,2026-01-10 12:02:53
b666d413-9beb-40b0-98b9-98c1ae56fdfe,7e62e026-71a1-4b49-971d-e8bcd1cc4e54,Goa,Goa,India,2026-01-10 12:02:53
b31cebaf-cbc4-4b79-9c30-cd4774ce9a61,7e62e026-71a1-4b49-971d-e8bcd1cc4e54,Madhya Pradesh,Madhya Pradesh,India,2026-01-10 12:02:53
6ee72fff-1314-40d0-a2de-d18e83a6466b,7e62e026-71a1-4b49-971d-e8bcd1cc4e54,Chhattisgarh,Chhattisgarh,India,2026-01-10 12:02:53
e29624a7-498f-4623-87c1-b5b71a60d540,7e62e026-71a1-4b49-971d-e8bcd1cc4e54,Chandigarh,Chandigarh,India,2026-01-10 12:02:53
b41f4ada-d65a-4075-867b-c94ffa9def95,7e62e026-71a1-4b49-971d-e8bcd1cc4e54,Puducherry,Puducherry,India,2026-01-10 12:02:53
b0a60064-3be1-4526-bf40-9c03e1bcb0a6,7e62e026-71a1-4b49-971d-e8bcd1cc4e54,Andaman & Nicobar Islands,Andaman & Nicobar Islands,India,2026-01-10 12:02:53
267d2579-e71b-49c4-aebb-6ccc4c5a09ac,7e62e026-71a1-4b49-971d-e8bcd1cc4e54,Lakshadweep,Lakshadweep,India,2026-01-10 12:02:53
eb5fb769-76e8-4cd8-a172-054e063a3321,7e62e026-71a1-4b49-971d-e8bcd1cc4e54,Daman & Diu,Daman & Diu,India,2026-01-10 12:02:53
e0fb960d-a4a8-42b9-83aa-f52257e2b6c7,8a873fc8-8a68-461e-81f4-55d7f192f2b1,Pune,Maharashtra,India,2026-01-10 12:02:53
db9bd3d2-d73d-4ad1-8716-bf275c3467b3,fc244900-e4b1-4eec-8e70-eb778beac3a5,Gurugram,Haryana,India,2026-01-10 12:02:53
d332ddec-a852-4af6-853a-cfd7eb3e2d21,fc244900-e4b1-4eec-8e70-eb778beac3a5,Delhi,Delhi,India,2026-01-10 12:02:53
040cc780-a83a-4f58-b4a2-638fa70fadfd,a6ae3e8e-b3da-4406-9a53-1f411523033b,Mumbai,Maharashtra,India,2026-01-10 12:02:53
7dbe2cbe-e605-40e1-a6c5-12cd9b3837f5,a6ae3e8e-b3da-4406-9a53-1f411523033b,Bangalore,Karnataka,India,2026-01-10 12:02:53
842f973c-58a4-4ee3-bd3c-1f61ccede789,a6ae3e8e-b3da-4406-9a53-1f411523033b,Delhi,Delhi,India,2026-01-10 12:02:53
9678f767-e09e-41da-abb1-14a74dc54cb6,a6ae3e8e-b3da-4406-9a53-1f411523033b,Lucknow,Uttar Pradesh,India,2026-01-10 12:02:53
10233127-85a9-4160-b66f-e334feefa57f,a6ae3e8e-b3da-4406-9a53-1f411523033b,Indore,Madhya Pradesh,India,2026-01-10 12:02:53
c8b05096-10ad-458e-afb4-fd001d330ff9,a6ae3e8e-b3da-4406-9a53-1f411523033b,Raipur,Chhattisgarh,India,2026-01-10 12:02:53
765d3484-e86e-49a6-8681-32099aedaad5,a6ae3e8e-b3da-4406-9a53-1f411523033b,Ranchi,Jharkhand,India,2026-01-10 12:02:53
e7a3709b-b48e-443d-89cc-5391131c03f8,f610d893-650e-46e2-89a6-c50f59036275,Ahmedabad,Gujarat,India,2026-01-10 12:02:53
a75d7a96-c122-4a18-95e3-04bd79ed3a50,f610d893-650e-46e2-89a6-c50f59036275,Jaipur,Rajasthan,India,2026-01-10 12:02:53
8db9bb06-6b3c-4ad8-88fe-28aa64318628,f610d893-650e-46e2-89a6-c50f59036275,Surat,Gujarat,India,2026-01-10 12:02:53
e59206e2-d092-44e9-917e-79a3588cdb2d,f610d893-650e-46e2-89a6-c50f59036275,Jodhpur,Rajasthan,India,2026-01-10 12:02:53
edc01951-cdc8-4220-9815-6e6972a16256,f610d893-650e-46e2-89a6-c50f59036275,Ludhiana,Punjab,India,2026-01-10 12:02:53
1d54e819-7f4f-44ac-b991-0de749ace422,f610d893-650e-46e2-89a6-c50f59036275,Bhopal,Madhya Pradesh,India,2026-01-10 12:02:53
3d85cb65-96a3-4b73-aece-0e4a48033e41,f610d893-650e-46e2-89a6-c50f59036275,Delhi NCR,Delhi,India,2026-01-10 12:02:53
c67ca17f-8be3-4367-9271-0d6208f06f11,1dac1aa2-22c2-41e9-a608-2ffb1cefdf84,Ahmedabad,Gujarat,India,2026-01-10 12:02:53
5702c95e-7976-43b2-8816-a2510bf4c080,1dac1aa2-22c2-41e9-a608-2ffb1cefdf84,Mumbai,Maharashtra,India,2026-01-10 12:02:53
39019bd5-69f0-471f-a343-0ffd5b0dbf89,1dac1aa2-22c2-41e9-a608-2ffb1cefdf84,Jaipur,Rajasthan,India,2026-01-10 12:02:53
17bf90f4-7a53-4deb-bfe3-ed0f8b272ffa,1dac1aa2-22c2-41e9-a608-2ffb1cefdf84,Delhi NCR,Delhi,India,2026-01-10 12:02:53
b59b8187-61d3-4c2e-84f7-e47859df081e,1dac1aa2-22c2-41e9-a608-2ffb1cefdf84,Bengaluru,Karnataka,India,2026-01-10 12:02:53
269b817a-487b-42d3-a8db-85b24accf2af,1dac1aa2-22c2-41e9-a608-2ffb1cefdf84,Chandigarh,Chandigarh,India,2026-01-10 12:02:53
23ca3dcc-a0bb-4fa9-a839-1d70d227acb0,1dac1aa2-22c2-41e9-a608-2ffb1cefdf84,Kolkata,West Bengal,India,2026-01-10 12:02:53
91b4682e-dc24-4a60-af91-7e5d12f98b53,1ee2cd39-dcf0-4e78-971d-967b8f1e2f12,Bengaluru,Karnataka,India,2026-01-10 12:02:53
6a2d7ee9-24ef-4737-a705-7ad1def14953,1ee2cd39-dcf0-4e78-971d-967b8f1e2f12,Hyderabad,Telangana,India,2026-01-10 12:02:53
06f210d8-8640-4e48-aebb-28ba07a200b7,1ee2cd39-dcf0-4e78-971d-967b8f1e2f12,Mumbai,Maharashtra,India,2026-01-10 12:02:53
62ea21c6-9891-4d8e-98a4-47ad2ad9f16c,1c97dc61-7708-4958-8222-3fe8fa9275bc,Delhi,Delhi,India,2026-01-10 12:02:53
6c718cb4-434c-4223-87e2-652277e5b53f,1c97dc61-7708-4958-8222-3fe8fa9275bc,Bengaluru,Karnataka,India,2026-01-10 12:02:53
9a08d41f-b43f-418f-afd6-b5d61fd3706c,1c97dc61-7708-4958-8222-3fe8fa9275bc,Mumbai,Maharashtra,India,2026-01-10 12:02:53
a17d25ff-0e87-4f88-b38a-63cacffeccf2,9ab139e7-cf16-4085-9352-c51d74e61115,Delhi,Delhi,India,2026-01-10 12:02:53
f396f3ad-3f5c-4e3b-97c0-bf72792135d6,9ab139e7-cf16-4085-9352-c51d74e61115,Gujarat,Gujarat,India,2026-01-10 12:02:53
92c26cb0-45fe-4225-8872-366b5790078b,9ab139e7-cf16-4085-9352-c51d74e61115,Maharashtra,Maharashtra,India,2026-01-10 12:02:53
dfdd80ed-2c7e-475b-923b-b63290f2e1c4,ac303bf7-2a32-471d-9be1-a1dbb2e915e7,Delhi,Delhi,India,2026-01-10 12:02:53
2fcfd21c-3222-4ea5-9377-f29a3538bee8,ac303bf7-2a32-471d-9be1-a1dbb2e915e7,Mumbai,Maharashtra,India,2026-01-10 12:02:53
40b56bf8-2357-40cc-8bbb-db1bb1aed2b7,ac303bf7-2a32-471d-9be1-a1dbb2e915e7,Bengaluru,Karnataka,India,2026-01-10 12:02:53
dc374fe3-02a0-4be6-97f4-2727fcf29cec,df361e73-da0e-4e50-992d-e95e57306357,Bengaluru,Karnataka,India,2026-01-10 12:02:53
4e7ace87-f3d5-4f52-815a-44bd9cc8b936,df361e73-da0e-4e50-992d-e95e57306357,Pune,Maharashtra,India,2026-01-10 12:02:53
6c3add71-6fb3-42a3-ad00-6f0c52f9c029,df361e73-da0e-4e50-992d-e95e57306357,Sangli,Maharashtra,India,2026-01-10 12:02:53
fc7e0db5-c663-4105-a201-f8622e8f1cd7,c8bbd1a5-9676-4a19-b8c4-1b2f22fe8148,Pan India,Various,India,2026-01-10 12:02:53
07cde3dc-446c-4ee4-88e9-99a309d00d05,88848236-153f-41d1-85cd-4a9001af249c,Pan India,Various,India,2026-01-10 12:02:53
b4134315-d43a-4179-b8d9-5c2e30b285d2,d96ac4e8-daa4-4d60-9a4d-f7dcb54412b7,North Indian Cities,Various,India,2026-01-10 12:02:53
bfcf5eaf-cc7b-45ca-b480-4633e0467208,d451263c-43df-4ba1-b652-cbac27ff7846,Pan-India,Various,India,2026-01-10 12:02:53
31fefcb6-e1a2-4af0-a989-337739832bab,a3d5f27f-978c-48e7-97cf-21e8aea6d359,All major Indian cities,Various,India,2026-01-10 12:02:53
0411cce5-5158-4df2-aa3f-3f6f94af7b10,780dabc4-787e-4001-9c4b-a07c9874ffab,All major Indian cities,Various,India,2026-01-10 12:02:53
dbc80f5c-bfbb-4259-867a-22af7da17c37,499ed48e-a3e7-480e-900b-f384cd1ec21f,All major Indian cities,Various,India,2026-01-10 12:02:53
36e13d46-1ce4-47db-ba68-69978b0cc4b0,fc554f5b-c10b-4835-b81b-6eb90deb8862,All major Indian cities,Various,India,2026-01-10 12:02:53
60505c23-9bb8-4327-aa55-9f405c9df748,ab2c97a4-15c8-4105-902b-e6b961445825,Towns and pocket towns,Kerala,India,2026-01-10 12:02:53
9afe23d2-76cf-4c2b-97fe-5dfc7a61ba04,0fe579f2-a816-4116-a312-a340923dbfe6,Towns and smaller cities,Karnataka,India,2026-01-10 12:02:53
4a9b984b-d89f-4b20-86e7-d2f0dca1a1ff,a0160a9a-fe08-485e-9592-67df5f2e6235,Rajahmundry,Andhra Pradesh,India,2026-01-10 12:02:53
ceda20f8-7ecc-445c-ba86-6b076692cf49,a0160a9a-fe08-485e-9592-67df5f2e6235,Hyderabad,Telangana,India,2026-01-10 12:02:53
b1f34b84-4aa8-4019-bccf-08ad24201f97,a0160a9a-fe08-485e-9592-67df5f2e6235,Bengaluru,Karnataka,India,2026-01-10 12:02:53
1191c11e-4c6b-4575-af12-3b2db6885b36,a0160a9a-fe08-485e-9592-67df5f2e6235,Chennai,Tamil Nadu,India,2026-01-10 12:02:53
482c958e-5fda-47f4-a6b3-38d47f7520b1,a0160a9a-fe08-485e-9592-67df5f2e6235,Kolkata,West Bengal,India,2026-01-10 12:02:53
99fc6f8f-03b2-481f-b282-3fdf5e19569a,ba736baa-47d2-4b53-8969-661dbce6e6a1,Mumbai,Maharashtra,India,2026-01-10 12:02:53
e781c707-99c0-48fd-9f89-aa5bec95eaff,ba736baa-47d2-4b53-8969-661dbce6e6a1,Delhi NCR,Delhi,India,2026-01-10 12:02:53
567b1971-c276-4d02-a84f-8141e11606da,ba736baa-47d2-4b53-8969-661dbce6e6a1,Bengaluru,Karnataka,India,2026-01-10 12:02:53
9b685096-9c11-42f1-8a17-b9728c85a325,ba736baa-47d2-4b53-8969-661dbce6e6a1,Chennai,Tamil Nadu,India,2026-01-10 12:02:53
62cc5c0c-15b0-4367-bc88-8dc3a5195ed1,ba736baa-47d2-4b53-8969-661dbce6e6a1,Kochi,Kerala,India,2026-01-10 12:02:53
1a3ff4b1-8624-495c-b32e-daca37eb639d,f943babd-ea6a-444b-b645-315f491c40a6,Bengaluru,Karnataka,India,2026-01-10 12:02:53
ac2cfef1-e82e-4ca4-9530-4e7dd1450f75,f943babd-ea6a-444b-b645-315f491c40a6,Delhi NCR,Delhi,India,2026-01-10 12:02:53
9cad20d1-1553-40f3-9970-8c51be247c6d,f943babd-ea6a-444b-b645-315f491c40a6,Mumbai,Maharashtra,India,2026-01-10 12:02:53
604bb20d-1a03-434d-89c5-58b59840f191,f943babd-ea6a-444b-b645-315f491c40a6,Pune,Maharashtra,India,2026-01-10 12:02:53
97fa6967-1c8e-474e-a7b5-aec2e116f5f3,f943babd-ea6a-444b-b645-315f491c40a6,Hyderabad,Telangana,India,2026-01-10 12:02:53
54dda884-4cc2-4b91-a125-f5c8a576e89f,e277efc3-55a1-40a9-8fad-b3149ffe9d2f,Kadapa,Andhra Pradesh,India,2026-01-10 12:02:53
4b9a40f8-8f78-44ee-ba95-931bacb89ff8,e277efc3-55a1-40a9-8fad-b3149ffe9d2f,Tirupati,Andhra Pradesh,India,2026-01-10 12:02:53
08fb63e9-e551-44c5-ace8-f3072c341aab,e277efc3-55a1-40a9-8fad-b3149ffe9d2f,Hyderabad,Telangana,India,2026-01-10 12:02:53
551c4896-8d26-414d-9fc3-fc48155d5b56,e277efc3-55a1-40a9-8fad-b3149ffe9d2f,Bengaluru,Karnataka,India,2026-01-10 12:02:53
1533a34a-d6b0-457b-8ec9-a6b5405c1a2d,347dcb07-5002-4376-b056-fc37fe48eac8,Bengaluru,Karnataka,India,2026-01-10 12:02:53
16893965-fe6b-4d0b-b2f4-9b7eca4db934,4024b1c9-12fd-451e-8a5f-0a5025e55819,Chennai,Tamil Nadu,India,2026-01-10 12:02:53
4fdeff2f-78a7-423b-839d-31c48cb6ff07,4024b1c9-12fd-451e-8a5f-0a5025e55819,Bengaluru,Karnataka,India,2026-01-10 12:02:53
e6957d5d-998d-4acf-8cc0-3197465042a6,4024b1c9-12fd-451e-8a5f-0a5025e55819,Hyderabad,Telangana,India,2026-01-10 12:02:53
880e90a0-b8e2-4e9e-b02a-17e563cdaa41,4024b1c9-12fd-451e-8a5f-0a5025e55819,Vijayawada,Andhra Pradesh,India,2026-01-10 12:02:53
d5bf0661-1198-44c6-abc0-76dfba4a4832,4024b1c9-12fd-451e-8a5f-0a5025e55819,Kochi,Kerala,India,2026-01-10 12:02:53
49a0c84c-d826-46bd-88b4-7e4c2b5694e0,8be9d5c3-86aa-4cd5-be33-3b39dfd647fa,Bengaluru,Karnataka,India,2026-01-10 12:02:53
b04d71a6-3b28-470b-a086-52dcea06a8cb,8be9d5c3-86aa-4cd5-be33-3b39dfd647fa,Mumbai,Maharashtra,India,2026-01-10 12:02:53
c2d801c8-d8bb-48f5-af03-9d6625f1b78d,8be9d5c3-86aa-4cd5-be33-3b39dfd647fa,Delhi NCR,Delhi,India,2026-01-10 12:02:53
b2d0e04a-6725-44ec-ac8d-f3bae1c764df,8be9d5c3-86aa-4cd5-be33-3b39dfd647fa,Pune,Maharashtra,India,2026-01-10 12:02:53
868e2f38-cd36-400e-9828-19d7ec9fc80b,8be9d5c3-86aa-4cd5-be33-3b39dfd647fa,Hyderabad,Telangana,India,2026-01-10 12:02:53
2d7a5b3d-d329-4891-8e74-fa4d4ff9158e,8be9d5c3-86aa-4cd5-be33-3b39dfd647fa,Chennai,Tamil Nadu,India,2026-01-10 12:02:53
79cf2b63-9efa-4946-add1-0fdf231371f3,8be9d5c3-86aa-4cd5-be33-3b39dfd647fa,Kolkata,West Bengal,India,2026-01-10 12:02:53
a55dd7c5-6fde-43d7-924a-79b75a32b7be,bb0d140f-d9e5-4b4a-8182-4376a439422f,Surat,Gujarat,India,2026-01-10 12:02:53
bdda2587-a7f3-4ed8-8475-3a81cd3432f2,bb0d140f-d9e5-4b4a-8182-4376a439422f,Ahmedabad,Gujarat,India,2026-01-10 12:02:53
2878e739-8360-40c8-9127-fe17cd5189c8,bb0d140f-d9e5-4b4a-8182-4376a439422f,Indore,Madhya Pradesh,India,2026-01-10 12:02:53
4cce998a-baa9-41ad-b71e-599b681dd676,bb0d140f-d9e5-4b4a-8182-4376a439422f,Raipur,Chhattisgarh,India,2026-01-10 12:02:53
295a01fb-0ca6-4ecd-85f0-9429a3434897,bb0d140f-d9e5-4b4a-8182-4376a439422f,Patna,Bihar,India,2026-01-10 12:02:53
957f9178-82d3-4839-ad23-4f9430537634,bb0d140f-d9e5-4b4a-8182-4376a439422f,Ranchi,Jharkhand,India,2026-01-10 12:02:53
058dc72f-cf98-494e-8ffb-ea321163bbc2,bb0d140f-d9e5-4b4a-8182-4376a439422f,Chandigarh,Chandigarh,India,2026-01-10 12:02:53
11f95760-5ad4-49b4-a72c-b68bc869ce31,bb0d140f-d9e5-4b4a-8182-4376a439422f,Puducherry,Puducherry,India,2026-01-10 12:02:53
fcbd878b-1573-4012-8344-a3947a666d09,243ecbfb-c97d-42f8-b56c-31ca4f742263,Jalandhar,Punjab,India,2026-01-10 12:02:53
00bcbe92-3d15-4d6b-9ee8-48fbdcdc15ab,243ecbfb-c97d-42f8-b56c-31ca4f742263,Delhi,Delhi,India,2026-01-10 12:02:53
f13d8845-89c0-4bc6-a8e2-34310fb688ff,243ecbfb-c97d-42f8-b56c-31ca4f742263,Mumbai,Maharashtra,India,2026-01-10 12:02:53
fd4cb93b-fc11-4e53-91bb-043b16c5cb90,243ecbfb-c97d-42f8-b56c-31ca4f742263,Bengaluru,Karnataka,India,2026-01-10 12:02:53
17dcbbc4-76ff-4139-a33c-35ffb5924f5a,243ecbfb-c97d-42f8-b56c-31ca4f742263,Chennai,Tamil Nadu,India,2026-01-10 12:02:53
d7e1049e-4889-4b0f-ab47-bd7d6dd3a4cf,5b707bb6-7325-4cd8-961e-8eff582d5328,Bengaluru,Karnataka,India,2026-01-10 12:02:53
d54cd73e-1bf8-4478-b178-b76fa3007911,5b707bb6-7325-4cd8-961e-8eff582d5328,Hyderabad,Telangana,India,2026-01-10 12:02:53
706dac6e-a227-4bc5-9059-7ba12bd62c35,5b707bb6-7325-4cd8-961e-8eff582d5328,Surat,Gujarat,India,2026-01-10 12:02:53
d834ac81-2fe4-4d9c-898e-e6aa08bc3ab7,5b707bb6-7325-4cd8-961e-8eff582d5328,Ahmedabad,Gujarat,India,2026-01-10 12:02:53
6bc90b8b-e427-49b2-b8b4-d2d0e5ebfd08,5b707bb6-7325-4cd8-961e-8eff582d5328,Vadodara,Gujarat,India,2026-01-10 12:02:53
3babb525-0f28-43d7-b848-3eb821eeed64,5b707bb6-7325-4cd8-961e-8eff582d5328,Warangal,Telangana,India,2026-01-10 12:02:53
7bce1ddb-4eff-46e5-a93d-780616312605,5b707bb6-7325-4cd8-961e-8eff582d5328,Udupi,Karnataka,India,2026-01-10 12:02:53
08dbbf3e-4863-49b0-af78-c2c016a50978,5b707bb6-7325-4cd8-961e-8eff582d5328,Mangalore,Karnataka,India,2026-01-10 12:02:53
9c08d30a-aca2-478d-b69e-d24e8ec06133,5b707bb6-7325-4cd8-961e-8eff582d5328,Madikeri,Karnataka,India,2026-01-10 12:02:53
7249db45-c954-44f1-9494-ad72c12839d1,5b707bb6-7325-4cd8-961e-8eff582d5328,Manipal,Karnataka,India,2026-01-10 12:02:53
f7ca74fe-68a4-471a-9b7d-d21fba975e37,5b707bb6-7325-4cd8-961e-8eff582d5328,Dwarka,Delhi,India,2026-01-10 12:02:53
1f3391b7-5b90-439a-82fb-793516ab8e32,f796a38b-1d81-4e48-ad0c-4ebeb485b41d,Noida,Uttar Pradesh,India,2026-01-10 12:02:53
1fdb29bc-0de2-44cd-9c73-93c626c9110d,f796a38b-1d81-4e48-ad0c-4ebeb485b41d,Delhi,Delhi,India,2026-01-10 12:02:53
04ac0afe-d8ea-4fac-938e-aadaf98c0743,f796a38b-1d81-4e48-ad0c-4ebeb485b41d,Mumbai,Maharashtra,India,2026-01-10 12:02:53
f6b297db-5796-40d2-8c90-a0c9b34be83c,e909318a-6b26-4da4-a189-c7e5e01c2226,Vadodara,Gujarat,India,2026-01-10 12:02:53
b6e54e4d-59fa-4448-8858-8b066856ce8d,e909318a-6b26-4da4-a189-c7e5e01c2226,Mumbai,Maharashtra,India,2026-01-10 12:02:53
ef8952f4-5a86-484a-a5b0-d8d19d6bb8a8,e909318a-6b26-4da4-a189-c7e5e01c2226,Delhi,Delhi,India,2026-01-10 12:02:53
83605382-11eb-4a58-a155-724de9530cbc,ad81abe8-369b-42cc-b233-fa5e90258116,Mumbai,Maharashtra,India,2026-01-10 12:02:53
02ed897c-1ea3-4365-9cad-90c09fa7860e,ad81abe8-369b-42cc-b233-fa5e90258116,Delhi,Delhi,India,2026-01-10 12:02:53
908e112c-bfc2-4e6a-9127-54b91bd25da1,ad81abe8-369b-42cc-b233-fa5e90258116,Hyderabad,Telangana,India,2026-01-10 12:02:53
da47613f-7186-48fa-9a53-fd4910e38d59,ad81abe8-369b-42cc-b233-fa5e90258116,Bangalore,Karnataka,India,2026-01-10 12:02:53
1b4a991e-1716-42fc-907a-79c6431f2a6f,98ecc642-3342-4704-bc19-7da7d34461df,Noida,Uttar Pradesh,India,2026-01-10 12:02:53
462a7909-a7b9-4600-95f6-b45369326caf,98ecc642-3342-4704-bc19-7da7d34461df,Delhi,Delhi,India,2026-01-10 12:02:53
ae650643-a251-4221-9b35-8b56910b8b3c,98ecc642-3342-4704-bc19-7da7d34461df,Mumbai,Maharashtra,India,2026-01-10 12:02:53
49dea1fc-b64a-4dec-8ca2-fa09f91bc1f7,98ecc642-3342-4704-bc19-7da7d34461df,Bangalore,Karnataka,India,2026-01-10 12:02:53
408bd123-02b1-44c7-9061-d473f5569b34,98ecc642-3342-4704-bc19-7da7d34461df,Kolkata,West Bengal,India,2026-01-10 12:02:53
c77752ae-db91-43a8-bf08-6daebbd9e98d,290bec96-ad40-46e1-ad88-33c3cf6536b9,Nashik,Maharashtra,India,2026-01-10 12:02:53
c358e961-16e0-4700-80ec-29ea1d8845e4,290bec96-ad40-46e1-ad88-33c3cf6536b9,Mumbai,Maharashtra,India,2026-01-10 12:02:53
9e576880-1caf-4f2e-9d0a-17d3e0a984c9,290bec96-ad40-46e1-ad88-33c3cf6536b9,Delhi,Delhi,India,2026-01-10 12:02:53
6c2f251b-e729-4f62-be93-6dccc975ce05,290bec96-ad40-46e1-ad88-33c3cf6536b9,Bangalore,Karnataka,India,2026-01-10 12:02:53
34bc4471-93d4-4e18-a360-1623edbc7100,0ce95acf-1221-45aa-ae6a-d496a33d1fa8,Kanpur,Uttar Pradesh,India,2026-01-10 12:02:53
47a52fc0-ce74-446a-9393-b03765419b26,0ce95acf-1221-45aa-ae6a-d496a33d1fa8,Delhi,Delhi,India,2026-01-10 12:02:53
f0c5fe8f-7873-4609-9086-16aa37ac3b30,0ce95acf-1221-45aa-ae6a-d496a33d1fa8,Mumbai,Maharashtra,India,2026-01-10 12:02:53
745b1d2f-dfaa-44cb-861b-f8025e46f33f,0ce95acf-1221-45aa-ae6a-d496a33d1fa8,Bangalore,Karnataka,India,2026-01-10 12:02:53
1c8d9f6f-989d-48e2-8229-9d09d004d023,3d7a177b-20bf-4b7d-a8a1-7c3514daa4a5,Chennai,Tamil Nadu,India,2026-01-10 12:02:53
47cfbc46-f8de-41f0-aec4-29b0135bbe9a,3d7a177b-20bf-4b7d-a8a1-7c3514daa4a5,Bangalore,Karnataka,India,2026-01-10 12:02:53
e32cdb0e-f115-4c92-b7a1-d79414ad9d08,3d7a177b-20bf-4b7d-a8a1-7c3514daa4a5,Mumbai,Maharashtra,India,2026-01-10 12:02:53
d7d6f8a8-93f8-4e56-b517-8654998f5bdd,3d7a177b-20bf-4b7d-a8a1-7c3514daa4a5,Delhi,Delhi,India,2026-01-10 12:02:53
c38e574e-84e3-48d9-9ae9-5387342f9ff9,2155ba74-85c2-4123-9485-75b3c9e07def,Mumbai,Maharashtra,India,2026-01-10 12:02:53
dbb562bb-0295-45ae-8394-da228fcb3e06,2155ba74-85c2-4123-9485-75b3c9e07def,Navi Mumbai,Maharashtra,India,2026-01-10 12:02:53
63ba87ea-d0fc-4681-87bf-e27a14d79250,2155ba74-85c2-4123-9485-75b3c9e07def,Delhi,Delhi,India,2026-01-10 12:02:53
9b4d5494-6014-4ac5-8041-f0f2abf90974,2155ba74-85c2-4123-9485-75b3c9e07def,Bangalore,Karnataka,India,2026-01-10 12:02:53
5866e950-43ee-44b6-b57b-c5182d65b8c7,a61d62b8-582d-4179-9603-789f0ee2bece,Tirupur,Tamil Nadu,India,2026-01-10 12:02:53
10bd3fac-fa43-4fbf-89c7-685f2358d4c7,a61d62b8-582d-4179-9603-789f0ee2bece,Chennai,Tamil Nadu,India,2026-01-10 12:02:53
b74d80d0-3b9b-4432-89a1-cb1d9716482c,a61d62b8-582d-4179-9603-789f0ee2bece,Bangalore,Karnataka,India,2026-01-10 12:02:53
fb27b726-3d7b-4575-b20d-f0a91dfc49c6,a61d62b8-582d-4179-9603-789f0ee2bece,Mumbai,Maharashtra,India,2026-01-10 12:02:53
8535b9b6-f3a7-46bc-a600-d48dfd046381,7cbee3c6-e9d5-40f1-9be2-ac2fe5053add,Ahmedabad,Gujarat,India,2026-01-10 12:02:53
05ab126a-a4fe-4444-844b-c4b7529497df,7cbee3c6-e9d5-40f1-9be2-ac2fe5053add,Pune,Maharashtra,India,2026-01-10 12:02:53
b9b76e47-9fff-4f39-9641-d41b869018ec,7cbee3c6-e9d5-40f1-9be2-ac2fe5053add,Mumbai,Maharashtra,India,2026-01-10 12:02:53
86ceebcd-653d-4c88-897d-fcd129f31fe6,7cbee3c6-e9d5-40f1-9be2-ac2fe5053add,Aurangabad,Maharashtra,India,2026-01-10 12:02:53
93956dc3-c16a-4052-bbde-2f7c320dbfbd,ca257ac6-7d5b-4292-a6e1-9d71b5c73ada,Delhi,Delhi,India,2026-01-10 12:02:53
0c0bac77-cd94-4514-9582-b75c5f1a8c21,ca257ac6-7d5b-4292-a6e1-9d71b5c73ada,Mumbai,Maharashtra,India,2026-01-10 12:02:53
a7a9dff5-f373-4f8f-b120-9870a1c9f58f,ca257ac6-7d5b-4292-a6e1-9d71b5c73ada,Bangalore,Karnataka,India,2026-01-10 12:02:53
857ea572-3e01-4983-bb3a-c83e9abac87c,ca257ac6-7d5b-4292-a6e1-9d71b5c73ada,Kolkata,West Bengal,India,2026-01-10 12:02:53
d1316d81-9206-43f4-b5cb-45ac8f531c54,80126705-23b0-47c5-bf0b-bcce2bb4b417,Ahmedabad,Gujarat,India,2026-01-10 12:02:53
d035c7f8-e85a-49da-abce-14d835939851,80126705-23b0-47c5-bf0b-bcce2bb4b417,Mumbai,Maharashtra,India,2026-01-10 12:02:53
071c8fe3-6ed3-4ae2-a43f-4a388ef474ec,80126705-23b0-47c5-bf0b-bcce2bb4b417,Delhi,Delhi,India,2026-01-10 12:02:53
0ffa17d8-1ccd-490b-8702-17d6a5caffdb,80126705-23b0-47c5-bf0b-bcce2bb4b417,Bangalore,Karnataka,India,2026-01-10 12:02:53
4c25ee42-f0e9-4062-80b9-fcb63d176719,ae70ee5e-ea25-47b0-9b80-aba3400b5cd3,Ernakulam,Kerala,India,2026-01-10 12:02:53
e52df283-0584-4fbf-b1af-acb6c8b8ca65,ae70ee5e-ea25-47b0-9b80-aba3400b5cd3,Delhi,Delhi,India,2026-01-10 12:02:53
65138a0f-6183-4f9d-817c-4726e5080481,ae70ee5e-ea25-47b0-9b80-aba3400b5cd3,Mumbai,Maharashtra,India,2026-01-10 12:02:53
5db6a051-e9a2-43de-8140-c1991a4d1b28,ae70ee5e-ea25-47b0-9b80-aba3400b5cd3,Bangalore,Karnataka,India,2026-01-10 12:02:53
c375d5be-5f46-4792-9610-67754a0de8d3,f648ef1c-c7c1-4d7f-b04a-91bf04a6718d,Delhi,Delhi,India,2026-01-10 12:02:53
6f043270-0c5a-40a4-9deb-03e2ee6ad6cd,f648ef1c-c7c1-4d7f-b04a-91bf04a6718d,Mumbai,Maharashtra,India,2026-01-10 12:02:53
f12136fd-6217-4f88-a983-9bce6c6d411b,f648ef1c-c7c1-4d7f-b04a-91bf04a6718d,Bangalore,Karnataka,India,2026-01-10 12:02:53
7f958040-0dc0-4150-82fd-d2d03eb46723,f648ef1c-c7c1-4d7f-b04a-91bf04a6718d,Hyderabad,Telangana,India,2026-01-10 12:02:53
31e8543d-7130-4b81-8232-ba3b7b5f3335,319210e7-b5f8-45c0-a3d0-9e384b46c5ca,Ahmedabad,Gujarat,India,2026-01-10 12:02:53
25ce541e-7eab-4d67-acc0-3e52398a56fa,319210e7-b5f8-45c0-a3d0-9e384b46c5ca,Noida,Uttar Pradesh,India,2026-01-10 12:02:53
7850b6b3-f9f8-462a-86a6-fc059630b1e8,319210e7-b5f8-45c0-a3d0-9e384b46c5ca,Gurgaon,Haryana,India,2026-01-10 12:02:53
2e448eaf-9b23-4c92-a25b-3b4fe4714f30,319210e7-b5f8-45c0-a3d0-9e384b46c5ca,Pune,Maharashtra,India,2026-01-10 12:02:53
6683ecfc-8b7d-446e-9fa4-d7b2ec5dd472,58b4e1a8-1418-4da0-a57e-23d285891faf,Ahmedabad,Gujarat,India,2026-01-10 12:02:53
ed245940-27c7-41fd-b427-d4f34e016d07,58b4e1a8-1418-4da0-a57e-23d285891faf,Mumbai,Maharashtra,India,2026-01-10 12:02:53
9205ceca-45e2-4a3b-a807-039c69b5c988,58b4e1a8-1418-4da0-a57e-23d285891faf,Delhi,Delhi,India,2026-01-10 12:02:53
f1f983ef-72ae-4a49-b653-0ad272849de8,58b4e1a8-1418-4da0-a57e-23d285891faf,Bangalore,Karnataka,India,2026-01-10 12:02:53
92ece4da-9970-42af-91a1-fb4cbef940fc,b9e6ee77-95a5-4782-819e-2e9f0e39a9db,Jalandhar,Punjab,India,2026-01-10 12:02:53
3338aa60-39a4-480d-a34a-b51da573430b,b9e6ee77-95a5-4782-819e-2e9f0e39a9db,Delhi,Delhi,India,2026-01-10 12:02:53
ef441913-dc8c-49f3-85b4-ddea7b870dd9,b9e6ee77-95a5-4782-819e-2e9f0e39a9db,Mumbai,Maharashtra,India,2026-01-10 12:02:53
e0884d0f-2eca-4ffc-9121-7307050440a5,b9e6ee77-95a5-4782-819e-2e9f0e39a9db,Bangalore,Karnataka,India,2026-01-10 12:02:53
285ada07-8386-4608-8874-34f23a989e64,7484b19e-814d-4ca1-bfab-c1050e50b712,Chennai,Tamil Nadu,India,2026-01-10 12:02:53
d5ae849f-096a-482c-a7f2-63a472b38127,7484b19e-814d-4ca1-bfab-c1050e50b712,Delhi,Delhi,India,2026-01-10 12:02:53
7bd70b82-551d-4d3a-a93c-77b08eb25563,7484b19e-814d-4ca1-bfab-c1050e50b712,Mumbai,Maharashtra,India,2026-01-10 12:02:53
09de9e07-2a52-4e6a-bba7-fa4efb9d5f96,7484b19e-814d-4ca1-bfab-c1050e50b712,Bangalore,Karnataka,India,2026-01-10 12:02:53
eb190411-0fde-4f23-818b-a91779abdcac,e0d7a709-6146-4915-83d7-1906b24f9ce6,Chennai,Tamil Nadu,India,2026-01-10 12:02:53
6ac4c13e-c16c-4961-9b33-5657130e3fb8,e0d7a709-6146-4915-83d7-1906b24f9ce6,Bangalore,Karnataka,India,2026-01-10 12:02:53
3e3f36ea-ffeb-48be-a9ab-43e649c0adf5,e0d7a709-6146-4915-83d7-1906b24f9ce6,Mumbai,Maharashtra,India,2026-01-10 12:02:53
4ec9d9ed-ba96-478a-a909-377e5f18c9b9,e0d7a709-6146-4915-83d7-1906b24f9ce6,Delhi,Delhi,India,2026-01-10 12:02:53
c92c61c4-3339-4d06-80e7-da1a0dfce5dc,605dc402-64b7-4ba9-9069-e705f4746b7c,Bengaluru,Karnataka,India,2026-01-10 12:02:53
274348a4-f556-410a-99e1-d3d127f5b4f8,605dc402-64b7-4ba9-9069-e705f4746b7c,Pune,Maharashtra,India,2026-01-10 12:02:53
6496ddf5-6f63-4c43-8f34-d7d031ce848c,605dc402-64b7-4ba9-9069-e705f4746b7c,Hubli,Karnataka,India,2026-01-10 12:02:53
699ad1d3-a719-4871-a0eb-64725457aeea,605dc402-64b7-4ba9-9069-e705f4746b7c,Hyderabad,Telangana,India,2026-01-10 12:02:53
3e587d9e-f759-486e-b36f-b1ac11f513c6,3f8fddd3-f75d-4d55-8622-c998930adc92,Nashik,Maharashtra,India,2026-01-10 12:02:53
cde89d4d-d849-43df-8dcd-29a2adf1b139,3f8fddd3-f75d-4d55-8622-c998930adc92,Mumbai,Maharashtra,India,2026-01-10 12:02:53
cf81d82e-5b70-4164-9561-7d9701fbfb2e,3f8fddd3-f75d-4d55-8622-c998930adc92,Delhi,Delhi,India,2026-01-10 12:02:53
7d1001fb-94a3-46a1-819d-eb1a350ff502,3f8fddd3-f75d-4d55-8622-c998930adc92,Bengaluru,Karnataka,India,2026-01-10 12:02:53
55b11fc7-30f8-421d-acd7-62a891a8e3fa,be9dc891-8287-4cbd-9093-b658cae87d07,Bengaluru,Karnataka,India,2026-01-10 12:02:53
3253feae-b9fd-43cb-8dea-099bd2541de3,be9dc891-8287-4cbd-9093-b658cae87d07,Mumbai,Maharashtra,India,2026-01-10 12:02:53
71d3c46d-01c1-4986-bb94-51eb045b3e27,be9dc891-8287-4cbd-9093-b658cae87d07,Delhi,Delhi,India,2026-01-10 12:02:53
d418fcf8-4fc7-4331-a47f-33ca7d77dcfb,be9dc891-8287-4cbd-9093-b658cae87d07,Hyderabad,Telangana,India,2026-01-10 12:02:53
0d6650db-0bc7-4e1e-8fef-0f4d5721a4ad,20eb604e-6144-4ec8-9dfc-e504cfc576ea,Kolkata,West Bengal,India,2026-01-10 12:02:53
51b723cb-c3c0-41d0-ba0b-bc6377371ca2,20eb604e-6144-4ec8-9dfc-e504cfc576ea,Delhi,Delhi,India,2026-01-10 12:02:53
b7e00692-e2d0-4da8-9536-8fc75bd758f8,20eb604e-6144-4ec8-9dfc-e504cfc576ea,Mumbai,Maharashtra,India,2026-01-10 12:02:53
3fedfc2b-d04f-4c9f-8653-ecdf57100cd2,20eb604e-6144-4ec8-9dfc-e504cfc576ea,Bengaluru,Karnataka,India,2026-01-10 12:02:53
195e10eb-219d-4990-be50-c3a31c2c8d9b,945cd8b9-47c7-4093-b0ea-4531c6ced200,Bengaluru,Karnataka,India,2026-01-10 12:02:53
34f78cda-aa69-45d0-90a4-8202907f0edb,945cd8b9-47c7-4093-b0ea-4531c6ced200,Delhi,Delhi,India,2026-01-10 12:02:53
977f5886-c03f-4128-b437-dc2fcf1b8289,945cd8b9-47c7-4093-b0ea-4531c6ced200,Mumbai,Maharashtra,India,2026-01-10 12:02:53
00739ae3-c364-41c1-998c-f34a46a74bc3,945cd8b9-47c7-4093-b0ea-4531c6ced200,Kolkata,West Bengal,India,2026-01-10 12:02:53
0be6292f-a2d5-4829-a64c-fbcfcaae1873,945cd8b9-47c7-4093-b0ea-4531c6ced200,Chennai,Tamil Nadu,India,2026-01-10 12:02:53
4fdb9400-3234-488e-9a5f-a176daf13543,23483a03-aa1e-4e9e-862e-23a723901474,Mumbai,Maharashtra,India,2026-01-10 12:02:53
25ae603c-deca-4e4f-8164-fc52720f33af,23483a03-aa1e-4e9e-862e-23a723901474,Coimbatore,Tamil Nadu,India,2026-01-10 12:02:53
4645097a-cf7e-46c8-8c55-d9e68dd64bfc,23483a03-aa1e-4e9e-862e-23a723901474,Bengaluru,Karnataka,India,2026-01-10 12:02:53
b8623878-a8cc-4cd8-b620-34742a181fb9,23483a03-aa1e-4e9e-862e-23a723901474,Erode,Tamil Nadu,India,2026-01-10 12:02:53
56326762-8f5b-4e10-a3cf-e3bf5a935755,23483a03-aa1e-4e9e-862e-23a723901474,Pollachi,Tamil Nadu,India,2026-01-10 12:02:53
28da5d38-bc08-44fb-bbd1-3b9c19089e1f,70628840-212f-4377-8b18-8aa145bc292a,Nashik,Maharashtra,India,2026-01-10 12:02:53
ec57fb3b-bfba-4b85-a8b4-25c39eccb206,70628840-212f-4377-8b18-8aa145bc292a,Mumbai,Maharashtra,India,2026-01-10 12:02:53
d5f525e5-19c9-4d43-947b-7be6c75b26e7,70628840-212f-4377-8b18-8aa145bc292a,Pune,Maharashtra,India,2026-01-10 12:02:53
3ef5b6d1-5ba5-4401-b3a0-5068524818c9,70628840-212f-4377-8b18-8aa145bc292a,Ahmedabad,Gujarat,India,2026-01-10 12:02:53
927cde72-5b23-4466-b52a-c25a8681c6ce,70628840-212f-4377-8b18-8aa145bc292a,Surat,Gujarat,India,2026-01-10 12:02:53
1e9f6000-5e63-4961-ad7d-8682814513c9,70628840-212f-4377-8b18-8aa145bc292a,Vadodara,Gujarat,India,2026-01-10 12:02:53
7381d424-226d-49e6-8cca-42575db24886,6855aba8-d2c9-4cd6-aa86-bed08d0acfc8,Bengaluru,Karnataka,India,2026-01-10 12:02:53
251801ef-ae39-4455-ab0a-5fb065b2e50a,6855aba8-d2c9-4cd6-aa86-bed08d0acfc8,Hyderabad,Telangana,India,2026-01-10 12:02:53
85149715-63ed-4b4e-b442-edda57f0f871,6855aba8-d2c9-4cd6-aa86-bed08d0acfc8,Chennai,Tamil Nadu,India,2026-01-10 12:02:53
545dbdbd-c9ca-454d-9c77-84f67037430a,6855aba8-d2c9-4cd6-aa86-bed08d0acfc8,Delhi,Delhi,India,2026-01-10 12:02:53
eaa3918e-0381-4822-ad66-f90962a3acfd,6855aba8-d2c9-4cd6-aa86-bed08d0acfc8,Mumbai,Maharashtra,India,2026-01-10 12:02:53
c9a4089d-f72b-4cb2-9bf6-9c20de232eec,6855aba8-d2c9-4cd6-aa86-bed08d0acfc8,Gurugram,Haryana,India,2026-01-10 12:02:53
9ace1735-b1d0-4f9d-b573-9df65d8a242a,9bb91606-f058-4164-bcaa-87892da94227,Mumbai,Maharashtra,India,2026-01-10 12:02:53
87da1461-e047-45b4-bcaa-cb774eedafff,9bb91606-f058-4164-bcaa-87892da94227,Delhi,Delhi,India,2026-01-10 12:02:53
15fde778-b136-4199-a766-0209055dfcdf,9bb91606-f058-4164-bcaa-87892da94227,Bengaluru,Karnataka,India,2026-01-10 12:02:53
796c8c04-4dab-4c19-9d43-5f3960c96f55,9bb91606-f058-4164-bcaa-87892da94227,Chennai,Tamil Nadu,India,2026-01-10 12:02:53
fbe2b7e9-87c5-4846-839f-23e2150a475d,9bb91606-f058-4164-bcaa-87892da94227,Hyderabad,Telangana,India,2026-01-10 12:02:53
6ea59723-9f5b-41e8-8702-a5f8f94ebae5,9bb91606-f058-4164-bcaa-87892da94227,Kolkata,West Bengal,India,2026-01-10 12:02:53
38c57856-a3be-48ff-a0e6-0adc297891ed,5f399d54-407c-4b4a-98c7-aef9ad1600c6,Delhi,Delhi,India,2026-01-10 12:02:53
aa0b86f1-ba00-4f38-b019-fd7fb862ba49,5f399d54-407c-4b4a-98c7-aef9ad1600c6,Gurgaon,Haryana,India,2026-01-10 12:02:53
79906109-5218-4489-a06e-9212cddfbc67,5f399d54-407c-4b4a-98c7-aef9ad1600c6,Mumbai,Maharashtra,India,2026-01-10 12:02:53
7545392f-9237-413a-be2c-099ab168f4bd,5f399d54-407c-4b4a-98c7-aef9ad1600c6,Bangalore,Karnataka,India,2026-01-10 12:02:53
abcfc786-edea-4f7d-ba74-b20b644df82d,5f399d54-407c-4b4a-98c7-aef9ad1600c6,Chennai,Tamil Nadu,India,2026-01-10 12:02:53
bff115f5-cced-4e74-9662-607061142ffd,5f399d54-407c-4b4a-98c7-aef9ad1600c6,Hyderabad,Telangana,India,2026-01-10 12:02:53
d969ebbe-70c4-4454-8c51-c538fb43e9ff,5f399d54-407c-4b4a-98c7-aef9ad1600c6,Pune,Maharashtra,India,2026-01-10 12:02:53
5147e902-cf9f-456a-b79a-f68b0f02e369,5f399d54-407c-4b4a-98c7-aef9ad1600c6,Kolkata,West Bengal,India,2026-01-10 12:02:53
0324350f-111a-4db5-8e11-3aae2d8da218,489d88bf-1f8d-4de9-b7f1-a863268d3126,Anand,Gujarat,India,2026-01-10 12:02:53
7a40ff4a-3ee8-490f-a91a-c154e37b1234,489d88bf-1f8d-4de9-b7f1-a863268d3126,Delhi,Delhi,India,2026-01-10 12:02:53
d3c176e1-9e4c-46e4-9f8e-170219e7830d,489d88bf-1f8d-4de9-b7f1-a863268d3126,Mumbai,Maharashtra,India,2026-01-10 12:02:53
9cc8c203-1e02-4e97-9498-7b9756f44af2,489d88bf-1f8d-4de9-b7f1-a863268d3126,Bengaluru,Karnataka,India,2026-01-10 12:02:53
2d6370be-32cc-4680-8af3-0234206713c1,f1ce23fc-d9bd-4514-83be-543b30357cb1,Delhi,Delhi,India,2026-01-10 12:02:53
481db6dd-0051-46d8-b0a5-a308dea8efdf,f1ce23fc-d9bd-4514-83be-543b30357cb1,Gurugram,Haryana,India,2026-01-10 12:02:53
a0536bad-8aa7-4f17-a938-5590e0ae7a44,f1ce23fc-d9bd-4514-83be-543b30357cb1,Chandni Chowk,Delhi,India,2026-01-10 12:02:53
022b0fba-46f0-406c-848b-a16095f865ce,f1ce23fc-d9bd-4514-83be-543b30357cb1,Kolkata,West Bengal,India,2026-01-10 12:02:53
c0338406-95da-4928-9946-7604637c803a,4af9efb4-507c-4d83-bac1-bfcb915174a4,Pune,Maharashtra,India,2026-01-10 12:02:53
add5fa4b-8e3c-4e0b-9a0f-a10a06aac9a5,4af9efb4-507c-4d83-bac1-bfcb915174a4,Mumbai,Maharashtra,India,2026-01-10 12:02:53
542ce562-5e87-4476-b346-22e2cf82286d,4af9efb4-507c-4d83-bac1-bfcb915174a4,Bangalore,Karnataka,India,2026-01-10 12:02:53
dccd489c-515b-4715-a6d3-af3c16f7b332,4af9efb4-507c-4d83-bac1-bfcb915174a4,Delhi NCR,Delhi,India,2026-01-10 12:02:53
a8df8ffc-b26b-49e6-a177-091e61e2db37,4af9efb4-507c-4d83-bac1-bfcb915174a4,Ahmedabad,Gujarat,India,2026-01-10 12:02:53
8906a597-89ab-4f04-97c2-27f6c36cf70f,38561e9f-265f-4bd5-9e6f-4d4c001fab1e,Delhi,Delhi,India,2026-01-10 12:02:53
7e3edd27-acc4-44fb-a701-308cccd37200,38561e9f-265f-4bd5-9e6f-4d4c001fab1e,Mumbai,Maharashtra,India,2026-01-10 12:02:53
54672b2a-671d-48d5-a9f5-ba1cebdf6201,38561e9f-265f-4bd5-9e6f-4d4c001fab1e,Bangalore,Karnataka,India,2026-01-10 12:02:53
2da6f346-aec7-4088-9954-d962d4792564,38561e9f-265f-4bd5-9e6f-4d4c001fab1e,Chennai,Tamil Nadu,India,2026-01-10 12:02:53
522a0022-5248-4476-be20-cd395e6a073e,fb0b305f-4c8f-43af-acc7-5619797e05a7,Bhilwara,Rajasthan,India,2026-01-10 12:02:53
963f1d15-a9e3-4e2a-986f-b59f851a3966,fb0b305f-4c8f-43af-acc7-5619797e05a7,Jaipur,Rajasthan,India,2026-01-10 12:02:53
9e779b06-2cba-4131-9c1a-6f27374a6a20,fb0b305f-4c8f-43af-acc7-5619797e05a7,Udaipur,Rajasthan,India,2026-01-10 12:02:53
60f0105b-ddb9-4df7-a501-5a17fa57fcfa,fbb1242f-32be-4c01-b085-b98486a13802,Gandhinagar,Gujarat,India,2026-01-10 12:02:53
e9511551-b160-4802-b34e-749910d7572c,fbb1242f-32be-4c01-b085-b98486a13802,Ahmedabad,Gujarat,India,2026-01-10 12:02:53
a0d869d7-8b36-43e9-a8d6-35e3dd6acc0b,fbb1242f-32be-4c01-b085-b98486a13802,Surat,Gujarat,India,2026-01-10 12:02:53
0985b88b-6abc-49d6-9953-3092735dca39,bb624860-ff6d-416a-bd40-2458aeefed6c,Hyderabad,Telangana,India,2026-01-10 12:02:53
1ff9afed-28f7-45c8-bb82-d65749347495,bb624860-ff6d-416a-bd40-2458aeefed6c,Madhapur,Telangana,India,2026-01-10 12:02:53
1a5d585f-6276-4136-952d-96a89258f58d,bb624860-ff6d-416a-bd40-2458aeefed6c,Gachibowli,Telangana,India,2026-01-10 12:02:53
b121d007-955d-4e7f-ad51-c654a4a93466,d93c950c-ab6f-4a07-b92b-33b89adc419b,Mumbai,Maharashtra,India,2026-01-10 12:02:53
92c87578-9259-4314-bd0e-89831a0c8fa7,d93c950c-ab6f-4a07-b92b-33b89adc419b,Delhi,Delhi,India,2026-01-10 12:02:53
25d53b18-cb38-4e30-bb02-87b5a079b3c8,d93c950c-ab6f-4a07-b92b-33b89adc419b,Bengaluru,Karnataka,India,2026-01-10 12:02:53
73843a89-540c-4dd4-8dc3-ac16d2b69457,d93c950c-ab6f-4a07-b92b-33b89adc419b,Pune,Maharashtra,India,2026-01-10 12:02:53
dcd2db6f-ec71-4e61-8709-89acdfa9ff4d,d93c950c-ab6f-4a07-b92b-33b89adc419b,Chennai,Tamil Nadu,India,2026-01-10 12:02:53
183390ec-8bb6-4192-a11f-80f9318b9468,d93c950c-ab6f-4a07-b92b-33b89adc419b,Hyderabad,Telangana,India,2026-01-10 12:02:53
5a664852-5af7-4b02-9a6b-9fa20c365ff0,12c8ab8c-e4fd-4910-8bce-ef630b9e6491,Ahmedabad,Gujarat,India,2026-01-10 12:02:53
3591a0eb-0f48-4dd5-89d5-1d3335feac37,12c8ab8c-e4fd-4910-8bce-ef630b9e6491,Mumbai,Maharashtra,India,2026-01-10 12:02:53
f897a418-dd88-47aa-be2a-e9c7226594fd,12c8ab8c-e4fd-4910-8bce-ef630b9e6491,Delhi,Delhi,India,2026-01-10 12:02:53
38fc7f97-31b6-4185-9f25-1d10ef5a372d,12c8ab8c-e4fd-4910-8bce-ef630b9e6491,Bengaluru,Karnataka,India,2026-01-10 12:02:53
b17481c7-f1a9-4442-9684-63763a967413,12c8ab8c-e4fd-4910-8bce-ef630b9e6491,Pune,Maharashtra,India,2026-01-10 12:02:53
1cb11331-b0e8-44c9-b5f8-827df08ada1f,12c8ab8c-e4fd-4910-8bce-ef630b9e6491,Hyderabad,Telangana,India,2026-01-10 12:02:53
9bb20c3b-dd8c-4828-aa39-4139c1fdc2d3,64afff51-8b14-4193-a750-6c03763a23b4,Bengaluru,Karnataka,India,2026-01-10 12:02:53
a7cd0585-25de-40ef-be92-9c0cbd33cc6f,64afff51-8b14-4193-a750-6c03763a23b4,Mumbai,Maharashtra,India,2026-01-10 12:02:53
7c07bb76-2221-43f5-be53-babdf1c6b631,64afff51-8b14-4193-a750-6c03763a23b4,Delhi,Delhi,India,2026-01-10 12:02:53
63efbc94-f565-43a8-8b02-54ccc8ee8312,64afff51-8b14-4193-a750-6c03763a23b4,Hyderabad,Telangana,India,2026-01-10 12:02:53
da1d798c-addf-424c-88fa-927c9e78b024,64afff51-8b14-4193-a750-6c03763a23b4,Chennai,Tamil Nadu,India,2026-01-10 12:02:53
8ae1f783-3133-44a9-b8a1-6495dd4248b1,64afff51-8b14-4193-a750-6c03763a23b4,Pune,Maharashtra,India,2026-01-10 12:02:53
3df87bba-1397-4466-9530-26e8cdfebbb8,3431dd32-d63e-4fce-8a7b-488a02dadf73,Ahmedabad,Gujarat,India,2026-01-10 12:02:53
73e444c8-6bbf-42a4-855e-0b3248187681,3431dd32-d63e-4fce-8a7b-488a02dadf73,Surat,Gujarat,India,2026-01-10 12:02:53
ee889124-3110-4cfa-869f-a3a4afc2975a,3431dd32-d63e-4fce-8a7b-488a02dadf73,Vadodara,Gujarat,India,2026-01-10 12:02:53
eddef340-7c8e-441c-b818-afbef75764f3,3431dd32-d63e-4fce-8a7b-488a02dadf73,Rajkot,Gujarat,India,2026-01-10 12:02:53
fa996c33-afee-4943-a07d-06a61ba60254,3431dd32-d63e-4fce-8a7b-488a02dadf73,Jaipur,Rajasthan,India,2026-01-10 12:02:53
1ae60131-5bf1-4216-bceb-3598ff21c960,3431dd32-d63e-4fce-8a7b-488a02dadf73,Udaipur,Rajasthan,India,2026-01-10 12:02:53
9a13f723-d73f-44fc-a288-a6242f9432ad,c6444da3-7bf0-44e7-a219-85d4e84bded4,Bengaluru,Karnataka,India,2026-01-10 12:02:53
c45c25fe-d0e1-4087-bdcd-1aa6d8985db5,c6444da3-7bf0-44e7-a219-85d4e84bded4,Mumbai,Maharashtra,India,2026-01-10 12:02:53
6a0bc7c5-97bb-4686-a8e7-5909dfd51cee,c6444da3-7bf0-44e7-a219-85d4e84bded4,Delhi,Delhi,India,2026-01-10 12:02:53
78f8a43e-95fe-46b0-90fb-dafadaa35bd6,c6444da3-7bf0-44e7-a219-85d4e84bded4,Hyderabad,Telangana,India,2026-01-10 12:02:53
67071fe9-a82c-412b-8efb-47a35fd7d92d,c6444da3-7bf0-44e7-a219-85d4e84bded4,Chennai,Tamil Nadu,India,2026-01-10 12:02:53
6db0f7f2-c8eb-4c22-a033-1961c4e30b2b,c6444da3-7bf0-44e7-a219-85d4e84bded4,Pune,Maharashtra,India,2026-01-10 12:02:53
81382f86-bae6-4a29-b88f-76f8b4cf25ef,b702b30c-ea16-4a5b-8d78-13f8c41c51d3,Bengaluru,Karnataka,India,2026-01-10 12:02:53
c3b30e3e-aa48-4d2f-89d6-0fd95e20204f,b702b30c-ea16-4a5b-8d78-13f8c41c51d3,Delhi,Delhi,India,2026-01-10 12:02:53
e2582a4e-70a3-4023-839a-10e70422b386,b702b30c-ea16-4a5b-8d78-13f8c41c51d3,Mumbai,Maharashtra,India,2026-01-10 12:02:53
108fb2bd-3138-4836-b4c9-8b83521ba215,b702b30c-ea16-4a5b-8d78-13f8c41c51d3,Chennai,Tamil Nadu,India,2026-01-10 12:02:53
1dd7bc81-1e01-44d3-9149-98a2ad90a35d,b702b30c-ea16-4a5b-8d78-13f8c41c51d3,Hyderabad,Telangana,India,2026-01-10 12:02:53
9eb047bd-7db7-4558-837e-1d23b7637b64,b702b30c-ea16-4a5b-8d78-13f8c41c51d3,Pune,Maharashtra,India,2026-01-10 12:02:53
142cfd02-23b7-4743-a007-e78e760edcca,7d07fbd9-d1a5-4820-8ff8-c1120ea6ff06,Mumbai,Maharashtra,India,2026-01-10 12:02:53
853118b1-6ab3-410e-9051-9eab4d38fb73,7d07fbd9-d1a5-4820-8ff8-c1120ea6ff06,Delhi,Delhi,India,2026-01-10 12:02:53
ea59f253-f0ac-488b-a300-6932e11b2ad5,7d07fbd9-d1a5-4820-8ff8-c1120ea6ff06,Kolkata,West Bengal,India,2026-01-10 12:02:53
a1ba591c-aa93-4eb4-863c-e33e0b93abbe,7d07fbd9-d1a5-4820-8ff8-c1120ea6ff06,Bengaluru,Karnataka,India,2026-01-10 12:02:53
8ea619b5-ec7f-450b-b488-25e248261e5f,7d07fbd9-d1a5-4820-8ff8-c1120ea6ff06,Chennai,Tamil Nadu,India,2026-01-10 12:02:53
b00bdb9f-62d6-4fc8-bcec-354a59ede733,7d07fbd9-d1a5-4820-8ff8-c1120ea6ff06,Hyderabad,Telangana,India,2026-01-10 12:02:53
653c065c-bd0b-4e26-ac58-710a86e68ec6,0b66ede6-6a9d-4dc1-a71e-d4ac5db22f6f,Delhi,Delhi,India,2026-01-10 12:02:53
f02e02d1-59dd-4454-9d62-610c7a38cb7b,0b66ede6-6a9d-4dc1-a71e-d4ac5db22f6f,Bengaluru,Karnataka,India,2026-01-10 12:02:53
a2576262-286a-4afa-b683-8d1ced1c26f4,0b66ede6-6a9d-4dc1-a71e-d4ac5db22f6f,Kolkata,West Bengal,India,2026-01-10 12:02:53
ceb91d9c-832c-4012-9879-ae4f14e12beb,0b66ede6-6a9d-4dc1-a71e-d4ac5db22f6f,Chennai,Tamil Nadu,India,2026-01-10 12:02:53
fb2e4a46-fc71-43f9-989f-f67a1a07cc61,0b66ede6-6a9d-4dc1-a71e-d4ac5db22f6f,Hyderabad,Telangana,India,2026-01-10 12:02:53
c3dbae44-1d7d-4423-aef1-6c0769716647,0b66ede6-6a9d-4dc1-a71e-d4ac5db22f6f,Pune,Maharashtra,India,2026-01-10 12:02:53
2aaa60e2-61a5-434c-945a-88ab592451ea,606a879b-da69-4f28-bb62-7d6928c5bfda,Kottayam,Kerala,India,2026-01-10 12:02:53
91cc0bb6-94b6-41c6-9ca5-96c65955a516,606a879b-da69-4f28-bb62-7d6928c5bfda,Bangalore,Karnataka,India,2026-01-10 12:02:53
8738d13e-0798-40e4-aa9e-c3d11de0a005,606a879b-da69-4f28-bb62-7d6928c5bfda,Delhi,Delhi,India,2026-01-10 12:02:53
112d965c-ae6f-4455-92bc-36cd3146f15b,606a879b-da69-4f28-bb62-7d6928c5bfda,Mumbai,Maharashtra,India,2026-01-10 12:02:53
d3926d61-ac12-4ea6-85aa-e75a2a855a67,51de79ee-7094-4b9e-8fd8-36c14770b17d,Bangalore,Karnataka,India,2026-01-10 12:02:53
f6213e9e-f67e-4d9d-aad0-8508f24b438e,51de79ee-7094-4b9e-8fd8-36c14770b17d,Mumbai,Maharashtra,India,2026-01-10 12:02:53
eb3fce50-0731-48be-bba0-f5fc37d1b479,51de79ee-7094-4b9e-8fd8-36c14770b17d,Delhi,Delhi,India,2026-01-10 12:02:53
bab6e840-26a4-42ae-8827-619b5c288574,51de79ee-7094-4b9e-8fd8-36c14770b17d,Hyderabad,Telangana,India,2026-01-10 12:02:53
1c40cbfd-4986-4b4a-90a3-944eb2fabee8,51de79ee-7094-4b9e-8fd8-36c14770b17d,Chennai,Tamil Nadu,India,2026-01-10 12:02:53
970ec627-e86a-4d40-b6b6-9589877b89e6,51de79ee-7094-4b9e-8fd8-36c14770b17d,Kolkata,West Bengal,India,2026-01-10 12:02:53
8cff3892-0deb-4eea-be4c-7e868f76210a,1fac6fce-3ca3-41c6-a470-541370486496,Jaipur,Rajasthan,India,2026-01-10 12:02:53
167bfc36-ccee-4b6e-9795-41d57267614b,1fac6fce-3ca3-41c6-a470-541370486496,Delhi,Delhi,India,2026-01-10 12:02:53
212fa804-09cf-404a-bedd-107af83061b1,1fac6fce-3ca3-41c6-a470-541370486496,Mumbai,Maharashtra,India,2026-01-10 12:02:53
7ac06b69-5cb7-41e8-aa98-a8f176b62818,1fac6fce-3ca3-41c6-a470-541370486496,Bengaluru,Karnataka,India,2026-01-10 12:02:53
4db5fcd3-5ca6-43a3-8a36-9853de54f5a3,1fac6fce-3ca3-41c6-a470-541370486496,Chennai,Tamil Nadu,India,2026-01-10 12:02:53
613ad0d1-e5f7-4fae-8ead-fc769cc8ed2d,7ead3192-9970-4ca4-9492-1e653cba5c40,Hyderabad,Telangana,India,2026-01-10 12:02:53
455aa2bd-b46a-4ee0-90fd-c3e34b624b25,7ead3192-9970-4ca4-9492-1e653cba5c40,Bengaluru,Karnataka,India,2026-01-10 12:02:53
120e9def-36ad-4a00-b9d7-dc39599a0f5b,7ead3192-9970-4ca4-9492-1e653cba5c40,Chennai,Tamil Nadu,India,2026-01-10 12:02:53
88c29972-b94e-459c-ae94-0bf3a829780c,7ead3192-9970-4ca4-9492-1e653cba5c40,Mumbai,Maharashtra,India,2026-01-10 12:02:53
07f46ac1-d969-4d65-9299-7ddc9cf2a6cc,7ead3192-9970-4ca4-9492-1e653cba5c40,Vijayawada,Andhra Pradesh,India,2026-01-10 12:02:53
b5ca8468-99ac-4c37-86d8-883dca2ff43d,b369aafb-788d-48c2-a292-1227e246c5e2,Delhi,Delhi,India,2026-01-10 12:02:53
6bad6d51-4dbf-4574-af7a-c83a0f01e682,b369aafb-788d-48c2-a292-1227e246c5e2,Chandigarh,Chandigarh,India,2026-01-10 12:02:53
01fadc3e-6cf0-4c7c-9d68-6b6a5efd354f,b369aafb-788d-48c2-a292-1227e246c5e2,Bengaluru,Karnataka,India,2026-01-10 12:02:53
df5c504a-08c3-460a-93e6-ea15836d51f4,b369aafb-788d-48c2-a292-1227e246c5e2,Mumbai,Maharashtra,India,2026-01-10 12:02:53
c8627dcc-a114-43f7-8190-b54a7f044aff,b369aafb-788d-48c2-a292-1227e246c5e2,Kolkata,West Bengal,India,2026-01-10 12:02:53
ffdf62cb-f57b-4a38-9bd3-34ca3e7ca9ff,b369aafb-788d-48c2-a292-1227e246c5e2,Jaipur,Rajasthan,India,2026-01-10 12:02:53
f1c35684-07c6-4622-9eb8-777e86a07ee5,4aafb50c-8cb6-4610-9232-89902077d0a3,Delhi,Delhi,India,2026-01-10 12:02:53
badb0134-6184-43f3-9851-97ebcc5756c9,4aafb50c-8cb6-4610-9232-89902077d0a3,Chennai,Tamil Nadu,India,2026-01-10 12:02:53
7df0489e-1551-4445-8022-aba6af915da2,4aafb50c-8cb6-4610-9232-89902077d0a3,Bengaluru,Karnataka,India,2026-01-10 12:02:53
3aaeacf2-d5d4-4d5b-9613-1fd9553be332,4aafb50c-8cb6-4610-9232-89902077d0a3,Mumbai,Maharashtra,India,2026-01-10 12:02:53
11580e03-1f74-42fc-9ba1-755ec5603667,4aafb50c-8cb6-4610-9232-89902077d0a3,Kolkata,West Bengal,India,2026-01-10 12:02:53
0946cf6c-dfbc-48da-bacd-a265aac0538b,4aafb50c-8cb6-4610-9232-89902077d0a3,Coimbatore,Tamil Nadu,India,2026-01-10 12:02:53
c91b7d7f-feec-49c2-aeef-c9fec04b2d58,30a2d954-c1e6-4ca8-8b82-c27241094307,Noida,Uttar Pradesh,India,2026-01-10 12:02:53
8f844a0b-ea7d-474f-9efa-2f55f324a7c2,30a2d954-c1e6-4ca8-8b82-c27241094307,Delhi,Delhi,India,2026-01-10 12:02:53
34c47a30-f995-4b61-8dd1-bc862c23b15e,30a2d954-c1e6-4ca8-8b82-c27241094307,Haryana,Haryana,India,2026-01-10 12:02:53
83ab288a-ede3-4523-b51d-b512a0c710cf,490c8da9-056b-42c8-953b-790ae0d96980,Jaipur,Rajasthan,India,2026-01-10 12:02:53
11ffe92c-4173-456f-a929-21b65357e647,490c8da9-056b-42c8-953b-790ae0d96980,Delhi,Delhi,India,2026-01-10 12:02:53
f8e53dc7-a075-470d-b171-f94cc33ea16d,490c8da9-056b-42c8-953b-790ae0d96980,Haryana,Haryana,India,2026-01-10 12:02:53
f3fae500-fcd0-444b-95e3-568b504d6fd9,490c8da9-056b-42c8-953b-790ae0d96980,Kerala,Kerala,India,2026-01-10 12:02:53
dd85de31-5923-4473-85bb-6a9886ae1846,490c8da9-056b-42c8-953b-790ae0d96980,Karnataka,Karnataka,India,2026-01-10 12:02:53
5ce8b5be-2f03-45b8-8e07-438b062ae12c,e75e0dd4-68dc-4253-ba10-c66dbc68af66,Mumbai,Maharashtra,India,2026-01-10 12:02:53
68ddc567-f45f-4992-b465-1851f5d436fb,e75e0dd4-68dc-4253-ba10-c66dbc68af66,Delhi,Delhi,India,2026-01-10 12:02:53
d545691c-2903-40dd-a952-70d8ad323c8d,e75e0dd4-68dc-4253-ba10-c66dbc68af66,Karnataka,Karnataka,India,2026-01-10 12:02:53
69440570-1fd3-4d77-af91-6af39d16a1b3,e75e0dd4-68dc-4253-ba10-c66dbc68af66,Tamil Nadu,Tamil Nadu,India,2026-01-10 12:02:53
9175c4b7-6d7e-4783-a396-9a4a6559e0d1,3ab4cfd1-65bf-4466-b000-fa986136cf8a,Kolkata,West Bengal,India,2026-01-10 12:02:53
0ed870ae-a07a-4817-94a4-5fedc83c33a5,3ab4cfd1-65bf-4466-b000-fa986136cf8a,Assam,Assam,India,2026-01-10 12:02:53
55c65587-945f-4a00-b55b-a55a98a4b1fc,3ab4cfd1-65bf-4466-b000-fa986136cf8a,Sikkim,Sikkim,India,2026-01-10 12:02:53
f8ee9ee8-1287-41be-bfa2-5daf5176efa7,3ab4cfd1-65bf-4466-b000-fa986136cf8a,Odisha,Odisha,India,2026-01-10 12:02:53
88af3eb9-bba9-4b42-a7ad-75d3f3fab00f,52e386d0-16ce-48fa-91c9-75e6dc633959,Mumbai,Maharashtra,India,2026-01-10 12:02:53
68faf3b8-8aa0-46b0-a170-56fa53d937b0,52e386d0-16ce-48fa-91c9-75e6dc633959,Himachal Pradesh,Himachal Pradesh,India,2026-01-10 12:02:53
e74321e4-28fc-4f9d-b508-bc9cb8ddae7f,52e386d0-16ce-48fa-91c9-75e6dc633959,Jammu and Kashmir,Jammu and Kashmir,India,2026-01-10 12:02:53
b1a7ddbb-02c9-46f2-9a72-f7f0f961597b,52e386d0-16ce-48fa-91c9-75e6dc633959,Uttarakhand,Uttarakhand,India,2026-01-10 12:02:53
85da8306-dae6-4a98-ba83-a250877f56d7,52e386d0-16ce-48fa-91c9-75e6dc633959,Kerala,Kerala,India,2026-01-10 12:02:53
5f722ceb-45b9-4699-84ae-27badf340d5d,52e386d0-16ce-48fa-91c9-75e6dc633959,Karnataka,Karnataka,India,2026-01-10 12:02:53
17170736-3acb-4a5d-864f-4f23cb0675a4,52e386d0-16ce-48fa-91c9-75e6dc633959,Tamil Nadu,Tamil Nadu,India,2026-01-10 12:02:53
7be01152-81d4-4a76-a83f-30cf98b26d1d,52e386d0-16ce-48fa-91c9-75e6dc633959,Andhra Pradesh,Andhra Pradesh,India,2026-01-10 12:02:53
44a69b6e-0993-4678-b62c-401594cdde70,52e386d0-16ce-48fa-91c9-75e6dc633959,Telangana,Telangana,India,2026-01-10 12:02:53
e67570d1-e416-47be-bd29-a03c40159228,52e386d0-16ce-48fa-91c9-75e6dc633959,Assam,Assam,India,2026-01-10 12:02:53
665db81c-dd7a-4524-a3c6-982f48406db6,52e386d0-16ce-48fa-91c9-75e6dc633959,Meghalaya,Meghalaya,India,2026-01-10 12:02:53
ce9bfa1b-a604-444f-b29a-51b69dae7531,52e386d0-16ce-48fa-91c9-75e6dc633959,Mizoram,Mizoram,India,2026-01-10 12:02:54
58cc6ade-6c2d-42ee-b28a-1183fb5bb159,52e386d0-16ce-48fa-91c9-75e6dc633959,Tripura,Tripura,India,2026-01-10 12:02:54
a3e519a5-cfaa-419e-9855-7e324255cf8e,52e386d0-16ce-48fa-91c9-75e6dc633959,Arunachal Pradesh,Arunachal Pradesh,India,2026-01-10 12:02:54
d74bfbeb-8998-4c64-a3ba-090ca2a86784,52e386d0-16ce-48fa-91c9-75e6dc633959,Manipur,Manipur,India,2026-01-10 12:02:54
09436dd9-a16e-40bb-944c-c4bea757b9e0,52e386d0-16ce-48fa-91c9-75e6dc633959,Nagaland,Nagaland,India,2026-01-10 12:02:54
7d285a5a-8e31-4fe8-9015-92094dff2692,52e386d0-16ce-48fa-91c9-75e6dc633959,West Bengal,West Bengal,India,2026-01-10 12:02:54
2cddebb1-cbf8-47d4-bfee-76835d5ec5cb,52e386d0-16ce-48fa-91c9-75e6dc633959,Sikkim,Sikkim,India,2026-01-10 12:02:54
5e6b47ca-1d52-4690-85ca-948690267f02,52e386d0-16ce-48fa-91c9-75e6dc633959,Odisha,Odisha,India,2026-01-10 12:02:54
c7ef379f-43a0-46cc-87c0-5a248f99ee44,52e386d0-16ce-48fa-91c9-75e6dc633959,Gujarat,Gujarat,India,2026-01-10 12:02:54
71d562ff-b4cb-489e-83cb-bd776f0745bb,52e386d0-16ce-48fa-91c9-75e6dc633959,Rajasthan,Rajasthan,India,2026-01-10 12:02:54
cfb03a8f-656b-4b7f-bed7-ca1d90e8c291,52e386d0-16ce-48fa-91c9-75e6dc633959,Goa,Goa,India,2026-01-10 12:02:54
e352664b-0674-44c9-a583-dce349d37742,52e386d0-16ce-48fa-91c9-75e6dc633959,Chhattisgarh,Chhattisgarh,India,2026-01-10 12:02:54
6e13cec9-099c-4fe3-8df6-15f61c8b31d5,52e386d0-16ce-48fa-91c9-75e6dc633959,Madhya Pradesh,Madhya Pradesh,India,2026-01-10 12:02:54
12434157-63ce-4fd8-98c9-376a55c262f2,52e386d0-16ce-48fa-91c9-75e6dc633959,Bihar,Bihar,India,2026-01-10 12:02:54
66d7d1bd-261f-4c2c-9f66-fca20d444497,52e386d0-16ce-48fa-91c9-75e6dc633959,Jharkhand,Jharkhand,India,2026-01-10 12:02:54
ac57f203-f380-478b-bdcd-bee41dfc7627,52e386d0-16ce-48fa-91c9-75e6dc633959,Andaman and Nicobar,Andaman and Nicobar,India,2026-01-10 12:02:54
e3476e23-657f-4ab8-848a-24d522e939db,52e386d0-16ce-48fa-91c9-75e6dc633959,Pondicherry,Pondicherry,India,2026-01-10 12:02:54
1ae87aaa-82a0-4c40-a5d7-34ec969cd6ba,52e386d0-16ce-48fa-91c9-75e6dc633959,Chandigarh,Chandigarh,India,2026-01-10 12:02:54
6103e262-b9d4-4cf0-9bc6-91e152449d67,52e386d0-16ce-48fa-91c9-75e6dc633959,Lakshadweep,Lakshadweep,India,2026-01-10 12:02:54
8ec26ec4-3946-4c24-a47c-8c137eda3a8b,52e386d0-16ce-48fa-91c9-75e6dc633959,Daman and Diu,Daman and Diu,India,2026-01-10 12:02:54
c729f46e-331b-4a5f-b91b-40a158ea63f8,1ae94dc8-64ad-42e0-9650-72d9fe7e83c5,South India,,India,2026-1-10 12:02
64d929cf-c705-41b0-a571-77f95f46b200,b1966850-3f94-4893-8f7e-c6d27ee51461,South India,,India,2026-1-10 12:02
add7e59b-febc-4f91-91b5-9bfe2197f83d,b1966850-3f94-4893-8f7e-c6d27ee51461,North India,,India,2026-1-10 12:02
9164e3ed-b7f9-4220-93df-f8c3a1254cc6,b1966850-3f94-4893-8f7e-c6d27ee51461,West India,,India,2026-1-10 12:02
144de767-3100-4433-bcc0-2316b06c0043,3fdfc493-e614-4001-b564-8169665b6043,South India,,India,2026-1-10 12:02
8dee6810-d60e-489b-a3be-f7cd844e8947,3fdfc493-e614-4001-b564-8169665b6043,North India,,India,2026-1-10 12:02
5c3a9231-e458-4c6b-82df-4f655cba9a6f,3fdfc493-e614-4001-b564-8169665b6043,East India,,India,2026-1-10 12:02
c5b0783b-e079-4f90-973a-bc702d4baa3d,3fdfc493-e614-4001-b564-8169665b6043,West India,,India,2026-1-10 12:02
73076db7-18af-444d-a76f-0eaa18e7a3f9,7c3e49a3-81b4-48ae-b744-c00b8dc05568,South India,,India,2026-1-10 12:02
57ac5982-48fc-4b8e-bd3d-00df38523ea0,7c3e49a3-81b4-48ae-b744-c00b8dc05568,Bengaluru,,India,2026-1-10 12:02
d620c055-3d2a-46c0-b14c-ea6fe0cbdc68,5c90c0fb-38e7-441d-a4b3-932c8d19d915,Franchise Business Consultants,,India,2026-1-10 12:02
c5d9e8fe-243f-4937-af2d-0620fd3d12f7,58e2d28f-d82e-4377-ae5d-34600e0382a9,West India,,India,2026-1-10 12:02
beedf734-d051-467f-b26b-f53d5bea9e11,9dfffdd4-1e58-4269-9d0e-cf773083ffaf,South India,,India,2026-1-10 12:02
bae04d5d-27b9-49ea-a61d-66929b5eed58,9dfffdd4-1e58-4269-9d0e-cf773083ffaf,Akot,,India,2026-1-10 12:02
1527dcb6-08dc-4a10-9713-8f9cc0e7b6eb,b6cb22e1-d94a-4a31-a69c-d7cebd7e2da1,West India,,India,2026-1-10 12:02
5c8e3a3b-db9d-4157-a1e7-71dae4afd446,b5e867d7-e04d-4974-b1dc-1e8d7a45c77f,South India,,India,2026-1-10 12:02
5cfde94a-8ee8-4741-9cba-8e2a99e0edd3,b5e867d7-e04d-4974-b1dc-1e8d7a45c77f,North India,,India,2026-1-10 12:02
0dcde6e4-a08d-4384-a5a7-c20e64e0712c,5d6e645a-ca76-4ed6-9c3a-65688ee1dd02,Jaipur,,India,2026-1-10 12:02
b6308289-3c16-4085-8a7d-77726c7e09be,9aaac6a3-893d-407f-bc56-2440ef3e5e74,North India,,India,2026-1-10 12:02
b69fa6c9-98aa-406d-b8f7-413e60a75b3b,9aaac6a3-893d-407f-bc56-2440ef3e5e74,South India,,India,2026-1-10 12:02
6aaa7509-63ae-458e-b7fa-586201fdbda4,9aaac6a3-893d-407f-bc56-2440ef3e5e74,West India,,India,2026-1-10 12:02
bb533227-9251-464d-a407-d4352b6b26b2,9aaac6a3-893d-407f-bc56-2440ef3e5e74,East India,,India,2026-1-10 12:02
8b40e244-249a-40e2-9651-101f34ce6b81,9aaac6a3-893d-407f-bc56-2440ef3e5e74,Union Territorie,,India,2026-1-10 12:02
6b7e4ab8-5fd2-4f7e-8c02-afa2fd3e66d1,6efcf26f-b96d-467f-b08d-40957a446d85,South India,,India,2026-1-10 12:02
85578c4a-759f-48b5-a282-95f5fb985f2c,5aec5231-9a13-4ec6-b378-d5964efadc4a,Bengaluru,,India,2026-1-10 12:02
35e1b6d5-f545-4816-badd-52fbecf2be54,f8b3e14e-2a1b-4ca1-a862-ff8ba9e173ca,East India,,India,2026-1-10 12:02
c280e3ae-06f4-43a1-a231-5287c92bb211,f8b3e14e-2a1b-4ca1-a862-ff8ba9e173ca,West India,,India,2026-1-10 12:02
ff491bc6-38f7-4eed-a252-75f4c0ee74ec,f8b3e14e-2a1b-4ca1-a862-ff8ba9e173ca,North India,,India,2026-1-10 12:02
83930cb3-d5c9-4d60-a275-52d9d966e08b,f8b3e14e-2a1b-4ca1-a862-ff8ba9e173ca,South India,,India,2026-1-10 12:02
b63e1520-bc1d-4726-8f76-316163c2797c,f8b3e14e-2a1b-4ca1-a862-ff8ba9e173ca,Union Territorie,,India,2026-1-10 12:02
0fe3f4cd-23e9-4bb2-b145-61a00b014271,2181d9cf-6d6b-4078-acee-317b4cc66ce9,Bengaluru,,India,2026-1-10 12:02
d89fc720-6f22-429b-89bf-80dc10ec2256,42b424ae-4fe6-499f-8da7-eba2f6369b6b,South India,,India,2026-1-10 12:02
bf146802-6edb-438f-9515-ec98652719da,42b424ae-4fe6-499f-8da7-eba2f6369b6b,North India,,India,2026-1-10 12:02
8a82ba84-ac89-4cd1-9848-4022f6b14ebc,42b424ae-4fe6-499f-8da7-eba2f6369b6b,East India,,India,2026-1-10 12:02
40458795-1c02-4012-ba32-202c71f22833,42b424ae-4fe6-499f-8da7-eba2f6369b6b,West India,,India,2026-1-10 12:02
e6cc4a34-0383-4302-9f5c-ab68473e2054,c6e5a3dd-2b86-49aa-b104-e0a6873c8d0a,North India,,India,2026-1-10 12:02
25c1db3a-43cf-4510-981e-a16faa1f74c4,d38aabdb-219c-4f57-a903-7cc8b78a3158,Bengaluru,,India,2026-1-10 12:02
3e1f9d75-c192-46e4-b602-ffb8f741a05c,8d1f2c2b-4dd4-4959-8ec7-375edd59f999,Ghaziabad,,India,2026-1-10 12:02
e28a77f9-b149-4bee-9786-9d0a938d8801,a7eebaa7-a429-4489-b0f0-1f29b069af63,North India,,India,2026-1-10 12:02
4bdc319a-8149-46f4-a74f-83ece154dd0b,a7eebaa7-a429-4489-b0f0-1f29b069af63,South India,,India,2026-1-10 12:02
11b16efc-9111-482e-8480-8c3aa3b14c31,a7eebaa7-a429-4489-b0f0-1f29b069af63,West India,,India,2026-1-10 12:02
f99c49cd-6ab7-4d3a-aa04-ec55fe3d73a3,a7eebaa7-a429-4489-b0f0-1f29b069af63,East India,,India,2026-1-10 12:02
5fd5d404-17bd-42d3-aad0-b918d8eed4c8,a7eebaa7-a429-4489-b0f0-1f29b069af63,Delhi,,India,2026-1-10 12:02
deb90abe-80c1-4260-a46b-d789ea952386,ac303bf7-2a32-471d-9be1-a1dbb2e915e7,Gurgaon,,India,2026-1-10 12:02
6d3b23ae-ec2c-49f0-b839-71ffdf429f0c,a42c35fe-e9bd-42b0-8787-966596a54f97,Varanasi,,India,2026-1-10 12:02
8f0a37ba-adff-4fc7-81f7-a3e5287adc4d,a42c35fe-e9bd-42b0-8787-966596a54f97,Allahabad,,India,2026-1-10 12:02
ed10918c-79f2-4272-b732-37e31dfc546b,a42c35fe-e9bd-42b0-8787-966596a54f97,Ghaziabad,,India,2026-1-10 12:02
5112a6a8-3619-44f9-8717-025dad9d7474,a42c35fe-e9bd-42b0-8787-966596a54f97,Noida,,India,2026-1-10 12:02
37b5cb1d-b484-486c-9c49-7e0dbc820f69,a42c35fe-e9bd-42b0-8787-966596a54f97,Agra,,India,2026-1-10 12:02
a49b8939-9e65-4281-82f0-14bbc801a404,5d130317-45b7-4caa-aa92-b38fabf64bd8,South India,,India,2026-1-10 12:02
1061296f-ba7a-419e-a7e8-56a098ee89d6,5d130317-45b7-4caa-aa92-b38fabf64bd8,North India,,India,2026-1-10 12:02
3d456da8-7954-4407-bd41-850f82adb0c3,5d130317-45b7-4caa-aa92-b38fabf64bd8,West India,,India,2026-1-10 12:02
1ca422bf-1d4b-4daa-897d-c1a235b358f2,5d130317-45b7-4caa-aa92-b38fabf64bd8,East India,,India,2026-1-10 12:02
4de878ad-1a0a-4207-be85-9611d4b53d7a,5d130317-45b7-4caa-aa92-b38fabf64bd8,Union Territorie,,India,2026-1-10 12:02
dd51039a-250e-47a0-ab11-fcd8e4bc6531,757661f5-15bb-4634-87a2-e83e5e4ac1be,Anand,,India,2026-1-10 12:02
21c0f4d2-647a-46d8-a031-8344d18fb959,46bdfbfd-5076-4275-808a-0654c0f16d64,West India,,India,2026-1-10 12:02
a0fa7974-fa29-40bb-816f-a462b269cc11,46bdfbfd-5076-4275-808a-0654c0f16d64,South India,,India,2026-1-10 12:02
4d94eaa1-588c-4b9f-b93e-a5af43fa28e6,46bdfbfd-5076-4275-808a-0654c0f16d64,North India,,India,2026-1-10 12:02
6f76c726-e40d-48f3-b907-cea1385e43ce,13b02d85-0b21-41df-a42b-a3e69627c361,North India,,India,2026-1-10 12:02
014d8bb7-0c00-4eb1-99b3-2d4b68def589,13b02d85-0b21-41df-a42b-a3e69627c361,South India,,India,2026-1-10 12:02
4a6fea10-7e19-4d4a-b838-1d90380c9f8c,13b02d85-0b21-41df-a42b-a3e69627c361,West India,,India,2026-1-10 12:02
9ae32b85-7efd-4905-91ff-20241768aa47,13b02d85-0b21-41df-a42b-a3e69627c361,East India,,India,2026-1-10 12:02
532d6756-cb67-4c4e-8ce8-ddf1eb860328,685e5824-24fc-4845-b14b-c910e3724267,Delhi,,India,2026-1-10 12:02
020e3bbc-12cd-46c0-93f5-eedd9fedcd31,c7b53088-088e-47c7-880c-33fff141f5cc,Hyderabad,,India,2026-1-10 12:02
2476acb5-5685-4782-8f2b-27a0faae6cab,0c1a24dd-8ba8-49c0-9201-209dcec335ff,Ongole,,India,2026-1-10 12:02
a7a7e4d1-8042-415e-9dfc-aafc917b4d35,0c1a24dd-8ba8-49c0-9201-209dcec335ff,Nellore,,India,2026-1-10 12:02
1b99dadd-b661-4b7d-a392-a1b1ab51bb39,0c1a24dd-8ba8-49c0-9201-209dcec335ff,Srikakulam,,India,2026-1-10 12:02
0fc0092a-8b36-417f-a5e4-6718245e7a68,0c1a24dd-8ba8-49c0-9201-209dcec335ff,Visakhapatnam,,India,2026-1-10 12:02
15d976b1-dce6-43ce-a439-390955ab57c9,0c1a24dd-8ba8-49c0-9201-209dcec335ff,Vijayawada,,India,2026-1-10 12:02
4b2e7526-cebe-45fb-abd3-0e5a36c951b7,513980c6-0171-4aff-a7f3-b55f1a3e291d,Jalandhar,,India,2026-1-10 12:02
3016d181-fc5a-44d3-ae1c-aec185969f4d,9ed14b2b-c050-40f4-a1be-9a0681fc1fcf,South India,,India,2026-1-10 12:02
dd564851-a260-478b-979c-e6ef9f392ba1,9ed14b2b-c050-40f4-a1be-9a0681fc1fcf,North India,,India,2026-1-10 12:02
3bc8e3f3-b6e7-41b4-8351-e4277d806ab8,9ed14b2b-c050-40f4-a1be-9a0681fc1fcf,West India,,India,2026-1-10 12:02
c4ed7536-6b05-4f4c-b959-8387ea2dad65,9ed14b2b-c050-40f4-a1be-9a0681fc1fcf,East India,,India,2026-1-10 12:02
e4485f6a-6435-40bc-a646-09bc13ca5c48,9ed14b2b-c050-40f4-a1be-9a0681fc1fcf,Union Territories,,India,2026-1-10 12:02
046b3f89-0314-4e8f-9dfb-1cd2d1c86953,306adbb9-1cd9-4b86-a202-0cdd8351a725,Delhi,,India,2026-1-10 12:02
99be6f57-ca2e-48db-9a16-c75aba14110a,dea2856c-266c-404b-ba9a-660bf0018d47,West India,,India,2026-1-10 12:02
48b81915-51b1-4592-a3d6-38e3342c5143,6e7e1589-f738-4d22-98b1-15f122e473ce,West India,,India,2026-1-10 12:02
8fbf1e79-0025-4fb6-8914-e620f634afcf,6e7e1589-f738-4d22-98b1-15f122e473ce,South India,,India,2026-1-10 12:02
8934b92c-528b-4705-9c55-5a47c6b0e8bb,6e7e1589-f738-4d22-98b1-15f122e473ce,East India,,India,2026-1-10 12:02
3bb9737b-cd13-428d-ab35-3fac93c16f5c,6e7e1589-f738-4d22-98b1-15f122e473ce,North India,,India,2026-1-10 12:02
70ca1551-0182-4e63-9cc7-c5feadb8420e,1984c3e0-e84b-4f1b-9983-778f9dfd90fc,East India,,India,2026-1-10 12:02
8d88e241-b426-42fd-955d-cc027d6f8001,1984c3e0-e84b-4f1b-9983-778f9dfd90fc,West India,,India,2026-1-10 12:02
2a7b1003-8ce7-4c93-b89b-68037a2801d8,1984c3e0-e84b-4f1b-9983-778f9dfd90fc,North India,,India,2026-1-10 12:02
b672e441-011a-4c69-bfe6-344f289e9cb6,1984c3e0-e84b-4f1b-9983-778f9dfd90fc,South India,,India,2026-1-10 12:02
f5ca880b-8ad9-449c-a2a7-9037e2c7a00e,1984c3e0-e84b-4f1b-9983-778f9dfd90fc,Union Territorie,,India,2026-1-10 12:02
9d7047e7-842e-4583-a3f5-2c8bab8ef175,fa32c4a3-f72f-4edc-85d4-51bde717a0a9,Mumbai,,India,2026-1-10 12:02
6e6e0cfc-7fd7-4c0c-a251-130324235808,add4ca64-cde4-4c81-8e58-d521d898372b,West India,,India,2026-1-10 12:02
e866e962-a3f2-4681-9949-286e0ac87110,add4ca64-cde4-4c81-8e58-d521d898372b,East India,,India,2026-1-10 12:02
41e256c3-a2fc-4c7f-891b-248d712acbe2,add4ca64-cde4-4c81-8e58-d521d898372b,North India,,India,2026-1-10 12:02
54d08f5a-e917-47aa-85ed-4faf7740bfb4,a39cf9a7-18eb-40d7-a536-ac1a43690702,Delhi,,India,2026-1-10 12:02
1eaa207f-ecdf-4eba-b274-52fbf2dfcbd2,9c4c8994-4d2e-45ee-98ff-0dc08f89f6dc,Delhi,,India,2026-1-10 12:02
48d7f3f2-b3ca-4e61-9bec-1afb17a6e43f,9c4c8994-4d2e-45ee-98ff-0dc08f89f6dc,Faridabad,,India,2026-1-10 12:02
0def9f36-92a1-4770-8f17-4e3196413bf6,9c4c8994-4d2e-45ee-98ff-0dc08f89f6dc,Gurgaon,,India,2026-1-10 12:02
8087b74f-8aa1-4240-9a7d-765315315429,9c4c8994-4d2e-45ee-98ff-0dc08f89f6dc,Ghaziabad,,India,2026-1-10 12:02
71608016-ccc1-4ab3-8d3e-641f99e6570d,9c4c8994-4d2e-45ee-98ff-0dc08f89f6dc,Noida,,India,2026-1-10 12:02
20f45094-14c4-4fac-800c-25a1ea483390,11ec541c-8d14-4ee5-ba4c-dabf82387746,Kolkata,,India,2026-1-10 12:02
2eb7fd1e-7e72-4b72-8408-8decf219edc1,e82dbdfb-34d6-4427-99f1-7334e55a59eb,South India,,India,2026-1-10 12:02
a9011fbf-3e9b-4e9a-81b9-36d54df820d2,e82dbdfb-34d6-4427-99f1-7334e55a59eb,North India,,India,2026-1-10 12:02
bf149279-022c-4a2d-84cf-2699a82a34b4,e82dbdfb-34d6-4427-99f1-7334e55a59eb,West India,,India,2026-1-10 12:02
9423e6f6-0e1f-4bee-96f7-a9e3af808093,e82dbdfb-34d6-4427-99f1-7334e55a59eb,East India,,India,2026-1-10 12:02
e890f903-341f-4ccd-b04a-be19a0bbe797,4a4b2be6-742f-4690-bdb4-7f307761ef4c,Dispur,,India,2026-1-10 12:02
24e4f94e-b06f-45f4-b48d-806c9120db36,4a4b2be6-742f-4690-bdb4-7f307761ef4c,Chandigarh,,India,2026-1-10 12:02
d37c566a-0c87-4967-b88a-1d1c46fbc127,4a4b2be6-742f-4690-bdb4-7f307761ef4c,Bengaluru,,India,2026-1-10 12:02
acb9e3c5-f6f7-4664-af8f-5ac6fd38f746,4a4b2be6-742f-4690-bdb4-7f307761ef4c,Bhopal,,India,2026-1-10 12:02
7e777699-91f7-494d-91b1-a1bce91fec33,4a4b2be6-742f-4690-bdb4-7f307761ef4c,Indore,,India,2026-1-10 12:02
978cc696-e58d-434d-966c-1d0aecec1f78,b30cf2fe-a449-40e7-9afa-3ce7a29cf2ec,Delhi,,India,2026-1-10 12:02
75dc54c2-d8ae-4833-87cc-e5aa3a4189e9,b30cf2fe-a449-40e7-9afa-3ce7a29cf2ec,Chandigarh,,India,2026-1-10 12:02
70464e34-9db7-4cfd-9e49-f306bf2d8bf5,b30cf2fe-a449-40e7-9afa-3ce7a29cf2ec,Lucknow,,India,2026-1-10 12:02
125fd43d-6f12-4640-89dc-a59a3c82cf81,b30cf2fe-a449-40e7-9afa-3ce7a29cf2ec,Hyderabad,,India,2026-1-10 12:02
8a4deae9-bca8-424c-8e4e-93a60b116965,b30cf2fe-a449-40e7-9afa-3ce7a29cf2ec,Pune,,India,2026-1-10 12:02
35c3974f-2820-4129-af03-25777a1c4449,7a48f43c-7ccb-480c-8b26-77c5994cb82e,Gurgaon,,India,2026-1-10 12:02
5801c299-cb41-4c18-9bd2-c5e0168ee6ba,6e313ad1-9e12-4d70-853a-944f567a0acb,Union Territorie,,India,2026-1-10 12:02
4fb35259-4c89-4b78-bdcc-9e53d5bf26e0,6e313ad1-9e12-4d70-853a-944f567a0acb,Andhra Pradesh,,India,2026-1-10 12:02
9ce6f474-4cde-4e73-8dd3-fbf67fa6e6c1,6e313ad1-9e12-4d70-853a-944f567a0acb,Karnataka,,India,2026-1-10 12:02
7fabc322-4707-4096-96cd-8cc0effeeb27,6e313ad1-9e12-4d70-853a-944f567a0acb,Kerala,,India,2026-1-10 12:02
86fad5e6-6f36-48a8-8ee6-912b74fdb653,6e313ad1-9e12-4d70-853a-944f567a0acb,Tamil Nadu,,India,2026-1-10 12:02
0d1c1a36-552a-4041-a173-bfe03e6746bb,3cac3d1d-27d2-4009-8a0f-9cd03a389407,Ahmedabad,,India,2026-1-10 12:02
2bfa3327-9b41-4b88-997e-beba63e36b89,3cac3d1d-27d2-4009-8a0f-9cd03a389407,Surat,,India,2026-1-10 12:02
49ad8286-77f9-4c74-96c6-2a26b8c5e379,3cac3d1d-27d2-4009-8a0f-9cd03a389407,Rajkot,,India,2026-1-10 12:02
9a4b6972-7f46-4706-8513-017e59fd8f22,3cac3d1d-27d2-4009-8a0f-9cd03a389407,West India,,India,2026-1-10 12:02
a979a3be-c1bf-4c90-bb6e-eadd7d07ba01,3cac3d1d-27d2-4009-8a0f-9cd03a389407,South India,,India,2026-1-10 12:02
f515700a-4c06-4ad3-830e-840f6ac7cdc7,0646a3ac-eaf3-406e-ac72-d59fddb63b78,Gurgaon,,India,2026-1-10 12:02
0e89130c-0c89-4cbc-8d1a-a47341e33cde,c4c6e592-e9bc-4518-b791-482f31803ead,Ludhiana,,India,2026-1-10 12:02
2ba799d1-64df-4ee0-aa75-f4ed9412df15,b99cc638-61d0-49c1-ba47-9fbd822a1ccf,North India,,India,2026-1-10 12:02
3a33c90d-a8f6-4e99-bfc6-d38121922d16,91dd4711-5e07-4a7e-8a75-d8384fc158b9,Mumbai,,India,2026-1-10 12:02
38db3162-38d3-4ae8-861a-1947d6c57bbd,3b4bb16e-1882-4bbf-b79f-0ffd13491af4,Delhi,,India,2026-1-10 12:02
6fb13509-df23-4782-a10f-fe8ce3f0b08a,5e12d3d4-5738-4955-94e3-03608f6a6ab8,Mumbai,,India,2026-1-10 12:02
1d481167-a7a9-4d80-ae78-2737213031f4,5e12d3d4-5738-4955-94e3-03608f6a6ab8,Pune,,India,2026-1-10 12:02
cea3a518-8415-42f7-b16a-3ba6b9ba60fb,5e12d3d4-5738-4955-94e3-03608f6a6ab8,Nagpur,,India,2026-1-10 12:02
c2d1bc26-6371-4a4e-a364-e0baa83c71a4,146c0b9a-7f1a-4349-acbb-9e635b67f0ed,North India,,India,2026-1-10 12:02
52cfc853-3983-4d01-9bbd-5b50f512636f,146c0b9a-7f1a-4349-acbb-9e635b67f0ed,South India,,India,2026-1-10 12:02
54f8b81f-abd4-4d93-a089-39e66b4eeba4,668b8c49-6dd3-4e0d-ab5a-1ae6a0e1829d,Mumbai,,India,2026-1-10 12:02
aa9eaa7c-520c-46e2-813a-256ba8a5a127,f3a87cae-1f95-490d-9dbc-8f0759a06895,North India,,India,2026-1-10 12:02
754a7a06-367a-4012-bd49-b008961790c4,58e082bd-8ad9-4ee9-92ca-be29f3892f4b,Bengaluru,,India,2026-1-10 12:02
c1984f3b-90cf-4a21-9e47-f294f714f244,5ac44d91-d7c0-4ddb-ba5c-e152d8954bf7,North India,,India,2026-1-10 12:02
01d59e24-b31a-401c-9e24-962b30b91714,be84dd74-61cb-46bf-b3a8-953d79be7933,South India,,India,2026-1-10 12:02
a5ffbf71-ae0f-4aea-910f-b975ae6d7a0a,be84dd74-61cb-46bf-b3a8-953d79be7933,North India,,India,2026-1-10 12:02
22978e14-6ac6-4914-9a40-241df895004a,be84dd74-61cb-46bf-b3a8-953d79be7933,West India,,India,2026-1-10 12:02
1c468e0e-0020-48dd-9267-9f95d5ad3fe9,be84dd74-61cb-46bf-b3a8-953d79be7933,East India,,India,2026-1-10 12:02
d28f6b57-32b1-4f1e-9d05-0b6c461d8251,be84dd74-61cb-46bf-b3a8-953d79be7933,Union Territorie,,India,2026-1-10 12:02
5062899d-7d4a-45dc-9067-dc0b45c94f31,a1396a46-d38e-4e0b-877e-7e0fd55be66a,Mumbai,,India,2026-1-10 12:02
6640834a-0145-47f5-884d-b665c1352d30,368e80d9-3ba0-46d2-9979-67cbdb69ce6f,Dhaka,,India,2026-1-10 12:02
eb395f81-c738-41e3-8df3-5e1c9da3d930,368e80d9-3ba0-46d2-9979-67cbdb69ce6f,Colombo,,India,2026-1-10 12:02
d57cdd42-46b0-42ac-b16d-0be048e793f3,368e80d9-3ba0-46d2-9979-67cbdb69ce6f,Dubai,,India,2026-1-10 12:02
231d9bc1-8e25-41a5-a96e-3f1d02645dc1,368e80d9-3ba0-46d2-9979-67cbdb69ce6f,Visakhapatnam,,India,2026-1-10 12:02
8cfe7c04-d671-4da9-bba1-47afc08969a4,368e80d9-3ba0-46d2-9979-67cbdb69ce6f,Patna,,India,2026-1-10 12:02
377abf13-0558-44ed-ba64-638455bf4801,0db4c3ee-7282-42aa-be41-21732c3658b6,Bengaluru,,India,2026-1-10 12:02
d405bf70-1564-4d41-9a28-670b1593fda0,3f29e1a8-d818-4cc7-ae35-d92c4bcfa357,Pune,,India,2026-1-10 12:02
7b005e87-33a0-4c5b-9a0f-9986456faa5a,3f29e1a8-d818-4cc7-ae35-d92c4bcfa357,Nashik,,India,2026-1-10 12:02
f88300a2-c09f-4f9a-b14e-e7806ee3fa56,3f29e1a8-d818-4cc7-ae35-d92c4bcfa357,Lonavala,,India,2026-1-10 12:02
7548c900-77c9-43c9-9a8d-40bfd5dd889f,a5e859b4-6b8c-4036-b87b-04a4cb2b0181,Mumbai,,India,2026-1-10 12:02
8dd99b27-16b7-4637-bb06-6237e9899e6f,49b564d1-e211-41fb-901b-bc102d9bea80,Pune,,India,2026-1-10 12:02
7922569e-7b4d-4fb4-a962-2b726625fcca,49b564d1-e211-41fb-901b-bc102d9bea80,Mumbai,,India,2026-1-10 12:02
75684b99-3684-43a4-99f9-38fdc3164898,49b564d1-e211-41fb-901b-bc102d9bea80,Nashik,,India,2026-1-10 12:02
5f1727a6-3cf1-41d6-9f94-67c1e0441195,49b564d1-e211-41fb-901b-bc102d9bea80,Nagpur,,India,2026-1-10 12:02
0d6d2504-0274-489a-b782-5978c616d4dd,49b564d1-e211-41fb-901b-bc102d9bea80,Bhubaneswar,,India,2026-1-10 12:02
0a653058-893e-4ab6-844a-400ca6180c96,f75aaa41-acce-4021-99a0-070a49650240,Noida,,India,2026-1-10 12:02
55b5426f-0eab-4b1f-a5f5-de182f9cddf4,e2d6be80-968a-41d6-985c-3d1526410c64,Union Territorie,,India,2026-1-10 12:02
833f43c0-1baf-41ac-9285-b119b71a3852,4412b726-961e-4fd1-8338-a5b8552490bc,North India,,India,2026-1-10 12:02
6ec1b171-54b2-4511-901a-8afd4c211a8f,4412b726-961e-4fd1-8338-a5b8552490bc,South India,,India,2026-1-10 12:02
b571a2b6-c925-4722-bedb-059c074640df,4412b726-961e-4fd1-8338-a5b8552490bc,West India,,India,2026-1-10 12:02
cd4ec60a-b51f-47b6-b79d-2dc98dbad311,4412b726-961e-4fd1-8338-a5b8552490bc,East India,,India,2026-1-10 12:02
bdc8ee1a-80d5-4b1c-a6d2-8e636ced7b55,ffc26e8a-e1ca-436f-86c0-8947b436fd79,Mumbai,,India,2026-1-10 12:02
3ae07b39-86d9-4b0e-a35e-53060e64bbd1,7e6708bc-282e-4db5-b896-947f0d407cb2,Bengaluru,,India,2026-1-10 12:02
c3e494ea-633e-49ec-a2bb-61de2c1f49f2,63e8fcdd-17af-4413-8cd1-39e2012795b1,Gurgaon,,India,2026-1-10 12:02
3987b85f-b1b9-4b1b-aaaa-f5e07376370e,b92f6992-01e1-4a17-ae71-059cf3c0f4c5,Delhi,,India,2026-1-10 12:02
6edbd5e3-6698-460a-98c8-31926ff5a06e,9cb52bae-6893-483a-9614-22be48d7030a,Delhi,,India,2026-1-10 12:02
cadef9d4-83f4-4914-9e70-35b535a66669,06b6e3d7-2a69-4879-8453-d20a2e06ac72,East India,,India,2026-1-10 12:02
b5919dbd-bc77-4aa3-bc40-ab94489c41bb,4dba6b15-ff3f-4c41-8b51-0946518c35ab,Delhi,,India,2026-1-10 12:02
782fca9f-17b1-4165-9d09-e9b29e0d53b8,1aee7828-e8ca-4951-b955-3d272a66dbc4,Chennai,,India,2026-1-10 12:02
de4aafc7-782f-4c20-a98a-e164182f9bb9,641d1345-19c9-4711-89e0-b9bd5db58643,Union Territories,,India,2026-1-10 12:02
55f96e44-7cba-4e01-ba37-e714ee710024,641d1345-19c9-4711-89e0-b9bd5db58643,South India,,India,2026-1-10 12:02
7e5359da-10a5-4364-af59-2f257c4f2c9c,641d1345-19c9-4711-89e0-b9bd5db58643,West India,,India,2026-1-10 12:02
1d7d6e2b-9efd-47c9-a693-3c1815e591b2,641d1345-19c9-4711-89e0-b9bd5db58643,North India,,India,2026-1-10 12:02
b135e6df-4f12-4d6a-9a21-3da15d403c17,641d1345-19c9-4711-89e0-b9bd5db58643,East India,,India,2026-1-10 12:02
2b35206e-d54e-4dfe-9324-c584df00dbaa,e22fba63-c32b-4be4-8707-c42476609842,North India,,India,2026-1-10 12:02
85d852b7-0958-4008-9267-04ad3e36104b,e22fba63-c32b-4be4-8707-c42476609842,West India,,India,2026-1-10 12:02
3c7bb10b-c0c1-4507-9831-8982811860bb,e22fba63-c32b-4be4-8707-c42476609842,East India,,India,2026-1-10 12:02
4c341c01-5bdb-4c10-bd16-797324cc3aac,e22fba63-c32b-4be4-8707-c42476609842,Union Territories,,India,2026-1-10 12:02
45225133-76b2-4f81-a198-253c742a1f9d,9d3c202d-9381-4147-92a2-c889ecd68121,West India,,India,2026-1-10 12:02
fdab9971-3a7c-4dfc-8fec-019b8512154d,f73cf74b-e2d3-469e-959f-52fc1a245bce,Mumbai,,India,2026-1-10 12:02
b99c947c-80c1-4a3b-86e7-3f1f27156053,2ab72a84-be1d-4f96-bfc6-cbf4113c345d,Ludhiana,,India,2026-1-10 12:02
5081375a-d96c-42f2-867f-47735d192a3a,f90c3450-c059-4971-afde-fa199ffc1790,Mumbai,,India,2026-1-10 12:02
6b144c84-2c5f-4578-be11-72a5df672730,8ffc9f7a-c3a4-404a-8794-b81f3fa7176d,Delhi,,India,2026-1-10 12:02
f226dfb2-4de5-423d-bc97-66703338ea1f,2bded616-68d1-448d-ae54-1bcf470b058f,Delhi,,India,2026-1-10 12:02
7199c29a-a2f9-4493-8a0b-d157faf2be97,61a026f1-84fe-4e23-981c-dc964514ca67,North India,,India,2026-1-10 12:02
8d06636b-eebf-43c9-a7c8-8068002142b4,d39d234b-6ab8-4219-809e-d08dcb0e0f25,Pan India,,India,2026-1-10 12:02
a3e9e7ac-8ab9-4377-9733-ddf1749ab5bb,d39d234b-6ab8-4219-809e-d08dcb0e0f25,East India,,India,2026-1-10 12:02
41999a15-537a-4246-8991-3a77667a0f87,5e827729-112a-49f4-8575-eb8cfc74b271,South India,,India,2026-1-10 12:02
de7870a9-cf15-479e-a387-f0d1a0cb954f,5e827729-112a-49f4-8575-eb8cfc74b271,North India,,India,2026-1-10 12:02
78b4d40a-6546-46ed-8966-00af78223269,5e827729-112a-49f4-8575-eb8cfc74b271,East India,,India,2026-1-10 12:02
d28f00b9-e8fa-407d-8c93-cbf2f5db317e,5e827729-112a-49f4-8575-eb8cfc74b271,West India,,India,2026-1-10 12:02
3fbab9b4-24c3-432a-8967-28e48d51e782,5e827729-112a-49f4-8575-eb8cfc74b271,Union Territories,,India,2026-1-10 12:02
176c7c16-bb63-4e97-949e-219d795e4879,72e6add9-4743-4221-8a37-504502dbca6b,Union Territories,,India,2026-1-10 12:02
c8a992df-05cf-4196-aa6c-91e216a3a5d1,72e6add9-4743-4221-8a37-504502dbca6b,South India,,India,2026-1-10 12:02
3039784d-3501-42ac-bfa0-82409e7f0a6e,72e6add9-4743-4221-8a37-504502dbca6b,North India,,India,2026-1-10 12:02
3bf52119-feed-4ada-91f0-0aeb1c8214c3,72e6add9-4743-4221-8a37-504502dbca6b,West India,,India,2026-1-10 12:02
fe368ccc-028f-484f-b1e1-3822c77c46a5,72e6add9-4743-4221-8a37-504502dbca6b,East India,,India,2026-1-10 12:02
813bb557-b15b-4215-a8f5-9c1311d3cd57,8bda802f-25a5-4d3b-a073-e775b8254f4d,Mumbai,,India,2026-1-10 12:02
fec1dbe3-467d-4a1e-aaf8-56eb05162e32,ad2f745b-ddda-4165-b428-6274b3a3294c,North India,,India,2026-1-10 12:02
e3d1b5fc-f071-4683-88bd-802402e4861e,ad2f745b-ddda-4165-b428-6274b3a3294c,West India,,India,2026-1-10 12:02
bc919612-e2f5-4997-bf16-5af65e23eceb,26e419c5-022d-401b-81b0-e1c58f24aa39,Coimbatore,,India,2026-1-10 12:02
625dec53-4690-4217-993f-14411d6f41dc,ee22ea13-04d5-4669-b113-1ee8a1c679f7,Union Territorie,,India,2026-1-10 12:02
7828dab4-f522-4766-8782-52033ee36ca3,dbe4e874-1e0a-44f1-9c88-23243a97f81d,Belgaum,,India,2026-1-10 12:02
e39e5b0a-8862-4cd3-ac8d-71a31ad0b067,dbe4e874-1e0a-44f1-9c88-23243a97f81d,Hubballi,,India,2026-1-10 12:02
286029b8-2960-4818-b40d-f61dc6c9727a,dbe4e874-1e0a-44f1-9c88-23243a97f81d,Dharwad,,India,2026-1-10 12:02
01ddfc58-4b9f-4704-b9b1-8c20804cb0e9,dbe4e874-1e0a-44f1-9c88-23243a97f81d,Davangere,,India,2026-1-10 12:02
f49a490c-2164-4576-8c67-5a6f92c6faa7,dbe4e874-1e0a-44f1-9c88-23243a97f81d,Mysuru,,India,2026-1-10 12:02
ca240029-8d48-46ff-9ffb-78bc8a30eb7f,7b1471a1-c276-4f1c-9750-efa7cf61e6f1,Kolkata,,India,2026-1-10 12:02
8839e2e6-c70f-4909-a96b-dc3b4aa343c2,285a8087-2909-4baa-b959-149231119cea,South India,,India,2026-1-10 12:02
1866369d-4329-48ad-a980-0d43420809f4,285a8087-2909-4baa-b959-149231119cea,Union Territorie,,India,2026-1-10 12:02
52e47fc2-38b4-4580-870d-413ced4435e0,285a8087-2909-4baa-b959-149231119cea,West India,,India,2026-1-10 12:02
4f45df25-d23d-43d4-bc43-f9ac0ef27685,285a8087-2909-4baa-b959-149231119cea,East India,,India,2026-1-10 12:02
24ec4462-7100-4e27-9bdf-2026c9536fe0,285a8087-2909-4baa-b959-149231119cea,North India,,India,2026-1-10 12:02
35019414-14b1-42fb-9b62-5798cfb8f8c9,7d4c71df-a292-4891-88e5-5beda4329583,Delhi,,India,2026-1-10 12:02
fda04c79-f652-45f4-a5e7-8cda9bfbafee,c1719752-43d5-4d87-bc55-62bed966380d,Ahmedabad,,India,2026-1-10 12:02
ab29c517-63e9-4d57-b2ff-40f3468855c0,c1719752-43d5-4d87-bc55-62bed966380d,North India,,India,2026-1-10 12:02
86010c27-f2c9-45e3-8baf-37cb96a7d72c,757c944a-c4f9-4134-9add-083e6a6d56fd,Mumbai,,India,2026-1-10 12:02
fe0b751b-8c42-4fa1-af71-bfc40f94a4df,4e56972b-761c-4f40-9a9f-7f636ecd4200,Delhi,,India,2026-1-10 12:02
78adfd9b-fa58-4a6c-aca7-b3686e0517d6,da3d6166-4173-4a53-99bd-458944546172,Secunderabad,,India,2026-1-10 12:02
c62a8af7-63da-4e79-830d-1fbb5344e009,33e33b88-95cc-4c7c-86f6-bb90ba44b957,Union Territorie,,India,2026-1-10 12:02
95646a5e-1312-430b-808a-598768d7abfe,33e33b88-95cc-4c7c-86f6-bb90ba44b957,East India,,India,2026-1-10 12:02
63a8f1b5-be05-4c8b-9f26-43594c4d2190,33e33b88-95cc-4c7c-86f6-bb90ba44b957,North India,,India,2026-1-10 12:02
20e89b3e-fd8c-45aa-93c4-2b8c2781336e,33e33b88-95cc-4c7c-86f6-bb90ba44b957,South India,,India,2026-1-10 12:02
11b0b670-6208-4b56-a36a-0c1959bcb4bd,22315914-73c8-4e93-bffa-3e10e9040df0,Bengaluru,,India,2026-1-10 12:02
4c15f6e2-39c8-4bcc-92c1-a070b1178c9f,f14dff5b-0538-465c-bc0c-d69cd2276f8e,South India,,India,2026-1-10 12:02
eca3d9e8-a82f-4cd1-b2f2-292c62ba2dda,f14dff5b-0538-465c-bc0c-d69cd2276f8e,North India,,India,2026-1-10 12:02
2718bed5-121b-4eeb-891d-ad0244bc2c9c,f14dff5b-0538-465c-bc0c-d69cd2276f8e,West India,,India,2026-1-10 12:02
101ad30f-6813-4bc2-8376-30cd89b45be3,f14dff5b-0538-465c-bc0c-d69cd2276f8e,East India,,India,2026-1-10 12:02
fa10c9dc-d324-46b8-8867-ade5984ddd12,f14dff5b-0538-465c-bc0c-d69cd2276f8e,Union Territorie,,India,2026-1-10 12:02
5a72a9de-7e65-4965-990b-fbea8e2179dd,75039b3b-5884-4db7-802a-1aaa9e74a3ec,Mumbai,,India,2026-1-10 12:02
44042756-fea0-4576-8a0a-62815cc9cc8e,75039b3b-5884-4db7-802a-1aaa9e74a3ec,Union Territorie,,India,2026-1-10 12:02
210f08ba-b4c5-4c1b-98f4-a922e24ec349,6e8ec2e7-0bdf-4dcd-a470-1796fecfca0e,Mumbai,,India,2026-1-10 12:02
d34220eb-da72-4c6a-ad7b-540d3828a009,a98ca601-52f4-442e-88f0-472b1708df1d,North India,,India,2026-1-10 12:02
98f6f6b1-bde6-4f97-9896-f26e6ee97d0d,a98ca601-52f4-442e-88f0-472b1708df1d,Union Territorie,,India,2026-1-10 12:02
17d83713-9875-4fb3-856a-8844ff215d92,a98ca601-52f4-442e-88f0-472b1708df1d,South India,,India,2026-1-10 12:02
98a188d1-b6e1-4c1b-af60-903f34ad9255,a98ca601-52f4-442e-88f0-472b1708df1d,West India,,India,2026-1-10 12:02
4a0fe683-646a-4c73-a28a-f0da6e64b0e9,a98ca601-52f4-442e-88f0-472b1708df1d,East India,,India,2026-1-10 12:02
e1b72955-12fb-4695-adff-3df3ce3bcc31,eeb9d325-2e52-4a03-94b8-9a670ad67ec2,South India,,India,2026-1-10 12:02
90ad7994-510e-4b1d-a110-c2970911ff45,eeb9d325-2e52-4a03-94b8-9a670ad67ec2,West India,,India,2026-1-10 12:02
221cdc6d-040a-4f65-83a5-c28e8f038826,eeb9d325-2e52-4a03-94b8-9a670ad67ec2,North India,,India,2026-1-10 12:02
d161af9b-0369-4254-b6ba-22a2cb6f69f2,eeb9d325-2e52-4a03-94b8-9a670ad67ec2,Union Territorie,,India,2026-1-10 12:02
9da9a2c3-6ff6-4252-978b-24eb0c24a4ce,eeb9d325-2e52-4a03-94b8-9a670ad67ec2,Bhopal,,India,2026-1-10 12:02
80c1ac3e-96e6-43b0-a98a-42af480bef9f,2341d0f7-22a2-42e5-9bff-ec9b7adfb974,Mumbai,,India,2026-1-10 12:02
3d337b5d-7e2d-415f-8398-c9f2dc7f859d,9972b15c-9e05-4cc9-b316-2f83608ae522,North India,,India,2026-1-10 12:02
74cb7786-dfb9-4925-98c1-2fabed33cfdc,9972b15c-9e05-4cc9-b316-2f83608ae522,East India,,India,2026-1-10 12:02
db8c5271-a6c5-43bd-8749-57f6004faad0,9972b15c-9e05-4cc9-b316-2f83608ae522,West India,,India,2026-1-10 12:02
8b44a538-466f-47d0-abfe-6c86b9bf72b3,06150d99-d60c-4ac0-8c8f-85c06d1db882,Indore,,India,2026-1-10 12:02
c5946136-8ea6-494e-ac72-ba6deb0a7f43,076f9595-f226-4efe-addd-f5ed721a824d,Mumbai,,India,2026-1-10 12:02
1329b347-090f-41a9-b029-2cd7c94da3f3,aed4ba4a-1cd7-40f2-a2f3-9e984cfa41a7,North India,,India,2026-1-10 12:02
ff86053d-fdc8-4ca8-99c1-b3fe146a0bbf,775e0274-77e9-4ad4-8bfb-c06aa4769738,Mumbai,,India,2026-1-10 12:02
e8e56749-602e-4744-979a-7f735f573683,8f1e19a6-2f62-4caf-9650-4515099fd387,Union Territorie,,India,2026-1-10 12:02
f26d178f-c4d8-4273-aa39-5fdd3a6bdce4,8f1e19a6-2f62-4caf-9650-4515099fd387,South India,,India,2026-1-10 12:02
834b413f-fa02-4034-81f2-f08a441390ed,8f1e19a6-2f62-4caf-9650-4515099fd387,North India,,India,2026-1-10 12:02
33ea6cb6-edb1-4eee-a243-5ec7bb05b0d3,8f1e19a6-2f62-4caf-9650-4515099fd387,West India,,India,2026-1-10 12:02
3d191d12-eabc-4131-99fd-c39a817cb407,8f1e19a6-2f62-4caf-9650-4515099fd387,East India,,India,2026-1-10 12:02
8e76bd53-0b7e-449b-afb1-96859415a0fc,aa385e8a-8282-4a6b-ba9e-0f4687c5521b,Kolkata,,India,2026-1-10 12:02
f957352e-f51a-43e5-9473-eff47c4e37a1,aa385e8a-8282-4a6b-ba9e-0f4687c5521b,Kalyani,,India,2026-1-10 12:02
ca073deb-6143-41f9-8b53-5c82305eee3b,aa385e8a-8282-4a6b-ba9e-0f4687c5521b,Barrackpore,,India,2026-1-10 12:02
f8a3a502-c232-4c33-bf67-d8d8e64c2f4a,aa385e8a-8282-4a6b-ba9e-0f4687c5521b,Srirampur,,India,2026-1-10 12:02
898ea36b-cdf7-4287-b318-61c80082e475,aa385e8a-8282-4a6b-ba9e-0f4687c5521b,Siliguri,,India,2026-1-10 12:02
43621e5d-4ce2-4a79-aeec-831ac49b4388,6bedb6b8-7dce-47de-b44e-d8e064f19564,North India,,India,2026-1-10 12:02
0f8252d4-a405-4b42-8826-998941dd60a9,4de1a6a0-2773-413e-8c96-0f0b26d0c816,North India,,India,2026-1-10 12:02
46462f4d-0488-430c-b677-073ca6c7e6e0,6f207baf-467a-4bc9-9d03-bde54065a98c,South India,,India,2026-1-10 12:02
8f7ae89a-37ac-4112-8fec-8b21e94ec5a5,f499f3af-585e-42f3-8e89-14cdcc13fd6b,South India,,India,2026-1-10 12:02
c4587af8-d3a8-499a-88a6-f29abc6186af,f499f3af-585e-42f3-8e89-14cdcc13fd6b,North India,,India,2026-1-10 12:02
c86590ca-d459-4478-b59c-ff55306663ed,f499f3af-585e-42f3-8e89-14cdcc13fd6b,West India,,India,2026-1-10 12:02
88db779b-b000-4fab-809f-e690cb163acd,f499f3af-585e-42f3-8e89-14cdcc13fd6b,East India,,India,2026-1-10 12:02
560c5c8b-e3bd-48b7-b203-011e9d655d13,09b8df2f-b30f-498f-b8f6-92d468d6540b,North India,,India,2026-1-10 12:02
68d3e84e-13a8-47c4-a7bb-c04f89ab1f87,09b8df2f-b30f-498f-b8f6-92d468d6540b,East India,,India,2026-1-10 12:02
cd972b17-41cd-4c52-805c-3920db88a0c3,09b8df2f-b30f-498f-b8f6-92d468d6540b,South India,,India,2026-1-10 12:02
05b448d0-f95c-47d3-abda-b3d79fd2aac0,09b8df2f-b30f-498f-b8f6-92d468d6540b,West India,,India,2026-1-10 12:02
be712d93-afc4-4959-911e-90bf1fc393f7,09b8df2f-b30f-498f-b8f6-92d468d6540b,Union Territorie,,India,2026-1-10 12:02
28ca6e13-b448-45c9-bf33-de242bd2d4e2,674336f4-d914-409b-a647-fb25d34bf997,North India,,India,2026-1-10 12:02
99f56046-bed4-4b4d-8a4e-85bd2e8e2f59,674336f4-d914-409b-a647-fb25d34bf997,West India,,India,2026-1-10 12:02
03d86875-7ddd-4ebe-8afe-c457703bed3a,674336f4-d914-409b-a647-fb25d34bf997,South India,,India,2026-1-10 12:02
de3b84f5-c9d4-4510-a19b-b0aec9d5aa2f,674336f4-d914-409b-a647-fb25d34bf997,East India,,India,2026-1-10 12:02
68ec1b93-b46c-4e67-9859-c8b148103384,e31242a1-2af2-4f86-9d6c-d03bf00a4344,Mohali,,India,2026-1-10 12:02
f45f6af0-d1c0-4467-a981-5ab6c947af6f,3c04ecc6-758e-4309-9772-ea49ae30fc60,South India,,India,2026-1-10 12:02
9159cac2-2300-4350-a24a-4c2b3a65d57e,82f31048-406f-4d7f-a046-99ec10729294,North India,,India,2026-1-10 12:02
e0ff2f92-d6f2-4a43-aff3-e9b744065f60,7e62eaf4-e82d-4412-8156-99b31f23d11a,Mumbai,,India,2026-1-10 12:02
859dc0e5-3ec4-4f0c-ae00-bbc4e425934f,6e904355-935b-417a-afc4-1c1ee02f6c6e,Union Territories,,India,2026-1-10 12:02
20fdbe39-11f7-4b53-ad7d-466282c1ceeb,6e904355-935b-417a-afc4-1c1ee02f6c6e,South India,,India,2026-1-10 12:02
51174e9e-fcd7-4979-9dc8-ddac4b107029,6e904355-935b-417a-afc4-1c1ee02f6c6e,North India,,India,2026-1-10 12:02
9c6cf459-0183-4065-a07b-0f3dcdab768d,6e904355-935b-417a-afc4-1c1ee02f6c6e,West India,,India,2026-1-10 12:02
9c22695c-b3f6-4a7b-992b-36bec453cbef,6e904355-935b-417a-afc4-1c1ee02f6c6e,East India,,India,2026-1-10 12:02
042cae27-9e48-4bd3-a3ff-79bee427a24f,fa9766ba-6af1-4fe6-9226-2e0127fed0dd,Pune,,India,2026-1-10 12:02
293d6683-35c0-4499-aff9-f5e895b29058,fa9766ba-6af1-4fe6-9226-2e0127fed0dd,Mumbai,,India,2026-1-10 12:02
a5d8692b-8185-4f85-83bc-f82f278c9200,a2806baa-5276-4330-88f9-157074983c9e,Bengaluru,,India,2026-1-10 12:02
02fea771-f639-489e-821b-41732fc43fcf,ca92bdd1-644b-4fc3-b09c-96bb1b3a73f8,South India,,India,2026-1-10 12:02
6517f9f5-74c7-434e-acb5-ea6542ffccae,ca92bdd1-644b-4fc3-b09c-96bb1b3a73f8,North India,,India,2026-1-10 12:02
6cc239e2-3b95-4502-968d-20eb843cbdb9,ca92bdd1-644b-4fc3-b09c-96bb1b3a73f8,West India,,India,2026-1-10 12:02
a3982c94-5685-4f41-82d8-d0dfe5cb0c2f,ca92bdd1-644b-4fc3-b09c-96bb1b3a73f8,East India,,India,2026-1-10 12:02
0fea537f-ebe1-4750-881f-40d36709ad5f,ca92bdd1-644b-4fc3-b09c-96bb1b3a73f8,Union Territorie,,India,2026-1-10 12:02
2418457a-a923-40de-9ecf-f02bc6ffaca2,4a8e40e2-1a1a-4772-91db-67b726796311,Union Territorie,,India,2026-1-10 12:02
0e6621f1-b969-414d-89eb-5a2832442437,4a8e40e2-1a1a-4772-91db-67b726796311,South India,,India,2026-1-10 12:02
1968a236-5ea9-4891-a017-8952c716a967,4a8e40e2-1a1a-4772-91db-67b726796311,North India,,India,2026-1-10 12:02
85515fd6-be1b-49ff-b198-7c8a5cf0eeed,4a8e40e2-1a1a-4772-91db-67b726796311,West India,,India,2026-1-10 12:02
8a42e07a-9813-43e0-ba4b-2727e7251310,4a8e40e2-1a1a-4772-91db-67b726796311,East India,,India,2026-1-10 12:02
db39e8b2-09a8-4394-953b-c47470992548,0998e044-04d4-450d-84a4-ee3c9202c54a,South India,,India,2026-1-10 12:02
1390c270-585e-427b-bbce-78736d26e93e,0998e044-04d4-450d-84a4-ee3c9202c54a,North India,,India,2026-1-10 12:02
b803675d-a4e6-41ed-9a67-3606502bd920,0998e044-04d4-450d-84a4-ee3c9202c54a,West India,,India,2026-1-10 12:02
6be7b612-fa0c-4ce2-93fe-336cf5bc55bd,0998e044-04d4-450d-84a4-ee3c9202c54a,East India,,India,2026-1-10 12:02
a14e5b7b-d68d-44ba-b0e3-76e3963e1f11,2c933293-67d1-4607-942f-368e051b750f,Ghaziabad,,India,2026-1-10 12:02
b0553bce-e9d4-4098-984b-4c704bf39806,e99d0859-5f5c-44b7-ac06-667d0a2369b9,South India,,India,2026-1-10 12:02
7c1d14aa-8a9a-42b7-a703-ee71fd28784a,e99d0859-5f5c-44b7-ac06-667d0a2369b9,North India,,India,2026-1-10 12:02
3bae80cc-6787-4408-9de6-9948516f6ec6,e99d0859-5f5c-44b7-ac06-667d0a2369b9,West India,,India,2026-1-10 12:02
345f829a-a0b9-4877-8e78-aebc3206a4fb,218c53f0-6e82-4f96-99ff-3c2eb52272e3,South India,,India,2026-1-10 12:02
53a5e197-9344-4340-b5d0-8906db7e5096,1e28de06-db80-4a2c-aaa8-030a7d216912,South India,,India,2026-1-10 12:02
4ce08c25-180e-4042-860b-9232a3e1f44d,1e28de06-db80-4a2c-aaa8-030a7d216912,West India,,India,2026-1-10 12:02
4efecec2-609d-45ea-972a-8963e2ace61a,f343d665-d06c-4faa-8187-ad6e20892009,Union Territorie,,India,2026-1-10 12:02
d05cf18b-046f-4b5b-842f-82021d889254,f343d665-d06c-4faa-8187-ad6e20892009,South India,,India,2026-1-10 12:02
2d742167-9348-47b1-a219-52ca9ba90b19,f343d665-d06c-4faa-8187-ad6e20892009,North India,,India,2026-1-10 12:02
dded1298-1677-41b6-b0f9-a9e2860143b6,f343d665-d06c-4faa-8187-ad6e20892009,West India,,India,2026-1-10 12:02
f26d03e2-d7a1-4d88-8590-81f709a9836b,f343d665-d06c-4faa-8187-ad6e20892009,East India,,India,2026-1-10 12:02
13086717-0d28-42be-9510-155ad32d8733,4f2a1151-2589-40f8-af5b-e54701367688,East India,,India,2026-1-10 12:02
fa0afe71-8168-4723-a525-773814851312,5daa71f2-08a5-43cc-89e1-635c356945e4,Bengaluru,,India,2026-1-10 12:02
b23c3125-27f9-4abb-815d-bd286471ceb1,ba806bbb-f5c0-4134-ab42-4c8563b70467,North India,,India,2026-1-10 12:02
faf6a2c8-36f5-43f2-822d-ac6861ae9da8,66e3a60e-b5dc-4f9c-b0df-26bd3798f3c6,Delhi,,India,2026-1-10 12:02
e05b1f43-e1d8-4e3b-a493-93778da04240,4005711e-07a2-45cc-8977-01fb3982dfef,Delhi,,India,2026-1-10 12:02
d1b3aedd-1530-401c-8594-8b2639c64b0a,4005711e-07a2-45cc-8977-01fb3982dfef,North India,,India,2026-1-10 12:02
106cc6ba-e382-429f-88e1-6462dd48d0a6,c589e3a2-f85f-4f10-b8e3-7046fa1cc8a7,Kolkata,,India,2026-1-10 12:02
17f2e4ed-d379-4f9c-ae2d-12e6f973b899,c589e3a2-f85f-4f10-b8e3-7046fa1cc8a7,Parganas,,India,2026-1-10 12:02
c9cb20ac-d8b1-478c-a27a-e472e362b485,c589e3a2-f85f-4f10-b8e3-7046fa1cc8a7,Amtala,,India,2026-1-10 12:02
fcbffe45-fcb0-41c1-b308-bbc364af63ed,c589e3a2-f85f-4f10-b8e3-7046fa1cc8a7,Baidyabati,,India,2026-1-10 12:02
43de61e5-6be3-46c6-ac2f-7855b2dbd645,a0a00897-4556-4e9f-b321-063241732b52,South India,,India,2026-1-10 12:02
cf97b9b6-5f5a-4b21-a8ed-270fe0ed4e0f,a6bad5c6-1430-47a0-a43d-c2476108cd24,North India,,India,2026-1-10 12:02
1bda3fb9-26c4-41e8-97e9-8a79c291db85,a6bad5c6-1430-47a0-a43d-c2476108cd24,East India,,India,2026-1-10 12:02
ac0339e4-31c2-4ecf-afe0-18ef0d67c3be,a6bad5c6-1430-47a0-a43d-c2476108cd24,West India,,India,2026-1-10 12:02
be894d93-4236-4508-9867-16b31abb974e,a6bad5c6-1430-47a0-a43d-c2476108cd24,South India,,India,2026-1-10 12:02
ffeb30fe-a34e-492a-92e9-f681813b784d,9e2822ea-83fc-4841-9333-0250b98b5eb1,North India,,India,2026-1-10 12:02
bca6af2a-01e4-4a40-bbe6-be2cf47e5f4a,9e2822ea-83fc-4841-9333-0250b98b5eb1,West India,,India,2026-1-10 12:02
7ce9ee61-0cb5-489f-baf7-a769c5e61bc2,9e2822ea-83fc-4841-9333-0250b98b5eb1,South India,,India,2026-1-10 12:02
91205331-2558-42ef-981c-aa554f75f4f3,b062b012-f72d-44bb-ad21-d0a179942482,South India,,India,2026-1-10 12:02
21c6f92c-b647-45ed-a31d-48664853ff85,b062b012-f72d-44bb-ad21-d0a179942482,Bengaluru,,India,2026-1-10 12:02
13ebcd28-98e1-4ed3-9e48-14a1a1b30de9,b062b012-f72d-44bb-ad21-d0a179942482,Andhra Pradesh,,India,2026-1-10 12:02
2afb0833-76a8-499a-8360-edac5e9ff098,b062b012-f72d-44bb-ad21-d0a179942482,Karnataka,,India,2026-1-10 12:02
97e040bd-45a0-4760-9496-f50cbbf9e95b,b062b012-f72d-44bb-ad21-d0a179942482,Kerala,,India,2026-1-10 12:02
f8d26025-432e-4051-ad9d-a2e976f64ece,d0ba7ddc-8dad-46b9-879f-1b41cf94484a,Lucknow,,India,2026-1-10 12:02
9dc0d3ea-023d-4997-ab10-6f81fe95c12b,d0ba7ddc-8dad-46b9-879f-1b41cf94484a,Kanpur,,India,2026-1-10 12:02
98c78e2a-47bf-4f98-86e0-eadfa71d4849,d0ba7ddc-8dad-46b9-879f-1b41cf94484a,Bengaluru,,India,2026-1-10 12:02
5527e070-affc-4569-b5fe-f6c4d40bb931,d0ba7ddc-8dad-46b9-879f-1b41cf94484a,Hyderabad,,India,2026-1-10 12:02
a69da0a0-0dbd-4baa-9d33-8050a26b8be8,d0ba7ddc-8dad-46b9-879f-1b41cf94484a,Visakhapatnam,,India,2026-1-10 12:02
e489b688-d02e-4644-910b-f1ace11ee4fe,aa9824ad-16d7-4803-ab6c-5fb84749e960,Panvel,,India,2026-1-10 12:02
f50bed13-125c-4e3b-b49c-b85375a85bd2,aa9824ad-16d7-4803-ab6c-5fb84749e960,Mumbai,,India,2026-1-10 12:02
9a58e322-56f5-4f7b-bb43-c0daa11f4efb,aa9824ad-16d7-4803-ab6c-5fb84749e960,Thane,,India,2026-1-10 12:02
56a3ec1a-c0dd-405b-ad91-e0b9ec7347fe,aa9824ad-16d7-4803-ab6c-5fb84749e960,Badlapur,,India,2026-1-10 12:02
fcaa41d0-9414-4dd5-99c0-4a82b2957e93,aa9824ad-16d7-4803-ab6c-5fb84749e960,Ulhasnagar,,India,2026-1-10 12:02
97c81bd1-6463-4487-b67c-a22f1bb0b29a,0e50ed02-6937-4c8d-aa31-b4202a5f77cd,South India,,India,2026-1-10 12:02
09c2b2a4-b3a3-42cc-83cb-7c426327c97c,4d7c5f23-550b-4ec4-8bd9-e08d5c620d6d,Delhi,,India,2026-1-10 12:02
7a8bf038-a9e4-46c3-9461-ec1b8ff5fcb8,4d7c5f23-550b-4ec4-8bd9-e08d5c620d6d,South India,,India,2026-1-10 12:02
5f10ee17-180b-4070-916b-f28c7a1a6952,4d7c5f23-550b-4ec4-8bd9-e08d5c620d6d,West India,,India,2026-1-10 12:02
b8af44e5-aaee-46d8-b160-2c29be699b04,4d7c5f23-550b-4ec4-8bd9-e08d5c620d6d,Bengaluru,,India,2026-1-10 12:02
b27fac16-518c-4eb4-9371-189e644bb94e,4d6bbe5d-c539-4253-8e3d-f9d65f2d9cf8,Mumbai,,India,2026-1-10 12:02
ba7d9124-e29c-4902-8506-de349df9541b,f4cbd01c-5086-423e-a1f6-435dcf73faee,North India,,India,2026-1-10 12:02
262f5150-84f4-40b0-838f-bbd7770cfdcf,f4cbd01c-5086-423e-a1f6-435dcf73faee,West India,,India,2026-1-10 12:02
7320c623-2670-4c17-b01b-4231db63cb81,f4cbd01c-5086-423e-a1f6-435dcf73faee,East India,,India,2026-1-10 12:02
b403ff48-ee5f-485b-83aa-eaea7becbf58,c5aeca23-f605-4353-9da3-4553879fe767,Mumbai,,India,2026-1-10 12:02
ecf10f88-8908-4f52-af9a-b52571173b0c,c9b0683f-b9b0-4990-b9a5-cc0aac1a7339,South India,,India,2026-1-10 12:02
170dca08-8a2c-4575-a844-879db48c2bd5,c9b0683f-b9b0-4990-b9a5-cc0aac1a7339,West India,,India,2026-1-10 12:02
71cd6a4f-c7c9-451a-a761-f9517b865658,c9b0683f-b9b0-4990-b9a5-cc0aac1a7339,North India,,India,2026-1-10 12:02
6e87992b-464e-4714-8209-72068665af85,c9b0683f-b9b0-4990-b9a5-cc0aac1a7339,East India,,India,2026-1-10 12:02
c21e9800-c142-4ead-b980-9e8019b5583e,820ee065-bd1e-4f26-bfab-9921c1de5e27,Port Blair,,India,2026-1-10 12:02
2c3a7d9c-602f-4569-b8aa-a873a8348304,820ee065-bd1e-4f26-bfab-9921c1de5e27,Guntur,,India,2026-1-10 12:02
3af64ac1-19d8-4100-ba96-74487313794a,820ee065-bd1e-4f26-bfab-9921c1de5e27,Visakhapatnam,,India,2026-1-10 12:02
fff25bc6-05ea-48db-9555-7b16619413a0,820ee065-bd1e-4f26-bfab-9921c1de5e27,Itanagar,,India,2026-1-10 12:02
257caed3-72ab-4178-8a3c-ecb20665b5b2,820ee065-bd1e-4f26-bfab-9921c1de5e27,Dispur,,India,2026-1-10 12:02
caa5a6bd-7754-4a2d-872d-c37b0ef7b603,601c379d-c035-4344-8031-fd154696ae58,Pune,,India,2026-1-10 12:02
71d12847-bfd8-4466-994b-0ebd7d12c888,601c379d-c035-4344-8031-fd154696ae58,Mumbai,,India,2026-1-10 12:02
74a5e850-e25b-4420-b667-6ae5f5b2b661,601c379d-c035-4344-8031-fd154696ae58,Solapur,,India,2026-1-10 12:02
1dfa13ec-b47a-47d7-83ec-6d5b8a41f140,601c379d-c035-4344-8031-fd154696ae58,Goa,,India,2026-1-10 12:02
c9e976ac-f4a7-47c0-b76e-280cf8f49f52,601c379d-c035-4344-8031-fd154696ae58,Madgaon,,India,2026-1-10 12:02
cec1f163-e136-4d09-8cbf-1a459bbb953a,98ead1d7-7791-4749-b637-de01bcbd79fc,Hyderabad,,India,2026-1-10 12:02
c996696b-5f22-451c-b7cf-38a2648d8d13,264da3ef-6936-4ac7-aedd-dca2124bfaf7,East India,,India,2026-1-10 12:02
62b97ec1-3878-437d-beff-cf94bd77fb07,264da3ef-6936-4ac7-aedd-dca2124bfaf7,West India,,India,2026-1-10 12:02
2ceed48c-71ef-4379-bd65-5c2ffe3ec400,264da3ef-6936-4ac7-aedd-dca2124bfaf7,North India,,India,2026-1-10 12:02
28e1519b-602a-4f0e-9967-7c3fd6536a22,264da3ef-6936-4ac7-aedd-dca2124bfaf7,South India,,India,2026-1-10 12:02
9799ced0-3ba3-4e4c-9b54-108e8b3bfa87,264da3ef-6936-4ac7-aedd-dca2124bfaf7,Union Territorie,,India,2026-1-10 12:02
e9a517f1-450c-41fa-8c32-047200c514e1,2420d57d-00d0-4bc8-83d3-b2630b0d89ce,South India,,India,2026-1-10 12:02
eb62c16f-a271-48f2-a97b-a1aa2e493e1d,2420d57d-00d0-4bc8-83d3-b2630b0d89ce,North India,,India,2026-1-10 12:02
29b117a5-e123-4cef-8e7a-c133ab6e94b9,2420d57d-00d0-4bc8-83d3-b2630b0d89ce,West India,,India,2026-1-10 12:02
4fbddaa0-9926-4861-9cc8-3693df3d7292,2420d57d-00d0-4bc8-83d3-b2630b0d89ce,East India,,India,2026-1-10 12:02
c8d21ff3-7971-4d43-895c-2d062fa7c345,55023b30-eb85-4665-b9de-42e3ddab86a5,Bengaluru,,India,2026-1-10 12:02
fbaa1437-802a-47d4-a4f3-96aa99c84b64,ef06aa17-c296-4e34-a384-11667b67f20e,South India,,India,2026-1-10 12:02
38557d72-ebdb-4419-be4c-10e679240e1d,2e99317e-e0e2-439e-baaa-a784c7cdab64,South India,,India,2026-1-10 12:02
8bbf43ad-ab3d-447c-b3a4-42d701cc807f,2e99317e-e0e2-439e-baaa-a784c7cdab64,North India,,India,2026-1-10 12:02
be0861f8-c5cb-424d-bdce-7309bbebf69c,2e99317e-e0e2-439e-baaa-a784c7cdab64,West India,,India,2026-1-10 12:02
22a28cb8-2dc6-480b-938e-8bfe42fb176a,2e99317e-e0e2-439e-baaa-a784c7cdab64,East India,,India,2026-1-10 12:02
80e51fa1-ee2f-4d98-a568-75165369bc1b,2e99317e-e0e2-439e-baaa-a784c7cdab64,Union Territorie,,India,2026-1-10 12:02
20d43270-cc74-4375-bf85-7de3e9c2deba,13404652-c573-42cc-8743-5681bd8a8e75,South India,,India,2026-1-10 12:02
0b45c694-eabd-410c-ba2a-9ff5cf65b040,cd8b6b50-a004-4dca-a897-8355845accd9,Hyderabad,,India,2026-1-10 12:02
a8630525-b670-4d67-8598-efa9b2c5f09d,cd8b6b50-a004-4dca-a897-8355845accd9,Secunderabad,,India,2026-1-10 12:02
24c6a693-4b1d-4327-83af-8e6c8a9e46b2,5b2a4879-83f2-436a-a059-88ad61a67d8d,Hyderabad,,India,2026-1-10 12:02
74eb6b19-ba87-4070-93b6-93bb15cc6b63,5b2a4879-83f2-436a-a059-88ad61a67d8d,Secunderabad,,India,2026-1-10 12:02
aa80ba10-39ec-4423-838c-a28397e3cc93,4769715b-b180-412d-b45e-e1c0d158ccb0,North India,,India,2026-1-10 12:02
de66047f-accb-432f-a7a2-734bed2c5781,4769715b-b180-412d-b45e-e1c0d158ccb0,West India,,India,2026-1-10 12:02
360f2ff6-a509-4502-b13a-1f7474b2baa6,4769715b-b180-412d-b45e-e1c0d158ccb0,South India,,India,2026-1-10 12:02
d8179407-786d-42d1-8193-1b9053cc63e9,1535d502-0469-4daf-a1d8-160a9bfc25c7,North India,,India,2026-1-10 12:02
25092c74-a2c1-4107-a044-12eeb70f559a,1535d502-0469-4daf-a1d8-160a9bfc25c7,West India,,India,2026-1-10 12:02
57e6a4a9-ef21-4c76-b787-412cc7aab355,1535d502-0469-4daf-a1d8-160a9bfc25c7,South India,,India,2026-1-10 12:02
f2ff6b1d-b40d-41e1-98ec-e1443351d96d,1535d502-0469-4daf-a1d8-160a9bfc25c7,East India,,India,2026-1-10 12:02
0c947f95-37c5-4e80-994b-81999481f4aa,800ad2a4-73cd-485e-bf95-2811be10c209,Union Territorie,,India,2026-1-10 12:02
5e2b2c1d-da19-4db5-8e5c-66ab260a07d6,800ad2a4-73cd-485e-bf95-2811be10c209,South India,,India,2026-1-10 12:02
1bb3aa9d-a0bd-4bb1-a560-ae8ca386a5a9,800ad2a4-73cd-485e-bf95-2811be10c209,North India,,India,2026-1-10 12:02
c394055b-5bba-48be-9e81-ce44f0f3885b,800ad2a4-73cd-485e-bf95-2811be10c209,West India,,India,2026-1-10 12:02
b14afec2-c10a-42e8-9a7c-08b1ba89add6,800ad2a4-73cd-485e-bf95-2811be10c209,East India,,India,2026-1-10 12:02
829f087a-8e01-4e62-9472-d6073194280c,6da0ba7a-7efe-47d8-bb98-631999ec0ed8,Union Territorie,,India,2026-1-10 12:02
a61abe0b-48d6-40f2-8909-5a8028f33960,6da0ba7a-7efe-47d8-bb98-631999ec0ed8,South India,,India,2026-1-10 12:02
a8fb1351-07cb-429f-a7b7-86e075143992,6da0ba7a-7efe-47d8-bb98-631999ec0ed8,North India,,India,2026-1-10 12:02
e55824e1-4562-4443-b569-a98c853658cc,6da0ba7a-7efe-47d8-bb98-631999ec0ed8,West India,,India,2026-1-10 12:02
85690348-0598-4d85-8510-545a6faddfe8,6da0ba7a-7efe-47d8-bb98-631999ec0ed8,East India,,India,2026-1-10 12:02
22da8451-392d-4a93-a8c9-c4405f6ce525,09378ed3-2aa4-4e45-bf5d-6a75d1bdb2f7,North India,,India,2026-1-10 12:02
c468b2a6-a337-4fb7-a66c-0bb99d3e61d0,09378ed3-2aa4-4e45-bf5d-6a75d1bdb2f7,West India,,India,2026-1-10 12:02
2d5c2afe-332a-4e78-8710-ca6bbf3b4fb0,09378ed3-2aa4-4e45-bf5d-6a75d1bdb2f7,East India,,India,2026-1-10 12:02
06a6016e-2d46-4eb5-89b1-1bbde7859af3,008ba9a0-3420-4c4f-b94b-e98ccfb92464,South India,,India,2026-1-10 12:02
596981d2-6a36-4ffd-84d1-53637c8b8b51,008ba9a0-3420-4c4f-b94b-e98ccfb92464,North India,,India,2026-1-10 12:02
ef225031-1cd2-4ac2-bbc1-1133f1a26de1,008ba9a0-3420-4c4f-b94b-e98ccfb92464,West India,,India,2026-1-10 12:02
74f5f1f0-689c-465a-96cb-4c2b97f2845d,008ba9a0-3420-4c4f-b94b-e98ccfb92464,East India,,India,2026-1-10 12:02
357b6e87-8573-40c4-975c-3e0cab7490d3,d22f48ae-d7d8-4a74-ac06-5288a1002b49,Ahmedabad,,India,2026-1-10 12:02
4d2aee12-1ffb-4d89-91e5-34d5edb12ff9,d22f48ae-d7d8-4a74-ac06-5288a1002b49,Kochi,,India,2026-1-10 12:02
fd74488c-ca40-4861-920a-f91f8cd0fa18,d22f48ae-d7d8-4a74-ac06-5288a1002b49,Patna,,India,2026-1-10 12:02
8a3d99e9-4be1-485e-8c1e-21d4adca3b46,d22f48ae-d7d8-4a74-ac06-5288a1002b49,Ranchi,,India,2026-1-10 12:02
11a3c0a3-3e38-409e-b680-d5ca120ee975,d22f48ae-d7d8-4a74-ac06-5288a1002b49,Guwahati,,India,2026-1-10 12:02
f8e02b26-52d7-43f1-b33e-b40dd2222d32,342e1393-9b22-4e47-902d-b1ffda543e2b,South India,,India,2026-1-10 12:02
9dd1795a-4a5f-4036-9c5c-84d77232ccda,342e1393-9b22-4e47-902d-b1ffda543e2b,North India,,India,2026-1-10 12:02
c6cb1158-b5f1-428f-bc84-7e38508491d2,342e1393-9b22-4e47-902d-b1ffda543e2b,Chennai,,India,2026-1-10 12:02
89e48747-809f-4bc6-a4df-0fe858cecde4,342e1393-9b22-4e47-902d-b1ffda543e2b,Delhi,,India,2026-1-10 12:02
3f9c215b-b4d6-4343-80cb-ac49a75ec719,342e1393-9b22-4e47-902d-b1ffda543e2b,West India,,India,2026-1-10 12:02
bb595d80-00ff-4610-a0c9-ac3983b95023,00b912c4-79de-48fc-b9ea-339afe2dc898,West India,,India,2026-1-10 12:02
99b7133b-30d8-48d6-8f70-5ddfac8b50d6,00b912c4-79de-48fc-b9ea-339afe2dc898,Union Territorie,,India,2026-1-10 12:02
f1104b7e-1801-486a-aabc-e4e61a14048b,00b912c4-79de-48fc-b9ea-339afe2dc898,South India,,India,2026-1-10 12:02
5caa3ed9-8057-4e8f-b633-9501d5a1b712,00b912c4-79de-48fc-b9ea-339afe2dc898,North India,,India,2026-1-10 12:02
beac0c5e-2808-4289-b936-3d719339bfd9,00b912c4-79de-48fc-b9ea-339afe2dc898,East India,,India,2026-1-10 12:02
a063f228-2eba-4524-bcf5-8396706ecb85,414fa8f9-2e34-476a-9214-30c75939ffd9,West India,,India,2026-1-10 12:02
94a4f506-dc2a-447f-ac52-9dc82fd37e28,414fa8f9-2e34-476a-9214-30c75939ffd9,Union Territorie,,India,2026-1-10 12:02
bfb72eb0-4f3a-4f03-8556-19ae18796c2b,414fa8f9-2e34-476a-9214-30c75939ffd9,South India,,India,2026-1-10 12:02
c12b4b43-69c6-492c-b67e-6ec0488ca821,414fa8f9-2e34-476a-9214-30c75939ffd9,North India,,India,2026-1-10 12:02
4696b34e-119d-4707-ac0d-e00848825ed9,414fa8f9-2e34-476a-9214-30c75939ffd9,East India,,India,2026-1-10 12:02
87a9707e-1e9c-4a3f-b656-c711be809826,9fefdd2b-67cf-4faf-8cf3-3595045d42b5,North India,,India,2026-1-10 12:02
7a28013b-e030-4038-9123-de68e048dbff,9fefdd2b-67cf-4faf-8cf3-3595045d42b5,South India,,India,2026-1-10 12:02
b5b7c9f1-392f-4db4-bb5b-35ffa08eb68f,9fefdd2b-67cf-4faf-8cf3-3595045d42b5,West India,,India,2026-1-10 12:02
b1841177-39bc-4ba1-b075-d489ceb2ed7f,9fefdd2b-67cf-4faf-8cf3-3595045d42b5,East India,,India,2026-1-10 12:02
e06264d9-ef43-49a6-b609-ff2ce7aed89e,625a2450-a4cc-4dd6-a70f-1700e69cebd9,Ahmedabad,,India,2026-1-10 12:02
c1d7c4fe-adec-42ef-8946-505ab32e2780,625a2450-a4cc-4dd6-a70f-1700e69cebd9,Vadodara,,India,2026-1-10 12:02
b177189a-765f-4445-a0b4-1caa79cede5e,625a2450-a4cc-4dd6-a70f-1700e69cebd9,Amreli,,India,2026-1-10 12:02
07f29b08-1c39-4cd1-8c65-6b531437b597,625a2450-a4cc-4dd6-a70f-1700e69cebd9,Anand,,India,2026-1-10 12:02
34d1ff68-b64d-4800-95a8-cf3978ebb6a1,625a2450-a4cc-4dd6-a70f-1700e69cebd9,Gandhinagar,,India,2026-1-10 12:02
9455d6fc-3d83-4229-952c-6fed8ed60f91,9842fd12-0947-4aca-b1db-27fd59293d46,West India,,India,2026-1-10 12:02
063b5afe-df61-46e6-90cb-5c44a4ade5c3,9842fd12-0947-4aca-b1db-27fd59293d46,Ahmedabad,,India,2026-1-10 12:02
d34b6896-c9e1-45a9-b88e-b2f594e074de,5a16267a-c6bc-48d0-b614-591fe851f2b5,Union Territories,,India,2026-1-10 12:02
c2ccecf4-edc8-4751-99cc-a78f1bd810fb,5a16267a-c6bc-48d0-b614-591fe851f2b5,South India,,India,2026-1-10 12:02
4c56cdcd-1d96-4449-89b3-e2d5113f2e4c,5a16267a-c6bc-48d0-b614-591fe851f2b5,North India,,India,2026-1-10 12:02
25e464bb-8212-4483-80ec-6500b307717d,5a16267a-c6bc-48d0-b614-591fe851f2b5,West India,,India,2026-1-10 12:02
4f88e5ac-68f9-43fe-8386-0b03d623f2e0,5a16267a-c6bc-48d0-b614-591fe851f2b5,East India,,India,2026-1-10 12:02
6ae6a2e0-710b-4568-aa37-a5be78c28658,1dac1aa2-22c2-41e9-a608-2ffb1cefdf84,South India,,India,2026-1-10 12:02
b11fdbd2-7496-4a44-846e-bcae93eee25d,1dac1aa2-22c2-41e9-a608-2ffb1cefdf84,Union Territorie,,India,2026-1-10 12:02
b4ca2e81-5c82-4387-8291-0888e95dbda7,1dac1aa2-22c2-41e9-a608-2ffb1cefdf84,North India,,India,2026-1-10 12:02
ce223cc3-bc03-4a41-a04c-645119429e9e,1dac1aa2-22c2-41e9-a608-2ffb1cefdf84,West India,,India,2026-1-10 12:02
38724e0d-9223-438e-8941-7942ffaa1fcc,d4374ab7-d8cb-40c2-8b18-c303f7ac7180,South India,,India,2026-1-10 12:02
354afc14-e32a-4248-8106-980e1a13e741,d4374ab7-d8cb-40c2-8b18-c303f7ac7180,North India,,India,2026-1-10 12:02
4c5a9669-048b-4bdf-b208-0498426b8cc4,d4374ab7-d8cb-40c2-8b18-c303f7ac7180,West India,,India,2026-1-10 12:02
446a0516-713a-4be5-a37d-e39c7941bd04,d4374ab7-d8cb-40c2-8b18-c303f7ac7180,East India,,India,2026-1-10 12:02
63747e21-f036-46c1-9d49-85290c9a5a1a,d4374ab7-d8cb-40c2-8b18-c303f7ac7180,Union Territorie,,India,2026-1-10 12:02
f34c526b-ae3d-473d-ab91-221ea9dcce17,78eab194-5c79-41ce-a88e-e2c78a25da83,Union Territorie,,India,2026-1-10 12:02
5320fa13-5395-4764-bd75-06a57c1e797d,78eab194-5c79-41ce-a88e-e2c78a25da83,North India,,India,2026-1-10 12:02
1fdd36c5-f101-499e-b3ec-8eff83b0f3fc,78eab194-5c79-41ce-a88e-e2c78a25da83,West India,,India,2026-1-10 12:02
bf251c0f-a185-41d5-801d-9036754c7c1e,78eab194-5c79-41ce-a88e-e2c78a25da83,East India,,India,2026-1-10 12:02
8cf1469f-3064-4cf8-8bd7-8a8953152231,78eab194-5c79-41ce-a88e-e2c78a25da83,South India,,India,2026-1-10 12:02
62a80522-e602-426f-ba62-2835613d35f5,ddf3c380-a91b-442d-a8dc-c864a9531881,South India,,India,2026-1-10 12:02
85ebd663-e664-4e18-902e-b1f3226cf57d,ddf3c380-a91b-442d-a8dc-c864a9531881,North India,,India,2026-1-10 12:02
c676bb63-6037-402f-b090-ee35fc245b21,ddf3c380-a91b-442d-a8dc-c864a9531881,West India,,India,2026-1-10 12:02
6ee96c6c-c5ba-45e0-83bb-b502d62f461b,ddf3c380-a91b-442d-a8dc-c864a9531881,East India,,India,2026-1-10 12:02
41e6799f-e96a-4e70-93ab-e325f18a1063,8a562cfa-8df8-4ede-b1b0-177474181def,Union Territorie,,India,2026-1-10 12:02
ff460ece-be6c-41f9-a631-928d3c091d52,8a562cfa-8df8-4ede-b1b0-177474181def,South India,,India,2026-1-10 12:02
fdd4d4a7-e5c4-45d3-a98f-a1f433da9fe8,8a562cfa-8df8-4ede-b1b0-177474181def,North India,,India,2026-1-10 12:02
17779389-f768-495a-a698-bed4f916e4d7,8a562cfa-8df8-4ede-b1b0-177474181def,West India,,India,2026-1-10 12:02
627d62dd-b164-4e34-b623-87f5321a6924,8a562cfa-8df8-4ede-b1b0-177474181def,East India,,India,2026-1-10 12:02
963a1f80-e51a-4904-b632-baa43d7f1235,3944e6f4-71a2-427f-9ee9-be9123b4c786,Guwahati,,India,2026-1-10 12:02
e0e70270-1b19-4535-bc43-9302efea3451,3944e6f4-71a2-427f-9ee9-be9123b4c786,Dibrugarh,,India,2026-1-10 12:02
b623ba9a-f5d1-47ff-899e-64bffda52d43,3944e6f4-71a2-427f-9ee9-be9123b4c786,Tinsukia,,India,2026-1-10 12:02
2391e172-bca9-4089-be06-165cc9f8f5c4,3944e6f4-71a2-427f-9ee9-be9123b4c786,Rangapara,,India,2026-1-10 12:02
d7987ad9-fe82-4cb8-9919-adbd10e18b0d,3944e6f4-71a2-427f-9ee9-be9123b4c786,Nagaon,,India,2026-1-10 12:02
ae4b2dfe-aa44-49a6-a610-f4b51e067aca,893f2e52-6cf6-47d5-b5fe-6b7010a3584c,South India,,India,2026-1-10 12:02
3f591478-b8c3-40b9-8802-4ce92484b749,34e45798-1a82-46a3-83f9-fd150db9bcc6,Union Territorie,,India,2026-1-10 12:02
b6075ae0-cd66-4ad9-b9a1-90c5dc35d508,1d19375e-a663-4e80-9c08-e2ef1f81c4e1,North India,,India,2026-1-10 12:02
2c242867-65c9-4323-94f7-cd73efd8b53d,694d4780-aba1-4cdd-97f9-b121ed7ddf5b,West India,,India,2026-1-10 12:02
21c45878-ccd7-4ca1-8b12-f1578a0acdee,bb0d140f-d9e5-4b4a-8182-4376a439422f,North India,,India,2026-1-10 12:02
a0957f27-8281-4f94-8797-501eb8b92525,bb0d140f-d9e5-4b4a-8182-4376a439422f,West India,,India,2026-1-10 12:02
23ff6f1e-1c01-47af-b57f-0c7b013ff653,bb0d140f-d9e5-4b4a-8182-4376a439422f,East India,,India,2026-1-10 12:02
564981fa-b91b-402a-8765-5ec491316470,bb0d140f-d9e5-4b4a-8182-4376a439422f,South India,,India,2026-1-10 12:02
c8535af1-4004-453a-8a82-6dfc658c0c56,18754059-b1a2-4fe8-82e6-f03b0ab69e27,Bhopal,,India,2026-1-10 12:02
3b452ddd-735a-4220-ba41-296c8755ff41,18754059-b1a2-4fe8-82e6-f03b0ab69e27,Gwalior,,India,2026-1-10 12:02
c4fe613f-bbec-40e0-ab93-c57a5cd49ae7,18754059-b1a2-4fe8-82e6-f03b0ab69e27,Indore,,India,2026-1-10 12:02
b880aa5c-425c-4f68-9d0f-1a94b177031a,18754059-b1a2-4fe8-82e6-f03b0ab69e27,Lucknow,,India,2026-1-10 12:02
be27d263-be3a-467a-ba58-eaab73497716,18754059-b1a2-4fe8-82e6-f03b0ab69e27,Agra,,India,2026-1-10 12:02
8413a73c-cb30-4632-9def-c0e2fffb55f1,e865848c-9184-4d77-9bd7-d79c7f2ea048,West India,,India,2026-1-10 12:02
8306e498-6bfc-43b9-a722-576499c7c476,e865848c-9184-4d77-9bd7-d79c7f2ea048,North India,,India,2026-1-10 12:02
9a79aaff-febf-43c0-b2bc-09c47b58cbc8,e865848c-9184-4d77-9bd7-d79c7f2ea048,South India,,India,2026-1-10 12:02
eca6d9f0-4aaa-4c6e-93d4-fb55c9ee190c,e865848c-9184-4d77-9bd7-d79c7f2ea048,East India,,India,2026-1-10 12:02
a683422e-643b-41a0-be95-7281cb3126ff,e865848c-9184-4d77-9bd7-d79c7f2ea048,Union Territorie,,India,2026-1-10 12:02
fbd7c673-1d22-4fe2-b499-c646943182c0,39cc140a-77e5-4be0-b048-fa76b5e1855f,North India,,India,2026-1-10 12:02
a1101970-7f62-4e1d-8559-0b4913bea178,39cc140a-77e5-4be0-b048-fa76b5e1855f,West India,,India,2026-1-10 12:02
468fffe4-7ba9-449a-8e40-edf0e7b0b126,39cc140a-77e5-4be0-b048-fa76b5e1855f,East India,,India,2026-1-10 12:02
74be7e46-73b2-4efd-b177-b51638d89bf8,1c4932cd-f7cb-470c-9e7a-08490ea8b5fc,South India,,India,2026-1-10 12:02
47aa99d3-83b3-4038-bab1-462c5ac71ec1,1c4932cd-f7cb-470c-9e7a-08490ea8b5fc,North India,,India,2026-1-10 12:02
34ad44f6-52d2-4e3d-9db9-dd15ecca68b5,1c4932cd-f7cb-470c-9e7a-08490ea8b5fc,West India,,India,2026-1-10 12:02
9e800924-86dc-4708-849d-63f37bb74000,1c4932cd-f7cb-470c-9e7a-08490ea8b5fc,East India,,India,2026-1-10 12:02
d1e32e26-cfa6-4dc4-abef-c85e1eb20963,1c4932cd-f7cb-470c-9e7a-08490ea8b5fc,Union Territorie,,India,2026-1-10 12:02
ee55c8ab-6c92-4949-a01c-fb5b54ad3d49,9fb067d6-2c0b-4f3d-bfda-12def1739c65,South India,,India,2026-1-10 12:02
2232e760-feaf-4a38-a012-e1b78c7497f0,9fb067d6-2c0b-4f3d-bfda-12def1739c65,North India,,India,2026-1-10 12:02
39fc9b0a-38eb-4367-8fb4-66a10fc68bd1,9fb067d6-2c0b-4f3d-bfda-12def1739c65,West India,,India,2026-1-10 12:02
1430267d-9da5-43f1-bb7b-c0e860197b24,9fb067d6-2c0b-4f3d-bfda-12def1739c65,East India,,India,2026-1-10 12:02
edf4cf72-5e88-4d22-9862-260324f850a3,9fb067d6-2c0b-4f3d-bfda-12def1739c65,Union Territorie,,India,2026-1-10 12:02
c1f470af-d3ed-4e29-9f6d-b48a413f4d0a,b7d417e3-d9a7-4353-b135-fb87ea2e6ba9,North India,,India,2026-1-10 12:02
59935808-09b2-4e1f-b0f8-9473ca85f231,b7d417e3-d9a7-4353-b135-fb87ea2e6ba9,East India,,India,2026-1-10 12:02
878a597a-ba9a-4cdf-8f9c-4b7e12641c4e,b7d417e3-d9a7-4353-b135-fb87ea2e6ba9,West India,,India,2026-1-10 12:02
80206b3a-b74b-4c17-9c7e-41dcc4da16a5,b7d417e3-d9a7-4353-b135-fb87ea2e6ba9,South India,,India,2026-1-10 12:02
746d76f5-fed3-4c94-bdcb-5d3846b7d10f,b7d417e3-d9a7-4353-b135-fb87ea2e6ba9,Union Territorie,,India,2026-1-10 12:02
6aaf37ab-8024-4822-8335-ca461f8aaefd,4d20c862-1540-4355-9d20-1ebac8013e9b,South India,,India,2026-1-10 12:02
9f5acca1-12c6-4e43-a189-cd5ca1a23c44,4d20c862-1540-4355-9d20-1ebac8013e9b,East India,,India,2026-1-10 12:02
8e1650bb-2fa8-4767-b8a0-043454cec623,4d20c862-1540-4355-9d20-1ebac8013e9b,North India,,India,2026-1-10 12:02
8d326877-8f3d-4e94-8ca8-1e612f327fbb,4d20c862-1540-4355-9d20-1ebac8013e9b,West India,,India,2026-1-10 12:02
e4f29f5c-1841-4a90-8b83-28e92dd82343,5b707bb6-7325-4cd8-961e-8eff582d5328,South India,,India,2026-1-10 12:02
b0627d4e-6346-42db-b587-6f78f5de6bcc,a4abc633-5db8-434e-af7d-f0736c5c64b4,East India,,India,2026-1-10 12:02
935e8b28-86e0-48ac-aa2a-7e6d155b8850,a4abc633-5db8-434e-af7d-f0736c5c64b4,Kolkata,,India,2026-1-10 12:02
dabf61fe-a1a7-4b5b-ab70-39416771549a,c856bdc2-0ee2-4ead-9cf8-d21a9e1de6ab,South India,,India,2026-1-10 12:02
c58047ea-22d4-4a4e-9c63-dba2f8055bd5,c856bdc2-0ee2-4ead-9cf8-d21a9e1de6ab,West India,,India,2026-1-10 12:02
667400f5-4dde-4eed-bd49-a973a165c78f,c856bdc2-0ee2-4ead-9cf8-d21a9e1de6ab,North India,,India,2026-1-10 12:02
67f82cc2-19f3-4836-9fa7-d923ef8f51ee,c856bdc2-0ee2-4ead-9cf8-d21a9e1de6ab,East India,,India,2026-1-10 12:02
324ade04-2832-4154-b39e-ade486959bf8,c1f34d4c-b778-404c-bb6e-f592a1010d35,North India,,India,2026-1-10 12:02
22c13325-741d-40c4-82c9-c6b11468a151,94f3cf5e-21a0-4e8e-bb8d-fc53ec0e8b05,South India,,India,2026-1-10 12:02
8a542506-ea8e-4f15-9160-3aa6cdbdbd2f,a1b5ecef-aa15-47c8-8bb3-b82f668853f3,North India,,India,2026-1-10 12:02
ed396abf-9232-4baf-a462-2c3c6e533277,a1b5ecef-aa15-47c8-8bb3-b82f668853f3,South India,,India,2026-1-10 12:02
aeeb4ef1-aa94-4063-9752-ed28925dd034,a1b5ecef-aa15-47c8-8bb3-b82f668853f3,West India,,India,2026-1-10 12:02
b3b92d46-67d1-4701-884e-328431e7b5ab,94dc5440-bcaa-4091-b89d-edeb843b81ba,Union Territorie,,India,2026-1-10 12:02
43153a12-2846-482f-b2ea-49c2930aa2d4,94dc5440-bcaa-4091-b89d-edeb843b81ba,South India,,India,2026-1-10 12:02
7ecc9da2-4724-4602-84c5-6774436bfecc,94dc5440-bcaa-4091-b89d-edeb843b81ba,North India,,India,2026-1-10 12:02
5dad18f7-6ede-4682-8644-800480416a27,94dc5440-bcaa-4091-b89d-edeb843b81ba,West India,,India,2026-1-10 12:02
8ca54e9f-d831-4f0b-8f7e-5e973b0b1694,94dc5440-bcaa-4091-b89d-edeb843b81ba,East India,,India,2026-1-10 12:02
c6395e5c-c81b-40e5-bda8-6c7562800d94,45ee5a61-50be-4fe5-9195-206454f97d63,South India,,India,2026-1-10 12:02
436baae9-11c8-47f4-ba37-5b0776285a86,45ee5a61-50be-4fe5-9195-206454f97d63,West India,,India,2026-1-10 12:02
1331a032-8ef9-4293-8bcf-fd05bb5eeff9,45ee5a61-50be-4fe5-9195-206454f97d63,East India,,India,2026-1-10 12:02
374d055e-0de9-48db-a5f8-b2fc0950ed57,fb65cb62-e1a1-438c-8b02-358f665dc97b,Ahmedabad,,India,2026-1-10 12:02
52413a90-1804-4462-a717-f10fa4818164,83b62c7c-0856-4a09-91fa-bb84d254aef6,Bengaluru,,India,2026-1-10 12:02
0f686b27-39fb-4f2b-9571-a686acc9c756,0634f940-c410-4e7e-b782-33b36cd85016,Union Territories,,India,2026-1-10 12:02
90371956-645d-48d3-9325-2efb4c518c73,0634f940-c410-4e7e-b782-33b36cd85016,South India,,India,2026-1-10 12:02
1e1688bb-4edd-4f9c-8fa5-0e995a87372f,0634f940-c410-4e7e-b782-33b36cd85016,North India,,India,2026-1-10 12:02
5b36deec-6e70-46a1-babf-852c9f75bcf6,0634f940-c410-4e7e-b782-33b36cd85016,West India,,India,2026-1-10 12:02
0c4187ce-4e77-4d2c-b30b-e9392bdd5c82,0634f940-c410-4e7e-b782-33b36cd85016,East India,,India,2026-1-10 12:02
e957df30-503a-46fd-a995-af2d1d6ca0c2,b09c44a2-eff0-4e76-b866-23cd2d603b28,South India,,India,2026-1-10 12:02
73dbbef4-8c8a-4bb1-bf00-8441ab05f888,b09c44a2-eff0-4e76-b866-23cd2d603b28,North India,,India,2026-1-10 12:02
6df56159-e71b-4d58-a5c7-b3f305833f46,e3219215-b16e-40bf-8d28-da6f983ddbee,Bengaluru,,India,2026-1-10 12:02
ee0365e8-5d2d-4ed4-8aee-f844b9d96bd0,99bcfc5c-fc74-43ef-a781-d4b7b80621f9,South India,,India,2026-1-10 12:02
5595bf41-f6ae-4e06-9b59-a027e3f47e54,99bcfc5c-fc74-43ef-a781-d4b7b80621f9,North India,,India,2026-1-10 12:02
565fc01a-a4ad-42c6-871e-549c4c897d8c,99bcfc5c-fc74-43ef-a781-d4b7b80621f9,West India,,India,2026-1-10 12:02
871b46a8-eb8d-4155-8818-f315948300ce,99bcfc5c-fc74-43ef-a781-d4b7b80621f9,East India,,India,2026-1-10 12:02
ef38008f-5a66-4768-b113-abbb9b57a3da,696b600b-1a53-4d5c-8b40-c414f6f63822,South India,,India,2026-1-10 12:02
4ca838f7-3440-47ef-8aa5-69ec36757da4,696b600b-1a53-4d5c-8b40-c414f6f63822,North India,,India,2026-1-10 12:02
4fdb4fd5-c9c7-4f77-bf46-af518a9bf7d2,696b600b-1a53-4d5c-8b40-c414f6f63822,West India,,India,2026-1-10 12:02
2dc23e1f-3724-4d5f-8f6e-7803cd22caab,696b600b-1a53-4d5c-8b40-c414f6f63822,East India,,India,2026-1-10 12:02
65de1f5b-d60d-4b0d-8221-2d0ae79c37b4,8cacf5c0-7d8c-4939-a921-8ae84b7c9fc0,South India,,India,2026-1-10 12:02
fb117a99-7666-4bca-98ef-a341093cee9f,8cacf5c0-7d8c-4939-a921-8ae84b7c9fc0,North India,,India,2026-1-10 12:02
f543eb15-3765-437e-93cd-d8746372bf1c,8cacf5c0-7d8c-4939-a921-8ae84b7c9fc0,West India,,India,2026-1-10 12:02
84f4c0dd-eb91-40b1-b1ac-500f5db90c3d,8cacf5c0-7d8c-4939-a921-8ae84b7c9fc0,East India,,India,2026-1-10 12:02
e801c057-6b71-4a51-ac6e-9cb51ec5e60b,0b8a832b-c846-438d-8c85-ecdd14b47e70,Balotra,,India,2026-1-10 12:02
6f4d1970-289d-486d-b95c-5a5718005318,8cc7a8ba-a597-4267-93a8-196fb0748a7b,North India,,India,2026-1-10 12:02
9de482df-10ea-4e5d-a1bd-27926eef404b,8cc7a8ba-a597-4267-93a8-196fb0748a7b,West India,,India,2026-1-10 12:02
c8385d33-4b7a-4612-a430-6776b5e1fd72,8cc7a8ba-a597-4267-93a8-196fb0748a7b,Union Territorie,,India,2026-1-10 12:02
e64b500a-f9c7-4dcb-b304-6452d6d33b28,8cc7a8ba-a597-4267-93a8-196fb0748a7b,South India,,India,2026-1-10 12:02
4e16ca84-5f59-4de9-bfef-f4fe55d22301,8cc7a8ba-a597-4267-93a8-196fb0748a7b,East India,,India,2026-1-10 12:02
341143ec-4277-44e3-b42a-5132caf8d57d,1f695f57-2a49-4cfb-9613-1d75681279b0,Ahmedabad,,India,2026-1-10 12:02
717c5ee1-6543-4805-8844-791455f9a9ab,1f695f57-2a49-4cfb-9613-1d75681279b0,Ankleshwar,,India,2026-1-10 12:02
5dbbc2a7-7f73-4447-a40d-b6911aff901e,1f695f57-2a49-4cfb-9613-1d75681279b0,Bharuch,,India,2026-1-10 12:02
3d082402-5eea-475f-977d-04b67dcdb7d1,1f695f57-2a49-4cfb-9613-1d75681279b0,Jamnagar,,India,2026-1-10 12:02
4dfb485f-2b51-43ed-af19-61cdb924f48a,1f695f57-2a49-4cfb-9613-1d75681279b0,Bhavnagar,,India,2026-1-10 12:02
8ce29073-9b50-4d7c-bae9-784a7265bf1c,79850dd5-7469-4271-992c-007ecc84f780,Delhi,,India,2026-1-10 12:02
9499c6a2-1b4b-4450-8dd5-08bd6a7ed1c6,484b23d2-ebc1-4024-b15e-74f3b40aa0b5,North India,,India,2026-1-10 12:02
d6f6634a-8142-4233-a39e-166b0363de94,e277efc3-55a1-40a9-8fad-b3149ffe9d2f,Cuddapah,,India,2026-1-10 12:02
b493b9ff-bc77-4c2f-964a-08d35218ba8e,432cc984-b6b7-444e-bb01-ceaa6b127dc3,Union Territorie,,India,2026-1-10 12:02
f29d48d1-de9b-4f55-9827-0dade2a02dc9,432cc984-b6b7-444e-bb01-ceaa6b127dc3,North India,,India,2026-1-10 12:02
40c4e498-8f5f-4402-9751-1845d546dd17,432cc984-b6b7-444e-bb01-ceaa6b127dc3,West India,,India,2026-1-10 12:02
015b1a0e-821a-408e-aebf-4d366c67c75d,432cc984-b6b7-444e-bb01-ceaa6b127dc3,East India,,India,2026-1-10 12:02
26cafdb8-dc5c-4c52-a560-448c2bed61ed,adab9208-83b4-47b4-9add-d80e5fd238df,Union Territorie,,India,2026-1-10 12:02
d04bbdc1-8485-45c2-957a-6e7beb68d41f,adab9208-83b4-47b4-9add-d80e5fd238df,South India,,India,2026-1-10 12:02
cbfe4a63-3c0b-45f8-8ec7-12eba047967c,adab9208-83b4-47b4-9add-d80e5fd238df,North India,,India,2026-1-10 12:02
ea7e5d86-4add-497d-9918-f803f3f7d94c,adab9208-83b4-47b4-9add-d80e5fd238df,West India,,India,2026-1-10 12:02
0296576b-80a3-421d-b929-e0bb5922c550,adab9208-83b4-47b4-9add-d80e5fd238df,East India,,India,2026-1-10 12:02
5ad8cd2f-b4f1-4416-908f-521f1ba43ee6,8cec93d5-2b49-4943-b804-edef46fd206a,Union Territorie,,India,2026-1-10 12:02
9e7384c8-e540-4ab4-ad17-79a85edd0399,8cec93d5-2b49-4943-b804-edef46fd206a,South India,,India,2026-1-10 12:02
a847bc6b-5eed-4740-8e15-b4adbd2b2508,8cec93d5-2b49-4943-b804-edef46fd206a,West India,,India,2026-1-10 12:02
c034b73b-8992-46f3-befe-514ef032140f,8cec93d5-2b49-4943-b804-edef46fd206a,North India,,India,2026-1-10 12:02
0b99f49d-34d8-4581-8229-624f98c8b8c4,8cec93d5-2b49-4943-b804-edef46fd206a,East India,,India,2026-1-10 12:02
c0bfe925-335c-4db5-8d06-4b93f8df6b34,fcd94702-e2d2-4b7d-b303-16a6e17dbe5c,South India,,India,2026-1-10 12:02
dd610fb6-0738-47a8-bacf-701d483ef40d,fcd94702-e2d2-4b7d-b303-16a6e17dbe5c,West India,,India,2026-1-10 12:02
032b1cf9-3393-4956-be77-c2945996d2b1,fcd94702-e2d2-4b7d-b303-16a6e17dbe5c,Hyderabad,,India,2026-1-10 12:02
2da357e5-f508-4164-a2b8-9733c6357e94,fcd94702-e2d2-4b7d-b303-16a6e17dbe5c,Mumbai,,India,2026-1-10 12:02
297c5de6-a812-436f-868e-9d7d2e9e5928,c56a2d53-aae5-4fdd-b0e4-590658870784,Union Territorie,,India,2026-1-10 12:02
532de164-d4b7-4337-a7cf-ed6e295f43ae,c56a2d53-aae5-4fdd-b0e4-590658870784,South India,,India,2026-1-10 12:02
f75f20ce-520f-462a-9544-f0b9ebecf8eb,c56a2d53-aae5-4fdd-b0e4-590658870784,West India,,India,2026-1-10 12:02
c351625b-beab-42c9-b619-3ca5a5559607,c56a2d53-aae5-4fdd-b0e4-590658870784,East India,,India,2026-1-10 12:02
2a58d155-4315-48b9-a98c-2124eb91f229,2d37c50d-03c4-4bdf-a509-902324703f8f,Mumbai,,India,2026-1-10 12:02
677ca31d-a951-4b9e-b9e7-418b18799074,2d37c50d-03c4-4bdf-a509-902324703f8f,Pune,,India,2026-1-10 12:02
5e14c3a6-8314-430d-abc5-b9af6885e4b5,2d37c50d-03c4-4bdf-a509-902324703f8f,Igatpuri,,India,2026-1-10 12:02
7a5f1af1-9f25-47e9-a24e-a50fa6e7ecb8,2d37c50d-03c4-4bdf-a509-902324703f8f,Lonavala,,India,2026-1-10 12:02
c7a386ce-a1b2-4802-808c-8e6e320552f4,2d37c50d-03c4-4bdf-a509-902324703f8f,Mahabaleshwar,,India,2026-1-10 12:02
a1aefd02-c7d9-41be-b200-a8a1d9ec09b3,55a40515-546a-40d5-8a18-036e2fbe6d71,South India,,India,2026-1-10 12:02
c70ebde9-7b0a-4548-9496-8aeef34148f6,55a40515-546a-40d5-8a18-036e2fbe6d71,North India,,India,2026-1-10 12:02
44508dfc-7ba3-4f8e-90a4-b63163c64727,46822ec5-1afb-4114-9ee0-0a879a9665f3,North India,,India,2026-1-10 12:02
bcede519-9e81-4b42-8766-c1311cb999c8,46822ec5-1afb-4114-9ee0-0a879a9665f3,West India,,India,2026-1-10 12:02
0a014988-1346-4eaf-a331-9d736cb78e6c,46822ec5-1afb-4114-9ee0-0a879a9665f3,East India,,India,2026-1-10 12:02
be2db5a5-b9e0-4aeb-a926-60f5e84c654b,46822ec5-1afb-4114-9ee0-0a879a9665f3,South India,,India,2026-1-10 12:02
9ac86cff-a390-4c55-8396-8275107a97a5,d3764418-be6a-48a9-94f8-58c2599902aa,North India,,India,2026-1-10 12:02
16a1ee26-a5a6-4c56-8fd1-3107af693779,d3764418-be6a-48a9-94f8-58c2599902aa,West India,,India,2026-1-10 12:02
90cc8331-bb74-4c91-ac12-7a2668265c59,d3764418-be6a-48a9-94f8-58c2599902aa,East India,,India,2026-1-10 12:02
0dd02d1d-553d-4cae-b8b5-583655a87251,d3764418-be6a-48a9-94f8-58c2599902aa,Union Territorie,,India,2026-1-10 12:02
a19da2c7-adee-46d0-99ab-b167b42952d3,35d74cb5-6f4d-47a1-b7cb-e64871ca6483,Bengaluru,,India,2026-1-10 12:02
0c8ecd0f-1ad6-43ee-b588-046b060e4c74,35d74cb5-6f4d-47a1-b7cb-e64871ca6483,Mysuru,,India,2026-1-10 12:02
b69efe6e-0ab2-43d1-a264-927c1a1d866f,35d74cb5-6f4d-47a1-b7cb-e64871ca6483,Belgaum,,India,2026-1-10 12:02
e522d7d9-37c3-4c7e-bb0f-cc463d13a416,35d74cb5-6f4d-47a1-b7cb-e64871ca6483,Hyderabad,,India,2026-1-10 12:02
01bdb20e-8dad-4066-92de-0df59d586a4b,35d74cb5-6f4d-47a1-b7cb-e64871ca6483,Chennai,,India,2026-1-10 12:02
b2d01d76-dcef-4b5b-8c5b-b8d22a52c786,1671c4ed-f7ec-4e4b-acf0-4e1dcf4e596c,North India,,India,2026-1-10 12:02
441f6188-0e82-4b41-be4b-fab6af50f33f,1671c4ed-f7ec-4e4b-acf0-4e1dcf4e596c,Noida,,India,2026-1-10 12:02
e1feeca9-cdc9-412e-b53b-e570e4e448f8,3ab9243a-b512-4d3a-9dca-f953a1e2064f,South India,,India,2026-1-10 12:02
09c39e32-723d-449d-921a-c6d910d1d909,3ab9243a-b512-4d3a-9dca-f953a1e2064f,Union Territories,,India,2026-1-10 12:02
9605b304-81c7-4c7f-bfaa-e059b37ba9ee,3ab9243a-b512-4d3a-9dca-f953a1e2064f,North India,,India,2026-1-10 12:02
af6c8cda-5a77-4288-879e-aa04a3f692c8,3ab9243a-b512-4d3a-9dca-f953a1e2064f,West India,,India,2026-1-10 12:02
b90e0fe9-06cc-435c-bab6-224a01393396,3ab9243a-b512-4d3a-9dca-f953a1e2064f,East India,,India,2026-1-10 12:02
869425a2-e030-4ede-be51-6ad092404643,2fa4c9cd-0570-4ba7-bd12-c313c3f0d8b3,South India,,India,2026-1-10 12:02
401033d6-55de-4942-98f0-951d012b30e9,2fa4c9cd-0570-4ba7-bd12-c313c3f0d8b3,North India,,India,2026-1-10 12:02
7e5035bf-9a79-4539-a5e0-bc208b919813,2fa4c9cd-0570-4ba7-bd12-c313c3f0d8b3,West India,,India,2026-1-10 12:02
cdde372f-4efb-459b-af39-b2d5ea31b40a,2fa4c9cd-0570-4ba7-bd12-c313c3f0d8b3,East India,,India,2026-1-10 12:02
0a7d5156-3499-4d23-a4c9-82d71de3ffb1,04542e80-079f-463b-9835-97dbb107a7b4,South India,,India,2026-1-10 12:02
6c7c5ed5-0141-4ccb-afed-99b3e6f194a6,827b9974-d6b6-4096-80b7-e898017716d4,Jamshedpur,,India,2026-1-10 12:02
6e8776ba-8fc6-4e08-a5f9-18b513f117db,98af5eba-81d0-4930-b244-78116bc9d58f,South India,,India,2026-1-10 12:02
b461103a-b58e-4ef7-b6ff-ff164bb8a9f7,98af5eba-81d0-4930-b244-78116bc9d58f,North India,,India,2026-1-10 12:02
d115f7c3-5983-482e-9b8f-b7c4539a558e,98af5eba-81d0-4930-b244-78116bc9d58f,East India,,India,2026-1-10 12:02
03cb592d-365f-4756-b3c2-58e538fbb4a8,98af5eba-81d0-4930-b244-78116bc9d58f,West India,,India,2026-1-10 12:02
cf122458-77f3-4553-8b66-f3253b18c151,98af5eba-81d0-4930-b244-78116bc9d58f,Andaman,,India,2026-1-10 12:02
0d353f48-1c7f-46e3-bbb6-0869945e0be1,deb62d1a-f254-4b4d-9593-73d5b3832db7,West India,,India,2026-1-10 12:02
af93a2ad-b60a-403f-8797-f82f65cec059,deb62d1a-f254-4b4d-9593-73d5b3832db7,South India,,India,2026-1-10 12:02
8e8da657-1bdc-4bd7-8945-6d102a106ba1,deb62d1a-f254-4b4d-9593-73d5b3832db7,East India,,India,2026-1-10 12:02
b89739fd-28c9-42c2-8ee4-87686d89495e,deb62d1a-f254-4b4d-9593-73d5b3832db7,North India,,India,2026-1-10 12:02
099ecaed-49fc-484f-9aa8-6474f227ad7a,7428c776-358e-4787-9829-b8cc9e4b7126,North India,,India,2026-1-10 12:02
8600bdcf-ca86-40e5-9d08-f0c543359a8c,7428c776-358e-4787-9829-b8cc9e4b7126,West India,,India,2026-1-10 12:02
d4f2962a-5c59-4cb9-9c82-bff5581f72d8,7428c776-358e-4787-9829-b8cc9e4b7126,Mumbai,,India,2026-1-10 12:02
09ae453b-3648-4b63-b716-58828bd6a47b,7428c776-358e-4787-9829-b8cc9e4b7126,Nashik,,India,2026-1-10 12:02
58abce6b-5cd6-41fc-9add-c727cf1402f1,7428c776-358e-4787-9829-b8cc9e4b7126,Pune,,India,2026-1-10 12:02
8e4ee382-fa12-4435-a18a-7d67a7ddeff9,243ecbfb-c97d-42f8-b56c-31ca4f742263,North India,,India,2026-1-10 12:02
e3d842cd-b799-446f-b590-c32dbf729b3b,243ecbfb-c97d-42f8-b56c-31ca4f742263,South India,,India,2026-1-10 12:02
dd108671-02c7-4390-a541-75d6f757eac9,243ecbfb-c97d-42f8-b56c-31ca4f742263,Union Territorie,,India,2026-1-10 12:02
d4091ec5-5ba6-4300-9a94-3b4cb9509d9b,243ecbfb-c97d-42f8-b56c-31ca4f742263,East India,,India,2026-1-10 12:02
7eba9e3e-d79f-4923-8110-66278284b8a9,243ecbfb-c97d-42f8-b56c-31ca4f742263,West India,,India,2026-1-10 12:02
3c903c9a-f2f1-4ba9-ac90-e543078962e6,c7ceb344-9595-4ea2-b038-7a71e114ad1a,North India,,India,2026-1-10 12:02
d1133073-0426-4f11-bf31-f310cdf69b19,6b7f4ad0-a9e2-4f37-aec3-facc2ef1145f,Vaishali,,India,2026-1-10 12:02
c2018cb3-4ca4-4110-bd56-cafa88d236aa,3a5877c3-557e-4d75-a756-174a9a66b8e2,South India,,India,2026-1-10 12:02
6efecb1a-c314-427d-9c28-eac20a14bad5,787e1c6a-fb32-4095-a173-bfda4d878a96,Union Territorie,,India,2026-1-10 12:02
9f713024-2f22-4de6-a1f0-7a3fcd2eaceb,787e1c6a-fb32-4095-a173-bfda4d878a96,South India,,India,2026-1-10 12:02
8e66c8c3-3fa7-40ca-b5f4-d005f2f6c03c,787e1c6a-fb32-4095-a173-bfda4d878a96,North India,,India,2026-1-10 12:02
f740a37c-6137-4e79-83b2-43956af96635,787e1c6a-fb32-4095-a173-bfda4d878a96,West India,,India,2026-1-10 12:02
44beb7b3-98e3-4f73-acb7-3dde257f43ac,787e1c6a-fb32-4095-a173-bfda4d878a96,East India,,India,2026-1-10 12:02
68c804b7-d593-4264-96ea-9023663a9f7f,b5551c45-e898-47e0-83b3-83f96a758429,Rajkot,,India,2026-1-10 12:02
9d8ee9ed-8cf0-406e-a6a3-bbbed5c11e5d,b5551c45-e898-47e0-83b3-83f96a758429,Bharuch,,India,2026-1-10 12:02
e09fbfca-2ffe-4fd4-940c-28a6d36aa269,b5551c45-e898-47e0-83b3-83f96a758429,Ahmedabad,,India,2026-1-10 12:02
7769f5ad-cd70-48fd-875e-439798790639,b5551c45-e898-47e0-83b3-83f96a758429,Vadodara,,India,2026-1-10 12:02
8de5fd73-f395-4c72-8772-6467fbe3a4a7,b5551c45-e898-47e0-83b3-83f96a758429,Surat,,India,2026-1-10 12:02
a8d4ade0-6c34-4756-a97c-6812d33b84c0,ff84be6f-0771-4f78-9b71-bdbf63105d11,Chennai,,India,2026-1-10 12:02
3e1dc5da-632c-4392-9aff-e031e35d6471,310d9593-7c6e-49e9-ac6e-9f4824ada61c,Delhi,,India,2026-1-10 12:02
e0604bed-0d90-444c-8ea9-17067d253555,95de03be-5dbc-43de-a311-9ed42af8a4c6,Jaipur,,India,2026-1-10 12:02
9684932c-ff39-4cc8-b48d-c1fe521d866d,15a3cb19-8311-4fa8-84c5-e2207e6d33c9,Mumbai,,India,2026-1-10 12:02
a721a8f4-2606-4e5c-865b-2258988d6811,4a3b6bf8-d8b4-49fe-a60f-0ae23e36a8ec,Union Territorie,,India,2026-1-10 12:02
89e290ff-6f4e-4d72-ba01-eafa89870842,4a3b6bf8-d8b4-49fe-a60f-0ae23e36a8ec,South India,,India,2026-1-10 12:02
2a0d7395-7bbf-4ed9-adfd-5e0da0946942,4a3b6bf8-d8b4-49fe-a60f-0ae23e36a8ec,North India,,India,2026-1-10 12:02
5b29b4bc-cf7d-48a7-ac7d-45c4180b1807,4a3b6bf8-d8b4-49fe-a60f-0ae23e36a8ec,West India,,India,2026-1-10 12:02
096e7bde-724a-4fc1-8b97-dcbcc490fdb0,4a3b6bf8-d8b4-49fe-a60f-0ae23e36a8ec,East India,,India,2026-1-10 12:02
9a5fbedb-0fa9-47ea-a4aa-4f580091e46c,35d5a1e7-d23f-4f41-ac28-539eab08edd5,Union Territorie,,India,2026-1-10 12:02
f97696c1-c8d6-41d3-bd00-f0d776ceeb2d,35d5a1e7-d23f-4f41-ac28-539eab08edd5,South India,,India,2026-1-10 12:02
6b16d0d2-2df0-48c7-8937-973fe3b5ac6a,35d5a1e7-d23f-4f41-ac28-539eab08edd5,North India,,India,2026-1-10 12:02
9bef60e5-0f60-46df-88de-f2a796a61e50,35d5a1e7-d23f-4f41-ac28-539eab08edd5,West India,,India,2026-1-10 12:02
4a6472eb-1989-47ca-a364-187181069fbc,35d5a1e7-d23f-4f41-ac28-539eab08edd5,East India,,India,2026-1-10 12:02
1b587778-6dee-495a-9a1a-d3cbabd9ad3c,3023d59a-e807-4d3a-a1fc-9d9874fb3215,South India,,India,2026-1-10 12:02
158e9978-e229-4ab2-83c6-d3eb863e5341,b0f7ad2a-2c61-42eb-bf72-baf645bff511,Bharuch,,India,2026-1-10 12:02
29de4eac-41f1-459c-9a2d-690b801662c0,3221ccbc-1849-42a9-b8fe-8d3313babe97,South India,,India,2026-1-10 12:02
0e886015-93a1-4778-a56e-e3872401329f,3221ccbc-1849-42a9-b8fe-8d3313babe97,West India,,India,2026-1-10 12:02
982adfe8-095c-415d-b335-3d8e3ff4562b,3221ccbc-1849-42a9-b8fe-8d3313babe97,North India,,India,2026-1-10 12:02
f883d4c5-8a94-4eb4-ae7c-6d8c43c0e139,3221ccbc-1849-42a9-b8fe-8d3313babe97,East India,,India,2026-1-10 12:02
f6496a48-3629-4dcd-96f5-a9fb57238d2e,3221ccbc-1849-42a9-b8fe-8d3313babe97,Union Territorie,,India,2026-1-10 12:02
0166a002-f1cd-4d21-bc2b-996862115928,040a1432-17bb-42fa-9ecb-673282b15c4c,Bengaluru,,India,2026-1-10 12:02
2baaf7fd-05a6-49ea-bc7c-d652ab30faa4,771d2a5d-5151-4c3f-befd-76e56857984f,Hyderabad,,India,2026-1-10 12:02
104af51e-6d3c-4641-9bbd-606c9e1adfd9,a2c17f36-adb3-4f26-9e9f-f6a2627bb6dd,Pune,,India,2026-1-10 12:02
0e2d071f-574f-4c68-89c9-9420a8de1514,503883eb-5c43-428a-9348-9eed53859846,Allahabad,,India,2026-1-10 12:02
557273cd-95b7-43bc-a0a5-63403c78fa46,f1edcc42-3ff1-48dc-b6a6-99c1616c2997,Hyderabad,,India,2026-1-10 12:02
c206cf25-95ef-441a-8f37-fa22456f28f5,e4bae633-39ff-4cd8-b8ea-26077a2db752,Chennai,,India,2026-1-10 12:02
5fecd045-89ab-4edf-9ec4-dc6459a144e4,9a7b315e-beb7-4795-9e56-a1b7f19db1c7,Mumbai,,India,2026-1-10 12:02
d942f0a5-01b8-426e-812d-1e82ea7671f8,8d8d949c-a701-42ac-8573-3617f14e0852,North India,,India,2026-1-10 12:02
fa9a429f-a619-414d-8baf-609b6e1aa593,8d8d949c-a701-42ac-8573-3617f14e0852,West India,,India,2026-1-10 12:02
2b25a1c6-4090-46b2-9575-ed725679234f,8d8d949c-a701-42ac-8573-3617f14e0852,East India,,India,2026-1-10 12:02
35982182-6bef-44b7-92d2-5f4f58252130,8d8d949c-a701-42ac-8573-3617f14e0852,Union Territorie,,India,2026-1-10 12:02
b8e0c42a-fda3-4ec3-ba7d-71dacb720316,8d8d949c-a701-42ac-8573-3617f14e0852,South India,,India,2026-1-10 12:02
c410e737-c4a1-45ec-8bc0-d28ec240b608,a513b4c8-e901-465f-9198-97d52faa34e5,South India,,India,2026-1-10 12:02
1695d441-21ad-4f68-8cb1-9fbb87da6747,a513b4c8-e901-465f-9198-97d52faa34e5,North India,,India,2026-1-10 12:02
4da2d0fe-a789-461a-bc11-4a498c205220,a513b4c8-e901-465f-9198-97d52faa34e5,West India,,India,2026-1-10 12:02
6a4e2ffe-308f-4de5-a75b-46825cc8ebd7,a513b4c8-e901-465f-9198-97d52faa34e5,East India,,India,2026-1-10 12:02
b91321d0-47c6-467a-90db-9396a45c2060,a513b4c8-e901-465f-9198-97d52faa34e5,Union Territorie,,India,2026-1-10 12:02
e1cf5a63-3c7a-4edf-8a88-38c9a7809521,92dcb815-2d93-4dd3-a85e-46501758305f,Chennai,,India,2026-1-10 12:02
c1b40dab-2ef9-47da-8fe1-b4d9c42ab6ca,bb08b236-af2d-4612-a11e-a8a64a36c39e,Bhubaneswar,,India,2026-1-10 12:02
d2957920-40c6-49df-a168-b1de699b9535,bb08b236-af2d-4612-a11e-a8a64a36c39e,Cuttack,,India,2026-1-10 12:02
7fcd4117-03ce-4027-bbb1-f28ab19bf753,bb08b236-af2d-4612-a11e-a8a64a36c39e,Raurkela Civil Township,,India,2026-1-10 12:02
f5cae17a-272b-496b-a684-76fa0452baf9,bb08b236-af2d-4612-a11e-a8a64a36c39e,Puri,,India,2026-1-10 12:02
04b11a54-384a-4b04-9121-d45a9b400647,bb08b236-af2d-4612-a11e-a8a64a36c39e,Pimpri Chinchwad,,India,2026-1-10 12:02
23c37db3-21fb-4b3b-a08c-d8c3eb314ac6,a8a20ea4-3f80-4e4e-b66a-184d6e257a88,South India,,India,2026-1-10 12:02
12c8c52c-3a76-4986-8483-136903d9d3b6,a8a20ea4-3f80-4e4e-b66a-184d6e257a88,Mumbai,,India,2026-1-10 12:02
d24ca03b-7b52-4493-8bac-3a72fa8280b4,a8a20ea4-3f80-4e4e-b66a-184d6e257a88,Pune,,India,2026-1-10 12:02
f6297694-c4fc-47cb-8abe-b6c8377f04cf,a8a20ea4-3f80-4e4e-b66a-184d6e257a88,Chandigarh,,India,2026-1-10 12:02
ae11993f-7dec-4486-b950-de6b3c8a109d,a8a20ea4-3f80-4e4e-b66a-184d6e257a88,Delhi,,India,2026-1-10 12:02
02fbc34c-2b4c-4ead-8aa0-9acae250cf77,d30ae99d-70b7-4006-a5f5-d02dbf98f3a9,Coimbatore,,India,2026-1-10 12:02
7db12036-b19c-432f-b0c0-5fe2bc274797,44e8467f-5d2f-472c-9b4f-fdad2091d184,Chennai,,India,2026-1-10 12:02
0ca2cb5b-c588-4848-9bf2-d68aaf317dd0,bcc2bbf0-b9fe-41bd-a542-ca9f054f1565,Pune,,India,2026-1-10 12:02
e2c0465a-86e7-4b41-834f-a1c30079c16d,bcc2bbf0-b9fe-41bd-a542-ca9f054f1565,Mumbai,,India,2026-1-10 12:02
ea2959d0-bb73-4aa2-a3d7-6fb2f12b70f2,bcc2bbf0-b9fe-41bd-a542-ca9f054f1565,Nagpur,,India,2026-1-10 12:02
35d80cab-cb1a-488e-9d5a-4093936e6d56,64cf482c-03ba-453f-bf15-cd93d190caa3,South India,,India,2026-1-10 12:02
4bc974d0-af70-4602-97f2-4b0ce880063e,64cf482c-03ba-453f-bf15-cd93d190caa3,North India,,India,2026-1-10 12:02
4876f375-8584-4351-a49c-f9496fd94b73,64cf482c-03ba-453f-bf15-cd93d190caa3,West India,,India,2026-1-10 12:02
00bfeae1-33ff-4aa5-b24b-5e47b15ceba0,64cf482c-03ba-453f-bf15-cd93d190caa3,East India,,India,2026-1-10 12:02
5e790dcf-9e0f-45bb-af23-4a32aac6a61d,02cc76b8-6ded-4adf-b7e0-1accb3d5745c,East India,,India,2026-1-10 12:02
bf08976b-b721-4e6d-9598-903f29a26ffe,02cc76b8-6ded-4adf-b7e0-1accb3d5745c,Union Territorie,,India,2026-1-10 12:02
a5d1dd95-e3ab-4fbe-819d-7518aee7cd2a,02cc76b8-6ded-4adf-b7e0-1accb3d5745c,South India,,India,2026-1-10 12:02
12db8101-bb3e-4b76-9484-2c27d22fe919,02cc76b8-6ded-4adf-b7e0-1accb3d5745c,North India,,India,2026-1-10 12:02
a1f0ac01-cb74-4fd8-8863-6e71385d1898,02cc76b8-6ded-4adf-b7e0-1accb3d5745c,West India,,India,2026-1-10 12:02
acf4c987-080c-4e94-9875-af406c26b703,b6e03c18-20c0-4df0-b2b3-b3b79b13138f,South India,,India,2026-1-10 12:02
8fda1b9e-f2e4-460b-8fcb-246949e87a5d,b6e03c18-20c0-4df0-b2b3-b3b79b13138f,North India,,India,2026-1-10 12:02
51f07916-9477-4f89-81ae-175dbab3e2d6,b6e03c18-20c0-4df0-b2b3-b3b79b13138f,West India,,India,2026-1-10 12:02
1090edfd-434b-4d39-b611-6e075d8ca8a9,b6e03c18-20c0-4df0-b2b3-b3b79b13138f,East India,,India,2026-1-10 12:02
6ba8d026-4fac-44d0-86bf-19d7086109af,7ad3286a-da8f-4733-af3e-a1de1114b4fc,Pune,,India,2026-1-10 12:02
9d9b4b35-ef0b-4437-8cce-34e95ccffb93,7ad3286a-da8f-4733-af3e-a1de1114b4fc,Mumbai,,India,2026-1-10 12:02
e8d27d70-aaa0-45e0-b31f-13ebf117edd0,7ad3286a-da8f-4733-af3e-a1de1114b4fc,Ahmednagar,,India,2026-1-10 12:02
012deb83-b69e-4688-86ba-a0550000bccc,7ad3286a-da8f-4733-af3e-a1de1114b4fc,Nagpur,,India,2026-1-10 12:02
440918c9-d6f8-48e1-8b9f-d71915921c32,7ad3286a-da8f-4733-af3e-a1de1114b4fc,Patna,,India,2026-1-10 12:02
8e030444-9f4b-4b35-b473-48a9c896ec18,1e7705f4-553c-4840-8c6e-df4eec68c672,Bhopal,,India,2026-1-10 12:02
0c4995c4-7a8a-4bb0-b635-7aa8c33b3a8c,07ed38e4-1c11-482e-b87f-450eac2220ef,Mysuru,,India,2026-1-10 12:02
c568e283-df93-4ac3-8eed-07e105076779,2b10c003-c411-4e06-a6c1-79db4f64e32f,West India,,India,2026-1-10 12:02
b39152bb-db58-4446-b747-a837fa97055e,4a852805-31ce-496e-a56e-b92f906073ce,Haora,,India,2026-1-10 12:02
26e715ab-bad4-4438-ba25-097a4abf9833,4a852805-31ce-496e-a56e-b92f906073ce,Hooghly,,India,2026-1-10 12:02
5d251d59-bddd-4836-a352-ddf55ae28c4c,4a852805-31ce-496e-a56e-b92f906073ce,Kakdwip,,India,2026-1-10 12:02
1421dd3d-d849-4fdf-be83-e0e09dd808a0,4a852805-31ce-496e-a56e-b92f906073ce,Jalpaiguri,,India,2026-1-10 12:02
5ba69e86-99de-4f1e-bdd2-a27f1550db76,4a852805-31ce-496e-a56e-b92f906073ce,Egra,,India,2026-1-10 12:02
a72a49f3-3539-4fa4-9872-3679a80cefc9,7dea93be-a751-4e47-907e-7ad1dd3a2b6e,Delhi,,India,2026-1-10 12:02
c5b3e94c-eb23-402e-922d-ba01a1ee8241,8d90ae53-65ea-47cc-a2f4-9fa050a655c2,South India,,India,2026-1-10 12:02
c09e7ac9-f43e-4794-9626-83a46bb79400,9662b822-a1e1-4e3d-8620-b4fbf57e6a8d,Mumbai,,India,2026-1-10 12:02
887d3268-ac5b-45c3-8e2e-6d2267e61f7c,315a65db-7960-4b2b-a4a0-b25b8dc037e6,East India,,India,2026-1-10 12:02
a58caf51-fcea-4961-abef-95f264fd5ad8,315a65db-7960-4b2b-a4a0-b25b8dc037e6,West India,,India,2026-1-10 12:02
0eb5b8b5-974f-4e44-95b5-4f012b419719,315a65db-7960-4b2b-a4a0-b25b8dc037e6,North India,,India,2026-1-10 12:02
ce2fc3d0-182b-45bb-9773-1d43fd3b270f,315a65db-7960-4b2b-a4a0-b25b8dc037e6,Delhi,,India,2026-1-10 12:02
998c24da-e1c0-40c9-9dbf-9f0dd8086130,cd2a82b0-bfc9-4fc7-8e5c-950a095bb9fc,Puzhal,,India,2026-1-10 12:02
6a9e4883-6e80-405a-8afb-6ecdee3a743e,cd2a82b0-bfc9-4fc7-8e5c-950a095bb9fc,Ponneri,,India,2026-1-10 12:02
526c37d9-4f55-4d8e-a3b7-43fc1ff48969,cd2a82b0-bfc9-4fc7-8e5c-950a095bb9fc,Perungudi,,India,2026-1-10 12:02
c88e89e6-5f61-4ad8-b75e-456f1b098588,cd2a82b0-bfc9-4fc7-8e5c-950a095bb9fc,Ambattur,,India,2026-1-10 12:02
a0f2f668-0bb0-4437-8675-5724bfb64e9d,cd2a82b0-bfc9-4fc7-8e5c-950a095bb9fc,Arani,,India,2026-1-10 12:02
73ee9109-2240-4409-b825-19fa5fc3922a,bccbf5c6-0926-45ff-b070-7cc5e65e73e7,Delhi,,India,2026-1-10 12:02
dd683835-1d96-4299-b97f-0161438fe62a,c7778f21-59da-4ea2-839a-77caf091aae2,Noida,,India,2026-1-10 12:02
abbd2671-49c6-4292-8737-ad414043b4ee,478399b2-0287-483c-b17e-e8a9f2f70a29,Gurgaon,,India,2026-1-10 12:02
94f14cbf-911d-4032-a296-a9737fa1511c,d1fbdbec-34d6-42d8-b51a-3c1a2ffd584e,Union Territorie,,India,2026-1-10 12:02
7094ab31-9e48-403d-b536-dc7262767871,d1fbdbec-34d6-42d8-b51a-3c1a2ffd584e,South India,,India,2026-1-10 12:02
29be224c-0b2b-4cc0-8754-3b24f45ef947,d1fbdbec-34d6-42d8-b51a-3c1a2ffd584e,West India,,India,2026-1-10 12:02
e577260c-7c81-4cc2-b812-f056443986c5,d1fbdbec-34d6-42d8-b51a-3c1a2ffd584e,East India,,India,2026-1-10 12:02
bd6e9baf-e790-416a-9eb9-74bd2740c73a,fd2629ea-c741-4b33-a69b-aef07e670903,Union Territorie,,India,2026-1-10 12:02
5cf97325-95cf-41ad-8442-5708d564a653,fd2629ea-c741-4b33-a69b-aef07e670903,South India,,India,2026-1-10 12:02
90020b46-367b-401b-9469-24d6f4624578,fd2629ea-c741-4b33-a69b-aef07e670903,North India,,India,2026-1-10 12:02
45ae1333-29ca-4a01-a2c3-d4cdf6434c09,fd2629ea-c741-4b33-a69b-aef07e670903,West India,,India,2026-1-10 12:02
358fdb08-d34e-45ed-9711-8d61f04ef2cb,fd2629ea-c741-4b33-a69b-aef07e670903,East India,,India,2026-1-10 12:02
1d3f5269-0ed2-490b-8716-9f0e80d0c850,e266460e-a2c7-41ea-be2f-0b6aace2ec69,North India,,India,2026-1-10 12:02
d39317d6-3d6c-40e5-9f3a-067eefde54af,e266460e-a2c7-41ea-be2f-0b6aace2ec69,Union Territorie,,India,2026-1-10 12:02
375fbfad-5e95-4f43-8541-4a858a72f4e2,e266460e-a2c7-41ea-be2f-0b6aace2ec69,South India,,India,2026-1-10 12:02
1d1eb7c8-8e31-4c55-b56f-9b0cab3259ea,e266460e-a2c7-41ea-be2f-0b6aace2ec69,East India,,India,2026-1-10 12:02
4c0c3e79-ef5b-4426-89ac-f09d57d83a2e,e266460e-a2c7-41ea-be2f-0b6aace2ec69,West India,,India,2026-1-10 12:02
e01c60a7-8e70-430e-b21e-78e1a8d54090,11ad18b9-143b-49c4-9624-2fdbf76d1c40,Jabalpur,,India,2026-1-10 12:02
