sr_no,name,short_description,description,established_year,company_name,business_type,ceo_name,ceo_title,ceo_email,entity_type,member_count,min_membership_fee,max_membership_fee,website,industry,category,sector,state,city,association_type,legal_status,json_data
1,Confederation of Indian Industry (CII),India's leading industry association driving competitiveness and sustainable growth.,"CII works to create and sustain an environment conducive to the development of India. A non-government, not-for-profit, industry-led and industry-managed organisation, it plays a proactive role in India's development process.",1895,Confederation of Indian Industry,Non-profit Trade Body,Chandrajit Banerjee,Director General,info@cii.in,association,9000,25000,2500000,https://www.cii.in,"Business Services (B2B, HR, Accounting)",Apex Industry Chamber,Trade & Manufacturing,Delhi,New Delhi,National,Registered Society,"{""association_type"": ""National"", ""legal_status"": ""Registered Society"", ""overview"": {""about"": ""CII works to create and sustain an environment conducive to the development of India. A non-government, not-for-profit, industry-led and industry-managed organisation, it plays a proactive role in India's development process."", ""mission"": ""To create and sustain an environment conducive to the growth of industry in India."", ""vision"": """", ""sector"": ""Trade & Manufacturing"", ""objectives"": [""Partner industry, government and civil society for India's development"", ""Strengthen efficiency, competitiveness and business environment""], ""key_functions"": [""Policy advocacy"", ""Sector-specific councils"", ""International trade facilitation""]}, ""governance"": {""president"": {""name"": """", ""company"": """"}, ""vice_presidents"": [], ""secretary_general"": {""name"": ""Chandrajit Banerjee"", ""company"": """"}}, ""regional_structure"": {""governance_model"": """", ""headquarters"": ""New Delhi, Delhi"", ""chapters"": []}, ""membership_details"": {""overview_metrics"": [{""label"": ""Total Members"", ""value"": ""9000+""}], ""categories"": [], ""requirements"": [], ""application_process"": {}, ""benefits"": [""Access to policy forums"", ""Networking with industry leaders"", ""Sector councils and committees""], ""mode_of_application"": """", ""application_url"": ""https://www.cii.in"", ""member_login_url"": """"}, ""services_offered"": [], ""programs"": {}, ""events"": {}, ""publications"": {}, ""compliance_policies"": {}, ""partnerships"": {""list"": []}, ""awards"": {""list"": []}, ""transparency"": [], ""digital_presence"": [], ""contact_details"": {""office_address"": ""New Delhi, Delhi, India"", ""phone_number"": """", ""email"": ""info@cii.in"", ""website"": ""https://www.cii.in""}}"
2,Federation of Indian Chambers of Commerce & Industry (FICCI),India's oldest and largest apex business organisation.,"FICCI is the voice of India's business and industry. Established in 1927 on the advice of Mahatma Gandhi by Indian businessmen G.D. Birla and Purshottamdas Thakurdas, it is the largest and oldest apex business organisation in India.",1927,Federation of Indian Chambers of Commerce and Industry,Chamber of Commerce,Subhrakant Panda,President,ficci@ficci.com,association,250000,10000,5000000,https://www.ficci.in,"Business Services (B2B, HR, Accounting)",Apex Business Chamber,Trade & Commerce,Delhi,New Delhi,National,Registered Society,"{""association_type"": ""National"", ""legal_status"": ""Registered Society"", ""overview"": {""about"": ""FICCI is the voice of India's business and industry. Established in 1927, it is the largest and oldest apex business organisation in India, with a nationwide membership of over 250,000 companies."", ""mission"": ""To be the voice of India's business and industry."", ""vision"": """", ""sector"": ""Trade & Commerce"", ""objectives"": [""Influence policy for inclusive growth"", ""Promote trade and investment""], ""key_functions"": [""Policy advocacy"", ""Trade delegations"", ""Industry research""]}, ""governance"": {""president"": {""name"": ""Subhrakant Panda"", ""company"": """"}, ""vice_presidents"": [], ""secretary_general"": {""name"": """", ""company"": """"}}, ""regional_structure"": {""governance_model"": """", ""headquarters"": ""New Delhi, Delhi"", ""chapters"": []}, ""membership_details"": {""overview_metrics"": [{""label"": ""Total Members"", ""value"": ""250000+""}], ""categories"": [], ""requirements"": [], ""application_process"": {}, ""benefits"": [""Networking platforms"", ""Policy representation"", ""Trade fair participation""], ""mode_of_application"": """", ""application_url"": ""https://www.ficci.in"", ""member_login_url"": """"}, ""services_offered"": [], ""programs"": {}, ""events"": {}, ""publications"": {}, ""compliance_policies"": {}, ""partnerships"": {""list"": []}, ""awards"": {""list"": []}, ""transparency"": [], ""digital_presence"": [], ""contact_details"": {""office_address"": ""New Delhi, Delhi, India"", ""phone_number"": """", ""email"": ""ficci@ficci.com"", ""website"": ""https://www.ficci.in""}}"
3,Associated Chambers of Commerce & Industry of India (ASSOCHAM),One of India's premier apex trade and industry body.,"ASSOCHAM, established in 1920 by a group of chambers led by the Calcutta Traders Association, is one of the oldest and most reputed apex trade and industry bodies in India, representing over 4.5 lakh direct and indirect members.",1920,Associated Chambers of Commerce and Industry of India,Chamber of Commerce,Ajay Singh,President,assocham@assocham.com,association,400000,5000,3000000,https://www.assocham.org,"Business Services (B2B, HR, Accounting)",Apex Trade & Industry Body,Trade & Commerce,Delhi,New Delhi,National,Registered Society,"{""association_type"": ""National"", ""legal_status"": ""Registered Society"", ""overview"": {""about"": ""ASSOCHAM, established in 1920, is one of the oldest and most reputed apex trade and industry bodies in India. It represents the interests of industry and trade, interfaces with government on policy issues."", ""mission"": """", ""vision"": """", ""sector"": ""Trade & Commerce"", ""objectives"": [], ""key_functions"": []}, ""governance"": {""president"": {""name"": ""Ajay Singh"", ""company"": """"}, ""vice_presidents"": [], ""secretary_general"": {""name"": """", ""company"": """"}}, ""regional_structure"": {""governance_model"": """", ""headquarters"": ""New Delhi, Delhi"", ""chapters"": []}, ""membership_details"": {""overview_metrics"": [{""label"": ""Total Members"", ""value"": ""400000+""}], ""categories"": [], ""requirements"": [], ""application_process"": {}, ""benefits"": [], ""mode_of_application"": """", ""application_url"": """", ""member_login_url"": """"}, ""services_offered"": [], ""programs"": {}, ""events"": {}, ""publications"": {}, ""compliance_policies"": {}, ""partnerships"": {""list"": []}, ""awards"": {""list"": []}, ""transparency"": [], ""digital_presence"": [], ""contact_details"": {""office_address"": ""New Delhi, Delhi, India"", ""phone_number"": """", ""email"": ""assocham@assocham.com"", ""website"": ""https://www.assocham.org""}}"
4,PHD Chamber of Commerce and Industry (PHDCCI),A proactive and dynamic apex organisation representing north Indian industry.,"PHD Chamber of Commerce and Industry, established in 1905, is a proactive multi-State apex organisation working at the grass-root level with strong national and international linkages, with a direct membership of over 1,30,000.",1905,PHD Chamber of Commerce and Industry,Chamber of Commerce,Saket Dalmia,President,info@phdcci.in,association,100000,8000,1000000,https://www.phdcci.in,"Business Services (B2B, HR, Accounting)",Apex Industry Chamber,Trade & Services,Delhi,New Delhi,National,Registered Society,"{""association_type"": ""National"", ""legal_status"": ""Registered Society"", ""overview"": {""about"": ""PHD Chamber of Commerce and Industry is a proactive and vibrant apex organisation at the national level, working closely with industry and the government for over 117 years. It represents northern India's business interests."", ""mission"": """", ""vision"": """", ""sector"": ""Trade & Services"", ""objectives"": [], ""key_functions"": []}, ""governance"": {""president"": {""name"": ""Saket Dalmia"", ""company"": """"}, ""vice_presidents"": [], ""secretary_general"": {""name"": """", ""company"": """"}}, ""regional_structure"": {""governance_model"": """", ""headquarters"": ""New Delhi, Delhi"", ""chapters"": []}, ""membership_details"": {""overview_metrics"": [{""label"": ""Total Members"", ""value"": ""100000+""}], ""categories"": [], ""requirements"": [], ""application_process"": {}, ""benefits"": [], ""mode_of_application"": """", ""application_url"": """", ""member_login_url"": """"}, ""services_offered"": [], ""programs"": {}, ""events"": {}, ""publications"": {}, ""compliance_policies"": {}, ""partnerships"": {""list"": []}, ""awards"": {""list"": []}, ""transparency"": [], ""digital_presence"": [], ""contact_details"": {""office_address"": ""New Delhi, Delhi, India"", ""phone_number"": """", ""email"": ""info@phdcci.in"", ""website"": ""https://www.phdcci.in""}}"
5,Federation of Indian Export Organisations (FIEO),Apex body of Indian export promotion organisations.,"FIEO is the apex trade promotion organisation in India, set up jointly by the Ministry of Commerce & Industry, Government of India, and private trade and industry in 1965. It serves the interests of about 200,000 exporters directly and indirectly.",1965,Federation of Indian Export Organisations,Non-profit Trade Body,A. Sakthivel,President,fieo@fieo.org,association,35000,5000,200000,https://www.fieo.org,"Business Services (B2B, HR, Accounting)",Export Promotion Apex Body,Exports,Delhi,New Delhi,National,Registered Society,"{""association_type"": ""National"", ""legal_status"": ""Registered Society"", ""overview"": {""about"": ""FIEO is the apex body of export promotion organisations in India, set up jointly by the Ministry of Commerce & Industry, Government of India and private trade and industry. It promotes India's exports globally."", ""mission"": """", ""vision"": """", ""sector"": ""Exports"", ""objectives"": [], ""key_functions"": []}, ""governance"": {""president"": {""name"": ""A. Sakthivel"", ""company"": """"}, ""vice_presidents"": [], ""secretary_general"": {""name"": """", ""company"": """"}}, ""regional_structure"": {""governance_model"": """", ""headquarters"": ""New Delhi, Delhi"", ""chapters"": []}, ""membership_details"": {""overview_metrics"": [{""label"": ""Total Members"", ""value"": ""35000+""}], ""categories"": [], ""requirements"": [], ""application_process"": {}, ""benefits"": [], ""mode_of_application"": """", ""application_url"": """", ""member_login_url"": """"}, ""services_offered"": [], ""programs"": {}, ""events"": {}, ""publications"": {}, ""compliance_policies"": {}, ""partnerships"": {""list"": []}, ""awards"": {""list"": []}, ""transparency"": [], ""digital_presence"": [], ""contact_details"": {""office_address"": ""New Delhi, Delhi, India"", ""phone_number"": """", ""email"": ""fieo@fieo.org"", ""website"": ""https://www.fieo.org""}}"
6,National Association of Software and Service Companies (NASSCOM),Premier trade body of India's IT-BPM industry.,"NASSCOM is the premier trade body and chamber of commerce of the IT-BPM industries in India. Founded in 1988 by industry leaders including Harish Mehta, Ashank Desai, Nandan Nilekani, KV Ramani and Saurabh Srivastava, it represents over 3,000 member companies.",1988,National Association of Software and Service Companies,Non-profit Trade Body,Rajesh Nambiar,President,info@nasscom.in,association,3000,15000,6000000,https://www.nasscom.in,"Technology / IT (IT Support, Cybersecurity, Digital Marketing)",IT-BPM Industry Apex Body,IT-BPM,Delhi,New Delhi,National,Section 25 Company,"{""association_type"": ""National"", ""legal_status"": ""Section 25 Company"", ""overview"": {""about"": ""NASSCOM is the premier trade body and the chamber of commerce of the IT-BPM industries in India. Founded in 1988, it represents approximately 95% of the industry's revenue and works to shape and contribute to policy framework that promote development of the IT sector."", ""mission"": ""To establish India's tech ecosystem as the world's trusted innovation partner."", ""vision"": ""To make technology human-centric by enabling and enriching lives."", ""sector"": ""IT-BPM"", ""objectives"": [""Reskill and upskill India's tech workforce"", ""Advocate for policies that promote ease of doing business in tech""], ""key_functions"": [""Policy advocacy"", ""Global trade facilitation"", ""Industry research and strategic review"", ""Skilling and talent council coordination""]}, ""governance"": {""president"": {""name"": ""Rajesh Nambiar"", ""company"": """"}, ""vice_presidents"": [], ""secretary_general"": {""name"": """", ""company"": """"}}, ""regional_structure"": {""governance_model"": """", ""headquarters"": ""New Delhi, Delhi"", ""chapters"": []}, ""membership_details"": {""overview_metrics"": [{""label"": ""Total Members"", ""value"": ""3000+""}], ""categories"": [], ""requirements"": [], ""application_process"": {}, ""benefits"": [""Access to flagship research and Strategic Review reports"", ""Discounted participation in global trade missions and events"", ""Networking and skill certifications""], ""mode_of_application"": ""Online / Offline"", ""application_url"": ""https://www.nasscom.in/membership"", ""member_login_url"": """"}, ""services_offered"": [], ""programs"": {}, ""events"": {}, ""publications"": {}, ""compliance_policies"": {}, ""partnerships"": {""list"": []}, ""awards"": {""list"": []}, ""transparency"": [], ""digital_presence"": [], ""contact_details"": {""office_address"": ""New Delhi, Delhi, India"", ""phone_number"": """", ""email"": ""info@nasscom.in"", ""website"": ""https://www.nasscom.in""}}"
7,Internet and Mobile Association of India (IAMAI),Industry body for digital business in India.,IAMAI is a non-profit industry body established in 2004 to expand and enhance the online and mobile value-added services sectors. It advocates for a conducive policy environment for the internet and digital industry in India.,2004,Internet and Mobile Association of India,Non-profit Industry Body,Subho Ray,President,info@iamai.in,association,500,25000,1000000,https://www.iamai.in,"Technology / IT (IT Support, Cybersecurity, Digital Marketing)",Internet & Digital Industry Body,Internet & Digital,Maharashtra,Mumbai,National,Section 8 Company,"{""association_type"": ""National"", ""legal_status"": ""Section 8 Company"", ""overview"": {""about"": ""IAMAI is a non-profit industry body established in 2004 to expand and enhance the online and mobile value-added services sectors. It advocates for a conducive policy environment for the internet and digital industry in India."", ""mission"": """", ""vision"": """", ""sector"": ""Internet & Digital"", ""objectives"": [], ""key_functions"": []}, ""governance"": {""president"": {""name"": ""Subho Ray"", ""company"": """"}, ""vice_presidents"": [], ""secretary_general"": {""name"": """", ""company"": """"}}, ""regional_structure"": {""governance_model"": """", ""headquarters"": ""Mumbai, Maharashtra"", ""chapters"": []}, ""membership_details"": {""overview_metrics"": [{""label"": ""Total Members"", ""value"": ""500+""}], ""categories"": [], ""requirements"": [], ""application_process"": {}, ""benefits"": [], ""mode_of_application"": """", ""application_url"": """", ""member_login_url"": """"}, ""services_offered"": [], ""programs"": {}, ""events"": {}, ""publications"": {}, ""compliance_policies"": {}, ""partnerships"": {""list"": []}, ""awards"": {""list"": []}, ""transparency"": [], ""digital_presence"": [], ""contact_details"": {""office_address"": ""Mumbai, Maharashtra, India"", ""phone_number"": """", ""email"": ""info@iamai.in"", ""website"": ""https://www.iamai.in""}}"
8,Manufacturers Association for Information Technology (MAIT),Apex industry body representing the IT hardware sector.,"MAIT is the apex body for the IT hardware, training, R&D, and associated services industry in India. It was established in 1982 to represent the IT product industry and promote domestic manufacturing.",1982,Manufacturers Association for Information Technology,Non-profit Trade Body,Ali Akhtar Jafri,Executive Director,mait@mait.com,association,150,30000,500000,https://www.mait.com,"Technology / IT (IT Support, Cybersecurity, Digital Marketing)",IT Hardware Manufacturers Association,IT Hardware,Delhi,New Delhi,National,Registered Society,"{""association_type"": ""National"", ""legal_status"": ""Registered Society"", ""overview"": {""about"": ""MAIT is the apex body for the IT hardware, training, R&D, and associated services industry in India. It was established in 1982 to represent the IT product industry and promote domestic manufacturing."", ""mission"": """", ""vision"": """", ""sector"": ""IT Hardware"", ""objectives"": [], ""key_functions"": []}, ""governance"": {""president"": {""name"": """", ""company"": """"}, ""vice_presidents"": [], ""secretary_general"": {""name"": ""Ali Akhtar Jafri"", ""company"": """"}}, ""regional_structure"": {""governance_model"": """", ""headquarters"": ""New Delhi, Delhi"", ""chapters"": []}, ""membership_details"": {""overview_metrics"": [{""label"": ""Total Members"", ""value"": ""150+""}], ""categories"": [], ""requirements"": [], ""application_process"": {}, ""benefits"": [], ""mode_of_application"": """", ""application_url"": """", ""member_login_url"": """"}, ""services_offered"": [], ""programs"": {}, ""events"": {}, ""publications"": {}, ""compliance_policies"": {}, ""partnerships"": {""list"": []}, ""awards"": {""list"": []}, ""transparency"": [], ""digital_presence"": [], ""contact_details"": {""office_address"": ""New Delhi, Delhi, India"", ""phone_number"": """", ""email"": ""mait@mait.com"", ""website"": ""https://www.mait.com""}}"
9,Data Security Council of India (DSCI),India's premier data protection and cybersecurity industry body.,"DSCI is a not-for-profit, industry body on data protection in India, setup by NASSCOM. It works with governments, regulators and industry to promote cybersecurity and privacy best practices, standards, and frameworks.",2008,Data Security Council of India,Non-profit Industry Body,Vinayak Godse,Chief Executive Officer,info@dsci.in,association,350,50000,800000,https://www.dsci.in,"Technology / IT (IT Support, Cybersecurity, Digital Marketing)",Cybersecurity & Data Protection Body,Cybersecurity,Delhi,New Delhi,National,Section 8 Company,"{""association_type"": ""National"", ""legal_status"": ""Section 8 Company"", ""overview"": {""about"": ""DSCI is a not-for-profit, industry body on data protection in India, setup by NASSCOM. It works with governments, regulators and industry to promote cybersecurity and privacy best practices, standards, and frameworks."", ""mission"": """", ""vision"": """", ""sector"": ""Cybersecurity"", ""objectives"": [], ""key_functions"": []}, ""governance"": {""president"": {""name"": """", ""company"": """"}, ""vice_presidents"": [], ""secretary_general"": {""name"": ""Vinayak Godse"", ""company"": """"}}, ""regional_structure"": {""governance_model"": """", ""headquarters"": ""New Delhi, Delhi"", ""chapters"": []}, ""membership_details"": {""overview_metrics"": [{""label"": ""Total Members"", ""value"": ""350+""}], ""categories"": [], ""requirements"": [], ""application_process"": {}, ""benefits"": [], ""mode_of_application"": """", ""application_url"": """", ""member_login_url"": """"}, ""services_offered"": [], ""programs"": {}, ""events"": {}, ""publications"": {}, ""compliance_policies"": {}, ""partnerships"": {""list"": []}, ""awards"": {""list"": []}, ""transparency"": [], ""digital_presence"": [], ""contact_details"": {""office_address"": ""New Delhi, Delhi, India"", ""phone_number"": """", ""email"": ""info@dsci.in"", ""website"": ""https://www.dsci.in""}}"
10,Indian Drug Manufacturers' Association (IDMA),Apex body representing India's pharmaceutical manufacturing industry.,"IDMA, founded in 1961, is the largest and most representative apex organisation for the pharmaceutical manufacturing sector in India, amalgamating 8 State Boards with over 11,000 members across the country.",1961,Indian Drug Manufacturers Association,Non-profit Trade Body,Daara B. Patel,Secretary General,idma@idma-assn.org,association,800,10000,300000,https://www.idma-assn.org,"Logistics / Manufacturing (Couriers, Warehousing, Light Manufacturing)",Pharma Manufacturers Association,Manufacturing,Maharashtra,Mumbai,National,Registered Society,"{""association_type"": ""National"", ""legal_status"": ""Registered Society"", ""overview"": {""about"": ""IDMA, established in 1961, is the largest and most representative apex organisation for the pharmaceutical manufacturing sector in India. It represents interests of over 800 member companies and facilitates interactions between the industry and government."", ""mission"": """", ""vision"": """", ""sector"": ""Manufacturing"", ""objectives"": [], ""key_functions"": []}, ""governance"": {""president"": {""name"": """", ""company"": """"}, ""vice_presidents"": [], ""secretary_general"": {""name"": ""Daara B. Patel"", ""company"": """"}}, ""regional_structure"": {""governance_model"": """", ""headquarters"": ""Mumbai, Maharashtra"", ""chapters"": []}, ""membership_details"": {""overview_metrics"": [{""label"": ""Total Members"", ""value"": ""800+""}], ""categories"": [], ""requirements"": [], ""application_process"": {}, ""benefits"": [], ""mode_of_application"": """", ""application_url"": """", ""member_login_url"": """"}, ""services_offered"": [], ""programs"": {}, ""events"": {}, ""publications"": {}, ""compliance_policies"": {}, ""partnerships"": {""list"": []}, ""awards"": {""list"": []}, ""transparency"": [], ""digital_presence"": [], ""contact_details"": {""office_address"": ""Mumbai, Maharashtra, India"", ""phone_number"": """", ""email"": ""idma@idma-assn.org"", ""website"": ""https://www.idma-assn.org""}}"
11,Organisation of Pharmaceutical Producers of India (OPPI),Apex body of research-based pharmaceutical companies in India.,"OPPI is the apex body of research-based global pharmaceutical companies in India, established in 1965. Member firms account for around 60% of the total pharmaceuticals market and 50% of drug export industry.",1965,Organisation of Pharmaceutical Producers of India,Non-profit Trade Body,S. V. Veeramani,President,oppi@indiaoppi.com,association,60,100000,2000000,https://www.indiaoppi.com,"Logistics / Manufacturing (Couriers, Warehousing, Light Manufacturing)",Research Pharma Producers Body,Manufacturing,Maharashtra,Mumbai,National,Registered Society,"{""association_type"": ""National"", ""legal_status"": ""Registered Society"", ""overview"": {""about"": ""OPPI is the apex body of research-based pharmaceutical companies in India. Founded in 1965, it promotes an innovative environment for research and development of new medicines and formulates sound policies to advance the pharmaceutical industry."", ""mission"": """", ""vision"": """", ""sector"": ""Manufacturing"", ""objectives"": [], ""key_functions"": []}, ""governance"": {""president"": {""name"": ""S. V. Veeramani"", ""company"": """"}, ""vice_presidents"": [], ""secretary_general"": {""name"": """", ""company"": """"}}, ""regional_structure"": {""governance_model"": """", ""headquarters"": ""Mumbai, Maharashtra"", ""chapters"": []}, ""membership_details"": {""overview_metrics"": [{""label"": ""Total Members"", ""value"": ""60+""}], ""categories"": [], ""requirements"": [], ""application_process"": {}, ""benefits"": [], ""mode_of_application"": """", ""application_url"": """", ""member_login_url"": """"}, ""services_offered"": [], ""programs"": {}, ""events"": {}, ""publications"": {}, ""compliance_policies"": {}, ""partnerships"": {""list"": []}, ""awards"": {""list"": []}, ""transparency"": [], ""digital_presence"": [], ""contact_details"": {""office_address"": ""Mumbai, Maharashtra, India"", ""phone_number"": """", ""email"": ""oppi@indiaoppi.com"", ""website"": ""https://www.indiaoppi.com""}}"
12,Indian Pharmaceutical Alliance (IPA),Representing India's science-based pharmaceutical industry.,"IPA was founded in August 1999 by Dilip G Shah along with Cipla, Dr. Reddy's, Lupin, Piramal, Ranbaxy and Wockhardt to promote the cause of generic drugs in India. It now represents 24 leading Indian pharma companies.",1999,Indian Pharmaceutical Alliance,Non-profit Trade Body,Sudarshan Jain,Secretary General,info@ipa-india.org,association,25,500000,5000000,https://www.ipa-india.org,"Logistics / Manufacturing (Couriers, Warehousing, Light Manufacturing)",Pharma Alliance,Manufacturing,Maharashtra,Mumbai,National,Registered Society,"{""association_type"": ""National"", ""legal_status"": ""Registered Society"", ""overview"": {""about"": ""IPA represents the interests of large research-based Indian pharmaceutical companies. Founded in 1999, it is committed to promoting the Indian pharmaceutical sector and advocates for strong intellectual property rights and innovation."", ""mission"": """", ""vision"": """", ""sector"": ""Manufacturing"", ""objectives"": [], ""key_functions"": []}, ""governance"": {""president"": {""name"": """", ""company"": """"}, ""vice_presidents"": [], ""secretary_general"": {""name"": ""Sudarshan Jain"", ""company"": """"}}, ""regional_structure"": {""governance_model"": """", ""headquarters"": ""Mumbai, Maharashtra"", ""chapters"": []}, ""membership_details"": {""overview_metrics"": [{""label"": ""Total Members"", ""value"": ""25+""}], ""categories"": [], ""requirements"": [], ""application_process"": {}, ""benefits"": [], ""mode_of_application"": """", ""application_url"": """", ""member_login_url"": """"}, ""services_offered"": [], ""programs"": {}, ""events"": {}, ""publications"": {}, ""compliance_policies"": {}, ""partnerships"": {""list"": []}, ""awards"": {""list"": []}, ""transparency"": [], ""digital_presence"": [], ""contact_details"": {""office_address"": ""Mumbai, Maharashtra, India"", ""phone_number"": """", ""email"": ""info@ipa-india.org"", ""website"": ""https://www.ipa-india.org""}}"
13,All India Organisation of Chemists & Druggists (AIOCD),National body of licensed drug retail chemists and druggists.,"AIOCD is the national apex organisation for licensed chemists and druggists in India. Established in 1961, it represents over 1.2 million retail chemist stores across the country and advocates for the interests of pharmacy retail trade.",1961,All India Organisation of Chemists and Druggists,Trade Body,J. S. Shinde,President,aiocd@aiocd.com,association,1200000,500,5000,https://aiocd.com,"Logistics / Manufacturing (Couriers, Warehousing, Light Manufacturing)",Chemists & Druggists Trade Body,Pharma Trade / Distribution,Maharashtra,Mumbai,National,Registered Society,"{""association_type"": ""National"", ""legal_status"": ""Registered Society"", ""overview"": {""about"": ""AIOCD is the national apex organisation for licensed chemists and druggists in India. Established in 1961, it represents over 1.2 million retail chemist stores across the country and advocates for the interests of pharmacy retail trade."", ""mission"": """", ""vision"": """", ""sector"": ""Pharma Trade / Distribution"", ""objectives"": [], ""key_functions"": []}, ""governance"": {""president"": {""name"": ""J. S. Shinde"", ""company"": """"}, ""vice_presidents"": [], ""secretary_general"": {""name"": """", ""company"": """"}}, ""regional_structure"": {""governance_model"": """", ""headquarters"": ""Mumbai, Maharashtra"", ""chapters"": []}, ""membership_details"": {""overview_metrics"": [{""label"": ""Total Members"", ""value"": ""1200000+""}], ""categories"": [], ""requirements"": [], ""application_process"": {}, ""benefits"": [], ""mode_of_application"": """", ""application_url"": """", ""member_login_url"": """"}, ""services_offered"": [], ""programs"": {}, ""events"": {}, ""publications"": {}, ""compliance_policies"": {}, ""partnerships"": {""list"": []}, ""awards"": {""list"": []}, ""transparency"": [], ""digital_presence"": [], ""contact_details"": {""office_address"": ""Mumbai, Maharashtra, India"", ""phone_number"": """", ""email"": ""aiocd@aiocd.com"", ""website"": ""https://aiocd.com""}}"
14,Pharmaceuticals Export Promotion Council of India (PHARMEXCIL),Government-backed council promoting India's pharmaceutical exports.,"PHARMEXCIL was set up in 2004 by the Ministry of Commerce & Industry to boost India's pharma exports, assisting member companies through market studies, trade delegations, and global trade fair participation.",2004,Pharmaceuticals Export Promotion Council of India,Export Promotion Council,Uday Bhaskar,Director General,pharmexcil@pharmexdl.com,association,3000,5000,100000,https://pharmexdl.com,"Logistics / Manufacturing (Couriers, Warehousing, Light Manufacturing)",Pharma Export Promotion Council,Exports,Telangana,Hyderabad,National,Registered Society,"{""association_type"": ""National"", ""legal_status"": ""Registered Society"", ""overview"": {""about"": ""PHARMEXCIL was set up in 2004 by the Ministry of Commerce & Industry to boost India's pharma exports. It assists member companies in their export endeavours through market studies, trade delegations, and participation in global trade fairs."", ""mission"": """", ""vision"": """", ""sector"": ""Exports"", ""objectives"": [], ""key_functions"": []}, ""governance"": {""president"": {""name"": """", ""company"": """"}, ""vice_presidents"": [], ""secretary_general"": {""name"": ""Uday Bhaskar"", ""company"": """"}}, ""regional_structure"": {""governance_model"": """", ""headquarters"": ""Hyderabad, Telangana"", ""chapters"": []}, ""membership_details"": {""overview_metrics"": [{""label"": ""Total Members"", ""value"": ""3000+""}], ""categories"": [], ""requirements"": [], ""application_process"": {}, ""benefits"": [], ""mode_of_application"": """", ""application_url"": """", ""member_login_url"": """"}, ""services_offered"": [], ""programs"": {}, ""events"": {}, ""publications"": {}, ""compliance_policies"": {}, ""partnerships"": {""list"": []}, ""awards"": {""list"": []}, ""transparency"": [], ""digital_presence"": [], ""contact_details"": {""office_address"": ""Hyderabad, Telangana, India"", ""phone_number"": """", ""email"": ""pharmexcil@pharmexdl.com"", ""website"": ""https://pharmexdl.com""}}"
15,Society of Indian Automobile Manufacturers (SIAM),Apex national body representing all major vehicle manufacturers in India.,"SIAM is a not-for-profit apex national body representing all major vehicle and vehicular engine manufacturers in India, registered under Societies Registration Act 1860 with charitable status under the Income Tax Act.",1960,Society of Indian Automobile Manufacturers,Non-profit Trade Body,Vinod Aggarwal,President,siam@siam.in,association,53,50000,10000000,https://www.siam.in,Automotive (Auto & EV Franchises),Automobile Manufacturers Association,Manufacturing,Delhi,New Delhi,National,Registered Society,"{""association_type"": ""National"", ""legal_status"": ""Registered Society"", ""overview"": {""about"": ""SIAM is the apex national body representing all major vehicle and vehicular engine manufacturers in India. Established in 1960, it plays a catalytic role in ensuring the sustainable development of the Indian automobile industry."", ""mission"": """", ""vision"": """", ""sector"": ""Manufacturing"", ""objectives"": [], ""key_functions"": []}, ""governance"": {""president"": {""name"": ""Vinod Aggarwal"", ""company"": """"}, ""vice_presidents"": [], ""secretary_general"": {""name"": """", ""company"": """"}}, ""regional_structure"": {""governance_model"": """", ""headquarters"": ""New Delhi, Delhi"", ""chapters"": []}, ""membership_details"": {""overview_metrics"": [{""label"": ""Total Members"", ""value"": ""53+""}], ""categories"": [], ""requirements"": [], ""application_process"": {}, ""benefits"": [], ""mode_of_application"": """", ""application_url"": """", ""member_login_url"": """"}, ""services_offered"": [], ""programs"": {}, ""events"": {}, ""publications"": {}, ""compliance_policies"": {}, ""partnerships"": {""list"": []}, ""awards"": {""list"": []}, ""transparency"": [], ""digital_presence"": [], ""contact_details"": {""office_address"": ""New Delhi, Delhi, India"", ""phone_number"": """", ""email"": ""siam@siam.in"", ""website"": ""https://www.siam.in""}}"
16,Automotive Component Manufacturers Association of India (ACMA),Apex body of auto component manufacturers in India.,"ACMA is the apex industry body representing the interests of the automotive component industry in India, representing the USD 80.2 billion auto component industry comprising organised players and SMEs.",1959,Automotive Component Manufacturers Association of India,Non-profit Trade Body,Vinnie Mehta,Executive Director,acma@acma.in,association,850,15000,1500000,https://www.acma.in,Automotive (Auto & EV Franchises),Auto Component Manufacturers Association,Auto Components Manufacturing,Delhi,New Delhi,National,Registered Society,"{""association_type"": ""National"", ""legal_status"": ""Registered Society"", ""overview"": {""about"": ""ACMA is the apex industry body representing the interests of the automotive component industry in India. It represents around 850+ organised players and over 10,000 SMEs in the auto components sector."", ""mission"": """", ""vision"": """", ""sector"": ""Auto Components Manufacturing"", ""objectives"": [], ""key_functions"": []}, ""governance"": {""president"": {""name"": """", ""company"": """"}, ""vice_presidents"": [], ""secretary_general"": {""name"": ""Vinnie Mehta"", ""company"": """"}}, ""regional_structure"": {""governance_model"": """", ""headquarters"": ""New Delhi, Delhi"", ""chapters"": []}, ""membership_details"": {""overview_metrics"": [{""label"": ""Total Members"", ""value"": ""850+""}], ""categories"": [], ""requirements"": [], ""application_process"": {}, ""benefits"": [], ""mode_of_application"": """", ""application_url"": """", ""member_login_url"": """"}, ""services_offered"": [], ""programs"": {}, ""events"": {}, ""publications"": {}, ""compliance_policies"": {}, ""partnerships"": {""list"": []}, ""awards"": {""list"": []}, ""transparency"": [], ""digital_presence"": [], ""contact_details"": {""office_address"": ""New Delhi, Delhi, India"", ""phone_number"": """", ""email"": ""acma@acma.in"", ""website"": ""https://www.acma.in""}}"
17,Federation of Automobile Dealers Associations (FADA),National body for automobile dealers in India.,"FADA, founded in 1964, is the apex national body of the automobile retail industry in India, representing over 15,000 automobile dealerships and 30,000+ outlets, accounting for around 90% of market share.",1964,Federation of Automobile Dealers Associations,Non-profit Trade Body,Manish Raj Singhania,President,fada@fada.in,association,15000,5000,100000,https://www.fada.in,Automotive (Auto & EV Franchises),Automobile Dealers Association,Auto Retail,Delhi,New Delhi,National,Registered Society,"{""association_type"": ""National"", ""legal_status"": ""Registered Society"", ""overview"": {""about"": ""FADA is the apex national body for automobile dealers in India, representing over 15,000 automobile dealers across all categories of vehicles. It was incorporated in 1964 and works to protect and promote the interests of the dealer community."", ""mission"": """", ""vision"": """", ""sector"": ""Auto Retail"", ""objectives"": [], ""key_functions"": []}, ""governance"": {""president"": {""name"": ""Manish Raj Singhania"", ""company"": """"}, ""vice_presidents"": [], ""secretary_general"": {""name"": """", ""company"": """"}}, ""regional_structure"": {""governance_model"": """", ""headquarters"": ""New Delhi, Delhi"", ""chapters"": []}, ""membership_details"": {""overview_metrics"": [{""label"": ""Total Members"", ""value"": ""15000+""}], ""categories"": [], ""requirements"": [], ""application_process"": {}, ""benefits"": [], ""mode_of_application"": """", ""application_url"": """", ""member_login_url"": """"}, ""services_offered"": [], ""programs"": {}, ""events"": {}, ""publications"": {}, ""compliance_policies"": {}, ""partnerships"": {""list"": []}, ""awards"": {""list"": []}, ""transparency"": [], ""digital_presence"": [], ""contact_details"": {""office_address"": ""New Delhi, Delhi, India"", ""phone_number"": """", ""email"": ""fada@fada.in"", ""website"": ""https://www.fada.in""}}"
18,Confederation of Indian Textile Industry (CITI),Apex body of the entire Indian textile industry.,"CITI is the apex body of the entire Indian textile industry, founded in 1942, representing the complete value chain from cotton farmers and spinning units to garment exporters and textile machinery makers.",1942,Confederation of Indian Textile Industry,Non-profit Trade Body,Rakesh Mehra,Chairman,citi@citiindia.com,association,25000,10000,500000,https://www.citiindia.com,"Fashion (Apparel, Footwear, Accessories)",Textile Industry Apex Body,Manufacturing,Delhi,New Delhi,National,Registered Society,"{""association_type"": ""National"", ""legal_status"": ""Registered Society"", ""overview"": {""about"": ""CITI is the apex body of the entire Indian textile industry. It represents all segments of the textile industry from fibre to finished products and is a significant voice in shaping textile policy in India."", ""mission"": """", ""vision"": """", ""sector"": ""Manufacturing"", ""objectives"": [], ""key_functions"": []}, ""governance"": {""president"": {""name"": """", ""company"": """"}, ""vice_presidents"": [], ""secretary_general"": {""name"": """", ""company"": """"}}, ""regional_structure"": {""governance_model"": """", ""headquarters"": ""New Delhi, Delhi"", ""chapters"": []}, ""membership_details"": {""overview_metrics"": [{""label"": ""Total Members"", ""value"": ""25000+""}], ""categories"": [], ""requirements"": [], ""application_process"": {}, ""benefits"": [], ""mode_of_application"": """", ""application_url"": """", ""member_login_url"": """"}, ""services_offered"": [], ""programs"": {}, ""events"": {}, ""publications"": {}, ""compliance_policies"": {}, ""partnerships"": {""list"": []}, ""awards"": {""list"": []}, ""transparency"": [], ""digital_presence"": [], ""contact_details"": {""office_address"": ""New Delhi, Delhi, India"", ""phone_number"": """", ""email"": ""citi@citiindia.com"", ""website"": ""https://www.citiindia.com""}}"
19,Apparel Export Promotion Council (AEPC),Government body promoting India's apparel exports globally.,"AEPC is the official body of apparel exporters in India, incorporated in 1978 under the Foreign Trade (Development and Regulation) Act, operating under the Ministry of Textiles to promote garment exports.",1978,Apparel Export Promotion Council,Export Promotion Council,Naren Garg,Chairman,aepc@aepc.in,association,8000,3000,50000,https://www.aepcindia.com,"Fashion (Apparel, Footwear, Accessories)",Apparel Export Promotion Council,Apparel Exports,Delhi,New Delhi,National,Registered Society,"{""association_type"": ""National"", ""legal_status"": ""Registered Society"", ""overview"": {""about"": ""AEPC is the official body of the apparel exporters of India and provides support to Indian apparel exporters in their efforts to build, develop and promote India's apparel export business. Set up in 1978 by the Ministry of Commerce."", ""mission"": """", ""vision"": """", ""sector"": ""Apparel Exports"", ""objectives"": [], ""key_functions"": []}, ""governance"": {""president"": {""name"": """", ""company"": """"}, ""vice_presidents"": [], ""secretary_general"": {""name"": """", ""company"": """"}}, ""regional_structure"": {""governance_model"": """", ""headquarters"": ""New Delhi, Delhi"", ""chapters"": []}, ""membership_details"": {""overview_metrics"": [{""label"": ""Total Members"", ""value"": ""8000+""}], ""categories"": [], ""requirements"": [], ""application_process"": {}, ""benefits"": [], ""mode_of_application"": """", ""application_url"": """", ""member_login_url"": """"}, ""services_offered"": [], ""programs"": {}, ""events"": {}, ""publications"": {}, ""compliance_policies"": {}, ""partnerships"": {""list"": []}, ""awards"": {""list"": []}, ""transparency"": [], ""digital_presence"": [], ""contact_details"": {""office_address"": ""New Delhi, Delhi, India"", ""phone_number"": """", ""email"": ""aepc@aepc.in"", ""website"": ""https://www.aepcindia.com""}}"
20,Cotton Textiles Export Promotion Council (TEXPROCIL),Apex body for promotion of cotton textile exports from India.,"TEXPROCIL, set up in 1954, is the apex export promotion body for cotton textiles from India, assisting member exporters with market information and representation to government bodies.",1954,Cotton Textiles Export Promotion Council,Export Promotion Council,Siddhartha Rajagopal,Executive Director,texprocil@texprocil.org,association,1500,3000,30000,https://www.texprocil.org,"Fashion (Apparel, Footwear, Accessories)",Cotton Textile Export Council,Cotton Textile Exports,Maharashtra,Mumbai,National,Registered Society,"{""association_type"": ""National"", ""legal_status"": ""Registered Society"", ""overview"": {""about"": ""TEXPROCIL, set up in 1954, is the apex export promotion body for cotton textiles from India. It assists member exporters in their export endeavours, provides market information, and represents the industry to government bodies."", ""mission"": """", ""vision"": """", ""sector"": ""Cotton Textile Exports"", ""objectives"": [], ""key_functions"": []}, ""governance"": {""president"": {""name"": """", ""company"": """"}, ""vice_presidents"": [], ""secretary_general"": {""name"": ""Siddhartha Rajagopal"", ""company"": """"}}, ""regional_structure"": {""governance_model"": """", ""headquarters"": ""Mumbai, Maharashtra"", ""chapters"": []}, ""membership_details"": {""overview_metrics"": [{""label"": ""Total Members"", ""value"": ""1500+""}], ""categories"": [], ""requirements"": [], ""application_process"": {}, ""benefits"": [], ""mode_of_application"": """", ""application_url"": """", ""member_login_url"": """"}, ""services_offered"": [], ""programs"": {}, ""events"": {}, ""publications"": {}, ""compliance_policies"": {}, ""partnerships"": {""list"": []}, ""awards"": {""list"": []}, ""transparency"": [], ""digital_presence"": [], ""contact_details"": {""office_address"": ""Mumbai, Maharashtra, India"", ""phone_number"": """", ""email"": ""texprocil@texprocil.org"", ""website"": ""https://www.texprocil.org""}}"
21,Chemicals & Allied Products Export Promotion Council (CAPEXIL),Export promotion body for chemicals and allied products.,"CAPEXIL, set up in March 1958 by the Ministry of Commerce & Industry, promotes exports of chemicals, dyes, ceramics, paper, rubber and other allied products from India.",1958,Chemicals and Allied Products Export Promotion Council,Export Promotion Council,Srikar Reddy,Chairman,capexil@capexil.org,association,4500,3000,50000,https://capexil.org,"Logistics / Manufacturing (Couriers, Warehousing, Light Manufacturing)",Chemicals Export Promotion Council,Chemical Exports,West Bengal,Kolkata,National,Registered Society,"{""association_type"": ""National"", ""legal_status"": ""Registered Society"", ""overview"": {""about"": ""CAPEXIL, set up in 1958 under the Ministry of Commerce & Industry, promotes exports of chemicals, pharmaceuticals, dyes, cosmetics, ceramics and other allied products from India."", ""mission"": """", ""vision"": """", ""sector"": ""Chemical Exports"", ""objectives"": [], ""key_functions"": []}, ""governance"": {""president"": {""name"": """", ""company"": """"}, ""vice_presidents"": [], ""secretary_general"": {""name"": """", ""company"": """"}}, ""regional_structure"": {""governance_model"": """", ""headquarters"": ""Kolkata, West Bengal"", ""chapters"": []}, ""membership_details"": {""overview_metrics"": [{""label"": ""Total Members"", ""value"": ""4500+""}], ""categories"": [], ""requirements"": [], ""application_process"": {}, ""benefits"": [], ""mode_of_application"": """", ""application_url"": """", ""member_login_url"": """"}, ""services_offered"": [], ""programs"": {}, ""events"": {}, ""publications"": {}, ""compliance_policies"": {}, ""partnerships"": {""list"": []}, ""awards"": {""list"": []}, ""transparency"": [], ""digital_presence"": [], ""contact_details"": {""office_address"": ""Kolkata, West Bengal, India"", ""phone_number"": """", ""email"": ""capexil@capexil.org"", ""website"": ""https://capexil.org""}}"
22,Indian Chemical Council (ICC),National body for India's chemical industry.,"Indian Chemical Council (ICC) is the apex body of the Indian chemical industry, representing manufacturers and promoting sustainable practices within the sector, publishing an 84th Annual Report for 2024-25.",1938,Indian Chemical Council,Non-profit Trade Body,R. Mukundan,President,icc@indchemcouncil.org,association,700,20000,500000,https://www.indianchemicalcouncil.com,"Logistics / Manufacturing (Couriers, Warehousing, Light Manufacturing)",Chemical Industry Apex Body,Manufacturing,Maharashtra,Mumbai,National,Registered Society,"{""association_type"": ""National"", ""legal_status"": ""Registered Society"", ""overview"": {""about"": ""Indian Chemical Council (ICC), established in 1938, is the apex body of the Indian chemical industry. It represents the interests of manufacturers and promotes sustainable practices within the chemical manufacturing sector."", ""mission"": """", ""vision"": """", ""sector"": ""Manufacturing"", ""objectives"": [], ""key_functions"": []}, ""governance"": {""president"": {""name"": ""R. Mukundan"", ""company"": """"}, ""vice_presidents"": [], ""secretary_general"": {""name"": """", ""company"": """"}}, ""regional_structure"": {""governance_model"": """", ""headquarters"": ""Mumbai, Maharashtra"", ""chapters"": []}, ""membership_details"": {""overview_metrics"": [{""label"": ""Total Members"", ""value"": ""700+""}], ""categories"": [], ""requirements"": [], ""application_process"": {}, ""benefits"": [], ""mode_of_application"": """", ""application_url"": """", ""member_login_url"": """"}, ""services_offered"": [], ""programs"": {}, ""events"": {}, ""publications"": {}, ""compliance_policies"": {}, ""partnerships"": {""list"": []}, ""awards"": {""list"": []}, ""transparency"": [], ""digital_presence"": [], ""contact_details"": {""office_address"": ""Mumbai, Maharashtra, India"", ""phone_number"": """", ""email"": ""icc@indchemcouncil.org"", ""website"": ""https://www.indianchemicalcouncil.com""}}"
23,Engineering Export Promotion Council of India (EEPC India),Premier export promotion body for engineering goods.,"EEPC India, set up in 1955, is the premier export promotion body for engineering goods, products and services in India, serving over 12,000 members through regional offices across the country.",1955,Engineering Export Promotion Council of India,Export Promotion Council,Arun Kumar Garodia,Chairman,eepc@eepcindia.net,association,14000,3000,100000,https://www.eepcindia.org,"Logistics / Manufacturing (Couriers, Warehousing, Light Manufacturing)",Engineering Goods Export Council,Engineering Exports,West Bengal,Kolkata,National,Registered Society,"{""association_type"": ""National"", ""legal_status"": ""Registered Society"", ""overview"": {""about"": ""EEPC India, set up in 1955, is the premier export promotion body for engineering goods, products and services in India. It helps engineering exporters penetrate global markets and facilitates export of over $100 billion worth of engineering products."", ""mission"": """", ""vision"": """", ""sector"": ""Engineering Exports"", ""objectives"": [], ""key_functions"": []}, ""governance"": {""president"": {""name"": """", ""company"": """"}, ""vice_presidents"": [], ""secretary_general"": {""name"": """", ""company"": """"}}, ""regional_structure"": {""governance_model"": """", ""headquarters"": ""Kolkata, West Bengal"", ""chapters"": []}, ""membership_details"": {""overview_metrics"": [{""label"": ""Total Members"", ""value"": ""14000+""}], ""categories"": [], ""requirements"": [], ""application_process"": {}, ""benefits"": [], ""mode_of_application"": """", ""application_url"": """", ""member_login_url"": """"}, ""services_offered"": [], ""programs"": {}, ""events"": {}, ""publications"": {}, ""compliance_policies"": {}, ""partnerships"": {""list"": []}, ""awards"": {""list"": []}, ""transparency"": [], ""digital_presence"": [], ""contact_details"": {""office_address"": ""Kolkata, West Bengal, India"", ""phone_number"": """", ""email"": ""eepc@eepcindia.net"", ""website"": ""https://www.eepcindia.org""}}"
24,Indian Electrical & Electronics Manufacturers' Association (IEEMA),Apex body of electrical and electronic equipment manufacturers.,"IEEMA is the representative body of manufacturers of electrical, industrial electronics and allied equipment in India, established in 1948. Members contribute over 90% of installed electrical equipment in the country with combined turnover exceeding USD 50 billion.",1948,Indian Electrical and Electronics Manufacturers Association,Non-profit Trade Body,Shailendra Shrivastava,President,ieema@ieema.org,association,750,15000,600000,https://www.ieema.org,"Logistics / Manufacturing (Couriers, Warehousing, Light Manufacturing)",Electrical Equipment Manufacturers Association,Electrical Equipment,Maharashtra,Mumbai,National,Registered Society,"{""association_type"": ""National"", ""legal_status"": ""Registered Society"", ""overview"": {""about"": ""IEEMA is the representative body of manufacturers of electrical, industrial electronics and allied equipment in India. It was established in 1948 and represents the interests of over 750 member companies in the power equipment sector."", ""mission"": """", ""vision"": """", ""sector"": ""Electrical Equipment"", ""objectives"": [], ""key_functions"": []}, ""governance"": {""president"": {""name"": ""Shailendra Shrivastava"", ""company"": """"}, ""vice_presidents"": [], ""secretary_general"": {""name"": """", ""company"": """"}}, ""regional_structure"": {""governance_model"": """", ""headquarters"": ""Mumbai, Maharashtra"", ""chapters"": []}, ""membership_details"": {""overview_metrics"": [{""label"": ""Total Members"", ""value"": ""750+""}], ""categories"": [], ""requirements"": [], ""application_process"": {}, ""benefits"": [], ""mode_of_application"": """", ""application_url"": """", ""member_login_url"": """"}, ""services_offered"": [], ""programs"": {}, ""events"": {}, ""publications"": {}, ""compliance_policies"": {}, ""partnerships"": {""list"": []}, ""awards"": {""list"": []}, ""transparency"": [], ""digital_presence"": [], ""contact_details"": {""office_address"": ""Mumbai, Maharashtra, India"", ""phone_number"": """", ""email"": ""ieema@ieema.org"", ""website"": ""https://www.ieema.org""}}"
25,Indian Machine Tool Manufacturers' Association (IMTMA),Apex body representing India's machine tool industry.,"IMTMA, founded in 1946, is the apex body of machine tool manufacturers in India, promoting the industry for nearly eight decades and organising IMTEX, one of Asia's premier machine tool exhibitions.",1946,Indian Machine Tool Manufacturers Association,Non-profit Trade Body,Indradev Babu,President,imtma@imtma.in,association,480,15000,400000,https://www.imtma.in,"Logistics / Manufacturing (Couriers, Warehousing, Light Manufacturing)",Machine Tool Manufacturers Association,Machine Tools,Karnataka,Bengaluru,National,Registered Society,"{""association_type"": ""National"", ""legal_status"": ""Registered Society"", ""overview"": {""about"": ""IMTMA is the apex body of machine tool manufacturers in India. Founded in 1946, it promotes the interests of the Indian machine tool industry and organises IMTEX, one of Asia's premier machine tool exhibitions."", ""mission"": """", ""vision"": """", ""sector"": ""Machine Tools"", ""objectives"": [], ""key_functions"": []}, ""governance"": {""president"": {""name"": ""Indradev Babu"", ""company"": """"}, ""vice_presidents"": [], ""secretary_general"": {""name"": """", ""company"": """"}}, ""regional_structure"": {""governance_model"": """", ""headquarters"": ""Bengaluru, Karnataka"", ""chapters"": []}, ""membership_details"": {""overview_metrics"": [{""label"": ""Total Members"", ""value"": ""480+""}], ""categories"": [], ""requirements"": [], ""application_process"": {}, ""benefits"": [], ""mode_of_application"": """", ""application_url"": """", ""member_login_url"": """"}, ""services_offered"": [], ""programs"": {}, ""events"": {}, ""publications"": {}, ""compliance_policies"": {}, ""partnerships"": {""list"": []}, ""awards"": {""list"": []}, ""transparency"": [], ""digital_presence"": [], ""contact_details"": {""office_address"": ""Bengaluru, Karnataka, India"", ""phone_number"": """", ""email"": ""imtma@imtma.in"", ""website"": ""https://www.imtma.in""}}"
26,All India Plastics Manufacturers Association (AIPMA),Largest body of plastics manufacturers in Asia.,"AIPMA is the largest and most representative body of the plastics industry in Asia, established in 1945, known for organising Plastivision India - the country's leading plastics exhibition.",1945,All India Plastics Manufacturers Association,Non-profit Trade Body,Hiten Bheda,President,aipma@aipma.net,association,35000,3000,200000,https://www.aipma.net,"Logistics / Manufacturing (Couriers, Warehousing, Light Manufacturing)",Plastics Manufacturers Association,Manufacturing,Maharashtra,Mumbai,National,Registered Society,"{""association_type"": ""National"", ""legal_status"": ""Registered Society"", ""overview"": {""about"": ""AIPMA is the largest and most representative body of the plastics industry in Asia, established in 1945. It represents over 35,000 member companies involved in manufacturing, processing, and trading of plastics products."", ""mission"": """", ""vision"": """", ""sector"": ""Manufacturing"", ""objectives"": [], ""key_functions"": []}, ""governance"": {""president"": {""name"": ""Hiten Bheda"", ""company"": """"}, ""vice_presidents"": [], ""secretary_general"": {""name"": """", ""company"": """"}}, ""regional_structure"": {""governance_model"": """", ""headquarters"": ""Mumbai, Maharashtra"", ""chapters"": []}, ""membership_details"": {""overview_metrics"": [{""label"": ""Total Members"", ""value"": ""35000+""}], ""categories"": [], ""requirements"": [], ""application_process"": {}, ""benefits"": [], ""mode_of_application"": """", ""application_url"": """", ""member_login_url"": """"}, ""services_offered"": [], ""programs"": {}, ""events"": {}, ""publications"": {}, ""compliance_policies"": {}, ""partnerships"": {""list"": []}, ""awards"": {""list"": []}, ""transparency"": [], ""digital_presence"": [], ""contact_details"": {""office_address"": ""Mumbai, Maharashtra, India"", ""phone_number"": """", ""email"": ""aipma@aipma.net"", ""website"": ""https://www.aipma.net""}}"
27,Indian Plastics Institute (IPI),Professional body for the plastics industry in India.,"The Indian Plastics Institute (IPI) is a professional body established in 1967 that promotes the development of the plastics industry through technical seminars, exhibitions, and publications. It bridges academia and industry in the plastics sector.",1967,Indian Plastics Institute,Professional Body,Hiten Bheda,President,ipi@ipindia.org,association,6000,2000,50000,https://www.iplindia.org,"Logistics / Manufacturing (Couriers, Warehousing, Light Manufacturing)",Plastics Professional Institute,Manufacturing,Maharashtra,Mumbai,National,Registered Society,"{""association_type"": ""National"", ""legal_status"": ""Registered Society"", ""overview"": {""about"": ""The Indian Plastics Institute (IPI) is a professional body established in 1967 that promotes the development of the plastics industry through technical seminars, exhibitions, and publications. It bridges academia and industry in the plastics sector."", ""mission"": """", ""vision"": """", ""sector"": ""Manufacturing"", ""objectives"": [], ""key_functions"": []}, ""governance"": {""president"": {""name"": ""Hiten Bheda"", ""company"": """"}, ""vice_presidents"": [], ""secretary_general"": {""name"": """", ""company"": """"}}, ""regional_structure"": {""governance_model"": """", ""headquarters"": ""Mumbai, Maharashtra"", ""chapters"": []}, ""membership_details"": {""overview_metrics"": [{""label"": ""Total Members"", ""value"": ""6000+""}], ""categories"": [], ""requirements"": [], ""application_process"": {}, ""benefits"": [], ""mode_of_application"": """", ""application_url"": """", ""member_login_url"": """"}, ""services_offered"": [], ""programs"": {}, ""events"": {}, ""publications"": {}, ""compliance_policies"": {}, ""partnerships"": {""list"": []}, ""awards"": {""list"": []}, ""transparency"": [], ""digital_presence"": [], ""contact_details"": {""office_address"": ""Mumbai, Maharashtra, India"", ""phone_number"": """", ""email"": ""ipi@ipindia.org"", ""website"": ""https://www.iplindia.org""}}"
28,Confederation of Real Estate Developers' Associations of India (CREDAI),Apex body of private real estate developers in India.,"CREDAI is the apex body for private real estate developers in India. With over 13,000 members across 217 chapters in 21 states, it advocates for the housing sector and works towards making housing affordable and accessible for all.",1999,Confederation of Real Estate Developers Associations of India,Non-profit Industry Body,Boman Irani,President,credai@credai.org,association,13000,10000,500000,https://www.credai.org,"Real Estate (Brokerage, Property Management)",Real Estate Developers Apex Body,Construction & Development,Delhi,New Delhi,National,Registered Society,"{""association_type"": ""National"", ""legal_status"": ""Registered Society"", ""overview"": {""about"": ""CREDAI is the apex body for private real estate developers in India. With over 13,000 members across 217 chapters in 21 states, it advocates for the housing sector and works towards making housing affordable and accessible for all."", ""mission"": ""To strengthen and grow the real estate sector through advocacy and innovation."", ""vision"": """", ""sector"": ""Construction & Development"", ""objectives"": [], ""key_functions"": [""Policy advocacy for housing sector"", ""Real estate research and reports"", ""Member training""]}, ""governance"": {""president"": {""name"": ""Boman Irani"", ""company"": """"}, ""vice_presidents"": [], ""secretary_general"": {""name"": """", ""company"": """"}}, ""regional_structure"": {""governance_model"": """", ""headquarters"": ""New Delhi, Delhi"", ""chapters"": []}, ""membership_details"": {""overview_metrics"": [{""label"": ""Total Members"", ""value"": ""13000+""}], ""categories"": [], ""requirements"": [], ""application_process"": {}, ""benefits"": [""Policy representation"", ""Networking with developers"", ""Access to housing sector data""], ""mode_of_application"": """", ""application_url"": """", ""member_login_url"": """"}, ""services_offered"": [], ""programs"": {}, ""events"": {}, ""publications"": {}, ""compliance_policies"": {}, ""partnerships"": {""list"": []}, ""awards"": {""list"": []}, ""transparency"": [], ""digital_presence"": [], ""contact_details"": {""office_address"": ""New Delhi, Delhi, India"", ""phone_number"": """", ""email"": ""credai@credai.org"", ""website"": ""https://www.credai.org""}}"
29,National Real Estate Development Council (NAREDCO),Self-regulatory body under Ministry of Housing for real estate.,"NAREDCO is an autonomous self-regulatory body for real estate developers, established in 1998 under the aegis of the Ministry of Housing and Urban Affairs, with the Union Minister as Ex-officio Chief Patron.",1998,National Real Estate Development Council,Self-Regulatory Body,G. Hari Babu,President,naredco@naredco.in,association,10000,10000,300000,https://www.naredco.in,"Real Estate (Brokerage, Property Management)",Real Estate Self-Regulatory Council,Construction & Development,Delhi,New Delhi,National,Registered Society,"{""association_type"": ""National"", ""legal_status"": ""Registered Society"", ""overview"": {""about"": ""NAREDCO is the apex national body for real estate developers, established in 1998 under the aegis of the Ministry of Housing and Urban Affairs. It facilitates dialogue between the government and real estate sector."", ""mission"": """", ""vision"": """", ""sector"": ""Construction & Development"", ""objectives"": [], ""key_functions"": []}, ""governance"": {""president"": {""name"": ""G. Hari Babu"", ""company"": """"}, ""vice_presidents"": [], ""secretary_general"": {""name"": """", ""company"": """"}}, ""regional_structure"": {""governance_model"": """", ""headquarters"": ""New Delhi, Delhi"", ""chapters"": []}, ""membership_details"": {""overview_metrics"": [{""label"": ""Total Members"", ""value"": ""10000+""}], ""categories"": [], ""requirements"": [], ""application_process"": {}, ""benefits"": [], ""mode_of_application"": """", ""application_url"": """", ""member_login_url"": """"}, ""services_offered"": [], ""programs"": {}, ""events"": {}, ""publications"": {}, ""compliance_policies"": {}, ""partnerships"": {""list"": []}, ""awards"": {""list"": []}, ""transparency"": [], ""digital_presence"": [], ""contact_details"": {""office_address"": ""New Delhi, Delhi, India"", ""phone_number"": """", ""email"": ""naredco@naredco.in"", ""website"": ""https://www.naredco.in""}}"
30,Indian Banks' Association (IBA),Collective voice of banking industry in India.,"Indian Banks' Association, founded in 1946 and headquartered in Mumbai, is a voluntary association of banks promoting coordination, standardization and transparency in India's banking sector.",1946,Indian Banks Association,Industry Association,M. V. Rao,Chairman,iba@iba.org.in,association,237,50000,5000000,https://www.iba.org.in,"Finance / Banking (Loans, Insurance, Banking Correspondents)",Banking Industry Association,Banking,Maharashtra,Mumbai,National,Registered Society,"{""association_type"": ""National"", ""legal_status"": ""Registered Society"", ""overview"": {""about"": ""Indian Banks' Association (IBA), formed in 1946, is a voluntary association of banks operating in India. It serves as a forum for co-operation and co-ordination among banks and provides representation on matters of common interest to the banking industry."", ""mission"": """", ""vision"": """", ""sector"": ""Banking"", ""objectives"": [], ""key_functions"": []}, ""governance"": {""president"": {""name"": """", ""company"": """"}, ""vice_presidents"": [], ""secretary_general"": {""name"": """", ""company"": """"}}, ""regional_structure"": {""governance_model"": """", ""headquarters"": ""Mumbai, Maharashtra"", ""chapters"": []}, ""membership_details"": {""overview_metrics"": [{""label"": ""Total Members"", ""value"": ""237+""}], ""categories"": [], ""requirements"": [], ""application_process"": {}, ""benefits"": [], ""mode_of_application"": """", ""application_url"": """", ""member_login_url"": """"}, ""services_offered"": [], ""programs"": {}, ""events"": {}, ""publications"": {}, ""compliance_policies"": {}, ""partnerships"": {""list"": []}, ""awards"": {""list"": []}, ""transparency"": [], ""digital_presence"": [], ""contact_details"": {""office_address"": ""Mumbai, Maharashtra, India"", ""phone_number"": """", ""email"": ""iba@iba.org.in"", ""website"": ""https://www.iba.org.in""}}"
31,Association of Mutual Funds in India (AMFI),Umbrella body of Indian mutual fund industry.,"AMFI is the apex body of all SEBI-registered Asset Management Companies, established in 1995, dedicated to developing the Indian mutual fund industry on professional, healthy and ethical lines.",1995,Association of Mutual Funds in India,Industry Body,Navneet Munot,Chairman,info@amfiindia.com,association,45,100000,2000000,https://www.amfiindia.com,"Finance / Banking (Loans, Insurance, Banking Correspondents)",Mutual Funds Industry Body,Mutual Funds,Maharashtra,Mumbai,National,Registered Society,"{""association_type"": ""National"", ""legal_status"": ""Registered Society"", ""overview"": {""about"": ""AMFI is an apex body of all Asset Management Companies (AMCs) which have been registered with SEBI. Established in 1995, it is dedicated to developing the Indian Mutual Fund Industry on professional, healthy and ethical lines."", ""mission"": """", ""vision"": """", ""sector"": ""Mutual Funds"", ""objectives"": [], ""key_functions"": []}, ""governance"": {""president"": {""name"": """", ""company"": """"}, ""vice_presidents"": [], ""secretary_general"": {""name"": """", ""company"": """"}}, ""regional_structure"": {""governance_model"": """", ""headquarters"": ""Mumbai, Maharashtra"", ""chapters"": []}, ""membership_details"": {""overview_metrics"": [{""label"": ""Total Members"", ""value"": ""45+""}], ""categories"": [], ""requirements"": [], ""application_process"": {}, ""benefits"": [], ""mode_of_application"": """", ""application_url"": """", ""member_login_url"": """"}, ""services_offered"": [], ""programs"": {}, ""events"": {}, ""publications"": {}, ""compliance_policies"": {}, ""partnerships"": {""list"": []}, ""awards"": {""list"": []}, ""transparency"": [], ""digital_presence"": [], ""contact_details"": {""office_address"": ""Mumbai, Maharashtra, India"", ""phone_number"": """", ""email"": ""info@amfiindia.com"", ""website"": ""https://www.amfiindia.com""}}"
32,Bombay Stock Exchange Brokers' Forum (BBF),Association of BSE-registered stock brokers.,BBF represents the interests of members registered with the Bombay Stock Exchange. It works to facilitate efficient capital market operations and brokers' welfare and has been active since 1996.,1996,Bombay Stock Exchange Brokers Forum,Industry Body,Vadilal Surti,President,info@bbf.org.in,association,900,10000,100000,https://www.bbf.org.in,"Finance / Banking (Loans, Insurance, Banking Correspondents)",Stock Brokers Forum,Capital Markets,Maharashtra,Mumbai,National,Registered Society,"{""association_type"": ""National"", ""legal_status"": ""Registered Society"", ""overview"": {""about"": ""BBF represents the interests of members registered with the Bombay Stock Exchange. It works to facilitate efficient capital market operations and brokers' welfare and has been active since 1996."", ""mission"": """", ""vision"": """", ""sector"": ""Capital Markets"", ""objectives"": [], ""key_functions"": []}, ""governance"": {""president"": {""name"": ""Vadilal Surti"", ""company"": """"}, ""vice_presidents"": [], ""secretary_general"": {""name"": """", ""company"": """"}}, ""regional_structure"": {""governance_model"": """", ""headquarters"": ""Mumbai, Maharashtra"", ""chapters"": []}, ""membership_details"": {""overview_metrics"": [{""label"": ""Total Members"", ""value"": ""900+""}], ""categories"": [], ""requirements"": [], ""application_process"": {}, ""benefits"": [], ""mode_of_application"": """", ""application_url"": """", ""member_login_url"": """"}, ""services_offered"": [], ""programs"": {}, ""events"": {}, ""publications"": {}, ""compliance_policies"": {}, ""partnerships"": {""list"": []}, ""awards"": {""list"": []}, ""transparency"": [], ""digital_presence"": [], ""contact_details"": {""office_address"": ""Mumbai, Maharashtra, India"", ""phone_number"": """", ""email"": ""info@bbf.org.in"", ""website"": ""https://www.bbf.org.in""}}"
33,Life Insurance Council,Collective body of life insurance companies in India.,"The Life Insurance Council, constituted under the Insurance Act 1938, is the representative body for all life insurance companies in India. It promotes the interests of policyholders and the broader life insurance industry.",1938,Life Insurance Council,Statutory Body / Industry Council,S N Bhatt,Secretary General,info@licouncil.org,association,24,500000,10000000,https://www.licouncil.org,"Finance / Banking (Loans, Insurance, Banking Correspondents)",Life Insurance Industry Council,Insurance,Delhi,New Delhi,National,Statutory Body,"{""association_type"": ""National"", ""legal_status"": ""Statutory Body"", ""overview"": {""about"": ""The Life Insurance Council, constituted under the Insurance Act 1938, is the representative body for all life insurance companies in India. It promotes the interests of policyholders and the broader life insurance industry."", ""mission"": """", ""vision"": """", ""sector"": ""Insurance"", ""objectives"": [], ""key_functions"": []}, ""governance"": {""president"": {""name"": """", ""company"": """"}, ""vice_presidents"": [], ""secretary_general"": {""name"": ""S N Bhatt"", ""company"": """"}}, ""regional_structure"": {""governance_model"": """", ""headquarters"": ""New Delhi, Delhi"", ""chapters"": []}, ""membership_details"": {""overview_metrics"": [{""label"": ""Total Members"", ""value"": ""24+""}], ""categories"": [], ""requirements"": [], ""application_process"": {}, ""benefits"": [], ""mode_of_application"": """", ""application_url"": """", ""member_login_url"": """"}, ""services_offered"": [], ""programs"": {}, ""events"": {}, ""publications"": {}, ""compliance_policies"": {}, ""partnerships"": {""list"": []}, ""awards"": {""list"": []}, ""transparency"": [], ""digital_presence"": [], ""contact_details"": {""office_address"": ""New Delhi, Delhi, India"", ""phone_number"": """", ""email"": ""info@licouncil.org"", ""website"": ""https://www.licouncil.org""}}"
34,Indian Medical Association (IMA),National voluntary organisation of physicians of modern scientific medicine.,"IMA, established in 1928 (originally All India Medical Association, renamed 1930), is the largest association of medical doctors in India with approximately 350,000 member doctors across 1,700 active local branches in 29 states/UTs.",1928,Indian Medical Association,Professional Body,R. V. Asokan,National President,hqimaind@gmail.com,association,350000,3000,10000,https://www.ima-india.org,"Health (Medical, Diagnostic & Wellness)",Medical Professionals Association,Medical Professionals,Delhi,New Delhi,National,Registered Society,"{""association_type"": ""National"", ""legal_status"": ""Registered Society"", ""overview"": {""about"": ""IMA is the national voluntary organization of Doctors of Modern Scientific System of Medicine. Established in 1928, it represents over 3.5 lakh doctors across the country and acts as a voice for medical professionals."", ""mission"": """", ""vision"": """", ""sector"": ""Medical Professionals"", ""objectives"": [], ""key_functions"": []}, ""governance"": {""president"": {""name"": ""R. V. Asokan"", ""company"": """"}, ""vice_presidents"": [], ""secretary_general"": {""name"": """", ""company"": """"}}, ""regional_structure"": {""governance_model"": """", ""headquarters"": ""New Delhi, Delhi"", ""chapters"": []}, ""membership_details"": {""overview_metrics"": [{""label"": ""Total Members"", ""value"": ""350000+""}], ""categories"": [], ""requirements"": [], ""application_process"": {}, ""benefits"": [], ""mode_of_application"": """", ""application_url"": """", ""member_login_url"": """"}, ""services_offered"": [], ""programs"": {}, ""events"": {}, ""publications"": {}, ""compliance_policies"": {}, ""partnerships"": {""list"": []}, ""awards"": {""list"": []}, ""transparency"": [], ""digital_presence"": [], ""contact_details"": {""office_address"": ""New Delhi, Delhi, India"", ""phone_number"": """", ""email"": ""hqimaind@gmail.com"", ""website"": ""https://www.ima-india.org""}}"
35,Indian Nursing Council (INC),Statutory body regulating nursing education in India.,Indian Nursing Council is a statutory body constituted under the Indian Nursing Council Act 1947. It regulates and maintains uniform standards of nursing education and reciprocity with other countries regarding mutual recognition of nursing qualifications.,1947,Indian Nursing Council,Statutory Regulatory Body,T. Dileep Kumar,President,regr.inc@nic.in,association,5000000,500,5000,https://www.indiannursingcouncil.org,"Health (Medical, Diagnostic & Wellness)",Nursing Regulatory Council,Nursing,Delhi,New Delhi,National,Statutory Body,"{""association_type"": ""National"", ""legal_status"": ""Statutory Body"", ""overview"": {""about"": ""Indian Nursing Council is a statutory body constituted under the Indian Nursing Council Act 1947. It regulates and maintains uniform standards of nursing education and reciprocity with other countries regarding mutual recognition of nursing qualifications."", ""mission"": """", ""vision"": """", ""sector"": ""Nursing"", ""objectives"": [], ""key_functions"": []}, ""governance"": {""president"": {""name"": ""T. Dileep Kumar"", ""company"": """"}, ""vice_presidents"": [], ""secretary_general"": {""name"": """", ""company"": """"}}, ""regional_structure"": {""governance_model"": """", ""headquarters"": ""New Delhi, Delhi"", ""chapters"": []}, ""membership_details"": {""overview_metrics"": [{""label"": ""Total Members"", ""value"": ""5000000+""}], ""categories"": [], ""requirements"": [], ""application_process"": {}, ""benefits"": [], ""mode_of_application"": """", ""application_url"": """", ""member_login_url"": """"}, ""services_offered"": [], ""programs"": {}, ""events"": {}, ""publications"": {}, ""compliance_policies"": {}, ""partnerships"": {""list"": []}, ""awards"": {""list"": []}, ""transparency"": [], ""digital_presence"": [], ""contact_details"": {""office_address"": ""New Delhi, Delhi, India"", ""phone_number"": """", ""email"": ""regr.inc@nic.in"", ""website"": ""https://www.indiannursingcouncil.org""}}"
36,National Accreditation Board for Hospitals & Healthcare Providers (NABH),Constituent board of QCI for accreditation of hospitals.,"NABH is a constituent board of Quality Council of India (QCI), set up to establish and operate accreditation programme for healthcare organisations. It helps patients to choose the best hospitals and motivates hospitals to improve quality of care.",2005,National Accreditation Board for Hospitals and Healthcare Providers,Accreditation Body,Atul Mohan Kochhar,Chief Executive Officer,nabh@nabhqci.in,association,900,25000,500000,https://www.nabh.co,"Health (Medical, Diagnostic & Wellness)",Hospital Accreditation Body,Hospital Accreditation,Delhi,New Delhi,National,Statutory Body,"{""association_type"": ""National"", ""legal_status"": ""Statutory Body"", ""overview"": {""about"": ""NABH is a constituent board of Quality Council of India (QCI), set up to establish and operate accreditation programme for healthcare organisations. It helps patients to choose the best hospitals and motivates hospitals to improve quality of care."", ""mission"": """", ""vision"": """", ""sector"": ""Hospital Accreditation"", ""objectives"": [], ""key_functions"": []}, ""governance"": {""president"": {""name"": """", ""company"": """"}, ""vice_presidents"": [], ""secretary_general"": {""name"": ""Atul Mohan Kochhar"", ""company"": """"}}, ""regional_structure"": {""governance_model"": """", ""headquarters"": ""New Delhi, Delhi"", ""chapters"": []}, ""membership_details"": {""overview_metrics"": [{""label"": ""Total Members"", ""value"": ""900+""}], ""categories"": [], ""requirements"": [], ""application_process"": {}, ""benefits"": [], ""mode_of_application"": """", ""application_url"": """", ""member_login_url"": """"}, ""services_offered"": [], ""programs"": {}, ""events"": {}, ""publications"": {}, ""compliance_policies"": {}, ""partnerships"": {""list"": []}, ""awards"": {""list"": []}, ""transparency"": [], ""digital_presence"": [], ""contact_details"": {""office_address"": ""New Delhi, Delhi, India"", ""phone_number"": """", ""email"": ""nabh@nabhqci.in"", ""website"": ""https://www.nabh.co""}}"
37,Dental Council of India (DCI),Statutory body regulating dental education in India.,"The Dental Council of India is a statutory body established under the Dentists Act, 1948. It regulates the dental education and dental practice in India, maintains the Indian Dental Register, and grants recognition to dental degrees.",1948,Dental Council of India,Statutory Regulatory Body,Dibyendu Mazumder,President,dciindia@yahoo.co.in,association,300000,1000,10000,https://www.dciindia.org.in,"Health (Medical, Diagnostic & Wellness)",Dental Regulatory Council,Dental,Delhi,New Delhi,National,Statutory Body,"{""association_type"": ""National"", ""legal_status"": ""Statutory Body"", ""overview"": {""about"": ""The Dental Council of India is a statutory body established under the Dentists Act, 1948. It regulates the dental education and dental practice in India, maintains the Indian Dental Register, and grants recognition to dental degrees."", ""mission"": """", ""vision"": """", ""sector"": ""Dental"", ""objectives"": [], ""key_functions"": []}, ""governance"": {""president"": {""name"": ""Dibyendu Mazumder"", ""company"": """"}, ""vice_presidents"": [], ""secretary_general"": {""name"": """", ""company"": """"}}, ""regional_structure"": {""governance_model"": """", ""headquarters"": ""New Delhi, Delhi"", ""chapters"": []}, ""membership_details"": {""overview_metrics"": [{""label"": ""Total Members"", ""value"": ""300000+""}], ""categories"": [], ""requirements"": [], ""application_process"": {}, ""benefits"": [], ""mode_of_application"": """", ""application_url"": """", ""member_login_url"": """"}, ""services_offered"": [], ""programs"": {}, ""events"": {}, ""publications"": {}, ""compliance_policies"": {}, ""partnerships"": {""list"": []}, ""awards"": {""list"": []}, ""transparency"": [], ""digital_presence"": [], ""contact_details"": {""office_address"": ""New Delhi, Delhi, India"", ""phone_number"": """", ""email"": ""dciindia@yahoo.co.in"", ""website"": ""https://www.dciindia.org.in""}}"
38,Hotel Association of India (HAI),Apex body of approved hotels in India.,"Hotel Association of India (HAI) is the apex organisation for the hotel and hospitality industry in India. Founded in 1996, it represents star-rated hotels and works with government on policy matters related to hospitality.",1996,Hotel Association of India,Non-profit Industry Body,KB Kachru,President,hai@hotelassociationofindia.com,association,600,25000,500000,https://www.hotelassociationofindia.com,"Hotel, Travel & Tourism (Hotels, Homestays, Travel Agencies)",Hotel Industry Apex Body,Hotels,Delhi,New Delhi,National,Registered Society,"{""association_type"": ""National"", ""legal_status"": ""Registered Society"", ""overview"": {""about"": ""Hotel Association of India (HAI) is the apex organisation for the hotel and hospitality industry in India. Founded in 1996, it represents star-rated hotels and works with government on policy matters related to hospitality."", ""mission"": """", ""vision"": """", ""sector"": ""Hotels"", ""objectives"": [], ""key_functions"": []}, ""governance"": {""president"": {""name"": ""KB Kachru"", ""company"": """"}, ""vice_presidents"": [], ""secretary_general"": {""name"": """", ""company"": """"}}, ""regional_structure"": {""governance_model"": """", ""headquarters"": ""New Delhi, Delhi"", ""chapters"": []}, ""membership_details"": {""overview_metrics"": [{""label"": ""Total Members"", ""value"": ""600+""}], ""categories"": [], ""requirements"": [], ""application_process"": {}, ""benefits"": [], ""mode_of_application"": """", ""application_url"": """", ""member_login_url"": """"}, ""services_offered"": [], ""programs"": {}, ""events"": {}, ""publications"": {}, ""compliance_policies"": {}, ""partnerships"": {""list"": []}, ""awards"": {""list"": []}, ""transparency"": [], ""digital_presence"": [], ""contact_details"": {""office_address"": ""New Delhi, Delhi, India"", ""phone_number"": """", ""email"": ""hai@hotelassociationofindia.com"", ""website"": ""https://www.hotelassociationofindia.com""}}"
39,Federation of Hotel & Restaurant Associations of India (FHRAI),Apex body of hotels and restaurants in India.,"FHRAI, founded in 1955 by legendary hotelier Rai Bahadur M.S. Oberoi, is the apex body of hotels and restaurants in India, representing 1,00,000 hotels and 5,00,000 restaurants nationwide.",1955,Federation of Hotel and Restaurant Associations of India,Non-profit Trade Body,Pradeep Shetty,President,fhrai@fhrai.com,association,65000,3000,200000,https://www.fhrai.com,"Hotel, Travel & Tourism (Hotels, Homestays, Travel Agencies)",Hotel & Restaurant Federation,Hotels & Restaurants,Delhi,New Delhi,National,Registered Society,"{""association_type"": ""National"", ""legal_status"": ""Registered Society"", ""overview"": {""about"": ""FHRAI is the apex body of hotels and restaurants in India, established in 1955. It represents over 65,000 hotels and restaurants across the country and works towards building a progressive hospitality industry."", ""mission"": """", ""vision"": """", ""sector"": ""Hotels & Restaurants"", ""objectives"": [], ""key_functions"": []}, ""governance"": {""president"": {""name"": ""Pradeep Shetty"", ""company"": """"}, ""vice_presidents"": [], ""secretary_general"": {""name"": """", ""company"": """"}}, ""regional_structure"": {""governance_model"": """", ""headquarters"": ""New Delhi, Delhi"", ""chapters"": []}, ""membership_details"": {""overview_metrics"": [{""label"": ""Total Members"", ""value"": ""65000+""}], ""categories"": [], ""requirements"": [], ""application_process"": {}, ""benefits"": [], ""mode_of_application"": """", ""application_url"": """", ""member_login_url"": """"}, ""services_offered"": [], ""programs"": {}, ""events"": {}, ""publications"": {}, ""compliance_policies"": {}, ""partnerships"": {""list"": []}, ""awards"": {""list"": []}, ""transparency"": [], ""digital_presence"": [], ""contact_details"": {""office_address"": ""New Delhi, Delhi, India"", ""phone_number"": """", ""email"": ""fhrai@fhrai.com"", ""website"": ""https://www.fhrai.com""}}"
40,Travel Agents Federation of India (TAFI),Pan India body of travel agents.,TAFI is a pan-India federation of travel agents established in 1993. It promotes ethical business practices in the travel industry and represents the interests of travel agents before government bodies and IATA.,1993,Travel Agents Federation of India,Non-profit Trade Body,Ajay Prakash,President,info@tafi.org.in,association,3000,5000,50000,https://www.tafi.org.in,"Hotel, Travel & Tourism (Hotels, Homestays, Travel Agencies)",Travel Agents Federation,Travel & Tourism,Maharashtra,Mumbai,National,Registered Society,"{""association_type"": ""National"", ""legal_status"": ""Registered Society"", ""overview"": {""about"": ""TAFI is a pan-India federation of travel agents established in 1993. It promotes ethical business practices in the travel industry and represents the interests of travel agents before government bodies and IATA."", ""mission"": """", ""vision"": """", ""sector"": ""Travel & Tourism"", ""objectives"": [], ""key_functions"": []}, ""governance"": {""president"": {""name"": ""Ajay Prakash"", ""company"": """"}, ""vice_presidents"": [], ""secretary_general"": {""name"": """", ""company"": """"}}, ""regional_structure"": {""governance_model"": """", ""headquarters"": ""Mumbai, Maharashtra"", ""chapters"": []}, ""membership_details"": {""overview_metrics"": [{""label"": ""Total Members"", ""value"": ""3000+""}], ""categories"": [], ""requirements"": [], ""application_process"": {}, ""benefits"": [], ""mode_of_application"": """", ""application_url"": """", ""member_login_url"": """"}, ""services_offered"": [], ""programs"": {}, ""events"": {}, ""publications"": {}, ""compliance_policies"": {}, ""partnerships"": {""list"": []}, ""awards"": {""list"": []}, ""transparency"": [], ""digital_presence"": [], ""contact_details"": {""office_address"": ""Mumbai, Maharashtra, India"", ""phone_number"": """", ""email"": ""info@tafi.org.in"", ""website"": ""https://www.tafi.org.in""}}"
41,Association of Indian Universities (AIU),Apex body of universities in India.,"AIU is the apex body of universities in India, established in 1925. It facilitates and promotes academic, cultural and sports activities among universities and is responsible for equivalence of foreign degrees.",1925,Association of Indian Universities,Academic Body,Pankaj Mittal,Secretary General,aiu@aiuweb.org,association,900,10000,200000,https://www.aiuweb.org,"Education (Coaching, Preschools, EdTech)",University Apex Body,Higher Education,Delhi,New Delhi,National,Registered Society,"{""association_type"": ""National"", ""legal_status"": ""Registered Society"", ""overview"": {""about"": ""AIU is the apex body of universities in India, established in 1925. It facilitates and promotes academic, cultural and sports activities among universities and is responsible for equivalence of foreign degrees."", ""mission"": """", ""vision"": """", ""sector"": ""Higher Education"", ""objectives"": [], ""key_functions"": []}, ""governance"": {""president"": {""name"": """", ""company"": """"}, ""vice_presidents"": [], ""secretary_general"": {""name"": ""Pankaj Mittal"", ""company"": """"}}, ""regional_structure"": {""governance_model"": """", ""headquarters"": ""New Delhi, Delhi"", ""chapters"": []}, ""membership_details"": {""overview_metrics"": [{""label"": ""Total Members"", ""value"": ""900+""}], ""categories"": [], ""requirements"": [], ""application_process"": {}, ""benefits"": [], ""mode_of_application"": """", ""application_url"": """", ""member_login_url"": """"}, ""services_offered"": [], ""programs"": {}, ""events"": {}, ""publications"": {}, ""compliance_policies"": {}, ""partnerships"": {""list"": []}, ""awards"": {""list"": []}, ""transparency"": [], ""digital_presence"": [], ""contact_details"": {""office_address"": ""New Delhi, Delhi, India"", ""phone_number"": """", ""email"": ""aiu@aiuweb.org"", ""website"": ""https://www.aiuweb.org""}}"
42,All India Council for Technical Education (AICTE),Statutory body regulating technical education in India.,AICTE is the statutory body and a national-level council for technical education in India. It is responsible for proper planning and co-ordinated development of the technical education and management education system in India.,1987,All India Council for Technical Education,Statutory Body,T. G. Sitharam,Chairman,chairman@aicte-india.org,association,12000,10000,100000,https://www.aicte-india.org,"Education (Coaching, Preschools, EdTech)",Technical Education Regulator,Technical Education,Delhi,New Delhi,National,Statutory Body,"{""association_type"": ""National"", ""legal_status"": ""Statutory Body"", ""overview"": {""about"": ""AICTE is the statutory body and a national-level council for technical education in India. It is responsible for proper planning and co-ordinated development of the technical education and management education system in India."", ""mission"": """", ""vision"": """", ""sector"": ""Technical Education"", ""objectives"": [], ""key_functions"": []}, ""governance"": {""president"": {""name"": """", ""company"": """"}, ""vice_presidents"": [], ""secretary_general"": {""name"": """", ""company"": """"}}, ""regional_structure"": {""governance_model"": """", ""headquarters"": ""New Delhi, Delhi"", ""chapters"": []}, ""membership_details"": {""overview_metrics"": [{""label"": ""Total Members"", ""value"": ""12000+""}], ""categories"": [], ""requirements"": [], ""application_process"": {}, ""benefits"": [], ""mode_of_application"": """", ""application_url"": """", ""member_login_url"": """"}, ""services_offered"": [], ""programs"": {}, ""events"": {}, ""publications"": {}, ""compliance_policies"": {}, ""partnerships"": {""list"": []}, ""awards"": {""list"": []}, ""transparency"": [], ""digital_presence"": [], ""contact_details"": {""office_address"": ""New Delhi, Delhi, India"", ""phone_number"": """", ""email"": ""chairman@aicte-india.org"", ""website"": ""https://www.aicte-india.org""}}"
43,Advertising Standards Council of India (ASCI),Self-regulatory body of the advertising industry in India.,"ASCI is the self-regulatory organisation of the advertising industry in India, set up in 1985. It ensures advertisements are honest, truthful, and not offensive, working to maintain standards in advertising through its Code for Self-Regulation.",1985,Advertising Standards Council of India,Self-Regulatory Body,Manisha Kapoor,CEO & Secretary General,info@ascionline.org,association,800,25000,1000000,https://www.ascionline.in,"Technology / IT (IT Support, Cybersecurity, Digital Marketing)",Advertising Self-Regulatory Body,Advertising,Maharashtra,Mumbai,National,Registered Society,"{""association_type"": ""National"", ""legal_status"": ""Registered Society"", ""overview"": {""about"": ""ASCI is the self-regulatory organisation of the advertising industry in India, set up in 1985. It ensures advertisements are honest, truthful, and not offensive, working to maintain standards in advertising through its Code for Self-Regulation."", ""mission"": """", ""vision"": """", ""sector"": ""Advertising"", ""objectives"": [], ""key_functions"": []}, ""governance"": {""president"": {""name"": """", ""company"": """"}, ""vice_presidents"": [], ""secretary_general"": {""name"": ""Manisha Kapoor"", ""company"": """"}}, ""regional_structure"": {""governance_model"": """", ""headquarters"": ""Mumbai, Maharashtra"", ""chapters"": []}, ""membership_details"": {""overview_metrics"": [{""label"": ""Total Members"", ""value"": ""800+""}], ""categories"": [], ""requirements"": [], ""application_process"": {}, ""benefits"": [], ""mode_of_application"": """", ""application_url"": """", ""member_login_url"": """"}, ""services_offered"": [], ""programs"": {}, ""events"": {}, ""publications"": {}, ""compliance_policies"": {}, ""partnerships"": {""list"": []}, ""awards"": {""list"": []}, ""transparency"": [], ""digital_presence"": [], ""contact_details"": {""office_address"": ""Mumbai, Maharashtra, India"", ""phone_number"": """", ""email"": ""info@ascionline.org"", ""website"": ""https://www.ascionline.in""}}"
44,Indian Newspaper Society (INS),Apex body of newspaper and news agency publishers in India.,"The Indian Newspaper Society is the apex body of newspaper and news agency publishers in India, founded in 1939. It represents over 1,100 member publications across the country and works to uphold press freedom and newspaper industry interests.",1939,Indian Newspaper Society,Non-profit Industry Body,Shailesh Gupta,President,ins@ins.org.in,association,1100,10000,500000,https://www.ins.org.in,"Technology / IT (IT Support, Cybersecurity, Digital Marketing)",Newspaper Publishers Society,Print Media,Maharashtra,Mumbai,National,Registered Society,"{""association_type"": ""National"", ""legal_status"": ""Registered Society"", ""overview"": {""about"": ""The Indian Newspaper Society is the apex body of newspaper and news agency publishers in India, founded in 1939. It represents over 1,100 member publications across the country and works to uphold press freedom and newspaper industry interests."", ""mission"": """", ""vision"": """", ""sector"": ""Print Media"", ""objectives"": [], ""key_functions"": []}, ""governance"": {""president"": {""name"": ""Shailesh Gupta"", ""company"": """"}, ""vice_presidents"": [], ""secretary_general"": {""name"": """", ""company"": """"}}, ""regional_structure"": {""governance_model"": """", ""headquarters"": ""Mumbai, Maharashtra"", ""chapters"": []}, ""membership_details"": {""overview_metrics"": [{""label"": ""Total Members"", ""value"": ""1100+""}], ""categories"": [], ""requirements"": [], ""application_process"": {}, ""benefits"": [], ""mode_of_application"": """", ""application_url"": """", ""member_login_url"": """"}, ""services_offered"": [], ""programs"": {}, ""events"": {}, ""publications"": {}, ""compliance_policies"": {}, ""partnerships"": {""list"": []}, ""awards"": {""list"": []}, ""transparency"": [], ""digital_presence"": [], ""contact_details"": {""office_address"": ""Mumbai, Maharashtra, India"", ""phone_number"": """", ""email"": ""ins@ins.org.in"", ""website"": ""https://www.ins.org.in""}}"
45,All India Food Processors' Association (AIFPA),Apex body of food processing industry in India.,"AIFPA is the apex body of food processors in India. Established in 1943, it represents the interests of the food processing industry and liaises with government bodies on policy matters related to food processing and exports.",1943,All India Food Processors Association,Non-profit Trade Body,Subodh Jindal,President,aifpa@aifpa.net,association,500,5000,100000,https://www.aifpa.net,"Food & Beverage (QSR, Cafe, Cloud Kitchens)",Food Processing Industry Body,Food Processing,Delhi,New Delhi,National,Registered Society,"{""association_type"": ""National"", ""legal_status"": ""Registered Society"", ""overview"": {""about"": ""AIFPA is the apex body of food processors in India. Established in 1943, it represents the interests of the food processing industry and liaises with government bodies on policy matters related to food processing and exports."", ""mission"": """", ""vision"": """", ""sector"": ""Food Processing"", ""objectives"": [], ""key_functions"": []}, ""governance"": {""president"": {""name"": ""Subodh Jindal"", ""company"": """"}, ""vice_presidents"": [], ""secretary_general"": {""name"": """", ""company"": """"}}, ""regional_structure"": {""governance_model"": """", ""headquarters"": ""New Delhi, Delhi"", ""chapters"": []}, ""membership_details"": {""overview_metrics"": [{""label"": ""Total Members"", ""value"": ""500+""}], ""categories"": [], ""requirements"": [], ""application_process"": {}, ""benefits"": [], ""mode_of_application"": """", ""application_url"": """", ""member_login_url"": """"}, ""services_offered"": [], ""programs"": {}, ""events"": {}, ""publications"": {}, ""compliance_policies"": {}, ""partnerships"": {""list"": []}, ""awards"": {""list"": []}, ""transparency"": [], ""digital_presence"": [], ""contact_details"": {""office_address"": ""New Delhi, Delhi, India"", ""phone_number"": """", ""email"": ""aifpa@aifpa.net"", ""website"": ""https://www.aifpa.net""}}"
46,National Seeds Association of India (NSAI),Apex body of the seed industry in India.,"NSAI is the apex body of the seed industry in India, representing private sector seed companies. It advocates for seed policy reforms, seed quality, and technology adoption to ensure food security.",2000,National Seeds Association of India,Non-profit Trade Body,Ram Kaundinya,Director General,info@nsai.co.in,association,400,10000,200000,https://nsai.co.in,"Agriculture (Agri-tech, Rural Retail, Organic Farming)",Seed Industry Association,Seeds / Input,Delhi,New Delhi,National,Section 8 Company,"{""association_type"": ""National"", ""legal_status"": ""Section 8 Company"", ""overview"": {""about"": ""NSAI is the apex body of the seed industry in India, representing private sector seed companies. It advocates for seed policy reforms, seed quality, and technology adoption to ensure food security."", ""mission"": """", ""vision"": """", ""sector"": ""Seeds / Input"", ""objectives"": [], ""key_functions"": []}, ""governance"": {""president"": {""name"": """", ""company"": """"}, ""vice_presidents"": [], ""secretary_general"": {""name"": ""Ram Kaundinya"", ""company"": """"}}, ""regional_structure"": {""governance_model"": """", ""headquarters"": ""New Delhi, Delhi"", ""chapters"": []}, ""membership_details"": {""overview_metrics"": [{""label"": ""Total Members"", ""value"": ""400+""}], ""categories"": [], ""requirements"": [], ""application_process"": {}, ""benefits"": [], ""mode_of_application"": """", ""application_url"": """", ""member_login_url"": """"}, ""services_offered"": [], ""programs"": {}, ""events"": {}, ""publications"": {}, ""compliance_policies"": {}, ""partnerships"": {""list"": []}, ""awards"": {""list"": []}, ""transparency"": [], ""digital_presence"": [], ""contact_details"": {""office_address"": ""New Delhi, Delhi, India"", ""phone_number"": """", ""email"": ""info@nsai.co.in"", ""website"": ""https://nsai.co.in""}}"
47,APEDA – Agricultural & Processed Food Products Export Development Authority,Government authority promoting export of agricultural produce.,APEDA was established under the Agricultural and Processed Food Products Export Development Authority Act 1985. It is responsible for the promotion and development of export of agricultural and processed food products from India.,1985,Agricultural and Processed Food Products Export Development Authority,Government Authority,Abhishek Dev,Chairman,chairman@apeda.gov.in,association,80000,5000,5000,https://apeda.gov.in,"Government (E-Governance, Documentation services)",Govt. Export Development Authority,Agri Exports,Delhi,New Delhi,National,Statutory Body,"{""association_type"": ""National"", ""legal_status"": ""Statutory Body"", ""overview"": {""about"": ""APEDA was established under the Agricultural and Processed Food Products Export Development Authority Act 1985. It is responsible for the promotion and development of export of agricultural and processed food products from India."", ""mission"": """", ""vision"": """", ""sector"": ""Agri Exports"", ""objectives"": [], ""key_functions"": []}, ""governance"": {""president"": {""name"": """", ""company"": """"}, ""vice_presidents"": [], ""secretary_general"": {""name"": """", ""company"": """"}}, ""regional_structure"": {""governance_model"": """", ""headquarters"": ""New Delhi, Delhi"", ""chapters"": []}, ""membership_details"": {""overview_metrics"": [{""label"": ""Total Members"", ""value"": ""80000+""}], ""categories"": [], ""requirements"": [], ""application_process"": {}, ""benefits"": [], ""mode_of_application"": """", ""application_url"": """", ""member_login_url"": """"}, ""services_offered"": [], ""programs"": {}, ""events"": {}, ""publications"": {}, ""compliance_policies"": {}, ""partnerships"": {""list"": []}, ""awards"": {""list"": []}, ""transparency"": [], ""digital_presence"": [], ""contact_details"": {""office_address"": ""New Delhi, Delhi, India"", ""phone_number"": """", ""email"": ""chairman@apeda.gov.in"", ""website"": ""https://apeda.gov.in""}}"
48,Indian Wind Energy Association (InWEA),Apex body representing India's wind energy industry.,"InWEA is the nodal agency for the Indian wind energy sector and represents the interests of wind energy developers, manufacturers, and service providers. It works to promote wind energy adoption and advocates for a favourable policy environment.",2010,Indian Wind Energy Association,Non-profit Industry Body,Hemant Mistry,Director General,info@windpro.org,association,250,25000,500000,https://www.windpro.org,"Logistics / Manufacturing (Couriers, Warehousing, Light Manufacturing)",Wind Energy Industry Body,Wind Energy,Delhi,New Delhi,National,Section 8 Company,"{""association_type"": ""National"", ""legal_status"": ""Section 8 Company"", ""overview"": {""about"": ""InWEA is the nodal agency for the Indian wind energy sector and represents the interests of wind energy developers, manufacturers, and service providers. It works to promote wind energy adoption and advocates for a favourable policy environment."", ""mission"": """", ""vision"": """", ""sector"": ""Wind Energy"", ""objectives"": [], ""key_functions"": []}, ""governance"": {""president"": {""name"": """", ""company"": """"}, ""vice_presidents"": [], ""secretary_general"": {""name"": ""Hemant Mistry"", ""company"": """"}}, ""regional_structure"": {""governance_model"": """", ""headquarters"": ""New Delhi, Delhi"", ""chapters"": []}, ""membership_details"": {""overview_metrics"": [{""label"": ""Total Members"", ""value"": ""250+""}], ""categories"": [], ""requirements"": [], ""application_process"": {}, ""benefits"": [], ""mode_of_application"": """", ""application_url"": """", ""member_login_url"": """"}, ""services_offered"": [], ""programs"": {}, ""events"": {}, ""publications"": {}, ""compliance_policies"": {}, ""partnerships"": {""list"": []}, ""awards"": {""list"": []}, ""transparency"": [], ""digital_presence"": [], ""contact_details"": {""office_address"": ""New Delhi, Delhi, India"", ""phone_number"": """", ""email"": ""info@windpro.org"", ""website"": ""https://www.windpro.org""}}"
49,Solar Energy Society of India (SESI),Professional society for solar energy in India.,"SESI is a scientific and engineering society that promotes the development and utilisation of solar energy in India. It provides a platform for researchers, engineers, and industry professionals working in renewable energy.",1976,Solar Energy Society of India,Professional Scientific Society,D. P. Rao,President,sesi@sesi.in,association,2000,2000,25000,https://www.sesi.in,"Logistics / Manufacturing (Couriers, Warehousing, Light Manufacturing)",Solar Energy Professional Society,Solar Energy,Delhi,New Delhi,National,Registered Society,"{""association_type"": ""National"", ""legal_status"": ""Registered Society"", ""overview"": {""about"": ""SESI is a scientific and engineering society that promotes the development and utilisation of solar energy in India. It provides a platform for researchers, engineers, and industry professionals working in renewable energy."", ""mission"": """", ""vision"": """", ""sector"": ""Solar Energy"", ""objectives"": [], ""key_functions"": []}, ""governance"": {""president"": {""name"": ""D. P. Rao"", ""company"": """"}, ""vice_presidents"": [], ""secretary_general"": {""name"": """", ""company"": """"}}, ""regional_structure"": {""governance_model"": """", ""headquarters"": ""New Delhi, Delhi"", ""chapters"": []}, ""membership_details"": {""overview_metrics"": [{""label"": ""Total Members"", ""value"": ""2000+""}], ""categories"": [], ""requirements"": [], ""application_process"": {}, ""benefits"": [], ""mode_of_application"": """", ""application_url"": """", ""member_login_url"": """"}, ""services_offered"": [], ""programs"": {}, ""events"": {}, ""publications"": {}, ""compliance_policies"": {}, ""partnerships"": {""list"": []}, ""awards"": {""list"": []}, ""transparency"": [], ""digital_presence"": [], ""contact_details"": {""office_address"": ""New Delhi, Delhi, India"", ""phone_number"": """", ""email"": ""sesi@sesi.in"", ""website"": ""https://www.sesi.in""}}"
50,IEEMA Power Equipment Forum,Apex representative of India's power equipment sector.,"As part of IEEMA's power equipment segment, this forum represents manufacturers of power transformers, switchgear, cables, and energy meters. It advocates for domestic manufacturing under Make in India and energy transition initiatives.",1948,IEEMA Power Sector Committee,Industry Committee,Shailendra Shrivastava,Director General,ieema@ieema.org,association,400,20000,500000,https://www.ieema.org,"Logistics / Manufacturing (Couriers, Warehousing, Light Manufacturing)",Power Equipment Manufacturers Forum,Power Equipment,Maharashtra,Mumbai,National,Registered Society,"{""association_type"": ""National"", ""legal_status"": ""Registered Society"", ""overview"": {""about"": ""As part of IEEMA's power equipment segment, this forum represents manufacturers of power transformers, switchgear, cables, and energy meters. It advocates for domestic manufacturing under Make in India and energy transition initiatives."", ""mission"": """", ""vision"": """", ""sector"": ""Power Equipment"", ""objectives"": [], ""key_functions"": []}, ""governance"": {""president"": {""name"": """", ""company"": """"}, ""vice_presidents"": [], ""secretary_general"": {""name"": ""Shailendra Shrivastava"", ""company"": """"}}, ""regional_structure"": {""governance_model"": """", ""headquarters"": ""Mumbai, Maharashtra"", ""chapters"": []}, ""membership_details"": {""overview_metrics"": [{""label"": ""Total Members"", ""value"": ""400+""}], ""categories"": [], ""requirements"": [], ""application_process"": {}, ""benefits"": [], ""mode_of_application"": """", ""application_url"": """", ""member_login_url"": """"}, ""services_offered"": [], ""programs"": {}, ""events"": {}, ""publications"": {}, ""compliance_policies"": {}, ""partnerships"": {""list"": []}, ""awards"": {""list"": []}, ""transparency"": [], ""digital_presence"": [], ""contact_details"": {""office_address"": ""Mumbai, Maharashtra, India"", ""phone_number"": """", ""email"": ""ieema@ieema.org"", ""website"": ""https://www.ieema.org""}}"
51,All India Motor Transport Congress (AIMTC),Apex body of road transport operators in India.,"AIMTC is the apex body of the road transport sector in India, representing over 95 lakh transport operators. It is the voice of truckers and transport operators and works to address issues related to freight and logistics.",1954,All India Motor Transport Congress,Non-profit Industry Body,S.P. Singh,Senior Vice President,aimtc@aimtc.net,association,9500000,500,50000,https://www.aimtc.net,"Logistics / Manufacturing (Couriers, Warehousing, Light Manufacturing)",Road Transport Apex Body,Road Transport,Delhi,New Delhi,National,Registered Society,"{""association_type"": ""National"", ""legal_status"": ""Registered Society"", ""overview"": {""about"": ""AIMTC is the apex body of the road transport sector in India, representing over 95 lakh transport operators. It is the voice of truckers and transport operators and works to address issues related to freight and logistics."", ""mission"": """", ""vision"": """", ""sector"": ""Road Transport"", ""objectives"": [], ""key_functions"": []}, ""governance"": {""president"": {""name"": ""S.P. Singh"", ""company"": """"}, ""vice_presidents"": [], ""secretary_general"": {""name"": """", ""company"": """"}}, ""regional_structure"": {""governance_model"": """", ""headquarters"": ""New Delhi, Delhi"", ""chapters"": []}, ""membership_details"": {""overview_metrics"": [{""label"": ""Total Members"", ""value"": ""9500000+""}], ""categories"": [], ""requirements"": [], ""application_process"": {}, ""benefits"": [], ""mode_of_application"": """", ""application_url"": """", ""member_login_url"": """"}, ""services_offered"": [], ""programs"": {}, ""events"": {}, ""publications"": {}, ""compliance_policies"": {}, ""partnerships"": {""list"": []}, ""awards"": {""list"": []}, ""transparency"": [], ""digital_presence"": [], ""contact_details"": {""office_address"": ""New Delhi, Delhi, India"", ""phone_number"": """", ""email"": ""aimtc@aimtc.net"", ""website"": ""https://www.aimtc.net""}}"
52,Container Shipping Lines Association (CSLA),Association of container shipping lines operating in India.,"CSLA represents container shipping lines operating in and out of India. It provides a platform for shipping lines to address common industry issues, especially those related to India's trade and maritime policy.",1988,Container Shipping Lines Association,Industry Association,Suresh Kumar,Executive Director,csla@csla-india.org,association,25,100000,2000000,https://www.csla-india.org,"Logistics / Manufacturing (Couriers, Warehousing, Light Manufacturing)",Container Shipping Lines Association,Shipping,Maharashtra,Mumbai,National,Registered Society,"{""association_type"": ""National"", ""legal_status"": ""Registered Society"", ""overview"": {""about"": ""CSLA represents container shipping lines operating in and out of India. It provides a platform for shipping lines to address common industry issues, especially those related to India's trade and maritime policy."", ""mission"": """", ""vision"": """", ""sector"": ""Shipping"", ""objectives"": [], ""key_functions"": []}, ""governance"": {""president"": {""name"": """", ""company"": """"}, ""vice_presidents"": [], ""secretary_general"": {""name"": ""Suresh Kumar"", ""company"": """"}}, ""regional_structure"": {""governance_model"": """", ""headquarters"": ""Mumbai, Maharashtra"", ""chapters"": []}, ""membership_details"": {""overview_metrics"": [{""label"": ""Total Members"", ""value"": ""25+""}], ""categories"": [], ""requirements"": [], ""application_process"": {}, ""benefits"": [], ""mode_of_application"": """", ""application_url"": """", ""member_login_url"": """"}, ""services_offered"": [], ""programs"": {}, ""events"": {}, ""publications"": {}, ""compliance_policies"": {}, ""partnerships"": {""list"": []}, ""awards"": {""list"": []}, ""transparency"": [], ""digital_presence"": [], ""contact_details"": {""office_address"": ""Mumbai, Maharashtra, India"", ""phone_number"": """", ""email"": ""csla@csla-india.org"", ""website"": ""https://www.csla-india.org""}}"
53,Air Cargo Agents Association of India (ACAAI),National body of air cargo agents in India.,"ACAAI is the apex body representing air cargo agents in India. Founded in 1967, it promotes the interests of IATA-accredited cargo agents and coordinates between airlines, shippers and freight forwarders.",1967,Air Cargo Agents Association of India,Non-profit Trade Body,Atul Kulkarni,President,acaai@acaai.in,association,1800,5000,50000,https://www.acaai.in,"Logistics / Manufacturing (Couriers, Warehousing, Light Manufacturing)",Air Cargo Agents Association,Air Cargo,Maharashtra,Mumbai,National,Registered Society,"{""association_type"": ""National"", ""legal_status"": ""Registered Society"", ""overview"": {""about"": ""ACAAI is the apex body representing air cargo agents in India. Founded in 1967, it promotes the interests of IATA-accredited cargo agents and coordinates between airlines, shippers and freight forwarders."", ""mission"": """", ""vision"": """", ""sector"": ""Air Cargo"", ""objectives"": [], ""key_functions"": []}, ""governance"": {""president"": {""name"": ""Atul Kulkarni"", ""company"": """"}, ""vice_presidents"": [], ""secretary_general"": {""name"": """", ""company"": """"}}, ""regional_structure"": {""governance_model"": """", ""headquarters"": ""Mumbai, Maharashtra"", ""chapters"": []}, ""membership_details"": {""overview_metrics"": [{""label"": ""Total Members"", ""value"": ""1800+""}], ""categories"": [], ""requirements"": [], ""application_process"": {}, ""benefits"": [], ""mode_of_application"": """", ""application_url"": """", ""member_login_url"": """"}, ""services_offered"": [], ""programs"": {}, ""events"": {}, ""publications"": {}, ""compliance_policies"": {}, ""partnerships"": {""list"": []}, ""awards"": {""list"": []}, ""transparency"": [], ""digital_presence"": [], ""contact_details"": {""office_address"": ""Mumbai, Maharashtra, India"", ""phone_number"": """", ""email"": ""acaai@acaai.in"", ""website"": ""https://www.acaai.in""}}"
54,Retailers Association of India (RAI),Industry body representing the retail business in India.,"RAI is an industry body representing the retail business in India. Founded in 2004, it works with government and other stakeholders to develop the retail sector, and represents retailers of all formats and sizes.",2004,Retailers Association of India,Non-profit Industry Body,Kumar Rajagopalan,Chief Executive Officer,info@rai.net.in,association,3000,10000,500000,https://www.rai.net.in,"Dealers & Distributors (FMCG, Electronics Distribution)",Retail Trade Association,Retail Trade,Maharashtra,Mumbai,National,Section 8 Company,"{""association_type"": ""National"", ""legal_status"": ""Section 8 Company"", ""overview"": {""about"": ""RAI is an industry body representing the retail business in India. Founded in 2004, it works with government and other stakeholders to develop the retail sector, and represents retailers of all formats and sizes."", ""mission"": """", ""vision"": """", ""sector"": ""Retail Trade"", ""objectives"": [], ""key_functions"": []}, ""governance"": {""president"": {""name"": """", ""company"": """"}, ""vice_presidents"": [], ""secretary_general"": {""name"": ""Kumar Rajagopalan"", ""company"": """"}}, ""regional_structure"": {""governance_model"": """", ""headquarters"": ""Mumbai, Maharashtra"", ""chapters"": []}, ""membership_details"": {""overview_metrics"": [{""label"": ""Total Members"", ""value"": ""3000+""}], ""categories"": [], ""requirements"": [], ""application_process"": {}, ""benefits"": [], ""mode_of_application"": """", ""application_url"": """", ""member_login_url"": """"}, ""services_offered"": [], ""programs"": {}, ""events"": {}, ""publications"": {}, ""compliance_policies"": {}, ""partnerships"": {""list"": []}, ""awards"": {""list"": []}, ""transparency"": [], ""digital_presence"": [], ""contact_details"": {""office_address"": ""Mumbai, Maharashtra, India"", ""phone_number"": """", ""email"": ""info@rai.net.in"", ""website"": ""https://www.rai.net.in""}}"
55,Indian Staffing Federation (ISF),National body of staffing industry in India.,ISF is the national body of the staffing industry in India. It represents over 100 staffing companies that collectively employ millions of flexi-staff across industries and is the official body for policy advocacy in the workforce staffing space.,2013,Indian Staffing Federation,Non-profit Industry Body,Lohit Bhatia,President,lohit.bhatia@isfindia.org,association,125,50000,1000000,https://www.isfindia.org,"Business Services (B2B, HR, Accounting)",HR Staffing Industry Body,Staffing / Workforce,Delhi,New Delhi,National,Section 8 Company,"{""association_type"": ""National"", ""legal_status"": ""Section 8 Company"", ""overview"": {""about"": ""ISF is the national body of the staffing industry in India. It represents over 100 staffing companies that collectively employ millions of flexi-staff across industries and is the official body for policy advocacy in the workforce staffing space."", ""mission"": """", ""vision"": """", ""sector"": ""Staffing / Workforce"", ""objectives"": [], ""key_functions"": []}, ""governance"": {""president"": {""name"": ""Lohit Bhatia"", ""company"": """"}, ""vice_presidents"": [], ""secretary_general"": {""name"": """", ""company"": """"}}, ""regional_structure"": {""governance_model"": """", ""headquarters"": ""New Delhi, Delhi"", ""chapters"": []}, ""membership_details"": {""overview_metrics"": [{""label"": ""Total Members"", ""value"": ""125+""}], ""categories"": [], ""requirements"": [], ""application_process"": {}, ""benefits"": [], ""mode_of_application"": """", ""application_url"": """", ""member_login_url"": """"}, ""services_offered"": [], ""programs"": {}, ""events"": {}, ""publications"": {}, ""compliance_policies"": {}, ""partnerships"": {""list"": []}, ""awards"": {""list"": []}, ""transparency"": [], ""digital_presence"": [], ""contact_details"": {""office_address"": ""New Delhi, Delhi, India"", ""phone_number"": """", ""email"": ""lohit.bhatia@isfindia.org"", ""website"": ""https://www.isfindia.org""}}"
56,National HRD Network (NHRD),Professional body for HR professionals in India.,"National HRD Network is the apex body of HR professionals in India, founded in 1985. It facilitates sharing of knowledge and best practices in human resource management and plays a vital role in the professional development of HR practitioners.",1985,National HRD Network,Professional Body,Aquil Busrai,President,info@nhrd.net,association,80000,3000,50000,https://www.nhrd.net,"Business Services (B2B, HR, Accounting)",HR Professionals Network,Human Resources,Maharashtra,Mumbai,National,Registered Society,"{""association_type"": ""National"", ""legal_status"": ""Registered Society"", ""overview"": {""about"": ""National HRD Network is the apex body of HR professionals in India, founded in 1985. It facilitates sharing of knowledge and best practices in human resource management and plays a vital role in the professional development of HR practitioners."", ""mission"": """", ""vision"": """", ""sector"": ""Human Resources"", ""objectives"": [], ""key_functions"": []}, ""governance"": {""president"": {""name"": ""Aquil Busrai"", ""company"": """"}, ""vice_presidents"": [], ""secretary_general"": {""name"": """", ""company"": """"}}, ""regional_structure"": {""governance_model"": """", ""headquarters"": ""Mumbai, Maharashtra"", ""chapters"": []}, ""membership_details"": {""overview_metrics"": [{""label"": ""Total Members"", ""value"": ""80000+""}], ""categories"": [], ""requirements"": [], ""application_process"": {}, ""benefits"": [], ""mode_of_application"": """", ""application_url"": """", ""member_login_url"": """"}, ""services_offered"": [], ""programs"": {}, ""events"": {}, ""publications"": {}, ""compliance_policies"": {}, ""partnerships"": {""list"": []}, ""awards"": {""list"": []}, ""transparency"": [], ""digital_presence"": [], ""contact_details"": {""office_address"": ""Mumbai, Maharashtra, India"", ""phone_number"": """", ""email"": ""info@nhrd.net"", ""website"": ""https://www.nhrd.net""}}"
57,Bar Council of India (BCI),Statutory body regulating legal practice in India.,"The Bar Council of India is a statutory body established under the Advocates Act, 1961 that regulates legal practice and legal education in India. It prescribes standards for legal education and grants recognition to law universities.",1961,Bar Council of India,Statutory Regulatory Body,Manan Kumar Mishra,Chairman,barcouncilofindia@gmail.com,association,1800000,1000,10000,https://www.barcouncilofindia.org,General (Miscellaneous),Legal Profession Regulatory Body,Legal Profession,Delhi,New Delhi,National,Statutory Body,"{""association_type"": ""National"", ""legal_status"": ""Statutory Body"", ""overview"": {""about"": ""The Bar Council of India is a statutory body established under the Advocates Act, 1961 that regulates legal practice and legal education in India. It prescribes standards for legal education and grants recognition to law universities."", ""mission"": """", ""vision"": """", ""sector"": ""Legal Profession"", ""objectives"": [], ""key_functions"": []}, ""governance"": {""president"": {""name"": """", ""company"": """"}, ""vice_presidents"": [], ""secretary_general"": {""name"": """", ""company"": """"}}, ""regional_structure"": {""governance_model"": """", ""headquarters"": ""New Delhi, Delhi"", ""chapters"": []}, ""membership_details"": {""overview_metrics"": [{""label"": ""Total Members"", ""value"": ""1800000+""}], ""categories"": [], ""requirements"": [], ""application_process"": {}, ""benefits"": [], ""mode_of_application"": """", ""application_url"": """", ""member_login_url"": """"}, ""services_offered"": [], ""programs"": {}, ""events"": {}, ""publications"": {}, ""compliance_policies"": {}, ""partnerships"": {""list"": []}, ""awards"": {""list"": []}, ""transparency"": [], ""digital_presence"": [], ""contact_details"": {""office_address"": ""New Delhi, Delhi, India"", ""phone_number"": """", ""email"": ""barcouncilofindia@gmail.com"", ""website"": ""https://www.barcouncilofindia.org""}}"
58,Federation of Indian Micro and Small & Medium Enterprises (FISME),Apex body for MSMEs in India.,"FISME is one of the largest MSME representative bodies in India. Formed in 1995, it advocates for the 63 million+ MSMEs in India and collaborates with government agencies, international organisations and industry bodies to promote SME growth.",1995,Federation of Indian Micro Small and Medium Enterprises,Non-profit Trade Body,Anil Bhardwaj,Secretary General,fisme@fisme.org.in,association,500000,2000,50000,https://www.fisme.org.in,"Logistics / Manufacturing (Couriers, Warehousing, Light Manufacturing)",MSME Federation,MSME,Delhi,New Delhi,National,Registered Society,"{""association_type"": ""National"", ""legal_status"": ""Registered Society"", ""overview"": {""about"": ""FISME is one of the largest MSME representative bodies in India. Formed in 1995, it advocates for the 63 million+ MSMEs in India and collaborates with government agencies, international organisations and industry bodies to promote SME growth."", ""mission"": """", ""vision"": """", ""sector"": ""MSME"", ""objectives"": [], ""key_functions"": []}, ""governance"": {""president"": {""name"": """", ""company"": """"}, ""vice_presidents"": [], ""secretary_general"": {""name"": ""Anil Bhardwaj"", ""company"": """"}}, ""regional_structure"": {""governance_model"": """", ""headquarters"": ""New Delhi, Delhi"", ""chapters"": []}, ""membership_details"": {""overview_metrics"": [{""label"": ""Total Members"", ""value"": ""500000+""}], ""categories"": [], ""requirements"": [], ""application_process"": {}, ""benefits"": [], ""mode_of_application"": """", ""application_url"": """", ""member_login_url"": """"}, ""services_offered"": [], ""programs"": {}, ""events"": {}, ""publications"": {}, ""compliance_policies"": {}, ""partnerships"": {""list"": []}, ""awards"": {""list"": []}, ""transparency"": [], ""digital_presence"": [], ""contact_details"": {""office_address"": ""New Delhi, Delhi, India"", ""phone_number"": """", ""email"": ""fisme@fisme.org.in"", ""website"": ""https://www.fisme.org.in""}}"
59,All India Association of Industries (AIAI),Representing large and medium industries across India.,"AIAI is one of the oldest and most respected industrial associations in India, established in 1956. It represents large and medium-sized industries across various sectors and works to promote industrialisation and economic development.",1956,All India Association of Industries,Non-profit Trade Body,Vikas Mahatme,President,aiai@aiaiindia.com,association,3000,5000,100000,https://www.aiaiindia.com,"Logistics / Manufacturing (Couriers, Warehousing, Light Manufacturing)",Industries Association,Industry,Maharashtra,Mumbai,National,Registered Society,"{""association_type"": ""National"", ""legal_status"": ""Registered Society"", ""overview"": {""about"": ""AIAI is one of the oldest and most respected industrial associations in India, established in 1956. It represents large and medium-sized industries across various sectors and works to promote industrialisation and economic development."", ""mission"": """", ""vision"": """", ""sector"": ""Industry"", ""objectives"": [], ""key_functions"": []}, ""governance"": {""president"": {""name"": ""Vikas Mahatme"", ""company"": """"}, ""vice_presidents"": [], ""secretary_general"": {""name"": """", ""company"": """"}}, ""regional_structure"": {""governance_model"": """", ""headquarters"": ""Mumbai, Maharashtra"", ""chapters"": []}, ""membership_details"": {""overview_metrics"": [{""label"": ""Total Members"", ""value"": ""3000+""}], ""categories"": [], ""requirements"": [], ""application_process"": {}, ""benefits"": [], ""mode_of_application"": """", ""application_url"": """", ""member_login_url"": """"}, ""services_offered"": [], ""programs"": {}, ""events"": {}, ""publications"": {}, ""compliance_policies"": {}, ""partnerships"": {""list"": []}, ""awards"": {""list"": []}, ""transparency"": [], ""digital_presence"": [], ""contact_details"": {""office_address"": ""Mumbai, Maharashtra, India"", ""phone_number"": """", ""email"": ""aiai@aiaiindia.com"", ""website"": ""https://www.aiaiindia.com""}}"
60,Laghu Udyog Bharati (LUB),National organisation for small enterprises with nationalistic outlook.,"Laghu Udyog Bharati is a nationalist organisation for small industries in India, founded in 1994. It advocates for policies that support small enterprises and promotes Swadeshi manufacturing through its extensive network across Indian states.",1994,Laghu Udyog Bharati,Non-profit Industry Body,Ghanshyam Ojha,National President,laghu@laghuudyogbharati.org,association,200000,500,10000,https://www.laghuudyogbharati.org,"Logistics / Manufacturing (Couriers, Warehousing, Light Manufacturing)",Small Industries Organisation,Small Industries,Delhi,New Delhi,National,Registered Society,"{""association_type"": ""National"", ""legal_status"": ""Registered Society"", ""overview"": {""about"": ""Laghu Udyog Bharati is a nationalist organisation for small industries in India, founded in 1994. It advocates for policies that support small enterprises and promotes Swadeshi manufacturing through its extensive network across Indian states."", ""mission"": """", ""vision"": """", ""sector"": ""Small Industries"", ""objectives"": [], ""key_functions"": []}, ""governance"": {""president"": {""name"": ""Ghanshyam Ojha"", ""company"": """"}, ""vice_presidents"": [], ""secretary_general"": {""name"": """", ""company"": """"}}, ""regional_structure"": {""governance_model"": """", ""headquarters"": ""New Delhi, Delhi"", ""chapters"": []}, ""membership_details"": {""overview_metrics"": [{""label"": ""Total Members"", ""value"": ""200000+""}], ""categories"": [], ""requirements"": [], ""application_process"": {}, ""benefits"": [], ""mode_of_application"": """", ""application_url"": """", ""member_login_url"": """"}, ""services_offered"": [], ""programs"": {}, ""events"": {}, ""publications"": {}, ""compliance_policies"": {}, ""partnerships"": {""list"": []}, ""awards"": {""list"": []}, ""transparency"": [], ""digital_presence"": [], ""contact_details"": {""office_address"": ""New Delhi, Delhi, India"", ""phone_number"": """", ""email"": ""laghu@laghuudyogbharati.org"", ""website"": ""https://www.laghuudyogbharati.org""}}"
61,Builders Association of India (BAI),National body of civil engineering construction contractors.,"BAI, founded in 1941, is the national body of civil engineering construction contractors in India. It represents contractors working on roads, bridges, dams, buildings, and other infrastructure projects and has over 18,000 members across the country.",1941,Builders Association of India,Non-profit Trade Body,Ramanjit Singh Chugh,President,bai@buildersindia.com,association,18000,3000,100000,https://www.buildersindia.com,"Real Estate (Brokerage, Property Management)",Construction Contractors Association,Civil Construction,Maharashtra,Mumbai,National,Registered Society,"{""association_type"": ""National"", ""legal_status"": ""Registered Society"", ""overview"": {""about"": ""BAI, founded in 1941, is the national body of civil engineering construction contractors in India. It represents contractors working on roads, bridges, dams, buildings, and other infrastructure projects and has over 18,000 members across the country."", ""mission"": """", ""vision"": """", ""sector"": ""Civil Construction"", ""objectives"": [], ""key_functions"": []}, ""governance"": {""president"": {""name"": ""Ramanjit Singh Chugh"", ""company"": """"}, ""vice_presidents"": [], ""secretary_general"": {""name"": """", ""company"": """"}}, ""regional_structure"": {""governance_model"": """", ""headquarters"": ""Mumbai, Maharashtra"", ""chapters"": []}, ""membership_details"": {""overview_metrics"": [{""label"": ""Total Members"", ""value"": ""18000+""}], ""categories"": [], ""requirements"": [], ""application_process"": {}, ""benefits"": [], ""mode_of_application"": """", ""application_url"": """", ""member_login_url"": """"}, ""services_offered"": [], ""programs"": {}, ""events"": {}, ""publications"": {}, ""compliance_policies"": {}, ""partnerships"": {""list"": []}, ""awards"": {""list"": []}, ""transparency"": [], ""digital_presence"": [], ""contact_details"": {""office_address"": ""Mumbai, Maharashtra, India"", ""phone_number"": """", ""email"": ""bai@buildersindia.com"", ""website"": ""https://www.buildersindia.com""}}"
62,Federation of Indian Airlines (FIA),Industry body representing scheduled airline operators in India.,"FIA represents the collective interests of scheduled airline operators in India. It engages with regulatory bodies including DGCA, Ministry of Civil Aviation, and AAI, and advocates for a supportive policy framework for civil aviation growth.",2010,Federation of Indian Airlines,Industry Association,Amitabh Kumar,Secretary General,fia@fiaindia.in,association,7,500000,10000000,https://www.fiaindia.in,"Logistics / Manufacturing (Couriers, Warehousing, Light Manufacturing)",Airlines Industry Body,Commercial Aviation,Delhi,New Delhi,National,Registered Society,"{""association_type"": ""National"", ""legal_status"": ""Registered Society"", ""overview"": {""about"": ""FIA represents the collective interests of scheduled airline operators in India. It engages with regulatory bodies including DGCA, Ministry of Civil Aviation, and AAI, and advocates for a supportive policy framework for civil aviation growth."", ""mission"": """", ""vision"": """", ""sector"": ""Commercial Aviation"", ""objectives"": [], ""key_functions"": []}, ""governance"": {""president"": {""name"": """", ""company"": """"}, ""vice_presidents"": [], ""secretary_general"": {""name"": ""Amitabh Kumar"", ""company"": """"}}, ""regional_structure"": {""governance_model"": """", ""headquarters"": ""New Delhi, Delhi"", ""chapters"": []}, ""membership_details"": {""overview_metrics"": [{""label"": ""Total Members"", ""value"": ""7+""}], ""categories"": [], ""requirements"": [], ""application_process"": {}, ""benefits"": [], ""mode_of_application"": """", ""application_url"": """", ""member_login_url"": """"}, ""services_offered"": [], ""programs"": {}, ""events"": {}, ""publications"": {}, ""compliance_policies"": {}, ""partnerships"": {""list"": []}, ""awards"": {""list"": []}, ""transparency"": [], ""digital_presence"": [], ""contact_details"": {""office_address"": ""New Delhi, Delhi, India"", ""phone_number"": """", ""email"": ""fia@fiaindia.in"", ""website"": ""https://www.fiaindia.in""}}"
63,Gems & Jewellery Export Promotion Council (GJEPC),Official body for promotion of gems and jewellery exports.,"GJEPC, set up in 1966 by the Ministry of Commerce, is the apex body for the promotion of gem and jewellery exports from India. It has over 8,000 members and helps members participate in international exhibitions and trade fairs.",1966,Gems and Jewellery Export Promotion Council,Export Promotion Council,Vipul Shah,Chairman,gjepc@gjepcindia.com,association,8000,5000,100000,https://www.gjepc.org,"Fashion (Apparel, Footwear, Accessories)",Gems & Jewellery Export Council,Gems & Jewellery Exports,Maharashtra,Mumbai,National,Registered Society,"{""association_type"": ""National"", ""legal_status"": ""Registered Society"", ""overview"": {""about"": ""GJEPC, set up in 1966 by the Ministry of Commerce, is the apex body for the promotion of gem and jewellery exports from India. It has over 8,000 members and helps members participate in international exhibitions and trade fairs."", ""mission"": """", ""vision"": """", ""sector"": ""Gems & Jewellery Exports"", ""objectives"": [], ""key_functions"": []}, ""governance"": {""president"": {""name"": """", ""company"": """"}, ""vice_presidents"": [], ""secretary_general"": {""name"": """", ""company"": """"}}, ""regional_structure"": {""governance_model"": """", ""headquarters"": ""Mumbai, Maharashtra"", ""chapters"": []}, ""membership_details"": {""overview_metrics"": [{""label"": ""Total Members"", ""value"": ""8000+""}], ""categories"": [], ""requirements"": [], ""application_process"": {}, ""benefits"": [], ""mode_of_application"": """", ""application_url"": """", ""member_login_url"": """"}, ""services_offered"": [], ""programs"": {}, ""events"": {}, ""publications"": {}, ""compliance_policies"": {}, ""partnerships"": {""list"": []}, ""awards"": {""list"": []}, ""transparency"": [], ""digital_presence"": [], ""contact_details"": {""office_address"": ""Mumbai, Maharashtra, India"", ""phone_number"": """", ""email"": ""gjepc@gjepcindia.com"", ""website"": ""https://www.gjepc.org""}}"
64,All India Gems and Jewellery Domestic Council (GJC),National body for domestic gems and jewellery trade.,"GJC is the largest domestic trade body for the gems and jewellery sector in India, representing over 3 lakh jewellery retailers and manufacturers. It promotes the domestic jewellery market and acts as the voice of the industry before government.",2005,All India Gems and Jewellery Domestic Council,Non-profit Trade Body,Saiyam Mehra,Chairman,info@gjc.org.in,association,300000,2000,50000,https://www.gjc.org.in,"Fashion (Apparel, Footwear, Accessories)",Gems & Jewellery Domestic Council,Domestic Trade,Maharashtra,Mumbai,National,Registered Society,"{""association_type"": ""National"", ""legal_status"": ""Registered Society"", ""overview"": {""about"": ""GJC is the largest domestic trade body for the gems and jewellery sector in India, representing over 3 lakh jewellery retailers and manufacturers. It promotes the domestic jewellery market and acts as the voice of the industry before government."", ""mission"": """", ""vision"": """", ""sector"": ""Domestic Trade"", ""objectives"": [], ""key_functions"": []}, ""governance"": {""president"": {""name"": """", ""company"": """"}, ""vice_presidents"": [], ""secretary_general"": {""name"": """", ""company"": """"}}, ""regional_structure"": {""governance_model"": """", ""headquarters"": ""Mumbai, Maharashtra"", ""chapters"": []}, ""membership_details"": {""overview_metrics"": [{""label"": ""Total Members"", ""value"": ""300000+""}], ""categories"": [], ""requirements"": [], ""application_process"": {}, ""benefits"": [], ""mode_of_application"": """", ""application_url"": """", ""member_login_url"": """"}, ""services_offered"": [], ""programs"": {}, ""events"": {}, ""publications"": {}, ""compliance_policies"": {}, ""partnerships"": {""list"": []}, ""awards"": {""list"": []}, ""transparency"": [], ""digital_presence"": [], ""contact_details"": {""office_address"": ""Mumbai, Maharashtra, India"", ""phone_number"": """", ""email"": ""info@gjc.org.in"", ""website"": ""https://www.gjc.org.in""}}"
65,Cellular Operators Association of India (COAI),Apex industry body for cellular and telecom operators.,"COAI is the apex industry body for cellular, mobile and telecom operators in India. Founded in 1995, it represents major telecom operators and works towards the creation of a conducive policy framework for the telecom industry.",1995,Cellular Operators Association of India,Non-profit Industry Body,D.S. Oberoi,Director General,coai@coai.in,association,8,500000,50000000,https://www.coai.in,"Technology / IT (IT Support, Cybersecurity, Digital Marketing)",Cellular & Telecom Operators Body,Mobile & Telecom Services,Delhi,New Delhi,National,Registered Society,"{""association_type"": ""National"", ""legal_status"": ""Registered Society"", ""overview"": {""about"": ""COAI is the apex industry body for cellular, mobile and telecom operators in India. Founded in 1995, it represents major telecom operators and works towards the creation of a conducive policy framework for the telecom industry."", ""mission"": ""To facilitate the growth of the telecom industry in a fair and transparent manner."", ""vision"": """", ""sector"": ""Mobile & Telecom Services"", ""objectives"": [], ""key_functions"": [""Spectrum policy advocacy"", ""Telecom infrastructure development"", ""Regulatory engagement with TRAI/DoT""]}, ""governance"": {""president"": {""name"": """", ""company"": """"}, ""vice_presidents"": [], ""secretary_general"": {""name"": ""D.S. Oberoi"", ""company"": """"}}, ""regional_structure"": {""governance_model"": """", ""headquarters"": ""New Delhi, Delhi"", ""chapters"": []}, ""membership_details"": {""overview_metrics"": [{""label"": ""Total Members"", ""value"": ""8+""}], ""categories"": [], ""requirements"": [], ""application_process"": {}, ""benefits"": [], ""mode_of_application"": """", ""application_url"": """", ""member_login_url"": """"}, ""services_offered"": [], ""programs"": {}, ""events"": {}, ""publications"": {}, ""compliance_policies"": {}, ""partnerships"": {""list"": []}, ""awards"": {""list"": []}, ""transparency"": [], ""digital_presence"": [], ""contact_details"": {""office_address"": ""New Delhi, Delhi, India"", ""phone_number"": """", ""email"": ""coai@coai.in"", ""website"": ""https://www.coai.in""}}"
66,Indian Chamber of Commerce (ICC) – Telecom Forum,Regional body promoting telecom sector growth in eastern India.,"The ICC Telecom Forum is an industry group under the Indian Chamber of Commerce that focuses on telecom and ICT sector development in eastern and north-eastern India, engaging with operators, vendors, and government regulators.",1925,Indian Chamber of Commerce Telecom Forum,Industry Forum,Rajeev Singh,Director General,info@indianchamber.net,association,4000,5000,200000,https://www.indianchamber.net,"Technology / IT (IT Support, Cybersecurity, Digital Marketing)",Regional Telecom & ICT Forum,ICT,West Bengal,Kolkata,Regional,Registered Society,"{""association_type"": ""Regional"", ""legal_status"": ""Registered Society"", ""overview"": {""about"": ""The ICC Telecom Forum is an industry group under the Indian Chamber of Commerce that focuses on telecom and ICT sector development in eastern and north-eastern India, engaging with operators, vendors, and government regulators."", ""mission"": """", ""vision"": """", ""sector"": ""ICT"", ""objectives"": [], ""key_functions"": []}, ""governance"": {""president"": {""name"": """", ""company"": """"}, ""vice_presidents"": [], ""secretary_general"": {""name"": ""Rajeev Singh"", ""company"": """"}}, ""regional_structure"": {""governance_model"": """", ""headquarters"": ""Kolkata, West Bengal"", ""chapters"": []}, ""membership_details"": {""overview_metrics"": [{""label"": ""Total Members"", ""value"": ""4000+""}], ""categories"": [], ""requirements"": [], ""application_process"": {}, ""benefits"": [], ""mode_of_application"": """", ""application_url"": """", ""member_login_url"": """"}, ""services_offered"": [], ""programs"": {}, ""events"": {}, ""publications"": {}, ""compliance_policies"": {}, ""partnerships"": {""list"": []}, ""awards"": {""list"": []}, ""transparency"": [], ""digital_presence"": [], ""contact_details"": {""office_address"": ""Kolkata, West Bengal, India"", ""phone_number"": """", ""email"": ""info@indianchamber.net"", ""website"": ""https://www.indianchamber.net""}}"
67,National Horticulture Board (NHB),Government body promoting horticulture development across India.,NHB is a national level organisation established in 1984 under the Ministry of Agriculture. It supports development of commercial horticulture and provides assistance for development of pre and post-harvest infrastructure.,1984,National Horticulture Board,Government Body,Prabhat Kumar,Managing Director,chairman@nhb.gov.in,association,5000,0,0,https://nhb.gov.in,"Government (E-Governance, Documentation services)",Govt. Horticulture Board,Govt. Agency,Haryana,Gurugram,National,Statutory Body,"{""association_type"": ""National"", ""legal_status"": ""Statutory Body"", ""overview"": {""about"": ""NHB is a national level organisation established in 1984 under the Ministry of Agriculture. It supports development of commercial horticulture and provides assistance for development of pre and post-harvest infrastructure."", ""mission"": """", ""vision"": """", ""sector"": ""Govt. Agency"", ""objectives"": [], ""key_functions"": []}, ""governance"": {""president"": {""name"": """", ""company"": """"}, ""vice_presidents"": [], ""secretary_general"": {""name"": """", ""company"": """"}}, ""regional_structure"": {""governance_model"": """", ""headquarters"": ""Gurugram, Haryana"", ""chapters"": []}, ""membership_details"": {""overview_metrics"": [{""label"": ""Total Members"", ""value"": ""5000+""}], ""categories"": [], ""requirements"": [], ""application_process"": {}, ""benefits"": [], ""mode_of_application"": """", ""application_url"": """", ""member_login_url"": """"}, ""services_offered"": [], ""programs"": {}, ""events"": {}, ""publications"": {}, ""compliance_policies"": {}, ""partnerships"": {""list"": []}, ""awards"": {""list"": []}, ""transparency"": [], ""digital_presence"": [], ""contact_details"": {""office_address"": ""Gurugram, Haryana, India"", ""phone_number"": """", ""email"": ""chairman@nhb.gov.in"", ""website"": ""https://nhb.gov.in""}}"
68,Indian Fresh Produce Association (IFPA),Industry body for fresh fruits and vegetables sector in India.,"IFPA India promotes the interests of fresh produce supply chain stakeholders. It facilitates industry dialogue on cold chain development, post-harvest management, and global market access for Indian fresh produce.",2010,Indian Fresh Produce Association,Non-profit Industry Body,Pankaj Khandelwal,President,info@ifpaindia.org,association,500,10000,100000,https://www.ifpaindia.org,"Agriculture (Agri-tech, Rural Retail, Organic Farming)",Fresh Produce Industry Body,Fresh Produce,Delhi,New Delhi,National,Section 8 Company,"{""association_type"": ""National"", ""legal_status"": ""Section 8 Company"", ""overview"": {""about"": ""IFPA India promotes the interests of fresh produce supply chain stakeholders. It facilitates industry dialogue on cold chain development, post-harvest management, and global market access for Indian fresh produce."", ""mission"": """", ""vision"": """", ""sector"": ""Fresh Produce"", ""objectives"": [], ""key_functions"": []}, ""governance"": {""president"": {""name"": ""Pankaj Khandelwal"", ""company"": """"}, ""vice_presidents"": [], ""secretary_general"": {""name"": """", ""company"": """"}}, ""regional_structure"": {""governance_model"": """", ""headquarters"": ""New Delhi, Delhi"", ""chapters"": []}, ""membership_details"": {""overview_metrics"": [{""label"": ""Total Members"", ""value"": ""500+""}], ""categories"": [], ""requirements"": [], ""application_process"": {}, ""benefits"": [], ""mode_of_application"": """", ""application_url"": """", ""member_login_url"": """"}, ""services_offered"": [], ""programs"": {}, ""events"": {}, ""publications"": {}, ""compliance_policies"": {}, ""partnerships"": {""list"": []}, ""awards"": {""list"": []}, ""transparency"": [], ""digital_presence"": [], ""contact_details"": {""office_address"": ""New Delhi, Delhi, India"", ""phone_number"": """", ""email"": ""info@ifpaindia.org"", ""website"": ""https://www.ifpaindia.org""}}"
69,Spices Board of India,Statutory body promoting Indian spices globally.,"Spices Board of India is a statutory body under the Ministry of Commerce & Industry, set up in 1987. It is responsible for the development and worldwide promotion of Indian spices and regulates the export of spices from India.",1987,Spices Board of India,Statutory Regulatory Body,D. Sathiyan,Chairman,spicesboard@nic.in,association,3000,500,10000,https://indianspices.com,"Government (E-Governance, Documentation services)",Govt. Spices Regulatory Board,Spices,Kerala,Kochi,National,Statutory Body,"{""association_type"": ""National"", ""legal_status"": ""Statutory Body"", ""overview"": {""about"": ""Spices Board of India is a statutory body under the Ministry of Commerce & Industry, set up in 1987. It is responsible for the development and worldwide promotion of Indian spices and regulates the export of spices from India."", ""mission"": """", ""vision"": """", ""sector"": ""Spices"", ""objectives"": [], ""key_functions"": []}, ""governance"": {""president"": {""name"": """", ""company"": """"}, ""vice_presidents"": [], ""secretary_general"": {""name"": """", ""company"": """"}}, ""regional_structure"": {""governance_model"": """", ""headquarters"": ""Kochi, Kerala"", ""chapters"": []}, ""membership_details"": {""overview_metrics"": [{""label"": ""Total Members"", ""value"": ""3000+""}], ""categories"": [], ""requirements"": [], ""application_process"": {}, ""benefits"": [], ""mode_of_application"": """", ""application_url"": """", ""member_login_url"": """"}, ""services_offered"": [], ""programs"": {}, ""events"": {}, ""publications"": {}, ""compliance_policies"": {}, ""partnerships"": {""list"": []}, ""awards"": {""list"": []}, ""transparency"": [], ""digital_presence"": [], ""contact_details"": {""office_address"": ""Kochi, Kerala, India"", ""phone_number"": """", ""email"": ""spicesboard@nic.in"", ""website"": ""https://indianspices.com""}}"
70,Cashew Export Promotion Council (CEPCI),Government-supported body promoting cashew exports from India.,"CEPCI, established in 1955, is the apex body for the cashew industry in India. It promotes the export of cashew kernels and allied products from India and provides support to members for participation in global trade events.",1955,Cashew Export Promotion Council of India,Export Promotion Council,Ramesh K. Nair,Executive Director,cepci@cashewindia.org,association,650,3000,50000,https://cashewindia.org,"Agriculture (Agri-tech, Rural Retail, Organic Farming)",Cashew Export Promotion Council,Plantation Crop Exports,Kerala,Kochi,National,Registered Society,"{""association_type"": ""National"", ""legal_status"": ""Registered Society"", ""overview"": {""about"": ""CEPCI, established in 1955, is the apex body for the cashew industry in India. It promotes the export of cashew kernels and allied products from India and provides support to members for participation in global trade events."", ""mission"": """", ""vision"": """", ""sector"": ""Plantation Crop Exports"", ""objectives"": [], ""key_functions"": []}, ""governance"": {""president"": {""name"": """", ""company"": """"}, ""vice_presidents"": [], ""secretary_general"": {""name"": ""Ramesh K. Nair"", ""company"": """"}}, ""regional_structure"": {""governance_model"": """", ""headquarters"": ""Kochi, Kerala"", ""chapters"": []}, ""membership_details"": {""overview_metrics"": [{""label"": ""Total Members"", ""value"": ""650+""}], ""categories"": [], ""requirements"": [], ""application_process"": {}, ""benefits"": [], ""mode_of_application"": """", ""application_url"": """", ""member_login_url"": """"}, ""services_offered"": [], ""programs"": {}, ""events"": {}, ""publications"": {}, ""compliance_policies"": {}, ""partnerships"": {""list"": []}, ""awards"": {""list"": []}, ""transparency"": [], ""digital_presence"": [], ""contact_details"": {""office_address"": ""Kochi, Kerala, India"", ""phone_number"": """", ""email"": ""cepci@cashewindia.org"", ""website"": ""https://cashewindia.org""}}"
71,Board of Control for Cricket in India (BCCI),National governing body for cricket in India.,"BCCI is the national governing body for cricket in India. Founded in 1928, it is the richest cricket board in the world and manages India's national cricket teams, domestic competitions, and the Indian Premier League (IPL).",1928,Board of Control for Cricket in India,Sports Governing Body,Roger Binny,President,office@bcci.tv,association,30,0,0,https://www.bcci.tv,"Sports & Fitness (Gyms, Yoga, Sports Academies)",Cricket Governing Body,Cricket,Maharashtra,Mumbai,National,Registered Society,"{""association_type"": ""National"", ""legal_status"": ""Registered Society"", ""overview"": {""about"": ""BCCI is the national governing body for cricket in India. Founded in 1928, it is the richest cricket board in the world and manages India's national cricket teams, domestic competitions, and the Indian Premier League (IPL)."", ""mission"": """", ""vision"": """", ""sector"": ""Cricket"", ""objectives"": [], ""key_functions"": []}, ""governance"": {""president"": {""name"": ""Roger Binny"", ""company"": """"}, ""vice_presidents"": [], ""secretary_general"": {""name"": """", ""company"": """"}}, ""regional_structure"": {""governance_model"": """", ""headquarters"": ""Mumbai, Maharashtra"", ""chapters"": []}, ""membership_details"": {""overview_metrics"": [{""label"": ""Total Members"", ""value"": ""30+""}], ""categories"": [], ""requirements"": [], ""application_process"": {}, ""benefits"": [], ""mode_of_application"": """", ""application_url"": """", ""member_login_url"": """"}, ""services_offered"": [], ""programs"": {}, ""events"": {}, ""publications"": {}, ""compliance_policies"": {}, ""partnerships"": {""list"": []}, ""awards"": {""list"": []}, ""transparency"": [], ""digital_presence"": [], ""contact_details"": {""office_address"": ""Mumbai, Maharashtra, India"", ""phone_number"": """", ""email"": ""office@bcci.tv"", ""website"": ""https://www.bcci.tv""}}"
72,All India Football Federation (AIFF),Governing body of football in India.,"AIFF is the governing body for football in India, established in 1937. It is affiliated to FIFA and the Asian Football Confederation and manages the Indian National Football Team and domestic league competitions.",1937,All India Football Federation,Sports Governing Body,Kalyan Chaubey,President,aiff@the-aiff.com,association,36,0,0,https://www.the-aiff.com,"Sports & Fitness (Gyms, Yoga, Sports Academies)",Football Governing Body,Football,Delhi,New Delhi,National,Registered Society,"{""association_type"": ""National"", ""legal_status"": ""Registered Society"", ""overview"": {""about"": ""AIFF is the governing body for football in India, established in 1937. It is affiliated to FIFA and the Asian Football Confederation and manages the Indian National Football Team and domestic league competitions."", ""mission"": """", ""vision"": """", ""sector"": ""Football"", ""objectives"": [], ""key_functions"": []}, ""governance"": {""president"": {""name"": ""Kalyan Chaubey"", ""company"": """"}, ""vice_presidents"": [], ""secretary_general"": {""name"": """", ""company"": """"}}, ""regional_structure"": {""governance_model"": """", ""headquarters"": ""New Delhi, Delhi"", ""chapters"": []}, ""membership_details"": {""overview_metrics"": [{""label"": ""Total Members"", ""value"": ""36+""}], ""categories"": [], ""requirements"": [], ""application_process"": {}, ""benefits"": [], ""mode_of_application"": """", ""application_url"": """", ""member_login_url"": """"}, ""services_offered"": [], ""programs"": {}, ""events"": {}, ""publications"": {}, ""compliance_policies"": {}, ""partnerships"": {""list"": []}, ""awards"": {""list"": []}, ""transparency"": [], ""digital_presence"": [], ""contact_details"": {""office_address"": ""New Delhi, Delhi, India"", ""phone_number"": """", ""email"": ""aiff@the-aiff.com"", ""website"": ""https://www.the-aiff.com""}}"
73,Hockey India,National governing body for field hockey in India.,Hockey India is the national governing body for field hockey in India. It is affiliated to International Hockey Federation (FIH) and the Asian Hockey Federation and manages the national teams and domestic competitions including the Hockey India League.,2009,Hockey India,Sports Governing Body,Dilip Tirkey,President,info@hockeyindia.org,association,29,0,0,https://www.hockeyindia.org,"Sports & Fitness (Gyms, Yoga, Sports Academies)",Hockey Governing Body,Hockey,Delhi,New Delhi,National,Registered Society,"{""association_type"": ""National"", ""legal_status"": ""Registered Society"", ""overview"": {""about"": ""Hockey India is the national governing body for field hockey in India. It is affiliated to International Hockey Federation (FIH) and the Asian Hockey Federation and manages the national teams and domestic competitions including the Hockey India League."", ""mission"": """", ""vision"": """", ""sector"": ""Hockey"", ""objectives"": [], ""key_functions"": []}, ""governance"": {""president"": {""name"": ""Dilip Tirkey"", ""company"": """"}, ""vice_presidents"": [], ""secretary_general"": {""name"": """", ""company"": """"}}, ""regional_structure"": {""governance_model"": """", ""headquarters"": ""New Delhi, Delhi"", ""chapters"": []}, ""membership_details"": {""overview_metrics"": [{""label"": ""Total Members"", ""value"": ""29+""}], ""categories"": [], ""requirements"": [], ""application_process"": {}, ""benefits"": [], ""mode_of_application"": """", ""application_url"": """", ""member_login_url"": """"}, ""services_offered"": [], ""programs"": {}, ""events"": {}, ""publications"": {}, ""compliance_policies"": {}, ""partnerships"": {""list"": []}, ""awards"": {""list"": []}, ""transparency"": [], ""digital_presence"": [], ""contact_details"": {""office_address"": ""New Delhi, Delhi, India"", ""phone_number"": """", ""email"": ""info@hockeyindia.org"", ""website"": ""https://www.hockeyindia.org""}}"
74,Athletics Federation of India (AFI),Governing body of athletics in India.,"AFI is the national governing body for athletics in India, affiliated to World Athletics and the Asian Athletics Association. It organises national championships, selects and manages athletes for international competitions.",1946,Athletics Federation of India,Sports Governing Body,Adille Sumariwalla,President,afiathleticsfederation@gmail.com,association,32,0,0,https://www.atleticsindia.com,"Sports & Fitness (Gyms, Yoga, Sports Academies)",Athletics Governing Body,Athletics,Delhi,New Delhi,National,Registered Society,"{""association_type"": ""National"", ""legal_status"": ""Registered Society"", ""overview"": {""about"": ""AFI is the national governing body for athletics in India, affiliated to World Athletics and the Asian Athletics Association. It organises national championships, selects and manages athletes for international competitions."", ""mission"": """", ""vision"": """", ""sector"": ""Athletics"", ""objectives"": [], ""key_functions"": []}, ""governance"": {""president"": {""name"": ""Adille Sumariwalla"", ""company"": """"}, ""vice_presidents"": [], ""secretary_general"": {""name"": """", ""company"": """"}}, ""regional_structure"": {""governance_model"": """", ""headquarters"": ""New Delhi, Delhi"", ""chapters"": []}, ""membership_details"": {""overview_metrics"": [{""label"": ""Total Members"", ""value"": ""32+""}], ""categories"": [], ""requirements"": [], ""application_process"": {}, ""benefits"": [], ""mode_of_application"": """", ""application_url"": """", ""member_login_url"": """"}, ""services_offered"": [], ""programs"": {}, ""events"": {}, ""publications"": {}, ""compliance_policies"": {}, ""partnerships"": {""list"": []}, ""awards"": {""list"": []}, ""transparency"": [], ""digital_presence"": [], ""contact_details"": {""office_address"": ""New Delhi, Delhi, India"", ""phone_number"": """", ""email"": ""afiathleticsfederation@gmail.com"", ""website"": ""https://www.atleticsindia.com""}}"
75,Badminton Association of India (BAI),National governing body for badminton in India.,"BAI is the governing body for badminton in India, founded in 1934. It is affiliated to the Badminton World Federation and manages the national badminton teams and organises competitions like the National Badminton Championship.",1934,Badminton Association of India,Sports Governing Body,Himanta Biswa Sarma,President,bai@badmintonindia.org,association,28,0,0,https://www.badmintonindia.org,"Sports & Fitness (Gyms, Yoga, Sports Academies)",Badminton Governing Body,Badminton,Delhi,New Delhi,National,Registered Society,"{""association_type"": ""National"", ""legal_status"": ""Registered Society"", ""overview"": {""about"": ""BAI is the governing body for badminton in India, founded in 1934. It is affiliated to the Badminton World Federation and manages the national badminton teams and organises competitions like the National Badminton Championship."", ""mission"": """", ""vision"": """", ""sector"": ""Badminton"", ""objectives"": [], ""key_functions"": []}, ""governance"": {""president"": {""name"": ""Himanta Biswa Sarma"", ""company"": """"}, ""vice_presidents"": [], ""secretary_general"": {""name"": """", ""company"": """"}}, ""regional_structure"": {""governance_model"": """", ""headquarters"": ""New Delhi, Delhi"", ""chapters"": []}, ""membership_details"": {""overview_metrics"": [{""label"": ""Total Members"", ""value"": ""28+""}], ""categories"": [], ""requirements"": [], ""application_process"": {}, ""benefits"": [], ""mode_of_application"": """", ""application_url"": """", ""member_login_url"": """"}, ""services_offered"": [], ""programs"": {}, ""events"": {}, ""publications"": {}, ""compliance_policies"": {}, ""partnerships"": {""list"": []}, ""awards"": {""list"": []}, ""transparency"": [], ""digital_presence"": [], ""contact_details"": {""office_address"": ""New Delhi, Delhi, India"", ""phone_number"": """", ""email"": ""bai@badmintonindia.org"", ""website"": ""https://www.badmintonindia.org""}}"
76,Wrestling Federation of India (WFI),National governing body for wrestling in India.,"WFI is the national federation for wrestling in India, affiliated to United World Wrestling (UWW) and Asian Wrestling Confederation. It governs freestyle, Greco-Roman, and women's wrestling in India.",1967,Wrestling Federation of India,Sports Governing Body,Sanjay Singh,President,wfi@wrestlingindia.org,association,29,0,0,https://www.wrestlingindia.org,"Sports & Fitness (Gyms, Yoga, Sports Academies)",Wrestling Governing Body,Wrestling,Delhi,New Delhi,National,Registered Society,"{""association_type"": ""National"", ""legal_status"": ""Registered Society"", ""overview"": {""about"": ""WFI is the national federation for wrestling in India, affiliated to United World Wrestling (UWW) and Asian Wrestling Confederation. It governs freestyle, Greco-Roman, and women's wrestling in India."", ""mission"": """", ""vision"": """", ""sector"": ""Wrestling"", ""objectives"": [], ""key_functions"": []}, ""governance"": {""president"": {""name"": ""Sanjay Singh"", ""company"": """"}, ""vice_presidents"": [], ""secretary_general"": {""name"": """", ""company"": """"}}, ""regional_structure"": {""governance_model"": """", ""headquarters"": ""New Delhi, Delhi"", ""chapters"": []}, ""membership_details"": {""overview_metrics"": [{""label"": ""Total Members"", ""value"": ""29+""}], ""categories"": [], ""requirements"": [], ""application_process"": {}, ""benefits"": [], ""mode_of_application"": """", ""application_url"": """", ""member_login_url"": """"}, ""services_offered"": [], ""programs"": {}, ""events"": {}, ""publications"": {}, ""compliance_policies"": {}, ""partnerships"": {""list"": []}, ""awards"": {""list"": []}, ""transparency"": [], ""digital_presence"": [], ""contact_details"": {""office_address"": ""New Delhi, Delhi, India"", ""phone_number"": """", ""email"": ""wfi@wrestlingindia.org"", ""website"": ""https://www.wrestlingindia.org""}}"
77,Table Tennis Federation of India (TTFI),Governing body for table tennis in India.,"TTFI is the national federation for table tennis in India, affiliated to the International Table Tennis Federation (ITTF) and Asian Table Tennis Union. It promotes the sport through national championships and development programmes.",1938,Table Tennis Federation of India,Sports Governing Body,Dushyant Chautala,President,ttfi@ttfionline.com,association,31,0,0,https://www.ttfionline.com,"Sports & Fitness (Gyms, Yoga, Sports Academies)",Table Tennis Governing Body,Table Tennis,Delhi,New Delhi,National,Registered Society,"{""association_type"": ""National"", ""legal_status"": ""Registered Society"", ""overview"": {""about"": ""TTFI is the national federation for table tennis in India, affiliated to the International Table Tennis Federation (ITTF) and Asian Table Tennis Union. It promotes the sport through national championships and development programmes."", ""mission"": """", ""vision"": """", ""sector"": ""Table Tennis"", ""objectives"": [], ""key_functions"": []}, ""governance"": {""president"": {""name"": ""Dushyant Chautala"", ""company"": """"}, ""vice_presidents"": [], ""secretary_general"": {""name"": """", ""company"": """"}}, ""regional_structure"": {""governance_model"": """", ""headquarters"": ""New Delhi, Delhi"", ""chapters"": []}, ""membership_details"": {""overview_metrics"": [{""label"": ""Total Members"", ""value"": ""31+""}], ""categories"": [], ""requirements"": [], ""application_process"": {}, ""benefits"": [], ""mode_of_application"": """", ""application_url"": """", ""member_login_url"": """"}, ""services_offered"": [], ""programs"": {}, ""events"": {}, ""publications"": {}, ""compliance_policies"": {}, ""partnerships"": {""list"": []}, ""awards"": {""list"": []}, ""transparency"": [], ""digital_presence"": [], ""contact_details"": {""office_address"": ""New Delhi, Delhi, India"", ""phone_number"": """", ""email"": ""ttfi@ttfionline.com"", ""website"": ""https://www.ttfionline.com""}}"
78,Volleyball Federation of India (VFI),National governing body for volleyball in India.,"VFI is the national governing body for volleyball in India, affiliated to FIVB and Asian Volleyball Confederation. It manages national volleyball teams and organises competitions including the National Volleyball Championship.",1951,Volleyball Federation of India,Sports Governing Body,Achanta Sharath Kamal,President,vfi@volleyballindia.in,association,31,0,0,https://www.volleyballindia.in,"Sports & Fitness (Gyms, Yoga, Sports Academies)",Volleyball Governing Body,Volleyball,Delhi,New Delhi,National,Registered Society,"{""association_type"": ""National"", ""legal_status"": ""Registered Society"", ""overview"": {""about"": ""VFI is the national governing body for volleyball in India, affiliated to FIVB and Asian Volleyball Confederation. It manages national volleyball teams and organises competitions including the National Volleyball Championship."", ""mission"": """", ""vision"": """", ""sector"": ""Volleyball"", ""objectives"": [], ""key_functions"": []}, ""governance"": {""president"": {""name"": ""Achanta Sharath Kamal"", ""company"": """"}, ""vice_presidents"": [], ""secretary_general"": {""name"": """", ""company"": """"}}, ""regional_structure"": {""governance_model"": """", ""headquarters"": ""New Delhi, Delhi"", ""chapters"": []}, ""membership_details"": {""overview_metrics"": [{""label"": ""Total Members"", ""value"": ""31+""}], ""categories"": [], ""requirements"": [], ""application_process"": {}, ""benefits"": [], ""mode_of_application"": """", ""application_url"": """", ""member_login_url"": """"}, ""services_offered"": [], ""programs"": {}, ""events"": {}, ""publications"": {}, ""compliance_policies"": {}, ""partnerships"": {""list"": []}, ""awards"": {""list"": []}, ""transparency"": [], ""digital_presence"": [], ""contact_details"": {""office_address"": ""New Delhi, Delhi, India"", ""phone_number"": """", ""email"": ""vfi@volleyballindia.in"", ""website"": ""https://www.volleyballindia.in""}}"
79,Boxing Federation of India (BFI),National governing body for boxing in India.,"BFI is the national federation for amateur boxing in India, affiliated to World Boxing (WB) and Asian Boxing Confederation. It selects and trains boxers for international competition including the Olympics.",1949,Boxing Federation of India,Sports Governing Body,Ajay Singh,President,info@bfi.boxing.in,association,31,0,0,https://www.bfi.boxing.in,"Sports & Fitness (Gyms, Yoga, Sports Academies)",Boxing Governing Body,Boxing,Delhi,New Delhi,National,Registered Society,"{""association_type"": ""National"", ""legal_status"": ""Registered Society"", ""overview"": {""about"": ""BFI is the national federation for amateur boxing in India, affiliated to World Boxing (WB) and Asian Boxing Confederation. It selects and trains boxers for international competition including the Olympics."", ""mission"": """", ""vision"": """", ""sector"": ""Boxing"", ""objectives"": [], ""key_functions"": []}, ""governance"": {""president"": {""name"": ""Ajay Singh"", ""company"": """"}, ""vice_presidents"": [], ""secretary_general"": {""name"": """", ""company"": """"}}, ""regional_structure"": {""governance_model"": """", ""headquarters"": ""New Delhi, Delhi"", ""chapters"": []}, ""membership_details"": {""overview_metrics"": [{""label"": ""Total Members"", ""value"": ""31+""}], ""categories"": [], ""requirements"": [], ""application_process"": {}, ""benefits"": [], ""mode_of_application"": """", ""application_url"": """", ""member_login_url"": """"}, ""services_offered"": [], ""programs"": {}, ""events"": {}, ""publications"": {}, ""compliance_policies"": {}, ""partnerships"": {""list"": []}, ""awards"": {""list"": []}, ""transparency"": [], ""digital_presence"": [], ""contact_details"": {""office_address"": ""New Delhi, Delhi, India"", ""phone_number"": """", ""email"": ""info@bfi.boxing.in"", ""website"": ""https://www.bfi.boxing.in""}}"
80,Weightlifting Federation of India (WFI-WL),National governing body for weightlifting in India.,"The Weightlifting Federation of India is affiliated to IWF and Asian Weightlifting Federation. It governs Olympic weightlifting, organises national championships, and selects athletes for international competition.",1936,Weightlifting Federation of India,Sports Governing Body,Sahdev Yadav,President,wfi@weightliftingindia.in,association,28,0,0,https://www.weightliftingindia.in,"Sports & Fitness (Gyms, Yoga, Sports Academies)",Weightlifting Governing Body,Weightlifting,Delhi,New Delhi,National,Registered Society,"{""association_type"": ""National"", ""legal_status"": ""Registered Society"", ""overview"": {""about"": ""The Weightlifting Federation of India is affiliated to IWF and Asian Weightlifting Federation. It governs Olympic weightlifting, organises national championships, and selects athletes for international competition."", ""mission"": """", ""vision"": """", ""sector"": ""Weightlifting"", ""objectives"": [], ""key_functions"": []}, ""governance"": {""president"": {""name"": ""Sahdev Yadav"", ""company"": """"}, ""vice_presidents"": [], ""secretary_general"": {""name"": """", ""company"": """"}}, ""regional_structure"": {""governance_model"": """", ""headquarters"": ""New Delhi, Delhi"", ""chapters"": []}, ""membership_details"": {""overview_metrics"": [{""label"": ""Total Members"", ""value"": ""28+""}], ""categories"": [], ""requirements"": [], ""application_process"": {}, ""benefits"": [], ""mode_of_application"": """", ""application_url"": """", ""member_login_url"": """"}, ""services_offered"": [], ""programs"": {}, ""events"": {}, ""publications"": {}, ""compliance_policies"": {}, ""partnerships"": {""list"": []}, ""awards"": {""list"": []}, ""transparency"": [], ""digital_presence"": [], ""contact_details"": {""office_address"": ""New Delhi, Delhi, India"", ""phone_number"": """", ""email"": ""wfi@weightliftingindia.in"", ""website"": ""https://www.weightliftingindia.in""}}"
81,Healthcare Federation of India (NATHEALTH),Apex body for private healthcare industry in India.,"NATHEALTH is the apex body for private healthcare in India. Founded in 2012, it represents hospitals, pharmacies, diagnostics, medical devices, and digital health companies working to address India's healthcare challenges.",2012,Healthcare Federation of India,Non-profit Industry Body,Anjan Bose,Secretary General,info@nathealth.in,association,120,50000,2000000,https://www.nathealth.in,"Health (Medical, Diagnostic & Wellness)",Private Healthcare Industry Body,Healthcare,Delhi,New Delhi,National,Section 8 Company,"{""association_type"": ""National"", ""legal_status"": ""Section 8 Company"", ""overview"": {""about"": ""NATHEALTH is the apex body for private healthcare in India. Founded in 2012, it represents hospitals, pharmacies, diagnostics, medical devices, and digital health companies working to address India's healthcare challenges."", ""mission"": """", ""vision"": """", ""sector"": ""Healthcare"", ""objectives"": [], ""key_functions"": []}, ""governance"": {""president"": {""name"": """", ""company"": """"}, ""vice_presidents"": [], ""secretary_general"": {""name"": ""Anjan Bose"", ""company"": """"}}, ""regional_structure"": {""governance_model"": """", ""headquarters"": ""New Delhi, Delhi"", ""chapters"": []}, ""membership_details"": {""overview_metrics"": [{""label"": ""Total Members"", ""value"": ""120+""}], ""categories"": [], ""requirements"": [], ""application_process"": {}, ""benefits"": [], ""mode_of_application"": """", ""application_url"": """", ""member_login_url"": """"}, ""services_offered"": [], ""programs"": {}, ""events"": {}, ""publications"": {}, ""compliance_policies"": {}, ""partnerships"": {""list"": []}, ""awards"": {""list"": []}, ""transparency"": [], ""digital_presence"": [], ""contact_details"": {""office_address"": ""New Delhi, Delhi, India"", ""phone_number"": """", ""email"": ""info@nathealth.in"", ""website"": ""https://www.nathealth.in""}}"
82,Association of Diagnostics Manufacturers of India (ADMI),Industry body for diagnostic manufacturers in India.,ADMI represents manufacturers of in vitro diagnostics (IVD) products in India. It advocates for a supportive regulatory environment for the diagnostics sector and promotes quality standards in diagnostic manufacturing.,2008,Association of Diagnostics Manufacturers of India,Non-profit Industry Body,Niti Pall,President,admi@admi.org.in,association,200,15000,300000,https://www.admi.org.in,"Health (Medical, Diagnostic & Wellness)",Diagnostics Manufacturers Association,Diagnostics Manufacturing,Maharashtra,Mumbai,National,Section 8 Company,"{""association_type"": ""National"", ""legal_status"": ""Section 8 Company"", ""overview"": {""about"": ""ADMI represents manufacturers of in vitro diagnostics (IVD) products in India. It advocates for a supportive regulatory environment for the diagnostics sector and promotes quality standards in diagnostic manufacturing."", ""mission"": """", ""vision"": """", ""sector"": ""Diagnostics Manufacturing"", ""objectives"": [], ""key_functions"": []}, ""governance"": {""president"": {""name"": ""Niti Pall"", ""company"": """"}, ""vice_presidents"": [], ""secretary_general"": {""name"": """", ""company"": """"}}, ""regional_structure"": {""governance_model"": """", ""headquarters"": ""Mumbai, Maharashtra"", ""chapters"": []}, ""membership_details"": {""overview_metrics"": [{""label"": ""Total Members"", ""value"": ""200+""}], ""categories"": [], ""requirements"": [], ""application_process"": {}, ""benefits"": [], ""mode_of_application"": """", ""application_url"": """", ""member_login_url"": """"}, ""services_offered"": [], ""programs"": {}, ""events"": {}, ""publications"": {}, ""compliance_policies"": {}, ""partnerships"": {""list"": []}, ""awards"": {""list"": []}, ""transparency"": [], ""digital_presence"": [], ""contact_details"": {""office_address"": ""Mumbai, Maharashtra, India"", ""phone_number"": """", ""email"": ""admi@admi.org.in"", ""website"": ""https://www.admi.org.in""}}"
83,Digital Health Association of India (DHAI),Industry body for digital health ecosystem in India.,"DHAI represents companies involved in digital health including telemedicine, health IT, AI in healthcare, and health data management. It works to advance the digital health ecosystem and support regulatory development in this space.",2020,Digital Health Association of India,Non-profit Industry Body,Rajkumar Upadhyay,President,info@dhai.org.in,association,150,25000,500000,https://www.dhai.org.in,"Health (Medical, Diagnostic & Wellness)",Digital Health Industry Body,Digital Health / HealthTech,Delhi,New Delhi,National,Section 8 Company,"{""association_type"": ""National"", ""legal_status"": ""Section 8 Company"", ""overview"": {""about"": ""DHAI represents companies involved in digital health including telemedicine, health IT, AI in healthcare, and health data management. It works to advance the digital health ecosystem and support regulatory development in this space."", ""mission"": """", ""vision"": """", ""sector"": ""Digital Health / HealthTech"", ""objectives"": [], ""key_functions"": []}, ""governance"": {""president"": {""name"": ""Rajkumar Upadhyay"", ""company"": """"}, ""vice_presidents"": [], ""secretary_general"": {""name"": """", ""company"": """"}}, ""regional_structure"": {""governance_model"": """", ""headquarters"": ""New Delhi, Delhi"", ""chapters"": []}, ""membership_details"": {""overview_metrics"": [{""label"": ""Total Members"", ""value"": ""150+""}], ""categories"": [], ""requirements"": [], ""application_process"": {}, ""benefits"": [], ""mode_of_application"": """", ""application_url"": """", ""member_login_url"": """"}, ""services_offered"": [], ""programs"": {}, ""events"": {}, ""publications"": {}, ""compliance_policies"": {}, ""partnerships"": {""list"": []}, ""awards"": {""list"": []}, ""transparency"": [], ""digital_presence"": [], ""contact_details"": {""office_address"": ""New Delhi, Delhi, India"", ""phone_number"": """", ""email"": ""info@dhai.org.in"", ""website"": ""https://www.dhai.org.in""}}"
84,Association of Indian Medical Device Industry (AiMeD),Industry body for domestic medical device manufacturers.,"AiMeD is the Forum for Indian Medical Device industry, representing manufacturers of medical devices and diagnostics. It promotes Make in India in the medical devices sector and engages with CDSCO on regulatory policy matters.",2014,Association of Indian Medical Device Industry,Non-profit Industry Body,Rajiv Nath,Forum Coordinator,aimed@aimed.net.in,association,1200,5000,100000,https://www.aimed.net.in,"Health (Medical, Diagnostic & Wellness)",Medical Devices Industry Association,Medical Devices,Delhi,New Delhi,National,Section 8 Company,"{""association_type"": ""National"", ""legal_status"": ""Section 8 Company"", ""overview"": {""about"": ""AiMeD is the Forum for Indian Medical Device industry, representing manufacturers of medical devices and diagnostics. It promotes Make in India in the medical devices sector and engages with CDSCO on regulatory policy matters."", ""mission"": """", ""vision"": """", ""sector"": ""Medical Devices"", ""objectives"": [], ""key_functions"": []}, ""governance"": {""president"": {""name"": """", ""company"": """"}, ""vice_presidents"": [], ""secretary_general"": {""name"": """", ""company"": """"}}, ""regional_structure"": {""governance_model"": """", ""headquarters"": ""New Delhi, Delhi"", ""chapters"": []}, ""membership_details"": {""overview_metrics"": [{""label"": ""Total Members"", ""value"": ""1200+""}], ""categories"": [], ""requirements"": [], ""application_process"": {}, ""benefits"": [], ""mode_of_application"": """", ""application_url"": """", ""member_login_url"": """"}, ""services_offered"": [], ""programs"": {}, ""events"": {}, ""publications"": {}, ""compliance_policies"": {}, ""partnerships"": {""list"": []}, ""awards"": {""list"": []}, ""transparency"": [], ""digital_presence"": [], ""contact_details"": {""office_address"": ""New Delhi, Delhi, India"", ""phone_number"": """", ""email"": ""aimed@aimed.net.in"", ""website"": ""https://www.aimed.net.in""}}"
85,Franchise Association of India (FAI),National body for the franchise industry in India.,"FAI is the national apex body representing the franchise industry in India. Founded in 2008, it promotes franchising as a business model, sets ethical standards, and represents the franchise sector before government and regulatory bodies.",2008,Franchise Association of India,Non-profit Industry Body,Gaurav Marya,Chairman,info@fai.co.in,association,2000,10000,200000,https://www.fai.co.in,General (Miscellaneous),Franchise Industry Association,Franchise & Licensing,Delhi,New Delhi,National,Section 8 Company,"{""association_type"": ""National"", ""legal_status"": ""Section 8 Company"", ""overview"": {""about"": ""FAI is the national apex body representing the franchise industry in India. Founded in 2008, it promotes franchising as a business model, sets ethical standards, and represents the franchise sector before government and regulatory bodies."", ""mission"": """", ""vision"": """", ""sector"": ""Franchise & Licensing"", ""objectives"": [], ""key_functions"": []}, ""governance"": {""president"": {""name"": """", ""company"": """"}, ""vice_presidents"": [], ""secretary_general"": {""name"": """", ""company"": """"}}, ""regional_structure"": {""governance_model"": """", ""headquarters"": ""New Delhi, Delhi"", ""chapters"": []}, ""membership_details"": {""overview_metrics"": [{""label"": ""Total Members"", ""value"": ""2000+""}], ""categories"": [], ""requirements"": [], ""application_process"": {}, ""benefits"": [], ""mode_of_application"": """", ""application_url"": """", ""member_login_url"": """"}, ""services_offered"": [], ""programs"": {}, ""events"": {}, ""publications"": {}, ""compliance_policies"": {}, ""partnerships"": {""list"": []}, ""awards"": {""list"": []}, ""transparency"": [], ""digital_presence"": [], ""contact_details"": {""office_address"": ""New Delhi, Delhi, India"", ""phone_number"": """", ""email"": ""info@fai.co.in"", ""website"": ""https://www.fai.co.in""}}"
86,"Maharashtra Chamber of Commerce, Industry and Agriculture (MACCIA)",Premier chamber of commerce for Maharashtra state.,"MACCIA is the apex chamber of commerce for Maharashtra, representing thousands of businessmen across the state. Founded in 1927, it advocates for industry-friendly policies and organises trade delegations, exhibitions, and business development programmes.",1927,Maharashtra Chamber of Commerce Industry and Agriculture,Chamber of Commerce,Lalit Gandhi,President,maccia@maccia.org.in,association,5000,5000,200000,https://www.maccia.org.in,"Business Services (B2B, HR, Accounting)",State Chamber of Commerce,Trade & Commerce,Maharashtra,Mumbai,State-level,Registered Society,"{""association_type"": ""State-level"", ""legal_status"": ""Registered Society"", ""overview"": {""about"": ""MACCIA is the apex chamber of commerce for Maharashtra, representing thousands of businessmen across the state. Founded in 1927, it advocates for industry-friendly policies and organises trade delegations, exhibitions, and business development programmes."", ""mission"": """", ""vision"": """", ""sector"": ""Trade & Commerce"", ""objectives"": [], ""key_functions"": []}, ""governance"": {""president"": {""name"": ""Lalit Gandhi"", ""company"": """"}, ""vice_presidents"": [], ""secretary_general"": {""name"": """", ""company"": """"}}, ""regional_structure"": {""governance_model"": """", ""headquarters"": ""Mumbai, Maharashtra"", ""chapters"": []}, ""membership_details"": {""overview_metrics"": [{""label"": ""Total Members"", ""value"": ""5000+""}], ""categories"": [], ""requirements"": [], ""application_process"": {}, ""benefits"": [], ""mode_of_application"": """", ""application_url"": """", ""member_login_url"": """"}, ""services_offered"": [], ""programs"": {}, ""events"": {}, ""publications"": {}, ""compliance_policies"": {}, ""partnerships"": {""list"": []}, ""awards"": {""list"": []}, ""transparency"": [], ""digital_presence"": [], ""contact_details"": {""office_address"": ""Mumbai, Maharashtra, India"", ""phone_number"": """", ""email"": ""maccia@maccia.org.in"", ""website"": ""https://www.maccia.org.in""}}"
87,Federation of Karnataka Chambers of Commerce and Industry (FKCCI),Apex chamber of commerce for Karnataka state.,"FKCCI, founded in 1916, is the apex chamber of commerce for Karnataka. It represents the trade and industry interests of the state, facilitates investment, and advocates for industry-friendly policy changes with state and central governments.",1916,Federation of Karnataka Chambers of Commerce and Industry,Chamber of Commerce,R. Ramesh Kumar,President,fkcci@fkcci.in,association,10000,3000,100000,https://www.fkcci.in,"Business Services (B2B, HR, Accounting)",State Chamber of Commerce,Trade & Commerce,Karnataka,Bengaluru,State-level,Registered Society,"{""association_type"": ""State-level"", ""legal_status"": ""Registered Society"", ""overview"": {""about"": ""FKCCI, founded in 1916, is the apex chamber of commerce for Karnataka. It represents the trade and industry interests of the state, facilitates investment, and advocates for industry-friendly policy changes with state and central governments."", ""mission"": """", ""vision"": """", ""sector"": ""Trade & Commerce"", ""objectives"": [], ""key_functions"": []}, ""governance"": {""president"": {""name"": ""R. Ramesh Kumar"", ""company"": """"}, ""vice_presidents"": [], ""secretary_general"": {""name"": """", ""company"": """"}}, ""regional_structure"": {""governance_model"": """", ""headquarters"": ""Bengaluru, Karnataka"", ""chapters"": []}, ""membership_details"": {""overview_metrics"": [{""label"": ""Total Members"", ""value"": ""10000+""}], ""categories"": [], ""requirements"": [], ""application_process"": {}, ""benefits"": [], ""mode_of_application"": """", ""application_url"": """", ""member_login_url"": """"}, ""services_offered"": [], ""programs"": {}, ""events"": {}, ""publications"": {}, ""compliance_policies"": {}, ""partnerships"": {""list"": []}, ""awards"": {""list"": []}, ""transparency"": [], ""digital_presence"": [], ""contact_details"": {""office_address"": ""Bengaluru, Karnataka, India"", ""phone_number"": """", ""email"": ""fkcci@fkcci.in"", ""website"": ""https://www.fkcci.in""}}"
88,Tamil Nadu Chamber of Commerce and Industry (TNCCI),Apex chamber for trade and industry in Tamil Nadu.,"TNCCI represents the business community of Tamil Nadu. Established in 1911, it is one of the oldest chambers in southern India and works to promote trade, industry, and commerce in the state through advocacy and business development initiatives.",1911,Tamil Nadu Chamber of Commerce and Industry,Chamber of Commerce,T. Velumani,President,tncci@tncci.com,association,8000,3000,100000,https://www.tncci.com,"Business Services (B2B, HR, Accounting)",State Chamber of Commerce,Trade & Commerce,Tamil Nadu,Coimbatore,State-level,Registered Society,"{""association_type"": ""State-level"", ""legal_status"": ""Registered Society"", ""overview"": {""about"": ""TNCCI represents the business community of Tamil Nadu. Established in 1911, it is one of the oldest chambers in southern India and works to promote trade, industry, and commerce in the state through advocacy and business development initiatives."", ""mission"": """", ""vision"": """", ""sector"": ""Trade & Commerce"", ""objectives"": [], ""key_functions"": []}, ""governance"": {""president"": {""name"": ""T. Velumani"", ""company"": """"}, ""vice_presidents"": [], ""secretary_general"": {""name"": """", ""company"": """"}}, ""regional_structure"": {""governance_model"": """", ""headquarters"": ""Coimbatore, Tamil Nadu"", ""chapters"": []}, ""membership_details"": {""overview_metrics"": [{""label"": ""Total Members"", ""value"": ""8000+""}], ""categories"": [], ""requirements"": [], ""application_process"": {}, ""benefits"": [], ""mode_of_application"": """", ""application_url"": """", ""member_login_url"": """"}, ""services_offered"": [], ""programs"": {}, ""events"": {}, ""publications"": {}, ""compliance_policies"": {}, ""partnerships"": {""list"": []}, ""awards"": {""list"": []}, ""transparency"": [], ""digital_presence"": [], ""contact_details"": {""office_address"": ""Coimbatore, Tamil Nadu, India"", ""phone_number"": """", ""email"": ""tncci@tncci.com"", ""website"": ""https://www.tncci.com""}}"
89,Bengal Chamber of Commerce & Industry (BCC&I),Oldest chamber of commerce in Asia.,"Bengal Chamber of Commerce & Industry, founded in 1853, is the oldest chamber of commerce in Asia. It represents the business community of West Bengal and eastern India, facilitates trade, and provides a platform for industry advocacy and networking.",1853,Bengal Chamber of Commerce and Industry,Chamber of Commerce,Sanjay Budhia,President,bcc@bengalchamber.com,association,3000,5000,200000,https://www.bengalchamber.com,"Business Services (B2B, HR, Accounting)",State Chamber of Commerce,Trade & Commerce,West Bengal,Kolkata,State-level,Registered Society,"{""association_type"": ""State-level"", ""legal_status"": ""Registered Society"", ""overview"": {""about"": ""Bengal Chamber of Commerce & Industry, founded in 1853, is the oldest chamber of commerce in Asia. It represents the business community of West Bengal and eastern India, facilitates trade, and provides a platform for industry advocacy and networking."", ""mission"": """", ""vision"": """", ""sector"": ""Trade & Commerce"", ""objectives"": [], ""key_functions"": []}, ""governance"": {""president"": {""name"": ""Sanjay Budhia"", ""company"": """"}, ""vice_presidents"": [], ""secretary_general"": {""name"": """", ""company"": """"}}, ""regional_structure"": {""governance_model"": """", ""headquarters"": ""Kolkata, West Bengal"", ""chapters"": []}, ""membership_details"": {""overview_metrics"": [{""label"": ""Total Members"", ""value"": ""3000+""}], ""categories"": [], ""requirements"": [], ""application_process"": {}, ""benefits"": [], ""mode_of_application"": """", ""application_url"": """", ""member_login_url"": """"}, ""services_offered"": [], ""programs"": {}, ""events"": {}, ""publications"": {}, ""compliance_policies"": {}, ""partnerships"": {""list"": []}, ""awards"": {""list"": []}, ""transparency"": [], ""digital_presence"": [], ""contact_details"": {""office_address"": ""Kolkata, West Bengal, India"", ""phone_number"": """", ""email"": ""bcc@bengalchamber.com"", ""website"": ""https://www.bengalchamber.com""}}"
90,Gujarat Chamber of Commerce and Industry (GCCI),Premier chamber representing industry and trade in Gujarat.,"GCCI, established in 1949, is the premier chamber of commerce for Gujarat. It represents a wide range of industries and commercial establishments in the state and acts as a bridge between industry and government.",1949,Gujarat Chamber of Commerce and Industry,Chamber of Commerce,Shailesh Patwari,President,gcci@gcci.in,association,7000,3000,150000,https://www.gujaratchamber.org,"Business Services (B2B, HR, Accounting)",State Chamber of Commerce,Trade & Commerce,Gujarat,Ahmedabad,State-level,Registered Society,"{""association_type"": ""State-level"", ""legal_status"": ""Registered Society"", ""overview"": {""about"": ""GCCI, established in 1949, is the premier chamber of commerce for Gujarat. It represents a wide range of industries and commercial establishments in the state and acts as a bridge between industry and government."", ""mission"": """", ""vision"": """", ""sector"": ""Trade & Commerce"", ""objectives"": [], ""key_functions"": []}, ""governance"": {""president"": {""name"": ""Shailesh Patwari"", ""company"": """"}, ""vice_presidents"": [], ""secretary_general"": {""name"": """", ""company"": """"}}, ""regional_structure"": {""governance_model"": """", ""headquarters"": ""Ahmedabad, Gujarat"", ""chapters"": []}, ""membership_details"": {""overview_metrics"": [{""label"": ""Total Members"", ""value"": ""7000+""}], ""categories"": [], ""requirements"": [], ""application_process"": {}, ""benefits"": [], ""mode_of_application"": """", ""application_url"": """", ""member_login_url"": """"}, ""services_offered"": [], ""programs"": {}, ""events"": {}, ""publications"": {}, ""compliance_policies"": {}, ""partnerships"": {""list"": []}, ""awards"": {""list"": []}, ""transparency"": [], ""digital_presence"": [], ""contact_details"": {""office_address"": ""Ahmedabad, Gujarat, India"", ""phone_number"": """", ""email"": ""gcci@gcci.in"", ""website"": ""https://www.gujaratchamber.org""}}"
91,Kerala Chamber of Commerce and Industry (KCCI),Representative body for trade and industry in Kerala.,"KCCI is the apex body representing commerce and industry in Kerala. It works to promote and develop trade, industry, and the economy of the state by liaising with government bodies and providing services to members.",1975,Kerala Chamber of Commerce and Industry,Chamber of Commerce,Mohammed Rafeeque Ahmed,President,kcci@keralachamber.com,association,4000,3000,100000,https://www.keralachamber.com,"Business Services (B2B, HR, Accounting)",State Chamber of Commerce,Trade & Commerce,Kerala,Kochi,State-level,Registered Society,"{""association_type"": ""State-level"", ""legal_status"": ""Registered Society"", ""overview"": {""about"": ""KCCI is the apex body representing commerce and industry in Kerala. It works to promote and develop trade, industry, and the economy of the state by liaising with government bodies and providing services to members."", ""mission"": """", ""vision"": """", ""sector"": ""Trade & Commerce"", ""objectives"": [], ""key_functions"": []}, ""governance"": {""president"": {""name"": ""Mohammed Rafeeque Ahmed"", ""company"": """"}, ""vice_presidents"": [], ""secretary_general"": {""name"": """", ""company"": """"}}, ""regional_structure"": {""governance_model"": """", ""headquarters"": ""Kochi, Kerala"", ""chapters"": []}, ""membership_details"": {""overview_metrics"": [{""label"": ""Total Members"", ""value"": ""4000+""}], ""categories"": [], ""requirements"": [], ""application_process"": {}, ""benefits"": [], ""mode_of_application"": """", ""application_url"": """", ""member_login_url"": """"}, ""services_offered"": [], ""programs"": {}, ""events"": {}, ""publications"": {}, ""compliance_policies"": {}, ""partnerships"": {""list"": []}, ""awards"": {""list"": []}, ""transparency"": [], ""digital_presence"": [], ""contact_details"": {""office_address"": ""Kochi, Kerala, India"", ""phone_number"": """", ""email"": ""kcci@keralachamber.com"", ""website"": ""https://www.keralachamber.com""}}"
92,Rajasthan Chamber of Commerce and Industry (RCCI),Apex chamber representing Rajasthan's trade and industry.,"RCCI is the apex chamber of commerce for Rajasthan, established in 1948. It represents trade, industry, and commerce across the state and advocates for policies conducive to Rajasthan's economic development.",1948,Rajasthan Chamber of Commerce and Industry,Chamber of Commerce,Ramavtar Gupta,President,rcci@rcci.in,association,6000,2000,100000,https://www.rcci.org.in,"Business Services (B2B, HR, Accounting)",State Chamber of Commerce,Trade & Commerce,Rajasthan,Jaipur,State-level,Registered Society,"{""association_type"": ""State-level"", ""legal_status"": ""Registered Society"", ""overview"": {""about"": ""RCCI is the apex chamber of commerce for Rajasthan, established in 1948. It represents trade, industry, and commerce across the state and advocates for policies conducive to Rajasthan's economic development."", ""mission"": """", ""vision"": """", ""sector"": ""Trade & Commerce"", ""objectives"": [], ""key_functions"": []}, ""governance"": {""president"": {""name"": ""Ramavtar Gupta"", ""company"": """"}, ""vice_presidents"": [], ""secretary_general"": {""name"": """", ""company"": """"}}, ""regional_structure"": {""governance_model"": """", ""headquarters"": ""Jaipur, Rajasthan"", ""chapters"": []}, ""membership_details"": {""overview_metrics"": [{""label"": ""Total Members"", ""value"": ""6000+""}], ""categories"": [], ""requirements"": [], ""application_process"": {}, ""benefits"": [], ""mode_of_application"": """", ""application_url"": """", ""member_login_url"": """"}, ""services_offered"": [], ""programs"": {}, ""events"": {}, ""publications"": {}, ""compliance_policies"": {}, ""partnerships"": {""list"": []}, ""awards"": {""list"": []}, ""transparency"": [], ""digital_presence"": [], ""contact_details"": {""office_address"": ""Jaipur, Rajasthan, India"", ""phone_number"": """", ""email"": ""rcci@rcci.in"", ""website"": ""https://www.rcci.org.in""}}"
93,Indian Merchants' Chamber (IMC),Premier chamber of commerce headquartered in Mumbai.,"IMC is one of the premier chambers of commerce in India, founded in 1907. It represents commerce, trade and industry interests primarily in Maharashtra and engages on issues like ease of doing business and economic policy.",1907,Indian Merchants Chamber,Chamber of Commerce,Anant Singhania,President,imc@imcnet.org,association,5000,5000,200000,https://www.imcnet.org,"Business Services (B2B, HR, Accounting)",State Chamber of Commerce,Trade,Maharashtra,Mumbai,State-level,Registered Society,"{""association_type"": ""State-level"", ""legal_status"": ""Registered Society"", ""overview"": {""about"": ""IMC is one of the premier chambers of commerce in India, founded in 1907. It represents commerce, trade and industry interests primarily in Maharashtra and engages on issues like ease of doing business and economic policy."", ""mission"": """", ""vision"": """", ""sector"": ""Trade"", ""objectives"": [], ""key_functions"": []}, ""governance"": {""president"": {""name"": ""Anant Singhania"", ""company"": """"}, ""vice_presidents"": [], ""secretary_general"": {""name"": """", ""company"": """"}}, ""regional_structure"": {""governance_model"": """", ""headquarters"": ""Mumbai, Maharashtra"", ""chapters"": []}, ""membership_details"": {""overview_metrics"": [{""label"": ""Total Members"", ""value"": ""5000+""}], ""categories"": [], ""requirements"": [], ""application_process"": {}, ""benefits"": [], ""mode_of_application"": """", ""application_url"": """", ""member_login_url"": """"}, ""services_offered"": [], ""programs"": {}, ""events"": {}, ""publications"": {}, ""compliance_policies"": {}, ""partnerships"": {""list"": []}, ""awards"": {""list"": []}, ""transparency"": [], ""digital_presence"": [], ""contact_details"": {""office_address"": ""Mumbai, Maharashtra, India"", ""phone_number"": """", ""email"": ""imc@imcnet.org"", ""website"": ""https://www.imcnet.org""}}"
94,Federation of Seed Industry of India (FSII),National body of the seed industry promoting innovation.,"FSII is the national federation for the seed industry in India, representing companies involved in research, development and marketing of seeds. It advocates for science-based seed policies including IPR protection for plant varieties.",2012,Federation of Seed Industry of India,Non-profit Industry Body,Shivendra Bajaj,Executive Director,info@fsii.in,association,30,50000,1000000,https://fsii.in,"Agriculture (Agri-tech, Rural Retail, Organic Farming)",Seed Industry Federation,Seeds / R&D,Delhi,New Delhi,National,Section 8 Company,"{""association_type"": ""National"", ""legal_status"": ""Section 8 Company"", ""overview"": {""about"": ""FSII is the national federation for the seed industry in India, representing companies involved in research, development and marketing of seeds. It advocates for science-based seed policies including IPR protection for plant varieties."", ""mission"": """", ""vision"": """", ""sector"": ""Seeds / R&D"", ""objectives"": [], ""key_functions"": []}, ""governance"": {""president"": {""name"": """", ""company"": """"}, ""vice_presidents"": [], ""secretary_general"": {""name"": ""Shivendra Bajaj"", ""company"": """"}}, ""regional_structure"": {""governance_model"": """", ""headquarters"": ""New Delhi, Delhi"", ""chapters"": []}, ""membership_details"": {""overview_metrics"": [{""label"": ""Total Members"", ""value"": ""30+""}], ""categories"": [], ""requirements"": [], ""application_process"": {}, ""benefits"": [], ""mode_of_application"": """", ""application_url"": """", ""member_login_url"": """"}, ""services_offered"": [], ""programs"": {}, ""events"": {}, ""publications"": {}, ""compliance_policies"": {}, ""partnerships"": {""list"": []}, ""awards"": {""list"": []}, ""transparency"": [], ""digital_presence"": [], ""contact_details"": {""office_address"": ""New Delhi, Delhi, India"", ""phone_number"": """", ""email"": ""info@fsii.in"", ""website"": ""https://fsii.in""}}"
95,Agri Business and Food Federation of India (AgBIF),Apex body for agribusiness and food enterprises in India.,"AgBIF promotes the interests of agribusiness companies, food processors, and agri-tech startups in India. It focuses on technology adoption in agriculture, food safety standards, and facilitating farm-to-market connections.",2015,Agri Business and Food Federation of India,Non-profit Industry Body,S. K. Patnaik,President,info@agbif.in,association,300,10000,200000,https://www.agbif.in,"Agriculture (Agri-tech, Rural Retail, Organic Farming)",Agribusiness & Food Federation,Agribusiness & Food,Delhi,New Delhi,National,Section 8 Company,"{""association_type"": ""National"", ""legal_status"": ""Section 8 Company"", ""overview"": {""about"": ""AgBIF promotes the interests of agribusiness companies, food processors, and agri-tech startups in India. It focuses on technology adoption in agriculture, food safety standards, and facilitating farm-to-market connections."", ""mission"": """", ""vision"": """", ""sector"": ""Agribusiness & Food"", ""objectives"": [], ""key_functions"": []}, ""governance"": {""president"": {""name"": ""S. K. Patnaik"", ""company"": """"}, ""vice_presidents"": [], ""secretary_general"": {""name"": """", ""company"": """"}}, ""regional_structure"": {""governance_model"": """", ""headquarters"": ""New Delhi, Delhi"", ""chapters"": []}, ""membership_details"": {""overview_metrics"": [{""label"": ""Total Members"", ""value"": ""300+""}], ""categories"": [], ""requirements"": [], ""application_process"": {}, ""benefits"": [], ""mode_of_application"": """", ""application_url"": """", ""member_login_url"": """"}, ""services_offered"": [], ""programs"": {}, ""events"": {}, ""publications"": {}, ""compliance_policies"": {}, ""partnerships"": {""list"": []}, ""awards"": {""list"": []}, ""transparency"": [], ""digital_presence"": [], ""contact_details"": {""office_address"": ""New Delhi, Delhi, India"", ""phone_number"": """", ""email"": ""info@agbif.in"", ""website"": ""https://www.agbif.in""}}"
96,CropLife India,Industry body of crop protection companies in India.,"CropLife India is the industry body of crop protection companies in India. It represents companies that develop, manufacture and market pesticides, herbicides, and other crop protection products, and advocates for science-based regulation.",2000,CropLife India,Non-profit Industry Body,Asitava Sen,Executive Director,info@croplifeindia.org,association,50,100000,2000000,https://www.croplifeindia.org,"Agriculture (Agri-tech, Rural Retail, Organic Farming)",Crop Protection Industry Body,Crop Protection,Delhi,New Delhi,National,Section 8 Company,"{""association_type"": ""National"", ""legal_status"": ""Section 8 Company"", ""overview"": {""about"": ""CropLife India is the industry body of crop protection companies in India. It represents companies that develop, manufacture and market pesticides, herbicides, and other crop protection products, and advocates for science-based regulation."", ""mission"": """", ""vision"": """", ""sector"": ""Crop Protection"", ""objectives"": [], ""key_functions"": []}, ""governance"": {""president"": {""name"": """", ""company"": """"}, ""vice_presidents"": [], ""secretary_general"": {""name"": ""Asitava Sen"", ""company"": """"}}, ""regional_structure"": {""governance_model"": """", ""headquarters"": ""New Delhi, Delhi"", ""chapters"": []}, ""membership_details"": {""overview_metrics"": [{""label"": ""Total Members"", ""value"": ""50+""}], ""categories"": [], ""requirements"": [], ""application_process"": {}, ""benefits"": [], ""mode_of_application"": """", ""application_url"": """", ""member_login_url"": """"}, ""services_offered"": [], ""programs"": {}, ""events"": {}, ""publications"": {}, ""compliance_policies"": {}, ""partnerships"": {""list"": []}, ""awards"": {""list"": []}, ""transparency"": [], ""digital_presence"": [], ""contact_details"": {""office_address"": ""New Delhi, Delhi, India"", ""phone_number"": """", ""email"": ""info@croplifeindia.org"", ""website"": ""https://www.croplifeindia.org""}}"
97,Indian Steel Association (ISA),Industry body representing major steel producers in India.,"ISA represents major integrated and secondary steel producers in India. Founded in 2014, it works to promote the growth of the Indian steel industry and advocates for steel-friendly policies on trade, energy, and infrastructure.",2014,Indian Steel Association,Non-profit Industry Body,Alok Sahay,Secretary General,info@indiasteel.org,association,30,200000,5000000,https://www.indiasteel.org,"Logistics / Manufacturing (Couriers, Warehousing, Light Manufacturing)",Steel Industry Association,Steel Manufacturing,Delhi,New Delhi,National,Section 8 Company,"{""association_type"": ""National"", ""legal_status"": ""Section 8 Company"", ""overview"": {""about"": ""ISA represents major integrated and secondary steel producers in India. Founded in 2014, it works to promote the growth of the Indian steel industry and advocates for steel-friendly policies on trade, energy, and infrastructure."", ""mission"": """", ""vision"": """", ""sector"": ""Steel Manufacturing"", ""objectives"": [], ""key_functions"": []}, ""governance"": {""president"": {""name"": """", ""company"": """"}, ""vice_presidents"": [], ""secretary_general"": {""name"": ""Alok Sahay"", ""company"": """"}}, ""regional_structure"": {""governance_model"": """", ""headquarters"": ""New Delhi, Delhi"", ""chapters"": []}, ""membership_details"": {""overview_metrics"": [{""label"": ""Total Members"", ""value"": ""30+""}], ""categories"": [], ""requirements"": [], ""application_process"": {}, ""benefits"": [], ""mode_of_application"": """", ""application_url"": """", ""member_login_url"": """"}, ""services_offered"": [], ""programs"": {}, ""events"": {}, ""publications"": {}, ""compliance_policies"": {}, ""partnerships"": {""list"": []}, ""awards"": {""list"": []}, ""transparency"": [], ""digital_presence"": [], ""contact_details"": {""office_address"": ""New Delhi, Delhi, India"", ""phone_number"": """", ""email"": ""info@indiasteel.org"", ""website"": ""https://www.indiasteel.org""}}"
98,ASSOCHAM Metals & Mining Forum,Industry forum for metals and mining under ASSOCHAM.,"ASSOCHAM Metals Forum provides a platform for companies in the metals, mining, and minerals sector. It facilitates dialogue between industry, government, and global players on policy, technology, and sustainability in metals.",1920,ASSOCHAM Metals Forum,Industry Forum,Deepak Sood,Secretary General,assocham@assocham.com,association,1000,10000,500000,https://www.assocham.org,"Logistics / Manufacturing (Couriers, Warehousing, Light Manufacturing)",Metals & Mining Forum,Metals & Mining,Delhi,New Delhi,National,Registered Society,"{""association_type"": ""National"", ""legal_status"": ""Registered Society"", ""overview"": {""about"": ""ASSOCHAM Metals Forum provides a platform for companies in the metals, mining, and minerals sector. It facilitates dialogue between industry, government, and global players on policy, technology, and sustainability in metals."", ""mission"": """", ""vision"": """", ""sector"": ""Metals & Mining"", ""objectives"": [], ""key_functions"": []}, ""governance"": {""president"": {""name"": """", ""company"": """"}, ""vice_presidents"": [], ""secretary_general"": {""name"": ""Deepak Sood"", ""company"": """"}}, ""regional_structure"": {""governance_model"": """", ""headquarters"": ""New Delhi, Delhi"", ""chapters"": []}, ""membership_details"": {""overview_metrics"": [{""label"": ""Total Members"", ""value"": ""1000+""}], ""categories"": [], ""requirements"": [], ""application_process"": {}, ""benefits"": [], ""mode_of_application"": """", ""application_url"": """", ""member_login_url"": """"}, ""services_offered"": [], ""programs"": {}, ""events"": {}, ""publications"": {}, ""compliance_policies"": {}, ""partnerships"": {""list"": []}, ""awards"": {""list"": []}, ""transparency"": [], ""digital_presence"": [], ""contact_details"": {""office_address"": ""New Delhi, Delhi, India"", ""phone_number"": """", ""email"": ""assocham@assocham.com"", ""website"": ""https://www.assocham.org""}}"
99,Federation of Indian Mineral Industries (FIMI),Apex body of mining and mineral-based industries in India.,"FIMI is the apex body of the mining industry in India, established in 1966. It represents the interests of companies engaged in exploration, mining, and processing of minerals and advocates for a conducive mining policy environment.",1966,Federation of Indian Mineral Industries,Non-profit Trade Body,R. K. Sharma,Secretary General,fimi@fimiindia.com,association,600,10000,500000,https://www.fimiindia.com,"Logistics / Manufacturing (Couriers, Warehousing, Light Manufacturing)",Mineral Industries Federation,Minerals & Mining,Delhi,New Delhi,National,Registered Society,"{""association_type"": ""National"", ""legal_status"": ""Registered Society"", ""overview"": {""about"": ""FIMI is the apex body of the mining industry in India, established in 1966. It represents the interests of companies engaged in exploration, mining, and processing of minerals and advocates for a conducive mining policy environment."", ""mission"": """", ""vision"": """", ""sector"": ""Minerals & Mining"", ""objectives"": [], ""key_functions"": []}, ""governance"": {""president"": {""name"": """", ""company"": """"}, ""vice_presidents"": [], ""secretary_general"": {""name"": ""R. K. Sharma"", ""company"": """"}}, ""regional_structure"": {""governance_model"": """", ""headquarters"": ""New Delhi, Delhi"", ""chapters"": []}, ""membership_details"": {""overview_metrics"": [{""label"": ""Total Members"", ""value"": ""600+""}], ""categories"": [], ""requirements"": [], ""application_process"": {}, ""benefits"": [], ""mode_of_application"": """", ""application_url"": """", ""member_login_url"": """"}, ""services_offered"": [], ""programs"": {}, ""events"": {}, ""publications"": {}, ""compliance_policies"": {}, ""partnerships"": {""list"": []}, ""awards"": {""list"": []}, ""transparency"": [], ""digital_presence"": [], ""contact_details"": {""office_address"": ""New Delhi, Delhi, India"", ""phone_number"": """", ""email"": ""fimi@fimiindia.com"", ""website"": ""https://www.fimiindia.com""}}"
100,Indian Paper Manufacturers Association (IPMA),Apex body of the paper manufacturing industry in India.,"IPMA is the premier organisation of paper manufacturers in India. Established in 1951, it represents major paper mills and works to promote paper industry interests in India, including raw material availability, taxation, and environmental compliance.",1951,Indian Paper Manufacturers Association,Non-profit Trade Body,S. K. Todi,President,ipma@ipma.org.in,association,350,10000,300000,https://www.ipma.org.in,"Logistics / Manufacturing (Couriers, Warehousing, Light Manufacturing)",Paper Manufacturers Association,Paper Manufacturing,Delhi,New Delhi,National,Registered Society,"{""association_type"": ""National"", ""legal_status"": ""Registered Society"", ""overview"": {""about"": ""IPMA is the premier organisation of paper manufacturers in India. Established in 1951, it represents major paper mills and works to promote paper industry interests in India, including raw material availability, taxation, and environmental compliance."", ""mission"": """", ""vision"": """", ""sector"": ""Paper Manufacturing"", ""objectives"": [], ""key_functions"": []}, ""governance"": {""president"": {""name"": ""S. K. Todi"", ""company"": """"}, ""vice_presidents"": [], ""secretary_general"": {""name"": """", ""company"": """"}}, ""regional_structure"": {""governance_model"": """", ""headquarters"": ""New Delhi, Delhi"", ""chapters"": []}, ""membership_details"": {""overview_metrics"": [{""label"": ""Total Members"", ""value"": ""350+""}], ""categories"": [], ""requirements"": [], ""application_process"": {}, ""benefits"": [], ""mode_of_application"": """", ""application_url"": """", ""member_login_url"": """"}, ""services_offered"": [], ""programs"": {}, ""events"": {}, ""publications"": {}, ""compliance_policies"": {}, ""partnerships"": {""list"": []}, ""awards"": {""list"": []}, ""transparency"": [], ""digital_presence"": [], ""contact_details"": {""office_address"": ""New Delhi, Delhi, India"", ""phone_number"": """", ""email"": ""ipma@ipma.org.in"", ""website"": ""https://www.ipma.org.in""}}"
101,The Energy and Resources Institute (TERI),Leading research body on environment and energy in India.,"The Energy and Resources Institute (TERI) is a leading think tank and research organisation working in the fields of energy, environment, climate change, and sustainable development. It conducts policy research, capacity building and consultancy.",1974,The Energy and Resources Institute,Research & Policy Institute,Vibha Dhawan,Director General,teri@teri.res.in,association,1200,10000,500000,https://www.teriin.org,"Logistics / Manufacturing (Couriers, Warehousing, Light Manufacturing)",Energy & Environment Research Institute,Energy & Environment Research,Delhi,New Delhi,National,Registered Society,"{""association_type"": ""National"", ""legal_status"": ""Registered Society"", ""overview"": {""about"": ""The Energy and Resources Institute (TERI) is a leading think tank and research organisation working in the fields of energy, environment, climate change, and sustainable development. It conducts policy research, capacity building and consultancy."", ""mission"": """", ""vision"": """", ""sector"": ""Energy & Environment Research"", ""objectives"": [], ""key_functions"": []}, ""governance"": {""president"": {""name"": """", ""company"": """"}, ""vice_presidents"": [], ""secretary_general"": {""name"": ""Vibha Dhawan"", ""company"": """"}}, ""regional_structure"": {""governance_model"": """", ""headquarters"": ""New Delhi, Delhi"", ""chapters"": []}, ""membership_details"": {""overview_metrics"": [{""label"": ""Total Members"", ""value"": ""1200+""}], ""categories"": [], ""requirements"": [], ""application_process"": {}, ""benefits"": [], ""mode_of_application"": """", ""application_url"": """", ""member_login_url"": """"}, ""services_offered"": [], ""programs"": {}, ""events"": {}, ""publications"": {}, ""compliance_policies"": {}, ""partnerships"": {""list"": []}, ""awards"": {""list"": []}, ""transparency"": [], ""digital_presence"": [], ""contact_details"": {""office_address"": ""New Delhi, Delhi, India"", ""phone_number"": """", ""email"": ""teri@teri.res.in"", ""website"": ""https://www.teriin.org""}}"
102,Indian Private Equity & Venture Capital Association (IVCA),Apex body for PE and VC industry in India.,"IVCA is the apex body of the private equity and venture capital industry in India. Established in 1992, it promotes the PE/VC industry through policy advocacy, education, and networking, and aims to make India the most preferred investment destination.",1992,Indian Private Equity and Venture Capital Association,Industry Association,Rajat Tandon,President,info@ivca.in,association,250,50000,2000000,https://www.ivca.in,"Finance / Banking (Loans, Insurance, Banking Correspondents)",Private Equity & VC Association,Private Equity / Venture Capital,Delhi,New Delhi,National,Section 8 Company,"{""association_type"": ""National"", ""legal_status"": ""Section 8 Company"", ""overview"": {""about"": ""IVCA is the apex body of the private equity and venture capital industry in India. Established in 1992, it promotes the PE/VC industry through policy advocacy, education, and networking, and aims to make India the most preferred investment destination."", ""mission"": """", ""vision"": """", ""sector"": ""Private Equity / Venture Capital"", ""objectives"": [], ""key_functions"": []}, ""governance"": {""president"": {""name"": ""Rajat Tandon"", ""company"": """"}, ""vice_presidents"": [], ""secretary_general"": {""name"": """", ""company"": """"}}, ""regional_structure"": {""governance_model"": """", ""headquarters"": ""New Delhi, Delhi"", ""chapters"": []}, ""membership_details"": {""overview_metrics"": [{""label"": ""Total Members"", ""value"": ""250+""}], ""categories"": [], ""requirements"": [], ""application_process"": {}, ""benefits"": [], ""mode_of_application"": """", ""application_url"": """", ""member_login_url"": """"}, ""services_offered"": [], ""programs"": {}, ""events"": {}, ""publications"": {}, ""compliance_policies"": {}, ""partnerships"": {""list"": []}, ""awards"": {""list"": []}, ""transparency"": [], ""digital_presence"": [], ""contact_details"": {""office_address"": ""New Delhi, Delhi, India"", ""phone_number"": """", ""email"": ""info@ivca.in"", ""website"": ""https://www.ivca.in""}}"
103,TiE (The Indus Entrepreneurs),World's largest entrepreneurship network with Indian roots.,"TiE is a global non-profit organisation focused on the advancement of entrepreneurship. Founded in Silicon Valley in 1992 by Indian-American entrepreneurs, it has 61 chapters worldwide with a strong presence in India, nurturing entrepreneurs through mentorship and networking.",1992,The Indus Entrepreneurs,Non-profit Entrepreneurship Network,Rajan Anandan,"President, TiE Delhi",info@tie.org,association,15000,15000,100000,https://www.tie.org,"Home-Based Business (Freelance, Digital Services)",Entrepreneurship Network,Entrepreneurship,Delhi,New Delhi,National,Registered Society,"{""association_type"": ""National"", ""legal_status"": ""Registered Society"", ""overview"": {""about"": ""TiE is a global non-profit organisation focused on the advancement of entrepreneurship. Founded in Silicon Valley in 1992 by Indian-American entrepreneurs, it has 61 chapters worldwide with a strong presence in India, nurturing entrepreneurs through mentorship and networking."", ""mission"": """", ""vision"": """", ""sector"": ""Entrepreneurship"", ""objectives"": [], ""key_functions"": []}, ""governance"": {""president"": {""name"": ""Rajan Anandan"", ""company"": """"}, ""vice_presidents"": [], ""secretary_general"": {""name"": """", ""company"": """"}}, ""regional_structure"": {""governance_model"": """", ""headquarters"": ""New Delhi, Delhi"", ""chapters"": []}, ""membership_details"": {""overview_metrics"": [{""label"": ""Total Members"", ""value"": ""15000+""}], ""categories"": [], ""requirements"": [], ""application_process"": {}, ""benefits"": [], ""mode_of_application"": """", ""application_url"": """", ""member_login_url"": """"}, ""services_offered"": [], ""programs"": {}, ""events"": {}, ""publications"": {}, ""compliance_policies"": {}, ""partnerships"": {""list"": []}, ""awards"": {""list"": []}, ""transparency"": [], ""digital_presence"": [], ""contact_details"": {""office_address"": ""New Delhi, Delhi, India"", ""phone_number"": """", ""email"": ""info@tie.org"", ""website"": ""https://www.tie.org""}}"
104,India Furniture Products Manufacturers' Association (IFPMA),National body of furniture industry in India.,"IFPMA represents the furniture manufacturing industry in India. It promotes domestic furniture production, advocates for industry-friendly policies, and facilitates participation of Indian furniture companies in global trade events.",2001,India Furniture Products Manufacturers Association,Non-profit Trade Body,Ramanath Iyer,President,ifpma@ifpma.in,association,500,5000,100000,https://www.ifpma.in,"Logistics / Manufacturing (Couriers, Warehousing, Light Manufacturing)",Furniture Manufacturers Association,Furniture Manufacturing,Delhi,New Delhi,National,Registered Society,"{""association_type"": ""National"", ""legal_status"": ""Registered Society"", ""overview"": {""about"": ""IFPMA represents the furniture manufacturing industry in India. It promotes domestic furniture production, advocates for industry-friendly policies, and facilitates participation of Indian furniture companies in global trade events."", ""mission"": """", ""vision"": """", ""sector"": ""Furniture Manufacturing"", ""objectives"": [], ""key_functions"": []}, ""governance"": {""president"": {""name"": ""Ramanath Iyer"", ""company"": """"}, ""vice_presidents"": [], ""secretary_general"": {""name"": """", ""company"": """"}}, ""regional_structure"": {""governance_model"": """", ""headquarters"": ""New Delhi, Delhi"", ""chapters"": []}, ""membership_details"": {""overview_metrics"": [{""label"": ""Total Members"", ""value"": ""500+""}], ""categories"": [], ""requirements"": [], ""application_process"": {}, ""benefits"": [], ""mode_of_application"": """", ""application_url"": """", ""member_login_url"": """"}, ""services_offered"": [], ""programs"": {}, ""events"": {}, ""publications"": {}, ""compliance_policies"": {}, ""partnerships"": {""list"": []}, ""awards"": {""list"": []}, ""transparency"": [], ""digital_presence"": [], ""contact_details"": {""office_address"": ""New Delhi, Delhi, India"", ""phone_number"": """", ""email"": ""ifpma@ifpma.in"", ""website"": ""https://www.ifpma.in""}}"
105,All India Glass Manufacturers' Federation (AIGMF),Apex body of glass manufacturers in India.,"AIGMF is the sole representative body of all segments of the Indian glass industry including large, medium, and small manufacturers. It works to promote and protect the interests of the glass industry in India.",1927,All India Glass Manufacturers Federation,Non-profit Trade Body,Deepak Kishorilal Bangur,President,aigmf@aigmf.com,association,450,5000,200000,https://www.aigmf.com,"Logistics / Manufacturing (Couriers, Warehousing, Light Manufacturing)",Glass Manufacturers Federation,Glass Manufacturing,Maharashtra,Mumbai,National,Registered Society,"{""association_type"": ""National"", ""legal_status"": ""Registered Society"", ""overview"": {""about"": ""AIGMF, established in 1927, is the apex body of glass manufacturers in India. It represents all segments of the glass industry including flat glass, container glass, and specialty glass, and promotes the development of the sector."", ""mission"": """", ""vision"": """", ""sector"": ""Glass Manufacturing"", ""objectives"": [], ""key_functions"": []}, ""governance"": {""president"": {""name"": ""Deepak Kishorilal Bangur"", ""company"": """"}, ""vice_presidents"": [], ""secretary_general"": {""name"": """", ""company"": """"}}, ""regional_structure"": {""governance_model"": """", ""headquarters"": ""Mumbai, Maharashtra"", ""chapters"": []}, ""membership_details"": {""overview_metrics"": [{""label"": ""Total Members"", ""value"": ""450+""}], ""categories"": [], ""requirements"": [], ""application_process"": {}, ""benefits"": [], ""mode_of_application"": """", ""application_url"": """", ""member_login_url"": """"}, ""services_offered"": [], ""programs"": {}, ""events"": {}, ""publications"": {}, ""compliance_policies"": {}, ""partnerships"": {""list"": []}, ""awards"": {""list"": []}, ""transparency"": [], ""digital_presence"": [], ""contact_details"": {""office_address"": ""Mumbai, Maharashtra, India"", ""phone_number"": """", ""email"": ""aigmf@aigmf.com"", ""website"": ""https://www.aigmf.com""}}"
106,Indian Dairy Association (IDA),Apex body of dairy industry in India.,"IDA is the national apex body of the dairy industry in India. Founded in 1948, it represents dairy farmers, processors, manufacturers, and distributors. It promotes dairy technology, education, and policy advocacy for the sector.",1948,Indian Dairy Association,Non-profit Industry Body,R. S. Sodhi,President,ida@idaindia.net,association,5000,3000,100000,https://www.idaindia.net,"Food & Beverage (QSR, Cafe, Cloud Kitchens)",Dairy Industry Association,Dairy,Delhi,New Delhi,National,Registered Society,"{""association_type"": ""National"", ""legal_status"": ""Registered Society"", ""overview"": {""about"": ""IDA is the national apex body of the dairy industry in India. Founded in 1948, it represents dairy farmers, processors, manufacturers, and distributors. It promotes dairy technology, education, and policy advocacy for the sector."", ""mission"": """", ""vision"": """", ""sector"": ""Dairy"", ""objectives"": [], ""key_functions"": []}, ""governance"": {""president"": {""name"": ""R. S. Sodhi"", ""company"": """"}, ""vice_presidents"": [], ""secretary_general"": {""name"": """", ""company"": """"}}, ""regional_structure"": {""governance_model"": """", ""headquarters"": ""New Delhi, Delhi"", ""chapters"": []}, ""membership_details"": {""overview_metrics"": [{""label"": ""Total Members"", ""value"": ""5000+""}], ""categories"": [], ""requirements"": [], ""application_process"": {}, ""benefits"": [], ""mode_of_application"": """", ""application_url"": """", ""member_login_url"": """"}, ""services_offered"": [], ""programs"": {}, ""events"": {}, ""publications"": {}, ""compliance_policies"": {}, ""partnerships"": {""list"": []}, ""awards"": {""list"": []}, ""transparency"": [], ""digital_presence"": [], ""contact_details"": {""office_address"": ""New Delhi, Delhi, India"", ""phone_number"": """", ""email"": ""ida@idaindia.net"", ""website"": ""https://www.idaindia.net""}}"
107,All India Federation of Master Printers (AIFMP),Apex body of printing industry in India.,"AIFMP is the apex body of the printing industry in India, founded in 1958. It represents printing firms across the country and works to advance the printing and graphic arts industry through policy advocacy, training, and exhibitions.",1958,All India Federation of Master Printers,Non-profit Trade Body,Sandeep Khurana,President,aifmp@aifmp.in,association,10000,2000,50000,https://www.aifmp.in,"Logistics / Manufacturing (Couriers, Warehousing, Light Manufacturing)",Printing Industry Federation,Printing,Delhi,New Delhi,National,Registered Society,"{""association_type"": ""National"", ""legal_status"": ""Registered Society"", ""overview"": {""about"": ""AIFMP is the apex body of the printing industry in India, founded in 1958. It represents printing firms across the country and works to advance the printing and graphic arts industry through policy advocacy, training, and exhibitions."", ""mission"": """", ""vision"": """", ""sector"": ""Printing"", ""objectives"": [], ""key_functions"": []}, ""governance"": {""president"": {""name"": ""Sandeep Khurana"", ""company"": """"}, ""vice_presidents"": [], ""secretary_general"": {""name"": """", ""company"": """"}}, ""regional_structure"": {""governance_model"": """", ""headquarters"": ""New Delhi, Delhi"", ""chapters"": []}, ""membership_details"": {""overview_metrics"": [{""label"": ""Total Members"", ""value"": ""10000+""}], ""categories"": [], ""requirements"": [], ""application_process"": {}, ""benefits"": [], ""mode_of_application"": """", ""application_url"": """", ""member_login_url"": """"}, ""services_offered"": [], ""programs"": {}, ""events"": {}, ""publications"": {}, ""compliance_policies"": {}, ""partnerships"": {""list"": []}, ""awards"": {""list"": []}, ""transparency"": [], ""digital_presence"": [], ""contact_details"": {""office_address"": ""New Delhi, Delhi, India"", ""phone_number"": """", ""email"": ""aifmp@aifmp.in"", ""website"": ""https://www.aifmp.in""}}"
108,Fire & Security Association of India (FSAI),National body for fire protection and security industry.,"FSAI is the national body representing the fire detection, suppression, and security industry in India. It works to promote fire safety awareness, standardise products, and engages with Bureau of Indian Standards on fire safety norms.",2000,Fire and Security Association of India,Non-profit Industry Body,Jayant Patankar,President,info@fsai.in,association,600,10000,150000,https://www.fsai.in,"Logistics / Manufacturing (Couriers, Warehousing, Light Manufacturing)",Fire & Security Industry Body,Fire & Security Systems,Maharashtra,Mumbai,National,Section 8 Company,"{""association_type"": ""National"", ""legal_status"": ""Section 8 Company"", ""overview"": {""about"": ""FSAI is the national body representing the fire detection, suppression, and security industry in India. It works to promote fire safety awareness, standardise products, and engages with Bureau of Indian Standards on fire safety norms."", ""mission"": """", ""vision"": """", ""sector"": ""Fire & Security Systems"", ""objectives"": [], ""key_functions"": []}, ""governance"": {""president"": {""name"": ""Jayant Patankar"", ""company"": """"}, ""vice_presidents"": [], ""secretary_general"": {""name"": """", ""company"": """"}}, ""regional_structure"": {""governance_model"": """", ""headquarters"": ""Mumbai, Maharashtra"", ""chapters"": []}, ""membership_details"": {""overview_metrics"": [{""label"": ""Total Members"", ""value"": ""600+""}], ""categories"": [], ""requirements"": [], ""application_process"": {}, ""benefits"": [], ""mode_of_application"": """", ""application_url"": """", ""member_login_url"": """"}, ""services_offered"": [], ""programs"": {}, ""events"": {}, ""publications"": {}, ""compliance_policies"": {}, ""partnerships"": {""list"": []}, ""awards"": {""list"": []}, ""transparency"": [], ""digital_presence"": [], ""contact_details"": {""office_address"": ""Mumbai, Maharashtra, India"", ""phone_number"": """", ""email"": ""info@fsai.in"", ""website"": ""https://www.fsai.in""}}"
109,Council for Leather Exports (CLE),Apex export promotion body for leather sector.,"Council for Leather Exports is the apex export promotion body for the leather sector in India, established in 1984. It promotes exports of leather, leather goods, and footwear, and assists member exporters with market access and trade facilitation.",1984,Council for Leather Exports,Export Promotion Council,Rajendra Kumar Jalan,Chairman,clehq@cleindia.com,association,2500,3000,50000,https://www.leatherindia.org,"Fashion (Apparel, Footwear, Accessories)",Leather Exports Council,Leather Exports,Tamil Nadu,Chennai,National,Registered Society,"{""association_type"": ""National"", ""legal_status"": ""Registered Society"", ""overview"": {""about"": ""Council for Leather Exports is the apex export promotion body for the leather sector in India, established in 1984. It promotes exports of leather, leather goods, and footwear, and assists member exporters with market access and trade facilitation."", ""mission"": """", ""vision"": """", ""sector"": ""Leather Exports"", ""objectives"": [], ""key_functions"": []}, ""governance"": {""president"": {""name"": """", ""company"": """"}, ""vice_presidents"": [], ""secretary_general"": {""name"": """", ""company"": """"}}, ""regional_structure"": {""governance_model"": """", ""headquarters"": ""Chennai, Tamil Nadu"", ""chapters"": []}, ""membership_details"": {""overview_metrics"": [{""label"": ""Total Members"", ""value"": ""2500+""}], ""categories"": [], ""requirements"": [], ""application_process"": {}, ""benefits"": [], ""mode_of_application"": """", ""application_url"": """", ""member_login_url"": """"}, ""services_offered"": [], ""programs"": {}, ""events"": {}, ""publications"": {}, ""compliance_policies"": {}, ""partnerships"": {""list"": []}, ""awards"": {""list"": []}, ""transparency"": [], ""digital_presence"": [], ""contact_details"": {""office_address"": ""Chennai, Tamil Nadu, India"", ""phone_number"": """", ""email"": ""clehq@cleindia.com"", ""website"": ""https://www.leatherindia.org""}}"
110,All India Footwear Manufacturers & Retailers Association (AIFMRA),National body for footwear industry in India.,"AIFMRA represents footwear manufacturers and retailers in India. It supports the domestic footwear industry through policy advocacy, organises trade fairs, and facilitates technology upgradation for small footwear manufacturers.",1969,All India Footwear Manufacturers and Retailers Association,Non-profit Trade Body,P. K. Updhyay,President,aifmra@aifmra.com,association,3000,2000,50000,https://www.aifmra.com,"Fashion (Apparel, Footwear, Accessories)",Footwear Manufacturers Association,Footwear Manufacturing,Uttar Pradesh,Agra,National,Registered Society,"{""association_type"": ""National"", ""legal_status"": ""Registered Society"", ""overview"": {""about"": ""AIFMRA represents footwear manufacturers and retailers in India. It supports the domestic footwear industry through policy advocacy, organises trade fairs, and facilitates technology upgradation for small footwear manufacturers."", ""mission"": """", ""vision"": """", ""sector"": ""Footwear Manufacturing"", ""objectives"": [], ""key_functions"": []}, ""governance"": {""president"": {""name"": ""P. K. Updhyay"", ""company"": """"}, ""vice_presidents"": [], ""secretary_general"": {""name"": """", ""company"": """"}}, ""regional_structure"": {""governance_model"": """", ""headquarters"": ""Agra, Uttar Pradesh"", ""chapters"": []}, ""membership_details"": {""overview_metrics"": [{""label"": ""Total Members"", ""value"": ""3000+""}], ""categories"": [], ""requirements"": [], ""application_process"": {}, ""benefits"": [], ""mode_of_application"": """", ""application_url"": """", ""member_login_url"": """"}, ""services_offered"": [], ""programs"": {}, ""events"": {}, ""publications"": {}, ""compliance_policies"": {}, ""partnerships"": {""list"": []}, ""awards"": {""list"": []}, ""transparency"": [], ""digital_presence"": [], ""contact_details"": {""office_address"": ""Agra, Uttar Pradesh, India"", ""phone_number"": """", ""email"": ""aifmra@aifmra.com"", ""website"": ""https://www.aifmra.com""}}"
111,All India Rubber Industries Association (AIRIA),Apex body of the rubber industry in India.,"AIRIA is the apex body of the rubber industry in India, founded in 1941. It represents rubber product manufacturers, processes, and traders, and works to promote the growth of the rubber sector in India.",1941,All India Rubber Industries Association,Non-profit Trade Body,P. J. Mathew,President,airia@rubberindia.com,association,3000,3000,100000,https://www.rubberindia.com,"Logistics / Manufacturing (Couriers, Warehousing, Light Manufacturing)",Rubber Industry Association,Rubber Manufacturing,Maharashtra,Mumbai,National,Registered Society,"{""association_type"": ""National"", ""legal_status"": ""Registered Society"", ""overview"": {""about"": ""AIRIA is the apex body of the rubber industry in India, founded in 1941. It represents rubber product manufacturers, processes, and traders, and works to promote the growth of the rubber sector in India."", ""mission"": """", ""vision"": """", ""sector"": ""Rubber Manufacturing"", ""objectives"": [], ""key_functions"": []}, ""governance"": {""president"": {""name"": ""P. J. Mathew"", ""company"": """"}, ""vice_presidents"": [], ""secretary_general"": {""name"": """", ""company"": """"}}, ""regional_structure"": {""governance_model"": """", ""headquarters"": ""Mumbai, Maharashtra"", ""chapters"": []}, ""membership_details"": {""overview_metrics"": [{""label"": ""Total Members"", ""value"": ""3000+""}], ""categories"": [], ""requirements"": [], ""application_process"": {}, ""benefits"": [], ""mode_of_application"": """", ""application_url"": """", ""member_login_url"": """"}, ""services_offered"": [], ""programs"": {}, ""events"": {}, ""publications"": {}, ""compliance_policies"": {}, ""partnerships"": {""list"": []}, ""awards"": {""list"": []}, ""transparency"": [], ""digital_presence"": [], ""contact_details"": {""office_address"": ""Mumbai, Maharashtra, India"", ""phone_number"": """", ""email"": ""airia@rubberindia.com"", ""website"": ""https://www.rubberindia.com""}}"
112,Council of Architecture (COA),Statutory body for regulation of architectural profession.,"The Council of Architecture is a statutory body constituted under the Architects Act, 1972. It regulates the education and practice of the profession of Architecture in India and maintains the Register of Architects.",1972,Council of Architecture,Statutory Regulatory Body,Habeeb Khan,President,coa@coaindia.in,association,130000,5000,10000,https://www.coa.gov.in,General (Miscellaneous),Architecture Regulatory Council,Architecture,Delhi,New Delhi,National,Statutory Body,"{""association_type"": ""National"", ""legal_status"": ""Statutory Body"", ""overview"": {""about"": ""The Council of Architecture is a statutory body constituted under the Architects Act, 1972. It regulates the education and practice of the profession of Architecture in India and maintains the Register of Architects."", ""mission"": """", ""vision"": """", ""sector"": ""Architecture"", ""objectives"": [], ""key_functions"": []}, ""governance"": {""president"": {""name"": ""Habeeb Khan"", ""company"": """"}, ""vice_presidents"": [], ""secretary_general"": {""name"": """", ""company"": """"}}, ""regional_structure"": {""governance_model"": """", ""headquarters"": ""New Delhi, Delhi"", ""chapters"": []}, ""membership_details"": {""overview_metrics"": [{""label"": ""Total Members"", ""value"": ""130000+""}], ""categories"": [], ""requirements"": [], ""application_process"": {}, ""benefits"": [], ""mode_of_application"": """", ""application_url"": """", ""member_login_url"": """"}, ""services_offered"": [], ""programs"": {}, ""events"": {}, ""publications"": {}, ""compliance_policies"": {}, ""partnerships"": {""list"": []}, ""awards"": {""list"": []}, ""transparency"": [], ""digital_presence"": [], ""contact_details"": {""office_address"": ""New Delhi, Delhi, India"", ""phone_number"": """", ""email"": ""coa@coaindia.in"", ""website"": ""https://www.coa.gov.in""}}"
113,Institute of Chartered Accountants of India (ICAI),National professional accounting body in India.,"ICAI is the national professional accounting body of India. Established in 1949 by an Act of Parliament, it regulates the profession of chartered accountants in India and has over 3.5 lakh members and 8 lakh students.",1949,Institute of Chartered Accountants of India,Statutory Professional Body,Ranjeet Kumar Agarwal,President,icai@icai.org,association,350000,3000,30000,https://www.icai.org,"Business Services (B2B, HR, Accounting)",Chartered Accountants Regulatory Body,Accounting & Finance,Delhi,New Delhi,National,Statutory Body,"{""association_type"": ""National"", ""legal_status"": ""Statutory Body"", ""overview"": {""about"": ""ICAI is the national professional accounting body of India. Established in 1949 by an Act of Parliament, it regulates the profession of chartered accountants in India and has over 3.5 lakh members and 8 lakh students."", ""mission"": """", ""vision"": """", ""sector"": ""Accounting & Finance"", ""objectives"": [], ""key_functions"": []}, ""governance"": {""president"": {""name"": ""Ranjeet Kumar Agarwal"", ""company"": """"}, ""vice_presidents"": [], ""secretary_general"": {""name"": """", ""company"": """"}}, ""regional_structure"": {""governance_model"": """", ""headquarters"": ""New Delhi, Delhi"", ""chapters"": []}, ""membership_details"": {""overview_metrics"": [{""label"": ""Total Members"", ""value"": ""350000+""}], ""categories"": [], ""requirements"": [], ""application_process"": {}, ""benefits"": [], ""mode_of_application"": """", ""application_url"": """", ""member_login_url"": """"}, ""services_offered"": [], ""programs"": {}, ""events"": {}, ""publications"": {}, ""compliance_policies"": {}, ""partnerships"": {""list"": []}, ""awards"": {""list"": []}, ""transparency"": [], ""digital_presence"": [], ""contact_details"": {""office_address"": ""New Delhi, Delhi, India"", ""phone_number"": """", ""email"": ""icai@icai.org"", ""website"": ""https://www.icai.org""}}"
114,Institute of Cost Accountants of India (ICMAI),Statutory body for cost and management accountants.,"ICMAI, formerly the Institute of Cost and Works Accountants of India (ICWAI), is a statutory body established in 1959. It regulates the profession of cost and management accountants and promotes excellence in management accounting.",1959,Institute of Cost Accountants of India,Statutory Professional Body,Biswarup Basu,President,icmai@icmai.in,association,90000,2000,20000,https://www.icmai.in,"Business Services (B2B, HR, Accounting)",Cost Accountants Regulatory Body,Cost Accounting,West Bengal,Kolkata,National,Statutory Body,"{""association_type"": ""National"", ""legal_status"": ""Statutory Body"", ""overview"": {""about"": ""ICMAI, formerly the Institute of Cost and Works Accountants of India (ICWAI), is a statutory body established in 1959. It regulates the profession of cost and management accountants and promotes excellence in management accounting."", ""mission"": """", ""vision"": """", ""sector"": ""Cost Accounting"", ""objectives"": [], ""key_functions"": []}, ""governance"": {""president"": {""name"": ""Biswarup Basu"", ""company"": """"}, ""vice_presidents"": [], ""secretary_general"": {""name"": """", ""company"": """"}}, ""regional_structure"": {""governance_model"": """", ""headquarters"": ""Kolkata, West Bengal"", ""chapters"": []}, ""membership_details"": {""overview_metrics"": [{""label"": ""Total Members"", ""value"": ""90000+""}], ""categories"": [], ""requirements"": [], ""application_process"": {}, ""benefits"": [], ""mode_of_application"": """", ""application_url"": """", ""member_login_url"": """"}, ""services_offered"": [], ""programs"": {}, ""events"": {}, ""publications"": {}, ""compliance_policies"": {}, ""partnerships"": {""list"": []}, ""awards"": {""list"": []}, ""transparency"": [], ""digital_presence"": [], ""contact_details"": {""office_address"": ""Kolkata, West Bengal, India"", ""phone_number"": """", ""email"": ""icmai@icmai.in"", ""website"": ""https://www.icmai.in""}}"
115,Institute of Company Secretaries of India (ICSI),Statutory body for company secretaries in India.,"ICSI is a statutory body constituted under the Company Secretaries Act, 1980. It regulates and develops the profession of company secretaries in India and has over 65,000 members and 2 lakh students enrolled.",1980,Institute of Company Secretaries of India,Statutory Professional Body,Manish Gupta,President,icsi@icsi.edu,association,65000,2000,20000,https://www.icsi.edu,"Business Services (B2B, HR, Accounting)",Company Secretaries Regulatory Body,Company Secretaries,Delhi,New Delhi,National,Statutory Body,"{""association_type"": ""National"", ""legal_status"": ""Statutory Body"", ""overview"": {""about"": ""ICSI is a statutory body constituted under the Company Secretaries Act, 1980. It regulates and develops the profession of company secretaries in India and has over 65,000 members and 2 lakh students enrolled."", ""mission"": """", ""vision"": """", ""sector"": ""Company Secretaries"", ""objectives"": [], ""key_functions"": []}, ""governance"": {""president"": {""name"": ""Manish Gupta"", ""company"": """"}, ""vice_presidents"": [], ""secretary_general"": {""name"": """", ""company"": """"}}, ""regional_structure"": {""governance_model"": """", ""headquarters"": ""New Delhi, Delhi"", ""chapters"": []}, ""membership_details"": {""overview_metrics"": [{""label"": ""Total Members"", ""value"": ""65000+""}], ""categories"": [], ""requirements"": [], ""application_process"": {}, ""benefits"": [], ""mode_of_application"": """", ""application_url"": """", ""member_login_url"": """"}, ""services_offered"": [], ""programs"": {}, ""events"": {}, ""publications"": {}, ""compliance_policies"": {}, ""partnerships"": {""list"": []}, ""awards"": {""list"": []}, ""transparency"": [], ""digital_presence"": [], ""contact_details"": {""office_address"": ""New Delhi, Delhi, India"", ""phone_number"": """", ""email"": ""icsi@icsi.edu"", ""website"": ""https://www.icsi.edu""}}"
116,Indian National Shipowners' Association (INSA),Apex body of ship owners and operators in India.,"INSA is the apex body of Indian ship-owning and ship-operating companies. Established in 1929, it promotes the Indian shipping industry, advocates for the interests of ship owners before government, and represents India in international maritime bodies.",1929,Indian National Shipowners Association,Non-profit Industry Body,Anil Devli,Chief Executive Officer,insa@insaindia.net,association,50,100000,5000000,https://www.insaindia.net,"Logistics / Manufacturing (Couriers, Warehousing, Light Manufacturing)",Shipowners Association,Shipping,Maharashtra,Mumbai,National,Registered Society,"{""association_type"": ""National"", ""legal_status"": ""Registered Society"", ""overview"": {""about"": ""INSA is the apex body of Indian ship-owning and ship-operating companies. Established in 1929, it promotes the Indian shipping industry, advocates for the interests of ship owners before government, and represents India in international maritime bodies."", ""mission"": """", ""vision"": """", ""sector"": ""Shipping"", ""objectives"": [], ""key_functions"": []}, ""governance"": {""president"": {""name"": """", ""company"": """"}, ""vice_presidents"": [], ""secretary_general"": {""name"": ""Anil Devli"", ""company"": """"}}, ""regional_structure"": {""governance_model"": """", ""headquarters"": ""Mumbai, Maharashtra"", ""chapters"": []}, ""membership_details"": {""overview_metrics"": [{""label"": ""Total Members"", ""value"": ""50+""}], ""categories"": [], ""requirements"": [], ""application_process"": {}, ""benefits"": [], ""mode_of_application"": """", ""application_url"": """", ""member_login_url"": """"}, ""services_offered"": [], ""programs"": {}, ""events"": {}, ""publications"": {}, ""compliance_policies"": {}, ""partnerships"": {""list"": []}, ""awards"": {""list"": []}, ""transparency"": [], ""digital_presence"": [], ""contact_details"": {""office_address"": ""Mumbai, Maharashtra, India"", ""phone_number"": """", ""email"": ""insa@insaindia.net"", ""website"": ""https://www.insaindia.net""}}"
117,Carpet Export Promotion Council (CEPC),Government body for promotion of carpet exports from India.,"CEPC, established in 1982, is the nodal body for promotion of carpet exports from India. It assists manufacturers and exporters of hand-knotted, handloom, tufted, and machine-made carpets in building global markets.",1982,Carpet Export Promotion Council,Export Promotion Council,Uma Shankar,Chairman,cepc@carpetindia.com,association,1800,3000,50000,https://www.carpetindia.com,"Fashion (Apparel, Footwear, Accessories)",Handicraft / Carpet Export Council,Carpet Exports,Uttar Pradesh,Bhadohi,National,Registered Society,"{""association_type"": ""National"", ""legal_status"": ""Registered Society"", ""overview"": {""about"": ""CEPC, established in 1982, is the nodal body for promotion of carpet exports from India. It assists manufacturers and exporters of hand-knotted, handloom, tufted, and machine-made carpets in building global markets."", ""mission"": """", ""vision"": """", ""sector"": ""Carpet Exports"", ""objectives"": [], ""key_functions"": []}, ""governance"": {""president"": {""name"": """", ""company"": """"}, ""vice_presidents"": [], ""secretary_general"": {""name"": """", ""company"": """"}}, ""regional_structure"": {""governance_model"": """", ""headquarters"": ""Bhadohi, Uttar Pradesh"", ""chapters"": []}, ""membership_details"": {""overview_metrics"": [{""label"": ""Total Members"", ""value"": ""1800+""}], ""categories"": [], ""requirements"": [], ""application_process"": {}, ""benefits"": [], ""mode_of_application"": """", ""application_url"": """", ""member_login_url"": """"}, ""services_offered"": [], ""programs"": {}, ""events"": {}, ""publications"": {}, ""compliance_policies"": {}, ""partnerships"": {""list"": []}, ""awards"": {""list"": []}, ""transparency"": [], ""digital_presence"": [], ""contact_details"": {""office_address"": ""Bhadohi, Uttar Pradesh, India"", ""phone_number"": """", ""email"": ""cepc@carpetindia.com"", ""website"": ""https://www.carpetindia.com""}}"
118,Handloom Export Promotion Council (HEPC),Council promoting export of handloom products from India.,HEPC is a government-backed body for the promotion of exports of handloom products. It assists handloom manufacturers and exporters of India to explore and develop overseas markets for handloom fabrics and made-ups.,1965,Handloom Export Promotion Council,Export Promotion Council,Sachit Jain,Chairman,hepc@hepc.org,association,3000,2000,30000,https://www.hepc.org,"Fashion (Apparel, Footwear, Accessories)",Handloom Export Council,Handloom Exports,Tamil Nadu,Chennai,National,Registered Society,"{""association_type"": ""National"", ""legal_status"": ""Registered Society"", ""overview"": {""about"": ""HEPC is a government-backed body for the promotion of exports of handloom products. It assists handloom manufacturers and exporters of India to explore and develop overseas markets for handloom fabrics and made-ups."", ""mission"": """", ""vision"": """", ""sector"": ""Handloom Exports"", ""objectives"": [], ""key_functions"": []}, ""governance"": {""president"": {""name"": """", ""company"": """"}, ""vice_presidents"": [], ""secretary_general"": {""name"": """", ""company"": """"}}, ""regional_structure"": {""governance_model"": """", ""headquarters"": ""Chennai, Tamil Nadu"", ""chapters"": []}, ""membership_details"": {""overview_metrics"": [{""label"": ""Total Members"", ""value"": ""3000+""}], ""categories"": [], ""requirements"": [], ""application_process"": {}, ""benefits"": [], ""mode_of_application"": """", ""application_url"": """", ""member_login_url"": """"}, ""services_offered"": [], ""programs"": {}, ""events"": {}, ""publications"": {}, ""compliance_policies"": {}, ""partnerships"": {""list"": []}, ""awards"": {""list"": []}, ""transparency"": [], ""digital_presence"": [], ""contact_details"": {""office_address"": ""Chennai, Tamil Nadu, India"", ""phone_number"": """", ""email"": ""hepc@hepc.org"", ""website"": ""https://www.hepc.org""}}"
119,iSPIRT (Indian Software Product Industry Round Table),Think tank and volunteer organisation for software product companies.,"ISPIRT is a think tank and volunteer organisation for software product companies in India. Founded by software industry veterans, it focuses on policy advocacy, market development, and playbooks for product entrepreneurs, and also drives initiatives like India Stack.",2012,Indian Software Product Industry Round Table,Think Tank / Non-profit,Sharad Sharma,Co-founder,info@ispirt.in,association,5000,0,100000,https://ispirt.in,"Technology / IT (IT Support, Cybersecurity, Digital Marketing)",Software Product Industry Think Tank,Software Products,Karnataka,Bengaluru,National,Section 8 Company,"{""association_type"": ""National"", ""legal_status"": ""Section 8 Company"", ""overview"": {""about"": ""iSPIRT is a think tank and volunteer organisation for software product companies in India. Founded by software industry veterans, it focuses on policy advocacy, market development, and playbooks for product entrepreneurs, and also drives initiatives like India Stack."", ""mission"": """", ""vision"": """", ""sector"": ""Software Products"", ""objectives"": [], ""key_functions"": []}, ""governance"": {""president"": {""name"": """", ""company"": """"}, ""vice_presidents"": [], ""secretary_general"": {""name"": """", ""company"": """"}}, ""regional_structure"": {""governance_model"": """", ""headquarters"": ""Bengaluru, Karnataka"", ""chapters"": []}, ""membership_details"": {""overview_metrics"": [{""label"": ""Total Members"", ""value"": ""5000+""}], ""categories"": [], ""requirements"": [], ""application_process"": {}, ""benefits"": [], ""mode_of_application"": """", ""application_url"": """", ""member_login_url"": """"}, ""services_offered"": [], ""programs"": {}, ""events"": {}, ""publications"": {}, ""compliance_policies"": {}, ""partnerships"": {""list"": []}, ""awards"": {""list"": []}, ""transparency"": [], ""digital_presence"": [], ""contact_details"": {""office_address"": ""Bengaluru, Karnataka, India"", ""phone_number"": """", ""email"": ""info@ispirt.in"", ""website"": ""https://ispirt.in""}}"
120,India Electronics & Semiconductor Association (IESA),Apex body of electronics and semiconductor industry in India.,"IESA is the apex body of the electronics and semiconductor ecosystem in India. It promotes design, innovation, and manufacturing in electronics and works closely with the Ministry of Electronics and IT on industry development initiatives.",2004,India Electronics and Semiconductor Association,Non-profit Industry Body,Sandeep Aurora,President,contact@iesaonline.org,association,400,25000,500000,https://www.iesaonline.org,"Technology / IT (IT Support, Cybersecurity, Digital Marketing)",Electronics & Semiconductor Association,Electronics & Semiconductor,Karnataka,Bengaluru,National,Section 8 Company,"{""association_type"": ""National"", ""legal_status"": ""Section 8 Company"", ""overview"": {""about"": ""IESA is the apex body of the electronics and semiconductor ecosystem in India. It promotes design, innovation, and manufacturing in electronics and works closely with the Ministry of Electronics and IT on industry development initiatives."", ""mission"": """", ""vision"": """", ""sector"": ""Electronics & Semiconductor"", ""objectives"": [], ""key_functions"": []}, ""governance"": {""president"": {""name"": ""Sandeep Aurora"", ""company"": """"}, ""vice_presidents"": [], ""secretary_general"": {""name"": """", ""company"": """"}}, ""regional_structure"": {""governance_model"": """", ""headquarters"": ""Bengaluru, Karnataka"", ""chapters"": []}, ""membership_details"": {""overview_metrics"": [{""label"": ""Total Members"", ""value"": ""400+""}], ""categories"": [], ""requirements"": [], ""application_process"": {}, ""benefits"": [], ""mode_of_application"": """", ""application_url"": """", ""member_login_url"": """"}, ""services_offered"": [], ""programs"": {}, ""events"": {}, ""publications"": {}, ""compliance_policies"": {}, ""partnerships"": {""list"": []}, ""awards"": {""list"": []}, ""transparency"": [], ""digital_presence"": [], ""contact_details"": {""office_address"": ""Bengaluru, Karnataka, India"", ""phone_number"": """", ""email"": ""contact@iesaonline.org"", ""website"": ""https://www.iesaonline.org""}}"
121,Indian Sugar Mills Association (ISMA),Apex body of sugar industry in India.,"ISMA is the apex body of the Indian sugar industry, established in 1932. It represents large sugar mills across the country and works with the government on sugar pricing, export subsidies, ethanol policy, and sugarcane-related matters.",1932,Indian Sugar Mills Association,Non-profit Trade Body,Aditya Jhunjhunwala,President,isma@indiansugar.com,association,350,50000,1000000,https://www.indiansugar.com,"Food & Beverage (QSR, Cafe, Cloud Kitchens)",Sugar Mills Association,Sugar Manufacturing,Delhi,New Delhi,National,Registered Society,"{""association_type"": ""National"", ""legal_status"": ""Registered Society"", ""overview"": {""about"": ""ISMA is the apex body of the Indian sugar industry, established in 1932. It represents large sugar mills across the country and works with the government on sugar pricing, export subsidies, ethanol policy, and sugarcane-related matters."", ""mission"": """", ""vision"": """", ""sector"": ""Sugar Manufacturing"", ""objectives"": [], ""key_functions"": []}, ""governance"": {""president"": {""name"": ""Aditya Jhunjhunwala"", ""company"": """"}, ""vice_presidents"": [], ""secretary_general"": {""name"": """", ""company"": """"}}, ""regional_structure"": {""governance_model"": """", ""headquarters"": ""New Delhi, Delhi"", ""chapters"": []}, ""membership_details"": {""overview_metrics"": [{""label"": ""Total Members"", ""value"": ""350+""}], ""categories"": [], ""requirements"": [], ""application_process"": {}, ""benefits"": [], ""mode_of_application"": """", ""application_url"": """", ""member_login_url"": """"}, ""services_offered"": [], ""programs"": {}, ""events"": {}, ""publications"": {}, ""compliance_policies"": {}, ""partnerships"": {""list"": []}, ""awards"": {""list"": []}, ""transparency"": [], ""digital_presence"": [], ""contact_details"": {""office_address"": ""New Delhi, Delhi, India"", ""phone_number"": """", ""email"": ""isma@indiansugar.com"", ""website"": ""https://www.indiansugar.com""}}"
122,Logistics Sector Skill Council (LSSC),Sector skill council for skill development in logistics.,"LSSC is the sector skill council for logistics in India, set up under the National Skill Development Corporation. It develops occupational standards and qualification packs for logistics jobs and promotes skilling of the logistics workforce.",2013,Logistics Sector Skill Council,Sector Skill Council,Subhas Barman,Chief Executive Officer,ceo@lssc.org.in,association,500,10000,200000,https://www.lssc.org.in,"Logistics / Manufacturing (Couriers, Warehousing, Light Manufacturing)",Logistics Sector Skill Council,Logistics Skill Development,Delhi,New Delhi,National,Section 8 Company,"{""association_type"": ""National"", ""legal_status"": ""Section 8 Company"", ""overview"": {""about"": ""LSSC is the sector skill council for logistics in India, set up under the National Skill Development Corporation. It develops occupational standards and qualification packs for logistics jobs and promotes skilling of the logistics workforce."", ""mission"": """", ""vision"": """", ""sector"": ""Logistics Skill Development"", ""objectives"": [], ""key_functions"": []}, ""governance"": {""president"": {""name"": """", ""company"": """"}, ""vice_presidents"": [], ""secretary_general"": {""name"": ""Subhas Barman"", ""company"": """"}}, ""regional_structure"": {""governance_model"": """", ""headquarters"": ""New Delhi, Delhi"", ""chapters"": []}, ""membership_details"": {""overview_metrics"": [{""label"": ""Total Members"", ""value"": ""500+""}], ""categories"": [], ""requirements"": [], ""application_process"": {}, ""benefits"": [], ""mode_of_application"": """", ""application_url"": """", ""member_login_url"": """"}, ""services_offered"": [], ""programs"": {}, ""events"": {}, ""publications"": {}, ""compliance_policies"": {}, ""partnerships"": {""list"": []}, ""awards"": {""list"": []}, ""transparency"": [], ""digital_presence"": [], ""contact_details"": {""office_address"": ""New Delhi, Delhi, India"", ""phone_number"": """", ""email"": ""ceo@lssc.org.in"", ""website"": ""https://www.lssc.org.in""}}"
123,General Insurance Council of India,Body representing non-life insurance companies in India.,"The General Insurance Council represents the non-life or general insurance companies in India. Constituted under the Insurance Act, 1938, it aims at promoting the spread of general insurance and looks after common industry interests.",1938,General Insurance Council of India,Statutory Industry Council,M N Sarma,Secretary General,gic@gicouncil.in,association,26,500000,10000000,https://www.gicouncil.in,"Finance / Banking (Loans, Insurance, Banking Correspondents)",General Insurance Industry Council,General Insurance,Maharashtra,Mumbai,National,Statutory Body,"{""association_type"": ""National"", ""legal_status"": ""Statutory Body"", ""overview"": {""about"": ""The General Insurance Council represents the non-life or general insurance companies in India. Constituted under the Insurance Act, 1938, it aims at promoting the spread of general insurance and looks after common industry interests."", ""mission"": """", ""vision"": """", ""sector"": ""General Insurance"", ""objectives"": [], ""key_functions"": []}, ""governance"": {""president"": {""name"": """", ""company"": """"}, ""vice_presidents"": [], ""secretary_general"": {""name"": ""M N Sarma"", ""company"": """"}}, ""regional_structure"": {""governance_model"": """", ""headquarters"": ""Mumbai, Maharashtra"", ""chapters"": []}, ""membership_details"": {""overview_metrics"": [{""label"": ""Total Members"", ""value"": ""26+""}], ""categories"": [], ""requirements"": [], ""application_process"": {}, ""benefits"": [], ""mode_of_application"": """", ""application_url"": """", ""member_login_url"": """"}, ""services_offered"": [], ""programs"": {}, ""events"": {}, ""publications"": {}, ""compliance_policies"": {}, ""partnerships"": {""list"": []}, ""awards"": {""list"": []}, ""transparency"": [], ""digital_presence"": [], ""contact_details"": {""office_address"": ""Mumbai, Maharashtra, India"", ""phone_number"": """", ""email"": ""gic@gicouncil.in"", ""website"": ""https://www.gicouncil.in""}}"
124,Indian Public Health Association (IPHA),National body of public health professionals in India.,"IPHA, established in 1956, is the national body of public health professionals in India. It promotes the science and practice of public health through conferences, publications, and training programmes, and advises on public health policy.",1956,Indian Public Health Association,Professional Scientific Society,B. Sesikeran,President,iphadelhi@gmail.com,association,5000,1000,10000,https://www.iphaonline.org,"Health (Medical, Diagnostic & Wellness)",Public Health Professionals Body,Public Health,Delhi,New Delhi,National,Registered Society,"{""association_type"": ""National"", ""legal_status"": ""Registered Society"", ""overview"": {""about"": ""IPHA, established in 1956, is the national body of public health professionals in India. It promotes the science and practice of public health through conferences, publications, and training programmes, and advises on public health policy."", ""mission"": """", ""vision"": """", ""sector"": ""Public Health"", ""objectives"": [], ""key_functions"": []}, ""governance"": {""president"": {""name"": ""B. Sesikeran"", ""company"": """"}, ""vice_presidents"": [], ""secretary_general"": {""name"": """", ""company"": """"}}, ""regional_structure"": {""governance_model"": """", ""headquarters"": ""New Delhi, Delhi"", ""chapters"": []}, ""membership_details"": {""overview_metrics"": [{""label"": ""Total Members"", ""value"": ""5000+""}], ""categories"": [], ""requirements"": [], ""application_process"": {}, ""benefits"": [], ""mode_of_application"": """", ""application_url"": """", ""member_login_url"": """"}, ""services_offered"": [], ""programs"": {}, ""events"": {}, ""publications"": {}, ""compliance_policies"": {}, ""partnerships"": {""list"": []}, ""awards"": {""list"": []}, ""transparency"": [], ""digital_presence"": [], ""contact_details"": {""office_address"": ""New Delhi, Delhi, India"", ""phone_number"": """", ""email"": ""iphadelhi@gmail.com"", ""website"": ""https://www.iphaonline.org""}}"
125,Information Sharing and Analysis Center (ISAC) India,Cybersecurity threat intelligence sharing body for critical sectors.,ISAC India facilitates sharing of cybersecurity threat intelligence among financial and other critical sector organisations in India. It works closely with CERT-In and the National Critical Information Infrastructure Protection Centre.,2014,Information Sharing and Analysis Center India,Non-profit Industry Body,Anand Naik,Chairman,info@isac.io,association,150,50000,500000,https://www.isac.io,"Technology / IT (IT Support, Cybersecurity, Digital Marketing)",Cybersecurity Threat Intelligence Body,Cybersecurity Intelligence,Maharashtra,Mumbai,National,Section 8 Company,"{""association_type"": ""National"", ""legal_status"": ""Section 8 Company"", ""overview"": {""about"": ""ISAC India facilitates sharing of cybersecurity threat intelligence among financial and other critical sector organisations in India. It works closely with CERT-In and the National Critical Information Infrastructure Protection Centre."", ""mission"": """", ""vision"": """", ""sector"": ""Cybersecurity Intelligence"", ""objectives"": [], ""key_functions"": []}, ""governance"": {""president"": {""name"": """", ""company"": """"}, ""vice_presidents"": [], ""secretary_general"": {""name"": """", ""company"": """"}}, ""regional_structure"": {""governance_model"": """", ""headquarters"": ""Mumbai, Maharashtra"", ""chapters"": []}, ""membership_details"": {""overview_metrics"": [{""label"": ""Total Members"", ""value"": ""150+""}], ""categories"": [], ""requirements"": [], ""application_process"": {}, ""benefits"": [], ""mode_of_application"": """", ""application_url"": """", ""member_login_url"": """"}, ""services_offered"": [], ""programs"": {}, ""events"": {}, ""publications"": {}, ""compliance_policies"": {}, ""partnerships"": {""list"": []}, ""awards"": {""list"": []}, ""transparency"": [], ""digital_presence"": [], ""contact_details"": {""office_address"": ""Mumbai, Maharashtra, India"", ""phone_number"": """", ""email"": ""info@isac.io"", ""website"": ""https://www.isac.io""}}"
126,Association of Biotechnology Led Enterprises (ABLE),Industry body for biotechnology companies in India.,"ABLE is the industry body for companies in the biotechnology sector in India. It represents biotech startups, mid-sized companies, and large enterprises working in health biotech, agri-biotech, and industrial biotech.",2003,Association of Biotechnology Led Enterprises,Non-profit Industry Body,K. Anand Kumar,President,able@ableindia.org,association,400,25000,500000,https://www.ableindia.org,"Logistics / Manufacturing (Couriers, Warehousing, Light Manufacturing)",Biotechnology Industry Body,Life Sciences / Biotech,Karnataka,Bengaluru,National,Section 8 Company,"{""association_type"": ""National"", ""legal_status"": ""Section 8 Company"", ""overview"": {""about"": ""ABLE is the industry body for companies in the biotechnology sector in India. It represents biotech startups, mid-sized companies, and large enterprises working in health biotech, agri-biotech, and industrial biotech."", ""mission"": """", ""vision"": """", ""sector"": ""Life Sciences / Biotech"", ""objectives"": [], ""key_functions"": []}, ""governance"": {""president"": {""name"": ""K. Anand Kumar"", ""company"": """"}, ""vice_presidents"": [], ""secretary_general"": {""name"": """", ""company"": """"}}, ""regional_structure"": {""governance_model"": """", ""headquarters"": ""Bengaluru, Karnataka"", ""chapters"": []}, ""membership_details"": {""overview_metrics"": [{""label"": ""Total Members"", ""value"": ""400+""}], ""categories"": [], ""requirements"": [], ""application_process"": {}, ""benefits"": [], ""mode_of_application"": """", ""application_url"": """", ""member_login_url"": """"}, ""services_offered"": [], ""programs"": {}, ""events"": {}, ""publications"": {}, ""compliance_policies"": {}, ""partnerships"": {""list"": []}, ""awards"": {""list"": []}, ""transparency"": [], ""digital_presence"": [], ""contact_details"": {""office_address"": ""Bengaluru, Karnataka, India"", ""phone_number"": """", ""email"": ""able@ableindia.org"", ""website"": ""https://www.ableindia.org""}}"
127,Society of Indian Defence Manufacturers (SIDM),Industry body for defence manufacturing in India.,"SIDM is the industry body for the Indian defence manufacturing sector, set up under the aegis of CII. It promotes the indigenisation of defence equipment and represents the private sector defence industry before the Ministry of Defence.",2012,Society of Indian Defence Manufacturers,Non-profit Industry Body,S. P. Shukla,President,sidm@siamindia.com,association,550,25000,1000000,https://www.sidm.in,"Logistics / Manufacturing (Couriers, Warehousing, Light Manufacturing)",Defence Manufacturing Industry Body,Defence Manufacturing,Delhi,New Delhi,National,Section 8 Company,"{""association_type"": ""National"", ""legal_status"": ""Section 8 Company"", ""overview"": {""about"": ""SIDM is the industry body for the Indian defence manufacturing sector, set up under the aegis of CII. It promotes the indigenisation of defence equipment and represents the private sector defence industry before the Ministry of Defence."", ""mission"": """", ""vision"": """", ""sector"": ""Defence Manufacturing"", ""objectives"": [], ""key_functions"": []}, ""governance"": {""president"": {""name"": ""S. P. Shukla"", ""company"": """"}, ""vice_presidents"": [], ""secretary_general"": {""name"": """", ""company"": """"}}, ""regional_structure"": {""governance_model"": """", ""headquarters"": ""New Delhi, Delhi"", ""chapters"": []}, ""membership_details"": {""overview_metrics"": [{""label"": ""Total Members"", ""value"": ""550+""}], ""categories"": [], ""requirements"": [], ""application_process"": {}, ""benefits"": [], ""mode_of_application"": """", ""application_url"": """", ""member_login_url"": """"}, ""services_offered"": [], ""programs"": {}, ""events"": {}, ""publications"": {}, ""compliance_policies"": {}, ""partnerships"": {""list"": []}, ""awards"": {""list"": []}, ""transparency"": [], ""digital_presence"": [], ""contact_details"": {""office_address"": ""New Delhi, Delhi, India"", ""phone_number"": """", ""email"": ""sidm@siamindia.com"", ""website"": ""https://www.sidm.in""}}"
128,Indian Space Association (ISpA),Premier industry association of space and satellite companies.,"ISpA is the premier industry association of space and satellite companies in India. Launched in 2021, it represents major private space companies and advocates for a progressive space policy to enable India's private space sector.",2021,Indian Space Association,Non-profit Industry Body,A. K. Bhatt,Director General,info@ispa.space,association,60,100000,2000000,https://www.ispa.space,"Technology / IT (IT Support, Cybersecurity, Digital Marketing)",Space & Satellite Industry Body,Space & Satellite,Delhi,New Delhi,National,Section 8 Company,"{""association_type"": ""National"", ""legal_status"": ""Section 8 Company"", ""overview"": {""about"": ""ISpA is the premier industry association of space and satellite companies in India. Launched in 2021, it represents major private space companies and advocates for a progressive space policy to enable India's private space sector."", ""mission"": """", ""vision"": """", ""sector"": ""Space & Satellite"", ""objectives"": [], ""key_functions"": []}, ""governance"": {""president"": {""name"": """", ""company"": """"}, ""vice_presidents"": [], ""secretary_general"": {""name"": ""A. K. Bhatt"", ""company"": """"}}, ""regional_structure"": {""governance_model"": """", ""headquarters"": ""New Delhi, Delhi"", ""chapters"": []}, ""membership_details"": {""overview_metrics"": [{""label"": ""Total Members"", ""value"": ""60+""}], ""categories"": [], ""requirements"": [], ""application_process"": {}, ""benefits"": [], ""mode_of_application"": """", ""application_url"": """", ""member_login_url"": """"}, ""services_offered"": [], ""programs"": {}, ""events"": {}, ""publications"": {}, ""compliance_policies"": {}, ""partnerships"": {""list"": []}, ""awards"": {""list"": []}, ""transparency"": [], ""digital_presence"": [], ""contact_details"": {""office_address"": ""New Delhi, Delhi, India"", ""phone_number"": """", ""email"": ""info@ispa.space"", ""website"": ""https://www.ispa.space""}}"
129,All India Ophthalmological Society (AIOS),National body of eye specialists in India.,"AIOS is the national body of ophthalmologists in India, founded in 1930. With over 20,000 members, it promotes advances in ophthalmology through annual conferences, journals, and continuing medical education programmes.",1930,All India Ophthalmological Society,Professional Medical Society,Rajesh Sinha,President,aios@aios.org,association,20000,2000,20000,https://www.aios.org,"Health (Medical, Diagnostic & Wellness)",Ophthalmology Professional Society,Ophthalmology,Delhi,New Delhi,National,Registered Society,"{""association_type"": ""National"", ""legal_status"": ""Registered Society"", ""overview"": {""about"": ""AIOS is the national body of ophthalmologists in India, founded in 1930. With over 20,000 members, it promotes advances in ophthalmology through annual conferences, journals, and continuing medical education programmes."", ""mission"": """", ""vision"": """", ""sector"": ""Ophthalmology"", ""objectives"": [], ""key_functions"": []}, ""governance"": {""president"": {""name"": ""Rajesh Sinha"", ""company"": """"}, ""vice_presidents"": [], ""secretary_general"": {""name"": """", ""company"": """"}}, ""regional_structure"": {""governance_model"": """", ""headquarters"": ""New Delhi, Delhi"", ""chapters"": []}, ""membership_details"": {""overview_metrics"": [{""label"": ""Total Members"", ""value"": ""20000+""}], ""categories"": [], ""requirements"": [], ""application_process"": {}, ""benefits"": [], ""mode_of_application"": """", ""application_url"": """", ""member_login_url"": """"}, ""services_offered"": [], ""programs"": {}, ""events"": {}, ""publications"": {}, ""compliance_policies"": {}, ""partnerships"": {""list"": []}, ""awards"": {""list"": []}, ""transparency"": [], ""digital_presence"": [], ""contact_details"": {""office_address"": ""New Delhi, Delhi, India"", ""phone_number"": """", ""email"": ""aios@aios.org"", ""website"": ""https://www.aios.org""}}"
130,Federation of Indian Women Entrepreneurs (FIWE),National body promoting women entrepreneurship in India.,"FIWE is a non-profit organisation dedicated to promoting and facilitating women entrepreneurship in India. It provides networking, training, and advocacy support to women business owners across sectors.",1993,Federation of Indian Women Entrepreneurs,Non-profit Professional Body,Vinita Bali,President,fiwe@fiwe.in,association,5000,2000,50000,https://www.fiwe.in,General (Miscellaneous),Women Entrepreneurship Body,Women Business Leaders,Delhi,New Delhi,National,Registered Society,"{""association_type"": ""National"", ""legal_status"": ""Registered Society"", ""overview"": {""about"": ""FIWE is a non-profit organisation dedicated to promoting and facilitating women entrepreneurship in India. It provides networking, training, and advocacy support to women business owners across sectors."", ""mission"": """", ""vision"": """", ""sector"": ""Women Business Leaders"", ""objectives"": [], ""key_functions"": []}, ""governance"": {""president"": {""name"": ""Vinita Bali"", ""company"": """"}, ""vice_presidents"": [], ""secretary_general"": {""name"": """", ""company"": """"}}, ""regional_structure"": {""governance_model"": """", ""headquarters"": ""New Delhi, Delhi"", ""chapters"": []}, ""membership_details"": {""overview_metrics"": [{""label"": ""Total Members"", ""value"": ""5000+""}], ""categories"": [], ""requirements"": [], ""application_process"": {}, ""benefits"": [], ""mode_of_application"": """", ""application_url"": """", ""member_login_url"": """"}, ""services_offered"": [], ""programs"": {}, ""events"": {}, ""publications"": {}, ""compliance_policies"": {}, ""partnerships"": {""list"": []}, ""awards"": {""list"": []}, ""transparency"": [], ""digital_presence"": [], ""contact_details"": {""office_address"": ""New Delhi, Delhi, India"", ""phone_number"": """", ""email"": ""fiwe@fiwe.in"", ""website"": ""https://www.fiwe.in""}}"
131,Insurance Brokers Association of India (IBAI),National body of licensed insurance brokers in India.,"IBAI is the national body representing licensed insurance brokers in India. It promotes professional standards in insurance broking, advocates for policy changes, and provides a platform for information exchange among member brokers.",2001,Insurance Brokers Association of India,Non-profit Industry Body,Sumit Bohra,President,ibai@ibai.org.in,association,500,15000,150000,https://www.ibai.org.in,"Finance / Banking (Loans, Insurance, Banking Correspondents)",Insurance Brokers Association,Insurance Broking,Maharashtra,Mumbai,National,Section 8 Company,"{""association_type"": ""National"", ""legal_status"": ""Section 8 Company"", ""overview"": {""about"": ""IBAI is the national body representing licensed insurance brokers in India. It promotes professional standards in insurance broking, advocates for policy changes, and provides a platform for information exchange among member brokers."", ""mission"": """", ""vision"": """", ""sector"": ""Insurance Broking"", ""objectives"": [], ""key_functions"": []}, ""governance"": {""president"": {""name"": ""Sumit Bohra"", ""company"": """"}, ""vice_presidents"": [], ""secretary_general"": {""name"": """", ""company"": """"}}, ""regional_structure"": {""governance_model"": """", ""headquarters"": ""Mumbai, Maharashtra"", ""chapters"": []}, ""membership_details"": {""overview_metrics"": [{""label"": ""Total Members"", ""value"": ""500+""}], ""categories"": [], ""requirements"": [], ""application_process"": {}, ""benefits"": [], ""mode_of_application"": """", ""application_url"": """", ""member_login_url"": """"}, ""services_offered"": [], ""programs"": {}, ""events"": {}, ""publications"": {}, ""compliance_policies"": {}, ""partnerships"": {""list"": []}, ""awards"": {""list"": []}, ""transparency"": [], ""digital_presence"": [], ""contact_details"": {""office_address"": ""Mumbai, Maharashtra, India"", ""phone_number"": """", ""email"": ""ibai@ibai.org.in"", ""website"": ""https://www.ibai.org.in""}}"
132,National Cooperative Union of India (NCUI),Apex national body for cooperative movement in India.,"NCUI is the apex body at the national level for the cooperative movement in India. Established in 1929, it provides leadership and guidance to the cooperative movement and promotes cooperative principles and practices across sectors.",1929,National Cooperative Union of India,Apex Cooperative Body,Dileep Sanghani,President,ncui@ncui.coop,association,800000,500,50000,https://www.ncui.net,General (Miscellaneous),Cooperative Sector Apex Body,Cooperatives,Delhi,New Delhi,National,Registered Society,"{""association_type"": ""National"", ""legal_status"": ""Registered Society"", ""overview"": {""about"": ""NCUI is the apex body at the national level for the cooperative movement in India. Established in 1929, it provides leadership and guidance to the cooperative movement and promotes cooperative principles and practices across sectors."", ""mission"": """", ""vision"": """", ""sector"": ""Cooperatives"", ""objectives"": [], ""key_functions"": []}, ""governance"": {""president"": {""name"": ""Dileep Sanghani"", ""company"": """"}, ""vice_presidents"": [], ""secretary_general"": {""name"": """", ""company"": """"}}, ""regional_structure"": {""governance_model"": """", ""headquarters"": ""New Delhi, Delhi"", ""chapters"": []}, ""membership_details"": {""overview_metrics"": [{""label"": ""Total Members"", ""value"": ""800000+""}], ""categories"": [], ""requirements"": [], ""application_process"": {}, ""benefits"": [], ""mode_of_application"": """", ""application_url"": """", ""member_login_url"": """"}, ""services_offered"": [], ""programs"": {}, ""events"": {}, ""publications"": {}, ""compliance_policies"": {}, ""partnerships"": {""list"": []}, ""awards"": {""list"": []}, ""transparency"": [], ""digital_presence"": [], ""contact_details"": {""office_address"": ""New Delhi, Delhi, India"", ""phone_number"": """", ""email"": ""ncui@ncui.coop"", ""website"": ""https://www.ncui.net""}}"
133,AVGC-XR Industry Association of India,"Industry body for India's animation, VFX, gaming and XR sector.","This association represents companies in the Animation, VFX, Gaming, Comics and Extended Reality (AVGC-XR) sectors. It advocates for policy support, promotes skill development, and positions India as a global AVGC hub.",2015,AVGC-XR Industry Association of India,Non-profit Industry Body,Rajesh Rao,Chairperson,info@avgcxr.in,association,300,25000,500000,https://www.avgcxr.in,"Entertainment (Gaming Zones, Events, Leisure)",Animation / Gaming / XR Industry Body,"Animation, VFX, Gaming",Karnataka,Bengaluru,National,Section 8 Company,"{""association_type"": ""National"", ""legal_status"": ""Section 8 Company"", ""overview"": {""about"": ""This association represents companies in the Animation, VFX, Gaming, Comics and Extended Reality (AVGC-XR) sectors. It advocates for policy support, promotes skill development, and positions India as a global AVGC hub."", ""mission"": """", ""vision"": """", ""sector"": ""Animation, VFX, Gaming"", ""objectives"": [], ""key_functions"": []}, ""governance"": {""president"": {""name"": """", ""company"": """"}, ""vice_presidents"": [], ""secretary_general"": {""name"": """", ""company"": """"}}, ""regional_structure"": {""governance_model"": """", ""headquarters"": ""Bengaluru, Karnataka"", ""chapters"": []}, ""membership_details"": {""overview_metrics"": [{""label"": ""Total Members"", ""value"": ""300+""}], ""categories"": [], ""requirements"": [], ""application_process"": {}, ""benefits"": [], ""mode_of_application"": """", ""application_url"": """", ""member_login_url"": """"}, ""services_offered"": [], ""programs"": {}, ""events"": {}, ""publications"": {}, ""compliance_policies"": {}, ""partnerships"": {""list"": []}, ""awards"": {""list"": []}, ""transparency"": [], ""digital_presence"": [], ""contact_details"": {""office_address"": ""Bengaluru, Karnataka, India"", ""phone_number"": """", ""email"": ""info@avgcxr.in"", ""website"": ""https://www.avgcxr.in""}}"
134,Payments Council of India (PCI),Industry body for payment system operators in India.,"PCI is the industry body of payment system operators in India, set up in 2013 under the umbrella of IAMAI. It represents over 100 organisations in the payment ecosystem and advocates for a digital payment-friendly policy environment.",2013,Payments Council of India,Non-profit Industry Body,Vishwas Patel,Chairman,pci@pcimail.in,association,120,50000,1000000,https://www.pcimail.in,"Finance / Banking (Loans, Insurance, Banking Correspondents)",Digital Payments Industry Body,Digital Payments,Maharashtra,Mumbai,National,Section 8 Company,"{""association_type"": ""National"", ""legal_status"": ""Section 8 Company"", ""overview"": {""about"": ""PCI is the industry body of payment system operators in India, set up in 2013 under the umbrella of IAMAI. It represents over 100 organisations in the payment ecosystem and advocates for a digital payment-friendly policy environment."", ""mission"": """", ""vision"": """", ""sector"": ""Digital Payments"", ""objectives"": [], ""key_functions"": []}, ""governance"": {""president"": {""name"": """", ""company"": """"}, ""vice_presidents"": [], ""secretary_general"": {""name"": """", ""company"": """"}}, ""regional_structure"": {""governance_model"": """", ""headquarters"": ""Mumbai, Maharashtra"", ""chapters"": []}, ""membership_details"": {""overview_metrics"": [{""label"": ""Total Members"", ""value"": ""120+""}], ""categories"": [], ""requirements"": [], ""application_process"": {}, ""benefits"": [], ""mode_of_application"": """", ""application_url"": """", ""member_login_url"": """"}, ""services_offered"": [], ""programs"": {}, ""events"": {}, ""publications"": {}, ""compliance_policies"": {}, ""partnerships"": {""list"": []}, ""awards"": {""list"": []}, ""transparency"": [], ""digital_presence"": [], ""contact_details"": {""office_address"": ""Mumbai, Maharashtra, India"", ""phone_number"": """", ""email"": ""pci@pcimail.in"", ""website"": ""https://www.pcimail.in""}}"
135,Fintech Association for Consumer Empowerment (FACE),Self-regulatory body for digital lending industry in India.,"FACE is a self-regulatory organisation for the digital lending sector in India. It works to promote responsible digital lending practices, consumer protection, and fair lending codes among fintech companies involved in digital credit.",2019,Fintech Association for Consumer Empowerment,Self-Regulatory Body,Sugandh Saxena,Chief Executive Officer,info@faceindia.in,association,120,50000,500000,https://www.faceindia.in,"Finance / Banking (Loans, Insurance, Banking Correspondents)",Digital Lending Self-Regulatory Body,Digital Lending,Delhi,New Delhi,National,Section 8 Company,"{""association_type"": ""National"", ""legal_status"": ""Section 8 Company"", ""overview"": {""about"": ""FACE is a self-regulatory organisation for the digital lending sector in India. It works to promote responsible digital lending practices, consumer protection, and fair lending codes among fintech companies involved in digital credit."", ""mission"": """", ""vision"": """", ""sector"": ""Digital Lending"", ""objectives"": [], ""key_functions"": []}, ""governance"": {""president"": {""name"": """", ""company"": """"}, ""vice_presidents"": [], ""secretary_general"": {""name"": ""Sugandh Saxena"", ""company"": """"}}, ""regional_structure"": {""governance_model"": """", ""headquarters"": ""New Delhi, Delhi"", ""chapters"": []}, ""membership_details"": {""overview_metrics"": [{""label"": ""Total Members"", ""value"": ""120+""}], ""categories"": [], ""requirements"": [], ""application_process"": {}, ""benefits"": [], ""mode_of_application"": """", ""application_url"": """", ""member_login_url"": """"}, ""services_offered"": [], ""programs"": {}, ""events"": {}, ""publications"": {}, ""compliance_policies"": {}, ""partnerships"": {""list"": []}, ""awards"": {""list"": []}, ""transparency"": [], ""digital_presence"": [], ""contact_details"": {""office_address"": ""New Delhi, Delhi, India"", ""phone_number"": """", ""email"": ""info@faceindia.in"", ""website"": ""https://www.faceindia.in""}}"
136,Institute of Indian Interior Designers (IIID),Professional body for interior designers in India.,"IIID is the professional body for interior designers in India, established in 1972. It promotes the profession of interior design, sets practice standards, and facilitates professional development among its members across 22 chapters nationwide.",1972,Institute of Indian Interior Designers,Professional Body,Sandeep Khosla,National President,iiid@iiid.net,association,5000,3000,50000,https://www.iiid.net,General (Miscellaneous),Interior Designers Professional Body,Interior Design,Maharashtra,Mumbai,National,Registered Society,"{""association_type"": ""National"", ""legal_status"": ""Registered Society"", ""overview"": {""about"": ""IIID is the professional body for interior designers in India, established in 1972. It promotes the profession of interior design, sets practice standards, and facilitates professional development among its members across 22 chapters nationwide."", ""mission"": """", ""vision"": """", ""sector"": ""Interior Design"", ""objectives"": [], ""key_functions"": []}, ""governance"": {""president"": {""name"": ""Sandeep Khosla"", ""company"": """"}, ""vice_presidents"": [], ""secretary_general"": {""name"": """", ""company"": """"}}, ""regional_structure"": {""governance_model"": """", ""headquarters"": ""Mumbai, Maharashtra"", ""chapters"": []}, ""membership_details"": {""overview_metrics"": [{""label"": ""Total Members"", ""value"": ""5000+""}], ""categories"": [], ""requirements"": [], ""application_process"": {}, ""benefits"": [], ""mode_of_application"": """", ""application_url"": """", ""member_login_url"": """"}, ""services_offered"": [], ""programs"": {}, ""events"": {}, ""publications"": {}, ""compliance_policies"": {}, ""partnerships"": {""list"": []}, ""awards"": {""list"": []}, ""transparency"": [], ""digital_presence"": [], ""contact_details"": {""office_address"": ""Mumbai, Maharashtra, India"", ""phone_number"": """", ""email"": ""iiid@iiid.net"", ""website"": ""https://www.iiid.net""}}"
137,"Basic Chemicals, Cosmetics & Dyes Export Promotion Council (CHEMEXCIL)","Export promotion body for basic chemicals, cosmetics and dyes.","CHEMEXCIL, established in 1963, is the apex export promotion body for basic chemicals, cosmetics, toiletries, soaps, detergents, agrochemicals, and dyes from India. It helps member exporters access global markets.",1963,Basic Chemicals Cosmetics and Dyes Export Promotion Council,Export Promotion Council,Alok Sharma,Executive Director,chemexcil@chemexcil.in,association,5000,3000,50000,https://www.chemexcil.in,"Logistics / Manufacturing (Couriers, Warehousing, Light Manufacturing)",Chemicals/Cosmetics Export Council,Chemical Exports,Maharashtra,Mumbai,National,Registered Society,"{""association_type"": ""National"", ""legal_status"": ""Registered Society"", ""overview"": {""about"": ""CHEMEXCIL, established in 1963, is the apex export promotion body for basic chemicals, cosmetics, toiletries, soaps, detergents, agrochemicals, and dyes from India. It helps member exporters access global markets."", ""mission"": """", ""vision"": """", ""sector"": ""Chemical Exports"", ""objectives"": [], ""key_functions"": []}, ""governance"": {""president"": {""name"": """", ""company"": """"}, ""vice_presidents"": [], ""secretary_general"": {""name"": ""Alok Sharma"", ""company"": """"}}, ""regional_structure"": {""governance_model"": """", ""headquarters"": ""Mumbai, Maharashtra"", ""chapters"": []}, ""membership_details"": {""overview_metrics"": [{""label"": ""Total Members"", ""value"": ""5000+""}], ""categories"": [], ""requirements"": [], ""application_process"": {}, ""benefits"": [], ""mode_of_application"": """", ""application_url"": """", ""member_login_url"": """"}, ""services_offered"": [], ""programs"": {}, ""events"": {}, ""publications"": {}, ""compliance_policies"": {}, ""partnerships"": {""list"": []}, ""awards"": {""list"": []}, ""transparency"": [], ""digital_presence"": [], ""contact_details"": {""office_address"": ""Mumbai, Maharashtra, India"", ""phone_number"": """", ""email"": ""chemexcil@chemexcil.in"", ""website"": ""https://www.chemexcil.in""}}"
138,Sports Goods Export Promotion Council (SGEPC),Export promotion body for Indian sports goods.,"SGEPC promotes the export of sports goods, outdoor and recreational games equipment and articles from India. India is a major global producer of sports goods and SGEPC facilitates market access for member companies worldwide.",1958,Sports Goods Export Promotion Council,Export Promotion Council,Rajesh Bhandari,Chairman,sgepc@sgepc.in,association,1200,3000,30000,https://www.sgepc.in,"Sports & Fitness (Gyms, Yoga, Sports Academies)",Sports Goods Export Promotion Council,Sports Goods Exports,Delhi,New Delhi,National,Registered Society,"{""association_type"": ""National"", ""legal_status"": ""Registered Society"", ""overview"": {""about"": ""SGEPC promotes the export of sports goods, outdoor and recreational games equipment and articles from India. India is a major global producer of sports goods and SGEPC facilitates market access for member companies worldwide."", ""mission"": """", ""vision"": """", ""sector"": ""Sports Goods Exports"", ""objectives"": [], ""key_functions"": []}, ""governance"": {""president"": {""name"": """", ""company"": """"}, ""vice_presidents"": [], ""secretary_general"": {""name"": """", ""company"": """"}}, ""regional_structure"": {""governance_model"": """", ""headquarters"": ""New Delhi, Delhi"", ""chapters"": []}, ""membership_details"": {""overview_metrics"": [{""label"": ""Total Members"", ""value"": ""1200+""}], ""categories"": [], ""requirements"": [], ""application_process"": {}, ""benefits"": [], ""mode_of_application"": """", ""application_url"": """", ""member_login_url"": """"}, ""services_offered"": [], ""programs"": {}, ""events"": {}, ""publications"": {}, ""compliance_policies"": {}, ""partnerships"": {""list"": []}, ""awards"": {""list"": []}, ""transparency"": [], ""digital_presence"": [], ""contact_details"": {""office_address"": ""New Delhi, Delhi, India"", ""phone_number"": """", ""email"": ""sgepc@sgepc.in"", ""website"": ""https://www.sgepc.in""}}"
139,National Highway Builders Federation (NHBF),Apex body of highway infrastructure construction companies.,"NHBF represents companies in the highway and road infrastructure construction sector. It works with NHAI and Ministry of Road Transport on policy matters, contractor welfare, and ensuring timely project completion.",2000,National Highway Builders Federation,Non-profit Industry Body,Rajiv Misra,President,nhbf@nhbfindia.com,association,450,10000,200000,https://www.nhbfindia.com,"Real Estate (Brokerage, Property Management)",Highway Construction Federation,Highway Construction,Delhi,New Delhi,National,Section 8 Company,"{""association_type"": ""National"", ""legal_status"": ""Section 8 Company"", ""overview"": {""about"": ""NHBF represents companies in the highway and road infrastructure construction sector. It works with NHAI and Ministry of Road Transport on policy matters, contractor welfare, and ensuring timely project completion."", ""mission"": """", ""vision"": """", ""sector"": ""Highway Construction"", ""objectives"": [], ""key_functions"": []}, ""governance"": {""president"": {""name"": ""Rajiv Misra"", ""company"": """"}, ""vice_presidents"": [], ""secretary_general"": {""name"": """", ""company"": """"}}, ""regional_structure"": {""governance_model"": """", ""headquarters"": ""New Delhi, Delhi"", ""chapters"": []}, ""membership_details"": {""overview_metrics"": [{""label"": ""Total Members"", ""value"": ""450+""}], ""categories"": [], ""requirements"": [], ""application_process"": {}, ""benefits"": [], ""mode_of_application"": """", ""application_url"": """", ""member_login_url"": """"}, ""services_offered"": [], ""programs"": {}, ""events"": {}, ""publications"": {}, ""compliance_policies"": {}, ""partnerships"": {""list"": []}, ""awards"": {""list"": []}, ""transparency"": [], ""digital_presence"": [], ""contact_details"": {""office_address"": ""New Delhi, Delhi, India"", ""phone_number"": """", ""email"": ""nhbf@nhbfindia.com"", ""website"": ""https://www.nhbfindia.com""}}"
140,National Cold Chain Development Council (NCCD),Government advisory body for cold chain in India.,"NCCD was established in 2010 as a government advisory body under the Ministry of Agriculture to guide the development of cold chain infrastructure in India, especially for perishable agricultural produce.",2010,National Cold Chain Development Council,Government Advisory Body,Atul Chaturvedi,Member,info@nccd.gov.in,association,200,0,0,https://nccd.gov.in,"Government (E-Governance, Documentation services)",Govt. Cold Chain Advisory Council,Cold Chain,Delhi,New Delhi,National,Statutory Body,"{""association_type"": ""National"", ""legal_status"": ""Statutory Body"", ""overview"": {""about"": ""NCCD was established in 2010 as a government advisory body under the Ministry of Agriculture to guide the development of cold chain infrastructure in India, especially for perishable agricultural produce."", ""mission"": """", ""vision"": """", ""sector"": ""Cold Chain"", ""objectives"": [], ""key_functions"": []}, ""governance"": {""president"": {""name"": """", ""company"": """"}, ""vice_presidents"": [], ""secretary_general"": {""name"": """", ""company"": """"}}, ""regional_structure"": {""governance_model"": """", ""headquarters"": ""New Delhi, Delhi"", ""chapters"": []}, ""membership_details"": {""overview_metrics"": [{""label"": ""Total Members"", ""value"": ""200+""}], ""categories"": [], ""requirements"": [], ""application_process"": {}, ""benefits"": [], ""mode_of_application"": """", ""application_url"": """", ""member_login_url"": """"}, ""services_offered"": [], ""programs"": {}, ""events"": {}, ""publications"": {}, ""compliance_policies"": {}, ""partnerships"": {""list"": []}, ""awards"": {""list"": []}, ""transparency"": [], ""digital_presence"": [], ""contact_details"": {""office_address"": ""New Delhi, Delhi, India"", ""phone_number"": """", ""email"": ""info@nccd.gov.in"", ""website"": ""https://nccd.gov.in""}}"
141,Solar Power Developers Association (SPDA),Industry body for solar power project developers in India.,"SPDA represents solar power project developers in India. It advocates for stable solar energy policy, long-term power purchase agreements, and a level playing field for independent power producers in the solar segment.",2016,Solar Power Developers Association,Non-profit Industry Body,Sanjay Aggarwal,President,info@solarspda.in,association,200,50000,500000,https://www.solarspda.in,"Logistics / Manufacturing (Couriers, Warehousing, Light Manufacturing)",Solar Power Developers Association,Solar Power,Delhi,New Delhi,National,Section 8 Company,"{""association_type"": ""National"", ""legal_status"": ""Section 8 Company"", ""overview"": {""about"": ""SPDA represents solar power project developers in India. It advocates for stable solar energy policy, long-term power purchase agreements, and a level playing field for independent power producers in the solar segment."", ""mission"": """", ""vision"": """", ""sector"": ""Solar Power"", ""objectives"": [], ""key_functions"": []}, ""governance"": {""president"": {""name"": ""Sanjay Aggarwal"", ""company"": """"}, ""vice_presidents"": [], ""secretary_general"": {""name"": """", ""company"": """"}}, ""regional_structure"": {""governance_model"": """", ""headquarters"": ""New Delhi, Delhi"", ""chapters"": []}, ""membership_details"": {""overview_metrics"": [{""label"": ""Total Members"", ""value"": ""200+""}], ""categories"": [], ""requirements"": [], ""application_process"": {}, ""benefits"": [], ""mode_of_application"": """", ""application_url"": """", ""member_login_url"": """"}, ""services_offered"": [], ""programs"": {}, ""events"": {}, ""publications"": {}, ""compliance_policies"": {}, ""partnerships"": {""list"": []}, ""awards"": {""list"": []}, ""transparency"": [], ""digital_presence"": [], ""contact_details"": {""office_address"": ""New Delhi, Delhi, India"", ""phone_number"": """", ""email"": ""info@solarspda.in"", ""website"": ""https://www.solarspda.in""}}"
142,Consumer Electronics and Appliances Manufacturers Association (CEAMA),Industry body for consumer electronics and home appliances.,"CEAMA represents manufacturers of consumer electronics and home appliances in India. It was established to advocate for industry interests before government bodies and regulatory authorities, and to promote the growth of the consumer electronics sector.",1978,Consumer Electronics and Appliances Manufacturers Association,Non-profit Trade Body,Eric Braganza,President,ceama@ceama.in,association,200,50000,1000000,https://www.ceama.in,"Dealers & Distributors (FMCG, Electronics Distribution)",Consumer Electronics Manufacturers Association,Electronics & Appliances,Delhi,New Delhi,National,Registered Society,"{""association_type"": ""National"", ""legal_status"": ""Registered Society"", ""overview"": {""about"": ""CEAMA represents manufacturers of consumer electronics and home appliances in India. It was established to advocate for industry interests before government bodies and regulatory authorities, and to promote the growth of the consumer electronics sector."", ""mission"": """", ""vision"": """", ""sector"": ""Electronics & Appliances"", ""objectives"": [], ""key_functions"": []}, ""governance"": {""president"": {""name"": ""Eric Braganza"", ""company"": """"}, ""vice_presidents"": [], ""secretary_general"": {""name"": """", ""company"": """"}}, ""regional_structure"": {""governance_model"": """", ""headquarters"": ""New Delhi, Delhi"", ""chapters"": []}, ""membership_details"": {""overview_metrics"": [{""label"": ""Total Members"", ""value"": ""200+""}], ""categories"": [], ""requirements"": [], ""application_process"": {}, ""benefits"": [], ""mode_of_application"": """", ""application_url"": """", ""member_login_url"": """"}, ""services_offered"": [], ""programs"": {}, ""events"": {}, ""publications"": {}, ""compliance_policies"": {}, ""partnerships"": {""list"": []}, ""awards"": {""list"": []}, ""transparency"": [], ""digital_presence"": [], ""contact_details"": {""office_address"": ""New Delhi, Delhi, India"", ""phone_number"": """", ""email"": ""ceama@ceama.in"", ""website"": ""https://www.ceama.in""}}"
143,Ayush Industry Chamber (AIC),"Industry body for Ayurveda, Yoga, Unani, Siddha and Homeopathy sector.","AIC represents companies in the AYUSH (Ayurveda, Yoga, Unani, Siddha, Homeopathy) sector. It promotes traditional Indian medicine systems, advocates for supportive AYUSH regulation, and works to globalise Indian wellness and herbal products.",2018,Ayush Industry Chamber,Non-profit Industry Body,Manoj Nesari,President,info@ayushindustrychamber.in,association,500,10000,200000,https://www.ayushindustrychamber.in,"Health (Medical, Diagnostic & Wellness)",AYUSH / Wellness Industry Body,AYUSH / Traditional Medicine,Delhi,New Delhi,National,Section 8 Company,"{""association_type"": ""National"", ""legal_status"": ""Section 8 Company"", ""overview"": {""about"": ""AIC represents companies in the AYUSH (Ayurveda, Yoga, Unani, Siddha, Homeopathy) sector. It promotes traditional Indian medicine systems, advocates for supportive AYUSH regulation, and works to globalise Indian wellness and herbal products."", ""mission"": """", ""vision"": """", ""sector"": ""AYUSH / Traditional Medicine"", ""objectives"": [], ""key_functions"": []}, ""governance"": {""president"": {""name"": ""Manoj Nesari"", ""company"": """"}, ""vice_presidents"": [], ""secretary_general"": {""name"": """", ""company"": """"}}, ""regional_structure"": {""governance_model"": """", ""headquarters"": ""New Delhi, Delhi"", ""chapters"": []}, ""membership_details"": {""overview_metrics"": [{""label"": ""Total Members"", ""value"": ""500+""}], ""categories"": [], ""requirements"": [], ""application_process"": {}, ""benefits"": [], ""mode_of_application"": """", ""application_url"": """", ""member_login_url"": """"}, ""services_offered"": [], ""programs"": {}, ""events"": {}, ""publications"": {}, ""compliance_policies"": {}, ""partnerships"": {""list"": []}, ""awards"": {""list"": []}, ""transparency"": [], ""digital_presence"": [], ""contact_details"": {""office_address"": ""New Delhi, Delhi, India"", ""phone_number"": """", ""email"": ""info@ayushindustrychamber.in"", ""website"": ""https://www.ayushindustrychamber.in""}}"
144,Microfinance Institutions Network (MFIN),Self-regulatory body for NBFC-MFIs in India.,MFIN is the industry association and self-regulatory organisation for the NBFC-MFI (Non-Banking Finance Company – Microfinance Institution) sector in India. It promotes responsible microfinance and represents MFIs before regulators and government.,2009,Microfinance Institutions Network,Self-Regulatory Body / Industry Association,Alok Misra,Chief Executive Officer and Director,mfin@mfinindia.org,association,60,50000,1000000,https://www.mfinindia.org,"Finance / Banking (Loans, Insurance, Banking Correspondents)",Microfinance Industry Network,Microfinance,Delhi,New Delhi,National,Section 8 Company,"{""association_type"": ""National"", ""legal_status"": ""Section 8 Company"", ""overview"": {""about"": ""MFIN is the industry association and self-regulatory organisation for the NBFC-MFI (Non-Banking Finance Company – Microfinance Institution) sector in India. It promotes responsible microfinance and represents MFIs before regulators and government."", ""mission"": """", ""vision"": """", ""sector"": ""Microfinance"", ""objectives"": [], ""key_functions"": []}, ""governance"": {""president"": {""name"": """", ""company"": """"}, ""vice_presidents"": [], ""secretary_general"": {""name"": ""Alok Misra"", ""company"": """"}}, ""regional_structure"": {""governance_model"": """", ""headquarters"": ""New Delhi, Delhi"", ""chapters"": []}, ""membership_details"": {""overview_metrics"": [{""label"": ""Total Members"", ""value"": ""60+""}], ""categories"": [], ""requirements"": [], ""application_process"": {}, ""benefits"": [], ""mode_of_application"": """", ""application_url"": """", ""member_login_url"": """"}, ""services_offered"": [], ""programs"": {}, ""events"": {}, ""publications"": {}, ""compliance_policies"": {}, ""partnerships"": {""list"": []}, ""awards"": {""list"": []}, ""transparency"": [], ""digital_presence"": [], ""contact_details"": {""office_address"": ""New Delhi, Delhi, India"", ""phone_number"": """", ""email"": ""mfin@mfinindia.org"", ""website"": ""https://www.mfinindia.org""}}"
145,IndiaAI Mission Industry Consortium,Government-led initiative for AI ecosystem in India.,"IndiaAI is the government's flagship mission to develop a robust AI ecosystem in India. The industry consortium under IndiaAI brings together AI companies, startups, and research organisations to collaborate on AI compute, datasets, and application development for national priorities.",2024,IndiaAI Mission Industry Consortium,Government Mission / Industry Consortium,Abhishek Singh,"CEO, IndiaAI",indiaai@meity.gov.in,association,200,0,0,https://indiaai.gov.in,"Government (E-Governance, Documentation services)",Govt. AI Mission Consortium,AI & Emerging Technology,Delhi,New Delhi,National,Government Initiative,"{""association_type"": ""National"", ""legal_status"": ""Government Initiative"", ""overview"": {""about"": ""IndiaAI is the government's flagship mission to develop a robust AI ecosystem in India. The industry consortium under IndiaAI brings together AI companies, startups, and research organisations to collaborate on AI compute, datasets, and application development for national priorities."", ""mission"": """", ""vision"": """", ""sector"": ""AI & Emerging Technology"", ""objectives"": [], ""key_functions"": []}, ""governance"": {""president"": {""name"": """", ""company"": """"}, ""vice_presidents"": [], ""secretary_general"": {""name"": """", ""company"": """"}}, ""regional_structure"": {""governance_model"": """", ""headquarters"": ""New Delhi, Delhi"", ""chapters"": []}, ""membership_details"": {""overview_metrics"": [{""label"": ""Total Members"", ""value"": ""200+""}], ""categories"": [], ""requirements"": [], ""application_process"": {}, ""benefits"": [], ""mode_of_application"": """", ""application_url"": """", ""member_login_url"": """"}, ""services_offered"": [], ""programs"": {}, ""events"": {}, ""publications"": {}, ""compliance_policies"": {}, ""partnerships"": {""list"": []}, ""awards"": {""list"": []}, ""transparency"": [], ""digital_presence"": [], ""contact_details"": {""office_address"": ""New Delhi, Delhi, India"", ""phone_number"": """", ""email"": ""indiaai@meity.gov.in"", ""website"": ""https://indiaai.gov.in""}}"