listing_id,association_type,sector_represented,member_count,membership_fee_min,membership_fee_max,industry_id,association_metadata
50424df9-899b-4ac9-9a5e-a969f6919b1d,National,Glass Manufacturing,200,10000.00,70000.00,26d2b88d-ddbf-45b7-a016-9379064270a9,"{""association_type"": ""National"", ""legal_status"": ""Registered Society"", ""overview"": {""about"": ""AIGMF, established in 1927, is the apex body of glass manufacturers in India. It represents all segments of the glass industry including flat glass, container glass, and specialty glass, and promotes the development of the sector."", ""mission"": """", ""vision"": """", ""sector"": ""Glass Manufacturing"", ""objectives"": [], ""key_functions"": []}, ""governance"": {""president"": {""name"": ""Deepak Kishorilal Bangur"", ""company"": """"}, ""vice_presidents"": [], ""secretary_general"": {""name"": """", ""company"": """"}}, ""regional_structure"": {""governance_model"": """", ""headquarters"": ""Mumbai, Maharashtra"", ""chapters"": []}, ""membership_details"": {""overview_metrics"": [{""label"": ""Total Members"", ""value"": ""450+""}], ""categories"": [], ""requirements"": [], ""application_process"": {}, ""benefits"": [], ""mode_of_application"": """", ""application_url"": """", ""member_login_url"": """"}, ""services_offered"": [], ""programs"": {}, ""events"": {}, ""publications"": {}, ""compliance_policies"": {}, ""partnerships"": {""list"": []}, ""awards"": {""list"": []}, ""transparency"": [], ""digital_presence"": [], ""contact_details"": {""office_address"": ""Mumbai, Maharashtra, India"", ""phone_number"": """", ""email"": ""aigmf@aigmf.com"", ""website"": ""https://www.aigmf.com""}}"
66936a5b-31e2-41c0-ac92-a6ec7bc16b5b,National,Automobile Manufacturing,45,50000.00,100000.00,5ed3c109-2d23-4148-a019-f347fda26ed4,"{""association_type"": ""National"", ""legal_status"": ""Registered Society (Charitable status under Income Tax Act 1961)"", ""overview"": {""about"": ""SIAM works towards supporting sustainable development of the Indian Automobile Industry with the vision that India emerges as the destination of choice for design and manufacture of automobiles. It works closely with stakeholders on economic and commercial policies, regulations and standards."", ""mission"": """", ""vision"": ""India as the destination of choice in the world for design and manufacture of automobiles."", ""sector"": ""Automotive"", ""objectives"": [""Enhance automobile industry's contribution to Indian economy"", ""Improve road safety and environment protection""], ""key_functions"": [""Policy and standards formulation"", ""Monthly Industry Statistics publication"", ""Auto Expo organisation (with ACMA, CII)""]}, ""governance"": {""president"": {""name"": ""Shailesh Chandra"", ""company"": ""Managing Director, Tata Motors Passenger Vehicles Ltd. & Tata Passenger Electric Mobility Ltd""}, ""vice_presidents"": [{""name"": ""Shenu Agarwal"", ""company"": ""Managing Director & CEO, Ashok Leyland Ltd""}], ""secretary_general"": {""name"": ""Rajesh Menon"", ""company"": ""Director General, SIAM""}}, ""regional_structure"": {""governance_model"": """", ""headquarters"": ""New Delhi, Delhi"", ""chapters"": []}, ""membership_details"": {""overview_metrics"": [], ""categories"": [], ""requirements"": [], ""application_process"": {}, ""benefits"": [], ""mode_of_application"": """", ""application_url"": """", ""member_login_url"": """"}, ""services_offered"": [{""name"": ""Monthly Industry Statistics"", ""description"": ""Regular publication of vehicle production/sales data.""}, {""name"": ""Monthly Commodity Price Monitor"", ""description"": ""Tracking of input commodity prices for the industry.""}], ""programs"": {""Road Safety & Environment"": [{""title"": ""Surakshit Safar"", ""description"": ""Road safety awareness pavilion/campaign at auto shows.""}]}, ""events"": {""Biennial"": [{""title"": ""Auto Expo - The Motor Show / Bharat Mobility Global Expo"", ""description"": ""Jointly organised with ACMA and CII, India's premier auto exhibition.""}]}, ""publications"": {}, ""compliance_policies"": {}, ""partnerships"": {""list"": [{""name"": ""ACMA"", ""relation"": ""Co-organiser of Auto Expo"", ""website"": ""https://www.acma.in""}, {""name"": ""CII"", ""relation"": ""Co-organiser of Auto Expo"", ""website"": ""https://www.cii.in""}]}, ""awards"": {""list"": []}, ""transparency"": [], ""digital_presence"": [], ""contact_details"": {""office_address"": ""Core 4B, 5th Floor, India Habitat Centre, Lodi Road, New Delhi 110003, India"", ""phone_number"": ""+91-11-24647810-13"", ""email"": ""siam@siam.in"", ""website"": ""https://www.siam.in""}}"
78c33024-8b86-4f58-9841-1c37012a1210,National,Trade & Commerce,7000,15000.00,100000.00,c39ecac8-9a1f-4ad3-af64-069b9b315926,"{""association_type"": ""National"", ""legal_status"": ""Registered Society"", ""overview"": {""about"": ""FICCI is a non-governmental trade association and advocacy group based in India, established in 1927 on the advice of Mahatma Gandhi by Indian businessman G.D. Birla and Purshottamdas Thakurdas. FICCI will celebrate its centenary on 7th April 2027."", ""mission"": ""To be the voice of India's business and industry."", ""vision"": """", ""sector"": ""Multi-Industry"", ""objectives"": [""Influence policy for inclusive growth"", ""Promote trade and investment""], ""key_functions"": [""Policy advocacy"", ""Trade delegations"", ""Industry research""]}, ""governance"": {""president"": {""name"": ""Anant Goenka"", ""company"": ""RPG Group (Vice Chairman); also former Chairman, Automotive Tyre Manufacturers Association""}, ""vice_presidents"": [{""name"": ""Puneet Dalmia"", ""company"": ""Dalmia Bharat Limited (MD & CEO)""}], ""secretary_general"": {""name"": ""Jyoti Vij"", ""company"": ""Director General, FICCI""}}, ""regional_structure"": {""governance_model"": """", ""headquarters"": ""New Delhi, Delhi"", ""chapters"": [{""name"": ""FICCI Tamil Nadu State Council"", ""headquarters_address"": ""Chennai, Tamil Nadu"", ""contact_email"": """"}]}, ""membership_details"": {""overview_metrics"": [], ""categories"": [], ""requirements"": [], ""application_process"": {}, ""benefits"": [""Networking platforms"", ""Policy representation"", ""Trade fair participation""], ""mode_of_application"": """", ""application_url"": ""https://ficci.in"", ""member_login_url"": """"}, ""services_offered"": [], ""programs"": {}, ""events"": {}, ""publications"": {}, ""compliance_policies"": {}, ""partnerships"": {""list"": []}, ""awards"": {""list"": []}, ""transparency"": [], ""digital_presence"": [], ""contact_details"": {""office_address"": ""New Delhi, Delhi, India"", ""phone_number"": """", ""email"": ""ficci@ficci.com"", ""website"": ""https://ficci.in""}}"
f460b940-fb48-47af-8e6c-e6f6f848c017,State-level,,12000,2000.00,10000.00,c39ecac8-9a1f-4ad3-af64-069b9b315926
08e7840a-ffed-4bdd-b817-4689b6e6359a,National,IT-BPM,3000,15000.00,6000000.00,64fd1516-f032-4630-8a79-e347851f2e18,"{""association_type"": ""National"", ""legal_status"": ""Section 25 Company"", ""overview"": {""about"": ""NASSCOM is an Indian non-governmental trade association serving the Indian technology industry. Its core values are defined by the ELICIT framework (Excellence, Learning, Impact, Collaboration, Inclusion, Trust). NASSCOM advocates for the $283 billion technology sector."", ""mission"": ""To establish India's tech ecosystem as the world's trusted innovation partner, expanding the country's pool of relevant and skilled talent."", ""vision"": ""To make technology human-centric by enabling and enriching lives, positioning India's tech ecosystem as the world's trusted innovation partner."", ""sector"": ""Information Technology"", ""objectives"": [""Reskill and upskill India's tech workforce"", ""Advocate for policies that promote ease of doing business in tech""], ""key_functions"": [""Policy advocacy"", ""Global trade facilitation"", ""Industry research and Strategic Review"", ""Skilling and talent council coordination""]}, ""governance"": {""president"": {""name"": ""Debjani Ghosh"", ""company"": ""First woman President of NASSCOM (tenure dates not confirmed for current cycle)""}, ""vice_presidents"": [], ""secretary_general"": {""name"": """", ""company"": """"}}, ""regional_structure"": {""governance_model"": """", ""headquarters"": ""New Delhi, Delhi"", ""chapters"": []}, ""membership_details"": {""overview_metrics"": [{""label"": ""Member Companies"", ""value"": ""3,000+""}, {""label"": ""Industry Revenue Share Represented"", ""value"": ""~95%""}], ""categories"": [], ""requirements"": [], ""application_process"": {}, ""benefits"": [""Access to flagship Strategic Review reports"", ""Discounted participation in global trade missions"", ""Networking and skill certifications""], ""mode_of_application"": ""Online / Offline"", ""application_url"": ""https://www.nasscom.in/membership"", ""member_login_url"": """"}, ""services_offered"": [{""name"": ""FutureSkills Prime"", ""description"": ""Industry-driven reskilling platform launched 2019 in partnership with MeitY, covering 155+ competencies across 70+ roles in 10 emerging technologies.""}], ""programs"": {""Skilling"": [{""title"": ""FutureSkills Prime"", ""description"": ""Reskilling platform for AI, cloud, cybersecurity and more.""}]}, ""events"": {""Annual"": [{""title"": ""NASSCOM Technology & Leadership Forum (NTLF)"", ""description"": ""34th edition flagship event held at Fairmont Mumbai.""}, {""title"": ""NASSCOM People Summit"", ""description"": ""Gathering of CHROs, CEOs, CIOs on future of work.""}, {""title"": ""NASSCOM SME Confluence (NSC)"", ""description"": ""Multi-city tech SME gathering with roadshows.""}]}, ""publications"": {""Reports"": [{""title"": ""Technology Sector in India: Strategic Review"", ""description"": ""Annual flagship industry research report.""}]}, ""compliance_policies"": {}, ""partnerships"": {""list"": [{""name"": ""Ministry of Electronics and IT (MeitY)"", ""relation"": ""Government Partner"", ""website"": """"}]}, ""awards"": {""list"": [{""title"": ""SME Inspire Awards"", ""description"": ""National awards programme for technology MSMEs across 21 categories.""}]}, ""transparency"": [], ""digital_presence"": [], ""contact_details"": {""office_address"": ""New Delhi, Delhi, India"", ""phone_number"": """", ""email"": """", ""website"": ""https://www.nasscom.in""}}"
f91719f4-9b28-442b-958d-f732380cf938,Regional,,600,2000.00,10000.00,c39ecac8-9a1f-4ad3-af64-069b9b315926
132b19ed-a781-4b4b-8950-81cdb0c14de8,National,Trade & Manufacturing,9700,25000,2500000,c39ecac8-9a1f-4ad3-af64-069b9b315926,"{""association_type"": ""National"", ""legal_status"": ""Registered Society"", ""overview"": {""about"": ""CII works to create and sustain an environment conducive to the development of India, partnering industry, Government, and civil society through advisory and consultative processes. Founded in 1895, CII has direct membership of around 9,700 members and indirect membership of over 3,65,000 enterprises from 318 national and regional industry bodies."", ""mission"": ""To create and sustain an environment conducive to the growth of industry in India, partnering industry and government alike through advisory and consultative processes."", ""vision"": """", ""sector"": ""Multi-Industry"", ""objectives"": [""Partner industry, government and civil society for India's development"", ""Strengthen efficiency, competitiveness and business environment""], ""key_functions"": [""Policy advocacy"", ""Sector-specific councils"", ""International trade facilitation"", ""B20 India Secretariat (2023 G20 Presidency)""]}, ""governance"": {""president"": {""name"": ""R. Mukundan"", ""company"": ""Tata Chemicals Ltd (MD & CEO)""}, ""vice_presidents"": [{""name"": ""Shashwat Goenka"", ""company"": ""RP-Sanjiv Goenka Group (Vice Chairman)""}], ""secretary_general"": {""name"": ""Chandrajit Banerjee"", ""company"": ""Director General, CII (since May 2008)""}}, ""regional_structure"": {""governance_model"": """", ""headquarters"": ""New Delhi, Delhi"", ""chapters"": []}, ""membership_details"": {""overview_metrics"": [{""label"": ""Direct Members"", ""value"": ""9,700+""}, {""label"": ""Indirect Members"", ""value"": ""3,65,000+""}], ""categories"": [], ""requirements"": [], ""application_process"": {}, ""benefits"": [""Access to policy forums"", ""Networking with industry leaders"", ""Sector councils and committees""], ""mode_of_application"": """", ""application_url"": ""https://www.cii.in"", ""member_login_url"": """"}, ""services_offered"": [], ""programs"": {}, ""events"": {}, ""publications"": {}, ""compliance_policies"": {}, ""partnerships"": {""list"": []}, ""awards"": {""list"": []}, ""transparency"": [], ""digital_presence"": [], ""contact_details"": {""office_address"": ""New Delhi, Delhi, India"", ""phone_number"": """", ""email"": ""info@cii.in"", ""website"": ""https://www.cii.in""}}"
015bcabe-a22c-4acf-96fd-83d651d712d4,National,Trade & Commerce,450000,5000,3000000,c39ecac8-9a1f-4ad3-af64-069b9b315926,"{""association_type"": ""National"", ""legal_status"": ""Registered Society"", ""overview"": {""about"": ""ASSOCHAM is a non-governmental trade association and advocacy group based in New Delhi, representing the interests of trade and commerce in India. Established in 1920, it operates with more than 100 national and regional sector councils."", ""mission"": """", ""vision"": """", ""sector"": ""Multi-Industry"", ""objectives"": [""Promote domestic and international trade"", ""Reduce trade barriers""], ""key_functions"": [""Make in India advocacy"", ""MSME support"", ""Ease of Doing Business"", ""Digital Economy"", ""Sustainability & Environment""]}, ""governance"": {""president"": {""name"": ""Nirmal Kumar Minda"", ""company"": """"}, ""vice_presidents"": [], ""secretary_general"": {""name"": ""Col. Saurabh Sanyal (Retd.)"", ""company"": ""Secretary General, ASSOCHAM (since Jan 2026)""}}, ""regional_structure"": {""governance_model"": """", ""headquarters"": ""New Delhi, Delhi"", ""chapters"": [{""name"": ""ASSOCHAM Gujarat Council"", ""headquarters_address"": ""Gujarat"", ""contact_email"": """"}]}, ""membership_details"": {""overview_metrics"": [{""label"": ""Total Members"", ""value"": ""4,50,000+""}], ""categories"": [], ""requirements"": [], ""application_process"": {}, ""benefits"": [], ""mode_of_application"": """", ""application_url"": """", ""member_login_url"": """"}, ""services_offered"": [], ""programs"": {}, ""events"": {""Conclaves"": [{""title"": ""AI Summit 2025"", ""description"": ""Global AI Leadership Meet organised by ASSOCHAM.""}]}, ""publications"": {}, ""compliance_policies"": {}, ""partnerships"": {""list"": []}, ""awards"": {""list"": []}, ""transparency"": [], ""digital_presence"": [], ""contact_details"": {""office_address"": ""New Delhi, Delhi, India"", ""phone_number"": """", ""email"": """", ""website"": ""https://www.assocham.org""}}"
87caf08c-42e5-4eb9-b2db-2918c7e9add5,National,Trade & Services,130000,8000,1000000,c39ecac8-9a1f-4ad3-af64-069b9b315926,"{""association_type"": ""National"", ""legal_status"": ""Registered Society"", ""overview"": {""about"": ""PHD Chamber of Commerce and Industry is a proactive, dynamic National Apex Chamber working at the grass-root level with strong national and international linkages, authorised by the Government of India to issue certificates of origin for exports and recommendations for visas."", ""mission"": """", ""vision"": """", ""sector"": ""Multi-Industry"", ""objectives"": [], ""key_functions"": [""Research-based policy advocacy"", ""Certificate of Origin issuance"", ""Visa recommendations""]}, ""governance"": {""president"": {""name"": """", ""company"": """"}, ""vice_presidents"": [], ""secretary_general"": {""name"": ""Ranjeet Mehta"", ""company"": ""CEO & Secretary General, PHDCCI""}}, ""regional_structure"": {""governance_model"": ""Multi-State"", ""headquarters"": ""New Delhi, Delhi"", ""chapters"": [{""name"": ""PHDCCI Rajasthan"", ""headquarters_address"": ""Rajasthan"", ""contact_email"": """"}]}, ""membership_details"": {""overview_metrics"": [{""label"": ""Direct Members"", ""value"": ""1,30,000+""}], ""categories"": [], ""requirements"": [], ""application_process"": {}, ""benefits"": [""Geographic spread"", ""Conferencing facilities"", ""Networking"", ""Interface with Government""], ""mode_of_application"": """", ""application_url"": """", ""member_login_url"": """"}, ""services_offered"": [], ""programs"": {}, ""events"": {}, ""publications"": {""Reports"": [{""title"": ""Annual Reports"", ""description"": ""PHDCCI publishes annual reports and research studies on economic development.""}]}, ""compliance_policies"": {}, ""partnerships"": {""list"": []}, ""awards"": {""list"": [{""title"": ""PHDCCI Business Practices & Awards 2025"", ""description"": ""Annual recognition programme for business excellence.""}]}, ""transparency"": [], ""digital_presence"": [], ""contact_details"": {""office_address"": ""PHD House, 4/2 Siri Institutional Area, August Kranti Marg, New Delhi 110016, India"", ""phone_number"": ""+91-11-26863801-04"", ""email"": ""sg@phdcci.in"", ""website"": ""https://www.phdcci.in""}}"
50140725-61e1-4293-be22-850d116d803e,National,Exports,200000,5000,200000,c39ecac8-9a1f-4ad3-af64-069b9b315926,"{""association_type"": ""National"", ""legal_status"": ""Registered Society"", ""overview"": {""about"": ""FIEO is the apex trade promotion organisation in India, premier body of all export promotion councils, commodity boards and export development authorities. It is ISO 9001:2015 certified and maintains the Indian Trade Portal."", ""mission"": """", ""vision"": """", ""sector"": ""Multi-Industry / Exports"", ""objectives"": [], ""key_functions"": [""Export facilitation"", ""Certificate of Origin issuance"", ""Trade fairs and B2B matchmaking"", ""Niryat Shree and Niryat Bandhu Awards""]}, ""governance"": {""president"": {""name"": """", ""company"": """"}, ""vice_presidents"": [], ""secretary_general"": {""name"": ""Dr. Ajay Sahai"", ""company"": ""Director General & CEO, FIEO""}}, ""regional_structure"": {""governance_model"": ""Regional"", ""headquarters"": ""New Delhi, Delhi"", ""chapters"": []}, ""membership_details"": {""overview_metrics"": [{""label"": ""Exporters Served"", ""value"": ""2,00,000+""}], ""categories"": [], ""requirements"": [], ""application_process"": {""Step 1"": ""Apply for e-RCMC membership via FIEO website""}, ""benefits"": [""Certificate of Origin"", ""Buyer-Seller Meets"", ""Trade fair participation""], ""mode_of_application"": ""Online (e-RCMC)"", ""application_url"": ""https://fieo.org"", ""member_login_url"": """"}, ""services_offered"": [{""name"": ""Niryat Mitra App"", ""description"": ""Access to publications, event calendar, policy updates, GST rates and export incentives.""}], ""programs"": {}, ""events"": {""Trade Fairs"": [{""title"": ""International Trade Fairs 2025-26"", ""description"": ""Annual calendar of global trade fair participation for exporters.""}]}, ""publications"": {""Magazines"": [{""title"": ""FIEO Monthly News Magazine"", ""description"": ""Trade and commerce magazine with worldwide readership.""}]}, ""compliance_policies"": {}, ""partnerships"": {""list"": [{""name"": ""Enterprise Europe Network"", ""relation"": ""International Partner"", ""website"": """"}]}, ""awards"": {""list"": [{""title"": ""Niryat Shree Award"", ""description"": ""Awarded to outstanding exporters.""}, {""title"": ""Niryat Bandhu Award"", ""description"": ""Awarded to export facilitators.""}]}, ""transparency"": [], ""digital_presence"": [], ""contact_details"": {""office_address"": ""Niryat Bhawan, Opp. Army Hospital, Rao Tula Ram Marg, New Delhi 110057, India"", ""phone_number"": ""+91-11-26150111"", ""email"": ""ajaysahai@fieo.org"", ""website"": ""https://fieo.org""}}"
4e7e5e16-80a3-4681-a541-ba0bc175895f,,Internet & Digital,500,25000,1000000,64fd1516-f032-4630-8a79-e347851f2e18,"{""association_type"": ""National"", ""legal_status"": ""Section 8 Company"", ""overview"": {""about"": ""IAMAI is a non-profit industry body established in 2004 to expand and enhance the online and mobile value-added services sectors. It advocates for a conducive policy environment for the internet and digital industry in India."", ""mission"": """", ""vision"": """", ""sector"": ""Internet & Digital"", ""objectives"": [], ""key_functions"": []}, ""governance"": {""president"": {""name"": ""Subho Ray"", ""company"": """"}, ""vice_presidents"": [], ""secretary_general"": {""name"": """", ""company"": """"}}, ""regional_structure"": {""governance_model"": """", ""headquarters"": ""Mumbai, Maharashtra"", ""chapters"": []}, ""membership_details"": {""overview_metrics"": [{""label"": ""Total Members"", ""value"": ""500+""}], ""categories"": [], ""requirements"": [], ""application_process"": {}, ""benefits"": [], ""mode_of_application"": """", ""application_url"": """", ""member_login_url"": """"}, ""services_offered"": [], ""programs"": {}, ""events"": {}, ""publications"": {}, ""compliance_policies"": {}, ""partnerships"": {""list"": []}, ""awards"": {""list"": []}, ""transparency"": [], ""digital_presence"": [], ""contact_details"": {""office_address"": ""Mumbai, Maharashtra, India"", ""phone_number"": """", ""email"": ""info@iamai.in"", ""website"": ""https://www.iamai.in""}}"
a8648a6a-2bf6-451e-9179-681d69a99dc9,,IT Hardware,150,30000,500000,64fd1516-f032-4630-8a79-e347851f2e18,"{""association_type"": ""National"", ""legal_status"": ""Registered Society"", ""overview"": {""about"": ""MAIT is the apex body for the IT hardware, training, R&D, and associated services industry in India. It was established in 1982 to represent the IT product industry and promote domestic manufacturing."", ""mission"": """", ""vision"": """", ""sector"": ""IT Hardware"", ""objectives"": [], ""key_functions"": []}, ""governance"": {""president"": {""name"": """", ""company"": """"}, ""vice_presidents"": [], ""secretary_general"": {""name"": ""Ali Akhtar Jafri"", ""company"": """"}}, ""regional_structure"": {""governance_model"": """", ""headquarters"": ""New Delhi, Delhi"", ""chapters"": []}, ""membership_details"": {""overview_metrics"": [{""label"": ""Total Members"", ""value"": ""150+""}], ""categories"": [], ""requirements"": [], ""application_process"": {}, ""benefits"": [], ""mode_of_application"": """", ""application_url"": """", ""member_login_url"": """"}, ""services_offered"": [], ""programs"": {}, ""events"": {}, ""publications"": {}, ""compliance_policies"": {}, ""partnerships"": {""list"": []}, ""awards"": {""list"": []}, ""transparency"": [], ""digital_presence"": [], ""contact_details"": {""office_address"": ""New Delhi, Delhi, India"", ""phone_number"": """", ""email"": ""mait@mait.com"", ""website"": ""https://www.mait.com""}}"
9fab943e-1b1b-443c-9b61-c2210cb39674,,Cybersecurity,350,50000,800000,64fd1516-f032-4630-8a79-e347851f2e18,"{""association_type"": ""National"", ""legal_status"": ""Section 8 Company"", ""overview"": {""about"": ""DSCI is a not-for-profit, industry body on data protection in India, setup by NASSCOM. It works with governments, regulators and industry to promote cybersecurity and privacy best practices, standards, and frameworks."", ""mission"": """", ""vision"": """", ""sector"": ""Cybersecurity"", ""objectives"": [], ""key_functions"": []}, ""governance"": {""president"": {""name"": """", ""company"": """"}, ""vice_presidents"": [], ""secretary_general"": {""name"": ""Vinayak Godse"", ""company"": """"}}, ""regional_structure"": {""governance_model"": """", ""headquarters"": ""New Delhi, Delhi"", ""chapters"": []}, ""membership_details"": {""overview_metrics"": [{""label"": ""Total Members"", ""value"": ""350+""}], ""categories"": [], ""requirements"": [], ""application_process"": {}, ""benefits"": [], ""mode_of_application"": """", ""application_url"": """", ""member_login_url"": """"}, ""services_offered"": [], ""programs"": {}, ""events"": {}, ""publications"": {}, ""compliance_policies"": {}, ""partnerships"": {""list"": []}, ""awards"": {""list"": []}, ""transparency"": [], ""digital_presence"": [], ""contact_details"": {""office_address"": ""New Delhi, Delhi, India"", ""phone_number"": """", ""email"": ""info@dsci.in"", ""website"": ""https://www.dsci.in""}}"
31c24a8e-c3a2-4239-9e67-908acf559c95,National,Pharmaceutical Manufacturing,11000,10000,300000,26d2b88d-ddbf-45b7-a016-9379064270a9,"{""association_type"": ""National"", ""legal_status"": ""Registered Society"", ""overview"": {""about"": ""IDMA represents the national sector of Indian manufacturers engaged in producing bulk actives and formulations, amalgamating 8 State Boards (Gujarat, Himachal Pradesh & Uttaranchal, Haryana, Tamil Nadu, West Bengal, Madhya Pradesh, Telangana, Karnataka) with over 11,000 members."", ""mission"": """", ""vision"": """", ""sector"": ""Pharmaceuticals"", ""objectives"": [""Quality improvement and global compliance"", ""Harmonization of pharmacopoeias""], ""key_functions"": [""Representation to Government authorities"", ""GMP workshops"", ""Pharmaceutical Analyst Conventions (since 1997)""]}, ""governance"": {""president"": {""name"": ""Dr. Viranchi Shah"", ""company"": ""Saga Lifesciences Ltd.""}, ""vice_presidents"": [{""name"": ""(Sr. Vice President)"", ""company"": ""Inga Laboratories Pvt. Ltd.""}], ""secretary_general"": {""name"": ""Daara B. Patel"", ""company"": ""Secretary General, IDMA""}}, ""regional_structure"": {""governance_model"": ""8 State Boards"", ""headquarters"": ""Mumbai, Maharashtra"", ""chapters"": [{""name"": ""IDMA Gujarat State Board (GSB)"", ""headquarters_address"": ""Gujarat - largest state board with 350+ members"", ""contact_email"": """"}]}, ""membership_details"": {""overview_metrics"": [{""label"": ""Total Members"", ""value"": ""11,000+""}], ""categories"": [], ""requirements"": [], ""application_process"": {}, ""benefits"": [""Weekly IDMA Bulletin (55th year)"", ""Monthly journal Indian Drugs (61st year)"", ""GMP training and workshops""], ""mode_of_application"": """", ""application_url"": """", ""member_login_url"": """"}, ""services_offered"": [], ""programs"": {""Quality"": [{""title"": ""National cGMP Day"", ""description"": ""Annual day celebrating commitment to quality and safety standards, observed 10th October.""}]}, ""events"": {""Annual"": [{""title"": ""IDMA Annual Day & Vriddhi"", ""description"": ""62nd edition held in 2024.""}, {""title"": ""Pharmaceutical Analyst Convention (PAC)"", ""description"": ""24th edition in 2025, held annually since 1997.""}]}, ""publications"": {""Journals"": [{""title"": ""Indian Drugs"", ""description"": ""Monthly scientific and technical journal, published for 61+ years.""}], ""Bulletins"": [{""title"": ""IDMA Bulletin"", ""description"": ""Weekly communication bulletin, in its 55th year.""}]}, ""compliance_policies"": {}, ""partnerships"": {""list"": [{""name"": ""Indian Pharmacopoeia Commission"", ""relation"": ""Technical Partner"", ""website"": """"}]}, ""awards"": {""list"": [{""title"": ""IDMA Quality Excellence Awards"", ""description"": ""For manufacturing of APIs and Formulations.""}, {""title"": ""IDMA Margi Memorial Best Patent Award"", ""description"": ""For best patents granted in India and abroad.""}, {""title"": ""IDMA Corporate Citizen Award"", ""description"": ""Recognizes humanitarian CSR activities of members.""}, {""title"": ""IDMA Research Awards"", ""description"": ""For original research papers published in Indian Drugs.""}]}, ""transparency"": [], ""digital_presence"": [], ""contact_details"": {""office_address"": ""102-B, Poonam Chambers, Dr. A.B. Road, Worli, Mumbai 400018, India"", ""phone_number"": ""+91-22-2494 4624"", ""email"": ""feedback@idmaindia.com"", ""website"": ""https://idma-assn.org""}}"
93d2b297-948c-48cc-a12e-c0b99f4f13e2,National,Pharmaceuticals,60,100000,2000000,f26791cd-9656-452d-8326-9b9296125906,"{""association_type"": ""National"", ""legal_status"": ""Registered Society"", ""overview"": {""about"": ""OPPI represents research-based global pharmaceutical companies in India, an integral part of India's healthcare journey since pre-independence. In 2025 OPPI celebrated its Diamond Jubilee (60 years since 1965 founding)."", ""mission"": ""Building a healthier India through access to Innovation."", ""vision"": ""An organisation of research and innovation driven pharmaceutical companies committed to addressing India's healthcare needs."", ""sector"": ""Pharmaceuticals"", ""objectives"": [""Facilitate greater access to quality healthcare solutions"", ""Encourage research and innovation"", ""Disseminate knowledge and best practices"", ""Contribute to policy dialogues""], ""key_functions"": [""Advocacy on Innovation, Access and Ease of Doing Business"", ""Code of Pharmaceutical Practices (ethics)""]}, ""governance"": {""president"": {""name"": ""Bhushan Akshikar"", ""company"": ""Appointed President, 2024""}, ""vice_presidents"": [], ""secretary_general"": {""name"": ""Anil Matai"", ""company"": ""Director General, OPPI""}}, ""regional_structure"": {""governance_model"": """", ""headquarters"": ""Mumbai, Maharashtra"", ""chapters"": []}, ""membership_details"": {""overview_metrics"": [{""label"": ""Market Share of Members"", ""value"": ""~60%""}], ""categories"": [], ""requirements"": [], ""application_process"": {}, ""benefits"": [], ""mode_of_application"": """", ""application_url"": """", ""member_login_url"": """"}, ""services_offered"": [], ""programs"": {""Patient Initiatives"": [{""title"": ""Bharat Ke Liye"", ""description"": ""Initiative launched March 2023 highlighting OPPI's commitment to healthier India.""}]}, ""events"": {}, ""publications"": {}, ""compliance_policies"": {""Ethics"": [{""title"": ""Code of Pharmaceutical Practices"", ""description"": ""Stringent ethics and CGMP compliance code for member companies.""}]}, ""partnerships"": {""list"": [{""name"": ""IFPMA"", ""relation"": ""International Federation Member"", ""website"": ""https://www.ifpma.org""}]}, ""awards"": {""list"": []}, ""transparency"": [], ""digital_presence"": [], ""contact_details"": {""office_address"": ""Peninsula Corporate Park, Peninsula Chambers, Ground Floor, Ganpatrao Kadam Marg, Lower Parel, Mumbai 400013, India"", ""phone_number"": ""+91-22-2491 8123"", ""email"": """", ""website"": ""https://www.indiaoppi.com""}}"
61e6113c-53aa-4679-81ff-189d5b5402f4,National,Pharmaceuticals,24,500000,5000000,f26791cd-9656-452d-8326-9b9296125906,"{""association_type"": ""National"", ""legal_status"": ""Registered Society"", ""overview"": {""about"": ""IPA is an alliance of 24 leading Indian pharmaceutical companies, founded in 1999 to promote the cause of generic drugs and represent research-based national pharmaceutical companies in India. Nearly 1 in 5 generic medicines used worldwide is manufactured in India."", ""mission"": """", ""vision"": """", ""sector"": ""Pharmaceuticals"", ""objectives"": [], ""key_functions"": [""Policy engagement with Government"", ""Regulatory trust building"", ""Biologics and mRNA capability development with CPI""]}, ""governance"": {""president"": {""name"": """", ""company"": """"}, ""vice_presidents"": [{""name"": ""Archana Jatkar"", ""company"": ""Associate Secretary General, IPA""}], ""secretary_general"": {""name"": ""Sudarshan Jain"", ""company"": ""Secretary General, IPA""}}, ""regional_structure"": {""governance_model"": """", ""headquarters"": ""Mumbai, Maharashtra"", ""chapters"": []}, ""membership_details"": {""overview_metrics"": [{""label"": ""Member Companies"", ""value"": ""24""}], ""categories"": [], ""requirements"": [], ""application_process"": {}, ""benefits"": [], ""mode_of_application"": """", ""application_url"": """", ""member_login_url"": """"}, ""services_offered"": [], ""programs"": {}, ""events"": {}, ""publications"": {""Reports"": [{""title"": ""Pharma Industry and Government Collaboration"", ""description"": ""IPA-PwC report on India's pharma response and reform.""}]}, ""compliance_policies"": {}, ""partnerships"": {""list"": [{""name"": ""PwC"", ""relation"": ""Research Partner"", ""website"": """"}]}, ""awards"": {""list"": []}, ""transparency"": [], ""digital_presence"": [], ""contact_details"": {""office_address"": ""Mumbai, Maharashtra, India"", ""phone_number"": """", ""email"": """", ""website"": ""https://www.ipa-india.org""}}"
cbd2ded8-ed60-4eae-b1b3-8ebce955bd75,National,Pharma Trade / Distribution,800000,500,5000,cc637398-2762-4b5b-a999-c1a8c5567cfe,"{""association_type"": ""National"", ""legal_status"": ""Registered Society"", ""overview"": {""about"": ""AIOCD is the national apex organisation for licensed chemists and druggists in India, representing about 800,000 members including stockists, pharmacies and retailers."", ""mission"": """", ""vision"": """", ""sector"": ""Pharma Retail / Distribution"", ""objectives"": [], ""key_functions"": [""Retail trade representation"", ""Pharmacy regulation advocacy""]}, ""governance"": {""president"": {""name"": ""J. S. Shinde"", ""company"": """"}, ""vice_presidents"": [], ""secretary_general"": {""name"": """", ""company"": """"}}, ""regional_structure"": {""governance_model"": """", ""headquarters"": ""Mumbai, Maharashtra"", ""chapters"": []}, ""membership_details"": {""overview_metrics"": [{""label"": ""Total Members"", ""value"": ""8,00,000+""}], ""categories"": [], ""requirements"": [], ""application_process"": {}, ""benefits"": [], ""mode_of_application"": """", ""application_url"": """", ""member_login_url"": """"}, ""services_offered"": [], ""programs"": {}, ""events"": {}, ""publications"": {}, ""compliance_policies"": {}, ""partnerships"": {""list"": []}, ""awards"": {""list"": []}, ""transparency"": [], ""digital_presence"": [], ""contact_details"": {""office_address"": ""Mumbai, Maharashtra, India"", ""phone_number"": """", ""email"": """", ""website"": ""https://aiocd.com""}}"
fa2144de-3da3-4239-8e7e-d41e69364d7d,National,Pharma Exports,3000,5000,100000,f26791cd-9656-452d-8326-9b9296125906,"{""association_type"": ""National"", ""legal_status"": ""Registered Society"", ""overview"": {""about"": ""PHARMEXCIL, set up in 2004 under Ministry of Commerce & Industry, promotes export of pharmaceutical products including drug intermediates, bulk drugs, formulations, biologicals, ayush and herbal products and surgicals."", ""mission"": """", ""vision"": """", ""sector"": ""Pharma Exports"", ""objectives"": [], ""key_functions"": [""Export promotion"", ""Market studies"", ""Trade delegations""]}, ""governance"": {""president"": {""name"": ""Dinesh Dua"", ""company"": ""CEO, Nectar Lifesciences Limited""}, ""vice_presidents"": [], ""secretary_general"": {""name"": """", ""company"": """"}}, ""regional_structure"": {""governance_model"": """", ""headquarters"": ""Hyderabad, Telangana"", ""chapters"": []}, ""membership_details"": {""overview_metrics"": [], ""categories"": [], ""requirements"": [], ""application_process"": {}, ""benefits"": [], ""mode_of_application"": """", ""application_url"": """", ""member_login_url"": """"}, ""services_offered"": [], ""programs"": {}, ""events"": {}, ""publications"": {}, ""compliance_policies"": {}, ""partnerships"": {""list"": []}, ""awards"": {""list"": []}, ""transparency"": [], ""digital_presence"": [], ""contact_details"": {""office_address"": ""Hyderabad, Telangana, India"", ""phone_number"": """", ""email"": """", ""website"": ""https://pharmexcil.in""}}"
5ec7e7a7-6bc1-4178-ac1a-abddd9d35f53,National,Auto Components Manufacturing,850,15000,1500000,5ed3c109-2d23-4148-a019-f347fda26ed4,"{""association_type"": ""National"", ""legal_status"": ""Registered Society"", ""overview"": {""about"": ""ACMA is the apex industry body representing the automotive component industry in India, valued at USD 80.2 billion, comprising organised manufacturers and thousands of SMEs across the auto components value chain."", ""mission"": """", ""vision"": """", ""sector"": ""Auto Components"", ""objectives"": [""GST rationalisation advocacy"", ""Support MSMEs in auto component sector""], ""key_functions"": [""Policy advocacy"", ""Auto Expo co-organisation"", ""Export refund and liquidity support advocacy""]}, ""governance"": {""president"": {""name"": ""Shradha Suri Marwah"", ""company"": """"}, ""vice_presidents"": [], ""secretary_general"": {""name"": """", ""company"": """"}}, ""regional_structure"": {""governance_model"": """", ""headquarters"": ""New Delhi, Delhi"", ""chapters"": []}, ""membership_details"": {""overview_metrics"": [{""label"": ""Industry Size Represented"", ""value"": ""USD 80.2 Billion""}], ""categories"": [], ""requirements"": [], ""application_process"": {}, ""benefits"": [], ""mode_of_application"": """", ""application_url"": """", ""member_login_url"": """"}, ""services_offered"": [], ""programs"": {}, ""events"": {""Biennial"": [{""title"": ""Auto Expo - The Motor Show"", ""description"": ""Jointly organised with SIAM and CII.""}]}, ""publications"": {}, ""compliance_policies"": {}, ""partnerships"": {""list"": [{""name"": ""SIAM"", ""relation"": ""Co-organiser of Auto Expo"", ""website"": ""https://www.siam.in""}]}, ""awards"": {""list"": []}, ""transparency"": [], ""digital_presence"": [], ""contact_details"": {""office_address"": ""The Capital Court, 6th Floor, Olof Palme Marg, Munirka, New Delhi 110067, India"", ""phone_number"": ""+91-11-26160315"", ""email"": ""acma@vsnl.com"", ""website"": ""https://www.acma.in""}}"
2e7d0db4-582c-4be8-86b6-1b341b8205b2,National,Auto Retail,15000,5000,100000,5ed3c109-2d23-4148-a019-f347fda26ed4,"{""association_type"": ""National"", ""legal_status"": ""Registered Society"", ""overview"": {""about"": ""FADA is the apex national body of the Automobile Retail Industry in India engaged in sale, service and spares of 2/3-wheelers, passenger cars, UVs, commercial vehicles and tractors, networking with over 30 regional/state/city dealer associations."", ""mission"": """", ""vision"": ""One Nation | One Association"", ""sector"": ""Auto Retail"", ""objectives"": [], ""key_functions"": [""Auto Policy and Taxation advocacy"", ""Vehicle Registration Procedure inputs"", ""Road Safety initiatives"", ""Vehicle Retail Data publication""]}, ""governance"": {""president"": {""name"": ""Manish Raj Singhania"", ""company"": """"}, ""vice_presidents"": [{""name"": ""C S Vigneshwar"", ""company"": ""Past President""}], ""secretary_general"": {""name"": ""Saharsh Damani"", ""company"": ""CEO, FADA (first CEO, appointed 2017)""}}, ""regional_structure"": {""governance_model"": ""30+ regional/state/city associations"", ""headquarters"": ""New Delhi, Delhi"", ""chapters"": []}, ""membership_details"": {""overview_metrics"": [{""label"": ""Dealerships"", ""value"": ""15,000+""}, {""label"": ""Outlets"", ""value"": ""30,000+""}, {""label"": ""Market Share"", ""value"": ""~90%""}], ""categories"": [], ""requirements"": [], ""application_process"": {}, ""benefits"": [""FADA Academy training"", ""Industry research and data (FADA Vehicle Retail Data)""], ""mode_of_application"": """", ""application_url"": """", ""member_login_url"": """"}, ""services_offered"": [{""name"": ""FADA Research"", ""description"": ""Monthly vehicle retail data across categories.""}], ""programs"": {""Training"": [{""title"": ""FADA Academy GenX Executive Leadership Program"", ""description"": ""Leadership development program for auto retail professionals, in partnership with NMIMS.""}]}, ""events"": {""Annual"": [{""title"": ""FADA Dealership Excellence Awards"", ""description"": ""Annual awards recognizing excellence in automobile dealership operations.""}, {""title"": ""Finance & Insurance Summit"", ""description"": ""Annual summit alongside Auto Retail Conclave.""}]}, ""publications"": {""Journals"": [{""title"": ""FADA Journal"", ""description"": ""Monthly publication covering industry updates, GST guidance, and retail data.""}]}, ""compliance_policies"": {}, ""partnerships"": {""list"": [{""name"": ""Automotive Skills Development Council (ASDC)"", ""relation"": ""Skilling Partner"", ""website"": """"}]}, ""awards"": {""list"": [{""title"": ""FADA Dealership Excellence Awards 2025"", ""description"": ""Jury-led national recognition for top auto dealerships.""}]}, ""transparency"": [], ""digital_presence"": [], ""contact_details"": {""office_address"": ""New Delhi, Delhi, India"", ""phone_number"": """", ""email"": """", ""website"": ""https://fada.in""}}"
4767b0c5-e6d4-4dd0-814f-dc7e8911c26c,National,Textile Manufacturing,25000,10000,500000,3b1b6be7-d616-4c46-a470-2a2fc1d16691,"{""association_type"": ""National"", ""legal_status"": ""Registered Society"", ""overview"": {""about"": ""CITI is the only national body that connects India's entire textile and clothing spectrum, from cotton farmers and spinning units to garment exporters and textile machinery makers. It also heads the Textile Sector Skill Council and CITI-CDRA."", ""mission"": """", ""vision"": """", ""sector"": ""Textiles"", ""objectives"": [], ""key_functions"": [""End-to-end textile value chain representation"", ""Textile Sector Skill Council"", ""Policy advocacy on PLI, PM MITRA schemes""]}, ""governance"": {""president"": {""name"": ""Ashwin Chandran"", ""company"": ""Chairman & Managing Director, Precot Meridien Limited""}, ""vice_presidents"": [{""name"": ""(Vice Chairman)"", ""company"": ""Precot Ltd.""}], ""secretary_general"": {""name"": """", ""company"": """"}}, ""regional_structure"": {""governance_model"": """", ""headquarters"": ""New Delhi, Delhi"", ""chapters"": []}, ""membership_details"": {""overview_metrics"": [], ""categories"": [], ""requirements"": [], ""application_process"": {}, ""benefits"": [], ""mode_of_application"": """", ""application_url"": """", ""member_login_url"": """"}, ""services_offered"": [], ""programs"": {""Skilling"": [{""title"": ""Textile Sector Skill Council"", ""description"": ""Skill development body for textile workforce, also linked to National Skills Development Corporation.""}]}, ""events"": {}, ""publications"": {}, ""compliance_policies"": {}, ""partnerships"": {""list"": [{""name"": ""National Skills Development Corporation"", ""relation"": ""Board Member Partnership"", ""website"": """"}]}, ""awards"": {""list"": []}, ""transparency"": [], ""digital_presence"": [], ""contact_details"": {""office_address"": ""6th Floor, Narain Manzil, 23 Barakhamba Road, New Delhi 110001, India"", ""phone_number"": ""23325013 / 15 / 55"", ""email"": ""mail@citiindia.org"", ""website"": ""https://citiindia.org""}}"
10490242-4bcf-40f0-9da0-9abc9dde22f2,National,Apparel Exports,8000,3000,50000,3b1b6be7-d616-4c46-a470-2a2fc1d16691,"{""association_type"": ""National"", ""legal_status"": ""Statutory Export Promotion Body (under Foreign Trade Development & Regulation Act 1992)"", ""overview"": {""about"": ""AEPC is the official body of apparel exporters in India, operating under the Ministry of Textiles. From one office in 1978 it has grown to over 40 offices, providing trade statistics, market intelligence and trade fair assistance to garment exporters."", ""mission"": """", ""vision"": """", ""sector"": ""Apparel Exports"", ""objectives"": [""Promote and support export of Indian garments"", ""Improve competitiveness of Indian apparel sector""], ""key_functions"": [""Market research & development"", ""Trade fair organisation"", ""Policy advocacy"", ""Skill development"", ""Certification and standards""]}, ""governance"": {""president"": {""name"": ""Dr. A. Sakthivel"", ""company"": ""Board member for 43 years, Chairman 5 terms""}, ""vice_presidents"": [], ""secretary_general"": {""name"": """", ""company"": """"}}, ""regional_structure"": {""governance_model"": ""40+ offices"", ""headquarters"": ""Gurgaon, Haryana"", ""chapters"": []}, ""membership_details"": {""overview_metrics"": [], ""categories"": [], ""requirements"": [], ""application_process"": {}, ""benefits"": [""Trade statistics access"", ""Market intelligence"", ""Trade fair participation assistance""], ""mode_of_application"": """", ""application_url"": """", ""member_login_url"": """"}, ""services_offered"": [], ""programs"": {}, ""events"": {""Biannual"": [{""title"": ""India International Garment Fair (IIGF)"", ""description"": ""Held at Noida, with about 350 exhibitors and 2,500+ overseas buyers - Asia's biggest platform for MSME garment exporters.""}]}, ""publications"": {}, ""compliance_policies"": {}, ""partnerships"": {""list"": [{""name"": ""Ministry of Textiles, Government of India"", ""relation"": ""Government Oversight Body"", ""website"": """"}]}, ""awards"": {""list"": [{""title"": ""Mentor of the Indian Apparel Industry"", ""description"": ""Recognition awarded by AEPC to industry leaders.""}]}, ""transparency"": [], ""digital_presence"": [], ""contact_details"": {""office_address"": ""Apparel House, Institutional Area, Sector-44, Gurgaon, Haryana"", ""phone_number"": ""0124-2708000"", ""email"": """", ""website"": ""https://www.aepcindia.com""}}"
21ccc026-c576-41c2-a6a7-b38728c2b902,National,Cotton Textile Exports,1500,3000,30000,3b1b6be7-d616-4c46-a470-2a2fc1d16691,"{""association_type"": ""National"", ""legal_status"": ""Registered Society"", ""overview"": {""about"": ""TEXPROCIL is the apex export promotion body for cotton textiles from India, assisting exporters in international trade negotiations including under WTO, and defending Indian exporters against anti-dumping measures."", ""mission"": """", ""vision"": """", ""sector"": ""Cotton Textile Exports"", ""objectives"": [], ""key_functions"": [""Trade negotiation support"", ""Anti-dumping defense advocacy"", ""Market information""]}, ""governance"": {""president"": {""name"": ""Vijay Agarwal"", ""company"": ""Chairman""}, ""vice_presidents"": [], ""secretary_general"": {""name"": ""Dr. Siddhartha Rajagopal"", ""company"": ""Executive Director, TEXPROCIL (joined 1992, previously at AEPC)""}}, ""regional_structure"": {""governance_model"": """", ""headquarters"": ""Mumbai, Maharashtra"", ""chapters"": []}, ""membership_details"": {""overview_metrics"": [], ""categories"": [], ""requirements"": [], ""application_process"": {}, ""benefits"": [], ""mode_of_application"": """", ""application_url"": """", ""member_login_url"": """"}, ""services_offered"": [], ""programs"": {}, ""events"": {}, ""publications"": {}, ""compliance_policies"": {}, ""partnerships"": {""list"": []}, ""awards"": {""list"": []}, ""transparency"": [], ""digital_presence"": [], ""contact_details"": {""office_address"": ""Mumbai, Maharashtra, India"", ""phone_number"": """", ""email"": """", ""website"": ""https://texprocil.org""}}"
f44b81c7-80ea-4734-ad3a-369433d93291,National,Chemical Exports,4500,3000,50000,26d2b88d-ddbf-45b7-a016-9379064270a9,"{""association_type"": ""National"", ""legal_status"": ""Statutory Export Promotion Body (sponsored by Ministry of Commerce & Industry)"", ""overview"": {""about"": ""CAPEXIL is a premier export promotion council set up in 1958 to promote export of Chemical and Allied Products from India, with panels covering Paper, Ceramics, Rubber, and Miscellaneous Products."", ""mission"": """", ""vision"": """", ""sector"": ""Chemicals & Allied Exports"", ""objectives"": [], ""key_functions"": [""Export facilitation"", ""Stakeholder meets"", ""International trade fair participation""]}, ""governance"": {""president"": {""name"": ""Ramesh K. Mittal"", ""company"": ""Chairperson, CAPEXIL""}, ""vice_presidents"": [], ""secretary_general"": {""name"": """", ""company"": """"}}, ""regional_structure"": {""governance_model"": ""Regional Offices"", ""headquarters"": ""Kolkata, West Bengal"", ""chapters"": [{""name"": ""Northern Regional Office"", ""headquarters_address"": ""New Delhi"", ""contact_email"": """"}]}, ""membership_details"": {""overview_metrics"": [], ""categories"": [], ""requirements"": [], ""application_process"": {}, ""benefits"": [], ""mode_of_application"": """", ""application_url"": """", ""member_login_url"": """"}, ""services_offered"": [], ""programs"": {}, ""events"": {""Annual"": [{""title"": ""Annual General Meeting"", ""description"": ""67th AGM held at The Lalit Great Eastern Hotel, reviewing council performance and strategic goals.""}], ""Trade Fairs"": [{""title"": ""PaperEx"", ""description"": ""17th International Exhibition & Conference on Pulp, Paper and Allied Industries.""}]}, ""publications"": {}, ""compliance_policies"": {}, ""partnerships"": {""list"": [{""name"": ""FIEO"", ""relation"": ""Cross-body Coordination"", ""website"": """"}]}, ""awards"": {""list"": []}, ""transparency"": [], ""digital_presence"": [], ""contact_details"": {""office_address"": ""Vanijya Bhavan, International Trade Facilitation Center, 3rd Floor, 1/1 Wood Street, Kolkata 700016, India"", ""phone_number"": ""+91-33-22891721/22/23/25"", ""email"": ""capexil@capexil.in"", ""website"": ""https://capexil.org""}}"
5eb8fcf3-406a-4d59-85c8-f6c1c7961005,National,Chemical Manufacturing,700,20000,500000,26d2b88d-ddbf-45b7-a016-9379064270a9,"{""association_type"": ""National"", ""legal_status"": ""Registered Society"", ""overview"": {""about"": ""ICC is the apex body of the Indian chemical industry, with 84 years of operation as of its 84th Annual Report (2024-25). It maintains records of Past Presidents and Past Director Generals and signs MoUs to support industry development."", ""mission"": """", ""vision"": """", ""sector"": ""Chemicals"", ""objectives"": [], ""key_functions"": [""Policy representation"", ""ICC Outlook annual conference"", ""MoU partnerships""]}, ""governance"": {""president"": {""name"": """", ""company"": """"}, ""vice_presidents"": [], ""secretary_general"": {""name"": """", ""company"": """"}}, ""regional_structure"": {""governance_model"": """", ""headquarters"": ""Mumbai, Maharashtra"", ""chapters"": []}, ""membership_details"": {""overview_metrics"": [], ""categories"": [], ""requirements"": [], ""application_process"": {}, ""benefits"": [], ""mode_of_application"": """", ""application_url"": """", ""member_login_url"": """"}, ""services_offered"": [], ""programs"": {}, ""events"": {""Annual"": [{""title"": ""ICC Outlook"", ""description"": ""Annual conference featuring government and industry speakers on chemical sector trends.""}]}, ""publications"": {""Reports"": [{""title"": ""ICC Annual Report"", ""description"": ""84th Annual Report covering FY 2024-25 published.""}]}, ""compliance_policies"": {}, ""partnerships"": {""list"": []}, ""awards"": {""list"": []}, ""transparency"": [{""title"": ""84th Annual Report 2024-25"", ""description"": ""Published annual report available on ICC website."", ""status"": ""Published""}], ""digital_presence"": [], ""contact_details"": {""office_address"": ""Mumbai, Maharashtra, India"", ""phone_number"": """", ""email"": """", ""website"": ""https://www.indianchemicalcouncil.com""}}"
55febc4f-6384-47c5-81d8-8a756b2073f5,National,Engineering Exports,12000,3000,100000,26d2b88d-ddbf-45b7-a016-9379064270a9,"{""association_type"": ""National"", ""legal_status"": ""Registered Society"", ""overview"": {""about"": ""EEPC India is the premier export promotion body for engineering goods in India, with over 12,000 members, helping exporters penetrate global markets through regional offices, seminars and trade fair participation."", ""mission"": """", ""vision"": """", ""sector"": ""Engineering Exports"", ""objectives"": [], ""key_functions"": [""Export facilitation"", ""International trade fair participation (e.g. Hannover Messe)"", ""Regional seminars on export schemes""]}, ""governance"": {""president"": {""name"": ""Pankaj Chadha"", ""company"": ""Chairman, EEPC India""}, ""vice_presidents"": [{""name"": ""Anoop Marwaha"", ""company"": ""Regional Chairman (Western Region)""}], ""secretary_general"": {""name"": """", ""company"": """"}}, ""regional_structure"": {""governance_model"": ""Regional Offices (Western, Northern, Southern, Eastern)"", ""headquarters"": ""Kolkata, West Bengal"", ""chapters"": []}, ""membership_details"": {""overview_metrics"": [{""label"": ""Total Members"", ""value"": ""12,000+""}], ""categories"": [], ""requirements"": [], ""application_process"": {}, ""benefits"": [], ""mode_of_application"": """", ""application_url"": """", ""member_login_url"": """"}, ""services_offered"": [], ""programs"": {}, ""events"": {""Annual"": [{""title"": ""WR Engineering Export Excellence Awards"", ""description"": ""Regional awards recognizing top engineering exporters.""}], ""International"": [{""title"": ""Hannover Messe participation"", ""description"": ""EEPC India booth and delegations at major international trade fairs.""}]}, ""publications"": {""Newsletters"": [{""title"": ""EEPC India Daily/Weekly Newsletter"", ""description"": ""Trade and policy updates for members.""}]}, ""compliance_policies"": {}, ""partnerships"": {""list"": [{""name"": ""CSIR-CMERI"", ""relation"": ""Technical Collaboration"", ""website"": """"}]}, ""awards"": {""list"": [{""title"": ""WR Engineering Export Excellence Awards"", ""description"": ""Regional recognition for engineering exporters.""}]}, ""transparency"": [], ""digital_presence"": [], ""contact_details"": {""office_address"": ""Kolkata, West Bengal, India"", ""phone_number"": """", ""email"": """", ""website"": ""https://www.eepcindia.org""}}"
12076f32-c4fc-4de8-9c04-4423351f7e06,National,Electrical Equipment,750,15000,600000,26d2b88d-ddbf-45b7-a016-9379064270a9,"{""association_type"": ""National"", ""legal_status"": ""Registered Society"", ""overview"": {""about"": ""IEEMA covers all segments of electricity from generation, transmission, distribution to last-mile connectivity, plus new-energy areas like EV components, battery storage and green hydrogen. Members contribute over 90% of India's installed electrical equipment, with combined turnover exceeding USD 50 billion and exports over USD 10 billion."", ""mission"": """", ""vision"": """", ""sector"": ""Electrical Equipment"", ""objectives"": [], ""key_functions"": [""Policy advocacy"", ""Government liaison on power sector"", ""Standardisation collaboration""]}, ""governance"": {""president"": {""name"": ""Hamza Arsiwala"", ""company"": ""President, IEEMA""}, ""vice_presidents"": [{""name"": ""Vikram Gandotra"", ""company"": ""Vice President, IEEMA & Chairman, ELECRAMA 2025""}], ""secretary_general"": {""name"": ""Charu Mathur"", ""company"": ""Director General, IEEMA""}}, ""regional_structure"": {""governance_model"": """", ""headquarters"": ""Mumbai, Maharashtra"", ""chapters"": []}, ""membership_details"": {""overview_metrics"": [{""label"": ""Combined Member Turnover"", ""value"": ""USD 50 Billion+""}, {""label"": ""Exports"", ""value"": ""USD 10 Billion+""}], ""categories"": [], ""requirements"": [], ""application_process"": {}, ""benefits"": [], ""mode_of_application"": """", ""application_url"": """", ""member_login_url"": """"}, ""services_offered"": [], ""programs"": {}, ""events"": {""Biennial"": [{""title"": ""ELECRAMA"", ""description"": ""World's largest electrical show; 2025 edition hosted 1,100+ exhibitors, 10 country pavilions, 4 lakh+ visitors.""}], ""Annual"": [{""title"": ""Metering India"", ""description"": ""10th edition focused on sustainability and energy efficiency in metering.""}]}, ""publications"": {""Journals"": [{""title"": ""IEEMA Journal"", ""description"": ""Monthly electrical & electronics trade journal since June 1981, ABC-certified, 10,000 copies circulation.""}], ""Directories"": [{""title"": ""IEEMA Directory"", ""description"": ""Member and industry information directory.""}]}, ""compliance_policies"": {}, ""partnerships"": {""list"": [{""name"": ""FOMEK (Korea)"", ""relation"": ""International Business Cooperation"", ""website"": """"}]}, ""awards"": {""list"": []}, ""transparency"": [], ""digital_presence"": [], ""contact_details"": {""office_address"": ""Mumbai, Maharashtra, India"", ""phone_number"": """", ""email"": """", ""website"": ""https://ieema.org""}}"
99830677-8a86-4fe7-a678-a59d7140ee10,National,Machine Tools,480,15000,400000,26d2b88d-ddbf-45b7-a016-9379064270a9,"{""association_type"": ""National"", ""legal_status"": ""Registered Society"", ""overview"": {""about"": ""IMTMA is the apex body of India's machine tool industry, entering its 80th year, supporting Make in India and Atmanirbhar Bharat initiatives. The sector serves automotive, aerospace, electronics, energy and infrastructure industries."", ""mission"": """", ""vision"": """", ""sector"": ""Machine Tools"", ""objectives"": [""Promote Industry 4.0 and digital manufacturing adoption"", ""Strengthen exports and global competitiveness""], ""key_functions"": [""Policy shaping"", ""Technology adoption promotion"", ""Industry-academia-government collaboration""]}, ""governance"": {""president"": {""name"": ""Mohini Kelkar"", ""company"": ""Director, Business Development, Grind Master Machines Pvt Ltd (first woman President)""}, ""vice_presidents"": [{""name"": ""Vikram Salunke"", ""company"": ""Managing Director, Accurate Gauging & Instruments Pvt Ltd""}], ""secretary_general"": {""name"": """", ""company"": """"}}, ""regional_structure"": {""governance_model"": """", ""headquarters"": ""Bengaluru, Karnataka"", ""chapters"": []}, ""membership_details"": {""overview_metrics"": [], ""categories"": [], ""requirements"": [], ""application_process"": {}, ""benefits"": [], ""mode_of_application"": """", ""application_url"": """", ""member_login_url"": """"}, ""services_offered"": [], ""programs"": {""Technology"": [{""title"": ""Industry 4.0 adoption initiatives"", ""description"": ""Programs enabling member companies to adopt digital manufacturing and sustainable technologies.""}]}, ""events"": {""Annual"": [{""title"": ""Annual General Meeting"", ""description"": ""79th AGM held at Bangalore International Exhibition Centre (BIEC), Bengaluru.""}], ""Biennial"": [{""title"": ""IMTEX"", ""description"": ""One of Asia's premier machine tool exhibitions.""}]}, ""publications"": {}, ""compliance_policies"": {}, ""partnerships"": {""list"": []}, ""awards"": {""list"": []}, ""transparency"": [], ""digital_presence"": [], ""contact_details"": {""office_address"": ""Bangalore International Exhibition Centre area, Bengaluru, Karnataka, India"", ""phone_number"": """", ""email"": """", ""website"": ""https://www.imtma.in""}}"
58cf7fa4-097f-4958-b2bb-9b1ae903fe1c,National,Plastics Manufacturing,35000,3000,200000,26d2b88d-ddbf-45b7-a016-9379064270a9,"{""association_type"": ""National"", ""legal_status"": ""Registered Society"", ""overview"": {""about"": ""AIPMA is the largest plastics industry body in Asia, organiser of Plastivision India since 1992, which has grown from 7,000 visitors and 120+ exhibitors to 2,25,000 visitors and 1,200+ exhibitors at NESCO, Mumbai."", ""mission"": """", ""vision"": """", ""sector"": ""Plastics"", ""objectives"": [], ""key_functions"": [""Trade exhibition organisation"", ""Industry development advocacy""]}, ""governance"": {""president"": {""name"": """", ""company"": """"}, ""vice_presidents"": [], ""secretary_general"": {""name"": """", ""company"": """"}}, ""regional_structure"": {""governance_model"": """", ""headquarters"": ""Mumbai, Maharashtra"", ""chapters"": []}, ""membership_details"": {""overview_metrics"": [], ""categories"": [], ""requirements"": [], ""application_process"": {}, ""benefits"": [], ""mode_of_application"": """", ""application_url"": """", ""member_login_url"": """"}, ""services_offered"": [], ""programs"": {}, ""events"": {""Triennial"": [{""title"": ""Plastivision India"", ""description"": ""Leading plastics exhibition; 2023 edition (7-11 Dec) drew 2,25,000+ visitors and 1,200+ exhibitors at NESCO Mumbai.""}]}, ""publications"": {}, ""compliance_policies"": {}, ""partnerships"": {""list"": []}, ""awards"": {""list"": []}, ""transparency"": [], ""digital_presence"": [], ""contact_details"": {""office_address"": ""A-52, Street No. 1, M.I.D.C. Marol, Andheri (East), Mumbai 400093, India"", ""phone_number"": ""022-6777 8899"", ""email"": ""office@aipma.net"", ""website"": ""https://www.aipma.net""}}"
19a354b0-7594-460c-a13f-1ae7f5110bec,,Manufacturing,6000,2000,50000,26d2b88d-ddbf-45b7-a016-9379064270a9,"{""association_type"": ""National"", ""legal_status"": ""Registered Society"", ""overview"": {""about"": ""The Indian Plastics Institute (IPI) is a professional body established in 1967 that promotes the development of the plastics industry through technical seminars, exhibitions, and publications. It bridges academia and industry in the plastics sector."", ""mission"": """", ""vision"": """", ""sector"": ""Manufacturing"", ""objectives"": [], ""key_functions"": []}, ""governance"": {""president"": {""name"": ""Hiten Bheda"", ""company"": """"}, ""vice_presidents"": [], ""secretary_general"": {""name"": """", ""company"": """"}}, ""regional_structure"": {""governance_model"": """", ""headquarters"": ""Mumbai, Maharashtra"", ""chapters"": []}, ""membership_details"": {""overview_metrics"": [{""label"": ""Total Members"", ""value"": ""6000+""}], ""categories"": [], ""requirements"": [], ""application_process"": {}, ""benefits"": [], ""mode_of_application"": """", ""application_url"": """", ""member_login_url"": """"}, ""services_offered"": [], ""programs"": {}, ""events"": {}, ""publications"": {}, ""compliance_policies"": {}, ""partnerships"": {""list"": []}, ""awards"": {""list"": []}, ""transparency"": [], ""digital_presence"": [], ""contact_details"": {""office_address"": ""Mumbai, Maharashtra, India"", ""phone_number"": """", ""email"": ""ipi@ipindia.org"", ""website"": ""https://www.iplindia.org""}}"
faa86067-233b-46fc-ac52-985ce8b1c68e,National,Construction & Development,13000,10000,500000,1a821422-d8eb-484f-a280-8af8f6b79144,"{""association_type"": ""National"", ""legal_status"": ""Registered Society"", ""overview"": {""about"": ""CREDAI advocates for India's real estate developers, with active state chapters (e.g. CREDAI-MCHI, CREDAI-AP), youth wings and women's wings conducting regular leadership transitions and CSR initiatives."", ""mission"": """", ""vision"": """", ""sector"": ""Real Estate"", ""objectives"": [""Building a stronger, greener future for real estate and the nation""], ""key_functions"": [""Policy advocacy"", ""Legal Committee on Supreme Court litigations"", ""State chapter coordination""]}, ""governance"": {""president"": {""name"": ""Shekhar G Patel"", ""company"": ""Managing Director, Ganesh Housing Corporation (term 2025-2027)""}, ""vice_presidents"": [{""name"": ""Ranjit Naiknavare"", ""company"": """"}, {""name"": ""Rohit Raj Modi"", ""company"": """"}, {""name"": ""Ashish Patel"", ""company"": """"}, {""name"": ""Dhaval Ajmera"", ""company"": """"}, {""name"": ""M A Mehaboob"", ""company"": """"}], ""secretary_general"": {""name"": ""Gaurav Gupta"", ""company"": ""Secretary, CREDAI""}}, ""regional_structure"": {""governance_model"": ""State Chapters"", ""headquarters"": ""New Delhi, Delhi"", ""chapters"": [{""name"": ""CREDAI Visakhapatnam"", ""headquarters_address"": ""Visakhapatnam, Andhra Pradesh"", ""contact_email"": """"}, {""name"": ""CREDAI-MCHI (Maharashtra)"", ""headquarters_address"": ""Mumbai, Maharashtra"", ""contact_email"": """"}]}, ""membership_details"": {""overview_metrics"": [], ""categories"": [], ""requirements"": [], ""application_process"": {}, ""benefits"": [], ""mode_of_application"": """", ""application_url"": """", ""member_login_url"": """"}, ""services_offered"": [], ""programs"": {""CSR"": [{""title"": ""Women's Wing CSR Initiatives"", ""description"": ""Community programs run by CREDAI Women's Wing chapters.""}]}, ""events"": {}, ""publications"": {""Newsletters"": [{""title"": ""CREDAI Newsletter"", ""description"": ""Periodic newsletter covering chapter activities and national priorities.""}]}, ""compliance_policies"": {}, ""partnerships"": {""list"": []}, ""awards"": {""list"": []}, ""transparency"": [], ""digital_presence"": [], ""contact_details"": {""office_address"": ""New Delhi, Delhi, India"", ""phone_number"": """", ""email"": """", ""website"": ""https://credai.org""}}"
65750994-62d4-4194-be2a-15c8e731bce0,National,Construction & Development,10000,10000,300000,1a821422-d8eb-484f-a280-8af8f6b79144,"{""association_type"": ""National"", ""legal_status"": ""Autonomous Self-Regulatory Body under Ministry of Housing and Urban Affairs"", ""overview"": {""about"": ""NAREDCO was established in 1998 under the aegis of the Ministry of Housing and Urban Affairs, Government of India. The Minister of Housing and Urban Affairs serves as Ex-officio Chief Patron. Day-to-day affairs are managed by an elected Governing Council."", ""mission"": """", ""vision"": """", ""sector"": ""Real Estate"", ""objectives"": [], ""key_functions"": [""Two-way communication between industry and government"", ""Policy facilitation"", ""Sustainable development promotion""]}, ""governance"": {""president"": {""name"": ""G. Hari Babu"", ""company"": ""Former President, APREDA (4 years); built NAREDCO AP with 12 chapters and 1200+ members""}, ""vice_presidents"": [{""name"": ""Rajan Bandelkar"", ""company"": ""Vice Chairman, NAREDCO""}], ""secretary_general"": {""name"": """", ""company"": """"}}, ""regional_structure"": {""governance_model"": ""State Chapters (e.g. NAREDCO AP, NAREDCO Telangana)"", ""headquarters"": ""New Delhi, Delhi"", ""chapters"": [{""name"": ""NAREDCO Andhra Pradesh"", ""headquarters_address"": ""Andhra Pradesh - 12 chapters"", ""contact_email"": """"}]}, ""membership_details"": {""overview_metrics"": [{""label"": ""NAREDCO AP Members (example chapter)"", ""value"": ""1,200+""}], ""categories"": [], ""requirements"": [], ""application_process"": {}, ""benefits"": [], ""mode_of_application"": """", ""application_url"": """", ""member_login_url"": """"}, ""services_offered"": [], ""programs"": {}, ""events"": {}, ""publications"": {}, ""compliance_policies"": {}, ""partnerships"": {""list"": [{""name"": ""Ministry of Housing and Urban Affairs"", ""relation"": ""Government Oversight (Chief Patron)"", ""website"": """"}]}, ""awards"": {""list"": []}, ""transparency"": [], ""digital_presence"": [], ""contact_details"": {""office_address"": ""New Delhi, Delhi, India"", ""phone_number"": """", ""email"": """", ""website"": ""https://naredco.in""}}"
cd2c6569-c807-4339-b5da-4e9798a73e8b,National,Banking,237,50000,5000000,4a104cba-ccd3-4f86-b204-2277660117eb,"{""association_type"": ""National"", ""legal_status"": ""Registered Society"", ""overview"": {""about"": ""IBA is a voluntary body representing Indian banks, promoting coordination, standardization, and transparency in banking. Setty was elected at the IBA managing committee meeting on March 28, 2025, replacing Sunil Mehta, and assisted by three elected deputy chairmen."", ""mission"": """", ""vision"": """", ""sector"": ""Banking"", ""objectives"": [""Encourage innovation"", ""Promote ethical practices"", ""Drive operational excellence"", ""Facilitate cooperation among banks""], ""key_functions"": [""NPA resolution support"", ""Digital banking promotion"", ""Banking education"", ""Research and analysis on industry trends""]}, ""governance"": {""president"": {""name"": ""Challa Sreenivasulu Setty"", ""company"": ""Chairman, State Bank of India (SBI); also IBA Chairman since March 2025""}, ""vice_presidents"": [], ""secretary_general"": {""name"": """", ""company"": """"}}, ""regional_structure"": {""governance_model"": """", ""headquarters"": ""Mumbai, Maharashtra"", ""chapters"": []}, ""membership_details"": {""overview_metrics"": [], ""categories"": [], ""requirements"": [], ""application_process"": {}, ""benefits"": [], ""mode_of_application"": """", ""application_url"": """", ""member_login_url"": """"}, ""services_offered"": [{""name"": ""IBAPI Portal"", ""description"": ""Indian Banks Auctions Mortgaged Properties Information - centralized property auction system for NPA recovery.""}], ""programs"": {}, ""events"": {}, ""publications"": {}, ""compliance_policies"": {}, ""partnerships"": {""list"": []}, ""awards"": {""list"": []}, ""transparency"": [], ""digital_presence"": [], ""contact_details"": {""office_address"": ""Mumbai, Maharashtra, India"", ""phone_number"": """", ""email"": """", ""website"": ""https://www.iba.org.in""}}"
ee905519-50a8-465e-99c3-89a506142fd3,National,Mutual Funds,45,100000,2000000,4a104cba-ccd3-4f86-b204-2277660117eb,"{""association_type"": ""National"", ""legal_status"": ""Registered Society"", ""overview"": {""about"": ""AMFI is an apex body of all Asset Management Companies registered with SEBI. Sundeep Sikka (Nippon Life India AMC CEO) was elected Chairman following the 30th AGM in September 2025, replacing Navneet Munot of HDFC AMC; Sikka previously served as Chairman from 2013-2015."", ""mission"": """", ""vision"": """", ""sector"": ""Mutual Funds"", ""objectives"": [""Investor education"", ""Policy advocacy"", ""Promoting ethical practices"", ""Deepening financial markets""], ""key_functions"": [""ARN Committee oversight"", ""Industry data publication"", ""SEBI policy coordination""]}, ""governance"": {""president"": {""name"": ""Sundeep Sikka"", ""company"": ""Executive Director & CEO, Nippon Life India Asset Management Limited""}, ""vice_presidents"": [{""name"": ""Vishal Kapoor"", ""company"": ""CEO, Bandhan Asset Management Company - Vice Chairman""}], ""secretary_general"": {""name"": ""S L Pandian"", ""company"": ""Dy Chief Executive, AMFI""}}, ""regional_structure"": {""governance_model"": """", ""headquarters"": ""Mumbai, Maharashtra"", ""chapters"": []}, ""membership_details"": {""overview_metrics"": [], ""categories"": [], ""requirements"": [], ""application_process"": {}, ""benefits"": [], ""mode_of_application"": """", ""application_url"": """", ""member_login_url"": """"}, ""services_offered"": [], ""programs"": {""Investor Education"": [{""title"": ""B30/Women Incentives Program"", ""description"": ""Incentive scheme for fund distributors in B30 cities, paid after 1 year completion.""}]}, ""events"": {""Annual"": [{""title"": ""AMFI Annual General Meeting"", ""description"": ""30th AGM held in 2025, followed by board elections.""}]}, ""publications"": {""Bulletins"": [{""title"": ""MF Bulletin"", ""description"": ""Monthly industry update on AUM, new investors and fund rankings.""}]}, ""compliance_policies"": {}, ""partnerships"": {""list"": [{""name"": ""SEBI"", ""relation"": ""Regulatory Coordination"", ""website"": """"}]}, ""awards"": {""list"": []}, ""transparency"": [], ""digital_presence"": [], ""contact_details"": {""office_address"": ""Mumbai, Maharashtra, India"", ""phone_number"": """", ""email"": ""sundeep.sikka@nipponindiaim.com"", ""website"": ""https://www.amfiindia.com""}}"
220523e6-31a9-4de2-849c-8f39d624446f,,Capital Markets,900,10000,100000,4a104cba-ccd3-4f86-b204-2277660117eb,"{""association_type"": ""National"", ""legal_status"": ""Registered Society"", ""overview"": {""about"": ""BBF represents the interests of members registered with the Bombay Stock Exchange. It works to facilitate efficient capital market operations and brokers' welfare and has been active since 1996."", ""mission"": """", ""vision"": """", ""sector"": ""Capital Markets"", ""objectives"": [], ""key_functions"": []}, ""governance"": {""president"": {""name"": ""Vadilal Surti"", ""company"": """"}, ""vice_presidents"": [], ""secretary_general"": {""name"": """", ""company"": """"}}, ""regional_structure"": {""governance_model"": """", ""headquarters"": ""Mumbai, Maharashtra"", ""chapters"": []}, ""membership_details"": {""overview_metrics"": [{""label"": ""Total Members"", ""value"": ""900+""}], ""categories"": [], ""requirements"": [], ""application_process"": {}, ""benefits"": [], ""mode_of_application"": """", ""application_url"": """", ""member_login_url"": """"}, ""services_offered"": [], ""programs"": {}, ""events"": {}, ""publications"": {}, ""compliance_policies"": {}, ""partnerships"": {""list"": []}, ""awards"": {""list"": []}, ""transparency"": [], ""digital_presence"": [], ""contact_details"": {""office_address"": ""Mumbai, Maharashtra, India"", ""phone_number"": """", ""email"": ""info@bbf.org.in"", ""website"": ""https://www.bbf.org.in""}}"
5ddb02c8-c24e-452f-9007-a32550dac7be,,Insurance,24,500000,10000000,4a104cba-ccd3-4f86-b204-2277660117eb,"{""association_type"": ""National"", ""legal_status"": ""Statutory Body"", ""overview"": {""about"": ""The Life Insurance Council, constituted under the Insurance Act 1938, is the representative body for all life insurance companies in India. It promotes the interests of policyholders and the broader life insurance industry."", ""mission"": """", ""vision"": """", ""sector"": ""Insurance"", ""objectives"": [], ""key_functions"": []}, ""governance"": {""president"": {""name"": """", ""company"": """"}, ""vice_presidents"": [], ""secretary_general"": {""name"": ""S N Bhatt"", ""company"": """"}}, ""regional_structure"": {""governance_model"": """", ""headquarters"": ""New Delhi, Delhi"", ""chapters"": []}, ""membership_details"": {""overview_metrics"": [{""label"": ""Total Members"", ""value"": ""24+""}], ""categories"": [], ""requirements"": [], ""application_process"": {}, ""benefits"": [], ""mode_of_application"": """", ""application_url"": """", ""member_login_url"": """"}, ""services_offered"": [], ""programs"": {}, ""events"": {}, ""publications"": {}, ""compliance_policies"": {}, ""partnerships"": {""list"": []}, ""awards"": {""list"": []}, ""transparency"": [], ""digital_presence"": [], ""contact_details"": {""office_address"": ""New Delhi, Delhi, India"", ""phone_number"": """", ""email"": ""info@licouncil.org"", ""website"": ""https://www.licouncil.org""}}"
965ac5c4-2d04-4f14-a771-8f615351a935,National,Medical Professionals,350000,3000,10000,f26791cd-9656-452d-8326-9b9296125906,"{""association_type"": ""National"", ""legal_status"": ""Registered Society"", ""overview"": {""about"": ""IMA is a private, national voluntary organisation of physicians, the largest association of medical doctors in India with approximately 350,000 members across 1,700 active local branches in 29 states and union territories. Headquartered in New Delhi (previously Calcutta)."", ""mission"": """", ""vision"": """", ""sector"": ""Healthcare"", ""objectives"": [], ""key_functions"": [""Health policy advocacy"", ""Continuing medical education (IMA CGP)"", ""Journal publication (JIMA)""]}, ""governance"": {""president"": {""name"": ""Dr. Dilip P. Bhanushali"", ""company"": ""Took over at 99th Annual All India Medical Conference, Hyderabad, Jan 2025""}, ""vice_presidents"": [{""name"": ""Dr. Anilkumar J. Nayak"", ""company"": ""National President Elect 2025-2026""}], ""secretary_general"": {""name"": ""Dr. Sarbari Dutta"", ""company"": ""Hony. Secretary General, IMA (2024-2026)""}}, ""regional_structure"": {""governance_model"": ""State and Local Branches"", ""headquarters"": ""New Delhi, Delhi"", ""chapters"": [{""name"": ""IMA Bengal State Branch"", ""headquarters_address"": ""11/3, Dr. Biresh Guha Street, Kolkata 700017"", ""contact_email"": """"}]}, ""membership_details"": {""overview_metrics"": [{""label"": ""Member Doctors"", ""value"": ""3,50,000+""}, {""label"": ""Local Branches"", ""value"": ""1,700+""}], ""categories"": [], ""requirements"": [], ""application_process"": {}, ""benefits"": [""Exclusive job portal for IMA members"", ""IMA Health Manifesto access"", ""Continuing medical education""], ""mode_of_application"": """", ""application_url"": """", ""member_login_url"": """"}, ""services_offered"": [], ""programs"": {""Continuing Education"": [{""title"": ""IMA College of General Practitioners (IMA CGP)"", ""description"": ""Continuing medical education wing for general practitioners.""}]}, ""events"": {""Annual"": [{""title"": ""Annual All India Medical Conference"", ""description"": ""99th edition held in Hyderabad, January 2025, attended by 2,000 delegates.""}]}, ""publications"": {""Journals"": [{""title"": ""Journal of Indian Medical Association (JIMA)"", ""description"": ""Official medical journal of IMA.""}]}, ""compliance_policies"": {}, ""partnerships"": {""list"": []}, ""awards"": {""list"": []}, ""transparency"": [], ""digital_presence"": [], ""contact_details"": {""office_address"": ""New Delhi, Delhi, India"", ""phone_number"": ""+91-11-23370009"", ""email"": """", ""website"": ""https://www.ima-india.org""}}"
31e0d3e8-209f-4573-9d88-8adfc425256f,,Nursing,5000000,500,5000,f26791cd-9656-452d-8326-9b9296125906,"{""association_type"": ""National"", ""legal_status"": ""Statutory Body"", ""overview"": {""about"": ""Indian Nursing Council is a statutory body constituted under the Indian Nursing Council Act 1947. It regulates and maintains uniform standards of nursing education and reciprocity with other countries regarding mutual recognition of nursing qualifications."", ""mission"": """", ""vision"": """", ""sector"": ""Nursing"", ""objectives"": [], ""key_functions"": []}, ""governance"": {""president"": {""name"": ""T. Dileep Kumar"", ""company"": """"}, ""vice_presidents"": [], ""secretary_general"": {""name"": """", ""company"": """"}}, ""regional_structure"": {""governance_model"": """", ""headquarters"": ""New Delhi, Delhi"", ""chapters"": []}, ""membership_details"": {""overview_metrics"": [{""label"": ""Total Members"", ""value"": ""5000000+""}], ""categories"": [], ""requirements"": [], ""application_process"": {}, ""benefits"": [], ""mode_of_application"": """", ""application_url"": """", ""member_login_url"": """"}, ""services_offered"": [], ""programs"": {}, ""events"": {}, ""publications"": {}, ""compliance_policies"": {}, ""partnerships"": {""list"": []}, ""awards"": {""list"": []}, ""transparency"": [], ""digital_presence"": [], ""contact_details"": {""office_address"": ""New Delhi, Delhi, India"", ""phone_number"": """", ""email"": ""regr.inc@nic.in"", ""website"": ""https://www.indiannursingcouncil.org""}}"
8cdb715d-9aa9-4235-ad8e-c6a821a2bf37,,Hospital Accreditation,900,25000,500000,f26791cd-9656-452d-8326-9b9296125906,"{""association_type"": ""National"", ""legal_status"": ""Statutory Body"", ""overview"": {""about"": ""NABH is a constituent board of Quality Council of India (QCI), set up to establish and operate accreditation programme for healthcare organisations. It helps patients to choose the best hospitals and motivates hospitals to improve quality of care."", ""mission"": """", ""vision"": """", ""sector"": ""Hospital Accreditation"", ""objectives"": [], ""key_functions"": []}, ""governance"": {""president"": {""name"": """", ""company"": """"}, ""vice_presidents"": [], ""secretary_general"": {""name"": ""Atul Mohan Kochhar"", ""company"": """"}}, ""regional_structure"": {""governance_model"": """", ""headquarters"": ""New Delhi, Delhi"", ""chapters"": []}, ""membership_details"": {""overview_metrics"": [{""label"": ""Total Members"", ""value"": ""900+""}], ""categories"": [], ""requirements"": [], ""application_process"": {}, ""benefits"": [], ""mode_of_application"": """", ""application_url"": """", ""member_login_url"": """"}, ""services_offered"": [], ""programs"": {}, ""events"": {}, ""publications"": {}, ""compliance_policies"": {}, ""partnerships"": {""list"": []}, ""awards"": {""list"": []}, ""transparency"": [], ""digital_presence"": [], ""contact_details"": {""office_address"": ""New Delhi, Delhi, India"", ""phone_number"": """", ""email"": ""nabh@nabhqci.in"", ""website"": ""https://www.nabh.co""}}"
125cc2e0-8ee5-49e4-8db2-09f19625b6f8,,Dental,300000,1000,10000,f26791cd-9656-452d-8326-9b9296125906,"{""association_type"": ""National"", ""legal_status"": ""Statutory Body"", ""overview"": {""about"": ""The Dental Council of India is a statutory body established under the Dentists Act, 1948. It regulates the dental education and dental practice in India, maintains the Indian Dental Register, and grants recognition to dental degrees."", ""mission"": """", ""vision"": """", ""sector"": ""Dental"", ""objectives"": [], ""key_functions"": []}, ""governance"": {""president"": {""name"": ""Dibyendu Mazumder"", ""company"": """"}, ""vice_presidents"": [], ""secretary_general"": {""name"": """", ""company"": """"}}, ""regional_structure"": {""governance_model"": """", ""headquarters"": ""New Delhi, Delhi"", ""chapters"": []}, ""membership_details"": {""overview_metrics"": [{""label"": ""Total Members"", ""value"": ""300000+""}], ""categories"": [], ""requirements"": [], ""application_process"": {}, ""benefits"": [], ""mode_of_application"": """", ""application_url"": """", ""member_login_url"": """"}, ""services_offered"": [], ""programs"": {}, ""events"": {}, ""publications"": {}, ""compliance_policies"": {}, ""partnerships"": {""list"": []}, ""awards"": {""list"": []}, ""transparency"": [], ""digital_presence"": [], ""contact_details"": {""office_address"": ""New Delhi, Delhi, India"", ""phone_number"": """", ""email"": ""dciindia@yahoo.co.in"", ""website"": ""https://www.dciindia.org.in""}}"
b5d95233-60a9-4bd5-91bc-171b821cb808,,Hotels,600,25000,500000,d8e835b1-07dd-4279-93b4-5049cfb1c6d6,"{""association_type"": ""National"", ""legal_status"": ""Registered Society"", ""overview"": {""about"": ""Hotel Association of India (HAI) is the apex organisation for the hotel and hospitality industry in India. Founded in 1996, it represents star-rated hotels and works with government on policy matters related to hospitality."", ""mission"": """", ""vision"": """", ""sector"": ""Hotels"", ""objectives"": [], ""key_functions"": []}, ""governance"": {""president"": {""name"": ""KB Kachru"", ""company"": """"}, ""vice_presidents"": [], ""secretary_general"": {""name"": """", ""company"": """"}}, ""regional_structure"": {""governance_model"": """", ""headquarters"": ""New Delhi, Delhi"", ""chapters"": []}, ""membership_details"": {""overview_metrics"": [{""label"": ""Total Members"", ""value"": ""600+""}], ""categories"": [], ""requirements"": [], ""application_process"": {}, ""benefits"": [], ""mode_of_application"": """", ""application_url"": """", ""member_login_url"": """"}, ""services_offered"": [], ""programs"": {}, ""events"": {}, ""publications"": {}, ""compliance_policies"": {}, ""partnerships"": {""list"": []}, ""awards"": {""list"": []}, ""transparency"": [], ""digital_presence"": [], ""contact_details"": {""office_address"": ""New Delhi, Delhi, India"", ""phone_number"": """", ""email"": ""hai@hotelassociationofindia.com"", ""website"": ""https://www.hotelassociationofindia.com""}}"
01ecf5c2-e141-4876-9a3d-e193059405a4,National,Hotels & Restaurants,100000,3000,200000,d8e835b1-07dd-4279-93b4-5049cfb1c6d6,"{""association_type"": ""National"", ""legal_status"": ""Registered Society"", ""overview"": {""about"": ""FHRAI is the apex body and voice of the Indian Hospitality Industry, representing 1,00,000 hotels and 5,00,000 restaurants. It is managed by an Executive Committee with members from four Regional Associations: HRANI, HRAEI, SIHRA and HRAWI."", ""mission"": """", ""vision"": """", ""sector"": ""Hospitality"", ""objectives"": [], ""key_functions"": [""Education and training"", ""Research and publication"", ""Annual Convention for government-industry interaction"", ""Infrastructure status advocacy for hospitality sector""]}, ""governance"": {""president"": {""name"": ""Surendra Kumar Jaiswal"", ""company"": ""President, FHRAI (2025); elected by turn from 4 regions for 1-year term""}, ""vice_presidents"": [{""name"": ""(3 Vice Presidents)"", ""company"": ""Elected from regions other than President's region""}], ""secretary_general"": {""name"": """", ""company"": ""Secretary General, FHRAI (heads day-to-day Secretariat)""}}, ""regional_structure"": {""governance_model"": ""4 Regional Associations (HRANI, HRAEI, SIHRA, HRAWI)"", ""headquarters"": ""New Delhi, Delhi"", ""chapters"": [{""name"": ""Hotel and Restaurant Association of Western India (HRAWI)"", ""headquarters_address"": ""Western Region"", ""contact_email"": """"}]}, ""membership_details"": {""overview_metrics"": [{""label"": ""Hotels Represented"", ""value"": ""1,00,000""}, {""label"": ""Restaurants Represented"", ""value"": ""5,00,000""}], ""categories"": [], ""requirements"": [], ""application_process"": {}, ""benefits"": [], ""mode_of_application"": """", ""application_url"": """", ""member_login_url"": """"}, ""services_offered"": [], ""programs"": {""Education"": [{""title"": ""FHRAI-IHM"", ""description"": ""Hotel management institute network in Delhi NCR, Ghaziabad and Greater Noida.""}]}, ""events"": {""Annual"": [{""title"": ""FHRAI Annual Convention"", ""description"": ""Premier hospitality industry event with ~1,000 delegates from India and abroad.""}, {""title"": ""FPO-Hospitality & Farmer's Benefit Summit"", ""description"": ""2025 summit connecting agriculture and hospitality sectors, themed 'Bridging Fields to Forks'.""}]}, ""publications"": {}, ""compliance_policies"": {}, ""partnerships"": {""list"": [{""name"": ""FAITH (Federation of Associations in Indian Tourism & Hospitality)"", ""relation"": ""Umbrella Policy Body Member"", ""website"": """"}]}, ""awards"": {""list"": []}, ""transparency"": [], ""digital_presence"": [], ""contact_details"": {""office_address"": ""New Delhi, Delhi, India"", ""phone_number"": """", ""email"": """", ""website"": ""https://www.fhrai.com""}}"
d2258149-db99-4b40-a6b2-6a8a34daa758,,Travel & Tourism,3000,5000,50000,d8e835b1-07dd-4279-93b4-5049cfb1c6d6,"{""association_type"": ""National"", ""legal_status"": ""Registered Society"", ""overview"": {""about"": ""TAFI is a pan-India federation of travel agents established in 1993. It promotes ethical business practices in the travel industry and represents the interests of travel agents before government bodies and IATA."", ""mission"": """", ""vision"": """", ""sector"": ""Travel & Tourism"", ""objectives"": [], ""key_functions"": []}, ""governance"": {""president"": {""name"": ""Ajay Prakash"", ""company"": """"}, ""vice_presidents"": [], ""secretary_general"": {""name"": """", ""company"": """"}}, ""regional_structure"": {""governance_model"": """", ""headquarters"": ""Mumbai, Maharashtra"", ""chapters"": []}, ""membership_details"": {""overview_metrics"": [{""label"": ""Total Members"", ""value"": ""3000+""}], ""categories"": [], ""requirements"": [], ""application_process"": {}, ""benefits"": [], ""mode_of_application"": """", ""application_url"": """", ""member_login_url"": """"}, ""services_offered"": [], ""programs"": {}, ""events"": {}, ""publications"": {}, ""compliance_policies"": {}, ""partnerships"": {""list"": []}, ""awards"": {""list"": []}, ""transparency"": [], ""digital_presence"": [], ""contact_details"": {""office_address"": ""Mumbai, Maharashtra, India"", ""phone_number"": """", ""email"": ""info@tafi.org.in"", ""website"": ""https://www.tafi.org.in""}}"
e3a4c254-ef5b-47ef-95ea-3806d3fa74f4,,Higher Education,900,10000,200000,f5fe36f6-02ef-4ca5-b884-30d22b5402cf,"{""association_type"": ""National"", ""legal_status"": ""Registered Society"", ""overview"": {""about"": ""AIU is the apex body of universities in India, established in 1925. It facilitates and promotes academic, cultural and sports activities among universities and is responsible for equivalence of foreign degrees."", ""mission"": """", ""vision"": """", ""sector"": ""Higher Education"", ""objectives"": [], ""key_functions"": []}, ""governance"": {""president"": {""name"": """", ""company"": """"}, ""vice_presidents"": [], ""secretary_general"": {""name"": ""Pankaj Mittal"", ""company"": """"}}, ""regional_structure"": {""governance_model"": """", ""headquarters"": ""New Delhi, Delhi"", ""chapters"": []}, ""membership_details"": {""overview_metrics"": [{""label"": ""Total Members"", ""value"": ""900+""}], ""categories"": [], ""requirements"": [], ""application_process"": {}, ""benefits"": [], ""mode_of_application"": """", ""application_url"": """", ""member_login_url"": """"}, ""services_offered"": [], ""programs"": {}, ""events"": {}, ""publications"": {}, ""compliance_policies"": {}, ""partnerships"": {""list"": []}, ""awards"": {""list"": []}, ""transparency"": [], ""digital_presence"": [], ""contact_details"": {""office_address"": ""New Delhi, Delhi, India"", ""phone_number"": """", ""email"": ""aiu@aiuweb.org"", ""website"": ""https://www.aiuweb.org""}}"
473ca33b-1889-4e50-aa3b-9128c948b3b2,,Technical Education,12000,10000,100000,f5fe36f6-02ef-4ca5-b884-30d22b5402cf,"{""association_type"": ""National"", ""legal_status"": ""Statutory Body"", ""overview"": {""about"": ""AICTE is the statutory body and a national-level council for technical education in India. It is responsible for proper planning and co-ordinated development of the technical education and management education system in India."", ""mission"": """", ""vision"": """", ""sector"": ""Technical Education"", ""objectives"": [], ""key_functions"": []}, ""governance"": {""president"": {""name"": """", ""company"": """"}, ""vice_presidents"": [], ""secretary_general"": {""name"": """", ""company"": """"}}, ""regional_structure"": {""governance_model"": """", ""headquarters"": ""New Delhi, Delhi"", ""chapters"": []}, ""membership_details"": {""overview_metrics"": [{""label"": ""Total Members"", ""value"": ""12000+""}], ""categories"": [], ""requirements"": [], ""application_process"": {}, ""benefits"": [], ""mode_of_application"": """", ""application_url"": """", ""member_login_url"": """"}, ""services_offered"": [], ""programs"": {}, ""events"": {}, ""publications"": {}, ""compliance_policies"": {}, ""partnerships"": {""list"": []}, ""awards"": {""list"": []}, ""transparency"": [], ""digital_presence"": [], ""contact_details"": {""office_address"": ""New Delhi, Delhi, India"", ""phone_number"": """", ""email"": ""chairman@aicte-india.org"", ""website"": ""https://www.aicte-india.org""}}"
f6055ee6-15f0-4f9a-b387-be1102fde6e5,,Advertising,800,25000,1000000,e42b13ce-89ed-481f-98ab-36ac53927ee4,"{""association_type"": ""National"", ""legal_status"": ""Registered Society"", ""overview"": {""about"": ""ASCI is the self-regulatory organisation of the advertising industry in India, set up in 1985. It ensures advertisements are honest, truthful, and not offensive, working to maintain standards in advertising through its Code for Self-Regulation."", ""mission"": """", ""vision"": """", ""sector"": ""Advertising"", ""objectives"": [], ""key_functions"": []}, ""governance"": {""president"": {""name"": """", ""company"": """"}, ""vice_presidents"": [], ""secretary_general"": {""name"": ""Manisha Kapoor"", ""company"": """"}}, ""regional_structure"": {""governance_model"": """", ""headquarters"": ""Mumbai, Maharashtra"", ""chapters"": []}, ""membership_details"": {""overview_metrics"": [{""label"": ""Total Members"", ""value"": ""800+""}], ""categories"": [], ""requirements"": [], ""application_process"": {}, ""benefits"": [], ""mode_of_application"": """", ""application_url"": """", ""member_login_url"": """"}, ""services_offered"": [], ""programs"": {}, ""events"": {}, ""publications"": {}, ""compliance_policies"": {}, ""partnerships"": {""list"": []}, ""awards"": {""list"": []}, ""transparency"": [], ""digital_presence"": [], ""contact_details"": {""office_address"": ""Mumbai, Maharashtra, India"", ""phone_number"": """", ""email"": ""info@ascionline.org"", ""website"": ""https://www.ascionline.in""}}"
ec95056d-69ae-42b3-8867-aa4705b444ec,,Print Media,1100,10000,500000,e42b13ce-89ed-481f-98ab-36ac53927ee4,"{""association_type"": ""National"", ""legal_status"": ""Registered Society"", ""overview"": {""about"": ""The Indian Newspaper Society is the apex body of newspaper and news agency publishers in India, founded in 1939. It represents over 1,100 member publications across the country and works to uphold press freedom and newspaper industry interests."", ""mission"": """", ""vision"": """", ""sector"": ""Print Media"", ""objectives"": [], ""key_functions"": []}, ""governance"": {""president"": {""name"": ""Shailesh Gupta"", ""company"": """"}, ""vice_presidents"": [], ""secretary_general"": {""name"": """", ""company"": """"}}, ""regional_structure"": {""governance_model"": """", ""headquarters"": ""Mumbai, Maharashtra"", ""chapters"": []}, ""membership_details"": {""overview_metrics"": [{""label"": ""Total Members"", ""value"": ""1100+""}], ""categories"": [], ""requirements"": [], ""application_process"": {}, ""benefits"": [], ""mode_of_application"": """", ""application_url"": """", ""member_login_url"": """"}, ""services_offered"": [], ""programs"": {}, ""events"": {}, ""publications"": {}, ""compliance_policies"": {}, ""partnerships"": {""list"": []}, ""awards"": {""list"": []}, ""transparency"": [], ""digital_presence"": [], ""contact_details"": {""office_address"": ""Mumbai, Maharashtra, India"", ""phone_number"": """", ""email"": ""ins@ins.org.in"", ""website"": ""https://www.ins.org.in""}}"
22195bb3-a6e0-4f5b-8db8-c92b0c726432,,Food Processing,500,5000,100000,7b332bd1-117a-4b40-92a1-aa8c5267a02b,"{""association_type"": ""National"", ""legal_status"": ""Registered Society"", ""overview"": {""about"": ""AIFPA is the apex body of food processors in India. Established in 1943, it represents the interests of the food processing industry and liaises with government bodies on policy matters related to food processing and exports."", ""mission"": """", ""vision"": """", ""sector"": ""Food Processing"", ""objectives"": [], ""key_functions"": []}, ""governance"": {""president"": {""name"": ""Subodh Jindal"", ""company"": """"}, ""vice_presidents"": [], ""secretary_general"": {""name"": """", ""company"": """"}}, ""regional_structure"": {""governance_model"": """", ""headquarters"": ""New Delhi, Delhi"", ""chapters"": []}, ""membership_details"": {""overview_metrics"": [{""label"": ""Total Members"", ""value"": ""500+""}], ""categories"": [], ""requirements"": [], ""application_process"": {}, ""benefits"": [], ""mode_of_application"": """", ""application_url"": """", ""member_login_url"": """"}, ""services_offered"": [], ""programs"": {}, ""events"": {}, ""publications"": {}, ""compliance_policies"": {}, ""partnerships"": {""list"": []}, ""awards"": {""list"": []}, ""transparency"": [], ""digital_presence"": [], ""contact_details"": {""office_address"": ""New Delhi, Delhi, India"", ""phone_number"": """", ""email"": ""aifpa@aifpa.net"", ""website"": ""https://www.aifpa.net""}}"
f267e505-b312-48a0-b390-7d1e4fcff0e2,,Seeds / Input,400,10000,200000,985ff825-8855-4dec-9615-6d83578ef2cf,"{""association_type"": ""National"", ""legal_status"": ""Section 8 Company"", ""overview"": {""about"": ""NSAI is the apex body of the seed industry in India, representing private sector seed companies. It advocates for seed policy reforms, seed quality, and technology adoption to ensure food security."", ""mission"": """", ""vision"": """", ""sector"": ""Seeds / Input"", ""objectives"": [], ""key_functions"": []}, ""governance"": {""president"": {""name"": """", ""company"": """"}, ""vice_presidents"": [], ""secretary_general"": {""name"": ""Ram Kaundinya"", ""company"": """"}}, ""regional_structure"": {""governance_model"": """", ""headquarters"": ""New Delhi, Delhi"", ""chapters"": []}, ""membership_details"": {""overview_metrics"": [{""label"": ""Total Members"", ""value"": ""400+""}], ""categories"": [], ""requirements"": [], ""application_process"": {}, ""benefits"": [], ""mode_of_application"": """", ""application_url"": """", ""member_login_url"": """"}, ""services_offered"": [], ""programs"": {}, ""events"": {}, ""publications"": {}, ""compliance_policies"": {}, ""partnerships"": {""list"": []}, ""awards"": {""list"": []}, ""transparency"": [], ""digital_presence"": [], ""contact_details"": {""office_address"": ""New Delhi, Delhi, India"", ""phone_number"": """", ""email"": ""info@nsai.co.in"", ""website"": ""https://nsai.co.in""}}"
a6ad1ebc-0865-428b-9e20-dba86a38a93a,,Agri Exports,80000,5000,5000,985ff825-8855-4dec-9615-6d83578ef2cf,"{""association_type"": ""National"", ""legal_status"": ""Statutory Body"", ""overview"": {""about"": ""APEDA was established under the Agricultural and Processed Food Products Export Development Authority Act 1985. It is responsible for the promotion and development of export of agricultural and processed food products from India."", ""mission"": """", ""vision"": """", ""sector"": ""Agri Exports"", ""objectives"": [], ""key_functions"": []}, ""governance"": {""president"": {""name"": """", ""company"": """"}, ""vice_presidents"": [], ""secretary_general"": {""name"": """", ""company"": """"}}, ""regional_structure"": {""governance_model"": """", ""headquarters"": ""New Delhi, Delhi"", ""chapters"": []}, ""membership_details"": {""overview_metrics"": [{""label"": ""Total Members"", ""value"": ""80000+""}], ""categories"": [], ""requirements"": [], ""application_process"": {}, ""benefits"": [], ""mode_of_application"": """", ""application_url"": """", ""member_login_url"": """"}, ""services_offered"": [], ""programs"": {}, ""events"": {}, ""publications"": {}, ""compliance_policies"": {}, ""partnerships"": {""list"": []}, ""awards"": {""list"": []}, ""transparency"": [], ""digital_presence"": [], ""contact_details"": {""office_address"": ""New Delhi, Delhi, India"", ""phone_number"": """", ""email"": ""chairman@apeda.gov.in"", ""website"": ""https://apeda.gov.in""}}"
93600913-c132-4f4a-944c-b3f070f97268,,Wind Energy,250,25000,500000,26d2b88d-ddbf-45b7-a016-9379064270a9,"{""association_type"": ""National"", ""legal_status"": ""Section 8 Company"", ""overview"": {""about"": ""InWEA is the nodal agency for the Indian wind energy sector and represents the interests of wind energy developers, manufacturers, and service providers. It works to promote wind energy adoption and advocates for a favourable policy environment."", ""mission"": """", ""vision"": """", ""sector"": ""Wind Energy"", ""objectives"": [], ""key_functions"": []}, ""governance"": {""president"": {""name"": """", ""company"": """"}, ""vice_presidents"": [], ""secretary_general"": {""name"": ""Hemant Mistry"", ""company"": """"}}, ""regional_structure"": {""governance_model"": """", ""headquarters"": ""New Delhi, Delhi"", ""chapters"": []}, ""membership_details"": {""overview_metrics"": [{""label"": ""Total Members"", ""value"": ""250+""}], ""categories"": [], ""requirements"": [], ""application_process"": {}, ""benefits"": [], ""mode_of_application"": """", ""application_url"": """", ""member_login_url"": """"}, ""services_offered"": [], ""programs"": {}, ""events"": {}, ""publications"": {}, ""compliance_policies"": {}, ""partnerships"": {""list"": []}, ""awards"": {""list"": []}, ""transparency"": [], ""digital_presence"": [], ""contact_details"": {""office_address"": ""New Delhi, Delhi, India"", ""phone_number"": """", ""email"": ""info@windpro.org"", ""website"": ""https://www.windpro.org""}}"
cb524111-db50-415d-bf6f-783394d1ae2c,,Solar Energy,2000,2000,25000,26d2b88d-ddbf-45b7-a016-9379064270a9,"{""association_type"": ""National"", ""legal_status"": ""Registered Society"", ""overview"": {""about"": ""SESI is a scientific and engineering society that promotes the development and utilisation of solar energy in India. It provides a platform for researchers, engineers, and industry professionals working in renewable energy."", ""mission"": """", ""vision"": """", ""sector"": ""Solar Energy"", ""objectives"": [], ""key_functions"": []}, ""governance"": {""president"": {""name"": ""D. P. Rao"", ""company"": """"}, ""vice_presidents"": [], ""secretary_general"": {""name"": """", ""company"": """"}}, ""regional_structure"": {""governance_model"": """", ""headquarters"": ""New Delhi, Delhi"", ""chapters"": []}, ""membership_details"": {""overview_metrics"": [{""label"": ""Total Members"", ""value"": ""2000+""}], ""categories"": [], ""requirements"": [], ""application_process"": {}, ""benefits"": [], ""mode_of_application"": """", ""application_url"": """", ""member_login_url"": """"}, ""services_offered"": [], ""programs"": {}, ""events"": {}, ""publications"": {}, ""compliance_policies"": {}, ""partnerships"": {""list"": []}, ""awards"": {""list"": []}, ""transparency"": [], ""digital_presence"": [], ""contact_details"": {""office_address"": ""New Delhi, Delhi, India"", ""phone_number"": """", ""email"": ""sesi@sesi.in"", ""website"": ""https://www.sesi.in""}}"
781697f3-c9df-415e-96cf-890d83245c84,,Power Equipment,400,20000,500000,26d2b88d-ddbf-45b7-a016-9379064270a9,"{""association_type"": ""National"", ""legal_status"": ""Registered Society"", ""overview"": {""about"": ""As part of IEEMA's power equipment segment, this forum represents manufacturers of power transformers, switchgear, cables, and energy meters. It advocates for domestic manufacturing under Make in India and energy transition initiatives."", ""mission"": """", ""vision"": """", ""sector"": ""Power Equipment"", ""objectives"": [], ""key_functions"": []}, ""governance"": {""president"": {""name"": """", ""company"": """"}, ""vice_presidents"": [], ""secretary_general"": {""name"": ""Shailendra Shrivastava"", ""company"": """"}}, ""regional_structure"": {""governance_model"": """", ""headquarters"": ""Mumbai, Maharashtra"", ""chapters"": []}, ""membership_details"": {""overview_metrics"": [{""label"": ""Total Members"", ""value"": ""400+""}], ""categories"": [], ""requirements"": [], ""application_process"": {}, ""benefits"": [], ""mode_of_application"": """", ""application_url"": """", ""member_login_url"": """"}, ""services_offered"": [], ""programs"": {}, ""events"": {}, ""publications"": {}, ""compliance_policies"": {}, ""partnerships"": {""list"": []}, ""awards"": {""list"": []}, ""transparency"": [], ""digital_presence"": [], ""contact_details"": {""office_address"": ""Mumbai, Maharashtra, India"", ""phone_number"": """", ""email"": ""ieema@ieema.org"", ""website"": ""https://www.ieema.org""}}"
4388de36-9fa4-412d-bef3-2a73c0053748,,Road Transport,9500000,500,50000,26d2b88d-ddbf-45b7-a016-9379064270a9,"{""association_type"": ""National"", ""legal_status"": ""Registered Society"", ""overview"": {""about"": ""AIMTC is the apex body of the road transport sector in India, representing over 95 lakh transport operators. It is the voice of truckers and transport operators and works to address issues related to freight and logistics."", ""mission"": """", ""vision"": """", ""sector"": ""Road Transport"", ""objectives"": [], ""key_functions"": []}, ""governance"": {""president"": {""name"": ""S.P. Singh"", ""company"": """"}, ""vice_presidents"": [], ""secretary_general"": {""name"": """", ""company"": """"}}, ""regional_structure"": {""governance_model"": """", ""headquarters"": ""New Delhi, Delhi"", ""chapters"": []}, ""membership_details"": {""overview_metrics"": [{""label"": ""Total Members"", ""value"": ""9500000+""}], ""categories"": [], ""requirements"": [], ""application_process"": {}, ""benefits"": [], ""mode_of_application"": """", ""application_url"": """", ""member_login_url"": """"}, ""services_offered"": [], ""programs"": {}, ""events"": {}, ""publications"": {}, ""compliance_policies"": {}, ""partnerships"": {""list"": []}, ""awards"": {""list"": []}, ""transparency"": [], ""digital_presence"": [], ""contact_details"": {""office_address"": ""New Delhi, Delhi, India"", ""phone_number"": """", ""email"": ""aimtc@aimtc.net"", ""website"": ""https://www.aimtc.net""}}"
cb6bb65c-3bf6-4683-91d6-b16fd0bde935,,Shipping,25,100000,2000000,26d2b88d-ddbf-45b7-a016-9379064270a9,"{""association_type"": ""National"", ""legal_status"": ""Registered Society"", ""overview"": {""about"": ""CSLA represents container shipping lines operating in and out of India. It provides a platform for shipping lines to address common industry issues, especially those related to India's trade and maritime policy."", ""mission"": """", ""vision"": """", ""sector"": ""Shipping"", ""objectives"": [], ""key_functions"": []}, ""governance"": {""president"": {""name"": """", ""company"": """"}, ""vice_presidents"": [], ""secretary_general"": {""name"": ""Suresh Kumar"", ""company"": """"}}, ""regional_structure"": {""governance_model"": """", ""headquarters"": ""Mumbai, Maharashtra"", ""chapters"": []}, ""membership_details"": {""overview_metrics"": [{""label"": ""Total Members"", ""value"": ""25+""}], ""categories"": [], ""requirements"": [], ""application_process"": {}, ""benefits"": [], ""mode_of_application"": """", ""application_url"": """", ""member_login_url"": """"}, ""services_offered"": [], ""programs"": {}, ""events"": {}, ""publications"": {}, ""compliance_policies"": {}, ""partnerships"": {""list"": []}, ""awards"": {""list"": []}, ""transparency"": [], ""digital_presence"": [], ""contact_details"": {""office_address"": ""Mumbai, Maharashtra, India"", ""phone_number"": """", ""email"": ""csla@csla-india.org"", ""website"": ""https://www.csla-india.org""}}"
83e7a8d7-9b31-4e9e-8797-a8a693d4b9f6,,Air Cargo,1800,5000,50000,26d2b88d-ddbf-45b7-a016-9379064270a9,"{""association_type"": ""National"", ""legal_status"": ""Registered Society"", ""overview"": {""about"": ""ACAAI is the apex body representing air cargo agents in India. Founded in 1967, it promotes the interests of IATA-accredited cargo agents and coordinates between airlines, shippers and freight forwarders."", ""mission"": """", ""vision"": """", ""sector"": ""Air Cargo"", ""objectives"": [], ""key_functions"": []}, ""governance"": {""president"": {""name"": ""Atul Kulkarni"", ""company"": """"}, ""vice_presidents"": [], ""secretary_general"": {""name"": """", ""company"": """"}}, ""regional_structure"": {""governance_model"": """", ""headquarters"": ""Mumbai, Maharashtra"", ""chapters"": []}, ""membership_details"": {""overview_metrics"": [{""label"": ""Total Members"", ""value"": ""1800+""}], ""categories"": [], ""requirements"": [], ""application_process"": {}, ""benefits"": [], ""mode_of_application"": """", ""application_url"": """", ""member_login_url"": """"}, ""services_offered"": [], ""programs"": {}, ""events"": {}, ""publications"": {}, ""compliance_policies"": {}, ""partnerships"": {""list"": []}, ""awards"": {""list"": []}, ""transparency"": [], ""digital_presence"": [], ""contact_details"": {""office_address"": ""Mumbai, Maharashtra, India"", ""phone_number"": """", ""email"": ""acaai@acaai.in"", ""website"": ""https://www.acaai.in""}}"
f29de690-191d-41bb-8272-a65ee7537f34,,Retail Trade,3000,10000,500000,ae11be80-bea3-4d0e-a35a-c964451b1a20,"{""association_type"": ""National"", ""legal_status"": ""Section 8 Company"", ""overview"": {""about"": ""RAI is an industry body representing the retail business in India. Founded in 2004, it works with government and other stakeholders to develop the retail sector, and represents retailers of all formats and sizes."", ""mission"": """", ""vision"": """", ""sector"": ""Retail Trade"", ""objectives"": [], ""key_functions"": []}, ""governance"": {""president"": {""name"": """", ""company"": """"}, ""vice_presidents"": [], ""secretary_general"": {""name"": ""Kumar Rajagopalan"", ""company"": """"}}, ""regional_structure"": {""governance_model"": """", ""headquarters"": ""Mumbai, Maharashtra"", ""chapters"": []}, ""membership_details"": {""overview_metrics"": [{""label"": ""Total Members"", ""value"": ""3000+""}], ""categories"": [], ""requirements"": [], ""application_process"": {}, ""benefits"": [], ""mode_of_application"": """", ""application_url"": """", ""member_login_url"": """"}, ""services_offered"": [], ""programs"": {}, ""events"": {}, ""publications"": {}, ""compliance_policies"": {}, ""partnerships"": {""list"": []}, ""awards"": {""list"": []}, ""transparency"": [], ""digital_presence"": [], ""contact_details"": {""office_address"": ""Mumbai, Maharashtra, India"", ""phone_number"": """", ""email"": ""info@rai.net.in"", ""website"": ""https://www.rai.net.in""}}"
2b395d16-2fa6-4685-a070-3d62a088faee,,Staffing / Workforce,125,50000,1000000,c39ecac8-9a1f-4ad3-af64-069b9b315926,"{""association_type"": ""National"", ""legal_status"": ""Section 8 Company"", ""overview"": {""about"": ""ISF is the national body of the staffing industry in India. It represents over 100 staffing companies that collectively employ millions of flexi-staff across industries and is the official body for policy advocacy in the workforce staffing space."", ""mission"": """", ""vision"": """", ""sector"": ""Staffing / Workforce"", ""objectives"": [], ""key_functions"": []}, ""governance"": {""president"": {""name"": ""Lohit Bhatia"", ""company"": """"}, ""vice_presidents"": [], ""secretary_general"": {""name"": """", ""company"": """"}}, ""regional_structure"": {""governance_model"": """", ""headquarters"": ""New Delhi, Delhi"", ""chapters"": []}, ""membership_details"": {""overview_metrics"": [{""label"": ""Total Members"", ""value"": ""125+""}], ""categories"": [], ""requirements"": [], ""application_process"": {}, ""benefits"": [], ""mode_of_application"": """", ""application_url"": """", ""member_login_url"": """"}, ""services_offered"": [], ""programs"": {}, ""events"": {}, ""publications"": {}, ""compliance_policies"": {}, ""partnerships"": {""list"": []}, ""awards"": {""list"": []}, ""transparency"": [], ""digital_presence"": [], ""contact_details"": {""office_address"": ""New Delhi, Delhi, India"", ""phone_number"": """", ""email"": ""lohit.bhatia@isfindia.org"", ""website"": ""https://www.isfindia.org""}}"
9ae99a0c-c50a-43e5-9d54-05c38d133082,,Human Resources,80000,3000,50000,c39ecac8-9a1f-4ad3-af64-069b9b315926,"{""association_type"": ""National"", ""legal_status"": ""Registered Society"", ""overview"": {""about"": ""National HRD Network is the apex body of HR professionals in India, founded in 1985. It facilitates sharing of knowledge and best practices in human resource management and plays a vital role in the professional development of HR practitioners."", ""mission"": """", ""vision"": """", ""sector"": ""Human Resources"", ""objectives"": [], ""key_functions"": []}, ""governance"": {""president"": {""name"": ""Aquil Busrai"", ""company"": """"}, ""vice_presidents"": [], ""secretary_general"": {""name"": """", ""company"": """"}}, ""regional_structure"": {""governance_model"": """", ""headquarters"": ""Mumbai, Maharashtra"", ""chapters"": []}, ""membership_details"": {""overview_metrics"": [{""label"": ""Total Members"", ""value"": ""80000+""}], ""categories"": [], ""requirements"": [], ""application_process"": {}, ""benefits"": [], ""mode_of_application"": """", ""application_url"": """", ""member_login_url"": """"}, ""services_offered"": [], ""programs"": {}, ""events"": {}, ""publications"": {}, ""compliance_policies"": {}, ""partnerships"": {""list"": []}, ""awards"": {""list"": []}, ""transparency"": [], ""digital_presence"": [], ""contact_details"": {""office_address"": ""Mumbai, Maharashtra, India"", ""phone_number"": """", ""email"": ""info@nhrd.net"", ""website"": ""https://www.nhrd.net""}}"
6bcc6edb-4096-4c18-83e6-64513eaac34c,,Legal Profession,1800000,1000,10000,c39ecac8-9a1f-4ad3-af64-069b9b315926,"{""association_type"": ""National"", ""legal_status"": ""Statutory Body"", ""overview"": {""about"": ""The Bar Council of India is a statutory body established under the Advocates Act, 1961 that regulates legal practice and legal education in India. It prescribes standards for legal education and grants recognition to law universities."", ""mission"": """", ""vision"": """", ""sector"": ""Legal Profession"", ""objectives"": [], ""key_functions"": []}, ""governance"": {""president"": {""name"": """", ""company"": """"}, ""vice_presidents"": [], ""secretary_general"": {""name"": """", ""company"": """"}}, ""regional_structure"": {""governance_model"": """", ""headquarters"": ""New Delhi, Delhi"", ""chapters"": []}, ""membership_details"": {""overview_metrics"": [{""label"": ""Total Members"", ""value"": ""1800000+""}], ""categories"": [], ""requirements"": [], ""application_process"": {}, ""benefits"": [], ""mode_of_application"": """", ""application_url"": """", ""member_login_url"": """"}, ""services_offered"": [], ""programs"": {}, ""events"": {}, ""publications"": {}, ""compliance_policies"": {}, ""partnerships"": {""list"": []}, ""awards"": {""list"": []}, ""transparency"": [], ""digital_presence"": [], ""contact_details"": {""office_address"": ""New Delhi, Delhi, India"", ""phone_number"": """", ""email"": ""barcouncilofindia@gmail.com"", ""website"": ""https://www.barcouncilofindia.org""}}"
b22faef2-0728-4f10-9355-c6112dbf2d23,,MSME,500000,2000,50000,c39ecac8-9a1f-4ad3-af64-069b9b315926,"{""association_type"": ""National"", ""legal_status"": ""Registered Society"", ""overview"": {""about"": ""FISME is one of the largest MSME representative bodies in India. Formed in 1995, it advocates for the 63 million+ MSMEs in India and collaborates with government agencies, international organisations and industry bodies to promote SME growth."", ""mission"": """", ""vision"": """", ""sector"": ""MSME"", ""objectives"": [], ""key_functions"": []}, ""governance"": {""president"": {""name"": """", ""company"": """"}, ""vice_presidents"": [], ""secretary_general"": {""name"": ""Anil Bhardwaj"", ""company"": """"}}, ""regional_structure"": {""governance_model"": """", ""headquarters"": ""New Delhi, Delhi"", ""chapters"": []}, ""membership_details"": {""overview_metrics"": [{""label"": ""Total Members"", ""value"": ""500000+""}], ""categories"": [], ""requirements"": [], ""application_process"": {}, ""benefits"": [], ""mode_of_application"": """", ""application_url"": """", ""member_login_url"": """"}, ""services_offered"": [], ""programs"": {}, ""events"": {}, ""publications"": {}, ""compliance_policies"": {}, ""partnerships"": {""list"": []}, ""awards"": {""list"": []}, ""transparency"": [], ""digital_presence"": [], ""contact_details"": {""office_address"": ""New Delhi, Delhi, India"", ""phone_number"": """", ""email"": ""fisme@fisme.org.in"", ""website"": ""https://www.fisme.org.in""}}"
44fcae13-ee47-4f1a-a43c-a62100aff2c7,,Industry,3000,5000,100000,c39ecac8-9a1f-4ad3-af64-069b9b315926,"{""association_type"": ""National"", ""legal_status"": ""Registered Society"", ""overview"": {""about"": ""AIAI is one of the oldest and most respected industrial associations in India, established in 1956. It represents large and medium-sized industries across various sectors and works to promote industrialisation and economic development."", ""mission"": """", ""vision"": """", ""sector"": ""Industry"", ""objectives"": [], ""key_functions"": []}, ""governance"": {""president"": {""name"": ""Vikas Mahatme"", ""company"": """"}, ""vice_presidents"": [], ""secretary_general"": {""name"": """", ""company"": """"}}, ""regional_structure"": {""governance_model"": """", ""headquarters"": ""Mumbai, Maharashtra"", ""chapters"": []}, ""membership_details"": {""overview_metrics"": [{""label"": ""Total Members"", ""value"": ""3000+""}], ""categories"": [], ""requirements"": [], ""application_process"": {}, ""benefits"": [], ""mode_of_application"": """", ""application_url"": """", ""member_login_url"": """"}, ""services_offered"": [], ""programs"": {}, ""events"": {}, ""publications"": {}, ""compliance_policies"": {}, ""partnerships"": {""list"": []}, ""awards"": {""list"": []}, ""transparency"": [], ""digital_presence"": [], ""contact_details"": {""office_address"": ""Mumbai, Maharashtra, India"", ""phone_number"": """", ""email"": ""aiai@aiaiindia.com"", ""website"": ""https://www.aiaiindia.com""}}"
a9ba44f0-98d7-405b-88e5-cd34bd3e551b,,Small Industries,200000,500,10000,c39ecac8-9a1f-4ad3-af64-069b9b315926,"{""association_type"": ""National"", ""legal_status"": ""Registered Society"", ""overview"": {""about"": ""Laghu Udyog Bharati is a nationalist organisation for small industries in India, founded in 1994. It advocates for policies that support small enterprises and promotes Swadeshi manufacturing through its extensive network across Indian states."", ""mission"": """", ""vision"": """", ""sector"": ""Small Industries"", ""objectives"": [], ""key_functions"": []}, ""governance"": {""president"": {""name"": ""Ghanshyam Ojha"", ""company"": """"}, ""vice_presidents"": [], ""secretary_general"": {""name"": """", ""company"": """"}}, ""regional_structure"": {""governance_model"": """", ""headquarters"": ""New Delhi, Delhi"", ""chapters"": []}, ""membership_details"": {""overview_metrics"": [{""label"": ""Total Members"", ""value"": ""200000+""}], ""categories"": [], ""requirements"": [], ""application_process"": {}, ""benefits"": [], ""mode_of_application"": """", ""application_url"": """", ""member_login_url"": """"}, ""services_offered"": [], ""programs"": {}, ""events"": {}, ""publications"": {}, ""compliance_policies"": {}, ""partnerships"": {""list"": []}, ""awards"": {""list"": []}, ""transparency"": [], ""digital_presence"": [], ""contact_details"": {""office_address"": ""New Delhi, Delhi, India"", ""phone_number"": """", ""email"": ""laghu@laghuudyogbharati.org"", ""website"": ""https://www.laghuudyogbharati.org""}}"
1595131f-12e9-4142-9b1c-6d6e590cea34,,Civil Construction,18000,3000,100000,1a821422-d8eb-484f-a280-8af8f6b79144,"{""association_type"": ""National"", ""legal_status"": ""Registered Society"", ""overview"": {""about"": ""BAI, founded in 1941, is the national body of civil engineering construction contractors in India. It represents contractors working on roads, bridges, dams, buildings, and other infrastructure projects and has over 18,000 members across the country."", ""mission"": """", ""vision"": """", ""sector"": ""Civil Construction"", ""objectives"": [], ""key_functions"": []}, ""governance"": {""president"": {""name"": ""Ramanjit Singh Chugh"", ""company"": """"}, ""vice_presidents"": [], ""secretary_general"": {""name"": """", ""company"": """"}}, ""regional_structure"": {""governance_model"": """", ""headquarters"": ""Mumbai, Maharashtra"", ""chapters"": []}, ""membership_details"": {""overview_metrics"": [{""label"": ""Total Members"", ""value"": ""18000+""}], ""categories"": [], ""requirements"": [], ""application_process"": {}, ""benefits"": [], ""mode_of_application"": """", ""application_url"": """", ""member_login_url"": """"}, ""services_offered"": [], ""programs"": {}, ""events"": {}, ""publications"": {}, ""compliance_policies"": {}, ""partnerships"": {""list"": []}, ""awards"": {""list"": []}, ""transparency"": [], ""digital_presence"": [], ""contact_details"": {""office_address"": ""Mumbai, Maharashtra, India"", ""phone_number"": """", ""email"": ""bai@buildersindia.com"", ""website"": ""https://www.buildersindia.com""}}"
da179059-b583-4960-b17d-9c19db2cd3e2,,Commercial Aviation,7,500000,10000000,d8e835b1-07dd-4279-93b4-5049cfb1c6d6,"{""association_type"": ""National"", ""legal_status"": ""Registered Society"", ""overview"": {""about"": ""FIA represents the collective interests of scheduled airline operators in India. It engages with regulatory bodies including DGCA, Ministry of Civil Aviation, and AAI, and advocates for a supportive policy framework for civil aviation growth."", ""mission"": """", ""vision"": """", ""sector"": ""Commercial Aviation"", ""objectives"": [], ""key_functions"": []}, ""governance"": {""president"": {""name"": """", ""company"": """"}, ""vice_presidents"": [], ""secretary_general"": {""name"": ""Amitabh Kumar"", ""company"": """"}}, ""regional_structure"": {""governance_model"": """", ""headquarters"": ""New Delhi, Delhi"", ""chapters"": []}, ""membership_details"": {""overview_metrics"": [{""label"": ""Total Members"", ""value"": ""7+""}], ""categories"": [], ""requirements"": [], ""application_process"": {}, ""benefits"": [], ""mode_of_application"": """", ""application_url"": """", ""member_login_url"": """"}, ""services_offered"": [], ""programs"": {}, ""events"": {}, ""publications"": {}, ""compliance_policies"": {}, ""partnerships"": {""list"": []}, ""awards"": {""list"": []}, ""transparency"": [], ""digital_presence"": [], ""contact_details"": {""office_address"": ""New Delhi, Delhi, India"", ""phone_number"": """", ""email"": ""fia@fiaindia.in"", ""website"": ""https://www.fiaindia.in""}}"
33b8a77a-8f37-4222-a14e-db8e68be8c4d,National,Gems & Jewellery Exports,8000,5000,100000,3b1b6be7-d616-4c46-a470-2a2fc1d16691,"{""association_type"": ""National"", ""legal_status"": ""Registered Society"", ""overview"": {""about"": ""GJEPC, set up in 1966 by the Ministry of Commerce, is the apex body for the promotion of gem and jewellery exports from India. It has over 8,000 members and helps members participate in international exhibitions and trade fairs."", ""mission"": """", ""vision"": """", ""sector"": ""Gems & Jewellery Exports"", ""objectives"": [], ""key_functions"": []}, ""governance"": {""president"": {""name"": """", ""company"": """"}, ""vice_presidents"": [], ""secretary_general"": {""name"": """", ""company"": """"}}, ""regional_structure"": {""governance_model"": """", ""headquarters"": ""Mumbai, Maharashtra"", ""chapters"": []}, ""membership_details"": {""overview_metrics"": [{""label"": ""Total Members"", ""value"": ""8000+""}], ""categories"": [], ""requirements"": [], ""application_process"": {}, ""benefits"": [], ""mode_of_application"": """", ""application_url"": """", ""member_login_url"": """"}, ""services_offered"": [], ""programs"": {}, ""events"": {}, ""publications"": {}, ""compliance_policies"": {}, ""partnerships"": {""list"": []}, ""awards"": {""list"": []}, ""transparency"": [], ""digital_presence"": [], ""contact_details"": {""office_address"": ""Mumbai, Maharashtra, India"", ""phone_number"": """", ""email"": ""gjepc@gjepcindia.com"", ""website"": ""https://www.gjepc.org""}}"
2f32d54c-8544-4c12-9086-a8a972f9c28f,National,Domestic Trade,300000,2000,50000,ae11be80-bea3-4d0e-a35a-c964451b1a20,"{""association_type"": ""National"", ""legal_status"": ""Registered Society"", ""overview"": {""about"": ""GJC is the largest domestic trade body for the gems and jewellery sector in India, representing over 3 lakh jewellery retailers and manufacturers. It promotes the domestic jewellery market and acts as the voice of the industry before government."", ""mission"": """", ""vision"": """", ""sector"": ""Domestic Trade"", ""objectives"": [], ""key_functions"": []}, ""governance"": {""president"": {""name"": """", ""company"": """"}, ""vice_presidents"": [], ""secretary_general"": {""name"": """", ""company"": """"}}, ""regional_structure"": {""governance_model"": """", ""headquarters"": ""Mumbai, Maharashtra"", ""chapters"": []}, ""membership_details"": {""overview_metrics"": [{""label"": ""Total Members"", ""value"": ""300000+""}], ""categories"": [], ""requirements"": [], ""application_process"": {}, ""benefits"": [], ""mode_of_application"": """", ""application_url"": """", ""member_login_url"": """"}, ""services_offered"": [], ""programs"": {}, ""events"": {}, ""publications"": {}, ""compliance_policies"": {}, ""partnerships"": {""list"": []}, ""awards"": {""list"": []}, ""transparency"": [], ""digital_presence"": [], ""contact_details"": {""office_address"": ""Mumbai, Maharashtra, India"", ""phone_number"": """", ""email"": ""info@gjc.org.in"", ""website"": ""https://www.gjc.org.in""}}"
e0440431-d38f-4653-a092-529059919d73,,Mobile & Telecom Services,8,500000,50000000,e42b13ce-89ed-481f-98ab-36ac53927ee4,"{""association_type"": ""National"", ""legal_status"": ""Registered Society"", ""overview"": {""about"": ""COAI is the apex industry body for cellular, mobile and telecom operators in India. Founded in 1995, it represents major telecom operators and works towards the creation of a conducive policy framework for the telecom industry."", ""mission"": ""To facilitate the growth of the telecom industry in a fair and transparent manner."", ""vision"": """", ""sector"": ""Mobile & Telecom Services"", ""objectives"": [], ""key_functions"": [""Spectrum policy advocacy"", ""Telecom infrastructure development"", ""Regulatory engagement with TRAI/DoT""]}, ""governance"": {""president"": {""name"": """", ""company"": """"}, ""vice_presidents"": [], ""secretary_general"": {""name"": ""D.S. Oberoi"", ""company"": """"}}, ""regional_structure"": {""governance_model"": """", ""headquarters"": ""New Delhi, Delhi"", ""chapters"": []}, ""membership_details"": {""overview_metrics"": [{""label"": ""Total Members"", ""value"": ""8+""}], ""categories"": [], ""requirements"": [], ""application_process"": {}, ""benefits"": [], ""mode_of_application"": """", ""application_url"": """", ""member_login_url"": """"}, ""services_offered"": [], ""programs"": {}, ""events"": {}, ""publications"": {}, ""compliance_policies"": {}, ""partnerships"": {""list"": []}, ""awards"": {""list"": []}, ""transparency"": [], ""digital_presence"": [], ""contact_details"": {""office_address"": ""New Delhi, Delhi, India"", ""phone_number"": """", ""email"": ""coai@coai.in"", ""website"": ""https://www.coai.in""}}"
be95806b-3892-424e-80ef-0d53a8a1ff01,,ICT,4000,5000,200000,c39ecac8-9a1f-4ad3-af64-069b9b315926,"{""association_type"": ""Regional"", ""legal_status"": ""Registered Society"", ""overview"": {""about"": ""The ICC Telecom Forum is an industry group under the Indian Chamber of Commerce that focuses on telecom and ICT sector development in eastern and north-eastern India, engaging with operators, vendors, and government regulators."", ""mission"": """", ""vision"": """", ""sector"": ""ICT"", ""objectives"": [], ""key_functions"": []}, ""governance"": {""president"": {""name"": """", ""company"": """"}, ""vice_presidents"": [], ""secretary_general"": {""name"": ""Rajeev Singh"", ""company"": """"}}, ""regional_structure"": {""governance_model"": """", ""headquarters"": ""Kolkata, West Bengal"", ""chapters"": []}, ""membership_details"": {""overview_metrics"": [{""label"": ""Total Members"", ""value"": ""4000+""}], ""categories"": [], ""requirements"": [], ""application_process"": {}, ""benefits"": [], ""mode_of_application"": """", ""application_url"": """", ""member_login_url"": """"}, ""services_offered"": [], ""programs"": {}, ""events"": {}, ""publications"": {}, ""compliance_policies"": {}, ""partnerships"": {""list"": []}, ""awards"": {""list"": []}, ""transparency"": [], ""digital_presence"": [], ""contact_details"": {""office_address"": ""Kolkata, West Bengal, India"", ""phone_number"": """", ""email"": ""info@indianchamber.net"", ""website"": ""https://www.indianchamber.net""}}"
328be802-b105-4049-af60-8799dd5b80b5,,Govt. Agency,5000,0,0,985ff825-8855-4dec-9615-6d83578ef2cf,"{""association_type"": ""National"", ""legal_status"": ""Statutory Body"", ""overview"": {""about"": ""NHB is a national level organisation established in 1984 under the Ministry of Agriculture. It supports development of commercial horticulture and provides assistance for development of pre and post-harvest infrastructure."", ""mission"": """", ""vision"": """", ""sector"": ""Govt. Agency"", ""objectives"": [], ""key_functions"": []}, ""governance"": {""president"": {""name"": """", ""company"": """"}, ""vice_presidents"": [], ""secretary_general"": {""name"": """", ""company"": """"}}, ""regional_structure"": {""governance_model"": """", ""headquarters"": ""Gurugram, Haryana"", ""chapters"": []}, ""membership_details"": {""overview_metrics"": [{""label"": ""Total Members"", ""value"": ""5000+""}], ""categories"": [], ""requirements"": [], ""application_process"": {}, ""benefits"": [], ""mode_of_application"": """", ""application_url"": """", ""member_login_url"": """"}, ""services_offered"": [], ""programs"": {}, ""events"": {}, ""publications"": {}, ""compliance_policies"": {}, ""partnerships"": {""list"": []}, ""awards"": {""list"": []}, ""transparency"": [], ""digital_presence"": [], ""contact_details"": {""office_address"": ""Gurugram, Haryana, India"", ""phone_number"": """", ""email"": ""chairman@nhb.gov.in"", ""website"": ""https://nhb.gov.in""}}"
f153db58-3c8f-414f-81f7-2541f34c8ceb,,Fresh Produce,500,10000,100000,985ff825-8855-4dec-9615-6d83578ef2cf,"{""association_type"": ""National"", ""legal_status"": ""Section 8 Company"", ""overview"": {""about"": ""IFPA India promotes the interests of fresh produce supply chain stakeholders. It facilitates industry dialogue on cold chain development, post-harvest management, and global market access for Indian fresh produce."", ""mission"": """", ""vision"": """", ""sector"": ""Fresh Produce"", ""objectives"": [], ""key_functions"": []}, ""governance"": {""president"": {""name"": ""Pankaj Khandelwal"", ""company"": """"}, ""vice_presidents"": [], ""secretary_general"": {""name"": """", ""company"": """"}}, ""regional_structure"": {""governance_model"": """", ""headquarters"": ""New Delhi, Delhi"", ""chapters"": []}, ""membership_details"": {""overview_metrics"": [{""label"": ""Total Members"", ""value"": ""500+""}], ""categories"": [], ""requirements"": [], ""application_process"": {}, ""benefits"": [], ""mode_of_application"": """", ""application_url"": """", ""member_login_url"": """"}, ""services_offered"": [], ""programs"": {}, ""events"": {}, ""publications"": {}, ""compliance_policies"": {}, ""partnerships"": {""list"": []}, ""awards"": {""list"": []}, ""transparency"": [], ""digital_presence"": [], ""contact_details"": {""office_address"": ""New Delhi, Delhi, India"", ""phone_number"": """", ""email"": ""info@ifpaindia.org"", ""website"": ""https://www.ifpaindia.org""}}"
0ee0ee2c-98ad-4771-ac4c-c587fed4eeaf,National,Spices,3000,500,10000,985ff825-8855-4dec-9615-6d83578ef2cf,"{""association_type"": ""National"", ""legal_status"": ""Statutory Body"", ""overview"": {""about"": ""Spices Board of India is a statutory body under the Ministry of Commerce & Industry, set up in 1987. It is responsible for the development and worldwide promotion of Indian spices and regulates the export of spices from India."", ""mission"": """", ""vision"": """", ""sector"": ""Spices"", ""objectives"": [], ""key_functions"": []}, ""governance"": {""president"": {""name"": """", ""company"": """"}, ""vice_presidents"": [], ""secretary_general"": {""name"": """", ""company"": """"}}, ""regional_structure"": {""governance_model"": """", ""headquarters"": ""Kochi, Kerala"", ""chapters"": []}, ""membership_details"": {""overview_metrics"": [{""label"": ""Total Members"", ""value"": ""3000+""}], ""categories"": [], ""requirements"": [], ""application_process"": {}, ""benefits"": [], ""mode_of_application"": """", ""application_url"": """", ""member_login_url"": """"}, ""services_offered"": [], ""programs"": {}, ""events"": {}, ""publications"": {}, ""compliance_policies"": {}, ""partnerships"": {""list"": []}, ""awards"": {""list"": []}, ""transparency"": [], ""digital_presence"": [], ""contact_details"": {""office_address"": ""Kochi, Kerala, India"", ""phone_number"": """", ""email"": ""spicesboard@nic.in"", ""website"": ""https://indianspices.com""}}"
5368f202-aa79-472d-9064-63d9c6c53dd6,National,Plantation Crop Exports,650,3000,50000,985ff825-8855-4dec-9615-6d83578ef2cf,"{""association_type"": ""National"", ""legal_status"": ""Registered Society"", ""overview"": {""about"": ""CEPCI, established in 1955, is the apex body for the cashew industry in India. It promotes the export of cashew kernels and allied products from India and provides support to members for participation in global trade events."", ""mission"": """", ""vision"": """", ""sector"": ""Plantation Crop Exports"", ""objectives"": [], ""key_functions"": []}, ""governance"": {""president"": {""name"": """", ""company"": """"}, ""vice_presidents"": [], ""secretary_general"": {""name"": ""Ramesh K. Nair"", ""company"": """"}}, ""regional_structure"": {""governance_model"": """", ""headquarters"": ""Kochi, Kerala"", ""chapters"": []}, ""membership_details"": {""overview_metrics"": [{""label"": ""Total Members"", ""value"": ""650+""}], ""categories"": [], ""requirements"": [], ""application_process"": {}, ""benefits"": [], ""mode_of_application"": """", ""application_url"": """", ""member_login_url"": """"}, ""services_offered"": [], ""programs"": {}, ""events"": {}, ""publications"": {}, ""compliance_policies"": {}, ""partnerships"": {""list"": []}, ""awards"": {""list"": []}, ""transparency"": [], ""digital_presence"": [], ""contact_details"": {""office_address"": ""Kochi, Kerala, India"", ""phone_number"": """", ""email"": ""cepci@cashewindia.org"", ""website"": ""https://cashewindia.org""}}"
19c9f8af-9d50-4909-9690-7345baba2a27,National,Cricket,30,0,0,ead42b5a-26e6-4bd2-a2e3-bb8709ede483,"{""association_type"": ""National"", ""legal_status"": ""Registered Society"", ""overview"": {""about"": ""BCCI is the national governing body for cricket in India. Founded in 1928, it is the richest cricket board in the world and manages India's national cricket teams, domestic competitions, and the Indian Premier League (IPL)."", ""mission"": """", ""vision"": """", ""sector"": ""Cricket"", ""objectives"": [], ""key_functions"": []}, ""governance"": {""president"": {""name"": ""Roger Binny"", ""company"": """"}, ""vice_presidents"": [], ""secretary_general"": {""name"": """", ""company"": """"}}, ""regional_structure"": {""governance_model"": """", ""headquarters"": ""Mumbai, Maharashtra"", ""chapters"": []}, ""membership_details"": {""overview_metrics"": [{""label"": ""Total Members"", ""value"": ""30+""}], ""categories"": [], ""requirements"": [], ""application_process"": {}, ""benefits"": [], ""mode_of_application"": """", ""application_url"": """", ""member_login_url"": """"}, ""services_offered"": [], ""programs"": {}, ""events"": {}, ""publications"": {}, ""compliance_policies"": {}, ""partnerships"": {""list"": []}, ""awards"": {""list"": []}, ""transparency"": [], ""digital_presence"": [], ""contact_details"": {""office_address"": ""Mumbai, Maharashtra, India"", ""phone_number"": """", ""email"": ""office@bcci.tv"", ""website"": ""https://www.bcci.tv""}}"
a7f7f760-ea73-4775-913b-1552ead2beab,National,Football,36,0,0,ead42b5a-26e6-4bd2-a2e3-bb8709ede483,"{""association_type"": ""National"", ""legal_status"": ""Registered Society"", ""overview"": {""about"": ""AIFF is the governing body for football in India, established in 1937. It is affiliated to FIFA and the Asian Football Confederation and manages the Indian National Football Team and domestic league competitions."", ""mission"": """", ""vision"": """", ""sector"": ""Football"", ""objectives"": [], ""key_functions"": []}, ""governance"": {""president"": {""name"": ""Kalyan Chaubey"", ""company"": """"}, ""vice_presidents"": [], ""secretary_general"": {""name"": """", ""company"": """"}}, ""regional_structure"": {""governance_model"": """", ""headquarters"": ""New Delhi, Delhi"", ""chapters"": []}, ""membership_details"": {""overview_metrics"": [{""label"": ""Total Members"", ""value"": ""36+""}], ""categories"": [], ""requirements"": [], ""application_process"": {}, ""benefits"": [], ""mode_of_application"": """", ""application_url"": """", ""member_login_url"": """"}, ""services_offered"": [], ""programs"": {}, ""events"": {}, ""publications"": {}, ""compliance_policies"": {}, ""partnerships"": {""list"": []}, ""awards"": {""list"": []}, ""transparency"": [], ""digital_presence"": [], ""contact_details"": {""office_address"": ""New Delhi, Delhi, India"", ""phone_number"": """", ""email"": ""aiff@the-aiff.com"", ""website"": ""https://www.the-aiff.com""}}"
6c79cfe8-bb0f-4420-b17d-0852fc8d0315,National,Hockey,29,0,0,ead42b5a-26e6-4bd2-a2e3-bb8709ede483,"{""association_type"": ""National"", ""legal_status"": ""Registered Society"", ""overview"": {""about"": ""Hockey India is the national governing body for field hockey in India. It is affiliated to International Hockey Federation (FIH) and the Asian Hockey Federation and manages the national teams and domestic competitions including the Hockey India League."", ""mission"": """", ""vision"": """", ""sector"": ""Hockey"", ""objectives"": [], ""key_functions"": []}, ""governance"": {""president"": {""name"": ""Dilip Tirkey"", ""company"": """"}, ""vice_presidents"": [], ""secretary_general"": {""name"": """", ""company"": """"}}, ""regional_structure"": {""governance_model"": """", ""headquarters"": ""New Delhi, Delhi"", ""chapters"": []}, ""membership_details"": {""overview_metrics"": [{""label"": ""Total Members"", ""value"": ""29+""}], ""categories"": [], ""requirements"": [], ""application_process"": {}, ""benefits"": [], ""mode_of_application"": """", ""application_url"": """", ""member_login_url"": """"}, ""services_offered"": [], ""programs"": {}, ""events"": {}, ""publications"": {}, ""compliance_policies"": {}, ""partnerships"": {""list"": []}, ""awards"": {""list"": []}, ""transparency"": [], ""digital_presence"": [], ""contact_details"": {""office_address"": ""New Delhi, Delhi, India"", ""phone_number"": """", ""email"": ""info@hockeyindia.org"", ""website"": ""https://www.hockeyindia.org""}}"
b6310949-548c-4d1e-8944-9c6d3bd055cc,National,Athletics,32,0,0,ead42b5a-26e6-4bd2-a2e3-bb8709ede483,"{""association_type"": ""National"", ""legal_status"": ""Registered Society"", ""overview"": {""about"": ""AFI is the national governing body for athletics in India, affiliated to World Athletics and the Asian Athletics Association. It organises national championships, selects and manages athletes for international competitions."", ""mission"": """", ""vision"": """", ""sector"": ""Athletics"", ""objectives"": [], ""key_functions"": []}, ""governance"": {""president"": {""name"": ""Adille Sumariwalla"", ""company"": """"}, ""vice_presidents"": [], ""secretary_general"": {""name"": """", ""company"": """"}}, ""regional_structure"": {""governance_model"": """", ""headquarters"": ""New Delhi, Delhi"", ""chapters"": []}, ""membership_details"": {""overview_metrics"": [{""label"": ""Total Members"", ""value"": ""32+""}], ""categories"": [], ""requirements"": [], ""application_process"": {}, ""benefits"": [], ""mode_of_application"": """", ""application_url"": """", ""member_login_url"": """"}, ""services_offered"": [], ""programs"": {}, ""events"": {}, ""publications"": {}, ""compliance_policies"": {}, ""partnerships"": {""list"": []}, ""awards"": {""list"": []}, ""transparency"": [], ""digital_presence"": [], ""contact_details"": {""office_address"": ""New Delhi, Delhi, India"", ""phone_number"": """", ""email"": ""afiathleticsfederation@gmail.com"", ""website"": ""https://www.atleticsindia.com""}}"
cf60ccbf-4f7b-4c94-9935-212026bac592,National,Badminton,28,0,0,ead42b5a-26e6-4bd2-a2e3-bb8709ede483,"{""association_type"": ""National"", ""legal_status"": ""Registered Society"", ""overview"": {""about"": ""BAI is the governing body for badminton in India, founded in 1934. It is affiliated to the Badminton World Federation and manages the national badminton teams and organises competitions like the National Badminton Championship."", ""mission"": """", ""vision"": """", ""sector"": ""Badminton"", ""objectives"": [], ""key_functions"": []}, ""governance"": {""president"": {""name"": ""Himanta Biswa Sarma"", ""company"": """"}, ""vice_presidents"": [], ""secretary_general"": {""name"": """", ""company"": """"}}, ""regional_structure"": {""governance_model"": """", ""headquarters"": ""New Delhi, Delhi"", ""chapters"": []}, ""membership_details"": {""overview_metrics"": [{""label"": ""Total Members"", ""value"": ""28+""}], ""categories"": [], ""requirements"": [], ""application_process"": {}, ""benefits"": [], ""mode_of_application"": """", ""application_url"": """", ""member_login_url"": """"}, ""services_offered"": [], ""programs"": {}, ""events"": {}, ""publications"": {}, ""compliance_policies"": {}, ""partnerships"": {""list"": []}, ""awards"": {""list"": []}, ""transparency"": [], ""digital_presence"": [], ""contact_details"": {""office_address"": ""New Delhi, Delhi, India"", ""phone_number"": """", ""email"": ""bai@badmintonindia.org"", ""website"": ""https://www.badmintonindia.org""}}"
d1799830-4575-48df-834e-4eab62687407,National,Wrestling,29,0,0,ead42b5a-26e6-4bd2-a2e3-bb8709ede483,"{""association_type"": ""National"", ""legal_status"": ""Registered Society"", ""overview"": {""about"": ""WFI is the national federation for wrestling in India, affiliated to United World Wrestling (UWW) and Asian Wrestling Confederation. It governs freestyle, Greco-Roman, and women's wrestling in India."", ""mission"": """", ""vision"": """", ""sector"": ""Wrestling"", ""objectives"": [], ""key_functions"": []}, ""governance"": {""president"": {""name"": ""Sanjay Singh"", ""company"": """"}, ""vice_presidents"": [], ""secretary_general"": {""name"": """", ""company"": """"}}, ""regional_structure"": {""governance_model"": """", ""headquarters"": ""New Delhi, Delhi"", ""chapters"": []}, ""membership_details"": {""overview_metrics"": [{""label"": ""Total Members"", ""value"": ""29+""}], ""categories"": [], ""requirements"": [], ""application_process"": {}, ""benefits"": [], ""mode_of_application"": """", ""application_url"": """", ""member_login_url"": """"}, ""services_offered"": [], ""programs"": {}, ""events"": {}, ""publications"": {}, ""compliance_policies"": {}, ""partnerships"": {""list"": []}, ""awards"": {""list"": []}, ""transparency"": [], ""digital_presence"": [], ""contact_details"": {""office_address"": ""New Delhi, Delhi, India"", ""phone_number"": """", ""email"": ""wfi@wrestlingindia.org"", ""website"": ""https://www.wrestlingindia.org""}}"
1dd18e36-a1ff-430c-bda2-a9a905c18569,National,Table Tennis,31,0,0,ead42b5a-26e6-4bd2-a2e3-bb8709ede483,"{""association_type"": ""National"", ""legal_status"": ""Registered Society"", ""overview"": {""about"": ""TTFI is the national federation for table tennis in India, affiliated to the International Table Tennis Federation (ITTF) and Asian Table Tennis Union. It promotes the sport through national championships and development programmes."", ""mission"": """", ""vision"": """", ""sector"": ""Table Tennis"", ""objectives"": [], ""key_functions"": []}, ""governance"": {""president"": {""name"": ""Dushyant Chautala"", ""company"": """"}, ""vice_presidents"": [], ""secretary_general"": {""name"": """", ""company"": """"}}, ""regional_structure"": {""governance_model"": """", ""headquarters"": ""New Delhi, Delhi"", ""chapters"": []}, ""membership_details"": {""overview_metrics"": [{""label"": ""Total Members"", ""value"": ""31+""}], ""categories"": [], ""requirements"": [], ""application_process"": {}, ""benefits"": [], ""mode_of_application"": """", ""application_url"": """", ""member_login_url"": """"}, ""services_offered"": [], ""programs"": {}, ""events"": {}, ""publications"": {}, ""compliance_policies"": {}, ""partnerships"": {""list"": []}, ""awards"": {""list"": []}, ""transparency"": [], ""digital_presence"": [], ""contact_details"": {""office_address"": ""New Delhi, Delhi, India"", ""phone_number"": """", ""email"": ""ttfi@ttfionline.com"", ""website"": ""https://www.ttfionline.com""}}"
fbf6cfba-ebdb-4389-bd70-bd2caf697d69,National,Volleyball,31,0,0,ead42b5a-26e6-4bd2-a2e3-bb8709ede483,"{""association_type"": ""National"", ""legal_status"": ""Registered Society"", ""overview"": {""about"": ""VFI is the national governing body for volleyball in India, affiliated to FIVB and Asian Volleyball Confederation. It manages national volleyball teams and organises competitions including the National Volleyball Championship."", ""mission"": """", ""vision"": """", ""sector"": ""Volleyball"", ""objectives"": [], ""key_functions"": []}, ""governance"": {""president"": {""name"": ""Achanta Sharath Kamal"", ""company"": """"}, ""vice_presidents"": [], ""secretary_general"": {""name"": """", ""company"": """"}}, ""regional_structure"": {""governance_model"": """", ""headquarters"": ""New Delhi, Delhi"", ""chapters"": []}, ""membership_details"": {""overview_metrics"": [{""label"": ""Total Members"", ""value"": ""31+""}], ""categories"": [], ""requirements"": [], ""application_process"": {}, ""benefits"": [], ""mode_of_application"": """", ""application_url"": """", ""member_login_url"": """"}, ""services_offered"": [], ""programs"": {}, ""events"": {}, ""publications"": {}, ""compliance_policies"": {}, ""partnerships"": {""list"": []}, ""awards"": {""list"": []}, ""transparency"": [], ""digital_presence"": [], ""contact_details"": {""office_address"": ""New Delhi, Delhi, India"", ""phone_number"": """", ""email"": ""vfi@volleyballindia.in"", ""website"": ""https://www.volleyballindia.in""}}"
54d0bc9c-d370-48a8-b3d7-b3801aaa7a7e,National,Boxing,31,0,0,ead42b5a-26e6-4bd2-a2e3-bb8709ede483,"{""association_type"": ""National"", ""legal_status"": ""Registered Society"", ""overview"": {""about"": ""BFI is the national federation for amateur boxing in India, affiliated to World Boxing (WB) and Asian Boxing Confederation. It selects and trains boxers for international competition including the Olympics."", ""mission"": """", ""vision"": """", ""sector"": ""Boxing"", ""objectives"": [], ""key_functions"": []}, ""governance"": {""president"": {""name"": ""Ajay Singh"", ""company"": """"}, ""vice_presidents"": [], ""secretary_general"": {""name"": """", ""company"": """"}}, ""regional_structure"": {""governance_model"": """", ""headquarters"": ""New Delhi, Delhi"", ""chapters"": []}, ""membership_details"": {""overview_metrics"": [{""label"": ""Total Members"", ""value"": ""31+""}], ""categories"": [], ""requirements"": [], ""application_process"": {}, ""benefits"": [], ""mode_of_application"": """", ""application_url"": """", ""member_login_url"": """"}, ""services_offered"": [], ""programs"": {}, ""events"": {}, ""publications"": {}, ""compliance_policies"": {}, ""partnerships"": {""list"": []}, ""awards"": {""list"": []}, ""transparency"": [], ""digital_presence"": [], ""contact_details"": {""office_address"": ""New Delhi, Delhi, India"", ""phone_number"": """", ""email"": ""info@bfi.boxing.in"", ""website"": ""https://www.bfi.boxing.in""}}"
3946be35-08a0-4cb2-9607-e9afbdf174ae,National,Weightlifting,28,0,0,ead42b5a-26e6-4bd2-a2e3-bb8709ede483,"{""association_type"": ""National"", ""legal_status"": ""Registered Society"", ""overview"": {""about"": ""The Weightlifting Federation of India is affiliated to IWF and Asian Weightlifting Federation. It governs Olympic weightlifting, organises national championships, and selects athletes for international competition."", ""mission"": """", ""vision"": """", ""sector"": ""Weightlifting"", ""objectives"": [], ""key_functions"": []}, ""governance"": {""president"": {""name"": ""Sahdev Yadav"", ""company"": """"}, ""vice_presidents"": [], ""secretary_general"": {""name"": """", ""company"": """"}}, ""regional_structure"": {""governance_model"": """", ""headquarters"": ""New Delhi, Delhi"", ""chapters"": []}, ""membership_details"": {""overview_metrics"": [{""label"": ""Total Members"", ""value"": ""28+""}], ""categories"": [], ""requirements"": [], ""application_process"": {}, ""benefits"": [], ""mode_of_application"": """", ""application_url"": """", ""member_login_url"": """"}, ""services_offered"": [], ""programs"": {}, ""events"": {}, ""publications"": {}, ""compliance_policies"": {}, ""partnerships"": {""list"": []}, ""awards"": {""list"": []}, ""transparency"": [], ""digital_presence"": [], ""contact_details"": {""office_address"": ""New Delhi, Delhi, India"", ""phone_number"": """", ""email"": ""wfi@weightliftingindia.in"", ""website"": ""https://www.weightliftingindia.in""}}"
78c69409-cd7c-42bc-ba2d-c5490ebaa513,National,Healthcare,120,50000,2000000,f26791cd-9656-452d-8326-9b9296125906,"{""association_type"": ""National"", ""legal_status"": ""Section 8 Company"", ""overview"": {""about"": ""NATHEALTH is the apex body for private healthcare in India. Founded in 2012, it represents hospitals, pharmacies, diagnostics, medical devices, and digital health companies working to address India's healthcare challenges."", ""mission"": """", ""vision"": """", ""sector"": ""Healthcare"", ""objectives"": [], ""key_functions"": []}, ""governance"": {""president"": {""name"": """", ""company"": """"}, ""vice_presidents"": [], ""secretary_general"": {""name"": ""Anjan Bose"", ""company"": """"}}, ""regional_structure"": {""governance_model"": """", ""headquarters"": ""New Delhi, Delhi"", ""chapters"": []}, ""membership_details"": {""overview_metrics"": [{""label"": ""Total Members"", ""value"": ""120+""}], ""categories"": [], ""requirements"": [], ""application_process"": {}, ""benefits"": [], ""mode_of_application"": """", ""application_url"": """", ""member_login_url"": """"}, ""services_offered"": [], ""programs"": {}, ""events"": {}, ""publications"": {}, ""compliance_policies"": {}, ""partnerships"": {""list"": []}, ""awards"": {""list"": []}, ""transparency"": [], ""digital_presence"": [], ""contact_details"": {""office_address"": ""New Delhi, Delhi, India"", ""phone_number"": """", ""email"": ""info@nathealth.in"", ""website"": ""https://www.nathealth.in""}}"
a585add1-51b3-4135-8150-21815f8752d8,National,Diagnostics Manufacturing,200,15000,300000,f26791cd-9656-452d-8326-9b9296125906,"{""association_type"": ""National"", ""legal_status"": ""Section 8 Company"", ""overview"": {""about"": ""ADMI represents manufacturers of in vitro diagnostics (IVD) products in India. It advocates for a supportive regulatory environment for the diagnostics sector and promotes quality standards in diagnostic manufacturing."", ""mission"": """", ""vision"": """", ""sector"": ""Diagnostics Manufacturing"", ""objectives"": [], ""key_functions"": []}, ""governance"": {""president"": {""name"": ""Niti Pall"", ""company"": """"}, ""vice_presidents"": [], ""secretary_general"": {""name"": """", ""company"": """"}}, ""regional_structure"": {""governance_model"": """", ""headquarters"": ""Mumbai, Maharashtra"", ""chapters"": []}, ""membership_details"": {""overview_metrics"": [{""label"": ""Total Members"", ""value"": ""200+""}], ""categories"": [], ""requirements"": [], ""application_process"": {}, ""benefits"": [], ""mode_of_application"": """", ""application_url"": """", ""member_login_url"": """"}, ""services_offered"": [], ""programs"": {}, ""events"": {}, ""publications"": {}, ""compliance_policies"": {}, ""partnerships"": {""list"": []}, ""awards"": {""list"": []}, ""transparency"": [], ""digital_presence"": [], ""contact_details"": {""office_address"": ""Mumbai, Maharashtra, India"", ""phone_number"": """", ""email"": ""admi@admi.org.in"", ""website"": ""https://www.admi.org.in""}}"
8aacc864-a021-464f-b329-07c493b7726c,National,Digital Health / HealthTech,150,25000,500000,f26791cd-9656-452d-8326-9b9296125906,"{""association_type"": ""National"", ""legal_status"": ""Section 8 Company"", ""overview"": {""about"": ""DHAI represents companies involved in digital health including telemedicine, health IT, AI in healthcare, and health data management. It works to advance the digital health ecosystem and support regulatory development in this space."", ""mission"": """", ""vision"": """", ""sector"": ""Digital Health / HealthTech"", ""objectives"": [], ""key_functions"": []}, ""governance"": {""president"": {""name"": ""Rajkumar Upadhyay"", ""company"": """"}, ""vice_presidents"": [], ""secretary_general"": {""name"": """", ""company"": """"}}, ""regional_structure"": {""governance_model"": """", ""headquarters"": ""New Delhi, Delhi"", ""chapters"": []}, ""membership_details"": {""overview_metrics"": [{""label"": ""Total Members"", ""value"": ""150+""}], ""categories"": [], ""requirements"": [], ""application_process"": {}, ""benefits"": [], ""mode_of_application"": """", ""application_url"": """", ""member_login_url"": """"}, ""services_offered"": [], ""programs"": {}, ""events"": {}, ""publications"": {}, ""compliance_policies"": {}, ""partnerships"": {""list"": []}, ""awards"": {""list"": []}, ""transparency"": [], ""digital_presence"": [], ""contact_details"": {""office_address"": ""New Delhi, Delhi, India"", ""phone_number"": """", ""email"": ""info@dhai.org.in"", ""website"": ""https://www.dhai.org.in""}}"
c4e91149-5aa6-4c44-a015-ceac23f5c277,National,Medical Devices,1200,5000,100000,f26791cd-9656-452d-8326-9b9296125906,"{""association_type"": ""National"", ""legal_status"": ""Section 8 Company"", ""overview"": {""about"": ""AiMeD is the Forum for Indian Medical Device industry, representing manufacturers of medical devices and diagnostics. It promotes Make in India in the medical devices sector and engages with CDSCO on regulatory policy matters."", ""mission"": """", ""vision"": """", ""sector"": ""Medical Devices"", ""objectives"": [], ""key_functions"": []}, ""governance"": {""president"": {""name"": """", ""company"": """"}, ""vice_presidents"": [], ""secretary_general"": {""name"": """", ""company"": """"}}, ""regional_structure"": {""governance_model"": """", ""headquarters"": ""New Delhi, Delhi"", ""chapters"": []}, ""membership_details"": {""overview_metrics"": [{""label"": ""Total Members"", ""value"": ""1200+""}], ""categories"": [], ""requirements"": [], ""application_process"": {}, ""benefits"": [], ""mode_of_application"": """", ""application_url"": """", ""member_login_url"": """"}, ""services_offered"": [], ""programs"": {}, ""events"": {}, ""publications"": {}, ""compliance_policies"": {}, ""partnerships"": {""list"": []}, ""awards"": {""list"": []}, ""transparency"": [], ""digital_presence"": [], ""contact_details"": {""office_address"": ""New Delhi, Delhi, India"", ""phone_number"": """", ""email"": ""aimed@aimed.net.in"", ""website"": ""https://www.aimed.net.in""}}"
ef6a407f-0e36-4659-9e87-1dfd8276f906,National,Franchise & Licensing,2000,10000,200000,c39ecac8-9a1f-4ad3-af64-069b9b315926,"{""association_type"": ""National"", ""legal_status"": ""Section 8 Company"", ""overview"": {""about"": ""FAI is the national apex body representing the franchise industry in India. Founded in 2008, it promotes franchising as a business model, sets ethical standards, and represents the franchise sector before government and regulatory bodies."", ""mission"": """", ""vision"": """", ""sector"": ""Franchise & Licensing"", ""objectives"": [], ""key_functions"": []}, ""governance"": {""president"": {""name"": """", ""company"": """"}, ""vice_presidents"": [], ""secretary_general"": {""name"": """", ""company"": """"}}, ""regional_structure"": {""governance_model"": """", ""headquarters"": ""New Delhi, Delhi"", ""chapters"": []}, ""membership_details"": {""overview_metrics"": [{""label"": ""Total Members"", ""value"": ""2000+""}], ""categories"": [], ""requirements"": [], ""application_process"": {}, ""benefits"": [], ""mode_of_application"": """", ""application_url"": """", ""member_login_url"": """"}, ""services_offered"": [], ""programs"": {}, ""events"": {}, ""publications"": {}, ""compliance_policies"": {}, ""partnerships"": {""list"": []}, ""awards"": {""list"": []}, ""transparency"": [], ""digital_presence"": [], ""contact_details"": {""office_address"": ""New Delhi, Delhi, India"", ""phone_number"": """", ""email"": ""info@fai.co.in"", ""website"": ""https://www.fai.co.in""}}"
71ad407f-9671-4258-a38d-d5e526c366f7,State/Regional,Trade & Commerce,5000,5000,200000,c39ecac8-9a1f-4ad3-af64-069b9b315926,"{""association_type"": ""State-level"", ""legal_status"": ""Registered Society"", ""overview"": {""about"": ""MACCIA is the apex chamber of commerce for Maharashtra, representing thousands of businessmen across the state. Founded in 1927, it advocates for industry-friendly policies and organises trade delegations, exhibitions, and business development programmes."", ""mission"": """", ""vision"": """", ""sector"": ""Trade & Commerce"", ""objectives"": [], ""key_functions"": []}, ""governance"": {""president"": {""name"": ""Lalit Gandhi"", ""company"": """"}, ""vice_presidents"": [], ""secretary_general"": {""name"": """", ""company"": """"}}, ""regional_structure"": {""governance_model"": """", ""headquarters"": ""Mumbai, Maharashtra"", ""chapters"": []}, ""membership_details"": {""overview_metrics"": [{""label"": ""Total Members"", ""value"": ""5000+""}], ""categories"": [], ""requirements"": [], ""application_process"": {}, ""benefits"": [], ""mode_of_application"": """", ""application_url"": """", ""member_login_url"": """"}, ""services_offered"": [], ""programs"": {}, ""events"": {}, ""publications"": {}, ""compliance_policies"": {}, ""partnerships"": {""list"": []}, ""awards"": {""list"": []}, ""transparency"": [], ""digital_presence"": [], ""contact_details"": {""office_address"": ""Mumbai, Maharashtra, India"", ""phone_number"": """", ""email"": ""maccia@maccia.org.in"", ""website"": ""https://www.maccia.org.in""}}"
c316684f-eb8a-4f72-9c52-50d2a62a6146,State/Regional,Trade & Commerce,10000,3000,100000,c39ecac8-9a1f-4ad3-af64-069b9b315926,"{""association_type"": ""State-level"", ""legal_status"": ""Registered Society"", ""overview"": {""about"": ""FKCCI, founded in 1916, is the apex chamber of commerce for Karnataka. It represents the trade and industry interests of the state, facilitates investment, and advocates for industry-friendly policy changes with state and central governments."", ""mission"": """", ""vision"": """", ""sector"": ""Trade & Commerce"", ""objectives"": [], ""key_functions"": []}, ""governance"": {""president"": {""name"": ""R. Ramesh Kumar"", ""company"": """"}, ""vice_presidents"": [], ""secretary_general"": {""name"": """", ""company"": """"}}, ""regional_structure"": {""governance_model"": """", ""headquarters"": ""Bengaluru, Karnataka"", ""chapters"": []}, ""membership_details"": {""overview_metrics"": [{""label"": ""Total Members"", ""value"": ""10000+""}], ""categories"": [], ""requirements"": [], ""application_process"": {}, ""benefits"": [], ""mode_of_application"": """", ""application_url"": """", ""member_login_url"": """"}, ""services_offered"": [], ""programs"": {}, ""events"": {}, ""publications"": {}, ""compliance_policies"": {}, ""partnerships"": {""list"": []}, ""awards"": {""list"": []}, ""transparency"": [], ""digital_presence"": [], ""contact_details"": {""office_address"": ""Bengaluru, Karnataka, India"", ""phone_number"": """", ""email"": ""fkcci@fkcci.in"", ""website"": ""https://www.fkcci.in""}}"
b875a94a-636c-4f8d-baca-9da02fab8114,State/Regional,Trade & Commerce,8000,3000,100000,c39ecac8-9a1f-4ad3-af64-069b9b315926,"{""association_type"": ""State-level"", ""legal_status"": ""Registered Society"", ""overview"": {""about"": ""TNCCI represents the business community of Tamil Nadu. Established in 1911, it is one of the oldest chambers in southern India and works to promote trade, industry, and commerce in the state through advocacy and business development initiatives."", ""mission"": """", ""vision"": """", ""sector"": ""Trade & Commerce"", ""objectives"": [], ""key_functions"": []}, ""governance"": {""president"": {""name"": ""T. Velumani"", ""company"": """"}, ""vice_presidents"": [], ""secretary_general"": {""name"": """", ""company"": """"}}, ""regional_structure"": {""governance_model"": """", ""headquarters"": ""Coimbatore, Tamil Nadu"", ""chapters"": []}, ""membership_details"": {""overview_metrics"": [{""label"": ""Total Members"", ""value"": ""8000+""}], ""categories"": [], ""requirements"": [], ""application_process"": {}, ""benefits"": [], ""mode_of_application"": """", ""application_url"": """", ""member_login_url"": """"}, ""services_offered"": [], ""programs"": {}, ""events"": {}, ""publications"": {}, ""compliance_policies"": {}, ""partnerships"": {""list"": []}, ""awards"": {""list"": []}, ""transparency"": [], ""digital_presence"": [], ""contact_details"": {""office_address"": ""Coimbatore, Tamil Nadu, India"", ""phone_number"": """", ""email"": ""tncci@tncci.com"", ""website"": ""https://www.tncci.com""}}"
eaacbbbd-0609-4fcd-b069-ebe730cf29a1,State/Regional/National,Trade & Commerce,3000,5000,200000,c39ecac8-9a1f-4ad3-af64-069b9b315926,"{""association_type"": ""State-level"", ""legal_status"": ""Registered Society"", ""overview"": {""about"": ""Bengal Chamber of Commerce & Industry, founded in 1853, is the oldest chamber of commerce in Asia. It represents the business community of West Bengal and eastern India, facilitates trade, and provides a platform for industry advocacy and networking."", ""mission"": """", ""vision"": """", ""sector"": ""Trade & Commerce"", ""objectives"": [], ""key_functions"": []}, ""governance"": {""president"": {""name"": ""Sanjay Budhia"", ""company"": """"}, ""vice_presidents"": [], ""secretary_general"": {""name"": """", ""company"": """"}}, ""regional_structure"": {""governance_model"": """", ""headquarters"": ""Kolkata, West Bengal"", ""chapters"": []}, ""membership_details"": {""overview_metrics"": [{""label"": ""Total Members"", ""value"": ""3000+""}], ""categories"": [], ""requirements"": [], ""application_process"": {}, ""benefits"": [], ""mode_of_application"": """", ""application_url"": """", ""member_login_url"": """"}, ""services_offered"": [], ""programs"": {}, ""events"": {}, ""publications"": {}, ""compliance_policies"": {}, ""partnerships"": {""list"": []}, ""awards"": {""list"": []}, ""transparency"": [], ""digital_presence"": [], ""contact_details"": {""office_address"": ""Kolkata, West Bengal, India"", ""phone_number"": """", ""email"": ""bcc@bengalchamber.com"", ""website"": ""https://www.bengalchamber.com""}}"
e060b835-514a-40ad-8bbd-bea191fcb3b1,State/Regional,Trade & Commerce,7000,3000,150000,c39ecac8-9a1f-4ad3-af64-069b9b315926,"{""association_type"": ""State-level"", ""legal_status"": ""Registered Society"", ""overview"": {""about"": ""GCCI, established in 1949, is the premier chamber of commerce for Gujarat. It represents a wide range of industries and commercial establishments in the state and acts as a bridge between industry and government."", ""mission"": """", ""vision"": """", ""sector"": ""Trade & Commerce"", ""objectives"": [], ""key_functions"": []}, ""governance"": {""president"": {""name"": ""Shailesh Patwari"", ""company"": """"}, ""vice_presidents"": [], ""secretary_general"": {""name"": """", ""company"": """"}}, ""regional_structure"": {""governance_model"": """", ""headquarters"": ""Ahmedabad, Gujarat"", ""chapters"": []}, ""membership_details"": {""overview_metrics"": [{""label"": ""Total Members"", ""value"": ""7000+""}], ""categories"": [], ""requirements"": [], ""application_process"": {}, ""benefits"": [], ""mode_of_application"": """", ""application_url"": """", ""member_login_url"": """"}, ""services_offered"": [], ""programs"": {}, ""events"": {}, ""publications"": {}, ""compliance_policies"": {}, ""partnerships"": {""list"": []}, ""awards"": {""list"": []}, ""transparency"": [], ""digital_presence"": [], ""contact_details"": {""office_address"": ""Ahmedabad, Gujarat, India"", ""phone_number"": """", ""email"": ""gcci@gcci.in"", ""website"": ""https://www.gujaratchamber.org""}}"
93ed919f-eabd-4c6d-8338-7c109df5bf2e,State/Regional,Trade & Commerce,4000,3000,100000,c39ecac8-9a1f-4ad3-af64-069b9b315926,"{""association_type"": ""State-level"", ""legal_status"": ""Registered Society"", ""overview"": {""about"": ""KCCI is the apex body representing commerce and industry in Kerala. It works to promote and develop trade, industry, and the economy of the state by liaising with government bodies and providing services to members."", ""mission"": """", ""vision"": """", ""sector"": ""Trade & Commerce"", ""objectives"": [], ""key_functions"": []}, ""governance"": {""president"": {""name"": ""Mohammed Rafeeque Ahmed"", ""company"": """"}, ""vice_presidents"": [], ""secretary_general"": {""name"": """", ""company"": """"}}, ""regional_structure"": {""governance_model"": """", ""headquarters"": ""Kochi, Kerala"", ""chapters"": []}, ""membership_details"": {""overview_metrics"": [{""label"": ""Total Members"", ""value"": ""4000+""}], ""categories"": [], ""requirements"": [], ""application_process"": {}, ""benefits"": [], ""mode_of_application"": """", ""application_url"": """", ""member_login_url"": """"}, ""services_offered"": [], ""programs"": {}, ""events"": {}, ""publications"": {}, ""compliance_policies"": {}, ""partnerships"": {""list"": []}, ""awards"": {""list"": []}, ""transparency"": [], ""digital_presence"": [], ""contact_details"": {""office_address"": ""Kochi, Kerala, India"", ""phone_number"": """", ""email"": ""kcci@keralachamber.com"", ""website"": ""https://www.keralachamber.com""}}"
b87233d2-525f-4c62-843d-9a436a5dacbf,State/Regional,Trade & Commerce,6000,2000,100000,c39ecac8-9a1f-4ad3-af64-069b9b315926,"{""association_type"": ""State-level"", ""legal_status"": ""Registered Society"", ""overview"": {""about"": ""RCCI is the apex chamber of commerce for Rajasthan, established in 1948. It represents trade, industry, and commerce across the state and advocates for policies conducive to Rajasthan's economic development."", ""mission"": """", ""vision"": """", ""sector"": ""Trade & Commerce"", ""objectives"": [], ""key_functions"": []}, ""governance"": {""president"": {""name"": ""Ramavtar Gupta"", ""company"": """"}, ""vice_presidents"": [], ""secretary_general"": {""name"": """", ""company"": """"}}, ""regional_structure"": {""governance_model"": """", ""headquarters"": ""Jaipur, Rajasthan"", ""chapters"": []}, ""membership_details"": {""overview_metrics"": [{""label"": ""Total Members"", ""value"": ""6000+""}], ""categories"": [], ""requirements"": [], ""application_process"": {}, ""benefits"": [], ""mode_of_application"": """", ""application_url"": """", ""member_login_url"": """"}, ""services_offered"": [], ""programs"": {}, ""events"": {}, ""publications"": {}, ""compliance_policies"": {}, ""partnerships"": {""list"": []}, ""awards"": {""list"": []}, ""transparency"": [], ""digital_presence"": [], ""contact_details"": {""office_address"": ""Jaipur, Rajasthan, India"", ""phone_number"": """", ""email"": ""rcci@rcci.in"", ""website"": ""https://www.rcci.org.in""}}"
d98cb950-568f-4caa-b5cd-05959dd564a7,National/Regional,Trade,5000,5000,200000,c39ecac8-9a1f-4ad3-af64-069b9b315926,"{""association_type"": ""State-level"", ""legal_status"": ""Registered Society"", ""overview"": {""about"": ""IMC is one of the premier chambers of commerce in India, founded in 1907. It represents commerce, trade and industry interests primarily in Maharashtra and engages on issues like ease of doing business and economic policy."", ""mission"": """", ""vision"": """", ""sector"": ""Trade"", ""objectives"": [], ""key_functions"": []}, ""governance"": {""president"": {""name"": ""Anant Singhania"", ""company"": """"}, ""vice_presidents"": [], ""secretary_general"": {""name"": """", ""company"": """"}}, ""regional_structure"": {""governance_model"": """", ""headquarters"": ""Mumbai, Maharashtra"", ""chapters"": []}, ""membership_details"": {""overview_metrics"": [{""label"": ""Total Members"", ""value"": ""5000+""}], ""categories"": [], ""requirements"": [], ""application_process"": {}, ""benefits"": [], ""mode_of_application"": """", ""application_url"": """", ""member_login_url"": """"}, ""services_offered"": [], ""programs"": {}, ""events"": {}, ""publications"": {}, ""compliance_policies"": {}, ""partnerships"": {""list"": []}, ""awards"": {""list"": []}, ""transparency"": [], ""digital_presence"": [], ""contact_details"": {""office_address"": ""Mumbai, Maharashtra, India"", ""phone_number"": """", ""email"": ""imc@imcnet.org"", ""website"": ""https://www.imcnet.org""}}"
aecb2fca-3e8e-4e26-a636-ff1927809793,National,Seeds / R&D,30,50000,1000000,985ff825-8855-4dec-9615-6d83578ef2cf,"{""association_type"": ""National"", ""legal_status"": ""Section 8 Company"", ""overview"": {""about"": ""FSII is the national federation for the seed industry in India, representing companies involved in research, development and marketing of seeds. It advocates for science-based seed policies including IPR protection for plant varieties."", ""mission"": """", ""vision"": """", ""sector"": ""Seeds / R&D"", ""objectives"": [], ""key_functions"": []}, ""governance"": {""president"": {""name"": """", ""company"": """"}, ""vice_presidents"": [], ""secretary_general"": {""name"": ""Shivendra Bajaj"", ""company"": """"}}, ""regional_structure"": {""governance_model"": """", ""headquarters"": ""New Delhi, Delhi"", ""chapters"": []}, ""membership_details"": {""overview_metrics"": [{""label"": ""Total Members"", ""value"": ""30+""}], ""categories"": [], ""requirements"": [], ""application_process"": {}, ""benefits"": [], ""mode_of_application"": """", ""application_url"": """", ""member_login_url"": """"}, ""services_offered"": [], ""programs"": {}, ""events"": {}, ""publications"": {}, ""compliance_policies"": {}, ""partnerships"": {""list"": []}, ""awards"": {""list"": []}, ""transparency"": [], ""digital_presence"": [], ""contact_details"": {""office_address"": ""New Delhi, Delhi, India"", ""phone_number"": """", ""email"": ""info@fsii.in"", ""website"": ""https://fsii.in""}}"
c49d382e-1b42-4638-be1e-f338428064fe,National,Agribusiness & Food,300,10000,200000,985ff825-8855-4dec-9615-6d83578ef2cf,"{""association_type"": ""National"", ""legal_status"": ""Section 8 Company"", ""overview"": {""about"": ""AgBIF promotes the interests of agribusiness companies, food processors, and agri-tech startups in India. It focuses on technology adoption in agriculture, food safety standards, and facilitating farm-to-market connections."", ""mission"": """", ""vision"": """", ""sector"": ""Agribusiness & Food"", ""objectives"": [], ""key_functions"": []}, ""governance"": {""president"": {""name"": ""S. K. Patnaik"", ""company"": """"}, ""vice_presidents"": [], ""secretary_general"": {""name"": """", ""company"": """"}}, ""regional_structure"": {""governance_model"": """", ""headquarters"": ""New Delhi, Delhi"", ""chapters"": []}, ""membership_details"": {""overview_metrics"": [{""label"": ""Total Members"", ""value"": ""300+""}], ""categories"": [], ""requirements"": [], ""application_process"": {}, ""benefits"": [], ""mode_of_application"": """", ""application_url"": """", ""member_login_url"": """"}, ""services_offered"": [], ""programs"": {}, ""events"": {}, ""publications"": {}, ""compliance_policies"": {}, ""partnerships"": {""list"": []}, ""awards"": {""list"": []}, ""transparency"": [], ""digital_presence"": [], ""contact_details"": {""office_address"": ""New Delhi, Delhi, India"", ""phone_number"": """", ""email"": ""info@agbif.in"", ""website"": ""https://www.agbif.in""}}"
b439adb9-b74d-4cb5-89bf-b5f0700a5b73,National,Crop Protection,50,100000,2000000,985ff825-8855-4dec-9615-6d83578ef2cf,"{""association_type"": ""National"", ""legal_status"": ""Section 8 Company"", ""overview"": {""about"": ""CropLife India is the industry body of crop protection companies in India. It represents companies that develop, manufacture and market pesticides, herbicides, and other crop protection products, and advocates for science-based regulation."", ""mission"": """", ""vision"": """", ""sector"": ""Crop Protection"", ""objectives"": [], ""key_functions"": []}, ""governance"": {""president"": {""name"": """", ""company"": """"}, ""vice_presidents"": [], ""secretary_general"": {""name"": ""Asitava Sen"", ""company"": """"}}, ""regional_structure"": {""governance_model"": """", ""headquarters"": ""New Delhi, Delhi"", ""chapters"": []}, ""membership_details"": {""overview_metrics"": [{""label"": ""Total Members"", ""value"": ""50+""}], ""categories"": [], ""requirements"": [], ""application_process"": {}, ""benefits"": [], ""mode_of_application"": """", ""application_url"": """", ""member_login_url"": """"}, ""services_offered"": [], ""programs"": {}, ""events"": {}, ""publications"": {}, ""compliance_policies"": {}, ""partnerships"": {""list"": []}, ""awards"": {""list"": []}, ""transparency"": [], ""digital_presence"": [], ""contact_details"": {""office_address"": ""New Delhi, Delhi, India"", ""phone_number"": """", ""email"": ""info@croplifeindia.org"", ""website"": ""https://www.croplifeindia.org""}}"
a24506df-41ce-4fa4-a02c-93f499b681fd,National,Steel Manufacturing,30,200000,5000000,26d2b88d-ddbf-45b7-a016-9379064270a9,"{""association_type"": ""National"", ""legal_status"": ""Section 8 Company"", ""overview"": {""about"": ""ISA represents major integrated and secondary steel producers in India. Founded in 2014, it works to promote the growth of the Indian steel industry and advocates for steel-friendly policies on trade, energy, and infrastructure."", ""mission"": """", ""vision"": """", ""sector"": ""Steel Manufacturing"", ""objectives"": [], ""key_functions"": []}, ""governance"": {""president"": {""name"": """", ""company"": """"}, ""vice_presidents"": [], ""secretary_general"": {""name"": ""Alok Sahay"", ""company"": """"}}, ""regional_structure"": {""governance_model"": """", ""headquarters"": ""New Delhi, Delhi"", ""chapters"": []}, ""membership_details"": {""overview_metrics"": [{""label"": ""Total Members"", ""value"": ""30+""}], ""categories"": [], ""requirements"": [], ""application_process"": {}, ""benefits"": [], ""mode_of_application"": """", ""application_url"": """", ""member_login_url"": """"}, ""services_offered"": [], ""programs"": {}, ""events"": {}, ""publications"": {}, ""compliance_policies"": {}, ""partnerships"": {""list"": []}, ""awards"": {""list"": []}, ""transparency"": [], ""digital_presence"": [], ""contact_details"": {""office_address"": ""New Delhi, Delhi, India"", ""phone_number"": """", ""email"": ""info@indiasteel.org"", ""website"": ""https://www.indiasteel.org""}}"
676ca1d9-93ca-431b-8148-7452be45faa6,National,Metals & Mining,1000,10000,500000,26d2b88d-ddbf-45b7-a016-9379064270a9,"{""association_type"": ""National"", ""legal_status"": ""Registered Society"", ""overview"": {""about"": ""ASSOCHAM Metals Forum provides a platform for companies in the metals, mining, and minerals sector. It facilitates dialogue between industry, government, and global players on policy, technology, and sustainability in metals."", ""mission"": """", ""vision"": """", ""sector"": ""Metals & Mining"", ""objectives"": [], ""key_functions"": []}, ""governance"": {""president"": {""name"": """", ""company"": """"}, ""vice_presidents"": [], ""secretary_general"": {""name"": ""Deepak Sood"", ""company"": """"}}, ""regional_structure"": {""governance_model"": """", ""headquarters"": ""New Delhi, Delhi"", ""chapters"": []}, ""membership_details"": {""overview_metrics"": [{""label"": ""Total Members"", ""value"": ""1000+""}], ""categories"": [], ""requirements"": [], ""application_process"": {}, ""benefits"": [], ""mode_of_application"": """", ""application_url"": """", ""member_login_url"": """"}, ""services_offered"": [], ""programs"": {}, ""events"": {}, ""publications"": {}, ""compliance_policies"": {}, ""partnerships"": {""list"": []}, ""awards"": {""list"": []}, ""transparency"": [], ""digital_presence"": [], ""contact_details"": {""office_address"": ""New Delhi, Delhi, India"", ""phone_number"": """", ""email"": ""assocham@assocham.com"", ""website"": ""https://www.assocham.org""}}"
417dbd67-1e7d-4cee-ac34-13a00ee939e9,National,Minerals & Mining,600,10000,500000,26d2b88d-ddbf-45b7-a016-9379064270a9,"{""association_type"": ""National"", ""legal_status"": ""Registered Society"", ""overview"": {""about"": ""FIMI is the apex body of the mining industry in India, established in 1966. It represents the interests of companies engaged in exploration, mining, and processing of minerals and advocates for a conducive mining policy environment."", ""mission"": """", ""vision"": """", ""sector"": ""Minerals & Mining"", ""objectives"": [], ""key_functions"": []}, ""governance"": {""president"": {""name"": """", ""company"": """"}, ""vice_presidents"": [], ""secretary_general"": {""name"": ""R. K. Sharma"", ""company"": """"}}, ""regional_structure"": {""governance_model"": """", ""headquarters"": ""New Delhi, Delhi"", ""chapters"": []}, ""membership_details"": {""overview_metrics"": [{""label"": ""Total Members"", ""value"": ""600+""}], ""categories"": [], ""requirements"": [], ""application_process"": {}, ""benefits"": [], ""mode_of_application"": """", ""application_url"": """", ""member_login_url"": """"}, ""services_offered"": [], ""programs"": {}, ""events"": {}, ""publications"": {}, ""compliance_policies"": {}, ""partnerships"": {""list"": []}, ""awards"": {""list"": []}, ""transparency"": [], ""digital_presence"": [], ""contact_details"": {""office_address"": ""New Delhi, Delhi, India"", ""phone_number"": """", ""email"": ""fimi@fimiindia.com"", ""website"": ""https://www.fimiindia.com""}}"
6913c04d-3517-4cba-af2d-75cf7969acbe,National,Paper Manufacturing,350,10000,300000,26d2b88d-ddbf-45b7-a016-9379064270a9,"{""association_type"": ""National"", ""legal_status"": ""Registered Society"", ""overview"": {""about"": ""IPMA is the premier organisation of paper manufacturers in India. Established in 1951, it represents major paper mills and works to promote paper industry interests in India, including raw material availability, taxation, and environmental compliance."", ""mission"": """", ""vision"": """", ""sector"": ""Paper Manufacturing"", ""objectives"": [], ""key_functions"": []}, ""governance"": {""president"": {""name"": ""S. K. Todi"", ""company"": """"}, ""vice_presidents"": [], ""secretary_general"": {""name"": """", ""company"": """"}}, ""regional_structure"": {""governance_model"": """", ""headquarters"": ""New Delhi, Delhi"", ""chapters"": []}, ""membership_details"": {""overview_metrics"": [{""label"": ""Total Members"", ""value"": ""350+""}], ""categories"": [], ""requirements"": [], ""application_process"": {}, ""benefits"": [], ""mode_of_application"": """", ""application_url"": """", ""member_login_url"": """"}, ""services_offered"": [], ""programs"": {}, ""events"": {}, ""publications"": {}, ""compliance_policies"": {}, ""partnerships"": {""list"": []}, ""awards"": {""list"": []}, ""transparency"": [], ""digital_presence"": [], ""contact_details"": {""office_address"": ""New Delhi, Delhi, India"", ""phone_number"": """", ""email"": ""ipma@ipma.org.in"", ""website"": ""https://www.ipma.org.in""}}"
34e361e0-4d55-427f-b8c1-36d29ea03e19,National/Global,Energy & Environment Research,1200,10000,500000,00000000-0000-0000-0000-000000000000,"{""association_type"": ""National"", ""legal_status"": ""Registered Society"", ""overview"": {""about"": ""The Energy and Resources Institute (TERI) is a leading think tank and research organisation working in the fields of energy, environment, climate change, and sustainable development. It conducts policy research, capacity building and consultancy."", ""mission"": """", ""vision"": """", ""sector"": ""Energy & Environment Research"", ""objectives"": [], ""key_functions"": []}, ""governance"": {""president"": {""name"": """", ""company"": """"}, ""vice_presidents"": [], ""secretary_general"": {""name"": ""Vibha Dhawan"", ""company"": """"}}, ""regional_structure"": {""governance_model"": """", ""headquarters"": ""New Delhi, Delhi"", ""chapters"": []}, ""membership_details"": {""overview_metrics"": [{""label"": ""Total Members"", ""value"": ""1200+""}], ""categories"": [], ""requirements"": [], ""application_process"": {}, ""benefits"": [], ""mode_of_application"": """", ""application_url"": """", ""member_login_url"": """"}, ""services_offered"": [], ""programs"": {}, ""events"": {}, ""publications"": {}, ""compliance_policies"": {}, ""partnerships"": {""list"": []}, ""awards"": {""list"": []}, ""transparency"": [], ""digital_presence"": [], ""contact_details"": {""office_address"": ""New Delhi, Delhi, India"", ""phone_number"": """", ""email"": ""teri@teri.res.in"", ""website"": ""https://www.teriin.org""}}"
2358b7d0-b2f9-4a43-8eee-8d8f47188b43,National,Private Equity / Venture Capital,250,50000,2000000,4a104cba-ccd3-4f86-b204-2277660117eb,"{""association_type"": ""National"", ""legal_status"": ""Section 8 Company"", ""overview"": {""about"": ""IVCA is the apex body of the private equity and venture capital industry in India. Established in 1992, it promotes the PE/VC industry through policy advocacy, education, and networking, and aims to make India the most preferred investment destination."", ""mission"": """", ""vision"": """", ""sector"": ""Private Equity / Venture Capital"", ""objectives"": [], ""key_functions"": []}, ""governance"": {""president"": {""name"": ""Rajat Tandon"", ""company"": """"}, ""vice_presidents"": [], ""secretary_general"": {""name"": """", ""company"": """"}}, ""regional_structure"": {""governance_model"": """", ""headquarters"": ""New Delhi, Delhi"", ""chapters"": []}, ""membership_details"": {""overview_metrics"": [{""label"": ""Total Members"", ""value"": ""250+""}], ""categories"": [], ""requirements"": [], ""application_process"": {}, ""benefits"": [], ""mode_of_application"": """", ""application_url"": """", ""member_login_url"": """"}, ""services_offered"": [], ""programs"": {}, ""events"": {}, ""publications"": {}, ""compliance_policies"": {}, ""partnerships"": {""list"": []}, ""awards"": {""list"": []}, ""transparency"": [], ""digital_presence"": [], ""contact_details"": {""office_address"": ""New Delhi, Delhi, India"", ""phone_number"": """", ""email"": ""info@ivca.in"", ""website"": ""https://www.ivca.in""}}"
0266c957-02bb-4c93-9323-a49905bcbf08,Global/National,Entrepreneurship,15000,15000,100000,c39ecac8-9a1f-4ad3-af64-069b9b315926,"{""association_type"": ""National"", ""legal_status"": ""Registered Society"", ""overview"": {""about"": ""TiE is a global non-profit organisation focused on the advancement of entrepreneurship. Founded in Silicon Valley in 1992 by Indian-American entrepreneurs, it has 61 chapters worldwide with a strong presence in India, nurturing entrepreneurs through mentorship and networking."", ""mission"": """", ""vision"": """", ""sector"": ""Entrepreneurship"", ""objectives"": [], ""key_functions"": []}, ""governance"": {""president"": {""name"": ""Rajan Anandan"", ""company"": """"}, ""vice_presidents"": [], ""secretary_general"": {""name"": """", ""company"": """"}}, ""regional_structure"": {""governance_model"": """", ""headquarters"": ""New Delhi, Delhi"", ""chapters"": []}, ""membership_details"": {""overview_metrics"": [{""label"": ""Total Members"", ""value"": ""15000+""}], ""categories"": [], ""requirements"": [], ""application_process"": {}, ""benefits"": [], ""mode_of_application"": """", ""application_url"": """", ""member_login_url"": """"}, ""services_offered"": [], ""programs"": {}, ""events"": {}, ""publications"": {}, ""compliance_policies"": {}, ""partnerships"": {""list"": []}, ""awards"": {""list"": []}, ""transparency"": [], ""digital_presence"": [], ""contact_details"": {""office_address"": ""New Delhi, Delhi, India"", ""phone_number"": """", ""email"": ""info@tie.org"", ""website"": ""https://www.tie.org""}}"
8694761c-2a57-4f59-b447-72db57f2672e,National,Furniture Manufacturing,500,5000,100000,26d2b88d-ddbf-45b7-a016-9379064270a9,"{""association_type"": ""National"", ""legal_status"": ""Registered Society"", ""overview"": {""about"": ""IFPMA represents the furniture manufacturing industry in India. It promotes domestic furniture production, advocates for industry-friendly policies, and facilitates participation of Indian furniture companies in global trade events."", ""mission"": """", ""vision"": """", ""sector"": ""Furniture Manufacturing"", ""objectives"": [], ""key_functions"": []}, ""governance"": {""president"": {""name"": ""Ramanath Iyer"", ""company"": """"}, ""vice_presidents"": [], ""secretary_general"": {""name"": """", ""company"": """"}}, ""regional_structure"": {""governance_model"": """", ""headquarters"": ""New Delhi, Delhi"", ""chapters"": []}, ""membership_details"": {""overview_metrics"": [{""label"": ""Total Members"", ""value"": ""500+""}], ""categories"": [], ""requirements"": [], ""application_process"": {}, ""benefits"": [], ""mode_of_application"": """", ""application_url"": """", ""member_login_url"": """"}, ""services_offered"": [], ""programs"": {}, ""events"": {}, ""publications"": {}, ""compliance_policies"": {}, ""partnerships"": {""list"": []}, ""awards"": {""list"": []}, ""transparency"": [], ""digital_presence"": [], ""contact_details"": {""office_address"": ""New Delhi, Delhi, India"", ""phone_number"": """", ""email"": ""ifpma@ifpma.in"", ""website"": ""https://www.ifpma.in""}}"
78e52b42-524d-4b71-b0ad-1150b194059f,National,Dairy,5000,3000,100000,7b332bd1-117a-4b40-92a1-aa8c5267a02b,"{""association_type"": ""National"", ""legal_status"": ""Registered Society"", ""overview"": {""about"": ""IDA is the national apex body of the dairy industry in India. Founded in 1948, it represents dairy farmers, processors, manufacturers, and distributors. It promotes dairy technology, education, and policy advocacy for the sector."", ""mission"": """", ""vision"": """", ""sector"": ""Dairy"", ""objectives"": [], ""key_functions"": []}, ""governance"": {""president"": {""name"": ""R. S. Sodhi"", ""company"": """"}, ""vice_presidents"": [], ""secretary_general"": {""name"": """", ""company"": """"}}, ""regional_structure"": {""governance_model"": """", ""headquarters"": ""New Delhi, Delhi"", ""chapters"": []}, ""membership_details"": {""overview_metrics"": [{""label"": ""Total Members"", ""value"": ""5000+""}], ""categories"": [], ""requirements"": [], ""application_process"": {}, ""benefits"": [], ""mode_of_application"": """", ""application_url"": """", ""member_login_url"": """"}, ""services_offered"": [], ""programs"": {}, ""events"": {}, ""publications"": {}, ""compliance_policies"": {}, ""partnerships"": {""list"": []}, ""awards"": {""list"": []}, ""transparency"": [], ""digital_presence"": [], ""contact_details"": {""office_address"": ""New Delhi, Delhi, India"", ""phone_number"": """", ""email"": ""ida@idaindia.net"", ""website"": ""https://www.idaindia.net""}}"
e65b2a66-6406-4c3d-a2ae-a74ac7405a89,National,Printing,10000,2000,50000,26d2b88d-ddbf-45b7-a016-9379064270a9,"{""association_type"": ""National"", ""legal_status"": ""Registered Society"", ""overview"": {""about"": ""AIFMP is the apex body of the printing industry in India, founded in 1958. It represents printing firms across the country and works to advance the printing and graphic arts industry through policy advocacy, training, and exhibitions."", ""mission"": """", ""vision"": """", ""sector"": ""Printing"", ""objectives"": [], ""key_functions"": []}, ""governance"": {""president"": {""name"": ""Sandeep Khurana"", ""company"": """"}, ""vice_presidents"": [], ""secretary_general"": {""name"": """", ""company"": """"}}, ""regional_structure"": {""governance_model"": """", ""headquarters"": ""New Delhi, Delhi"", ""chapters"": []}, ""membership_details"": {""overview_metrics"": [{""label"": ""Total Members"", ""value"": ""10000+""}], ""categories"": [], ""requirements"": [], ""application_process"": {}, ""benefits"": [], ""mode_of_application"": """", ""application_url"": """", ""member_login_url"": """"}, ""services_offered"": [], ""programs"": {}, ""events"": {}, ""publications"": {}, ""compliance_policies"": {}, ""partnerships"": {""list"": []}, ""awards"": {""list"": []}, ""transparency"": [], ""digital_presence"": [], ""contact_details"": {""office_address"": ""New Delhi, Delhi, India"", ""phone_number"": """", ""email"": ""aifmp@aifmp.in"", ""website"": ""https://www.aifmp.in""}}"
9426f07b-7a6e-4284-995d-c86c6894e5c9,National,Fire & Security Systems,600,10000,150000,c39ecac8-9a1f-4ad3-af64-069b9b315926,"{""association_type"": ""National"", ""legal_status"": ""Section 8 Company"", ""overview"": {""about"": ""FSAI is the national body representing the fire detection, suppression, and security industry in India. It works to promote fire safety awareness, standardise products, and engages with Bureau of Indian Standards on fire safety norms."", ""mission"": """", ""vision"": """", ""sector"": ""Fire & Security Systems"", ""objectives"": [], ""key_functions"": []}, ""governance"": {""president"": {""name"": ""Jayant Patankar"", ""company"": """"}, ""vice_presidents"": [], ""secretary_general"": {""name"": """", ""company"": """"}}, ""regional_structure"": {""governance_model"": """", ""headquarters"": ""Mumbai, Maharashtra"", ""chapters"": []}, ""membership_details"": {""overview_metrics"": [{""label"": ""Total Members"", ""value"": ""600+""}], ""categories"": [], ""requirements"": [], ""application_process"": {}, ""benefits"": [], ""mode_of_application"": """", ""application_url"": """", ""member_login_url"": """"}, ""services_offered"": [], ""programs"": {}, ""events"": {}, ""publications"": {}, ""compliance_policies"": {}, ""partnerships"": {""list"": []}, ""awards"": {""list"": []}, ""transparency"": [], ""digital_presence"": [], ""contact_details"": {""office_address"": ""Mumbai, Maharashtra, India"", ""phone_number"": """", ""email"": ""info@fsai.in"", ""website"": ""https://www.fsai.in""}}"
be6e5e3b-e6bb-4ca8-b94e-70245440ba83,National,Leather Exports,2500,3000,50000,3b1b6be7-d616-4c46-a470-2a2fc1d16691,"{""association_type"": ""National"", ""legal_status"": ""Registered Society"", ""overview"": {""about"": ""Council for Leather Exports is the apex export promotion body for the leather sector in India, established in 1984. It promotes exports of leather, leather goods, and footwear, and assists member exporters with market access and trade facilitation."", ""mission"": """", ""vision"": """", ""sector"": ""Leather Exports"", ""objectives"": [], ""key_functions"": []}, ""governance"": {""president"": {""name"": """", ""company"": """"}, ""vice_presidents"": [], ""secretary_general"": {""name"": """", ""company"": """"}}, ""regional_structure"": {""governance_model"": """", ""headquarters"": ""Chennai, Tamil Nadu"", ""chapters"": []}, ""membership_details"": {""overview_metrics"": [{""label"": ""Total Members"", ""value"": ""2500+""}], ""categories"": [], ""requirements"": [], ""application_process"": {}, ""benefits"": [], ""mode_of_application"": """", ""application_url"": """", ""member_login_url"": """"}, ""services_offered"": [], ""programs"": {}, ""events"": {}, ""publications"": {}, ""compliance_policies"": {}, ""partnerships"": {""list"": []}, ""awards"": {""list"": []}, ""transparency"": [], ""digital_presence"": [], ""contact_details"": {""office_address"": ""Chennai, Tamil Nadu, India"", ""phone_number"": """", ""email"": ""clehq@cleindia.com"", ""website"": ""https://www.leatherindia.org""}}"
0847eda9-813f-41e7-afac-1c4cea6bb68b,National,Footwear Manufacturing,3000,2000,50000,3b1b6be7-d616-4c46-a470-2a2fc1d16691,"{""association_type"": ""National"", ""legal_status"": ""Registered Society"", ""overview"": {""about"": ""AIFMRA represents footwear manufacturers and retailers in India. It supports the domestic footwear industry through policy advocacy, organises trade fairs, and facilitates technology upgradation for small footwear manufacturers."", ""mission"": """", ""vision"": """", ""sector"": ""Footwear Manufacturing"", ""objectives"": [], ""key_functions"": []}, ""governance"": {""president"": {""name"": ""P. K. Updhyay"", ""company"": """"}, ""vice_presidents"": [], ""secretary_general"": {""name"": """", ""company"": """"}}, ""regional_structure"": {""governance_model"": """", ""headquarters"": ""Agra, Uttar Pradesh"", ""chapters"": []}, ""membership_details"": {""overview_metrics"": [{""label"": ""Total Members"", ""value"": ""3000+""}], ""categories"": [], ""requirements"": [], ""application_process"": {}, ""benefits"": [], ""mode_of_application"": """", ""application_url"": """", ""member_login_url"": """"}, ""services_offered"": [], ""programs"": {}, ""events"": {}, ""publications"": {}, ""compliance_policies"": {}, ""partnerships"": {""list"": []}, ""awards"": {""list"": []}, ""transparency"": [], ""digital_presence"": [], ""contact_details"": {""office_address"": ""Agra, Uttar Pradesh, India"", ""phone_number"": """", ""email"": ""aifmra@aifmra.com"", ""website"": ""https://www.aifmra.com""}}"
057ca7bb-6c64-4fd9-baf2-8f51de955807,National,Rubber Manufacturing,3000,3000,100000,26d2b88d-ddbf-45b7-a016-9379064270a9,"{""association_type"": ""National"", ""legal_status"": ""Registered Society"", ""overview"": {""about"": ""AIRIA is the apex body of the rubber industry in India, founded in 1941. It represents rubber product manufacturers, processes, and traders, and works to promote the growth of the rubber sector in India."", ""mission"": """", ""vision"": """", ""sector"": ""Rubber Manufacturing"", ""objectives"": [], ""key_functions"": []}, ""governance"": {""president"": {""name"": ""P. J. Mathew"", ""company"": """"}, ""vice_presidents"": [], ""secretary_general"": {""name"": """", ""company"": """"}}, ""regional_structure"": {""governance_model"": """", ""headquarters"": ""Mumbai, Maharashtra"", ""chapters"": []}, ""membership_details"": {""overview_metrics"": [{""label"": ""Total Members"", ""value"": ""3000+""}], ""categories"": [], ""requirements"": [], ""application_process"": {}, ""benefits"": [], ""mode_of_application"": """", ""application_url"": """", ""member_login_url"": """"}, ""services_offered"": [], ""programs"": {}, ""events"": {}, ""publications"": {}, ""compliance_policies"": {}, ""partnerships"": {""list"": []}, ""awards"": {""list"": []}, ""transparency"": [], ""digital_presence"": [], ""contact_details"": {""office_address"": ""Mumbai, Maharashtra, India"", ""phone_number"": """", ""email"": ""airia@rubberindia.com"", ""website"": ""https://www.rubberindia.com""}}"
d3e7deda-6f23-4a5b-8d0b-09071e5fc393,National,Architecture,130000,5000,10000,1a821422-d8eb-484f-a280-8af8f6b79144,"{""association_type"": ""National"", ""legal_status"": ""Statutory Body"", ""overview"": {""about"": ""The Council of Architecture is a statutory body constituted under the Architects Act, 1972. It regulates the education and practice of the profession of Architecture in India and maintains the Register of Architects."", ""mission"": """", ""vision"": """", ""sector"": ""Architecture"", ""objectives"": [], ""key_functions"": []}, ""governance"": {""president"": {""name"": ""Habeeb Khan"", ""company"": """"}, ""vice_presidents"": [], ""secretary_general"": {""name"": """", ""company"": """"}}, ""regional_structure"": {""governance_model"": """", ""headquarters"": ""New Delhi, Delhi"", ""chapters"": []}, ""membership_details"": {""overview_metrics"": [{""label"": ""Total Members"", ""value"": ""130000+""}], ""categories"": [], ""requirements"": [], ""application_process"": {}, ""benefits"": [], ""mode_of_application"": """", ""application_url"": """", ""member_login_url"": """"}, ""services_offered"": [], ""programs"": {}, ""events"": {}, ""publications"": {}, ""compliance_policies"": {}, ""partnerships"": {""list"": []}, ""awards"": {""list"": []}, ""transparency"": [], ""digital_presence"": [], ""contact_details"": {""office_address"": ""New Delhi, Delhi, India"", ""phone_number"": """", ""email"": ""coa@coaindia.in"", ""website"": ""https://www.coa.gov.in""}}"
a0862312-56dd-4c18-9f5b-d05d0726e1f6,National,Accounting & Finance,350000,3000,30000,c39ecac8-9a1f-4ad3-af64-069b9b315926,"{""association_type"": ""National"", ""legal_status"": ""Statutory Body"", ""overview"": {""about"": ""ICAI is the national professional accounting body of India. Established in 1949 by an Act of Parliament, it regulates the profession of chartered accountants in India and has over 3.5 lakh members and 8 lakh students."", ""mission"": """", ""vision"": """", ""sector"": ""Accounting & Finance"", ""objectives"": [], ""key_functions"": []}, ""governance"": {""president"": {""name"": ""Ranjeet Kumar Agarwal"", ""company"": """"}, ""vice_presidents"": [], ""secretary_general"": {""name"": """", ""company"": """"}}, ""regional_structure"": {""governance_model"": """", ""headquarters"": ""New Delhi, Delhi"", ""chapters"": []}, ""membership_details"": {""overview_metrics"": [{""label"": ""Total Members"", ""value"": ""350000+""}], ""categories"": [], ""requirements"": [], ""application_process"": {}, ""benefits"": [], ""mode_of_application"": """", ""application_url"": """", ""member_login_url"": """"}, ""services_offered"": [], ""programs"": {}, ""events"": {}, ""publications"": {}, ""compliance_policies"": {}, ""partnerships"": {""list"": []}, ""awards"": {""list"": []}, ""transparency"": [], ""digital_presence"": [], ""contact_details"": {""office_address"": ""New Delhi, Delhi, India"", ""phone_number"": """", ""email"": ""icai@icai.org"", ""website"": ""https://www.icai.org""}}"
1b596351-195d-42af-8d53-b9b90e57de4b,National,Cost Accounting,90000,2000,20000,c39ecac8-9a1f-4ad3-af64-069b9b315926,"{""association_type"": ""National"", ""legal_status"": ""Statutory Body"", ""overview"": {""about"": ""ICMAI, formerly the Institute of Cost and Works Accountants of India (ICWAI), is a statutory body established in 1959. It regulates the profession of cost and management accountants and promotes excellence in management accounting."", ""mission"": """", ""vision"": """", ""sector"": ""Cost Accounting"", ""objectives"": [], ""key_functions"": []}, ""governance"": {""president"": {""name"": ""Biswarup Basu"", ""company"": """"}, ""vice_presidents"": [], ""secretary_general"": {""name"": """", ""company"": """"}}, ""regional_structure"": {""governance_model"": """", ""headquarters"": ""Kolkata, West Bengal"", ""chapters"": []}, ""membership_details"": {""overview_metrics"": [{""label"": ""Total Members"", ""value"": ""90000+""}], ""categories"": [], ""requirements"": [], ""application_process"": {}, ""benefits"": [], ""mode_of_application"": """", ""application_url"": """", ""member_login_url"": """"}, ""services_offered"": [], ""programs"": {}, ""events"": {}, ""publications"": {}, ""compliance_policies"": {}, ""partnerships"": {""list"": []}, ""awards"": {""list"": []}, ""transparency"": [], ""digital_presence"": [], ""contact_details"": {""office_address"": ""Kolkata, West Bengal, India"", ""phone_number"": """", ""email"": ""icmai@icmai.in"", ""website"": ""https://www.icmai.in""}}"
8e96d5d2-8bc4-4f05-9da6-d8d7e4f7961f,National,Company Secretaries,65000,2000,20000,c39ecac8-9a1f-4ad3-af64-069b9b315926,"{""association_type"": ""National"", ""legal_status"": ""Statutory Body"", ""overview"": {""about"": ""ICSI is a statutory body constituted under the Company Secretaries Act, 1980. It regulates and develops the profession of company secretaries in India and has over 65,000 members and 2 lakh students enrolled."", ""mission"": """", ""vision"": """", ""sector"": ""Company Secretaries"", ""objectives"": [], ""key_functions"": []}, ""governance"": {""president"": {""name"": ""Manish Gupta"", ""company"": """"}, ""vice_presidents"": [], ""secretary_general"": {""name"": """", ""company"": """"}}, ""regional_structure"": {""governance_model"": """", ""headquarters"": ""New Delhi, Delhi"", ""chapters"": []}, ""membership_details"": {""overview_metrics"": [{""label"": ""Total Members"", ""value"": ""65000+""}], ""categories"": [], ""requirements"": [], ""application_process"": {}, ""benefits"": [], ""mode_of_application"": """", ""application_url"": """", ""member_login_url"": """"}, ""services_offered"": [], ""programs"": {}, ""events"": {}, ""publications"": {}, ""compliance_policies"": {}, ""partnerships"": {""list"": []}, ""awards"": {""list"": []}, ""transparency"": [], ""digital_presence"": [], ""contact_details"": {""office_address"": ""New Delhi, Delhi, India"", ""phone_number"": """", ""email"": ""icsi@icsi.edu"", ""website"": ""https://www.icsi.edu""}}"
413c5df2-4c5d-4b98-9685-5dec7e509819,National,Shipping,50,100000,5000000,26d2b88d-ddbf-45b7-a016-9379064270a9,"{""association_type"": ""National"", ""legal_status"": ""Registered Society"", ""overview"": {""about"": ""INSA is the apex body of Indian ship-owning and ship-operating companies. Established in 1929, it promotes the Indian shipping industry, advocates for the interests of ship owners before government, and represents India in international maritime bodies."", ""mission"": """", ""vision"": """", ""sector"": ""Shipping"", ""objectives"": [], ""key_functions"": []}, ""governance"": {""president"": {""name"": """", ""company"": """"}, ""vice_presidents"": [], ""secretary_general"": {""name"": ""Anil Devli"", ""company"": """"}}, ""regional_structure"": {""governance_model"": """", ""headquarters"": ""Mumbai, Maharashtra"", ""chapters"": []}, ""membership_details"": {""overview_metrics"": [{""label"": ""Total Members"", ""value"": ""50+""}], ""categories"": [], ""requirements"": [], ""application_process"": {}, ""benefits"": [], ""mode_of_application"": """", ""application_url"": """", ""member_login_url"": """"}, ""services_offered"": [], ""programs"": {}, ""events"": {}, ""publications"": {}, ""compliance_policies"": {}, ""partnerships"": {""list"": []}, ""awards"": {""list"": []}, ""transparency"": [], ""digital_presence"": [], ""contact_details"": {""office_address"": ""Mumbai, Maharashtra, India"", ""phone_number"": """", ""email"": ""insa@insaindia.net"", ""website"": ""https://www.insaindia.net""}}"
6224b9e5-fd51-4f1f-922a-9a86058ed148,National,Carpet Exports,1800,3000,50000,3b1b6be7-d616-4c46-a470-2a2fc1d16691,"{""association_type"": ""National"", ""legal_status"": ""Registered Society"", ""overview"": {""about"": ""CEPC, established in 1982, is the nodal body for promotion of carpet exports from India. It assists manufacturers and exporters of hand-knotted, handloom, tufted, and machine-made carpets in building global markets."", ""mission"": """", ""vision"": """", ""sector"": ""Carpet Exports"", ""objectives"": [], ""key_functions"": []}, ""governance"": {""president"": {""name"": """", ""company"": """"}, ""vice_presidents"": [], ""secretary_general"": {""name"": """", ""company"": """"}}, ""regional_structure"": {""governance_model"": """", ""headquarters"": ""Bhadohi, Uttar Pradesh"", ""chapters"": []}, ""membership_details"": {""overview_metrics"": [{""label"": ""Total Members"", ""value"": ""1800+""}], ""categories"": [], ""requirements"": [], ""application_process"": {}, ""benefits"": [], ""mode_of_application"": """", ""application_url"": """", ""member_login_url"": """"}, ""services_offered"": [], ""programs"": {}, ""events"": {}, ""publications"": {}, ""compliance_policies"": {}, ""partnerships"": {""list"": []}, ""awards"": {""list"": []}, ""transparency"": [], ""digital_presence"": [], ""contact_details"": {""office_address"": ""Bhadohi, Uttar Pradesh, India"", ""phone_number"": """", ""email"": ""cepc@carpetindia.com"", ""website"": ""https://www.carpetindia.com""}}"
25890fff-27b2-4244-981c-89ffd64348dc,National,Handloom Exports,3000,2000,30000,3b1b6be7-d616-4c46-a470-2a2fc1d16691,"{""association_type"": ""National"", ""legal_status"": ""Registered Society"", ""overview"": {""about"": ""HEPC is a government-backed body for the promotion of exports of handloom products. It assists handloom manufacturers and exporters of India to explore and develop overseas markets for handloom fabrics and made-ups."", ""mission"": """", ""vision"": """", ""sector"": ""Handloom Exports"", ""objectives"": [], ""key_functions"": []}, ""governance"": {""president"": {""name"": """", ""company"": """"}, ""vice_presidents"": [], ""secretary_general"": {""name"": """", ""company"": """"}}, ""regional_structure"": {""governance_model"": """", ""headquarters"": ""Chennai, Tamil Nadu"", ""chapters"": []}, ""membership_details"": {""overview_metrics"": [{""label"": ""Total Members"", ""value"": ""3000+""}], ""categories"": [], ""requirements"": [], ""application_process"": {}, ""benefits"": [], ""mode_of_application"": """", ""application_url"": """", ""member_login_url"": """"}, ""services_offered"": [], ""programs"": {}, ""events"": {}, ""publications"": {}, ""compliance_policies"": {}, ""partnerships"": {""list"": []}, ""awards"": {""list"": []}, ""transparency"": [], ""digital_presence"": [], ""contact_details"": {""office_address"": ""Chennai, Tamil Nadu, India"", ""phone_number"": """", ""email"": ""hepc@hepc.org"", ""website"": ""https://www.hepc.org""}}"
c038e3d2-e00c-4270-a3fc-93cb9393b4fe,National,Software Products,5000,0,100000,64fd1516-f032-4630-8a79-e347851f2e18,"{""association_type"": ""National"", ""legal_status"": ""Section 8 Company"", ""overview"": {""about"": ""iSPIRT is a think tank and volunteer organisation for software product companies in India. Founded by software industry veterans, it focuses on policy advocacy, market development, and playbooks for product entrepreneurs, and also drives initiatives like India Stack."", ""mission"": """", ""vision"": """", ""sector"": ""Software Products"", ""objectives"": [], ""key_functions"": []}, ""governance"": {""president"": {""name"": """", ""company"": """"}, ""vice_presidents"": [], ""secretary_general"": {""name"": """", ""company"": """"}}, ""regional_structure"": {""governance_model"": """", ""headquarters"": ""Bengaluru, Karnataka"", ""chapters"": []}, ""membership_details"": {""overview_metrics"": [{""label"": ""Total Members"", ""value"": ""5000+""}], ""categories"": [], ""requirements"": [], ""application_process"": {}, ""benefits"": [], ""mode_of_application"": """", ""application_url"": """", ""member_login_url"": """"}, ""services_offered"": [], ""programs"": {}, ""events"": {}, ""publications"": {}, ""compliance_policies"": {}, ""partnerships"": {""list"": []}, ""awards"": {""list"": []}, ""transparency"": [], ""digital_presence"": [], ""contact_details"": {""office_address"": ""Bengaluru, Karnataka, India"", ""phone_number"": """", ""email"": ""info@ispirt.in"", ""website"": ""https://ispirt.in""}}"
a6d64c2e-b571-4c71-ab00-6acd173191d7,National,Electronics & Semiconductor,400,25000,500000,64fd1516-f032-4630-8a79-e347851f2e18,"{""association_type"": ""National"", ""legal_status"": ""Section 8 Company"", ""overview"": {""about"": ""IESA is the apex body of the electronics and semiconductor ecosystem in India. It promotes design, innovation, and manufacturing in electronics and works closely with the Ministry of Electronics and IT on industry development initiatives."", ""mission"": """", ""vision"": """", ""sector"": ""Electronics & Semiconductor"", ""objectives"": [], ""key_functions"": []}, ""governance"": {""president"": {""name"": ""Sandeep Aurora"", ""company"": """"}, ""vice_presidents"": [], ""secretary_general"": {""name"": """", ""company"": """"}}, ""regional_structure"": {""governance_model"": """", ""headquarters"": ""Bengaluru, Karnataka"", ""chapters"": []}, ""membership_details"": {""overview_metrics"": [{""label"": ""Total Members"", ""value"": ""400+""}], ""categories"": [], ""requirements"": [], ""application_process"": {}, ""benefits"": [], ""mode_of_application"": """", ""application_url"": """", ""member_login_url"": """"}, ""services_offered"": [], ""programs"": {}, ""events"": {}, ""publications"": {}, ""compliance_policies"": {}, ""partnerships"": {""list"": []}, ""awards"": {""list"": []}, ""transparency"": [], ""digital_presence"": [], ""contact_details"": {""office_address"": ""Bengaluru, Karnataka, India"", ""phone_number"": """", ""email"": ""contact@iesaonline.org"", ""website"": ""https://www.iesaonline.org""}}"
7e1694ca-c969-4a7f-8bba-936154f736b9,National,Sugar Manufacturing,350,50000,1000000,7b332bd1-117a-4b40-92a1-aa8c5267a02b,"{""association_type"": ""National"", ""legal_status"": ""Registered Society"", ""overview"": {""about"": ""ISMA is the apex body of the Indian sugar industry, established in 1932. It represents large sugar mills across the country and works with the government on sugar pricing, export subsidies, ethanol policy, and sugarcane-related matters."", ""mission"": """", ""vision"": """", ""sector"": ""Sugar Manufacturing"", ""objectives"": [], ""key_functions"": []}, ""governance"": {""president"": {""name"": ""Aditya Jhunjhunwala"", ""company"": """"}, ""vice_presidents"": [], ""secretary_general"": {""name"": """", ""company"": """"}}, ""regional_structure"": {""governance_model"": """", ""headquarters"": ""New Delhi, Delhi"", ""chapters"": []}, ""membership_details"": {""overview_metrics"": [{""label"": ""Total Members"", ""value"": ""350+""}], ""categories"": [], ""requirements"": [], ""application_process"": {}, ""benefits"": [], ""mode_of_application"": """", ""application_url"": """", ""member_login_url"": """"}, ""services_offered"": [], ""programs"": {}, ""events"": {}, ""publications"": {}, ""compliance_policies"": {}, ""partnerships"": {""list"": []}, ""awards"": {""list"": []}, ""transparency"": [], ""digital_presence"": [], ""contact_details"": {""office_address"": ""New Delhi, Delhi, India"", ""phone_number"": """", ""email"": ""isma@indiansugar.com"", ""website"": ""https://www.indiansugar.com""}}"
d5358dba-3c3c-4688-a378-f6af6c24fd1d,National,Logistics Skill Development,500,10000,200000,f5fe36f6-02ef-4ca5-b884-30d22b5402cf,"{""association_type"": ""National"", ""legal_status"": ""Section 8 Company"", ""overview"": {""about"": ""LSSC is the sector skill council for logistics in India, set up under the National Skill Development Corporation. It develops occupational standards and qualification packs for logistics jobs and promotes skilling of the logistics workforce."", ""mission"": """", ""vision"": """", ""sector"": ""Logistics Skill Development"", ""objectives"": [], ""key_functions"": []}, ""governance"": {""president"": {""name"": """", ""company"": """"}, ""vice_presidents"": [], ""secretary_general"": {""name"": ""Subhas Barman"", ""company"": """"}}, ""regional_structure"": {""governance_model"": """", ""headquarters"": ""New Delhi, Delhi"", ""chapters"": []}, ""membership_details"": {""overview_metrics"": [{""label"": ""Total Members"", ""value"": ""500+""}], ""categories"": [], ""requirements"": [], ""application_process"": {}, ""benefits"": [], ""mode_of_application"": """", ""application_url"": """", ""member_login_url"": """"}, ""services_offered"": [], ""programs"": {}, ""events"": {}, ""publications"": {}, ""compliance_policies"": {}, ""partnerships"": {""list"": []}, ""awards"": {""list"": []}, ""transparency"": [], ""digital_presence"": [], ""contact_details"": {""office_address"": ""New Delhi, Delhi, India"", ""phone_number"": """", ""email"": ""ceo@lssc.org.in"", ""website"": ""https://www.lssc.org.in""}}"
aee63107-b16e-4d8f-afdf-919dc10c301c,National,General Insurance,26,500000,10000000,4a104cba-ccd3-4f86-b204-2277660117eb,"{""association_type"": ""National"", ""legal_status"": ""Statutory Body"", ""overview"": {""about"": ""The General Insurance Council represents the non-life or general insurance companies in India. Constituted under the Insurance Act, 1938, it aims at promoting the spread of general insurance and looks after common industry interests."", ""mission"": """", ""vision"": """", ""sector"": ""General Insurance"", ""objectives"": [], ""key_functions"": []}, ""governance"": {""president"": {""name"": """", ""company"": """"}, ""vice_presidents"": [], ""secretary_general"": {""name"": ""M N Sarma"", ""company"": """"}}, ""regional_structure"": {""governance_model"": """", ""headquarters"": ""Mumbai, Maharashtra"", ""chapters"": []}, ""membership_details"": {""overview_metrics"": [{""label"": ""Total Members"", ""value"": ""26+""}], ""categories"": [], ""requirements"": [], ""application_process"": {}, ""benefits"": [], ""mode_of_application"": """", ""application_url"": """", ""member_login_url"": """"}, ""services_offered"": [], ""programs"": {}, ""events"": {}, ""publications"": {}, ""compliance_policies"": {}, ""partnerships"": {""list"": []}, ""awards"": {""list"": []}, ""transparency"": [], ""digital_presence"": [], ""contact_details"": {""office_address"": ""Mumbai, Maharashtra, India"", ""phone_number"": """", ""email"": ""gic@gicouncil.in"", ""website"": ""https://www.gicouncil.in""}}"
9b461d50-3251-47b3-b5dc-d702a67d84ae,National,Public Health,5000,1000,10000,f26791cd-9656-452d-8326-9b9296125906,"{""association_type"": ""National"", ""legal_status"": ""Registered Society"", ""overview"": {""about"": ""IPHA, established in 1956, is the national body of public health professionals in India. It promotes the science and practice of public health through conferences, publications, and training programmes, and advises on public health policy."", ""mission"": """", ""vision"": """", ""sector"": ""Public Health"", ""objectives"": [], ""key_functions"": []}, ""governance"": {""president"": {""name"": ""B. Sesikeran"", ""company"": """"}, ""vice_presidents"": [], ""secretary_general"": {""name"": """", ""company"": """"}}, ""regional_structure"": {""governance_model"": """", ""headquarters"": ""New Delhi, Delhi"", ""chapters"": []}, ""membership_details"": {""overview_metrics"": [{""label"": ""Total Members"", ""value"": ""5000+""}], ""categories"": [], ""requirements"": [], ""application_process"": {}, ""benefits"": [], ""mode_of_application"": """", ""application_url"": """", ""member_login_url"": """"}, ""services_offered"": [], ""programs"": {}, ""events"": {}, ""publications"": {}, ""compliance_policies"": {}, ""partnerships"": {""list"": []}, ""awards"": {""list"": []}, ""transparency"": [], ""digital_presence"": [], ""contact_details"": {""office_address"": ""New Delhi, Delhi, India"", ""phone_number"": """", ""email"": ""iphadelhi@gmail.com"", ""website"": ""https://www.iphaonline.org""}}"
a09e1bdc-5987-4a05-a8b5-9db24b512f79,National,Cybersecurity Intelligence,150,50000,500000,64fd1516-f032-4630-8a79-e347851f2e18,"{""association_type"": ""National"", ""legal_status"": ""Section 8 Company"", ""overview"": {""about"": ""ISAC India facilitates sharing of cybersecurity threat intelligence among financial and other critical sector organisations in India. It works closely with CERT-In and the National Critical Information Infrastructure Protection Centre."", ""mission"": """", ""vision"": """", ""sector"": ""Cybersecurity Intelligence"", ""objectives"": [], ""key_functions"": []}, ""governance"": {""president"": {""name"": """", ""company"": """"}, ""vice_presidents"": [], ""secretary_general"": {""name"": """", ""company"": """"}}, ""regional_structure"": {""governance_model"": """", ""headquarters"": ""Mumbai, Maharashtra"", ""chapters"": []}, ""membership_details"": {""overview_metrics"": [{""label"": ""Total Members"", ""value"": ""150+""}], ""categories"": [], ""requirements"": [], ""application_process"": {}, ""benefits"": [], ""mode_of_application"": """", ""application_url"": """", ""member_login_url"": """"}, ""services_offered"": [], ""programs"": {}, ""events"": {}, ""publications"": {}, ""compliance_policies"": {}, ""partnerships"": {""list"": []}, ""awards"": {""list"": []}, ""transparency"": [], ""digital_presence"": [], ""contact_details"": {""office_address"": ""Mumbai, Maharashtra, India"", ""phone_number"": """", ""email"": ""info@isac.io"", ""website"": ""https://www.isac.io""}}"
41bf32fb-aa8e-495a-8023-7af2fbb5c2b1,National,Life Sciences / Biotech,400,25000,500000,f26791cd-9656-452d-8326-9b9296125906,"{""association_type"": ""National"", ""legal_status"": ""Section 8 Company"", ""overview"": {""about"": ""ABLE is the industry body for companies in the biotechnology sector in India. It represents biotech startups, mid-sized companies, and large enterprises working in health biotech, agri-biotech, and industrial biotech."", ""mission"": """", ""vision"": """", ""sector"": ""Life Sciences / Biotech"", ""objectives"": [], ""key_functions"": []}, ""governance"": {""president"": {""name"": ""K. Anand Kumar"", ""company"": """"}, ""vice_presidents"": [], ""secretary_general"": {""name"": """", ""company"": """"}}, ""regional_structure"": {""governance_model"": """", ""headquarters"": ""Bengaluru, Karnataka"", ""chapters"": []}, ""membership_details"": {""overview_metrics"": [{""label"": ""Total Members"", ""value"": ""400+""}], ""categories"": [], ""requirements"": [], ""application_process"": {}, ""benefits"": [], ""mode_of_application"": """", ""application_url"": """", ""member_login_url"": """"}, ""services_offered"": [], ""programs"": {}, ""events"": {}, ""publications"": {}, ""compliance_policies"": {}, ""partnerships"": {""list"": []}, ""awards"": {""list"": []}, ""transparency"": [], ""digital_presence"": [], ""contact_details"": {""office_address"": ""Bengaluru, Karnataka, India"", ""phone_number"": """", ""email"": ""able@ableindia.org"", ""website"": ""https://www.ableindia.org""}}"
572a4103-8ef6-410b-bb6b-4f96a9ca75c3,National,Defence Manufacturing,550,25000,1000000,26d2b88d-ddbf-45b7-a016-9379064270a9,"{""association_type"": ""National"", ""legal_status"": ""Section 8 Company"", ""overview"": {""about"": ""SIDM is the industry body for the Indian defence manufacturing sector, set up under the aegis of CII. It promotes the indigenisation of defence equipment and represents the private sector defence industry before the Ministry of Defence."", ""mission"": """", ""vision"": """", ""sector"": ""Defence Manufacturing"", ""objectives"": [], ""key_functions"": []}, ""governance"": {""president"": {""name"": ""S. P. Shukla"", ""company"": """"}, ""vice_presidents"": [], ""secretary_general"": {""name"": """", ""company"": """"}}, ""regional_structure"": {""governance_model"": """", ""headquarters"": ""New Delhi, Delhi"", ""chapters"": []}, ""membership_details"": {""overview_metrics"": [{""label"": ""Total Members"", ""value"": ""550+""}], ""categories"": [], ""requirements"": [], ""application_process"": {}, ""benefits"": [], ""mode_of_application"": """", ""application_url"": """", ""member_login_url"": """"}, ""services_offered"": [], ""programs"": {}, ""events"": {}, ""publications"": {}, ""compliance_policies"": {}, ""partnerships"": {""list"": []}, ""awards"": {""list"": []}, ""transparency"": [], ""digital_presence"": [], ""contact_details"": {""office_address"": ""New Delhi, Delhi, India"", ""phone_number"": """", ""email"": ""sidm@siamindia.com"", ""website"": ""https://www.sidm.in""}}"
c0ac0337-600b-4eac-b170-5b606faa4aad,National,Space & Satellite,60,100000,2000000,64fd1516-f032-4630-8a79-e347851f2e18,"{""association_type"": ""National"", ""legal_status"": ""Section 8 Company"", ""overview"": {""about"": ""ISpA is the premier industry association of space and satellite companies in India. Launched in 2021, it represents major private space companies and advocates for a progressive space policy to enable India's private space sector."", ""mission"": """", ""vision"": """", ""sector"": ""Space & Satellite"", ""objectives"": [], ""key_functions"": []}, ""governance"": {""president"": {""name"": """", ""company"": """"}, ""vice_presidents"": [], ""secretary_general"": {""name"": ""A. K. Bhatt"", ""company"": """"}}, ""regional_structure"": {""governance_model"": """", ""headquarters"": ""New Delhi, Delhi"", ""chapters"": []}, ""membership_details"": {""overview_metrics"": [{""label"": ""Total Members"", ""value"": ""60+""}], ""categories"": [], ""requirements"": [], ""application_process"": {}, ""benefits"": [], ""mode_of_application"": """", ""application_url"": """", ""member_login_url"": """"}, ""services_offered"": [], ""programs"": {}, ""events"": {}, ""publications"": {}, ""compliance_policies"": {}, ""partnerships"": {""list"": []}, ""awards"": {""list"": []}, ""transparency"": [], ""digital_presence"": [], ""contact_details"": {""office_address"": ""New Delhi, Delhi, India"", ""phone_number"": """", ""email"": ""info@ispa.space"", ""website"": ""https://www.ispa.space""}}"
b8b6a8b9-6805-453f-bfdb-e0e506627fc0,National,Ophthalmology,20000,2000,20000,f26791cd-9656-452d-8326-9b9296125906,"{""association_type"": ""National"", ""legal_status"": ""Registered Society"", ""overview"": {""about"": ""AIOS is the national body of ophthalmologists in India, founded in 1930. With over 20,000 members, it promotes advances in ophthalmology through annual conferences, journals, and continuing medical education programmes."", ""mission"": """", ""vision"": """", ""sector"": ""Ophthalmology"", ""objectives"": [], ""key_functions"": []}, ""governance"": {""president"": {""name"": ""Rajesh Sinha"", ""company"": """"}, ""vice_presidents"": [], ""secretary_general"": {""name"": """", ""company"": """"}}, ""regional_structure"": {""governance_model"": """", ""headquarters"": ""New Delhi, Delhi"", ""chapters"": []}, ""membership_details"": {""overview_metrics"": [{""label"": ""Total Members"", ""value"": ""20000+""}], ""categories"": [], ""requirements"": [], ""application_process"": {}, ""benefits"": [], ""mode_of_application"": """", ""application_url"": """", ""member_login_url"": """"}, ""services_offered"": [], ""programs"": {}, ""events"": {}, ""publications"": {}, ""compliance_policies"": {}, ""partnerships"": {""list"": []}, ""awards"": {""list"": []}, ""transparency"": [], ""digital_presence"": [], ""contact_details"": {""office_address"": ""New Delhi, Delhi, India"", ""phone_number"": """", ""email"": ""aios@aios.org"", ""website"": ""https://www.aios.org""}}"
261531c8-7e50-44aa-810b-733ea0fa40f3,National,Women Business Leaders,5000,2000,50000,c39ecac8-9a1f-4ad3-af64-069b9b315926,"{""association_type"": ""National"", ""legal_status"": ""Registered Society"", ""overview"": {""about"": ""FIWE is a non-profit organisation dedicated to promoting and facilitating women entrepreneurship in India. It provides networking, training, and advocacy support to women business owners across sectors."", ""mission"": """", ""vision"": """", ""sector"": ""Women Business Leaders"", ""objectives"": [], ""key_functions"": []}, ""governance"": {""president"": {""name"": ""Vinita Bali"", ""company"": """"}, ""vice_presidents"": [], ""secretary_general"": {""name"": """", ""company"": """"}}, ""regional_structure"": {""governance_model"": """", ""headquarters"": ""New Delhi, Delhi"", ""chapters"": []}, ""membership_details"": {""overview_metrics"": [{""label"": ""Total Members"", ""value"": ""5000+""}], ""categories"": [], ""requirements"": [], ""application_process"": {}, ""benefits"": [], ""mode_of_application"": """", ""application_url"": """", ""member_login_url"": """"}, ""services_offered"": [], ""programs"": {}, ""events"": {}, ""publications"": {}, ""compliance_policies"": {}, ""partnerships"": {""list"": []}, ""awards"": {""list"": []}, ""transparency"": [], ""digital_presence"": [], ""contact_details"": {""office_address"": ""New Delhi, Delhi, India"", ""phone_number"": """", ""email"": ""fiwe@fiwe.in"", ""website"": ""https://www.fiwe.in""}}"
a5eac8d3-c2bc-4c8c-8963-becd3e4f9ccd,National,Insurance Broking,500,15000,150000,4a104cba-ccd3-4f86-b204-2277660117eb,"{""association_type"": ""National"", ""legal_status"": ""Section 8 Company"", ""overview"": {""about"": ""IBAI is the national body representing licensed insurance brokers in India. It promotes professional standards in insurance broking, advocates for policy changes, and provides a platform for information exchange among member brokers."", ""mission"": """", ""vision"": """", ""sector"": ""Insurance Broking"", ""objectives"": [], ""key_functions"": []}, ""governance"": {""president"": {""name"": ""Sumit Bohra"", ""company"": """"}, ""vice_presidents"": [], ""secretary_general"": {""name"": """", ""company"": """"}}, ""regional_structure"": {""governance_model"": """", ""headquarters"": ""Mumbai, Maharashtra"", ""chapters"": []}, ""membership_details"": {""overview_metrics"": [{""label"": ""Total Members"", ""value"": ""500+""}], ""categories"": [], ""requirements"": [], ""application_process"": {}, ""benefits"": [], ""mode_of_application"": """", ""application_url"": """", ""member_login_url"": """"}, ""services_offered"": [], ""programs"": {}, ""events"": {}, ""publications"": {}, ""compliance_policies"": {}, ""partnerships"": {""list"": []}, ""awards"": {""list"": []}, ""transparency"": [], ""digital_presence"": [], ""contact_details"": {""office_address"": ""Mumbai, Maharashtra, India"", ""phone_number"": """", ""email"": ""ibai@ibai.org.in"", ""website"": ""https://www.ibai.org.in""}}"
d1076dad-9816-4e7f-9d82-d199af2fa247,National,Cooperatives,800000,500,50000,985ff825-8855-4dec-9615-6d83578ef2cf,"{""association_type"": ""National"", ""legal_status"": ""Registered Society"", ""overview"": {""about"": ""NCUI is the apex body at the national level for the cooperative movement in India. Established in 1929, it provides leadership and guidance to the cooperative movement and promotes cooperative principles and practices across sectors."", ""mission"": """", ""vision"": """", ""sector"": ""Cooperatives"", ""objectives"": [], ""key_functions"": []}, ""governance"": {""president"": {""name"": ""Dileep Sanghani"", ""company"": """"}, ""vice_presidents"": [], ""secretary_general"": {""name"": """", ""company"": """"}}, ""regional_structure"": {""governance_model"": """", ""headquarters"": ""New Delhi, Delhi"", ""chapters"": []}, ""membership_details"": {""overview_metrics"": [{""label"": ""Total Members"", ""value"": ""800000+""}], ""categories"": [], ""requirements"": [], ""application_process"": {}, ""benefits"": [], ""mode_of_application"": """", ""application_url"": """", ""member_login_url"": """"}, ""services_offered"": [], ""programs"": {}, ""events"": {}, ""publications"": {}, ""compliance_policies"": {}, ""partnerships"": {""list"": []}, ""awards"": {""list"": []}, ""transparency"": [], ""digital_presence"": [], ""contact_details"": {""office_address"": ""New Delhi, Delhi, India"", ""phone_number"": """", ""email"": ""ncui@ncui.coop"", ""website"": ""https://www.ncui.net""}}"
e561e140-4a8c-4187-835b-ce7755ed6431,National,"Animation, VFX, Gaming",300,25000,500000,e42b13ce-89ed-481f-98ab-36ac53927ee4,"{""association_type"": ""National"", ""legal_status"": ""Section 8 Company"", ""overview"": {""about"": ""This association represents companies in the Animation, VFX, Gaming, Comics and Extended Reality (AVGC-XR) sectors. It advocates for policy support, promotes skill development, and positions India as a global AVGC hub."", ""mission"": """", ""vision"": """", ""sector"": ""Animation, VFX, Gaming"", ""objectives"": [], ""key_functions"": []}, ""governance"": {""president"": {""name"": """", ""company"": """"}, ""vice_presidents"": [], ""secretary_general"": {""name"": """", ""company"": """"}}, ""regional_structure"": {""governance_model"": """", ""headquarters"": ""Bengaluru, Karnataka"", ""chapters"": []}, ""membership_details"": {""overview_metrics"": [{""label"": ""Total Members"", ""value"": ""300+""}], ""categories"": [], ""requirements"": [], ""application_process"": {}, ""benefits"": [], ""mode_of_application"": """", ""application_url"": """", ""member_login_url"": """"}, ""services_offered"": [], ""programs"": {}, ""events"": {}, ""publications"": {}, ""compliance_policies"": {}, ""partnerships"": {""list"": []}, ""awards"": {""list"": []}, ""transparency"": [], ""digital_presence"": [], ""contact_details"": {""office_address"": ""Bengaluru, Karnataka, India"", ""phone_number"": """", ""email"": ""info@avgcxr.in"", ""website"": ""https://www.avgcxr.in""}}"
e3f57f88-5b5c-48c5-af95-5989983d6060,National,Digital Payments,120,50000,1000000,4a104cba-ccd3-4f86-b204-2277660117eb,"{""association_type"": ""National"", ""legal_status"": ""Section 8 Company"", ""overview"": {""about"": ""PCI is the industry body of payment system operators in India, set up in 2013 under the umbrella of IAMAI. It represents over 100 organisations in the payment ecosystem and advocates for a digital payment-friendly policy environment."", ""mission"": """", ""vision"": """", ""sector"": ""Digital Payments"", ""objectives"": [], ""key_functions"": []}, ""governance"": {""president"": {""name"": """", ""company"": """"}, ""vice_presidents"": [], ""secretary_general"": {""name"": """", ""company"": """"}}, ""regional_structure"": {""governance_model"": """", ""headquarters"": ""Mumbai, Maharashtra"", ""chapters"": []}, ""membership_details"": {""overview_metrics"": [{""label"": ""Total Members"", ""value"": ""120+""}], ""categories"": [], ""requirements"": [], ""application_process"": {}, ""benefits"": [], ""mode_of_application"": """", ""application_url"": """", ""member_login_url"": """"}, ""services_offered"": [], ""programs"": {}, ""events"": {}, ""publications"": {}, ""compliance_policies"": {}, ""partnerships"": {""list"": []}, ""awards"": {""list"": []}, ""transparency"": [], ""digital_presence"": [], ""contact_details"": {""office_address"": ""Mumbai, Maharashtra, India"", ""phone_number"": """", ""email"": ""pci@pcimail.in"", ""website"": ""https://www.pcimail.in""}}"
304ee1d5-8ccd-4d51-8b7d-4731887f8eef,National,Digital Lending,120,50000,500000,4a104cba-ccd3-4f86-b204-2277660117eb,"{""association_type"": ""National"", ""legal_status"": ""Section 8 Company"", ""overview"": {""about"": ""FACE is a self-regulatory organisation for the digital lending sector in India. It works to promote responsible digital lending practices, consumer protection, and fair lending codes among fintech companies involved in digital credit."", ""mission"": """", ""vision"": """", ""sector"": ""Digital Lending"", ""objectives"": [], ""key_functions"": []}, ""governance"": {""president"": {""name"": """", ""company"": """"}, ""vice_presidents"": [], ""secretary_general"": {""name"": ""Sugandh Saxena"", ""company"": """"}}, ""regional_structure"": {""governance_model"": """", ""headquarters"": ""New Delhi, Delhi"", ""chapters"": []}, ""membership_details"": {""overview_metrics"": [{""label"": ""Total Members"", ""value"": ""120+""}], ""categories"": [], ""requirements"": [], ""application_process"": {}, ""benefits"": [], ""mode_of_application"": """", ""application_url"": """", ""member_login_url"": """"}, ""services_offered"": [], ""programs"": {}, ""events"": {}, ""publications"": {}, ""compliance_policies"": {}, ""partnerships"": {""list"": []}, ""awards"": {""list"": []}, ""transparency"": [], ""digital_presence"": [], ""contact_details"": {""office_address"": ""New Delhi, Delhi, India"", ""phone_number"": """", ""email"": ""info@faceindia.in"", ""website"": ""https://www.faceindia.in""}}"
039cf184-6bc1-4abe-aaef-29d05586d920,National,Interior Design,5000,3000,50000,1a821422-d8eb-484f-a280-8af8f6b79144,"{""association_type"": ""National"", ""legal_status"": ""Registered Society"", ""overview"": {""about"": ""IIID is the professional body for interior designers in India, established in 1972. It promotes the profession of interior design, sets practice standards, and facilitates professional development among its members across 22 chapters nationwide."", ""mission"": """", ""vision"": """", ""sector"": ""Interior Design"", ""objectives"": [], ""key_functions"": []}, ""governance"": {""president"": {""name"": ""Sandeep Khosla"", ""company"": """"}, ""vice_presidents"": [], ""secretary_general"": {""name"": """", ""company"": """"}}, ""regional_structure"": {""governance_model"": """", ""headquarters"": ""Mumbai, Maharashtra"", ""chapters"": []}, ""membership_details"": {""overview_metrics"": [{""label"": ""Total Members"", ""value"": ""5000+""}], ""categories"": [], ""requirements"": [], ""application_process"": {}, ""benefits"": [], ""mode_of_application"": """", ""application_url"": """", ""member_login_url"": """"}, ""services_offered"": [], ""programs"": {}, ""events"": {}, ""publications"": {}, ""compliance_policies"": {}, ""partnerships"": {""list"": []}, ""awards"": {""list"": []}, ""transparency"": [], ""digital_presence"": [], ""contact_details"": {""office_address"": ""Mumbai, Maharashtra, India"", ""phone_number"": """", ""email"": ""iiid@iiid.net"", ""website"": ""https://www.iiid.net""}}"
b8979dff-daa1-4142-9760-c5f33fbabd00,National,Chemical Exports,5000,3000,50000,26d2b88d-ddbf-45b7-a016-9379064270a9,"{""association_type"": ""National"", ""legal_status"": ""Registered Society"", ""overview"": {""about"": ""CHEMEXCIL, established in 1963, is the apex export promotion body for basic chemicals, cosmetics, toiletries, soaps, detergents, agrochemicals, and dyes from India. It helps member exporters access global markets."", ""mission"": """", ""vision"": """", ""sector"": ""Chemical Exports"", ""objectives"": [], ""key_functions"": []}, ""governance"": {""president"": {""name"": """", ""company"": """"}, ""vice_presidents"": [], ""secretary_general"": {""name"": ""Alok Sharma"", ""company"": """"}}, ""regional_structure"": {""governance_model"": """", ""headquarters"": ""Mumbai, Maharashtra"", ""chapters"": []}, ""membership_details"": {""overview_metrics"": [{""label"": ""Total Members"", ""value"": ""5000+""}], ""categories"": [], ""requirements"": [], ""application_process"": {}, ""benefits"": [], ""mode_of_application"": """", ""application_url"": """", ""member_login_url"": """"}, ""services_offered"": [], ""programs"": {}, ""events"": {}, ""publications"": {}, ""compliance_policies"": {}, ""partnerships"": {""list"": []}, ""awards"": {""list"": []}, ""transparency"": [], ""digital_presence"": [], ""contact_details"": {""office_address"": ""Mumbai, Maharashtra, India"", ""phone_number"": """", ""email"": ""chemexcil@chemexcil.in"", ""website"": ""https://www.chemexcil.in""}}"
e444e523-2075-4635-afbb-4d824aa551e0,National,Sports Goods Exports,1200,3000,30000,ead42b5a-26e6-4bd2-a2e3-bb8709ede483,"{""association_type"": ""National"", ""legal_status"": ""Registered Society"", ""overview"": {""about"": ""SGEPC promotes the export of sports goods, outdoor and recreational games equipment and articles from India. India is a major global producer of sports goods and SGEPC facilitates market access for member companies worldwide."", ""mission"": """", ""vision"": """", ""sector"": ""Sports Goods Exports"", ""objectives"": [], ""key_functions"": []}, ""governance"": {""president"": {""name"": """", ""company"": """"}, ""vice_presidents"": [], ""secretary_general"": {""name"": """", ""company"": """"}}, ""regional_structure"": {""governance_model"": """", ""headquarters"": ""New Delhi, Delhi"", ""chapters"": []}, ""membership_details"": {""overview_metrics"": [{""label"": ""Total Members"", ""value"": ""1200+""}], ""categories"": [], ""requirements"": [], ""application_process"": {}, ""benefits"": [], ""mode_of_application"": """", ""application_url"": """", ""member_login_url"": """"}, ""services_offered"": [], ""programs"": {}, ""events"": {}, ""publications"": {}, ""compliance_policies"": {}, ""partnerships"": {""list"": []}, ""awards"": {""list"": []}, ""transparency"": [], ""digital_presence"": [], ""contact_details"": {""office_address"": ""New Delhi, Delhi, India"", ""phone_number"": """", ""email"": ""sgepc@sgepc.in"", ""website"": ""https://www.sgepc.in""}}"
629d33b7-e347-482a-90db-6ea48aa15616,National,Highway Construction,450,10000,200000,1a821422-d8eb-484f-a280-8af8f6b79144,"{""association_type"": ""National"", ""legal_status"": ""Section 8 Company"", ""overview"": {""about"": ""NHBF represents companies in the highway and road infrastructure construction sector. It works with NHAI and Ministry of Road Transport on policy matters, contractor welfare, and ensuring timely project completion."", ""mission"": """", ""vision"": """", ""sector"": ""Highway Construction"", ""objectives"": [], ""key_functions"": []}, ""governance"": {""president"": {""name"": ""Rajiv Misra"", ""company"": """"}, ""vice_presidents"": [], ""secretary_general"": {""name"": """", ""company"": """"}}, ""regional_structure"": {""governance_model"": """", ""headquarters"": ""New Delhi, Delhi"", ""chapters"": []}, ""membership_details"": {""overview_metrics"": [{""label"": ""Total Members"", ""value"": ""450+""}], ""categories"": [], ""requirements"": [], ""application_process"": {}, ""benefits"": [], ""mode_of_application"": """", ""application_url"": """", ""member_login_url"": """"}, ""services_offered"": [], ""programs"": {}, ""events"": {}, ""publications"": {}, ""compliance_policies"": {}, ""partnerships"": {""list"": []}, ""awards"": {""list"": []}, ""transparency"": [], ""digital_presence"": [], ""contact_details"": {""office_address"": ""New Delhi, Delhi, India"", ""phone_number"": """", ""email"": ""nhbf@nhbfindia.com"", ""website"": ""https://www.nhbfindia.com""}}"
5e0c5535-1e38-4946-bec6-2e98efe6827a,National,Cold Chain,200,0,0,985ff825-8855-4dec-9615-6d83578ef2cf,"{""association_type"": ""National"", ""legal_status"": ""Statutory Body"", ""overview"": {""about"": ""NCCD was established in 2010 as a government advisory body under the Ministry of Agriculture to guide the development of cold chain infrastructure in India, especially for perishable agricultural produce."", ""mission"": """", ""vision"": """", ""sector"": ""Cold Chain"", ""objectives"": [], ""key_functions"": []}, ""governance"": {""president"": {""name"": """", ""company"": """"}, ""vice_presidents"": [], ""secretary_general"": {""name"": """", ""company"": """"}}, ""regional_structure"": {""governance_model"": """", ""headquarters"": ""New Delhi, Delhi"", ""chapters"": []}, ""membership_details"": {""overview_metrics"": [{""label"": ""Total Members"", ""value"": ""200+""}], ""categories"": [], ""requirements"": [], ""application_process"": {}, ""benefits"": [], ""mode_of_application"": """", ""application_url"": """", ""member_login_url"": """"}, ""services_offered"": [], ""programs"": {}, ""events"": {}, ""publications"": {}, ""compliance_policies"": {}, ""partnerships"": {""list"": []}, ""awards"": {""list"": []}, ""transparency"": [], ""digital_presence"": [], ""contact_details"": {""office_address"": ""New Delhi, Delhi, India"", ""phone_number"": """", ""email"": ""info@nccd.gov.in"", ""website"": ""https://nccd.gov.in""}}"
ba4338c9-c766-4890-a34e-d21e26e0cc4d,National,Solar Power,200,50000,500000,26d2b88d-ddbf-45b7-a016-9379064270a9,"{""association_type"": ""National"", ""legal_status"": ""Section 8 Company"", ""overview"": {""about"": ""SPDA represents solar power project developers in India. It advocates for stable solar energy policy, long-term power purchase agreements, and a level playing field for independent power producers in the solar segment."", ""mission"": """", ""vision"": """", ""sector"": ""Solar Power"", ""objectives"": [], ""key_functions"": []}, ""governance"": {""president"": {""name"": ""Sanjay Aggarwal"", ""company"": """"}, ""vice_presidents"": [], ""secretary_general"": {""name"": """", ""company"": """"}}, ""regional_structure"": {""governance_model"": """", ""headquarters"": ""New Delhi, Delhi"", ""chapters"": []}, ""membership_details"": {""overview_metrics"": [{""label"": ""Total Members"", ""value"": ""200+""}], ""categories"": [], ""requirements"": [], ""application_process"": {}, ""benefits"": [], ""mode_of_application"": """", ""application_url"": """", ""member_login_url"": """"}, ""services_offered"": [], ""programs"": {}, ""events"": {}, ""publications"": {}, ""compliance_policies"": {}, ""partnerships"": {""list"": []}, ""awards"": {""list"": []}, ""transparency"": [], ""digital_presence"": [], ""contact_details"": {""office_address"": ""New Delhi, Delhi, India"", ""phone_number"": """", ""email"": ""info@solarspda.in"", ""website"": ""https://www.solarspda.in""}}"
2ac909c6-bb36-4426-bd03-bccecf1f8176,National,Electronics & Appliances,200,50000,1000000,64fd1516-f032-4630-8a79-e347851f2e18,"{""association_type"": ""National"", ""legal_status"": ""Registered Society"", ""overview"": {""about"": ""CEAMA represents manufacturers of consumer electronics and home appliances in India. It was established to advocate for industry interests before government bodies and regulatory authorities, and to promote the growth of the consumer electronics sector."", ""mission"": """", ""vision"": """", ""sector"": ""Electronics & Appliances"", ""objectives"": [], ""key_functions"": []}, ""governance"": {""president"": {""name"": ""Eric Braganza"", ""company"": """"}, ""vice_presidents"": [], ""secretary_general"": {""name"": """", ""company"": """"}}, ""regional_structure"": {""governance_model"": """", ""headquarters"": ""New Delhi, Delhi"", ""chapters"": []}, ""membership_details"": {""overview_metrics"": [{""label"": ""Total Members"", ""value"": ""200+""}], ""categories"": [], ""requirements"": [], ""application_process"": {}, ""benefits"": [], ""mode_of_application"": """", ""application_url"": """", ""member_login_url"": """"}, ""services_offered"": [], ""programs"": {}, ""events"": {}, ""publications"": {}, ""compliance_policies"": {}, ""partnerships"": {""list"": []}, ""awards"": {""list"": []}, ""transparency"": [], ""digital_presence"": [], ""contact_details"": {""office_address"": ""New Delhi, Delhi, India"", ""phone_number"": """", ""email"": ""ceama@ceama.in"", ""website"": ""https://www.ceama.in""}}"
46550b49-603d-4842-ac65-a2b744ab48a2,National,AYUSH / Traditional Medicine,500,10000,200000,f26791cd-9656-452d-8326-9b9296125906,"{""association_type"": ""National"", ""legal_status"": ""Section 8 Company"", ""overview"": {""about"": ""AIC represents companies in the AYUSH (Ayurveda, Yoga, Unani, Siddha, Homeopathy) sector. It promotes traditional Indian medicine systems, advocates for supportive AYUSH regulation, and works to globalise Indian wellness and herbal products."", ""mission"": """", ""vision"": """", ""sector"": ""AYUSH / Traditional Medicine"", ""objectives"": [], ""key_functions"": []}, ""governance"": {""president"": {""name"": ""Manoj Nesari"", ""company"": """"}, ""vice_presidents"": [], ""secretary_general"": {""name"": """", ""company"": """"}}, ""regional_structure"": {""governance_model"": """", ""headquarters"": ""New Delhi, Delhi"", ""chapters"": []}, ""membership_details"": {""overview_metrics"": [{""label"": ""Total Members"", ""value"": ""500+""}], ""categories"": [], ""requirements"": [], ""application_process"": {}, ""benefits"": [], ""mode_of_application"": """", ""application_url"": """", ""member_login_url"": """"}, ""services_offered"": [], ""programs"": {}, ""events"": {}, ""publications"": {}, ""compliance_policies"": {}, ""partnerships"": {""list"": []}, ""awards"": {""list"": []}, ""transparency"": [], ""digital_presence"": [], ""contact_details"": {""office_address"": ""New Delhi, Delhi, India"", ""phone_number"": """", ""email"": ""info@ayushindustrychamber.in"", ""website"": ""https://www.ayushindustrychamber.in""}}"
ac880074-4c0c-42aa-9b3a-2b9caac94bf2,National,Microfinance,60,50000,1000000,4a104cba-ccd3-4f86-b204-2277660117eb,"{""association_type"": ""National"", ""legal_status"": ""Section 8 Company"", ""overview"": {""about"": ""MFIN is the industry association and self-regulatory organisation for the NBFC-MFI (Non-Banking Finance Company – Microfinance Institution) sector in India. It promotes responsible microfinance and represents MFIs before regulators and government."", ""mission"": """", ""vision"": """", ""sector"": ""Microfinance"", ""objectives"": [], ""key_functions"": []}, ""governance"": {""president"": {""name"": """", ""company"": """"}, ""vice_presidents"": [], ""secretary_general"": {""name"": ""Alok Misra"", ""company"": """"}}, ""regional_structure"": {""governance_model"": """", ""headquarters"": ""New Delhi, Delhi"", ""chapters"": []}, ""membership_details"": {""overview_metrics"": [{""label"": ""Total Members"", ""value"": ""60+""}], ""categories"": [], ""requirements"": [], ""application_process"": {}, ""benefits"": [], ""mode_of_application"": """", ""application_url"": """", ""member_login_url"": """"}, ""services_offered"": [], ""programs"": {}, ""events"": {}, ""publications"": {}, ""compliance_policies"": {}, ""partnerships"": {""list"": []}, ""awards"": {""list"": []}, ""transparency"": [], ""digital_presence"": [], ""contact_details"": {""office_address"": ""New Delhi, Delhi, India"", ""phone_number"": """", ""email"": ""mfin@mfinindia.org"", ""website"": ""https://www.mfinindia.org""}}"
2eac0371-11da-4fb6-867e-076366245b69,National,AI & Emerging Technology,200,0,0,64fd1516-f032-4630-8a79-e347851f2e18,"{""association_type"": ""National"", ""legal_status"": ""Government Initiative"", ""overview"": {""about"": ""IndiaAI is the government's flagship mission to develop a robust AI ecosystem in India. The industry consortium under IndiaAI brings together AI companies, startups, and research organisations to collaborate on AI compute, datasets, and application development for national priorities."", ""mission"": """", ""vision"": """", ""sector"": ""AI & Emerging Technology"", ""objectives"": [], ""key_functions"": []}, ""governance"": {""president"": {""name"": """", ""company"": """"}, ""vice_presidents"": [], ""secretary_general"": {""name"": """", ""company"": """"}}, ""regional_structure"": {""governance_model"": """", ""headquarters"": ""New Delhi, Delhi"", ""chapters"": []}, ""membership_details"": {""overview_metrics"": [{""label"": ""Total Members"", ""value"": ""200+""}], ""categories"": [], ""requirements"": [], ""application_process"": {}, ""benefits"": [], ""mode_of_application"": """", ""application_url"": """", ""member_login_url"": """"}, ""services_offered"": [], ""programs"": {}, ""events"": {}, ""publications"": {}, ""compliance_policies"": {}, ""partnerships"": {""list"": []}, ""awards"": {""list"": []}, ""transparency"": [], ""digital_presence"": [], ""contact_details"": {""office_address"": ""New Delhi, Delhi, India"", ""phone_number"": """", ""email"": ""indiaai@meity.gov.in"", ""website"": ""https://indiaai.gov.in""}}"
6365d226-7150-45a3-a646-948908176317,National,Wind Energy,,,,26d2b88d-ddbf-45b7-a016-9379064270a9,"{""association_type"": ""National"", ""legal_status"": ""Registered Society"", ""overview"": {""about"": ""IWTMA is the apex business association and voice of the Indian Wind Industry, established in 1998. Over the last 25+ years it has played a pivotal role in development of the wind power industry and India's transition to clean energy."", ""mission"": ""To accelerate wind power adoption, support policy reforms, encourage innovation, and contribute toward India's clean energy and net-zero goals."", ""vision"": """", ""sector"": ""Wind Energy"", ""objectives"": [""Promote and harness wind energy for inclusive sustained growth"", ""Campaign for a Green Revolution encompassing economy, business and rural employment"", ""Strive for high efficiency in energy generation through best technologies""], ""key_functions"": [""Policy framework engagement"", ""Regulatory intervention"", ""Stakeholder engagement with MNRE""]}, ""governance"": {""president"": {""name"": ""Girish Tanti"", ""company"": ""Suzlon Energy (Vice Chairman & Founding Member); also Vice Chairman, GWEC""}, ""vice_presidents"": [{""name"": ""Dr. Saravanan Manickam"", ""company"": ""Nordex (Country Head/VP India) - Vice Chairman-cum-Secretary""}], ""secretary_general"": {""name"": ""Aditya Pyasi"", ""company"": ""Chief Executive Officer, IWTMA""}}, ""regional_structure"": {""governance_model"": """", ""headquarters"": ""New Delhi, Delhi"", ""chapters"": []}, ""membership_details"": {""overview_metrics"": [], ""categories"": [], ""requirements"": [], ""application_process"": {}, ""benefits"": [], ""mode_of_application"": """", ""application_url"": """", ""member_login_url"": """"}, ""services_offered"": [], ""programs"": {}, ""events"": {""Trade Shows"": [{""title"": ""Windergy India"", ""description"": ""Annual wind energy exhibition and conference held in Chennai.""}]}, ""publications"": {}, ""compliance_policies"": {}, ""partnerships"": {""list"": [{""name"": ""Ministry of New and Renewable Energy (MNRE)"", ""relation"": ""Government Regulatory Partner"", ""website"": """"}]}, ""awards"": {""list"": []}, ""transparency"": [], ""digital_presence"": [], ""contact_details"": {""office_address"": ""Transit House, C-1, 2nd Floor, Soami Nagar, New Delhi 110017, India"", ""phone_number"": ""+91-11-41814744"", ""email"": ""secretarygeneral@indianwindpower.com"", ""website"": ""https://indianwindpower.com""}}"