id,listing_id,category_id,sub_category_id,is_primary,created_at
fc000000-0000-0000-0000-000000001000,b38c39c0-b9f6-495f-b8be-a65b1c0b9221,8dcc57a0-79ac-45dd-9db0-efb3d1fd5299,f5aa12c0-a668-4178-b870-908ba1c7ac67,TRUE,2025-01-01 00:47:58
fc000000-0000-0000-0000-000000001001,c8f6989c-d785-4cf7-b127-b7ba288a3314,8dcc57a0-79ac-45dd-9db0-efb3d1fd5299,e8840113-28f3-4d0b-8d73-9f513c624c2a,TRUE,2025-01-01 00:47:58
fc000000-0000-0000-0000-000000001002,b297c5b9-82e3-4c3d-88fc-c509ae881207,8dcc57a0-79ac-45dd-9db0-efb3d1fd5299,e8840113-28f3-4d0b-8d73-9f513c624c2a,TRUE,2025-01-01 00:47:58
fc000000-0000-0000-0000-000000001003,6a8c08c9-ef66-48b0-a68e-e9e0b7b40fcc,8dcc57a0-79ac-45dd-9db0-efb3d1fd5299,f5aa12c0-a668-4178-b870-908ba1c7ac67,TRUE,2025-01-01 00:47:58
fc000000-0000-0000-0000-000000001004,afb4be0a-0173-4248-b0b9-9c7ba0e3ce8f,8dcc57a0-79ac-45dd-9db0-efb3d1fd5299,f5aa12c0-a668-4178-b870-908ba1c7ac67,TRUE,2025-01-01 00:47:58
fc000000-0000-0000-0000-000000001005,09378ed3-2aa4-4e45-bf5d-6a75d1bdb2f7,5f917eec-d4dc-40cb-94dd-b3272db3f858,2489267c-9b73-4948-a360-81d6ae8f9a8e,TRUE,2025-01-01 00:50:57
fc000000-0000-0000-0000-000000001006,b781fa76-8eaf-4cf9-a15c-b6a1c3503554,5f917eec-d4dc-40cb-94dd-b3272db3f858,,TRUE,2025-01-01 00:50:57
fc000000-0000-0000-0000-000000001007,0e50ed02-6937-4c8d-aa31-b4202a5f77cd,5f917eec-d4dc-40cb-94dd-b3272db3f858,bce1e994-acf3-4090-853f-efbc01836951,TRUE,2025-01-01 00:50:57
fc000000-0000-0000-0000-000000001008,7e62e026-71a1-4b49-971d-e8bcd1cc4e54,5f917eec-d4dc-40cb-94dd-b3272db3f858,ad3bee99-7863-4b55-aa09-b9754b160c47,TRUE,2025-01-01 00:50:57
fc000000-0000-0000-0000-000000001009,8a873fc8-8a68-461e-81f4-55d7f192f2b1,5f917eec-d4dc-40cb-94dd-b3272db3f858,bce1e994-acf3-4090-853f-efbc01836951,TRUE,2025-01-01 00:50:57
fc000000-0000-0000-0000-000000001010,fc244900-e4b1-4eec-8e70-eb778beac3a5,5f917eec-d4dc-40cb-94dd-b3272db3f858,ad3bee99-7863-4b55-aa09-b9754b160c47,TRUE,2025-01-01 00:50:57
fc000000-0000-0000-0000-000000001011,a6ae3e8e-b3da-4406-9a53-1f411523033b,5f917eec-d4dc-40cb-94dd-b3272db3f858,bce1e994-acf3-4090-853f-efbc01836951,TRUE,2025-01-01 00:50:57
fc000000-0000-0000-0000-000000001012,f610d893-650e-46e2-89a6-c50f59036275,5f917eec-d4dc-40cb-94dd-b3272db3f858,ad3bee99-7863-4b55-aa09-b9754b160c47,TRUE,2025-01-01 00:50:57
fc000000-0000-0000-0000-000000001013,1dac1aa2-22c2-41e9-a608-2ffb1cefdf84,5f917eec-d4dc-40cb-94dd-b3272db3f858,ad3bee99-7863-4b55-aa09-b9754b160c47,TRUE,2025-01-01 00:50:57
fc000000-0000-0000-0000-000000001014,1ee2cd39-dcf0-4e78-971d-967b8f1e2f12,5f917eec-d4dc-40cb-94dd-b3272db3f858,ad3bee99-7863-4b55-aa09-b9754b160c47,TRUE,2025-01-01 00:50:57
fc000000-0000-0000-0000-000000001015,1c97dc61-7708-4958-8222-3fe8fa9275bc,5f917eec-d4dc-40cb-94dd-b3272db3f858,6b91d57b-182a-454c-aabd-90cd85d7facf,TRUE,2025-01-01 00:58:11
fc000000-0000-0000-0000-000000001016,9ab139e7-cf16-4085-9352-c51d74e61115,5f917eec-d4dc-40cb-94dd-b3272db3f858,6b91d57b-182a-454c-aabd-90cd85d7facf,TRUE,2025-01-01 00:58:11
fc000000-0000-0000-0000-000000001017,ac303bf7-2a32-471d-9be1-a1dbb2e915e7,5f917eec-d4dc-40cb-94dd-b3272db3f858,6b91d57b-182a-454c-aabd-90cd85d7facf,TRUE,2025-01-01 00:58:11
fc000000-0000-0000-0000-000000001018,df361e73-da0e-4e50-992d-e95e57306357,8fb154e8-39fd-474e-b3d3-2c16d78ee53b,8b71db12-ffdc-45c5-a26d-7edf569bed1a,TRUE,2025-01-01 00:58:11
fc000000-0000-0000-0000-000000001019,c8bbd1a5-9676-4a19-b8c4-1b2f22fe8148,5dbe61d1-daa6-4f30-acba-d9094a3f9de3,0783cd92-0e29-4a26-8e41-aeb113b58a02,TRUE,2025-01-01 00:58:11
fc000000-0000-0000-0000-000000001020,88848236-153f-41d1-85cd-4a9001af249c,5dbe61d1-daa6-4f30-acba-d9094a3f9de3,1522d0f7-89af-4dda-a4b4-7ea0e46f0436,TRUE,2025-01-01 00:08:25
fc000000-0000-0000-0000-000000001021,d96ac4e8-daa4-4d60-9a4d-f7dcb54412b7,5dbe61d1-daa6-4f30-acba-d9094a3f9de3,1522d0f7-89af-4dda-a4b4-7ea0e46f0436,TRUE,2025-01-01 00:08:25
fc000000-0000-0000-0000-000000001022,d451263c-43df-4ba1-b652-cbac27ff7846,e5fcf8a7-cb34-4278-8082-a63b9d1856a9,eb979557-17dd-4e57-90ac-1854eece7765,TRUE,2025-01-01 00:08:25
fc000000-0000-0000-0000-000000001023,a3d5f27f-978c-48e7-97cf-21e8aea6d359,e5fcf8a7-cb34-4278-8082-a63b9d1856a9,af6fc388-8923-42f1-b89d-72c96cdfa8a5,TRUE,2025-01-01 00:08:25
fc000000-0000-0000-0000-000000001024,780dabc4-787e-4001-9c4b-a07c9874ffab,e5fcf8a7-cb34-4278-8082-a63b9d1856a9,183b53c1-251e-4d71-84ff-9744261a917e,TRUE,2025-01-01 00:08:25
fc000000-0000-0000-0000-000000001025,499ed48e-a3e7-480e-900b-f384cd1ec21f,e5fcf8a7-cb34-4278-8082-a63b9d1856a9,eb979557-17dd-4e57-90ac-1854eece7765,TRUE,2025-01-01 00:08:25
fc000000-0000-0000-0000-000000001026,fc554f5b-c10b-4835-b81b-6eb90deb8862,54babe4f-96f7-4e64-a219-73d52337d179,85148e4b-2e24-4675-8180-d8614d826d13,TRUE,2025-01-01 00:08:25
fc000000-0000-0000-0000-000000001027,ab2c97a4-15c8-4105-902b-e6b961445825,e5fcf8a7-cb34-4278-8082-a63b9d1856a9,eb979557-17dd-4e57-90ac-1854eece7765,TRUE,2025-01-01 00:08:25
fc000000-0000-0000-0000-000000001028,0fe579f2-a816-4116-a312-a340923dbfe6,e5fcf8a7-cb34-4278-8082-a63b9d1856a9,eb979557-17dd-4e57-90ac-1854eece7765,TRUE,2025-01-01 00:08:25
fc000000-0000-0000-0000-000000001029,a0160a9a-fe08-485e-9592-67df5f2e6235,54babe4f-96f7-4e64-a219-73d52337d179,85148e4b-2e24-4675-8180-d8614d826d13,TRUE,2025-01-01 00:08:25
fc000000-0000-0000-0000-000000001030,ba736baa-47d2-4b53-8969-661dbce6e6a1,0986f242-a7aa-4df0-bb46-d1f3e5c64cf8,6d04e84f-b2b7-467e-87cc-e8815a67f6f7,TRUE,2025-01-01 00:08:25
fc000000-0000-0000-0000-000000001031,f943babd-ea6a-444b-b645-315f491c40a6,e5fcf8a7-cb34-4278-8082-a63b9d1856a9,eb979557-17dd-4e57-90ac-1854eece7765,TRUE,2025-01-01 00:08:25
fc000000-0000-0000-0000-000000001032,e277efc3-55a1-40a9-8fad-b3149ffe9d2f,197fcbc8-7a73-40b5-802f-fa829cd49329,7aca039e-d723-43a5-b97d-b54b07fc5373,TRUE,2025-01-01 00:09:30
fc000000-0000-0000-0000-000000001033,347dcb07-5002-4376-b056-fc37fe48eac8,d6a47d18-5c17-48fb-9992-be67d2da891b,da3708fc-b61e-421e-b7c0-a6c5d3c31779,TRUE,2025-01-01 00:09:30
fc000000-0000-0000-0000-000000001034,4024b1c9-12fd-451e-8a5f-0a5025e55819,56c873fb-d05a-475b-9c58-8e43efcba0b2,dd36eb28-6b48-4071-aa16-f4fbaf70315e,TRUE,2025-01-01 00:09:30
fc000000-0000-0000-0000-000000001035,8be9d5c3-86aa-4cd5-be33-3b39dfd647fa,e5fcf8a7-cb34-4278-8082-a63b9d1856a9,eb979557-17dd-4e57-90ac-1854eece7765,TRUE,2025-01-01 00:09:30
fc000000-0000-0000-0000-000000001036,bb0d140f-d9e5-4b4a-8182-4376a439422f,d6a47d18-5c17-48fb-9992-be67d2da891b,6be59dfe-ed4a-4258-a31a-b9025a6a9f88,TRUE,2025-01-01 00:09:30
fc000000-0000-0000-0000-000000001037,d93c950c-ab6f-4a07-b92b-33b89adc419b,2a186b71-b6dd-44ce-affb-88b8d16eb578,e283b52f-d6f1-47d1-bf10-08d6c5af6a60,TRUE,2025-01-01 00:09:30
fc000000-0000-0000-0000-000000001038,243ecbfb-c97d-42f8-b56c-31ca4f742263,197fcbc8-7a73-40b5-802f-fa829cd49329,7aca039e-d723-43a5-b97d-b54b07fc5373,TRUE,2025-01-01 00:09:30
fc000000-0000-0000-0000-000000001039,5b707bb6-7325-4cd8-961e-8eff582d5328,7c844539-83eb-4880-b86c-dd05973f0e0a,b8cbc705-1090-4947-8783-70ce2ee9df2a,TRUE,2025-01-01 00:09:30
fc000000-0000-0000-0000-000000001040,f796a38b-1d81-4e48-ad0c-4ebeb485b41d,197fcbc8-7a73-40b5-802f-fa829cd49329,7aca039e-d723-43a5-b97d-b54b07fc5373,TRUE,2025-01-01 00:09:30
fc000000-0000-0000-0000-000000001041,e909318a-6b26-4da4-a189-c7e5e01c2226,70f60247-60d3-4bce-87a8-ef397833ede6,f9d715bc-2a94-46dc-aedd-d566fe5fca63,TRUE,2025-01-01 00:09:30
fc000000-0000-0000-0000-000000001042,ad81abe8-369b-42cc-b233-fa5e90258116,5f917eec-d4dc-40cb-94dd-b3272db3f858,b1aaab67-e072-48b8-8c61-539917206eec,TRUE,2025-01-01 00:50:57
fc000000-0000-0000-0000-000000001043,98ecc642-3342-4704-bc19-7da7d34461df,5f917eec-d4dc-40cb-94dd-b3272db3f858,b7b9056e-343d-4903-8c65-373151880714,TRUE,2025-01-01 00:55:53
fc000000-0000-0000-0000-000000001044,290bec96-ad40-46e1-ad88-33c3cf6536b9,5f917eec-d4dc-40cb-94dd-b3272db3f858,5aea2c49-62ea-4875-a90a-440920bd2e60,TRUE,2025-01-01 00:55:53
fc000000-0000-0000-0000-000000001045,0ce95acf-1221-45aa-ae6a-d496a33d1fa8,5f917eec-d4dc-40cb-94dd-b3272db3f858,ad3bee99-7863-4b55-aa09-b9754b160c47,TRUE,2025-01-01 00:58:11
fc000000-0000-0000-0000-000000001046,3d7a177b-20bf-4b7d-a8a1-7c3514daa4a5,5f917eec-d4dc-40cb-94dd-b3272db3f858,5aea2c49-62ea-4875-a90a-440920bd2e60,TRUE,2025-01-01 00:58:11
fc000000-0000-0000-0000-000000001047,2155ba74-85c2-4123-9485-75b3c9e07def,10bbf5a6-0d2a-4f76-9579-c153cfc4542f,41a7b674-be1f-4204-80c5-974f9ba24d39,TRUE,2025-01-01 00:58:11
fc000000-0000-0000-0000-000000001048,a61d62b8-582d-4179-9603-789f0ee2bece,5f917eec-d4dc-40cb-94dd-b3272db3f858,ad3bee99-7863-4b55-aa09-b9754b160c47,TRUE,2025-01-01 00:58:11
fc000000-0000-0000-0000-000000001049,7cbee3c6-e9d5-40f1-9be2-ac2fe5053add,5f917eec-d4dc-40cb-94dd-b3272db3f858,ad3bee99-7863-4b55-aa09-b9754b160c47,TRUE,2025-01-01 00:58:11
fc000000-0000-0000-0000-000000001050,ca257ac6-7d5b-4292-a6e1-9d71b5c73ada,5f917eec-d4dc-40cb-94dd-b3272db3f858,2489267c-9b73-4948-a360-81d6ae8f9a8e,TRUE,2025-01-01 00:58:11
fc000000-0000-0000-0000-000000001051,80126705-23b0-47c5-bf0b-bcce2bb4b417,5f917eec-d4dc-40cb-94dd-b3272db3f858,ad3bee99-7863-4b55-aa09-b9754b160c47,TRUE,2025-01-01 00:00:00
fc000000-0000-0000-0000-000000001052,ae70ee5e-ea25-47b0-9b80-aba3400b5cd3,5f5560cf-c169-4781-8204-fb75ac3408c8,49720e2e-bd94-4072-8816-4b2dc97902ed,TRUE,2025-01-01 00:11:46
fc000000-0000-0000-0000-000000001053,f648ef1c-c7c1-4d7f-b04a-91bf04a6718d,93813225-2cbe-4d50-8943-423d4338776a,4eb29058-3bc2-43c5-a3a9-066f9879db4a,TRUE,2025-01-01 00:11:46
fc000000-0000-0000-0000-000000001054,319210e7-b5f8-45c0-a3d0-9e384b46c5ca,77f6700e-88b8-40d8-9b61-ffefe536a5a2,27217365-aff2-447c-9c82-173f36a5173b,TRUE,2025-01-01 00:11:46
fc000000-0000-0000-0000-000000001055,58b4e1a8-1418-4da0-a57e-23d285891faf,5f5560cf-c169-4781-8204-fb75ac3408c8,fe5eb9eb-00b1-4d78-8a29-71597abc06c2,TRUE,2025-01-01 00:11:46
fc000000-0000-0000-0000-000000001056,b9e6ee77-95a5-4782-819e-2e9f0e39a9db,f0980453-c886-4dd1-8af5-7186fd83578d,9ba4b791-412e-4869-889f-bb12ea9cf9dc,TRUE,2025-01-01 00:11:46
fc000000-0000-0000-0000-000000001057,7484b19e-814d-4ca1-bfab-c1050e50b712,7a9cbfd8-d8a1-4773-8fad-dc210e493a3c,df86960e-a82f-45bd-a26a-195ae461d7f6,TRUE,2025-01-01 00:11:46
fc000000-0000-0000-0000-000000001058,e0d7a709-6146-4915-83d7-1906b24f9ce6,5f5560cf-c169-4781-8204-fb75ac3408c8,49720e2e-bd94-4072-8816-4b2dc97902ed,TRUE,2025-01-01 00:11:46
fc000000-0000-0000-0000-000000001059,605dc402-64b7-4ba9-9069-e705f4746b7c,5f5560cf-c169-4781-8204-fb75ac3408c8,49720e2e-bd94-4072-8816-4b2dc97902ed,TRUE,2025-01-01 00:11:46
fc000000-0000-0000-0000-000000001060,3f8fddd3-f75d-4d55-8622-c998930adc92,dc3b2dd6-a7eb-4ed7-bf00-750e33978760,fbe91310-b6cd-43ea-b306-e65d2ee5eaad,TRUE,2025-01-01 00:00:00
fc000000-0000-0000-0000-000000001061,be9dc891-8287-4cbd-9093-b658cae87d07,343841d6-b938-4b7d-8523-23d25aa1eeb5,39478e69-751f-45a6-88b2-fd08bf1e80a2,TRUE,2025-01-01 00:50:57
fc000000-0000-0000-0000-000000001062,20eb604e-6144-4ec8-9dfc-e504cfc576ea,343841d6-b938-4b7d-8523-23d25aa1eeb5,39478e69-751f-45a6-88b2-fd08bf1e80a2,TRUE,2025-01-01 00:50:57
fc000000-0000-0000-0000-000000001063,945cd8b9-47c7-4093-b0ea-4531c6ced200,343841d6-b938-4b7d-8523-23d25aa1eeb5,39478e69-751f-45a6-88b2-fd08bf1e80a2,TRUE,2025-01-01 00:50:57
fc000000-0000-0000-0000-000000001064,23483a03-aa1e-4e9e-862e-23a723901474,343841d6-b938-4b7d-8523-23d25aa1eeb5,39478e69-751f-45a6-88b2-fd08bf1e80a2,TRUE,2025-01-01 00:50:57
fc000000-0000-0000-0000-000000001065,70628840-212f-4377-8b18-8aa145bc292a,343841d6-b938-4b7d-8523-23d25aa1eeb5,39478e69-751f-45a6-88b2-fd08bf1e80a2,TRUE,2025-01-01 00:50:57
fc000000-0000-0000-0000-000000001066,6855aba8-d2c9-4cd6-aa86-bed08d0acfc8,343841d6-b938-4b7d-8523-23d25aa1eeb5,03ef20c9-4602-4b3f-b405-be77706bfc0e,TRUE,2025-01-01 00:50:57
fc000000-0000-0000-0000-000000001067,9bb91606-f058-4164-bcaa-87892da94227,343841d6-b938-4b7d-8523-23d25aa1eeb5,39478e69-751f-45a6-88b2-fd08bf1e80a2,TRUE,2025-01-01 00:50:57
fc000000-0000-0000-0000-000000001068,5f399d54-407c-4b4a-98c7-aef9ad1600c6,343841d6-b938-4b7d-8523-23d25aa1eeb5,03ef20c9-4602-4b3f-b405-be77706bfc0e,TRUE,2025-01-01 00:50:57
fc000000-0000-0000-0000-000000001069,489d88bf-1f8d-4de9-b7f1-a863268d3126,343841d6-b938-4b7d-8523-23d25aa1eeb5,39478e69-751f-45a6-88b2-fd08bf1e80a2,TRUE,2025-01-01 00:50:57
fc000000-0000-0000-0000-000000001070,f1ce23fc-d9bd-4514-83be-543b30357cb1,343841d6-b938-4b7d-8523-23d25aa1eeb5,39478e69-751f-45a6-88b2-fd08bf1e80a2,TRUE,2025-01-01 00:50:57
fc000000-0000-0000-0000-000000001071,4af9efb4-507c-4d83-bac1-bfcb915174a4,8dcc57a0-79ac-45dd-9db0-efb3d1fd5299,ee87b2fb-f35d-4dfc-a1ca-937eb532067c,TRUE,2025-01-01 00:47:58
fc000000-0000-0000-0000-000000001072,38561e9f-265f-4bd5-9e6f-4d4c001fab1e,8dcc57a0-79ac-45dd-9db0-efb3d1fd5299,e9452b7a-02cb-45b8-a05c-ce1936aae2ea,TRUE,2025-01-01 00:47:58
fc000000-0000-0000-0000-000000001073,fb0b305f-4c8f-43af-acc7-5619797e05a7,8dcc57a0-79ac-45dd-9db0-efb3d1fd5299,e8840113-28f3-4d0b-8d73-9f513c624c2a,TRUE,2025-01-01 00:47:58
fc000000-0000-0000-0000-000000001074,fbb1242f-32be-4c01-b085-b98486a13802,8dcc57a0-79ac-45dd-9db0-efb3d1fd5299,e9452b7a-02cb-45b8-a05c-ce1936aae2ea,TRUE,2025-01-01 00:47:58
fc000000-0000-0000-0000-000000001075,bb624860-ff6d-416a-bd40-2458aeefed6c,8dcc57a0-79ac-45dd-9db0-efb3d1fd5299,ee87b2fb-f35d-4dfc-a1ca-937eb532067c,TRUE,2025-01-01 00:47:58
fc000000-0000-0000-0000-000000001076,12c8ab8c-e4fd-4910-8bce-ef630b9e6491,7f3199ec-177e-41c2-aff7-49d5373d9018,b6f6f002-6666-4f6f-ffff-666666666662,TRUE,2025-01-01 00:09:30
fc000000-0000-0000-0000-000000001077,64afff51-8b14-4193-a750-6c03763a23b4,8d009eb0-2234-4ba9-9768-f922672929f0,12328925-dd54-469f-bb65-f8d66ee8c7f5,TRUE,2025-01-01 00:09:30
fc000000-0000-0000-0000-000000001078,3431dd32-d63e-4fce-8a7b-488a02dadf73,ecb74426-adfd-416f-90ce-ac1136940e59,a0f45e64-d974-4ed8-99b7-5fe52a283bc9,TRUE,2025-01-01 00:00:00
fc000000-0000-0000-0000-000000001079,c6444da3-7bf0-44e7-a219-85d4e84bded4,10bbf5a6-0d2a-4f76-9579-c153cfc4542f,41a7b674-be1f-4204-80c5-974f9ba24d39,TRUE,2025-01-01 00:00:00
fc000000-0000-0000-0000-000000001080,b702b30c-ea16-4a5b-8d78-13f8c41c51d3,8d009eb0-2234-4ba9-9768-f922672929f0,12328925-dd54-469f-bb65-f8d66ee8c7f5,TRUE,2025-01-01 00:09:30
fc000000-0000-0000-0000-000000001081,7d07fbd9-d1a5-4820-8ff8-c1120ea6ff06,5f917eec-d4dc-40cb-94dd-b3272db3f858,5aea2c49-62ea-4875-a90a-440920bd2e60,TRUE,2025-01-01 00:09:30
fc000000-0000-0000-0000-000000001082,0b66ede6-6a9d-4dc1-a71e-d4ac5db22f6f,5f917eec-d4dc-40cb-94dd-b3272db3f858,5aea2c49-62ea-4875-a90a-440920bd2e60,TRUE,2025-01-01 00:09:30
fc000000-0000-0000-0000-000000001083,606a879b-da69-4f28-bb62-7d6928c5bfda,5f917eec-d4dc-40cb-94dd-b3272db3f858,b7b9056e-343d-4903-8c65-373151880714,TRUE,2025-01-01 00:00:00
fc000000-0000-0000-0000-000000001084,51de79ee-7094-4b9e-8fd8-36c14770b17d,d859a9f6-ce5f-4e3f-8c72-f7e2030f93ce,b804f2f5-20a0-4930-a261-6a4967c1c256,TRUE,2025-01-01 00:00:00
fc000000-0000-0000-0000-000000001085,1fac6fce-3ca3-41c6-a470-541370486496,4081baaa-071b-45f4-a25d-ac5121bfccc7,2c0cf7ad-c480-4428-84c9-37060a9a0a37,TRUE,2025-01-01 00:11:46
fc000000-0000-0000-0000-000000001086,7ead3192-9970-4ca4-9492-1e653cba5c40,4081baaa-071b-45f4-a25d-ac5121bfccc7,5ef44941-021e-4c44-a995-8fcf78858411,TRUE,2025-01-01 00:11:46
fc000000-0000-0000-0000-000000001087,b369aafb-788d-48c2-a292-1227e246c5e2,4081baaa-071b-45f4-a25d-ac5121bfccc7,fd2f8365-a2f8-418a-b4cc-dc2a368c7b1c,TRUE,2025-01-01 00:11:46
fc000000-0000-0000-0000-000000001088,4aafb50c-8cb6-4610-9232-89902077d0a3,7c844539-83eb-4880-b86c-dd05973f0e0a,b8cbc705-1090-4947-8783-70ce2ee9df2a,TRUE,2025-01-01 00:11:46
fc000000-0000-0000-0000-000000001089,30a2d954-c1e6-4ca8-8b82-c27241094307,456e1a68-37c2-454d-948f-a46294d6ba3a,91e5a9cf-e300-45c3-bd78-5a4d13bb8955,TRUE,2025-01-01 00:11:46
fc000000-0000-0000-0000-000000001090,490c8da9-056b-42c8-953b-790ae0d96980,4081baaa-071b-45f4-a25d-ac5121bfccc7,fd2f8365-a2f8-418a-b4cc-dc2a368c7b1c,TRUE,2025-01-01 00:11:46
fc000000-0000-0000-0000-000000001091,e75e0dd4-68dc-4253-ba10-c66dbc68af66,10f25068-4e34-42ca-94b3-96f5288b82ea,e6557dc4-26ce-465e-9ae9-3cc02c70fbc1,TRUE,2025-01-01 00:11:46
fc000000-0000-0000-0000-000000001092,3ab4cfd1-65bf-4466-b000-fa986136cf8a,5f917eec-d4dc-40cb-94dd-b3272db3f858,b7b9056e-343d-4903-8c65-373151880714,TRUE,2025-01-01 00:11:46
fc000000-0000-0000-0000-000000001093,52e386d0-16ce-48fa-91c9-75e6dc633959,a3ae9791-1572-4564-a7b7-b17e5824951c,23572d27-28d8-44ed-9b1f-e7b7d7e780dc,TRUE,2025-01-01 00:11:46
fc000000-0000-0000-0000-000000001094,1ae94dc8-64ad-42e0-9650-72d9fe7e83c5,7c844539-83eb-4880-b86c-dd05973f0e0a,01142f8e-82d9-40f3-af4c-6d9b20a078a5,TRUE,2025-1-1 0:00
fc000000-0000-0000-0000-000000001095,b1966850-3f94-4893-8f7e-c6d27ee51461,5dbe61d1-daa6-4f30-acba-d9094a3f9de3,0b36f32b-64d1-4f8e-be00-e757fe1ffb9d,TRUE,2025-1-1 0:00
fc000000-0000-0000-0000-000000001096,3fdfc493-e614-4001-b564-8169665b6043,d859a9f6-ce5f-4e3f-8c72-f7e2030f93ce,63626deb-8fc4-4aec-b953-9613fc3e83f6,TRUE,2025-1-1 0:00
fc000000-0000-0000-0000-000000001097,7c3e49a3-81b4-48ae-b744-c00b8dc05568,632d6a1d-1002-4772-a104-4a5429379ea0,,TRUE,2025-1-1 0:00
fc000000-0000-0000-0000-000000001098,58e2d28f-d82e-4377-ae5d-34600e0382a9,1197ce03-96ae-4670-9ef3-28468625cf46,21f51f84-c1dd-4478-8fb0-1c10b08829a9,TRUE,2025-1-1 0:00
fc000000-0000-0000-0000-000000001099,9dfffdd4-1e58-4269-9d0e-cf773083ffaf,1197ce03-96ae-4670-9ef3-28468625cf46,21f51f84-c1dd-4478-8fb0-1c10b08829a9,TRUE,2025-1-1 0:00
fc000000-0000-0000-0000-000000001100,b6cb22e1-d94a-4a31-a69c-d7cebd7e2da1,10bbf5a6-0d2a-4f76-9579-c153cfc4542f,41a7b674-be1f-4204-80c5-974f9ba24d39,TRUE,2025-1-1 0:00
fc000000-0000-0000-0000-000000001101,b5e867d7-e04d-4974-b1dc-1e8d7a45c77f,d859a9f6-ce5f-4e3f-8c72-f7e2030f93ce,63626deb-8fc4-4aec-b953-9613fc3e83f6,TRUE,2025-1-1 0:00
fc000000-0000-0000-0000-000000001102,5d6e645a-ca76-4ed6-9c3a-65688ee1dd02,138bec94-c996-4510-895c-6c0af0f6a6fc,aa2ac8a6-12e0-4e15-8fc6-3ce47a710a51,TRUE,2025-1-1 0:00
fc000000-0000-0000-0000-000000001103,9aaac6a3-893d-407f-bc56-2440ef3e5e74,5f5560cf-c169-4781-8204-fb75ac3408c8,07c2376a-a737-4f36-bc03-1778dd9b71ec,TRUE,2025-1-1 0:00
fc000000-0000-0000-0000-000000001104,6efcf26f-b96d-467f-b08d-40957a446d85,93813225-2cbe-4d50-8943-423d4338776a,c916f879-a7fa-4403-94c3-dcd5d3a03627,TRUE,2025-1-1 0:00
fc000000-0000-0000-0000-000000001105,5aec5231-9a13-4ec6-b378-d5964efadc4a,1197ce03-96ae-4670-9ef3-28468625cf46,21f51f84-c1dd-4478-8fb0-1c10b08829a9,TRUE,2025-1-1 0:00
fc000000-0000-0000-0000-000000001106,f8b3e14e-2a1b-4ca1-a862-ff8ba9e173ca,10bbf5a6-0d2a-4f76-9579-c153cfc4542f,41a7b674-be1f-4204-80c5-974f9ba24d39,TRUE,2025-1-1 0:00
fc000000-0000-0000-0000-000000001107,2181d9cf-6d6b-4078-acee-317b4cc66ce9,1197ce03-96ae-4670-9ef3-28468625cf46,b4d493a3-2cc4-447f-a34c-327107ec2985,TRUE,2025-1-1 0:00
fc000000-0000-0000-0000-000000001108,42b424ae-4fe6-499f-8da7-eba2f6369b6b,1197ce03-96ae-4670-9ef3-28468625cf46,21f51f84-c1dd-4478-8fb0-1c10b08829a9,TRUE,2025-1-1 0:00
fc000000-0000-0000-0000-000000001109,c6e5a3dd-2b86-49aa-b104-e0a6873c8d0a,5dbe61d1-daa6-4f30-acba-d9094a3f9de3,c75026f9-6eff-43bf-8fa3-700c0f983cde,TRUE,2025-1-1 0:00
fc000000-0000-0000-0000-000000001110,d38aabdb-219c-4f57-a903-7cc8b78a3158,54babe4f-96f7-4e64-a219-73d52337d179,85148e4b-2e24-4675-8180-d8614d826d13,TRUE,2025-1-1 0:00
fc000000-0000-0000-0000-000000001111,8d1f2c2b-4dd4-4959-8ec7-375edd59f999,470809ae-c5f3-4ba1-9522-fd0972619f7f,5470f3a6-8f98-4587-a430-be88c6b9c0ac,TRUE,2025-1-1 0:00
fc000000-0000-0000-0000-000000001112,a7eebaa7-a429-4489-b0f0-1f29b069af63,5f5560cf-c169-4781-8204-fb75ac3408c8,c4e888dd-a15d-461c-83d1-9d2f7a4a3c4b,TRUE,2025-1-1 0:00
fc000000-0000-0000-0000-000000001113,496ce3e5-cf47-4bf4-8874-b4572a97def5,d859a9f6-ce5f-4e3f-8c72-f7e2030f93ce,63626deb-8fc4-4aec-b953-9613fc3e83f6,TRUE,2025-1-1 0:00
fc000000-0000-0000-0000-000000001114,a42c35fe-e9bd-42b0-8787-966596a54f97,10bbf5a6-0d2a-4f76-9579-c153cfc4542f,41a7b674-be1f-4204-80c5-974f9ba24d39,TRUE,2025-1-1 0:00
fc000000-0000-0000-0000-000000001115,5d130317-45b7-4caa-aa92-b38fabf64bd8,33871093-82ae-468b-becb-d5ad477a7b98,647f1864-163b-4b7e-9529-16d0576da166,TRUE,2025-1-1 0:00
fc000000-0000-0000-0000-000000001116,757661f5-15bb-4634-87a2-e83e5e4ac1be,4081baaa-071b-45f4-a25d-ac5121bfccc7,2c0cf7ad-c480-4428-84c9-37060a9a0a37,TRUE,2025-1-1 0:00
fc000000-0000-0000-0000-000000001117,46bdfbfd-5076-4275-808a-0654c0f16d64,470809ae-c5f3-4ba1-9522-fd0972619f7f,c82335ca-73c8-44fb-8e7c-4f7d4965d472,TRUE,2025-1-1 0:00
fc000000-0000-0000-0000-000000001118,13b02d85-0b21-41df-a42b-a3e69627c361,ecb74426-adfd-416f-90ce-ac1136940e59,5cf414a9-7d0b-4cbc-82e9-54a3dd0b9e26,TRUE,2025-1-1 0:00
fc000000-0000-0000-0000-000000001119,685e5824-24fc-4845-b14b-c910e3724267,5dbe61d1-daa6-4f30-acba-d9094a3f9de3,7691d3c4-b420-4c6b-92d4-a2da6fbbc7b3,TRUE,2025-1-1 0:00
fc000000-0000-0000-0000-000000001120,c7b53088-088e-47c7-880c-33fff141f5cc,ecb74426-adfd-416f-90ce-ac1136940e59,a0f45e64-d974-4ed8-99b7-5fe52a283bc9,TRUE,2025-1-1 0:00
fc000000-0000-0000-0000-000000001121,0c1a24dd-8ba8-49c0-9201-209dcec335ff,197fcbc8-7a73-40b5-802f-fa829cd49329,7aca039e-d723-43a5-b97d-b54b07fc5373,TRUE,2025-1-1 0:00
fc000000-0000-0000-0000-000000001122,513980c6-0171-4aff-a7f3-b55f1a3e291d,c0bae7dc-ef7b-4a8b-99fd-c1c1de3a9ed2,d493879f-f5cc-4c9a-bfbd-78a96a34b900,TRUE,2025-1-1 0:00
fc000000-0000-0000-0000-000000001123,9ed14b2b-c050-40f4-a1be-9a0681fc1fcf,c0bae7dc-ef7b-4a8b-99fd-c1c1de3a9ed2,6c9a8c6f-47b7-4e20-b7ec-56eaa99fabda,TRUE,2025-1-1 0:00
fc000000-0000-0000-0000-000000001124,306adbb9-1cd9-4b86-a202-0cdd8351a725,1197ce03-96ae-4670-9ef3-28468625cf46,21f51f84-c1dd-4478-8fb0-1c10b08829a9,TRUE,2025-1-1 0:00
fc000000-0000-0000-0000-000000001125,ac9a69a5-6742-4c61-a0fc-357ffaacb990,5f917eec-d4dc-40cb-94dd-b3272db3f858,b7b9056e-343d-4903-8c65-373151880714,TRUE,2025-1-1 0:00
fc000000-0000-0000-0000-000000001126,dea2856c-266c-404b-ba9a-660bf0018d47,5f917eec-d4dc-40cb-94dd-b3272db3f858,bce1e994-acf3-4090-853f-efbc01836951,TRUE,2025-1-1 0:00
fc000000-0000-0000-0000-000000001127,6e7e1589-f738-4d22-98b1-15f122e473ce,138bec94-c996-4510-895c-6c0af0f6a6fc,aa2ac8a6-12e0-4e15-8fc6-3ce47a710a51,TRUE,2025-1-1 0:00
fc000000-0000-0000-0000-000000001128,1984c3e0-e84b-4f1b-9983-778f9dfd90fc,4cae38a8-4a2b-4f9f-8e47-c51a8fdab4d6,d1d4d95c-2df5-4126-8033-d0a652c4d8b3,TRUE,2025-1-1 0:00
fc000000-0000-0000-0000-000000001129,fa32c4a3-f72f-4edc-85d4-51bde717a0a9,1197ce03-96ae-4670-9ef3-28468625cf46,b4d493a3-2cc4-447f-a34c-327107ec2985,TRUE,2025-1-1 0:00
fc000000-0000-0000-0000-000000001130,add4ca64-cde4-4c81-8e58-d521d898372b,343841d6-b938-4b7d-8523-23d25aa1eeb5,8c1d63cc-3124-4fe9-9b77-352979659082,TRUE,2025-1-1 0:00
fc000000-0000-0000-0000-000000001131,a39cf9a7-18eb-40d7-a536-ac1a43690702,10f25068-4e34-42ca-94b3-96f5288b82ea,e6557dc4-26ce-465e-9ae9-3cc02c70fbc1,TRUE,2025-1-1 0:00
fc000000-0000-0000-0000-000000001132,9c4c8994-4d2e-45ee-98ff-0dc08f89f6dc,9850fdfd-cfa4-4d9d-9b6e-f39e1338186a,2d521cc1-4bc3-4df8-89ba-f75bebaf897b,TRUE,2025-1-1 0:00
fc000000-0000-0000-0000-000000001133,11ec541c-8d14-4ee5-ba4c-dabf82387746,10bbf5a6-0d2a-4f76-9579-c153cfc4542f,41a7b674-be1f-4204-80c5-974f9ba24d39,TRUE,2025-1-1 0:00
fc000000-0000-0000-0000-000000001134,e82dbdfb-34d6-4427-99f1-7334e55a59eb,138bec94-c996-4510-895c-6c0af0f6a6fc,aa2ac8a6-12e0-4e15-8fc6-3ce47a710a51,TRUE,2025-1-1 0:00
fc000000-0000-0000-0000-000000001135,4a4b2be6-742f-4690-bdb4-7f307761ef4c,5f917eec-d4dc-40cb-94dd-b3272db3f858,2489267c-9b73-4948-a360-81d6ae8f9a8e,TRUE,2025-1-1 0:00
fc000000-0000-0000-0000-000000001136,b30cf2fe-a449-40e7-9afa-3ce7a29cf2ec,99a7aaba-40a8-48e3-b8f9-a0d489cfb213,b2f2b002-2222-4b2b-bbbb-222222222222,TRUE,2025-1-1 0:00
fc000000-0000-0000-0000-000000001137,7a48f43c-7ccb-480c-8b26-77c5994cb82e,d6a47d18-5c17-48fb-9992-be67d2da891b,da3708fc-b61e-421e-b7c0-a6c5d3c31779,TRUE,2025-1-1 0:00
fc000000-0000-0000-0000-000000001138,6e313ad1-9e12-4d70-853a-944f567a0acb,4ee5e694-5d88-4a9b-ba2e-eecf653807e1,,TRUE,2025-1-1 0:00
fc000000-0000-0000-0000-000000001139,3cac3d1d-27d2-4009-8a0f-9cd03a389407,ecb74426-adfd-416f-90ce-ac1136940e59,a0f45e64-d974-4ed8-99b7-5fe52a283bc9,TRUE,2025-1-1 0:00
fc000000-0000-0000-0000-000000001140,0646a3ac-eaf3-406e-ac72-d59fddb63b78,ecb74426-adfd-416f-90ce-ac1136940e59,8efb3f1b-df47-4567-ae54-340777480d16,TRUE,2025-1-1 0:00
fc000000-0000-0000-0000-000000001141,c4c6e592-e9bc-4518-b791-482f31803ead,10f25068-4e34-42ca-94b3-96f5288b82ea,e6557dc4-26ce-465e-9ae9-3cc02c70fbc1,TRUE,2025-1-1 0:00
fc000000-0000-0000-0000-000000001142,b99cc638-61d0-49c1-ba47-9fbd822a1ccf,33871093-82ae-468b-becb-d5ad477a7b98,647f1864-163b-4b7e-9529-16d0576da166,TRUE,2025-1-1 0:00
fc000000-0000-0000-0000-000000001143,91dd4711-5e07-4a7e-8a75-d8384fc158b9,1197ce03-96ae-4670-9ef3-28468625cf46,21f51f84-c1dd-4478-8fb0-1c10b08829a9,TRUE,2025-1-1 0:00
fc000000-0000-0000-0000-000000001144,3b4bb16e-1882-4bbf-b79f-0ffd13491af4,ecb74426-adfd-416f-90ce-ac1136940e59,a0f45e64-d974-4ed8-99b7-5fe52a283bc9,TRUE,2025-1-1 0:00
fc000000-0000-0000-0000-000000001145,5e12d3d4-5738-4955-94e3-03608f6a6ab8,470809ae-c5f3-4ba1-9522-fd0972619f7f,5470f3a6-8f98-4587-a430-be88c6b9c0ac,TRUE,2025-1-1 0:00
fc000000-0000-0000-0000-000000001146,3ae8b196-9e9d-443e-b1e5-df65526686e3,a304b977-b01b-44b8-aebb-1186af42aba7,702e83c8-bbc0-4a74-80d5-91db1f72785d,TRUE,2025-1-1 0:00
fc000000-0000-0000-0000-000000001147,146c0b9a-7f1a-4349-acbb-9e635b67f0ed,138bec94-c996-4510-895c-6c0af0f6a6fc,a01eb0c3-5e2f-4b62-abc6-c59b24233509,TRUE,2025-1-1 0:00
fc000000-0000-0000-0000-000000001148,668b8c49-6dd3-4e0d-ab5a-1ae6a0e1829d,5dbe61d1-daa6-4f30-acba-d9094a3f9de3,0b36f32b-64d1-4f8e-be00-e757fe1ffb9d,TRUE,2025-1-1 0:00
fc000000-0000-0000-0000-000000001149,f3a87cae-1f95-490d-9dbc-8f0759a06895,4081baaa-071b-45f4-a25d-ac5121bfccc7,2c0cf7ad-c480-4428-84c9-37060a9a0a37,TRUE,2025-1-1 0:00
fc000000-0000-0000-0000-000000001150,58e082bd-8ad9-4ee9-92ca-be29f3892f4b,1197ce03-96ae-4670-9ef3-28468625cf46,21f51f84-c1dd-4478-8fb0-1c10b08829a9,TRUE,2025-1-1 0:00
fc000000-0000-0000-0000-000000001151,5ac44d91-d7c0-4ddb-ba5c-e152d8954bf7,ecb74426-adfd-416f-90ce-ac1136940e59,5cf414a9-7d0b-4cbc-82e9-54a3dd0b9e26,TRUE,2025-1-1 0:00
fc000000-0000-0000-0000-000000001152,be84dd74-61cb-46bf-b3a8-953d79be7933,77f6700e-88b8-40d8-9b61-ffefe536a5a2,27217365-aff2-447c-9c82-173f36a5173b,TRUE,2025-1-1 0:00
fc000000-0000-0000-0000-000000001153,a1396a46-d38e-4e0b-877e-7e0fd55be66a,c0bae7dc-ef7b-4a8b-99fd-c1c1de3a9ed2,d493879f-f5cc-4c9a-bfbd-78a96a34b900,TRUE,2025-1-1 0:00
fc000000-0000-0000-0000-000000001154,368e80d9-3ba0-46d2-9979-67cbdb69ce6f,5f5560cf-c169-4781-8204-fb75ac3408c8,,TRUE,2025-1-1 0:00
fc000000-0000-0000-0000-000000001155,0db4c3ee-7282-42aa-be41-21732c3658b6,138bec94-c996-4510-895c-6c0af0f6a6fc,aa2ac8a6-12e0-4e15-8fc6-3ce47a710a51,TRUE,2025-1-1 0:00
fc000000-0000-0000-0000-000000001156,3f29e1a8-d818-4cc7-ae35-d92c4bcfa357,4cae38a8-4a2b-4f9f-8e47-c51a8fdab4d6,d1d4d95c-2df5-4126-8033-d0a652c4d8b3,TRUE,2025-1-1 0:00
fc000000-0000-0000-0000-000000001157,a5e859b4-6b8c-4036-b87b-04a4cb2b0181,1197ce03-96ae-4670-9ef3-28468625cf46,21f51f84-c1dd-4478-8fb0-1c10b08829a9,TRUE,2025-1-1 0:00
fc000000-0000-0000-0000-000000001158,49b564d1-e211-41fb-901b-bc102d9bea80,10bbf5a6-0d2a-4f76-9579-c153cfc4542f,41a7b674-be1f-4204-80c5-974f9ba24d39,TRUE,2025-1-1 0:00
fc000000-0000-0000-0000-000000001159,f75aaa41-acce-4021-99a0-070a49650240,197fcbc8-7a73-40b5-802f-fa829cd49329,ba4abcf4-736f-4506-ae63-aad198da3468,TRUE,2025-1-1 0:00
fc000000-0000-0000-0000-000000001160,e2d6be80-968a-41d6-985c-3d1526410c64,10bbf5a6-0d2a-4f76-9579-c153cfc4542f,41a7b674-be1f-4204-80c5-974f9ba24d39,TRUE,2025-1-1 0:00
fc000000-0000-0000-0000-000000001161,4412b726-961e-4fd1-8338-a5b8552490bc,10f25068-4e34-42ca-94b3-96f5288b82ea,8a83c815-be56-48ef-b1de-a8698888d087,TRUE,2025-1-1 0:00
fc000000-0000-0000-0000-000000001162,ffc26e8a-e1ca-436f-86c0-8947b436fd79,c0bae7dc-ef7b-4a8b-99fd-c1c1de3a9ed2,d493879f-f5cc-4c9a-bfbd-78a96a34b900,TRUE,2025-1-1 0:00
fc000000-0000-0000-0000-000000001163,7e6708bc-282e-4db5-b896-947f0d407cb2,4ee5e694-5d88-4a9b-ba2e-eecf653807e1,,TRUE,2025-1-1 0:00
fc000000-0000-0000-0000-000000001164,63e8fcdd-17af-4413-8cd1-39e2012795b1,5f917eec-d4dc-40cb-94dd-b3272db3f858,b1aaab67-e072-48b8-8c61-539917206eec,TRUE,2025-1-1 0:00
fc000000-0000-0000-0000-000000001165,b92f6992-01e1-4a17-ae71-059cf3c0f4c5,c0bae7dc-ef7b-4a8b-99fd-c1c1de3a9ed2,6c9a8c6f-47b7-4e20-b7ec-56eaa99fabda,TRUE,2025-1-1 0:00
fc000000-0000-0000-0000-000000001166,9cb52bae-6893-483a-9614-22be48d7030a,c0bae7dc-ef7b-4a8b-99fd-c1c1de3a9ed2,d493879f-f5cc-4c9a-bfbd-78a96a34b900,TRUE,2025-1-1 0:00
fc000000-0000-0000-0000-000000001167,06b6e3d7-2a69-4879-8453-d20a2e06ac72,c0bae7dc-ef7b-4a8b-99fd-c1c1de3a9ed2,d493879f-f5cc-4c9a-bfbd-78a96a34b900,TRUE,2025-1-1 0:00
fc000000-0000-0000-0000-000000001168,4dba6b15-ff3f-4c41-8b51-0946518c35ab,5f917eec-d4dc-40cb-94dd-b3272db3f858,2489267c-9b73-4948-a360-81d6ae8f9a8e,TRUE,2025-1-1 0:00
fc000000-0000-0000-0000-000000001169,1aee7828-e8ca-4951-b955-3d272a66dbc4,8dcc57a0-79ac-45dd-9db0-efb3d1fd5299,e8840113-28f3-4d0b-8d73-9f513c624c2a,TRUE,2025-1-1 0:00
fc000000-0000-0000-0000-000000001170,641d1345-19c9-4711-89e0-b9bd5db58643,8dcc57a0-79ac-45dd-9db0-efb3d1fd5299,e8840113-28f3-4d0b-8d73-9f513c624c2a,TRUE,2025-1-1 0:00
fc000000-0000-0000-0000-000000001171,e22fba63-c32b-4be4-8707-c42476609842,5f917eec-d4dc-40cb-94dd-b3272db3f858,6898215c-6350-4a2f-b42d-94e3e1d041aa,TRUE,2025-1-1 0:00
fc000000-0000-0000-0000-000000001172,9d3c202d-9381-4147-92a2-c889ecd68121,4cae38a8-4a2b-4f9f-8e47-c51a8fdab4d6,d1d4d95c-2df5-4126-8033-d0a652c4d8b3,TRUE,2025-1-1 0:00
fc000000-0000-0000-0000-000000001173,f73cf74b-e2d3-469e-959f-52fc1a245bce,8dcc57a0-79ac-45dd-9db0-efb3d1fd5299,f5aa12c0-a668-4178-b870-908ba1c7ac67,TRUE,2025-1-1 0:00
fc000000-0000-0000-0000-000000001174,2ab72a84-be1d-4f96-bfc6-cbf4113c345d,5f917eec-d4dc-40cb-94dd-b3272db3f858,b1aaab67-e072-48b8-8c61-539917206eec,TRUE,2025-1-1 0:00
fc000000-0000-0000-0000-000000001175,f90c3450-c059-4971-afde-fa199ffc1790,456e1a68-37c2-454d-948f-a46294d6ba3a,5998245d-af84-4a40-a4ca-75ab6b7272fe,TRUE,2025-1-1 0:00
fc000000-0000-0000-0000-000000001176,8ffc9f7a-c3a4-404a-8794-b81f3fa7176d,1197ce03-96ae-4670-9ef3-28468625cf46,21f51f84-c1dd-4478-8fb0-1c10b08829a9,TRUE,2025-1-1 0:00
fc000000-0000-0000-0000-000000001177,2bded616-68d1-448d-ae54-1bcf470b058f,4cae38a8-4a2b-4f9f-8e47-c51a8fdab4d6,d1d4d95c-2df5-4126-8033-d0a652c4d8b3,TRUE,2025-1-1 0:00
fc000000-0000-0000-0000-000000001178,61a026f1-84fe-4e23-981c-dc964514ca67,c0bae7dc-ef7b-4a8b-99fd-c1c1de3a9ed2,d493879f-f5cc-4c9a-bfbd-78a96a34b900,TRUE,2025-1-1 0:00
fc000000-0000-0000-0000-000000001179,d39d234b-6ab8-4219-809e-d08dcb0e0f25,d6a47d18-5c17-48fb-9992-be67d2da891b,495e316d-c879-4429-b959-68f11987ef6e,TRUE,2025-1-1 0:00
fc000000-0000-0000-0000-000000001180,5e827729-112a-49f4-8575-eb8cfc74b271,d859a9f6-ce5f-4e3f-8c72-f7e2030f93ce,63626deb-8fc4-4aec-b953-9613fc3e83f6,TRUE,2025-1-1 0:00
fc000000-0000-0000-0000-000000001181,72e6add9-4743-4221-8a37-504502dbca6b,5f917eec-d4dc-40cb-94dd-b3272db3f858,b7b9056e-343d-4903-8c65-373151880714,TRUE,2025-1-1 0:00
fc000000-0000-0000-0000-000000001182,8bda802f-25a5-4d3b-a073-e775b8254f4d,c0bae7dc-ef7b-4a8b-99fd-c1c1de3a9ed2,a11031c8-c160-488b-ae57-59320f8e85fa,TRUE,2025-1-1 0:00
fc000000-0000-0000-0000-000000001183,ad2f745b-ddda-4165-b428-6274b3a3294c,5f917eec-d4dc-40cb-94dd-b3272db3f858,ad3bee99-7863-4b55-aa09-b9754b160c47,TRUE,2025-1-1 0:00
fc000000-0000-0000-0000-000000001184,26e419c5-022d-401b-81b0-e1c58f24aa39,197fcbc8-7a73-40b5-802f-fa829cd49329,7aca039e-d723-43a5-b97d-b54b07fc5373,TRUE,2025-1-1 0:00
fc000000-0000-0000-0000-000000001185,ee22ea13-04d5-4669-b113-1ee8a1c679f7,470809ae-c5f3-4ba1-9522-fd0972619f7f,0f1d8c04-97b9-4843-9872-3e78a0272e57,TRUE,2025-1-1 0:00
fc000000-0000-0000-0000-000000001186,dbe4e874-1e0a-44f1-9c88-23243a97f81d,197fcbc8-7a73-40b5-802f-fa829cd49329,7aca039e-d723-43a5-b97d-b54b07fc5373,TRUE,2025-1-1 0:00
fc000000-0000-0000-0000-000000001187,7b1471a1-c276-4f1c-9750-efa7cf61e6f1,10bbf5a6-0d2a-4f76-9579-c153cfc4542f,41a7b674-be1f-4204-80c5-974f9ba24d39,TRUE,2025-1-1 0:00
fc000000-0000-0000-0000-000000001188,285a8087-2909-4baa-b959-149231119cea,9850fdfd-cfa4-4d9d-9b6e-f39e1338186a,2d521cc1-4bc3-4df8-89ba-f75bebaf897b,TRUE,2025-1-1 0:00
fc000000-0000-0000-0000-000000001189,7d4c71df-a292-4891-88e5-5beda4329583,1197ce03-96ae-4670-9ef3-28468625cf46,21f51f84-c1dd-4478-8fb0-1c10b08829a9,TRUE,2025-1-1 0:00
fc000000-0000-0000-0000-000000001190,c1719752-43d5-4d87-bc55-62bed966380d,1197ce03-96ae-4670-9ef3-28468625cf46,21f51f84-c1dd-4478-8fb0-1c10b08829a9,TRUE,2025-1-1 0:00
fc000000-0000-0000-0000-000000001191,757c944a-c4f9-4134-9add-083e6a6d56fd,5f917eec-d4dc-40cb-94dd-b3272db3f858,b1aaab67-e072-48b8-8c61-539917206eec,TRUE,2025-1-1 0:00
fc000000-0000-0000-0000-000000001192,4e56972b-761c-4f40-9a9f-7f636ecd4200,138bec94-c996-4510-895c-6c0af0f6a6fc,b4ecba59-626f-4494-9b9c-6d691e35b839,TRUE,2025-1-1 0:00
fc000000-0000-0000-0000-000000001193,da3d6166-4173-4a53-99bd-458944546172,f0980453-c886-4dd1-8af5-7186fd83578d,9ba4b791-412e-4869-889f-bb12ea9cf9dc,TRUE,2025-1-1 0:00
fc000000-0000-0000-0000-000000001194,33e33b88-95cc-4c7c-86f6-bb90ba44b957,8dcc57a0-79ac-45dd-9db0-efb3d1fd5299,e8840113-28f3-4d0b-8d73-9f513c624c2a,TRUE,2025-1-1 0:00
fc000000-0000-0000-0000-000000001195,22315914-73c8-4e93-bffa-3e10e9040df0,343841d6-b938-4b7d-8523-23d25aa1eeb5,39478e69-751f-45a6-88b2-fd08bf1e80a2,TRUE,2025-1-1 0:00
fc000000-0000-0000-0000-000000001196,f14dff5b-0538-465c-bc0c-d69cd2276f8e,8dcc57a0-79ac-45dd-9db0-efb3d1fd5299,e8840113-28f3-4d0b-8d73-9f513c624c2a,TRUE,2025-1-1 0:00
fc000000-0000-0000-0000-000000001197,75039b3b-5884-4db7-802a-1aaa9e74a3ec,33871093-82ae-468b-becb-d5ad477a7b98,ddabb18e-7453-4430-9ce3-a06f3326cbde,TRUE,2025-1-1 0:00
fc000000-0000-0000-0000-000000001198,6e8ec2e7-0bdf-4dcd-a470-1796fecfca0e,ecb74426-adfd-416f-90ce-ac1136940e59,8efb3f1b-df47-4567-ae54-340777480d16,TRUE,2025-1-1 0:00
fc000000-0000-0000-0000-000000001199,a98ca601-52f4-442e-88f0-472b1708df1d,33871093-82ae-468b-becb-d5ad477a7b98,b2f585d8-8b83-408a-9cd8-10d67d22528c,TRUE,2025-1-1 0:00
fc000000-0000-0000-0000-000000001200,eeb9d325-2e52-4a03-94b8-9a670ad67ec2,197fcbc8-7a73-40b5-802f-fa829cd49329,ba4abcf4-736f-4506-ae63-aad198da3468,TRUE,2025-1-1 0:00
fc000000-0000-0000-0000-000000001201,2341d0f7-22a2-42e5-9bff-ec9b7adfb974,5f917eec-d4dc-40cb-94dd-b3272db3f858,b1aaab67-e072-48b8-8c61-539917206eec,TRUE,2025-1-1 0:00
fc000000-0000-0000-0000-000000001202,9972b15c-9e05-4cc9-b316-2f83608ae522,138bec94-c996-4510-895c-6c0af0f6a6fc,b4ecba59-626f-4494-9b9c-6d691e35b839,TRUE,2025-1-1 0:00
fc000000-0000-0000-0000-000000001203,06150d99-d60c-4ac0-8c8f-85c06d1db882,1197ce03-96ae-4670-9ef3-28468625cf46,21f51f84-c1dd-4478-8fb0-1c10b08829a9,TRUE,2025-1-1 0:00
fc000000-0000-0000-0000-000000001204,076f9595-f226-4efe-addd-f5ed721a824d,1197ce03-96ae-4670-9ef3-28468625cf46,21f51f84-c1dd-4478-8fb0-1c10b08829a9,TRUE,2025-1-1 0:00
fc000000-0000-0000-0000-000000001205,aed4ba4a-1cd7-40f2-a2f3-9e984cfa41a7,8dcc57a0-79ac-45dd-9db0-efb3d1fd5299,e9452b7a-02cb-45b8-a05c-ce1936aae2ea,TRUE,2025-1-1 0:00
fc000000-0000-0000-0000-000000001206,775e0274-77e9-4ad4-8bfb-c06aa4769738,1197ce03-96ae-4670-9ef3-28468625cf46,21f51f84-c1dd-4478-8fb0-1c10b08829a9,TRUE,2025-1-1 0:00
fc000000-0000-0000-0000-000000001207,8f1e19a6-2f62-4caf-9650-4515099fd387,7c844539-83eb-4880-b86c-dd05973f0e0a,01142f8e-82d9-40f3-af4c-6d9b20a078a5,TRUE,2025-1-1 0:00
fc000000-0000-0000-0000-000000001208,aa385e8a-8282-4a6b-ba9e-0f4687c5521b,470809ae-c5f3-4ba1-9522-fd0972619f7f,c82335ca-73c8-44fb-8e7c-4f7d4965d472,TRUE,2025-1-1 0:00
fc000000-0000-0000-0000-000000001209,6bedb6b8-7dce-47de-b44e-d8e064f19564,8dcc57a0-79ac-45dd-9db0-efb3d1fd5299,f5aa12c0-a668-4178-b870-908ba1c7ac67,TRUE,2025-1-1 0:00
fc000000-0000-0000-0000-000000001210,4de1a6a0-2773-413e-8c96-0f0b26d0c816,5f917eec-d4dc-40cb-94dd-b3272db3f858,6898215c-6350-4a2f-b42d-94e3e1d041aa,TRUE,2025-1-1 0:00
fc000000-0000-0000-0000-000000001211,6f207baf-467a-4bc9-9d03-bde54065a98c,4cae38a8-4a2b-4f9f-8e47-c51a8fdab4d6,d1d4d95c-2df5-4126-8033-d0a652c4d8b3,TRUE,2025-1-1 0:00
fc000000-0000-0000-0000-000000001212,f499f3af-585e-42f3-8e89-14cdcc13fd6b,197fcbc8-7a73-40b5-802f-fa829cd49329,ba4abcf4-736f-4506-ae63-aad198da3468,TRUE,2025-1-1 0:00
fc000000-0000-0000-0000-000000001213,09b8df2f-b30f-498f-b8f6-92d468d6540b,254fb67f-3428-43b2-9dfb-c01553f7a6d1,b5f5e003-5555-4e5e-eeee-555555555553,TRUE,2025-1-1 0:00
fc000000-0000-0000-0000-000000001214,674336f4-d914-409b-a647-fb25d34bf997,9850fdfd-cfa4-4d9d-9b6e-f39e1338186a,2d521cc1-4bc3-4df8-89ba-f75bebaf897b,TRUE,2025-1-1 0:00
fc000000-0000-0000-0000-000000001215,e31242a1-2af2-4f86-9d6c-d03bf00a4344,9850fdfd-cfa4-4d9d-9b6e-f39e1338186a,2d521cc1-4bc3-4df8-89ba-f75bebaf897b,TRUE,2025-1-1 0:00
fc000000-0000-0000-0000-000000001216,3c04ecc6-758e-4309-9772-ea49ae30fc60,d57f11d3-f03a-49bf-905e-131a223352cd,af030f0d-629b-4fc2-a83d-2a5117a4a7e3,TRUE,2025-1-1 0:00
fc000000-0000-0000-0000-000000001217,82f31048-406f-4d7f-a046-99ec10729294,d3eb7bae-2fff-4325-b5fc-0d1ef63ce523,b1f1a003-1111-4a1b-aaaa-111111111113,TRUE,2025-1-1 0:00
fc000000-0000-0000-0000-000000001218,7e62eaf4-e82d-4412-8156-99b31f23d11a,8fc98f56-9662-45f7-8bd6-86a56e2142d1,,TRUE,2025-1-1 0:00
fc000000-0000-0000-0000-000000001219,6e904355-935b-417a-afc4-1c1ee02f6c6e,5f5560cf-c169-4781-8204-fb75ac3408c8,49720e2e-bd94-4072-8816-4b2dc97902ed,TRUE,2025-1-1 0:00
fc000000-0000-0000-0000-000000001220,fa9766ba-6af1-4fe6-9226-2e0127fed0dd,4cae38a8-4a2b-4f9f-8e47-c51a8fdab4d6,d1d4d95c-2df5-4126-8033-d0a652c4d8b3,TRUE,2025-1-1 0:00
fc000000-0000-0000-0000-000000001221,a2806baa-5276-4330-88f9-157074983c9e,5f917eec-d4dc-40cb-94dd-b3272db3f858,2489267c-9b73-4948-a360-81d6ae8f9a8e,TRUE,2025-1-1 0:00
fc000000-0000-0000-0000-000000001222,ca92bdd1-644b-4fc3-b09c-96bb1b3a73f8,d57f11d3-f03a-49bf-905e-131a223352cd,ca9c9a7f-95cb-45c5-8668-628ddcc6c673,TRUE,2025-1-1 0:00
fc000000-0000-0000-0000-000000001223,4a8e40e2-1a1a-4772-91db-67b726796311,5f5560cf-c169-4781-8204-fb75ac3408c8,07c2376a-a737-4f36-bc03-1778dd9b71ec,TRUE,2025-1-1 0:00
fc000000-0000-0000-0000-000000001224,0998e044-04d4-450d-84a4-ee3c9202c54a,138bec94-c996-4510-895c-6c0af0f6a6fc,e0e92ae5-9be6-4bfa-8f56-0f28d97e5408,TRUE,2025-1-1 0:00
fc000000-0000-0000-0000-000000001225,2c933293-67d1-4607-942f-368e051b750f,1197ce03-96ae-4670-9ef3-28468625cf46,21f51f84-c1dd-4478-8fb0-1c10b08829a9,TRUE,2025-1-1 0:00
fc000000-0000-0000-0000-000000001226,e99d0859-5f5c-44b7-ac06-667d0a2369b9,5f917eec-d4dc-40cb-94dd-b3272db3f858,ad3bee99-7863-4b55-aa09-b9754b160c47,TRUE,2025-1-1 0:00
fc000000-0000-0000-0000-000000001227,218c53f0-6e82-4f96-99ff-3c2eb52272e3,8dcc57a0-79ac-45dd-9db0-efb3d1fd5299,f5aa12c0-a668-4178-b870-908ba1c7ac67,TRUE,2025-1-1 0:00
fc000000-0000-0000-0000-000000001228,1e28de06-db80-4a2c-aaa8-030a7d216912,197fcbc8-7a73-40b5-802f-fa829cd49329,7aca039e-d723-43a5-b97d-b54b07fc5373,TRUE,2025-1-1 0:00
fc000000-0000-0000-0000-000000001229,f343d665-d06c-4faa-8187-ad6e20892009,ecb74426-adfd-416f-90ce-ac1136940e59,a0f45e64-d974-4ed8-99b7-5fe52a283bc9,TRUE,2025-1-1 0:00
fc000000-0000-0000-0000-000000001230,4f2a1151-2589-40f8-af5b-e54701367688,4081baaa-071b-45f4-a25d-ac5121bfccc7,7e20674c-0cfd-42f7-94dc-124313a44543,TRUE,2025-1-1 0:00
fc000000-0000-0000-0000-000000001231,5daa71f2-08a5-43cc-89e1-635c356945e4,5c249092-11b0-47dc-81ba-1a905c6f45aa,532a6a94-bb92-4ce2-be3e-177bd1e04573,TRUE,2025-1-1 0:00
fc000000-0000-0000-0000-000000001232,ba806bbb-f5c0-4134-ab42-4c8563b70467,138bec94-c996-4510-895c-6c0af0f6a6fc,aa2ac8a6-12e0-4e15-8fc6-3ce47a710a51,TRUE,2025-1-1 0:00
fc000000-0000-0000-0000-000000001233,66e3a60e-b5dc-4f9c-b0df-26bd3798f3c6,138bec94-c996-4510-895c-6c0af0f6a6fc,aa2ac8a6-12e0-4e15-8fc6-3ce47a710a51,TRUE,2025-1-1 0:00
fc000000-0000-0000-0000-000000001234,4005711e-07a2-45cc-8977-01fb3982dfef,138bec94-c996-4510-895c-6c0af0f6a6fc,aa2ac8a6-12e0-4e15-8fc6-3ce47a710a51,TRUE,2025-1-1 0:00
fc000000-0000-0000-0000-000000001235,c589e3a2-f85f-4f10-b8e3-7046fa1cc8a7,343841d6-b938-4b7d-8523-23d25aa1eeb5,8c1d63cc-3124-4fe9-9b77-352979659082,TRUE,2025-1-1 0:00
fc000000-0000-0000-0000-000000001236,a0a00897-4556-4e9f-b321-063241732b52,197fcbc8-7a73-40b5-802f-fa829cd49329,7aca039e-d723-43a5-b97d-b54b07fc5373,TRUE,2025-1-1 0:00
fc000000-0000-0000-0000-000000001237,a6bad5c6-1430-47a0-a43d-c2476108cd24,8dcc57a0-79ac-45dd-9db0-efb3d1fd5299,e8840113-28f3-4d0b-8d73-9f513c624c2a,TRUE,2025-1-1 0:00
fc000000-0000-0000-0000-000000001238,9e2822ea-83fc-4841-9333-0250b98b5eb1,8dcc57a0-79ac-45dd-9db0-efb3d1fd5299,e8840113-28f3-4d0b-8d73-9f513c624c2a,TRUE,2025-1-1 0:00
fc000000-0000-0000-0000-000000001239,b062b012-f72d-44bb-ad21-d0a179942482,56c873fb-d05a-475b-9c58-8e43efcba0b2,dd36eb28-6b48-4071-aa16-f4fbaf70315e,TRUE,2025-1-1 0:00
fc000000-0000-0000-0000-000000001240,d0ba7ddc-8dad-46b9-879f-1b41cf94484a,c0bae7dc-ef7b-4a8b-99fd-c1c1de3a9ed2,d493879f-f5cc-4c9a-bfbd-78a96a34b900,TRUE,2025-1-1 0:00
fc000000-0000-0000-0000-000000001241,aa9824ad-16d7-4803-ab6c-5fb84749e960,4ee5e694-5d88-4a9b-ba2e-eecf653807e1,,TRUE,2025-1-1 0:00
fc000000-0000-0000-0000-000000001242,4d7c5f23-550b-4ec4-8bd9-e08d5c620d6d,5f5560cf-c169-4781-8204-fb75ac3408c8,b2466f6e-39bf-4dad-ac7c-770e2dba5c0b,TRUE,2025-1-1 0:00
fc000000-0000-0000-0000-000000001243,4d6bbe5d-c539-4253-8e3d-f9d65f2d9cf8,ecb74426-adfd-416f-90ce-ac1136940e59,,TRUE,2025-1-1 0:00
fc000000-0000-0000-0000-000000001244,f4cbd01c-5086-423e-a1f6-435dcf73faee,6ac0227c-3313-4551-b93f-6d37821bb3b6,,TRUE,2025-1-1 0:00
fc000000-0000-0000-0000-000000001245,c5aeca23-f605-4353-9da3-4553879fe767,343841d6-b938-4b7d-8523-23d25aa1eeb5,03ef20c9-4602-4b3f-b405-be77706bfc0e,TRUE,2025-1-1 0:00
fc000000-0000-0000-0000-000000001246,c9b0683f-b9b0-4990-b9a5-cc0aac1a7339,d6a47d18-5c17-48fb-9992-be67d2da891b,da3708fc-b61e-421e-b7c0-a6c5d3c31779,TRUE,2025-1-1 0:00
fc000000-0000-0000-0000-000000001247,820ee065-bd1e-4f26-bfab-9921c1de5e27,5f5560cf-c169-4781-8204-fb75ac3408c8,07c2376a-a737-4f36-bc03-1778dd9b71ec,TRUE,2025-1-1 0:00
fc000000-0000-0000-0000-000000001248,601c379d-c035-4344-8031-fd154696ae58,470809ae-c5f3-4ba1-9522-fd0972619f7f,0f1d8c04-97b9-4843-9872-3e78a0272e57,TRUE,2025-1-1 0:00
fc000000-0000-0000-0000-000000001249,98ead1d7-7791-4749-b637-de01bcbd79fc,1197ce03-96ae-4670-9ef3-28468625cf46,21f51f84-c1dd-4478-8fb0-1c10b08829a9,TRUE,2025-1-1 0:00
fc000000-0000-0000-0000-000000001250,264da3ef-6936-4ac7-aedd-dca2124bfaf7,ff1a36e5-3931-487f-8837-3e24af030706,0c678f67-2bdb-4a35-9857-36249d7d66a9,TRUE,2025-1-1 0:00
fc000000-0000-0000-0000-000000001251,2420d57d-00d0-4bc8-83d3-b2630b0d89ce,5f5560cf-c169-4781-8204-fb75ac3408c8,07c2376a-a737-4f36-bc03-1778dd9b71ec,TRUE,2025-1-1 0:00
fc000000-0000-0000-0000-000000001252,55023b30-eb85-4665-b9de-42e3ddab86a5,e5fcf8a7-cb34-4278-8082-a63b9d1856a9,183b53c1-251e-4d71-84ff-9744261a917e,TRUE,2025-1-1 0:00
fc000000-0000-0000-0000-000000001253,2d447f80-94eb-4f41-be62-efca2c638f4a,4081baaa-071b-45f4-a25d-ac5121bfccc7,2c0cf7ad-c480-4428-84c9-37060a9a0a37,TRUE,2025-1-1 0:00
fc000000-0000-0000-0000-000000001254,ef06aa17-c296-4e34-a384-11667b67f20e,138bec94-c996-4510-895c-6c0af0f6a6fc,aa2ac8a6-12e0-4e15-8fc6-3ce47a710a51,TRUE,2025-1-1 0:00
fc000000-0000-0000-0000-000000001255,2e99317e-e0e2-439e-baaa-a784c7cdab64,470809ae-c5f3-4ba1-9522-fd0972619f7f,5470f3a6-8f98-4587-a430-be88c6b9c0ac,TRUE,2025-1-1 0:00
fc000000-0000-0000-0000-000000001256,13404652-c573-42cc-8743-5681bd8a8e75,d859a9f6-ce5f-4e3f-8c72-f7e2030f93ce,63626deb-8fc4-4aec-b953-9613fc3e83f6,TRUE,2025-1-1 0:00
fc000000-0000-0000-0000-000000001257,cd8b6b50-a004-4dca-a897-8355845accd9,197fcbc8-7a73-40b5-802f-fa829cd49329,e8bcbcab-5c6d-44cb-aeeb-8632016ca3cd,TRUE,2025-1-1 0:00
fc000000-0000-0000-0000-000000001258,5b2a4879-83f2-436a-a059-88ad61a67d8d,197fcbc8-7a73-40b5-802f-fa829cd49329,e8bcbcab-5c6d-44cb-aeeb-8632016ca3cd,TRUE,2025-1-1 0:00
fc000000-0000-0000-0000-000000001259,4769715b-b180-412d-b45e-e1c0d158ccb0,ecb74426-adfd-416f-90ce-ac1136940e59,a0f45e64-d974-4ed8-99b7-5fe52a283bc9,TRUE,2025-1-1 0:00
fc000000-0000-0000-0000-000000001260,1535d502-0469-4daf-a1d8-160a9bfc25c7,5f5560cf-c169-4781-8204-fb75ac3408c8,07c2376a-a737-4f36-bc03-1778dd9b71ec,TRUE,2025-1-1 0:00
fc000000-0000-0000-0000-000000001261,800ad2a4-73cd-485e-bf95-2811be10c209,1197ce03-96ae-4670-9ef3-28468625cf46,21f51f84-c1dd-4478-8fb0-1c10b08829a9,TRUE,2025-1-1 0:00
fc000000-0000-0000-0000-000000001262,6da0ba7a-7efe-47d8-bb98-631999ec0ed8,a304b977-b01b-44b8-aebb-1186af42aba7,702e83c8-bbc0-4a74-80d5-91db1f72785d,TRUE,2025-1-1 0:00
fc000000-0000-0000-0000-000000001263,008ba9a0-3420-4c4f-b94b-e98ccfb92464,bd05a5ba-f1c0-4097-93c5-1a06a55ffc29,4302706b-c7fc-4b6a-b194-fb975c3238e7,TRUE,2025-1-1 0:00
fc000000-0000-0000-0000-000000001264,d22f48ae-d7d8-4a74-ac06-5288a1002b49,4ee5e694-5d88-4a9b-ba2e-eecf653807e1,,TRUE,2025-1-1 0:00
fc000000-0000-0000-0000-000000001265,342e1393-9b22-4e47-902d-b1ffda543e2b,343841d6-b938-4b7d-8523-23d25aa1eeb5,8c1d63cc-3124-4fe9-9b77-352979659082,TRUE,2025-1-1 0:00
fc000000-0000-0000-0000-000000001266,00b912c4-79de-48fc-b9ea-339afe2dc898,ecb74426-adfd-416f-90ce-ac1136940e59,,TRUE,2025-1-1 0:00
fc000000-0000-0000-0000-000000001267,414fa8f9-2e34-476a-9214-30c75939ffd9,4cae38a8-4a2b-4f9f-8e47-c51a8fdab4d6,d1d4d95c-2df5-4126-8033-d0a652c4d8b3,TRUE,2025-1-1 0:00
fc000000-0000-0000-0000-000000001268,9fefdd2b-67cf-4faf-8cf3-3595045d42b5,2a186b71-b6dd-44ce-affb-88b8d16eb578,a59bd40a-ab72-4416-80d4-c68a2a96084b,TRUE,2025-1-1 0:00
fc000000-0000-0000-0000-000000001269,625a2450-a4cc-4dd6-a70f-1700e69cebd9,4cae38a8-4a2b-4f9f-8e47-c51a8fdab4d6,d1d4d95c-2df5-4126-8033-d0a652c4d8b3,TRUE,2025-1-1 0:00
fc000000-0000-0000-0000-000000001270,9842fd12-0947-4aca-b1db-27fd59293d46,343841d6-b938-4b7d-8523-23d25aa1eeb5,03ef20c9-4602-4b3f-b405-be77706bfc0e,TRUE,2025-1-1 0:00
fc000000-0000-0000-0000-000000001271,330fae5f-bfe7-4d56-8b99-be93053b076b,c0bae7dc-ef7b-4a8b-99fd-c1c1de3a9ed2,d493879f-f5cc-4c9a-bfbd-78a96a34b900,TRUE,2025-1-1 0:00
fc000000-0000-0000-0000-000000001272,5a16267a-c6bc-48d0-b614-591fe851f2b5,8dcc57a0-79ac-45dd-9db0-efb3d1fd5299,e8840113-28f3-4d0b-8d73-9f513c624c2a,TRUE,2025-1-1 0:00
fc000000-0000-0000-0000-000000001273,d4374ab7-d8cb-40c2-8b18-c303f7ac7180,d6a47d18-5c17-48fb-9992-be67d2da891b,da3708fc-b61e-421e-b7c0-a6c5d3c31779,TRUE,2025-1-1 0:00
fc000000-0000-0000-0000-000000001274,78eab194-5c79-41ce-a88e-e2c78a25da83,93813225-2cbe-4d50-8943-423d4338776a,4eb29058-3bc2-43c5-a3a9-066f9879db4a,TRUE,2025-1-1 0:00
fc000000-0000-0000-0000-000000001275,ddf3c380-a91b-442d-a8dc-c864a9531881,99a7aaba-40a8-48e3-b8f9-a0d489cfb213,b2f2b004-2222-4b2b-bbbb-222222222224,TRUE,2025-1-1 0:00
fc000000-0000-0000-0000-000000001276,8a562cfa-8df8-4ede-b1b0-177474181def,d57f11d3-f03a-49bf-905e-131a223352cd,ca9c9a7f-95cb-45c5-8668-628ddcc6c673,TRUE,2025-1-1 0:00
fc000000-0000-0000-0000-000000001277,3944e6f4-71a2-427f-9ee9-be9123b4c786,ecb74426-adfd-416f-90ce-ac1136940e59,,TRUE,2025-1-1 0:00
fc000000-0000-0000-0000-000000001278,893f2e52-6cf6-47d5-b5fe-6b7010a3584c,4cae38a8-4a2b-4f9f-8e47-c51a8fdab4d6,bb2a9857-6b24-4d60-a41d-dbd92eeab1b8,TRUE,2025-1-1 0:00
fc000000-0000-0000-0000-000000001279,34e45798-1a82-46a3-83f9-fd150db9bcc6,138bec94-c996-4510-895c-6c0af0f6a6fc,e0e92ae5-9be6-4bfa-8f56-0f28d97e5408,TRUE,2025-1-1 0:00
fc000000-0000-0000-0000-000000001280,1d19375e-a663-4e80-9c08-e2ef1f81c4e1,1197ce03-96ae-4670-9ef3-28468625cf46,21f51f84-c1dd-4478-8fb0-1c10b08829a9,TRUE,2025-1-1 0:00
fc000000-0000-0000-0000-000000001281,694d4780-aba1-4cdd-97f9-b121ed7ddf5b,8dcc57a0-79ac-45dd-9db0-efb3d1fd5299,e8840113-28f3-4d0b-8d73-9f513c624c2a,TRUE,2025-1-1 0:00
fc000000-0000-0000-0000-000000001282,18754059-b1a2-4fe8-82e6-f03b0ab69e27,7c844539-83eb-4880-b86c-dd05973f0e0a,01142f8e-82d9-40f3-af4c-6d9b20a078a5,TRUE,2025-1-1 0:00
fc000000-0000-0000-0000-000000001283,e865848c-9184-4d77-9bd7-d79c7f2ea048,a2af5b73-0d5f-4819-8bac-acbdaa32952f,a35c2963-6eb2-49ab-8d40-7ece7e1346eb,TRUE,2025-1-1 0:00
fc000000-0000-0000-0000-000000001284,39cc140a-77e5-4be0-b048-fa76b5e1855f,ecb74426-adfd-416f-90ce-ac1136940e59,5cf414a9-7d0b-4cbc-82e9-54a3dd0b9e26,TRUE,2025-1-1 0:00
fc000000-0000-0000-0000-000000001285,1c4932cd-f7cb-470c-9e7a-08490ea8b5fc,bd05a5ba-f1c0-4097-93c5-1a06a55ffc29,4302706b-c7fc-4b6a-b194-fb975c3238e7,TRUE,2025-1-1 0:00
fc000000-0000-0000-0000-000000001286,9fb067d6-2c0b-4f3d-bfda-12def1739c65,ecb74426-adfd-416f-90ce-ac1136940e59,5cf414a9-7d0b-4cbc-82e9-54a3dd0b9e26,TRUE,2025-1-1 0:00
fc000000-0000-0000-0000-000000001287,b7d417e3-d9a7-4353-b135-fb87ea2e6ba9,1197ce03-96ae-4670-9ef3-28468625cf46,21f51f84-c1dd-4478-8fb0-1c10b08829a9,TRUE,2025-1-1 0:00
fc000000-0000-0000-0000-000000001288,4d20c862-1540-4355-9d20-1ebac8013e9b,470809ae-c5f3-4ba1-9522-fd0972619f7f,5470f3a6-8f98-4587-a430-be88c6b9c0ac,TRUE,2025-1-1 0:00
fc000000-0000-0000-0000-000000001289,a4abc633-5db8-434e-af7d-f0736c5c64b4,5f5560cf-c169-4781-8204-fb75ac3408c8,07c2376a-a737-4f36-bc03-1778dd9b71ec,TRUE,2025-1-1 0:00
fc000000-0000-0000-0000-000000001290,c856bdc2-0ee2-4ead-9cf8-d21a9e1de6ab,4081baaa-071b-45f4-a25d-ac5121bfccc7,fd2f8365-a2f8-418a-b4cc-dc2a368c7b1c,TRUE,2025-1-1 0:00
fc000000-0000-0000-0000-000000001291,c1f34d4c-b778-404c-bb6e-f592a1010d35,4081baaa-071b-45f4-a25d-ac5121bfccc7,7e20674c-0cfd-42f7-94dc-124313a44543,TRUE,2025-1-1 0:00
fc000000-0000-0000-0000-000000001292,94f3cf5e-21a0-4e8e-bb8d-fc53ec0e8b05,470809ae-c5f3-4ba1-9522-fd0972619f7f,c82335ca-73c8-44fb-8e7c-4f7d4965d472,TRUE,2025-1-1 0:00
fc000000-0000-0000-0000-000000001293,a1b5ecef-aa15-47c8-8bb3-b82f668853f3,a304b977-b01b-44b8-aebb-1186af42aba7,b31bcb6b-4206-4cb6-b959-6d06e13bf134,TRUE,2025-1-1 0:00
fc000000-0000-0000-0000-000000001294,94dc5440-bcaa-4091-b89d-edeb843b81ba,7c844539-83eb-4880-b86c-dd05973f0e0a,b8cbc705-1090-4947-8783-70ce2ee9df2a,TRUE,2025-1-1 0:00
fc000000-0000-0000-0000-000000001295,45ee5a61-50be-4fe5-9195-206454f97d63,8fc98f56-9662-45f7-8bd6-86a56e2142d1,,TRUE,2025-1-1 0:00
fc000000-0000-0000-0000-000000001296,fb65cb62-e1a1-438c-8b02-358f665dc97b,4cae38a8-4a2b-4f9f-8e47-c51a8fdab4d6,5890126b-c352-4df7-8341-1ac685154844,TRUE,2025-1-1 0:00
fc000000-0000-0000-0000-000000001297,83b62c7c-0856-4a09-91fa-bb84d254aef6,ecb74426-adfd-416f-90ce-ac1136940e59,8efb3f1b-df47-4567-ae54-340777480d16,TRUE,2025-1-1 0:00
fc000000-0000-0000-0000-000000001298,5bf287bf-8e22-4973-81fd-087eba58d107,8fc98f56-9662-45f7-8bd6-86a56e2142d1,,TRUE,2025-1-1 0:00
fc000000-0000-0000-0000-000000001299,0634f940-c410-4e7e-b782-33b36cd85016,456e1a68-37c2-454d-948f-a46294d6ba3a,4851e333-befa-4ba3-8d43-216661d97bec,TRUE,2025-1-1 0:00
fc000000-0000-0000-0000-000000001300,b09c44a2-eff0-4e76-b866-23cd2d603b28,470809ae-c5f3-4ba1-9522-fd0972619f7f,c82335ca-73c8-44fb-8e7c-4f7d4965d472,TRUE,2025-1-1 0:00
fc000000-0000-0000-0000-000000001301,e3219215-b16e-40bf-8d28-da6f983ddbee,a3ae9791-1572-4564-a7b7-b17e5824951c,50ed2bb6-97ae-4928-9dac-09d7490795cf,TRUE,2025-1-1 0:00
fc000000-0000-0000-0000-000000001302,99bcfc5c-fc74-43ef-a781-d4b7b80621f9,93813225-2cbe-4d50-8943-423d4338776a,c916f879-a7fa-4403-94c3-dcd5d3a03627,TRUE,2025-1-1 0:00
fc000000-0000-0000-0000-000000001303,696b600b-1a53-4d5c-8b40-c414f6f63822,335a566e-8b41-454f-88b7-8ea35818e22d,,TRUE,2025-1-1 0:00
fc000000-0000-0000-0000-000000001304,8cacf5c0-7d8c-4939-a921-8ae84b7c9fc0,197fcbc8-7a73-40b5-802f-fa829cd49329,7aca039e-d723-43a5-b97d-b54b07fc5373,TRUE,2025-1-1 0:00
fc000000-0000-0000-0000-000000001305,0b8a832b-c846-438d-8c85-ecdd14b47e70,4cae38a8-4a2b-4f9f-8e47-c51a8fdab4d6,d1d4d95c-2df5-4126-8033-d0a652c4d8b3,TRUE,2025-1-1 0:00
fc000000-0000-0000-0000-000000001306,8cc7a8ba-a597-4267-93a8-196fb0748a7b,4cae38a8-4a2b-4f9f-8e47-c51a8fdab4d6,d1d4d95c-2df5-4126-8033-d0a652c4d8b3,TRUE,2025-1-1 0:00
fc000000-0000-0000-0000-000000001307,1f695f57-2a49-4cfb-9613-1d75681279b0,56c873fb-d05a-475b-9c58-8e43efcba0b2,60b99ee1-176c-4c3d-a283-8efd22c7a147,TRUE,2025-1-1 0:00
fc000000-0000-0000-0000-000000001308,79850dd5-7469-4271-992c-007ecc84f780,1197ce03-96ae-4670-9ef3-28468625cf46,21f51f84-c1dd-4478-8fb0-1c10b08829a9,TRUE,2025-1-1 0:00
fc000000-0000-0000-0000-000000001309,484b23d2-ebc1-4024-b15e-74f3b40aa0b5,9850fdfd-cfa4-4d9d-9b6e-f39e1338186a,2d521cc1-4bc3-4df8-89ba-f75bebaf897b,TRUE,2025-1-1 0:00
fc000000-0000-0000-0000-000000001310,432cc984-b6b7-444e-bb01-ceaa6b127dc3,8dcc57a0-79ac-45dd-9db0-efb3d1fd5299,e8840113-28f3-4d0b-8d73-9f513c624c2a,TRUE,2025-1-1 0:00
fc000000-0000-0000-0000-000000001311,adab9208-83b4-47b4-9add-d80e5fd238df,5dbe61d1-daa6-4f30-acba-d9094a3f9de3,fb96033c-bccd-44c5-a89d-8cdbdc7d822d,TRUE,2025-1-1 0:00
fc000000-0000-0000-0000-000000001312,8cec93d5-2b49-4943-b804-edef46fd206a,d3eb7bae-2fff-4325-b5fc-0d1ef63ce523,b1f1a003-1111-4a1b-aaaa-111111111113,TRUE,2025-1-1 0:00
fc000000-0000-0000-0000-000000001313,fcd94702-e2d2-4b7d-b303-16a6e17dbe5c,33871093-82ae-468b-becb-d5ad477a7b98,647f1864-163b-4b7e-9529-16d0576da166,TRUE,2025-1-1 0:00
fc000000-0000-0000-0000-000000001314,c56a2d53-aae5-4fdd-b0e4-590658870784,4081baaa-071b-45f4-a25d-ac5121bfccc7,2c0cf7ad-c480-4428-84c9-37060a9a0a37,TRUE,2025-1-1 0:00
fc000000-0000-0000-0000-000000001315,2d37c50d-03c4-4bdf-a509-902324703f8f,138bec94-c996-4510-895c-6c0af0f6a6fc,3b767e55-0e6c-4d6d-90cd-7dc9d70ed6c9,TRUE,2025-1-1 0:00
fc000000-0000-0000-0000-000000001316,55a40515-546a-40d5-8a18-036e2fbe6d71,4cae38a8-4a2b-4f9f-8e47-c51a8fdab4d6,5890126b-c352-4df7-8341-1ac685154844,TRUE,2025-1-1 0:00
fc000000-0000-0000-0000-000000001317,46822ec5-1afb-4114-9ee0-0a879a9665f3,5f917eec-d4dc-40cb-94dd-b3272db3f858,2489267c-9b73-4948-a360-81d6ae8f9a8e,TRUE,2025-1-1 0:00
fc000000-0000-0000-0000-000000001318,d3764418-be6a-48a9-94f8-58c2599902aa,d3eb7bae-2fff-4325-b5fc-0d1ef63ce523,b1f1a003-1111-4a1b-aaaa-111111111113,TRUE,2025-1-1 0:00
fc000000-0000-0000-0000-000000001319,35d74cb5-6f4d-47a1-b7cb-e64871ca6483,197fcbc8-7a73-40b5-802f-fa829cd49329,7aca039e-d723-43a5-b97d-b54b07fc5373,TRUE,2025-1-1 0:00
fc000000-0000-0000-0000-000000001320,1671c4ed-f7ec-4e4b-acf0-4e1dcf4e596c,1197ce03-96ae-4670-9ef3-28468625cf46,21f51f84-c1dd-4478-8fb0-1c10b08829a9,TRUE,2025-1-1 0:00
fc000000-0000-0000-0000-000000001321,3ab9243a-b512-4d3a-9dca-f953a1e2064f,4ee5e694-5d88-4a9b-ba2e-eecf653807e1,,TRUE,2025-1-1 0:00
fc000000-0000-0000-0000-000000001322,2fa4c9cd-0570-4ba7-bd12-c313c3f0d8b3,343841d6-b938-4b7d-8523-23d25aa1eeb5,8c1d63cc-3124-4fe9-9b77-352979659082,TRUE,2025-1-1 0:00
fc000000-0000-0000-0000-000000001323,04542e80-079f-463b-9835-97dbb107a7b4,778fc1c9-c1e1-4135-b04e-4a1d9531ee28,d946fd8d-5b44-40e3-8952-20ac1ea94f5e,TRUE,2025-1-1 0:00
fc000000-0000-0000-0000-000000001324,827b9974-d6b6-4096-80b7-e898017716d4,197fcbc8-7a73-40b5-802f-fa829cd49329,7aca039e-d723-43a5-b97d-b54b07fc5373,TRUE,2025-1-1 0:00
fc000000-0000-0000-0000-000000001325,98af5eba-81d0-4930-b244-78116bc9d58f,9850fdfd-cfa4-4d9d-9b6e-f39e1338186a,2d521cc1-4bc3-4df8-89ba-f75bebaf897b,TRUE,2025-1-1 0:00
fc000000-0000-0000-0000-000000001326,deb62d1a-f254-4b4d-9593-73d5b3832db7,197fcbc8-7a73-40b5-802f-fa829cd49329,7aca039e-d723-43a5-b97d-b54b07fc5373,TRUE,2025-1-1 0:00
fc000000-0000-0000-0000-000000001327,7428c776-358e-4787-9829-b8cc9e4b7126,5f5560cf-c169-4781-8204-fb75ac3408c8,07c2376a-a737-4f36-bc03-1778dd9b71ec,TRUE,2025-1-1 0:00
fc000000-0000-0000-0000-000000001328,c7ceb344-9595-4ea2-b038-7a71e114ad1a,470809ae-c5f3-4ba1-9522-fd0972619f7f,0f1d8c04-97b9-4843-9872-3e78a0272e57,TRUE,2025-1-1 0:00
fc000000-0000-0000-0000-000000001329,6b7f4ad0-a9e2-4f37-aec3-facc2ef1145f,1197ce03-96ae-4670-9ef3-28468625cf46,21f51f84-c1dd-4478-8fb0-1c10b08829a9,TRUE,2025-1-1 0:00
fc000000-0000-0000-0000-000000001330,3a5877c3-557e-4d75-a756-174a9a66b8e2,5f917eec-d4dc-40cb-94dd-b3272db3f858,6898215c-6350-4a2f-b42d-94e3e1d041aa,TRUE,2025-1-1 0:00
fc000000-0000-0000-0000-000000001331,75189098-ba4c-413b-ae22-5e0a3332c6ac,a2af5b73-0d5f-4819-8bac-acbdaa32952f,a35c2963-6eb2-49ab-8d40-7ece7e1346eb,TRUE,2025-1-1 0:00
fc000000-0000-0000-0000-000000001332,787e1c6a-fb32-4095-a173-bfda4d878a96,470809ae-c5f3-4ba1-9522-fd0972619f7f,c82335ca-73c8-44fb-8e7c-4f7d4965d472,TRUE,2025-1-1 0:00
fc000000-0000-0000-0000-000000001333,b5551c45-e898-47e0-83b3-83f96a758429,7c844539-83eb-4880-b86c-dd05973f0e0a,b8cbc705-1090-4947-8783-70ce2ee9df2a,TRUE,2025-1-1 0:00
fc000000-0000-0000-0000-000000001334,ff84be6f-0771-4f78-9b71-bdbf63105d11,197fcbc8-7a73-40b5-802f-fa829cd49329,ba4abcf4-736f-4506-ae63-aad198da3468,TRUE,2025-1-1 0:00
fc000000-0000-0000-0000-000000001335,310d9593-7c6e-49e9-ac6e-9f4824ada61c,ca02fc79-4b0f-46d9-a2ae-ba767deaa976,c1770239-c6ca-46d5-9b31-cfc57bcbf5d5,TRUE,2025-1-1 0:00
fc000000-0000-0000-0000-000000001336,95de03be-5dbc-43de-a311-9ed42af8a4c6,456e1a68-37c2-454d-948f-a46294d6ba3a,4851e333-befa-4ba3-8d43-216661d97bec,TRUE,2025-1-1 0:00
fc000000-0000-0000-0000-000000001337,15a3cb19-8311-4fa8-84c5-e2207e6d33c9,ca02fc79-4b0f-46d9-a2ae-ba767deaa976,d7e752f6-5486-4456-8f64-fec87565d101,TRUE,2025-1-1 0:00
fc000000-0000-0000-0000-000000001338,4a3b6bf8-d8b4-49fe-a60f-0ae23e36a8ec,470809ae-c5f3-4ba1-9522-fd0972619f7f,c82335ca-73c8-44fb-8e7c-4f7d4965d472,TRUE,2025-1-1 0:00
fc000000-0000-0000-0000-000000001339,35d5a1e7-d23f-4f41-ac28-539eab08edd5,138bec94-c996-4510-895c-6c0af0f6a6fc,aa2ac8a6-12e0-4e15-8fc6-3ce47a710a51,TRUE,2025-1-1 0:00
fc000000-0000-0000-0000-000000001340,3023d59a-e807-4d3a-a1fc-9d9874fb3215,470809ae-c5f3-4ba1-9522-fd0972619f7f,0f1d8c04-97b9-4843-9872-3e78a0272e57,TRUE,2025-1-1 0:00
fc000000-0000-0000-0000-000000001341,b0f7ad2a-2c61-42eb-bf72-baf645bff511,456e1a68-37c2-454d-948f-a46294d6ba3a,91e5a9cf-e300-45c3-bd78-5a4d13bb8955,TRUE,2025-1-1 0:00
fc000000-0000-0000-0000-000000001342,3221ccbc-1849-42a9-b8fe-8d3313babe97,335a566e-8b41-454f-88b7-8ea35818e22d,,TRUE,2025-1-1 0:00
fc000000-0000-0000-0000-000000001343,040a1432-17bb-42fa-9ecb-673282b15c4c,bd05a5ba-f1c0-4097-93c5-1a06a55ffc29,0812440c-eaa1-4bf9-bd6a-f4c3485283da,TRUE,2025-1-1 0:00
fc000000-0000-0000-0000-000000001344,771d2a5d-5151-4c3f-befd-76e56857984f,ecb74426-adfd-416f-90ce-ac1136940e59,,TRUE,2025-1-1 0:00
fc000000-0000-0000-0000-000000001345,a2c17f36-adb3-4f26-9e9f-f6a2627bb6dd,138bec94-c996-4510-895c-6c0af0f6a6fc,aa2ac8a6-12e0-4e15-8fc6-3ce47a710a51,TRUE,2025-1-1 0:00
fc000000-0000-0000-0000-000000001346,503883eb-5c43-428a-9348-9eed53859846,dc6c211b-19b9-4eed-9e3e-9d10792b6f55,55f0e264-bbac-49d2-a0ed-46ed38a6de6b,TRUE,2025-1-1 0:00
fc000000-0000-0000-0000-000000001347,f1edcc42-3ff1-48dc-b6a6-99c1616c2997,456e1a68-37c2-454d-948f-a46294d6ba3a,4851e333-befa-4ba3-8d43-216661d97bec,TRUE,2025-1-1 0:00
fc000000-0000-0000-0000-000000001348,e4bae633-39ff-4cd8-b8ea-26077a2db752,54babe4f-96f7-4e64-a219-73d52337d179,85148e4b-2e24-4675-8180-d8614d826d13,TRUE,2025-1-1 0:00
fc000000-0000-0000-0000-000000001349,9a7b315e-beb7-4795-9e56-a1b7f19db1c7,7c844539-83eb-4880-b86c-dd05973f0e0a,08524641-c528-4cb4-9c11-f38b289595cf,TRUE,2025-1-1 0:00
fc000000-0000-0000-0000-000000001350,8d8d949c-a701-42ac-8573-3617f14e0852,4cae38a8-4a2b-4f9f-8e47-c51a8fdab4d6,5890126b-c352-4df7-8341-1ac685154844,TRUE,2025-1-1 0:00
fc000000-0000-0000-0000-000000001351,a513b4c8-e901-465f-9198-97d52faa34e5,7c844539-83eb-4880-b86c-dd05973f0e0a,08524641-c528-4cb4-9c11-f38b289595cf,TRUE,2025-1-1 0:00
fc000000-0000-0000-0000-000000001352,92dcb815-2d93-4dd3-a85e-46501758305f,54babe4f-96f7-4e64-a219-73d52337d179,85148e4b-2e24-4675-8180-d8614d826d13,TRUE,2025-1-1 0:00
fc000000-0000-0000-0000-000000001353,bb08b236-af2d-4612-a11e-a8a64a36c39e,138bec94-c996-4510-895c-6c0af0f6a6fc,aa2ac8a6-12e0-4e15-8fc6-3ce47a710a51,TRUE,2025-1-1 0:00
fc000000-0000-0000-0000-000000001354,a8a20ea4-3f80-4e4e-b66a-184d6e257a88,456e1a68-37c2-454d-948f-a46294d6ba3a,44bbc135-209b-401b-bea5-384bd663155b,TRUE,2025-1-1 0:00
fc000000-0000-0000-0000-000000001355,4e2b2530-6b03-4032-b411-6ba5a15b600d,4cae38a8-4a2b-4f9f-8e47-c51a8fdab4d6,d1d4d95c-2df5-4126-8033-d0a652c4d8b3,TRUE,2025-1-1 0:00
fc000000-0000-0000-0000-000000001356,d30ae99d-70b7-4006-a5f5-d02dbf98f3a9,d859a9f6-ce5f-4e3f-8c72-f7e2030f93ce,63626deb-8fc4-4aec-b953-9613fc3e83f6,TRUE,2025-1-1 0:00
fc000000-0000-0000-0000-000000001357,44e8467f-5d2f-472c-9b4f-fdad2091d184,456e1a68-37c2-454d-948f-a46294d6ba3a,4851e333-befa-4ba3-8d43-216661d97bec,TRUE,2025-1-1 0:00
fc000000-0000-0000-0000-000000001358,bcc2bbf0-b9fe-41bd-a542-ca9f054f1565,138bec94-c996-4510-895c-6c0af0f6a6fc,aa2ac8a6-12e0-4e15-8fc6-3ce47a710a51,TRUE,2025-1-1 0:00
fc000000-0000-0000-0000-000000001359,64cf482c-03ba-453f-bf15-cd93d190caa3,58a9f4ba-24e6-4caa-940b-e5f062be9214,,TRUE,2025-1-1 0:00
fc000000-0000-0000-0000-000000001360,02cc76b8-6ded-4adf-b7e0-1accb3d5745c,343841d6-b938-4b7d-8523-23d25aa1eeb5,8c1d63cc-3124-4fe9-9b77-352979659082,TRUE,2025-1-1 0:00
fc000000-0000-0000-0000-000000001361,b6e03c18-20c0-4df0-b2b3-b3b79b13138f,ca02fc79-4b0f-46d9-a2ae-ba767deaa976,b6094e38-bc3f-414c-886b-c64d56c8a535,TRUE,2025-1-1 0:00
fc000000-0000-0000-0000-000000001362,7ad3286a-da8f-4733-af3e-a1de1114b4fc,bd05a5ba-f1c0-4097-93c5-1a06a55ffc29,4302706b-c7fc-4b6a-b194-fb975c3238e7,TRUE,2025-1-1 0:00
fc000000-0000-0000-0000-000000001363,7f0f595b-7de0-4760-920f-599597a8e46b,456e1a68-37c2-454d-948f-a46294d6ba3a,4851e333-befa-4ba3-8d43-216661d97bec,TRUE,2025-1-1 0:00
fc000000-0000-0000-0000-000000001364,0335f94e-e7d7-4286-9e96-868b4c23f5a4,10f25068-4e34-42ca-94b3-96f5288b82ea,3e83f541-7341-4018-ab30-8c42069de70d,TRUE,2025-1-1 0:00
fc000000-0000-0000-0000-000000001365,6773423b-3f97-4397-a456-32429a487a05,10f25068-4e34-42ca-94b3-96f5288b82ea,,TRUE,2025-1-1 0:00
fc000000-0000-0000-0000-000000001366,1e7705f4-553c-4840-8c6e-df4eec68c672,33871093-82ae-468b-becb-d5ad477a7b98,647f1864-163b-4b7e-9529-16d0576da166,TRUE,2025-1-1 0:00
fc000000-0000-0000-0000-000000001367,07ed38e4-1c11-482e-b87f-450eac2220ef,b28bcd2f-98c3-4e0e-bbae-d05d48bf82e9,,TRUE,2025-1-1 0:00
fc000000-0000-0000-0000-000000001368,2b10c003-c411-4e06-a6c1-79db4f64e32f,4081baaa-071b-45f4-a25d-ac5121bfccc7,fd2f8365-a2f8-418a-b4cc-dc2a368c7b1c,TRUE,2025-1-1 0:00
fc000000-0000-0000-0000-000000001369,4a852805-31ce-496e-a56e-b92f906073ce,5f5560cf-c169-4781-8204-fb75ac3408c8,49720e2e-bd94-4072-8816-4b2dc97902ed,TRUE,2025-1-1 0:00
fc000000-0000-0000-0000-000000001370,7dea93be-a751-4e47-907e-7ad1dd3a2b6e,a3ae9791-1572-4564-a7b7-b17e5824951c,55bd2d50-ae98-42be-852d-d2eccaff0b46,TRUE,2025-1-1 0:00
fc000000-0000-0000-0000-000000001371,8d90ae53-65ea-47cc-a2f4-9fa050a655c2,ecb74426-adfd-416f-90ce-ac1136940e59,,TRUE,2025-1-1 0:00
fc000000-0000-0000-0000-000000001372,9662b822-a1e1-4e3d-8620-b4fbf57e6a8d,c138a247-2179-4e36-aba3-da03ba148f52,ffc78bf0-02d9-4aae-8c6c-a3a140daee7a,TRUE,2025-1-1 0:00
fc000000-0000-0000-0000-000000001373,315a65db-7960-4b2b-a4a0-b25b8dc037e6,10bbf5a6-0d2a-4f76-9579-c153cfc4542f,41a7b674-be1f-4204-80c5-974f9ba24d39,TRUE,2025-1-1 0:00
fc000000-0000-0000-0000-000000001374,cd2a82b0-bfc9-4fc7-8e5c-950a095bb9fc,197fcbc8-7a73-40b5-802f-fa829cd49329,7aca039e-d723-43a5-b97d-b54b07fc5373,TRUE,2025-1-1 0:00
fc000000-0000-0000-0000-000000001375,bccbf5c6-0926-45ff-b070-7cc5e65e73e7,1197ce03-96ae-4670-9ef3-28468625cf46,21f51f84-c1dd-4478-8fb0-1c10b08829a9,TRUE,2025-1-1 0:00
fc000000-0000-0000-0000-000000001376,c7778f21-59da-4ea2-839a-77caf091aae2,d57f11d3-f03a-49bf-905e-131a223352cd,ca9c9a7f-95cb-45c5-8668-628ddcc6c673,TRUE,2025-1-1 0:00
fc000000-0000-0000-0000-000000001377,478399b2-0287-483c-b17e-e8a9f2f70a29,7a9cbfd8-d8a1-4773-8fad-dc210e493a3c,df86960e-a82f-45bd-a26a-195ae461d7f6,TRUE,2025-1-1 0:00
fc000000-0000-0000-0000-000000001378,d1fbdbec-34d6-42d8-b51a-3c1a2ffd584e,e5fcf8a7-cb34-4278-8082-a63b9d1856a9,183b53c1-251e-4d71-84ff-9744261a917e,TRUE,2025-1-1 0:00
fc000000-0000-0000-0000-000000001379,fd2629ea-c741-4b33-a69b-aef07e670903,5f917eec-d4dc-40cb-94dd-b3272db3f858,2489267c-9b73-4948-a360-81d6ae8f9a8e,TRUE,2025-1-1 0:00
fc000000-0000-0000-0000-000000001380,e266460e-a2c7-41ea-be2f-0b6aace2ec69,343841d6-b938-4b7d-8523-23d25aa1eeb5,39478e69-751f-45a6-88b2-fd08bf1e80a2,TRUE,2025-1-1 0:00
fc000000-0000-0000-0000-000000001381,11ad18b9-143b-49c4-9624-2fdbf76d1c40,7c844539-83eb-4880-b86c-dd05973f0e0a,b8cbc705-1090-4947-8783-70ce2ee9df2a,TRUE,2025-1-1 0:00
fc000000-0000-0000-0000-000000001382,71f6195f-ac09-4c0c-a5bd-c7be755a1f2f,8dcc57a0-79ac-45dd-9db0-efb3d1fd5299,f5aa12c0-a668-4178-b870-908ba1c7ac67,TRUE,2026-04-08 19:12:39
fc000000-0000-0000-0000-000000001383,fde2dcc0-7582-4561-9456-5ae9dbfb0c0d,8dcc57a0-79ac-45dd-9db0-efb3d1fd5299,f5aa12c0-a668-4178-b870-908ba1c7ac67,TRUE,2026-04-08 19:12:39
fc000000-0000-0000-0000-000000001384,015b3f47-0e58-47f1-88eb-a903f65d2101,5f917eec-d4dc-40cb-94dd-b3272db3f858,,TRUE,2026-04-08 19:12:39
fc000000-0000-0000-0000-000000001385,f78833ae-2a43-49ba-bc0c-92fdd07c7ea7,197fcbc8-7a73-40b5-802f-fa829cd49329,ba4abcf4-736f-4506-ae63-aad198da3468,TRUE,2026-04-08 19:12:39
fc000000-0000-0000-0000-000000001386,3bb8eca8-3b09-44f2-ab24-de7feff114cc,ce9a4f01-7e24-4171-89d9-beb67adc1d7f,,TRUE,2026-04-08 19:12:39
fc000000-0000-0000-0000-000000001387,f038391c-0c0a-4123-b8e7-ff207b9741c6,d57f11d3-f03a-49bf-905e-131a223352cd,af030f0d-629b-4fc2-a83d-2a5117a4a7e3,TRUE,2026-04-08 19:12:39
fc000000-0000-0000-0000-000000001388,bebe2af1-cd00-48b4-9918-d6e3f05ef6df,10f25068-4e34-42ca-94b3-96f5288b82ea,8a83c815-be56-48ef-b1de-a8698888d087,TRUE,2026-04-08 19:12:39
fc000000-0000-0000-0000-000000001389,d2111d1b-5b38-4541-8d3f-c567dce471e0,ca02fc79-4b0f-46d9-a2ae-ba767deaa976,d7e752f6-5486-4456-8f64-fec87565d101,TRUE,2026-04-08 19:12:39
fc000000-0000-0000-0000-000000001390,275cd8e3-5aab-49f4-823e-3e15a719c6f4,7c844539-83eb-4880-b86c-dd05973f0e0a,2f1177ff-5f3c-4895-adfe-14ea626a7ac4,TRUE,2026-04-08 19:12:39
fc000000-0000-0000-0000-000000001391,d873f4e4-bb7d-4ee3-8f54-1a002615d867,dc3b2dd6-a7eb-4ed7-bf00-750e33978760,fbe91310-b6cd-43ea-b306-e65d2ee5eaad,TRUE,2026-04-08 19:12:39
fc000000-0000-0000-0000-000000001392,82f990e6-2bf0-455f-ab91-bad7e7a8f854,e5fcf8a7-cb34-4278-8082-a63b9d1856a9,eb979557-17dd-4e57-90ac-1854eece7765,TRUE,2026-04-08 19:12:39
fc000000-0000-0000-0000-000000001393,373894c9-839f-448d-ab10-5e1efeb4157b,1197ce03-96ae-4670-9ef3-28468625cf46,21f51f84-c1dd-4478-8fb0-1c10b08829a9,TRUE,2026-04-08 19:12:39
fc000000-0000-0000-0000-000000001394,48318eba-0a7c-491b-878e-2b28748d0429,e5fcf8a7-cb34-4278-8082-a63b9d1856a9,,TRUE,2026-04-08 19:12:39
fc000000-0000-0000-0000-000000001395,350b97e7-d10c-4b4a-b0f4-c4b28c62d9f2,93813225-2cbe-4d50-8943-423d4338776a,23857ab3-ff9c-485c-acea-a192c6d504c9,TRUE,2026-04-08 19:12:39
fc000000-0000-0000-0000-000000001396,e820a79b-dbe8-4359-a5b6-54b8beb38772,138bec94-c996-4510-895c-6c0af0f6a6fc,a01eb0c3-5e2f-4b62-abc6-c59b24233509,TRUE,2026-04-08 19:12:39
fc000000-0000-0000-0000-000000001397,26076fab-59a0-48cb-8cf4-17ed641a2a60,f0980453-c886-4dd1-8af5-7186fd83578d,,TRUE,2026-04-08 19:12:39
fc000000-0000-0000-0000-000000001398,94ce4100-e6b9-40e6-a0e5-ac58962f95f4,456e1a68-37c2-454d-948f-a46294d6ba3a,4851e333-befa-4ba3-8d43-216661d97bec,TRUE,2026-04-08 19:12:39
fc000000-0000-0000-0000-000000001399,a91633e8-b0df-4f96-99a1-232552314e9a,138bec94-c996-4510-895c-6c0af0f6a6fc,3b767e55-0e6c-4d6d-90cd-7dc9d70ed6c9,TRUE,2026-04-08 19:12:39
fc000000-0000-0000-0000-000000001400,4093a4de-6509-4dd9-af6c-d88f17c95254,d57f11d3-f03a-49bf-905e-131a223352cd,af030f0d-629b-4fc2-a83d-2a5117a4a7e3,TRUE,2026-04-08 19:12:39
fc000000-0000-0000-0000-000000001401,7a69cdba-6e83-426b-bae8-7f387c4d89b3,5f5560cf-c169-4781-8204-fb75ac3408c8,07c2376a-a737-4f36-bc03-1778dd9b71ec,TRUE,2026-04-08 19:12:39
fc000000-0000-0000-0000-000000001402,74ebe46b-235e-401f-9692-f43a7c0592c7,7c844539-83eb-4880-b86c-dd05973f0e0a,08524641-c528-4cb4-9c11-f38b289595cf,TRUE,2026-04-08 19:12:39
fc000000-0000-0000-0000-000000001403,0fd52b16-97e7-475f-90ae-f571e405c12a,5f5560cf-c169-4781-8204-fb75ac3408c8,49720e2e-bd94-4072-8816-4b2dc97902ed,TRUE,2026-04-08 19:12:39
fc000000-0000-0000-0000-000000001404,53de2c7c-5ad9-4829-8265-be4a76c0451e,ff1a36e5-3931-487f-8837-3e24af030706,91151206-fdf0-4b12-8740-df708b07dcc6,TRUE,2026-04-08 19:12:39
fc000000-0000-0000-0000-000000001405,45e8b53f-3f13-4a2b-810b-50f9a08593c7,e5fcf8a7-cb34-4278-8082-a63b9d1856a9,eb979557-17dd-4e57-90ac-1854eece7765,TRUE,2026-04-08 19:12:39
fc000000-0000-0000-0000-000000001406,e945d803-56bd-4d4b-b21b-0587db1912f1,197fcbc8-7a73-40b5-802f-fa829cd49329,7aca039e-d723-43a5-b97d-b54b07fc5373,TRUE,2026-04-08 19:12:39
fc000000-0000-0000-0000-000000001407,05a39773-1b84-487b-88fa-cd3127904579,5f5560cf-c169-4781-8204-fb75ac3408c8,07c2376a-a737-4f36-bc03-1778dd9b71ec,TRUE,2026-04-08 19:12:39
fc000000-0000-0000-0000-000000001408,dde3cc73-fd18-4c7e-bbf8-479304bc1354,456e1a68-37c2-454d-948f-a46294d6ba3a,5998245d-af84-4a40-a4ca-75ab6b7272fe,TRUE,2026-04-08 19:12:39
fc000000-0000-0000-0000-000000001409,fa6a1a27-422a-4da4-a922-a0da7ca6983a,7c844539-83eb-4880-b86c-dd05973f0e0a,b8cbc705-1090-4947-8783-70ce2ee9df2a,TRUE,2026-04-08 19:12:39
fc000000-0000-0000-0000-000000001410,cef52ad3-6966-49d8-9c8a-b4bd8589eca5,93813225-2cbe-4d50-8943-423d4338776a,23857ab3-ff9c-485c-acea-a192c6d504c9,TRUE,2026-04-08 19:12:39
fc000000-0000-0000-0000-000000001411,7e7b5238-3eb4-442b-8ddc-307ff7f19e1e,5f5560cf-c169-4781-8204-fb75ac3408c8,49720e2e-bd94-4072-8816-4b2dc97902ed,TRUE,2026-04-08 19:12:39
fc000000-0000-0000-0000-000000001412,e5e31845-6b2c-4060-94bd-3670c3154f2a,456e1a68-37c2-454d-948f-a46294d6ba3a,5998245d-af84-4a40-a4ca-75ab6b7272fe,TRUE,2026-04-08 19:12:39
fc000000-0000-0000-0000-000000001413,1c95bd9a-349e-41e9-b32d-08bf63beb1b0,5f5560cf-c169-4781-8204-fb75ac3408c8,49720e2e-bd94-4072-8816-4b2dc97902ed,TRUE,2026-04-08 19:12:39
fc000000-0000-0000-0000-000000001414,c0aef157-a058-48df-9ba7-6d70f368d351,5f5560cf-c169-4781-8204-fb75ac3408c8,07c2376a-a737-4f36-bc03-1778dd9b71ec,TRUE,2026-04-08 19:12:39
fc000000-0000-0000-0000-000000001415,63feb1b5-d575-4adb-adef-bdd31f2e418b,b28bcd2f-98c3-4e0e-bbae-d05d48bf82e9,,TRUE,2026-04-08 19:12:39
fc000000-0000-0000-0000-000000001416,1f06acd8-b20f-435d-97c2-990f72393150,b28bcd2f-98c3-4e0e-bbae-d05d48bf82e9,,TRUE,2026-04-08 19:12:39
fc000000-0000-0000-0000-000000001417,2e78155d-8dcf-4650-8c3d-e2724f3fea6c,d6a47d18-5c17-48fb-9992-be67d2da891b,da3708fc-b61e-421e-b7c0-a6c5d3c31779,TRUE,2026-04-08 19:12:39
fc000000-0000-0000-0000-000000001418,25650b79-c040-49fd-98b2-391b8442fc8e,ecb74426-adfd-416f-90ce-ac1136940e59,,TRUE,2026-04-08 19:12:39
fc000000-0000-0000-0000-000000001419,6024fecb-aed9-451e-8407-67d11770c8e4,5f5560cf-c169-4781-8204-fb75ac3408c8,07c2376a-a737-4f36-bc03-1778dd9b71ec,TRUE,2026-04-08 19:12:39
fc000000-0000-0000-0000-000000001420,fd0f9b80-fcba-40db-a7be-c85ad0bdd8a0,10bbf5a6-0d2a-4f76-9579-c153cfc4542f,41a7b674-be1f-4204-80c5-974f9ba24d39,TRUE,2026-04-08 19:12:39
fc000000-0000-0000-0000-000000001421,2e941ab3-dc46-4236-a598-6c64fffbabd8,0986f242-a7aa-4df0-bb46-d1f3e5c64cf8,6d04e84f-b2b7-467e-87cc-e8815a67f6f7,TRUE,2026-04-08 19:12:39
fc000000-0000-0000-0000-000000001422,baf1810c-dbc5-4bbe-a171-3d4b24b9fbd5,197fcbc8-7a73-40b5-802f-fa829cd49329,7aca039e-d723-43a5-b97d-b54b07fc5373,TRUE,2026-04-08 19:12:39
fc000000-0000-0000-0000-000000001423,c1b954bf-053b-4089-be77-5cda5d5c8997,75378ce6-f415-4cb9-a1a2-628f22004a53,,TRUE,2026-04-08 19:12:39
fc000000-0000-0000-0000-000000001424,1b74f0e9-3dcf-43bd-8397-2531885e1c72,7c844539-83eb-4880-b86c-dd05973f0e0a,b8cbc705-1090-4947-8783-70ce2ee9df2a,TRUE,2026-04-08 19:12:39
fc000000-0000-0000-0000-000000001425,6f584474-07dc-4c68-8226-bbe67138a72e,10f25068-4e34-42ca-94b3-96f5288b82ea,e6557dc4-26ce-465e-9ae9-3cc02c70fbc1,TRUE,2026-04-08 19:12:39
fc000000-0000-0000-0000-000000001426,256703ae-e88f-4bf8-86e4-cf14edb67482,bd05a5ba-f1c0-4097-93c5-1a06a55ffc29,4302706b-c7fc-4b6a-b194-fb975c3238e7,TRUE,2026-04-08 19:12:39
fc000000-0000-0000-0000-000000001427,249ffac4-e452-4679-b850-34700a2fb0e7,ecb74426-adfd-416f-90ce-ac1136940e59,,TRUE,2026-04-08 19:12:39
fc000000-0000-0000-0000-000000001428,e75fe283-5177-4563-89b9-a10e6f9dd4e3,470809ae-c5f3-4ba1-9522-fd0972619f7f,0f1d8c04-97b9-4843-9872-3e78a0272e57,TRUE,2026-04-08 19:12:39
fc000000-0000-0000-0000-000000001429,ef77c9ce-eafe-4b59-83ec-4b4b7a0f24bf,d859a9f6-ce5f-4e3f-8c72-f7e2030f93ce,63626deb-8fc4-4aec-b953-9613fc3e83f6,TRUE,2026-04-08 19:12:39
fc000000-0000-0000-0000-000000001430,45e4f353-50b6-4173-ae88-85eab50b0631,ff1a36e5-3931-487f-8837-3e24af030706,91151206-fdf0-4b12-8740-df708b07dcc6,TRUE,2026-04-08 19:12:39
fc000000-0000-0000-0000-000000001431,71d9f328-1702-4137-bab1-b433a492a397,7c844539-83eb-4880-b86c-dd05973f0e0a,b8cbc705-1090-4947-8783-70ce2ee9df2a,TRUE,2026-04-08 19:12:39
fc000000-0000-0000-0000-000000001432,4a7addb5-7977-4dad-a3ed-92e4c8eeef9a,d859a9f6-ce5f-4e3f-8c72-f7e2030f93ce,63626deb-8fc4-4aec-b953-9613fc3e83f6,TRUE,2026-04-08 19:12:39
fc000000-0000-0000-0000-000000001433,ab3880d6-1df0-40f6-8692-b7939d80e4ff,ff1a36e5-3931-487f-8837-3e24af030706,91151206-fdf0-4b12-8740-df708b07dcc6,TRUE,2026-04-08 19:12:39
fc000000-0000-0000-0000-000000001434,34c48882-5b3e-49a2-aeac-a5596faa9c19,456e1a68-37c2-454d-948f-a46294d6ba3a,91e5a9cf-e300-45c3-bd78-5a4d13bb8955,TRUE,2026-04-08 19:12:39
fc000000-0000-0000-0000-000000001435,07606452-4433-4923-b636-9e5cd40b7de1,7c844539-83eb-4880-b86c-dd05973f0e0a,01142f8e-82d9-40f3-af4c-6d9b20a078a5,TRUE,2026-04-08 19:12:39
fc000000-0000-0000-0000-000000001436,3b76cd73-3d8b-4a14-b539-ecfdc06ffb57,5f5560cf-c169-4781-8204-fb75ac3408c8,fe5eb9eb-00b1-4d78-8a29-71597abc06c2,TRUE,2026-04-08 19:12:39
fc000000-0000-0000-0000-000000001437,11eafc51-8472-4758-a56f-ccc1e41db5ff,c0bae7dc-ef7b-4a8b-99fd-c1c1de3a9ed2,a11031c8-c160-488b-ae57-59320f8e85fa,TRUE,2026-04-08 19:12:39
fc000000-0000-0000-0000-000000001438,3931f540-d4c6-455f-b377-2e966d2e9993,99a7aaba-40a8-48e3-b8f9-a0d489cfb213,b2f2b002-2222-4b2b-bbbb-222222222222,TRUE,2026-04-08 19:12:39
fc000000-0000-0000-0000-000000001439,a35bd4ab-3a8f-46b1-be4a-1ba699e05e67,ff1a36e5-3931-487f-8837-3e24af030706,91151206-fdf0-4b12-8740-df708b07dcc6,TRUE,2026-04-08 19:12:39
fc000000-0000-0000-0000-000000001440,a86312e5-88cd-41a0-9086-acd895ad9b2d,77f6700e-88b8-40d8-9b61-ffefe536a5a2,27217365-aff2-447c-9c82-173f36a5173b,TRUE,2026-04-08 19:12:39
fc000000-0000-0000-0000-000000001441,cf61aff1-c65d-41a7-9d5e-69ca574f697c,d859a9f6-ce5f-4e3f-8c72-f7e2030f93ce,63626deb-8fc4-4aec-b953-9613fc3e83f6,TRUE,2026-04-08 19:12:39
fc000000-0000-0000-0000-000000001442,7259cde1-3778-442f-a7c9-765b4b8fa8c4,1197ce03-96ae-4670-9ef3-28468625cf46,21f51f84-c1dd-4478-8fb0-1c10b08829a9,TRUE,2026-04-08 19:12:39
fc000000-0000-0000-0000-000000001443,dcbbaaf8-6cef-48cc-bfe9-a253a004c436,5dbe61d1-daa6-4f30-acba-d9094a3f9de3,c75026f9-6eff-43bf-8fa3-700c0f983cde,TRUE,2026-04-08 19:12:39
fc000000-0000-0000-0000-000000001444,463ae953-7c0a-4803-bcd2-f4430483bb6b,e5fcf8a7-cb34-4278-8082-a63b9d1856a9,eb979557-17dd-4e57-90ac-1854eece7765,TRUE,2026-04-08 19:12:39
fc000000-0000-0000-0000-000000001445,c03a705a-035d-4c77-b40f-be223819793d,1197ce03-96ae-4670-9ef3-28468625cf46,21f51f84-c1dd-4478-8fb0-1c10b08829a9,TRUE,2026-04-08 19:12:39
fc000000-0000-0000-0000-000000001446,402a2292-093a-4f1c-86b3-bc7f2d324883,ecb74426-adfd-416f-90ce-ac1136940e59,a0f45e64-d974-4ed8-99b7-5fe52a283bc9,TRUE,2026-04-08 19:12:39
fc000000-0000-0000-0000-000000001447,a0110ad0-5c90-43fb-b6b7-d4ee8cb693be,5f917eec-d4dc-40cb-94dd-b3272db3f858,ad3bee99-7863-4b55-aa09-b9754b160c47,TRUE,2026-04-08 19:12:39
fc000000-0000-0000-0000-000000001448,ad20f59c-0352-44f6-ab87-7d80c556c51c,10f25068-4e34-42ca-94b3-96f5288b82ea,e6557dc4-26ce-465e-9ae9-3cc02c70fbc1,TRUE,2026-04-08 19:12:39
fc000000-0000-0000-0000-000000001449,681a8cfa-4c1a-49ec-bb30-14921a432df1,93813225-2cbe-4d50-8943-423d4338776a,7deb17b5-0399-4c32-913d-5f9ede6b54a4,TRUE,2026-04-08 19:12:39
fc000000-0000-0000-0000-000000001450,3c73fdab-9275-4a49-baea-05ba0ce0cf7f,10bbf5a6-0d2a-4f76-9579-c153cfc4542f,41a7b674-be1f-4204-80c5-974f9ba24d39,TRUE,2026-04-08 19:12:39
fc000000-0000-0000-0000-000000001451,bca12a6b-47b3-4bfc-ae13-097fc9dcf143,ce9a4f01-7e24-4171-89d9-beb67adc1d7f,,TRUE,2026-04-08 19:12:39
fc000000-0000-0000-0000-000000001452,2a05a41c-4416-456f-a9f6-c94f3ac5253a,197fcbc8-7a73-40b5-802f-fa829cd49329,7aca039e-d723-43a5-b97d-b54b07fc5373,TRUE,2026-04-08 19:12:39
fc000000-0000-0000-0000-000000001453,827cd566-9fd4-4265-bb11-e09e03977b51,8dcc57a0-79ac-45dd-9db0-efb3d1fd5299,f5aa12c0-a668-4178-b870-908ba1c7ac67,TRUE,2026-04-08 19:12:39
fc000000-0000-0000-0000-000000001454,9c4f605c-9437-4845-83d0-19fd75814897,7c844539-83eb-4880-b86c-dd05973f0e0a,01142f8e-82d9-40f3-af4c-6d9b20a078a5,TRUE,2026-04-08 19:12:39
fc000000-0000-0000-0000-000000001455,2f4a2c93-8028-43da-84a1-c2e568af6041,5f5560cf-c169-4781-8204-fb75ac3408c8,49720e2e-bd94-4072-8816-4b2dc97902ed,TRUE,2026-04-08 19:12:39
fc000000-0000-0000-0000-000000001456,0a7c6185-8191-4f5f-8aa5-5b675574df90,77f6700e-88b8-40d8-9b61-ffefe536a5a2,27217365-aff2-447c-9c82-173f36a5173b,TRUE,2026-04-08 19:12:39
fc000000-0000-0000-0000-000000001457,b490f502-1cd6-4b1e-b114-9a73412982ae,7c844539-83eb-4880-b86c-dd05973f0e0a,08524641-c528-4cb4-9c11-f38b289595cf,TRUE,2026-04-08 19:12:39
fc000000-0000-0000-0000-000000001458,9ea78094-31c2-4334-8c66-29687df50951,5f5560cf-c169-4781-8204-fb75ac3408c8,07c2376a-a737-4f36-bc03-1778dd9b71ec,TRUE,2026-04-08 19:12:39
fc000000-0000-0000-0000-000000001459,82fe6a24-acf8-4d38-9bcb-d88df758e7c0,197fcbc8-7a73-40b5-802f-fa829cd49329,7aca039e-d723-43a5-b97d-b54b07fc5373,TRUE,2026-04-08 19:12:39
fc000000-0000-0000-0000-000000001460,c41848d2-dccc-4d67-904d-b5508a388758,456e1a68-37c2-454d-948f-a46294d6ba3a,4851e333-befa-4ba3-8d43-216661d97bec,TRUE,2026-04-08 19:12:39
fc000000-0000-0000-0000-000000001461,fc3d97c2-1474-4c17-9b6d-e8a71c52715b,7c844539-83eb-4880-b86c-dd05973f0e0a,08524641-c528-4cb4-9c11-f38b289595cf,TRUE,2026-04-08 19:12:39
fc000000-0000-0000-0000-000000001462,d4531b51-87f4-4d4f-8392-3343a0b48db1,e5fcf8a7-cb34-4278-8082-a63b9d1856a9,eb979557-17dd-4e57-90ac-1854eece7765,TRUE,2026-04-08 19:12:39
fc000000-0000-0000-0000-000000001463,ae26143d-8810-459c-90c8-3f9f4c64f945,a3ae9791-1572-4564-a7b7-b17e5824951c,7a4a6e5a-117c-41ef-84d0-e7d0e4319a59,TRUE,2026-04-08 19:12:39
fc000000-0000-0000-0000-000000001464,46e62930-5c95-4853-9903-cce9ebe1b086,7c844539-83eb-4880-b86c-dd05973f0e0a,b8cbc705-1090-4947-8783-70ce2ee9df2a,TRUE,2026-04-08 19:12:39
fc000000-0000-0000-0000-000000001465,44657985-d233-4828-b347-bcbc81d62392,5f5560cf-c169-4781-8204-fb75ac3408c8,49720e2e-bd94-4072-8816-4b2dc97902ed,TRUE,2026-04-08 19:12:39
fc000000-0000-0000-0000-000000001466,7e0944cb-68b7-4cb3-9325-12c0470a05be,5f5560cf-c169-4781-8204-fb75ac3408c8,49720e2e-bd94-4072-8816-4b2dc97902ed,TRUE,2026-04-08 19:12:39
fc000000-0000-0000-0000-000000001467,cf7a0d77-d1b4-48b3-9cb6-7e8d7a33ccf9,5f917eec-d4dc-40cb-94dd-b3272db3f858,b7b9056e-343d-4903-8c65-373151880714,TRUE,2026-04-08 19:12:39
fc000000-0000-0000-0000-000000001468,12769daf-e295-4f17-af12-4c5f1bcc34a4,138bec94-c996-4510-895c-6c0af0f6a6fc,aa2ac8a6-12e0-4e15-8fc6-3ce47a710a51,TRUE,2026-04-08 19:12:39
fc000000-0000-0000-0000-000000001469,a24db8b2-3197-4d8e-9a3e-88858a31b221,ff1a36e5-3931-487f-8837-3e24af030706,91151206-fdf0-4b12-8740-df708b07dcc6,TRUE,2026-04-08 19:12:39
fc000000-0000-0000-0000-000000001470,6995d391-ecc3-4863-8f4e-3021b83778a0,d859a9f6-ce5f-4e3f-8c72-f7e2030f93ce,efce174e-a81e-4902-9c51-e5cdf3abf3c2,TRUE,2026-04-08 19:12:39
fc000000-0000-0000-0000-000000001471,dc17cb49-7061-4259-9d26-79e841cf298f,5f917eec-d4dc-40cb-94dd-b3272db3f858,ad3bee99-7863-4b55-aa09-b9754b160c47,TRUE,2026-04-08 19:12:39
fc000000-0000-0000-0000-000000001472,c08ff6d3-39e3-4146-b367-823ac380de1d,5f917eec-d4dc-40cb-94dd-b3272db3f858,2489267c-9b73-4948-a360-81d6ae8f9a8e,TRUE,2026-04-08 19:12:39
fc000000-0000-0000-0000-000000001473,aea32a29-bb76-4077-ad5b-9acd85fe3a88,7c844539-83eb-4880-b86c-dd05973f0e0a,01142f8e-82d9-40f3-af4c-6d9b20a078a5,TRUE,2026-04-08 19:12:39
fc000000-0000-0000-0000-000000001474,45a8a2ad-2468-409d-b36a-7d70901facfe,c0bae7dc-ef7b-4a8b-99fd-c1c1de3a9ed2,a11031c8-c160-488b-ae57-59320f8e85fa,TRUE,2026-04-08 19:12:39
fc000000-0000-0000-0000-000000001475,e6415fa6-ceb1-4fa8-b83f-457ece90f78c,5f5560cf-c169-4781-8204-fb75ac3408c8,49720e2e-bd94-4072-8816-4b2dc97902ed,TRUE,2026-04-08 19:12:39
fc000000-0000-0000-0000-000000001476,3c6573cd-4fd2-4e5f-8d10-9b7632e343ed,28572475-7747-45b9-8c58-aa7c2c3f0145,de6e85f2-4d03-48bc-9660-85cd52a507f3,TRUE,2026-04-08 19:12:39
fc000000-0000-0000-0000-000000001477,7fb85e07-8097-4872-b448-a058e234426f,7c844539-83eb-4880-b86c-dd05973f0e0a,08524641-c528-4cb4-9c11-f38b289595cf,TRUE,2026-04-08 19:12:39
fc000000-0000-0000-0000-000000001478,420a3a46-bfd0-4994-a4fd-9d611283ede3,456e1a68-37c2-454d-948f-a46294d6ba3a,4851e333-befa-4ba3-8d43-216661d97bec,TRUE,2026-04-08 19:12:39
fc000000-0000-0000-0000-000000001479,bf57cb9c-5284-4cf0-a08b-59bdd2ff93d2,138bec94-c996-4510-895c-6c0af0f6a6fc,aa2ac8a6-12e0-4e15-8fc6-3ce47a710a51,TRUE,2026-04-08 19:12:39
fc000000-0000-0000-0000-000000001480,180ebb72-d210-459e-adbb-c3e8d3f2b8aa,28572475-7747-45b9-8c58-aa7c2c3f0145,de6e85f2-4d03-48bc-9660-85cd52a507f3,TRUE,2026-04-08 19:12:39
fc000000-0000-0000-0000-000000001481,2d2cf383-0e69-4ac7-a726-df6f0d9c464b,138bec94-c996-4510-895c-6c0af0f6a6fc,aa2ac8a6-12e0-4e15-8fc6-3ce47a710a51,TRUE,2026-04-08 19:12:39
fc000000-0000-0000-0000-000000001482,d3349661-d13b-4a99-a9e3-71cba1c812a9,138bec94-c996-4510-895c-6c0af0f6a6fc,aa2ac8a6-12e0-4e15-8fc6-3ce47a710a51,TRUE,2026-04-08 19:12:39
fc000000-0000-0000-0000-000000001483,ddca0128-cd0d-4332-8788-1de38da33510,470809ae-c5f3-4ba1-9522-fd0972619f7f,c82335ca-73c8-44fb-8e7c-4f7d4965d472,TRUE,2026-04-08 19:12:39
fc000000-0000-0000-0000-000000001484,02a60b08-6ae0-4605-9a2d-22f812a4679e,197fcbc8-7a73-40b5-802f-fa829cd49329,7aca039e-d723-43a5-b97d-b54b07fc5373,TRUE,2026-04-08 19:12:39
fc000000-0000-0000-0000-000000001485,ce60854c-60a2-4ae8-8cc8-3e988cd8c2df,d3eb7bae-2fff-4325-b5fc-0d1ef63ce523,b1f1a004-1111-4a1b-aaaa-111111111114,TRUE,2026-04-08 19:12:39
fc000000-0000-0000-0000-000000001486,3aae618c-c41a-4731-99c3-c3b4998b5a1b,a3ae9791-1572-4564-a7b7-b17e5824951c,7a4a6e5a-117c-41ef-84d0-e7d0e4319a59,TRUE,2026-04-08 19:12:39
fc000000-0000-0000-0000-000000001487,85426e64-56ce-491b-a6fd-741068326be4,5f5560cf-c169-4781-8204-fb75ac3408c8,fe5eb9eb-00b1-4d78-8a29-71597abc06c2,TRUE,2026-04-08 19:12:39
fc000000-0000-0000-0000-000000001488,eaeb80da-6f49-44d3-b2c4-e06dd167e7c8,a3ae9791-1572-4564-a7b7-b17e5824951c,7a4a6e5a-117c-41ef-84d0-e7d0e4319a59,TRUE,2026-04-08 19:12:39
fc000000-0000-0000-0000-000000001489,93a76473-ecf0-4699-9a9d-985bd8457c21,5f5560cf-c169-4781-8204-fb75ac3408c8,49720e2e-bd94-4072-8816-4b2dc97902ed,TRUE,2026-04-08 19:12:39
fc000000-0000-0000-0000-000000001490,6aad3bad-d1dd-42dc-a500-4abfd92fda7f,197fcbc8-7a73-40b5-802f-fa829cd49329,7aca039e-d723-43a5-b97d-b54b07fc5373,TRUE,2026-04-08 19:12:39
fc000000-0000-0000-0000-000000001491,8da2878d-d832-471a-abe7-348845ebb003,c0bae7dc-ef7b-4a8b-99fd-c1c1de3a9ed2,a11031c8-c160-488b-ae57-59320f8e85fa,TRUE,2026-04-08 19:12:39
fc000000-0000-0000-0000-000000001492,e5c67f39-7556-4d9e-a573-22d48e8391e7,5f5560cf-c169-4781-8204-fb75ac3408c8,49720e2e-bd94-4072-8816-4b2dc97902ed,TRUE,2026-04-08 19:12:39
fc000000-0000-0000-0000-000000001493,59c00e5d-601f-4f76-9d42-bd6958ca34d7,7c844539-83eb-4880-b86c-dd05973f0e0a,01142f8e-82d9-40f3-af4c-6d9b20a078a5,TRUE,2026-04-08 19:12:39
fc000000-0000-0000-0000-000000001495,0a456384-13fd-4cca-9798-20fb032eb87f,e5fcf8a7-cb34-4278-8082-a63b9d1856a9,eb979557-17dd-4e57-90ac-1854eece7765,TRUE,2026-04-08 19:12:39
fc000000-0000-0000-0000-000000001496,e20834c9-e741-419f-96cd-6ac80ffcc83a,ecb74426-adfd-416f-90ce-ac1136940e59,,TRUE,2026-04-08 19:12:39
fc000000-0000-0000-0000-000000001497,de07bbb2-42af-4110-951f-b4ac55f5ae5f,c0bae7dc-ef7b-4a8b-99fd-c1c1de3a9ed2,6c9a8c6f-47b7-4e20-b7ec-56eaa99fabda,TRUE,2026-04-08 19:12:39
fc000000-0000-0000-0000-000000001498,57a22f6d-c6a6-4bcd-a6c1-308721c82f98,7c844539-83eb-4880-b86c-dd05973f0e0a,08a2a1f3-d685-42b8-98ce-56296b83f1cf,TRUE,2026-04-08 19:12:39
fc000000-0000-0000-0000-000000001499,0378f21c-1c97-43b5-ad16-b62df158316d,1197ce03-96ae-4670-9ef3-28468625cf46,21f51f84-c1dd-4478-8fb0-1c10b08829a9,TRUE,2026-04-08 19:12:39
fc000000-0000-0000-0000-000000001500,b807484b-a02f-43bf-aa91-b5af589b212b,d859a9f6-ce5f-4e3f-8c72-f7e2030f93ce,63626deb-8fc4-4aec-b953-9613fc3e83f6,TRUE,2026-04-08 19:12:39
fc000000-0000-0000-0000-000000001501,e7aeefcf-b980-4005-8e7f-2d250f192bb0,c0bae7dc-ef7b-4a8b-99fd-c1c1de3a9ed2,a11031c8-c160-488b-ae57-59320f8e85fa,TRUE,2026-04-08 19:12:39
fc000000-0000-0000-0000-000000001502,ff185750-5c38-4ff9-a8bc-5301818b2998,ff1a36e5-3931-487f-8837-3e24af030706,91151206-fdf0-4b12-8740-df708b07dcc6,TRUE,2026-04-08 19:12:39
fc000000-0000-0000-0000-000000001503,f9755e48-a37b-48e7-8883-1530901c6a04,dc3b2dd6-a7eb-4ed7-bf00-750e33978760,fbe91310-b6cd-43ea-b306-e65d2ee5eaad,TRUE,2026-04-08 19:12:39
fc000000-0000-0000-0000-000000001504,48b855e5-a720-45f5-a28d-916f4546153a,1197ce03-96ae-4670-9ef3-28468625cf46,21f51f84-c1dd-4478-8fb0-1c10b08829a9,TRUE,2026-04-08 19:12:39
fc000000-0000-0000-0000-000000001505,85e72f15-376e-4c87-9323-a426a37415c2,ecb74426-adfd-416f-90ce-ac1136940e59,,TRUE,2026-04-08 19:12:39
fc000000-0000-0000-0000-000000001506,2ff2a4e4-42d6-468c-bcb7-ad85b9fef196,1197ce03-96ae-4670-9ef3-28468625cf46,21f51f84-c1dd-4478-8fb0-1c10b08829a9,TRUE,2026-04-08 19:12:39
fc000000-0000-0000-0000-000000001507,32967e49-ea36-4330-be71-c13b3a04f7b4,5f5560cf-c169-4781-8204-fb75ac3408c8,fe5eb9eb-00b1-4d78-8a29-71597abc06c2,TRUE,2026-04-08 19:12:39
fc000000-0000-0000-0000-000000001508,7f400865-b848-474a-9125-f44cdb2e4c8d,5f5560cf-c169-4781-8204-fb75ac3408c8,49720e2e-bd94-4072-8816-4b2dc97902ed,TRUE,2026-04-08 19:12:39
fc000000-0000-0000-0000-000000001509,edb9a3c6-8809-47ac-8878-ecaa4d18ee11,ecb74426-adfd-416f-90ce-ac1136940e59,a0f45e64-d974-4ed8-99b7-5fe52a283bc9,TRUE,2026-04-08 19:12:39
fc000000-0000-0000-0000-000000001510,516d5682-4886-44b9-ba4f-090865d0c2ec,5f917eec-d4dc-40cb-94dd-b3272db3f858,ad3bee99-7863-4b55-aa09-b9754b160c47,TRUE,2026-04-08 19:12:39
fc000000-0000-0000-0000-000000001511,8afb65fb-723d-46e4-a473-fbc96d2e0ce4,d859a9f6-ce5f-4e3f-8c72-f7e2030f93ce,63626deb-8fc4-4aec-b953-9613fc3e83f6,TRUE,2026-04-08 19:12:39
fc000000-0000-0000-0000-000000001512,b93b1c83-37a5-4c73-a858-9f07baf5b45c,4cae38a8-4a2b-4f9f-8e47-c51a8fdab4d6,d1d4d95c-2df5-4126-8033-d0a652c4d8b3,TRUE,2026-04-08 19:12:39
fc000000-0000-0000-0000-000000001513,6611cd70-02d8-474e-878e-d4041600d751,70f60247-60d3-4bce-87a8-ef397833ede6,f9d715bc-2a94-46dc-aedd-d566fe5fca63,TRUE,2026-04-08 19:12:39
fc000000-0000-0000-0000-000000001514,90d91bdd-79c4-4ea3-a405-c3ffc3022483,10f25068-4e34-42ca-94b3-96f5288b82ea,,TRUE,2026-04-08 19:12:39
fc000000-0000-0000-0000-000000001515,310bccc0-5fb9-4201-980f-8b86e3080cdf,ecb74426-adfd-416f-90ce-ac1136940e59,a0f45e64-d974-4ed8-99b7-5fe52a283bc9,TRUE,2026-04-08 19:12:39
fc000000-0000-0000-0000-000000001516,8191b650-cc7a-4f71-ae23-d6a5c0c98f17,f5e5d6a5-6dd0-4af7-acde-327f620fd476,,TRUE,2026-04-08 19:12:39
fc000000-0000-0000-0000-000000001517,5a9e321a-7dd8-4269-b420-6a038a9a9f01,7a9cbfd8-d8a1-4773-8fad-dc210e493a3c,33bb0d61-767c-4973-9da8-08a2744dca7a,TRUE,2026-04-08 19:12:39
fc000000-0000-0000-0000-000000001518,e71b1cca-2eb9-446d-b6ab-4fa2b8f859b9,138bec94-c996-4510-895c-6c0af0f6a6fc,aa2ac8a6-12e0-4e15-8fc6-3ce47a710a51,TRUE,2026-04-08 19:12:39
fc000000-0000-0000-0000-000000001519,afbeb041-f341-4681-ae78-b66086c5c4a1,77f6700e-88b8-40d8-9b61-ffefe536a5a2,27217365-aff2-447c-9c82-173f36a5173b,TRUE,2026-04-08 19:12:39
fc000000-0000-0000-0000-000000001520,c03be570-2a6b-434e-953b-febf86ff9595,138bec94-c996-4510-895c-6c0af0f6a6fc,266323bf-18db-4486-a7d4-a597c5d828ff,TRUE,2026-04-08 19:12:39
fc000000-0000-0000-0000-000000001521,10ab899b-eb21-46af-b676-537c2f624d1b,197fcbc8-7a73-40b5-802f-fa829cd49329,7aca039e-d723-43a5-b97d-b54b07fc5373,TRUE,2026-04-08 19:12:39
fc000000-0000-0000-0000-000000001522,340e5952-38cb-495a-8feb-a2afc79aecd6,9b9a62f5-8465-45c6-adcb-1ba9cb45552d,16d15d29-5bdc-4970-819a-4fb52ed6500d,TRUE,2026-04-08 19:12:39
fc000000-0000-0000-0000-000000001523,3198b4d7-f72a-47d1-801b-dd2f92629705,a4607b32-1492-4625-b7e1-ce88eb426112,2e2c0fd2-f457-4bbf-89a4-6e958905ace1,TRUE,2026-04-08 19:12:39
fc000000-0000-0000-0000-000000001524,e1bc1eb4-41bb-47fc-8fda-a25b51f3501e,10f25068-4e34-42ca-94b3-96f5288b82ea,3e83f541-7341-4018-ab30-8c42069de70d,TRUE,2026-04-08 19:12:39
fc000000-0000-0000-0000-000000001525,b7b029d8-b555-4726-8953-a0ad422871fb,197fcbc8-7a73-40b5-802f-fa829cd49329,7aca039e-d723-43a5-b97d-b54b07fc5373,TRUE,2026-04-08 19:12:39
fc000000-0000-0000-0000-000000001526,b66e92d7-65cb-4795-baa8-3c889cdaa688,8dcc57a0-79ac-45dd-9db0-efb3d1fd5299,f5aa12c0-a668-4178-b870-908ba1c7ac67,TRUE,2026-04-08 19:12:39
fc000000-0000-0000-0000-000000001527,0c4d7978-5e80-43fc-af78-c95ccd4db1ca,4081baaa-071b-45f4-a25d-ac5121bfccc7,7e20674c-0cfd-42f7-94dc-124313a44543,TRUE,2026-04-08 19:12:39
fc000000-0000-0000-0000-000000001528,6b34fe74-dd14-4bd0-a204-ff457a1c9dff,b28bcd2f-98c3-4e0e-bbae-d05d48bf82e9,,TRUE,2026-04-08 19:12:39
fc000000-0000-0000-0000-000000001529,83bb192d-616b-403b-bc6c-8a288177e51a,5f5560cf-c169-4781-8204-fb75ac3408c8,49720e2e-bd94-4072-8816-4b2dc97902ed,TRUE,2026-04-08 19:12:39
fc000000-0000-0000-0000-000000001530,57301679-b8ca-4b40-b1e7-19b2ad58e86d,ff1a36e5-3931-487f-8837-3e24af030706,91151206-fdf0-4b12-8740-df708b07dcc6,TRUE,2026-04-08 19:12:39
fc000000-0000-0000-0000-000000001531,50ce8d4c-69bf-4da8-b1f5-37581773f541,470809ae-c5f3-4ba1-9522-fd0972619f7f,c82335ca-73c8-44fb-8e7c-4f7d4965d472,TRUE,2026-04-08 19:12:39
fc000000-0000-0000-0000-000000001532,68fffadb-c144-4da7-b2f5-5e5705e8a736,5f917eec-d4dc-40cb-94dd-b3272db3f858,ad3bee99-7863-4b55-aa09-b9754b160c47,TRUE,2026-04-08 19:12:39
fc000000-0000-0000-0000-000000001533,8fb9f63a-6d0c-4bfa-8044-5056fad83bef,5f5560cf-c169-4781-8204-fb75ac3408c8,49720e2e-bd94-4072-8816-4b2dc97902ed,TRUE,2026-04-08 19:12:39
fc000000-0000-0000-0000-000000001534,8a818cfb-aedd-4c92-b96c-2dee6139dc7d,456e1a68-37c2-454d-948f-a46294d6ba3a,4851e333-befa-4ba3-8d43-216661d97bec,TRUE,2026-04-08 19:12:39
fc000000-0000-0000-0000-000000001535,ded2cb3a-9f18-4102-bff0-d3872f5de5f5,c0bae7dc-ef7b-4a8b-99fd-c1c1de3a9ed2,d493879f-f5cc-4c9a-bfbd-78a96a34b900,TRUE,2026-04-08 19:12:39
fc000000-0000-0000-0000-000000001536,731b407c-3cfe-44c3-a63e-002ead4ecd18,c0bae7dc-ef7b-4a8b-99fd-c1c1de3a9ed2,d493879f-f5cc-4c9a-bfbd-78a96a34b900,TRUE,2026-04-08 19:12:39
fc000000-0000-0000-0000-000000001537,e34c45d5-9602-47d1-a2d3-bcf7b6c86019,197fcbc8-7a73-40b5-802f-fa829cd49329,7aca039e-d723-43a5-b97d-b54b07fc5373,TRUE,2026-04-08 19:12:39
fc000000-0000-0000-0000-000000001538,0a8bf278-9103-4330-8293-877e82fc176f,93813225-2cbe-4d50-8943-423d4338776a,4eb29058-3bc2-43c5-a3a9-066f9879db4a,TRUE,2026-04-08 19:12:39
fc000000-0000-0000-0000-000000001539,9864c045-7b29-4e45-9969-c6818e40384a,d57f11d3-f03a-49bf-905e-131a223352cd,af030f0d-629b-4fc2-a83d-2a5117a4a7e3,TRUE,2026-04-08 19:12:39
fc000000-0000-0000-0000-000000001540,b8ff148a-6d6e-43c9-8285-8285f7c806a2,5f5560cf-c169-4781-8204-fb75ac3408c8,49720e2e-bd94-4072-8816-4b2dc97902ed,TRUE,2026-04-08 19:12:39
fc000000-0000-0000-0000-000000001541,434a501e-e78b-48f1-829c-fc47eecf8a47,93813225-2cbe-4d50-8943-423d4338776a,c916f879-a7fa-4403-94c3-dcd5d3a03627,TRUE,2026-04-08 19:12:39
fc000000-0000-0000-0000-000000001542,6b8a898d-8b0a-4976-8573-80ec147600e9,7c844539-83eb-4880-b86c-dd05973f0e0a,b8cbc705-1090-4947-8783-70ce2ee9df2a,TRUE,2026-04-08 19:12:39
fc000000-0000-0000-0000-000000001543,221a1912-c124-4805-b007-9dc0a229bb71,8dcc57a0-79ac-45dd-9db0-efb3d1fd5299,f5aa12c0-a668-4178-b870-908ba1c7ac67,TRUE,2026-04-08 19:12:39
fc000000-0000-0000-0000-000000001544,c907ac8e-b198-41e0-8c4a-1c973dcdc6d2,7a9cbfd8-d8a1-4773-8fad-dc210e493a3c,33bb0d61-767c-4973-9da8-08a2744dca7a,TRUE,2026-04-08 19:12:39
fc000000-0000-0000-0000-000000001545,170bdc18-09db-4852-bd4e-70efc54bf9c9,c0bae7dc-ef7b-4a8b-99fd-c1c1de3a9ed2,d493879f-f5cc-4c9a-bfbd-78a96a34b900,TRUE,2026-04-08 19:12:39
fc000000-0000-0000-0000-000000001546,4aac140d-d1e6-4803-9077-6ca81e8bc5b0,7c844539-83eb-4880-b86c-dd05973f0e0a,b8cbc705-1090-4947-8783-70ce2ee9df2a,TRUE,2026-04-08 19:12:39
fc000000-0000-0000-0000-000000001547,3f16105d-4043-4379-95fe-ee86e88bc3a6,5f917eec-d4dc-40cb-94dd-b3272db3f858,2489267c-9b73-4948-a360-81d6ae8f9a8e,TRUE,2026-04-08 19:12:39
fc000000-0000-0000-0000-000000001548,2a259fbe-693d-4f73-906c-43f3fbb4ba75,5f917eec-d4dc-40cb-94dd-b3272db3f858,ad3bee99-7863-4b55-aa09-b9754b160c47,TRUE,2026-04-08 19:12:39
fc000000-0000-0000-0000-000000001549,4952b811-04be-4765-8b35-6a41e6d5c682,197fcbc8-7a73-40b5-802f-fa829cd49329,7aca039e-d723-43a5-b97d-b54b07fc5373,TRUE,2026-04-08 19:12:39
fc000000-0000-0000-0000-000000001550,7dac77dd-aec7-4dea-9eee-f6cf4d67d3e3,4ee5e694-5d88-4a9b-ba2e-eecf653807e1,,TRUE,2026-04-08 19:12:39
fc000000-0000-0000-0000-000000001551,b81515a7-2ce4-49d0-83e2-69737a92dabe,7c844539-83eb-4880-b86c-dd05973f0e0a,08a2a1f3-d685-42b8-98ce-56296b83f1cf,TRUE,2026-04-08 19:12:39
fc000000-0000-0000-0000-000000001552,137c38ca-a226-4fa8-8c0c-08e3b018a736,d3eb7bae-2fff-4325-b5fc-0d1ef63ce523,b1f1a001-1111-4a1b-aaaa-111111111111,TRUE,2026-04-08 19:12:39
fc000000-0000-0000-0000-000000001553,bb54cfd0-6c5a-45d1-b56a-7559e23878a5,ecb74426-adfd-416f-90ce-ac1136940e59,,TRUE,2026-04-08 19:12:39
fc000000-0000-0000-0000-000000001554,e4de6201-4144-4067-bd19-d926915c08d7,197fcbc8-7a73-40b5-802f-fa829cd49329,e8bcbcab-5c6d-44cb-aeeb-8632016ca3cd,TRUE,2026-04-08 19:12:39
fc000000-0000-0000-0000-000000001555,d68af2bd-c63c-4502-aefc-80058beafa9e,b28bcd2f-98c3-4e0e-bbae-d05d48bf82e9,,TRUE,2026-04-08 19:12:39
fc000000-0000-0000-0000-000000001556,7e8ee441-69d0-45af-a65a-d3bd9273e22d,7c844539-83eb-4880-b86c-dd05973f0e0a,b8cbc705-1090-4947-8783-70ce2ee9df2a,TRUE,2026-04-08 19:12:39
fc000000-0000-0000-0000-000000001557,f614f690-4f8c-4386-beca-52ade7d0b047,197fcbc8-7a73-40b5-802f-fa829cd49329,7aca039e-d723-43a5-b97d-b54b07fc5373,TRUE,2026-04-08 19:12:39
fc000000-0000-0000-0000-000000001558,ab820b6a-1cc6-4760-9a3d-36917d4012fa,b28bcd2f-98c3-4e0e-bbae-d05d48bf82e9,,TRUE,2026-04-08 19:12:39
fc000000-0000-0000-0000-000000001559,5aa69bf2-d6cd-4518-a0ce-d3c1834825cc,7c844539-83eb-4880-b86c-dd05973f0e0a,b8cbc705-1090-4947-8783-70ce2ee9df2a,TRUE,2026-04-08 19:12:39
fc000000-0000-0000-0000-000000001560,2991c5f6-f474-4fbe-b3e9-2bccfa7527c3,70f60247-60d3-4bce-87a8-ef397833ede6,d7a23d71-36d9-4c60-95f6-16235e398ec8,TRUE,2026-04-08 19:12:39
fc000000-0000-0000-0000-000000001561,11e33255-5e28-42ce-9ac7-da91eb2c9a2c,28572475-7747-45b9-8c58-aa7c2c3f0145,de6e85f2-4d03-48bc-9660-85cd52a507f3,TRUE,2026-04-08 19:12:39
fc000000-0000-0000-0000-000000001562,69d3937f-a68c-4d96-9540-b9619e632ef9,6bb1c67f-609f-4a2a-af8a-f95ac0357537,99705944-4098-4a95-9369-831b4e666c1a,TRUE,2026-04-08 19:12:39
fc000000-0000-0000-0000-000000001563,45818ba0-6b85-4515-b1e0-39d895c29c52,1197ce03-96ae-4670-9ef3-28468625cf46,21f51f84-c1dd-4478-8fb0-1c10b08829a9,TRUE,2026-04-08 19:12:39
fc000000-0000-0000-0000-000000001564,6c2a3ad2-a7b4-4c88-8fdd-dea147cb325d,1197ce03-96ae-4670-9ef3-28468625cf46,21f51f84-c1dd-4478-8fb0-1c10b08829a9,TRUE,2026-04-08 19:12:39
fc000000-0000-0000-0000-000000001565,760181b5-e9ec-4052-8af9-2349a8cd3508,ecb74426-adfd-416f-90ce-ac1136940e59,,TRUE,2026-04-08 19:12:39
fc000000-0000-0000-0000-000000001566,b896e385-cc29-4816-ace2-2f9e1a86f72e,197fcbc8-7a73-40b5-802f-fa829cd49329,7aca039e-d723-43a5-b97d-b54b07fc5373,TRUE,2026-04-08 19:12:39
fc000000-0000-0000-0000-000000001567,9e5a3db0-5494-4d44-8004-df7da99a126b,197fcbc8-7a73-40b5-802f-fa829cd49329,7aca039e-d723-43a5-b97d-b54b07fc5373,TRUE,2026-04-08 19:12:39
fc000000-0000-0000-0000-000000001568,cbeacc69-4ee4-46d2-8266-b590e488a2f4,a3ae9791-1572-4564-a7b7-b17e5824951c,7a4a6e5a-117c-41ef-84d0-e7d0e4319a59,TRUE,2026-04-08 19:12:39
fc000000-0000-0000-0000-000000001569,194b3ced-6ec0-4cad-b0c2-b0cfa5cf6a35,d3eb7bae-2fff-4325-b5fc-0d1ef63ce523,b1f1a002-1111-4a1b-aaaa-111111111112,TRUE,2026-04-08 19:12:39
fc000000-0000-0000-0000-000000001570,32b9bd0a-ff5a-49a0-8310-9519590a27ab,a3ae9791-1572-4564-a7b7-b17e5824951c,7a4a6e5a-117c-41ef-84d0-e7d0e4319a59,TRUE,2026-04-08 19:12:39
fc000000-0000-0000-0000-000000001571,1e0a6632-d200-4de5-9b7b-59e814a41265,a3ae9791-1572-4564-a7b7-b17e5824951c,7a4a6e5a-117c-41ef-84d0-e7d0e4319a59,TRUE,2026-04-08 19:12:39
fc000000-0000-0000-0000-000000001572,306c8472-0862-47ee-b2c9-f3774f8fbb06,a3ae9791-1572-4564-a7b7-b17e5824951c,7a4a6e5a-117c-41ef-84d0-e7d0e4319a59,TRUE,2026-04-08 19:12:39
fc000000-0000-0000-0000-000000001573,51d87a50-924f-4509-9584-6e379968ebd6,d57f11d3-f03a-49bf-905e-131a223352cd,af030f0d-629b-4fc2-a83d-2a5117a4a7e3,TRUE,2026-04-08 19:12:39
fc000000-0000-0000-0000-000000001574,86f4fdac-9b46-4c56-a89d-7c78892bcd8d,a3ae9791-1572-4564-a7b7-b17e5824951c,7a4a6e5a-117c-41ef-84d0-e7d0e4319a59,TRUE,2026-04-08 19:12:39
fc000000-0000-0000-0000-000000001575,72135422-e990-45a3-8a49-0fac35ff1a28,a3ae9791-1572-4564-a7b7-b17e5824951c,7a4a6e5a-117c-41ef-84d0-e7d0e4319a59,TRUE,2026-04-08 19:12:39
fc000000-0000-0000-0000-000000001576,046a66ab-ba50-4f51-be64-96806f54cc64,3935744f-77f8-479b-b88f-39999b92ed11,,TRUE,2026-04-08 19:12:39
fc000000-0000-0000-0000-000000001577,17e51f9a-75a4-40b4-a728-b9060afdd354,ecb74426-adfd-416f-90ce-ac1136940e59,,TRUE,2026-04-08 19:12:39
fc000000-0000-0000-0000-000000001578,4517b1e4-8d24-40c0-a3b7-8597ea0d252f,ecb74426-adfd-416f-90ce-ac1136940e59,,TRUE,2026-04-08 19:12:39
fc000000-0000-0000-0000-000000001579,1cd9ce2e-2372-45eb-a4ba-d436c1631f1b,5f917eec-d4dc-40cb-94dd-b3272db3f858,2489267c-9b73-4948-a360-81d6ae8f9a8e,TRUE,2026-04-08 19:12:39
fc000000-0000-0000-0000-000000001580,70ce4875-f712-4831-ae17-9a69cc78c14e,5f917eec-d4dc-40cb-94dd-b3272db3f858,ad3bee99-7863-4b55-aa09-b9754b160c47,TRUE,2026-04-08 19:12:39
fc000000-0000-0000-0000-000000001581,93c41510-9412-4045-95a7-d75fffd4838d,bd05a5ba-f1c0-4097-93c5-1a06a55ffc29,4302706b-c7fc-4b6a-b194-fb975c3238e7,TRUE,2026-04-08 19:12:39
fc000000-0000-0000-0000-000000001582,e0a08cb2-4293-4893-8226-52061624a165,7c844539-83eb-4880-b86c-dd05973f0e0a,08524641-c528-4cb4-9c11-f38b289595cf,TRUE,2026-04-08 19:12:39
fc000000-0000-0000-0000-000000001583,82e7875d-11f2-4aa1-9fae-ec0698672254,1197ce03-96ae-4670-9ef3-28468625cf46,f049a0b1-3fa9-4abc-ace2-94d2bfd56985,TRUE,2026-04-08 19:12:39
fc000000-0000-0000-0000-000000001584,4f278ed6-879a-4a21-b9d6-644141725fed,bd05a5ba-f1c0-4097-93c5-1a06a55ffc29,4302706b-c7fc-4b6a-b194-fb975c3238e7,TRUE,2026-04-08 19:12:39
fc000000-0000-0000-0000-000000001585,3b7ac4a4-c1d7-465a-9a6f-90ca374e6c78,456e1a68-37c2-454d-948f-a46294d6ba3a,91e5a9cf-e300-45c3-bd78-5a4d13bb8955,TRUE,2026-04-08 19:12:39
fc000000-0000-0000-0000-000000001586,363a7990-10f2-412d-9248-696caed0b26b,197fcbc8-7a73-40b5-802f-fa829cd49329,7aca039e-d723-43a5-b97d-b54b07fc5373,TRUE,2026-04-08 19:12:39
fc000000-0000-0000-0000-000000001587,f6c7c6cb-3c41-4e39-9c73-810869d865b0,7c844539-83eb-4880-b86c-dd05973f0e0a,b8cbc705-1090-4947-8783-70ce2ee9df2a,TRUE,2026-04-08 19:12:39
fc000000-0000-0000-0000-000000001588,666bff0f-590b-472e-bf53-4083cf4ecf87,4081baaa-071b-45f4-a25d-ac5121bfccc7,7e20674c-0cfd-42f7-94dc-124313a44543,TRUE,2026-04-08 19:12:39
fc000000-0000-0000-0000-000000001589,ff23195c-8892-4f46-8bdd-e486bfff44d8,a304b977-b01b-44b8-aebb-1186af42aba7,4ff58de7-1563-4fff-8853-28266fa37e7f,TRUE,2026-04-08 19:12:39
fc000000-0000-0000-0000-000000001590,d700241a-110e-46e7-8e94-c911a0f390d0,93813225-2cbe-4d50-8943-423d4338776a,4eb29058-3bc2-43c5-a3a9-066f9879db4a,TRUE,2026-04-08 19:12:39
fc000000-0000-0000-0000-000000001591,253ebbc3-e9cd-4eea-ae34-5bff8664bdba,7c844539-83eb-4880-b86c-dd05973f0e0a,08a2a1f3-d685-42b8-98ce-56296b83f1cf,TRUE,2026-04-08 19:12:39
fc000000-0000-0000-0000-000000001592,532283fb-8dcf-4669-af3a-08fedb48d97a,197fcbc8-7a73-40b5-802f-fa829cd49329,7aca039e-d723-43a5-b97d-b54b07fc5373,TRUE,2026-04-08 19:12:39
fc000000-0000-0000-0000-000000001593,46b47999-8892-436a-ba7d-836d4b1d2a65,10bbf5a6-0d2a-4f76-9579-c153cfc4542f,41a7b674-be1f-4204-80c5-974f9ba24d39,TRUE,2026-04-08 19:12:39
fc000000-0000-0000-0000-000000001594,05162bae-1ed7-4f52-bcfb-d23ff865984d,343841d6-b938-4b7d-8523-23d25aa1eeb5,03ef20c9-4602-4b3f-b405-be77706bfc0e,TRUE,2026-04-08 19:12:39
fc000000-0000-0000-0000-000000001595,521b4bab-cdd2-4f68-a7b6-bfcf0b77f93c,93813225-2cbe-4d50-8943-423d4338776a,c916f879-a7fa-4403-94c3-dcd5d3a03627,TRUE,2026-04-08 19:12:39
fc000000-0000-0000-0000-000000001596,3f9016b1-3fb5-416d-aa5c-17d815b05ccc,7c844539-83eb-4880-b86c-dd05973f0e0a,b8cbc705-1090-4947-8783-70ce2ee9df2a,TRUE,2026-04-08 19:12:39
fc000000-0000-0000-0000-000000001597,db5d198c-55e3-4de6-9330-d63063b737ce,77f6700e-88b8-40d8-9b61-ffefe536a5a2,27217365-aff2-447c-9c82-173f36a5173b,TRUE,2026-04-08 19:12:39
fc000000-0000-0000-0000-000000001598,39e6dba7-33ae-446c-bce5-d56c741a644c,e5fcf8a7-cb34-4278-8082-a63b9d1856a9,eb979557-17dd-4e57-90ac-1854eece7765,TRUE,2026-04-08 19:12:39
fc000000-0000-0000-0000-000000001599,115b5702-6036-46a8-99e3-1737c480e826,8dcc57a0-79ac-45dd-9db0-efb3d1fd5299,f5aa12c0-a668-4178-b870-908ba1c7ac67,TRUE,2026-04-08 19:12:39
fc000000-0000-0000-0000-000000001600,5a0fc421-9c8e-4c36-9a25-2263e2cd8a70,b28bcd2f-98c3-4e0e-bbae-d05d48bf82e9,,TRUE,2026-04-08 19:12:39
fc000000-0000-0000-0000-000000001601,af6cd677-a7ac-4d37-96b7-826828162f0a,dc3b2dd6-a7eb-4ed7-bf00-750e33978760,fbe91310-b6cd-43ea-b306-e65d2ee5eaad,TRUE,2026-04-08 19:12:39
fc000000-0000-0000-0000-000000001602,8085a97f-136f-461d-8b00-4930751c8438,5f917eec-d4dc-40cb-94dd-b3272db3f858,2489267c-9b73-4948-a360-81d6ae8f9a8e,TRUE,2026-04-08 19:12:39
fc000000-0000-0000-0000-000000001603,dff44139-a2f6-4f01-9972-efcc3f4953a2,456e1a68-37c2-454d-948f-a46294d6ba3a,4851e333-befa-4ba3-8d43-216661d97bec,TRUE,2026-04-08 19:12:39
fc000000-0000-0000-0000-000000001604,54061748-f9b2-4868-986f-028c7a12c47d,ca02fc79-4b0f-46d9-a2ae-ba767deaa976,c1770239-c6ca-46d5-9b31-cfc57bcbf5d5,TRUE,2026-04-08 19:12:39
fc000000-0000-0000-0000-000000001605,f7108edd-2246-478e-a305-83838055aa0a,8dcc57a0-79ac-45dd-9db0-efb3d1fd5299,f5aa12c0-a668-4178-b870-908ba1c7ac67,TRUE,2026-04-08 19:12:39
fc000000-0000-0000-0000-000000001606,0979da3a-0aa4-4ce6-bb94-9b6f94290e5e,8d009eb0-2234-4ba9-9768-f922672929f0,12328925-dd54-469f-bb65-f8d66ee8c7f5,TRUE,2026-04-08 19:12:39
fc000000-0000-0000-0000-000000001607,28796ba6-95cf-41d8-8ec2-5fcf40a91c4e,f5e5d6a5-6dd0-4af7-acde-327f620fd476,,TRUE,2026-04-08 19:12:39
fc000000-0000-0000-0000-000000001608,e0b3eb60-b34e-459b-9fae-d8630edccce8,c0bae7dc-ef7b-4a8b-99fd-c1c1de3a9ed2,a11031c8-c160-488b-ae57-59320f8e85fa,TRUE,2026-04-08 19:12:39
fc000000-0000-0000-0000-000000001609,7228105e-54cb-4648-95d3-79f73816d40c,b45b8235-8a17-48af-9a87-71873063f8f5,,TRUE,2026-04-08 19:12:39
fc000000-0000-0000-0000-000000001610,fe0071d2-51dc-4607-8373-eeb6f68ce331,1197ce03-96ae-4670-9ef3-28468625cf46,21f51f84-c1dd-4478-8fb0-1c10b08829a9,TRUE,2026-04-08 19:12:39
fc000000-0000-0000-0000-000000001611,ab11fb35-6e8b-48ba-bf68-dc23b8752241,93813225-2cbe-4d50-8943-423d4338776a,4eb29058-3bc2-43c5-a3a9-066f9879db4a,TRUE,2026-04-08 19:12:39
fc000000-0000-0000-0000-000000001612,4ef7dc56-bd65-41ef-9715-aedb5dd27219,8d009eb0-2234-4ba9-9768-f922672929f0,12328925-dd54-469f-bb65-f8d66ee8c7f5,TRUE,2026-04-08 19:12:39
fc000000-0000-0000-0000-000000001613,b7a6bdfc-65d5-445d-9913-0f83957f07d4,4cae38a8-4a2b-4f9f-8e47-c51a8fdab4d6,5890126b-c352-4df7-8341-1ac685154844,TRUE,2026-04-08 19:12:39
fc000000-0000-0000-0000-000000001614,a7564972-ba87-4877-9d41-acb9fefbf59f,5f917eec-d4dc-40cb-94dd-b3272db3f858,2489267c-9b73-4948-a360-81d6ae8f9a8e,TRUE,2026-04-08 19:12:39
fc000000-0000-0000-0000-000000001615,ea981fdf-df69-44f2-af94-bb35a9e2cb33,ca02fc79-4b0f-46d9-a2ae-ba767deaa976,d7e752f6-5486-4456-8f64-fec87565d101,TRUE,2026-04-08 19:12:39
fc000000-0000-0000-0000-000000001616,bbe64b17-8009-4b07-892f-2af3e28aad47,b28bcd2f-98c3-4e0e-bbae-d05d48bf82e9,,TRUE,2026-04-08 19:12:39
fc000000-0000-0000-0000-000000001617,978351eb-89a2-4dfc-ad74-bd1699ec46b7,75378ce6-f415-4cb9-a1a2-628f22004a53,,TRUE,2026-04-08 19:12:39
fc000000-0000-0000-0000-000000001618,b20186a5-4fef-440f-bdda-660c53e16f98,10f25068-4e34-42ca-94b3-96f5288b82ea,,TRUE,2026-04-08 19:12:39
fc000000-0000-0000-0000-000000001619,8466be1a-e05a-4c1e-96f7-450c9001c887,7c844539-83eb-4880-b86c-dd05973f0e0a,b8cbc705-1090-4947-8783-70ce2ee9df2a,TRUE,2026-04-08 19:12:39
fc000000-0000-0000-0000-000000001620,a3ef0e9b-6339-44d6-b6c7-a3222094ced0,456e1a68-37c2-454d-948f-a46294d6ba3a,91e5a9cf-e300-45c3-bd78-5a4d13bb8955,TRUE,2026-04-08 19:12:39
fc000000-0000-0000-0000-000000001621,5e04cec3-5a19-4ddb-af8e-a90c246aaf27,53641b9b-58cc-4bdd-b2fd-c698a2c44026,,TRUE,2026-04-08 19:12:39
fc000000-0000-0000-0000-000000001622,9bb9cce1-d65e-4bd7-bce2-b1b21bb51b0f,197fcbc8-7a73-40b5-802f-fa829cd49329,7aca039e-d723-43a5-b97d-b54b07fc5373,TRUE,2026-04-08 19:12:39
fc000000-0000-0000-0000-000000001623,4ba91102-d423-45df-b13c-fd4df7c33829,197fcbc8-7a73-40b5-802f-fa829cd49329,7aca039e-d723-43a5-b97d-b54b07fc5373,TRUE,2026-04-08 19:12:39
fc000000-0000-0000-0000-000000001624,60f44cc4-08c5-4cbe-aa90-22cfb4585fa3,d3eb7bae-2fff-4325-b5fc-0d1ef63ce523,b1f1a004-1111-4a1b-aaaa-111111111114,TRUE,2026-04-08 19:12:39
fc000000-0000-0000-0000-000000001625,d20d8d09-a8b1-4d6f-8276-e6dccc6f4021,7c844539-83eb-4880-b86c-dd05973f0e0a,01142f8e-82d9-40f3-af4c-6d9b20a078a5,TRUE,2026-04-08 19:12:39
fc000000-0000-0000-0000-000000001626,0f7b1dfb-6465-41c9-b4ce-658e128d0be9,ecb74426-adfd-416f-90ce-ac1136940e59,,TRUE,2026-04-08 19:12:39
fc000000-0000-0000-0000-000000001627,2ce9a821-2d18-48a7-ad48-1fba7446679d,ecb74426-adfd-416f-90ce-ac1136940e59,a0f45e64-d974-4ed8-99b7-5fe52a283bc9,TRUE,2026-04-08 19:12:39
fc000000-0000-0000-0000-000000001628,0735dcf7-560e-4e4c-be0b-99260c6b837d,c0bae7dc-ef7b-4a8b-99fd-c1c1de3a9ed2,a11031c8-c160-488b-ae57-59320f8e85fa,TRUE,2026-04-08 19:12:39
fc000000-0000-0000-0000-000000001629,5429b3df-c460-40b1-8e80-3f1bea1c4027,343841d6-b938-4b7d-8523-23d25aa1eeb5,03ef20c9-4602-4b3f-b405-be77706bfc0e,TRUE,2026-04-08 19:12:39
fc000000-0000-0000-0000-000000001630,8209c7db-865c-4547-a936-649b5e83dc74,ecb74426-adfd-416f-90ce-ac1136940e59,5cf414a9-7d0b-4cbc-82e9-54a3dd0b9e26,TRUE,2026-04-08 19:12:39
fc000000-0000-0000-0000-000000001631,2ff3fd75-7495-4ceb-8d6b-28714be2fff1,70f60247-60d3-4bce-87a8-ef397833ede6,d7a23d71-36d9-4c60-95f6-16235e398ec8,TRUE,2026-04-08 19:12:39
fc000000-0000-0000-0000-000000001632,03e02fb4-1324-4763-a897-e2bf20edce2c,70f60247-60d3-4bce-87a8-ef397833ede6,d7a23d71-36d9-4c60-95f6-16235e398ec8,TRUE,2026-04-08 19:12:39
fc000000-0000-0000-0000-000000001633,85bf50d5-dc03-4987-95df-50fb792fee54,dc3b2dd6-a7eb-4ed7-bf00-750e33978760,fbe91310-b6cd-43ea-b306-e65d2ee5eaad,TRUE,2026-04-08 19:12:39
fc000000-0000-0000-0000-000000001634,8eb5ced2-32bd-4428-bff4-29ab24d95ad2,70f60247-60d3-4bce-87a8-ef397833ede6,d7a23d71-36d9-4c60-95f6-16235e398ec8,TRUE,2026-04-08 19:12:39
fc000000-0000-0000-0000-000000001635,ce2a68f4-57b1-4ff4-b31c-05938d8f01a3,70f60247-60d3-4bce-87a8-ef397833ede6,d7a23d71-36d9-4c60-95f6-16235e398ec8,TRUE,2026-04-08 19:12:39
fc000000-0000-0000-0000-000000001636,d4adabd2-b442-4ebd-abc5-4b10a1388102,70f60247-60d3-4bce-87a8-ef397833ede6,f9d715bc-2a94-46dc-aedd-d566fe5fca63,TRUE,2026-04-08 19:12:39
fc000000-0000-0000-0000-000000001637,d9deab20-efd6-48be-a4ce-708e5e1766ad,7c844539-83eb-4880-b86c-dd05973f0e0a,b8cbc705-1090-4947-8783-70ce2ee9df2a,TRUE,2026-04-08 19:12:39
fc000000-0000-0000-0000-000000001638,b466d81d-d2b0-4677-85cb-eb41d868a83e,7c844539-83eb-4880-b86c-dd05973f0e0a,08524641-c528-4cb4-9c11-f38b289595cf,TRUE,2026-04-08 19:12:39
fc000000-0000-0000-0000-000000001639,60cb572b-5a35-4ad3-b0ad-5b5c4f51db07,70f60247-60d3-4bce-87a8-ef397833ede6,f9d715bc-2a94-46dc-aedd-d566fe5fca63,TRUE,2026-04-08 19:12:39
fc000000-0000-0000-0000-000000001640,6570f205-769a-42a4-9405-c152f91daa21,70f60247-60d3-4bce-87a8-ef397833ede6,d7a23d71-36d9-4c60-95f6-16235e398ec8,TRUE,2026-04-08 19:12:39
fc000000-0000-0000-0000-000000001641,43d91885-2c72-4a14-a254-d9bd2a1c3ed8,70f60247-60d3-4bce-87a8-ef397833ede6,f9d715bc-2a94-46dc-aedd-d566fe5fca63,TRUE,2026-04-08 19:12:39
fc000000-0000-0000-0000-000000001642,079cf232-9439-4e89-b7ee-041c8baeadb3,7c844539-83eb-4880-b86c-dd05973f0e0a,b8cbc705-1090-4947-8783-70ce2ee9df2a,TRUE,2026-04-08 19:12:39
fc000000-0000-0000-0000-000000001643,b78080f7-dde9-4574-b648-1a609e970d95,0986f242-a7aa-4df0-bb46-d1f3e5c64cf8,e0a4b523-deae-4cdf-9ae3-6f22c48ec462,TRUE,2026-04-08 19:12:39
fc000000-0000-0000-0000-000000001644,87701d6c-5411-4c7e-99e9-11db4365994f,5f5560cf-c169-4781-8204-fb75ac3408c8,49720e2e-bd94-4072-8816-4b2dc97902ed,TRUE,2026-04-08 19:12:39
fc000000-0000-0000-0000-000000001645,0e26981a-16a1-4b60-ae67-9543698094e4,b28bcd2f-98c3-4e0e-bbae-d05d48bf82e9,,TRUE,2026-04-08 19:12:39
fc000000-0000-0000-0000-000000001646,9a6c34b5-618e-4b98-bc73-9876d2715e20,5dbe61d1-daa6-4f30-acba-d9094a3f9de3,c75026f9-6eff-43bf-8fa3-700c0f983cde,TRUE,2026-04-08 19:12:39
fc000000-0000-0000-0000-000000001647,acdb02c5-26e7-44cf-903f-41a01657ddc8,456e1a68-37c2-454d-948f-a46294d6ba3a,91e5a9cf-e300-45c3-bd78-5a4d13bb8955,TRUE,2026-04-08 19:12:39
fc000000-0000-0000-0000-000000001648,7c35b13e-30a4-4bbe-95c2-5e29f9d43007,5f917eec-d4dc-40cb-94dd-b3272db3f858,2489267c-9b73-4948-a360-81d6ae8f9a8e,TRUE,2026-04-08 19:12:39
fc000000-0000-0000-0000-000000001649,b2b26974-08ba-4f2e-a8db-cbc8ad427b56,75378ce6-f415-4cb9-a1a2-628f22004a53,,TRUE,2026-04-08 19:12:39
fc000000-0000-0000-0000-000000001650,d0185006-308f-4230-b277-5163994b21b9,ecb74426-adfd-416f-90ce-ac1136940e59,,TRUE,2026-04-08 19:12:39
fc000000-0000-0000-0000-000000001651,f3d056fe-3dcf-4900-8b0d-e1e48e511006,197fcbc8-7a73-40b5-802f-fa829cd49329,7aca039e-d723-43a5-b97d-b54b07fc5373,TRUE,2026-04-08 19:12:39
fc000000-0000-0000-0000-000000001652,50fec8b8-de5a-4200-9a92-1504d8666ff7,ecb74426-adfd-416f-90ce-ac1136940e59,5cf414a9-7d0b-4cbc-82e9-54a3dd0b9e26,TRUE,2026-04-08 19:12:39
fc000000-0000-0000-0000-000000001653,0b57e0d9-9c0f-4a4b-9bbe-a7dd9061169e,ecb74426-adfd-416f-90ce-ac1136940e59,95968819-61fa-4073-906d-9a6dbde79314,TRUE,2026-04-08 19:12:39
fc000000-0000-0000-0000-000000001654,67cc4f72-864a-4546-bca0-26c059d599e2,197fcbc8-7a73-40b5-802f-fa829cd49329,7aca039e-d723-43a5-b97d-b54b07fc5373,TRUE,2026-04-08 19:12:39
fc000000-0000-0000-0000-000000001655,827f5666-6390-4a13-a7a7-10a7a9e9bf45,5f5560cf-c169-4781-8204-fb75ac3408c8,fe5eb9eb-00b1-4d78-8a29-71597abc06c2,TRUE,2026-04-08 19:12:39
fc000000-0000-0000-0000-000000001656,7c655177-15a8-4253-82e2-dc63adbdeafc,ff1a36e5-3931-487f-8837-3e24af030706,91151206-fdf0-4b12-8740-df708b07dcc6,TRUE,2026-04-08 19:12:39
fc000000-0000-0000-0000-000000001657,2b57b0a1-697a-47ea-89f2-c5c2c85bb857,5f5560cf-c169-4781-8204-fb75ac3408c8,49720e2e-bd94-4072-8816-4b2dc97902ed,TRUE,2026-04-08 19:12:39
fc000000-0000-0000-0000-000000001658,5c49a719-f799-497f-8dd9-090efd13293a,197fcbc8-7a73-40b5-802f-fa829cd49329,0a5a4564-ac4f-45d8-b488-d4b721b1daf6,TRUE,2026-04-08 19:12:39
fc000000-0000-0000-0000-000000001659,a0818c59-871e-452d-803d-c9db419d787a,1197ce03-96ae-4670-9ef3-28468625cf46,f049a0b1-3fa9-4abc-ace2-94d2bfd56985,TRUE,2026-04-08 19:12:39
fc000000-0000-0000-0000-000000001660,c1c344a2-4a6f-4a70-b8e8-e625c9804290,a3ae9791-1572-4564-a7b7-b17e5824951c,50ed2bb6-97ae-4928-9dac-09d7490795cf,TRUE,2026-04-08 19:12:39
fc000000-0000-0000-0000-000000001661,1af1894d-ea36-40ac-ba09-4c1413d512ee,10f25068-4e34-42ca-94b3-96f5288b82ea,e6557dc4-26ce-465e-9ae9-3cc02c70fbc1,TRUE,2026-04-08 19:12:39
fc000000-0000-0000-0000-000000001662,ccd436a0-361d-4b4e-aada-60509a1ba37e,7a9cbfd8-d8a1-4773-8fad-dc210e493a3c,df86960e-a82f-45bd-a26a-195ae461d7f6,TRUE,2026-04-08 19:12:39
fc000000-0000-0000-0000-000000001663,0e0db7b8-cf82-464b-b17d-38486fffeb9f,8fc98f56-9662-45f7-8bd6-86a56e2142d1,,TRUE,2026-04-08 19:12:39
fc000000-0000-0000-0000-000000001664,6e5d76be-5e43-4f9e-90f6-1d0e9e1378d2,197fcbc8-7a73-40b5-802f-fa829cd49329,ba4abcf4-736f-4506-ae63-aad198da3468,TRUE,2026-04-08 19:12:39
fc000000-0000-0000-0000-000000001665,6bdb5682-1e3c-4a08-8231-e274d8c1a09a,5dbe61d1-daa6-4f30-acba-d9094a3f9de3,c75026f9-6eff-43bf-8fa3-700c0f983cde,TRUE,2026-04-08 19:12:39
fc000000-0000-0000-0000-000000001666,7c2f27ec-99a4-485a-be91-4c21eb6b3c9f,8dcc57a0-79ac-45dd-9db0-efb3d1fd5299,e9452b7a-02cb-45b8-a05c-ce1936aae2ea,TRUE,2026-04-08 19:12:39
fc000000-0000-0000-0000-000000001667,4ba5d991-c496-4148-b2f0-132a388b73a2,343841d6-b938-4b7d-8523-23d25aa1eeb5,03ef20c9-4602-4b3f-b405-be77706bfc0e,TRUE,2026-04-08 19:12:39
fc000000-0000-0000-0000-000000001668,224b6540-8354-4b66-85b0-a0962e37552a,343841d6-b938-4b7d-8523-23d25aa1eeb5,8c1d63cc-3124-4fe9-9b77-352979659082,TRUE,2026-04-08 19:12:39
fc000000-0000-0000-0000-000000001669,3ebbb001-6012-491b-a5ed-70d70630f6b0,470809ae-c5f3-4ba1-9522-fd0972619f7f,c82335ca-73c8-44fb-8e7c-4f7d4965d472,TRUE,2026-04-08 19:12:39
fc000000-0000-0000-0000-000000001670,b02a946b-b745-4f35-96a1-74024cf4517e,343841d6-b938-4b7d-8523-23d25aa1eeb5,8c1d63cc-3124-4fe9-9b77-352979659082,TRUE,2026-04-08 19:12:39
fc000000-0000-0000-0000-000000001671,e0d3eb63-7c6f-40a8-a12f-63bb5760e275,5dbe61d1-daa6-4f30-acba-d9094a3f9de3,c75026f9-6eff-43bf-8fa3-700c0f983cde,TRUE,2026-04-08 19:12:39
fc000000-0000-0000-0000-000000001672,33b7f7ef-89fb-49c9-8ff4-a32feace1091,8dcc57a0-79ac-45dd-9db0-efb3d1fd5299,f5aa12c0-a668-4178-b870-908ba1c7ac67,TRUE,2026-04-08 19:12:39
fc000000-0000-0000-0000-000000001673,a80682e6-d08c-48cf-b7b2-82be44078f87,1197ce03-96ae-4670-9ef3-28468625cf46,21f51f84-c1dd-4478-8fb0-1c10b08829a9,TRUE,2026-04-08 19:12:39
fc000000-0000-0000-0000-000000001674,ead88274-6424-46d8-a89a-aa00b8584f6f,9a6acaba-6896-4d0f-b27a-d71a8be4e523,,TRUE,2026-04-08 19:12:39
fc000000-0000-0000-0000-000000001675,824f7e72-9f24-4eed-aa45-d656d5f02746,1197ce03-96ae-4670-9ef3-28468625cf46,21f51f84-c1dd-4478-8fb0-1c10b08829a9,TRUE,2026-04-08 19:12:39
fc000000-0000-0000-0000-000000001676,68a19a1e-e65f-4fa7-9ac1-9bb9a66d845b,d859a9f6-ce5f-4e3f-8c72-f7e2030f93ce,63626deb-8fc4-4aec-b953-9613fc3e83f6,TRUE,2026-04-08 19:12:39
fc000000-0000-0000-0000-000000001677,c9461fb7-ac64-4a22-8de8-3d141b74537a,138bec94-c996-4510-895c-6c0af0f6a6fc,b4ecba59-626f-4494-9b9c-6d691e35b839,TRUE,2026-04-08 19:12:39
fc000000-0000-0000-0000-000000001678,c6a79817-386d-4eee-a084-9d61a183331d,138bec94-c996-4510-895c-6c0af0f6a6fc,a01eb0c3-5e2f-4b62-abc6-c59b24233509,TRUE,2026-04-08 19:12:39
fc000000-0000-0000-0000-000000001679,c9da01b3-437a-47b5-92c9-f648bb2cdaff,470809ae-c5f3-4ba1-9522-fd0972619f7f,c82335ca-73c8-44fb-8e7c-4f7d4965d472,TRUE,2026-04-08 19:12:39
fc000000-0000-0000-0000-000000001680,77caeba5-0140-4eee-b942-1154c669b302,8fc98f56-9662-45f7-8bd6-86a56e2142d1,,TRUE,2026-04-08 19:12:39
fc000000-0000-0000-0000-000000001681,9963891b-7e13-48da-9138-7cf5370d3d11,f0980453-c886-4dd1-8af5-7186fd83578d,6a2e8795-43b8-449c-9ae9-ad36e4b68b78,TRUE,2026-04-08 19:12:39
fc000000-0000-0000-0000-000000001682,9f18037c-2aa3-424f-b862-9e79a0136409,8dcc57a0-79ac-45dd-9db0-efb3d1fd5299,f5aa12c0-a668-4178-b870-908ba1c7ac67,TRUE,2026-04-08 19:12:39
fc000000-0000-0000-0000-000000001683,1deba592-75e5-4411-a7a3-5df7de05beff,5dbe61d1-daa6-4f30-acba-d9094a3f9de3,0b36f32b-64d1-4f8e-be00-e757fe1ffb9d,TRUE,2026-04-08 19:12:39
fc000000-0000-0000-0000-000000001684,3738b8e5-0327-4e08-970a-a8ebb13d0b95,5f917eec-d4dc-40cb-94dd-b3272db3f858,ad3bee99-7863-4b55-aa09-b9754b160c47,TRUE,2026-04-08 19:12:39
fc000000-0000-0000-0000-000000001685,43d5b306-789c-4b36-9145-61725240276d,5f917eec-d4dc-40cb-94dd-b3272db3f858,ad3bee99-7863-4b55-aa09-b9754b160c47,TRUE,2026-04-08 19:12:39
fc000000-0000-0000-0000-000000001686,bf8ba409-81bb-45f3-8252-c04a9a69845e,b28bcd2f-98c3-4e0e-bbae-d05d48bf82e9,,TRUE,2026-04-08 19:12:39
fc000000-0000-0000-0000-000000001687,843f3313-41e9-4ec0-903d-82839b73f768,4cae38a8-4a2b-4f9f-8e47-c51a8fdab4d6,d1d4d95c-2df5-4126-8033-d0a652c4d8b3,TRUE,2026-04-08 19:12:39
fc000000-0000-0000-0000-000000001688,ca0c790e-ae8e-488d-8cc1-a88cd7c2ddb8,bd05a5ba-f1c0-4097-93c5-1a06a55ffc29,4302706b-c7fc-4b6a-b194-fb975c3238e7,TRUE,2026-04-08 19:12:39
fc000000-0000-0000-0000-000000001689,eee8ad08-d821-4ac9-aa6a-0ba08e1a3331,10f25068-4e34-42ca-94b3-96f5288b82ea,,TRUE,2026-04-08 19:12:39
fc000000-0000-0000-0000-000000001690,4f7ccb80-7613-4b64-adba-acf8694b4d5a,d859a9f6-ce5f-4e3f-8c72-f7e2030f93ce,b804f2f5-20a0-4930-a261-6a4967c1c256,TRUE,2026-04-08 19:12:39
fc000000-0000-0000-0000-000000001691,779036c2-a48e-4430-b23a-0667e3a7ffd4,138bec94-c996-4510-895c-6c0af0f6a6fc,e0e92ae5-9be6-4bfa-8f56-0f28d97e5408,TRUE,2026-04-08 19:12:39
fc000000-0000-0000-0000-000000001692,7bf6ec9d-ce35-43c5-8ffa-8b38ed1410d7,b28bcd2f-98c3-4e0e-bbae-d05d48bf82e9,,TRUE,2026-04-08 19:12:39
fc000000-0000-0000-0000-000000001693,1e0bdbb7-2ca9-43e5-9e42-e8d77ea6057b,8dcc57a0-79ac-45dd-9db0-efb3d1fd5299,f5aa12c0-a668-4178-b870-908ba1c7ac67,TRUE,2026-04-08 19:12:39
fc000000-0000-0000-0000-000000001694,c7172c79-f07c-41f1-86c1-9256446edeaf,5f5560cf-c169-4781-8204-fb75ac3408c8,49720e2e-bd94-4072-8816-4b2dc97902ed,TRUE,2026-04-08 19:12:39
fc000000-0000-0000-0000-000000001695,a66e1e0b-cac4-4ead-aefa-026905f18a8d,1197ce03-96ae-4670-9ef3-28468625cf46,21f51f84-c1dd-4478-8fb0-1c10b08829a9,TRUE,2026-04-08 19:12:39
fc000000-0000-0000-0000-000000001696,d280fb07-6309-4d6e-8a25-4f433c657c0d,dc6c211b-19b9-4eed-9e3e-9d10792b6f55,55f0e264-bbac-49d2-a0ed-46ed38a6de6b,TRUE,2026-04-08 19:12:39
fc000000-0000-0000-0000-000000001697,54e14ae3-231e-4473-84cd-055c480829e3,470809ae-c5f3-4ba1-9522-fd0972619f7f,0f1d8c04-97b9-4843-9872-3e78a0272e57,TRUE,2026-04-08 19:12:39
fc000000-0000-0000-0000-000000001698,f291d674-8696-4984-94cc-2d8b20fd4fea,456e1a68-37c2-454d-948f-a46294d6ba3a,4851e333-befa-4ba3-8d43-216661d97bec,TRUE,2026-04-08 19:12:39
fc000000-0000-0000-0000-000000001699,32f85360-10ad-4389-94c4-b2585c6c8cea,ecb74426-adfd-416f-90ce-ac1136940e59,95968819-61fa-4073-906d-9a6dbde79314,TRUE,2026-04-08 19:12:39
fc000000-0000-0000-0000-000000001700,7adfbdbc-7665-453f-94e2-c62b73c18cf1,8dcc57a0-79ac-45dd-9db0-efb3d1fd5299,e9452b7a-02cb-45b8-a05c-ce1936aae2ea,TRUE,2026-04-08 19:12:39
fc000000-0000-0000-0000-000000001701,9a5dc1b7-5cc4-49ee-bf19-aeda9bab2ae9,8dcc57a0-79ac-45dd-9db0-efb3d1fd5299,e9452b7a-02cb-45b8-a05c-ce1936aae2ea,TRUE,2026-04-08 19:12:39
fc000000-0000-0000-0000-000000001702,9a03d1d5-de16-4f14-98a9-2d05a0e153aa,470809ae-c5f3-4ba1-9522-fd0972619f7f,d6eb4f5e-8be6-47e7-bf7e-849e6628283f,TRUE,2026-04-08 19:12:39
fc000000-0000-0000-0000-000000001703,99b6bb30-cd16-4faa-80b3-df2f4fc9b363,470809ae-c5f3-4ba1-9522-fd0972619f7f,c82335ca-73c8-44fb-8e7c-4f7d4965d472,TRUE,2026-04-08 19:12:39
fc000000-0000-0000-0000-000000001704,3539cf99-9046-4f19-a0e0-bc47ca9c03d9,5f917eec-d4dc-40cb-94dd-b3272db3f858,ad3bee99-7863-4b55-aa09-b9754b160c47,TRUE,2026-04-08 19:12:39
fc000000-0000-0000-0000-000000001705,24bd542b-ec90-491e-bb51-a44914bb4b3e,8fc98f56-9662-45f7-8bd6-86a56e2142d1,,TRUE,2026-04-08 19:12:39
fc000000-0000-0000-0000-000000001706,2d8691e7-0edc-43eb-9983-73ad09c1afc3,8dcc57a0-79ac-45dd-9db0-efb3d1fd5299,f5aa12c0-a668-4178-b870-908ba1c7ac67,TRUE,2026-04-08 19:12:39
fc000000-0000-0000-0000-000000001707,3591da6f-7c53-454b-b7fa-07f3c9ac2d05,c0bae7dc-ef7b-4a8b-99fd-c1c1de3a9ed2,a11031c8-c160-488b-ae57-59320f8e85fa,TRUE,2026-04-08 19:12:39
fc000000-0000-0000-0000-000000001708,bcc586e2-34a2-4e5e-9f74-d40560632f55,8fc98f56-9662-45f7-8bd6-86a56e2142d1,,TRUE,2026-04-08 19:12:39
fc000000-0000-0000-0000-000000001709,2349df98-d721-406c-b93c-f0adfc79b0a4,ecb74426-adfd-416f-90ce-ac1136940e59,5cf414a9-7d0b-4cbc-82e9-54a3dd0b9e26,TRUE,2026-04-08 19:12:39
fc000000-0000-0000-0000-000000001710,83ebf55f-996f-44de-bef7-5b72815675a0,0986f242-a7aa-4df0-bb46-d1f3e5c64cf8,6d04e84f-b2b7-467e-87cc-e8815a67f6f7,TRUE,2026-04-08 19:12:39
fc000000-0000-0000-0000-000000001711,0edb2d29-3692-478b-a111-6c5bb222d2fa,197fcbc8-7a73-40b5-802f-fa829cd49329,7aca039e-d723-43a5-b97d-b54b07fc5373,TRUE,2026-04-08 19:12:39
fc000000-0000-0000-0000-000000001712,5622c818-c25c-474a-a68c-afd069ebd2e6,e5fcf8a7-cb34-4278-8082-a63b9d1856a9,eb979557-17dd-4e57-90ac-1854eece7765,TRUE,2026-04-08 19:12:39
fc000000-0000-0000-0000-000000001713,f7dffa56-a84a-4920-81bd-21e9172cf89d,197fcbc8-7a73-40b5-802f-fa829cd49329,7aca039e-d723-43a5-b97d-b54b07fc5373,TRUE,2026-04-08 19:12:39
fc000000-0000-0000-0000-000000001714,2d582261-0355-447e-8327-50aaf584dded,d859a9f6-ce5f-4e3f-8c72-f7e2030f93ce,63626deb-8fc4-4aec-b953-9613fc3e83f6,TRUE,2026-04-08 19:12:39
fc000000-0000-0000-0000-000000001715,a7c79923-4ad4-4a62-9ea4-6969760a3937,138bec94-c996-4510-895c-6c0af0f6a6fc,aa2ac8a6-12e0-4e15-8fc6-3ce47a710a51,TRUE,2026-04-08 19:12:39
fc000000-0000-0000-0000-000000001716,60cee225-80bc-476a-9199-2717f362c3c7,d859a9f6-ce5f-4e3f-8c72-f7e2030f93ce,b804f2f5-20a0-4930-a261-6a4967c1c256,TRUE,2026-04-08 19:12:39
fc000000-0000-0000-0000-000000001717,cf7c4c0b-ee87-4101-aea6-2bef09a1c3b0,d859a9f6-ce5f-4e3f-8c72-f7e2030f93ce,63626deb-8fc4-4aec-b953-9613fc3e83f6,TRUE,2026-04-08 19:12:39
fc000000-0000-0000-0000-000000001718,7fafafd9-1f00-4da8-8b47-8eba02f32b44,138bec94-c996-4510-895c-6c0af0f6a6fc,aa2ac8a6-12e0-4e15-8fc6-3ce47a710a51,TRUE,2026-04-08 19:12:39
fc000000-0000-0000-0000-000000001719,8af2a221-7511-4215-bb5b-04728be3be51,ff1a36e5-3931-487f-8837-3e24af030706,91151206-fdf0-4b12-8740-df708b07dcc6,TRUE,2026-04-08 19:12:39
fc000000-0000-0000-0000-000000001720,fcfe5396-2d0e-479e-b493-a2f0a33e0247,4ee5e694-5d88-4a9b-ba2e-eecf653807e1,,TRUE,2026-04-08 19:12:39
fc000000-0000-0000-0000-000000001721,de0c7987-a5f1-4174-9cd4-7ceeafeb1489,ecb74426-adfd-416f-90ce-ac1136940e59,8efb3f1b-df47-4567-ae54-340777480d16,TRUE,2026-04-08 19:12:39
fc000000-0000-0000-0000-000000001722,921b4ea2-6d8b-411f-a585-c33ad621a339,d859a9f6-ce5f-4e3f-8c72-f7e2030f93ce,efce174e-a81e-4902-9c51-e5cdf3abf3c2,TRUE,2026-04-08 19:12:39
fc000000-0000-0000-0000-000000001723,abcf3077-e95b-4c99-a66e-274cd479f409,343841d6-b938-4b7d-8523-23d25aa1eeb5,39478e69-751f-45a6-88b2-fd08bf1e80a2,TRUE,2026-04-08 19:12:39
fc000000-0000-0000-0000-000000001724,676542ca-ef0f-4f78-96d9-5b374e6aceec,10f25068-4e34-42ca-94b3-96f5288b82ea,3e83f541-7341-4018-ab30-8c42069de70d,TRUE,2026-04-08 19:12:39
fc000000-0000-0000-0000-000000001725,7b2a4825-f584-44ee-a508-79e7b5abca5c,197fcbc8-7a73-40b5-802f-fa829cd49329,7aca039e-d723-43a5-b97d-b54b07fc5373,TRUE,2026-04-08 19:12:39
fc000000-0000-0000-0000-000000001726,95aee600-0241-4108-acfb-bb4c8e7eaba6,10bbf5a6-0d2a-4f76-9579-c153cfc4542f,41a7b674-be1f-4204-80c5-974f9ba24d39,TRUE,2026-04-08 19:12:39
fc000000-0000-0000-0000-000000001727,394e0365-8448-451c-b6ab-745e676f6fac,5f5560cf-c169-4781-8204-fb75ac3408c8,fe5eb9eb-00b1-4d78-8a29-71597abc06c2,TRUE,2026-04-08 19:12:39
fc000000-0000-0000-0000-000000001728,b0e973ca-f196-4128-9325-c25d152c7637,b28bcd2f-98c3-4e0e-bbae-d05d48bf82e9,,TRUE,2026-04-08 19:12:39
fc000000-0000-0000-0000-000000001729,ee25041e-9e48-4336-9e01-674bda8a31a7,470809ae-c5f3-4ba1-9522-fd0972619f7f,c82335ca-73c8-44fb-8e7c-4f7d4965d472,TRUE,2026-04-08 19:12:39
fc000000-0000-0000-0000-000000001730,2145428c-aeeb-4a85-9811-f410442816e8,138bec94-c996-4510-895c-6c0af0f6a6fc,aa2ac8a6-12e0-4e15-8fc6-3ce47a710a51,TRUE,2026-04-08 19:12:39
fc000000-0000-0000-0000-000000001731,7bac3e25-40d9-41b6-91bf-ea65abc9717e,8dcc57a0-79ac-45dd-9db0-efb3d1fd5299,e8840113-28f3-4d0b-8d73-9f513c624c2a,TRUE,2026-04-08 19:12:39
fc000000-0000-0000-0000-000000001732,b567b9d0-4d97-411c-8545-d582874065bd,5f917eec-d4dc-40cb-94dd-b3272db3f858,ad3bee99-7863-4b55-aa09-b9754b160c47,TRUE,2026-04-08 19:12:39
fc000000-0000-0000-0000-000000001733,814a612a-6158-4fae-be89-222018f0e090,5f5560cf-c169-4781-8204-fb75ac3408c8,07c2376a-a737-4f36-bc03-1778dd9b71ec,TRUE,2026-04-08 19:12:39
fc000000-0000-0000-0000-000000001734,caad0948-0e6d-4407-9dc6-dea7c0457a4c,197fcbc8-7a73-40b5-802f-fa829cd49329,7aca039e-d723-43a5-b97d-b54b07fc5373,TRUE,2026-04-08 19:12:39
fc000000-0000-0000-0000-000000001735,d02b084a-6a52-49fe-8d64-4def09ed7472,9a6acaba-6896-4d0f-b27a-d71a8be4e523,,TRUE,2026-04-08 19:12:39
fc000000-0000-0000-0000-000000001736,782e3994-d28a-4704-83ed-9c8f95f61ea5,ecb74426-adfd-416f-90ce-ac1136940e59,8efb3f1b-df47-4567-ae54-340777480d16,TRUE,2026-04-08 19:12:39
fc000000-0000-0000-0000-000000001737,65ff230f-e589-43c2-8c64-ed8a1d638ee4,197fcbc8-7a73-40b5-802f-fa829cd49329,7aca039e-d723-43a5-b97d-b54b07fc5373,TRUE,2026-04-08 19:12:39
fc000000-0000-0000-0000-000000001738,d3142241-3944-4f0b-b190-e9a51a42a785,197fcbc8-7a73-40b5-802f-fa829cd49329,ba4abcf4-736f-4506-ae63-aad198da3468,TRUE,2026-04-08 19:12:39
fc000000-0000-0000-0000-000000001739,4053ff81-ad00-4cdb-824b-b8e44abfd1fc,a3ae9791-1572-4564-a7b7-b17e5824951c,50ed2bb6-97ae-4928-9dac-09d7490795cf,TRUE,2026-04-08 19:12:39
fc000000-0000-0000-0000-000000001740,90271c05-0d22-4ce8-a24c-38192b8f698f,8dcc57a0-79ac-45dd-9db0-efb3d1fd5299,e9452b7a-02cb-45b8-a05c-ce1936aae2ea,TRUE,2026-04-08 19:12:39
fc000000-0000-0000-0000-000000001741,58054735-cd16-4c32-9322-2c1a53d85a84,8dcc57a0-79ac-45dd-9db0-efb3d1fd5299,e9452b7a-02cb-45b8-a05c-ce1936aae2ea,TRUE,2026-04-08 19:12:39
fc000000-0000-0000-0000-000000001742,050e8d07-cb8d-49ee-8029-ba69b5828858,138bec94-c996-4510-895c-6c0af0f6a6fc,aa2ac8a6-12e0-4e15-8fc6-3ce47a710a51,TRUE,2026-04-08 19:12:39
fc000000-0000-0000-0000-000000001743,b34f96af-904c-41f6-ad36-d04357339430,138bec94-c996-4510-895c-6c0af0f6a6fc,aa2ac8a6-12e0-4e15-8fc6-3ce47a710a51,TRUE,2026-04-08 19:12:39
fc000000-0000-0000-0000-000000001744,129eec35-610a-46e9-a246-344a796947eb,4cae38a8-4a2b-4f9f-8e47-c51a8fdab4d6,5890126b-c352-4df7-8341-1ac685154844,TRUE,2026-04-08 19:12:39
fc000000-0000-0000-0000-000000001745,364a9c37-3765-4e39-a5e9-8203c2d1c0f5,7c844539-83eb-4880-b86c-dd05973f0e0a,b8cbc705-1090-4947-8783-70ce2ee9df2a,TRUE,2026-04-08 19:12:39
fc000000-0000-0000-0000-000000001746,a111f3fd-8e32-4124-99a1-4f9fe5237c34,5f917eec-d4dc-40cb-94dd-b3272db3f858,14eb68ad-80c5-4379-b380-2719cf755b84,TRUE,2026-04-08 19:12:39
fc000000-0000-0000-0000-000000001747,86acb9b3-81c1-4e0c-9115-d284045254ba,7c844539-83eb-4880-b86c-dd05973f0e0a,b8cbc705-1090-4947-8783-70ce2ee9df2a,TRUE,2026-04-08 19:12:39
fc000000-0000-0000-0000-000000001748,24a8a9a5-f3fb-42f3-80c4-1b6e0f427ea8,197fcbc8-7a73-40b5-802f-fa829cd49329,7aca039e-d723-43a5-b97d-b54b07fc5373,TRUE,2026-04-08 19:12:39
fc000000-0000-0000-0000-000000001749,0844fed1-bb49-4aca-8a29-afde6919cef0,70f60247-60d3-4bce-87a8-ef397833ede6,f9d715bc-2a94-46dc-aedd-d566fe5fca63,TRUE,2026-04-08 19:12:39
fc000000-0000-0000-0000-000000001750,e3323346-4803-4340-b9ad-78152847e630,9850fdfd-cfa4-4d9d-9b6e-f39e1338186a,2d521cc1-4bc3-4df8-89ba-f75bebaf897b,TRUE,2026-04-08 19:12:39
fc000000-0000-0000-0000-000000001751,749ecfda-4849-457b-b481-728774130ba6,4cae38a8-4a2b-4f9f-8e47-c51a8fdab4d6,5890126b-c352-4df7-8341-1ac685154844,TRUE,2026-04-08 19:12:39
fc000000-0000-0000-0000-000000001752,cae0145c-b5db-4934-afaa-05bf72f35b60,7c844539-83eb-4880-b86c-dd05973f0e0a,b8cbc705-1090-4947-8783-70ce2ee9df2a,TRUE,2026-04-08 19:12:39
fc000000-0000-0000-0000-000000001753,f154ff1d-e9ed-4cb5-9a5a-46ba4bc4ed43,197fcbc8-7a73-40b5-802f-fa829cd49329,7aca039e-d723-43a5-b97d-b54b07fc5373,TRUE,2026-04-08 19:12:39
fc000000-0000-0000-0000-000000001754,1fe643d6-d66c-44d8-ac9c-004ae9247b6e,470809ae-c5f3-4ba1-9522-fd0972619f7f,c82335ca-73c8-44fb-8e7c-4f7d4965d472,TRUE,2026-04-08 19:12:39
fc000000-0000-0000-0000-000000001755,160c394d-06de-4481-b49c-60fccfe7f650,197fcbc8-7a73-40b5-802f-fa829cd49329,ba4abcf4-736f-4506-ae63-aad198da3468,TRUE,2026-04-08 19:12:39
fc000000-0000-0000-0000-000000001756,85185d3f-69c8-4b7a-99ab-4fab240aee7b,ca02fc79-4b0f-46d9-a2ae-ba767deaa976,d7e752f6-5486-4456-8f64-fec87565d101,TRUE,2026-04-08 19:12:39
fc000000-0000-0000-0000-000000001757,50980caa-03d2-456a-a2d4-9d2b8bf65a62,10f25068-4e34-42ca-94b3-96f5288b82ea,,TRUE,2026-04-08 19:12:39
fc000000-0000-0000-0000-000000001758,2b32ed25-3109-4c79-bf34-f221a9eac582,1197ce03-96ae-4670-9ef3-28468625cf46,21f51f84-c1dd-4478-8fb0-1c10b08829a9,TRUE,2026-04-08 19:12:39
fc000000-0000-0000-0000-000000001759,5fad3028-2310-453b-8c19-ce6775f23c05,4cae38a8-4a2b-4f9f-8e47-c51a8fdab4d6,d1d4d95c-2df5-4126-8033-d0a652c4d8b3,TRUE,2026-04-08 19:12:39
fc000000-0000-0000-0000-000000001760,951cc471-6d88-4b6c-8a93-2fe7846b70f0,4cae38a8-4a2b-4f9f-8e47-c51a8fdab4d6,d1d4d95c-2df5-4126-8033-d0a652c4d8b3,TRUE,2026-04-08 19:12:39
fc000000-0000-0000-0000-000000001761,dd3d703a-3b2c-4d57-b348-e895b21752e9,4cae38a8-4a2b-4f9f-8e47-c51a8fdab4d6,d1d4d95c-2df5-4126-8033-d0a652c4d8b3,TRUE,2026-04-08 19:12:39
fc000000-0000-0000-0000-000000001762,f3a93951-5c80-47e3-8e2f-8b00092c30af,470809ae-c5f3-4ba1-9522-fd0972619f7f,c82335ca-73c8-44fb-8e7c-4f7d4965d472,TRUE,2026-04-08 19:12:39
fc000000-0000-0000-0000-000000001763,90ea8618-ceab-4793-8dd1-462eb52ade0c,778fc1c9-c1e1-4135-b04e-4a1d9531ee28,8c3caac0-409e-497b-afb6-a19552a570c6,TRUE,2026-04-08 19:12:39
fc000000-0000-0000-0000-000000001764,e17a240d-eec1-42b0-97aa-2694be25627d,138bec94-c996-4510-895c-6c0af0f6a6fc,aa2ac8a6-12e0-4e15-8fc6-3ce47a710a51,TRUE,2026-04-08 19:12:39
fc000000-0000-0000-0000-000000001765,981f77a7-4c84-4f67-9f30-688bc67fd2ba,138bec94-c996-4510-895c-6c0af0f6a6fc,aa2ac8a6-12e0-4e15-8fc6-3ce47a710a51,TRUE,2026-04-08 19:12:39
fc000000-0000-0000-0000-000000001766,054262c1-4e0e-4d26-875c-29a5d07bf244,dc6c211b-19b9-4eed-9e3e-9d10792b6f55,55f0e264-bbac-49d2-a0ed-46ed38a6de6b,TRUE,2026-04-08 19:12:39
fc000000-0000-0000-0000-000000001767,c29a1e91-ae02-47c0-bbab-0f739d9a1eab,7c844539-83eb-4880-b86c-dd05973f0e0a,2f1177ff-5f3c-4895-adfe-14ea626a7ac4,TRUE,2026-04-08 19:12:39
fc000000-0000-0000-0000-000000001768,4561c522-6ec1-4785-84ea-e3ce31f99a6b,778fc1c9-c1e1-4135-b04e-4a1d9531ee28,0c38fd3a-bc70-4162-8807-7670b681947d,TRUE,2026-04-08 19:12:39
fc000000-0000-0000-0000-000000001769,a4042fdf-704c-4dc5-bd9a-d951024c2dc8,343841d6-b938-4b7d-8523-23d25aa1eeb5,03ef20c9-4602-4b3f-b405-be77706bfc0e,TRUE,2026-04-08 19:12:39
fc000000-0000-0000-0000-000000001770,3e01a677-1167-44c8-85aa-29c0fd73ac43,b28bcd2f-98c3-4e0e-bbae-d05d48bf82e9,,TRUE,2026-04-08 19:12:39
fc000000-0000-0000-0000-000000001771,9a6ffe7c-daab-4e5b-9549-e8d71e5c6fc0,4cae38a8-4a2b-4f9f-8e47-c51a8fdab4d6,d1d4d95c-2df5-4126-8033-d0a652c4d8b3,TRUE,2026-04-08 19:12:39
fc000000-0000-0000-0000-000000001772,f178233d-3364-416b-bb7c-941ed4a24276,138bec94-c996-4510-895c-6c0af0f6a6fc,aa2ac8a6-12e0-4e15-8fc6-3ce47a710a51,TRUE,2026-04-08 19:12:39
fc000000-0000-0000-0000-000000001773,bd280c25-17d8-4d0b-92f5-fb6485534aa5,197fcbc8-7a73-40b5-802f-fa829cd49329,7aca039e-d723-43a5-b97d-b54b07fc5373,TRUE,2026-04-08 19:12:39
fc000000-0000-0000-0000-000000001774,6c8ab1a6-d595-40c3-b18d-c7db01a70a3d,1197ce03-96ae-4670-9ef3-28468625cf46,21f51f84-c1dd-4478-8fb0-1c10b08829a9,TRUE,2026-04-08 19:12:39
fc000000-0000-0000-0000-000000001775,f725610b-45c3-478a-94f3-48e366acaadb,1197ce03-96ae-4670-9ef3-28468625cf46,21f51f84-c1dd-4478-8fb0-1c10b08829a9,TRUE,2026-04-08 19:12:39
fc000000-0000-0000-0000-000000001776,56d7d4cb-50b0-4cb5-b53f-3436eae5aefd,6bb1c67f-609f-4a2a-af8a-f95ac0357537,16dbd251-c277-4487-b3de-7ce2651b4915,TRUE,2026-04-08 19:12:39
fc000000-0000-0000-0000-000000001777,d6b4b438-18db-42bc-a7e3-8cf2dba5eb88,5dbe61d1-daa6-4f30-acba-d9094a3f9de3,0b36f32b-64d1-4f8e-be00-e757fe1ffb9d,TRUE,2026-04-08 19:12:39
fc000000-0000-0000-0000-000000001778,38c234fc-7b6e-44ff-befa-495ada6db4bf,8dcc57a0-79ac-45dd-9db0-efb3d1fd5299,e9452b7a-02cb-45b8-a05c-ce1936aae2ea,TRUE,2026-04-08 19:12:39
fc000000-0000-0000-0000-000000001779,7cc73890-b426-4c12-86f9-1d5316168d5a,93813225-2cbe-4d50-8943-423d4338776a,4eb29058-3bc2-43c5-a3a9-066f9879db4a,TRUE,2026-04-08 19:12:39
fc000000-0000-0000-0000-000000001780,0ff63814-dac0-4bb7-bc8b-9e04ed8ade12,b28bcd2f-98c3-4e0e-bbae-d05d48bf82e9,,TRUE,2026-04-08 19:12:39
fc000000-0000-0000-0000-000000001781,432cd287-63bc-4d74-abaa-a9ba0ca95d70,7c844539-83eb-4880-b86c-dd05973f0e0a,b8cbc705-1090-4947-8783-70ce2ee9df2a,TRUE,2026-04-08 19:12:39
fc000000-0000-0000-0000-000000001782,8e644323-0356-4db4-b87b-060ee75d58e7,d859a9f6-ce5f-4e3f-8c72-f7e2030f93ce,63626deb-8fc4-4aec-b953-9613fc3e83f6,TRUE,2026-04-08 19:12:39
fc000000-0000-0000-0000-000000001783,64b235e9-9faf-4f82-a321-c7608f654447,197fcbc8-7a73-40b5-802f-fa829cd49329,7aca039e-d723-43a5-b97d-b54b07fc5373,TRUE,2026-04-08 19:12:39
fc000000-0000-0000-0000-000000001784,dedb296a-f064-4418-aa37-0893c5ba1b00,93813225-2cbe-4d50-8943-423d4338776a,7deb17b5-0399-4c32-913d-5f9ede6b54a4,TRUE,2026-04-08 19:12:39
fc000000-0000-0000-0000-000000001785,10f49ef7-a567-4bbf-9a02-c9275afc01eb,138bec94-c996-4510-895c-6c0af0f6a6fc,aa2ac8a6-12e0-4e15-8fc6-3ce47a710a51,TRUE,2026-04-08 19:12:39
fc000000-0000-0000-0000-000000001786,a1493b5e-0543-4452-9067-7c5f7b754c44,dc3b2dd6-a7eb-4ed7-bf00-750e33978760,fbe91310-b6cd-43ea-b306-e65d2ee5eaad,TRUE,2026-04-08 19:12:39
fc000000-0000-0000-0000-000000001787,6a9c0ba7-43e9-431e-9938-0a621b01313d,8dcc57a0-79ac-45dd-9db0-efb3d1fd5299,f5aa12c0-a668-4178-b870-908ba1c7ac67,TRUE,2026-04-08 19:12:39
fc000000-0000-0000-0000-000000001788,59dc22f8-6053-4e48-8d1a-27fcf91afdae,9a6acaba-6896-4d0f-b27a-d71a8be4e523,,TRUE,2026-04-08 19:12:39
fc000000-0000-0000-0000-000000001789,fe93d460-6134-4985-ac4d-9665ca06fb10,75378ce6-f415-4cb9-a1a2-628f22004a53,,TRUE,2026-04-08 19:12:39
fc000000-0000-0000-0000-000000001790,2c5e32be-f9f9-4329-b3c2-a3b09eebe2b8,5f917eec-d4dc-40cb-94dd-b3272db3f858,ad3bee99-7863-4b55-aa09-b9754b160c47,TRUE,2026-04-08 19:12:39
fc000000-0000-0000-0000-000000001791,e7d18d1f-fe73-4333-842c-7baf64fa8627,4cae38a8-4a2b-4f9f-8e47-c51a8fdab4d6,5890126b-c352-4df7-8341-1ac685154844,TRUE,2026-04-08 19:12:39
fc000000-0000-0000-0000-000000001792,347c9cd3-9b11-49be-93f8-098d0e2f2a53,4cae38a8-4a2b-4f9f-8e47-c51a8fdab4d6,5890126b-c352-4df7-8341-1ac685154844,TRUE,2026-04-08 19:12:39
fc000000-0000-0000-0000-000000001793,461c9191-2310-4c0d-96ca-7f8e10a1aa7e,138bec94-c996-4510-895c-6c0af0f6a6fc,aa2ac8a6-12e0-4e15-8fc6-3ce47a710a51,TRUE,2026-04-08 19:12:39
fc000000-0000-0000-0000-000000001794,2061b839-e810-4ecc-9b15-86a97286d7a2,10f25068-4e34-42ca-94b3-96f5288b82ea,e6557dc4-26ce-465e-9ae9-3cc02c70fbc1,TRUE,2026-04-08 19:12:39
fc000000-0000-0000-0000-000000001795,08ba0ca2-781f-4c42-8aa1-64396ada6fca,28572475-7747-45b9-8c58-aa7c2c3f0145,de6e85f2-4d03-48bc-9660-85cd52a507f3,TRUE,2026-04-08 19:12:39
fc000000-0000-0000-0000-000000001796,6b95311a-4ff4-490c-b9d5-16744bb967dc,8dcc57a0-79ac-45dd-9db0-efb3d1fd5299,e9452b7a-02cb-45b8-a05c-ce1936aae2ea,TRUE,2026-04-08 19:12:39
fc000000-0000-0000-0000-000000001797,e1ed6ecc-1aba-40fc-a2df-86facd23e5e6,1197ce03-96ae-4670-9ef3-28468625cf46,21f51f84-c1dd-4478-8fb0-1c10b08829a9,TRUE,2026-04-08 19:12:39
fc000000-0000-0000-0000-000000001798,2638b80b-5734-464a-bafe-fe2bfd2bd365,7c844539-83eb-4880-b86c-dd05973f0e0a,01142f8e-82d9-40f3-af4c-6d9b20a078a5,TRUE,2026-04-08 19:12:39
fc000000-0000-0000-0000-000000001799,a658677b-1db9-4aa6-8436-7f0b14d30e61,93813225-2cbe-4d50-8943-423d4338776a,23857ab3-ff9c-485c-acea-a192c6d504c9,TRUE,2026-04-08 19:12:39
fc000000-0000-0000-0000-000000001800,6e0255bf-313e-4d55-a8f1-4d3bef72e9cb,138bec94-c996-4510-895c-6c0af0f6a6fc,aa2ac8a6-12e0-4e15-8fc6-3ce47a710a51,TRUE,2026-04-08 19:12:39
fc000000-0000-0000-0000-000000001801,1d34102a-aab4-4a45-b78a-7d4225ae27be,f0980453-c886-4dd1-8af5-7186fd83578d,6a2e8795-43b8-449c-9ae9-ad36e4b68b78,TRUE,2026-04-08 19:12:39
fc000000-0000-0000-0000-000000001802,bea46b79-4244-4576-85e4-528ac556136b,77f6700e-88b8-40d8-9b61-ffefe536a5a2,27217365-aff2-447c-9c82-173f36a5173b,TRUE,2026-04-08 19:12:39
fc000000-0000-0000-0000-000000001803,8d7cffb9-1d5d-471e-9af9-e3f0a99bb369,343841d6-b938-4b7d-8523-23d25aa1eeb5,03ef20c9-4602-4b3f-b405-be77706bfc0e,TRUE,2026-04-08 19:12:39
fc000000-0000-0000-0000-000000001804,72ee4dd0-0ecf-483c-9a06-78f73c613de2,ca02fc79-4b0f-46d9-a2ae-ba767deaa976,c1770239-c6ca-46d5-9b31-cfc57bcbf5d5,TRUE,2026-04-08 19:12:39
fc000000-0000-0000-0000-000000001805,26b22c13-1e0a-4ba6-9be2-e66f13efa503,9b9a62f5-8465-45c6-adcb-1ba9cb45552d,16d15d29-5bdc-4970-819a-4fb52ed6500d,TRUE,2026-04-08 19:12:39
fc000000-0000-0000-0000-000000001806,f668fec4-839b-427e-b59d-33d21fba5dc6,197fcbc8-7a73-40b5-802f-fa829cd49329,7aca039e-d723-43a5-b97d-b54b07fc5373,TRUE,2026-04-08 19:12:39
fc000000-0000-0000-0000-000000001807,a0ba16d3-d191-47b4-a6c8-fe2d38623b8c,197fcbc8-7a73-40b5-802f-fa829cd49329,7aca039e-d723-43a5-b97d-b54b07fc5373,TRUE,2026-04-08 19:12:39
fc000000-0000-0000-0000-000000001808,e6c8cc8a-a1a3-494f-ad5e-58bbbcc820b2,77f6700e-88b8-40d8-9b61-ffefe536a5a2,,TRUE,2026-04-08 19:12:39
fc000000-0000-0000-0000-000000001809,e4087fad-a30f-4b77-b103-34fad162a057,93813225-2cbe-4d50-8943-423d4338776a,23857ab3-ff9c-485c-acea-a192c6d504c9,TRUE,2026-04-08 19:12:39
fc000000-0000-0000-0000-000000001810,045fc82d-9a9a-4c27-8d45-0ca81f079da5,8dcc57a0-79ac-45dd-9db0-efb3d1fd5299,f5aa12c0-a668-4178-b870-908ba1c7ac67,TRUE,2026-04-08 19:12:39
fc000000-0000-0000-0000-000000001811,d4a98fa0-392a-4d1a-a604-8d6b7192d0fc,10bbf5a6-0d2a-4f76-9579-c153cfc4542f,41a7b674-be1f-4204-80c5-974f9ba24d39,TRUE,2026-04-08 19:12:39
fc000000-0000-0000-0000-000000001812,7458e7b0-d0ef-4b53-a5e4-86841a6f2cb8,ecb74426-adfd-416f-90ce-ac1136940e59,,TRUE,2026-04-08 19:12:39
fc000000-0000-0000-0000-000000001813,f820283f-e6d8-4a5a-a986-8137c8b312c6,77f6700e-88b8-40d8-9b61-ffefe536a5a2,27217365-aff2-447c-9c82-173f36a5173b,TRUE,2026-04-08 19:12:39
fc000000-0000-0000-0000-000000001814,d1064201-71bd-4e54-8900-e6cf6f3dd68b,197fcbc8-7a73-40b5-802f-fa829cd49329,7aca039e-d723-43a5-b97d-b54b07fc5373,TRUE,2026-04-08 19:12:39
fc000000-0000-0000-0000-000000001815,7eb7d756-6cb1-477f-8fc8-49359f771bd3,1197ce03-96ae-4670-9ef3-28468625cf46,21f51f84-c1dd-4478-8fb0-1c10b08829a9,TRUE,2026-04-08 19:12:39
fc000000-0000-0000-0000-000000001816,e46f16cd-b422-4b25-ac13-3b1cb3a29296,dc3b2dd6-a7eb-4ed7-bf00-750e33978760,fbe91310-b6cd-43ea-b306-e65d2ee5eaad,TRUE,2026-04-08 19:12:39
fc000000-0000-0000-0000-000000001817,16f64bb0-ea2d-4edc-a301-70f1bc51f9ed,ecb74426-adfd-416f-90ce-ac1136940e59,8efb3f1b-df47-4567-ae54-340777480d16,TRUE,2026-04-08 19:12:39
fc000000-0000-0000-0000-000000001818,a0922ba5-811a-4855-a870-b6bab5684f21,7c844539-83eb-4880-b86c-dd05973f0e0a,b8cbc705-1090-4947-8783-70ce2ee9df2a,TRUE,2026-04-08 19:12:39
fc000000-0000-0000-0000-000000001819,e6d04fb6-613a-49c5-b20b-ede8c3baee19,8fc98f56-9662-45f7-8bd6-86a56e2142d1,,TRUE,2026-04-08 19:12:39
fc000000-0000-0000-0000-000000001820,72eda969-4808-4bb9-9ccb-785c512eee76,7c844539-83eb-4880-b86c-dd05973f0e0a,b8cbc705-1090-4947-8783-70ce2ee9df2a,TRUE,2026-04-08 19:12:39
fc000000-0000-0000-0000-000000001821,b06bd829-35a8-4121-b74b-170a39864283,93813225-2cbe-4d50-8943-423d4338776a,4eb29058-3bc2-43c5-a3a9-066f9879db4a,TRUE,2026-04-08 19:12:39
fc000000-0000-0000-0000-000000001822,d6173ec1-3dcf-4962-a6e0-2c6c79370ed5,7c844539-83eb-4880-b86c-dd05973f0e0a,b8cbc705-1090-4947-8783-70ce2ee9df2a,TRUE,2026-04-08 19:12:39
fc000000-0000-0000-0000-000000001823,6e4f3c73-100c-49f2-9ef4-8858818369e7,456e1a68-37c2-454d-948f-a46294d6ba3a,4851e333-befa-4ba3-8d43-216661d97bec,TRUE,2026-04-08 19:12:39
fc000000-0000-0000-0000-000000001824,3f2ff01b-88cd-4e37-9bd0-e7900b29b5c8,e5fcf8a7-cb34-4278-8082-a63b9d1856a9,eb979557-17dd-4e57-90ac-1854eece7765,TRUE,2026-04-08 19:12:39
fc000000-0000-0000-0000-000000001825,2d022420-9eb4-423c-a6c4-df5355bb43e4,7c844539-83eb-4880-b86c-dd05973f0e0a,b8cbc705-1090-4947-8783-70ce2ee9df2a,TRUE,2026-04-08 19:12:39
fc000000-0000-0000-0000-000000001826,2cc76e7e-b669-45e4-966b-fdedcc772ed8,7c844539-83eb-4880-b86c-dd05973f0e0a,b8cbc705-1090-4947-8783-70ce2ee9df2a,TRUE,2026-04-08 19:12:39
fc000000-0000-0000-0000-000000001827,9742f0bd-b0d5-4e91-ad1b-8522deda6a59,ecb74426-adfd-416f-90ce-ac1136940e59,5cf414a9-7d0b-4cbc-82e9-54a3dd0b9e26,TRUE,2026-04-08 19:12:39
fc000000-0000-0000-0000-000000001828,17ac703a-d391-41fb-a5d2-8666fcb2ec5e,4081baaa-071b-45f4-a25d-ac5121bfccc7,2c0cf7ad-c480-4428-84c9-37060a9a0a37,TRUE,2026-04-08 19:12:39
fc000000-0000-0000-0000-000000001829,60960714-3df7-4f6e-98e6-3055c41b5634,93813225-2cbe-4d50-8943-423d4338776a,4eb29058-3bc2-43c5-a3a9-066f9879db4a,TRUE,2026-04-08 19:12:39
fc000000-0000-0000-0000-000000001830,b926cd1b-f306-40f3-a71c-92ea1f06e2b8,10f25068-4e34-42ca-94b3-96f5288b82ea,,TRUE,2026-04-08 19:12:39
fc000000-0000-0000-0000-000000001831,7eeb92a1-3692-48ea-bf58-340be1553c51,ca02fc79-4b0f-46d9-a2ae-ba767deaa976,d7e752f6-5486-4456-8f64-fec87565d101,TRUE,2026-04-08 19:12:39
fc000000-0000-0000-0000-000000001832,94e65573-1d37-4660-9e0d-1ea45c5f5c34,d859a9f6-ce5f-4e3f-8c72-f7e2030f93ce,63626deb-8fc4-4aec-b953-9613fc3e83f6,TRUE,2026-04-08 19:12:39
fc000000-0000-0000-0000-000000001833,ffa32c4f-d2e7-4b1f-81a0-f71bcb86dc13,10f25068-4e34-42ca-94b3-96f5288b82ea,e6557dc4-26ce-465e-9ae9-3cc02c70fbc1,TRUE,2026-04-08 19:12:39
fc000000-0000-0000-0000-000000001834,cebdacba-a001-455e-9cf3-c3db13b973f2,8dcc57a0-79ac-45dd-9db0-efb3d1fd5299,e8840113-28f3-4d0b-8d73-9f513c624c2a,TRUE,2026-04-08 19:12:39
fc000000-0000-0000-0000-000000001835,bc8f7b64-0b52-47f2-ae70-e9500d56cb14,7c844539-83eb-4880-b86c-dd05973f0e0a,b8cbc705-1090-4947-8783-70ce2ee9df2a,TRUE,2026-04-08 19:12:39
fc000000-0000-0000-0000-000000001836,4e7d7c98-27ca-4843-a64a-7552343b1082,4cae38a8-4a2b-4f9f-8e47-c51a8fdab4d6,d1d4d95c-2df5-4126-8033-d0a652c4d8b3,TRUE,2026-04-08 19:12:39
fc000000-0000-0000-0000-000000001837,6ba3ac88-a86e-4c68-9f77-fe851c74a98b,456e1a68-37c2-454d-948f-a46294d6ba3a,4851e333-befa-4ba3-8d43-216661d97bec,TRUE,2026-04-08 19:12:39
fc000000-0000-0000-0000-000000001838,1b7d54c3-76b9-4693-a87a-fb1a93b4c19b,10bbf5a6-0d2a-4f76-9579-c153cfc4542f,41a7b674-be1f-4204-80c5-974f9ba24d39,TRUE,2026-04-08 19:12:39
fc000000-0000-0000-0000-000000001839,55e89094-73b0-434a-a046-5ed6ec5b1e52,197fcbc8-7a73-40b5-802f-fa829cd49329,7aca039e-d723-43a5-b97d-b54b07fc5373,TRUE,2026-04-08 19:12:39
fc000000-0000-0000-0000-000000001840,eca665f2-eeed-4848-aed0-15dc5893d228,e5fcf8a7-cb34-4278-8082-a63b9d1856a9,,TRUE,2026-04-08 19:12:39
fc000000-0000-0000-0000-000000001841,a4f4f6bf-37e4-4a9f-b398-cd279ca3eb20,10bbf5a6-0d2a-4f76-9579-c153cfc4542f,a50eea71-ac81-4438-a9a7-9f9ae1cf7f89,TRUE,2026-04-08 19:12:39
fc000000-0000-0000-0000-000000001842,e6c1734f-0826-4a99-bd22-bdae98dd5721,5f5560cf-c169-4781-8204-fb75ac3408c8,49720e2e-bd94-4072-8816-4b2dc97902ed,TRUE,2026-04-08 19:12:39
fc000000-0000-0000-0000-000000001843,fdb3eb13-4c01-4e83-b659-d8901fb4de44,5f917eec-d4dc-40cb-94dd-b3272db3f858,5aea2c49-62ea-4875-a90a-440920bd2e60,TRUE,2026-04-08 19:12:39
fc000000-0000-0000-0000-000000001844,73228236-aaf9-4143-91e0-15f22840f626,5f917eec-d4dc-40cb-94dd-b3272db3f858,2489267c-9b73-4948-a360-81d6ae8f9a8e,TRUE,2026-04-08 19:12:39
fc000000-0000-0000-0000-000000001845,b1bb8354-7ce1-430d-9cff-7740280bb255,10f25068-4e34-42ca-94b3-96f5288b82ea,3e83f541-7341-4018-ab30-8c42069de70d,TRUE,2026-04-08 19:12:39
fc000000-0000-0000-0000-000000001846,fcac8467-32d5-49e2-a8eb-c118a3c47f1d,5f5560cf-c169-4781-8204-fb75ac3408c8,49720e2e-bd94-4072-8816-4b2dc97902ed,TRUE,2026-04-08 19:12:39
fc000000-0000-0000-0000-000000001847,bf7a3031-c070-4537-97b1-83adb7c3f505,5f917eec-d4dc-40cb-94dd-b3272db3f858,ad3bee99-7863-4b55-aa09-b9754b160c47,TRUE,2026-04-08 19:12:39
fc000000-0000-0000-0000-000000001848,3892f768-bcff-4b6b-bf0f-3bfeb2aeb499,5f5560cf-c169-4781-8204-fb75ac3408c8,49720e2e-bd94-4072-8816-4b2dc97902ed,TRUE,2026-04-08 19:12:39
fc000000-0000-0000-0000-000000001849,bd165746-2a70-4c31-993b-63ac8927f4f6,5f5560cf-c169-4781-8204-fb75ac3408c8,49720e2e-bd94-4072-8816-4b2dc97902ed,TRUE,2026-04-08 19:12:39
fc000000-0000-0000-0000-000000001850,500d8df9-2fdd-46ef-a75d-a8264eeecfd9,8fc98f56-9662-45f7-8bd6-86a56e2142d1,,TRUE,2026-04-08 19:12:39
fc000000-0000-0000-0000-000000001851,e839ecd7-d52a-470b-baea-fedbc7e71438,5f5560cf-c169-4781-8204-fb75ac3408c8,49720e2e-bd94-4072-8816-4b2dc97902ed,TRUE,2026-04-08 19:12:39
fc000000-0000-0000-0000-000000001852,45837384-1b00-461d-a7ed-b2b0b7781841,77f6700e-88b8-40d8-9b61-ffefe536a5a2,27217365-aff2-447c-9c82-173f36a5173b,TRUE,2026-04-08 19:12:39
fc000000-0000-0000-0000-000000001853,2dcd2e69-70ad-457c-be3d-820eb2bc1c0c,5f5560cf-c169-4781-8204-fb75ac3408c8,49720e2e-bd94-4072-8816-4b2dc97902ed,TRUE,2026-04-08 19:12:39
fc000000-0000-0000-0000-000000001854,bd3636b6-8560-4572-8921-adddb68bff2a,1197ce03-96ae-4670-9ef3-28468625cf46,21f51f84-c1dd-4478-8fb0-1c10b08829a9,TRUE,2026-04-08 19:12:39
fc000000-0000-0000-0000-000000001855,886fe24d-396c-4a99-8f81-1900b9efe2d8,1197ce03-96ae-4670-9ef3-28468625cf46,21f51f84-c1dd-4478-8fb0-1c10b08829a9,TRUE,2026-04-08 19:12:39
fc000000-0000-0000-0000-000000001856,f0c09f55-f5ac-46c5-ba87-c2c231baf367,1197ce03-96ae-4670-9ef3-28468625cf46,21f51f84-c1dd-4478-8fb0-1c10b08829a9,TRUE,2026-04-08 19:12:39
fc000000-0000-0000-0000-000000001857,e883cda9-c882-4e7e-852d-fba25e12764c,456e1a68-37c2-454d-948f-a46294d6ba3a,5998245d-af84-4a40-a4ca-75ab6b7272fe,TRUE,2026-04-08 19:12:39
fc000000-0000-0000-0000-000000001858,1aecef0c-0b8b-46e2-a157-eccece743a5f,197fcbc8-7a73-40b5-802f-fa829cd49329,ba4abcf4-736f-4506-ae63-aad198da3468,TRUE,2026-04-08 19:12:39
fc000000-0000-0000-0000-000000001859,35e5e296-0392-4bc2-aca2-47a2eb6c35e0,8dcc57a0-79ac-45dd-9db0-efb3d1fd5299,f5aa12c0-a668-4178-b870-908ba1c7ac67,TRUE,2026-04-08 19:12:39
fc000000-0000-0000-0000-000000001860,996969a8-22ac-4795-aed3-a058926f49fc,7c844539-83eb-4880-b86c-dd05973f0e0a,01142f8e-82d9-40f3-af4c-6d9b20a078a5,TRUE,2026-04-08 19:12:39
fc000000-0000-0000-0000-000000001861,981bf2e4-4714-45c1-a4f0-665271b2daa6,4081baaa-071b-45f4-a25d-ac5121bfccc7,2c0cf7ad-c480-4428-84c9-37060a9a0a37,TRUE,2026-04-08 19:12:39
fc000000-0000-0000-0000-000000001862,d95ec232-3c8a-4bb6-8cb7-992297a908eb,ecb74426-adfd-416f-90ce-ac1136940e59,a0f45e64-d974-4ed8-99b7-5fe52a283bc9,TRUE,2026-04-08 19:12:39
fc000000-0000-0000-0000-000000001863,e8431ffe-3863-4c93-a4e5-951e1a675546,75378ce6-f415-4cb9-a1a2-628f22004a53,,TRUE,2026-04-08 19:12:39
fc000000-0000-0000-0000-000000001864,f43a6308-5709-4c9b-aa64-32861944d7c9,8dcc57a0-79ac-45dd-9db0-efb3d1fd5299,f5aa12c0-a668-4178-b870-908ba1c7ac67,TRUE,2026-04-08 19:12:39
fc000000-0000-0000-0000-000000001865,30739584-1518-4916-988b-fa89dd220234,ce9a4f01-7e24-4171-89d9-beb67adc1d7f,,TRUE,2026-04-08 19:12:39
fc000000-0000-0000-0000-000000001866,5a599044-0f58-4a8b-962c-16e05b2d0622,70f60247-60d3-4bce-87a8-ef397833ede6,f9d715bc-2a94-46dc-aedd-d566fe5fca63,TRUE,2026-04-08 19:12:39
fc000000-0000-0000-0000-000000001867,eccf5479-9385-4679-bf7a-4cc553121456,70f60247-60d3-4bce-87a8-ef397833ede6,f9d715bc-2a94-46dc-aedd-d566fe5fca63,TRUE,2026-04-08 19:12:39
fc000000-0000-0000-0000-000000001868,02c77067-17f8-490f-ad17-e658f2f5ecc4,138bec94-c996-4510-895c-6c0af0f6a6fc,aa2ac8a6-12e0-4e15-8fc6-3ce47a710a51,TRUE,2026-04-08 19:12:39
fc000000-0000-0000-0000-000000001869,c3b5b7bd-9591-4480-b521-3666c95ff7dc,10f25068-4e34-42ca-94b3-96f5288b82ea,,TRUE,2026-04-08 19:12:39
fc000000-0000-0000-0000-000000001870,f2a2b9bb-4317-419c-a106-15199a84a23a,7c844539-83eb-4880-b86c-dd05973f0e0a,b8cbc705-1090-4947-8783-70ce2ee9df2a,TRUE,2026-04-08 19:12:39
fc000000-0000-0000-0000-000000001871,e778a0a5-3e05-4ba3-8ddf-b624b9eaa9ed,c0bae7dc-ef7b-4a8b-99fd-c1c1de3a9ed2,d493879f-f5cc-4c9a-bfbd-78a96a34b900,TRUE,2026-04-08 19:12:39
fc000000-0000-0000-0000-000000001872,778eacfb-906c-4a42-8eb1-6a5d539ff432,7c844539-83eb-4880-b86c-dd05973f0e0a,01142f8e-82d9-40f3-af4c-6d9b20a078a5,TRUE,2026-04-08 19:12:39
fc000000-0000-0000-0000-000000001873,13309060-695a-4c9f-bbec-ae1e2e4bc4aa,e5fcf8a7-cb34-4278-8082-a63b9d1856a9,eb979557-17dd-4e57-90ac-1854eece7765,TRUE,2026-04-08 19:12:39
fc000000-0000-0000-0000-000000001874,d925ea02-7824-48f4-97de-f1ee745fab39,138bec94-c996-4510-895c-6c0af0f6a6fc,aa2ac8a6-12e0-4e15-8fc6-3ce47a710a51,TRUE,2026-04-08 19:12:39
fc000000-0000-0000-0000-000000001875,1f5ac31b-5e68-482b-8624-ef1775a11669,5dbe61d1-daa6-4f30-acba-d9094a3f9de3,c75026f9-6eff-43bf-8fa3-700c0f983cde,TRUE,2026-04-08 19:12:39
fc000000-0000-0000-0000-000000001876,91faea8d-9ad6-4bd6-a681-70b8ba57b687,7c844539-83eb-4880-b86c-dd05973f0e0a,b8cbc705-1090-4947-8783-70ce2ee9df2a,TRUE,2026-04-08 19:12:39
fc000000-0000-0000-0000-000000001877,7104ca13-8df2-497a-b093-ee776a45531a,7c844539-83eb-4880-b86c-dd05973f0e0a,b8cbc705-1090-4947-8783-70ce2ee9df2a,TRUE,2026-04-08 19:12:39
fc000000-0000-0000-0000-000000001878,24541fb3-eaee-4470-a3bf-a0d610865046,343841d6-b938-4b7d-8523-23d25aa1eeb5,03ef20c9-4602-4b3f-b405-be77706bfc0e,TRUE,2026-04-08 19:12:39
fc000000-0000-0000-0000-000000001879,ba8bb647-2cd8-4336-80f8-29a6682f87c7,75378ce6-f415-4cb9-a1a2-628f22004a53,,TRUE,2026-04-08 19:12:39
fc000000-0000-0000-0000-000000001880,ced65b8c-c850-4f20-ab68-d831dcb06fcb,456e1a68-37c2-454d-948f-a46294d6ba3a,44bbc135-209b-401b-bea5-384bd663155b,TRUE,2026-04-08 19:12:39
fc000000-0000-0000-0000-000000001881,4207f5f4-b250-4ead-a4d2-87d27db5153f,a3ae9791-1572-4564-a7b7-b17e5824951c,7a4a6e5a-117c-41ef-84d0-e7d0e4319a59,TRUE,2026-04-08 19:12:39
fc000000-0000-0000-0000-000000001882,bf5e3473-532b-4f63-8583-c9a049432263,ff1a36e5-3931-487f-8837-3e24af030706,91151206-fdf0-4b12-8740-df708b07dcc6,TRUE,2026-04-08 19:12:39
fc000000-0000-0000-0000-000000001883,3b4ac612-d24a-4dc1-b6bb-5aaaa9a875b3,4ee5e694-5d88-4a9b-ba2e-eecf653807e1,,TRUE,2026-04-08 19:12:39
fc000000-0000-0000-0000-000000001884,1bb424e6-e019-467b-9fe9-cf0dc64f79b2,4081baaa-071b-45f4-a25d-ac5121bfccc7,7e20674c-0cfd-42f7-94dc-124313a44543,TRUE,2026-04-08 19:12:39
fc000000-0000-0000-0000-000000001885,c6b85ebb-3ad4-407f-b0f8-b75e5a5632aa,4cae38a8-4a2b-4f9f-8e47-c51a8fdab4d6,,TRUE,2026-04-08 19:12:39
fc000000-0000-0000-0000-000000001886,9797ad60-71cb-4f0e-ae3f-2d4da3fd881f,4081baaa-071b-45f4-a25d-ac5121bfccc7,7e20674c-0cfd-42f7-94dc-124313a44543,TRUE,2026-04-08 19:12:39
fc000000-0000-0000-0000-000000001887,3ed727e3-e1a3-4a06-99c5-341c5eaf603e,197fcbc8-7a73-40b5-802f-fa829cd49329,7aca039e-d723-43a5-b97d-b54b07fc5373,TRUE,2026-04-08 19:12:39
fc000000-0000-0000-0000-000000001888,c3ee863e-00ac-4cad-9b65-061ba7502ff2,3fab3044-def1-4fff-a598-bac8d76da990,,TRUE,2026-04-08 19:12:39
fc000000-0000-0000-0000-000000001889,3ee51a2c-5744-46fc-b920-342b30f39e66,5f5560cf-c169-4781-8204-fb75ac3408c8,49720e2e-bd94-4072-8816-4b2dc97902ed,TRUE,2026-04-08 19:12:39
fc000000-0000-0000-0000-000000001890,9f259518-35d4-45ee-8cf7-0095cd24a0e4,8dcc57a0-79ac-45dd-9db0-efb3d1fd5299,e8840113-28f3-4d0b-8d73-9f513c624c2a,TRUE,2026-04-08 19:12:39
fc000000-0000-0000-0000-000000001891,4a1a48ee-7f85-4425-91c1-08af0dd8d3cc,8dcc57a0-79ac-45dd-9db0-efb3d1fd5299,e9452b7a-02cb-45b8-a05c-ce1936aae2ea,TRUE,2026-04-08 19:12:39
fc000000-0000-0000-0000-000000001892,a58b091d-98a5-4260-8078-6b69cecab27c,c0bae7dc-ef7b-4a8b-99fd-c1c1de3a9ed2,a11031c8-c160-488b-ae57-59320f8e85fa,TRUE,2026-04-08 19:12:39
fc000000-0000-0000-0000-000000001893,6a60aa87-b1e2-4e11-a5d1-568b19e960f5,4cae38a8-4a2b-4f9f-8e47-c51a8fdab4d6,d1d4d95c-2df5-4126-8033-d0a652c4d8b3,TRUE,2026-04-08 19:12:39
fc000000-0000-0000-0000-000000001894,3b9d9bba-8648-4f5f-be39-e4795732abf0,c0bae7dc-ef7b-4a8b-99fd-c1c1de3a9ed2,a11031c8-c160-488b-ae57-59320f8e85fa,TRUE,2026-04-08 19:12:39
fc000000-0000-0000-0000-000000001895,730327a4-9a4d-40d7-b7b8-c3077d687d25,c0bae7dc-ef7b-4a8b-99fd-c1c1de3a9ed2,d493879f-f5cc-4c9a-bfbd-78a96a34b900,TRUE,2026-04-08 19:12:39
fc000000-0000-0000-0000-000000001896,0cfa78f4-90af-43b2-895a-5abbbd572a9d,4ee5e694-5d88-4a9b-ba2e-eecf653807e1,,TRUE,2026-04-08 19:12:39
fc000000-0000-0000-0000-000000001897,39e489a8-34d1-470f-a28c-9dc1e1f3a907,470809ae-c5f3-4ba1-9522-fd0972619f7f,c82335ca-73c8-44fb-8e7c-4f7d4965d472,TRUE,2026-04-08 19:12:39
fc000000-0000-0000-0000-000000001898,fb539ef5-7d90-427c-a96b-edcfac8c79a9,1492dd48-44ce-4209-b09b-42795a46e039,,TRUE,2026-04-08 19:12:39
fc000000-0000-0000-0000-000000001899,f660f8c6-ed13-4486-a4af-a5900ef36674,d859a9f6-ce5f-4e3f-8c72-f7e2030f93ce,efce174e-a81e-4902-9c51-e5cdf3abf3c2,TRUE,2026-04-08 19:12:39
fc000000-0000-0000-0000-000000001900,60b7501e-082d-4d6e-bce2-c21757234c86,138bec94-c996-4510-895c-6c0af0f6a6fc,aa2ac8a6-12e0-4e15-8fc6-3ce47a710a51,TRUE,2026-04-08 19:12:39
fc000000-0000-0000-0000-000000001901,b69a271a-5d67-4545-8340-aa6844cd6726,138bec94-c996-4510-895c-6c0af0f6a6fc,aa2ac8a6-12e0-4e15-8fc6-3ce47a710a51,TRUE,2026-04-08 19:12:39
fc000000-0000-0000-0000-000000001902,7d479437-409e-4412-8a1b-7e5ad286230d,5dbe61d1-daa6-4f30-acba-d9094a3f9de3,0b36f32b-64d1-4f8e-be00-e757fe1ffb9d,TRUE,2026-04-08 19:12:39
fc000000-0000-0000-0000-000000001903,3306c63d-f636-45c5-b840-177344e7022f,4cae38a8-4a2b-4f9f-8e47-c51a8fdab4d6,d1d4d95c-2df5-4126-8033-d0a652c4d8b3,TRUE,2026-04-08 19:12:39
fc000000-0000-0000-0000-000000001904,ef648f27-78e2-45e8-ba05-38188b432dd4,a4607b32-1492-4625-b7e1-ce88eb426112,2e2c0fd2-f457-4bbf-89a4-6e958905ace1,TRUE,2026-04-08 19:12:39
fc000000-0000-0000-0000-000000001905,5b8aec9b-7bbc-4f7d-8717-dd83ae049a4a,4081baaa-071b-45f4-a25d-ac5121bfccc7,2c0cf7ad-c480-4428-84c9-37060a9a0a37,TRUE,2026-04-08 19:12:39
fc000000-0000-0000-0000-000000001906,37c99183-eb89-44ef-b759-088353862c94,4081baaa-071b-45f4-a25d-ac5121bfccc7,2c0cf7ad-c480-4428-84c9-37060a9a0a37,TRUE,2026-04-08 19:12:39
fc000000-0000-0000-0000-000000001907,6d226566-941c-428d-8566-35e3edef768f,4081baaa-071b-45f4-a25d-ac5121bfccc7,2c0cf7ad-c480-4428-84c9-37060a9a0a37,TRUE,2026-04-08 19:12:39
fc000000-0000-0000-0000-000000001908,bf4350e5-d4ef-4e08-80e0-67470a980fbb,197fcbc8-7a73-40b5-802f-fa829cd49329,ba4abcf4-736f-4506-ae63-aad198da3468,TRUE,2026-04-08 19:12:39
fc000000-0000-0000-0000-000000001909,84478b87-61ff-462f-80ed-1d24f365235c,e5fcf8a7-cb34-4278-8082-a63b9d1856a9,eb979557-17dd-4e57-90ac-1854eece7765,TRUE,2026-04-08 19:12:39
fc000000-0000-0000-0000-000000001910,a5bb1863-17db-4b81-a666-57a2fa57c465,ce9a4f01-7e24-4171-89d9-beb67adc1d7f,,TRUE,2026-04-08 19:12:39
fc000000-0000-0000-0000-000000001911,13a8d0e6-0b0c-4f7e-bb32-940525b0b137,197fcbc8-7a73-40b5-802f-fa829cd49329,7aca039e-d723-43a5-b97d-b54b07fc5373,TRUE,2026-04-08 19:12:39
fc000000-0000-0000-0000-000000001912,5299aff9-d50f-4e66-9368-7f9a529614c2,b28bcd2f-98c3-4e0e-bbae-d05d48bf82e9,,TRUE,2026-04-08 19:12:39
fc000000-0000-0000-0000-000000001913,554842d5-b84f-40a3-80c3-bba68ba85882,456e1a68-37c2-454d-948f-a46294d6ba3a,91e5a9cf-e300-45c3-bd78-5a4d13bb8955,TRUE,2026-04-08 19:12:39
fc000000-0000-0000-0000-000000001914,3340b4b3-4006-46cf-a73c-a206c22013f5,ecb74426-adfd-416f-90ce-ac1136940e59,,TRUE,2026-04-08 19:12:39
fc000000-0000-0000-0000-000000001915,c3fbfdb9-d456-476e-8103-635267013a79,b28bcd2f-98c3-4e0e-bbae-d05d48bf82e9,,TRUE,2026-04-08 19:12:39
fc000000-0000-0000-0000-000000001916,38cfecbc-d5ea-4222-ba5d-26861732227d,9a6acaba-6896-4d0f-b27a-d71a8be4e523,,TRUE,2026-04-08 19:12:39
fc000000-0000-0000-0000-000000001917,f6528159-3139-477c-bcec-516d82e7a7f8,9a6acaba-6896-4d0f-b27a-d71a8be4e523,,TRUE,2026-04-08 19:12:39
fc000000-0000-0000-0000-000000001918,a4a6990a-b71f-4e8f-90a1-f3e027c69b53,f0980453-c886-4dd1-8af5-7186fd83578d,9ba4b791-412e-4869-889f-bb12ea9cf9dc,TRUE,2026-04-08 19:12:39
fc000000-0000-0000-0000-000000001919,e257c222-0560-42cb-bbb3-01ae997855c3,bd05a5ba-f1c0-4097-93c5-1a06a55ffc29,73d4b29f-6e5e-419d-bcde-2e22fc2581b3,TRUE,2026-04-08 19:12:39
fc000000-0000-0000-0000-000000001920,b57863e6-e68c-478d-ac62-4dae9e4c97fc,93813225-2cbe-4d50-8943-423d4338776a,4eb29058-3bc2-43c5-a3a9-066f9879db4a,TRUE,2026-04-08 19:12:39
fc000000-0000-0000-0000-000000001921,6431df57-0fc6-42c6-b35a-1f37b80a378f,bd05a5ba-f1c0-4097-93c5-1a06a55ffc29,73d4b29f-6e5e-419d-bcde-2e22fc2581b3,TRUE,2026-04-08 19:12:39
fc000000-0000-0000-0000-000000001922,ef44bd85-d9fa-42b3-99ce-7c25add12ac3,197fcbc8-7a73-40b5-802f-fa829cd49329,7aca039e-d723-43a5-b97d-b54b07fc5373,TRUE,2026-04-08 19:12:39
fc000000-0000-0000-0000-000000001923,1ce268d7-d0b6-41f6-93cb-48cd6ba8a483,138bec94-c996-4510-895c-6c0af0f6a6fc,e0e92ae5-9be6-4bfa-8f56-0f28d97e5408,TRUE,2026-04-08 19:12:39
fc000000-0000-0000-0000-000000001924,ea475651-f19c-4ac1-a4ed-6ef3a6781101,197fcbc8-7a73-40b5-802f-fa829cd49329,7aca039e-d723-43a5-b97d-b54b07fc5373,TRUE,2026-04-08 19:12:39
fc000000-0000-0000-0000-000000001925,4a3b6658-fe14-43d3-889e-16dfd85b12a9,197fcbc8-7a73-40b5-802f-fa829cd49329,7aca039e-d723-43a5-b97d-b54b07fc5373,TRUE,2026-04-08 19:12:39
fc000000-0000-0000-0000-000000001926,6fbb7607-2cb6-400b-8c45-a0d01c8168fd,10f25068-4e34-42ca-94b3-96f5288b82ea,3e83f541-7341-4018-ab30-8c42069de70d,TRUE,2026-04-08 19:12:39
fc000000-0000-0000-0000-000000001927,381018fd-88d6-4cd7-8bd9-f3290e8962c4,53b38111-c118-4a0d-ba1d-0500cedd6285,253c52d1-7938-497a-bbb2-9266034ee523,TRUE,2026-04-08 19:12:39
fc000000-0000-0000-0000-000000001928,fa7027f0-79a1-455f-acbc-012648eeb197,4cae38a8-4a2b-4f9f-8e47-c51a8fdab4d6,d1d4d95c-2df5-4126-8033-d0a652c4d8b3,TRUE,2026-04-08 19:12:39
fc000000-0000-0000-0000-000000001929,5cda6d4a-9834-4b47-a260-5a434de68d09,4cae38a8-4a2b-4f9f-8e47-c51a8fdab4d6,d1d4d95c-2df5-4126-8033-d0a652c4d8b3,TRUE,2026-04-08 19:12:39
fc000000-0000-0000-0000-000000001930,2550ca97-e976-48a0-8898-8cfd13be8223,56c873fb-d05a-475b-9c58-8e43efcba0b2,dd36eb28-6b48-4071-aa16-f4fbaf70315e,TRUE,2026-04-08 19:12:39
fc000000-0000-0000-0000-000000001931,37340f08-64a8-4097-a348-1fc05f39bc13,dc3b2dd6-a7eb-4ed7-bf00-750e33978760,fbe91310-b6cd-43ea-b306-e65d2ee5eaad,TRUE,2026-04-08 19:12:39
fc000000-0000-0000-0000-000000001932,6119f43e-da65-4454-ab0f-50f4e166d07d,197fcbc8-7a73-40b5-802f-fa829cd49329,7aca039e-d723-43a5-b97d-b54b07fc5373,TRUE,2026-04-08 19:12:39
fc000000-0000-0000-0000-000000001933,cc976ff3-2c69-4d1d-b10f-2eb5ae1dd9d9,197fcbc8-7a73-40b5-802f-fa829cd49329,7aca039e-d723-43a5-b97d-b54b07fc5373,TRUE,2026-04-08 19:12:39
fc000000-0000-0000-0000-000000001934,4bab8310-0ce4-4fdf-b22f-085f9cc11f94,ecb74426-adfd-416f-90ce-ac1136940e59,,TRUE,2026-04-08 19:12:39
fc000000-0000-0000-0000-000000001935,dd3d90b9-b81b-43d1-86c7-e084cef02fbe,197fcbc8-7a73-40b5-802f-fa829cd49329,7aca039e-d723-43a5-b97d-b54b07fc5373,TRUE,2026-04-08 19:12:39
fc000000-0000-0000-0000-000000001936,871c7162-5311-4666-a606-4ba2aac6a56c,8dcc57a0-79ac-45dd-9db0-efb3d1fd5299,e9452b7a-02cb-45b8-a05c-ce1936aae2ea,TRUE,2026-04-08 19:12:39
fc000000-0000-0000-0000-000000001937,35ce7565-d048-47f3-8d38-69fbaea5f7eb,f5e5d6a5-6dd0-4af7-acde-327f620fd476,,TRUE,2026-04-08 19:12:39
fc000000-0000-0000-0000-000000001938,fc0731c2-731c-417b-994f-e1f20b72369a,5f5560cf-c169-4781-8204-fb75ac3408c8,07c2376a-a737-4f36-bc03-1778dd9b71ec,TRUE,2026-04-08 19:12:39
fc000000-0000-0000-0000-000000001939,6a86b856-304e-4c17-a610-640952c5ee84,7c844539-83eb-4880-b86c-dd05973f0e0a,b8cbc705-1090-4947-8783-70ce2ee9df2a,TRUE,2026-04-08 19:12:39
fc000000-0000-0000-0000-000000001940,deaeefc6-ad43-48ab-9111-a6ef304b76f7,343841d6-b938-4b7d-8523-23d25aa1eeb5,39478e69-751f-45a6-88b2-fd08bf1e80a2,TRUE,2026-04-08 19:12:39
fc000000-0000-0000-0000-000000001941,836eb45e-07ba-4f17-8b72-624baee7704c,4cae38a8-4a2b-4f9f-8e47-c51a8fdab4d6,5890126b-c352-4df7-8341-1ac685154844,TRUE,2026-04-08 19:12:39
fc000000-0000-0000-0000-000000001942,8e77c5e6-3b0a-4550-9175-fac9e9419599,197fcbc8-7a73-40b5-802f-fa829cd49329,7aca039e-d723-43a5-b97d-b54b07fc5373,TRUE,2026-04-08 19:12:39
fc000000-0000-0000-0000-000000001943,15eef942-14e6-4c74-b607-7ef7dc019d4f,1197ce03-96ae-4670-9ef3-28468625cf46,21f51f84-c1dd-4478-8fb0-1c10b08829a9,TRUE,2026-04-08 19:12:39
fc000000-0000-0000-0000-000000001944,1b7b41b0-2be4-4fe0-ab45-f4b12f8d64d3,e5fcf8a7-cb34-4278-8082-a63b9d1856a9,eb979557-17dd-4e57-90ac-1854eece7765,TRUE,2026-04-08 19:12:39
fc000000-0000-0000-0000-000000001945,9ea152f9-aef4-4572-8c26-e1350281321d,343841d6-b938-4b7d-8523-23d25aa1eeb5,39478e69-751f-45a6-88b2-fd08bf1e80a2,TRUE,2026-04-08 19:12:39
fc000000-0000-0000-0000-000000001946,0c91367a-72d6-44ca-b642-6a2d5ed7f26a,197fcbc8-7a73-40b5-802f-fa829cd49329,7aca039e-d723-43a5-b97d-b54b07fc5373,TRUE,2026-04-08 19:12:39
fc000000-0000-0000-0000-000000001947,43452846-6403-4958-a8fa-8e994d9b061b,197fcbc8-7a73-40b5-802f-fa829cd49329,7aca039e-d723-43a5-b97d-b54b07fc5373,TRUE,2026-04-08 19:12:39
fc000000-0000-0000-0000-000000001948,7198d174-93b7-41f3-a31b-519b81ffb933,197fcbc8-7a73-40b5-802f-fa829cd49329,ba4abcf4-736f-4506-ae63-aad198da3468,TRUE,2026-04-08 19:12:39
fc000000-0000-0000-0000-000000001949,5c76524e-4c77-4421-ba96-50b40437cd48,197fcbc8-7a73-40b5-802f-fa829cd49329,ba4abcf4-736f-4506-ae63-aad198da3468,TRUE,2026-04-08 19:12:39
fc000000-0000-0000-0000-000000001950,522519ce-c2f7-473a-a019-c027aaf46799,28572475-7747-45b9-8c58-aa7c2c3f0145,de6e85f2-4d03-48bc-9660-85cd52a507f3,TRUE,2026-04-08 19:12:39
fc000000-0000-0000-0000-000000001951,a0b8b341-6068-4329-9b86-3bf07ab3e08b,5f917eec-d4dc-40cb-94dd-b3272db3f858,ad3bee99-7863-4b55-aa09-b9754b160c47,TRUE,2026-04-08 19:12:39
fc000000-0000-0000-0000-000000001952,fa9bfeec-73b8-4280-909b-4384b4f6aabc,7c844539-83eb-4880-b86c-dd05973f0e0a,01142f8e-82d9-40f3-af4c-6d9b20a078a5,TRUE,2026-04-08 19:12:39
fc000000-0000-0000-0000-000000001953,49bb9f93-ac75-4ee5-bb8a-0f6adf739a56,197fcbc8-7a73-40b5-802f-fa829cd49329,7aca039e-d723-43a5-b97d-b54b07fc5373,TRUE,2026-04-08 19:12:39
fc000000-0000-0000-0000-000000001954,04d6c8c0-2d15-4b0e-9eb7-00d2324e2c3e,ca02fc79-4b0f-46d9-a2ae-ba767deaa976,10ca6b78-3b78-45e0-b611-61d3891033aa,TRUE,2026-04-08 19:12:39
fc000000-0000-0000-0000-000000001955,ff7e8c17-513e-49c3-ba74-ff9a8c9e17df,4cae38a8-4a2b-4f9f-8e47-c51a8fdab4d6,5890126b-c352-4df7-8341-1ac685154844,TRUE,2026-04-08 19:12:39
fc000000-0000-0000-0000-000000001956,702243a4-cdb5-4015-bce2-a258e2f06c5a,dc3b2dd6-a7eb-4ed7-bf00-750e33978760,fbe91310-b6cd-43ea-b306-e65d2ee5eaad,TRUE,2026-04-08 19:12:39
fc000000-0000-0000-0000-000000001957,a325b4ab-0342-44c7-9c5a-1e0ae2d933dd,5f917eec-d4dc-40cb-94dd-b3272db3f858,ad3bee99-7863-4b55-aa09-b9754b160c47,TRUE,2026-04-08 19:12:39
fc000000-0000-0000-0000-000000001958,dbb6eccd-8bf1-4ae5-a305-cd598fe2320c,138bec94-c996-4510-895c-6c0af0f6a6fc,aa2ac8a6-12e0-4e15-8fc6-3ce47a710a51,TRUE,2026-04-08 19:12:39
fc000000-0000-0000-0000-000000001959,f1b1041f-17a2-4dfc-9f0b-9f4c67dd4899,7c844539-83eb-4880-b86c-dd05973f0e0a,08524641-c528-4cb4-9c11-f38b289595cf,TRUE,2026-04-08 19:12:39
fc000000-0000-0000-0000-000000001960,d4f4a3be-af8a-4aca-b09f-189a7d4c908d,456e1a68-37c2-454d-948f-a46294d6ba3a,44bbc135-209b-401b-bea5-384bd663155b,TRUE,2026-04-08 19:12:39
fc000000-0000-0000-0000-000000001961,3cf2041e-3e3f-4fcd-aa66-5c45150e1096,5f917eec-d4dc-40cb-94dd-b3272db3f858,ad3bee99-7863-4b55-aa09-b9754b160c47,TRUE,2026-04-08 19:12:39
fc000000-0000-0000-0000-000000001962,1407f19f-10b9-4286-88fd-5e3043fb354e,c0bae7dc-ef7b-4a8b-99fd-c1c1de3a9ed2,a11031c8-c160-488b-ae57-59320f8e85fa,TRUE,2026-04-08 19:12:39
fc000000-0000-0000-0000-000000001963,fee27409-2d90-41aa-89f8-41d3c0afc898,ecb74426-adfd-416f-90ce-ac1136940e59,,TRUE,2026-04-08 19:12:39
fc000000-0000-0000-0000-000000001964,6624c09a-e9ba-498c-a412-ead643b0d247,ecb74426-adfd-416f-90ce-ac1136940e59,,TRUE,2026-04-08 19:12:39
fc000000-0000-0000-0000-000000001965,e05bc406-74d8-4da6-ba04-9526f4c5e007,ecb74426-adfd-416f-90ce-ac1136940e59,,TRUE,2026-04-08 19:12:39
fc000000-0000-0000-0000-000000001966,d6f0753a-de3e-44aa-acc3-faf9f712916a,ecb74426-adfd-416f-90ce-ac1136940e59,5cf414a9-7d0b-4cbc-82e9-54a3dd0b9e26,TRUE,2026-04-08 19:12:39
fc000000-0000-0000-0000-000000001967,5bb3277f-c83f-4c4d-9873-9bc4e397c92d,138bec94-c996-4510-895c-6c0af0f6a6fc,a01eb0c3-5e2f-4b62-abc6-c59b24233509,TRUE,2026-04-08 19:12:39
fc000000-0000-0000-0000-000000001968,6d47f589-b038-40ab-8c98-3870ec78fcfb,ecb74426-adfd-416f-90ce-ac1136940e59,,TRUE,2026-04-08 19:12:39
fc000000-0000-0000-0000-000000001969,bc8ba744-8ff0-4bd6-abb6-0fec085bbadf,138bec94-c996-4510-895c-6c0af0f6a6fc,aa2ac8a6-12e0-4e15-8fc6-3ce47a710a51,TRUE,2026-04-08 19:12:39
fc000000-0000-0000-0000-000000001970,8ae848e6-4294-49e6-8765-876f9c58b954,456e1a68-37c2-454d-948f-a46294d6ba3a,4851e333-befa-4ba3-8d43-216661d97bec,TRUE,2026-04-08 19:12:39
fc000000-0000-0000-0000-000000001971,96a5ebc3-ab2c-49b3-b6cf-d5a966222b61,93813225-2cbe-4d50-8943-423d4338776a,c916f879-a7fa-4403-94c3-dcd5d3a03627,TRUE,2026-04-08 19:12:39
fc000000-0000-0000-0000-000000001972,921958bd-64ba-4401-975d-a44a431c5d4c,1197ce03-96ae-4670-9ef3-28468625cf46,21f51f84-c1dd-4478-8fb0-1c10b08829a9,TRUE,2026-04-08 19:12:39
fc000000-0000-0000-0000-000000001973,f287b623-0af2-40a8-ae84-b003791e97e2,8dcc57a0-79ac-45dd-9db0-efb3d1fd5299,e9452b7a-02cb-45b8-a05c-ce1936aae2ea,TRUE,2026-04-08 19:12:39
fc000000-0000-0000-0000-000000001974,9784ba53-e6af-451f-9a15-8517f49291f1,e5fcf8a7-cb34-4278-8082-a63b9d1856a9,eb979557-17dd-4e57-90ac-1854eece7765,TRUE,2026-04-08 19:12:39
fc000000-0000-0000-0000-000000001975,054785bf-0d6f-4642-993e-56f587d8d386,ff1a36e5-3931-487f-8837-3e24af030706,91151206-fdf0-4b12-8740-df708b07dcc6,TRUE,2026-04-08 19:12:39
fc000000-0000-0000-0000-000000001976,bf6a9f3e-8747-4bab-8f49-a9f48276581a,ecb74426-adfd-416f-90ce-ac1136940e59,,TRUE,2026-04-08 19:12:39
fc000000-0000-0000-0000-000000001977,1b0e24d9-5d9c-4b1c-b46e-37dfbea99501,bd05a5ba-f1c0-4097-93c5-1a06a55ffc29,02d8e7df-aa0d-4d08-88b8-7cddef2b7f08,TRUE,2026-04-08 19:12:39
fc000000-0000-0000-0000-000000001978,1614310e-cdaa-4d6f-bfee-900c14be81e8,4081baaa-071b-45f4-a25d-ac5121bfccc7,5ef44941-021e-4c44-a995-8fcf78858411,TRUE,2026-04-08 19:12:39
fc000000-0000-0000-0000-000000001979,503359de-1ce0-4c72-9d99-72f75374260c,ecb74426-adfd-416f-90ce-ac1136940e59,,TRUE,2026-04-08 19:12:39
fc000000-0000-0000-0000-000000001980,6f715258-1d6d-4e46-a034-4338a31063ee,ecb74426-adfd-416f-90ce-ac1136940e59,,TRUE,2026-04-08 19:12:39
fc000000-0000-0000-0000-000000001981,151e4f6d-4aba-49e8-8916-8e77cdb49147,456e1a68-37c2-454d-948f-a46294d6ba3a,91e5a9cf-e300-45c3-bd78-5a4d13bb8955,TRUE,2026-04-08 19:12:39
fc000000-0000-0000-0000-000000001982,1d6d474a-1ab8-4939-964e-c6f9ff49abfa,4ee5e694-5d88-4a9b-ba2e-eecf653807e1,,TRUE,2026-04-08 19:12:39
fc000000-0000-0000-0000-000000001983,2bdbbc17-c188-4004-829b-79341341c59e,5f917eec-d4dc-40cb-94dd-b3272db3f858,5aea2c49-62ea-4875-a90a-440920bd2e60,TRUE,2026-04-08 19:12:39
fc000000-0000-0000-0000-000000001984,853583c0-41ea-41d0-b3cb-ef198c777bb8,9a6acaba-6896-4d0f-b27a-d71a8be4e523,,TRUE,2026-04-08 19:12:39
fc000000-0000-0000-0000-000000001985,20f083d2-2782-4871-a25a-946cf88ddd33,5f5560cf-c169-4781-8204-fb75ac3408c8,07c2376a-a737-4f36-bc03-1778dd9b71ec,TRUE,2026-04-08 19:12:39
fc000000-0000-0000-0000-000000001986,2298cc1e-2b63-455b-b789-6c60d1e345b7,ca02fc79-4b0f-46d9-a2ae-ba767deaa976,c1770239-c6ca-46d5-9b31-cfc57bcbf5d5,TRUE,2026-04-08 19:12:39
fc000000-0000-0000-0000-000000001987,520bf9ec-b228-41e4-aafb-0adadd0394ac,ff1a36e5-3931-487f-8837-3e24af030706,91151206-fdf0-4b12-8740-df708b07dcc6,TRUE,2026-04-08 19:12:39
fc000000-0000-0000-0000-000000001988,2d356a17-edba-4e32-8396-2c3becb6a00a,7c844539-83eb-4880-b86c-dd05973f0e0a,01142f8e-82d9-40f3-af4c-6d9b20a078a5,TRUE,2026-04-08 19:12:39
fc000000-0000-0000-0000-000000001989,7dcd9e48-3204-4bab-ae41-1cacba8b7647,5f917eec-d4dc-40cb-94dd-b3272db3f858,b7b9056e-343d-4903-8c65-373151880714,TRUE,2026-04-08 19:12:39
fc000000-0000-0000-0000-000000001990,4ca097dc-9178-483e-bdc7-65237837b628,7c844539-83eb-4880-b86c-dd05973f0e0a,b8cbc705-1090-4947-8783-70ce2ee9df2a,TRUE,2026-04-08 19:12:39
fc000000-0000-0000-0000-000000001991,5d7fd8fe-902a-4ea4-889c-652a6b59da51,1197ce03-96ae-4670-9ef3-28468625cf46,21f51f84-c1dd-4478-8fb0-1c10b08829a9,TRUE,2026-04-08 19:12:39
fc000000-0000-0000-0000-000000001992,d8a80546-8cfe-4f3c-837c-e4391749a944,93813225-2cbe-4d50-8943-423d4338776a,c916f879-a7fa-4403-94c3-dcd5d3a03627,TRUE,2026-04-08 19:12:39
fc000000-0000-0000-0000-000000001993,ec052a1c-9e6d-4615-9dbd-040538792acf,5f917eec-d4dc-40cb-94dd-b3272db3f858,ad3bee99-7863-4b55-aa09-b9754b160c47,TRUE,2026-04-08 19:12:39
fc000000-0000-0000-0000-000000001994,a1981a32-2f3c-43e0-9e02-2954ee829f31,e5fcf8a7-cb34-4278-8082-a63b9d1856a9,eb979557-17dd-4e57-90ac-1854eece7765,TRUE,2026-04-08 19:12:39
fc000000-0000-0000-0000-000000001995,0ebf2e77-b8c3-4998-93d9-1959db65dec0,e5fcf8a7-cb34-4278-8082-a63b9d1856a9,eb979557-17dd-4e57-90ac-1854eece7765,TRUE,2026-04-08 19:12:39
fc000000-0000-0000-0000-000000001996,0836d83f-d84d-4ccd-a9d8-6e7b5244bfc8,ecb74426-adfd-416f-90ce-ac1136940e59,,TRUE,2026-04-08 19:12:39
fc000000-0000-0000-0000-000000001997,4063095c-fe3a-4258-966d-9504fe7e0881,197fcbc8-7a73-40b5-802f-fa829cd49329,7aca039e-d723-43a5-b97d-b54b07fc5373,TRUE,2026-04-08 19:12:39
fc000000-0000-0000-0000-000000001998,60076103-8da8-4c1b-a351-168a82a166c2,8dcc57a0-79ac-45dd-9db0-efb3d1fd5299,e9452b7a-02cb-45b8-a05c-ce1936aae2ea,TRUE,2026-04-08 19:12:39
fc000000-0000-0000-0000-000000001999,b13eff05-1a8f-43d5-a34e-0db944cdd1e2,138bec94-c996-4510-895c-6c0af0f6a6fc,aa2ac8a6-12e0-4e15-8fc6-3ce47a710a51,TRUE,2026-04-08 19:12:39
fc000000-0000-0000-0000-000000002000,dfaf297c-560f-4924-93f2-c3962ef9b728,ca02fc79-4b0f-46d9-a2ae-ba767deaa976,d7e752f6-5486-4456-8f64-fec87565d101,TRUE,2026-04-08 19:12:39
fc000000-0000-0000-0000-000000002001,e66aa83c-d57b-470e-9d93-64909753e6ef,10f25068-4e34-42ca-94b3-96f5288b82ea,,TRUE,2026-04-08 19:12:39
fc000000-0000-0000-0000-000000002002,b9c862d0-3c1b-44c4-884d-e2e3feba52a4,335a566e-8b41-454f-88b7-8ea35818e22d,,TRUE,2026-04-08 19:12:39
fc000000-0000-0000-0000-000000002003,eff1ea84-eb37-44da-979e-17a2fd614ea9,456e1a68-37c2-454d-948f-a46294d6ba3a,5998245d-af84-4a40-a4ca-75ab6b7272fe,TRUE,2026-04-08 19:12:39
fc000000-0000-0000-0000-000000002004,85494df2-2108-4123-9cd2-4c2a8ef66e95,4ee5e694-5d88-4a9b-ba2e-eecf653807e1,,TRUE,2026-04-08 19:12:39
fc000000-0000-0000-0000-000000002005,02b97346-e2f9-4bcb-8e43-ca847b1af3ed,7c844539-83eb-4880-b86c-dd05973f0e0a,b8cbc705-1090-4947-8783-70ce2ee9df2a,TRUE,2026-04-08 19:12:39
fc000000-0000-0000-0000-000000002006,5cf32682-81a3-4e72-907a-0225eee2343e,7c844539-83eb-4880-b86c-dd05973f0e0a,b8cbc705-1090-4947-8783-70ce2ee9df2a,TRUE,2026-04-08 19:12:39
fc000000-0000-0000-0000-000000002007,e0fa87bb-102d-4eeb-8e2b-788548f06a25,75378ce6-f415-4cb9-a1a2-628f22004a53,,TRUE,2026-04-08 19:12:39
fc000000-0000-0000-0000-000000002008,8bb5c3a9-f8e4-428c-864e-37eb765dc1d3,dc3b2dd6-a7eb-4ed7-bf00-750e33978760,fbe91310-b6cd-43ea-b306-e65d2ee5eaad,TRUE,2026-04-08 19:12:39
fc000000-0000-0000-0000-000000002009,10ea04b4-3e5f-41e5-b814-609afaa054b2,0986f242-a7aa-4df0-bb46-d1f3e5c64cf8,6d04e84f-b2b7-467e-87cc-e8815a67f6f7,TRUE,2026-04-08 19:12:39
fc000000-0000-0000-0000-000000002010,d45e7752-e771-4dc1-b861-d62ec91023c7,138bec94-c996-4510-895c-6c0af0f6a6fc,aa2ac8a6-12e0-4e15-8fc6-3ce47a710a51,TRUE,2026-04-08 19:12:39
fc000000-0000-0000-0000-000000002011,d4ab8b21-a599-4913-8d51-1b3671805fe2,d859a9f6-ce5f-4e3f-8c72-f7e2030f93ce,b804f2f5-20a0-4930-a261-6a4967c1c256,TRUE,2026-04-08 19:12:39
fc000000-0000-0000-0000-000000002012,3129d54e-e0a7-4d06-bcd1-28c7a3bb0247,5f917eec-d4dc-40cb-94dd-b3272db3f858,14eb68ad-80c5-4379-b380-2719cf755b84,TRUE,2026-04-08 19:12:39
fc000000-0000-0000-0000-000000002013,36e353f2-17fe-4b4c-b62a-db3653101066,8dcc57a0-79ac-45dd-9db0-efb3d1fd5299,e9452b7a-02cb-45b8-a05c-ce1936aae2ea,TRUE,2026-04-08 19:12:39
fc000000-0000-0000-0000-000000002014,5b6f2aef-fb3b-4d29-a140-957067eb1c77,10f25068-4e34-42ca-94b3-96f5288b82ea,e6557dc4-26ce-465e-9ae9-3cc02c70fbc1,TRUE,2026-04-08 19:12:39
fc000000-0000-0000-0000-000000002015,68853ef4-797a-4b6f-8326-62ffb12006de,138bec94-c996-4510-895c-6c0af0f6a6fc,e0e92ae5-9be6-4bfa-8f56-0f28d97e5408,TRUE,2026-04-08 19:12:39
fc000000-0000-0000-0000-000000002016,d556c26c-2a27-4152-881a-dccb13d273e6,4081baaa-071b-45f4-a25d-ac5121bfccc7,7e20674c-0cfd-42f7-94dc-124313a44543,TRUE,2026-04-08 19:12:39
fc000000-0000-0000-0000-000000002017,202974c3-bb99-4606-a9df-3acaf97fc403,5f917eec-d4dc-40cb-94dd-b3272db3f858,ad3bee99-7863-4b55-aa09-b9754b160c47,TRUE,2026-04-08 19:12:39
fc000000-0000-0000-0000-000000002018,967cf03a-6afc-4f31-8c8f-96fb68e7cf0f,138bec94-c996-4510-895c-6c0af0f6a6fc,aa2ac8a6-12e0-4e15-8fc6-3ce47a710a51,TRUE,2026-04-08 19:12:39
fc000000-0000-0000-0000-000000002019,2dae1a13-12ec-4a15-b2c1-b5a932f6d1a0,ca02fc79-4b0f-46d9-a2ae-ba767deaa976,c1770239-c6ca-46d5-9b31-cfc57bcbf5d5,TRUE,2026-04-08 19:12:39
fc000000-0000-0000-0000-000000002020,87fd4024-5953-4a82-b443-32ab625d7efb,197fcbc8-7a73-40b5-802f-fa829cd49329,ba4abcf4-736f-4506-ae63-aad198da3468,TRUE,2026-04-08 19:12:39
fc000000-0000-0000-0000-000000002021,d97ef9c1-d4ad-4f39-b7fd-1cb7dd120b74,7c844539-83eb-4880-b86c-dd05973f0e0a,b8cbc705-1090-4947-8783-70ce2ee9df2a,TRUE,2026-04-08 19:12:39
fc000000-0000-0000-0000-000000002022,8dba2294-6d34-48a3-8552-d71a5949a955,ecb74426-adfd-416f-90ce-ac1136940e59,,TRUE,2026-04-08 19:12:39
fc000000-0000-0000-0000-000000002023,ffaea16a-d14c-49d3-9905-f3d09589fafe,5f917eec-d4dc-40cb-94dd-b3272db3f858,ad3bee99-7863-4b55-aa09-b9754b160c47,TRUE,2026-04-08 19:12:39
fc000000-0000-0000-0000-000000002024,8cc87d99-11c8-4c4a-98e5-29a31fa27d2e,bd05a5ba-f1c0-4097-93c5-1a06a55ffc29,73d4b29f-6e5e-419d-bcde-2e22fc2581b3,TRUE,2026-04-08 19:12:39
fc000000-0000-0000-0000-000000002025,6beac2ee-d54b-43f0-8c5b-266b627b18cb,bd05a5ba-f1c0-4097-93c5-1a06a55ffc29,73d4b29f-6e5e-419d-bcde-2e22fc2581b3,TRUE,2026-04-08 19:12:39
fc000000-0000-0000-0000-000000002026,f70d6a96-eb73-49e1-815a-a005fecce895,197fcbc8-7a73-40b5-802f-fa829cd49329,7aca039e-d723-43a5-b97d-b54b07fc5373,TRUE,2026-04-08 19:12:39
fc000000-0000-0000-0000-000000002027,6b737e45-52e2-4dd0-9e7f-56eb0114323e,1197ce03-96ae-4670-9ef3-28468625cf46,21f51f84-c1dd-4478-8fb0-1c10b08829a9,TRUE,2026-04-08 19:12:39
fc000000-0000-0000-0000-000000002028,25fc91f9-cfb1-47a1-ac15-b82f1236da42,8dcc57a0-79ac-45dd-9db0-efb3d1fd5299,e8840113-28f3-4d0b-8d73-9f513c624c2a,TRUE,2026-04-08 19:12:39
fc000000-0000-0000-0000-000000002029,0e0ff1c9-0dd0-4843-8bce-9afaf07fd96a,ca02fc79-4b0f-46d9-a2ae-ba767deaa976,10ca6b78-3b78-45e0-b611-61d3891033aa,TRUE,2026-04-08 19:12:39
fc000000-0000-0000-0000-000000002030,8c2df6ca-2071-4644-a545-48b6d710fc49,8fc98f56-9662-45f7-8bd6-86a56e2142d1,,TRUE,2026-04-08 19:12:39
fc000000-0000-0000-0000-000000002031,49867397-ae1c-49b6-bae0-95da49b42d9d,197fcbc8-7a73-40b5-802f-fa829cd49329,ba4abcf4-736f-4506-ae63-aad198da3468,TRUE,2026-04-08 19:12:39
fc000000-0000-0000-0000-000000002032,e9550d65-cd80-41cf-9a02-e6cd98776bc7,93813225-2cbe-4d50-8943-423d4338776a,23857ab3-ff9c-485c-acea-a192c6d504c9,TRUE,2026-04-08 19:12:39
fc000000-0000-0000-0000-000000002033,85d039f0-5e4b-4ea7-aded-29921b103cc8,1197ce03-96ae-4670-9ef3-28468625cf46,21f51f84-c1dd-4478-8fb0-1c10b08829a9,TRUE,2026-04-08 19:12:39
fc000000-0000-0000-0000-000000002034,3c60fe5a-b137-43d5-9d41-6100f5433db6,138bec94-c996-4510-895c-6c0af0f6a6fc,aa2ac8a6-12e0-4e15-8fc6-3ce47a710a51,TRUE,2026-04-08 19:12:39
fc000000-0000-0000-0000-000000002035,be3ef8b3-7477-4e3c-b42a-e69e3a5188a6,a4607b32-1492-4625-b7e1-ce88eb426112,2e2c0fd2-f457-4bbf-89a4-6e958905ace1,TRUE,2026-04-08 19:12:39
fc000000-0000-0000-0000-000000002036,062f90b1-f5a1-4d84-9f2f-33f2d344574c,138bec94-c996-4510-895c-6c0af0f6a6fc,aa2ac8a6-12e0-4e15-8fc6-3ce47a710a51,TRUE,2026-04-08 19:12:39
fc000000-0000-0000-0000-000000002037,180aa5c3-e206-40c1-be84-03a13f44d95b,138bec94-c996-4510-895c-6c0af0f6a6fc,aa2ac8a6-12e0-4e15-8fc6-3ce47a710a51,TRUE,2026-04-08 19:12:39
fc000000-0000-0000-0000-000000002038,48bc8bb2-20e9-40e0-89fd-34b5de22d937,470809ae-c5f3-4ba1-9522-fd0972619f7f,c82335ca-73c8-44fb-8e7c-4f7d4965d472,TRUE,2026-04-08 19:12:39
fc000000-0000-0000-0000-000000002039,e92af47d-fb48-4b0b-bc24-4c41f0ea5a7f,197fcbc8-7a73-40b5-802f-fa829cd49329,7aca039e-d723-43a5-b97d-b54b07fc5373,TRUE,2026-04-08 19:12:39
fc000000-0000-0000-0000-000000002040,27c7ed09-146d-47e7-83b6-6618ef1ad0aa,7c844539-83eb-4880-b86c-dd05973f0e0a,01142f8e-82d9-40f3-af4c-6d9b20a078a5,TRUE,2026-04-08 19:12:39
fc000000-0000-0000-0000-000000002041,97bb530c-ca1c-4f01-854a-3a82f077917a,5f5560cf-c169-4781-8204-fb75ac3408c8,49720e2e-bd94-4072-8816-4b2dc97902ed,TRUE,2026-04-08 19:12:39
fc000000-0000-0000-0000-000000002042,634fdb8d-2a3b-406c-8823-d84ccef65eab,4cae38a8-4a2b-4f9f-8e47-c51a8fdab4d6,d1d4d95c-2df5-4126-8033-d0a652c4d8b3,TRUE,2026-04-08 19:12:39
fc000000-0000-0000-0000-000000002043,a491a643-96c4-49ec-8886-bf2ee9d6e088,197fcbc8-7a73-40b5-802f-fa829cd49329,7aca039e-d723-43a5-b97d-b54b07fc5373,TRUE,2026-04-08 19:12:39
fc000000-0000-0000-0000-000000002044,d59920ab-b027-4924-9984-bd2894a5237e,7c844539-83eb-4880-b86c-dd05973f0e0a,01142f8e-82d9-40f3-af4c-6d9b20a078a5,TRUE,2026-04-08 19:12:39
fc000000-0000-0000-0000-000000002045,80471736-106b-4fec-9948-e968afac20dd,d859a9f6-ce5f-4e3f-8c72-f7e2030f93ce,b804f2f5-20a0-4930-a261-6a4967c1c256,TRUE,2026-04-08 19:12:39
fc000000-0000-0000-0000-000000002046,637e8f2e-460a-42bb-8465-83491060986d,a3ae9791-1572-4564-a7b7-b17e5824951c,7a4a6e5a-117c-41ef-84d0-e7d0e4319a59,TRUE,2026-04-08 19:12:39
fc000000-0000-0000-0000-000000002047,5c977663-db4a-4889-8284-b455879bdc94,4081baaa-071b-45f4-a25d-ac5121bfccc7,2c0cf7ad-c480-4428-84c9-37060a9a0a37,TRUE,2026-04-08 19:12:39
fc000000-0000-0000-0000-000000002048,9265b2e7-d2c2-4488-bac2-7209238e6038,138bec94-c996-4510-895c-6c0af0f6a6fc,aa2ac8a6-12e0-4e15-8fc6-3ce47a710a51,TRUE,2026-04-08 19:12:39
fc000000-0000-0000-0000-000000002049,100cb07d-4948-4342-9db2-70fafa842d09,470809ae-c5f3-4ba1-9522-fd0972619f7f,0f1d8c04-97b9-4843-9872-3e78a0272e57,TRUE,2026-04-08 19:12:39
fc000000-0000-0000-0000-000000002050,2c1dd040-c9e2-4bb5-8201-abaa85afec41,1197ce03-96ae-4670-9ef3-28468625cf46,21f51f84-c1dd-4478-8fb0-1c10b08829a9,TRUE,2026-04-08 19:12:39
fc000000-0000-0000-0000-000000002051,bd9961a8-1b2c-48a1-9e7c-1093d694f730,5f917eec-d4dc-40cb-94dd-b3272db3f858,ad3bee99-7863-4b55-aa09-b9754b160c47,TRUE,2026-04-08 19:12:39
fc000000-0000-0000-0000-000000002052,769579e7-f665-48e1-830f-8becf554c2d9,1197ce03-96ae-4670-9ef3-28468625cf46,21f51f84-c1dd-4478-8fb0-1c10b08829a9,TRUE,2026-04-08 19:12:39
fc000000-0000-0000-0000-000000002053,1c93d068-6d64-47c9-ada2-355d253d9beb,7c844539-83eb-4880-b86c-dd05973f0e0a,08524641-c528-4cb4-9c11-f38b289595cf,TRUE,2026-04-08 19:12:39
fc000000-0000-0000-0000-000000002054,c3563e22-7aa3-4619-9b77-ac1615166602,4ee5e694-5d88-4a9b-ba2e-eecf653807e1,,TRUE,2026-04-08 19:12:39
fc000000-0000-0000-0000-000000002055,0d2ef685-30ca-4ca7-a98d-95eb2f24bcc4,8fc98f56-9662-45f7-8bd6-86a56e2142d1,,TRUE,2026-04-08 19:12:39
fc000000-0000-0000-0000-000000002056,238d8f8d-9556-4fab-a629-26e50c0e3542,5f5560cf-c169-4781-8204-fb75ac3408c8,07c2376a-a737-4f36-bc03-1778dd9b71ec,TRUE,2026-04-08 19:12:39
fc000000-0000-0000-0000-000000002057,baeed1be-789b-49fd-8524-9f6a62e87d27,5f5560cf-c169-4781-8204-fb75ac3408c8,07c2376a-a737-4f36-bc03-1778dd9b71ec,TRUE,2026-04-08 19:12:39
fc000000-0000-0000-0000-000000002058,e6c1c307-d417-42bc-b7c2-0cd54c18d174,5f5560cf-c169-4781-8204-fb75ac3408c8,49720e2e-bd94-4072-8816-4b2dc97902ed,TRUE,2026-04-08 19:12:39
fc000000-0000-0000-0000-000000002059,cfdaaad7-8219-4a06-bc76-f585febe4176,f0980453-c886-4dd1-8af5-7186fd83578d,9ba4b791-412e-4869-889f-bb12ea9cf9dc,TRUE,2026-04-08 19:12:39
fc000000-0000-0000-0000-000000002060,e691e67f-64a3-4d92-9061-b8fab30f6c31,77f6700e-88b8-40d8-9b61-ffefe536a5a2,adea70da-6543-4051-b37c-fdb94ebfb893,TRUE,2026-04-08 19:12:39
fc000000-0000-0000-0000-000000002061,3831a244-01f1-4b87-ab04-17d1466486f3,456e1a68-37c2-454d-948f-a46294d6ba3a,5998245d-af84-4a40-a4ca-75ab6b7272fe,TRUE,2026-04-08 19:12:39
fc000000-0000-0000-0000-000000002062,9244fbe5-f581-4787-972b-9ebcba2481ad,f0980453-c886-4dd1-8af5-7186fd83578d,9ba4b791-412e-4869-889f-bb12ea9cf9dc,TRUE,2026-04-08 19:12:39
fc000000-0000-0000-0000-000000002063,eaca0c8e-439b-4a7c-b455-c2469397111a,5f5560cf-c169-4781-8204-fb75ac3408c8,49720e2e-bd94-4072-8816-4b2dc97902ed,TRUE,2026-04-08 19:12:39
fc000000-0000-0000-0000-000000002064,e0a0da4b-61c8-49d9-9b36-6df58a58e79e,93813225-2cbe-4d50-8943-423d4338776a,4eb29058-3bc2-43c5-a3a9-066f9879db4a,TRUE,2026-04-08 19:12:39
fc000000-0000-0000-0000-000000002065,205f955b-e417-42f5-8b19-d1c738c65ccb,5f5560cf-c169-4781-8204-fb75ac3408c8,49720e2e-bd94-4072-8816-4b2dc97902ed,TRUE,2026-04-08 19:12:39
fc000000-0000-0000-0000-000000002066,3e427620-539d-4449-bf55-d731422da5e4,ecb74426-adfd-416f-90ce-ac1136940e59,,TRUE,2026-04-08 19:12:39
fc000000-0000-0000-0000-000000002067,0945c5e3-0eee-468c-b8f5-7dedcd7e4b41,d57f11d3-f03a-49bf-905e-131a223352cd,af030f0d-629b-4fc2-a83d-2a5117a4a7e3,TRUE,2026-04-08 19:12:39
fc000000-0000-0000-0000-000000002068,86acb327-0ae9-49e7-8e94-a6b5b154a01e,343841d6-b938-4b7d-8523-23d25aa1eeb5,39478e69-751f-45a6-88b2-fd08bf1e80a2,TRUE,2026-04-08 19:12:39
fc000000-0000-0000-0000-000000002069,b5460805-acb1-4a0c-b05b-2cbf2b3a5514,343841d6-b938-4b7d-8523-23d25aa1eeb5,39478e69-751f-45a6-88b2-fd08bf1e80a2,TRUE,2026-04-08 19:12:39
fc000000-0000-0000-0000-000000002070,2781d39b-146e-4448-a383-e7dc3abd7d85,93813225-2cbe-4d50-8943-423d4338776a,4eb29058-3bc2-43c5-a3a9-066f9879db4a,TRUE,2026-04-08 19:12:39
fc000000-0000-0000-0000-000000002071,e8cf9091-931f-45b4-a453-c6614bb520ab,7c844539-83eb-4880-b86c-dd05973f0e0a,b8cbc705-1090-4947-8783-70ce2ee9df2a,TRUE,2026-04-08 19:12:39
fc000000-0000-0000-0000-000000002072,ef87db92-3864-4b91-ac32-1b35657cbc23,1197ce03-96ae-4670-9ef3-28468625cf46,21f51f84-c1dd-4478-8fb0-1c10b08829a9,TRUE,2026-04-08 19:12:39
fc000000-0000-0000-0000-000000002073,c4c2d6d1-d28b-48bd-b4f3-fc3e5fa384b7,ecb74426-adfd-416f-90ce-ac1136940e59,a0f45e64-d974-4ed8-99b7-5fe52a283bc9,TRUE,2026-04-08 19:12:39
fc000000-0000-0000-0000-000000002074,bde87b16-e3b8-49f8-b641-21bf4d9b1443,ff1a36e5-3931-487f-8837-3e24af030706,91151206-fdf0-4b12-8740-df708b07dcc6,TRUE,2026-04-08 19:12:39
fc000000-0000-0000-0000-000000002075,d6460d2c-b728-4a79-ac22-3bba13d71f16,778fc1c9-c1e1-4135-b04e-4a1d9531ee28,0c38fd3a-bc70-4162-8807-7670b681947d,TRUE,2026-04-08 19:12:39
fc000000-0000-0000-0000-000000002076,0fdbdd87-d566-465d-9856-6080eb0da1a6,f0980453-c886-4dd1-8af5-7186fd83578d,,TRUE,2026-04-08 19:12:39
fc000000-0000-0000-0000-000000002077,7aaa1a5c-6b09-4d6f-8d07-e42bd22c7a84,10f25068-4e34-42ca-94b3-96f5288b82ea,3e83f541-7341-4018-ab30-8c42069de70d,TRUE,2026-04-08 19:12:39
fc000000-0000-0000-0000-000000002078,e9c235fa-f837-4f02-8538-9eb8b5f6fd83,7c844539-83eb-4880-b86c-dd05973f0e0a,b8cbc705-1090-4947-8783-70ce2ee9df2a,TRUE,2026-04-08 19:12:39
fc000000-0000-0000-0000-000000002079,4048f53a-03da-463a-b762-7e69aeb73ea5,197fcbc8-7a73-40b5-802f-fa829cd49329,7aca039e-d723-43a5-b97d-b54b07fc5373,TRUE,2026-04-08 19:12:39
fc000000-0000-0000-0000-000000002080,0457a9d3-462c-4af6-9da0-d84a2ea0c569,7c844539-83eb-4880-b86c-dd05973f0e0a,01142f8e-82d9-40f3-af4c-6d9b20a078a5,TRUE,2026-04-08 19:12:39
fc000000-0000-0000-0000-000000002081,f3882697-d971-44d8-b01d-6aecb3091737,dc3b2dd6-a7eb-4ed7-bf00-750e33978760,fbe91310-b6cd-43ea-b306-e65d2ee5eaad,TRUE,2026-04-08 19:12:39
fc000000-0000-0000-0000-000000002082,7d650dca-df8b-4219-b35f-530279f78d7b,8dcc57a0-79ac-45dd-9db0-efb3d1fd5299,f5aa12c0-a668-4178-b870-908ba1c7ac67,TRUE,2026-04-08 19:12:39
fc000000-0000-0000-0000-000000002083,75d4deae-0256-4115-82b0-e05ac6f159cd,0986f242-a7aa-4df0-bb46-d1f3e5c64cf8,6d04e84f-b2b7-467e-87cc-e8815a67f6f7,TRUE,2026-04-08 19:12:39
fc000000-0000-0000-0000-000000002084,3a115f4c-05df-4787-9557-39df180a6b6b,93813225-2cbe-4d50-8943-423d4338776a,7deb17b5-0399-4c32-913d-5f9ede6b54a4,TRUE,2026-04-08 19:12:39
fc000000-0000-0000-0000-000000002085,cf748107-b855-4aa7-aa13-7e31586fffe3,5f5560cf-c169-4781-8204-fb75ac3408c8,49720e2e-bd94-4072-8816-4b2dc97902ed,TRUE,2026-04-08 19:12:39
fc000000-0000-0000-0000-000000002086,1b84ec19-5fb9-4087-8fa7-10c161a9156f,5f5560cf-c169-4781-8204-fb75ac3408c8,49720e2e-bd94-4072-8816-4b2dc97902ed,TRUE,2026-04-08 19:12:39
fc000000-0000-0000-0000-000000002087,f3d2b489-940c-461f-a00e-f489a48ac259,7c844539-83eb-4880-b86c-dd05973f0e0a,08a2a1f3-d685-42b8-98ce-56296b83f1cf,TRUE,2026-04-08 19:12:39
fc000000-0000-0000-0000-000000002088,882c2f7d-4128-457d-b8b7-ad9355390c31,93813225-2cbe-4d50-8943-423d4338776a,4eb29058-3bc2-43c5-a3a9-066f9879db4a,TRUE,2026-04-08 19:12:39
fc000000-0000-0000-0000-000000002089,81dfb7ef-434f-49e3-b162-c860ad188091,5f5560cf-c169-4781-8204-fb75ac3408c8,fe5eb9eb-00b1-4d78-8a29-71597abc06c2,TRUE,2026-04-08 19:12:39
fc000000-0000-0000-0000-000000002090,f0d16f3d-3dae-4f39-aac4-ff6e28ae80f8,93813225-2cbe-4d50-8943-423d4338776a,4eb29058-3bc2-43c5-a3a9-066f9879db4a,TRUE,2026-04-08 19:12:39
fc000000-0000-0000-0000-000000002091,e26e1006-9bc7-471b-a941-441ece2c386b,77f6700e-88b8-40d8-9b61-ffefe536a5a2,27217365-aff2-447c-9c82-173f36a5173b,TRUE,2026-04-08 19:12:39
fc000000-0000-0000-0000-000000002092,770806fc-1d33-4fcc-8c58-6cfaaedfffb8,197fcbc8-7a73-40b5-802f-fa829cd49329,7aca039e-d723-43a5-b97d-b54b07fc5373,TRUE,2026-04-08 19:12:39
fc000000-0000-0000-0000-000000002093,318ff1b7-7cd8-4841-95c1-1261d6cba0cd,5dbe61d1-daa6-4f30-acba-d9094a3f9de3,0b36f32b-64d1-4f8e-be00-e757fe1ffb9d,TRUE,2026-04-08 19:12:39
fc000000-0000-0000-0000-000000002094,fceddc00-fab6-4ab5-b4d1-e59c873544a5,93813225-2cbe-4d50-8943-423d4338776a,4eb29058-3bc2-43c5-a3a9-066f9879db4a,TRUE,2026-04-08 19:12:39
fc000000-0000-0000-0000-000000002095,e5cf947e-3aaa-4c11-a4ec-dcde9719f36a,7c844539-83eb-4880-b86c-dd05973f0e0a,2f1177ff-5f3c-4895-adfe-14ea626a7ac4,TRUE,2026-04-08 19:12:39
fc000000-0000-0000-0000-000000002096,69bf4348-7dc1-434e-97ff-91b04a3813dc,1197ce03-96ae-4670-9ef3-28468625cf46,21f51f84-c1dd-4478-8fb0-1c10b08829a9,TRUE,2026-04-08 19:12:39
fc000000-0000-0000-0000-000000002097,51220a45-6fab-4486-a58a-0e9fb94920b1,5f5560cf-c169-4781-8204-fb75ac3408c8,07c2376a-a737-4f36-bc03-1778dd9b71ec,TRUE,2026-04-08 19:12:39
fc000000-0000-0000-0000-000000002098,3db31307-0a09-4017-99e4-77078b24977f,5f917eec-d4dc-40cb-94dd-b3272db3f858,5aea2c49-62ea-4875-a90a-440920bd2e60,TRUE,2026-04-08 19:12:39
fc000000-0000-0000-0000-000000002099,a7eba6dd-da86-4c11-8fb0-7777f6bbe9b3,ff1a36e5-3931-487f-8837-3e24af030706,91151206-fdf0-4b12-8740-df708b07dcc6,TRUE,2026-04-08 19:12:39
fc000000-0000-0000-0000-000000002100,e692ab0e-c042-4bba-8f6f-f1f8818e9524,dc3b2dd6-a7eb-4ed7-bf00-750e33978760,fbe91310-b6cd-43ea-b306-e65d2ee5eaad,TRUE,2026-04-08 19:12:39
fc000000-0000-0000-0000-000000002101,f666be8b-6d4d-4238-b91b-c8427cced688,d57f11d3-f03a-49bf-905e-131a223352cd,af030f0d-629b-4fc2-a83d-2a5117a4a7e3,TRUE,2026-04-08 19:12:39
fc000000-0000-0000-0000-000000002102,406220bf-ebb8-4585-8c20-816004c83a2a,3fab3044-def1-4fff-a598-bac8d76da990,,TRUE,2026-04-08 19:12:39
fc000000-0000-0000-0000-000000002103,9be962ca-435f-409c-8405-7c258a5e4540,1197ce03-96ae-4670-9ef3-28468625cf46,21f51f84-c1dd-4478-8fb0-1c10b08829a9,TRUE,2026-04-08 19:12:39
fc000000-0000-0000-0000-000000002104,d729e1da-3192-4c63-b002-295d95108206,5dbe61d1-daa6-4f30-acba-d9094a3f9de3,fb96033c-bccd-44c5-a89d-8cdbdc7d822d,TRUE,2026-04-08 19:12:39
fc000000-0000-0000-0000-000000002105,ef796d0e-41d1-49a9-b18c-e3bb33c828c7,77f6700e-88b8-40d8-9b61-ffefe536a5a2,adea70da-6543-4051-b37c-fdb94ebfb893,TRUE,2026-04-08 19:12:39
fc000000-0000-0000-0000-000000002106,9046587f-af6b-4754-a11b-0de9a917a5da,0986f242-a7aa-4df0-bb46-d1f3e5c64cf8,6d04e84f-b2b7-467e-87cc-e8815a67f6f7,TRUE,2026-04-08 19:12:39
fc000000-0000-0000-0000-000000002107,053d455f-f348-47a7-abb5-1f0aa90800db,10f25068-4e34-42ca-94b3-96f5288b82ea,,TRUE,2026-04-08 19:12:39
fc000000-0000-0000-0000-000000002108,340660f7-d55a-4a46-b7aa-cc571a54ee8b,10f25068-4e34-42ca-94b3-96f5288b82ea,3e83f541-7341-4018-ab30-8c42069de70d,TRUE,2026-04-08 19:12:39
fc000000-0000-0000-0000-000000002109,b8bab8c8-4073-4c8a-ae59-88aeb7f38034,e5fcf8a7-cb34-4278-8082-a63b9d1856a9,eb979557-17dd-4e57-90ac-1854eece7765,TRUE,2026-04-08 19:12:39
fc000000-0000-0000-0000-000000002110,621a3355-74b1-43be-acbe-da7478db825e,4cae38a8-4a2b-4f9f-8e47-c51a8fdab4d6,d1d4d95c-2df5-4126-8033-d0a652c4d8b3,TRUE,2026-04-08 19:12:39
fc000000-0000-0000-0000-000000002111,3dc42170-96e0-4a96-a099-1ef7494cf6e1,7c844539-83eb-4880-b86c-dd05973f0e0a,b8cbc705-1090-4947-8783-70ce2ee9df2a,TRUE,2026-04-08 19:12:39
fc000000-0000-0000-0000-000000002112,dbf804db-4b49-4aa5-ad9f-2434275ebe70,5f5560cf-c169-4781-8204-fb75ac3408c8,49720e2e-bd94-4072-8816-4b2dc97902ed,TRUE,2026-04-08 19:12:39
fc000000-0000-0000-0000-000000002113,7792e759-bf79-4fff-98e4-b69f4bd1d892,ff1a36e5-3931-487f-8837-3e24af030706,91151206-fdf0-4b12-8740-df708b07dcc6,TRUE,2026-04-08 19:12:39
fc000000-0000-0000-0000-000000002114,fb1728a5-2463-480f-a478-c9f5246ebf78,5f5560cf-c169-4781-8204-fb75ac3408c8,49720e2e-bd94-4072-8816-4b2dc97902ed,TRUE,2026-04-08 19:12:39
fc000000-0000-0000-0000-000000002115,312eb8b0-0c26-42b5-bc97-65bd2f9edb56,93813225-2cbe-4d50-8943-423d4338776a,4eb29058-3bc2-43c5-a3a9-066f9879db4a,TRUE,2026-04-08 19:12:39
fc000000-0000-0000-0000-000000002116,35d98fcf-d37e-4986-adb1-5ea6f4d648e1,10f25068-4e34-42ca-94b3-96f5288b82ea,,TRUE,2026-04-08 19:12:39
fc000000-0000-0000-0000-000000002117,ba7fc149-0aeb-4ee5-ba77-0d3ce433ac6f,10f25068-4e34-42ca-94b3-96f5288b82ea,,TRUE,2026-04-08 19:12:39
fc000000-0000-0000-0000-000000002118,845f854d-486a-407b-abdc-9eee1a9d5e0b,5f5560cf-c169-4781-8204-fb75ac3408c8,49720e2e-bd94-4072-8816-4b2dc97902ed,TRUE,2026-04-08 19:12:39
fc000000-0000-0000-0000-000000002119,6be8a4f6-2ba9-4206-bd3a-41621bd3faf2,ecb74426-adfd-416f-90ce-ac1136940e59,5cf414a9-7d0b-4cbc-82e9-54a3dd0b9e26,TRUE,2026-04-08 19:12:39
fc000000-0000-0000-0000-000000002120,b9f325f7-a411-4a9b-815f-2a1114f121e8,d57f11d3-f03a-49bf-905e-131a223352cd,af030f0d-629b-4fc2-a83d-2a5117a4a7e3,TRUE,2026-04-08 19:12:39
fc000000-0000-0000-0000-000000002121,f972c1fa-df77-4dfa-a12f-852db41b151b,9a6acaba-6896-4d0f-b27a-d71a8be4e523,,TRUE,2026-04-08 19:12:39
fc000000-0000-0000-0000-000000002122,a50c051e-00d4-40d5-80fc-acafad618301,7c844539-83eb-4880-b86c-dd05973f0e0a,01142f8e-82d9-40f3-af4c-6d9b20a078a5,TRUE,2026-04-08 19:12:39
fc000000-0000-0000-0000-000000002123,f35f9205-3445-46fc-93a7-70754bbb831e,456e1a68-37c2-454d-948f-a46294d6ba3a,44bbc135-209b-401b-bea5-384bd663155b,TRUE,2026-04-08 19:12:39
fc000000-0000-0000-0000-000000002124,b6928231-2f7d-4312-a104-6c4f4072639b,456e1a68-37c2-454d-948f-a46294d6ba3a,5998245d-af84-4a40-a4ca-75ab6b7272fe,TRUE,2026-04-08 19:12:39
fc000000-0000-0000-0000-000000002125,068db058-9b57-4f92-a6e8-3b8040ff294d,4cae38a8-4a2b-4f9f-8e47-c51a8fdab4d6,5890126b-c352-4df7-8341-1ac685154844,TRUE,2026-04-08 19:12:39
fc000000-0000-0000-0000-000000002126,ba807709-b813-4de7-b718-ab7b0632caa0,138bec94-c996-4510-895c-6c0af0f6a6fc,aa2ac8a6-12e0-4e15-8fc6-3ce47a710a51,TRUE,2026-04-08 19:12:39
fc000000-0000-0000-0000-000000002127,b89c4430-fb8d-4b2a-8682-bcb3995c63b3,5f5560cf-c169-4781-8204-fb75ac3408c8,07c2376a-a737-4f36-bc03-1778dd9b71ec,TRUE,2026-04-08 19:12:39
fc000000-0000-0000-0000-000000002128,5dddf3b9-e2f4-4ac9-9ba3-7d9876518fd1,456e1a68-37c2-454d-948f-a46294d6ba3a,4851e333-befa-4ba3-8d43-216661d97bec,TRUE,2026-04-08 19:12:39
fc000000-0000-0000-0000-000000002129,077d3a73-f642-4552-a99c-0f7ea7527d91,197fcbc8-7a73-40b5-802f-fa829cd49329,7aca039e-d723-43a5-b97d-b54b07fc5373,TRUE,2026-04-08 19:12:39
fc000000-0000-0000-0000-000000002130,8a1ff7c2-68de-46c0-95af-2d35883eb196,ecb74426-adfd-416f-90ce-ac1136940e59,,TRUE,2026-04-08 19:12:39
fc000000-0000-0000-0000-000000002131,160623fb-ddfa-4509-ac87-d68e8fbedb69,7c844539-83eb-4880-b86c-dd05973f0e0a,01142f8e-82d9-40f3-af4c-6d9b20a078a5,TRUE,2026-04-08 19:12:39
fc000000-0000-0000-0000-000000002132,f40db21d-f1e2-4e76-a492-7e39faa748b0,1197ce03-96ae-4670-9ef3-28468625cf46,21f51f84-c1dd-4478-8fb0-1c10b08829a9,TRUE,2026-04-08 19:12:39
fc000000-0000-0000-0000-000000002133,700738d3-0a9e-4552-aa3d-7bccf57d3cee,56c873fb-d05a-475b-9c58-8e43efcba0b2,,TRUE,2026-04-08 19:12:39
fc000000-0000-0000-0000-000000002134,44ddf9cd-a3f4-471e-b998-a16a0c6c68fe,93813225-2cbe-4d50-8943-423d4338776a,4eb29058-3bc2-43c5-a3a9-066f9879db4a,TRUE,2026-04-08 19:12:39
fc000000-0000-0000-0000-000000002135,fe014b94-3e36-4d7a-b8dc-40a9609646b7,ecb74426-adfd-416f-90ce-ac1136940e59,a0f45e64-d974-4ed8-99b7-5fe52a283bc9,TRUE,2026-04-08 19:12:39
fc000000-0000-0000-0000-000000002136,042a2855-069f-468e-a8fe-9fa9da0a2fbe,7c844539-83eb-4880-b86c-dd05973f0e0a,b8cbc705-1090-4947-8783-70ce2ee9df2a,TRUE,2026-04-08 19:12:39
fc000000-0000-0000-0000-000000002137,acc8868a-11f0-436d-8fb3-be31dd039824,456e1a68-37c2-454d-948f-a46294d6ba3a,5998245d-af84-4a40-a4ca-75ab6b7272fe,TRUE,2026-04-08 19:12:39
fc000000-0000-0000-0000-000000002138,b05d00c5-b8cc-40a6-af42-7aea157e6900,1197ce03-96ae-4670-9ef3-28468625cf46,21f51f84-c1dd-4478-8fb0-1c10b08829a9,TRUE,2026-04-08 19:12:39
fc000000-0000-0000-0000-000000002139,e0876123-c161-41f6-8884-58faf275c69f,197fcbc8-7a73-40b5-802f-fa829cd49329,7aca039e-d723-43a5-b97d-b54b07fc5373,TRUE,2026-04-08 19:12:39
fc000000-0000-0000-0000-000000002140,9ec8ca99-4c65-40cc-9c95-a2bbe3ced478,93813225-2cbe-4d50-8943-423d4338776a,51a4f126-da75-4875-b6eb-7ab5622b6099,TRUE,2026-04-08 19:12:39
fc000000-0000-0000-0000-000000002141,1b8e6d6d-113f-4e77-957f-01e3bd52578f,456e1a68-37c2-454d-948f-a46294d6ba3a,91e5a9cf-e300-45c3-bd78-5a4d13bb8955,TRUE,2026-04-08 19:12:39
fc000000-0000-0000-0000-000000002142,9e086037-cefe-425f-a357-1d6690f12dea,77f6700e-88b8-40d8-9b61-ffefe536a5a2,27217365-aff2-447c-9c82-173f36a5173b,TRUE,2026-04-08 19:12:39
fc000000-0000-0000-0000-000000002143,b63fae1a-caa4-4f9a-9604-52d7cff8c9bd,1197ce03-96ae-4670-9ef3-28468625cf46,21f51f84-c1dd-4478-8fb0-1c10b08829a9,TRUE,2026-04-08 19:12:39
fc000000-0000-0000-0000-000000002144,f4cec09d-2547-49fa-ba46-b389675c429d,7c844539-83eb-4880-b86c-dd05973f0e0a,b8cbc705-1090-4947-8783-70ce2ee9df2a,TRUE,2026-04-08 19:12:39
fc000000-0000-0000-0000-000000002145,ded5e446-f2c4-47aa-bd29-91730a7739bf,93813225-2cbe-4d50-8943-423d4338776a,4eb29058-3bc2-43c5-a3a9-066f9879db4a,TRUE,2026-04-08 19:12:39
fc000000-0000-0000-0000-000000002146,a6902c41-259d-4c02-890c-9d26dbf44def,4cae38a8-4a2b-4f9f-8e47-c51a8fdab4d6,d1d4d95c-2df5-4126-8033-d0a652c4d8b3,TRUE,2026-04-08 19:12:39
fc000000-0000-0000-0000-000000002147,b7d63878-614a-4693-8c99-7e3d0fbe19c0,1197ce03-96ae-4670-9ef3-28468625cf46,21f51f84-c1dd-4478-8fb0-1c10b08829a9,TRUE,2026-04-08 19:12:39
fc000000-0000-0000-0000-000000002148,3d73bf80-6457-439e-8cd4-5430ae98b975,5f917eec-d4dc-40cb-94dd-b3272db3f858,ad3bee99-7863-4b55-aa09-b9754b160c47,TRUE,2026-04-08 19:12:39
fc000000-0000-0000-0000-000000002149,5cf59a22-393b-4156-a2b7-16c15eeaa7bf,7c844539-83eb-4880-b86c-dd05973f0e0a,b8cbc705-1090-4947-8783-70ce2ee9df2a,TRUE,2026-04-08 19:12:39
fc000000-0000-0000-0000-000000002150,4bc6f019-460b-4f53-a1ee-e195d6c6d2ba,5f5560cf-c169-4781-8204-fb75ac3408c8,49720e2e-bd94-4072-8816-4b2dc97902ed,TRUE,2026-04-08 19:12:39
fc000000-0000-0000-0000-000000002151,2f924aab-43e7-45fe-93d6-2eb1c6193ab7,1197ce03-96ae-4670-9ef3-28468625cf46,21f51f84-c1dd-4478-8fb0-1c10b08829a9,TRUE,2026-04-08 19:12:39
fc000000-0000-0000-0000-000000002152,250f66f9-35dd-44b5-8f9a-c1be3e798460,5f5560cf-c169-4781-8204-fb75ac3408c8,49720e2e-bd94-4072-8816-4b2dc97902ed,TRUE,2026-04-08 19:12:39
fc000000-0000-0000-0000-000000002153,9b8f1b41-8380-4e75-9886-2b2c38aa6397,7c844539-83eb-4880-b86c-dd05973f0e0a,b8cbc705-1090-4947-8783-70ce2ee9df2a,TRUE,2026-04-08 19:12:39
fc000000-0000-0000-0000-000000002154,e9f40097-07b0-4914-9bac-82666fe10813,8fc98f56-9662-45f7-8bd6-86a56e2142d1,,TRUE,2026-04-08 19:12:39
fc000000-0000-0000-0000-000000002155,ad81ddd4-c599-4d34-bbb9-58130ba44c4e,5f5560cf-c169-4781-8204-fb75ac3408c8,07c2376a-a737-4f36-bc03-1778dd9b71ec,TRUE,2026-04-08 19:12:39
fc000000-0000-0000-0000-000000002156,7f387838-b43c-4b61-845f-b2265fb3687b,1197ce03-96ae-4670-9ef3-28468625cf46,21f51f84-c1dd-4478-8fb0-1c10b08829a9,TRUE,2026-04-08 19:12:39
fc000000-0000-0000-0000-000000002157,01a72b31-72fd-4f4b-8510-4316ff2decaf,5f5560cf-c169-4781-8204-fb75ac3408c8,07c2376a-a737-4f36-bc03-1778dd9b71ec,TRUE,2026-04-08 19:12:39
fc000000-0000-0000-0000-000000002158,7ac0098a-aefc-448d-be62-36d3714e9fa7,5f5560cf-c169-4781-8204-fb75ac3408c8,07c2376a-a737-4f36-bc03-1778dd9b71ec,TRUE,2026-04-08 19:12:39
fc000000-0000-0000-0000-000000002159,18a3d7a8-0ded-414d-8ab5-bed4626a4bd1,a3ae9791-1572-4564-a7b7-b17e5824951c,55bd2d50-ae98-42be-852d-d2eccaff0b46,TRUE,2026-04-08 19:12:39
fc000000-0000-0000-0000-000000002160,e1f6f025-556d-4820-82dc-063bf63e0121,5f5560cf-c169-4781-8204-fb75ac3408c8,49720e2e-bd94-4072-8816-4b2dc97902ed,TRUE,2026-04-08 19:12:39
fc000000-0000-0000-0000-000000002161,6e99e9de-a3e8-4b5b-b490-5eca725bb890,5f917eec-d4dc-40cb-94dd-b3272db3f858,2489267c-9b73-4948-a360-81d6ae8f9a8e,TRUE,2026-04-08 19:12:39
fc000000-0000-0000-0000-000000002162,a326f9a4-1e09-4af4-88d1-8e437ecc4ab0,93813225-2cbe-4d50-8943-423d4338776a,23857ab3-ff9c-485c-acea-a192c6d504c9,TRUE,2026-04-08 19:12:39
fc000000-0000-0000-0000-000000002163,36e2d828-121e-420a-8965-b03adc307e7c,456e1a68-37c2-454d-948f-a46294d6ba3a,44bbc135-209b-401b-bea5-384bd663155b,TRUE,2026-04-08 19:12:39
fc000000-0000-0000-0000-000000002164,6b0c4895-46c1-4338-a308-67d457cd2c27,ecb74426-adfd-416f-90ce-ac1136940e59,a0f45e64-d974-4ed8-99b7-5fe52a283bc9,TRUE,2026-04-08 19:12:39
fc000000-0000-0000-0000-000000002165,77eb3c30-4f86-455d-953c-556e71e3b5e6,456e1a68-37c2-454d-948f-a46294d6ba3a,4851e333-befa-4ba3-8d43-216661d97bec,TRUE,2026-04-08 19:12:39
fc000000-0000-0000-0000-000000002166,9baa2265-151c-4a03-bd67-c354c2955958,7c844539-83eb-4880-b86c-dd05973f0e0a,08524641-c528-4cb4-9c11-f38b289595cf,TRUE,2026-04-08 19:12:39
fc000000-0000-0000-0000-000000002167,25edcefb-3ec6-4291-8de2-802223ddb0df,197fcbc8-7a73-40b5-802f-fa829cd49329,ba4abcf4-736f-4506-ae63-aad198da3468,TRUE,2026-04-08 19:12:39
fc000000-0000-0000-0000-000000002168,e6ae8cfd-5609-405d-84d0-eb2cd7dfb602,4ee5e694-5d88-4a9b-ba2e-eecf653807e1,,TRUE,2026-04-08 19:12:39
fc000000-0000-0000-0000-000000002169,da08f848-e342-4296-9b01-88e9fd6f60c8,7c844539-83eb-4880-b86c-dd05973f0e0a,b8cbc705-1090-4947-8783-70ce2ee9df2a,TRUE,2026-04-08 19:12:39
fc000000-0000-0000-0000-000000002170,24c57300-df31-4c78-866b-92fd3d34cc89,5f5560cf-c169-4781-8204-fb75ac3408c8,49720e2e-bd94-4072-8816-4b2dc97902ed,TRUE,2026-04-08 19:12:39
fc000000-0000-0000-0000-000000002171,06641609-8d1f-4941-b037-5ed26c8445ef,93813225-2cbe-4d50-8943-423d4338776a,4eb29058-3bc2-43c5-a3a9-066f9879db4a,TRUE,2026-04-08 19:12:39
fc000000-0000-0000-0000-000000002172,56e2a6fd-0ffd-4bc1-8215-017d0f6552e2,5f5560cf-c169-4781-8204-fb75ac3408c8,49720e2e-bd94-4072-8816-4b2dc97902ed,TRUE,2026-04-08 19:12:39
fc000000-0000-0000-0000-000000002173,189df847-5c96-474b-95a6-157306476b4d,5f5560cf-c169-4781-8204-fb75ac3408c8,49720e2e-bd94-4072-8816-4b2dc97902ed,TRUE,2026-04-08 19:12:39
fc000000-0000-0000-0000-000000002174,b0e1c1b0-2b80-496a-a4e9-887f327e006d,b28bcd2f-98c3-4e0e-bbae-d05d48bf82e9,,TRUE,2026-04-08 19:12:39
fc000000-0000-0000-0000-000000002175,32047847-ba3f-491e-88c4-c991c5daacdc,456e1a68-37c2-454d-948f-a46294d6ba3a,4851e333-befa-4ba3-8d43-216661d97bec,TRUE,2026-04-08 19:12:39
fc000000-0000-0000-0000-000000002176,2e674620-124c-48a6-8ed4-66ce3d32f744,5dbe61d1-daa6-4f30-acba-d9094a3f9de3,0b36f32b-64d1-4f8e-be00-e757fe1ffb9d,TRUE,2026-04-08 19:12:39
fc000000-0000-0000-0000-000000002177,b1ef131b-bcab-476d-970c-a59289f935ef,10f25068-4e34-42ca-94b3-96f5288b82ea,e6557dc4-26ce-465e-9ae9-3cc02c70fbc1,TRUE,2026-04-08 19:12:39
fc000000-0000-0000-0000-000000002178,b90e3faf-77d4-441d-88a2-67a9f4a9d03a,7c844539-83eb-4880-b86c-dd05973f0e0a,b8cbc705-1090-4947-8783-70ce2ee9df2a,TRUE,2026-04-08 19:12:39
fc000000-0000-0000-0000-000000002179,66324a4a-68b1-4a0c-9f9e-0268a53f724a,5f5560cf-c169-4781-8204-fb75ac3408c8,49720e2e-bd94-4072-8816-4b2dc97902ed,TRUE,2026-04-08 19:12:39
fc000000-0000-0000-0000-000000002180,838261cd-1151-4d22-b47f-917c600c6a9f,7c844539-83eb-4880-b86c-dd05973f0e0a,b8cbc705-1090-4947-8783-70ce2ee9df2a,TRUE,2026-04-08 19:12:39
fc000000-0000-0000-0000-000000002181,7cd5a7a0-a2b8-4ac4-a744-d726c09bb2f2,8d009eb0-2234-4ba9-9768-f922672929f0,12328925-dd54-469f-bb65-f8d66ee8c7f5,TRUE,2026-04-08 19:12:39
fc000000-0000-0000-0000-000000002182,9f92ca7d-3106-4cd3-af1b-83475cc000f4,d859a9f6-ce5f-4e3f-8c72-f7e2030f93ce,63626deb-8fc4-4aec-b953-9613fc3e83f6,TRUE,2026-04-08 19:12:39
fc000000-0000-0000-0000-000000002183,924a000c-fe70-41bd-87c2-52b88cdd93bc,5f5560cf-c169-4781-8204-fb75ac3408c8,07c2376a-a737-4f36-bc03-1778dd9b71ec,TRUE,2026-04-08 19:12:39
fc000000-0000-0000-0000-000000002184,c7ec582c-9725-4ecd-8978-9753f2481d69,ff1a36e5-3931-487f-8837-3e24af030706,91151206-fdf0-4b12-8740-df708b07dcc6,TRUE,2026-04-08 19:12:39
fc000000-0000-0000-0000-000000002185,b9384c60-a7ef-436b-acb6-8bd3838bc60e,5f5560cf-c169-4781-8204-fb75ac3408c8,49720e2e-bd94-4072-8816-4b2dc97902ed,TRUE,2026-04-08 19:12:39
fc000000-0000-0000-0000-000000002186,3ba35f12-ac66-4960-8ce6-88fbba3534a7,5f5560cf-c169-4781-8204-fb75ac3408c8,07c2376a-a737-4f36-bc03-1778dd9b71ec,TRUE,2026-04-08 19:12:39
fc000000-0000-0000-0000-000000002187,e6624378-4692-46ec-9109-73be35ac872d,93813225-2cbe-4d50-8943-423d4338776a,7deb17b5-0399-4c32-913d-5f9ede6b54a4,TRUE,2026-04-08 19:12:39
fc000000-0000-0000-0000-000000002188,4d85b217-18e1-4a50-8056-bfb8e07658da,1197ce03-96ae-4670-9ef3-28468625cf46,588c2671-a440-4b94-9990-50c7b7ef6afb,TRUE,2026-04-08 19:12:39
fc000000-0000-0000-0000-000000002189,3e0192de-3758-492d-a303-21e94554e8b2,5f5560cf-c169-4781-8204-fb75ac3408c8,07c2376a-a737-4f36-bc03-1778dd9b71ec,TRUE,2026-04-08 19:12:39
fc000000-0000-0000-0000-000000002190,2a08f1d2-7cf6-4828-8e4c-c87e4a7f5065,5f5560cf-c169-4781-8204-fb75ac3408c8,07c2376a-a737-4f36-bc03-1778dd9b71ec,TRUE,2026-04-08 19:12:39
fc000000-0000-0000-0000-000000002191,2fb23263-7912-4e25-95fa-6e731e792183,5f5560cf-c169-4781-8204-fb75ac3408c8,49720e2e-bd94-4072-8816-4b2dc97902ed,TRUE,2026-04-08 19:12:39
fc000000-0000-0000-0000-000000002192,78f92764-be1d-4eec-8a7d-eaa8fb4e1733,197fcbc8-7a73-40b5-802f-fa829cd49329,7aca039e-d723-43a5-b97d-b54b07fc5373,TRUE,2026-04-08 19:12:39
fc000000-0000-0000-0000-000000002193,e563a68e-5a9d-47da-887f-986daf7d8d20,7c844539-83eb-4880-b86c-dd05973f0e0a,b8cbc705-1090-4947-8783-70ce2ee9df2a,TRUE,2026-04-08 19:12:39
fc000000-0000-0000-0000-000000002194,d0fdb033-801b-4ae2-8097-10c1021aff96,7c844539-83eb-4880-b86c-dd05973f0e0a,b8cbc705-1090-4947-8783-70ce2ee9df2a,TRUE,2026-04-08 19:12:39
fc000000-0000-0000-0000-000000002195,1b8c3826-ce49-4807-b967-b7ca4e81f2e0,b28bcd2f-98c3-4e0e-bbae-d05d48bf82e9,,TRUE,2026-04-08 19:12:39
fc000000-0000-0000-0000-000000002196,58edfc0a-63e1-411c-bac0-7f157fb165da,456e1a68-37c2-454d-948f-a46294d6ba3a,4851e333-befa-4ba3-8d43-216661d97bec,TRUE,2026-04-08 19:12:39
fc000000-0000-0000-0000-000000002197,10c97c82-1b55-4e96-b72b-a6a6c0478864,ff1a36e5-3931-487f-8837-3e24af030706,91151206-fdf0-4b12-8740-df708b07dcc6,TRUE,2026-04-08 19:12:39
fc000000-0000-0000-0000-000000002198,a70a8b5b-6da2-49ad-87c6-08dd6fa5b76f,ca02fc79-4b0f-46d9-a2ae-ba767deaa976,b6094e38-bc3f-414c-886b-c64d56c8a535,TRUE,2026-04-08 19:12:39
fc000000-0000-0000-0000-000000002199,409eb261-d477-4627-a2ef-0aaa69ea5f4c,b28bcd2f-98c3-4e0e-bbae-d05d48bf82e9,,TRUE,2026-04-08 19:12:39
fc000000-0000-0000-0000-000000002200,82f8495d-2b15-4fb0-ba3d-481bb33eef2c,f5e5d6a5-6dd0-4af7-acde-327f620fd476,,TRUE,2026-04-08 19:12:39
fc000000-0000-0000-0000-000000002201,5e26a2f7-46e4-45ee-b74a-99adc60cf62f,5f5560cf-c169-4781-8204-fb75ac3408c8,49720e2e-bd94-4072-8816-4b2dc97902ed,TRUE,2026-04-08 19:12:39
fc000000-0000-0000-0000-000000002202,dc4fded0-7ced-4568-809c-0e9b214ea771,d3eb7bae-2fff-4325-b5fc-0d1ef63ce523,b1f1a003-1111-4a1b-aaaa-111111111113,TRUE,2026-04-08 19:12:39
fc000000-0000-0000-0000-000000002203,281d6596-487c-40cb-b1e6-7b75817e2dd6,7c844539-83eb-4880-b86c-dd05973f0e0a,b8cbc705-1090-4947-8783-70ce2ee9df2a,TRUE,2026-04-08 19:12:39
fc000000-0000-0000-0000-000000002204,5a81ef5b-bbf7-4f82-82c5-f4afe94adfd9,778fc1c9-c1e1-4135-b04e-4a1d9531ee28,d946fd8d-5b44-40e3-8952-20ac1ea94f5e,TRUE,2026-04-08 19:12:39
fc000000-0000-0000-0000-000000002205,f1b3d902-3616-4702-855e-d9b961c10cab,5f5560cf-c169-4781-8204-fb75ac3408c8,07c2376a-a737-4f36-bc03-1778dd9b71ec,TRUE,2026-04-08 19:12:39
fc000000-0000-0000-0000-000000002206,8df69cdd-2574-4f8d-a786-e16d9612e34d,8fc98f56-9662-45f7-8bd6-86a56e2142d1,,TRUE,2026-04-08 19:12:39
fc000000-0000-0000-0000-000000002207,1ec1c717-a08f-4a2c-9c1d-4258c80a42eb,b28bcd2f-98c3-4e0e-bbae-d05d48bf82e9,,TRUE,2026-04-08 19:12:39
fc000000-0000-0000-0000-000000002208,4bcfa857-b242-41a7-a67f-38879772b395,e5fcf8a7-cb34-4278-8082-a63b9d1856a9,eb979557-17dd-4e57-90ac-1854eece7765,TRUE,2026-04-08 19:12:39
fc000000-0000-0000-0000-000000002209,d45394e6-ef00-4927-a611-db808e09f64a,1197ce03-96ae-4670-9ef3-28468625cf46,21f51f84-c1dd-4478-8fb0-1c10b08829a9,TRUE,2026-04-08 19:12:39
fc000000-0000-0000-0000-000000002210,d606ac04-95ec-469a-8fce-1bc8aa070951,456e1a68-37c2-454d-948f-a46294d6ba3a,44bbc135-209b-401b-bea5-384bd663155b,TRUE,2026-04-08 19:12:39
fc000000-0000-0000-0000-000000002211,f536a6f7-a39a-426d-8e0e-10a067b859b9,5f5560cf-c169-4781-8204-fb75ac3408c8,49720e2e-bd94-4072-8816-4b2dc97902ed,TRUE,2026-04-08 19:12:39
fc000000-0000-0000-0000-000000002212,77e459d0-0690-4a80-afc6-86265f45f51e,b28bcd2f-98c3-4e0e-bbae-d05d48bf82e9,,TRUE,2026-04-08 19:12:39
fc000000-0000-0000-0000-000000002213,467feecc-efae-44fa-bd8c-f63656861b07,197fcbc8-7a73-40b5-802f-fa829cd49329,7aca039e-d723-43a5-b97d-b54b07fc5373,TRUE,2026-04-08 19:12:39
fc000000-0000-0000-0000-000000002214,892deab2-2df3-4670-934b-dab9b16c7b8b,b45b8235-8a17-48af-9a87-71873063f8f5,,TRUE,2026-04-08 19:12:39
fc000000-0000-0000-0000-000000002215,c5f1a4c2-1e09-4c96-a420-bf09f6a0c503,778fc1c9-c1e1-4135-b04e-4a1d9531ee28,d946fd8d-5b44-40e3-8952-20ac1ea94f5e,TRUE,2026-04-08 19:12:39
fc000000-0000-0000-0000-000000002216,58c158cd-4f87-4139-b1de-256940ae0308,75378ce6-f415-4cb9-a1a2-628f22004a53,,TRUE,2026-04-08 19:12:39
fc000000-0000-0000-0000-000000002217,e7db9645-fbfb-4a9b-969c-6ffc85300761,ff1a36e5-3931-487f-8837-3e24af030706,91151206-fdf0-4b12-8740-df708b07dcc6,TRUE,2026-04-08 19:12:39
fc000000-0000-0000-0000-000000002218,3d10c021-e813-4c02-923d-333adc836188,4ee5e694-5d88-4a9b-ba2e-eecf653807e1,,TRUE,2026-04-08 19:12:39
fc000000-0000-0000-0000-000000002219,97c8b98e-a26d-49c3-8a51-4ffa43077a53,4ee5e694-5d88-4a9b-ba2e-eecf653807e1,,TRUE,2026-04-08 19:12:39
fc000000-0000-0000-0000-000000002220,e0e87c08-ef81-48f2-81ea-628a50037ea6,456e1a68-37c2-454d-948f-a46294d6ba3a,4851e333-befa-4ba3-8d43-216661d97bec,TRUE,2026-04-08 19:12:39
fc000000-0000-0000-0000-000000002221,84196b02-243d-4d01-9dac-a48c3a038ae7,b28bcd2f-98c3-4e0e-bbae-d05d48bf82e9,,TRUE,2026-04-08 19:12:39
fc000000-0000-0000-0000-000000002222,444ba78a-80de-41b3-be3c-af8b7e606160,343841d6-b938-4b7d-8523-23d25aa1eeb5,03ef20c9-4602-4b3f-b405-be77706bfc0e,TRUE,2026-04-08 19:12:39
fc000000-0000-0000-0000-000000002223,61b25946-074b-45ca-9423-1818f099fb2d,5f5560cf-c169-4781-8204-fb75ac3408c8,49720e2e-bd94-4072-8816-4b2dc97902ed,TRUE,2026-04-08 19:12:39
fc000000-0000-0000-0000-000000002224,210d63e7-5247-4030-9110-6f9f51e9e505,197fcbc8-7a73-40b5-802f-fa829cd49329,7aca039e-d723-43a5-b97d-b54b07fc5373,TRUE,2026-04-08 19:12:39
fc000000-0000-0000-0000-000000002225,809da34b-95f5-4ff0-8784-5ed6625db24c,10f25068-4e34-42ca-94b3-96f5288b82ea,3e83f541-7341-4018-ab30-8c42069de70d,TRUE,2026-04-08 19:12:39
fc000000-0000-0000-0000-000000002226,9317be9f-53b5-4b12-ba41-a3df2308a4ef,8dcc57a0-79ac-45dd-9db0-efb3d1fd5299,e8840113-28f3-4d0b-8d73-9f513c624c2a,TRUE,2026-04-08 19:12:39
fc000000-0000-0000-0000-000000002227,19b0bd50-e8dc-4c7d-b4db-b18fda0ac22e,4081baaa-071b-45f4-a25d-ac5121bfccc7,7e20674c-0cfd-42f7-94dc-124313a44543,TRUE,2026-04-08 19:12:39
fc000000-0000-0000-0000-000000002228,ee845faa-8b52-4363-bc0b-30ea5ff5fbf5,5f917eec-d4dc-40cb-94dd-b3272db3f858,2489267c-9b73-4948-a360-81d6ae8f9a8e,TRUE,2026-04-08 19:12:39
fc000000-0000-0000-0000-000000002229,f3833f32-fc8d-4ee9-ac05-7a04c5c06c52,10f25068-4e34-42ca-94b3-96f5288b82ea,e6557dc4-26ce-465e-9ae9-3cc02c70fbc1,TRUE,2026-04-08 19:12:39
fc000000-0000-0000-0000-000000002230,0fa5f493-d64c-4a8e-9cab-e3d628b135ce,77f6700e-88b8-40d8-9b61-ffefe536a5a2,3d5668a3-073a-466d-bd1f-a3d0982354b6,TRUE,2026-04-08 19:12:39
fc000000-0000-0000-0000-000000002231,12e776c6-ee80-4c1a-8d30-020603c47614,ff1a36e5-3931-487f-8837-3e24af030706,9ed0cc98-a4e9-4222-8955-6d91d05cbf80,TRUE,2026-04-08 19:12:39
fc000000-0000-0000-0000-000000002232,9bf37622-e59c-4760-8635-33ac941ed453,5f917eec-d4dc-40cb-94dd-b3272db3f858,2489267c-9b73-4948-a360-81d6ae8f9a8e,TRUE,2026-04-08 19:12:39
fc000000-0000-0000-0000-000000002233,e3933e0f-40bf-4f1c-ba14-6808e2fd2af7,456e1a68-37c2-454d-948f-a46294d6ba3a,91e5a9cf-e300-45c3-bd78-5a4d13bb8955,TRUE,2026-04-08 19:12:39
fc000000-0000-0000-0000-000000002234,2f3ec754-b9c2-4421-8ea0-2cd9d55bb57c,197fcbc8-7a73-40b5-802f-fa829cd49329,7aca039e-d723-43a5-b97d-b54b07fc5373,TRUE,2026-04-08 19:12:39
fc000000-0000-0000-0000-000000002235,ed46ea93-2a25-4066-8471-7c67c67eab60,7c844539-83eb-4880-b86c-dd05973f0e0a,2f1177ff-5f3c-4895-adfe-14ea626a7ac4,TRUE,2026-04-08 19:12:39
fc000000-0000-0000-0000-000000002236,fa8a92c1-0be8-4b1c-8457-aa690123386f,5f5560cf-c169-4781-8204-fb75ac3408c8,49720e2e-bd94-4072-8816-4b2dc97902ed,TRUE,2026-04-08 19:12:39
fc000000-0000-0000-0000-000000002237,6e81fac4-ac6f-4964-b18b-50c516c30615,93813225-2cbe-4d50-8943-423d4338776a,7deb17b5-0399-4c32-913d-5f9ede6b54a4,TRUE,2026-04-08 19:12:39
fc000000-0000-0000-0000-000000002238,72555933-3b76-4ad3-bcf5-4ea806655e19,10bbf5a6-0d2a-4f76-9579-c153cfc4542f,41a7b674-be1f-4204-80c5-974f9ba24d39,TRUE,2026-04-08 19:12:39
fc000000-0000-0000-0000-000000002239,f2d01da9-1eb6-40bf-abe5-884dd6a4b490,10bbf5a6-0d2a-4f76-9579-c153cfc4542f,a50eea71-ac81-4438-a9a7-9f9ae1cf7f89,TRUE,2026-04-08 19:12:39
fc000000-0000-0000-0000-000000002240,e8d75551-b5ab-42da-a421-2ffd21919ce7,335a566e-8b41-454f-88b7-8ea35818e22d,,TRUE,2026-04-08 19:12:39
fc000000-0000-0000-0000-000000002241,cb2c70d3-9162-4edd-a5bf-c14837dc133e,5f5560cf-c169-4781-8204-fb75ac3408c8,07c2376a-a737-4f36-bc03-1778dd9b71ec,TRUE,2026-04-08 19:12:39
fc000000-0000-0000-0000-000000002242,28a2aa35-ceeb-4fbc-a1d4-12ceacbf1d10,dc3b2dd6-a7eb-4ed7-bf00-750e33978760,fbe91310-b6cd-43ea-b306-e65d2ee5eaad,TRUE,2026-04-08 19:12:39
fc000000-0000-0000-0000-000000002243,2dd75aab-eb64-4000-80e7-badc42e1e87c,10f25068-4e34-42ca-94b3-96f5288b82ea,e6557dc4-26ce-465e-9ae9-3cc02c70fbc1,TRUE,2026-04-08 19:12:39
fc000000-0000-0000-0000-000000002244,09ba138b-ffb3-4dfa-b746-0f41d40bc4e6,8d009eb0-2234-4ba9-9768-f922672929f0,12328925-dd54-469f-bb65-f8d66ee8c7f5,TRUE,2026-04-08 19:12:39
fc000000-0000-0000-0000-000000002245,c2d91b52-034b-49b9-b905-693c3165e5ec,4ee5e694-5d88-4a9b-ba2e-eecf653807e1,,TRUE,2026-04-08 19:12:39
fc000000-0000-0000-0000-000000002246,fb659c48-d538-4863-9a7e-ba6d126b02c8,8fc98f56-9662-45f7-8bd6-86a56e2142d1,,TRUE,2026-04-08 19:12:39
fc000000-0000-0000-0000-000000002247,d838816a-83aa-4c1c-a4ee-510f3fb53ae3,8fc98f56-9662-45f7-8bd6-86a56e2142d1,,TRUE,2026-04-08 19:12:39
fc000000-0000-0000-0000-000000002248,599c516d-81b2-4582-8448-d4c1f3bd6277,8fc98f56-9662-45f7-8bd6-86a56e2142d1,,TRUE,2026-04-08 19:12:39
fc000000-0000-0000-0000-000000002249,3e613ff2-228f-4f34-aad7-c3debe844166,8fc98f56-9662-45f7-8bd6-86a56e2142d1,,TRUE,2026-04-08 19:12:39
fc000000-0000-0000-0000-000000002250,08852d4d-981c-44b8-bb54-8b540d859140,8fc98f56-9662-45f7-8bd6-86a56e2142d1,,TRUE,2026-04-08 19:12:39
fc000000-0000-0000-0000-000000002251,57bb483c-68bb-4275-8657-a894bc3beff4,8fc98f56-9662-45f7-8bd6-86a56e2142d1,,TRUE,2026-04-08 19:12:39
fc000000-0000-0000-0000-000000002252,89246480-75d4-4c5e-8df0-fd8a8fc54c74,8fc98f56-9662-45f7-8bd6-86a56e2142d1,,TRUE,2026-04-08 19:12:39
fc000000-0000-0000-0000-000000002253,0477ef0e-8f4f-43d4-942f-281aa0919cbe,e5fcf8a7-cb34-4278-8082-a63b9d1856a9,,TRUE,2026-04-08 19:12:39
fc000000-0000-0000-0000-000000002254,348ac824-d296-4c99-9b4a-655ab1a115b5,bd05a5ba-f1c0-4097-93c5-1a06a55ffc29,,TRUE,2026-04-08 19:12:39
fc000000-0000-0000-0000-000000002255,a1c5a0c5-b832-46d4-983f-f0bcaabb606a,10f25068-4e34-42ca-94b3-96f5288b82ea,8a83c815-be56-48ef-b1de-a8698888d087,TRUE,2026-04-08 19:12:39
fc000000-0000-0000-0000-000000002256,1f49b55c-a12d-4dc6-833e-bb26df2c57c4,5f917eec-d4dc-40cb-94dd-b3272db3f858,ad3bee99-7863-4b55-aa09-b9754b160c47,TRUE,2026-04-08 19:12:39
fc000000-0000-0000-0000-000000002257,9b7f8fe8-0ad8-43bd-a567-b363f1cedca7,4ee5e694-5d88-4a9b-ba2e-eecf653807e1,,TRUE,2026-04-08 19:12:39
fc000000-0000-0000-0000-000000002258,19893165-8e50-43b9-9d33-16a486c987c6,470809ae-c5f3-4ba1-9522-fd0972619f7f,0f1d8c04-97b9-4843-9872-3e78a0272e57,TRUE,2026-04-08 19:12:39
fc000000-0000-0000-0000-000000002259,c29160cb-64aa-4ea3-8154-3ec56586ae4b,7c844539-83eb-4880-b86c-dd05973f0e0a,08524641-c528-4cb4-9c11-f38b289595cf,TRUE,2026-04-08 19:12:39
fc000000-0000-0000-0000-000000002260,f825ada0-f526-4707-b48c-b1667d89d6df,1197ce03-96ae-4670-9ef3-28468625cf46,21f51f84-c1dd-4478-8fb0-1c10b08829a9,TRUE,2026-04-08 19:12:39
fc000000-0000-0000-0000-000000002261,fc23f926-6846-47ec-b5aa-076a339f5bdc,5f5560cf-c169-4781-8204-fb75ac3408c8,49720e2e-bd94-4072-8816-4b2dc97902ed,TRUE,2026-04-08 19:12:39
fc000000-0000-0000-0000-000000002262,68b8afe5-7bc9-4ce4-bde3-8ba9b50f60a3,7c844539-83eb-4880-b86c-dd05973f0e0a,b8cbc705-1090-4947-8783-70ce2ee9df2a,TRUE,2026-04-08 19:12:39
fc000000-0000-0000-0000-000000002263,aaa9c8ee-434d-4720-b1f1-136f181acb01,1197ce03-96ae-4670-9ef3-28468625cf46,b4d493a3-2cc4-447f-a34c-327107ec2985,TRUE,2026-04-08 19:12:39
fc000000-0000-0000-0000-000000002264,1752b46d-3ca0-49f5-bb87-2a20caec03d8,c0bae7dc-ef7b-4a8b-99fd-c1c1de3a9ed2,d493879f-f5cc-4c9a-bfbd-78a96a34b900,TRUE,2026-04-08 19:12:39
fc000000-0000-0000-0000-000000002265,1ba006ac-3aa6-48e0-b881-b1fff1b3d38d,1197ce03-96ae-4670-9ef3-28468625cf46,21f51f84-c1dd-4478-8fb0-1c10b08829a9,TRUE,2026-04-08 19:12:39
fc000000-0000-0000-0000-000000002266,3e5098d9-89d9-4bf2-9ac8-9d202e9e0255,1197ce03-96ae-4670-9ef3-28468625cf46,21f51f84-c1dd-4478-8fb0-1c10b08829a9,TRUE,2026-04-08 19:12:39
fc000000-0000-0000-0000-000000002267,fb8fc840-214b-4664-8153-fced838f804b,1197ce03-96ae-4670-9ef3-28468625cf46,21f51f84-c1dd-4478-8fb0-1c10b08829a9,TRUE,2026-04-08 19:12:39
fc000000-0000-0000-0000-000000002268,fd04f023-cff0-47a7-978b-8e75a9f7a2a2,1197ce03-96ae-4670-9ef3-28468625cf46,21f51f84-c1dd-4478-8fb0-1c10b08829a9,TRUE,2026-04-08 19:12:39
fc000000-0000-0000-0000-000000002269,b5fae857-14b4-4aad-9d05-5b488428777e,93813225-2cbe-4d50-8943-423d4338776a,4eb29058-3bc2-43c5-a3a9-066f9879db4a,TRUE,2026-04-08 19:12:39
fc000000-0000-0000-0000-000000002270,255ef205-498d-4770-a845-c9e06ff20186,1197ce03-96ae-4670-9ef3-28468625cf46,21f51f84-c1dd-4478-8fb0-1c10b08829a9,TRUE,2026-04-08 19:12:39
fc000000-0000-0000-0000-000000002271,a6f8b3fd-dfb8-4876-b135-d278efb6f1f3,ff1a36e5-3931-487f-8837-3e24af030706,91151206-fdf0-4b12-8740-df708b07dcc6,TRUE,2026-04-08 19:12:39
fc000000-0000-0000-0000-000000002272,28352a48-a948-4a0e-bf2c-da3f6b4a0b55,138bec94-c996-4510-895c-6c0af0f6a6fc,aa2ac8a6-12e0-4e15-8fc6-3ce47a710a51,TRUE,2026-04-08 19:12:39
fc000000-0000-0000-0000-000000002273,e07a504e-14ee-47b4-948e-a4eac52c262f,197fcbc8-7a73-40b5-802f-fa829cd49329,ba4abcf4-736f-4506-ae63-aad198da3468,TRUE,2026-04-08 19:12:39
fc000000-0000-0000-0000-000000002274,c4b3a8b2-5058-4cfb-925d-88ec95ffd834,f0980453-c886-4dd1-8af5-7186fd83578d,9ba4b791-412e-4869-889f-bb12ea9cf9dc,TRUE,2026-04-08 19:12:39
fc000000-0000-0000-0000-000000002275,7c806aa1-be04-475f-bdac-ce68d996a38f,ecb74426-adfd-416f-90ce-ac1136940e59,,TRUE,2026-04-08 19:12:39
fc000000-0000-0000-0000-000000002276,dc685106-c76a-43b2-8814-ddcad924d2a3,138bec94-c996-4510-895c-6c0af0f6a6fc,e0e92ae5-9be6-4bfa-8f56-0f28d97e5408,TRUE,2026-04-08 19:12:39
fc000000-0000-0000-0000-000000002277,848a2b5b-4768-48c4-834b-36abf351f26f,2a186b71-b6dd-44ce-affb-88b8d16eb578,33404ae7-0c7b-4492-83ef-ece78c63f2cc,TRUE,2026-04-08 19:12:39
fc000000-0000-0000-0000-000000002278,eb7135a4-99e2-4475-ba88-ef1866ddd5d7,d859a9f6-ce5f-4e3f-8c72-f7e2030f93ce,2240a7cf-d542-4e98-b008-2ee7722dda4b,TRUE,2026-04-08 19:12:39
fc000000-0000-0000-0000-000000002279,c831b445-7049-447f-a707-e90c80aa8f0b,197fcbc8-7a73-40b5-802f-fa829cd49329,7aca039e-d723-43a5-b97d-b54b07fc5373,TRUE,2026-04-08 19:12:39
fc000000-0000-0000-0000-000000002280,3444da02-3477-4daf-a390-67d2d5620cf7,197fcbc8-7a73-40b5-802f-fa829cd49329,7aca039e-d723-43a5-b97d-b54b07fc5373,TRUE,2026-04-08 19:12:39
fc000000-0000-0000-0000-000000002281,5d4b78a4-9190-408b-9f89-3218c6ab1ef2,343841d6-b938-4b7d-8523-23d25aa1eeb5,39478e69-751f-45a6-88b2-fd08bf1e80a2,TRUE,2026-04-08 19:12:39
fc000000-0000-0000-0000-000000002282,df15ab03-7a49-4c40-afe0-8daf44d15a62,8dcc57a0-79ac-45dd-9db0-efb3d1fd5299,e8840113-28f3-4d0b-8d73-9f513c624c2a,TRUE,2026-04-08 19:12:39
fc000000-0000-0000-0000-000000002283,1b0e5fbe-4640-4a9d-879c-72cc1c9aa4a0,138bec94-c996-4510-895c-6c0af0f6a6fc,aa2ac8a6-12e0-4e15-8fc6-3ce47a710a51,TRUE,2026-04-08 19:12:39
fc000000-0000-0000-0000-000000002284,d8532fc5-48d7-4fb5-ba8f-5d53cfa0d3ae,70f60247-60d3-4bce-87a8-ef397833ede6,f9d715bc-2a94-46dc-aedd-d566fe5fca63,TRUE,2026-04-08 19:12:39
fc000000-0000-0000-0000-000000002285,1304086e-f88f-40be-8d2b-4ae7b103d67e,138bec94-c996-4510-895c-6c0af0f6a6fc,aa2ac8a6-12e0-4e15-8fc6-3ce47a710a51,TRUE,2026-04-08 19:12:39
fc000000-0000-0000-0000-000000002286,1a625c4b-3c69-4474-bf5a-157916c79b29,f0980453-c886-4dd1-8af5-7186fd83578d,9ba4b791-412e-4869-889f-bb12ea9cf9dc,TRUE,2026-04-08 19:12:39
fc000000-0000-0000-0000-000000002287,49f6affd-baf6-4627-af9b-8013880bdc42,10f25068-4e34-42ca-94b3-96f5288b82ea,,TRUE,2026-04-08 19:12:39
fc000000-0000-0000-0000-000000002288,859fa1e2-246c-4479-9743-68db1ae44794,c0bae7dc-ef7b-4a8b-99fd-c1c1de3a9ed2,a11031c8-c160-488b-ae57-59320f8e85fa,TRUE,2026-04-08 19:12:39
fc000000-0000-0000-0000-000000002289,52b1540b-d098-4eac-9191-54e03dbf6d7d,5f917eec-d4dc-40cb-94dd-b3272db3f858,14eb68ad-80c5-4379-b380-2719cf755b84,TRUE,2026-04-08 19:12:39
fc000000-0000-0000-0000-000000002290,57c7c802-b87f-4d3b-9970-7aced5e4b9ef,7c844539-83eb-4880-b86c-dd05973f0e0a,01142f8e-82d9-40f3-af4c-6d9b20a078a5,TRUE,2026-04-08 19:12:39
fc000000-0000-0000-0000-000000002291,55535d31-096c-43f2-b6a1-cb814b62af2d,77f6700e-88b8-40d8-9b61-ffefe536a5a2,27217365-aff2-447c-9c82-173f36a5173b,TRUE,2026-04-08 19:12:39
fc000000-0000-0000-0000-000000002292,2c69320a-a686-4fcf-a618-9fd595f0cac8,77f6700e-88b8-40d8-9b61-ffefe536a5a2,27217365-aff2-447c-9c82-173f36a5173b,TRUE,2026-04-08 19:12:39
fc000000-0000-0000-0000-000000002293,4d31d3ff-3ed8-4910-897a-dd602ad8ccbe,77f6700e-88b8-40d8-9b61-ffefe536a5a2,0e0bc520-8e9e-4f04-9784-0ed09f90cdba,TRUE,2026-04-08 19:12:39
fc000000-0000-0000-0000-000000002294,1dd34dc1-1e74-4a4a-919d-28b297809af9,138bec94-c996-4510-895c-6c0af0f6a6fc,3b767e55-0e6c-4d6d-90cd-7dc9d70ed6c9,TRUE,2026-04-08 19:12:39
fc000000-0000-0000-0000-000000002295,c5795cb5-b992-4247-a0e9-445a2bdcf8d5,10bbf5a6-0d2a-4f76-9579-c153cfc4542f,41a7b674-be1f-4204-80c5-974f9ba24d39,TRUE,2026-04-08 19:12:39
fc000000-0000-0000-0000-000000002296,95c5e851-bc50-4fdb-973c-b51313621c15,138bec94-c996-4510-895c-6c0af0f6a6fc,aa2ac8a6-12e0-4e15-8fc6-3ce47a710a51,TRUE,2026-04-08 19:12:39
fc000000-0000-0000-0000-000000002297,f6a17497-2dc2-4617-975f-9d1bd157c51d,8dcc57a0-79ac-45dd-9db0-efb3d1fd5299,e9452b7a-02cb-45b8-a05c-ce1936aae2ea,TRUE,2026-04-08 19:12:39
fc000000-0000-0000-0000-000000002298,c1ff38f5-1ed5-48ad-95a1-fd45936c7a72,138bec94-c996-4510-895c-6c0af0f6a6fc,aa2ac8a6-12e0-4e15-8fc6-3ce47a710a51,TRUE,2026-04-08 19:12:39
fc000000-0000-0000-0000-000000002299,875c1907-adbe-41ba-80d9-61c69ac37baf,d3eb7bae-2fff-4325-b5fc-0d1ef63ce523,b1f1a003-1111-4a1b-aaaa-111111111113,TRUE,2026-04-08 19:12:39
fc000000-0000-0000-0000-000000002300,fa6f791e-f7fe-458e-a88e-e6338b8672f9,4cae38a8-4a2b-4f9f-8e47-c51a8fdab4d6,d1d4d95c-2df5-4126-8033-d0a652c4d8b3,TRUE,2026-04-08 19:12:39
fc000000-0000-0000-0000-000000002301,5a1dc645-113a-4aab-8c40-b070d3532492,8dcc57a0-79ac-45dd-9db0-efb3d1fd5299,e9452b7a-02cb-45b8-a05c-ce1936aae2ea,TRUE,2026-04-08 19:12:39
fc000000-0000-0000-0000-000000002302,92a960b4-c10c-430b-b446-8ce4a261a6cb,75378ce6-f415-4cb9-a1a2-628f22004a53,,TRUE,2026-04-08 19:12:39
fc000000-0000-0000-0000-000000002303,4812b1a7-e708-4ec5-9bfe-8ce84e76b4ea,d6a47d18-5c17-48fb-9992-be67d2da891b,495e316d-c879-4429-b959-68f11987ef6e,TRUE,2026-04-08 19:12:39
fc000000-0000-0000-0000-000000002304,f102f818-0f5b-4d15-b691-2cd73a366e02,197fcbc8-7a73-40b5-802f-fa829cd49329,7aca039e-d723-43a5-b97d-b54b07fc5373,TRUE,2026-04-08 19:12:39
fc000000-0000-0000-0000-000000002305,85f946bc-7810-42eb-bd6a-435977a86c95,197fcbc8-7a73-40b5-802f-fa829cd49329,7aca039e-d723-43a5-b97d-b54b07fc5373,TRUE,2026-04-08 19:12:39
fc000000-0000-0000-0000-000000002306,881ee067-a0fd-412a-b276-1bd24b7775c5,5f917eec-d4dc-40cb-94dd-b3272db3f858,ad3bee99-7863-4b55-aa09-b9754b160c47,TRUE,2026-04-08 19:12:39
fc000000-0000-0000-0000-000000002307,059b071e-862b-496c-9bb2-abaeac1e88d0,0986f242-a7aa-4df0-bb46-d1f3e5c64cf8,6d04e84f-b2b7-467e-87cc-e8815a67f6f7,TRUE,2026-04-08 19:12:39
fc000000-0000-0000-0000-000000002308,5c68f7ba-3aeb-42df-ada2-7cdeefffacd3,8fc98f56-9662-45f7-8bd6-86a56e2142d1,,TRUE,2026-04-08 19:12:39
fc000000-0000-0000-0000-000000002309,911443a9-303e-4426-90b6-7da80d9af9bc,197fcbc8-7a73-40b5-802f-fa829cd49329,7aca039e-d723-43a5-b97d-b54b07fc5373,TRUE,2026-04-08 19:12:39
fc000000-0000-0000-0000-000000002310,b1b7e99b-4665-45c7-abf5-c0c69214ebcc,5f917eec-d4dc-40cb-94dd-b3272db3f858,ad3bee99-7863-4b55-aa09-b9754b160c47,TRUE,2026-04-08 19:12:39
fc000000-0000-0000-0000-000000002311,b32e0c70-fda7-4571-9e43-fca169e84bbe,10f25068-4e34-42ca-94b3-96f5288b82ea,,TRUE,2026-04-08 19:12:39
fc000000-0000-0000-0000-000000002312,161754d0-4251-4efd-a7e2-0d0e96c4fd36,8fc98f56-9662-45f7-8bd6-86a56e2142d1,,TRUE,2026-04-08 19:12:39
fc000000-0000-0000-0000-000000002313,26368137-e4b6-44b1-8524-864985dd1c00,5f5560cf-c169-4781-8204-fb75ac3408c8,49720e2e-bd94-4072-8816-4b2dc97902ed,TRUE,2026-04-08 19:12:39
fc000000-0000-0000-0000-000000002314,111c85e3-9df3-4a04-b3c8-40cc4c8f2eb1,456e1a68-37c2-454d-948f-a46294d6ba3a,4851e333-befa-4ba3-8d43-216661d97bec,TRUE,2026-04-08 19:12:39
fc000000-0000-0000-0000-000000002315,fe36ef4f-7ee8-46aa-b89c-b3c9b7f3982a,1197ce03-96ae-4670-9ef3-28468625cf46,21f51f84-c1dd-4478-8fb0-1c10b08829a9,TRUE,2026-04-08 19:12:39
fc000000-0000-0000-0000-000000002316,c363e89c-5600-4d18-a69e-82def6231b38,197fcbc8-7a73-40b5-802f-fa829cd49329,7aca039e-d723-43a5-b97d-b54b07fc5373,TRUE,2026-04-08 19:12:39
fc000000-0000-0000-0000-000000002317,b65ce8ee-0aed-4adf-928c-f051096986f6,7c844539-83eb-4880-b86c-dd05973f0e0a,b8cbc705-1090-4947-8783-70ce2ee9df2a,TRUE,2026-04-08 19:12:39
fc000000-0000-0000-0000-000000002318,6d3c1888-06af-42cb-8f6d-bd51a2fc9ac8,8fc98f56-9662-45f7-8bd6-86a56e2142d1,,TRUE,2026-04-08 19:12:39
fc000000-0000-0000-0000-000000002319,d8e8dfe7-f2c1-4f15-adb7-ff48ea44f3d0,138bec94-c996-4510-895c-6c0af0f6a6fc,b4ecba59-626f-4494-9b9c-6d691e35b839,TRUE,2026-04-08 19:12:39
fc000000-0000-0000-0000-000000002320,6347c074-8a81-419e-bb5a-16b6d0496823,138bec94-c996-4510-895c-6c0af0f6a6fc,b4ecba59-626f-4494-9b9c-6d691e35b839,TRUE,2026-04-08 19:12:39
fc000000-0000-0000-0000-000000002321,fbea76eb-7d0e-47de-9fa0-882b849fa833,138bec94-c996-4510-895c-6c0af0f6a6fc,a01eb0c3-5e2f-4b62-abc6-c59b24233509,TRUE,2026-04-08 19:12:39
fc000000-0000-0000-0000-000000002322,6bb127d0-0d68-405e-8ab2-a54c46d8cd41,a3ae9791-1572-4564-a7b7-b17e5824951c,23572d27-28d8-44ed-9b1f-e7b7d7e780dc,TRUE,2026-04-08 19:12:39
fc000000-0000-0000-0000-000000002323,070b7c45-7cfb-4705-829f-d651a25a9478,197fcbc8-7a73-40b5-802f-fa829cd49329,e8bcbcab-5c6d-44cb-aeeb-8632016ca3cd,TRUE,2026-04-08 19:12:39
fc000000-0000-0000-0000-000000002324,00aa0a73-c430-43d5-8d30-c60a92d498e1,ff1a36e5-3931-487f-8837-3e24af030706,91151206-fdf0-4b12-8740-df708b07dcc6,TRUE,2026-04-08 19:12:39
fc000000-0000-0000-0000-000000002325,19358bc3-94dd-4584-8f93-6c784b5c4c56,197fcbc8-7a73-40b5-802f-fa829cd49329,7aca039e-d723-43a5-b97d-b54b07fc5373,TRUE,2026-04-08 19:12:39
fc000000-0000-0000-0000-000000002326,8ebbce63-0dcd-41ff-ab3a-1860f4fe2eed,5f917eec-d4dc-40cb-94dd-b3272db3f858,5aea2c49-62ea-4875-a90a-440920bd2e60,TRUE,2026-04-08 19:12:39
fc000000-0000-0000-0000-000000002327,6a3cdf00-6328-4046-acf8-abc0e2062e85,77f6700e-88b8-40d8-9b61-ffefe536a5a2,27217365-aff2-447c-9c82-173f36a5173b,TRUE,2026-04-08 19:12:39
fc000000-0000-0000-0000-000000002328,01a222de-3b83-404c-ab30-3fbc4ef2637f,53641b9b-58cc-4bdd-b2fd-c698a2c44026,,TRUE,2026-04-08 19:12:39
fc000000-0000-0000-0000-000000002329,12d498a2-dde7-47ee-9fd6-4bc3a7111e6a,197fcbc8-7a73-40b5-802f-fa829cd49329,7aca039e-d723-43a5-b97d-b54b07fc5373,TRUE,2026-04-08 19:12:39
fc000000-0000-0000-0000-000000002330,4e2f05d2-f864-4d3e-812d-01e497ad3e2e,7c844539-83eb-4880-b86c-dd05973f0e0a,01142f8e-82d9-40f3-af4c-6d9b20a078a5,TRUE,2026-04-08 19:12:39
fc000000-0000-0000-0000-000000002331,e74c2162-331d-48e7-94fd-f6a03d1aeb06,a3ae9791-1572-4564-a7b7-b17e5824951c,7a4a6e5a-117c-41ef-84d0-e7d0e4319a59,TRUE,2026-04-08 19:12:39
fc000000-0000-0000-0000-000000002332,9c9938f8-ab98-4336-b8ba-777daefaa633,197fcbc8-7a73-40b5-802f-fa829cd49329,7aca039e-d723-43a5-b97d-b54b07fc5373,TRUE,2026-04-08 19:12:39
fc000000-0000-0000-0000-000000002333,526bd50d-16fe-4817-925c-251876212a9f,ecb74426-adfd-416f-90ce-ac1136940e59,,TRUE,2026-04-08 19:12:39
fc000000-0000-0000-0000-000000002334,2c8058b9-32dc-4f1e-8e72-8633ebef914e,197fcbc8-7a73-40b5-802f-fa829cd49329,7aca039e-d723-43a5-b97d-b54b07fc5373,TRUE,2026-04-08 19:12:39
fc000000-0000-0000-0000-000000002335,b7fb16e0-8977-418d-a701-58fa584ea9e8,8dcc57a0-79ac-45dd-9db0-efb3d1fd5299,e9452b7a-02cb-45b8-a05c-ce1936aae2ea,TRUE,2026-04-08 19:12:39
fc000000-0000-0000-0000-000000002336,d483ea25-8806-48e7-ac60-4d43a5b51da3,99a7aaba-40a8-48e3-b8f9-a0d489cfb213,b2f2b001-2222-4b2b-bbbb-222222222221,TRUE,2026-04-08 19:12:39
fc000000-0000-0000-0000-000000002337,c602bd98-b2e8-488c-aa0f-2d003ddfdb11,ecb74426-adfd-416f-90ce-ac1136940e59,,TRUE,2026-04-08 19:12:39
fc000000-0000-0000-0000-000000002338,16278a3d-2de2-42d0-a714-3807ed1f4271,138bec94-c996-4510-895c-6c0af0f6a6fc,aa2ac8a6-12e0-4e15-8fc6-3ce47a710a51,TRUE,2026-04-08 19:12:39
fc000000-0000-0000-0000-000000002339,c358ce63-c231-4fb1-8e0c-65feab4fee8b,99a7aaba-40a8-48e3-b8f9-a0d489cfb213,b2f2b002-2222-4b2b-bbbb-222222222222,TRUE,2026-04-08 19:12:39
fc000000-0000-0000-0000-000000002340,cd4f03b3-6be4-4905-a706-2c990cb28b15,93813225-2cbe-4d50-8943-423d4338776a,7deb17b5-0399-4c32-913d-5f9ede6b54a4,TRUE,2026-04-08 19:12:39
fc000000-0000-0000-0000-000000002341,017dc866-be63-4b08-bf88-13599fcb9a45,197fcbc8-7a73-40b5-802f-fa829cd49329,7aca039e-d723-43a5-b97d-b54b07fc5373,TRUE,2026-04-08 19:12:39
fc000000-0000-0000-0000-000000002342,6d462917-013a-4a4a-bbf4-081e3aeabaee,197fcbc8-7a73-40b5-802f-fa829cd49329,7aca039e-d723-43a5-b97d-b54b07fc5373,TRUE,2026-04-08 19:12:39
fc000000-0000-0000-0000-000000002343,25b6f56f-3827-4a02-bab4-6949387f2986,d859a9f6-ce5f-4e3f-8c72-f7e2030f93ce,63626deb-8fc4-4aec-b953-9613fc3e83f6,TRUE,2026-04-08 19:12:39
fc000000-0000-0000-0000-000000002344,9c40ad04-7b89-45b0-abbd-bd8353b1bca0,5f5560cf-c169-4781-8204-fb75ac3408c8,49720e2e-bd94-4072-8816-4b2dc97902ed,TRUE,2026-04-08 19:12:39
fc000000-0000-0000-0000-000000002345,8cf02dc4-d6cf-4995-89ab-c066840403b2,9a6acaba-6896-4d0f-b27a-d71a8be4e523,,TRUE,2026-04-08 19:12:39
fc000000-0000-0000-0000-000000002346,44f2a949-6d89-40e3-872e-378dbf6fb7db,138bec94-c996-4510-895c-6c0af0f6a6fc,aa2ac8a6-12e0-4e15-8fc6-3ce47a710a51,TRUE,2026-04-08 19:12:39
fc000000-0000-0000-0000-000000002347,62b61893-cc1a-4150-bfbc-3b88b55b0452,343841d6-b938-4b7d-8523-23d25aa1eeb5,39478e69-751f-45a6-88b2-fd08bf1e80a2,TRUE,2026-04-08 19:12:39
fc000000-0000-0000-0000-000000002348,4a278491-9904-4063-87c7-b07fec51bf84,1197ce03-96ae-4670-9ef3-28468625cf46,21f51f84-c1dd-4478-8fb0-1c10b08829a9,TRUE,2026-04-08 19:12:39
fc000000-0000-0000-0000-000000002349,0ad13837-36ec-4293-8015-0b52ed088dc7,1197ce03-96ae-4670-9ef3-28468625cf46,21f51f84-c1dd-4478-8fb0-1c10b08829a9,TRUE,2026-04-08 19:12:39
fc000000-0000-0000-0000-000000002350,77cbee4c-6e30-4aea-92c7-a549f048e5e3,c0bae7dc-ef7b-4a8b-99fd-c1c1de3a9ed2,d493879f-f5cc-4c9a-bfbd-78a96a34b900,TRUE,2026-04-08 19:12:39
fc000000-0000-0000-0000-000000002351,34342e4e-a52d-40de-88dd-3b83f12d68f8,1197ce03-96ae-4670-9ef3-28468625cf46,21f51f84-c1dd-4478-8fb0-1c10b08829a9,TRUE,2026-04-08 19:12:39
fc000000-0000-0000-0000-000000002352,db4a8bc8-89c8-43eb-834b-dbf68ba63f49,1197ce03-96ae-4670-9ef3-28468625cf46,21f51f84-c1dd-4478-8fb0-1c10b08829a9,TRUE,2026-04-08 19:12:39
fc000000-0000-0000-0000-000000002353,d377b594-070a-4130-a451-c347daa9ebff,1197ce03-96ae-4670-9ef3-28468625cf46,b4d493a3-2cc4-447f-a34c-327107ec2985,TRUE,2026-04-08 19:12:39
fc000000-0000-0000-0000-000000002354,7ebb83eb-83c9-419f-88e1-6f5a19585142,1197ce03-96ae-4670-9ef3-28468625cf46,21f51f84-c1dd-4478-8fb0-1c10b08829a9,TRUE,2026-04-08 19:12:39
fc000000-0000-0000-0000-000000002355,bd63df96-b521-44ac-aab6-4f9c1ea3abfb,1197ce03-96ae-4670-9ef3-28468625cf46,21f51f84-c1dd-4478-8fb0-1c10b08829a9,TRUE,2026-04-08 19:12:39
fc000000-0000-0000-0000-000000002356,051d88c6-1325-4268-8568-6410bc7c642a,1197ce03-96ae-4670-9ef3-28468625cf46,21f51f84-c1dd-4478-8fb0-1c10b08829a9,TRUE,2026-04-08 19:12:39
fc000000-0000-0000-0000-000000002357,3142498a-039e-46d5-9f5c-a2cd704a3035,93813225-2cbe-4d50-8943-423d4338776a,4eb29058-3bc2-43c5-a3a9-066f9879db4a,TRUE,2026-04-08 19:12:39
fc000000-0000-0000-0000-000000002358,bbe4882a-d19f-48b9-84b9-9c90b6f72dfe,1197ce03-96ae-4670-9ef3-28468625cf46,21f51f84-c1dd-4478-8fb0-1c10b08829a9,TRUE,2026-04-08 19:12:39
fc000000-0000-0000-0000-000000002359,c8dec53c-451c-49ed-971b-93353be93666,1197ce03-96ae-4670-9ef3-28468625cf46,21f51f84-c1dd-4478-8fb0-1c10b08829a9,TRUE,2026-04-08 19:12:39
fc000000-0000-0000-0000-000000002360,b01fb27a-b309-439e-bbe3-1ee26047fda3,456e1a68-37c2-454d-948f-a46294d6ba3a,4851e333-befa-4ba3-8d43-216661d97bec,TRUE,2026-04-08 19:12:39
fc000000-0000-0000-0000-000000002361,880a9723-1f6a-42b3-be2d-2ed643c3c61e,5f917eec-d4dc-40cb-94dd-b3272db3f858,ad3bee99-7863-4b55-aa09-b9754b160c47,TRUE,2026-04-08 19:12:39
fc000000-0000-0000-0000-000000002362,17f47bdf-9821-4dd5-8b83-f5e29e84cc84,5f917eec-d4dc-40cb-94dd-b3272db3f858,,TRUE,2026-04-08 19:12:39
fc000000-0000-0000-0000-000000002363,7f0ebd86-002e-47ad-a00a-0914587e80bd,4cae38a8-4a2b-4f9f-8e47-c51a8fdab4d6,d1d4d95c-2df5-4126-8033-d0a652c4d8b3,TRUE,2026-04-08 19:12:39
fc000000-0000-0000-0000-000000002364,84d7cbe2-c11c-43f9-9355-8de2b7a75deb,b28bcd2f-98c3-4e0e-bbae-d05d48bf82e9,,TRUE,2026-04-08 19:12:39
fc000000-0000-0000-0000-000000002365,80674ec6-1d07-43de-80e5-a77f94b794df,197fcbc8-7a73-40b5-802f-fa829cd49329,7aca039e-d723-43a5-b97d-b54b07fc5373,TRUE,2026-04-08 19:12:39
fc000000-0000-0000-0000-000000002366,9f2d606d-534b-4c00-bfe0-46a88383d29f,7c844539-83eb-4880-b86c-dd05973f0e0a,b8cbc705-1090-4947-8783-70ce2ee9df2a,TRUE,2026-04-08 19:12:39
fc000000-0000-0000-0000-000000002367,8cc088bb-e39b-40f2-a713-562631ef0779,d57f11d3-f03a-49bf-905e-131a223352cd,ca9c9a7f-95cb-45c5-8668-628ddcc6c673,TRUE,2026-04-08 19:12:39
fc000000-0000-0000-0000-000000002368,ca8758eb-31d5-4cc7-bbc7-98aba58dae4c,343841d6-b938-4b7d-8523-23d25aa1eeb5,03ef20c9-4602-4b3f-b405-be77706bfc0e,TRUE,2026-04-08 19:12:39
fc000000-0000-0000-0000-000000002369,7ef5d50e-bb96-41cf-ab35-2f351579627d,8dcc57a0-79ac-45dd-9db0-efb3d1fd5299,f5aa12c0-a668-4178-b870-908ba1c7ac67,TRUE,2026-04-08 19:12:39
fc000000-0000-0000-0000-000000002370,6be49ddd-f93a-40f5-8fb6-9390b93fb8b9,d859a9f6-ce5f-4e3f-8c72-f7e2030f93ce,63626deb-8fc4-4aec-b953-9613fc3e83f6,TRUE,2026-04-08 19:12:39
fc000000-0000-0000-0000-000000002371,2dac2bdc-6819-4f25-908d-a28851f3951f,b28bcd2f-98c3-4e0e-bbae-d05d48bf82e9,,TRUE,2026-04-08 19:12:39
fc000000-0000-0000-0000-000000002372,8147c5e4-1de4-4e02-b011-7cbdc0a39a3c,ecb74426-adfd-416f-90ce-ac1136940e59,5cf414a9-7d0b-4cbc-82e9-54a3dd0b9e26,TRUE,2026-04-08 19:12:39
fc000000-0000-0000-0000-000000002373,7142e632-8995-4db8-9ffb-aa93a6d468b2,197fcbc8-7a73-40b5-802f-fa829cd49329,0a5a4564-ac4f-45d8-b488-d4b721b1daf6,TRUE,2026-04-08 19:12:39
fc000000-0000-0000-0000-000000002374,e4a4caaf-5323-4ee2-8565-80278784b1ca,4cae38a8-4a2b-4f9f-8e47-c51a8fdab4d6,d1d4d95c-2df5-4126-8033-d0a652c4d8b3,TRUE,2026-04-08 19:12:39
fc000000-0000-0000-0000-000000002375,d5967a3d-654b-4330-b377-1fe4a1296c0d,1197ce03-96ae-4670-9ef3-28468625cf46,21f51f84-c1dd-4478-8fb0-1c10b08829a9,TRUE,2026-04-08 19:12:39
fc000000-0000-0000-0000-000000002376,5d2632fb-f3a6-45a2-9605-391fddef8f54,1197ce03-96ae-4670-9ef3-28468625cf46,21f51f84-c1dd-4478-8fb0-1c10b08829a9,TRUE,2026-04-08 19:12:39
fc000000-0000-0000-0000-000000002377,8a8b5502-240d-4508-80b0-9c70a58d7e24,7a9cbfd8-d8a1-4773-8fad-dc210e493a3c,33bb0d61-767c-4973-9da8-08a2744dca7a,TRUE,2026-04-08 19:12:39
fc000000-0000-0000-0000-000000002378,47956f8a-fa62-4886-8c35-fd35709a92eb,75378ce6-f415-4cb9-a1a2-628f22004a53,,TRUE,2026-04-08 19:12:39
fc000000-0000-0000-0000-000000002379,81d400ba-34a9-4414-b5e7-4025e86bfc26,f5e5d6a5-6dd0-4af7-acde-327f620fd476,,TRUE,2026-04-08 19:12:39
fc000000-0000-0000-0000-000000002380,974b1136-8ab1-4e1c-83c9-6bd24452fec5,7c844539-83eb-4880-b86c-dd05973f0e0a,b8cbc705-1090-4947-8783-70ce2ee9df2a,TRUE,2026-04-08 19:12:39
fc000000-0000-0000-0000-000000002381,c244769a-fae4-4e57-bb91-a696cf5751f6,5f917eec-d4dc-40cb-94dd-b3272db3f858,ad3bee99-7863-4b55-aa09-b9754b160c47,TRUE,2026-04-08 19:12:39
fc000000-0000-0000-0000-000000002382,5a03a741-c9de-4cbd-85ab-d2767a164f1f,138bec94-c996-4510-895c-6c0af0f6a6fc,b4ecba59-626f-4494-9b9c-6d691e35b839,TRUE,2026-04-08 19:12:39
fc000000-0000-0000-0000-000000002383,7fb60fef-f7ef-454d-a7ce-589c1a9565b8,c0bae7dc-ef7b-4a8b-99fd-c1c1de3a9ed2,6c9a8c6f-47b7-4e20-b7ec-56eaa99fabda,TRUE,2026-04-08 19:12:39
fc000000-0000-0000-0000-000000002384,b7137e7b-c8e9-48b6-9f43-b8582ae92191,58a9f4ba-24e6-4caa-940b-e5f062be9214,,TRUE,2026-04-08 19:12:39
fc000000-0000-0000-0000-000000002385,cb81ff43-5d17-40de-99a3-e9fdc99ef485,5f917eec-d4dc-40cb-94dd-b3272db3f858,2489267c-9b73-4948-a360-81d6ae8f9a8e,TRUE,2026-04-08 19:12:39
fc000000-0000-0000-0000-000000002386,73a16695-6e20-4e69-8fd2-3445f1c67521,1197ce03-96ae-4670-9ef3-28468625cf46,21f51f84-c1dd-4478-8fb0-1c10b08829a9,TRUE,2026-04-08 19:12:39
fc000000-0000-0000-0000-000000002387,ce80786e-2286-457b-bab9-5e64d7703f7d,1197ce03-96ae-4670-9ef3-28468625cf46,21f51f84-c1dd-4478-8fb0-1c10b08829a9,TRUE,2026-04-08 19:12:39
fc000000-0000-0000-0000-000000002388,d43fa09d-7db7-4200-a2f3-ed9157de4b2e,5f917eec-d4dc-40cb-94dd-b3272db3f858,ad3bee99-7863-4b55-aa09-b9754b160c47,TRUE,2026-04-08 19:12:39
fc000000-0000-0000-0000-000000002389,85007276-e780-41c0-a0de-633f609510e5,8fc98f56-9662-45f7-8bd6-86a56e2142d1,,TRUE,2026-04-08 19:12:39
fc000000-0000-0000-0000-000000002390,dfdc69a5-7599-4ecb-9d7f-41818f5a9af6,dc6c211b-19b9-4eed-9e3e-9d10792b6f55,55f0e264-bbac-49d2-a0ed-46ed38a6de6b,TRUE,2026-04-08 19:12:39
fc000000-0000-0000-0000-000000002391,4ea87a72-818c-4d73-9630-01002443b65e,4ee5e694-5d88-4a9b-ba2e-eecf653807e1,,TRUE,2026-04-08 19:12:39
fc000000-0000-0000-0000-000000002392,ccfd9182-0fb0-4eac-a492-4b7ea70bfa69,ff1a36e5-3931-487f-8837-3e24af030706,9ed0cc98-a4e9-4222-8955-6d91d05cbf80,TRUE,2026-04-08 19:12:39
fc000000-0000-0000-0000-000000002393,4bc17d31-66c9-418c-a4cc-a335db3ca6de,5f917eec-d4dc-40cb-94dd-b3272db3f858,ad3bee99-7863-4b55-aa09-b9754b160c47,TRUE,2026-04-08 19:12:39
fc000000-0000-0000-0000-000000002394,2e311700-33a5-4aac-a464-accea5e42968,138bec94-c996-4510-895c-6c0af0f6a6fc,aa2ac8a6-12e0-4e15-8fc6-3ce47a710a51,TRUE,2026-04-08 19:12:39
fc000000-0000-0000-0000-000000002395,f1abfa89-f74e-4056-920e-4125f65e5c5c,138bec94-c996-4510-895c-6c0af0f6a6fc,aa2ac8a6-12e0-4e15-8fc6-3ce47a710a51,TRUE,2026-04-08 19:12:39
fc000000-0000-0000-0000-000000002396,4e9e7e90-15db-4cfa-aed9-3a40b7f98aab,93813225-2cbe-4d50-8943-423d4338776a,51a4f126-da75-4875-b6eb-7ab5622b6099,TRUE,2026-04-08 19:12:39
fc000000-0000-0000-0000-000000002397,c6f01a52-9f87-4334-8ff7-639bc539336e,5f917eec-d4dc-40cb-94dd-b3272db3f858,6898215c-6350-4a2f-b42d-94e3e1d041aa,TRUE,2026-04-08 19:12:39
fc000000-0000-0000-0000-000000002398,409b349b-8198-4fb0-af8a-e1874381cc78,d3eb7bae-2fff-4325-b5fc-0d1ef63ce523,b1f1a004-1111-4a1b-aaaa-111111111114,TRUE,2026-04-08 19:12:39
fc000000-0000-0000-0000-000000002399,f240d842-38f4-411c-b645-7ec30664b4ae,138bec94-c996-4510-895c-6c0af0f6a6fc,b4ecba59-626f-4494-9b9c-6d691e35b839,TRUE,2026-04-08 19:12:39
fc000000-0000-0000-0000-000000002400,86a780e8-cc03-4b34-a2c6-241fd9877170,343841d6-b938-4b7d-8523-23d25aa1eeb5,39478e69-751f-45a6-88b2-fd08bf1e80a2,TRUE,2026-04-08 19:12:39
fc000000-0000-0000-0000-000000002401,c3fef5ee-7fac-4436-8db9-6fdab4c8b45b,93813225-2cbe-4d50-8943-423d4338776a,4eb29058-3bc2-43c5-a3a9-066f9879db4a,TRUE,2026-04-08 19:12:39
fc000000-0000-0000-0000-000000002402,06344570-6577-4381-bf70-6ca0d69e9918,5f917eec-d4dc-40cb-94dd-b3272db3f858,6898215c-6350-4a2f-b42d-94e3e1d041aa,TRUE,2026-04-08 19:12:39
fc000000-0000-0000-0000-000000002403,f3c47250-70c4-4d97-bb97-03c1027917d3,8dcc57a0-79ac-45dd-9db0-efb3d1fd5299,f5aa12c0-a668-4178-b870-908ba1c7ac67,TRUE,2026-04-08 19:12:39
fc000000-0000-0000-0000-000000002404,9c68fe3f-d08b-4ba4-9269-42d2500720fc,1197ce03-96ae-4670-9ef3-28468625cf46,21f51f84-c1dd-4478-8fb0-1c10b08829a9,TRUE,2026-04-08 19:12:39
fc000000-0000-0000-0000-000000002405,02d9f72a-c5e0-40ab-8eb0-284c44525976,5f917eec-d4dc-40cb-94dd-b3272db3f858,ad3bee99-7863-4b55-aa09-b9754b160c47,TRUE,2026-04-08 19:12:39
fc000000-0000-0000-0000-000000002406,71000701-3de7-4174-8e53-af60473846f2,ecb74426-adfd-416f-90ce-ac1136940e59,,TRUE,2026-04-08 19:12:39
fc000000-0000-0000-0000-000000002407,2d079776-cd42-49b8-8619-016553048088,5dbe61d1-daa6-4f30-acba-d9094a3f9de3,cf11d1fd-5d66-4a60-be05-d2caa70b8ebc,TRUE,2026-04-08 19:12:39
fc000000-0000-0000-0000-000000002408,c46c22cb-6bb6-4e95-b2e8-b8c30400c0b0,197fcbc8-7a73-40b5-802f-fa829cd49329,ba4abcf4-736f-4506-ae63-aad198da3468,TRUE,2026-04-08 19:12:39
fc000000-0000-0000-0000-000000002409,6dce8f4e-c0a2-42a9-9eb8-98a4ac57fda0,5f917eec-d4dc-40cb-94dd-b3272db3f858,5aea2c49-62ea-4875-a90a-440920bd2e60,TRUE,2026-04-08 19:12:39
fc000000-0000-0000-0000-000000002410,c4b28cae-0fdd-4c6d-8b52-119f7a5cae9c,343841d6-b938-4b7d-8523-23d25aa1eeb5,39478e69-751f-45a6-88b2-fd08bf1e80a2,TRUE,2026-04-08 19:12:39
fc000000-0000-0000-0000-000000002411,25656236-1968-49da-a6d8-32ffdcc6888e,dc3b2dd6-a7eb-4ed7-bf00-750e33978760,fbe91310-b6cd-43ea-b306-e65d2ee5eaad,TRUE,2026-04-08 19:12:39
fc000000-0000-0000-0000-000000002412,3f10d379-f847-4ddf-baf9-271767d48599,dc3b2dd6-a7eb-4ed7-bf00-750e33978760,fbe91310-b6cd-43ea-b306-e65d2ee5eaad,TRUE,2026-04-08 19:12:39
fc000000-0000-0000-0000-000000002413,94cd50f6-63f9-464e-8476-f6076e35850d,1197ce03-96ae-4670-9ef3-28468625cf46,21f51f84-c1dd-4478-8fb0-1c10b08829a9,TRUE,2026-04-08 19:12:39
fc000000-0000-0000-0000-000000002414,abfd5dc4-c60b-4339-a3ea-b43286ab7678,dc3b2dd6-a7eb-4ed7-bf00-750e33978760,fbe91310-b6cd-43ea-b306-e65d2ee5eaad,TRUE,2026-04-08 19:12:39
fc000000-0000-0000-0000-000000002415,8df52cfd-63bb-4fd6-8f61-6a994ea55cfe,dc3b2dd6-a7eb-4ed7-bf00-750e33978760,fbe91310-b6cd-43ea-b306-e65d2ee5eaad,TRUE,2026-04-08 19:12:39
fc000000-0000-0000-0000-000000002416,6a9e7f92-6b82-49b4-9749-e54dc370ae4e,dc3b2dd6-a7eb-4ed7-bf00-750e33978760,fbe91310-b6cd-43ea-b306-e65d2ee5eaad,TRUE,2026-04-08 19:12:39
fc000000-0000-0000-0000-000000002417,9c389b22-2883-44a8-a9ad-20a456d7ef06,dc3b2dd6-a7eb-4ed7-bf00-750e33978760,fbe91310-b6cd-43ea-b306-e65d2ee5eaad,TRUE,2026-04-08 19:12:39
fc000000-0000-0000-0000-000000002418,d9da3ea1-997f-4b4c-a39b-fcf836feec85,dc3b2dd6-a7eb-4ed7-bf00-750e33978760,fbe91310-b6cd-43ea-b306-e65d2ee5eaad,TRUE,2026-04-08 19:12:39
fc000000-0000-0000-0000-000000002419,29eb7107-c506-42fe-a43e-2bd442f38418,dc3b2dd6-a7eb-4ed7-bf00-750e33978760,fbe91310-b6cd-43ea-b306-e65d2ee5eaad,TRUE,2026-04-08 19:12:39
fc000000-0000-0000-0000-000000002420,58485e33-f7af-4fab-a98b-421f01ca4183,dc3b2dd6-a7eb-4ed7-bf00-750e33978760,fbe91310-b6cd-43ea-b306-e65d2ee5eaad,TRUE,2026-04-08 19:12:39
fc000000-0000-0000-0000-000000002421,d3c500a4-284b-43a5-a422-8d8b8f138096,dc3b2dd6-a7eb-4ed7-bf00-750e33978760,fbe91310-b6cd-43ea-b306-e65d2ee5eaad,TRUE,2026-04-08 19:12:39
fc000000-0000-0000-0000-000000002422,0820b858-896a-4a9a-b403-e32120c4e28c,7c844539-83eb-4880-b86c-dd05973f0e0a,08a2a1f3-d685-42b8-98ce-56296b83f1cf,TRUE,2026-04-08 19:12:39
fc000000-0000-0000-0000-000000002423,ef06db34-7a6c-426e-b65d-973bc962dbe9,dc3b2dd6-a7eb-4ed7-bf00-750e33978760,,TRUE,2026-04-08 19:12:39
fc000000-0000-0000-0000-000000002424,9b99de95-4dac-4010-81d6-009c7951c50f,1197ce03-96ae-4670-9ef3-28468625cf46,21f51f84-c1dd-4478-8fb0-1c10b08829a9,TRUE,2026-04-08 19:12:39
fc000000-0000-0000-0000-000000002425,eb40aad3-cea7-419e-83bb-c7cc83e1d858,dc3b2dd6-a7eb-4ed7-bf00-750e33978760,fbe91310-b6cd-43ea-b306-e65d2ee5eaad,TRUE,2026-04-08 19:12:39
fc000000-0000-0000-0000-000000000001,50424df9-899b-4ac9-9a5e-a969f6919b1d,166db338-a8c7-40d4-a1f1-205f38ecbfe4,5daaef11-b359-42ae-a481-9008f442a75c,true,2026-06-11 12:00:00
fc000000-0000-0000-0000-000000000002,66936a5b-31e2-41c0-ac92-a6ec7bc16b5b,166db338-a8c7-40d4-a1f1-205f38ecbfe4,5daaef11-b359-42ae-a481-9008f442a75c,true,2026-06-11 12:00:00
fc000000-0000-0000-0000-000000000003,78c33024-8b86-4f58-9841-1c37012a1210,62c39b63-682d-49fc-846a-5d4aea699bb8,7ae5deb6-cfed-4e61-846c-b5eef53ca1c5,true,2026-06-11 12:00:00
fc000000-0000-0000-0000-000000000004,f460b940-fb48-47af-8e6c-e6f6f848c017,166db338-a8c7-40d4-a1f1-205f38ecbfe4,6d17ca09-fb69-4a02-8244-9e7aca43ec04,true,2026-06-11 12:00:00
fc000000-0000-0000-0000-000000000005,08e7840a-ffed-4bdd-b817-4689b6e6359a,0b79e959-23ea-4ea8-9f43-07316e9636bc,993585dc-eeeb-470d-82d0-811e726d4025,true,2026-06-11 12:00:00
fc000000-0000-0000-0000-000000000006,f91719f4-9b28-442b-958d-f732380cf938,166db338-a8c7-40d4-a1f1-205f38ecbfe4,d4269dcc-4bf2-417f-881f-34c0230dc73e,true,2026-06-11 12:00:00
fc000000-0000-0000-0000-000000009999,65efbd24-f656-4f5c-a239-e689f037052d,8dcc57a0-79ac-45dd-9db0-efb3d1fd5299,f5aa12c0-a668-4178-b870-908ba1c7ac67,TRUE,2025-01-01 00:47:58
3e9316b3-2407-4a9d-bc1e-7826b532664f,132b19ed-a781-4b4b-8950-81cdb0c14de8,62c39b63-682d-49fc-846a-5d4aea699bb8,7ae5deb6-cfed-4e61-846c-b5eef53ca1c5,TRUE,2026-06-30 00:00:00
be1307fe-89bf-4f77-b5e6-1fd99e19d095,015bcabe-a22c-4acf-96fd-83d651d712d4,62c39b63-682d-49fc-846a-5d4aea699bb8,7ae5deb6-cfed-4e61-846c-b5eef53ca1c5,TRUE,2026-06-30 00:00:00
6899e96a-4f71-4e2c-8248-6c6a34172ae1,87caf08c-42e5-4eb9-b2db-2918c7e9add5,62c39b63-682d-49fc-846a-5d4aea699bb8,4624a696-5fad-422d-8e77-1050654d0dd2,TRUE,2026-06-30 00:00:00
a1f3bf46-f2bc-4fc9-b869-08697d5bb75c,50140725-61e1-4293-be22-850d116d803e,b74771d1-525f-4e76-84f1-0cdb1a0f499a,61aa6d89-a6da-4748-a699-86558c313a96,TRUE,2026-06-30 00:00:00
cf8048cf-6760-497b-9ce6-6290d84e2aa6,4e7e5e16-80a3-4681-a541-ba0bc175895f,0b79e959-23ea-4ea8-9f43-07316e9636bc,9ea54729-1b66-43b5-92e1-d2e43d96e995,TRUE,2026-06-30 00:00:00
0d44eacc-643e-4c1e-94b9-8716bd88cc19,a8648a6a-2bf6-451e-9179-681d69a99dc9,166db338-a8c7-40d4-a1f1-205f38ecbfe4,3f6ff324-28b8-4458-b1d2-8bb134adc7d2,TRUE,2026-06-30 00:00:00
ff414eb5-30b3-4bc0-a90f-efc4daaaff1f,9fab943e-1b1b-443c-9b61-c2210cb39674,0b79e959-23ea-4ea8-9f43-07316e9636bc,ad3add42-77cf-4906-9f4c-0329fbfc6936,TRUE,2026-06-30 00:00:00
e4797c10-549a-47ca-877c-e2a30745b994,31c24a8e-c3a2-4239-9e67-908acf559c95,166db338-a8c7-40d4-a1f1-205f38ecbfe4,43cccc9c-27f4-4c7a-abd7-8865e5ec646a,TRUE,2026-06-30 00:00:00
5cfd174e-b6d2-4a3e-b82e-aa5f97f4a7f5,93d2b297-948c-48cc-a12e-c0b99f4f13e2,d4e682a2-6c11-4d56-9671-19e9ceca8eaf,903d482f-7374-4b34-9bce-e9d7a15769a0,TRUE,2026-06-30 00:00:00
eb8e9b64-3288-41e9-964b-aee72c35aa54,61e6113c-53aa-4679-81ff-189d5b5402f4,d4e682a2-6c11-4d56-9671-19e9ceca8eaf,903d482f-7374-4b34-9bce-e9d7a15769a0,TRUE,2026-06-30 00:00:00
2bb4b8f0-2bb8-42bc-8328-1bccd2504c55,cbd2ded8-ed60-4eae-b1b3-8ebce955bd75,d4e682a2-6c11-4d56-9671-19e9ceca8eaf,903d482f-7374-4b34-9bce-e9d7a15769a0,TRUE,2026-06-30 00:00:00
8a6eea68-4e9a-47d5-8737-9d4ba8e82e00,fa2144de-3da3-4239-8e7e-d41e69364d7d,b74771d1-525f-4e76-84f1-0cdb1a0f499a,c748304e-ecc7-40b3-a7fe-5436d061b096,TRUE,2026-06-30 00:00:00
b823cbf2-2750-47bb-b312-8f8b531ea655,5ec7e7a7-6bc1-4178-ac1a-abddd9d35f53,166db338-a8c7-40d4-a1f1-205f38ecbfe4,99babc19-a93f-4b57-8fa7-1d2c939d640d,TRUE,2026-06-30 00:00:00
475e99b8-e2e6-441b-9069-396daa49023a,2e7d0db4-582c-4be8-86b6-1b341b8205b2,3d86e574-50f8-45a8-9ffc-6db1b6002331,2a71b280-3a52-4604-bba9-7feb80a3a1aa,TRUE,2026-06-30 00:00:00
d8cc777f-2cc9-44c8-a01e-0843dfa0b98d,4767b0c5-e6d4-4dd0-814f-dc7e8911c26c,166db338-a8c7-40d4-a1f1-205f38ecbfe4,84dc13be-ad53-4843-9cf4-5b3d86ca572f,TRUE,2026-06-30 00:00:00
5bae77b9-f222-469d-8ca5-19cc73ad3c7c,10490242-4bcf-40f0-9da0-9abc9dde22f2,b74771d1-525f-4e76-84f1-0cdb1a0f499a,2f523105-8d2f-4108-a20b-5a14db5c5745,TRUE,2026-06-30 00:00:00
8f723bca-35e7-441c-b53a-9c6ce5047c4d,21ccc026-c576-41c2-a6a7-b38728c2b902,b74771d1-525f-4e76-84f1-0cdb1a0f499a,2f523105-8d2f-4108-a20b-5a14db5c5745,TRUE,2026-06-30 00:00:00
ea43814e-e077-48ba-9f9f-d21500eb860d,f44b81c7-80ea-4734-ad3a-369433d93291,b74771d1-525f-4e76-84f1-0cdb1a0f499a,bd2e0108-e8af-4f95-95fc-00396da16286,TRUE,2026-06-30 00:00:00
d1cdf5a4-096b-4007-a7db-04fc95e47d05,5eb8fcf3-406a-4d59-85c8-f6c1c7961005,166db338-a8c7-40d4-a1f1-205f38ecbfe4,5daaef11-b359-42ae-a481-9008f442a75c,TRUE,2026-06-30 00:00:00
d298b68e-fed3-49ae-9732-4d5f35b15c61,55febc4f-6384-47c5-81d8-8a756b2073f5,b74771d1-525f-4e76-84f1-0cdb1a0f499a,2f523105-8d2f-4108-a20b-5a14db5c5745,TRUE,2026-06-30 00:00:00
6b064bf1-4afa-4884-9d7d-634080c9d37f,12076f32-c4fc-4de8-9c04-4423351f7e06,166db338-a8c7-40d4-a1f1-205f38ecbfe4,5daaef11-b359-42ae-a481-9008f442a75c,TRUE,2026-06-30 00:00:00
26e2a2d5-ea64-441b-8825-75ec04492e30,99830677-8a86-4fe7-a678-a59d7140ee10,166db338-a8c7-40d4-a1f1-205f38ecbfe4,5daaef11-b359-42ae-a481-9008f442a75c,TRUE,2026-06-30 00:00:00
481b9224-f7d6-4634-aa2f-cab16bf7a080,58cf7fa4-097f-4958-b2bb-9b1ae903fe1c,166db338-a8c7-40d4-a1f1-205f38ecbfe4,5daaef11-b359-42ae-a481-9008f442a75c,TRUE,2026-06-30 00:00:00
e02f4d17-7909-43e6-a216-f94fbc641475,19a354b0-7594-460c-a13f-1ae7f5110bec,166db338-a8c7-40d4-a1f1-205f38ecbfe4,d712afeb-45a3-4427-b92a-3d984124a4e2,TRUE,2026-06-30 00:00:00
0ed6d78f-d0fe-4c68-8d8e-7681d7d9087e,faa86067-233b-46fc-ac52-985ce8b1c68e,98f8b10b-7937-4f1c-8e02-d7ab4cb6b3df,9454c817-cf92-4c41-8478-8604ba974e00,TRUE,2026-06-30 00:00:00
b10c071a-4256-489d-bc45-b7d9f171ce0c,65750994-62d4-4194-be2a-15c8e731bce0,98f8b10b-7937-4f1c-8e02-d7ab4cb6b3df,9454c817-cf92-4c41-8478-8604ba974e00,TRUE,2026-06-30 00:00:00
86ce2286-f349-4209-b95d-bb4cdd7a8a85,cd2c6569-c807-4339-b5da-4e9798a73e8b,7b9de164-d073-4192-8dc2-8d03c6d417d9,e5f7ab5f-45f1-4546-8f79-18e34f0afada,TRUE,2026-06-30 00:00:00
4825e247-2f9d-4e18-a9a8-97f5c5dd0ee8,ee905519-50a8-465e-99c3-89a506142fd3,7b9de164-d073-4192-8dc2-8d03c6d417d9,63cf0f7f-6991-4c2e-bc85-c2f46bbe864d,TRUE,2026-06-30 00:00:00
cf4d9f83-11f7-4296-baef-0857975e18f3,220523e6-31a9-4de2-849c-8f39d624446f,7b9de164-d073-4192-8dc2-8d03c6d417d9,5fba09d1-e9d5-4051-bfed-63e04f4753ef,TRUE,2026-06-30 00:00:00
d5c11602-2b6c-4f23-a1f8-7d766496453d,5ddb02c8-c24e-452f-9007-a32550dac7be,7b9de164-d073-4192-8dc2-8d03c6d417d9,70541149-eb4a-479d-a4ee-28c558a3728c,TRUE,2026-06-30 00:00:00
23cb9972-a3f5-4a1a-8220-c5b3193abb97,965ac5c4-2d04-4f14-a771-8f615351a935,d4e682a2-6c11-4d56-9671-19e9ceca8eaf,2c423435-c4e4-433c-bd31-fac40f66a06f,TRUE,2026-06-30 00:00:00
74b0bc08-9283-452d-a21a-e2beba0e35e7,31e0d3e8-209f-4573-9d88-8adfc425256f,9918b58c-0ff3-41f5-9d0a-a8d7657a9063,3b296ad1-a6cf-4cf4-8565-3cc03c934862,TRUE,2026-06-30 00:00:00
5e2f4c9b-fc3b-46d1-bf04-a52863e9ac15,8cdb715d-9aa9-4235-ad8e-c6a821a2bf37,d4e682a2-6c11-4d56-9671-19e9ceca8eaf,c9da652e-84b0-4dee-a079-0d82bbc836b6,TRUE,2026-06-30 00:00:00
e79c0bcd-a810-4a29-b913-cc3d1aa1b1c9,125cc2e0-8ee5-49e4-8db2-09f19625b6f8,9918b58c-0ff3-41f5-9d0a-a8d7657a9063,bf5adf7a-4ead-46d5-affe-de778d87a80d,TRUE,2026-06-30 00:00:00
fab088ce-2be9-44b8-ba0e-7cdf7b020a31,b5d95233-60a9-4bd5-91bc-171b821cb808,3b22f2af-f1cc-4c7a-8fdb-4066f1a9579f,2900f54c-67a4-491f-9759-4062827acd2b,TRUE,2026-06-30 00:00:00
8b204610-74a3-49fc-bdf1-09c80088e967,01ecf5c2-e141-4876-9a3d-e193059405a4,3b22f2af-f1cc-4c7a-8fdb-4066f1a9579f,2900f54c-67a4-491f-9759-4062827acd2b,TRUE,2026-06-30 00:00:00
0d732450-7848-4028-be48-d93d8572e121,d2258149-db99-4b40-a6b2-6a8a34daa758,3b22f2af-f1cc-4c7a-8fdb-4066f1a9579f,af40b925-c5f8-4ad4-b17d-25cfed84575c,TRUE,2026-06-30 00:00:00
c1be7e6b-b8a7-4dab-854e-ca97bfd90663,e3a4c254-ef5b-47ef-95ea-3806d3fa74f4,e59829d0-542b-4336-b6e3-ba8ad5352cf5,43995943-e758-4276-80ec-4bfdc6f55e22,TRUE,2026-06-30 00:00:00
1e850c7a-aad7-42d0-b9fc-f8ce3bf34097,473ca33b-1889-4e50-aa3b-9128c948b3b2,2dd61521-ccb4-4d75-8971-0041a5221353,ebf3b7be-c30c-4559-b1cd-206d16a54a67,TRUE,2026-06-30 00:00:00
4830ee72-3c41-40aa-9714-896acf10c02a,f6055ee6-15f0-4f9a-b387-be1102fde6e5,23183514-291d-462e-b71f-65b5430befab,4965f8e3-d562-4583-813d-b6873caa61b3,TRUE,2026-06-30 00:00:00
45df7bf9-0c4b-49b0-8b75-a382c96bba79,ec95056d-69ae-42b3-8867-aa4705b444ec,3b650d39-6d38-4883-8e17-08edc952db6f,32513e0b-a0d7-4c4f-ac5d-400b4e267d90,TRUE,2026-06-30 00:00:00
1778b119-cbfa-4638-9758-55e074adc934,22195bb3-a6e0-4f5b-8db8-c92b0c726432,166db338-a8c7-40d4-a1f1-205f38ecbfe4,511a0e01-9e79-43ff-9ab9-9149cc401e00,TRUE,2026-06-30 00:00:00
161bcddb-b0be-4e24-a604-7ac58ed0ca93,f267e505-b312-48a0-b390-7d1e4fcff0e2,8a08a4b2-48b2-4910-8db2-12cd43727c6a,6f7b2442-ddf1-4bc1-95e9-82246fe07836,TRUE,2026-06-30 00:00:00
69c79881-f76c-4b6c-9bd7-865a84dc81f0,a6ad1ebc-0865-428b-9e20-dba86a38a93a,b74771d1-525f-4e76-84f1-0cdb1a0f499a,2f523105-8d2f-4108-a20b-5a14db5c5745,TRUE,2026-06-30 00:00:00
414768ed-c5b6-41cc-a8de-20056dbb47d7,93600913-c132-4f4a-944c-b3f070f97268,6ecdb171-89ed-4af6-b3ec-ebbf8503f2e9,673ab04b-0a76-470a-9d0b-d99c9c954f5d,TRUE,2026-06-30 00:00:00
9580b0dd-e4bf-42ae-b4cd-d29433a1ccf3,cb524111-db50-415d-bf6f-783394d1ae2c,6ecdb171-89ed-4af6-b3ec-ebbf8503f2e9,2688d7e7-25c7-4016-baf0-3b8c73e4bb40,TRUE,2026-06-30 00:00:00
88fbcd22-eb30-4489-806a-ad2e50fce83a,781697f3-c9df-415e-96cf-890d83245c84,166db338-a8c7-40d4-a1f1-205f38ecbfe4,5daaef11-b359-42ae-a481-9008f442a75c,TRUE,2026-06-30 00:00:00
25372234-f565-44d9-8688-0cb4d695f5ed,4388de36-9fa4-412d-bef3-2a73c0053748,166db338-a8c7-40d4-a1f1-205f38ecbfe4,8a697b93-ca8c-468d-9750-ce5eba1299fc,TRUE,2026-06-30 00:00:00
db606278-75dd-4458-9beb-b434f3c9e1d8,cb6bb65c-3bf6-4683-91d6-b16fd0bde935,166db338-a8c7-40d4-a1f1-205f38ecbfe4,dce9587d-d117-4092-a13c-b6b15f56eff1,TRUE,2026-06-30 00:00:00
d2fb1a4d-37b1-4540-b961-824f2550c33d,83e7a8d7-9b31-4e9e-8797-a8a693d4b9f6,166db338-a8c7-40d4-a1f1-205f38ecbfe4,18f37dc9-dc31-4dad-bf8b-5e222df2bd41,TRUE,2026-06-30 00:00:00
051bca98-19bd-4ab7-b566-4058bff3c149,f29de690-191d-41bb-8272-a65ee7537f34,3d86e574-50f8-45a8-9ffc-6db1b6002331,d22240e8-6262-43fa-952d-ad86921f6577,TRUE,2026-06-30 00:00:00
d065896a-e6db-4c0b-bbbb-130878e8c649,2b395d16-2fa6-4685-a070-3d62a088faee,dc57314f-b972-4224-825b-9fd5c6edac50,01a46552-a47b-4125-ab39-160041559a8b,TRUE,2026-06-30 00:00:00
00f14734-4e1e-4672-8e03-a36ce249144c,9ae99a0c-c50a-43e5-9d54-05c38d133082,92b87e88-3338-4388-8464-6adcb7ba5312,f40fd0dc-8e3e-4999-8a97-18a05f247d9a,TRUE,2026-06-30 00:00:00
b163a95c-e55d-400e-b66a-1a976e4c6937,6bcc6edb-4096-4c18-83e6-64513eaac34c,64bfffcf-099d-4c7a-9d2c-e94a4ca6e769,2bb82d9d-2e09-44c2-936a-609b320109dc,TRUE,2026-06-30 00:00:00
c50a47b1-2187-45f6-8e19-ebd306fec249,b22faef2-0728-4f10-9355-c6112dbf2d23,166db338-a8c7-40d4-a1f1-205f38ecbfe4,a7738bba-a9cb-4195-b2fb-54fcd5403ffe,TRUE,2026-06-30 00:00:00
ec03330b-3385-4df7-b3d7-ce27a9d693ff,44fcae13-ee47-4f1a-a43c-a62100aff2c7,dc57314f-b972-4224-825b-9fd5c6edac50,d6eb6c99-5851-47de-b41b-d1dc75867ee7,TRUE,2026-06-30 00:00:00
debf3d2e-0466-426b-9e05-bf007d6bc678,a9ba44f0-98d7-405b-88e5-cd34bd3e551b,166db338-a8c7-40d4-a1f1-205f38ecbfe4,a7738bba-a9cb-4195-b2fb-54fcd5403ffe,TRUE,2026-06-30 00:00:00
2213daed-0c3e-493b-b5dc-64c25631bc2d,1595131f-12e9-4142-9b1c-6d6e590cea34,98f8b10b-7937-4f1c-8e02-d7ab4cb6b3df,6716d796-ff68-4c95-85ed-503be0b0a458,TRUE,2026-06-30 00:00:00
bcce6f5a-8c8e-4e13-9f22-17f90afe87c4,da179059-b583-4960-b17d-9c19db2cd3e2,166db338-a8c7-40d4-a1f1-205f38ecbfe4,50a588d1-fb8c-4aaa-9850-8d29e8ae3e53,TRUE,2026-06-30 00:00:00
8d5e4b4a-5e0d-46de-a67c-594a5da90433,33b8a77a-8f37-4222-a14e-db8e68be8c4d,b74771d1-525f-4e76-84f1-0cdb1a0f499a,3dd00644-2320-4f63-9249-3e138a9f1bbb,TRUE,2026-06-30 00:00:00
de0ccd67-afe4-420a-bffa-016f867ed961,2f32d54c-8544-4c12-9086-a8a972f9c28f,3d86e574-50f8-45a8-9ffc-6db1b6002331,a1f55b8e-6f8f-41be-962f-46f0496d7dc0,TRUE,2026-06-30 00:00:00
a26985b9-ed82-4f74-b7dd-29f19805b9fe,e0440431-d38f-4653-a092-529059919d73,0b79e959-23ea-4ea8-9f43-07316e9636bc,fd9167f0-1d50-45bc-bae0-2d9a0f706723,TRUE,2026-06-30 00:00:00
dfb1d831-6828-44aa-b69c-19a82795319e,be95806b-3892-424e-80ef-0d53a8a1ff01,62c39b63-682d-49fc-846a-5d4aea699bb8,50867e6d-eaeb-4b7f-8ab9-c2cec89b49b4,TRUE,2026-06-30 00:00:00
c3bf6f33-e295-4b7e-906e-c0851849b4eb,328be802-b105-4049-af60-8799dd5b80b5,0942470c-1b49-43f7-9060-069a02f105cd,00c8b328-0939-4c4b-94de-08842bdbc94e,TRUE,2026-06-30 00:00:00
639f5292-a905-472e-b1f0-99f133322363,f153db58-3c8f-414f-81f7-2541f34c8ceb,8a08a4b2-48b2-4910-8db2-12cd43727c6a,bf2484c2-7bdd-4a30-b764-70363fe22b2d,TRUE,2026-06-30 00:00:00
d7ff648b-2d3a-4aa4-8c1d-d220d5d03c4b,0ee0ee2c-98ad-4771-ac4c-c587fed4eeaf,b74771d1-525f-4e76-84f1-0cdb1a0f499a,9a14c301-52f5-45e2-8946-0cb97c0de083,TRUE,2026-06-30 00:00:00
b4e0506a-f386-4629-9c03-55aa3181a2be,5368f202-aa79-472d-9064-63d9c6c53dd6,b74771d1-525f-4e76-84f1-0cdb1a0f499a,2f523105-8d2f-4108-a20b-5a14db5c5745,TRUE,2026-06-30 00:00:00
40d5e71e-324f-4d2f-b429-c72382209ec0,19c9f8af-9d50-4909-9690-7345baba2a27,2625f96a-0792-4351-b2f1-1ac8bfa2914c,c3cc69b2-3c6c-430d-ac0a-8dbe8518ddc3,TRUE,2026-06-30 00:00:00
7da5543a-a9d4-4ff9-b099-b58926dcff07,a7f7f760-ea73-4775-913b-1552ead2beab,2625f96a-0792-4351-b2f1-1ac8bfa2914c,fd44b7ef-c79e-476b-a39e-dca29d11bcb5,TRUE,2026-06-30 00:00:00
c3da1261-392a-4170-b85b-905a2edfb06b,6c79cfe8-bb0f-4420-b17d-0852fc8d0315,2625f96a-0792-4351-b2f1-1ac8bfa2914c,c745eeb7-eeae-4a12-8636-ec4f3fd04704,TRUE,2026-06-30 00:00:00
7e083889-d6e8-4e76-8de5-77fd9d698df2,b6310949-548c-4d1e-8944-9c6d3bd055cc,2625f96a-0792-4351-b2f1-1ac8bfa2914c,58312aea-d19d-4496-b405-92657123dfad,TRUE,2026-06-30 00:00:00
1f605d34-8197-4399-a459-bb00b1134da4,cf60ccbf-4f7b-4c94-9935-212026bac592,2625f96a-0792-4351-b2f1-1ac8bfa2914c,98827cc7-dc77-4e31-967c-4fc97dabefa6,TRUE,2026-06-30 00:00:00
75835399-6c39-4b5b-a14e-915661153a67,d1799830-4575-48df-834e-4eab62687407,2625f96a-0792-4351-b2f1-1ac8bfa2914c,ee45b4a9-f5fb-4ddd-8b7f-dc5fce09b5ca,TRUE,2026-06-30 00:00:00
6fd5d013-072e-4145-b442-7b29ddf31fcf,1dd18e36-a1ff-430c-bda2-a9a905c18569,2625f96a-0792-4351-b2f1-1ac8bfa2914c,afd9070d-5830-47da-b180-c39e439720d1,TRUE,2026-06-30 00:00:00
9eaf0609-b1d1-493a-b3a2-7c8692528753,fbf6cfba-ebdb-4389-bd70-bd2caf697d69,2625f96a-0792-4351-b2f1-1ac8bfa2914c,b78ea7f7-d5fb-415d-8d50-842f38719073,TRUE,2026-06-30 00:00:00
3d5218bc-268f-44b0-9174-e75b4fe622ff,54d0bc9c-d370-48a8-b3d7-b3801aaa7a7e,2625f96a-0792-4351-b2f1-1ac8bfa2914c,2a421e42-7f45-4b0a-9f2f-a871604c3c70,TRUE,2026-06-30 00:00:00
53aeba05-f6a5-4bc5-9785-1f06a755e933,3946be35-08a0-4cb2-9607-e9afbdf174ae,2625f96a-0792-4351-b2f1-1ac8bfa2914c,5086d894-32e0-4f2a-a544-11952a3e47d3,TRUE,2026-06-30 00:00:00
7110f8b6-6f4e-496b-915f-a9db12701863,78c69409-cd7c-42bc-ba2d-c5490ebaa513,d4e682a2-6c11-4d56-9671-19e9ceca8eaf,c9da652e-84b0-4dee-a079-0d82bbc836b6,TRUE,2026-06-30 00:00:00
998152b0-06f4-4bb0-9523-790faab77e5c,a585add1-51b3-4135-8150-21815f8752d8,166db338-a8c7-40d4-a1f1-205f38ecbfe4,5daaef11-b359-42ae-a481-9008f442a75c,TRUE,2026-06-30 00:00:00
9019d7d4-f021-4424-84ee-21eb35e77298,8aacc864-a021-464f-b329-07c493b7726c,d4e682a2-6c11-4d56-9671-19e9ceca8eaf,8414fc01-10d3-4be7-bd6c-74942d773c96,TRUE,2026-06-30 00:00:00
59af06ba-71fd-49b6-8a39-96356a488cdb,c4e91149-5aa6-4c44-a015-ceac23f5c277,166db338-a8c7-40d4-a1f1-205f38ecbfe4,5daaef11-b359-42ae-a481-9008f442a75c,TRUE,2026-06-30 00:00:00
d0789644-ca3a-425e-bdc2-af546da73e35,ef6a407f-0e36-4659-9e87-1dfd8276f906,3d86e574-50f8-45a8-9ffc-6db1b6002331,8165cbb9-698b-47c8-89c3-1551e957a267,TRUE,2026-06-30 00:00:00
b45e765f-efeb-4fc8-a99d-1d95525d9d31,71ad407f-9671-4258-a38d-d5e526c366f7,62c39b63-682d-49fc-846a-5d4aea699bb8,50867e6d-eaeb-4b7f-8ab9-c2cec89b49b4,TRUE,2026-06-30 00:00:00
7705c02e-56a9-414f-9316-140b89d7ae26,c316684f-eb8a-4f72-9c52-50d2a62a6146,62c39b63-682d-49fc-846a-5d4aea699bb8,50867e6d-eaeb-4b7f-8ab9-c2cec89b49b4,TRUE,2026-06-30 00:00:00
bcea7b07-8d04-4825-805c-874ec4ead7b9,b875a94a-636c-4f8d-baca-9da02fab8114,62c39b63-682d-49fc-846a-5d4aea699bb8,50867e6d-eaeb-4b7f-8ab9-c2cec89b49b4,TRUE,2026-06-30 00:00:00
ce363b31-eca4-434e-a273-ce8fa9581a07,eaacbbbd-0609-4fcd-b069-ebe730cf29a1,62c39b63-682d-49fc-846a-5d4aea699bb8,50867e6d-eaeb-4b7f-8ab9-c2cec89b49b4,TRUE,2026-06-30 00:00:00
519662cc-22d6-4868-b07f-82273dd6739c,e060b835-514a-40ad-8bbd-bea191fcb3b1,62c39b63-682d-49fc-846a-5d4aea699bb8,50867e6d-eaeb-4b7f-8ab9-c2cec89b49b4,TRUE,2026-06-30 00:00:00
742ffa36-5097-4794-9b0f-6f8b729ee0d0,93ed919f-eabd-4c6d-8338-7c109df5bf2e,62c39b63-682d-49fc-846a-5d4aea699bb8,50867e6d-eaeb-4b7f-8ab9-c2cec89b49b4,TRUE,2026-06-30 00:00:00
b5570ab8-6b6b-4099-8311-57fd70c9e7a5,b87233d2-525f-4c62-843d-9a436a5dacbf,62c39b63-682d-49fc-846a-5d4aea699bb8,50867e6d-eaeb-4b7f-8ab9-c2cec89b49b4,TRUE,2026-06-30 00:00:00
bb93c8f9-5ffc-4b44-9f65-c044594369f5,d98cb950-568f-4caa-b5cd-05959dd564a7,62c39b63-682d-49fc-846a-5d4aea699bb8,50867e6d-eaeb-4b7f-8ab9-c2cec89b49b4,TRUE,2026-06-30 00:00:00
58ddef38-dc3c-48ff-9970-75728a5274f1,aecb2fca-3e8e-4e26-a636-ff1927809793,8a08a4b2-48b2-4910-8db2-12cd43727c6a,6f7b2442-ddf1-4bc1-95e9-82246fe07836,TRUE,2026-06-30 00:00:00
3dea7688-1c13-413b-bb21-a97745fc1a3d,c49d382e-1b42-4638-be1e-f338428064fe,8a08a4b2-48b2-4910-8db2-12cd43727c6a,f546cfeb-b666-436f-93f6-7462e8d53c23,TRUE,2026-06-30 00:00:00
339280b3-6f22-4987-854d-e07a06abe560,b439adb9-b74d-4cb5-89bf-b5f0700a5b73,8a08a4b2-48b2-4910-8db2-12cd43727c6a,51ae7b96-dbd7-40b9-b3e0-aacbfa02cfd9,TRUE,2026-06-30 00:00:00
d0eb90cb-eb00-4649-abb3-30ad28c9fb17,a24506df-41ce-4fa4-a02c-93f499b681fd,d16e146c-c673-447f-af4b-0ef8f4d4c703,fc19f388-348c-42da-8e97-515a435e9856,TRUE,2026-06-30 00:00:00
089a3a61-d3a6-472b-b31e-a8a3dfc9b7df,676ca1d9-93ca-431b-8148-7452be45faa6,d16e146c-c673-447f-af4b-0ef8f4d4c703,5238e7f9-630d-46db-9db2-958a9fa72bc7,TRUE,2026-06-30 00:00:00
0e060a86-51b4-49ca-b210-462f2c8e8db6,417dbd67-1e7d-4cee-ac34-13a00ee939e9,d16e146c-c673-447f-af4b-0ef8f4d4c703,dd4a46c1-59d3-4a61-b9fa-6bc401fff840,TRUE,2026-06-30 00:00:00
b669c700-149b-4ab9-b005-ac9dd043750b,6913c04d-3517-4cba-af2d-75cf7969acbe,166db338-a8c7-40d4-a1f1-205f38ecbfe4,46e2d6d1-f8a1-4f5c-97e8-450859465f9d,TRUE,2026-06-30 00:00:00
3c2d19fb-0fdc-4d24-a127-eaf8d2cdd9aa,34e361e0-4d55-427f-b8c1-36d29ea03e19,b3665c47-d5e9-43f6-9308-5ce3c7a6969b,a0f5ddf0-edfc-40cf-af88-208d5a7eaffb,TRUE,2026-06-30 00:00:00
5a75bcd3-34d4-4ba0-97bb-2616ef258b97,2358b7d0-b2f9-4a43-8eee-8d8f47188b43,7b9de164-d073-4192-8dc2-8d03c6d417d9,163848d5-8db6-40cb-8a1f-9dba13e4e5ab,TRUE,2026-06-30 00:00:00
0711a7fa-70ab-45b4-b78a-1d60d8a325f8,0266c957-02bb-4c93-9323-a49905bcbf08,166db338-a8c7-40d4-a1f1-205f38ecbfe4,89911b38-4dcb-4c54-960f-ba165a3d2c61,TRUE,2026-06-30 00:00:00
dbf7e92b-f2de-4b02-879d-8fe2198e152c,8694761c-2a57-4f59-b447-72db57f2672e,166db338-a8c7-40d4-a1f1-205f38ecbfe4,1b016df4-c629-45df-b833-38e7b31a1e63,TRUE,2026-06-30 00:00:00
5d01d27b-6963-4487-9c04-80bc1158719a,78e52b42-524d-4b71-b0ad-1150b194059f,8a08a4b2-48b2-4910-8db2-12cd43727c6a,335b5909-3928-436e-933e-bce7fd00e514,TRUE,2026-06-30 00:00:00
c4868eed-8460-4c5d-a4e2-991757726a8a,e65b2a66-6406-4c3d-a2ae-a74ac7405a89,166db338-a8c7-40d4-a1f1-205f38ecbfe4,79a12143-da0e-453c-9d46-89fd93af587f,TRUE,2026-06-30 00:00:00
f12d273e-a952-4c1a-85cc-b85078cc14c7,9426f07b-7a6e-4284-995d-c86c6894e5c9,166db338-a8c7-40d4-a1f1-205f38ecbfe4,b79c53b1-fa89-4ed9-a928-f36a02d57778,TRUE,2026-06-30 00:00:00
8fbabac6-5e1f-4659-8cae-6c67335da16e,be6e5e3b-e6bb-4ca8-b94e-70245440ba83,b74771d1-525f-4e76-84f1-0cdb1a0f499a,2f523105-8d2f-4108-a20b-5a14db5c5745,TRUE,2026-06-30 00:00:00
3502db07-383e-4371-abc3-29e0681e14c2,0847eda9-813f-41e7-afac-1c4cea6bb68b,166db338-a8c7-40d4-a1f1-205f38ecbfe4,5daaef11-b359-42ae-a481-9008f442a75c,TRUE,2026-06-30 00:00:00
9fe6e806-71ac-45c8-bf8e-a6782528c485,057ca7bb-6c64-4fd9-baf2-8f51de955807,166db338-a8c7-40d4-a1f1-205f38ecbfe4,5daaef11-b359-42ae-a481-9008f442a75c,TRUE,2026-06-30 00:00:00
d02ef542-7af3-496a-bc1c-38792bfa8b69,d3e7deda-6f23-4a5b-8d0b-09071e5fc393,64bfffcf-099d-4c7a-9d2c-e94a4ca6e769,8e1344c7-b836-4970-8831-e4a1a5fc188f,TRUE,2026-06-30 00:00:00
a98052f7-fcd4-4ee6-abf6-9e7621317a96,a0862312-56dd-4c18-9f5b-d05d0726e1f6,92b87e88-3338-4388-8464-6adcb7ba5312,28f3304d-75b7-48bb-9bfa-4ae4cb57fd06,TRUE,2026-06-30 00:00:00
5685826c-f4ac-4f6c-92e9-38fa4218b051,1b596351-195d-42af-8d53-b9b90e57de4b,92b87e88-3338-4388-8464-6adcb7ba5312,49e24075-1f79-4b18-80ce-0723bdaac26a,TRUE,2026-06-30 00:00:00
c07242a9-4f0c-4694-8903-d93cb30d427f,8e96d5d2-8bc4-4f05-9da6-d8d7e4f7961f,92b87e88-3338-4388-8464-6adcb7ba5312,d2db2e7e-4095-42ca-9781-bf5847459113,TRUE,2026-06-30 00:00:00
60fc432b-0bd6-44f0-80a7-db66aba4cd92,413c5df2-4c5d-4b98-9685-5dec7e509819,166db338-a8c7-40d4-a1f1-205f38ecbfe4,dce9587d-d117-4092-a13c-b6b15f56eff1,TRUE,2026-06-30 00:00:00
318a7625-beea-4920-8365-ff2df8cbeedb,6224b9e5-fd51-4f1f-922a-9a86058ed148,b74771d1-525f-4e76-84f1-0cdb1a0f499a,edd9c018-71f2-41b4-9adb-8ca87c9a3c05,TRUE,2026-06-30 00:00:00
831b5c97-e211-4aa2-a8df-4eed0a2def34,25890fff-27b2-4244-981c-89ffd64348dc,b74771d1-525f-4e76-84f1-0cdb1a0f499a,28fa4644-4701-474f-b73c-db148f433322,TRUE,2026-06-30 00:00:00
f14b6218-6b00-4817-a70b-212d94949c82,c038e3d2-e00c-4270-a3fc-93cb9393b4fe,0b79e959-23ea-4ea8-9f43-07316e9636bc,0e905343-d492-4322-9df7-26de5255be77,TRUE,2026-06-30 00:00:00
890baab5-9aaa-40c1-88ac-4d57737bf325,a6d64c2e-b571-4c71-ab00-6acd173191d7,166db338-a8c7-40d4-a1f1-205f38ecbfe4,5daaef11-b359-42ae-a481-9008f442a75c,TRUE,2026-06-30 00:00:00
50c1ae5b-3782-462d-9865-1ba98e223314,7e1694ca-c969-4a7f-8bba-936154f736b9,166db338-a8c7-40d4-a1f1-205f38ecbfe4,ee12bd43-a360-4229-9981-ed110b1dd0f6,TRUE,2026-06-30 00:00:00
6d935843-edd7-4223-ae61-fae5de7268e7,d5358dba-3c3c-4688-a378-f6af6c24fd1d,117a68bd-c456-4875-b908-f34003d629ed,8ae2c2b2-6821-4bb7-8065-794a9d849427,TRUE,2026-06-30 00:00:00
045c758e-0b43-4af8-9b8f-79f4bca89d7c,aee63107-b16e-4d8f-afdf-919dc10c301c,7b9de164-d073-4192-8dc2-8d03c6d417d9,70541149-eb4a-479d-a4ee-28c558a3728c,TRUE,2026-06-30 00:00:00
edc5fdbb-a907-43d9-b5e0-43cc330dd285,9b461d50-3251-47b3-b5dc-d702a67d84ae,d4e682a2-6c11-4d56-9671-19e9ceca8eaf,5fc7d47f-c343-4952-a62e-3d06e1c437da,TRUE,2026-06-30 00:00:00
8854261d-7570-47fa-859b-43e48e9e67d4,a09e1bdc-5987-4a05-a8b5-9db24b512f79,0b79e959-23ea-4ea8-9f43-07316e9636bc,c32638b6-f79e-4a50-8609-a32d46a04ee5,TRUE,2026-06-30 00:00:00
b2ad7bbe-1c2c-49ac-a684-bed8930cdcf0,41bf32fb-aa8e-495a-8023-7af2fbb5c2b1,d4e682a2-6c11-4d56-9671-19e9ceca8eaf,48808840-c428-4ff6-a656-a0a49766a74c,TRUE,2026-06-30 00:00:00
5ea96572-2681-4798-a85e-e62e22858955,572a4103-8ef6-410b-bb6b-4f96a9ca75c3,166db338-a8c7-40d4-a1f1-205f38ecbfe4,5daaef11-b359-42ae-a481-9008f442a75c,TRUE,2026-06-30 00:00:00
2d0cd9ab-16fa-4930-8a97-a66c1a6fdf59,c0ac0337-600b-4eac-b170-5b606faa4aad,0b79e959-23ea-4ea8-9f43-07316e9636bc,a824340d-d09e-4329-b740-52f9cf173692,TRUE,2026-06-30 00:00:00
b35e3d0f-2862-4a49-8b87-06dfb50c4628,b8b6a8b9-6805-453f-bfdb-e0e506627fc0,d4e682a2-6c11-4d56-9671-19e9ceca8eaf,18020ff2-0b1e-4e68-a955-ee7134a17249,TRUE,2026-06-30 00:00:00
afe837f4-efa0-471f-a2a3-e6bf590c3c58,261531c8-7e50-44aa-810b-733ea0fa40f3,166db338-a8c7-40d4-a1f1-205f38ecbfe4,bf8c7a6f-bdea-4570-b0ae-3dd2deaaf5af,TRUE,2026-06-30 00:00:00
110c4f28-af04-47cc-815d-d4bb76a6348e,a5eac8d3-c2bc-4c8c-8963-becd3e4f9ccd,7b9de164-d073-4192-8dc2-8d03c6d417d9,70541149-eb4a-479d-a4ee-28c558a3728c,TRUE,2026-06-30 00:00:00
d4439ed5-a49c-479f-981c-e17986da1446,d1076dad-9816-4e7f-9d82-d199af2fa247,7f11b10a-9459-4407-8152-4a141cf31cf0,b60daa23-b27a-4acc-90a1-a198f3a530d8,TRUE,2026-06-30 00:00:00
963ca50d-7e2a-4008-8cfe-f04b029da5b4,e561e140-4a8c-4187-835b-ce7755ed6431,0b79e959-23ea-4ea8-9f43-07316e9636bc,86d7ad36-c294-455c-a8be-299c23602770,TRUE,2026-06-30 00:00:00
8d45ccd6-dd8c-4838-9871-11e9cd0215e8,e3f57f88-5b5c-48c5-af95-5989983d6060,7b9de164-d073-4192-8dc2-8d03c6d417d9,27cff992-afa5-4170-a6b5-f63ef03241c1,TRUE,2026-06-30 00:00:00
727b971e-9c2c-4aed-8953-f669b6d8a71a,304ee1d5-8ccd-4d51-8b7d-4731887f8eef,7b9de164-d073-4192-8dc2-8d03c6d417d9,27cff992-afa5-4170-a6b5-f63ef03241c1,TRUE,2026-06-30 00:00:00
c0243a13-08e1-4943-8b58-f75ecb8064d4,039cf184-6bc1-4abe-aaef-29d05586d920,92b87e88-3338-4388-8464-6adcb7ba5312,4ef1bb03-b87f-4b72-8c7a-552a85b2a644,TRUE,2026-06-30 00:00:00
8115b369-30a4-4504-8b80-4a3ccd992aed,b8979dff-daa1-4142-9760-c5f33fbabd00,b74771d1-525f-4e76-84f1-0cdb1a0f499a,2f523105-8d2f-4108-a20b-5a14db5c5745,TRUE,2026-06-30 00:00:00
23d16aa4-75b2-4de3-8f8c-3ad95182cd15,e444e523-2075-4635-afbb-4d824aa551e0,b74771d1-525f-4e76-84f1-0cdb1a0f499a,2f523105-8d2f-4108-a20b-5a14db5c5745,TRUE,2026-06-30 00:00:00
f79b2f51-4a60-4072-ac16-8586930207f9,629d33b7-e347-482a-90db-6ea48aa15616,98f8b10b-7937-4f1c-8e02-d7ab4cb6b3df,c5196174-8c72-49be-8167-6c98f4428a75,TRUE,2026-06-30 00:00:00
0d8d2f3b-0edb-436b-8a1f-1fac6677b36f,5e0c5535-1e38-4946-bec6-2e98efe6827a,117a68bd-c456-4875-b908-f34003d629ed,5ea1cabd-bbc7-4c89-8bf2-77ce30f5e0e2,TRUE,2026-06-30 00:00:00
4f7c1341-a90b-47a6-9f79-57b7c6fb61f6,ba4338c9-c766-4890-a34e-d21e26e0cc4d,6ecdb171-89ed-4af6-b3ec-ebbf8503f2e9,2688d7e7-25c7-4016-baf0-3b8c73e4bb40,TRUE,2026-06-30 00:00:00
d4819447-e21a-4395-8cc5-0a6a5892ed5f,2ac909c6-bb36-4426-bd03-bccecf1f8176,166db338-a8c7-40d4-a1f1-205f38ecbfe4,5daaef11-b359-42ae-a481-9008f442a75c,TRUE,2026-06-30 00:00:00
e5ec9069-0639-4328-83f1-429431a6bf21,46550b49-603d-4842-ac65-a2b744ab48a2,38f71315-0ed3-4baf-84ca-abd4cb4c24d2,eb65f2a7-7227-41b2-bc76-170b3ffd03a9,TRUE,2026-06-30 00:00:00
94cd7387-3f85-417c-af51-6594c8c14596,ac880074-4c0c-42aa-9b3a-2b9caac94bf2,7b9de164-d073-4192-8dc2-8d03c6d417d9,35b9b0c6-593d-43ac-8308-73b198a6d2e8,TRUE,2026-06-30 00:00:00
6cdde19d-95fb-4656-8059-8d2ed8496389,2eac0371-11da-4fb6-867e-076366245b69,0b79e959-23ea-4ea8-9f43-07316e9636bc,2d41629e-9521-460b-b8ef-471079d6ca1a,TRUE,2026-06-30 00:00:00
1096baf0-991c-4bf3-b854-2d620fac58a5,6365d226-7150-45a3-a646-948908176317,166db338-a8c7-40d4-a1f1-205f38ecbfe4,5daaef11-b359-42ae-a481-9008f442a75c,TRUE,2026-06-30 00:00:00
fc000000-0000-0000-0000-000000001494,d49f705c-df87-4852-80b3-e78e1b1d2e01,a1111111-1111-4111-8111-111111111111,a2222222-2222-4222-8222-222222222222,TRUE,2026-04-08 19:12:39
