id,franchise_id,rating,rating_count,follow_count,likes_count,view_count,save_count,share_count,enquiry_count,news_count,created_at,updated_at
4fa2cca6-3660-478c-a1c4-3c087c9f9af3,b38c39c0-b9f6-495f-b8be-a65b1c0b9221,,0,0,0,0,0,0,0,0,2026-01-10 12:02:52,2026-01-10 12:02:52
96c6a571-0061-4589-85bd-331505420ba0,c8f6989c-d785-4cf7-b127-b7ba288a3314,,0,0,0,0,0,0,0,2,2026-01-10 12:02:52,2026-01-10 12:02:52
a86a5963-0980-4d5e-af2a-b32cc0ed0492,b297c5b9-82e3-4c3d-88fc-c509ae881207,,0,0,0,0,0,0,0,2,2026-01-10 12:02:52,2026-01-10 12:02:52
99e7b950-4b26-436d-aa3e-a76139a2baf7,6a8c08c9-ef66-48b0-a68e-e9e0b7b40fcc,,0,0,0,0,0,0,0,1,2026-01-10 12:02:52,2026-01-10 12:02:52
7b651a3d-d310-4af3-9ab2-e5ae7103c3eb,09378ed3-2aa4-4e45-bf5d-6a75d1bdb2f7,,0,0,0,0,0,0,0,1,2026-01-10 12:02:52,2026-01-10 12:02:52
6ce3087b-be1a-4314-a435-38d12717aba0,b781fa76-8eaf-4cf9-a15c-b6a1c3503554,,0,0,0,0,0,0,0,1,2026-01-10 12:02:52,2026-01-10 12:02:52
2b7f95a1-b5bb-418f-a97a-415e8de471f8,0e50ed02-6937-4c8d-aa31-b4202a5f77cd,,0,0,0,0,0,0,0,0,2026-01-10 12:02:52,2026-01-10 12:02:52
66e2e273-a623-4a90-a7fb-bf12ebf340d3,7e62e026-71a1-4b49-971d-e8bcd1cc4e54,,0,0,0,0,0,0,0,0,2026-01-10 12:02:52,2026-01-10 12:02:52
b5eb9657-f5b4-4e19-a492-0fefaf3864bb,8a873fc8-8a68-461e-81f4-55d7f192f2b1,,0,0,0,0,0,0,0,0,2026-01-10 12:02:52,2026-01-10 12:02:52
28903e1f-ed41-4e90-a0a2-44efba6a26e4,fc244900-e4b1-4eec-8e70-eb778beac3a5,,0,0,0,0,0,0,0,0,2026-01-10 12:02:52,2026-01-10 12:02:52
77f97227-0cc8-41ec-845b-ab80cb429dbf,a6ae3e8e-b3da-4406-9a53-1f411523033b,,0,0,0,0,0,0,0,0,2026-01-10 12:02:52,2026-01-10 12:02:52
b55b428e-1f7c-402d-8424-19aebca6a309,f610d893-650e-46e2-89a6-c50f59036275,,0,0,0,0,0,0,0,0,2026-01-10 12:02:52,2026-01-10 12:02:52
6c36c52b-dd18-496c-ba0c-1b66e029b41d,1dac1aa2-22c2-41e9-a608-2ffb1cefdf84,,0,0,0,0,0,0,0,0,2026-01-10 12:02:52,2026-01-10 12:02:52
001fc9f3-068a-4a45-ae02-ada4896eaa30,1ee2cd39-dcf0-4e78-971d-967b8f1e2f12,,0,196000,0,0,0,0,0,0,2026-01-10 12:02:52,2026-01-10 12:02:52
3b1e1f61-516e-4962-ad2c-ac7450d1deb4,1c97dc61-7708-4958-8222-3fe8fa9275bc,,0,0,0,0,0,0,0,0,2026-01-10 12:02:52,2026-01-10 12:02:52
5a407073-0954-4bb3-842f-4b9bf65cb7dd,9ab139e7-cf16-4085-9352-c51d74e61115,,0,0,0,0,0,0,0,0,2026-01-10 12:02:52,2026-01-10 12:02:52
d44164e6-7ee7-4513-aa0d-a71111862f9a,ac303bf7-2a32-471d-9be1-a1dbb2e915e7,,0,0,0,0,0,0,0,1,2026-01-10 12:02:52,2026-01-10 12:02:52
4cf98297-f6a4-4551-a121-435f47803270,df361e73-da0e-4e50-992d-e95e57306357,,0,0,0,0,0,0,0,0,2026-01-10 12:02:52,2026-01-10 12:02:52
ab7e2994-5543-43e0-ac21-84bd6d99307f,c8bbd1a5-9676-4a19-b8c4-1b2f22fe8148,,0,0,0,0,0,0,0,0,2026-01-10 12:02:52,2026-01-10 12:02:52
e5891909-27af-40ab-a2ef-0f92ce1b7c8b,88848236-153f-41d1-85cd-4a9001af249c,,0,0,0,0,0,0,0,0,2026-01-10 12:02:52,2026-01-10 12:02:52
d8e2f649-0328-4d3b-b381-ea1837ba816a,d96ac4e8-daa4-4d60-9a4d-f7dcb54412b7,,0,0,0,0,0,0,0,0,2026-01-10 12:02:52,2026-01-10 12:02:52
8c6bfbf4-436b-4178-8407-baef4c87fb04,d451263c-43df-4ba1-b652-cbac27ff7846,,0,0,0,0,0,0,0,0,2026-01-10 12:02:52,2026-01-10 12:02:52
b4de47eb-dad4-4ec2-807d-8b71c9d65664,a3d5f27f-978c-48e7-97cf-21e8aea6d359,,0,0,0,0,0,0,0,0,2026-01-10 12:02:52,2026-01-10 12:02:52
a494abc0-6469-4a23-b65a-f1f0290bd126,780dabc4-787e-4001-9c4b-a07c9874ffab,,0,0,0,0,0,0,0,0,2026-01-10 12:02:52,2026-01-10 12:02:52
b9c5da0e-3f95-4b2b-9103-f8573851fcaa,499ed48e-a3e7-480e-900b-f384cd1ec21f,,0,0,0,0,0,0,0,0,2026-01-10 12:02:52,2026-01-10 12:02:52
8f8de3ba-92f5-4e69-b38f-cbd738d9f6f8,fc554f5b-c10b-4835-b81b-6eb90deb8862,,0,0,0,0,0,0,0,0,2026-01-10 12:02:52,2026-01-10 12:02:52
f2c8c275-adcf-45a2-b81c-e58e3a3d21a4,ab2c97a4-15c8-4105-902b-e6b961445825,,0,0,0,0,0,0,0,0,2026-01-10 12:02:52,2026-01-10 12:02:52
83854a68-2ac1-42f8-8530-bd3d7b0e68ec,0fe579f2-a816-4116-a312-a340923dbfe6,,0,0,0,0,0,0,0,0,2026-01-10 12:02:52,2026-01-10 12:02:52
ae7bbeac-24b1-43cc-a16a-d4fd6fb3b80b,a0160a9a-fe08-485e-9592-67df5f2e6235,,0,0,0,0,0,0,0,0,2026-01-10 12:02:52,2026-01-10 12:02:52
711b486f-2073-4520-a677-cb62727c2ee5,ba736baa-47d2-4b53-8969-661dbce6e6a1,,0,0,0,0,0,0,0,0,2026-01-10 12:02:52,2026-01-10 12:02:52
262983f7-3fbf-4c2c-bbad-1de628fd1acc,f943babd-ea6a-444b-b645-315f491c40a6,,0,0,0,0,0,0,0,0,2026-01-10 12:02:52,2026-01-10 12:02:52
66889eba-1779-4687-90e1-c37be34b8283,e277efc3-55a1-40a9-8fad-b3149ffe9d2f,,0,0,0,0,0,0,0,0,2026-01-10 12:02:52,2026-01-10 12:02:52
691546cb-3c91-43d1-b20d-d9865432427a,347dcb07-5002-4376-b056-fc37fe48eac8,,0,0,0,0,0,0,0,0,2026-01-10 12:02:52,2026-01-10 12:02:52
a2f19c66-caab-4be4-b4bb-23c592a69cb5,4024b1c9-12fd-451e-8a5f-0a5025e55819,,0,0,0,0,0,0,0,0,2026-01-10 12:02:52,2026-01-10 12:02:52
b7bcd7b5-6b08-4d9b-a8f8-2f124df39438,8be9d5c3-86aa-4cd5-be33-3b39dfd647fa,,0,0,0,0,0,0,0,0,2026-01-10 12:02:52,2026-01-10 12:02:52
3e15428f-8332-44d9-a534-32f83caffa5f,bb0d140f-d9e5-4b4a-8182-4376a439422f,,0,0,0,0,0,0,0,0,2026-01-10 12:02:52,2026-01-10 12:02:52
03ab597d-ed62-4985-ba61-c90b8c132c55,243ecbfb-c97d-42f8-b56c-31ca4f742263,,0,0,0,0,0,0,0,0,2026-01-10 12:02:52,2026-01-10 12:02:52
c2f6cc53-249f-4766-b84c-6452f5134eb6,5b707bb6-7325-4cd8-961e-8eff582d5328,,0,0,0,0,0,0,0,0,2026-01-10 12:02:52,2026-01-10 12:02:52
2e158825-05ab-4832-b269-58ac8b7c7758,f796a38b-1d81-4e48-ad0c-4ebeb485b41d,,0,0,0,0,0,0,0,0,2026-01-10 12:02:52,2026-01-10 12:02:52
a2a83c6f-84d7-4d32-99b5-c55ddf85bb76,e909318a-6b26-4da4-a189-c7e5e01c2226,,0,0,0,0,0,0,0,0,2026-01-10 12:02:52,2026-01-10 12:02:52
81e08511-344a-4795-92ff-cc9949e16241,ad81abe8-369b-42cc-b233-fa5e90258116,,0,0,0,0,0,0,0,0,2026-01-10 12:02:52,2026-01-10 12:02:52
8ebb6911-0b21-46d4-8841-2fbbd8d9a2f6,98ecc642-3342-4704-bc19-7da7d34461df,,0,0,0,0,0,0,0,0,2026-01-10 12:02:52,2026-01-10 12:02:52
84045c71-9f66-4382-99b1-51592d411016,290bec96-ad40-46e1-ad88-33c3cf6536b9,,0,0,0,0,0,0,0,0,2026-01-10 12:02:52,2026-01-10 12:02:52
c9c3bcfb-c9c6-4014-879d-ea99905dc5ab,0ce95acf-1221-45aa-ae6a-d496a33d1fa8,,0,0,0,0,0,0,0,0,2026-01-10 12:02:52,2026-01-10 12:02:52
b47e4ecb-8720-4ada-863b-c9b249e44dbb,3d7a177b-20bf-4b7d-a8a1-7c3514daa4a5,,0,0,0,0,0,0,0,0,2026-01-10 12:02:52,2026-01-10 12:02:52
6da596fc-50c9-420e-b9e1-daab020b3d6c,2155ba74-85c2-4123-9485-75b3c9e07def,,0,0,0,0,0,0,0,0,2026-01-10 12:02:52,2026-01-10 12:02:52
619d385f-ea33-4d53-9275-5e8b47549fd9,a61d62b8-582d-4179-9603-789f0ee2bece,,0,0,0,0,0,0,0,0,2026-01-10 12:02:52,2026-01-10 12:02:52
6d312bd0-1916-439c-b9bc-f38596ca9a27,7cbee3c6-e9d5-40f1-9be2-ac2fe5053add,,0,0,0,0,0,0,0,0,2026-01-10 12:02:52,2026-01-10 12:02:52
bc506e1d-21af-4222-a723-7367e3a1df36,ca257ac6-7d5b-4292-a6e1-9d71b5c73ada,,0,0,0,0,0,0,0,0,2026-01-10 12:02:52,2026-01-10 12:02:52
25505610-d703-4799-b223-fd428d6a53b6,80126705-23b0-47c5-bf0b-bcce2bb4b417,,0,0,0,0,0,0,0,0,2026-01-10 12:02:52,2026-01-10 12:02:52
3d1a638d-42fe-4240-ab64-3cced1d9c77c,ae70ee5e-ea25-47b0-9b80-aba3400b5cd3,,0,0,0,0,0,0,0,0,2026-01-10 12:02:52,2026-01-10 12:02:52
bdf7629d-2dbd-41fd-8f83-e53f0972585c,f648ef1c-c7c1-4d7f-b04a-91bf04a6718d,,0,0,0,0,0,0,0,0,2026-01-10 12:02:52,2026-01-10 12:02:52
4d755fea-11b5-4d93-93bb-f30c2fef9a06,319210e7-b5f8-45c0-a3d0-9e384b46c5ca,,0,0,0,0,0,0,0,0,2026-01-10 12:02:52,2026-01-10 12:02:52
4609db25-dc9a-4f26-9e89-05ef1ea0f2e1,58b4e1a8-1418-4da0-a57e-23d285891faf,,0,0,0,0,0,0,0,0,2026-01-10 12:02:52,2026-01-10 12:02:52
42418c9f-df24-492a-98e8-2ef41ac0d844,b9e6ee77-95a5-4782-819e-2e9f0e39a9db,,0,0,0,0,0,0,0,0,2026-01-10 12:02:52,2026-01-10 12:02:52
e70f44e4-9444-49fd-9f31-bbea42df57ab,7484b19e-814d-4ca1-bfab-c1050e50b712,,0,0,0,0,0,0,0,0,2026-01-10 12:02:52,2026-01-10 12:02:52
056a380b-2176-44e2-b04f-10fd5b11b3d5,e0d7a709-6146-4915-83d7-1906b24f9ce6,,0,0,0,0,0,0,0,0,2026-01-10 12:02:52,2026-01-10 12:02:52
1efdfd4c-3997-4474-9d01-fe1a5709862e,605dc402-64b7-4ba9-9069-e705f4746b7c,,0,0,0,0,0,0,0,0,2026-01-10 12:02:52,2026-01-10 12:02:52
8d33dcd1-1274-4c40-a646-92d8b7428883,3f8fddd3-f75d-4d55-8622-c998930adc92,,0,0,0,0,0,0,0,0,2026-01-10 12:02:52,2026-01-10 12:02:52
f6414683-dd3e-4e1b-9fb2-bf548f678fd9,be9dc891-8287-4cbd-9093-b658cae87d07,,0,0,0,0,0,0,0,1,2026-01-10 12:02:52,2026-01-10 12:02:52
be7b2483-6c74-44ec-bf75-f4819e947520,20eb604e-6144-4ec8-9dfc-e504cfc576ea,,0,0,0,0,0,0,0,1,2026-01-10 12:02:52,2026-01-10 12:02:52
e1634ccb-2fdf-46f3-96aa-4f804657d893,945cd8b9-47c7-4093-b0ea-4531c6ced200,,0,0,0,0,0,0,0,1,2026-01-10 12:02:52,2026-01-10 12:02:52
f5c67191-b472-42f5-8afe-6ae799fb1b96,23483a03-aa1e-4e9e-862e-23a723901474,,0,697,983,0,0,0,0,0,2026-01-10 12:02:52,2026-01-10 12:02:52
65cb38a4-8683-4041-8349-8b12f68fdeec,70628840-212f-4377-8b18-8aa145bc292a,,0,3000,4400,0,0,0,0,0,2026-01-10 12:02:52,2026-01-10 12:02:52
7f2212e9-0e84-419e-8b3e-f2ec8daf28c0,6855aba8-d2c9-4cd6-aa86-bed08d0acfc8,,0,323,,0,0,0,0,0,2026-01-10 12:02:52,2026-01-10 12:02:52
69a28e43-4953-4e87-adf7-7d08e890ea67,9bb91606-f058-4164-bcaa-87892da94227,,0,,,0,0,0,0,0,2026-01-10 12:02:52,2026-01-10 12:02:52
63a1f58a-9411-4fe0-b0c2-9d3c3e2ebdf7,5f399d54-407c-4b4a-98c7-aef9ad1600c6,,0,0,0,0,0,0,0,0,2026-01-10 12:02:52,2026-01-10 12:02:52
22a97839-f05c-4f1a-b67d-6f3e12ba3279,489d88bf-1f8d-4de9-b7f1-a863268d3126,,0,0,0,0,0,0,0,0,2026-01-10 12:02:52,2026-01-10 12:02:52
bc7564d7-e2e1-4520-acab-b03725d5d50e,f1ce23fc-d9bd-4514-83be-543b30357cb1,,0,0,0,0,0,0,0,0,2026-01-10 12:02:52,2026-01-10 12:02:52
9968e79b-74f7-45b2-a1fe-e35593a80e27,4af9efb4-507c-4d83-bac1-bfcb915174a4,,0,0,0,0,0,0,0,0,2026-01-10 12:02:52,2026-01-10 12:02:52
99f3e62a-365e-4aad-8615-1cf6621e9915,38561e9f-265f-4bd5-9e6f-4d4c001fab1e,,0,0,0,0,0,0,0,0,2026-01-10 12:02:52,2026-01-10 12:02:52
a636e47d-14bb-4d3e-9df2-216a13cf75ea,fb0b305f-4c8f-43af-acc7-5619797e05a7,,0,0,0,0,0,0,0,0,2026-01-10 12:02:52,2026-01-10 12:02:52
dec8d4fd-9121-4e1e-8be1-6a34e624f5f1,fbb1242f-32be-4c01-b085-b98486a13802,,0,0,0,0,0,0,0,0,2026-01-10 12:02:52,2026-01-10 12:02:52
158dc526-8393-4a9f-b5ff-c0fe29c5aae9,bb624860-ff6d-416a-bd40-2458aeefed6c,,0,0,0,0,0,0,0,0,2026-01-10 12:02:52,2026-01-10 12:02:52
3f366a20-7263-4eea-8b4d-26ed4716e9cf,d93c950c-ab6f-4a07-b92b-33b89adc419b,,0,0,0,0,0,0,0,0,2026-01-10 12:02:52,2026-01-10 12:02:52
d9df3935-5de2-44ab-9468-d3f5b32cc940,12c8ab8c-e4fd-4910-8bce-ef630b9e6491,,0,0,0,0,0,0,0,0,2026-01-10 12:02:52,2026-01-10 12:02:52
07ed6155-bf32-4689-a15b-ddfefe1ef0d9,64afff51-8b14-4193-a750-6c03763a23b4,,0,0,0,0,0,0,0,0,2026-01-10 12:02:52,2026-01-10 12:02:52
b9ddf989-2eb0-4169-baaf-d9445fa8c204,3431dd32-d63e-4fce-8a7b-488a02dadf73,,0,0,0,0,0,0,0,0,2026-01-10 12:02:52,2026-01-10 12:02:52
28d64bb8-3674-4cfe-943e-aed8d31b759d,c6444da3-7bf0-44e7-a219-85d4e84bded4,,0,0,0,0,0,0,0,0,2026-01-10 12:02:52,2026-01-10 12:02:52
79fb9378-eb5b-404d-9c18-bff43c517ef8,b702b30c-ea16-4a5b-8d78-13f8c41c51d3,,0,0,0,0,0,0,0,0,2026-01-10 12:02:52,2026-01-10 12:02:52
578b088d-5804-410d-8ad6-c6f704b4eeb5,7d07fbd9-d1a5-4820-8ff8-c1120ea6ff06,,0,0,0,0,0,0,0,0,2026-01-10 12:02:52,2026-01-10 12:02:52
5c973dfd-ba7a-47a7-abde-706d1bc42efb,0b66ede6-6a9d-4dc1-a71e-d4ac5db22f6f,,0,0,0,0,0,0,0,0,2026-01-10 12:02:52,2026-01-10 12:02:52
a52a863a-bc72-452b-bea1-afe1e64dc7a5,606a879b-da69-4f28-bb62-7d6928c5bfda,,0,0,0,0,0,0,0,0,2026-01-10 12:02:52,2026-01-10 12:02:52
d571bbf5-e56b-4b90-9067-ba4d2f9d5fa9,51de79ee-7094-4b9e-8fd8-36c14770b17d,,0,0,0,0,0,0,0,0,2026-01-10 12:02:52,2026-01-10 12:02:52
9e7c0eb2-5c6c-4e8f-aea8-f6bef56fed75,1fac6fce-3ca3-41c6-a470-541370486496,,0,0,0,0,0,0,0,0,2026-01-10 12:02:52,2026-01-10 12:02:52
9fe16c87-e515-46f9-9c07-1ed0a1d73e58,7ead3192-9970-4ca4-9492-1e653cba5c40,,0,0,0,0,0,0,0,0,2026-01-10 12:02:52,2026-01-10 12:02:52
6a3191f7-662e-4e15-b2fb-55e4cd8030e1,b369aafb-788d-48c2-a292-1227e246c5e2,,0,0,0,0,0,0,0,0,2026-01-10 12:02:52,2026-01-10 12:02:52
cdcaff21-8b45-4bd1-8a25-73e781f8579d,4aafb50c-8cb6-4610-9232-89902077d0a3,,0,0,0,0,0,0,0,0,2026-01-10 12:02:52,2026-01-10 12:02:52
092ed9e7-ed64-4446-9a95-2cffc8ab18a9,30a2d954-c1e6-4ca8-8b82-c27241094307,,0,0,0,0,0,0,0,0,2026-01-10 12:02:52,2026-01-10 12:02:52
15532d6e-aca3-4bae-9a32-6b2829bfd38e,490c8da9-056b-42c8-953b-790ae0d96980,,0,0,0,0,0,0,0,0,2026-01-10 12:02:52,2026-01-10 12:02:52
fc85cdf4-0fe7-4d08-8b96-2f645a01248c,e75e0dd4-68dc-4253-ba10-c66dbc68af66,,0,0,0,0,0,0,0,0,2026-01-10 12:02:52,2026-01-10 12:02:52
965b8fb2-9692-475a-9cc1-0fbe82d599cb,3ab4cfd1-65bf-4466-b000-fa986136cf8a,,0,0,0,0,0,0,0,0,2026-01-10 12:02:52,2026-01-10 12:02:52
41ec8184-40e4-4e07-8aa7-fe2332d85b21,52e386d0-16ce-48fa-91c9-75e6dc633959,,0,0,0,0,0,0,0,0,2026-01-10 12:02:52,2026-01-10 12:02:52
7594d705-4c8b-4962-8dc3-5b70b333a1e5,1ae94dc8-64ad-42e0-9650-72d9fe7e83c5,,0,0,0,0,0,0,0,0,2026-1-10 12:02,2026-1-10 12:02
ecb8f316-29dd-461b-bb1e-1150d2857c79,b1966850-3f94-4893-8f7e-c6d27ee51461,,0,0,0,0,0,0,0,0,2026-1-10 12:02,2026-1-10 12:02
da231959-3c33-4df8-a794-7f7ee94683e3,3fdfc493-e614-4001-b564-8169665b6043,,0,0,0,0,0,0,0,0,2026-1-10 12:02,2026-1-10 12:02
e7ce0585-80d0-4daf-87b1-f174212f62b5,7c3e49a3-81b4-48ae-b744-c00b8dc05568,,0,0,0,0,0,0,0,0,2026-1-10 12:02,2026-1-10 12:02
18608de5-c7b2-48c2-bb93-b146c03ad036,5c90c0fb-38e7-441d-a4b3-932c8d19d915,,0,0,0,0,0,0,0,0,2026-1-10 12:02,2026-1-10 12:02
5b15c767-3930-4f5a-b2c6-f88cce05f969,58e2d28f-d82e-4377-ae5d-34600e0382a9,,0,0,0,0,0,0,0,0,2026-1-10 12:02,2026-1-10 12:02
ed03ee54-c8e3-48ec-a343-b993e3093b86,9dfffdd4-1e58-4269-9d0e-cf773083ffaf,,0,0,0,0,0,0,0,0,2026-1-10 12:02,2026-1-10 12:02
4d0cbb6e-24c6-44ed-8d09-bd85fa1fd1a3,b6cb22e1-d94a-4a31-a69c-d7cebd7e2da1,,0,0,0,0,0,0,0,0,2026-1-10 12:02,2026-1-10 12:02
5f6b81d6-ec1c-4e71-88b5-9b42321608c9,b5e867d7-e04d-4974-b1dc-1e8d7a45c77f,,0,0,0,0,0,0,0,0,2026-1-10 12:02,2026-1-10 12:02
19b83ec3-e2ad-4e54-80f7-bc2fb05de836,5d6e645a-ca76-4ed6-9c3a-65688ee1dd02,,0,0,0,0,0,0,0,0,2026-1-10 12:02,2026-1-10 12:02
65537a2c-ad1b-4bcf-8594-bcef7b002fe4,9aaac6a3-893d-407f-bc56-2440ef3e5e74,,0,0,0,0,0,0,0,0,2026-1-10 12:02,2026-1-10 12:02
42a68d74-b992-48a9-958f-ad52b0b261a6,6efcf26f-b96d-467f-b08d-40957a446d85,,0,0,0,0,0,0,0,0,2026-1-10 12:02,2026-1-10 12:02
45aa527c-986b-42a6-b180-b916ce19a437,5aec5231-9a13-4ec6-b378-d5964efadc4a,,0,0,0,0,0,0,0,0,2026-1-10 12:02,2026-1-10 12:02
e64db985-febb-42a4-bb11-288c4abace1e,f8b3e14e-2a1b-4ca1-a862-ff8ba9e173ca,,0,0,0,0,0,0,0,0,2026-1-10 12:02,2026-1-10 12:02
187d6728-7ff0-49f9-b9ea-892bf59f28d6,2181d9cf-6d6b-4078-acee-317b4cc66ce9,,0,0,0,0,0,0,0,0,2026-1-10 12:02,2026-1-10 12:02
0c55ccaf-2ea3-422f-8a64-fc67ad9dfca0,42b424ae-4fe6-499f-8da7-eba2f6369b6b,,0,0,0,0,0,0,0,0,2026-1-10 12:02,2026-1-10 12:02
23cc5cc5-7d06-49a9-ad34-64c253d3122e,c6e5a3dd-2b86-49aa-b104-e0a6873c8d0a,,0,0,0,0,0,0,0,0,2026-1-10 12:02,2026-1-10 12:02
351629f2-bac2-4166-8f0a-6bf2b526b9bf,d38aabdb-219c-4f57-a903-7cc8b78a3158,,0,0,0,0,0,0,0,0,2026-1-10 12:02,2026-1-10 12:02
b67738d3-8fb5-4e7e-b1dc-c5542c44d8f4,8d1f2c2b-4dd4-4959-8ec7-375edd59f999,,0,0,0,0,0,0,0,0,2026-1-10 12:02,2026-1-10 12:02
57883437-482e-40ba-a1fa-edd354d8492e,a7eebaa7-a429-4489-b0f0-1f29b069af63,,0,0,0,0,0,0,0,0,2026-1-10 12:02,2026-1-10 12:02
6ba455fc-4b58-4d99-abb5-65ac9e3b446c,496ce3e5-cf47-4bf4-8874-b4572a97def5,,0,0,0,0,0,0,0,0,2026-1-10 12:02,2026-1-10 12:02
57e8c0f3-73ce-4f93-beac-b5308e8d38f3,a42c35fe-e9bd-42b0-8787-966596a54f97,,0,0,0,0,0,0,0,0,2026-1-10 12:02,2026-1-10 12:02
f0ba551b-fb32-433a-9c92-f84d37067736,5d130317-45b7-4caa-aa92-b38fabf64bd8,,0,0,0,0,0,0,0,0,2026-1-10 12:02,2026-1-10 12:02
13e7403c-acc1-44b7-8cd8-e334cab42380,757661f5-15bb-4634-87a2-e83e5e4ac1be,,0,0,0,0,0,0,0,0,2026-1-10 12:02,2026-1-10 12:02
f573e155-08e9-44a1-b559-ef1cb04f6f49,46bdfbfd-5076-4275-808a-0654c0f16d64,,0,0,0,0,0,0,0,0,2026-1-10 12:02,2026-1-10 12:02
59d75655-2bac-4ebe-bb1b-2b1b76f04622,13b02d85-0b21-41df-a42b-a3e69627c361,,0,0,0,0,0,0,0,0,2026-1-10 12:02,2026-1-10 12:02
7ab031cc-9abc-4280-b462-d5c59c34c5b3,685e5824-24fc-4845-b14b-c910e3724267,,0,0,0,0,0,0,0,0,2026-1-10 12:02,2026-1-10 12:02
bf2ec0d3-37de-406a-91d2-812e78bc86d8,c7b53088-088e-47c7-880c-33fff141f5cc,,0,0,0,0,0,0,0,0,2026-1-10 12:02,2026-1-10 12:02
482e0c2e-e7b9-4a59-8a6f-532437e0b85e,0c1a24dd-8ba8-49c0-9201-209dcec335ff,,0,0,0,0,0,0,0,0,2026-1-10 12:02,2026-1-10 12:02
ffbd325d-1fcf-4044-aff2-1a6b5927d2b0,513980c6-0171-4aff-a7f3-b55f1a3e291d,,0,0,0,0,0,0,0,0,2026-1-10 12:02,2026-1-10 12:02
8d355ee8-05cb-413a-9562-18de03b7f82d,9ed14b2b-c050-40f4-a1be-9a0681fc1fcf,,0,0,0,0,0,0,0,0,2026-1-10 12:02,2026-1-10 12:02
31a4c8e2-b3c9-4e61-8e86-8c3e6d9f99ce,306adbb9-1cd9-4b86-a202-0cdd8351a725,,0,0,0,0,0,0,0,0,2026-1-10 12:02,2026-1-10 12:02
5e5ebea4-604a-4b7f-be62-257fb241cd3e,ac9a69a5-6742-4c61-a0fc-357ffaacb990,,0,0,0,0,0,0,0,0,2026-1-10 12:02,2026-1-10 12:02
a398d4f6-31dd-4b4e-9c3a-09e2ac4d9d22,dea2856c-266c-404b-ba9a-660bf0018d47,,0,0,0,0,0,0,0,0,2026-1-10 12:02,2026-1-10 12:02
41ed7c44-6806-4703-9e5d-0ec34ba7cf1e,6e7e1589-f738-4d22-98b1-15f122e473ce,,0,0,0,0,0,0,0,0,2026-1-10 12:02,2026-1-10 12:02
f1c1f1fb-e56f-46fc-ab31-5c491832d56e,1984c3e0-e84b-4f1b-9983-778f9dfd90fc,,0,0,0,0,0,0,0,0,2026-1-10 12:02,2026-1-10 12:02
32067529-ccba-4174-8511-939bb578ee52,fa32c4a3-f72f-4edc-85d4-51bde717a0a9,,0,0,0,0,0,0,0,0,2026-1-10 12:02,2026-1-10 12:02
2e441705-7d8b-4b10-96cb-d36c30d79424,add4ca64-cde4-4c81-8e58-d521d898372b,,0,0,0,0,0,0,0,0,2026-1-10 12:02,2026-1-10 12:02
a033b2c4-a80f-4c73-94ce-92763290d258,a39cf9a7-18eb-40d7-a536-ac1a43690702,,0,0,0,0,0,0,0,0,2026-1-10 12:02,2026-1-10 12:02
501c7f61-5647-4e0b-92ad-0a0f75204bca,9c4c8994-4d2e-45ee-98ff-0dc08f89f6dc,,0,0,0,0,0,0,0,0,2026-1-10 12:02,2026-1-10 12:02
067ed3f5-78e1-4251-a3fc-a698a26e3ad8,11ec541c-8d14-4ee5-ba4c-dabf82387746,,0,0,0,0,0,0,0,0,2026-1-10 12:02,2026-1-10 12:02
9af1387f-1b99-4edc-8f9e-fa4f96b1e0fb,e82dbdfb-34d6-4427-99f1-7334e55a59eb,,0,0,0,0,0,0,0,0,2026-1-10 12:02,2026-1-10 12:02
1a0c804b-eb77-4522-a2fb-b47780ec0954,4a4b2be6-742f-4690-bdb4-7f307761ef4c,,0,0,0,0,0,0,0,0,2026-1-10 12:02,2026-1-10 12:02
3d191f49-0e40-4aeb-a1f1-0fa09e469a88,b30cf2fe-a449-40e7-9afa-3ce7a29cf2ec,,0,0,0,0,0,0,0,0,2026-1-10 12:02,2026-1-10 12:02
db62ccf5-29ac-40c2-8db9-91474ceefb35,7a48f43c-7ccb-480c-8b26-77c5994cb82e,,0,0,0,0,0,0,0,0,2026-1-10 12:02,2026-1-10 12:02
ef9ce7fa-bf05-4db6-9109-47febf41134d,6e313ad1-9e12-4d70-853a-944f567a0acb,,0,0,0,0,0,0,0,0,2026-1-10 12:02,2026-1-10 12:02
5d6c7c6f-a7a4-4a57-9e56-af629d33b19d,3cac3d1d-27d2-4009-8a0f-9cd03a389407,,0,0,0,0,0,0,0,0,2026-1-10 12:02,2026-1-10 12:02
af3989e3-48ac-4e32-a5e7-9232fbd4a094,0646a3ac-eaf3-406e-ac72-d59fddb63b78,,0,0,0,0,0,0,0,0,2026-1-10 12:02,2026-1-10 12:02
fdbbf3f0-a5dc-4e9a-aa97-2f66d618fae9,c4c6e592-e9bc-4518-b791-482f31803ead,,0,0,0,0,0,0,0,0,2026-1-10 12:02,2026-1-10 12:02
50410254-ecfc-4280-80a6-52eddd4a36e7,b99cc638-61d0-49c1-ba47-9fbd822a1ccf,,0,0,0,0,0,0,0,0,2026-1-10 12:02,2026-1-10 12:02
5b5725f3-14e2-4e06-9bd8-18b702511c59,91dd4711-5e07-4a7e-8a75-d8384fc158b9,,0,0,0,0,0,0,0,0,2026-1-10 12:02,2026-1-10 12:02
494e86fc-eaad-4ef6-b6ea-6345d8f65b81,3b4bb16e-1882-4bbf-b79f-0ffd13491af4,,0,0,0,0,0,0,0,0,2026-1-10 12:02,2026-1-10 12:02
1fbc5ea2-7ecb-4d7f-bc6a-588d0fe5cb52,5e12d3d4-5738-4955-94e3-03608f6a6ab8,,0,0,0,0,0,0,0,0,2026-1-10 12:02,2026-1-10 12:02
cdf964ac-1d37-48d7-bf2e-3486a11a2822,3ae8b196-9e9d-443e-b1e5-df65526686e3,,0,0,0,0,0,0,0,0,2026-1-10 12:02,2026-1-10 12:02
5fad5b3e-942f-4de8-9d4e-08586aa484f0,146c0b9a-7f1a-4349-acbb-9e635b67f0ed,,0,0,0,0,0,0,0,0,2026-1-10 12:02,2026-1-10 12:02
b481086b-c8d2-4536-8fba-aa6226f2e8ac,668b8c49-6dd3-4e0d-ab5a-1ae6a0e1829d,,0,0,0,0,0,0,0,0,2026-1-10 12:02,2026-1-10 12:02
cabc6ecb-2599-4a9a-b69e-3656c73285d5,f3a87cae-1f95-490d-9dbc-8f0759a06895,,0,0,0,0,0,0,0,0,2026-1-10 12:02,2026-1-10 12:02
3d473bd4-204f-4ec9-bf89-dff872e6832d,58e082bd-8ad9-4ee9-92ca-be29f3892f4b,,0,0,0,0,0,0,0,0,2026-1-10 12:02,2026-1-10 12:02
3bf08515-7f29-46ba-90af-d89277aa513a,5ac44d91-d7c0-4ddb-ba5c-e152d8954bf7,,0,0,0,0,0,0,0,0,2026-1-10 12:02,2026-1-10 12:02
3f5a4cf2-1d58-43e9-a96d-bda010e45155,be84dd74-61cb-46bf-b3a8-953d79be7933,,0,0,0,0,0,0,0,0,2026-1-10 12:02,2026-1-10 12:02
9909e4c4-c70f-4f61-a1e4-a5c89306481c,a1396a46-d38e-4e0b-877e-7e0fd55be66a,,0,0,0,0,0,0,0,0,2026-1-10 12:02,2026-1-10 12:02
5460e1b4-1456-40a6-8f41-526266650587,368e80d9-3ba0-46d2-9979-67cbdb69ce6f,,0,0,0,0,0,0,0,0,2026-1-10 12:02,2026-1-10 12:02
db19fffd-6d1d-4f69-b77a-2cccb590e8e9,0db4c3ee-7282-42aa-be41-21732c3658b6,,0,0,0,0,0,0,0,0,2026-1-10 12:02,2026-1-10 12:02
6c66a266-43b1-4d1d-bd1c-8a18bb821147,3f29e1a8-d818-4cc7-ae35-d92c4bcfa357,,0,0,0,0,0,0,0,0,2026-1-10 12:02,2026-1-10 12:02
704bb0e1-12c0-4d76-aac3-6ca287fe5b0f,a5e859b4-6b8c-4036-b87b-04a4cb2b0181,,0,0,0,0,0,0,0,0,2026-1-10 12:02,2026-1-10 12:02
23d261d9-9430-4af2-9865-40157287d186,49b564d1-e211-41fb-901b-bc102d9bea80,,0,0,0,0,0,0,0,0,2026-1-10 12:02,2026-1-10 12:02
e116b605-dd6f-40d7-b2cc-e5bca813818d,f75aaa41-acce-4021-99a0-070a49650240,,0,0,0,0,0,0,0,0,2026-1-10 12:02,2026-1-10 12:02
8e5fba4e-c522-4568-9996-f8de132b4f8c,e2d6be80-968a-41d6-985c-3d1526410c64,,0,0,0,0,0,0,0,0,2026-1-10 12:02,2026-1-10 12:02
1abd8d76-f497-41ff-aefa-580596a4b49a,4412b726-961e-4fd1-8338-a5b8552490bc,,0,0,0,0,0,0,0,0,2026-1-10 12:02,2026-1-10 12:02
49c8783c-369f-4c6e-9913-9f62eff96175,ffc26e8a-e1ca-436f-86c0-8947b436fd79,,0,0,0,0,0,0,0,0,2026-1-10 12:02,2026-1-10 12:02
4d3b3afb-fce1-419c-acbf-7aa8f84394ba,7e6708bc-282e-4db5-b896-947f0d407cb2,,0,0,0,0,0,0,0,0,2026-1-10 12:02,2026-1-10 12:02
5d8839a1-b162-4b66-961e-0c3a7109235e,63e8fcdd-17af-4413-8cd1-39e2012795b1,,0,0,0,0,0,0,0,0,2026-1-10 12:02,2026-1-10 12:02
916090c0-065e-40eb-8580-455546d6273f,b92f6992-01e1-4a17-ae71-059cf3c0f4c5,,0,0,0,0,0,0,0,0,2026-1-10 12:02,2026-1-10 12:02
8b54a95e-2d4b-4d7b-b384-005cb77938dd,9cb52bae-6893-483a-9614-22be48d7030a,,0,0,0,0,0,0,0,0,2026-1-10 12:02,2026-1-10 12:02
ad46d6f4-5538-409a-aeff-a5f8024137a6,06b6e3d7-2a69-4879-8453-d20a2e06ac72,,0,0,0,0,0,0,0,0,2026-1-10 12:02,2026-1-10 12:02
e3d50a05-2fd1-4b24-95c2-be24309dcad7,4dba6b15-ff3f-4c41-8b51-0946518c35ab,,0,0,0,0,0,0,0,0,2026-1-10 12:02,2026-1-10 12:02
359489e8-c951-4dfc-9512-46f194ee2026,1aee7828-e8ca-4951-b955-3d272a66dbc4,,0,0,0,0,0,0,0,0,2026-1-10 12:02,2026-1-10 12:02
cbdb9213-52bd-4d14-87dd-87a3ccab667c,641d1345-19c9-4711-89e0-b9bd5db58643,,0,0,0,0,0,0,0,0,2026-1-10 12:02,2026-1-10 12:02
98441b52-7bf0-47be-94cc-f465184ff128,e22fba63-c32b-4be4-8707-c42476609842,,0,0,0,0,0,0,0,0,2026-1-10 12:02,2026-1-10 12:02
fcf2f084-c181-43f5-baf0-582377797de0,9d3c202d-9381-4147-92a2-c889ecd68121,,0,0,0,0,0,0,0,0,2026-1-10 12:02,2026-1-10 12:02
d4addf37-7df5-4afc-bc63-f68f8503aea9,f73cf74b-e2d3-469e-959f-52fc1a245bce,,0,0,0,0,0,0,0,0,2026-1-10 12:02,2026-1-10 12:02
b2027a62-a702-4d6f-ab13-c9b0b04ca213,2ab72a84-be1d-4f96-bfc6-cbf4113c345d,,0,0,0,0,0,0,0,0,2026-1-10 12:02,2026-1-10 12:02
cba4106d-3bff-4486-a4ee-73492feec605,f90c3450-c059-4971-afde-fa199ffc1790,,0,0,0,0,0,0,0,0,2026-1-10 12:02,2026-1-10 12:02
76895a63-3711-400f-90ba-fa3f3c806549,8ffc9f7a-c3a4-404a-8794-b81f3fa7176d,,0,0,0,0,0,0,0,0,2026-1-10 12:02,2026-1-10 12:02
06ff7d6b-e555-46e2-97cc-7072a84590f3,2bded616-68d1-448d-ae54-1bcf470b058f,,0,0,0,0,0,0,0,0,2026-1-10 12:02,2026-1-10 12:02
1d4fc72b-ef91-4a21-a38c-289274b8282c,61a026f1-84fe-4e23-981c-dc964514ca67,,0,0,0,0,0,0,0,0,2026-1-10 12:02,2026-1-10 12:02
1c3be40b-d4a6-4ba4-8be2-903eb09af327,d39d234b-6ab8-4219-809e-d08dcb0e0f25,,0,0,0,0,0,0,0,0,2026-1-10 12:02,2026-1-10 12:02
84c7be57-4ee2-4434-b2ce-3d5c24e6d370,5e827729-112a-49f4-8575-eb8cfc74b271,,0,0,0,0,0,0,0,0,2026-1-10 12:02,2026-1-10 12:02
89b61aec-ab77-4147-a6bb-5af11f522eec,72e6add9-4743-4221-8a37-504502dbca6b,,0,0,0,0,0,0,0,0,2026-1-10 12:02,2026-1-10 12:02
1fa91478-026c-4f35-abe9-1e2a0659794a,8bda802f-25a5-4d3b-a073-e775b8254f4d,,0,0,0,0,0,0,0,0,2026-1-10 12:02,2026-1-10 12:02
144797fd-8e21-41bb-8b22-86ebb64f3546,ad2f745b-ddda-4165-b428-6274b3a3294c,,0,0,0,0,0,0,0,0,2026-1-10 12:02,2026-1-10 12:02
386d731d-26a0-4391-8450-fafbbbfef2f4,26e419c5-022d-401b-81b0-e1c58f24aa39,,0,0,0,0,0,0,0,0,2026-1-10 12:02,2026-1-10 12:02
94a0a403-4e02-410f-a45b-2a26e0390634,ee22ea13-04d5-4669-b113-1ee8a1c679f7,,0,0,0,0,0,0,0,0,2026-1-10 12:02,2026-1-10 12:02
2fcaf0d2-27d6-4aeb-8502-8b7e509767ef,dbe4e874-1e0a-44f1-9c88-23243a97f81d,,0,0,0,0,0,0,0,0,2026-1-10 12:02,2026-1-10 12:02
1d531229-b37e-4287-8eb4-d42a39d22afb,7b1471a1-c276-4f1c-9750-efa7cf61e6f1,,0,0,0,0,0,0,0,0,2026-1-10 12:02,2026-1-10 12:02
eed12ac6-5280-4584-a7cc-3ea3de3ab6d2,285a8087-2909-4baa-b959-149231119cea,,0,0,0,0,0,0,0,0,2026-1-10 12:02,2026-1-10 12:02
04c47e93-5645-4004-a6e0-96eff3574ef8,7d4c71df-a292-4891-88e5-5beda4329583,,0,0,0,0,0,0,0,0,2026-1-10 12:02,2026-1-10 12:02
f5fef804-a587-4169-bca6-04d30c7733fb,c1719752-43d5-4d87-bc55-62bed966380d,,0,0,0,0,0,0,0,0,2026-1-10 12:02,2026-1-10 12:02
d6d7f003-4b92-4eb6-9d30-d818d9f30bb6,757c944a-c4f9-4134-9add-083e6a6d56fd,,0,0,0,0,0,0,0,0,2026-1-10 12:02,2026-1-10 12:02
e973d636-d72f-4c9d-8fbc-3fce45bb4005,4e56972b-761c-4f40-9a9f-7f636ecd4200,,0,0,0,0,0,0,0,0,2026-1-10 12:02,2026-1-10 12:02
bd67f5b8-ef8b-4017-b525-f857caee7cd7,da3d6166-4173-4a53-99bd-458944546172,,0,0,0,0,0,0,0,0,2026-1-10 12:02,2026-1-10 12:02
adea0f73-891b-4716-baff-64681d2a674b,33e33b88-95cc-4c7c-86f6-bb90ba44b957,,0,0,0,0,0,0,0,0,2026-1-10 12:02,2026-1-10 12:02
d1075ab9-f689-49e0-8c15-8bf7374d0f34,22315914-73c8-4e93-bffa-3e10e9040df0,,0,0,0,0,0,0,0,0,2026-1-10 12:02,2026-1-10 12:02
f9fefc3f-7797-44e0-be0e-110e17caae46,f14dff5b-0538-465c-bc0c-d69cd2276f8e,,0,0,0,0,0,0,0,0,2026-1-10 12:02,2026-1-10 12:02
780b1ca8-956e-458e-b093-0c9abb90bf2d,75039b3b-5884-4db7-802a-1aaa9e74a3ec,,0,0,0,0,0,0,0,0,2026-1-10 12:02,2026-1-10 12:02
b60cf2d1-e27c-4b39-b1ba-45902be44a42,6e8ec2e7-0bdf-4dcd-a470-1796fecfca0e,,0,0,0,0,0,0,0,0,2026-1-10 12:02,2026-1-10 12:02
e0afbf97-a5a2-4cdc-b57e-7c0bafb7072a,a98ca601-52f4-442e-88f0-472b1708df1d,,0,0,0,0,0,0,0,0,2026-1-10 12:02,2026-1-10 12:02
6c791637-42bc-4a87-b4ef-a93f239caca6,eeb9d325-2e52-4a03-94b8-9a670ad67ec2,,0,0,0,0,0,0,0,0,2026-1-10 12:02,2026-1-10 12:02
82f23068-d140-4e71-a15e-922049da8145,2341d0f7-22a2-42e5-9bff-ec9b7adfb974,,0,0,0,0,0,0,0,0,2026-1-10 12:02,2026-1-10 12:02
1d7fa785-3ec3-4931-82cb-64cad8c06925,9972b15c-9e05-4cc9-b316-2f83608ae522,,0,0,0,0,0,0,0,0,2026-1-10 12:02,2026-1-10 12:02
6823e492-f0bd-4cf3-8903-a8b771247e61,06150d99-d60c-4ac0-8c8f-85c06d1db882,,0,0,0,0,0,0,0,0,2026-1-10 12:02,2026-1-10 12:02
31be0f77-ef5c-4ceb-82b2-44fa5bfe8a4e,076f9595-f226-4efe-addd-f5ed721a824d,,0,0,0,0,0,0,0,0,2026-1-10 12:02,2026-1-10 12:02
c3ecb225-c996-43c9-8192-5df91845dc4c,aed4ba4a-1cd7-40f2-a2f3-9e984cfa41a7,,0,0,0,0,0,0,0,0,2026-1-10 12:02,2026-1-10 12:02
b0bed290-3ce8-484d-a3c5-1d7eeb382f7b,775e0274-77e9-4ad4-8bfb-c06aa4769738,,0,0,0,0,0,0,0,0,2026-1-10 12:02,2026-1-10 12:02
c48f55c0-e0f5-4374-88c6-2f2ec3ec84de,8f1e19a6-2f62-4caf-9650-4515099fd387,,0,0,0,0,0,0,0,0,2026-1-10 12:02,2026-1-10 12:02
e73170b6-673e-40ab-8794-130a20589f53,aa385e8a-8282-4a6b-ba9e-0f4687c5521b,,0,0,0,0,0,0,0,0,2026-1-10 12:02,2026-1-10 12:02
0ea20e9e-2963-442a-9d1f-972c8322a609,6bedb6b8-7dce-47de-b44e-d8e064f19564,,0,0,0,0,0,0,0,0,2026-1-10 12:02,2026-1-10 12:02
144d74f9-5b36-49cf-a10a-5d4ac12528e7,4de1a6a0-2773-413e-8c96-0f0b26d0c816,,0,0,0,0,0,0,0,0,2026-1-10 12:02,2026-1-10 12:02
af4308ca-b7be-4ae9-b895-28b18746f96f,6f207baf-467a-4bc9-9d03-bde54065a98c,,0,0,0,0,0,0,0,0,2026-1-10 12:02,2026-1-10 12:02
481bb324-eb51-4528-be89-f4ac5719910c,f499f3af-585e-42f3-8e89-14cdcc13fd6b,,0,0,0,0,0,0,0,0,2026-1-10 12:02,2026-1-10 12:02
379a1c56-9f9f-4c8d-8dca-3e6971f19f9d,09b8df2f-b30f-498f-b8f6-92d468d6540b,,0,0,0,0,0,0,0,0,2026-1-10 12:02,2026-1-10 12:02
39f15517-af04-4cd4-9c4a-6eb75d6c281d,674336f4-d914-409b-a647-fb25d34bf997,,0,0,0,0,0,0,0,0,2026-1-10 12:02,2026-1-10 12:02
0bfd2460-c18d-47e0-9ad6-5669d3be89e4,e31242a1-2af2-4f86-9d6c-d03bf00a4344,,0,0,0,0,0,0,0,0,2026-1-10 12:02,2026-1-10 12:02
8a2c86aa-753f-4e1d-936e-ce7f07e3787c,3c04ecc6-758e-4309-9772-ea49ae30fc60,,0,0,0,0,0,0,0,0,2026-1-10 12:02,2026-1-10 12:02
44928145-de7b-4aec-9047-613b89086ec1,82f31048-406f-4d7f-a046-99ec10729294,,0,0,0,0,0,0,0,0,2026-1-10 12:02,2026-1-10 12:02
d788d5bf-dab7-4b57-bd24-2c023a467081,7e62eaf4-e82d-4412-8156-99b31f23d11a,,0,0,0,0,0,0,0,0,2026-1-10 12:02,2026-1-10 12:02
90259cf4-3d23-4917-ad6a-b5200c266b46,6e904355-935b-417a-afc4-1c1ee02f6c6e,,0,0,0,0,0,0,0,0,2026-1-10 12:02,2026-1-10 12:02
5523e70e-33e7-4e35-8e2e-771083f90aaa,fa9766ba-6af1-4fe6-9226-2e0127fed0dd,,0,0,0,0,0,0,0,0,2026-1-10 12:02,2026-1-10 12:02
f759fb4e-1f39-48e3-b1c7-7175abfc3262,a2806baa-5276-4330-88f9-157074983c9e,,0,0,0,0,0,0,0,0,2026-1-10 12:02,2026-1-10 12:02
3d051cef-bff0-4da1-953e-6341b42889ef,ca92bdd1-644b-4fc3-b09c-96bb1b3a73f8,,0,0,0,0,0,0,0,0,2026-1-10 12:02,2026-1-10 12:02
e9043218-c616-4377-b30b-cc528f0a6fe5,4a8e40e2-1a1a-4772-91db-67b726796311,,0,0,0,0,0,0,0,0,2026-1-10 12:02,2026-1-10 12:02
9455c44b-6139-493e-b621-5b163a6668ab,0998e044-04d4-450d-84a4-ee3c9202c54a,,0,0,0,0,0,0,0,0,2026-1-10 12:02,2026-1-10 12:02
43122fa6-008f-4bc6-898b-a4aa4ff82fc4,2c933293-67d1-4607-942f-368e051b750f,,0,0,0,0,0,0,0,0,2026-1-10 12:02,2026-1-10 12:02
7425c0d4-79f7-41b7-a88a-3082856af79d,e99d0859-5f5c-44b7-ac06-667d0a2369b9,,0,0,0,0,0,0,0,0,2026-1-10 12:02,2026-1-10 12:02
d8b16c9d-7d17-4408-84fa-65841876e574,218c53f0-6e82-4f96-99ff-3c2eb52272e3,,0,0,0,0,0,0,0,0,2026-1-10 12:02,2026-1-10 12:02
7fc8a0b9-30b0-4ab1-baf9-e16f63977d6a,1e28de06-db80-4a2c-aaa8-030a7d216912,,0,0,0,0,0,0,0,0,2026-1-10 12:02,2026-1-10 12:02
56913704-e8e8-4b3c-b1a6-8f15239b6c41,f343d665-d06c-4faa-8187-ad6e20892009,,0,0,0,0,0,0,0,0,2026-1-10 12:02,2026-1-10 12:02
8d75d191-9630-4688-8a8d-2885084c0831,4f2a1151-2589-40f8-af5b-e54701367688,,0,0,0,0,0,0,0,0,2026-1-10 12:02,2026-1-10 12:02
73e155d9-32dc-406d-bd46-db92b3309c70,5daa71f2-08a5-43cc-89e1-635c356945e4,,0,0,0,0,0,0,0,0,2026-1-10 12:02,2026-1-10 12:02
d58bd10a-96b1-46fe-a65b-5178c29da0d7,ba806bbb-f5c0-4134-ab42-4c8563b70467,,0,0,0,0,0,0,0,0,2026-1-10 12:02,2026-1-10 12:02
e15e5f19-ff03-448d-8ac3-a786522dc445,66e3a60e-b5dc-4f9c-b0df-26bd3798f3c6,,0,0,0,0,0,0,0,0,2026-1-10 12:02,2026-1-10 12:02
b079a631-4174-47b3-a1da-8519c7939e28,4005711e-07a2-45cc-8977-01fb3982dfef,,0,0,0,0,0,0,0,0,2026-1-10 12:02,2026-1-10 12:02
cd225cb3-b445-4cca-a0e4-cf60680fd569,c589e3a2-f85f-4f10-b8e3-7046fa1cc8a7,,0,0,0,0,0,0,0,0,2026-1-10 12:02,2026-1-10 12:02
a311bd5a-fa2d-41fd-bdc7-696023d018c4,a0a00897-4556-4e9f-b321-063241732b52,,0,0,0,0,0,0,0,0,2026-1-10 12:02,2026-1-10 12:02
e7b8315f-8727-4814-959d-872d0ccae465,a6bad5c6-1430-47a0-a43d-c2476108cd24,,0,0,0,0,0,0,0,0,2026-1-10 12:02,2026-1-10 12:02
13d60a4e-a73e-4647-85a2-ecccfa06e14f,9e2822ea-83fc-4841-9333-0250b98b5eb1,,0,0,0,0,0,0,0,0,2026-1-10 12:02,2026-1-10 12:02
3f5a0b2a-c1f9-4239-a799-130ed50fa5cc,b062b012-f72d-44bb-ad21-d0a179942482,,0,0,0,0,0,0,0,0,2026-1-10 12:02,2026-1-10 12:02
3998aa29-faf8-4438-b593-88a62c72b3b7,d0ba7ddc-8dad-46b9-879f-1b41cf94484a,,0,0,0,0,0,0,0,0,2026-1-10 12:02,2026-1-10 12:02
8087cf4b-27ea-4a32-b04a-26c4aee37eeb,aa9824ad-16d7-4803-ab6c-5fb84749e960,,0,0,0,0,0,0,0,0,2026-1-10 12:02,2026-1-10 12:02
4adc24af-3130-40a6-8b2d-a97aa3827167,4d7c5f23-550b-4ec4-8bd9-e08d5c620d6d,,0,0,0,0,0,0,0,0,2026-1-10 12:02,2026-1-10 12:02
62837bd4-e77b-4426-9481-93b44fe7aae0,4d6bbe5d-c539-4253-8e3d-f9d65f2d9cf8,,0,0,0,0,0,0,0,0,2026-1-10 12:02,2026-1-10 12:02
306f0e97-cfab-4645-8a10-998c011f4a11,f4cbd01c-5086-423e-a1f6-435dcf73faee,,0,0,0,0,0,0,0,0,2026-1-10 12:02,2026-1-10 12:02
3171f54f-43d4-4477-9ebe-6cf43e5707cf,c5aeca23-f605-4353-9da3-4553879fe767,,0,0,0,0,0,0,0,0,2026-1-10 12:02,2026-1-10 12:02
72c701d9-b6ec-45f7-b593-a634b36aa34e,c9b0683f-b9b0-4990-b9a5-cc0aac1a7339,,0,0,0,0,0,0,0,0,2026-1-10 12:02,2026-1-10 12:02
55713975-c728-4060-94b8-e99edfc6bb8d,820ee065-bd1e-4f26-bfab-9921c1de5e27,,0,0,0,0,0,0,0,0,2026-1-10 12:02,2026-1-10 12:02
0de0f776-67e9-4445-b64d-9d32898f7692,601c379d-c035-4344-8031-fd154696ae58,,0,0,0,0,0,0,0,0,2026-1-10 12:02,2026-1-10 12:02
c6175857-286f-4dc0-afd6-49a71923d327,98ead1d7-7791-4749-b637-de01bcbd79fc,,0,0,0,0,0,0,0,0,2026-1-10 12:02,2026-1-10 12:02
7722b7b5-61fc-4bb3-8d7d-f7dc27865a22,264da3ef-6936-4ac7-aedd-dca2124bfaf7,,0,0,0,0,0,0,0,0,2026-1-10 12:02,2026-1-10 12:02
7ce91a3d-cc8d-45e0-bc6b-b18dc0abec68,2420d57d-00d0-4bc8-83d3-b2630b0d89ce,,0,0,0,0,0,0,0,0,2026-1-10 12:02,2026-1-10 12:02
1049362f-fca2-4640-b9e5-35cb7ac87694,55023b30-eb85-4665-b9de-42e3ddab86a5,,0,0,0,0,0,0,0,0,2026-1-10 12:02,2026-1-10 12:02
fae115bc-ea12-485c-8150-43b3b384b9c6,2d447f80-94eb-4f41-be62-efca2c638f4a,,0,0,0,0,0,0,0,0,2026-1-10 12:02,2026-1-10 12:02
32d8cf52-891a-4b85-aa4e-0367de80c22c,ef06aa17-c296-4e34-a384-11667b67f20e,,0,0,0,0,0,0,0,0,2026-1-10 12:02,2026-1-10 12:02
bc80d0e2-7a41-4560-8139-79053e35d25e,2e99317e-e0e2-439e-baaa-a784c7cdab64,,0,0,0,0,0,0,0,0,2026-1-10 12:02,2026-1-10 12:02
e8e549dd-90f3-442c-9f6f-e71e01347dcf,13404652-c573-42cc-8743-5681bd8a8e75,,0,0,0,0,0,0,0,0,2026-1-10 12:02,2026-1-10 12:02
cede7f29-9ace-4178-938e-23ecea2a5a16,cd8b6b50-a004-4dca-a897-8355845accd9,,0,0,0,0,0,0,0,0,2026-1-10 12:02,2026-1-10 12:02
71e0eb5e-8c31-426d-ab50-db051aab39fe,5b2a4879-83f2-436a-a059-88ad61a67d8d,,0,0,0,0,0,0,0,0,2026-1-10 12:02,2026-1-10 12:02
24bb9305-47c5-42f6-9a8b-2570a1099627,4769715b-b180-412d-b45e-e1c0d158ccb0,,0,0,0,0,0,0,0,0,2026-1-10 12:02,2026-1-10 12:02
5c6762bd-9bd2-4e14-b10a-8584ea6a912f,1535d502-0469-4daf-a1d8-160a9bfc25c7,,0,0,0,0,0,0,0,0,2026-1-10 12:02,2026-1-10 12:02
0c9f381d-2405-48b1-9cd3-334d953535d9,800ad2a4-73cd-485e-bf95-2811be10c209,,0,0,0,0,0,0,0,0,2026-1-10 12:02,2026-1-10 12:02
369d348d-8667-40de-96d6-eba703fe0a16,6da0ba7a-7efe-47d8-bb98-631999ec0ed8,,0,0,0,0,0,0,0,0,2026-1-10 12:02,2026-1-10 12:02
9415324c-ec80-483b-8496-c23792d7cb5a,008ba9a0-3420-4c4f-b94b-e98ccfb92464,,0,0,0,0,0,0,0,0,2026-1-10 12:02,2026-1-10 12:02
bf8e4e51-5bb4-43a9-af97-01d4ebc20e40,d22f48ae-d7d8-4a74-ac06-5288a1002b49,,0,0,0,0,0,0,0,0,2026-1-10 12:02,2026-1-10 12:02
4780deb8-5a01-4568-a06f-979ceed9f87c,342e1393-9b22-4e47-902d-b1ffda543e2b,,0,0,0,0,0,0,0,0,2026-1-10 12:02,2026-1-10 12:02
59525dcb-22dc-459a-bb95-48018f496ca0,00b912c4-79de-48fc-b9ea-339afe2dc898,,0,0,0,0,0,0,0,0,2026-1-10 12:02,2026-1-10 12:02
82b15574-e485-4362-824e-72683cbd8d46,414fa8f9-2e34-476a-9214-30c75939ffd9,,0,0,0,0,0,0,0,0,2026-1-10 12:02,2026-1-10 12:02
2b219157-5c21-4382-8d9e-c552e55549aa,9fefdd2b-67cf-4faf-8cf3-3595045d42b5,,0,0,0,0,0,0,0,0,2026-1-10 12:02,2026-1-10 12:02
89fb5bd4-dd38-4631-a001-e0ba787c3c1c,625a2450-a4cc-4dd6-a70f-1700e69cebd9,,0,0,0,0,0,0,0,0,2026-1-10 12:02,2026-1-10 12:02
04cf3176-1235-4a14-9c6a-2bcdee468dec,9842fd12-0947-4aca-b1db-27fd59293d46,,0,0,0,0,0,0,0,0,2026-1-10 12:02,2026-1-10 12:02
c5a7ecf3-f0e5-4fae-ba53-17e4e00d318a,330fae5f-bfe7-4d56-8b99-be93053b076b,,0,0,0,0,0,0,0,0,2026-1-10 12:02,2026-1-10 12:02
5c055266-0477-4e3e-91c2-f46f0d2a98f4,5a16267a-c6bc-48d0-b614-591fe851f2b5,,0,0,0,0,0,0,0,0,2026-1-10 12:02,2026-1-10 12:02
8b170e4e-d0ca-4229-9182-2665091a3407,d4374ab7-d8cb-40c2-8b18-c303f7ac7180,,0,0,0,0,0,0,0,0,2026-1-10 12:02,2026-1-10 12:02
84b8c326-4d34-40df-8958-93a706d73a8b,78eab194-5c79-41ce-a88e-e2c78a25da83,,0,0,0,0,0,0,0,0,2026-1-10 12:02,2026-1-10 12:02
60bd50d7-4983-47dd-b272-7703ff9a8172,ddf3c380-a91b-442d-a8dc-c864a9531881,,0,0,0,0,0,0,0,0,2026-1-10 12:02,2026-1-10 12:02
3b7b5fab-3d75-4c05-92d7-faba82ff4b77,8a562cfa-8df8-4ede-b1b0-177474181def,,0,0,0,0,0,0,0,0,2026-1-10 12:02,2026-1-10 12:02
d548b3f2-11c2-48be-bdbc-4259818f73c2,3944e6f4-71a2-427f-9ee9-be9123b4c786,,0,0,0,0,0,0,0,0,2026-1-10 12:02,2026-1-10 12:02
02fae899-7835-4926-a443-7f87a511f22e,893f2e52-6cf6-47d5-b5fe-6b7010a3584c,,0,0,0,0,0,0,0,0,2026-1-10 12:02,2026-1-10 12:02
1d25f1d0-0f90-4041-af41-20a89cfef0ed,34e45798-1a82-46a3-83f9-fd150db9bcc6,,0,0,0,0,0,0,0,0,2026-1-10 12:02,2026-1-10 12:02
4dc518f7-23fa-495c-90e3-8de8927a1eac,1d19375e-a663-4e80-9c08-e2ef1f81c4e1,,0,0,0,0,0,0,0,0,2026-1-10 12:02,2026-1-10 12:02
24d5b23c-2e21-4fe5-a72b-88085efda3b8,694d4780-aba1-4cdd-97f9-b121ed7ddf5b,,0,0,0,0,0,0,0,0,2026-1-10 12:02,2026-1-10 12:02
fe3e592a-e8ee-4260-9012-1e171304b9f8,18754059-b1a2-4fe8-82e6-f03b0ab69e27,,0,0,0,0,0,0,0,0,2026-1-10 12:02,2026-1-10 12:02
1d9777e1-e40c-49ab-af8b-b9c220018075,e865848c-9184-4d77-9bd7-d79c7f2ea048,,0,0,0,0,0,0,0,0,2026-1-10 12:02,2026-1-10 12:02
98eebcb4-802b-4891-b9ae-7be16cfcf78e,39cc140a-77e5-4be0-b048-fa76b5e1855f,,0,0,0,0,0,0,0,0,2026-1-10 12:02,2026-1-10 12:02
f9d38d66-b0d1-44a7-86a5-54b9c5a2a58d,1c4932cd-f7cb-470c-9e7a-08490ea8b5fc,,0,0,0,0,0,0,0,0,2026-1-10 12:02,2026-1-10 12:02
a5cce782-360f-4b28-89fa-a5e28de4cadc,9fb067d6-2c0b-4f3d-bfda-12def1739c65,,0,0,0,0,0,0,0,0,2026-1-10 12:02,2026-1-10 12:02
dbb1688e-0a76-4f83-8d09-96f14dd9ecd2,b7d417e3-d9a7-4353-b135-fb87ea2e6ba9,,0,0,0,0,0,0,0,0,2026-1-10 12:02,2026-1-10 12:02
00b360f1-c7f7-4813-90dc-1cd334351b04,4d20c862-1540-4355-9d20-1ebac8013e9b,,0,0,0,0,0,0,0,0,2026-1-10 12:02,2026-1-10 12:02
685b3000-b8c6-42b6-9a8d-db996f162e52,a4abc633-5db8-434e-af7d-f0736c5c64b4,,0,0,0,0,0,0,0,0,2026-1-10 12:02,2026-1-10 12:02
a79df3f0-9ef9-4b5a-88b8-7b31218089b6,c856bdc2-0ee2-4ead-9cf8-d21a9e1de6ab,,0,0,0,0,0,0,0,0,2026-1-10 12:02,2026-1-10 12:02
57ff217f-1296-4791-ac14-e3e963fc7ed9,c1f34d4c-b778-404c-bb6e-f592a1010d35,,0,0,0,0,0,0,0,0,2026-1-10 12:02,2026-1-10 12:02
84c6e168-abc2-42ec-a7ec-95dedc7980f8,94f3cf5e-21a0-4e8e-bb8d-fc53ec0e8b05,,0,0,0,0,0,0,0,0,2026-1-10 12:02,2026-1-10 12:02
98ff8df5-c6a1-4df2-97e0-cdc568066dea,a1b5ecef-aa15-47c8-8bb3-b82f668853f3,,0,0,0,0,0,0,0,0,2026-1-10 12:02,2026-1-10 12:02
9b6e99fb-0421-4db3-b657-5f47908b38ac,94dc5440-bcaa-4091-b89d-edeb843b81ba,,0,0,0,0,0,0,0,0,2026-1-10 12:02,2026-1-10 12:02
29554c27-d631-4530-bc47-53b3ac82a1ba,45ee5a61-50be-4fe5-9195-206454f97d63,,0,0,0,0,0,0,0,0,2026-1-10 12:02,2026-1-10 12:02
6f0753e8-7d57-4b43-8943-fd300fe59b10,fb65cb62-e1a1-438c-8b02-358f665dc97b,,0,0,0,0,0,0,0,0,2026-1-10 12:02,2026-1-10 12:02
62aa9220-7fb5-495c-ac49-1cc96f10ec64,83b62c7c-0856-4a09-91fa-bb84d254aef6,,0,0,0,0,0,0,0,0,2026-1-10 12:02,2026-1-10 12:02
1596257f-4145-46fd-b23b-3a864221cd6c,5bf287bf-8e22-4973-81fd-087eba58d107,,0,0,0,0,0,0,0,0,2026-1-10 12:02,2026-1-10 12:02
2c9cd310-4323-4086-9a95-ae109d72aa30,0634f940-c410-4e7e-b782-33b36cd85016,,0,0,0,0,0,0,0,0,2026-1-10 12:02,2026-1-10 12:02
4a07626b-c2b3-4550-8858-c18b4e437311,b09c44a2-eff0-4e76-b866-23cd2d603b28,,0,0,0,0,0,0,0,0,2026-1-10 12:02,2026-1-10 12:02
28e58ebd-1695-4257-a403-351c9f0cbdd9,e3219215-b16e-40bf-8d28-da6f983ddbee,,0,0,0,0,0,0,0,0,2026-1-10 12:02,2026-1-10 12:02
d4c07c89-04a2-4181-9820-1a0d25426bb6,99bcfc5c-fc74-43ef-a781-d4b7b80621f9,,0,0,0,0,0,0,0,0,2026-1-10 12:02,2026-1-10 12:02
a8bdbdab-337d-419a-b9ae-e16f90365c33,696b600b-1a53-4d5c-8b40-c414f6f63822,,0,0,0,0,0,0,0,0,2026-1-10 12:02,2026-1-10 12:02
baabbf51-c7ac-40cc-bd46-e65a81b78130,8cacf5c0-7d8c-4939-a921-8ae84b7c9fc0,,0,0,0,0,0,0,0,0,2026-1-10 12:02,2026-1-10 12:02
dbff26aa-85a8-4378-80df-dea5f7ac24eb,0b8a832b-c846-438d-8c85-ecdd14b47e70,,0,0,0,0,0,0,0,0,2026-1-10 12:02,2026-1-10 12:02
35d99692-2057-483d-9eda-1cf423e2ea45,8cc7a8ba-a597-4267-93a8-196fb0748a7b,,0,0,0,0,0,0,0,0,2026-1-10 12:02,2026-1-10 12:02
1fcf36c6-0589-47aa-aecf-c8cf19d5b927,1f695f57-2a49-4cfb-9613-1d75681279b0,,0,0,0,0,0,0,0,0,2026-1-10 12:02,2026-1-10 12:02
c7f81801-88a0-4f5b-8b49-d5ed7fb53ca0,79850dd5-7469-4271-992c-007ecc84f780,,0,0,0,0,0,0,0,0,2026-1-10 12:02,2026-1-10 12:02
dc204f59-9d10-48d4-bc9b-56135127b803,484b23d2-ebc1-4024-b15e-74f3b40aa0b5,,0,0,0,0,0,0,0,0,2026-1-10 12:02,2026-1-10 12:02
38cf7c5e-d5b3-46d0-8bcc-cd1e55a889ab,432cc984-b6b7-444e-bb01-ceaa6b127dc3,,0,0,0,0,0,0,0,0,2026-1-10 12:02,2026-1-10 12:02
569a817a-0344-4f58-9056-c687a574a73a,adab9208-83b4-47b4-9add-d80e5fd238df,,0,0,0,0,0,0,0,0,2026-1-10 12:02,2026-1-10 12:02
ff5a7ee1-0fa3-4b5e-b479-4603f1aa4107,8cec93d5-2b49-4943-b804-edef46fd206a,,0,0,0,0,0,0,0,0,2026-1-10 12:02,2026-1-10 12:02
e6d911ef-77da-4d25-9d1a-3f1a8398fdbe,fcd94702-e2d2-4b7d-b303-16a6e17dbe5c,,0,0,0,0,0,0,0,0,2026-1-10 12:02,2026-1-10 12:02
c4aacb01-9b62-498d-84a3-0172a23c26a0,c56a2d53-aae5-4fdd-b0e4-590658870784,,0,0,0,0,0,0,0,0,2026-1-10 12:02,2026-1-10 12:02
a3730e43-b1b6-489b-8ebe-65a240396e99,2d37c50d-03c4-4bdf-a509-902324703f8f,,0,0,0,0,0,0,0,0,2026-1-10 12:02,2026-1-10 12:02
6d6523c9-b0b7-42f3-837d-3e38b43ff9f1,55a40515-546a-40d5-8a18-036e2fbe6d71,,0,0,0,0,0,0,0,0,2026-1-10 12:02,2026-1-10 12:02
99ec9e08-c3fc-4702-b9fa-ddf663e95446,46822ec5-1afb-4114-9ee0-0a879a9665f3,,0,0,0,0,0,0,0,0,2026-1-10 12:02,2026-1-10 12:02
0128bb6a-5cda-4001-acf6-b7c3917827f1,d3764418-be6a-48a9-94f8-58c2599902aa,,0,0,0,0,0,0,0,0,2026-1-10 12:02,2026-1-10 12:02
9dd8d946-c264-4032-aec1-40012d95a325,35d74cb5-6f4d-47a1-b7cb-e64871ca6483,,0,0,0,0,0,0,0,0,2026-1-10 12:02,2026-1-10 12:02
d8adb6c8-d8a1-4f48-8973-869c4942de0e,1671c4ed-f7ec-4e4b-acf0-4e1dcf4e596c,,0,0,0,0,0,0,0,0,2026-1-10 12:02,2026-1-10 12:02
f990fab3-cdbf-4d22-8d03-36c3819a5076,3ab9243a-b512-4d3a-9dca-f953a1e2064f,,0,0,0,0,0,0,0,0,2026-1-10 12:02,2026-1-10 12:02
d0b26352-d700-43e2-9ef1-4669c35cd7f3,2fa4c9cd-0570-4ba7-bd12-c313c3f0d8b3,,0,0,0,0,0,0,0,0,2026-1-10 12:02,2026-1-10 12:02
fdf02ed9-9c5a-4f97-b074-532a15598995,04542e80-079f-463b-9835-97dbb107a7b4,,0,0,0,0,0,0,0,0,2026-1-10 12:02,2026-1-10 12:02
a0ce47dc-9003-4b4d-8466-68598ee72d29,827b9974-d6b6-4096-80b7-e898017716d4,,0,0,0,0,0,0,0,0,2026-1-10 12:02,2026-1-10 12:02
153c18c0-2b02-4c40-9b46-4bbc002ddc8d,98af5eba-81d0-4930-b244-78116bc9d58f,,0,0,0,0,0,0,0,0,2026-1-10 12:02,2026-1-10 12:02
156e7b02-50bc-4573-83fc-aae90c9a905a,deb62d1a-f254-4b4d-9593-73d5b3832db7,,0,0,0,0,0,0,0,0,2026-1-10 12:02,2026-1-10 12:02
640c4b57-48c9-40b6-b08a-05964e69455f,7428c776-358e-4787-9829-b8cc9e4b7126,,0,0,0,0,0,0,0,0,2026-1-10 12:02,2026-1-10 12:02
ade86fbb-7dbe-45b9-8801-b4c640ac5917,c7ceb344-9595-4ea2-b038-7a71e114ad1a,,0,0,0,0,0,0,0,0,2026-1-10 12:02,2026-1-10 12:02
6220f055-8353-4b6b-8938-628f6ed1a033,6b7f4ad0-a9e2-4f37-aec3-facc2ef1145f,,0,0,0,0,0,0,0,0,2026-1-10 12:02,2026-1-10 12:02
37733810-e57e-448b-a7e1-98dc822be632,3a5877c3-557e-4d75-a756-174a9a66b8e2,,0,0,0,0,0,0,0,0,2026-1-10 12:02,2026-1-10 12:02
ee033a98-abc2-41b8-8150-798811182a2f,75189098-ba4c-413b-ae22-5e0a3332c6ac,,0,0,0,0,0,0,0,0,2026-1-10 12:02,2026-1-10 12:02
3f22f300-7a14-44db-b800-68f8110d9c04,787e1c6a-fb32-4095-a173-bfda4d878a96,,0,0,0,0,0,0,0,0,2026-1-10 12:02,2026-1-10 12:02
a344fc86-38cc-4f1c-a12a-364e8680e2a6,b5551c45-e898-47e0-83b3-83f96a758429,,0,0,0,0,0,0,0,0,2026-1-10 12:02,2026-1-10 12:02
db5a7bab-4e61-491d-b3f5-066fb7c37dce,ff84be6f-0771-4f78-9b71-bdbf63105d11,,0,0,0,0,0,0,0,0,2026-1-10 12:02,2026-1-10 12:02
2df95d04-abe9-4cc2-a17e-f986fe5ef570,310d9593-7c6e-49e9-ac6e-9f4824ada61c,,0,0,0,0,0,0,0,0,2026-1-10 12:02,2026-1-10 12:02
a1157d6d-5f39-4286-b755-29c5a7281ee9,95de03be-5dbc-43de-a311-9ed42af8a4c6,,0,0,0,0,0,0,0,0,2026-1-10 12:02,2026-1-10 12:02
5dd97652-8deb-4188-ad79-4765ae18259d,15a3cb19-8311-4fa8-84c5-e2207e6d33c9,,0,0,0,0,0,0,0,0,2026-1-10 12:02,2026-1-10 12:02
2135462f-4370-47ff-920e-afd5d5abfef0,4a3b6bf8-d8b4-49fe-a60f-0ae23e36a8ec,,0,0,0,0,0,0,0,0,2026-1-10 12:02,2026-1-10 12:02
564c21da-8a31-40cb-82f2-f44e6e58180f,35d5a1e7-d23f-4f41-ac28-539eab08edd5,,0,0,0,0,0,0,0,0,2026-1-10 12:02,2026-1-10 12:02
8e7ea2eb-9516-4cb1-a98d-fb1f842a2a8e,3023d59a-e807-4d3a-a1fc-9d9874fb3215,,0,0,0,0,0,0,0,0,2026-1-10 12:02,2026-1-10 12:02
13c039ca-8484-44ed-9930-e33788f5a8c6,b0f7ad2a-2c61-42eb-bf72-baf645bff511,,0,0,0,0,0,0,0,0,2026-1-10 12:02,2026-1-10 12:02
84fc61b1-0013-4ed7-afa8-a5b2744683b5,3221ccbc-1849-42a9-b8fe-8d3313babe97,,0,0,0,0,0,0,0,0,2026-1-10 12:02,2026-1-10 12:02
e208dbfe-5ad0-4297-b64f-411f8575fb27,040a1432-17bb-42fa-9ecb-673282b15c4c,,0,0,0,0,0,0,0,0,2026-1-10 12:02,2026-1-10 12:02
1cd17c50-da49-43d9-9908-1ac993df5970,771d2a5d-5151-4c3f-befd-76e56857984f,,0,0,0,0,0,0,0,0,2026-1-10 12:02,2026-1-10 12:02
ec4eea27-270a-4dbd-8312-6a14b1041914,a2c17f36-adb3-4f26-9e9f-f6a2627bb6dd,,0,0,0,0,0,0,0,0,2026-1-10 12:02,2026-1-10 12:02
479b5847-606b-4dae-ad34-f994a679fc94,503883eb-5c43-428a-9348-9eed53859846,,0,0,0,0,0,0,0,0,2026-1-10 12:02,2026-1-10 12:02
2016584d-ef9f-4076-b441-208c5843dff5,f1edcc42-3ff1-48dc-b6a6-99c1616c2997,,0,0,0,0,0,0,0,0,2026-1-10 12:02,2026-1-10 12:02
4277baf7-c752-47c2-9d67-f96503cb48bf,e4bae633-39ff-4cd8-b8ea-26077a2db752,,0,0,0,0,0,0,0,0,2026-1-10 12:02,2026-1-10 12:02
71a78e02-8430-4547-a65b-b0ab0e052174,9a7b315e-beb7-4795-9e56-a1b7f19db1c7,,0,0,0,0,0,0,0,0,2026-1-10 12:02,2026-1-10 12:02
077f0f4a-5b17-4ecb-8b01-6b262ef65fc0,8d8d949c-a701-42ac-8573-3617f14e0852,,0,0,0,0,0,0,0,0,2026-1-10 12:02,2026-1-10 12:02
f4901714-eef8-41c8-bd73-be3ba72058cd,a513b4c8-e901-465f-9198-97d52faa34e5,,0,0,0,0,0,0,0,0,2026-1-10 12:02,2026-1-10 12:02
78235125-e338-4021-8e2d-1888e871516a,92dcb815-2d93-4dd3-a85e-46501758305f,,0,0,0,0,0,0,0,0,2026-1-10 12:02,2026-1-10 12:02
c926b987-f9bd-4273-b93c-ddc28328da63,bb08b236-af2d-4612-a11e-a8a64a36c39e,,0,0,0,0,0,0,0,0,2026-1-10 12:02,2026-1-10 12:02
0899e5e0-e4c9-4154-9e66-4d6dafafbefa,a8a20ea4-3f80-4e4e-b66a-184d6e257a88,,0,0,0,0,0,0,0,0,2026-1-10 12:02,2026-1-10 12:02
03c64bde-ba48-4742-bd38-999d4ea7d05a,4e2b2530-6b03-4032-b411-6ba5a15b600d,,0,0,0,0,0,0,0,0,2026-1-10 12:02,2026-1-10 12:02
aadf9809-1ef8-42b7-b144-58f9cb46b9a2,d30ae99d-70b7-4006-a5f5-d02dbf98f3a9,,0,0,0,0,0,0,0,0,2026-1-10 12:02,2026-1-10 12:02
94308153-cc67-455e-bdd5-b54aef7e0b11,44e8467f-5d2f-472c-9b4f-fdad2091d184,,0,0,0,0,0,0,0,0,2026-1-10 12:02,2026-1-10 12:02
dc647781-9c7c-442c-ae85-f9ecd58f1d66,bcc2bbf0-b9fe-41bd-a542-ca9f054f1565,,0,0,0,0,0,0,0,0,2026-1-10 12:02,2026-1-10 12:02
57aacb10-6e97-438c-b86d-737557a5d73b,64cf482c-03ba-453f-bf15-cd93d190caa3,,0,0,0,0,0,0,0,0,2026-1-10 12:02,2026-1-10 12:02
810269b4-ec24-413b-8c55-2338c1adae28,02cc76b8-6ded-4adf-b7e0-1accb3d5745c,,0,0,0,0,0,0,0,0,2026-1-10 12:02,2026-1-10 12:02
37be0622-072b-4c5f-99c5-2733bb0be678,b6e03c18-20c0-4df0-b2b3-b3b79b13138f,,0,0,0,0,0,0,0,0,2026-1-10 12:02,2026-1-10 12:02
a90490b5-e2dd-41ae-a296-ec901269c423,7ad3286a-da8f-4733-af3e-a1de1114b4fc,,0,0,0,0,0,0,0,0,2026-1-10 12:02,2026-1-10 12:02
e963a1ac-1f43-4a30-a019-e82264501615,7f0f595b-7de0-4760-920f-599597a8e46b,,0,0,0,0,0,0,0,0,2026-1-10 12:02,2026-1-10 12:02
3a5c6efb-bc7b-4ba5-8c69-252d0384d972,0335f94e-e7d7-4286-9e96-868b4c23f5a4,,0,0,0,0,0,0,0,0,2026-1-10 12:02,2026-1-10 12:02
91e5f59a-c988-4ab7-b275-c2e4337edbd0,6773423b-3f97-4397-a456-32429a487a05,,0,0,0,0,0,0,0,0,2026-1-10 12:02,2026-1-10 12:02
d4313af0-8008-415b-a46b-8e5c715580a8,1e7705f4-553c-4840-8c6e-df4eec68c672,,0,0,0,0,0,0,0,0,2026-1-10 12:02,2026-1-10 12:02
ca63d095-5be9-4084-9281-1cb052cd6225,07ed38e4-1c11-482e-b87f-450eac2220ef,,0,0,0,0,0,0,0,0,2026-1-10 12:02,2026-1-10 12:02
2c9cc786-b888-4195-bcff-e7f9a1d29e3e,2b10c003-c411-4e06-a6c1-79db4f64e32f,,0,0,0,0,0,0,0,0,2026-1-10 12:02,2026-1-10 12:02
99d20d35-247a-447e-aab3-4f307b0655e9,4a852805-31ce-496e-a56e-b92f906073ce,,0,0,0,0,0,0,0,0,2026-1-10 12:02,2026-1-10 12:02
19715394-fe3b-4661-9de2-189f2d6acfa2,7dea93be-a751-4e47-907e-7ad1dd3a2b6e,,0,0,0,0,0,0,0,0,2026-1-10 12:02,2026-1-10 12:02
9981afba-e931-4273-ad2d-4c19250f6d18,8d90ae53-65ea-47cc-a2f4-9fa050a655c2,,0,0,0,0,0,0,0,0,2026-1-10 12:02,2026-1-10 12:02
159f18f7-f953-49ec-8e6c-5c204b36ad27,9662b822-a1e1-4e3d-8620-b4fbf57e6a8d,,0,0,0,0,0,0,0,0,2026-1-10 12:02,2026-1-10 12:02
8518534d-1631-4a6e-97d4-ebce3d24d957,315a65db-7960-4b2b-a4a0-b25b8dc037e6,,0,0,0,0,0,0,0,0,2026-1-10 12:02,2026-1-10 12:02
fb23c47d-5c78-4493-bfdd-4d077cdb874c,cd2a82b0-bfc9-4fc7-8e5c-950a095bb9fc,,0,0,0,0,0,0,0,0,2026-1-10 12:02,2026-1-10 12:02
9ec5b9c5-3b9f-494b-8c1c-6c5cb042878a,bccbf5c6-0926-45ff-b070-7cc5e65e73e7,,0,0,0,0,0,0,0,0,2026-1-10 12:02,2026-1-10 12:02
4d51b9c9-c6ad-45b2-8b06-dfa3b02fa5dc,c7778f21-59da-4ea2-839a-77caf091aae2,,0,0,0,0,0,0,0,0,2026-1-10 12:02,2026-1-10 12:02
00c64315-c41c-4117-9f2f-74d689c20183,478399b2-0287-483c-b17e-e8a9f2f70a29,,0,0,0,0,0,0,0,0,2026-1-10 12:02,2026-1-10 12:02
3e4e329a-dcbe-44ed-825b-d27af7b19d30,d1fbdbec-34d6-42d8-b51a-3c1a2ffd584e,,0,0,0,0,0,0,0,0,2026-1-10 12:02,2026-1-10 12:02
c5c00790-f117-4f80-9cea-f2335490bc03,fd2629ea-c741-4b33-a69b-aef07e670903,,0,0,0,0,0,0,0,0,2026-1-10 12:02,2026-1-10 12:02
4cd3b89a-bd6d-4571-a4eb-7c7bcfcb517f,e266460e-a2c7-41ea-be2f-0b6aace2ec69,,0,0,0,0,0,0,0,0,2026-1-10 12:02,2026-1-10 12:02
116fc261-0558-4151-9493-1b53b8e24ced,11ad18b9-143b-49c4-9624-2fdbf76d1c40,,0,0,0,0,0,0,0,0,2026-1-10 12:02,2026-1-10 12:02
c5aa5ddb-3317-499b-aed5-285f3616b90b,71f6195f-ac09-4c0c-a5bd-c7be755a1f2f,,,,,,,,,,2026-04-08 19:12:39,2026-04-08 19:12:39
b0e2cd75-58b3-4fcf-83a8-17f7878e02bb,fde2dcc0-7582-4561-9456-5ae9dbfb0c0d,,,,,,,,,,2026-04-08 19:12:39,2026-04-08 19:12:39
e701f6ce-efd7-4b7c-a5af-130b6f91659c,015b3f47-0e58-47f1-88eb-a903f65d2101,,,,,,,,,,2026-04-08 19:12:39,2026-04-08 19:12:39
698d2c71-3b02-4e11-b641-1da97e8271ab,f78833ae-2a43-49ba-bc0c-92fdd07c7ea7,,,,,,,,,,2026-04-08 19:12:39,2026-04-08 19:12:39
4cf7f0ad-f5e7-421c-8d1a-f36a1306a231,3bb8eca8-3b09-44f2-ab24-de7feff114cc,,,,,,,,,,2026-04-08 19:12:39,2026-04-08 19:12:39
61e8d230-5967-4e1a-97c7-2471b1aecbcc,f038391c-0c0a-4123-b8e7-ff207b9741c6,,,,,,,,,,2026-04-08 19:12:39,2026-04-08 19:12:39
d8b10041-1623-4e10-a733-82a4f2c23275,bebe2af1-cd00-48b4-9918-d6e3f05ef6df,,,,,,,,,,2026-04-08 19:12:39,2026-04-08 19:12:39
cd3674b5-4de1-4447-af71-efd7306c5494,d2111d1b-5b38-4541-8d3f-c567dce471e0,,,,,,,,,,2026-04-08 19:12:39,2026-04-08 19:12:39
1c666485-66a8-4cf0-b1ab-09e255aa0caa,275cd8e3-5aab-49f4-823e-3e15a719c6f4,,,,,,,,,,2026-04-08 19:12:39,2026-04-08 19:12:39
a927162d-6d22-4621-b0f3-74912eab76ac,d873f4e4-bb7d-4ee3-8f54-1a002615d867,,,,,,,,,,2026-04-08 19:12:39,2026-04-08 19:12:39
7aedb155-faeb-4985-87de-c9d5e4daf969,82f990e6-2bf0-455f-ab91-bad7e7a8f854,,,,,,,,,,2026-04-08 19:12:39,2026-04-08 19:12:39
ac14c6d6-38f7-4d87-9d5d-17b49c7cc532,373894c9-839f-448d-ab10-5e1efeb4157b,,,,,,,,,,2026-04-08 19:12:39,2026-04-08 19:12:39
7ceb199d-a19e-4efb-8d65-db82e20c2c8f,48318eba-0a7c-491b-878e-2b28748d0429,,,,,,,,,,2026-04-08 19:12:39,2026-04-08 19:12:39
b792c5b7-638a-4d11-a063-69cafd58a142,350b97e7-d10c-4b4a-b0f4-c4b28c62d9f2,,,,,,,,,,2026-04-08 19:12:39,2026-04-08 19:12:39
2b98e6bd-d226-43e0-812b-d4f32c545b1c,e820a79b-dbe8-4359-a5b6-54b8beb38772,,,,,,,,,,2026-04-08 19:12:39,2026-04-08 19:12:39
2e704e35-08f4-4acf-9a15-3f253073ad83,26076fab-59a0-48cb-8cf4-17ed641a2a60,,,,,,,,,,2026-04-08 19:12:39,2026-04-08 19:12:39
1c09f072-1504-4c50-97d0-5245d3cdc610,94ce4100-e6b9-40e6-a0e5-ac58962f95f4,,,,,,,,,,2026-04-08 19:12:39,2026-04-08 19:12:39
c7613062-4a97-4569-b3f8-3cd1941e62dc,a91633e8-b0df-4f96-99a1-232552314e9a,,,,,,,,,,2026-04-08 19:12:39,2026-04-08 19:12:39
0cbc045f-0c3a-4096-96d1-28a5a8642780,4093a4de-6509-4dd9-af6c-d88f17c95254,,,,,,,,,,2026-04-08 19:12:39,2026-04-08 19:12:39
58c220e1-7cee-40f5-9346-77c3bc00a7e2,7a69cdba-6e83-426b-bae8-7f387c4d89b3,,,,,,,,,,2026-04-08 19:12:39,2026-04-08 19:12:39
7ca5d9b0-0f2d-4fd0-8875-70fdf676fc56,74ebe46b-235e-401f-9692-f43a7c0592c7,,,,,,,,,,2026-04-08 19:12:39,2026-04-08 19:12:39
d53e245f-182f-4943-8e62-7d04dd30a933,0fd52b16-97e7-475f-90ae-f571e405c12a,,,,,,,,,,2026-04-08 19:12:39,2026-04-08 19:12:39
207ff216-5263-450b-842f-25a4788ca1c8,53de2c7c-5ad9-4829-8265-be4a76c0451e,,,,,,,,,,2026-04-08 19:12:39,2026-04-08 19:12:39
9ce98e0d-02b5-446b-a091-fbf1bd7d0ef9,45e8b53f-3f13-4a2b-810b-50f9a08593c7,,,,,,,,,,2026-04-08 19:12:39,2026-04-08 19:12:39
21ded140-b03b-4cd9-94c8-0dba3eb68c32,e945d803-56bd-4d4b-b21b-0587db1912f1,,,,,,,,,,2026-04-08 19:12:39,2026-04-08 19:12:39
b4bd6db3-6fc6-463d-8227-51b7f275afc4,05a39773-1b84-487b-88fa-cd3127904579,,,,,,,,,,2026-04-08 19:12:39,2026-04-08 19:12:39
36d4d976-99d6-4f88-95fd-c688913f4319,dde3cc73-fd18-4c7e-bbf8-479304bc1354,,,,,,,,,,2026-04-08 19:12:39,2026-04-08 19:12:39
f9a13e74-7730-4c7d-8434-97d35061f564,fa6a1a27-422a-4da4-a922-a0da7ca6983a,,,,,,,,,,2026-04-08 19:12:39,2026-04-08 19:12:39
7f0a199c-1178-4786-af52-d7031f75d256,cef52ad3-6966-49d8-9c8a-b4bd8589eca5,,,,,,,,,,2026-04-08 19:12:39,2026-04-08 19:12:39
17ed8df3-42f4-446b-b15a-2a618b927879,7e7b5238-3eb4-442b-8ddc-307ff7f19e1e,,,,,,,,,,2026-04-08 19:12:39,2026-04-08 19:12:39
c7508a46-8340-4efa-833e-3495254bc1d3,e5e31845-6b2c-4060-94bd-3670c3154f2a,,,,,,,,,,2026-04-08 19:12:39,2026-04-08 19:12:39
4ede411e-2619-4a83-b0df-0ee2a900e80f,1c95bd9a-349e-41e9-b32d-08bf63beb1b0,,,,,,,,,,2026-04-08 19:12:39,2026-04-08 19:12:39
21086e16-2d27-4385-8a81-ca030301655e,c0aef157-a058-48df-9ba7-6d70f368d351,,,,,,,,,,2026-04-08 19:12:39,2026-04-08 19:12:39
3fa7e9ce-3bf3-4199-9ffc-3a9dbb77f037,63feb1b5-d575-4adb-adef-bdd31f2e418b,,,,,,,,,,2026-04-08 19:12:39,2026-04-08 19:12:39
52de503d-1cac-4a78-aa5a-590f0395f604,1f06acd8-b20f-435d-97c2-990f72393150,,,,,,,,,,2026-04-08 19:12:39,2026-04-08 19:12:39
c4a67031-35b6-433d-93de-ec819bae203e,2e78155d-8dcf-4650-8c3d-e2724f3fea6c,,,,,,,,,,2026-04-08 19:12:39,2026-04-08 19:12:39
7f8cebd2-ecc9-4b64-8662-367efdbf1785,25650b79-c040-49fd-98b2-391b8442fc8e,,,,,,,,,,2026-04-08 19:12:39,2026-04-08 19:12:39
64a65c12-47a5-4410-8cb6-75b7a142ca6a,6024fecb-aed9-451e-8407-67d11770c8e4,,,,,,,,,,2026-04-08 19:12:39,2026-04-08 19:12:39
e71a2892-8dba-4f6e-b36f-e897f89260f9,fd0f9b80-fcba-40db-a7be-c85ad0bdd8a0,,,,,,,,,,2026-04-08 19:12:39,2026-04-08 19:12:39
18cd717b-3aeb-4f47-9050-895cb1b46364,2e941ab3-dc46-4236-a598-6c64fffbabd8,,,,,,,,,,2026-04-08 19:12:39,2026-04-08 19:12:39
f7136be5-8d36-47d4-a55f-1f51855962df,baf1810c-dbc5-4bbe-a171-3d4b24b9fbd5,,,,,,,,,,2026-04-08 19:12:39,2026-04-08 19:12:39
6c3c3178-df7e-4d23-92ce-c6535ad3b773,c1b954bf-053b-4089-be77-5cda5d5c8997,,,,,,,,,,2026-04-08 19:12:39,2026-04-08 19:12:39
3738ab1a-151d-4417-9f7a-4f7ee3bad387,1b74f0e9-3dcf-43bd-8397-2531885e1c72,,,,,,,,,,2026-04-08 19:12:39,2026-04-08 19:12:39
963f1c8c-0741-43da-8d84-7a0cb3b3093c,6f584474-07dc-4c68-8226-bbe67138a72e,,,,,,,,,,2026-04-08 19:12:39,2026-04-08 19:12:39
5b316b25-97c8-4438-a531-ba5b5cddca39,256703ae-e88f-4bf8-86e4-cf14edb67482,,,,,,,,,,2026-04-08 19:12:39,2026-04-08 19:12:39
0d306560-52a3-44ab-993f-161cfe81a224,249ffac4-e452-4679-b850-34700a2fb0e7,,,,,,,,,,2026-04-08 19:12:39,2026-04-08 19:12:39
3b0ad844-49d6-43e8-b105-f03311b4426b,e75fe283-5177-4563-89b9-a10e6f9dd4e3,,,,,,,,,,2026-04-08 19:12:39,2026-04-08 19:12:39
a38f37bd-bdaf-4edd-a733-9a15b15eeaed,ef77c9ce-eafe-4b59-83ec-4b4b7a0f24bf,,,,,,,,,,2026-04-08 19:12:39,2026-04-08 19:12:39
ef82cfc7-5100-4238-b793-d46d92e4b20b,45e4f353-50b6-4173-ae88-85eab50b0631,,,,,,,,,,2026-04-08 19:12:39,2026-04-08 19:12:39
a7516061-4079-40a9-b473-f15f073e934b,71d9f328-1702-4137-bab1-b433a492a397,,,,,,,,,,2026-04-08 19:12:39,2026-04-08 19:12:39
113efed3-12a5-418a-bcbb-790b8ca637d2,4a7addb5-7977-4dad-a3ed-92e4c8eeef9a,,,,,,,,,,2026-04-08 19:12:39,2026-04-08 19:12:39
963b2f00-74c7-4972-b2ef-6ea74aaa7caa,ab3880d6-1df0-40f6-8692-b7939d80e4ff,,,,,,,,,,2026-04-08 19:12:39,2026-04-08 19:12:39
3dbaa933-d3fc-461e-a02d-2f404c3fb6ae,34c48882-5b3e-49a2-aeac-a5596faa9c19,,,,,,,,,,2026-04-08 19:12:39,2026-04-08 19:12:39
2455fa54-e125-490f-a71d-a53814140b65,07606452-4433-4923-b636-9e5cd40b7de1,,,,,,,,,,2026-04-08 19:12:39,2026-04-08 19:12:39
81c33cde-3477-4dcf-b5e1-6f1f45134757,3b76cd73-3d8b-4a14-b539-ecfdc06ffb57,,,,,,,,,,2026-04-08 19:12:39,2026-04-08 19:12:39
87b05b21-a1f9-4502-b09c-773134442409,11eafc51-8472-4758-a56f-ccc1e41db5ff,,,,,,,,,,2026-04-08 19:12:39,2026-04-08 19:12:39
d348ced6-d31f-4f90-859b-7b3f499c555e,3931f540-d4c6-455f-b377-2e966d2e9993,,,,,,,,,,2026-04-08 19:12:39,2026-04-08 19:12:39
b4fc705f-480e-4936-bd87-c988833ceac7,a35bd4ab-3a8f-46b1-be4a-1ba699e05e67,,,,,,,,,,2026-04-08 19:12:39,2026-04-08 19:12:39
1fe52911-e071-4952-b1af-f072ab40e343,a86312e5-88cd-41a0-9086-acd895ad9b2d,,,,,,,,,,2026-04-08 19:12:39,2026-04-08 19:12:39
9af1b5aa-bfda-4850-8a71-8944adb92c92,cf61aff1-c65d-41a7-9d5e-69ca574f697c,,,,,,,,,,2026-04-08 19:12:39,2026-04-08 19:12:39
8afce3e0-9284-48f0-bf42-52fc7da08c64,7259cde1-3778-442f-a7c9-765b4b8fa8c4,,,,,,,,,,2026-04-08 19:12:39,2026-04-08 19:12:39
6fef6abe-445a-41bd-ac7a-c698f3769cca,dcbbaaf8-6cef-48cc-bfe9-a253a004c436,,,,,,,,,,2026-04-08 19:12:39,2026-04-08 19:12:39
c76fc582-0682-419e-8f8e-829699a84f5e,463ae953-7c0a-4803-bcd2-f4430483bb6b,,,,,,,,,,2026-04-08 19:12:39,2026-04-08 19:12:39
7368358b-f275-4120-9fe0-51cc3049d7ab,c03a705a-035d-4c77-b40f-be223819793d,,,,,,,,,,2026-04-08 19:12:39,2026-04-08 19:12:39
df0c58d0-1a8b-41f6-a62b-7a12d57ca501,402a2292-093a-4f1c-86b3-bc7f2d324883,,,,,,,,,,2026-04-08 19:12:39,2026-04-08 19:12:39
fe02263c-4c9f-4486-a83d-2deca580b421,a0110ad0-5c90-43fb-b6b7-d4ee8cb693be,,,,,,,,,,2026-04-08 19:12:39,2026-04-08 19:12:39
6db2ef3a-2f5b-4e42-96ca-8cd62ee1a99e,ad20f59c-0352-44f6-ab87-7d80c556c51c,,,,,,,,,,2026-04-08 19:12:39,2026-04-08 19:12:39
039e8f2c-64c6-430c-bb94-ccb6a236395f,681a8cfa-4c1a-49ec-bb30-14921a432df1,,,,,,,,,,2026-04-08 19:12:39,2026-04-08 19:12:39
35b286b1-3b46-44b2-aaf6-a5a52b5513fb,3c73fdab-9275-4a49-baea-05ba0ce0cf7f,,,,,,,,,,2026-04-08 19:12:39,2026-04-08 19:12:39
0f78c745-29f3-4a87-b91a-86d748e25251,89b67841-fa1c-4378-821a-c3bbf3a2e326,,,,,,,,,,2026-04-08 19:12:39,2026-04-08 19:12:39
e00987d2-94e1-4cbc-b1ac-77318bbdded9,bca12a6b-47b3-4bfc-ae13-097fc9dcf143,,,,,,,,,,2026-04-08 19:12:39,2026-04-08 19:12:39
71bb7fac-591b-4432-a4cb-bfd5871815b8,2a05a41c-4416-456f-a9f6-c94f3ac5253a,,,,,,,,,,2026-04-08 19:12:39,2026-04-08 19:12:39
b5603b65-c11c-44f3-91fa-bf8c6cab4b0c,827cd566-9fd4-4265-bb11-e09e03977b51,,,,,,,,,,2026-04-08 19:12:39,2026-04-08 19:12:39
2d33efa9-3bcc-4fe6-9361-17939dc7ac99,9c4f605c-9437-4845-83d0-19fd75814897,,,,,,,,,,2026-04-08 19:12:39,2026-04-08 19:12:39
37f873da-0231-4ce8-bf50-b34e82804389,2f4a2c93-8028-43da-84a1-c2e568af6041,,,,,,,,,,2026-04-08 19:12:39,2026-04-08 19:12:39
3ade14a8-25e7-4fc9-ba7c-1dd156eee0fb,0a7c6185-8191-4f5f-8aa5-5b675574df90,,,,,,,,,,2026-04-08 19:12:39,2026-04-08 19:12:39
e6aef6aa-062d-4f89-bc28-75b186aaa8b0,b490f502-1cd6-4b1e-b114-9a73412982ae,,,,,,,,,,2026-04-08 19:12:39,2026-04-08 19:12:39
0c12c181-4ef8-4a35-ade8-4cecea83e062,9ea78094-31c2-4334-8c66-29687df50951,,,,,,,,,,2026-04-08 19:12:39,2026-04-08 19:12:39
7304ee22-5d35-4de4-b213-8eea49a7c7bc,82fe6a24-acf8-4d38-9bcb-d88df758e7c0,,,,,,,,,,2026-04-08 19:12:39,2026-04-08 19:12:39
3be436f0-74e2-4c00-951a-b03838bdcbb0,c41848d2-dccc-4d67-904d-b5508a388758,,,,,,,,,,2026-04-08 19:12:39,2026-04-08 19:12:39
350cfe8b-2efc-4319-93b3-e74fc4001b41,fc3d97c2-1474-4c17-9b6d-e8a71c52715b,,,,,,,,,,2026-04-08 19:12:39,2026-04-08 19:12:39
acc161b8-e60e-4636-8614-9d7648bbd5ab,d4531b51-87f4-4d4f-8392-3343a0b48db1,,,,,,,,,,2026-04-08 19:12:39,2026-04-08 19:12:39
8c0e65ee-10de-4466-aeae-e6702635fccb,ae26143d-8810-459c-90c8-3f9f4c64f945,,,,,,,,,,2026-04-08 19:12:39,2026-04-08 19:12:39
c0565f22-4a2b-44ce-b745-f7709949f53a,46e62930-5c95-4853-9903-cce9ebe1b086,,,,,,,,,,2026-04-08 19:12:39,2026-04-08 19:12:39
7424ac1a-b6f7-4511-b540-a01f8184ceca,44657985-d233-4828-b347-bcbc81d62392,,,,,,,,,,2026-04-08 19:12:39,2026-04-08 19:12:39
79eceaca-b348-440c-a204-2adbe99fb65a,7e0944cb-68b7-4cb3-9325-12c0470a05be,,,,,,,,,,2026-04-08 19:12:39,2026-04-08 19:12:39
bd29e41b-a9a5-49d6-b2a3-e54d8b5b2c91,cf7a0d77-d1b4-48b3-9cb6-7e8d7a33ccf9,,,,,,,,,,2026-04-08 19:12:39,2026-04-08 19:12:39
4d751aa2-31b7-4de9-b202-c5623930d393,12769daf-e295-4f17-af12-4c5f1bcc34a4,,,,,,,,,,2026-04-08 19:12:39,2026-04-08 19:12:39
12c4abb9-4fcf-4284-8226-f8449fde7f45,a24db8b2-3197-4d8e-9a3e-88858a31b221,,,,,,,,,,2026-04-08 19:12:39,2026-04-08 19:12:39
2a7396f5-86e2-4452-8e6f-10feabc25af5,6995d391-ecc3-4863-8f4e-3021b83778a0,,,,,,,,,,2026-04-08 19:12:39,2026-04-08 19:12:39
0da26326-9d62-4643-8117-98df403690aa,dc17cb49-7061-4259-9d26-79e841cf298f,,,,,,,,,,2026-04-08 19:12:39,2026-04-08 19:12:39
737ed6b4-6fd0-4514-a409-c0f9da4859d4,c08ff6d3-39e3-4146-b367-823ac380de1d,,,,,,,,,,2026-04-08 19:12:39,2026-04-08 19:12:39
231a66f7-e7e8-4e0f-a000-34c3c4c570c1,aea32a29-bb76-4077-ad5b-9acd85fe3a88,,,,,,,,,,2026-04-08 19:12:39,2026-04-08 19:12:39
aa4d53be-0f75-4a49-adf5-e58e9c253b25,45a8a2ad-2468-409d-b36a-7d70901facfe,,,,,,,,,,2026-04-08 19:12:39,2026-04-08 19:12:39
7b3d93b3-c14c-470f-ba15-106ba22ab468,e6415fa6-ceb1-4fa8-b83f-457ece90f78c,,,,,,,,,,2026-04-08 19:12:39,2026-04-08 19:12:39
50a0c9f3-6249-44db-bc2d-5187765f6604,3c6573cd-4fd2-4e5f-8d10-9b7632e343ed,,,,,,,,,,2026-04-08 19:12:39,2026-04-08 19:12:39
5d0e27e7-3f73-4b17-9745-5b051f8cf8bb,7fb85e07-8097-4872-b448-a058e234426f,,,,,,,,,,2026-04-08 19:12:39,2026-04-08 19:12:39
d4a536e6-7bd7-4a37-b9d3-cb66e266633d,420a3a46-bfd0-4994-a4fd-9d611283ede3,,,,,,,,,,2026-04-08 19:12:39,2026-04-08 19:12:39
f55927e4-3246-4449-aba9-5cba2e5b255b,bf57cb9c-5284-4cf0-a08b-59bdd2ff93d2,,,,,,,,,,2026-04-08 19:12:39,2026-04-08 19:12:39
0424ca5d-7542-4c5c-aea0-a97b04face6e,180ebb72-d210-459e-adbb-c3e8d3f2b8aa,,,,,,,,,,2026-04-08 19:12:39,2026-04-08 19:12:39
6f0d55ba-40ed-4e34-85ad-62c4f5221c0a,2d2cf383-0e69-4ac7-a726-df6f0d9c464b,,,,,,,,,,2026-04-08 19:12:39,2026-04-08 19:12:39
9c3eb8ad-7cfb-4b35-b443-594aca830f43,d3349661-d13b-4a99-a9e3-71cba1c812a9,,,,,,,,,,2026-04-08 19:12:39,2026-04-08 19:12:39
43ce1178-697f-40ee-b7a0-a68e7cbc4462,ddca0128-cd0d-4332-8788-1de38da33510,,,,,,,,,,2026-04-08 19:12:39,2026-04-08 19:12:39
9a3c1766-acf2-4df6-bbbe-df26bc3e234a,02a60b08-6ae0-4605-9a2d-22f812a4679e,,,,,,,,,,2026-04-08 19:12:39,2026-04-08 19:12:39
d56a2e4b-077c-4a0e-9993-4949f25b6fe0,ce60854c-60a2-4ae8-8cc8-3e988cd8c2df,,,,,,,,,,2026-04-08 19:12:39,2026-04-08 19:12:39
c9108f35-7b13-41f5-8cc9-53cffea971b3,3aae618c-c41a-4731-99c3-c3b4998b5a1b,,,,,,,,,,2026-04-08 19:12:39,2026-04-08 19:12:39
5f467d6f-2fd3-4b38-8466-7dcf1cbe5e88,85426e64-56ce-491b-a6fd-741068326be4,,,,,,,,,,2026-04-08 19:12:39,2026-04-08 19:12:39
3c4d96d2-fa23-48d5-a221-aac1dda40758,eaeb80da-6f49-44d3-b2c4-e06dd167e7c8,,,,,,,,,,2026-04-08 19:12:39,2026-04-08 19:12:39
a4df25ad-c3f8-4557-85cf-f5576a1a3e58,93a76473-ecf0-4699-9a9d-985bd8457c21,,,,,,,,,,2026-04-08 19:12:39,2026-04-08 19:12:39
7f44dc03-0122-4501-8417-738877d0a8ff,6aad3bad-d1dd-42dc-a500-4abfd92fda7f,,,,,,,,,,2026-04-08 19:12:39,2026-04-08 19:12:39
afd2989b-01ee-482f-9061-b0781acac5bc,8da2878d-d832-471a-abe7-348845ebb003,,,,,,,,,,2026-04-08 19:12:39,2026-04-08 19:12:39
d906e7b1-f956-45ed-acd6-39626320e2b9,e5c67f39-7556-4d9e-a573-22d48e8391e7,,,,,,,,,,2026-04-08 19:12:39,2026-04-08 19:12:39
99739f15-3bd1-4354-a381-b0b6cc0ebcd7,59c00e5d-601f-4f76-9d42-bd6958ca34d7,,,,,,,,,,2026-04-08 19:12:39,2026-04-08 19:12:39
066582f1-4dd1-4d3e-ab2f-025d5287b1d3,d49f705c-df87-4852-80b3-e78e1b1d2e01,,,,,,,,,,2026-04-08 19:12:39,2026-04-08 19:12:39
9b8a823f-5c73-4ac3-9f38-33fa0a791923,0a456384-13fd-4cca-9798-20fb032eb87f,,,,,,,,,,2026-04-08 19:12:39,2026-04-08 19:12:39
1995801c-c94a-42b8-899d-dc8e3538be65,e20834c9-e741-419f-96cd-6ac80ffcc83a,,,,,,,,,,2026-04-08 19:12:39,2026-04-08 19:12:39
e56eb5bc-03cc-4d40-9203-5cadbe09f668,de07bbb2-42af-4110-951f-b4ac55f5ae5f,,,,,,,,,,2026-04-08 19:12:39,2026-04-08 19:12:39
0d6a2610-9f05-4114-92a6-cffe573dbc50,57a22f6d-c6a6-4bcd-a6c1-308721c82f98,,,,,,,,,,2026-04-08 19:12:39,2026-04-08 19:12:39
26fb5d26-4133-4b96-8bfc-3317f4a43d91,0378f21c-1c97-43b5-ad16-b62df158316d,,,,,,,,,,2026-04-08 19:12:39,2026-04-08 19:12:39
779565ee-9ae9-40ba-b80f-6218fafebb6b,b807484b-a02f-43bf-aa91-b5af589b212b,,,,,,,,,,2026-04-08 19:12:39,2026-04-08 19:12:39
90be10dc-9a98-4e1a-99e7-9d884bffd0cc,e7aeefcf-b980-4005-8e7f-2d250f192bb0,,,,,,,,,,2026-04-08 19:12:39,2026-04-08 19:12:39
6b7fc74f-9a94-455f-af5e-e0f1f6d81824,ff185750-5c38-4ff9-a8bc-5301818b2998,,,,,,,,,,2026-04-08 19:12:39,2026-04-08 19:12:39
c2a4943f-e0f1-42d2-921f-0aa3771694f2,f9755e48-a37b-48e7-8883-1530901c6a04,,,,,,,,,,2026-04-08 19:12:39,2026-04-08 19:12:39
ccd721a4-2bd7-453f-8d2b-42040d197afd,48b855e5-a720-45f5-a28d-916f4546153a,,,,,,,,,,2026-04-08 19:12:39,2026-04-08 19:12:39
12250954-4ffc-40fb-bfa6-856a53adab82,85e72f15-376e-4c87-9323-a426a37415c2,,,,,,,,,,2026-04-08 19:12:39,2026-04-08 19:12:39
0820840e-3209-44fe-8210-71a7e39d8022,2ff2a4e4-42d6-468c-bcb7-ad85b9fef196,,,,,,,,,,2026-04-08 19:12:39,2026-04-08 19:12:39
7fb5a979-69b4-4f93-af15-ea0fac13656f,32967e49-ea36-4330-be71-c13b3a04f7b4,,,,,,,,,,2026-04-08 19:12:39,2026-04-08 19:12:39
fe56dbb7-f181-40c7-8717-5d18ab2ea997,7f400865-b848-474a-9125-f44cdb2e4c8d,,,,,,,,,,2026-04-08 19:12:39,2026-04-08 19:12:39
cf95faf1-42e5-412b-b1ad-1c04d5292d16,edb9a3c6-8809-47ac-8878-ecaa4d18ee11,,,,,,,,,,2026-04-08 19:12:39,2026-04-08 19:12:39
1d3c676e-9ca4-4977-9abe-c3a79f6d5b51,516d5682-4886-44b9-ba4f-090865d0c2ec,,,,,,,,,,2026-04-08 19:12:39,2026-04-08 19:12:39
910cdd5c-9925-44bd-a228-ea646cb7fbf2,8afb65fb-723d-46e4-a473-fbc96d2e0ce4,,,,,,,,,,2026-04-08 19:12:39,2026-04-08 19:12:39
d0ba3bad-4114-45f1-b3be-ee8c242ff95f,b93b1c83-37a5-4c73-a858-9f07baf5b45c,,,,,,,,,,2026-04-08 19:12:39,2026-04-08 19:12:39
247a82aa-ea71-4ced-b879-571a9fd8613e,6611cd70-02d8-474e-878e-d4041600d751,,,,,,,,,,2026-04-08 19:12:39,2026-04-08 19:12:39
a3598355-ad84-446f-9706-602083ab0395,90d91bdd-79c4-4ea3-a405-c3ffc3022483,,,,,,,,,,2026-04-08 19:12:39,2026-04-08 19:12:39
07a7ec6f-ca05-4916-b2f1-a20851abf43f,310bccc0-5fb9-4201-980f-8b86e3080cdf,,,,,,,,,,2026-04-08 19:12:39,2026-04-08 19:12:39
37b9b638-faf9-401d-bfc2-e8ef49aae45f,8191b650-cc7a-4f71-ae23-d6a5c0c98f17,,,,,,,,,,2026-04-08 19:12:39,2026-04-08 19:12:39
b57a5151-d597-44e5-8b35-14846ea5c66c,5a9e321a-7dd8-4269-b420-6a038a9a9f01,,,,,,,,,,2026-04-08 19:12:39,2026-04-08 19:12:39
ec8b562e-f438-44d6-accc-b615a44bfaa3,e71b1cca-2eb9-446d-b6ab-4fa2b8f859b9,,,,,,,,,,2026-04-08 19:12:39,2026-04-08 19:12:39
9cc15200-04d7-40f9-99af-804bbf31dd1e,afbeb041-f341-4681-ae78-b66086c5c4a1,,,,,,,,,,2026-04-08 19:12:39,2026-04-08 19:12:39
75c15f8e-63ba-4433-96ff-e879d987fe98,c03be570-2a6b-434e-953b-febf86ff9595,,,,,,,,,,2026-04-08 19:12:39,2026-04-08 19:12:39
cdf917fa-d90c-4e69-8d88-fb29b02f663d,10ab899b-eb21-46af-b676-537c2f624d1b,,,,,,,,,,2026-04-08 19:12:39,2026-04-08 19:12:39
a491fed1-16bd-4fb1-867c-f22263b1b9f4,340e5952-38cb-495a-8feb-a2afc79aecd6,,,,,,,,,,2026-04-08 19:12:39,2026-04-08 19:12:39
24feeb11-31cf-4a20-bcf6-570e5c5ab285,3198b4d7-f72a-47d1-801b-dd2f92629705,,,,,,,,,,2026-04-08 19:12:39,2026-04-08 19:12:39
62101b23-3b04-4c28-8f5e-459da3866d32,e1bc1eb4-41bb-47fc-8fda-a25b51f3501e,,,,,,,,,,2026-04-08 19:12:39,2026-04-08 19:12:39
50cb20cc-12cb-4fc1-a690-2b4018552a21,b7b029d8-b555-4726-8953-a0ad422871fb,,,,,,,,,,2026-04-08 19:12:39,2026-04-08 19:12:39
24e42d42-18ba-4340-8051-a46343201c73,b66e92d7-65cb-4795-baa8-3c889cdaa688,,,,,,,,,,2026-04-08 19:12:39,2026-04-08 19:12:39
8fdca3b8-00f8-4828-87c3-4bf6dd2201e6,0c4d7978-5e80-43fc-af78-c95ccd4db1ca,,,,,,,,,,2026-04-08 19:12:39,2026-04-08 19:12:39
b36ec659-c767-42bb-aedd-02279e31db8c,6b34fe74-dd14-4bd0-a204-ff457a1c9dff,,,,,,,,,,2026-04-08 19:12:39,2026-04-08 19:12:39
3d4f7f52-56c8-444f-a06a-c40e9f9d71f3,83bb192d-616b-403b-bc6c-8a288177e51a,,,,,,,,,,2026-04-08 19:12:39,2026-04-08 19:12:39
a571db53-f011-4ef8-954b-7614f65e4149,57301679-b8ca-4b40-b1e7-19b2ad58e86d,,,,,,,,,,2026-04-08 19:12:39,2026-04-08 19:12:39
4eb832e1-0cd9-4670-8dd7-89d6b88fa2df,50ce8d4c-69bf-4da8-b1f5-37581773f541,,,,,,,,,,2026-04-08 19:12:39,2026-04-08 19:12:39
f0f105bb-a32c-43e1-a3e3-2be7d9f7df3b,68fffadb-c144-4da7-b2f5-5e5705e8a736,,,,,,,,,,2026-04-08 19:12:39,2026-04-08 19:12:39
59b8b18c-7448-4ae1-a54f-bfe86aeb80f8,8fb9f63a-6d0c-4bfa-8044-5056fad83bef,,,,,,,,,,2026-04-08 19:12:39,2026-04-08 19:12:39
bfd9d15e-302e-4b7c-9b73-5fbcd467dba1,8a818cfb-aedd-4c92-b96c-2dee6139dc7d,,,,,,,,,,2026-04-08 19:12:39,2026-04-08 19:12:39
202b0fc5-80a5-44c5-829f-ac3b28d6fd02,ded2cb3a-9f18-4102-bff0-d3872f5de5f5,,,,,,,,,,2026-04-08 19:12:39,2026-04-08 19:12:39
cacb3a20-0ec5-4770-916d-efede34c2f35,731b407c-3cfe-44c3-a63e-002ead4ecd18,,,,,,,,,,2026-04-08 19:12:39,2026-04-08 19:12:39
2f621fb3-d396-4743-8986-c172803d57ba,e34c45d5-9602-47d1-a2d3-bcf7b6c86019,,,,,,,,,,2026-04-08 19:12:39,2026-04-08 19:12:39
b8469da1-c587-4ba4-9db9-ef4bee09055f,0a8bf278-9103-4330-8293-877e82fc176f,,,,,,,,,,2026-04-08 19:12:39,2026-04-08 19:12:39
5181f3c4-5d6e-466c-a655-7aec2692acde,9864c045-7b29-4e45-9969-c6818e40384a,,,,,,,,,,2026-04-08 19:12:39,2026-04-08 19:12:39
148db36b-0861-4ad6-93df-66748a6e26ed,b8ff148a-6d6e-43c9-8285-8285f7c806a2,,,,,,,,,,2026-04-08 19:12:39,2026-04-08 19:12:39
a8acad70-f767-4782-a959-5f60b2a0a826,434a501e-e78b-48f1-829c-fc47eecf8a47,,,,,,,,,,2026-04-08 19:12:39,2026-04-08 19:12:39
bebc7457-b621-44e7-954d-e69ffe52892e,6b8a898d-8b0a-4976-8573-80ec147600e9,,,,,,,,,,2026-04-08 19:12:39,2026-04-08 19:12:39
570a99bd-eb30-4f46-84a0-08dfd52cc02c,221a1912-c124-4805-b007-9dc0a229bb71,,,,,,,,,,2026-04-08 19:12:39,2026-04-08 19:12:39
b20bcfb0-5f13-45f3-b579-606b1a3840bb,c907ac8e-b198-41e0-8c4a-1c973dcdc6d2,,,,,,,,,,2026-04-08 19:12:39,2026-04-08 19:12:39
bb03fc65-d715-4bbd-92b7-57bbaf132871,170bdc18-09db-4852-bd4e-70efc54bf9c9,,,,,,,,,,2026-04-08 19:12:39,2026-04-08 19:12:39
0a3b9cf9-2c50-4694-9dec-daaba1f9980d,4aac140d-d1e6-4803-9077-6ca81e8bc5b0,,,,,,,,,,2026-04-08 19:12:39,2026-04-08 19:12:39
1b21fb28-a4e7-44ce-893c-799695f3fa01,3f16105d-4043-4379-95fe-ee86e88bc3a6,,,,,,,,,,2026-04-08 19:12:39,2026-04-08 19:12:39
9bdc0b22-a8e4-4a0c-adea-259942edaf11,2a259fbe-693d-4f73-906c-43f3fbb4ba75,,,,,,,,,,2026-04-08 19:12:39,2026-04-08 19:12:39
ba91a8cb-4c67-4a67-b21f-1b330386d6cc,4952b811-04be-4765-8b35-6a41e6d5c682,,,,,,,,,,2026-04-08 19:12:39,2026-04-08 19:12:39
3874cd2a-7b8a-495b-acb9-c90c8e7dbf9c,7dac77dd-aec7-4dea-9eee-f6cf4d67d3e3,,,,,,,,,,2026-04-08 19:12:39,2026-04-08 19:12:39
0400e8c5-47f0-4e58-98cb-3319144ea8fa,b81515a7-2ce4-49d0-83e2-69737a92dabe,,,,,,,,,,2026-04-08 19:12:39,2026-04-08 19:12:39
01a90d3d-68f2-499e-8273-7cfa961464ae,137c38ca-a226-4fa8-8c0c-08e3b018a736,,,,,,,,,,2026-04-08 19:12:39,2026-04-08 19:12:39
cf57069a-f51d-4307-92a3-8fc37f0d023f,bb54cfd0-6c5a-45d1-b56a-7559e23878a5,,,,,,,,,,2026-04-08 19:12:39,2026-04-08 19:12:39
ea1e3fe2-b58a-4a29-ac37-52242f210c11,e4de6201-4144-4067-bd19-d926915c08d7,,,,,,,,,,2026-04-08 19:12:39,2026-04-08 19:12:39
6572a28e-0895-453e-9aa1-c31aabb0568a,d68af2bd-c63c-4502-aefc-80058beafa9e,,,,,,,,,,2026-04-08 19:12:39,2026-04-08 19:12:39
b812e96a-dbd7-4502-a86d-bdfb02c08bb5,7e8ee441-69d0-45af-a65a-d3bd9273e22d,,,,,,,,,,2026-04-08 19:12:39,2026-04-08 19:12:39
c3dc64b9-3852-4bae-a9db-ddc97ff7efca,f614f690-4f8c-4386-beca-52ade7d0b047,,,,,,,,,,2026-04-08 19:12:39,2026-04-08 19:12:39
6cc20b7a-5697-497f-ae68-ee0aed506b03,ab820b6a-1cc6-4760-9a3d-36917d4012fa,,,,,,,,,,2026-04-08 19:12:39,2026-04-08 19:12:39
3aec6547-487a-41d0-bd63-2f9c5640a5f5,5aa69bf2-d6cd-4518-a0ce-d3c1834825cc,,,,,,,,,,2026-04-08 19:12:39,2026-04-08 19:12:39
2bb2e6f7-c35e-474b-91de-784165530e95,2991c5f6-f474-4fbe-b3e9-2bccfa7527c3,,,,,,,,,,2026-04-08 19:12:39,2026-04-08 19:12:39
d9a55e79-3648-4bd2-92e4-fe1282828a83,11e33255-5e28-42ce-9ac7-da91eb2c9a2c,,,,,,,,,,2026-04-08 19:12:39,2026-04-08 19:12:39
4f451c6b-f10e-4ebb-b248-806f7624c85b,69d3937f-a68c-4d96-9540-b9619e632ef9,,,,,,,,,,2026-04-08 19:12:39,2026-04-08 19:12:39
e883ccbe-18a8-4690-918a-14eeab91b07b,48392938-1967-4c4f-8d78-5c616f7b8bbc,,,,,,,,,,2026-04-08 19:12:39,2026-04-08 19:12:39
dbc5c69e-b8f1-493e-9b2b-6dc805ee4f11,45818ba0-6b85-4515-b1e0-39d895c29c52,,,,,,,,,,2026-04-08 19:12:39,2026-04-08 19:12:39
07619fab-9496-4b2a-9d79-948bffd5f6aa,6c2a3ad2-a7b4-4c88-8fdd-dea147cb325d,,,,,,,,,,2026-04-08 19:12:39,2026-04-08 19:12:39
1e4cdee7-9ca9-4251-9b75-63288ad6bccd,760181b5-e9ec-4052-8af9-2349a8cd3508,,,,,,,,,,2026-04-08 19:12:39,2026-04-08 19:12:39
53eb26a0-2678-4fdd-be5a-c6134a76ae9e,b896e385-cc29-4816-ace2-2f9e1a86f72e,,,,,,,,,,2026-04-08 19:12:39,2026-04-08 19:12:39
b9c124d4-9f14-4c9b-a1d2-faf972be721e,9e5a3db0-5494-4d44-8004-df7da99a126b,,,,,,,,,,2026-04-08 19:12:39,2026-04-08 19:12:39
d40014a9-eba9-4aa0-aa1e-e58593228a3a,cbeacc69-4ee4-46d2-8266-b590e488a2f4,,,,,,,,,,2026-04-08 19:12:39,2026-04-08 19:12:39
0f20972b-2ae0-4a66-ba42-99e080e99d77,194b3ced-6ec0-4cad-b0c2-b0cfa5cf6a35,,,,,,,,,,2026-04-08 19:12:39,2026-04-08 19:12:39
754c9ba2-70ee-4b17-9f33-8befdbff4e76,32b9bd0a-ff5a-49a0-8310-9519590a27ab,,,,,,,,,,2026-04-08 19:12:39,2026-04-08 19:12:39
fc236e27-76c2-4e8f-b71f-a4f3459f0161,1e0a6632-d200-4de5-9b7b-59e814a41265,,,,,,,,,,2026-04-08 19:12:39,2026-04-08 19:12:39
104da50a-bda7-46e2-ac7b-e7211075d1dc,306c8472-0862-47ee-b2c9-f3774f8fbb06,,,,,,,,,,2026-04-08 19:12:39,2026-04-08 19:12:39
736c08e2-2108-4ca9-aee3-73a8e565324d,51d87a50-924f-4509-9584-6e379968ebd6,,,,,,,,,,2026-04-08 19:12:39,2026-04-08 19:12:39
36737ea8-2b54-45f1-afc0-728699c234fe,86f4fdac-9b46-4c56-a89d-7c78892bcd8d,,,,,,,,,,2026-04-08 19:12:39,2026-04-08 19:12:39
f4a70240-32ee-4e2b-bab1-456cbe56e557,72135422-e990-45a3-8a49-0fac35ff1a28,,,,,,,,,,2026-04-08 19:12:39,2026-04-08 19:12:39
62d534c1-0cee-4227-8104-c244561fdae6,046a66ab-ba50-4f51-be64-96806f54cc64,,,,,,,,,,2026-04-08 19:12:39,2026-04-08 19:12:39
a5212986-61a6-431d-9188-172fed61d8c9,17e51f9a-75a4-40b4-a728-b9060afdd354,,,,,,,,,,2026-04-08 19:12:39,2026-04-08 19:12:39
c0b05d5f-ebaa-4af3-8a7d-165c20d3443d,4517b1e4-8d24-40c0-a3b7-8597ea0d252f,,,,,,,,,,2026-04-08 19:12:39,2026-04-08 19:12:39
6aaf255c-5892-4301-a68f-7058f9046807,1cd9ce2e-2372-45eb-a4ba-d436c1631f1b,,,,,,,,,,2026-04-08 19:12:39,2026-04-08 19:12:39
11bc74d3-a835-4613-9482-e22172252b09,70ce4875-f712-4831-ae17-9a69cc78c14e,,,,,,,,,,2026-04-08 19:12:39,2026-04-08 19:12:39
1cf896ea-780d-41b2-9432-777ad770edf1,93c41510-9412-4045-95a7-d75fffd4838d,,,,,,,,,,2026-04-08 19:12:39,2026-04-08 19:12:39
ed59d1de-0c3a-4f85-a77c-40517d1ad394,e0a08cb2-4293-4893-8226-52061624a165,,,,,,,,,,2026-04-08 19:12:39,2026-04-08 19:12:39
8bdf7f39-73ef-4606-8d1a-5530ca8ff8d4,82e7875d-11f2-4aa1-9fae-ec0698672254,,,,,,,,,,2026-04-08 19:12:39,2026-04-08 19:12:39
d6744714-d0c9-46f0-9b99-054a1ff68140,4f278ed6-879a-4a21-b9d6-644141725fed,,,,,,,,,,2026-04-08 19:12:39,2026-04-08 19:12:39
0f016945-f910-4165-9642-bc8feb4b2a18,3b7ac4a4-c1d7-465a-9a6f-90ca374e6c78,,,,,,,,,,2026-04-08 19:12:39,2026-04-08 19:12:39
b0b31f10-d3c9-40ff-a448-882d4a81bd7f,363a7990-10f2-412d-9248-696caed0b26b,,,,,,,,,,2026-04-08 19:12:39,2026-04-08 19:12:39
e22565c2-b9b2-45ce-a0fc-65b50c55345a,f6c7c6cb-3c41-4e39-9c73-810869d865b0,,,,,,,,,,2026-04-08 19:12:39,2026-04-08 19:12:39
b571f9d9-9180-4324-84e7-995ca8f94302,666bff0f-590b-472e-bf53-4083cf4ecf87,,,,,,,,,,2026-04-08 19:12:39,2026-04-08 19:12:39
50a88351-12fe-4fe5-81c3-50d9c86fc47a,ff23195c-8892-4f46-8bdd-e486bfff44d8,,,,,,,,,,2026-04-08 19:12:39,2026-04-08 19:12:39
c3a3d742-9755-4dd2-bf98-875c22c05745,d700241a-110e-46e7-8e94-c911a0f390d0,,,,,,,,,,2026-04-08 19:12:39,2026-04-08 19:12:39
9fb1ed60-80dd-45e9-9be1-2ad158858ea2,253ebbc3-e9cd-4eea-ae34-5bff8664bdba,,,,,,,,,,2026-04-08 19:12:39,2026-04-08 19:12:39
e1929934-9559-4b65-8ef8-2744f581b037,532283fb-8dcf-4669-af3a-08fedb48d97a,,,,,,,,,,2026-04-08 19:12:39,2026-04-08 19:12:39
ad637ecb-f2de-44e1-8e78-55e1bd370c9f,46b47999-8892-436a-ba7d-836d4b1d2a65,,,,,,,,,,2026-04-08 19:12:39,2026-04-08 19:12:39
ebc98d3b-b84f-422e-9dcc-2956475f1e9e,05162bae-1ed7-4f52-bcfb-d23ff865984d,,,,,,,,,,2026-04-08 19:12:39,2026-04-08 19:12:39
10a635a4-9a44-4ecb-916c-7f6eab739c56,521b4bab-cdd2-4f68-a7b6-bfcf0b77f93c,,,,,,,,,,2026-04-08 19:12:39,2026-04-08 19:12:39
519e4e00-f0e1-4401-a932-af94aff7040c,3f9016b1-3fb5-416d-aa5c-17d815b05ccc,,,,,,,,,,2026-04-08 19:12:39,2026-04-08 19:12:39
b7d0c013-3b82-4190-a0d1-e797dcfe10d9,db5d198c-55e3-4de6-9330-d63063b737ce,,,,,,,,,,2026-04-08 19:12:39,2026-04-08 19:12:39
43a21c40-971a-47bd-aba0-ac4259f7d1cc,39e6dba7-33ae-446c-bce5-d56c741a644c,,,,,,,,,,2026-04-08 19:12:39,2026-04-08 19:12:39
75d4c5d0-107b-4dda-982c-cf04d3e50869,115b5702-6036-46a8-99e3-1737c480e826,,,,,,,,,,2026-04-08 19:12:39,2026-04-08 19:12:39
a0f558b0-4d42-4aa4-b318-6a257f17f1d2,5a0fc421-9c8e-4c36-9a25-2263e2cd8a70,,,,,,,,,,2026-04-08 19:12:39,2026-04-08 19:12:39
60d62291-d4a3-49f4-a8b2-ad1070687aad,af6cd677-a7ac-4d37-96b7-826828162f0a,,,,,,,,,,2026-04-08 19:12:39,2026-04-08 19:12:39
41978b2a-a197-492f-9779-1c4e3fcb7609,8085a97f-136f-461d-8b00-4930751c8438,,,,,,,,,,2026-04-08 19:12:39,2026-04-08 19:12:39
e7fd9f1a-c20f-457f-a4e3-19522f8029e5,dff44139-a2f6-4f01-9972-efcc3f4953a2,,,,,,,,,,2026-04-08 19:12:39,2026-04-08 19:12:39
496f6732-fc27-4c1e-bbc3-d0fffaae2c0c,54061748-f9b2-4868-986f-028c7a12c47d,,,,,,,,,,2026-04-08 19:12:39,2026-04-08 19:12:39
e9b8c296-79b7-4f40-aadf-3bf063ddef64,f7108edd-2246-478e-a305-83838055aa0a,,,,,,,,,,2026-04-08 19:12:39,2026-04-08 19:12:39
97404c5e-ee9c-46b8-ab5d-b98b402cf95e,0979da3a-0aa4-4ce6-bb94-9b6f94290e5e,,,,,,,,,,2026-04-08 19:12:39,2026-04-08 19:12:39
f1598029-93f0-4ba9-974b-c99c1203ea7c,28796ba6-95cf-41d8-8ec2-5fcf40a91c4e,,,,,,,,,,2026-04-08 19:12:39,2026-04-08 19:12:39
94b5f292-4a59-46ee-8d08-ed3dc626aee7,e0b3eb60-b34e-459b-9fae-d8630edccce8,,,,,,,,,,2026-04-08 19:12:39,2026-04-08 19:12:39
f0e7aa2b-f386-49c4-ae8b-e83aa91fbc5d,7228105e-54cb-4648-95d3-79f73816d40c,,,,,,,,,,2026-04-08 19:12:39,2026-04-08 19:12:39
a4311db8-8b81-4674-ac32-b7a5daedb2c1,fe0071d2-51dc-4607-8373-eeb6f68ce331,,,,,,,,,,2026-04-08 19:12:39,2026-04-08 19:12:39
6d391096-1778-4e3f-ba14-2f77baa73000,ab11fb35-6e8b-48ba-bf68-dc23b8752241,,,,,,,,,,2026-04-08 19:12:39,2026-04-08 19:12:39
a22d5273-7246-450c-8c9e-30fd210511d2,4ef7dc56-bd65-41ef-9715-aedb5dd27219,,,,,,,,,,2026-04-08 19:12:39,2026-04-08 19:12:39
f5e92301-655f-4dc0-bec3-3da814cdbb8d,b7a6bdfc-65d5-445d-9913-0f83957f07d4,,,,,,,,,,2026-04-08 19:12:39,2026-04-08 19:12:39
ab51e3e4-2220-4eee-9661-321b5861e1bd,a7564972-ba87-4877-9d41-acb9fefbf59f,,,,,,,,,,2026-04-08 19:12:39,2026-04-08 19:12:39
0c6e2cad-51ef-4f63-aea2-689fbc37919e,ea981fdf-df69-44f2-af94-bb35a9e2cb33,,,,,,,,,,2026-04-08 19:12:39,2026-04-08 19:12:39
5f2123d9-0ec0-4407-9b6b-69fe3cac12d7,bbe64b17-8009-4b07-892f-2af3e28aad47,,,,,,,,,,2026-04-08 19:12:39,2026-04-08 19:12:39
d769f9c0-93c1-4f64-8db0-f27509177a2f,978351eb-89a2-4dfc-ad74-bd1699ec46b7,,,,,,,,,,2026-04-08 19:12:39,2026-04-08 19:12:39
4579aa4b-783d-4ab5-a2e3-6635c22a05cc,b20186a5-4fef-440f-bdda-660c53e16f98,,,,,,,,,,2026-04-08 19:12:39,2026-04-08 19:12:39
6a02da47-3cb9-4873-9f33-1ecdf1f0d881,8466be1a-e05a-4c1e-96f7-450c9001c887,,,,,,,,,,2026-04-08 19:12:39,2026-04-08 19:12:39
5450bb63-7ecf-46e2-bfe5-813384b6360e,a3ef0e9b-6339-44d6-b6c7-a3222094ced0,,,,,,,,,,2026-04-08 19:12:39,2026-04-08 19:12:39
18a217d7-6e78-46e5-92af-c8ddd5e8ee98,5e04cec3-5a19-4ddb-af8e-a90c246aaf27,,,,,,,,,,2026-04-08 19:12:39,2026-04-08 19:12:39
1f56a749-f65b-4052-83bf-48034fde9407,9bb9cce1-d65e-4bd7-bce2-b1b21bb51b0f,,,,,,,,,,2026-04-08 19:12:39,2026-04-08 19:12:39
af3bd259-4771-40c1-a7c9-5c09a1334138,4ba91102-d423-45df-b13c-fd4df7c33829,,,,,,,,,,2026-04-08 19:12:39,2026-04-08 19:12:39
a2c6e550-d3c1-4f3a-bb00-2fe77df5c147,60f44cc4-08c5-4cbe-aa90-22cfb4585fa3,,,,,,,,,,2026-04-08 19:12:39,2026-04-08 19:12:39
93e073e3-d061-4dbe-b4af-71048c070352,d20d8d09-a8b1-4d6f-8276-e6dccc6f4021,,,,,,,,,,2026-04-08 19:12:39,2026-04-08 19:12:39
1597516c-877f-472f-9311-b279212035b9,8323a988-fd94-4832-8484-9b323e87b2f9,,,,,,,,,,2026-04-08 19:12:39,2026-04-08 19:12:39
29ff0e79-7a27-4e29-b851-19daaac830d8,0f7b1dfb-6465-41c9-b4ce-658e128d0be9,,,,,,,,,,2026-04-08 19:12:39,2026-04-08 19:12:39
947e25db-7762-4bc5-a233-1673a1dab256,2ce9a821-2d18-48a7-ad48-1fba7446679d,,,,,,,,,,2026-04-08 19:12:39,2026-04-08 19:12:39
75273908-d89d-401f-a090-14ec12122f28,0735dcf7-560e-4e4c-be0b-99260c6b837d,,,,,,,,,,2026-04-08 19:12:39,2026-04-08 19:12:39
c4489300-c615-4097-92a0-8f7fffaaf68e,5429b3df-c460-40b1-8e80-3f1bea1c4027,,,,,,,,,,2026-04-08 19:12:39,2026-04-08 19:12:39
e500be01-49b7-4f43-aa03-57e694c2df52,8209c7db-865c-4547-a936-649b5e83dc74,,,,,,,,,,2026-04-08 19:12:39,2026-04-08 19:12:39
21ec8df9-7b08-4d0a-b3a0-c7c839a7fd3d,2ff3fd75-7495-4ceb-8d6b-28714be2fff1,,,,,,,,,,2026-04-08 19:12:39,2026-04-08 19:12:39
498adf33-4202-421c-b4f1-2306306e8afd,03e02fb4-1324-4763-a897-e2bf20edce2c,,,,,,,,,,2026-04-08 19:12:39,2026-04-08 19:12:39
05c5b14a-26e6-461e-ad6d-4741d9cd053d,85bf50d5-dc03-4987-95df-50fb792fee54,,,,,,,,,,2026-04-08 19:12:39,2026-04-08 19:12:39
8b8772ce-8ded-4e4b-bf04-ea31949a6b97,8eb5ced2-32bd-4428-bff4-29ab24d95ad2,,,,,,,,,,2026-04-08 19:12:39,2026-04-08 19:12:39
b9e4b299-80db-444c-bab8-a1da98c77f30,ce2a68f4-57b1-4ff4-b31c-05938d8f01a3,,,,,,,,,,2026-04-08 19:12:39,2026-04-08 19:12:39
c31ddfe5-c023-48ea-9d02-dce6c16ab680,d4adabd2-b442-4ebd-abc5-4b10a1388102,,,,,,,,,,2026-04-08 19:12:39,2026-04-08 19:12:39
bac77b8a-cb4c-4b96-b03c-f05816ed9687,d9deab20-efd6-48be-a4ce-708e5e1766ad,,,,,,,,,,2026-04-08 19:12:39,2026-04-08 19:12:39
985cb591-3a43-4861-a58f-6672757372a3,b466d81d-d2b0-4677-85cb-eb41d868a83e,,,,,,,,,,2026-04-08 19:12:39,2026-04-08 19:12:39
9d1786d1-43eb-483d-85dd-62151305ebd5,60cb572b-5a35-4ad3-b0ad-5b5c4f51db07,,,,,,,,,,2026-04-08 19:12:39,2026-04-08 19:12:39
4cfad999-445b-4943-924a-094306cfd119,6570f205-769a-42a4-9405-c152f91daa21,,,,,,,,,,2026-04-08 19:12:39,2026-04-08 19:12:39
7f168c26-4ee3-4f67-97be-6d2b4adcb94c,43d91885-2c72-4a14-a254-d9bd2a1c3ed8,,,,,,,,,,2026-04-08 19:12:39,2026-04-08 19:12:39
36869f3c-7ac6-4312-99ae-f86db6ce77b1,079cf232-9439-4e89-b7ee-041c8baeadb3,,,,,,,,,,2026-04-08 19:12:39,2026-04-08 19:12:39
eed800a4-0dfe-4872-bd7b-ec4e9ab8625b,b78080f7-dde9-4574-b648-1a609e970d95,,,,,,,,,,2026-04-08 19:12:39,2026-04-08 19:12:39
b3618a2f-9cf3-421e-ac28-799be8065bc4,87701d6c-5411-4c7e-99e9-11db4365994f,,,,,,,,,,2026-04-08 19:12:39,2026-04-08 19:12:39
dfb5c09c-2243-48e1-97f8-652b1d3e0ca5,0e26981a-16a1-4b60-ae67-9543698094e4,,,,,,,,,,2026-04-08 19:12:39,2026-04-08 19:12:39
50aa6319-825e-4d95-90df-7abf9ceffda4,9a6c34b5-618e-4b98-bc73-9876d2715e20,,,,,,,,,,2026-04-08 19:12:39,2026-04-08 19:12:39
d6b47068-138b-4a3c-900c-9c369a40fa31,acdb02c5-26e7-44cf-903f-41a01657ddc8,,,,,,,,,,2026-04-08 19:12:39,2026-04-08 19:12:39
fb20b0a0-bda7-4984-b6cd-2710dbd9ed8a,c44d9b63-d88c-4108-afb1-a13948a20ab7,,,,,,,,,,2026-04-08 19:12:39,2026-04-08 19:12:39
3b274d4c-c76e-45c1-8d3e-0a28038174e1,7c35b13e-30a4-4bbe-95c2-5e29f9d43007,,,,,,,,,,2026-04-08 19:12:39,2026-04-08 19:12:39
67585294-4d9e-4787-93d8-3e591b9b8c5d,b2b26974-08ba-4f2e-a8db-cbc8ad427b56,,,,,,,,,,2026-04-08 19:12:39,2026-04-08 19:12:39
8e1ebbcf-f8c4-440d-984c-f4f427808cc5,d0185006-308f-4230-b277-5163994b21b9,,,,,,,,,,2026-04-08 19:12:39,2026-04-08 19:12:39
0477c168-2f2b-4d10-a602-87205a15c6b1,f3d056fe-3dcf-4900-8b0d-e1e48e511006,,,,,,,,,,2026-04-08 19:12:39,2026-04-08 19:12:39
3beff565-85dd-47e1-b79a-b272c6e8f828,50fec8b8-de5a-4200-9a92-1504d8666ff7,,,,,,,,,,2026-04-08 19:12:39,2026-04-08 19:12:39
4be84651-f16e-4ff1-a4ee-24f01abde5ae,0b57e0d9-9c0f-4a4b-9bbe-a7dd9061169e,,,,,,,,,,2026-04-08 19:12:39,2026-04-08 19:12:39
28f145c9-4378-4dfd-8b27-1c2bdefb8962,67cc4f72-864a-4546-bca0-26c059d599e2,,,,,,,,,,2026-04-08 19:12:39,2026-04-08 19:12:39
5afb733b-9b62-4df4-9d26-b3ee10dc442d,827f5666-6390-4a13-a7a7-10a7a9e9bf45,,,,,,,,,,2026-04-08 19:12:39,2026-04-08 19:12:39
cb84b0de-0355-43c7-9426-e9e4520f456b,7c655177-15a8-4253-82e2-dc63adbdeafc,,,,,,,,,,2026-04-08 19:12:39,2026-04-08 19:12:39
bc6482d0-1bd6-4b5f-9f78-a6da414c841b,2b57b0a1-697a-47ea-89f2-c5c2c85bb857,,,,,,,,,,2026-04-08 19:12:39,2026-04-08 19:12:39
581bb577-3322-4336-9d46-45de648939aa,5c49a719-f799-497f-8dd9-090efd13293a,,,,,,,,,,2026-04-08 19:12:39,2026-04-08 19:12:39
716acb95-4998-4fe7-9d6a-c7daa488f17f,a0818c59-871e-452d-803d-c9db419d787a,,,,,,,,,,2026-04-08 19:12:39,2026-04-08 19:12:39
6773ffe0-3291-4cf7-babd-703fb0f3b59a,c1c344a2-4a6f-4a70-b8e8-e625c9804290,,,,,,,,,,2026-04-08 19:12:39,2026-04-08 19:12:39
5f6960cd-01ed-478d-b6f9-1ef00f117a36,1af1894d-ea36-40ac-ba09-4c1413d512ee,,,,,,,,,,2026-04-08 19:12:39,2026-04-08 19:12:39
68d6789e-4d15-4c33-97b1-a1bd41b7a475,ccd436a0-361d-4b4e-aada-60509a1ba37e,,,,,,,,,,2026-04-08 19:12:39,2026-04-08 19:12:39
c4178aac-2b8e-4230-8312-97c0c7b6ae7b,0e0db7b8-cf82-464b-b17d-38486fffeb9f,,,,,,,,,,2026-04-08 19:12:39,2026-04-08 19:12:39
fcb59ca3-75bb-4cb6-90f3-c6314616574f,6e5d76be-5e43-4f9e-90f6-1d0e9e1378d2,,,,,,,,,,2026-04-08 19:12:39,2026-04-08 19:12:39
203fedea-bd20-4c85-99b6-5dd3883abef6,6bdb5682-1e3c-4a08-8231-e274d8c1a09a,,,,,,,,,,2026-04-08 19:12:39,2026-04-08 19:12:39
544eed4c-22eb-428c-890d-05dc76a39187,7c2f27ec-99a4-485a-be91-4c21eb6b3c9f,,,,,,,,,,2026-04-08 19:12:39,2026-04-08 19:12:39
b6295959-fad8-42f1-9456-f3e64622868a,4ba5d991-c496-4148-b2f0-132a388b73a2,,,,,,,,,,2026-04-08 19:12:39,2026-04-08 19:12:39
cdec0123-5fae-45de-a023-c732a350c85a,224b6540-8354-4b66-85b0-a0962e37552a,,,,,,,,,,2026-04-08 19:12:39,2026-04-08 19:12:39
154eded9-12bc-4371-b814-d29b48b8e169,3ebbb001-6012-491b-a5ed-70d70630f6b0,,,,,,,,,,2026-04-08 19:12:39,2026-04-08 19:12:39
88a47f49-8ed4-4823-ab8e-b4264dbb3674,b02a946b-b745-4f35-96a1-74024cf4517e,,,,,,,,,,2026-04-08 19:12:39,2026-04-08 19:12:39
c93571d4-7c75-4e1c-842c-2e47f953c8f0,e0d3eb63-7c6f-40a8-a12f-63bb5760e275,,,,,,,,,,2026-04-08 19:12:39,2026-04-08 19:12:39
02a8b4a9-6ef5-47a7-9c4c-a1202d4fca27,33b7f7ef-89fb-49c9-8ff4-a32feace1091,,,,,,,,,,2026-04-08 19:12:39,2026-04-08 19:12:39
8ec99503-569f-4da3-8fd2-30e7e6a7ad55,a80682e6-d08c-48cf-b7b2-82be44078f87,,,,,,,,,,2026-04-08 19:12:39,2026-04-08 19:12:39
897b61d0-f95f-496c-ba4a-e1efd603a409,ead88274-6424-46d8-a89a-aa00b8584f6f,,,,,,,,,,2026-04-08 19:12:39,2026-04-08 19:12:39
c4f32099-6998-43b4-b3e6-4793bd535811,824f7e72-9f24-4eed-aa45-d656d5f02746,,,,,,,,,,2026-04-08 19:12:39,2026-04-08 19:12:39
d6726b47-e292-4aee-9159-61e857bda72a,68a19a1e-e65f-4fa7-9ac1-9bb9a66d845b,,,,,,,,,,2026-04-08 19:12:39,2026-04-08 19:12:39
d5262817-e837-4153-b128-020d254e51b2,c9461fb7-ac64-4a22-8de8-3d141b74537a,,,,,,,,,,2026-04-08 19:12:39,2026-04-08 19:12:39
17c397d6-c19e-48b6-8837-9a1eadb7d071,c6a79817-386d-4eee-a084-9d61a183331d,,,,,,,,,,2026-04-08 19:12:39,2026-04-08 19:12:39
d7a8e916-6209-4324-9e1c-aefb162cf388,c9da01b3-437a-47b5-92c9-f648bb2cdaff,,,,,,,,,,2026-04-08 19:12:39,2026-04-08 19:12:39
ec675208-23b9-4dfe-b16d-e1d2741422b5,77caeba5-0140-4eee-b942-1154c669b302,,,,,,,,,,2026-04-08 19:12:39,2026-04-08 19:12:39
2da4ccb3-a413-498b-9007-3676ab6619e8,9963891b-7e13-48da-9138-7cf5370d3d11,,,,,,,,,,2026-04-08 19:12:39,2026-04-08 19:12:39
f6c66341-96da-464b-b74c-440781af89e0,9f18037c-2aa3-424f-b862-9e79a0136409,,,,,,,,,,2026-04-08 19:12:39,2026-04-08 19:12:39
708fccf1-dc4e-40fe-afde-3ff0210eee9c,1deba592-75e5-4411-a7a3-5df7de05beff,,,,,,,,,,2026-04-08 19:12:39,2026-04-08 19:12:39
60d73191-bd2d-4730-9575-7cefc9368852,3738b8e5-0327-4e08-970a-a8ebb13d0b95,,,,,,,,,,2026-04-08 19:12:39,2026-04-08 19:12:39
44730780-71e2-49ce-8cc5-4d39a74ad479,43d5b306-789c-4b36-9145-61725240276d,,,,,,,,,,2026-04-08 19:12:39,2026-04-08 19:12:39
fc6e34ff-c0ac-4d66-ab2e-c0d2aa43efc8,bf8ba409-81bb-45f3-8252-c04a9a69845e,,,,,,,,,,2026-04-08 19:12:39,2026-04-08 19:12:39
4b40eb3b-b0f5-4877-af35-21ab25e07278,843f3313-41e9-4ec0-903d-82839b73f768,,,,,,,,,,2026-04-08 19:12:39,2026-04-08 19:12:39
da0abafc-ed73-48e4-880a-4c8d9cd830de,ca0c790e-ae8e-488d-8cc1-a88cd7c2ddb8,,,,,,,,,,2026-04-08 19:12:39,2026-04-08 19:12:39
4670d8b1-fa85-4e47-b402-35a75cddc2fc,eee8ad08-d821-4ac9-aa6a-0ba08e1a3331,,,,,,,,,,2026-04-08 19:12:39,2026-04-08 19:12:39
7365ba8b-2e5e-452c-b593-efc424614104,4f7ccb80-7613-4b64-adba-acf8694b4d5a,,,,,,,,,,2026-04-08 19:12:39,2026-04-08 19:12:39
88b8c43a-b29c-4cb7-9e91-221505c849ab,779036c2-a48e-4430-b23a-0667e3a7ffd4,,,,,,,,,,2026-04-08 19:12:39,2026-04-08 19:12:39
0ae12a79-e325-4e80-83cb-362802c63906,7bf6ec9d-ce35-43c5-8ffa-8b38ed1410d7,,,,,,,,,,2026-04-08 19:12:39,2026-04-08 19:12:39
6bccb46a-4dbb-44ba-8afa-12607b12aa84,1e0bdbb7-2ca9-43e5-9e42-e8d77ea6057b,,,,,,,,,,2026-04-08 19:12:39,2026-04-08 19:12:39
d00684f6-fe55-4f64-9b93-1c20561f3979,765dd0a3-4b2c-4ed4-8263-d9359c588fff,,,,,,,,,,2026-04-08 19:12:39,2026-04-08 19:12:39
2b43d8e9-c323-46df-abe6-bfd8e83f0a1e,c7172c79-f07c-41f1-86c1-9256446edeaf,,,,,,,,,,2026-04-08 19:12:39,2026-04-08 19:12:39
d530a261-c064-49d2-b07e-03e3005d200e,a66e1e0b-cac4-4ead-aefa-026905f18a8d,,,,,,,,,,2026-04-08 19:12:39,2026-04-08 19:12:39
6330a664-d80b-412d-8770-2e9cc59cc7e7,d280fb07-6309-4d6e-8a25-4f433c657c0d,,,,,,,,,,2026-04-08 19:12:39,2026-04-08 19:12:39
ab352d47-3341-4de5-b1d4-b25a62fbd067,54e14ae3-231e-4473-84cd-055c480829e3,,,,,,,,,,2026-04-08 19:12:39,2026-04-08 19:12:39
50b8a333-364f-489f-8662-b1f8ea4c3edc,f291d674-8696-4984-94cc-2d8b20fd4fea,,,,,,,,,,2026-04-08 19:12:39,2026-04-08 19:12:39
a59d6e52-609b-4f0c-b473-8ed2a6e656ac,32f85360-10ad-4389-94c4-b2585c6c8cea,,,,,,,,,,2026-04-08 19:12:39,2026-04-08 19:12:39
199447bd-a697-42b7-addb-a88c16f564a2,0a97aa3b-9fc4-43b0-a02b-498da3e7b31b,,,,,,,,,,2026-04-08 19:12:39,2026-04-08 19:12:39
3c959620-dea9-43de-9986-1cba41935d88,7adfbdbc-7665-453f-94e2-c62b73c18cf1,,,,,,,,,,2026-04-08 19:12:39,2026-04-08 19:12:39
843f1f30-730e-4684-96cd-d6f11adc76e1,9a5dc1b7-5cc4-49ee-bf19-aeda9bab2ae9,,,,,,,,,,2026-04-08 19:12:39,2026-04-08 19:12:39
2ecfa5d6-18a5-4abe-8bd0-145287cdc0b4,9a03d1d5-de16-4f14-98a9-2d05a0e153aa,,,,,,,,,,2026-04-08 19:12:39,2026-04-08 19:12:39
c91a4afa-2df1-4ed6-898c-c3101e022b27,99b6bb30-cd16-4faa-80b3-df2f4fc9b363,,,,,,,,,,2026-04-08 19:12:39,2026-04-08 19:12:39
c30f9cac-31be-493f-a429-9d90f56a0d58,3539cf99-9046-4f19-a0e0-bc47ca9c03d9,,,,,,,,,,2026-04-08 19:12:39,2026-04-08 19:12:39
fd9c4cc2-6124-4d3b-ba9a-b1c22074b4d1,24bd542b-ec90-491e-bb51-a44914bb4b3e,,,,,,,,,,2026-04-08 19:12:39,2026-04-08 19:12:39
f23a8081-d629-4607-9840-ed7a62ae7aca,2d8691e7-0edc-43eb-9983-73ad09c1afc3,,,,,,,,,,2026-04-08 19:12:39,2026-04-08 19:12:39
0d8c36db-1da4-45d5-a125-8cdf3631b0f8,3591da6f-7c53-454b-b7fa-07f3c9ac2d05,,,,,,,,,,2026-04-08 19:12:39,2026-04-08 19:12:39
d4491b32-a9fa-49e2-a7ee-8bc870d7a989,bcc586e2-34a2-4e5e-9f74-d40560632f55,,,,,,,,,,2026-04-08 19:12:39,2026-04-08 19:12:39
52e343c3-215a-4487-bf47-03b53ba2ada7,2349df98-d721-406c-b93c-f0adfc79b0a4,,,,,,,,,,2026-04-08 19:12:39,2026-04-08 19:12:39
aff042f2-da5f-46b4-a3d2-8701919aa505,83ebf55f-996f-44de-bef7-5b72815675a0,,,,,,,,,,2026-04-08 19:12:39,2026-04-08 19:12:39
96b538bb-ac0e-4fa5-aa62-5ed8a6c788c8,0edb2d29-3692-478b-a111-6c5bb222d2fa,,,,,,,,,,2026-04-08 19:12:39,2026-04-08 19:12:39
5d8e1da0-83e4-4ce0-996b-b71ab08d6956,5622c818-c25c-474a-a68c-afd069ebd2e6,,,,,,,,,,2026-04-08 19:12:39,2026-04-08 19:12:39
7dbffc1b-2938-4232-976a-f943140b7f73,f7dffa56-a84a-4920-81bd-21e9172cf89d,,,,,,,,,,2026-04-08 19:12:39,2026-04-08 19:12:39
54963617-aea3-4288-8b18-1dd7880f4020,2d582261-0355-447e-8327-50aaf584dded,,,,,,,,,,2026-04-08 19:12:39,2026-04-08 19:12:39
d006a20a-efb0-4fec-b2d1-c473c183f269,a7c79923-4ad4-4a62-9ea4-6969760a3937,,,,,,,,,,2026-04-08 19:12:39,2026-04-08 19:12:39
24d12f8f-ed2b-4269-89a6-4608ccf7cd7b,60cee225-80bc-476a-9199-2717f362c3c7,,,,,,,,,,2026-04-08 19:12:39,2026-04-08 19:12:39
4f466996-6bf0-4250-aa54-f17bdd628bd8,cf7c4c0b-ee87-4101-aea6-2bef09a1c3b0,,,,,,,,,,2026-04-08 19:12:39,2026-04-08 19:12:39
59d22b85-9f57-4df7-8036-8c738a939a2c,7fafafd9-1f00-4da8-8b47-8eba02f32b44,,,,,,,,,,2026-04-08 19:12:39,2026-04-08 19:12:39
086df6e6-025f-4b6e-8000-da10828c43c8,8af2a221-7511-4215-bb5b-04728be3be51,,,,,,,,,,2026-04-08 19:12:39,2026-04-08 19:12:39
ab5e6cd3-f736-4ea9-8da0-3a4c9b64a72b,fcfe5396-2d0e-479e-b493-a2f0a33e0247,,,,,,,,,,2026-04-08 19:12:39,2026-04-08 19:12:39
f65ea2af-7437-4e6c-adde-478080db3c76,de0c7987-a5f1-4174-9cd4-7ceeafeb1489,,,,,,,,,,2026-04-08 19:12:39,2026-04-08 19:12:39
fa35f462-b50d-4722-b1b2-cd08fb839b33,921b4ea2-6d8b-411f-a585-c33ad621a339,,,,,,,,,,2026-04-08 19:12:39,2026-04-08 19:12:39
1c214039-835b-466b-84bd-916429415b28,abcf3077-e95b-4c99-a66e-274cd479f409,,,,,,,,,,2026-04-08 19:12:39,2026-04-08 19:12:39
bc967534-a590-4309-af48-630e3fdfb49a,676542ca-ef0f-4f78-96d9-5b374e6aceec,,,,,,,,,,2026-04-08 19:12:39,2026-04-08 19:12:39
bafbad0b-07ad-421c-877d-ee61b2760875,7b2a4825-f584-44ee-a508-79e7b5abca5c,,,,,,,,,,2026-04-08 19:12:39,2026-04-08 19:12:39
b0092a72-1a9d-4e0a-9a1d-64037b54f562,95aee600-0241-4108-acfb-bb4c8e7eaba6,,,,,,,,,,2026-04-08 19:12:39,2026-04-08 19:12:39
cf8bc5ff-7c32-406b-bda3-68ce7d05efd2,394e0365-8448-451c-b6ab-745e676f6fac,,,,,,,,,,2026-04-08 19:12:39,2026-04-08 19:12:39
cba92701-659c-400f-9edc-8a66a77777d8,b0e973ca-f196-4128-9325-c25d152c7637,,,,,,,,,,2026-04-08 19:12:39,2026-04-08 19:12:39
4ae8d2dc-36d2-4930-88d9-14cb77c8c1dc,ee25041e-9e48-4336-9e01-674bda8a31a7,,,,,,,,,,2026-04-08 19:12:39,2026-04-08 19:12:39
12b35e27-689d-4fe0-9ff5-2e9f64c89298,2145428c-aeeb-4a85-9811-f410442816e8,,,,,,,,,,2026-04-08 19:12:39,2026-04-08 19:12:39
4bffa62d-dc32-4f9e-b157-2389cc836e9d,7bac3e25-40d9-41b6-91bf-ea65abc9717e,,,,,,,,,,2026-04-08 19:12:39,2026-04-08 19:12:39
c379dd5d-2731-4d5c-96e4-cc6d07dc1187,b567b9d0-4d97-411c-8545-d582874065bd,,,,,,,,,,2026-04-08 19:12:39,2026-04-08 19:12:39
65ab709f-9a87-4867-9d85-e9284e3d8930,814a612a-6158-4fae-be89-222018f0e090,,,,,,,,,,2026-04-08 19:12:39,2026-04-08 19:12:39
3940f66f-25a9-417c-8b5d-077368deb937,caad0948-0e6d-4407-9dc6-dea7c0457a4c,,,,,,,,,,2026-04-08 19:12:39,2026-04-08 19:12:39
a3ab521e-0260-4f98-9f88-c79d69dc371f,d02b084a-6a52-49fe-8d64-4def09ed7472,,,,,,,,,,2026-04-08 19:12:39,2026-04-08 19:12:39
02457693-41fd-43d1-b24e-0d09c6409b59,782e3994-d28a-4704-83ed-9c8f95f61ea5,,,,,,,,,,2026-04-08 19:12:39,2026-04-08 19:12:39
47c96a68-08f9-4c4f-843a-02007756beda,65ff230f-e589-43c2-8c64-ed8a1d638ee4,,,,,,,,,,2026-04-08 19:12:39,2026-04-08 19:12:39
ee0f96bb-401a-4e32-bdfd-40af57e9b6bd,d3142241-3944-4f0b-b190-e9a51a42a785,,,,,,,,,,2026-04-08 19:12:39,2026-04-08 19:12:39
544adca1-22c9-4636-827d-a86ea26eb84c,4053ff81-ad00-4cdb-824b-b8e44abfd1fc,,,,,,,,,,2026-04-08 19:12:39,2026-04-08 19:12:39
d3115b33-9aa9-4841-a00a-874aa666ecb9,90271c05-0d22-4ce8-a24c-38192b8f698f,,,,,,,,,,2026-04-08 19:12:39,2026-04-08 19:12:39
b03bc53e-7fe1-4214-8732-7725d881607b,58054735-cd16-4c32-9322-2c1a53d85a84,,,,,,,,,,2026-04-08 19:12:39,2026-04-08 19:12:39
fdbe14e5-e22c-4d73-801f-2ddc255f5f65,050e8d07-cb8d-49ee-8029-ba69b5828858,,,,,,,,,,2026-04-08 19:12:39,2026-04-08 19:12:39
8c924acc-660d-40bf-b39e-dc492dc11f2d,b34f96af-904c-41f6-ad36-d04357339430,,,,,,,,,,2026-04-08 19:12:39,2026-04-08 19:12:39
e2dff4d0-3ada-4c2a-bf2d-c60c1237d399,129eec35-610a-46e9-a246-344a796947eb,,,,,,,,,,2026-04-08 19:12:39,2026-04-08 19:12:39
52ccb4b9-66c5-451c-990e-1b9927ad8cd0,364a9c37-3765-4e39-a5e9-8203c2d1c0f5,,,,,,,,,,2026-04-08 19:12:39,2026-04-08 19:12:39
7e62c1e9-1bb0-419c-9dca-f4c1ca30136f,a111f3fd-8e32-4124-99a1-4f9fe5237c34,,,,,,,,,,2026-04-08 19:12:39,2026-04-08 19:12:39
d5eaccf5-064c-4a8f-80db-f2db63f7b2ee,86acb9b3-81c1-4e0c-9115-d284045254ba,,,,,,,,,,2026-04-08 19:12:39,2026-04-08 19:12:39
6722882b-47f6-48cd-bb75-7e1b70da3918,24a8a9a5-f3fb-42f3-80c4-1b6e0f427ea8,,,,,,,,,,2026-04-08 19:12:39,2026-04-08 19:12:39
35baf689-1346-4de6-b209-ac6dbe9c324d,0844fed1-bb49-4aca-8a29-afde6919cef0,,,,,,,,,,2026-04-08 19:12:39,2026-04-08 19:12:39
35243c5b-39af-42ae-917f-29c74fe51622,e3323346-4803-4340-b9ad-78152847e630,,,,,,,,,,2026-04-08 19:12:39,2026-04-08 19:12:39
593c8a3b-5cbd-4626-8e2a-9cfb72978a13,749ecfda-4849-457b-b481-728774130ba6,,,,,,,,,,2026-04-08 19:12:39,2026-04-08 19:12:39
4b74445e-466f-45c8-9680-aa7d4295116f,cae0145c-b5db-4934-afaa-05bf72f35b60,,,,,,,,,,2026-04-08 19:12:39,2026-04-08 19:12:39
9dc18c02-8825-4cc4-8d7c-b6d032127d5d,f154ff1d-e9ed-4cb5-9a5a-46ba4bc4ed43,,,,,,,,,,2026-04-08 19:12:39,2026-04-08 19:12:39
28c638b6-2638-4585-828f-78f9a7519acc,1fe643d6-d66c-44d8-ac9c-004ae9247b6e,,,,,,,,,,2026-04-08 19:12:39,2026-04-08 19:12:39
e6755905-c24d-43fb-8ee2-e1e7a781d893,160c394d-06de-4481-b49c-60fccfe7f650,,,,,,,,,,2026-04-08 19:12:39,2026-04-08 19:12:39
56fde984-c40c-4d88-9579-242a607bc19e,85185d3f-69c8-4b7a-99ab-4fab240aee7b,,,,,,,,,,2026-04-08 19:12:39,2026-04-08 19:12:39
fd37df08-aaa2-4e1a-91bb-c6bcd4c6a513,50980caa-03d2-456a-a2d4-9d2b8bf65a62,,,,,,,,,,2026-04-08 19:12:39,2026-04-08 19:12:39
f59d3252-5213-4ae2-85d6-27aac65a73a1,2b32ed25-3109-4c79-bf34-f221a9eac582,,,,,,,,,,2026-04-08 19:12:39,2026-04-08 19:12:39
ff31a294-36d0-44f0-ad09-5263e89b2efc,5fad3028-2310-453b-8c19-ce6775f23c05,,,,,,,,,,2026-04-08 19:12:39,2026-04-08 19:12:39
b7191c2d-557e-487f-9b6b-1c1903da6bd8,951cc471-6d88-4b6c-8a93-2fe7846b70f0,,,,,,,,,,2026-04-08 19:12:39,2026-04-08 19:12:39
0bbd67c3-dd7a-462c-aff2-06d3577863a6,942e22a1-ee3d-4f51-b7a1-ae90960b02fd,,,,,,,,,,2026-04-08 19:12:39,2026-04-08 19:12:39
8695a875-05f3-40df-8c8b-530ca2f144e2,dd3d703a-3b2c-4d57-b348-e895b21752e9,,,,,,,,,,2026-04-08 19:12:39,2026-04-08 19:12:39
397c29a8-0831-4516-95d7-11300e781d0e,f3a93951-5c80-47e3-8e2f-8b00092c30af,,,,,,,,,,2026-04-08 19:12:39,2026-04-08 19:12:39
f771d1ab-8542-41a1-88a3-c14c493f77b0,90ea8618-ceab-4793-8dd1-462eb52ade0c,,,,,,,,,,2026-04-08 19:12:39,2026-04-08 19:12:39
2a52222c-b6b4-4a51-ac62-298a11995d7f,e17a240d-eec1-42b0-97aa-2694be25627d,,,,,,,,,,2026-04-08 19:12:39,2026-04-08 19:12:39
d98762b3-d1e8-4703-b6f9-42923c661a92,981f77a7-4c84-4f67-9f30-688bc67fd2ba,,,,,,,,,,2026-04-08 19:12:39,2026-04-08 19:12:39
ccc390dd-950e-4c86-b510-4b297e6e6ec3,054262c1-4e0e-4d26-875c-29a5d07bf244,,,,,,,,,,2026-04-08 19:12:39,2026-04-08 19:12:39
6bb4e4d4-113a-4114-9ea8-4e0af0a56ca0,c29a1e91-ae02-47c0-bbab-0f739d9a1eab,,,,,,,,,,2026-04-08 19:12:39,2026-04-08 19:12:39
250f276f-894f-49a8-a9f1-593833d48585,4561c522-6ec1-4785-84ea-e3ce31f99a6b,,,,,,,,,,2026-04-08 19:12:39,2026-04-08 19:12:39
93b40c5d-db31-4043-bf29-4529a7db566f,a4042fdf-704c-4dc5-bd9a-d951024c2dc8,,,,,,,,,,2026-04-08 19:12:39,2026-04-08 19:12:39
84671f47-e2ee-4017-88f1-33c393d5e33c,3e01a677-1167-44c8-85aa-29c0fd73ac43,,,,,,,,,,2026-04-08 19:12:39,2026-04-08 19:12:39
4bc864ff-7ee8-44d2-8032-04c4b5843619,9a6ffe7c-daab-4e5b-9549-e8d71e5c6fc0,,,,,,,,,,2026-04-08 19:12:39,2026-04-08 19:12:39
72fc98f5-2d9a-4a33-b74e-730a8cec39e6,f178233d-3364-416b-bb7c-941ed4a24276,,,,,,,,,,2026-04-08 19:12:39,2026-04-08 19:12:39
dc0237e2-e5e4-48ae-a1c3-4c5c79916bad,bd280c25-17d8-4d0b-92f5-fb6485534aa5,,,,,,,,,,2026-04-08 19:12:39,2026-04-08 19:12:39
2951c05c-4498-46ad-ab1e-c2f7a048d0c8,6c8ab1a6-d595-40c3-b18d-c7db01a70a3d,,,,,,,,,,2026-04-08 19:12:39,2026-04-08 19:12:39
a69eb28b-6c66-4358-9c7d-c6edc5840eab,f725610b-45c3-478a-94f3-48e366acaadb,,,,,,,,,,2026-04-08 19:12:39,2026-04-08 19:12:39
7f7b3425-41a2-40c7-9b01-19b12d97b40f,56d7d4cb-50b0-4cb5-b53f-3436eae5aefd,,,,,,,,,,2026-04-08 19:12:39,2026-04-08 19:12:39
7bce83af-a523-4f50-9db3-03da68af4bbb,d6b4b438-18db-42bc-a7e3-8cf2dba5eb88,,,,,,,,,,2026-04-08 19:12:39,2026-04-08 19:12:39
d64888cc-c905-4c96-bc9a-e32142263ba2,38c234fc-7b6e-44ff-befa-495ada6db4bf,,,,,,,,,,2026-04-08 19:12:39,2026-04-08 19:12:39
5224970a-8515-4c6c-9b1b-09a8cedaf74e,7cc73890-b426-4c12-86f9-1d5316168d5a,,,,,,,,,,2026-04-08 19:12:39,2026-04-08 19:12:39
068a6284-a466-4978-b78f-7f09b1b20edb,0ff63814-dac0-4bb7-bc8b-9e04ed8ade12,,,,,,,,,,2026-04-08 19:12:39,2026-04-08 19:12:39
bf4d5a8b-ab6b-442a-a013-dffcf4e21ee4,432cd287-63bc-4d74-abaa-a9ba0ca95d70,,,,,,,,,,2026-04-08 19:12:39,2026-04-08 19:12:39
05c531b0-1c4f-45cd-a166-9dbd22dbc1a3,8e644323-0356-4db4-b87b-060ee75d58e7,,,,,,,,,,2026-04-08 19:12:39,2026-04-08 19:12:39
d2fa6d1c-87ef-4d72-8070-0526237cabcd,64b235e9-9faf-4f82-a321-c7608f654447,,,,,,,,,,2026-04-08 19:12:39,2026-04-08 19:12:39
d91dc91a-c5c3-4e28-aa51-8afd1426690e,dedb296a-f064-4418-aa37-0893c5ba1b00,,,,,,,,,,2026-04-08 19:12:39,2026-04-08 19:12:39
a2792331-0095-4570-9ec6-1d60eefc1e37,10f49ef7-a567-4bbf-9a02-c9275afc01eb,,,,,,,,,,2026-04-08 19:12:39,2026-04-08 19:12:39
8776193c-5015-438c-846d-bcfe488cfc82,a1493b5e-0543-4452-9067-7c5f7b754c44,,,,,,,,,,2026-04-08 19:12:39,2026-04-08 19:12:39
ac754056-8085-4588-af16-2fccca11b5c2,6a9c0ba7-43e9-431e-9938-0a621b01313d,,,,,,,,,,2026-04-08 19:12:39,2026-04-08 19:12:39
9d233dab-a6ae-4f0f-bb45-2e9288c0f2b3,59dc22f8-6053-4e48-8d1a-27fcf91afdae,,,,,,,,,,2026-04-08 19:12:39,2026-04-08 19:12:39
ca4a8a99-6268-4dbd-a431-1ec58f130c79,fe93d460-6134-4985-ac4d-9665ca06fb10,,,,,,,,,,2026-04-08 19:12:39,2026-04-08 19:12:39
628783f1-b047-4b03-998a-48c58eba5fbd,2c5e32be-f9f9-4329-b3c2-a3b09eebe2b8,,,,,,,,,,2026-04-08 19:12:39,2026-04-08 19:12:39
9950e7a6-99c3-4156-bb75-54708b93d00f,e7d18d1f-fe73-4333-842c-7baf64fa8627,,,,,,,,,,2026-04-08 19:12:39,2026-04-08 19:12:39
05c25219-23e6-4e7c-8596-33389d647f2b,347c9cd3-9b11-49be-93f8-098d0e2f2a53,,,,,,,,,,2026-04-08 19:12:39,2026-04-08 19:12:39
3ef88990-3224-417e-872f-771dc68385dd,461c9191-2310-4c0d-96ca-7f8e10a1aa7e,,,,,,,,,,2026-04-08 19:12:39,2026-04-08 19:12:39
f81c4bcf-c4d6-4aad-ab71-1beb0613f4d8,2061b839-e810-4ecc-9b15-86a97286d7a2,,,,,,,,,,2026-04-08 19:12:39,2026-04-08 19:12:39
f8a8b97a-c376-4e30-b1d9-d388c2088334,08ba0ca2-781f-4c42-8aa1-64396ada6fca,,,,,,,,,,2026-04-08 19:12:39,2026-04-08 19:12:39
cbe0ce01-771c-4307-b182-5a6e7aa0de85,6b95311a-4ff4-490c-b9d5-16744bb967dc,,,,,,,,,,2026-04-08 19:12:39,2026-04-08 19:12:39
7ce4c46b-246d-4b39-8b7a-5ad1ac0da395,e1ed6ecc-1aba-40fc-a2df-86facd23e5e6,,,,,,,,,,2026-04-08 19:12:39,2026-04-08 19:12:39
7de64aca-8c3a-4109-b88d-6ea292ef0363,2638b80b-5734-464a-bafe-fe2bfd2bd365,,,,,,,,,,2026-04-08 19:12:39,2026-04-08 19:12:39
99a74a72-01c2-457f-853e-d5f40d11b20b,a658677b-1db9-4aa6-8436-7f0b14d30e61,,,,,,,,,,2026-04-08 19:12:39,2026-04-08 19:12:39
6f709fae-a326-4b60-ba08-ee2ecf4278bb,6e0255bf-313e-4d55-a8f1-4d3bef72e9cb,,,,,,,,,,2026-04-08 19:12:39,2026-04-08 19:12:39
2f7a5af2-b845-4ebd-9be8-6460366d6877,1d34102a-aab4-4a45-b78a-7d4225ae27be,,,,,,,,,,2026-04-08 19:12:39,2026-04-08 19:12:39
1146bf06-0e06-4f13-a289-230ce343538a,bea46b79-4244-4576-85e4-528ac556136b,,,,,,,,,,2026-04-08 19:12:39,2026-04-08 19:12:39
4441e0b6-9e71-47d9-babb-ad875afe2980,8d7cffb9-1d5d-471e-9af9-e3f0a99bb369,,,,,,,,,,2026-04-08 19:12:39,2026-04-08 19:12:39
f9343025-6a4f-4104-a864-8692afacfef8,72ee4dd0-0ecf-483c-9a06-78f73c613de2,,,,,,,,,,2026-04-08 19:12:39,2026-04-08 19:12:39
c5d6718e-1b77-4ad1-9a79-01893a6e220b,26b22c13-1e0a-4ba6-9be2-e66f13efa503,,,,,,,,,,2026-04-08 19:12:39,2026-04-08 19:12:39
a9ffa909-115b-4bec-bb40-0467142f50e9,f668fec4-839b-427e-b59d-33d21fba5dc6,,,,,,,,,,2026-04-08 19:12:39,2026-04-08 19:12:39
036e3392-f833-411a-809d-abe32d184d90,a0ba16d3-d191-47b4-a6c8-fe2d38623b8c,,,,,,,,,,2026-04-08 19:12:39,2026-04-08 19:12:39
1d3669cd-e17b-49e1-9d36-18223ca5d1e5,e6c8cc8a-a1a3-494f-ad5e-58bbbcc820b2,,,,,,,,,,2026-04-08 19:12:39,2026-04-08 19:12:39
5ed27b6a-fa20-4dac-91d9-938b70a5c937,e4087fad-a30f-4b77-b103-34fad162a057,,,,,,,,,,2026-04-08 19:12:39,2026-04-08 19:12:39
f772cbef-61c2-4cf9-8188-35e7930999f2,a6df3ed0-c970-4738-b069-0d0b3f074067,,,,,,,,,,2026-04-08 19:12:39,2026-04-08 19:12:39
01cb0bed-0e6c-4833-b2f0-2927c5dc6eb5,045fc82d-9a9a-4c27-8d45-0ca81f079da5,,,,,,,,,,2026-04-08 19:12:39,2026-04-08 19:12:39
681ef33c-6341-41fa-b8a1-6c936424dbe4,d4a98fa0-392a-4d1a-a604-8d6b7192d0fc,,,,,,,,,,2026-04-08 19:12:39,2026-04-08 19:12:39
84533ab1-3daf-4915-a442-80c29c4a7ea1,7458e7b0-d0ef-4b53-a5e4-86841a6f2cb8,,,,,,,,,,2026-04-08 19:12:39,2026-04-08 19:12:39
e1403643-af4b-4ee3-aa4c-c380b67ce522,f820283f-e6d8-4a5a-a986-8137c8b312c6,,,,,,,,,,2026-04-08 19:12:39,2026-04-08 19:12:39
8941e69a-71b1-432c-920f-7b7bf8bec0b8,d1064201-71bd-4e54-8900-e6cf6f3dd68b,,,,,,,,,,2026-04-08 19:12:39,2026-04-08 19:12:39
d33b8c15-63ce-40b0-9f51-417cc60b6fa6,7eb7d756-6cb1-477f-8fc8-49359f771bd3,,,,,,,,,,2026-04-08 19:12:39,2026-04-08 19:12:39
0713a3b9-b254-432c-b363-724895904eb4,e46f16cd-b422-4b25-ac13-3b1cb3a29296,,,,,,,,,,2026-04-08 19:12:39,2026-04-08 19:12:39
41bbb38c-26f4-4c17-8584-dee6e46f0551,16f64bb0-ea2d-4edc-a301-70f1bc51f9ed,,,,,,,,,,2026-04-08 19:12:39,2026-04-08 19:12:39
63b16ffe-e544-4777-9601-c9cf7cb31940,a0922ba5-811a-4855-a870-b6bab5684f21,,,,,,,,,,2026-04-08 19:12:39,2026-04-08 19:12:39
ff801ac5-981a-4cbc-b977-84402f00199a,e6d04fb6-613a-49c5-b20b-ede8c3baee19,,,,,,,,,,2026-04-08 19:12:39,2026-04-08 19:12:39
ff14d2a2-bf12-405a-bf30-f5b6203e4a3e,72eda969-4808-4bb9-9ccb-785c512eee76,,,,,,,,,,2026-04-08 19:12:39,2026-04-08 19:12:39
817819c1-fbee-463b-ad3c-45fc33bb3304,b06bd829-35a8-4121-b74b-170a39864283,,,,,,,,,,2026-04-08 19:12:39,2026-04-08 19:12:39
07e3d7c3-9108-474f-8cc8-1c60b5cce9b2,d6173ec1-3dcf-4962-a6e0-2c6c79370ed5,,,,,,,,,,2026-04-08 19:12:39,2026-04-08 19:12:39
8e9ab17a-e5ae-4a54-8eb2-580ac4cbd43f,6e4f3c73-100c-49f2-9ef4-8858818369e7,,,,,,,,,,2026-04-08 19:12:39,2026-04-08 19:12:39
a16544b2-18a9-423c-8da7-32eb445599a7,3f2ff01b-88cd-4e37-9bd0-e7900b29b5c8,,,,,,,,,,2026-04-08 19:12:39,2026-04-08 19:12:39
af7c7734-8fbf-4d42-b433-e9d5d929cf0e,2d022420-9eb4-423c-a6c4-df5355bb43e4,,,,,,,,,,2026-04-08 19:12:39,2026-04-08 19:12:39
757bab54-7f1a-4ffc-b585-bbd61ce0ad5a,2cc76e7e-b669-45e4-966b-fdedcc772ed8,,,,,,,,,,2026-04-08 19:12:39,2026-04-08 19:12:39
e59b67dd-cc12-4db0-bba1-881ae20fa0bf,9742f0bd-b0d5-4e91-ad1b-8522deda6a59,,,,,,,,,,2026-04-08 19:12:39,2026-04-08 19:12:39
0350932a-9361-4915-abd3-8aafed9a290e,17ac703a-d391-41fb-a5d2-8666fcb2ec5e,,,,,,,,,,2026-04-08 19:12:39,2026-04-08 19:12:39
ca6acdf0-ca2b-41f0-84af-15051b57b9d0,60960714-3df7-4f6e-98e6-3055c41b5634,,,,,,,,,,2026-04-08 19:12:39,2026-04-08 19:12:39
1e6b2dff-9ca3-4b39-b74a-ed88b71c8b4f,b926cd1b-f306-40f3-a71c-92ea1f06e2b8,,,,,,,,,,2026-04-08 19:12:39,2026-04-08 19:12:39
78bf2fd8-04be-4db1-9574-645b54391cc8,7eeb92a1-3692-48ea-bf58-340be1553c51,,,,,,,,,,2026-04-08 19:12:39,2026-04-08 19:12:39
1dafd650-8857-450d-b57e-fb5a44b50d69,94e65573-1d37-4660-9e0d-1ea45c5f5c34,,,,,,,,,,2026-04-08 19:12:39,2026-04-08 19:12:39
058032de-c0ba-40ee-b5d2-d07218a6d9a9,ffa32c4f-d2e7-4b1f-81a0-f71bcb86dc13,,,,,,,,,,2026-04-08 19:12:39,2026-04-08 19:12:39
179b7bc6-cf89-48b8-aebb-b48ea75d9091,cebdacba-a001-455e-9cf3-c3db13b973f2,,,,,,,,,,2026-04-08 19:12:39,2026-04-08 19:12:39
a887932e-db40-45c2-93b9-1bc5cd72ae97,bc8f7b64-0b52-47f2-ae70-e9500d56cb14,,,,,,,,,,2026-04-08 19:12:39,2026-04-08 19:12:39
a53ec0f2-872d-4e41-879b-1ab3f2a1c257,4e7d7c98-27ca-4843-a64a-7552343b1082,,,,,,,,,,2026-04-08 19:12:39,2026-04-08 19:12:39
2c8bb188-86de-4c68-afc1-8cba10bb0942,6ba3ac88-a86e-4c68-9f77-fe851c74a98b,,,,,,,,,,2026-04-08 19:12:39,2026-04-08 19:12:39
678fe852-08e8-46a7-9f87-3ddc8c3429fa,1b7d54c3-76b9-4693-a87a-fb1a93b4c19b,,,,,,,,,,2026-04-08 19:12:39,2026-04-08 19:12:39
0f93c1ff-2f46-493c-a42d-a14964bb0041,55e89094-73b0-434a-a046-5ed6ec5b1e52,,,,,,,,,,2026-04-08 19:12:39,2026-04-08 19:12:39
175004ba-22cd-4def-8720-3c4ff8c22cfc,eca665f2-eeed-4848-aed0-15dc5893d228,,,,,,,,,,2026-04-08 19:12:39,2026-04-08 19:12:39
440ffed1-622e-4f1e-a913-725a5df26668,21c08f1a-293f-4a0b-b07c-ac7b7f76a246,,,,,,,,,,2026-04-08 19:12:39,2026-04-08 19:12:39
8fa5d413-eb7b-4e76-968b-d813d74107cc,a4f4f6bf-37e4-4a9f-b398-cd279ca3eb20,,,,,,,,,,2026-04-08 19:12:39,2026-04-08 19:12:39
82a8615e-f46c-451c-afc5-3e4d943ba158,e6c1734f-0826-4a99-bd22-bdae98dd5721,,,,,,,,,,2026-04-08 19:12:39,2026-04-08 19:12:39
33e1ac70-7776-460c-a50d-fdd4bb5bf002,fdb3eb13-4c01-4e83-b659-d8901fb4de44,,,,,,,,,,2026-04-08 19:12:39,2026-04-08 19:12:39
c87fcf1a-a7e8-4ad9-92ed-68ec605dfcd5,73228236-aaf9-4143-91e0-15f22840f626,,,,,,,,,,2026-04-08 19:12:39,2026-04-08 19:12:39
bd852cd9-bbb5-47a5-b5a5-c62280bc8721,b1bb8354-7ce1-430d-9cff-7740280bb255,,,,,,,,,,2026-04-08 19:12:39,2026-04-08 19:12:39
0ed4ca50-87d1-41b4-90a4-8312c5d4e06e,fcac8467-32d5-49e2-a8eb-c118a3c47f1d,,,,,,,,,,2026-04-08 19:12:39,2026-04-08 19:12:39
f1775262-ef32-44c2-9efe-341e4b643101,bf7a3031-c070-4537-97b1-83adb7c3f505,,,,,,,,,,2026-04-08 19:12:39,2026-04-08 19:12:39
ab148bae-9b7c-4260-9ad7-9db760b58afc,3892f768-bcff-4b6b-bf0f-3bfeb2aeb499,,,,,,,,,,2026-04-08 19:12:39,2026-04-08 19:12:39
f6c90e66-9ca4-4fab-84d5-1028c31579b5,bd165746-2a70-4c31-993b-63ac8927f4f6,,,,,,,,,,2026-04-08 19:12:39,2026-04-08 19:12:39
86af364a-53a0-467b-b0ba-9b922ec75abc,500d8df9-2fdd-46ef-a75d-a8264eeecfd9,,,,,,,,,,2026-04-08 19:12:39,2026-04-08 19:12:39
5fe9b89b-5f35-4b11-99a7-24c725654f88,e839ecd7-d52a-470b-baea-fedbc7e71438,,,,,,,,,,2026-04-08 19:12:39,2026-04-08 19:12:39
ac8bb84f-34be-401f-913c-d1679ede18e2,45837384-1b00-461d-a7ed-b2b0b7781841,,,,,,,,,,2026-04-08 19:12:39,2026-04-08 19:12:39
b65028a5-c088-451f-a306-a66f5d73566d,2dcd2e69-70ad-457c-be3d-820eb2bc1c0c,,,,,,,,,,2026-04-08 19:12:39,2026-04-08 19:12:39
f1e6e9d9-4312-498a-bf69-dc69f1a6997c,bd3636b6-8560-4572-8921-adddb68bff2a,,,,,,,,,,2026-04-08 19:12:39,2026-04-08 19:12:39
39fe5d0c-e203-4811-aedd-f017578083ed,886fe24d-396c-4a99-8f81-1900b9efe2d8,,,,,,,,,,2026-04-08 19:12:39,2026-04-08 19:12:39
6bba1c7a-89a9-4f3b-a199-9a8aa165a769,f0c09f55-f5ac-46c5-ba87-c2c231baf367,,,,,,,,,,2026-04-08 19:12:39,2026-04-08 19:12:39
a1cfb0cc-3adc-4215-b9ea-f91d49b72dec,e883cda9-c882-4e7e-852d-fba25e12764c,,,,,,,,,,2026-04-08 19:12:39,2026-04-08 19:12:39
7f3b317d-bc6e-468d-aada-c311f8032fba,1aecef0c-0b8b-46e2-a157-eccece743a5f,,,,,,,,,,2026-04-08 19:12:39,2026-04-08 19:12:39
31d8cb10-7724-406e-a173-48019e708ceb,35e5e296-0392-4bc2-aca2-47a2eb6c35e0,,,,,,,,,,2026-04-08 19:12:39,2026-04-08 19:12:39
d011b7ab-3fe5-4bde-8fc1-a22da43c6cb8,996969a8-22ac-4795-aed3-a058926f49fc,,,,,,,,,,2026-04-08 19:12:39,2026-04-08 19:12:39
a76c60cb-72a4-4f32-bb45-74d221fc32cf,981bf2e4-4714-45c1-a4f0-665271b2daa6,,,,,,,,,,2026-04-08 19:12:39,2026-04-08 19:12:39
8e96f496-3639-4cfe-b8f4-9959765ea571,d95ec232-3c8a-4bb6-8cb7-992297a908eb,,,,,,,,,,2026-04-08 19:12:39,2026-04-08 19:12:39
2c7498cc-120c-4c5e-8cbf-269d007e9c78,e8431ffe-3863-4c93-a4e5-951e1a675546,,,,,,,,,,2026-04-08 19:12:39,2026-04-08 19:12:39
8c35eaba-a144-43eb-8580-cc252a457bcd,f43a6308-5709-4c9b-aa64-32861944d7c9,,,,,,,,,,2026-04-08 19:12:39,2026-04-08 19:12:39
f5cbca1d-7938-468e-812e-1dc0c82c2e95,30739584-1518-4916-988b-fa89dd220234,,,,,,,,,,2026-04-08 19:12:39,2026-04-08 19:12:39
99d593c0-cd89-465e-9182-bdd604e2e44f,5a599044-0f58-4a8b-962c-16e05b2d0622,,,,,,,,,,2026-04-08 19:12:39,2026-04-08 19:12:39
b493012f-deba-4627-bbfd-8c1c76ed3f76,eccf5479-9385-4679-bf7a-4cc553121456,,,,,,,,,,2026-04-08 19:12:39,2026-04-08 19:12:39
172bae28-1916-4e11-9040-66106ad3705c,02c77067-17f8-490f-ad17-e658f2f5ecc4,,,,,,,,,,2026-04-08 19:12:39,2026-04-08 19:12:39
eb8d775c-c16d-4bf2-b488-b706789194eb,57e39818-c64a-4f8b-a931-3f8431a066f4,,,,,,,,,,2026-04-08 19:12:39,2026-04-08 19:12:39
926bf525-223c-4afa-aa4c-dded99a30f7b,c3b5b7bd-9591-4480-b521-3666c95ff7dc,,,,,,,,,,2026-04-08 19:12:39,2026-04-08 19:12:39
c16a3fe0-621d-4c57-a266-b723406dc47e,f2a2b9bb-4317-419c-a106-15199a84a23a,,,,,,,,,,2026-04-08 19:12:39,2026-04-08 19:12:39
2da1ffce-7ed8-4f4a-8392-4438fe96f241,e778a0a5-3e05-4ba3-8ddf-b624b9eaa9ed,,,,,,,,,,2026-04-08 19:12:39,2026-04-08 19:12:39
e7c3f89f-e3e9-4221-bc38-a8fa9f80dd40,778eacfb-906c-4a42-8eb1-6a5d539ff432,,,,,,,,,,2026-04-08 19:12:39,2026-04-08 19:12:39
f8767046-6f0d-458b-9bc3-8ce3c87b87f6,13309060-695a-4c9f-bbec-ae1e2e4bc4aa,,,,,,,,,,2026-04-08 19:12:39,2026-04-08 19:12:39
fb997674-526b-4f72-8d29-d6048653d19b,d925ea02-7824-48f4-97de-f1ee745fab39,,,,,,,,,,2026-04-08 19:12:39,2026-04-08 19:12:39
fb96de43-66a2-4eb0-9fd4-876c46561039,1f5ac31b-5e68-482b-8624-ef1775a11669,,,,,,,,,,2026-04-08 19:12:39,2026-04-08 19:12:39
1d86bc41-6998-470c-a5c4-65530f5ea373,91faea8d-9ad6-4bd6-a681-70b8ba57b687,,,,,,,,,,2026-04-08 19:12:39,2026-04-08 19:12:39
55c130af-13b8-4c80-b6f9-58ee5b8d76d4,7104ca13-8df2-497a-b093-ee776a45531a,,,,,,,,,,2026-04-08 19:12:39,2026-04-08 19:12:39
128a842d-9b26-4220-8a62-35df25d1d795,24541fb3-eaee-4470-a3bf-a0d610865046,,,,,,,,,,2026-04-08 19:12:39,2026-04-08 19:12:39
6da9c556-a5f4-4c65-81e7-7113c3b76510,ba8bb647-2cd8-4336-80f8-29a6682f87c7,,,,,,,,,,2026-04-08 19:12:39,2026-04-08 19:12:39
d0d6cf2f-3358-4df0-af10-dd4338bdb6de,ced65b8c-c850-4f20-ab68-d831dcb06fcb,,,,,,,,,,2026-04-08 19:12:39,2026-04-08 19:12:39
9dd102e0-f4fa-4197-b135-9ee67022357d,4207f5f4-b250-4ead-a4d2-87d27db5153f,,,,,,,,,,2026-04-08 19:12:39,2026-04-08 19:12:39
4e17ac73-189b-4c39-a16b-f1f22e0e8c7e,bf5e3473-532b-4f63-8583-c9a049432263,,,,,,,,,,2026-04-08 19:12:39,2026-04-08 19:12:39
12ec1c93-d85c-4a91-a911-5c35567b7dc1,3b4ac612-d24a-4dc1-b6bb-5aaaa9a875b3,,,,,,,,,,2026-04-08 19:12:39,2026-04-08 19:12:39
222d907f-6412-4bc3-89eb-2a26278d06db,1bb424e6-e019-467b-9fe9-cf0dc64f79b2,,,,,,,,,,2026-04-08 19:12:39,2026-04-08 19:12:39
82df2360-2b1f-45fd-ac4c-761b78009d3e,c6b85ebb-3ad4-407f-b0f8-b75e5a5632aa,,,,,,,,,,2026-04-08 19:12:39,2026-04-08 19:12:39
efe02706-4ec1-4f5c-96dc-b5c7980fca29,9797ad60-71cb-4f0e-ae3f-2d4da3fd881f,,,,,,,,,,2026-04-08 19:12:39,2026-04-08 19:12:39
e4c29c89-1947-4d6d-9ef7-13b405f70e38,3ed727e3-e1a3-4a06-99c5-341c5eaf603e,,,,,,,,,,2026-04-08 19:12:39,2026-04-08 19:12:39
fa7bb8be-ab9c-46a9-8e22-e500ff1cc837,a68d0895-2523-4899-aa40-dc524d7d6114,,,,,,,,,,2026-04-08 19:12:39,2026-04-08 19:12:39
853680b0-6d34-4beb-b382-1c974dadc55e,c3ee863e-00ac-4cad-9b65-061ba7502ff2,,,,,,,,,,2026-04-08 19:12:39,2026-04-08 19:12:39
7a9cfc1e-775e-4d09-aec0-243c802d389b,3ee51a2c-5744-46fc-b920-342b30f39e66,,,,,,,,,,2026-04-08 19:12:39,2026-04-08 19:12:39
04355167-61cf-43de-8a80-5b34c3b002f0,9f259518-35d4-45ee-8cf7-0095cd24a0e4,,,,,,,,,,2026-04-08 19:12:39,2026-04-08 19:12:39
0d6b767f-4a5b-435d-8994-c1de86c3b013,4a1a48ee-7f85-4425-91c1-08af0dd8d3cc,,,,,,,,,,2026-04-08 19:12:39,2026-04-08 19:12:39
ed246bf9-bd03-413c-bccc-acab994c2af6,089354f6-7040-45bb-bcd9-ce3fdef65b5e,,,,,,,,,,2026-04-08 19:12:39,2026-04-08 19:12:39
91ede331-18b9-41a6-b5ff-e609a3d90d30,a58b091d-98a5-4260-8078-6b69cecab27c,,,,,,,,,,2026-04-08 19:12:39,2026-04-08 19:12:39
671c4b64-502e-4d41-9a26-742d1a0fd9cd,6a60aa87-b1e2-4e11-a5d1-568b19e960f5,,,,,,,,,,2026-04-08 19:12:39,2026-04-08 19:12:39
674b3f1d-aff0-4217-9b3e-e091f30c846a,3b9d9bba-8648-4f5f-be39-e4795732abf0,,,,,,,,,,2026-04-08 19:12:39,2026-04-08 19:12:39
7764d331-07fa-4b12-ad57-afac707a1fe9,730327a4-9a4d-40d7-b7b8-c3077d687d25,,,,,,,,,,2026-04-08 19:12:39,2026-04-08 19:12:39
c4858476-1af3-4480-ba4c-1d4adf1d0d9a,0cfa78f4-90af-43b2-895a-5abbbd572a9d,,,,,,,,,,2026-04-08 19:12:39,2026-04-08 19:12:39
26be3059-6d3f-4ecb-94c3-76f19b6224b0,39e489a8-34d1-470f-a28c-9dc1e1f3a907,,,,,,,,,,2026-04-08 19:12:39,2026-04-08 19:12:39
06bb4038-4db2-4347-8b58-c5ca93c005bf,fb539ef5-7d90-427c-a96b-edcfac8c79a9,,,,,,,,,,2026-04-08 19:12:39,2026-04-08 19:12:39
df8754e1-1288-42a2-8488-935483b4baac,f660f8c6-ed13-4486-a4af-a5900ef36674,,,,,,,,,,2026-04-08 19:12:39,2026-04-08 19:12:39
3ad55bdb-8db3-4fa6-850a-cbc9663907b0,60b7501e-082d-4d6e-bce2-c21757234c86,,,,,,,,,,2026-04-08 19:12:39,2026-04-08 19:12:39
5067a5cb-7781-4ee1-b32c-587117105edc,b69a271a-5d67-4545-8340-aa6844cd6726,,,,,,,,,,2026-04-08 19:12:39,2026-04-08 19:12:39
18ce1d4b-c36c-4b42-8b7c-77fd860439f4,7d479437-409e-4412-8a1b-7e5ad286230d,,,,,,,,,,2026-04-08 19:12:39,2026-04-08 19:12:39
6f8da25e-e3da-4844-9e64-679473f4b456,3306c63d-f636-45c5-b840-177344e7022f,,,,,,,,,,2026-04-08 19:12:39,2026-04-08 19:12:39
034a8ebb-232c-40d4-ba69-03ccace1209d,ef648f27-78e2-45e8-ba05-38188b432dd4,,,,,,,,,,2026-04-08 19:12:39,2026-04-08 19:12:39
31f42d60-529d-4510-8e58-7d490dc4a64f,5b8aec9b-7bbc-4f7d-8717-dd83ae049a4a,,,,,,,,,,2026-04-08 19:12:39,2026-04-08 19:12:39
c502202b-5026-4423-a507-b0c3d3af9293,37c99183-eb89-44ef-b759-088353862c94,,,,,,,,,,2026-04-08 19:12:39,2026-04-08 19:12:39
5566dbcc-223e-42d1-aebb-10637674c4c5,6d226566-941c-428d-8566-35e3edef768f,,,,,,,,,,2026-04-08 19:12:39,2026-04-08 19:12:39
dbe40227-2dc8-4302-881a-b45d5b491be5,bf4350e5-d4ef-4e08-80e0-67470a980fbb,,,,,,,,,,2026-04-08 19:12:39,2026-04-08 19:12:39
27ff8ab6-2b47-4fba-bcde-bfb862f3f5a3,84478b87-61ff-462f-80ed-1d24f365235c,,,,,,,,,,2026-04-08 19:12:39,2026-04-08 19:12:39
10ea4b36-c969-4658-87bd-f962f575d48d,a5bb1863-17db-4b81-a666-57a2fa57c465,,,,,,,,,,2026-04-08 19:12:39,2026-04-08 19:12:39
1d151dbe-b782-4822-97ae-a282dc62a065,13a8d0e6-0b0c-4f7e-bb32-940525b0b137,,,,,,,,,,2026-04-08 19:12:39,2026-04-08 19:12:39
72984ece-3d03-4ef8-a38b-d07b4dace46f,5299aff9-d50f-4e66-9368-7f9a529614c2,,,,,,,,,,2026-04-08 19:12:39,2026-04-08 19:12:39
2c2d1a28-c4dc-4c43-b99a-8df8283d52b5,554842d5-b84f-40a3-80c3-bba68ba85882,,,,,,,,,,2026-04-08 19:12:39,2026-04-08 19:12:39
29242e23-b9b3-42f2-85ad-2b43b9430f53,3340b4b3-4006-46cf-a73c-a206c22013f5,,,,,,,,,,2026-04-08 19:12:39,2026-04-08 19:12:39
d26bbe2c-c4c6-4cb9-9974-561e8ae94a97,c3fbfdb9-d456-476e-8103-635267013a79,,,,,,,,,,2026-04-08 19:12:39,2026-04-08 19:12:39
e5dbfdde-2d96-4885-8297-354d22e89aa5,38cfecbc-d5ea-4222-ba5d-26861732227d,,,,,,,,,,2026-04-08 19:12:39,2026-04-08 19:12:39
e72c75cc-5210-4c15-b0fa-d7fd417bd089,f6528159-3139-477c-bcec-516d82e7a7f8,,,,,,,,,,2026-04-08 19:12:39,2026-04-08 19:12:39
c3c7429b-eff8-4c03-9ff0-02f04cfe4e59,a4a6990a-b71f-4e8f-90a1-f3e027c69b53,,,,,,,,,,2026-04-08 19:12:39,2026-04-08 19:12:39
ae3bea26-da7b-479e-843e-5bf9331856d3,e257c222-0560-42cb-bbb3-01ae997855c3,,,,,,,,,,2026-04-08 19:12:39,2026-04-08 19:12:39
3d6607e9-987f-4e7d-a2ee-d024fe61f3a5,b57863e6-e68c-478d-ac62-4dae9e4c97fc,,,,,,,,,,2026-04-08 19:12:39,2026-04-08 19:12:39
1bb8537e-f504-40eb-96f9-bffd65786c84,6431df57-0fc6-42c6-b35a-1f37b80a378f,,,,,,,,,,2026-04-08 19:12:39,2026-04-08 19:12:39
140ac434-5065-4dd1-b236-87dc94453be1,ef44bd85-d9fa-42b3-99ce-7c25add12ac3,,,,,,,,,,2026-04-08 19:12:39,2026-04-08 19:12:39
162bd5e0-9605-4796-be9b-9d6650c4a3c0,1ce268d7-d0b6-41f6-93cb-48cd6ba8a483,,,,,,,,,,2026-04-08 19:12:39,2026-04-08 19:12:39
32632eca-b611-45fd-a57c-dc6c958dc6f6,ea475651-f19c-4ac1-a4ed-6ef3a6781101,,,,,,,,,,2026-04-08 19:12:39,2026-04-08 19:12:39
532866c0-e3f6-459a-ae91-aab2835a5dbe,4a3b6658-fe14-43d3-889e-16dfd85b12a9,,,,,,,,,,2026-04-08 19:12:39,2026-04-08 19:12:39
381144d5-f527-4f97-8714-993d5c39cd75,6fbb7607-2cb6-400b-8c45-a0d01c8168fd,,,,,,,,,,2026-04-08 19:12:39,2026-04-08 19:12:39
d3ef6532-f12b-4c49-b3bc-14fdb669a703,381018fd-88d6-4cd7-8bd9-f3290e8962c4,,,,,,,,,,2026-04-08 19:12:39,2026-04-08 19:12:39
94881e79-184f-4070-82f8-18c105cf5a3e,fa7027f0-79a1-455f-acbc-012648eeb197,,,,,,,,,,2026-04-08 19:12:39,2026-04-08 19:12:39
474bf430-91a3-4d8e-a43a-3f54481386dc,5cda6d4a-9834-4b47-a260-5a434de68d09,,,,,,,,,,2026-04-08 19:12:39,2026-04-08 19:12:39
07c83f87-7682-483a-9471-fc2432905a74,2550ca97-e976-48a0-8898-8cfd13be8223,,,,,,,,,,2026-04-08 19:12:39,2026-04-08 19:12:39
4e8c4af0-1713-4998-96df-eec4e9a3792e,37340f08-64a8-4097-a348-1fc05f39bc13,,,,,,,,,,2026-04-08 19:12:39,2026-04-08 19:12:39
64c78e09-f3c2-4495-913b-4f1f192d8003,6119f43e-da65-4454-ab0f-50f4e166d07d,,,,,,,,,,2026-04-08 19:12:39,2026-04-08 19:12:39
f69d9aa1-6e11-415a-bc42-4cc3072d6903,cc976ff3-2c69-4d1d-b10f-2eb5ae1dd9d9,,,,,,,,,,2026-04-08 19:12:39,2026-04-08 19:12:39
f4ea365e-b711-40ed-b52b-8cfd35a34315,4bab8310-0ce4-4fdf-b22f-085f9cc11f94,,,,,,,,,,2026-04-08 19:12:39,2026-04-08 19:12:39
c422ef84-5996-4b41-8537-992b1b29d135,dd3d90b9-b81b-43d1-86c7-e084cef02fbe,,,,,,,,,,2026-04-08 19:12:39,2026-04-08 19:12:39
7c8fa501-80b5-428d-ae4a-00e2a22857de,871c7162-5311-4666-a606-4ba2aac6a56c,,,,,,,,,,2026-04-08 19:12:39,2026-04-08 19:12:39
ca2ec343-b8bb-4a4e-9c71-d34dcd7744fb,35ce7565-d048-47f3-8d38-69fbaea5f7eb,,,,,,,,,,2026-04-08 19:12:39,2026-04-08 19:12:39
a5b90461-2f8e-4d3e-bda6-9d822be071de,fc0731c2-731c-417b-994f-e1f20b72369a,,,,,,,,,,2026-04-08 19:12:39,2026-04-08 19:12:39
abeb41b0-f7a1-4a0c-8ecd-dfcf7129acd1,6a86b856-304e-4c17-a610-640952c5ee84,,,,,,,,,,2026-04-08 19:12:39,2026-04-08 19:12:39
04a3ae50-3bf6-41b5-b8e4-ba1ad5abd497,deaeefc6-ad43-48ab-9111-a6ef304b76f7,,,,,,,,,,2026-04-08 19:12:39,2026-04-08 19:12:39
656dbd61-73d9-45ad-a740-fd7ba5ff7a60,836eb45e-07ba-4f17-8b72-624baee7704c,,,,,,,,,,2026-04-08 19:12:39,2026-04-08 19:12:39
6131becc-7466-457f-a1c5-f11a63b55ca2,8e77c5e6-3b0a-4550-9175-fac9e9419599,,,,,,,,,,2026-04-08 19:12:39,2026-04-08 19:12:39
7e65f79a-1a27-46e7-a1de-15db98070d12,15eef942-14e6-4c74-b607-7ef7dc019d4f,,,,,,,,,,2026-04-08 19:12:39,2026-04-08 19:12:39
715f21dc-b2f4-4825-b0d2-a38546b54dad,1b7b41b0-2be4-4fe0-ab45-f4b12f8d64d3,,,,,,,,,,2026-04-08 19:12:39,2026-04-08 19:12:39
fa99ad42-a31b-478f-847e-7bbd68d2f0e8,9ea152f9-aef4-4572-8c26-e1350281321d,,,,,,,,,,2026-04-08 19:12:39,2026-04-08 19:12:39
fbf6e42e-2a8f-4671-8519-5374c5e19357,0c91367a-72d6-44ca-b642-6a2d5ed7f26a,,,,,,,,,,2026-04-08 19:12:39,2026-04-08 19:12:39
01df1834-07f7-454f-950f-0893fa084545,43452846-6403-4958-a8fa-8e994d9b061b,,,,,,,,,,2026-04-08 19:12:39,2026-04-08 19:12:39
0c370b15-031d-40a8-8c2f-b92872648bf7,7198d174-93b7-41f3-a31b-519b81ffb933,,,,,,,,,,2026-04-08 19:12:39,2026-04-08 19:12:39
1cb79917-3009-4110-a607-7fcf3e06e818,5c76524e-4c77-4421-ba96-50b40437cd48,,,,,,,,,,2026-04-08 19:12:39,2026-04-08 19:12:39
df192aa8-9b2d-45b6-be70-8f0d45911386,522519ce-c2f7-473a-a019-c027aaf46799,,,,,,,,,,2026-04-08 19:12:39,2026-04-08 19:12:39
f57752e6-4c8b-4c4f-8b0f-971c6c941b41,a0b8b341-6068-4329-9b86-3bf07ab3e08b,,,,,,,,,,2026-04-08 19:12:39,2026-04-08 19:12:39
0ccaf78a-fc1f-45e8-838b-dfe0efc7932b,fa9bfeec-73b8-4280-909b-4384b4f6aabc,,,,,,,,,,2026-04-08 19:12:39,2026-04-08 19:12:39
d01b8a8b-02ec-4d4b-9c49-8a7a4a65351b,49bb9f93-ac75-4ee5-bb8a-0f6adf739a56,,,,,,,,,,2026-04-08 19:12:39,2026-04-08 19:12:39
0cd70676-744c-4934-8bf7-235facadeabc,04d6c8c0-2d15-4b0e-9eb7-00d2324e2c3e,,,,,,,,,,2026-04-08 19:12:39,2026-04-08 19:12:39
de1bc1e2-65ee-4118-aa6d-d16aa5c9e238,ff7e8c17-513e-49c3-ba74-ff9a8c9e17df,,,,,,,,,,2026-04-08 19:12:39,2026-04-08 19:12:39
264a8053-5e25-4f90-9928-85db10a48535,702243a4-cdb5-4015-bce2-a258e2f06c5a,,,,,,,,,,2026-04-08 19:12:39,2026-04-08 19:12:39
d1931890-91c0-48eb-872f-9b7efa7c9d5e,a325b4ab-0342-44c7-9c5a-1e0ae2d933dd,,,,,,,,,,2026-04-08 19:12:39,2026-04-08 19:12:39
85bd4474-41a5-4b31-8711-1e9d5dc8ba8b,dbb6eccd-8bf1-4ae5-a305-cd598fe2320c,,,,,,,,,,2026-04-08 19:12:39,2026-04-08 19:12:39
d4b2ba7c-765a-4c8e-a2cc-42e9dc37df3f,f1b1041f-17a2-4dfc-9f0b-9f4c67dd4899,,,,,,,,,,2026-04-08 19:12:39,2026-04-08 19:12:39
0b943157-8f30-495d-9c9e-29e9c79bfe4d,d4f4a3be-af8a-4aca-b09f-189a7d4c908d,,,,,,,,,,2026-04-08 19:12:39,2026-04-08 19:12:39
df94b518-84ec-4103-b934-be7050cd64e7,3cf2041e-3e3f-4fcd-aa66-5c45150e1096,,,,,,,,,,2026-04-08 19:12:39,2026-04-08 19:12:39
a6b1768c-c58a-4e7e-bf28-baca39d3998c,1407f19f-10b9-4286-88fd-5e3043fb354e,,,,,,,,,,2026-04-08 19:12:39,2026-04-08 19:12:39
de23fdd5-04e9-47b1-b6fb-3abcb272c819,fee27409-2d90-41aa-89f8-41d3c0afc898,,,,,,,,,,2026-04-08 19:12:39,2026-04-08 19:12:39
8d6cdb64-4f94-4cf9-b0f2-6c8a4771b222,6624c09a-e9ba-498c-a412-ead643b0d247,,,,,,,,,,2026-04-08 19:12:39,2026-04-08 19:12:39
348bc4dd-ffc4-4564-8133-8174b6ce38e1,e05bc406-74d8-4da6-ba04-9526f4c5e007,,,,,,,,,,2026-04-08 19:12:39,2026-04-08 19:12:39
cf73e3c9-9803-4683-8e2e-dbff09330e27,d6f0753a-de3e-44aa-acc3-faf9f712916a,,,,,,,,,,2026-04-08 19:12:39,2026-04-08 19:12:39
eddd3ade-a92c-4a26-b755-1483221d6435,5bb3277f-c83f-4c4d-9873-9bc4e397c92d,,,,,,,,,,2026-04-08 19:12:39,2026-04-08 19:12:39
2ce5e126-d2bd-407f-834c-28f870846f77,6d47f589-b038-40ab-8c98-3870ec78fcfb,,,,,,,,,,2026-04-08 19:12:39,2026-04-08 19:12:39
c8dffbcd-f128-4c48-9dfa-c69a01950f5a,bc8ba744-8ff0-4bd6-abb6-0fec085bbadf,,,,,,,,,,2026-04-08 19:12:39,2026-04-08 19:12:39
64588e6c-8e21-4623-8dce-c6e0e40e02a7,8ae848e6-4294-49e6-8765-876f9c58b954,,,,,,,,,,2026-04-08 19:12:39,2026-04-08 19:12:39
087d1b02-7388-46cd-b098-b70fd58f80d6,96a5ebc3-ab2c-49b3-b6cf-d5a966222b61,,,,,,,,,,2026-04-08 19:12:39,2026-04-08 19:12:39
591d4202-faf6-4aed-a2f9-012fc8e741f2,921958bd-64ba-4401-975d-a44a431c5d4c,,,,,,,,,,2026-04-08 19:12:39,2026-04-08 19:12:39
252e368c-0aed-440d-964d-4f8338b88be6,f287b623-0af2-40a8-ae84-b003791e97e2,,,,,,,,,,2026-04-08 19:12:39,2026-04-08 19:12:39
37a86c59-b694-4995-ab0f-8c4818d55f6d,9784ba53-e6af-451f-9a15-8517f49291f1,,,,,,,,,,2026-04-08 19:12:39,2026-04-08 19:12:39
875208f3-8d0e-42e8-a273-e3625d41e634,054785bf-0d6f-4642-993e-56f587d8d386,,,,,,,,,,2026-04-08 19:12:39,2026-04-08 19:12:39
ea108ea5-acf8-4733-a026-5096c64d2241,bf6a9f3e-8747-4bab-8f49-a9f48276581a,,,,,,,,,,2026-04-08 19:12:39,2026-04-08 19:12:39
4a094b50-76b5-4a72-b19f-131ac218a22a,1b0e24d9-5d9c-4b1c-b46e-37dfbea99501,,,,,,,,,,2026-04-08 19:12:39,2026-04-08 19:12:39
b69be97a-9508-4ece-8379-ca604a90bb4e,1614310e-cdaa-4d6f-bfee-900c14be81e8,,,,,,,,,,2026-04-08 19:12:39,2026-04-08 19:12:39
ea18b717-83df-4e46-ae91-44f2ec540dc4,503359de-1ce0-4c72-9d99-72f75374260c,,,,,,,,,,2026-04-08 19:12:39,2026-04-08 19:12:39
df250748-6098-44aa-85d6-694284911b7a,a7a3d49e-8dfd-475d-ba1e-6721f8af1a32,,,,,,,,,,2026-04-08 19:12:39,2026-04-08 19:12:39
9e5d30f7-3bd2-4e0d-a387-4d30af4a3ab2,6f715258-1d6d-4e46-a034-4338a31063ee,,,,,,,,,,2026-04-08 19:12:39,2026-04-08 19:12:39
7b3eac1d-23d7-485f-8b54-432f143ba219,151e4f6d-4aba-49e8-8916-8e77cdb49147,,,,,,,,,,2026-04-08 19:12:39,2026-04-08 19:12:39
63480675-7049-4a3d-8a20-ccb4e4c6db91,1d6d474a-1ab8-4939-964e-c6f9ff49abfa,,,,,,,,,,2026-04-08 19:12:39,2026-04-08 19:12:39
789991c5-ca86-441c-ab56-8d7c23b6931a,2bdbbc17-c188-4004-829b-79341341c59e,,,,,,,,,,2026-04-08 19:12:39,2026-04-08 19:12:39
372804fd-c1db-42f3-b489-f5d8a06e9121,853583c0-41ea-41d0-b3cb-ef198c777bb8,,,,,,,,,,2026-04-08 19:12:39,2026-04-08 19:12:39
e86282b8-a330-4d5c-8fb2-416b5ccd09cb,20f083d2-2782-4871-a25a-946cf88ddd33,,,,,,,,,,2026-04-08 19:12:39,2026-04-08 19:12:39
ed5f7c8c-2a24-4ce1-bf6f-acab641a8428,46b7cf3f-75fc-4869-9a9c-e79833a76d29,,,,,,,,,,2026-04-08 19:12:39,2026-04-08 19:12:39
b57fb5f2-8bbb-48e9-b8fc-a1bafec5b543,2298cc1e-2b63-455b-b789-6c60d1e345b7,,,,,,,,,,2026-04-08 19:12:39,2026-04-08 19:12:39
2e35b00c-4466-4c13-9c96-63bffce0800a,520bf9ec-b228-41e4-aafb-0adadd0394ac,,,,,,,,,,2026-04-08 19:12:39,2026-04-08 19:12:39
b46734db-0095-499d-ac1a-89a622eedfe6,2d356a17-edba-4e32-8396-2c3becb6a00a,,,,,,,,,,2026-04-08 19:12:39,2026-04-08 19:12:39
9cd9bcaa-da2a-4ad8-9c3d-012b702b45b1,7dcd9e48-3204-4bab-ae41-1cacba8b7647,,,,,,,,,,2026-04-08 19:12:39,2026-04-08 19:12:39
993b5ab0-d028-4448-8596-f0c406864c72,4ca097dc-9178-483e-bdc7-65237837b628,,,,,,,,,,2026-04-08 19:12:39,2026-04-08 19:12:39
046ae60e-1d9a-4c91-b17f-acf0e4a4f6ce,5d7fd8fe-902a-4ea4-889c-652a6b59da51,,,,,,,,,,2026-04-08 19:12:39,2026-04-08 19:12:39
890fa0bb-db6c-4bd5-8ece-070855a7d946,d8a80546-8cfe-4f3c-837c-e4391749a944,,,,,,,,,,2026-04-08 19:12:39,2026-04-08 19:12:39
ad488cca-8259-48c2-8309-aaa9037792c0,ec052a1c-9e6d-4615-9dbd-040538792acf,,,,,,,,,,2026-04-08 19:12:39,2026-04-08 19:12:39
225e94c9-cde0-4827-8db8-43fd30c1e34d,a1981a32-2f3c-43e0-9e02-2954ee829f31,,,,,,,,,,2026-04-08 19:12:39,2026-04-08 19:12:39
6efa6d0e-c178-48e6-8037-e9c6dfabf93d,0ebf2e77-b8c3-4998-93d9-1959db65dec0,,,,,,,,,,2026-04-08 19:12:39,2026-04-08 19:12:39
0966237c-1a11-4dd0-a291-bde1b6dcfc79,0836d83f-d84d-4ccd-a9d8-6e7b5244bfc8,,,,,,,,,,2026-04-08 19:12:39,2026-04-08 19:12:39
3e153357-2f84-49a9-8585-a6bc445c705d,4063095c-fe3a-4258-966d-9504fe7e0881,,,,,,,,,,2026-04-08 19:12:39,2026-04-08 19:12:39
f38aecca-ef1b-439d-8246-3cf77cb0ad5f,60076103-8da8-4c1b-a351-168a82a166c2,,,,,,,,,,2026-04-08 19:12:39,2026-04-08 19:12:39
bb921fff-76eb-444f-911d-b6d96887588d,b13eff05-1a8f-43d5-a34e-0db944cdd1e2,,,,,,,,,,2026-04-08 19:12:39,2026-04-08 19:12:39
2badddf9-2bda-4c98-9e50-cbec7b834278,dfaf297c-560f-4924-93f2-c3962ef9b728,,,,,,,,,,2026-04-08 19:12:39,2026-04-08 19:12:39
3e78833e-13e8-43a1-b69d-772389090caf,e66aa83c-d57b-470e-9d93-64909753e6ef,,,,,,,,,,2026-04-08 19:12:39,2026-04-08 19:12:39
bd4273fa-be2b-487e-aafb-b5e50f5ab046,b9c862d0-3c1b-44c4-884d-e2e3feba52a4,,,,,,,,,,2026-04-08 19:12:39,2026-04-08 19:12:39
f9c53984-dc14-4175-bf84-27dfdcbc1966,eff1ea84-eb37-44da-979e-17a2fd614ea9,,,,,,,,,,2026-04-08 19:12:39,2026-04-08 19:12:39
5b00c898-d5cf-49ee-9fdf-8b66cd5abb62,85494df2-2108-4123-9cd2-4c2a8ef66e95,,,,,,,,,,2026-04-08 19:12:39,2026-04-08 19:12:39
ec3021f8-1045-4c63-b68e-510f79893200,02b97346-e2f9-4bcb-8e43-ca847b1af3ed,,,,,,,,,,2026-04-08 19:12:39,2026-04-08 19:12:39
a90bb2d6-0168-4268-b013-fd8ee40cbc5f,5cf32682-81a3-4e72-907a-0225eee2343e,,,,,,,,,,2026-04-08 19:12:39,2026-04-08 19:12:39
045361b8-e31a-4136-b089-a44d3ecee806,e0fa87bb-102d-4eeb-8e2b-788548f06a25,,,,,,,,,,2026-04-08 19:12:39,2026-04-08 19:12:39
0858bba9-40ef-46e9-82bf-cdfe31fbbaf5,8bb5c3a9-f8e4-428c-864e-37eb765dc1d3,,,,,,,,,,2026-04-08 19:12:39,2026-04-08 19:12:39
07d35d12-5ba1-4ddb-aad1-e912110f9a0f,10ea04b4-3e5f-41e5-b814-609afaa054b2,,,,,,,,,,2026-04-08 19:12:39,2026-04-08 19:12:39
141c2527-4064-4f36-b15a-6b244f69c6d2,d45e7752-e771-4dc1-b861-d62ec91023c7,,,,,,,,,,2026-04-08 19:12:39,2026-04-08 19:12:39
61c49f1a-0959-4398-992b-bcc05820b766,d4ab8b21-a599-4913-8d51-1b3671805fe2,,,,,,,,,,2026-04-08 19:12:39,2026-04-08 19:12:39
de443f56-a678-490c-a33c-7b7a02f1a0cf,3129d54e-e0a7-4d06-bcd1-28c7a3bb0247,,,,,,,,,,2026-04-08 19:12:39,2026-04-08 19:12:39
536f5d86-9bde-4123-9abd-a03aca28bfc1,36e353f2-17fe-4b4c-b62a-db3653101066,,,,,,,,,,2026-04-08 19:12:39,2026-04-08 19:12:39
e1bbe0f9-884f-453e-8291-23b51803b51d,5b6f2aef-fb3b-4d29-a140-957067eb1c77,,,,,,,,,,2026-04-08 19:12:39,2026-04-08 19:12:39
79e38863-2fcc-4396-9944-bdb43cae99ca,25fc7205-9204-40d1-a385-9bc415098d7a,,,,,,,,,,2026-04-08 19:12:39,2026-04-08 19:12:39
14e25c08-f494-4f1c-b2ec-de7712c8dbc3,68853ef4-797a-4b6f-8326-62ffb12006de,,,,,,,,,,2026-04-08 19:12:39,2026-04-08 19:12:39
435a8f53-a825-4699-b9eb-d6dc8de15d9c,d556c26c-2a27-4152-881a-dccb13d273e6,,,,,,,,,,2026-04-08 19:12:39,2026-04-08 19:12:39
1b5aa317-cfcd-42c4-b11b-35e1bacffd99,202974c3-bb99-4606-a9df-3acaf97fc403,,,,,,,,,,2026-04-08 19:12:39,2026-04-08 19:12:39
14ba2acd-134a-4ac4-83c1-878b6a9c36f3,967cf03a-6afc-4f31-8c8f-96fb68e7cf0f,,,,,,,,,,2026-04-08 19:12:39,2026-04-08 19:12:39
c97ef748-b0c1-483a-8c89-44e0797217b1,2dae1a13-12ec-4a15-b2c1-b5a932f6d1a0,,,,,,,,,,2026-04-08 19:12:39,2026-04-08 19:12:39
69dc46bf-c4db-4d81-a29c-417387f15b73,87fd4024-5953-4a82-b443-32ab625d7efb,,,,,,,,,,2026-04-08 19:12:39,2026-04-08 19:12:39
0379de04-1721-44c1-b1b6-44051edcbfc4,d97ef9c1-d4ad-4f39-b7fd-1cb7dd120b74,,,,,,,,,,2026-04-08 19:12:39,2026-04-08 19:12:39
2cb590cc-d90b-456b-bd53-de7fb18c1cf1,8dba2294-6d34-48a3-8552-d71a5949a955,,,,,,,,,,2026-04-08 19:12:39,2026-04-08 19:12:39
6f716c4a-fdbc-441e-9098-e1413e5e9096,ffaea16a-d14c-49d3-9905-f3d09589fafe,,,,,,,,,,2026-04-08 19:12:39,2026-04-08 19:12:39
1a762755-efd7-4fbc-bd4f-0433d89db5af,8cc87d99-11c8-4c4a-98e5-29a31fa27d2e,,,,,,,,,,2026-04-08 19:12:39,2026-04-08 19:12:39
912c11ac-702d-4b1f-b784-41598d3c1029,6beac2ee-d54b-43f0-8c5b-266b627b18cb,,,,,,,,,,2026-04-08 19:12:39,2026-04-08 19:12:39
4a02908d-d0b1-4387-adc9-be0cf1cb32eb,f70d6a96-eb73-49e1-815a-a005fecce895,,,,,,,,,,2026-04-08 19:12:39,2026-04-08 19:12:39
703a7fdb-2603-49fd-9fbf-a2dc62044752,6b737e45-52e2-4dd0-9e7f-56eb0114323e,,,,,,,,,,2026-04-08 19:12:39,2026-04-08 19:12:39
f38a784f-3b8d-4a7a-8cf3-13226d57a0ad,25fc91f9-cfb1-47a1-ac15-b82f1236da42,,,,,,,,,,2026-04-08 19:12:39,2026-04-08 19:12:39
54663c2b-4349-4e27-9353-42acaac41b07,0e0ff1c9-0dd0-4843-8bce-9afaf07fd96a,,,,,,,,,,2026-04-08 19:12:39,2026-04-08 19:12:39
82910e9f-ccd3-4416-95c2-235f45c0087f,8c2df6ca-2071-4644-a545-48b6d710fc49,,,,,,,,,,2026-04-08 19:12:39,2026-04-08 19:12:39
d624af4e-42da-4cf6-abd9-b55243eefab6,49867397-ae1c-49b6-bae0-95da49b42d9d,,,,,,,,,,2026-04-08 19:12:39,2026-04-08 19:12:39
53317625-1568-4c8d-9c0d-6be8c84a1cf3,e9550d65-cd80-41cf-9a02-e6cd98776bc7,,,,,,,,,,2026-04-08 19:12:39,2026-04-08 19:12:39
5f5290e1-b8e1-44e6-b256-2509c17bd85e,85d039f0-5e4b-4ea7-aded-29921b103cc8,,,,,,,,,,2026-04-08 19:12:39,2026-04-08 19:12:39
cbede369-3661-47a8-89c9-a47ac27d2178,b1ae21ab-c708-4c1d-ad4e-56c7ed6e8278,,,,,,,,,,2026-04-08 19:12:39,2026-04-08 19:12:39
34e28847-615d-4c58-906c-8764829f5082,3c60fe5a-b137-43d5-9d41-6100f5433db6,,,,,,,,,,2026-04-08 19:12:39,2026-04-08 19:12:39
10bdaa9b-35d3-49c2-87ea-8316e31aa4f4,be3ef8b3-7477-4e3c-b42a-e69e3a5188a6,,,,,,,,,,2026-04-08 19:12:39,2026-04-08 19:12:39
390baa10-d0ff-4b46-95c8-cb84c3e54485,062f90b1-f5a1-4d84-9f2f-33f2d344574c,,,,,,,,,,2026-04-08 19:12:39,2026-04-08 19:12:39
e70f7288-6642-4d74-862a-3191287debcd,180aa5c3-e206-40c1-be84-03a13f44d95b,,,,,,,,,,2026-04-08 19:12:39,2026-04-08 19:12:39
028bafe1-165f-4835-a08e-4c1e52af675e,48bc8bb2-20e9-40e0-89fd-34b5de22d937,,,,,,,,,,2026-04-08 19:12:39,2026-04-08 19:12:39
894d2a74-11cc-448c-aa51-0675f7e89934,e92af47d-fb48-4b0b-bc24-4c41f0ea5a7f,,,,,,,,,,2026-04-08 19:12:39,2026-04-08 19:12:39
df990129-5e54-40c3-90fa-1154ac4ed976,12b96b76-d948-4e80-a63a-7bb43ae1a6ad,,,,,,,,,,2026-04-08 19:12:39,2026-04-08 19:12:39
eda73a09-9734-4146-a7a0-6952795d2eb3,27c7ed09-146d-47e7-83b6-6618ef1ad0aa,,,,,,,,,,2026-04-08 19:12:39,2026-04-08 19:12:39
e5ba5c22-c0c1-4a44-a313-bfba42a75c65,97bb530c-ca1c-4f01-854a-3a82f077917a,,,,,,,,,,2026-04-08 19:12:39,2026-04-08 19:12:39
2d297363-9f54-445d-8042-037fd22acade,634fdb8d-2a3b-406c-8823-d84ccef65eab,,,,,,,,,,2026-04-08 19:12:39,2026-04-08 19:12:39
800f50b4-f881-4fd4-98b8-fea0bfce1d4c,a491a643-96c4-49ec-8886-bf2ee9d6e088,,,,,,,,,,2026-04-08 19:12:39,2026-04-08 19:12:39
f82bcbc7-94db-4cca-9a34-6ca6fc3e0ced,d59920ab-b027-4924-9984-bd2894a5237e,,,,,,,,,,2026-04-08 19:12:39,2026-04-08 19:12:39
e6d209bd-5c6f-4919-9e9d-54730df51ca1,80471736-106b-4fec-9948-e968afac20dd,,,,,,,,,,2026-04-08 19:12:39,2026-04-08 19:12:39
4d67afa8-780d-45d7-855e-19d15db25341,637e8f2e-460a-42bb-8465-83491060986d,,,,,,,,,,2026-04-08 19:12:39,2026-04-08 19:12:39
43b7aca9-b7cb-4fbd-934a-6d92e193a97c,5c977663-db4a-4889-8284-b455879bdc94,,,,,,,,,,2026-04-08 19:12:39,2026-04-08 19:12:39
f092a82c-dd62-4ec9-a701-fde76f80e4e7,9265b2e7-d2c2-4488-bac2-7209238e6038,,,,,,,,,,2026-04-08 19:12:39,2026-04-08 19:12:39
0cb01822-02fc-4871-9360-42beda0cb663,100cb07d-4948-4342-9db2-70fafa842d09,,,,,,,,,,2026-04-08 19:12:39,2026-04-08 19:12:39
dca57037-36b0-4ce3-a08e-151dad05a30a,2c1dd040-c9e2-4bb5-8201-abaa85afec41,,,,,,,,,,2026-04-08 19:12:39,2026-04-08 19:12:39
4aae768e-87c1-4af8-b85d-e95a0125cbe3,bd9961a8-1b2c-48a1-9e7c-1093d694f730,,,,,,,,,,2026-04-08 19:12:39,2026-04-08 19:12:39
421579da-948b-4981-b636-91f82c66a2ce,769579e7-f665-48e1-830f-8becf554c2d9,,,,,,,,,,2026-04-08 19:12:39,2026-04-08 19:12:39
9e8db5d8-1754-4d8b-a02a-a507c45f5a59,1c93d068-6d64-47c9-ada2-355d253d9beb,,,,,,,,,,2026-04-08 19:12:39,2026-04-08 19:12:39
e7964d55-4404-480f-8b57-1751d5373783,c3563e22-7aa3-4619-9b77-ac1615166602,,,,,,,,,,2026-04-08 19:12:39,2026-04-08 19:12:39
b9a0aa08-12b7-4484-9f8f-6380a9e222f5,0d2ef685-30ca-4ca7-a98d-95eb2f24bcc4,,,,,,,,,,2026-04-08 19:12:39,2026-04-08 19:12:39
ba21c679-dbd7-4d0f-91b6-d9522b68c224,238d8f8d-9556-4fab-a629-26e50c0e3542,,,,,,,,,,2026-04-08 19:12:39,2026-04-08 19:12:39
029e2eb3-2951-4a65-bec7-e43ad9071176,baeed1be-789b-49fd-8524-9f6a62e87d27,,,,,,,,,,2026-04-08 19:12:39,2026-04-08 19:12:39
80c6e959-b688-41e9-9d29-109697ecf9a6,e6c1c307-d417-42bc-b7c2-0cd54c18d174,,,,,,,,,,2026-04-08 19:12:39,2026-04-08 19:12:39
ceae2460-b82c-4757-b312-b2873e1621e8,cfdaaad7-8219-4a06-bc76-f585febe4176,,,,,,,,,,2026-04-08 19:12:39,2026-04-08 19:12:39
1f16591a-681d-4560-af4e-e6db76ea6216,e691e67f-64a3-4d92-9061-b8fab30f6c31,,,,,,,,,,2026-04-08 19:12:39,2026-04-08 19:12:39
02192942-504e-4b7e-8f7c-533639b81803,3831a244-01f1-4b87-ab04-17d1466486f3,,,,,,,,,,2026-04-08 19:12:39,2026-04-08 19:12:39
68d77344-1bbc-4b62-b308-ec1305cfa82c,9244fbe5-f581-4787-972b-9ebcba2481ad,,,,,,,,,,2026-04-08 19:12:39,2026-04-08 19:12:39
cb92d126-6ad1-4e7d-9734-4af9df04e401,eaca0c8e-439b-4a7c-b455-c2469397111a,,,,,,,,,,2026-04-08 19:12:39,2026-04-08 19:12:39
757acd2d-02cf-4547-843e-b3153ea60ac4,e0a0da4b-61c8-49d9-9b36-6df58a58e79e,,,,,,,,,,2026-04-08 19:12:39,2026-04-08 19:12:39
309a7b96-12bc-427b-8967-e2cb59f8ad9c,205f955b-e417-42f5-8b19-d1c738c65ccb,,,,,,,,,,2026-04-08 19:12:39,2026-04-08 19:12:39
4dc61333-b1d8-4c06-bd25-6361a366bf58,3e427620-539d-4449-bf55-d731422da5e4,,,,,,,,,,2026-04-08 19:12:39,2026-04-08 19:12:39
9624fec5-8d60-4fac-a7cf-3f79147db5d8,0945c5e3-0eee-468c-b8f5-7dedcd7e4b41,,,,,,,,,,2026-04-08 19:12:39,2026-04-08 19:12:39
88fb8041-98c9-4027-ad16-91119f16ce4a,86acb327-0ae9-49e7-8e94-a6b5b154a01e,,,,,,,,,,2026-04-08 19:12:39,2026-04-08 19:12:39
b75c7297-d68d-4393-8d7f-0cf573a6cbea,b5460805-acb1-4a0c-b05b-2cbf2b3a5514,,,,,,,,,,2026-04-08 19:12:39,2026-04-08 19:12:39
25a71430-437e-409c-b56f-ae6519d12f96,2781d39b-146e-4448-a383-e7dc3abd7d85,,,,,,,,,,2026-04-08 19:12:39,2026-04-08 19:12:39
6b088a40-2994-440d-ab85-c617d3946471,e8cf9091-931f-45b4-a453-c6614bb520ab,,,,,,,,,,2026-04-08 19:12:39,2026-04-08 19:12:39
9f4db14f-44e5-43ff-b880-d2f854112dbd,ef87db92-3864-4b91-ac32-1b35657cbc23,,,,,,,,,,2026-04-08 19:12:39,2026-04-08 19:12:39
2f593f4b-f01f-480c-bc50-7c9ace1165ae,c4c2d6d1-d28b-48bd-b4f3-fc3e5fa384b7,,,,,,,,,,2026-04-08 19:12:39,2026-04-08 19:12:39
6801ffc7-8fdb-4493-8a80-057f4acdd1be,bde87b16-e3b8-49f8-b641-21bf4d9b1443,,,,,,,,,,2026-04-08 19:12:39,2026-04-08 19:12:39
fb5395c2-50a4-48a8-8f00-79f5f7506d20,d6460d2c-b728-4a79-ac22-3bba13d71f16,,,,,,,,,,2026-04-08 19:12:39,2026-04-08 19:12:39
ca87b24c-7055-40fd-aa57-b98358e5002b,0fdbdd87-d566-465d-9856-6080eb0da1a6,,,,,,,,,,2026-04-08 19:12:39,2026-04-08 19:12:39
e1a1ed87-ab95-41e1-b987-d41fdf08844f,7aaa1a5c-6b09-4d6f-8d07-e42bd22c7a84,,,,,,,,,,2026-04-08 19:12:39,2026-04-08 19:12:39
ef980351-1de4-478e-9122-96da3937e50d,e9c235fa-f837-4f02-8538-9eb8b5f6fd83,,,,,,,,,,2026-04-08 19:12:39,2026-04-08 19:12:39
5ef8f91d-ebee-4858-b47f-ecfa7a9e5540,4048f53a-03da-463a-b762-7e69aeb73ea5,,,,,,,,,,2026-04-08 19:12:39,2026-04-08 19:12:39
527c1ded-339a-40a9-a680-81cbfe99a913,0457a9d3-462c-4af6-9da0-d84a2ea0c569,,,,,,,,,,2026-04-08 19:12:39,2026-04-08 19:12:39
75fa2e72-fd2a-48db-827c-fc07362bdab6,f3882697-d971-44d8-b01d-6aecb3091737,,,,,,,,,,2026-04-08 19:12:39,2026-04-08 19:12:39
ad759adf-d026-411d-beb6-7fffefedcafe,7d650dca-df8b-4219-b35f-530279f78d7b,,,,,,,,,,2026-04-08 19:12:39,2026-04-08 19:12:39
12431376-9348-49e0-ad59-fbc3b10ac828,75d4deae-0256-4115-82b0-e05ac6f159cd,,,,,,,,,,2026-04-08 19:12:39,2026-04-08 19:12:39
426035a0-5b09-4b39-8e9c-a642ee76ae9e,3a115f4c-05df-4787-9557-39df180a6b6b,,,,,,,,,,2026-04-08 19:12:39,2026-04-08 19:12:39
7d777a7a-7df4-4d83-9d4f-e35c4374c3e3,cf748107-b855-4aa7-aa13-7e31586fffe3,,,,,,,,,,2026-04-08 19:12:39,2026-04-08 19:12:39
fe59552d-1de6-452c-ab80-64f4d2ebbd7a,1b84ec19-5fb9-4087-8fa7-10c161a9156f,,,,,,,,,,2026-04-08 19:12:39,2026-04-08 19:12:39
8a88f1c1-fd97-4777-a0a1-6b96d2ea2350,f3d2b489-940c-461f-a00e-f489a48ac259,,,,,,,,,,2026-04-08 19:12:39,2026-04-08 19:12:39
30de092e-e581-4ec9-8a48-c9ee94086d4b,882c2f7d-4128-457d-b8b7-ad9355390c31,,,,,,,,,,2026-04-08 19:12:39,2026-04-08 19:12:39
f8b436d9-fe88-4f2b-8257-3b5dc9f35201,81dfb7ef-434f-49e3-b162-c860ad188091,,,,,,,,,,2026-04-08 19:12:39,2026-04-08 19:12:39
1b20f9cd-4e18-454d-b8f4-77f1396ee875,f0d16f3d-3dae-4f39-aac4-ff6e28ae80f8,,,,,,,,,,2026-04-08 19:12:39,2026-04-08 19:12:39
13de9ee3-ae4d-4e06-af40-f605b80f1220,e26e1006-9bc7-471b-a941-441ece2c386b,,,,,,,,,,2026-04-08 19:12:39,2026-04-08 19:12:39
47a44096-5f7d-4c5e-9257-f321c954cb8e,770806fc-1d33-4fcc-8c58-6cfaaedfffb8,,,,,,,,,,2026-04-08 19:12:39,2026-04-08 19:12:39
fcf90301-685d-485a-ae54-9b606aaa8419,318ff1b7-7cd8-4841-95c1-1261d6cba0cd,,,,,,,,,,2026-04-08 19:12:39,2026-04-08 19:12:39
2e9d228a-b9e2-49bf-934a-1119be6d77e7,fceddc00-fab6-4ab5-b4d1-e59c873544a5,,,,,,,,,,2026-04-08 19:12:39,2026-04-08 19:12:39
f3368e8a-4080-41e0-8487-9c1b25876796,e5cf947e-3aaa-4c11-a4ec-dcde9719f36a,,,,,,,,,,2026-04-08 19:12:39,2026-04-08 19:12:39
57c488a5-b75d-4acf-9984-4ea012ab2a37,69bf4348-7dc1-434e-97ff-91b04a3813dc,,,,,,,,,,2026-04-08 19:12:39,2026-04-08 19:12:39
5e63dc7b-9ff9-4fa5-a3ec-f1c01c73e63c,51220a45-6fab-4486-a58a-0e9fb94920b1,,,,,,,,,,2026-04-08 19:12:39,2026-04-08 19:12:39
6daf45f0-61aa-4c0d-9a4f-88cea44d95c0,3db31307-0a09-4017-99e4-77078b24977f,,,,,,,,,,2026-04-08 19:12:39,2026-04-08 19:12:39
39c748c2-a0f1-4c4e-928b-989496cfdc4b,a7eba6dd-da86-4c11-8fb0-7777f6bbe9b3,,,,,,,,,,2026-04-08 19:12:39,2026-04-08 19:12:39
029b1e40-4c62-423e-ac20-b1485968c06f,e692ab0e-c042-4bba-8f6f-f1f8818e9524,,,,,,,,,,2026-04-08 19:12:39,2026-04-08 19:12:39
9bf3f7c3-aa1d-4168-8acb-76167658d63b,f666be8b-6d4d-4238-b91b-c8427cced688,,,,,,,,,,2026-04-08 19:12:39,2026-04-08 19:12:39
8a6fd081-514a-4d3d-8147-69fc83d28edf,406220bf-ebb8-4585-8c20-816004c83a2a,,,,,,,,,,2026-04-08 19:12:39,2026-04-08 19:12:39
276b8dcb-36ce-4e2b-870c-c74d9b03ed3a,9be962ca-435f-409c-8405-7c258a5e4540,,,,,,,,,,2026-04-08 19:12:39,2026-04-08 19:12:39
63a54493-d712-44f1-846e-e15d2890ec07,d729e1da-3192-4c63-b002-295d95108206,,,,,,,,,,2026-04-08 19:12:39,2026-04-08 19:12:39
555cdbf7-125a-4e26-aac6-987baecc30d4,ef796d0e-41d1-49a9-b18c-e3bb33c828c7,,,,,,,,,,2026-04-08 19:12:39,2026-04-08 19:12:39
323c7b5c-6302-4e02-83f9-c36f39912aef,9046587f-af6b-4754-a11b-0de9a917a5da,,,,,,,,,,2026-04-08 19:12:39,2026-04-08 19:12:39
e4c7510b-619d-4afe-81fa-fc3bd8a85db4,053d455f-f348-47a7-abb5-1f0aa90800db,,,,,,,,,,2026-04-08 19:12:39,2026-04-08 19:12:39
75db14b9-b2cd-46a4-a24a-efb6123a19a2,340660f7-d55a-4a46-b7aa-cc571a54ee8b,,,,,,,,,,2026-04-08 19:12:39,2026-04-08 19:12:39
10a1cdab-621c-42c2-9ba3-21061f8b6e6b,b8bab8c8-4073-4c8a-ae59-88aeb7f38034,,,,,,,,,,2026-04-08 19:12:39,2026-04-08 19:12:39
19449d08-a6a0-4b3c-b50d-d1bd0c4546aa,621a3355-74b1-43be-acbe-da7478db825e,,,,,,,,,,2026-04-08 19:12:39,2026-04-08 19:12:39
6eb05fcd-9d3c-469b-a23f-8c8f0515005a,3dc42170-96e0-4a96-a099-1ef7494cf6e1,,,,,,,,,,2026-04-08 19:12:39,2026-04-08 19:12:39
59245b0c-fe8a-4bf2-8b21-8c1761df17dc,dbf804db-4b49-4aa5-ad9f-2434275ebe70,,,,,,,,,,2026-04-08 19:12:39,2026-04-08 19:12:39
97948713-bbaf-490a-bd0f-f670491726ee,7792e759-bf79-4fff-98e4-b69f4bd1d892,,,,,,,,,,2026-04-08 19:12:39,2026-04-08 19:12:39
3caf30ec-5521-42dd-96d2-d0dbebf71178,fb1728a5-2463-480f-a478-c9f5246ebf78,,,,,,,,,,2026-04-08 19:12:39,2026-04-08 19:12:39
8c01b208-bffb-4564-bda6-c35df7d4b698,312eb8b0-0c26-42b5-bc97-65bd2f9edb56,,,,,,,,,,2026-04-08 19:12:39,2026-04-08 19:12:39
4272fbfd-e3d6-4d77-b3c6-e2eb3358f025,35d98fcf-d37e-4986-adb1-5ea6f4d648e1,,,,,,,,,,2026-04-08 19:12:39,2026-04-08 19:12:39
fc7e33ed-dbd3-427c-a1ca-fd3ce00303a1,ba7fc149-0aeb-4ee5-ba77-0d3ce433ac6f,,,,,,,,,,2026-04-08 19:12:39,2026-04-08 19:12:39
9ea811a7-7419-4ad6-9b16-3bdb9dc16c38,845f854d-486a-407b-abdc-9eee1a9d5e0b,,,,,,,,,,2026-04-08 19:12:39,2026-04-08 19:12:39
4d6e3a6d-7d18-4929-a44a-3e25081d844a,6be8a4f6-2ba9-4206-bd3a-41621bd3faf2,,,,,,,,,,2026-04-08 19:12:39,2026-04-08 19:12:39
a6725a97-336d-4c65-9611-313138763ba9,b9f325f7-a411-4a9b-815f-2a1114f121e8,,,,,,,,,,2026-04-08 19:12:39,2026-04-08 19:12:39
7f22700d-b456-46aa-aab3-6e206777228c,f972c1fa-df77-4dfa-a12f-852db41b151b,,,,,,,,,,2026-04-08 19:12:39,2026-04-08 19:12:39
b9947bd7-2bbd-4d75-8ef4-66a5137c947c,a50c051e-00d4-40d5-80fc-acafad618301,,,,,,,,,,2026-04-08 19:12:39,2026-04-08 19:12:39
7ff9ac0d-93a7-4768-a7dc-a91fc4e30d1c,f35f9205-3445-46fc-93a7-70754bbb831e,,,,,,,,,,2026-04-08 19:12:39,2026-04-08 19:12:39
c5f57004-1d71-47d4-b983-64949a3e794b,b6928231-2f7d-4312-a104-6c4f4072639b,,,,,,,,,,2026-04-08 19:12:39,2026-04-08 19:12:39
e66a6c51-231e-45fa-af26-957e54cceabd,068db058-9b57-4f92-a6e8-3b8040ff294d,,,,,,,,,,2026-04-08 19:12:39,2026-04-08 19:12:39
926d9b10-45d4-4588-a4c7-57a950dd1b4a,ba807709-b813-4de7-b718-ab7b0632caa0,,,,,,,,,,2026-04-08 19:12:39,2026-04-08 19:12:39
5f624620-ec00-4880-9412-a88231967f2b,b89c4430-fb8d-4b2a-8682-bcb3995c63b3,,,,,,,,,,2026-04-08 19:12:39,2026-04-08 19:12:39
eed18e9e-09a9-4631-9c60-52ba363afa42,5dddf3b9-e2f4-4ac9-9ba3-7d9876518fd1,,,,,,,,,,2026-04-08 19:12:39,2026-04-08 19:12:39
683aa74f-f19a-4e99-88e9-9c9c0f7cca92,077d3a73-f642-4552-a99c-0f7ea7527d91,,,,,,,,,,2026-04-08 19:12:39,2026-04-08 19:12:39
02e99d09-ba0e-4c1e-b596-769cd3131faa,8a1ff7c2-68de-46c0-95af-2d35883eb196,,,,,,,,,,2026-04-08 19:12:39,2026-04-08 19:12:39
f39cea97-a2ee-4170-be45-189d3f512ff3,160623fb-ddfa-4509-ac87-d68e8fbedb69,,,,,,,,,,2026-04-08 19:12:39,2026-04-08 19:12:39
a76f900a-8c28-4bfd-bfa0-cec86a31e871,f40db21d-f1e2-4e76-a492-7e39faa748b0,,,,,,,,,,2026-04-08 19:12:39,2026-04-08 19:12:39
97f19927-77a4-4944-b342-08e985eb2642,700738d3-0a9e-4552-aa3d-7bccf57d3cee,,,,,,,,,,2026-04-08 19:12:39,2026-04-08 19:12:39
55997c67-fd1b-493f-9699-9c2d8b9beb20,44ddf9cd-a3f4-471e-b998-a16a0c6c68fe,,,,,,,,,,2026-04-08 19:12:39,2026-04-08 19:12:39
304b9601-3960-4df7-adea-0884ba3a93d0,fe014b94-3e36-4d7a-b8dc-40a9609646b7,,,,,,,,,,2026-04-08 19:12:39,2026-04-08 19:12:39
ead132b9-93d9-4d08-a8ae-062e5d5753e0,042a2855-069f-468e-a8fe-9fa9da0a2fbe,,,,,,,,,,2026-04-08 19:12:39,2026-04-08 19:12:39
473911e1-4d4e-4136-b9aa-19e6016390ca,acc8868a-11f0-436d-8fb3-be31dd039824,,,,,,,,,,2026-04-08 19:12:39,2026-04-08 19:12:39
3a4bdd43-4aa3-4a4a-8b4f-979fe538ad45,b05d00c5-b8cc-40a6-af42-7aea157e6900,,,,,,,,,,2026-04-08 19:12:39,2026-04-08 19:12:39
18eb18d0-1eb7-4045-af96-8223cac52af6,e0876123-c161-41f6-8884-58faf275c69f,,,,,,,,,,2026-04-08 19:12:39,2026-04-08 19:12:39
e2e2b850-9f90-448c-9ac2-bc43d6827635,9ec8ca99-4c65-40cc-9c95-a2bbe3ced478,,,,,,,,,,2026-04-08 19:12:39,2026-04-08 19:12:39
0671b81a-a1a4-4dbe-b81d-9eb14b988f8d,1b8e6d6d-113f-4e77-957f-01e3bd52578f,,,,,,,,,,2026-04-08 19:12:39,2026-04-08 19:12:39
6c9fb223-674b-4277-bb89-b2479b52772a,9e086037-cefe-425f-a357-1d6690f12dea,,,,,,,,,,2026-04-08 19:12:39,2026-04-08 19:12:39
ee491944-90be-4238-be21-186c4600ce1f,b63fae1a-caa4-4f9a-9604-52d7cff8c9bd,,,,,,,,,,2026-04-08 19:12:39,2026-04-08 19:12:39
4296c271-0c9b-48c8-bb13-e373eebb42d3,f4cec09d-2547-49fa-ba46-b389675c429d,,,,,,,,,,2026-04-08 19:12:39,2026-04-08 19:12:39
5eef866e-70bc-415e-a97b-fb86b347e979,ded5e446-f2c4-47aa-bd29-91730a7739bf,,,,,,,,,,2026-04-08 19:12:39,2026-04-08 19:12:39
03f286d5-33f2-47ba-a63c-7d22e242fd55,a6902c41-259d-4c02-890c-9d26dbf44def,,,,,,,,,,2026-04-08 19:12:39,2026-04-08 19:12:39
84edfac5-2d60-404a-86cd-82e9ac7a1a9c,b7d63878-614a-4693-8c99-7e3d0fbe19c0,,,,,,,,,,2026-04-08 19:12:39,2026-04-08 19:12:39
f565c76d-6460-44c4-9c42-87645f28d296,3d73bf80-6457-439e-8cd4-5430ae98b975,,,,,,,,,,2026-04-08 19:12:39,2026-04-08 19:12:39
fe7d1a20-4623-4656-9a23-126037d0000c,5cf59a22-393b-4156-a2b7-16c15eeaa7bf,,,,,,,,,,2026-04-08 19:12:39,2026-04-08 19:12:39
afa536d0-9321-44dc-80ff-6a1b986984b6,4bc6f019-460b-4f53-a1ee-e195d6c6d2ba,,,,,,,,,,2026-04-08 19:12:39,2026-04-08 19:12:39
045b800c-8b11-486a-a4e7-44786c277015,2f924aab-43e7-45fe-93d6-2eb1c6193ab7,,,,,,,,,,2026-04-08 19:12:39,2026-04-08 19:12:39
7056e36e-68a0-47bd-950f-b2a217a98ca8,250f66f9-35dd-44b5-8f9a-c1be3e798460,,,,,,,,,,2026-04-08 19:12:39,2026-04-08 19:12:39
eff417d8-d558-4303-94d7-61bc2b556f30,9b8f1b41-8380-4e75-9886-2b2c38aa6397,,,,,,,,,,2026-04-08 19:12:39,2026-04-08 19:12:39
328121ca-039e-489f-9736-254112d9d5f2,e9f40097-07b0-4914-9bac-82666fe10813,,,,,,,,,,2026-04-08 19:12:39,2026-04-08 19:12:39
6b567adf-8e6f-4146-91a1-1c7624633739,ad81ddd4-c599-4d34-bbb9-58130ba44c4e,,,,,,,,,,2026-04-08 19:12:39,2026-04-08 19:12:39
c2a89cc7-0dda-4f52-9cc3-18a65527ee59,7f387838-b43c-4b61-845f-b2265fb3687b,,,,,,,,,,2026-04-08 19:12:39,2026-04-08 19:12:39
2031d066-9c00-4a8a-bcce-59947bf7783f,01a72b31-72fd-4f4b-8510-4316ff2decaf,,,,,,,,,,2026-04-08 19:12:39,2026-04-08 19:12:39
9fed28f5-90ad-4aa8-9214-dfcc4ee6d658,7ac0098a-aefc-448d-be62-36d3714e9fa7,,,,,,,,,,2026-04-08 19:12:39,2026-04-08 19:12:39
53388b10-4de6-4021-acc4-fe6418098473,18a3d7a8-0ded-414d-8ab5-bed4626a4bd1,,,,,,,,,,2026-04-08 19:12:39,2026-04-08 19:12:39
4ade7743-fb5d-4cbd-a7ca-494484447a5b,e1f6f025-556d-4820-82dc-063bf63e0121,,,,,,,,,,2026-04-08 19:12:39,2026-04-08 19:12:39
65e94790-5d56-47eb-af3e-16dca6aea037,6e99e9de-a3e8-4b5b-b490-5eca725bb890,,,,,,,,,,2026-04-08 19:12:39,2026-04-08 19:12:39
99588e09-3964-4164-b258-3d9ab5c2a23f,a326f9a4-1e09-4af4-88d1-8e437ecc4ab0,,,,,,,,,,2026-04-08 19:12:39,2026-04-08 19:12:39
ea5f0e44-d1bd-48ed-8c2e-7a38a6eb43ca,36e2d828-121e-420a-8965-b03adc307e7c,,,,,,,,,,2026-04-08 19:12:39,2026-04-08 19:12:39
d8eecbba-c63a-4433-9d24-66b7e11d1b84,6b0c4895-46c1-4338-a308-67d457cd2c27,,,,,,,,,,2026-04-08 19:12:39,2026-04-08 19:12:39
0594c89d-4f89-495a-8125-22909ba75bb7,77eb3c30-4f86-455d-953c-556e71e3b5e6,,,,,,,,,,2026-04-08 19:12:39,2026-04-08 19:12:39
7ac9e60a-a303-4220-ac32-06b2c6580be2,9baa2265-151c-4a03-bd67-c354c2955958,,,,,,,,,,2026-04-08 19:12:39,2026-04-08 19:12:39
f0fe77da-8d1b-4826-9210-9d83bd0aec94,25edcefb-3ec6-4291-8de2-802223ddb0df,,,,,,,,,,2026-04-08 19:12:39,2026-04-08 19:12:39
991c48f8-0a74-4e2e-a0dc-f648257a4070,b27e88d8-b00b-4753-9841-45c4a40c93a7,,,,,,,,,,2026-04-08 19:12:39,2026-04-08 19:12:39
a32cf9e8-81c7-4b4b-ae88-e000fd0b8dc7,e6ae8cfd-5609-405d-84d0-eb2cd7dfb602,,,,,,,,,,2026-04-08 19:12:39,2026-04-08 19:12:39
da34db68-1e5b-4699-9c33-f68c76e4d36a,da08f848-e342-4296-9b01-88e9fd6f60c8,,,,,,,,,,2026-04-08 19:12:39,2026-04-08 19:12:39
bef4e3f6-f040-40ac-bb8d-2c7b9e837346,24c57300-df31-4c78-866b-92fd3d34cc89,,,,,,,,,,2026-04-08 19:12:39,2026-04-08 19:12:39
ecbb4782-ecf9-416b-a0a0-25ca7e6ba7a6,06641609-8d1f-4941-b037-5ed26c8445ef,,,,,,,,,,2026-04-08 19:12:39,2026-04-08 19:12:39
4538aca9-de6a-468f-b56e-094c56eebb05,56e2a6fd-0ffd-4bc1-8215-017d0f6552e2,,,,,,,,,,2026-04-08 19:12:39,2026-04-08 19:12:39
6bdb68c0-6e84-4c56-80bc-7dd4f5cb2b84,189df847-5c96-474b-95a6-157306476b4d,,,,,,,,,,2026-04-08 19:12:39,2026-04-08 19:12:39
089aef24-deed-4f32-8ccb-31eedbe94a8d,b0e1c1b0-2b80-496a-a4e9-887f327e006d,,,,,,,,,,2026-04-08 19:12:39,2026-04-08 19:12:39
00563f9a-8402-457e-ad44-64d6f3ff8a48,32047847-ba3f-491e-88c4-c991c5daacdc,,,,,,,,,,2026-04-08 19:12:39,2026-04-08 19:12:39
eee5a980-55aa-453f-9ec0-86bcbdadde5a,2e674620-124c-48a6-8ed4-66ce3d32f744,,,,,,,,,,2026-04-08 19:12:39,2026-04-08 19:12:39
d91f1e8c-01bd-4297-bad5-60e07222c29c,b1ef131b-bcab-476d-970c-a59289f935ef,,,,,,,,,,2026-04-08 19:12:39,2026-04-08 19:12:39
f496587a-3b84-4104-9d0f-d30cc4ebf4f7,b90e3faf-77d4-441d-88a2-67a9f4a9d03a,,,,,,,,,,2026-04-08 19:12:39,2026-04-08 19:12:39
30ad9fdb-c279-4bc9-942b-a93d16431ac1,66324a4a-68b1-4a0c-9f9e-0268a53f724a,,,,,,,,,,2026-04-08 19:12:39,2026-04-08 19:12:39
abfef5ca-037c-4ce3-abc5-c1727cd6673c,838261cd-1151-4d22-b47f-917c600c6a9f,,,,,,,,,,2026-04-08 19:12:39,2026-04-08 19:12:39
2ebb1861-178d-45a3-8c32-a5397ee18ac0,7cd5a7a0-a2b8-4ac4-a744-d726c09bb2f2,,,,,,,,,,2026-04-08 19:12:39,2026-04-08 19:12:39
ca9e3355-af0b-42b5-af97-785811e50cbc,9f92ca7d-3106-4cd3-af1b-83475cc000f4,,,,,,,,,,2026-04-08 19:12:39,2026-04-08 19:12:39
13ae7dfa-fea1-42d4-b4a8-d69b8a45e978,924a000c-fe70-41bd-87c2-52b88cdd93bc,,,,,,,,,,2026-04-08 19:12:39,2026-04-08 19:12:39
acb3dc69-70d2-496d-b892-a6805ccdf104,c7ec582c-9725-4ecd-8978-9753f2481d69,,,,,,,,,,2026-04-08 19:12:39,2026-04-08 19:12:39
693b652b-605f-4616-92b1-10ff11b891bb,b9384c60-a7ef-436b-acb6-8bd3838bc60e,,,,,,,,,,2026-04-08 19:12:39,2026-04-08 19:12:39
0f66f811-1ba5-4a86-a54d-b12d7b551b9f,3ba35f12-ac66-4960-8ce6-88fbba3534a7,,,,,,,,,,2026-04-08 19:12:39,2026-04-08 19:12:39
5f89b661-a167-459b-99a7-5fe98b4a9f2e,e6624378-4692-46ec-9109-73be35ac872d,,,,,,,,,,2026-04-08 19:12:39,2026-04-08 19:12:39
f74b6cb3-7912-451c-abda-6156cd5efdf8,4d85b217-18e1-4a50-8056-bfb8e07658da,,,,,,,,,,2026-04-08 19:12:39,2026-04-08 19:12:39
c59e7a88-764c-43c3-92ae-b0e5cb10ced4,3e0192de-3758-492d-a303-21e94554e8b2,,,,,,,,,,2026-04-08 19:12:39,2026-04-08 19:12:39
875583c6-0945-44d7-8b6c-98685940bc10,2a08f1d2-7cf6-4828-8e4c-c87e4a7f5065,,,,,,,,,,2026-04-08 19:12:39,2026-04-08 19:12:39
8c4821bb-e68c-46f7-9834-1c7da9fd8d2f,2fb23263-7912-4e25-95fa-6e731e792183,,,,,,,,,,2026-04-08 19:12:39,2026-04-08 19:12:39
60f0107e-9e58-4ec6-a6e4-7054c95c4c4f,78f92764-be1d-4eec-8a7d-eaa8fb4e1733,,,,,,,,,,2026-04-08 19:12:39,2026-04-08 19:12:39
947a2333-fdc8-4859-929c-3ae3a20b8ff6,e563a68e-5a9d-47da-887f-986daf7d8d20,,,,,,,,,,2026-04-08 19:12:39,2026-04-08 19:12:39
8a16a990-b40c-4bc2-90ad-7d0749e8966a,d0fdb033-801b-4ae2-8097-10c1021aff96,,,,,,,,,,2026-04-08 19:12:39,2026-04-08 19:12:39
ecb13b92-33bc-4139-9ad8-58da17ebbb15,1b8c3826-ce49-4807-b967-b7ca4e81f2e0,,,,,,,,,,2026-04-08 19:12:39,2026-04-08 19:12:39
1410a4fc-74c3-4e06-887b-1f791f7d6df1,58edfc0a-63e1-411c-bac0-7f157fb165da,,,,,,,,,,2026-04-08 19:12:39,2026-04-08 19:12:39
2f3ad9ed-72a7-4bb9-9f72-136ab299629b,10c97c82-1b55-4e96-b72b-a6a6c0478864,,,,,,,,,,2026-04-08 19:12:39,2026-04-08 19:12:39
1ae99da2-868e-4a18-82b2-b04c2a9f556f,a70a8b5b-6da2-49ad-87c6-08dd6fa5b76f,,,,,,,,,,2026-04-08 19:12:39,2026-04-08 19:12:39
83a9bb68-dba6-4d85-9cc1-a9e993539073,409eb261-d477-4627-a2ef-0aaa69ea5f4c,,,,,,,,,,2026-04-08 19:12:39,2026-04-08 19:12:39
17a05f37-7e5f-46ba-a4c3-4c185920dda6,82f8495d-2b15-4fb0-ba3d-481bb33eef2c,,,,,,,,,,2026-04-08 19:12:39,2026-04-08 19:12:39
7ddaaa26-d49f-423b-b555-193a9a69337e,5e26a2f7-46e4-45ee-b74a-99adc60cf62f,,,,,,,,,,2026-04-08 19:12:39,2026-04-08 19:12:39
80d79bcf-c3f7-4d10-b548-69f0f3e557d3,f6ae6d61-0d16-4be8-a132-5a7cc2e34bb8,,,,,,,,,,2026-04-08 19:12:39,2026-04-08 19:12:39
3072b65e-25a0-4850-86c0-dd384257e316,dc4fded0-7ced-4568-809c-0e9b214ea771,,,,,,,,,,2026-04-08 19:12:39,2026-04-08 19:12:39
542abc9d-5efd-4f47-86cf-959d64cd3c38,281d6596-487c-40cb-b1e6-7b75817e2dd6,,,,,,,,,,2026-04-08 19:12:39,2026-04-08 19:12:39
5c3921c5-954e-4e72-ab0c-a6e3ac4c7f61,5a81ef5b-bbf7-4f82-82c5-f4afe94adfd9,,,,,,,,,,2026-04-08 19:12:39,2026-04-08 19:12:39
8b7ec47f-4f4f-4f35-b709-84e44716e51a,f1b3d902-3616-4702-855e-d9b961c10cab,,,,,,,,,,2026-04-08 19:12:39,2026-04-08 19:12:39
7d4b2417-4182-42c5-a4f2-2356a8f9e865,8df69cdd-2574-4f8d-a786-e16d9612e34d,,,,,,,,,,2026-04-08 19:12:39,2026-04-08 19:12:39
46969cb8-29e8-434a-9017-68b19bde1380,1ec1c717-a08f-4a2c-9c1d-4258c80a42eb,,,,,,,,,,2026-04-08 19:12:39,2026-04-08 19:12:39
3c506794-e737-4bdb-9147-545e4330ead3,4bcfa857-b242-41a7-a67f-38879772b395,,,,,,,,,,2026-04-08 19:12:39,2026-04-08 19:12:39
6fd64756-a358-4b0c-b374-2cb78e8227e2,d45394e6-ef00-4927-a611-db808e09f64a,,,,,,,,,,2026-04-08 19:12:39,2026-04-08 19:12:39
300efcb5-2a6a-4464-99c0-b607db6fcf08,d606ac04-95ec-469a-8fce-1bc8aa070951,,,,,,,,,,2026-04-08 19:12:39,2026-04-08 19:12:39
d303cb8e-442b-4bcd-adec-1fd5a11fc268,f536a6f7-a39a-426d-8e0e-10a067b859b9,,,,,,,,,,2026-04-08 19:12:39,2026-04-08 19:12:39
f93201c4-9ce7-4737-b3bd-54f7d2e7d999,77e459d0-0690-4a80-afc6-86265f45f51e,,,,,,,,,,2026-04-08 19:12:39,2026-04-08 19:12:39
7e43ce65-369c-4bff-8b11-80d537504055,77783dec-3180-4d0f-a20d-d4c7f5b04832,,,,,,,,,,2026-04-08 19:12:39,2026-04-08 19:12:39
4136c202-62bc-4373-bafa-c533f2ccdf1a,467feecc-efae-44fa-bd8c-f63656861b07,,,,,,,,,,2026-04-08 19:12:39,2026-04-08 19:12:39
fedce113-cf28-4bd9-8e9c-ce25eb84ed6c,892deab2-2df3-4670-934b-dab9b16c7b8b,,,,,,,,,,2026-04-08 19:12:39,2026-04-08 19:12:39
13f5125e-c0ef-4a39-afa7-85f211464cea,c5f1a4c2-1e09-4c96-a420-bf09f6a0c503,,,,,,,,,,2026-04-08 19:12:39,2026-04-08 19:12:39
de54c37e-eb15-4b9f-88ba-1146c64efc06,58c158cd-4f87-4139-b1de-256940ae0308,,,,,,,,,,2026-04-08 19:12:39,2026-04-08 19:12:39
56b461ee-6bdf-4ddd-b967-8389d0631530,e7db9645-fbfb-4a9b-969c-6ffc85300761,,,,,,,,,,2026-04-08 19:12:39,2026-04-08 19:12:39
57bd58a2-6ce7-452b-a021-f129526f747e,3d10c021-e813-4c02-923d-333adc836188,,,,,,,,,,2026-04-08 19:12:39,2026-04-08 19:12:39
91bf7d88-17af-4439-9c43-14e5dcfc673c,97c8b98e-a26d-49c3-8a51-4ffa43077a53,,,,,,,,,,2026-04-08 19:12:39,2026-04-08 19:12:39
9e111e2f-7023-440d-9d3a-60178ce9407c,e0e87c08-ef81-48f2-81ea-628a50037ea6,,,,,,,,,,2026-04-08 19:12:39,2026-04-08 19:12:39
dbf323f3-b9ba-4d24-a9a6-a738b8886956,84196b02-243d-4d01-9dac-a48c3a038ae7,,,,,,,,,,2026-04-08 19:12:39,2026-04-08 19:12:39
e14115d6-b0fc-41d1-aa40-1d73acfd1d2c,444ba78a-80de-41b3-be3c-af8b7e606160,,,,,,,,,,2026-04-08 19:12:39,2026-04-08 19:12:39
bc8e9029-7ada-4c06-987b-774f6b22ec46,61b25946-074b-45ca-9423-1818f099fb2d,,,,,,,,,,2026-04-08 19:12:39,2026-04-08 19:12:39
e9fe6e5a-01ce-498e-b066-097c905110d3,210d63e7-5247-4030-9110-6f9f51e9e505,,,,,,,,,,2026-04-08 19:12:39,2026-04-08 19:12:39
37e5fc6a-52ed-4061-b1fa-2237b0d6b8e2,809da34b-95f5-4ff0-8784-5ed6625db24c,,,,,,,,,,2026-04-08 19:12:39,2026-04-08 19:12:39
8d96fd30-8603-4d8c-95cf-7e7a4cd3c99d,9317be9f-53b5-4b12-ba41-a3df2308a4ef,,,,,,,,,,2026-04-08 19:12:39,2026-04-08 19:12:39
d9599c1f-dba6-4b12-b2c7-afa993d138dd,332f7cf4-72fa-435b-92e3-1c223c59fdf9,,,,,,,,,,2026-04-08 19:12:39,2026-04-08 19:12:39
e3fbff5e-29f2-4e89-aeb7-0e1d7445c73c,19b0bd50-e8dc-4c7d-b4db-b18fda0ac22e,,,,,,,,,,2026-04-08 19:12:39,2026-04-08 19:12:39
b124ea15-01e0-40a1-9504-487552ae37bf,ee845faa-8b52-4363-bc0b-30ea5ff5fbf5,,,,,,,,,,2026-04-08 19:12:39,2026-04-08 19:12:39
cfe85edd-3855-4c0d-a5b1-781b536ef57d,f3833f32-fc8d-4ee9-ac05-7a04c5c06c52,,,,,,,,,,2026-04-08 19:12:39,2026-04-08 19:12:39
2202d838-f0e0-49eb-ac36-9727bce253ad,0fa5f493-d64c-4a8e-9cab-e3d628b135ce,,,,,,,,,,2026-04-08 19:12:39,2026-04-08 19:12:39
4835fcd1-65b3-4b5b-8ee3-f30d94c80054,12e776c6-ee80-4c1a-8d30-020603c47614,,,,,,,,,,2026-04-08 19:12:39,2026-04-08 19:12:39
8d87954b-a83a-4176-86ab-7f4ace86cf3e,9bf37622-e59c-4760-8635-33ac941ed453,,,,,,,,,,2026-04-08 19:12:39,2026-04-08 19:12:39
9b986e09-cf2b-4020-a716-0a8fb8cc3944,e3933e0f-40bf-4f1c-ba14-6808e2fd2af7,,,,,,,,,,2026-04-08 19:12:39,2026-04-08 19:12:39
35e5d667-d361-4d9c-b693-a3a23e605370,2f3ec754-b9c2-4421-8ea0-2cd9d55bb57c,,,,,,,,,,2026-04-08 19:12:39,2026-04-08 19:12:39
24e45d0c-e73c-48aa-a5f0-0ddfd7e59aef,ed46ea93-2a25-4066-8471-7c67c67eab60,,,,,,,,,,2026-04-08 19:12:39,2026-04-08 19:12:39
b1a2d6d5-125c-4bb7-b205-b9d4afbcf3d4,fa8a92c1-0be8-4b1c-8457-aa690123386f,,,,,,,,,,2026-04-08 19:12:39,2026-04-08 19:12:39
87cf8099-d069-4571-ae18-f46bdbb0cdab,6e81fac4-ac6f-4964-b18b-50c516c30615,,,,,,,,,,2026-04-08 19:12:39,2026-04-08 19:12:39
fa4c7446-af0f-42f1-afc5-b095ed33b752,72555933-3b76-4ad3-bcf5-4ea806655e19,,,,,,,,,,2026-04-08 19:12:39,2026-04-08 19:12:39
b5fc4fd1-3966-4361-8108-4a1335febca3,f2d01da9-1eb6-40bf-abe5-884dd6a4b490,,,,,,,,,,2026-04-08 19:12:39,2026-04-08 19:12:39
830a1e9c-50bd-467b-b9f4-277c26122ff6,e8d75551-b5ab-42da-a421-2ffd21919ce7,,,,,,,,,,2026-04-08 19:12:39,2026-04-08 19:12:39
20fa40e1-70e8-47b2-a2d9-ff37690638d3,cb2c70d3-9162-4edd-a5bf-c14837dc133e,,,,,,,,,,2026-04-08 19:12:39,2026-04-08 19:12:39
59f5cd4a-6888-4e7c-8e47-e15784e4ae72,28a2aa35-ceeb-4fbc-a1d4-12ceacbf1d10,,,,,,,,,,2026-04-08 19:12:39,2026-04-08 19:12:39
37d0e9e9-1411-43b0-ac84-95e9ca8dd193,2dd75aab-eb64-4000-80e7-badc42e1e87c,,,,,,,,,,2026-04-08 19:12:39,2026-04-08 19:12:39
78f1013e-2ed4-4e48-ba11-9a2032b0e111,09ba138b-ffb3-4dfa-b746-0f41d40bc4e6,,,,,,,,,,2026-04-08 19:12:39,2026-04-08 19:12:39
d155ed43-427d-48b6-8cd3-2349e16e4f75,c2d91b52-034b-49b9-b905-693c3165e5ec,,,,,,,,,,2026-04-08 19:12:39,2026-04-08 19:12:39
a6fb1e60-b621-45a0-98f6-912d5d0515ed,fb659c48-d538-4863-9a7e-ba6d126b02c8,,,,,,,,,,2026-04-08 19:12:39,2026-04-08 19:12:39
ab528301-471e-461e-8f68-14aae70de083,d838816a-83aa-4c1c-a4ee-510f3fb53ae3,,,,,,,,,,2026-04-08 19:12:39,2026-04-08 19:12:39
78943d3b-bb95-4144-92ba-853f01f7e142,599c516d-81b2-4582-8448-d4c1f3bd6277,,,,,,,,,,2026-04-08 19:12:39,2026-04-08 19:12:39
7ff00361-abc5-49de-adc5-f2863c3edfcb,3e613ff2-228f-4f34-aad7-c3debe844166,,,,,,,,,,2026-04-08 19:12:39,2026-04-08 19:12:39
26311008-cc65-4233-abaa-2598d1539899,08852d4d-981c-44b8-bb54-8b540d859140,,,,,,,,,,2026-04-08 19:12:39,2026-04-08 19:12:39
6792db65-f834-4b2f-a947-0ddda1115776,17711e0f-91f1-4e32-b827-6b7db13df927,,,,,,,,,,2026-04-08 19:12:39,2026-04-08 19:12:39
ec803501-044f-4e63-8026-40feb891e1a2,57bb483c-68bb-4275-8657-a894bc3beff4,,,,,,,,,,2026-04-08 19:12:39,2026-04-08 19:12:39
75b0306c-ece3-421a-8e24-c416e6bcc2ab,c3c057a6-9ca4-478b-bc2a-c50abec17094,,,,,,,,,,2026-04-08 19:12:39,2026-04-08 19:12:39
f784566b-2d72-4b34-8796-339d8f082ceb,89246480-75d4-4c5e-8df0-fd8a8fc54c74,,,,,,,,,,2026-04-08 19:12:39,2026-04-08 19:12:39
a88180a5-b0a9-44d8-8b4b-7ee73020ee9b,0477ef0e-8f4f-43d4-942f-281aa0919cbe,,,,,,,,,,2026-04-08 19:12:39,2026-04-08 19:12:39
19545881-4e1c-4656-bd20-07bf190ced99,348ac824-d296-4c99-9b4a-655ab1a115b5,,,,,,,,,,2026-04-08 19:12:39,2026-04-08 19:12:39
e9027b15-faf2-4b40-ac64-57efac3d8c14,a1c5a0c5-b832-46d4-983f-f0bcaabb606a,,,,,,,,,,2026-04-08 19:12:39,2026-04-08 19:12:39
c56990c9-e3cb-49e7-9295-d94d45d96910,1f49b55c-a12d-4dc6-833e-bb26df2c57c4,,,,,,,,,,2026-04-08 19:12:39,2026-04-08 19:12:39
1b67e9c1-8302-440b-8981-1f9f176191de,9b7f8fe8-0ad8-43bd-a567-b363f1cedca7,,,,,,,,,,2026-04-08 19:12:39,2026-04-08 19:12:39
00ef3fdf-11e9-465a-aaa6-9ca848309fe8,19893165-8e50-43b9-9d33-16a486c987c6,,,,,,,,,,2026-04-08 19:12:39,2026-04-08 19:12:39
a7c6261b-adf8-427a-87a3-983ee8b53ea1,c29160cb-64aa-4ea3-8154-3ec56586ae4b,,,,,,,,,,2026-04-08 19:12:39,2026-04-08 19:12:39
2686f958-7176-4b86-843b-2271dfe731c2,f825ada0-f526-4707-b48c-b1667d89d6df,,,,,,,,,,2026-04-08 19:12:39,2026-04-08 19:12:39
6c7bc48d-5aa1-4f65-8a86-7ddd715506a0,fc23f926-6846-47ec-b5aa-076a339f5bdc,,,,,,,,,,2026-04-08 19:12:39,2026-04-08 19:12:39
f838dde6-bc3d-4864-a37f-2a9c89155d24,68b8afe5-7bc9-4ce4-bde3-8ba9b50f60a3,,,,,,,,,,2026-04-08 19:12:39,2026-04-08 19:12:39
385ba200-413b-4413-b922-abe20609160b,aaa9c8ee-434d-4720-b1f1-136f181acb01,,,,,,,,,,2026-04-08 19:12:39,2026-04-08 19:12:39
db8705e4-e4d8-4dd9-926c-649296cbb0bd,1752b46d-3ca0-49f5-bb87-2a20caec03d8,,,,,,,,,,2026-04-08 19:12:39,2026-04-08 19:12:39
f41c182e-73df-4e75-b795-92dd15454589,1ba006ac-3aa6-48e0-b881-b1fff1b3d38d,,,,,,,,,,2026-04-08 19:12:39,2026-04-08 19:12:39
72f4b5a6-94f3-4ab7-be45-44e11e77dbc6,3e5098d9-89d9-4bf2-9ac8-9d202e9e0255,,,,,,,,,,2026-04-08 19:12:39,2026-04-08 19:12:39
75233e39-06d3-4a63-b582-46ba92a2e356,fb8fc840-214b-4664-8153-fced838f804b,,,,,,,,,,2026-04-08 19:12:39,2026-04-08 19:12:39
eaf7a483-6f73-4d62-b705-039a0271a6d0,fd04f023-cff0-47a7-978b-8e75a9f7a2a2,,,,,,,,,,2026-04-08 19:12:39,2026-04-08 19:12:39
c42224d6-991b-4407-a2af-998681796d43,b5fae857-14b4-4aad-9d05-5b488428777e,,,,,,,,,,2026-04-08 19:12:39,2026-04-08 19:12:39
2f78ee57-bee3-4e76-9901-9b99851aaaa7,255ef205-498d-4770-a845-c9e06ff20186,,,,,,,,,,2026-04-08 19:12:39,2026-04-08 19:12:39
04d09deb-6ed2-4fb7-aeeb-f00f0578ad23,a6f8b3fd-dfb8-4876-b135-d278efb6f1f3,,,,,,,,,,2026-04-08 19:12:39,2026-04-08 19:12:39
50744ac0-32c2-4040-a8ea-0c024ababd7b,28352a48-a948-4a0e-bf2c-da3f6b4a0b55,,,,,,,,,,2026-04-08 19:12:39,2026-04-08 19:12:39
8926c9db-d5e6-489b-813f-b552214879f0,e07a504e-14ee-47b4-948e-a4eac52c262f,,,,,,,,,,2026-04-08 19:12:39,2026-04-08 19:12:39
a57c5696-3b4a-4d73-8036-37fa6ca4b599,c4b3a8b2-5058-4cfb-925d-88ec95ffd834,,,,,,,,,,2026-04-08 19:12:39,2026-04-08 19:12:39
62372721-c6bf-49c4-a155-145476f9fabc,7c806aa1-be04-475f-bdac-ce68d996a38f,,,,,,,,,,2026-04-08 19:12:39,2026-04-08 19:12:39
86720cdc-e421-4951-95ae-8b15e7d509c5,dc685106-c76a-43b2-8814-ddcad924d2a3,,,,,,,,,,2026-04-08 19:12:39,2026-04-08 19:12:39
76a0a14d-3127-4a44-ba2c-d8779524f2a2,c53b244b-bd5b-469a-aef8-82186efc5989,,,,,,,,,,2026-04-08 19:12:39,2026-04-08 19:12:39
8cc46ae2-168d-4780-9e87-50daa6f39e36,848a2b5b-4768-48c4-834b-36abf351f26f,,,,,,,,,,2026-04-08 19:12:39,2026-04-08 19:12:39
e53406a8-3e69-4cf0-803d-04c9ea10c7ae,eb7135a4-99e2-4475-ba88-ef1866ddd5d7,,,,,,,,,,2026-04-08 19:12:39,2026-04-08 19:12:39
88790782-7e36-4b72-93ec-be369b7aada7,c831b445-7049-447f-a707-e90c80aa8f0b,,,,,,,,,,2026-04-08 19:12:39,2026-04-08 19:12:39
e2b5383c-3da4-4694-aac7-16b35985fd21,3444da02-3477-4daf-a390-67d2d5620cf7,,,,,,,,,,2026-04-08 19:12:39,2026-04-08 19:12:39
4daa7462-32c8-4bad-bed3-e941b45a0054,5d4b78a4-9190-408b-9f89-3218c6ab1ef2,,,,,,,,,,2026-04-08 19:12:39,2026-04-08 19:12:39
fe8b236c-b1a8-4fe7-a821-5867773d4d62,df15ab03-7a49-4c40-afe0-8daf44d15a62,,,,,,,,,,2026-04-08 19:12:39,2026-04-08 19:12:39
bcd6eb89-0529-4ee2-84bc-f92224457936,1b0e5fbe-4640-4a9d-879c-72cc1c9aa4a0,,,,,,,,,,2026-04-08 19:12:39,2026-04-08 19:12:39
28ebf632-9d31-4278-a272-429b3a8c56f5,d8532fc5-48d7-4fb5-ba8f-5d53cfa0d3ae,,,,,,,,,,2026-04-08 19:12:39,2026-04-08 19:12:39
3ca035f6-5662-426f-a968-a693f2fae801,1680b497-dd60-440e-a8c8-a7e4ab68545c,,,,,,,,,,2026-04-08 19:12:39,2026-04-08 19:12:39
4503f894-87bf-4dbe-b03b-92a35fb55b90,9cffba2f-44b8-4b28-8571-47172ea9a198,,,,,,,,,,2026-04-08 19:12:39,2026-04-08 19:12:39
cde6d93e-fec1-408c-9edf-80193688e7f8,1304086e-f88f-40be-8d2b-4ae7b103d67e,,,,,,,,,,2026-04-08 19:12:39,2026-04-08 19:12:39
f405b589-c6be-4c37-936a-9db1744072c9,00a15d04-543c-474e-8a72-2478aa8da279,,,,,,,,,,2026-04-08 19:12:39,2026-04-08 19:12:39
19d31373-7242-437b-8ad7-8b454c278d3e,1a625c4b-3c69-4474-bf5a-157916c79b29,,,,,,,,,,2026-04-08 19:12:39,2026-04-08 19:12:39
d7b29c9b-041c-4606-b74e-3b19aaf63bfd,49f6affd-baf6-4627-af9b-8013880bdc42,,,,,,,,,,2026-04-08 19:12:39,2026-04-08 19:12:39
08df7ab0-adc3-46ec-be2a-ffb297dab199,859fa1e2-246c-4479-9743-68db1ae44794,,,,,,,,,,2026-04-08 19:12:39,2026-04-08 19:12:39
fd2ca4b7-c6aa-4555-a7a7-6d2237441f91,52b1540b-d098-4eac-9191-54e03dbf6d7d,,,,,,,,,,2026-04-08 19:12:39,2026-04-08 19:12:39
e07cf05c-354c-4508-8f73-fcec148165f7,57c7c802-b87f-4d3b-9970-7aced5e4b9ef,,,,,,,,,,2026-04-08 19:12:39,2026-04-08 19:12:39
0d9a098d-eb01-47d7-a6f7-4185be582aec,55535d31-096c-43f2-b6a1-cb814b62af2d,,,,,,,,,,2026-04-08 19:12:39,2026-04-08 19:12:39
59efae27-422f-4e25-a303-41135b4df033,2c69320a-a686-4fcf-a618-9fd595f0cac8,,,,,,,,,,2026-04-08 19:12:39,2026-04-08 19:12:39
e9eef18d-80a2-4802-a2b3-1a1f312212ad,4d31d3ff-3ed8-4910-897a-dd602ad8ccbe,,,,,,,,,,2026-04-08 19:12:39,2026-04-08 19:12:39
c02b7d98-b0fa-40e3-a483-bb44dcbcb113,1dd34dc1-1e74-4a4a-919d-28b297809af9,,,,,,,,,,2026-04-08 19:12:39,2026-04-08 19:12:39
76742ae7-25b1-4c0f-9775-51d45f047404,c5795cb5-b992-4247-a0e9-445a2bdcf8d5,,,,,,,,,,2026-04-08 19:12:39,2026-04-08 19:12:39
dd79bba4-4681-4213-897f-f615bf60f983,95c5e851-bc50-4fdb-973c-b51313621c15,,,,,,,,,,2026-04-08 19:12:39,2026-04-08 19:12:39
500c6523-87fe-48c6-b7a1-67e566c60757,f6a17497-2dc2-4617-975f-9d1bd157c51d,,,,,,,,,,2026-04-08 19:12:39,2026-04-08 19:12:39
6341a59c-a90f-4600-a968-6142ed6cc505,c1ff38f5-1ed5-48ad-95a1-fd45936c7a72,,,,,,,,,,2026-04-08 19:12:39,2026-04-08 19:12:39
927a4050-32c3-445e-896d-593030a839c0,875c1907-adbe-41ba-80d9-61c69ac37baf,,,,,,,,,,2026-04-08 19:12:39,2026-04-08 19:12:39
a3692cbd-8749-476a-bfbb-f02262383997,fa6f791e-f7fe-458e-a88e-e6338b8672f9,,,,,,,,,,2026-04-08 19:12:39,2026-04-08 19:12:39
93daaa03-2adb-4404-9e0a-2d4bae88ece3,5a1dc645-113a-4aab-8c40-b070d3532492,,,,,,,,,,2026-04-08 19:12:39,2026-04-08 19:12:39
c8b84b0c-27ed-4ca9-830d-16079b5c8d7d,92a960b4-c10c-430b-b446-8ce4a261a6cb,,,,,,,,,,2026-04-08 19:12:39,2026-04-08 19:12:39
1448c883-29ae-4589-843b-6043045a2fcf,4812b1a7-e708-4ec5-9bfe-8ce84e76b4ea,,,,,,,,,,2026-04-08 19:12:39,2026-04-08 19:12:39
70b1c070-c93a-4e99-af8a-10368b06c296,3db26850-4072-4200-a4d1-5fd4631fd866,,,,,,,,,,2026-04-08 19:12:39,2026-04-08 19:12:39
8a1e1221-cf3b-41bb-b605-4f7314208b80,c91b243a-7012-4992-9d73-7b002c10a173,,,,,,,,,,2026-04-08 19:12:39,2026-04-08 19:12:39
7a6e5c0c-da23-4bf7-82e7-68243c039a27,b4087a16-bfa3-402e-b931-2307e55fd95f,,,,,,,,,,2026-04-08 19:12:39,2026-04-08 19:12:39
c07ecf38-f9ea-4fbd-90cf-671de3469b85,f102f818-0f5b-4d15-b691-2cd73a366e02,,,,,,,,,,2026-04-08 19:12:39,2026-04-08 19:12:39
e178d0d0-2f36-440c-ab29-afaf5492100f,85f946bc-7810-42eb-bd6a-435977a86c95,,,,,,,,,,2026-04-08 19:12:39,2026-04-08 19:12:39
dfca19a3-1a5e-4919-9ae8-c8fe56e7cd65,881ee067-a0fd-412a-b276-1bd24b7775c5,,,,,,,,,,2026-04-08 19:12:39,2026-04-08 19:12:39
d9e3872e-9485-4ba9-87ec-55c3ba8b3bac,059b071e-862b-496c-9bb2-abaeac1e88d0,,,,,,,,,,2026-04-08 19:12:39,2026-04-08 19:12:39
134b28c5-63f3-44a7-b7db-60592e2b7e0d,5c68f7ba-3aeb-42df-ada2-7cdeefffacd3,,,,,,,,,,2026-04-08 19:12:39,2026-04-08 19:12:39
330c7fd6-3ba9-41bc-b700-20b375913ee9,911443a9-303e-4426-90b6-7da80d9af9bc,,,,,,,,,,2026-04-08 19:12:39,2026-04-08 19:12:39
a775c93f-fd20-4092-a042-2df00a7a9817,b1b7e99b-4665-45c7-abf5-c0c69214ebcc,,,,,,,,,,2026-04-08 19:12:39,2026-04-08 19:12:39
ced3d8c3-569f-4eae-a7d1-453360f5d308,b32e0c70-fda7-4571-9e43-fca169e84bbe,,,,,,,,,,2026-04-08 19:12:39,2026-04-08 19:12:39
34833139-556e-4c83-8e27-7c1783b7cf57,161754d0-4251-4efd-a7e2-0d0e96c4fd36,,,,,,,,,,2026-04-08 19:12:39,2026-04-08 19:12:39
ab822783-2540-45f1-af4f-5c14a47bf800,26368137-e4b6-44b1-8524-864985dd1c00,,,,,,,,,,2026-04-08 19:12:39,2026-04-08 19:12:39
62faa3e4-930e-48e8-a0dc-adda3371a1c9,111c85e3-9df3-4a04-b3c8-40cc4c8f2eb1,,,,,,,,,,2026-04-08 19:12:39,2026-04-08 19:12:39
91742cee-9e93-4863-a9e0-571d92e9d7fd,fe36ef4f-7ee8-46aa-b89c-b3c9b7f3982a,,,,,,,,,,2026-04-08 19:12:39,2026-04-08 19:12:39
40e219ce-7dce-44b5-8bf4-db28cf2b8e4a,c363e89c-5600-4d18-a69e-82def6231b38,,,,,,,,,,2026-04-08 19:12:39,2026-04-08 19:12:39
87ee46ed-d5d4-45a3-9627-6d0b93976022,b65ce8ee-0aed-4adf-928c-f051096986f6,,,,,,,,,,2026-04-08 19:12:39,2026-04-08 19:12:39
37daa8a4-01fd-47b5-a3f2-7fafbbf26ee7,6d3c1888-06af-42cb-8f6d-bd51a2fc9ac8,,,,,,,,,,2026-04-08 19:12:39,2026-04-08 19:12:39
95386029-c516-4a0f-97d9-1139f2801734,d8e8dfe7-f2c1-4f15-adb7-ff48ea44f3d0,,,,,,,,,,2026-04-08 19:12:39,2026-04-08 19:12:39
98ec3fa5-3d90-4917-a242-6326a0a347f7,6347c074-8a81-419e-bb5a-16b6d0496823,,,,,,,,,,2026-04-08 19:12:39,2026-04-08 19:12:39
6eb452e7-3016-4095-8470-9004955a05e8,fbea76eb-7d0e-47de-9fa0-882b849fa833,,,,,,,,,,2026-04-08 19:12:39,2026-04-08 19:12:39
06b94a5c-abdb-4556-a760-59599aae9d66,6bb127d0-0d68-405e-8ab2-a54c46d8cd41,,,,,,,,,,2026-04-08 19:12:39,2026-04-08 19:12:39
e6150753-c8cd-4f99-adca-48719bf22927,070b7c45-7cfb-4705-829f-d651a25a9478,,,,,,,,,,2026-04-08 19:12:39,2026-04-08 19:12:39
985b354f-ee19-428b-b20f-ccce0ce8781a,00aa0a73-c430-43d5-8d30-c60a92d498e1,,,,,,,,,,2026-04-08 19:12:39,2026-04-08 19:12:39
9dd68ce2-e872-4b0c-8174-1aed9618f0ce,19358bc3-94dd-4584-8f93-6c784b5c4c56,,,,,,,,,,2026-04-08 19:12:39,2026-04-08 19:12:39
2c6f23b5-b2ae-4f9d-acb5-2cc90107eda9,8ebbce63-0dcd-41ff-ab3a-1860f4fe2eed,,,,,,,,,,2026-04-08 19:12:39,2026-04-08 19:12:39
a77c59e5-6aa8-498a-827e-c25874d4ff08,6a3cdf00-6328-4046-acf8-abc0e2062e85,,,,,,,,,,2026-04-08 19:12:39,2026-04-08 19:12:39
abbd73e1-4bcd-4e49-9c2e-539b326a592a,01a222de-3b83-404c-ab30-3fbc4ef2637f,,,,,,,,,,2026-04-08 19:12:39,2026-04-08 19:12:39
91a304ad-c425-40cd-9c8b-29d3c14a3dd0,12d498a2-dde7-47ee-9fd6-4bc3a7111e6a,,,,,,,,,,2026-04-08 19:12:39,2026-04-08 19:12:39
388b45ba-7aec-43f2-9ef3-bbcf40cd7b0d,4e2f05d2-f864-4d3e-812d-01e497ad3e2e,,,,,,,,,,2026-04-08 19:12:39,2026-04-08 19:12:39
a5dbffef-a637-45ca-a913-7c6bae36d09c,e74c2162-331d-48e7-94fd-f6a03d1aeb06,,,,,,,,,,2026-04-08 19:12:39,2026-04-08 19:12:39
db024eb6-de8c-4336-a8ae-d9488a56aefe,9c9938f8-ab98-4336-b8ba-777daefaa633,,,,,,,,,,2026-04-08 19:12:39,2026-04-08 19:12:39
e2489503-3e13-49e1-ac78-190ec5000989,526bd50d-16fe-4817-925c-251876212a9f,,,,,,,,,,2026-04-08 19:12:39,2026-04-08 19:12:39
2a64437f-d4ec-4026-b41e-35b3755decc9,2c8058b9-32dc-4f1e-8e72-8633ebef914e,,,,,,,,,,2026-04-08 19:12:39,2026-04-08 19:12:39
e44fd7e7-457d-4413-a729-21e2a3188536,b7fb16e0-8977-418d-a701-58fa584ea9e8,,,,,,,,,,2026-04-08 19:12:39,2026-04-08 19:12:39
32875c47-65d9-4689-bf89-489a56e7082a,d483ea25-8806-48e7-ac60-4d43a5b51da3,,,,,,,,,,2026-04-08 19:12:39,2026-04-08 19:12:39
ed7c1924-c5c8-4fc0-bdc2-54441a178722,c602bd98-b2e8-488c-aa0f-2d003ddfdb11,,,,,,,,,,2026-04-08 19:12:39,2026-04-08 19:12:39
fd4e259b-259e-4481-a2ff-a43787b6d327,16278a3d-2de2-42d0-a714-3807ed1f4271,,,,,,,,,,2026-04-08 19:12:39,2026-04-08 19:12:39
a693131e-c997-4258-8870-048bd8f2fa29,c358ce63-c231-4fb1-8e0c-65feab4fee8b,,,,,,,,,,2026-04-08 19:12:39,2026-04-08 19:12:39
bc01e016-7290-493f-a8b3-c5fdf054e660,cd4f03b3-6be4-4905-a706-2c990cb28b15,,,,,,,,,,2026-04-08 19:12:39,2026-04-08 19:12:39
7ea9b72b-5241-4962-9490-fab828257632,017dc866-be63-4b08-bf88-13599fcb9a45,,,,,,,,,,2026-04-08 19:12:39,2026-04-08 19:12:39
ead3ee80-e419-4385-8356-145db11050c1,6d462917-013a-4a4a-bbf4-081e3aeabaee,,,,,,,,,,2026-04-08 19:12:39,2026-04-08 19:12:39
5124c1e4-b441-4a82-813e-468a8b0b3557,25b6f56f-3827-4a02-bab4-6949387f2986,,,,,,,,,,2026-04-08 19:12:39,2026-04-08 19:12:39
6bc1fefe-15f7-4d40-afe1-7b6b67af6b3b,9c40ad04-7b89-45b0-abbd-bd8353b1bca0,,,,,,,,,,2026-04-08 19:12:39,2026-04-08 19:12:39
47f3dc04-730d-4583-a260-b972e6e86002,8cf02dc4-d6cf-4995-89ab-c066840403b2,,,,,,,,,,2026-04-08 19:12:39,2026-04-08 19:12:39
a9a62cf6-47b5-49fc-98f8-1e3774cfbe68,44f2a949-6d89-40e3-872e-378dbf6fb7db,,,,,,,,,,2026-04-08 19:12:39,2026-04-08 19:12:39
6c97e75e-6da3-43c7-9db1-dd8397dfa3ce,62b61893-cc1a-4150-bfbc-3b88b55b0452,,,,,,,,,,2026-04-08 19:12:39,2026-04-08 19:12:39
48b6409b-8488-4c2a-aa58-fd916cafaca4,4a278491-9904-4063-87c7-b07fec51bf84,,,,,,,,,,2026-04-08 19:12:39,2026-04-08 19:12:39
277ac398-d3ea-469c-9e46-8bd5bb82d3b5,0ad13837-36ec-4293-8015-0b52ed088dc7,,,,,,,,,,2026-04-08 19:12:39,2026-04-08 19:12:39
7f3a6fff-1078-4bfb-8de9-5e62f7eac8ad,77cbee4c-6e30-4aea-92c7-a549f048e5e3,,,,,,,,,,2026-04-08 19:12:39,2026-04-08 19:12:39
040da32e-3c64-4772-b0c7-a054ac4b5bd4,db2acef1-fe32-4e4a-8707-8d0a6f6e4e13,,,,,,,,,,2026-04-08 19:12:39,2026-04-08 19:12:39
06fc2f40-941b-4bc8-b255-1b6d7da2ef0d,34342e4e-a52d-40de-88dd-3b83f12d68f8,,,,,,,,,,2026-04-08 19:12:39,2026-04-08 19:12:39
d46a5a8f-d594-4a21-8143-9cd380409699,db4a8bc8-89c8-43eb-834b-dbf68ba63f49,,,,,,,,,,2026-04-08 19:12:39,2026-04-08 19:12:39
bd849aaf-89a3-4e8d-8eec-d4a84ecec5b7,5af793d5-eccc-4805-b038-c3c1803f40e3,,,,,,,,,,2026-04-08 19:12:39,2026-04-08 19:12:39
b0d04da1-bc89-496f-9ce9-3b07c1ef8e0b,d377b594-070a-4130-a451-c347daa9ebff,,,,,,,,,,2026-04-08 19:12:39,2026-04-08 19:12:39
c4294cdc-ba35-491e-94bd-440b229236fc,7ebb83eb-83c9-419f-88e1-6f5a19585142,,,,,,,,,,2026-04-08 19:12:39,2026-04-08 19:12:39
2e8d75b8-644a-424f-abea-4c8e155beaee,bd63df96-b521-44ac-aab6-4f9c1ea3abfb,,,,,,,,,,2026-04-08 19:12:39,2026-04-08 19:12:39
a4b155ba-caf3-4a0a-8c32-aa8ce7e4684d,051d88c6-1325-4268-8568-6410bc7c642a,,,,,,,,,,2026-04-08 19:12:39,2026-04-08 19:12:39
7fa8b38f-3c79-452e-89e4-d91395654dd3,3142498a-039e-46d5-9f5c-a2cd704a3035,,,,,,,,,,2026-04-08 19:12:39,2026-04-08 19:12:39
41536f93-8bd1-4ce1-9b08-3e00204cf002,bbe4882a-d19f-48b9-84b9-9c90b6f72dfe,,,,,,,,,,2026-04-08 19:12:39,2026-04-08 19:12:39
b4782b12-3447-4611-857a-ad14c40943fe,c8dec53c-451c-49ed-971b-93353be93666,,,,,,,,,,2026-04-08 19:12:39,2026-04-08 19:12:39
31f16e0f-44ee-4031-b372-64f4f515ccb7,b01fb27a-b309-439e-bbe3-1ee26047fda3,,,,,,,,,,2026-04-08 19:12:39,2026-04-08 19:12:39
c69c8faf-7713-4013-8ad6-b0cf8118ea84,880a9723-1f6a-42b3-be2d-2ed643c3c61e,,,,,,,,,,2026-04-08 19:12:39,2026-04-08 19:12:39
b9fe4a0c-4048-405a-89d2-c77b8f6df320,17f47bdf-9821-4dd5-8b83-f5e29e84cc84,,,,,,,,,,2026-04-08 19:12:39,2026-04-08 19:12:39
15969220-a0fc-4f68-a7ab-2809218ae073,7f0ebd86-002e-47ad-a00a-0914587e80bd,,,,,,,,,,2026-04-08 19:12:39,2026-04-08 19:12:39
15b2028e-8407-4906-9727-7b58d310ecd5,84d7cbe2-c11c-43f9-9355-8de2b7a75deb,,,,,,,,,,2026-04-08 19:12:39,2026-04-08 19:12:39
f4d87980-caab-40f8-b8fc-17fa14ba3cf1,80674ec6-1d07-43de-80e5-a77f94b794df,,,,,,,,,,2026-04-08 19:12:39,2026-04-08 19:12:39
8164db0d-8624-4e5d-842f-c6f7d70fd305,9f2d606d-534b-4c00-bfe0-46a88383d29f,,,,,,,,,,2026-04-08 19:12:39,2026-04-08 19:12:39
66658384-bc54-4f92-80df-55985e16e440,8cc088bb-e39b-40f2-a713-562631ef0779,,,,,,,,,,2026-04-08 19:12:39,2026-04-08 19:12:39
c5c51cfd-a716-4e23-9b45-d268ae0f306e,ca8758eb-31d5-4cc7-bbc7-98aba58dae4c,,,,,,,,,,2026-04-08 19:12:39,2026-04-08 19:12:39
ad1ce524-19d8-46ee-9f19-6602e092d3ea,7ef5d50e-bb96-41cf-ab35-2f351579627d,,,,,,,,,,2026-04-08 19:12:39,2026-04-08 19:12:39
f24a21c1-8393-4a2d-8e7c-742304bc296f,6be49ddd-f93a-40f5-8fb6-9390b93fb8b9,,,,,,,,,,2026-04-08 19:12:39,2026-04-08 19:12:39
595af105-3298-4f6a-9fb2-54e2799bb3eb,2dac2bdc-6819-4f25-908d-a28851f3951f,,,,,,,,,,2026-04-08 19:12:39,2026-04-08 19:12:39
cc493b57-2317-46f3-b21e-2f1f3610e07f,8147c5e4-1de4-4e02-b011-7cbdc0a39a3c,,,,,,,,,,2026-04-08 19:12:39,2026-04-08 19:12:39
69a4ba72-a408-4a5e-a3c1-86e41e753bad,7142e632-8995-4db8-9ffb-aa93a6d468b2,,,,,,,,,,2026-04-08 19:12:39,2026-04-08 19:12:39
d61c94fe-29ae-4ecd-91eb-b09809ff1b4b,e4a4caaf-5323-4ee2-8565-80278784b1ca,,,,,,,,,,2026-04-08 19:12:39,2026-04-08 19:12:39
4e0a40e5-12aa-43e4-8471-3f5cdb1b73f6,d5967a3d-654b-4330-b377-1fe4a1296c0d,,,,,,,,,,2026-04-08 19:12:39,2026-04-08 19:12:39
ae9e11ee-97d9-4327-8192-bcc119278503,5d2632fb-f3a6-45a2-9605-391fddef8f54,,,,,,,,,,2026-04-08 19:12:39,2026-04-08 19:12:39
d4004f50-8b4a-4872-8f32-3349780d0cf8,8a8b5502-240d-4508-80b0-9c70a58d7e24,,,,,,,,,,2026-04-08 19:12:39,2026-04-08 19:12:39
4ed4181c-6962-4369-b8e4-f9532bebd007,47956f8a-fa62-4886-8c35-fd35709a92eb,,,,,,,,,,2026-04-08 19:12:39,2026-04-08 19:12:39
a12b44d4-f3f9-4264-b679-54e360129a1a,81d400ba-34a9-4414-b5e7-4025e86bfc26,,,,,,,,,,2026-04-08 19:12:39,2026-04-08 19:12:39
dfc9109a-de14-4be8-bc98-4965c28382e8,974b1136-8ab1-4e1c-83c9-6bd24452fec5,,,,,,,,,,2026-04-08 19:12:39,2026-04-08 19:12:39
ae27e300-cb12-4249-b8b9-78ff0d403543,c244769a-fae4-4e57-bb91-a696cf5751f6,,,,,,,,,,2026-04-08 19:12:39,2026-04-08 19:12:39
c40807d7-ef3e-43ba-b826-5d0ac177a0a6,5a03a741-c9de-4cbd-85ab-d2767a164f1f,,,,,,,,,,2026-04-08 19:12:39,2026-04-08 19:12:39
5a2e95be-a8c6-4926-881f-cfc16eb3e279,7fb60fef-f7ef-454d-a7ce-589c1a9565b8,,,,,,,,,,2026-04-08 19:12:39,2026-04-08 19:12:39
bef23cc7-c2a0-4c8b-8d25-7a944176fbd0,b7137e7b-c8e9-48b6-9f43-b8582ae92191,,,,,,,,,,2026-04-08 19:12:39,2026-04-08 19:12:39
c59b6f4b-7d9c-4b54-a229-3cb2e613e166,cb81ff43-5d17-40de-99a3-e9fdc99ef485,,,,,,,,,,2026-04-08 19:12:39,2026-04-08 19:12:39
9048bad8-13bf-4692-b352-89756d084878,73a16695-6e20-4e69-8fd2-3445f1c67521,,,,,,,,,,2026-04-08 19:12:39,2026-04-08 19:12:39
56e7f3bc-6680-4dd6-8d5d-fddae5a8fab0,ce80786e-2286-457b-bab9-5e64d7703f7d,,,,,,,,,,2026-04-08 19:12:39,2026-04-08 19:12:39
22505ee4-d1a3-409c-8171-e4824e31e3b8,d43fa09d-7db7-4200-a2f3-ed9157de4b2e,,,,,,,,,,2026-04-08 19:12:39,2026-04-08 19:12:39
2ade459b-e5fe-416f-b316-9ceeeb3d218d,85007276-e780-41c0-a0de-633f609510e5,,,,,,,,,,2026-04-08 19:12:39,2026-04-08 19:12:39
21c625da-8a60-4d8d-ae45-5f92e3d68df1,dfdc69a5-7599-4ecb-9d7f-41818f5a9af6,,,,,,,,,,2026-04-08 19:12:39,2026-04-08 19:12:39
b5f28424-b896-426c-b516-2608d7dd2895,d6152e9e-1a3e-419f-be7d-39f3a5ed9cf1,,,,,,,,,,2026-04-08 19:12:39,2026-04-08 19:12:39
8ab26034-036c-4674-96a3-e805a556cf40,4ea87a72-818c-4d73-9630-01002443b65e,,,,,,,,,,2026-04-08 19:12:39,2026-04-08 19:12:39
584f9427-ade3-4596-9fcb-b3f3413b23a7,ccfd9182-0fb0-4eac-a492-4b7ea70bfa69,,,,,,,,,,2026-04-08 19:12:39,2026-04-08 19:12:39
dcd8b6a0-52f7-4d15-ab8a-3010761ae3c4,4bc17d31-66c9-418c-a4cc-a335db3ca6de,,,,,,,,,,2026-04-08 19:12:39,2026-04-08 19:12:39
e3784068-ab80-4091-8084-cbf7de98018b,2e311700-33a5-4aac-a464-accea5e42968,,,,,,,,,,2026-04-08 19:12:39,2026-04-08 19:12:39
7e686fa9-c4ee-4bd6-9637-8ae6b4348471,f1abfa89-f74e-4056-920e-4125f65e5c5c,,,,,,,,,,2026-04-08 19:12:39,2026-04-08 19:12:39
52a4477a-bd3d-4774-8581-5260738817e1,4e9e7e90-15db-4cfa-aed9-3a40b7f98aab,,,,,,,,,,2026-04-08 19:12:39,2026-04-08 19:12:39
651db5b5-c2b6-4d3e-a4f0-d1c388c2d6dc,c6f01a52-9f87-4334-8ff7-639bc539336e,,,,,,,,,,2026-04-08 19:12:39,2026-04-08 19:12:39
d9b549fd-2189-42dd-8dec-48eb53967c9a,409b349b-8198-4fb0-af8a-e1874381cc78,,,,,,,,,,2026-04-08 19:12:39,2026-04-08 19:12:39
5a8e8f02-b9f8-444a-8088-9cf35716ed14,f240d842-38f4-411c-b645-7ec30664b4ae,,,,,,,,,,2026-04-08 19:12:39,2026-04-08 19:12:39
1bd1c191-98f5-4045-b732-98e291ca49b9,86a780e8-cc03-4b34-a2c6-241fd9877170,,,,,,,,,,2026-04-08 19:12:39,2026-04-08 19:12:39
02d62a4d-0b2e-464c-890c-1e18e35f7cc7,e080c269-010a-4bde-867a-80bab8f9f357,,,,,,,,,,2026-04-08 19:12:39,2026-04-08 19:12:39
d5760e8e-0b0e-4c12-8b4b-7c01ce8d854d,c3fef5ee-7fac-4436-8db9-6fdab4c8b45b,,,,,,,,,,2026-04-08 19:12:39,2026-04-08 19:12:39
545e2b08-b1ab-4293-ae20-0a28795bbc68,06344570-6577-4381-bf70-6ca0d69e9918,,,,,,,,,,2026-04-08 19:12:39,2026-04-08 19:12:39
984d3661-ce36-4c1e-bf33-d664f87183bd,f3c47250-70c4-4d97-bb97-03c1027917d3,,,,,,,,,,2026-04-08 19:12:39,2026-04-08 19:12:39
e90b2373-49be-4f89-9059-f8545cfa7e25,9c68fe3f-d08b-4ba4-9269-42d2500720fc,,,,,,,,,,2026-04-08 19:12:39,2026-04-08 19:12:39
714b5ffb-6a2e-40c3-b32e-8c4cf76ac1a7,02d9f72a-c5e0-40ab-8eb0-284c44525976,,,,,,,,,,2026-04-08 19:12:39,2026-04-08 19:12:39
58d1ca3f-6104-4468-b26f-2f388a60168d,71000701-3de7-4174-8e53-af60473846f2,,,,,,,,,,2026-04-08 19:12:39,2026-04-08 19:12:39
1a7f6aeb-5abe-4fe4-8419-0c5805c8198a,2d079776-cd42-49b8-8619-016553048088,,,,,,,,,,2026-04-08 19:12:39,2026-04-08 19:12:39
ce1e841b-f608-4411-ac2d-c9dea91e6170,c46c22cb-6bb6-4e95-b2e8-b8c30400c0b0,,,,,,,,,,2026-04-08 19:12:39,2026-04-08 19:12:39
59075d9f-caa4-40c4-9223-bbfb350b1108,6dce8f4e-c0a2-42a9-9eb8-98a4ac57fda0,,,,,,,,,,2026-04-08 19:12:39,2026-04-08 19:12:39
95b4f539-60b4-4e1b-8cde-8bc38bde15cb,c4b28cae-0fdd-4c6d-8b52-119f7a5cae9c,,,,,,,,,,2026-04-08 19:12:39,2026-04-08 19:12:39
44ce2848-e96b-4f91-8eac-ac234a9d565a,25656236-1968-49da-a6d8-32ffdcc6888e,,,,,,,,,,2026-04-08 19:12:39,2026-04-08 19:12:39
b33eb932-f2cb-4e3d-8873-bf25044f107c,2724a193-9c3d-4c4b-ac49-2eca6a7b6fc4,,,,,,,,,,2026-04-08 19:12:39,2026-04-08 19:12:39
66454726-2f3d-42b6-851f-953cf9fe0ea6,3f10d379-f847-4ddf-baf9-271767d48599,,,,,,,,,,2026-04-08 19:12:39,2026-04-08 19:12:39
12dbb15b-e01d-46ff-93b2-c2493cf4edc4,94cd50f6-63f9-464e-8476-f6076e35850d,,,,,,,,,,2026-04-08 19:12:39,2026-04-08 19:12:39
59488014-e50e-4a00-a0ca-b9211c9488d2,abfd5dc4-c60b-4339-a3ea-b43286ab7678,,,,,,,,,,2026-04-08 19:12:39,2026-04-08 19:12:39
f7068fc9-d700-47d2-a62c-c11714e75b8e,8df52cfd-63bb-4fd6-8f61-6a994ea55cfe,,,,,,,,,,2026-04-08 19:12:39,2026-04-08 19:12:39
a5ca9eff-847c-4c8c-9864-9f6b9cdd334e,6a9e7f92-6b82-49b4-9749-e54dc370ae4e,,,,,,,,,,2026-04-08 19:12:39,2026-04-08 19:12:39
7ea0fe00-92c4-47a9-9474-60f503ce67cf,9c389b22-2883-44a8-a9ad-20a456d7ef06,,,,,,,,,,2026-04-08 19:12:39,2026-04-08 19:12:39
fe8bd931-610d-4e92-a2b9-a51d2e8d5bb3,d9da3ea1-997f-4b4c-a39b-fcf836feec85,,,,,,,,,,2026-04-08 19:12:39,2026-04-08 19:12:39
1f07f488-5fc5-4010-980e-cc97ba28716b,29eb7107-c506-42fe-a43e-2bd442f38418,,,,,,,,,,2026-04-08 19:12:39,2026-04-08 19:12:39
945b522b-2f16-4047-b4cd-5402e2dac960,58485e33-f7af-4fab-a98b-421f01ca4183,,,,,,,,,,2026-04-08 19:12:39,2026-04-08 19:12:39
79efea51-19ab-4c88-8b91-e09e131a1229,d3c500a4-284b-43a5-a422-8d8b8f138096,,,,,,,,,,2026-04-08 19:12:39,2026-04-08 19:12:39
23a3d466-2252-4f0a-bc1d-2f21ae307acd,0820b858-896a-4a9a-b403-e32120c4e28c,,,,,,,,,,2026-04-08 19:12:39,2026-04-08 19:12:39
235e3e67-ac28-4ae8-9652-b92516b354b8,ef06db34-7a6c-426e-b65d-973bc962dbe9,,,,,,,,,,2026-04-08 19:12:39,2026-04-08 19:12:39
f019027f-a2c7-437e-bb45-f67817019a68,9b99de95-4dac-4010-81d6-009c7951c50f,,,,,,,,,,2026-04-08 19:12:39,2026-04-08 19:12:39
422741b1-da47-419b-a259-7ac4ec677fd2,eb40aad3-cea7-419e-83bb-c7cc83e1d858,,,,,,,,,,2026-04-08 19:12:39,2026-04-08 19:12:39
