listing_id,total_outlets,parent_company,business_type,established_year,units_count,leader_name,leader_role
b38c39c0-b9f6-495f-b8be-a65b1c0b9221,,,,,,,
c8f6989c-d785-4cf7-b127-b7ba288a3314,15,Vivanta Resources Pvt Ltd,Private beverage retail franchisor & operator,2012.0,15.0,Ms. Vanitha Ramasamy and Ms. Kavitha Devaraju,Promoters / Founding Leaders
b297c5b9-82e3-4c3d-88fc-c509ae881207,37,Independent brand,Private franchise brand offering single-unit & master franchise opportunities,2022.0,37.0,Mr. Pankaj Bhoyar,Founder
6a8c08c9-ef66-48b0-a68e-e9e0b7b40fcc,30,Individual company,Cafe / Service-provider / Franchise-based Cafe chain,2003.0,30.0,Kapil Anil Kulkarni,Founder / Owner
afb4be0a-0173-4248-b0b9-9c7ba0e3ce8f,,Pick Me Foods and Beverages Private Limited,Franchise-based cafe / coffee-bar concept,2019.0,,Prashant Kulkarni and Vinaya Kulkarni,Directors
09378ed3-2aa4-4e45-bf5d-6a75d1bdb2f7,60,Allsilks Designers Private Limited,Private Limited Company,1971.0,60.0,Mrs. Pratibha Dudhoria,CEO
b781fa76-8eaf-4cf9-a15c-b6a1c3503554,20,AARK World Pvt. Ltd.,Private Limited Company,2015.0,20.0,"Aanchal Saini, Shreya Mishra, Pranay Ashok Surana, Tushar Saxena",Co-Founders / CEO
0e50ed02-6937-4c8d-aa31-b4202a5f77cd,,,Private Company,2010.0,,Qazi Khushnuma Khatoon,Founder
7e62e026-71a1-4b49-971d-e8bcd1cc4e54,,Giordano International Limited,Public Limited Company,1981.0,,Colin Melville Kennedy Currie,CEO
8a873fc8-8a68-461e-81f4-55d7f192f2b1,,N&P Singh Private Limited,Private Limited Company,2013.0,10.0,P. Gautam,Founder
fc244900-e4b1-4eec-8e70-eb778beac3a5,2,Enzed Global Private Limited,Private Limited Company,2023.0,,,
a6ae3e8e-b3da-4406-9a53-1f411523033b,42,Code Raft Solutions Pvt. Ltd.,Private Company,2014.0,,"Anupam Tulsyan, Aradhya Tulsyan",Co-Founders & CEO/Co-Founder
f610d893-650e-46e2-89a6-c50f59036275,70,Primafashion Global Private Limited,Private Limited Company,2022.0,,"Capt. Rahul Rajyaguru, Sandeep Chaudhary, Sukhraj Singh",Co-Founders & Director / Consulting Creative Director
1dac1aa2-22c2-41e9-a608-2ffb1cefdf84,40,Sunrise Bizcom Private Limited,Private Limited Company,2017.0,,,
1ee2cd39-dcf0-4e78-971d-967b8f1e2f12,16,Banana Club Clothing Private Limited (Manufacturing) / Banana Club In Vogue Private Limited (Retail),Private Limited Company,2021.0,,Neel Bafna,Founder & CEO
1c97dc61-7708-4958-8222-3fe8fa9275bc,50,SSIPL Group (Super Sports India Private Limited),Franchise - Retail Store,2005.0,50.0,,
9ab139e7-cf16-4085-9352-c51d74e61115,20,Independent,Franchise - Retail Store,2006.0,20.0,Paladugu Venkateshwar Rao,Founder
ac303bf7-2a32-471d-9be1-a1dbb2e915e7,350,Adidas AG,Franchise - Retail Store,2008.0,350.0,,
df361e73-da0e-4e50-992d-e95e57306357,5,Independent,Franchise - Service & Installation,2010.0,5.0,,
c8bbd1a5-9676-4a19-b8c4-1b2f22fe8148,41,CAP (Pathan Brothers),Franchise - Sports Academy,2015.0,41.0,"Irfan Pathan, Yusuf Pathan",Founders & Directors
88848236-153f-41d1-85cd-4a9001af249c,,,Franchise - Gym Chain,2020.0,,,
d96ac4e8-daa4-4d60-9a4d-f7dcb54412b7,,,Franchise - Premium Gym,2017.0,,,
d451263c-43df-4ba1-b652-cbac27ff7846,20,Earth Travels,"Franchise model in online travel services, service-based travel agency",2015.0,20.0,Nitin Singla and Sapna Garg,
a3d5f27f-978c-48e7-97cf-21e8aea6d359,2590,Easy Trip Planners Pvt. Ltd.,Franchise retail travel outlet model,2008.0,2590.0,Nishant Pitti,Director
780dabc4-787e-4001-9c4b-a07c9874ffab,100,MakeMyTrip India Pvt Ltd (publicly listed),Franchise,2008.0,100.0,Rajesh Magow,CEO/Co-founder
499ed48e-a3e7-480e-900b-f384cd1ec21f,20,Sohan Tours and Travels,Franchise,2009.0,2.0,Sohan Tours and Travels Team,
fc554f5b-c10b-4835-b81b-6eb90deb8862,105,Thomas Cook Group,Franchise,2001.0,50.0,Rohit Kapoor,Managing Director
ab2c97a4-15c8-4105-902b-e6b961445825,20,TVTRIPNSTAY HOLIDAYS PVT LTD,Multi-unit Franchise,2020.0,20.0,,
0fe579f2-a816-4116-a312-a340923dbfe6,20,,Multi-unit Franchise,2020.0,20.0,,
a0160a9a-fe08-485e-9592-67df5f2e6235,20,Southern Travels Pvt Ltd,Franchise,1970.0,20.0,,
ba736baa-47d2-4b53-8969-661dbce6e6a1,50,SMHL Group,"Franchise, Hotel Management",2019.0,50.0,,
f943babd-ea6a-444b-b645-315f491c40a6,50,Trip Factory Pvt Ltd,Franchise,2013.0,50.0,Amit Aggarwal,Co-founder & CEO
e277efc3-55a1-40a9-8fad-b3149ffe9d2f,10,,Private business / franchise-led car accessories chain,2010.0,10.0,Syed Shahid,Founder
347dcb07-5002-4376-b056-fc37fe48eac8,,SWANK AUTOCARE SOLUTIONS PRIVATE LIMITED,Private Limited Company,2024.0,,"Krishna Kumar Shukla, Ankit Kumar",Founders
4024b1c9-12fd-451e-8a5f-0a5025e55819,,Relux Group,Franchise & Owned Network - EV Charging Infrastructure,2009.0,,Dr. Karthikeyan Santharam,Managing Director & CEO
8be9d5c3-86aa-4cd5-be33-3b39dfd647fa,50,BLive (Arcis Group),Franchise / Managed EV Fleet Investment Model,2023.0,50.0,"Samarth Ulhas Kholkar, Sandeep Mukherjee","CEO & Co-Founder, COO & Co-Founder"
bb0d140f-d9e5-4b4a-8182-4376a439422f,,Hetvi Enterprise,Franchise - Service-based mechanized car wash,2004.0,15.0,Hetvi Enterprise Team,Promoters
d93c950c-ab6f-4a07-b92b-33b89adc419b,30,Simba Dickie Group,Private Limited Company,2007.0,30.0,Johnson Correya,Managing Director
243ecbfb-c97d-42f8-b56c-31ca4f742263,,Jangra Chemicals Private Limited,Manufacturer + Franchise/Distribution Network (B2B + B2C),2017.0,20.0,Hitesh Jangra,Co-Founder
5b707bb6-7325-4cd8-961e-8eff582d5328,,Motocruizer Technologies (I) Pvt. Ltd.,Tech-driven multi-brand bike rental platform (MaaS),2015.0,30.0,"Namit Jain, Shanky Munoth, Shobhit Saxena, Akashdeep Singal",Co-Founders
f796a38b-1d81-4e48-ad0c-4ebeb485b41d,180,AMO Mobility Solutions Pvt. Ltd.,Manufacturer + Dealership / Franchise Network,2018.0,180.0,Sushant Kumar,"Founder, Managing Director & CEO"
e909318a-6b26-4da4-a189-c7e5e01c2226,120,Doctor Garage brand group (Kayra Automobiles-linked entity),Service Franchise - Multi-brand Two-Wheeler Workshops,2014.0,120.0,Brijesh Patel,Founder & Director
ad81abe8-369b-42cc-b233-fa5e90258116,50,Reliance Retail Ventures Ltd,Division of Public Company - Youth Fashion (Gen Z),2023.0,50.0,Akhilesh Prasad,CEO
98ecc642-3342-4704-bc19-7da7d34461df,400,Redtape Limited (Mirza International),Public Limited Company - Footwear & Apparel,1996.0,400.0,Rashid Ahmed Mirza,Chairman
290bec96-ad40-46e1-ad88-33c3cf6536b9,75,The Carriall Co.,Private - Luggage & Travel Accessories,2017.0,75.0,Nilesh Ahire,Founder & CEO
0ce95acf-1221-45aa-ae6a-d496a33d1fa8,100,Canary Apparels Pvt. Ltd.,Private Limited Company - Men's Ready-to-wear,2007.0,100.0,Naveen Kishore,Director
3d7a177b-20bf-4b7d-a8a1-7c3514daa4a5,250,Specsmakers Opticians Pvt Ltd,Private Limited Company - Eyewear & Opticians,2007.0,250.0,Pratik Shah,CEO
2155ba74-85c2-4123-9485-75b3c9e07def,150,Sia Art Jewellery Private Limited,Private Limited Company - Fashion Jewellery,1995.0,150.0,Vaghjibhai Chheda,Founder
a61d62b8-582d-4179-9603-789f0ee2bece,100,Royal Classic Group (RCG),Private Limited Company - Premium Men's Casual Wear,1991.0,100.0,R. Gopalakrishnan,Chairman
7cbee3c6-e9d5-40f1-9be2-ac2fe5053add,50,Silver Leaf Clothing Co,Proprietorship - Men's Fashion Retail,1999.0,50.0,Chintan Kishore Bhatia,Proprietor
ca257ac6-7d5b-4292-a6e1-9d71b5c73ada,50,Chhabra Triple Five Fashions Pvt. Ltd.,Private Limited Company - Indian Ethnic Wear,1954.0,50.0,Jagdeep Chhabra,Director
80126705-23b0-47c5-bf0b-bcce2bb4b417,200,Liverpool Jeans Inc.,Private - Premium Denim,2012.0,200.0,Ron Perilman,CEO
ae70ee5e-ea25-47b0-9b80-aba3400b5cd3,10,ISSD (as standalone private entity),Vocational training and skill-development institute,2024.0,10.0,Not Disclosed,Founder / Management
f648ef1c-c7c1-4d7f-b04a-91bf04a6718d,200,"Kumon Institute of Education, Japan",Coaching and Franchise - Math and Reading Enrichment,1958.0,200.0,Regional Directors,Management
319210e7-b5f8-45c0-a3d0-9e384b46c5ca,10,MSM Global Education and M Square Media group,Franchise - Student recruitment centres and platform,2024.0,10.0,Sanjay Laul,Founder
58b4e1a8-1418-4da0-a57e-23d285891faf,10,Independent entity,Franchise and Online-Offline Digital Marketing Training,2016.0,10.0,IIM and IIT Alumni,Faculty and Mentors
b9e6ee77-95a5-4782-819e-2e9f0e39a9db,100,IBT Institute Pvt Ltd,Coaching centre and Franchise model,2008.0,100.0,Founders and Directors,Management
7484b19e-814d-4ca1-bfab-c1050e50b712,75,SpellBee International Pvt Ltd,Franchise and Associate License-based English learning,2009.0,75.0,Founder and Management,Management
e0d7a709-6146-4915-83d7-1906b24f9ce6,10,EPOWERX Learning Technologies Pvt Ltd,Franchise and Online Hybrid upskilling center,2018.0,10.0,Co-founders,Management
605dc402-64b7-4ba9-9069-e705f4746b7c,20,Apponix Technologies Pvt. Ltd.,Franchise and Classroom plus Online Training Center,2013.0,20.0,Founders and Management Team,Leadership
3f8fddd3-f75d-4d55-8622-c998930adc92,750,Brain Checker Pvt. Ltd.,Franchise and Branch-Based Counselling & Assessment Services,2012.0,750.0,Dr. Ashwin Raje & Keya Raje,Co-Founders
be9dc891-8287-4cbd-9093-b658cae87d07,200,Munchbox Frozen Foods Pvt. Ltd.,Private Limited Company,2017.0,200.0,"Arun Suvarna, Pranshul Yadav",Founders
20eb604e-6144-4ec8-9dfc-e504cfc576ea,32,Pabrai's (K.N. & Co.),Partnership Firm,2008.0,32.0,"Kunal Pabrai, Nishant Pabrai, Anuvrat Pabrai",Partners & Chief Mentor
945cd8b9-47c7-4093-b0ea-4531c6ced200,50,Global Franchise Architects India Pvt. Ltd.,Private Limited Company,2005.0,50.0,Global Franchise Architects Leadership Team,Brand Owner & Operator
23483a03-aa1e-4e9e-862e-23a723901474,6,Rakshit Enterprises,Private Limited / Proprietorship,1970.0,6.0,Rakshit Enterprises,Proprietor - Multi-generational family business
70628840-212f-4377-8b18-8aa145bc292a,13,Dairy Don,Private Limited / Proprietorship (Yeola Family),1981.0,13.0,Raju Yeola,Current Proprietor
6855aba8-d2c9-4cd6-aa86-bed08d0acfc8,50,Michael's Icecream Burger,Private Limited / Proprietorship (Sequeira Hospitality and Services),2017.0,50.0,Varun Michael Sequeira,Founder & Owner
9bb91606-f058-4164-bcaa-87892da94227,51,Hindustan Unilever Limited,Private Limited Company (Subsidiary of HUL),2004.0,51.0,HUL Management,Management Team
5f399d54-407c-4b4a-98c7-aef9ad1600c6,100,Cocoberry Restaurants & Distributors Pvt. Ltd.,Private Limited Company,2009.0,100.0,Laksh Yadav,CEO
489d88bf-1f8d-4de9-b7f1-a863268d3126,1500,Gujarat Cooperative Milk Marketing Federation (GCMMF),Franchise / Cooperative Retail Model,1973.0,1500.0,Shamalbhai B. Patel; Jayen Mehta,Chairman; MD
f1ce23fc-d9bd-4514-83be-543b30357cb1,300,GIANIS Ice Cream Pvt. Ltd.,Franchised Retail - Ice Cream Parlor,1956.0,300.0,"Giani Gurcharan Singh, Gurbachan Singh, Taranjeet Singh",Founder; Second Gen; Third Gen
4af9efb4-507c-4d83-bac1-bfcb915174a4,75,Movable Feast Foods Private Limited,Private Limited Company,2020.0,75.0,"Sangram Patil, Nilesh Pasalkar, Savan Oswal",Founders
38561e9f-265f-4bd5-9e6f-4d4c001fab1e,70,Midway Cafe (American origin),Private Limited Company,2009.0,70.0,Founders: Not specified,Not specified
fb0b305f-4c8f-43af-acc7-5619797e05a7,9,Standalone brand founded by CA Samrat Shree Maheshwari,Hindu Undivided Family,2022.0,9.0,CA Samrat Shree Maheshwari & Shweta Maheshwari,Founders
fbb1242f-32be-4c01-b085-b98486a13802,4,,,2017.0,4.0,Manan Sharma,CEO
bb624860-ff6d-416a-bd40-2458aeefed6c,15,Bask Associates Private Limited,Private Limited Company,2022.0,15.0,"Sampath Samudrala, Sanjuwar Devalapally, Beena Sanjuwar, Seshaphani Samudrala",Founders
12c8ab8c-e4fd-4910-8bce-ef630b9e6491,35,JUST DOGS SPALONS PVT LTD,Private Limited Company,2011.0,35.0,"Poorvi Anthony, Ashish Anthony",Founders
64afff51-8b14-4193-a750-6c03763a23b4,50,Homevista Decor and Furnishings Pvt. Ltd.,Private Limited Company,2014.0,50.0,,
3431dd32-d63e-4fce-8a7b-488a02dadf73,104,Medkart Pharmacy Private Limited,Private Limited Company,2014.0,104.0,Ankur Agarwal,Founder & Director
c6444da3-7bf0-44e7-a219-85d4e84bded4,275,BlueStone Jewellery and Lifestyle Limited,Public Limited Company,2011.0,275.0,Gaurav Singh Kushwaha,Founder & CEO
b702b30c-ea16-4a5b-8d78-13f8c41c51d3,50,Livspace Pte. Ltd. (Singapore) - India operating entity: Livspace India Private Limited,Private Limited Company,2014.0,50.0,Anuj Srivastava & Ramakant Sharma,Founders
7d07fbd9-d1a5-4820-8ff8-c1120ea6ff06,50,Duckback India Limited,Public Limited Company,2014.0,50.0,Professional Management Team,Operations
0b66ede6-6a9d-4dc1-a71e-d4ac5db22f6f,30,1 marche llp,Private Limited Company,2015.0,30.0,Ashish Raval,Founder
606a879b-da69-4f28-bb62-7d6928c5bfda,500,Paragon Polymer Product Private Limited,Private Limited Company,1974.0,500.0,"P.V. Abraham, K.U. Thomas & K.U. Scaria",Co-founders
51de79ee-7094-4b9e-8fd8-36c14770b17d,40,Wurfel Kuche,Private Limited Company (German parent),2015.0,40.0,Naveen NJ,Co-founder
1fac6fce-3ca3-41c6-a470-541370486496,50,Kirana King India,Private Limited Company,2014.0,50.0,,
7ead3192-9970-4ca4-9492-1e653cba5c40,40,,Private Limited Company,2016.0,40.0,Kethu Ramasubbareddy,Director
b369aafb-788d-48c2-a292-1227e246c5e2,50,,Private Company - E-commerce Venture,2020.0,50.0,,
4aafb50c-8cb6-4610-9232-89902077d0a3,50,,Private IT Services Company,2006.0,50.0,John GS,Founder
30a2d954-c1e6-4ca8-8b82-c27241094307,5000,,Private Technology & E-Commerce Company,2016.0,5000.0,Entrepreneurship-focused founding team,Tech-enabled operation
490c8da9-056b-42c8-953b-790ae0d96980,100,,Private Limited Company,2016.0,100.0,"Chanchal Rai, Manish Sanatkumar Upadhyay, Rajesh Sanatkumar Upadhyay",Directors
e75e0dd4-68dc-4253-ba10-c66dbc68af66,150,,Private Limited Company,2017.0,150.0,Venkat Manik Reddy,Director and Founder
3ab4cfd1-65bf-4466-b000-fa986136cf8a,100,,Private Limited Company,1956.0,100.0,"Sagnik Banik, Jaydev Chatterjee, Vipul Kansal",Managing Director / Co-owner / Group Head
52e386d0-16ce-48fa-91c9-75e6dc633959,50,,Private Limited Company,2016.0,50.0,"Jyoti Kumari, Vinita Kumari Das",Directors
1ae94dc8-64ad-42e0-9650-72d9fe7e83c5,70,,,2015.0,,,
b1966850-3f94-4893-8f7e-c6d27ee51461,140,,,2022.0,,,
3fdfc493-e614-4001-b564-8169665b6043,7,,,2024.0,,,
7c3e49a3-81b4-48ae-b744-c00b8dc05568,,,,2025.0,,,
58e2d28f-d82e-4377-ae5d-34600e0382a9,,,,,,,
9dfffdd4-1e58-4269-9d0e-cf773083ffaf,35,,,2022.0,,,
b6cb22e1-d94a-4a31-a69c-d7cebd7e2da1,,,,2025.0,,,
b5e867d7-e04d-4974-b1dc-1e8d7a45c77f,,,,2025.0,,,
5d6e645a-ca76-4ed6-9c3a-65688ee1dd02,7,,,2025.0,,,
9aaac6a3-893d-407f-bc56-2440ef3e5e74,7,,,2025.0,,,
6efcf26f-b96d-467f-b08d-40957a446d85,,,,2025.0,,,
5aec5231-9a13-4ec6-b378-d5964efadc4a,,,,,,,
f8b3e14e-2a1b-4ca1-a862-ff8ba9e173ca,,,,,,,
2181d9cf-6d6b-4078-acee-317b4cc66ce9,7,,,2024.0,,,
42b424ae-4fe6-499f-8da7-eba2f6369b6b,7,,,2022.0,,,
c6e5a3dd-2b86-49aa-b104-e0a6873c8d0a,,,,,,,
d38aabdb-219c-4f57-a903-7cc8b78a3158,140,,,2013.0,,,
8d1f2c2b-4dd4-4959-8ec7-375edd59f999,7,,,2024.0,,,
a7eebaa7-a429-4489-b0f0-1f29b069af63,7,,,2024.0,,,
496ce3e5-cf47-4bf4-8874-b4572a97def5,7,,,2025.0,,,
a42c35fe-e9bd-42b0-8787-966596a54f97,35,,,2008.0,,,
5d130317-45b7-4caa-aa92-b38fabf64bd8,7,,,2019.0,,,
757661f5-15bb-4634-87a2-e83e5e4ac1be,,,,,,,
46bdfbfd-5076-4275-808a-0654c0f16d64,7,,,2021.0,,,
13b02d85-0b21-41df-a42b-a3e69627c361,7,,,2020.0,,,
685e5824-24fc-4845-b14b-c910e3724267,,,,,,,
c7b53088-088e-47c7-880c-33fff141f5cc,,,,,,,
0c1a24dd-8ba8-49c0-9201-209dcec335ff,450,,,1986.0,,,
513980c6-0171-4aff-a7f3-b55f1a3e291d,7,,,,,,
9ed14b2b-c050-40f4-a1be-9a0681fc1fcf,7,,,2022.0,,,
306adbb9-1cd9-4b86-a202-0cdd8351a725,725,,,,,,
ac9a69a5-6742-4c61-a0fc-357ffaacb990,,,,,,,
dea2856c-266c-404b-ba9a-660bf0018d47,7,,,2022.0,,,
6e7e1589-f738-4d22-98b1-15f122e473ce,35,,,2016.0,,,
1984c3e0-e84b-4f1b-9983-778f9dfd90fc,7,,,2018.0,,,
fa32c4a3-f72f-4edc-85d4-51bde717a0a9,,,,,,,
add4ca64-cde4-4c81-8e58-d521d898372b,,,,2015.0,,,
a39cf9a7-18eb-40d7-a536-ac1a43690702,,,,,,,
9c4c8994-4d2e-45ee-98ff-0dc08f89f6dc,,,,2019.0,,,
11ec541c-8d14-4ee5-ba4c-dabf82387746,,,,,,,
e82dbdfb-34d6-4427-99f1-7334e55a59eb,,,,2020.0,,,
4a4b2be6-742f-4690-bdb4-7f307761ef4c,,,,2019.0,,,
b30cf2fe-a449-40e7-9afa-3ce7a29cf2ec,,,,2021.0,,,
7a48f43c-7ccb-480c-8b26-77c5994cb82e,7,,,2022.0,,,
6e313ad1-9e12-4d70-853a-944f567a0acb,,,,2018.0,,,
3cac3d1d-27d2-4009-8a0f-9cd03a389407,7,,,2021.0,,,
0646a3ac-eaf3-406e-ac72-d59fddb63b78,,,,,,,
c4c6e592-e9bc-4518-b791-482f31803ead,,,,,,,
b99cc638-61d0-49c1-ba47-9fbd822a1ccf,,,,2022.0,,,
91dd4711-5e07-4a7e-8a75-d8384fc158b9,,,,,,,
3b4bb16e-1882-4bbf-b79f-0ffd13491af4,,,,2015.0,,,
5e12d3d4-5738-4955-94e3-03608f6a6ab8,35,,,2018.0,,,
3ae8b196-9e9d-443e-b1e5-df65526686e3,,,,2018.0,,,
146c0b9a-7f1a-4349-acbb-9e635b67f0ed,140,,,2012.0,,,
668b8c49-6dd3-4e0d-ab5a-1ae6a0e1829d,,,,,,,
f3a87cae-1f95-490d-9dbc-8f0759a06895,140,,,2020.0,,,
58e082bd-8ad9-4ee9-92ca-be29f3892f4b,265,,,2005.0,,,
5ac44d91-d7c0-4ddb-ba5c-e152d8954bf7,7,,,2019.0,,,
be84dd74-61cb-46bf-b3a8-953d79be7933,7,,,2022.0,,,
a1396a46-d38e-4e0b-877e-7e0fd55be66a,,,,,,,
368e80d9-3ba0-46d2-9979-67cbdb69ce6f,35,,,1994.0,,,
0db4c3ee-7282-42aa-be41-21732c3658b6,140,,,2010.0,,,
3f29e1a8-d818-4cc7-ae35-d92c4bcfa357,35,,,2015.0,,,
a5e859b4-6b8c-4036-b87b-04a4cb2b0181,70,,,,,,
49b564d1-e211-41fb-901b-bc102d9bea80,7,,,2017.0,,,
f75aaa41-acce-4021-99a0-070a49650240,,,,,,,
e2d6be80-968a-41d6-985c-3d1526410c64,7,,,2020.0,,,
4412b726-961e-4fd1-8338-a5b8552490bc,7,,,2021.0,,,
ffc26e8a-e1ca-436f-86c0-8947b436fd79,,,,,,,
7e6708bc-282e-4db5-b896-947f0d407cb2,35,,,2017.0,,,
63e8fcdd-17af-4413-8cd1-39e2012795b1,,,,,,,
b92f6992-01e1-4a17-ae71-059cf3c0f4c5,,,,,,,
9cb52bae-6893-483a-9614-22be48d7030a,,,,,,,
06b6e3d7-2a69-4879-8453-d20a2e06ac72,70,,,1991.0,,,
4dba6b15-ff3f-4c41-8b51-0946518c35ab,,,,,,,
1aee7828-e8ca-4951-b955-3d272a66dbc4,7,,,2016.0,,,
641d1345-19c9-4711-89e0-b9bd5db58643,7,,,2020.0,,,
e22fba63-c32b-4be4-8707-c42476609842,140,,,2009.0,,,
9d3c202d-9381-4147-92a2-c889ecd68121,7,,,2019.0,,,
f73cf74b-e2d3-469e-959f-52fc1a245bce,,,,,,,
2ab72a84-be1d-4f96-bfc6-cbf4113c345d,,,,,,,
f90c3450-c059-4971-afde-fa199ffc1790,,,,,,,
8ffc9f7a-c3a4-404a-8794-b81f3fa7176d,35,,,,,,
2bded616-68d1-448d-ae54-1bcf470b058f,,,,2000.0,,,
61a026f1-84fe-4e23-981c-dc964514ca67,7,,,2019.0,,,
d39d234b-6ab8-4219-809e-d08dcb0e0f25,140,,,2019.0,,,
5e827729-112a-49f4-8575-eb8cfc74b271,70,,,2017.0,,,
72e6add9-4743-4221-8a37-504502dbca6b,35,,,2017.0,,,
8bda802f-25a5-4d3b-a073-e775b8254f4d,,,,,,,
ad2f745b-ddda-4165-b428-6274b3a3294c,70,,,2005.0,,,
26e419c5-022d-401b-81b0-e1c58f24aa39,7,,,2018.0,,,
ee22ea13-04d5-4669-b113-1ee8a1c679f7,140,,,,,,
dbe4e874-1e0a-44f1-9c88-23243a97f81d,,,,2021.0,,,
7b1471a1-c276-4f1c-9750-efa7cf61e6f1,,,,,,,
285a8087-2909-4baa-b959-149231119cea,265,,,2013.0,,,
7d4c71df-a292-4891-88e5-5beda4329583,,,,,,,
c1719752-43d5-4d87-bc55-62bed966380d,265,,,2010.0,,,
757c944a-c4f9-4134-9add-083e6a6d56fd,,,,,,,
4e56972b-761c-4f40-9a9f-7f636ecd4200,,,,,,,
da3d6166-4173-4a53-99bd-458944546172,,,,,,,
33e33b88-95cc-4c7c-86f6-bb90ba44b957,,,,2017.0,,,
22315914-73c8-4e93-bffa-3e10e9040df0,,,,,,,
f14dff5b-0538-465c-bc0c-d69cd2276f8e,265,,,2017.0,,,
75039b3b-5884-4db7-802a-1aaa9e74a3ec,7,,,2018.0,,,
6e8ec2e7-0bdf-4dcd-a470-1796fecfca0e,,,,,,,
a98ca601-52f4-442e-88f0-472b1708df1d,7,,,2020.0,,,
eeb9d325-2e52-4a03-94b8-9a670ad67ec2,,,,2019.0,,,
2341d0f7-22a2-42e5-9bff-ec9b7adfb974,,,,,,,
9972b15c-9e05-4cc9-b316-2f83608ae522,140,,,2019.0,,,
06150d99-d60c-4ac0-8c8f-85c06d1db882,7,,,2022.0,,,
076f9595-f226-4efe-addd-f5ed721a824d,,,,,,,
aed4ba4a-1cd7-40f2-a2f3-9e984cfa41a7,,,,2022.0,,,
775e0274-77e9-4ad4-8bfb-c06aa4769738,7,,,2020.0,,,
8f1e19a6-2f62-4caf-9650-4515099fd387,35,,,2021.0,,,
aa385e8a-8282-4a6b-ba9e-0f4687c5521b,7,,,2019.0,,,
6bedb6b8-7dce-47de-b44e-d8e064f19564,7,,,2017.0,,,
4de1a6a0-2773-413e-8c96-0f0b26d0c816,7,,,2019.0,,,
6f207baf-467a-4bc9-9d03-bde54065a98c,35,,,2010.0,,,
f499f3af-585e-42f3-8e89-14cdcc13fd6b,7,,,2020.0,,,
09b8df2f-b30f-498f-b8f6-92d468d6540b,,,,2019.0,,,
674336f4-d914-409b-a647-fb25d34bf997,7,,,2024.0,,,
e31242a1-2af2-4f86-9d6c-d03bf00a4344,,,,,,,
3c04ecc6-758e-4309-9772-ea49ae30fc60,70,,,2017.0,,,
82f31048-406f-4d7f-a046-99ec10729294,7,,,2023.0,,,
7e62eaf4-e82d-4412-8156-99b31f23d11a,,,,,,,
6e904355-935b-417a-afc4-1c1ee02f6c6e,140,,,1986.0,,,
fa9766ba-6af1-4fe6-9226-2e0127fed0dd,7,,,2022.0,,,
a2806baa-5276-4330-88f9-157074983c9e,,,,2025.0,,,
ca92bdd1-644b-4fc3-b09c-96bb1b3a73f8,265,,,1996.0,,,
4a8e40e2-1a1a-4772-91db-67b726796311,35,,,2006.0,,,
0998e044-04d4-450d-84a4-ee3c9202c54a,,,,2023.0,,,
2c933293-67d1-4607-942f-368e051b750f,,,,2025.0,,,
e99d0859-5f5c-44b7-ac06-667d0a2369b9,7,,,2024.0,,,
218c53f0-6e82-4f96-99ff-3c2eb52272e3,7,,,2023.0,,,
1e28de06-db80-4a2c-aaa8-030a7d216912,70,,,2022.0,,,
f343d665-d06c-4faa-8187-ad6e20892009,,,,2022.0,,,
4f2a1151-2589-40f8-af5b-e54701367688,7,,,2023.0,,,
5daa71f2-08a5-43cc-89e1-635c356945e4,,,,2023.0,,,
ba806bbb-f5c0-4134-ab42-4c8563b70467,,,,2025.0,,,
66e3a60e-b5dc-4f9c-b0df-26bd3798f3c6,7,,,2024.0,,,
4005711e-07a2-45cc-8977-01fb3982dfef,265,,,2017.0,,,
c589e3a2-f85f-4f10-b8e3-7046fa1cc8a7,140,,,2022.0,,,
a0a00897-4556-4e9f-b321-063241732b52,7,,,2023.0,,,
a6bad5c6-1430-47a0-a43d-c2476108cd24,7,,,2022.0,,,
9e2822ea-83fc-4841-9333-0250b98b5eb1,7,,,2022.0,,,
b062b012-f72d-44bb-ad21-d0a179942482,,,,2022.0,,,
d0ba7ddc-8dad-46b9-879f-1b41cf94484a,7,,,2019.0,,,
aa9824ad-16d7-4803-ab6c-5fb84749e960,,,,2024.0,,,
4d7c5f23-550b-4ec4-8bd9-e08d5c620d6d,7,,,2023.0,,,
4d6bbe5d-c539-4253-8e3d-f9d65f2d9cf8,,,,2021.0,,,
f4cbd01c-5086-423e-a1f6-435dcf73faee,,,,2023.0,,,
c5aeca23-f605-4353-9da3-4553879fe767,7,,,2018.0,,,
c9b0683f-b9b0-4990-b9a5-cc0aac1a7339,7,,,2023.0,,,
820ee065-bd1e-4f26-bfab-9921c1de5e27,7,,,2020.0,,,
601c379d-c035-4344-8031-fd154696ae58,7,,,2024.0,,,
98ead1d7-7791-4749-b637-de01bcbd79fc,,,,2025.0,,,
264da3ef-6936-4ac7-aedd-dca2124bfaf7,140,,,1995.0,,,
2420d57d-00d0-4bc8-83d3-b2630b0d89ce,7,,,2018.0,,,
55023b30-eb85-4665-b9de-42e3ddab86a5,7,,,2021.0,,,
2d447f80-94eb-4f41-be62-efca2c638f4a,,,,2025.0,,,
ef06aa17-c296-4e34-a384-11667b67f20e,7,,,2021.0,,,
2e99317e-e0e2-439e-baaa-a784c7cdab64,140,,,2016.0,,,
13404652-c573-42cc-8743-5681bd8a8e75,265,,,2006.0,,,
cd8b6b50-a004-4dca-a897-8355845accd9,7,,,2018.0,,,
5b2a4879-83f2-436a-a059-88ad61a67d8d,7,,,2018.0,,,
4769715b-b180-412d-b45e-e1c0d158ccb0,450,,,2025.0,,,
1535d502-0469-4daf-a1d8-160a9bfc25c7,7,,,2006.0,,,
800ad2a4-73cd-485e-bf95-2811be10c209,35,,,2022.0,,,
6da0ba7a-7efe-47d8-bb98-631999ec0ed8,,,,2020.0,,,
008ba9a0-3420-4c4f-b94b-e98ccfb92464,140,,,2022.0,,,
d22f48ae-d7d8-4a74-ac06-5288a1002b49,7,,,2014.0,,,
342e1393-9b22-4e47-902d-b1ffda543e2b,265,,,2008.0,,,
00b912c4-79de-48fc-b9ea-339afe2dc898,7,,,2024.0,,,
414fa8f9-2e34-476a-9214-30c75939ffd9,,,,2022.0,,,
9fefdd2b-67cf-4faf-8cf3-3595045d42b5,,,,2024.0,,,
625a2450-a4cc-4dd6-a70f-1700e69cebd9,7,,,2021.0,,,
9842fd12-0947-4aca-b1db-27fd59293d46,,,,2019.0,,,
330fae5f-bfe7-4d56-8b99-be93053b076b,140,,,2015.0,,,
5a16267a-c6bc-48d0-b614-591fe851f2b5,35,,,2015.0,,,
d4374ab7-d8cb-40c2-8b18-c303f7ac7180,,,,2023.0,,,
78eab194-5c79-41ce-a88e-e2c78a25da83,140,,,2023.0,,,
ddf3c380-a91b-442d-a8dc-c864a9531881,7,,,2023.0,,,
8a562cfa-8df8-4ede-b1b0-177474181def,140,,,2000.0,,,
3944e6f4-71a2-427f-9ee9-be9123b4c786,,,,2021.0,,,
893f2e52-6cf6-47d5-b5fe-6b7010a3584c,,,,2024.0,,,
34e45798-1a82-46a3-83f9-fd150db9bcc6,7,,,2024.0,,,
1d19375e-a663-4e80-9c08-e2ef1f81c4e1,35,,,2025.0,,,
694d4780-aba1-4cdd-97f9-b121ed7ddf5b,35,,,2021.0,,,
18754059-b1a2-4fe8-82e6-f03b0ab69e27,7,,,2022.0,,,
e865848c-9184-4d77-9bd7-d79c7f2ea048,,,,2024.0,,,
39cc140a-77e5-4be0-b048-fa76b5e1855f,,,,2021.0,,,
1c4932cd-f7cb-470c-9e7a-08490ea8b5fc,,,,2023.0,,,
9fb067d6-2c0b-4f3d-bfda-12def1739c65,,,,2022.0,,,
b7d417e3-d9a7-4353-b135-fb87ea2e6ba9,7,,,2025.0,,,
4d20c862-1540-4355-9d20-1ebac8013e9b,450,,,2019.0,,,
a4abc633-5db8-434e-af7d-f0736c5c64b4,140,,,2012.0,,,
c856bdc2-0ee2-4ead-9cf8-d21a9e1de6ab,,,,,,,
c1f34d4c-b778-404c-bb6e-f592a1010d35,,,,2022.0,,,
94f3cf5e-21a0-4e8e-bb8d-fc53ec0e8b05,7,,,2023.0,,,
a1b5ecef-aa15-47c8-8bb3-b82f668853f3,7,,,2023.0,,,
94dc5440-bcaa-4091-b89d-edeb843b81ba,7,,,2020.0,,,
45ee5a61-50be-4fe5-9195-206454f97d63,7,,,2024.0,,,
fb65cb62-e1a1-438c-8b02-358f665dc97b,35,,,2001.0,,,
83b62c7c-0856-4a09-91fa-bb84d254aef6,7,,,2023.0,,,
5bf287bf-8e22-4973-81fd-087eba58d107,,,,2021.0,,,
0634f940-c410-4e7e-b782-33b36cd85016,7,,,2012.0,,,
b09c44a2-eff0-4e76-b866-23cd2d603b28,,,,2025.0,,,
e3219215-b16e-40bf-8d28-da6f983ddbee,,,,,,,
99bcfc5c-fc74-43ef-a781-d4b7b80621f9,35,,,2016.0,,,
696b600b-1a53-4d5c-8b40-c414f6f63822,7,,,2021.0,,,
8cacf5c0-7d8c-4939-a921-8ae84b7c9fc0,,,,2020.0,,,
0b8a832b-c846-438d-8c85-ecdd14b47e70,,,,2023.0,,,
8cc7a8ba-a597-4267-93a8-196fb0748a7b,,,,2018.0,,,
1f695f57-2a49-4cfb-9613-1d75681279b0,,,,2018.0,,,
79850dd5-7469-4271-992c-007ecc84f780,,,,,,,
484b23d2-ebc1-4024-b15e-74f3b40aa0b5,140,,,2017.0,,,
432cc984-b6b7-444e-bb01-ceaa6b127dc3,7,,,2025.0,,,
adab9208-83b4-47b4-9add-d80e5fd238df,,,,2022.0,,,
8cec93d5-2b49-4943-b804-edef46fd206a,,,,2022.0,,,
fcd94702-e2d2-4b7d-b303-16a6e17dbe5c,7,,,2024.0,,,
c56a2d53-aae5-4fdd-b0e4-590658870784,140,,,2021.0,,,
2d37c50d-03c4-4bdf-a509-902324703f8f,,,,2022.0,,,
55a40515-546a-40d5-8a18-036e2fbe6d71,,,,2025.0,,,
46822ec5-1afb-4114-9ee0-0a879a9665f3,,,,2023.0,,,
d3764418-be6a-48a9-94f8-58c2599902aa,,,,2025.0,,,
35d74cb5-6f4d-47a1-b7cb-e64871ca6483,7,,,2017.0,,,
1671c4ed-f7ec-4e4b-acf0-4e1dcf4e596c,,,,2025.0,,,
3ab9243a-b512-4d3a-9dca-f953a1e2064f,,,,2021.0,,,
2fa4c9cd-0570-4ba7-bd12-c313c3f0d8b3,70,,,2021.0,,,
04542e80-079f-463b-9835-97dbb107a7b4,,,,2020.0,,,
827b9974-d6b6-4096-80b7-e898017716d4,7,,,2023.0,,,
98af5eba-81d0-4930-b244-78116bc9d58f,,,,2020.0,,,
deb62d1a-f254-4b4d-9593-73d5b3832db7,,,,2015.0,,,
7428c776-358e-4787-9829-b8cc9e4b7126,7,,,2017.0,,,
c7ceb344-9595-4ea2-b038-7a71e114ad1a,,,,2025.0,,,
6b7f4ad0-a9e2-4f37-aec3-facc2ef1145f,7,,,2024.0,,,
3a5877c3-557e-4d75-a756-174a9a66b8e2,,,,2022.0,,,
75189098-ba4c-413b-ae22-5e0a3332c6ac,7,,,2021.0,,,
787e1c6a-fb32-4095-a173-bfda4d878a96,,,,2020.0,,,
b5551c45-e898-47e0-83b3-83f96a758429,,,,2018.0,,,
ff84be6f-0771-4f78-9b71-bdbf63105d11,,,,,,,
310d9593-7c6e-49e9-ac6e-9f4824ada61c,,,,,,,
95de03be-5dbc-43de-a311-9ed42af8a4c6,,,,,,,
15a3cb19-8311-4fa8-84c5-e2207e6d33c9,,,,,,,
4a3b6bf8-d8b4-49fe-a60f-0ae23e36a8ec,35,,,2012.0,,,
35d5a1e7-d23f-4f41-ac28-539eab08edd5,,,,2018.0,,,
3023d59a-e807-4d3a-a1fc-9d9874fb3215,7,,,2022.0,,,
b0f7ad2a-2c61-42eb-bf72-baf645bff511,,,,,,,
3221ccbc-1849-42a9-b8fe-8d3313babe97,7,,,2017.0,,,
040a1432-17bb-42fa-9ecb-673282b15c4c,,,,2024.0,,,
771d2a5d-5151-4c3f-befd-76e56857984f,,,,,,,
a2c17f36-adb3-4f26-9e9f-f6a2627bb6dd,,,,2019.0,,,
503883eb-5c43-428a-9348-9eed53859846,,,,,,,
f1edcc42-3ff1-48dc-b6a6-99c1616c2997,,,,,,,
e4bae633-39ff-4cd8-b8ea-26077a2db752,,,,,,,
9a7b315e-beb7-4795-9e56-a1b7f19db1c7,,,,,,,
8d8d949c-a701-42ac-8573-3617f14e0852,70,,,2022.0,,,
a513b4c8-e901-465f-9198-97d52faa34e5,7,,,2018.0,,,
92dcb815-2d93-4dd3-a85e-46501758305f,,,,,,,
bb08b236-af2d-4612-a11e-a8a64a36c39e,7,,,2023.0,,,
a8a20ea4-3f80-4e4e-b66a-184d6e257a88,7,,,2017.0,,,
4e2b2530-6b03-4032-b411-6ba5a15b600d,7,,,2024.0,,,
d30ae99d-70b7-4006-a5f5-d02dbf98f3a9,,,,,,,
44e8467f-5d2f-472c-9b4f-fdad2091d184,35,,,2018.0,,,
bcc2bbf0-b9fe-41bd-a542-ca9f054f1565,7,,,2018.0,,,
64cf482c-03ba-453f-bf15-cd93d190caa3,,,,2018.0,,,
02cc76b8-6ded-4adf-b7e0-1accb3d5745c,70,,,2015.0,,,
b6e03c18-20c0-4df0-b2b3-b3b79b13138f,,,,2021.0,,,
7ad3286a-da8f-4733-af3e-a1de1114b4fc,35,,,2020.0,,,
7f0f595b-7de0-4760-920f-599597a8e46b,35,,,2018.0,,,
0335f94e-e7d7-4286-9e96-868b4c23f5a4,,,,,,,
6773423b-3f97-4397-a456-32429a487a05,70,,,2019.0,,,
1e7705f4-553c-4840-8c6e-df4eec68c672,7,,,2021.0,,,
07ed38e4-1c11-482e-b87f-450eac2220ef,,,,,,,
2b10c003-c411-4e06-a6c1-79db4f64e32f,,,,2020.0,,,
4a852805-31ce-496e-a56e-b92f906073ce,7,,,2019.0,,,
7dea93be-a751-4e47-907e-7ad1dd3a2b6e,,,,,,,
8d90ae53-65ea-47cc-a2f4-9fa050a655c2,140,,,2019.0,,,
9662b822-a1e1-4e3d-8620-b4fbf57e6a8d,,,,,,,
315a65db-7960-4b2b-a4a0-b25b8dc037e6,7,,,2018.0,,,
cd2a82b0-bfc9-4fc7-8e5c-950a095bb9fc,7,,,2017.0,,,
bccbf5c6-0926-45ff-b070-7cc5e65e73e7,,,,,,,
c7778f21-59da-4ea2-839a-77caf091aae2,,,,,,,
478399b2-0287-483c-b17e-e8a9f2f70a29,,,,,,,
d1fbdbec-34d6-42d8-b51a-3c1a2ffd584e,7,,,2025.0,,,
fd2629ea-c741-4b33-a69b-aef07e670903,,,,2020.0,,,
e266460e-a2c7-41ea-be2f-0b6aace2ec69,,,,2019.0,,,
11ad18b9-143b-49c4-9624-2fdbf76d1c40,,,,,,,
71f6195f-ac09-4c0c-a5bd-c7be755a1f2f,10,,2021,,,,
fde2dcc0-7582-4561-9456-5ae9dbfb0c0d,,,,,,,
015b3f47-0e58-47f1-88eb-a903f65d2101,,,2018,,,,
f78833ae-2a43-49ba-bc0c-92fdd07c7ea7,,,,,,,
3bb8eca8-3b09-44f2-ab24-de7feff114cc,,,,,,,
f038391c-0c0a-4123-b8e7-ff207b9741c6,,,2020,,,,
bebe2af1-cd00-48b4-9918-d6e3f05ef6df,,,,,,,
d2111d1b-5b38-4541-8d3f-c567dce471e0,,,,,,,
275cd8e3-5aab-49f4-823e-3e15a719c6f4,,,,,,,
d873f4e4-bb7d-4ee3-8f54-1a002615d867,,,,,,,
82f990e6-2bf0-455f-ab91-bad7e7a8f854,,,,,,,
373894c9-839f-448d-ab10-5e1efeb4157b,,,,,,,
48318eba-0a7c-491b-878e-2b28748d0429,44105,,2019,,,,
350b97e7-d10c-4b4a-b0f4-c4b28c62d9f2,10,,,,,,
e820a79b-dbe8-4359-a5b6-54b8beb38772,10,,,,,,
26076fab-59a0-48cb-8cf4-17ed641a2a60,,,,,,,
94ce4100-e6b9-40e6-a0e5-ac58962f95f4,10,,,,,,
a91633e8-b0df-4f96-99a1-232552314e9a,20,,2017,,,,
4093a4de-6509-4dd9-af6c-d88f17c95254,,,,,,,
7a69cdba-6e83-426b-bae8-7f387c4d89b3,,,,,,,
74ebe46b-235e-401f-9692-f43a7c0592c7,,,,,,,
0fd52b16-97e7-475f-90ae-f571e405c12a,,,,,,,
53de2c7c-5ad9-4829-8265-be4a76c0451e,,,,,,,
45e8b53f-3f13-4a2b-810b-50f9a08593c7,10,,2001,,,,
e945d803-56bd-4d4b-b21b-0587db1912f1,,,,,,,
05a39773-1b84-487b-88fa-cd3127904579,10,,2007,,,,
dde3cc73-fd18-4c7e-bbf8-479304bc1354,,,,,,,
fa6a1a27-422a-4da4-a922-a0da7ca6983a,,,,,,,
cef52ad3-6966-49d8-9c8a-b4bd8589eca5,10,,2012,,,,
7e7b5238-3eb4-442b-8ddc-307ff7f19e1e,,,,,,,
e5e31845-6b2c-4060-94bd-3670c3154f2a,,,,,,,
1c95bd9a-349e-41e9-b32d-08bf63beb1b0,,,2017,,,,
c0aef157-a058-48df-9ba7-6d70f368d351,10,,2010,,,,
63feb1b5-d575-4adb-adef-bdd31f2e418b,,,,,,,
1f06acd8-b20f-435d-97c2-990f72393150,10,,2007,,,,
2e78155d-8dcf-4650-8c3d-e2724f3fea6c,10,,2016,,,,
25650b79-c040-49fd-98b2-391b8442fc8e,,,,,,,
6024fecb-aed9-451e-8407-67d11770c8e4,,,,,,,
fd0f9b80-fcba-40db-a7be-c85ad0bdd8a0,10,,2012,,,,
2e941ab3-dc46-4236-a598-6c64fffbabd8,,,2008,,,,
baf1810c-dbc5-4bbe-a171-3d4b24b9fbd5,,,,,,,
c1b954bf-053b-4089-be77-5cda5d5c8997,20,,2008,,,,
1b74f0e9-3dcf-43bd-8397-2531885e1c72,10,,2014,,,,
6f584474-07dc-4c68-8226-bbe67138a72e,,,,,,,
256703ae-e88f-4bf8-86e4-cf14edb67482,500,,2016,,,,
249ffac4-e452-4679-b850-34700a2fb0e7,,,,,,,
e75fe283-5177-4563-89b9-a10e6f9dd4e3,,,2019,,,,
ef77c9ce-eafe-4b59-83ec-4b4b7a0f24bf,,,,,,,
45e4f353-50b6-4173-ae88-85eab50b0631,300,,,,,,
71d9f328-1702-4137-bab1-b433a492a397,,,2016,,,,
4a7addb5-7977-4dad-a3ed-92e4c8eeef9a,,,2018,,,,
ab3880d6-1df0-40f6-8692-b7939d80e4ff,,,,,,,
34c48882-5b3e-49a2-aeac-a5596faa9c19,,,,,,,
07606452-4433-4923-b636-9e5cd40b7de1,300,,2003,,,,
3b76cd73-3d8b-4a14-b539-ecfdc06ffb57,,,,,,,
11eafc51-8472-4758-a56f-ccc1e41db5ff,40,,2021,,,,
3931f540-d4c6-455f-b377-2e966d2e9993,80,,2021,,,,
a35bd4ab-3a8f-46b1-be4a-1ba699e05e67,,,,,,,
a86312e5-88cd-41a0-9086-acd895ad9b2d,,,,,,,
cf61aff1-c65d-41a7-9d5e-69ca574f697c,,,2019,,,,
7259cde1-3778-442f-a7c9-765b4b8fa8c4,,,,,,,
dcbbaaf8-6cef-48cc-bfe9-a253a004c436,,,,,,,
463ae953-7c0a-4803-bcd2-f4430483bb6b,10,,2021,,,,
c03a705a-035d-4c77-b40f-be223819793d,,,,,,,
402a2292-093a-4f1c-86b3-bc7f2d324883,160,,1990,,,,
a0110ad0-5c90-43fb-b6b7-d4ee8cb693be,,,,,,,
ad20f59c-0352-44f6-ab87-7d80c556c51c,,,,,,,
681a8cfa-4c1a-49ec-bb30-14921a432df1,,,,,,,
3c73fdab-9275-4a49-baea-05ba0ce0cf7f,,,,,,,
bca12a6b-47b3-4bfc-ae13-097fc9dcf143,,,,,,,
2a05a41c-4416-456f-a9f6-c94f3ac5253a,,,2017,,,,
827cd566-9fd4-4265-bb11-e09e03977b51,,,1997,,,,
9c4f605c-9437-4845-83d0-19fd75814897,20,,2018,,,,
2f4a2c93-8028-43da-84a1-c2e568af6041,10,,,,,,
0a7c6185-8191-4f5f-8aa5-5b675574df90,,,2019,,,,
b490f502-1cd6-4b1e-b114-9a73412982ae,,,2025,,,,
9ea78094-31c2-4334-8c66-29687df50951,10,,2013,,,,
82fe6a24-acf8-4d38-9bcb-d88df758e7c0,,,2021,,,,
c41848d2-dccc-4d67-904d-b5508a388758,10,,2021,,,,
fc3d97c2-1474-4c17-9b6d-e8a71c52715b,10,,2021,,,,
d4531b51-87f4-4d4f-8392-3343a0b48db1,,,,,,,
ae26143d-8810-459c-90c8-3f9f4c64f945,,,,,,,
46e62930-5c95-4853-9903-cce9ebe1b086,10,,2011,,,,
44657985-d233-4828-b347-bcbc81d62392,,,,,,,
7e0944cb-68b7-4cb3-9325-12c0470a05be,,,,,,,
cf7a0d77-d1b4-48b3-9cb6-7e8d7a33ccf9,20,,1956,,,,
12769daf-e295-4f17-af12-4c5f1bcc34a4,80,,2012,,,,
a24db8b2-3197-4d8e-9a3e-88858a31b221,,,,,,,
6995d391-ecc3-4863-8f4e-3021b83778a0,,,2007,,,,
dc17cb49-7061-4259-9d26-79e841cf298f,,,2021,,,,
c08ff6d3-39e3-4146-b367-823ac380de1d,10,,2013,,,,
aea32a29-bb76-4077-ad5b-9acd85fe3a88,,,,,,,
45a8a2ad-2468-409d-b36a-7d70901facfe,10,,2018,,,,
e6415fa6-ceb1-4fa8-b83f-457ece90f78c,10,,2014,,,,
3c6573cd-4fd2-4e5f-8d10-9b7632e343ed,,,,,,,
7fb85e07-8097-4872-b448-a058e234426f,,,,,,,
420a3a46-bfd0-4994-a4fd-9d611283ede3,10,,2018,,,,
bf57cb9c-5284-4cf0-a08b-59bdd2ff93d2,10,,2013,,,,
180ebb72-d210-459e-adbb-c3e8d3f2b8aa,,,,,,,
2d2cf383-0e69-4ac7-a726-df6f0d9c464b,160,,1999,,,,
d3349661-d13b-4a99-a9e3-71cba1c812a9,80,,2010,,,,
ddca0128-cd0d-4332-8788-1de38da33510,10,,2017,,,,
02a60b08-6ae0-4605-9a2d-22f812a4679e,44105,,2016,,,,
ce60854c-60a2-4ae8-8cc8-3e988cd8c2df,,,,,,,
3aae618c-c41a-4731-99c3-c3b4998b5a1b,10,,2018,,,,
85426e64-56ce-491b-a6fd-741068326be4,,,,,,,
eaeb80da-6f49-44d3-b2c4-e06dd167e7c8,44105,,2019,,,,
93a76473-ecf0-4699-9a9d-985bd8457c21,10,,2020,,,,
6aad3bad-d1dd-42dc-a500-4abfd92fda7f,10,,2025,,,,
8da2878d-d832-471a-abe7-348845ebb003,10,,2020,,,,
e5c67f39-7556-4d9e-a573-22d48e8391e7,160,,1999,,,,
59c00e5d-601f-4f76-9d42-bd6958ca34d7,10,,2022,,,,
0a456384-13fd-4cca-9798-20fb032eb87f,1200,,2019,,,,
e20834c9-e741-419f-96cd-6ac80ffcc83a,,,,,,,
de07bbb2-42af-4110-951f-b4ac55f5ae5f,10,,2019,,,,
57a22f6d-c6a6-4bcd-a6c1-308721c82f98,,,,,,,
0378f21c-1c97-43b5-ad16-b62df158316d,20,,2021,,,,
b807484b-a02f-43bf-aa91-b5af589b212b,,,2018,,,,
e7aeefcf-b980-4005-8e7f-2d250f192bb0,,,2010,,,,
ff185750-5c38-4ff9-a8bc-5301818b2998,,,,,,,
f9755e48-a37b-48e7-8883-1530901c6a04,800,,2002,,,,
48b855e5-a720-45f5-a28d-916f4546153a,,,,,,,
85e72f15-376e-4c87-9323-a426a37415c2,,,2002,,,,
2ff2a4e4-42d6-468c-bcb7-ad85b9fef196,,,,,,,
32967e49-ea36-4330-be71-c13b3a04f7b4,,,,,,,
7f400865-b848-474a-9125-f44cdb2e4c8d,80,,2019,,,,
edb9a3c6-8809-47ac-8878-ecaa4d18ee11,160,,1996,,,,
516d5682-4886-44b9-ba4f-090865d0c2ec,10,,2018,,,,
8afb65fb-723d-46e4-a473-fbc96d2e0ce4,10,,2011,,,,
b93b1c83-37a5-4c73-a858-9f07baf5b45c,10,,2018,,,,
6611cd70-02d8-474e-878e-d4041600d751,,,,,,,
90d91bdd-79c4-4ea3-a405-c3ffc3022483,80,,2020,,,,
310bccc0-5fb9-4201-980f-8b86e3080cdf,,,,,,,
8191b650-cc7a-4f71-ae23-d6a5c0c98f17,,,2021,,,,
5a9e321a-7dd8-4269-b420-6a038a9a9f01,,,2019,,,,
e71b1cca-2eb9-446d-b6ab-4fa2b8f859b9,,,,,,,
afbeb041-f341-4681-ae78-b66086c5c4a1,40,,,,,,
c03be570-2a6b-434e-953b-febf86ff9595,44105,,2014,,,,
10ab899b-eb21-46af-b676-537c2f624d1b,,,2018,,,,
340e5952-38cb-495a-8feb-a2afc79aecd6,,,,,,,
3198b4d7-f72a-47d1-801b-dd2f92629705,10,,2019,,,,
e1bc1eb4-41bb-47fc-8fda-a25b51f3501e,,,,,,,
b7b029d8-b555-4726-8953-a0ad422871fb,,,2017,,,,
b66e92d7-65cb-4795-baa8-3c889cdaa688,44105,,2019,,,,
0c4d7978-5e80-43fc-af78-c95ccd4db1ca,40,,2019,,,,
6b34fe74-dd14-4bd0-a204-ff457a1c9dff,,,,,,,
83bb192d-616b-403b-bc6c-8a288177e51a,,,,,,,
57301679-b8ca-4b40-b1e7-19b2ad58e86d,,,,,,,
50ce8d4c-69bf-4da8-b1f5-37581773f541,,,2015,,,,
68fffadb-c144-4da7-b2f5-5e5705e8a736,,,,,,,
8fb9f63a-6d0c-4bfa-8044-5056fad83bef,,,2009,,,,
8a818cfb-aedd-4c92-b96c-2dee6139dc7d,,,,,,,
ded2cb3a-9f18-4102-bff0-d3872f5de5f5,,,,,,,
731b407c-3cfe-44c3-a63e-002ead4ecd18,,,,,,,
e34c45d5-9602-47d1-a2d3-bcf7b6c86019,,,,,,,
0a8bf278-9103-4330-8293-877e82fc176f,800,,2021,,,,
9864c045-7b29-4e45-9969-c6818e40384a,,,,,,,
b8ff148a-6d6e-43c9-8285-8285f7c806a2,,,,,,,
434a501e-e78b-48f1-829c-fc47eecf8a47,,,,,,,
6b8a898d-8b0a-4976-8573-80ec147600e9,,,,,,,
221a1912-c124-4805-b007-9dc0a229bb71,44105,,2024,,,,
c907ac8e-b198-41e0-8c4a-1c973dcdc6d2,,,2008,,,,
170bdc18-09db-4852-bd4e-70efc54bf9c9,,,,,,,
4aac140d-d1e6-4803-9077-6ca81e8bc5b0,,,2011,,,,
3f16105d-4043-4379-95fe-ee86e88bc3a6,,,,,,,
2a259fbe-693d-4f73-906c-43f3fbb4ba75,10,,2023,,,,
4952b811-04be-4765-8b35-6a41e6d5c682,44105,,2015,,,,
7dac77dd-aec7-4dea-9eee-f6cf4d67d3e3,10,,2020,,,,
b81515a7-2ce4-49d0-83e2-69737a92dabe,,,,,,,
137c38ca-a226-4fa8-8c0c-08e3b018a736,,,2025,,,,
bb54cfd0-6c5a-45d1-b56a-7559e23878a5,10,,2016,,,,
e4de6201-4144-4067-bd19-d926915c08d7,,,,,,,
d68af2bd-c63c-4502-aefc-80058beafa9e,10,,2019,,,,
7e8ee441-69d0-45af-a65a-d3bd9273e22d,,,,,,,
f614f690-4f8c-4386-beca-52ade7d0b047,10,,2017,,,,
ab820b6a-1cc6-4760-9a3d-36917d4012fa,,,,,,,
5aa69bf2-d6cd-4518-a0ce-d3c1834825cc,10,,2024,,,,
2991c5f6-f474-4fbe-b3e9-2bccfa7527c3,10,,2021,,,,
11e33255-5e28-42ce-9ac7-da91eb2c9a2c,80,,2017,,,,
69d3937f-a68c-4d96-9540-b9619e632ef9,,,,,,,
45818ba0-6b85-4515-b1e0-39d895c29c52,80,,,,,,
6c2a3ad2-a7b4-4c88-8fdd-dea147cb325d,,,,,,,
760181b5-e9ec-4052-8af9-2349a8cd3508,,,,,,,
b896e385-cc29-4816-ace2-2f9e1a86f72e,80,,2010,,,,
9e5a3db0-5494-4d44-8004-df7da99a126b,,,2018,,,,
cbeacc69-4ee4-46d2-8266-b590e488a2f4,,,,,,,
194b3ced-6ec0-4cad-b0c2-b0cfa5cf6a35,,,,,,,
32b9bd0a-ff5a-49a0-8310-9519590a27ab,,,2018,,,,
1e0a6632-d200-4de5-9b7b-59e814a41265,95,,,1982.0,,,
306c8472-0862-47ee-b2c9-f3774f8fbb06,,,,,,,
51d87a50-924f-4509-9584-6e379968ebd6,,,,,,,
86f4fdac-9b46-4c56-a89d-7c78892bcd8d,,,,,,,
72135422-e990-45a3-8a49-0fac35ff1a28,,,,,,,
046a66ab-ba50-4f51-be64-96806f54cc64,80,,2014,,,,
17e51f9a-75a4-40b4-a728-b9060afdd354,,,2010,,,,
4517b1e4-8d24-40c0-a3b7-8597ea0d252f,,,,,,,
1cd9ce2e-2372-45eb-a4ba-d436c1631f1b,10,,2010,,,,
70ce4875-f712-4831-ae17-9a69cc78c14e,,,,,,,
93c41510-9412-4045-95a7-d75fffd4838d,,,,,,,
e0a08cb2-4293-4893-8226-52061624a165,,,,,,,
82e7875d-11f2-4aa1-9fae-ec0698672254,20,,2019,,,,
4f278ed6-879a-4a21-b9d6-644141725fed,10,,,,,,
3b7ac4a4-c1d7-465a-9a6f-90ca374e6c78,10,,,,,,
363a7990-10f2-412d-9248-696caed0b26b,,,,,,,
f6c7c6cb-3c41-4e39-9c73-810869d865b0,,,,,,,
666bff0f-590b-472e-bf53-4083cf4ecf87,,,,,,,
ff23195c-8892-4f46-8bdd-e486bfff44d8,,,,,,,
d700241a-110e-46e7-8e94-c911a0f390d0,,,,,,,
253ebbc3-e9cd-4eea-ae34-5bff8664bdba,,,,,,,
532283fb-8dcf-4669-af3a-08fedb48d97a,,,2014,,,,
46b47999-8892-436a-ba7d-836d4b1d2a65,,,,,,,
05162bae-1ed7-4f52-bcfb-d23ff865984d,10,,2022,,,,
521b4bab-cdd2-4f68-a7b6-bfcf0b77f93c,,,,,,,
3f9016b1-3fb5-416d-aa5c-17d815b05ccc,10,,,,,,
db5d198c-55e3-4de6-9330-d63063b737ce,,,,,,,
39e6dba7-33ae-446c-bce5-d56c741a644c,,,,,,,
115b5702-6036-46a8-99e3-1737c480e826,,,2019,,,,
5a0fc421-9c8e-4c36-9a25-2263e2cd8a70,,,,,,,
af6cd677-a7ac-4d37-96b7-826828162f0a,,,,,,,
8085a97f-136f-461d-8b00-4930751c8438,,,,,,,
dff44139-a2f6-4f01-9972-efcc3f4953a2,,,,,,,
54061748-f9b2-4868-986f-028c7a12c47d,,,,,,,
f7108edd-2246-478e-a305-83838055aa0a,300,,2018,,,,
0979da3a-0aa4-4ce6-bb94-9b6f94290e5e,,,,,,,
28796ba6-95cf-41d8-8ec2-5fcf40a91c4e,10,,2015,,,,
e0b3eb60-b34e-459b-9fae-d8630edccce8,10,,2021,,,,
7228105e-54cb-4648-95d3-79f73816d40c,10,,1990,,,,
fe0071d2-51dc-4607-8373-eeb6f68ce331,,,2015,,,,
ab11fb35-6e8b-48ba-bf68-dc23b8752241,,,,,,,
4ef7dc56-bd65-41ef-9715-aedb5dd27219,,,2010,,,,
b7a6bdfc-65d5-445d-9913-0f83957f07d4,10,,2018,,,,
a7564972-ba87-4877-9d41-acb9fefbf59f,,,2018,,,,
ea981fdf-df69-44f2-af94-bb35a9e2cb33,44105,,,,,,
bbe64b17-8009-4b07-892f-2af3e28aad47,,,2000,,,,
978351eb-89a2-4dfc-ad74-bd1699ec46b7,,,,,,,
b20186a5-4fef-440f-bdda-660c53e16f98,,,2018,,,,
8466be1a-e05a-4c1e-96f7-450c9001c887,,,,,,,
a3ef0e9b-6339-44d6-b6c7-a3222094ced0,,,,,,,
5e04cec3-5a19-4ddb-af8e-a90c246aaf27,,,,,,,
9bb9cce1-d65e-4bd7-bce2-b1b21bb51b0f,,,,,,,
4ba91102-d423-45df-b13c-fd4df7c33829,,,,,,,
60f44cc4-08c5-4cbe-aa90-22cfb4585fa3,,,,,,,
d20d8d09-a8b1-4d6f-8276-e6dccc6f4021,,,,,,,
0f7b1dfb-6465-41c9-b4ce-658e128d0be9,,,,,,,
2ce9a821-2d18-48a7-ad48-1fba7446679d,,,,,,,
0735dcf7-560e-4e4c-be0b-99260c6b837d,,,2020,,,,
5429b3df-c460-40b1-8e80-3f1bea1c4027,,,,,,,
8209c7db-865c-4547-a936-649b5e83dc74,44105,,2014,,,,
2ff3fd75-7495-4ceb-8d6b-28714be2fff1,10,,2015,,,,
03e02fb4-1324-4763-a897-e2bf20edce2c,10,,2014,,,,
85bf50d5-dc03-4987-95df-50fb792fee54,10,,2017,,,,
8eb5ced2-32bd-4428-bff4-29ab24d95ad2,10,,2018,,,,
ce2a68f4-57b1-4ff4-b31c-05938d8f01a3,,,,,,,
d4adabd2-b442-4ebd-abc5-4b10a1388102,10,,2019,,,,
d9deab20-efd6-48be-a4ce-708e5e1766ad,10,,2019,,,,
b466d81d-d2b0-4677-85cb-eb41d868a83e,10,,2014,,,,
60cb572b-5a35-4ad3-b0ad-5b5c4f51db07,44105,,2016,,,,
6570f205-769a-42a4-9405-c152f91daa21,,,,,,,
43d91885-2c72-4a14-a254-d9bd2a1c3ed8,,,,,,,
079cf232-9439-4e89-b7ee-041c8baeadb3,,,,,,,
b78080f7-dde9-4574-b648-1a609e970d95,10,,2020,,,,
87701d6c-5411-4c7e-99e9-11db4365994f,,,,,,,
0e26981a-16a1-4b60-ae67-9543698094e4,,,,,,,
9a6c34b5-618e-4b98-bc73-9876d2715e20,,,,,,,
acdb02c5-26e7-44cf-903f-41a01657ddc8,,,2018,,,,
7c35b13e-30a4-4bbe-95c2-5e29f9d43007,10,,,,,,
b2b26974-08ba-4f2e-a8db-cbc8ad427b56,,,2021,,,,
d0185006-308f-4230-b277-5163994b21b9,500,,1993,,,,
f3d056fe-3dcf-4900-8b0d-e1e48e511006,,,,,,,
50fec8b8-de5a-4200-9a92-1504d8666ff7,,,,,,,
0b57e0d9-9c0f-4a4b-9bbe-a7dd9061169e,,,2017,,,,
67cc4f72-864a-4546-bca0-26c059d599e2,10,,2019,,,,
827f5666-6390-4a13-a7a7-10a7a9e9bf45,20,,1996,,,,
7c655177-15a8-4253-82e2-dc63adbdeafc,,,,,,,
2b57b0a1-697a-47ea-89f2-c5c2c85bb857,10,,,,,,
5c49a719-f799-497f-8dd9-090efd13293a,10,,2017,,,,
a0818c59-871e-452d-803d-c9db419d787a,10,,2019,,,,
c1c344a2-4a6f-4a70-b8e8-e625c9804290,,,,,,,
1af1894d-ea36-40ac-ba09-4c1413d512ee,10,,2010,,,,
ccd436a0-361d-4b4e-aada-60509a1ba37e,20,,,,,,
0e0db7b8-cf82-464b-b17d-38486fffeb9f,,,,,,,
6e5d76be-5e43-4f9e-90f6-1d0e9e1378d2,,,,,,,
6bdb5682-1e3c-4a08-8231-e274d8c1a09a,10,,2019,,,,
7c2f27ec-99a4-485a-be91-4c21eb6b3c9f,10,,2016,,,,
4ba5d991-c496-4148-b2f0-132a388b73a2,10,,2016,,,,
224b6540-8354-4b66-85b0-a0962e37552a,44105,,2014,,,,
3ebbb001-6012-491b-a5ed-70d70630f6b0,,,2012,,,,
b02a946b-b745-4f35-96a1-74024cf4517e,10,,1993,,,,
e0d3eb63-7c6f-40a8-a12f-63bb5760e275,,,1996,,,,
33b7f7ef-89fb-49c9-8ff4-a32feace1091,,,2018,,,,
a80682e6-d08c-48cf-b7b2-82be44078f87,10,,,,,,
ead88274-6424-46d8-a89a-aa00b8584f6f,,,,,,,
824f7e72-9f24-4eed-aa45-d656d5f02746,44105,,2015,,,,
68a19a1e-e65f-4fa7-9ac1-9bb9a66d845b,,,,,,,
c9461fb7-ac64-4a22-8de8-3d141b74537a,,,,,,,
c6a79817-386d-4eee-a084-9d61a183331d,,,,,,,
c9da01b3-437a-47b5-92c9-f648bb2cdaff,44105,,2017,,,,
77caeba5-0140-4eee-b942-1154c669b302,,,,,,,
9963891b-7e13-48da-9138-7cf5370d3d11,,,,,,,
9f18037c-2aa3-424f-b862-9e79a0136409,40,,2024,,,,
1deba592-75e5-4411-a7a3-5df7de05beff,,,,,,,
3738b8e5-0327-4e08-970a-a8ebb13d0b95,40,,2015,,,,
43d5b306-789c-4b36-9145-61725240276d,,,2016,,,,
bf8ba409-81bb-45f3-8252-c04a9a69845e,,,,,,,
843f3313-41e9-4ec0-903d-82839b73f768,,,,,,,
ca0c790e-ae8e-488d-8cc1-a88cd7c2ddb8,80,,2018,,,,
eee8ad08-d821-4ac9-aa6a-0ba08e1a3331,,,,,,,
4f7ccb80-7613-4b64-adba-acf8694b4d5a,,,,,,,
779036c2-a48e-4430-b23a-0667e3a7ffd4,,,,,,,
7bf6ec9d-ce35-43c5-8ffa-8b38ed1410d7,,,,,,,
1e0bdbb7-2ca9-43e5-9e42-e8d77ea6057b,10,,2014,,,,
c7172c79-f07c-41f1-86c1-9256446edeaf,,,,,,,
a66e1e0b-cac4-4ead-aefa-026905f18a8d,44105,,,,,,
d280fb07-6309-4d6e-8a25-4f433c657c0d,,,,,,,
54e14ae3-231e-4473-84cd-055c480829e3,10,,2017,,,,
f291d674-8696-4984-94cc-2d8b20fd4fea,10,,2008,,,,
32f85360-10ad-4389-94c4-b2585c6c8cea,,,,,,,
7adfbdbc-7665-453f-94e2-c62b73c18cf1,,,2018,,,,
9a5dc1b7-5cc4-49ee-bf19-aeda9bab2ae9,44105,,2017,,,,
9a03d1d5-de16-4f14-98a9-2d05a0e153aa,10,,2019,,,,
99b6bb30-cd16-4faa-80b3-df2f4fc9b363,,,,,,,
3539cf99-9046-4f19-a0e0-bc47ca9c03d9,,,,,,,
24bd542b-ec90-491e-bb51-a44914bb4b3e,,,,,,,
2d8691e7-0edc-43eb-9983-73ad09c1afc3,20,,2018,,,,
3591da6f-7c53-454b-b7fa-07f3c9ac2d05,,,,,,,
bcc586e2-34a2-4e5e-9f74-d40560632f55,,,,,,,
2349df98-d721-406c-b93c-f0adfc79b0a4,,,,,,,
83ebf55f-996f-44de-bef7-5b72815675a0,,,,,,,
0edb2d29-3692-478b-a111-6c5bb222d2fa,10,,,,,,
5622c818-c25c-474a-a68c-afd069ebd2e6,44105,,2016,,,,
f7dffa56-a84a-4920-81bd-21e9172cf89d,,,,,,,
2d582261-0355-447e-8327-50aaf584dded,20,,2015,,,,
a7c79923-4ad4-4a62-9ea4-6969760a3937,,,,,,,
60cee225-80bc-476a-9199-2717f362c3c7,,,2020,,,,
cf7c4c0b-ee87-4101-aea6-2bef09a1c3b0,10,,2016,,,,
7fafafd9-1f00-4da8-8b47-8eba02f32b44,40,,2014,,,,
8af2a221-7511-4215-bb5b-04728be3be51,,,,,,,
fcfe5396-2d0e-479e-b493-a2f0a33e0247,,,,,,,
de0c7987-a5f1-4174-9cd4-7ceeafeb1489,,,,,,,
921b4ea2-6d8b-411f-a585-c33ad621a339,,,2018,,,,
abcf3077-e95b-4c99-a66e-274cd479f409,10,,2015,,,,
676542ca-ef0f-4f78-96d9-5b374e6aceec,10,,2022,,,,
7b2a4825-f584-44ee-a508-79e7b5abca5c,10,,1993,,,,
95aee600-0241-4108-acfb-bb4c8e7eaba6,44105,,1978,,,,
394e0365-8448-451c-b6ab-745e676f6fac,10,,2010,,,,
b0e973ca-f196-4128-9325-c25d152c7637,,,,,,,
ee25041e-9e48-4336-9e01-674bda8a31a7,10,,2005,,,,
2145428c-aeeb-4a85-9811-f410442816e8,,,2021,,,,
7bac3e25-40d9-41b6-91bf-ea65abc9717e,10,,2020,,,,
b567b9d0-4d97-411c-8545-d582874065bd,,,,,,,
814a612a-6158-4fae-be89-222018f0e090,44105,,2005,,,,
caad0948-0e6d-4407-9dc6-dea7c0457a4c,,,,,,,
d02b084a-6a52-49fe-8d64-4def09ed7472,,,,,,,
782e3994-d28a-4704-83ed-9c8f95f61ea5,10,,2014,,,,
65ff230f-e589-43c2-8c64-ed8a1d638ee4,80,,1933,,,,
d3142241-3944-4f0b-b190-e9a51a42a785,40,,2009,,,,
4053ff81-ad00-4cdb-824b-b8e44abfd1fc,,,,,,,
90271c05-0d22-4ce8-a24c-38192b8f698f,,,,,,,
58054735-cd16-4c32-9322-2c1a53d85a84,10,,1996,,,,
050e8d07-cb8d-49ee-8029-ba69b5828858,20,,2011,,,,
b34f96af-904c-41f6-ad36-d04357339430,80,,2011,,,,
129eec35-610a-46e9-a246-344a796947eb,10,,2009,,,,
364a9c37-3765-4e39-a5e9-8203c2d1c0f5,44105,,2022,,,,
a111f3fd-8e32-4124-99a1-4f9fe5237c34,,,,,,,
86acb9b3-81c1-4e0c-9115-d284045254ba,10,,2020,,,,
24a8a9a5-f3fb-42f3-80c4-1b6e0f427ea8,44105,,2015,,,,
0844fed1-bb49-4aca-8a29-afde6919cef0,10,,2016,,,,
e3323346-4803-4340-b9ad-78152847e630,,,,,,,
749ecfda-4849-457b-b481-728774130ba6,10,,2010,,,,
cae0145c-b5db-4934-afaa-05bf72f35b60,,,,,,,
f154ff1d-e9ed-4cb5-9a5a-46ba4bc4ed43,,,,,,,
1fe643d6-d66c-44d8-ac9c-004ae9247b6e,,,,,,,
160c394d-06de-4481-b49c-60fccfe7f650,,,2015,,,,
85185d3f-69c8-4b7a-99ab-4fab240aee7b,,,,,,,
50980caa-03d2-456a-a2d4-9d2b8bf65a62,,,,,,,
2b32ed25-3109-4c79-bf34-f221a9eac582,160,,2008,,,,
5fad3028-2310-453b-8c19-ce6775f23c05,10,,2020,,,,
951cc471-6d88-4b6c-8a93-2fe7846b70f0,10,,2013,,,,
dd3d703a-3b2c-4d57-b348-e895b21752e9,20,,2018,,,,
f3a93951-5c80-47e3-8e2f-8b00092c30af,,,,,,,
90ea8618-ceab-4793-8dd1-462eb52ade0c,,,2018,,,,
e17a240d-eec1-42b0-97aa-2694be25627d,,,2025,,,,
981f77a7-4c84-4f67-9f30-688bc67fd2ba,,,,,,,
054262c1-4e0e-4d26-875c-29a5d07bf244,,,2005,,,,
c29a1e91-ae02-47c0-bbab-0f739d9a1eab,,,,,,,
4561c522-6ec1-4785-84ea-e3ce31f99a6b,44105,,2024,,,,
a4042fdf-704c-4dc5-bd9a-d951024c2dc8,10,,2009,,,,
3e01a677-1167-44c8-85aa-29c0fd73ac43,10,,,,,,
9a6ffe7c-daab-4e5b-9549-e8d71e5c6fc0,10,,2017,,,,
f178233d-3364-416b-bb7c-941ed4a24276,44105,,2020,,,,
bd280c25-17d8-4d0b-92f5-fb6485534aa5,,,,,,,
6c8ab1a6-d595-40c3-b18d-c7db01a70a3d,,,,,,,
f725610b-45c3-478a-94f3-48e366acaadb,,,2022,,,,
56d7d4cb-50b0-4cb5-b53f-3436eae5aefd,10,,2019,,,,
d6b4b438-18db-42bc-a7e3-8cf2dba5eb88,10,,2016,,,,
38c234fc-7b6e-44ff-befa-495ada6db4bf,10,,2021,,,,
7cc73890-b426-4c12-86f9-1d5316168d5a,,,,,,,
0ff63814-dac0-4bb7-bc8b-9e04ed8ade12,,,,,,,
432cd287-63bc-4d74-abaa-a9ba0ca95d70,,,,,,,
8e644323-0356-4db4-b87b-060ee75d58e7,,,,,,,
64b235e9-9faf-4f82-a321-c7608f654447,,,1995,,,,
dedb296a-f064-4418-aa37-0893c5ba1b00,,,,,,,
10f49ef7-a567-4bbf-9a02-c9275afc01eb,,,2020,,,,
a1493b5e-0543-4452-9067-7c5f7b754c44,500,,,,,,
6a9c0ba7-43e9-431e-9938-0a621b01313d,10,,2021,,,,
59dc22f8-6053-4e48-8d1a-27fcf91afdae,44105,,2019,,,,
fe93d460-6134-4985-ac4d-9665ca06fb10,,,,2019.0,,,
2c5e32be-f9f9-4329-b3c2-a3b09eebe2b8,,,2016,,,,
e7d18d1f-fe73-4333-842c-7baf64fa8627,,,2007,,,,
347c9cd3-9b11-49be-93f8-098d0e2f2a53,,,2020,,,,
461c9191-2310-4c0d-96ca-7f8e10a1aa7e,,,,,,,
2061b839-e810-4ecc-9b15-86a97286d7a2,,,,,,,
08ba0ca2-781f-4c42-8aa1-64396ada6fca,,,,,,,
6b95311a-4ff4-490c-b9d5-16744bb967dc,,,2017,,,,
e1ed6ecc-1aba-40fc-a2df-86facd23e5e6,,,1969,,,,
2638b80b-5734-464a-bafe-fe2bfd2bd365,300,,2015,,,,
a658677b-1db9-4aa6-8436-7f0b14d30e61,,,2018,,,,
6e0255bf-313e-4d55-a8f1-4d3bef72e9cb,44105,,2025,,,,
1d34102a-aab4-4a45-b78a-7d4225ae27be,10,,2016,,,,
bea46b79-4244-4576-85e4-528ac556136b,10,,,,,,
8d7cffb9-1d5d-471e-9af9-e3f0a99bb369,10,,2010,,,,
72ee4dd0-0ecf-483c-9a06-78f73c613de2,,,,,,,
26b22c13-1e0a-4ba6-9be2-e66f13efa503,10,,2015,,,,
f668fec4-839b-427e-b59d-33d21fba5dc6,10,,2018,,,,
a0ba16d3-d191-47b4-a6c8-fe2d38623b8c,44105,,,,,,
e6c8cc8a-a1a3-494f-ad5e-58bbbcc820b2,8,,,1999.0,,,
e4087fad-a30f-4b77-b103-34fad162a057,10,,1992,,,,
045fc82d-9a9a-4c27-8d45-0ca81f079da5,10,,2020,,,,
d4a98fa0-392a-4d1a-a604-8d6b7192d0fc,,,2021,,,,
7458e7b0-d0ef-4b53-a5e4-86841a6f2cb8,20,,2019,,,,
f820283f-e6d8-4a5a-a986-8137c8b312c6,,,,,,,
d1064201-71bd-4e54-8900-e6cf6f3dd68b,,,2014,,,,
7eb7d756-6cb1-477f-8fc8-49359f771bd3,,,,,,,
e46f16cd-b422-4b25-ac13-3b1cb3a29296,40,,2014,,,,
16f64bb0-ea2d-4edc-a301-70f1bc51f9ed,20,,2017,,,,
a0922ba5-811a-4855-a870-b6bab5684f21,,,,,,,
e6d04fb6-613a-49c5-b20b-ede8c3baee19,,,,,,,
72eda969-4808-4bb9-9ccb-785c512eee76,,,,,,,
b06bd829-35a8-4121-b74b-170a39864283,40,,2019,,,,
d6173ec1-3dcf-4962-a6e0-2c6c79370ed5,,,2014,,,,
6e4f3c73-100c-49f2-9ef4-8858818369e7,,,,,,,
3f2ff01b-88cd-4e37-9bd0-e7900b29b5c8,,,,,,,
2d022420-9eb4-423c-a6c4-df5355bb43e4,,,,,,,
2cc76e7e-b669-45e4-966b-fdedcc772ed8,10,,2017,,,,
9742f0bd-b0d5-4e91-ad1b-8522deda6a59,44105,,2020,,,,
17ac703a-d391-41fb-a5d2-8666fcb2ec5e,20,,2017,,,,
60960714-3df7-4f6e-98e6-3055c41b5634,,,,,,,
b926cd1b-f306-40f3-a71c-92ea1f06e2b8,10,,,,,,
7eeb92a1-3692-48ea-bf58-340be1553c51,10,,2008,,,,
94e65573-1d37-4660-9e0d-1ea45c5f5c34,10,,2020,,,,
ffa32c4f-d2e7-4b1f-81a0-f71bcb86dc13,10,,2020,,,,
cebdacba-a001-455e-9cf3-c3db13b973f2,,,,,,,
bc8f7b64-0b52-47f2-ae70-e9500d56cb14,,,2020,,,,
4e7d7c98-27ca-4843-a64a-7552343b1082,,,2013,,,,
6ba3ac88-a86e-4c68-9f77-fe851c74a98b,10,,2017,,,,
1b7d54c3-76b9-4693-a87a-fb1a93b4c19b,,,,,,,
55e89094-73b0-434a-a046-5ed6ec5b1e52,10,,,,,,
eca665f2-eeed-4848-aed0-15dc5893d228,44105,,2023,,,,
a4f4f6bf-37e4-4a9f-b398-cd279ca3eb20,,,,,,,
e6c1734f-0826-4a99-bd22-bdae98dd5721,,,,,,,
fdb3eb13-4c01-4e83-b659-d8901fb4de44,,,2023,,,,
73228236-aaf9-4143-91e0-15f22840f626,,,,,,,
b1bb8354-7ce1-430d-9cff-7740280bb255,,,,,,,
fcac8467-32d5-49e2-a8eb-c118a3c47f1d,10,,,,,,
bf7a3031-c070-4537-97b1-83adb7c3f505,,,2017,,,,
3892f768-bcff-4b6b-bf0f-3bfeb2aeb499,,,,,,,
bd165746-2a70-4c31-993b-63ac8927f4f6,,,,,,,
500d8df9-2fdd-46ef-a75d-a8264eeecfd9,44105,,2016,,,,
e839ecd7-d52a-470b-baea-fedbc7e71438,,,,,,,
45837384-1b00-461d-a7ed-b2b0b7781841,,,,,,,
2dcd2e69-70ad-457c-be3d-820eb2bc1c0c,,,,,,,
bd3636b6-8560-4572-8921-adddb68bff2a,20,,2012,,,,
886fe24d-396c-4a99-8f81-1900b9efe2d8,20,,2011,,,,
f0c09f55-f5ac-46c5-ba87-c2c231baf367,,,,,,,
e883cda9-c882-4e7e-852d-fba25e12764c,10,,2015,,,,
1aecef0c-0b8b-46e2-a157-eccece743a5f,,,,,,,
35e5e296-0392-4bc2-aca2-47a2eb6c35e0,,,,,,,
996969a8-22ac-4795-aed3-a058926f49fc,,,2018,,,,
981bf2e4-4714-45c1-a4f0-665271b2daa6,10,,2020,,,,
d95ec232-3c8a-4bb6-8cb7-992297a908eb,10,,2011,,,,
e8431ffe-3863-4c93-a4e5-951e1a675546,44105,,2019,,,,
f43a6308-5709-4c9b-aa64-32861944d7c9,,,2025,,,,
30739584-1518-4916-988b-fa89dd220234,,,,,,,
5a599044-0f58-4a8b-962c-16e05b2d0622,10,,2019,,,,
eccf5479-9385-4679-bf7a-4cc553121456,40,,2019,,,,
02c77067-17f8-490f-ad17-e658f2f5ecc4,40,,2015,,,,
c3b5b7bd-9591-4480-b521-3666c95ff7dc,10,,2020,,,,
f2a2b9bb-4317-419c-a106-15199a84a23a,,,,,,,
e778a0a5-3e05-4ba3-8ddf-b624b9eaa9ed,,,,,,,
778eacfb-906c-4a42-8eb1-6a5d539ff432,,,,,,,
13309060-695a-4c9f-bbec-ae1e2e4bc4aa,10,,,,,,
d925ea02-7824-48f4-97de-f1ee745fab39,,,2019,,,,
1f5ac31b-5e68-482b-8624-ef1775a11669,,,,,,,
91faea8d-9ad6-4bd6-a681-70b8ba57b687,,,2019,,,,
7104ca13-8df2-497a-b093-ee776a45531a,,,,,,,
24541fb3-eaee-4470-a3bf-a0d610865046,10,,,,,,
ba8bb647-2cd8-4336-80f8-29a6682f87c7,10,,2018,,,,
ced65b8c-c850-4f20-ab68-d831dcb06fcb,,,,,,,
4207f5f4-b250-4ead-a4d2-87d27db5153f,80,,2008,,,,
bf5e3473-532b-4f63-8583-c9a049432263,,,2023,,,,
3b4ac612-d24a-4dc1-b6bb-5aaaa9a875b3,,,,,,,
1bb424e6-e019-467b-9fe9-cf0dc64f79b2,10,,2020,,,,
c6b85ebb-3ad4-407f-b0f8-b75e5a5632aa,,,,,,,
9797ad60-71cb-4f0e-ae3f-2d4da3fd881f,,,2017,,,,
3ed727e3-e1a3-4a06-99c5-341c5eaf603e,20,,2012,,,,
c3ee863e-00ac-4cad-9b65-061ba7502ff2,44105,,2017,,,,
3ee51a2c-5744-46fc-b920-342b30f39e66,,,,,,,
9f259518-35d4-45ee-8cf7-0095cd24a0e4,,,,,,,
4a1a48ee-7f85-4425-91c1-08af0dd8d3cc,,,,,,,
a58b091d-98a5-4260-8078-6b69cecab27c,10,,2019,,,,
6a60aa87-b1e2-4e11-a5d1-568b19e960f5,10,,2022,,,,
3b9d9bba-8648-4f5f-be39-e4795732abf0,,,2018,,,,
730327a4-9a4d-40d7-b7b8-c3077d687d25,,,,,,,
0cfa78f4-90af-43b2-895a-5abbbd572a9d,,,,,,,
39e489a8-34d1-470f-a28c-9dc1e1f3a907,,,,,,,
fb539ef5-7d90-427c-a96b-edcfac8c79a9,10,,2015,,,,
f660f8c6-ed13-4486-a4af-a5900ef36674,,,,,,,
60b7501e-082d-4d6e-bce2-c21757234c86,10,,2015,,,,
b69a271a-5d67-4545-8340-aa6844cd6726,10,,2019,,,,
7d479437-409e-4412-8a1b-7e5ad286230d,10,,2021,,,,
3306c63d-f636-45c5-b840-177344e7022f,10,,2018,,,,
ef648f27-78e2-45e8-ba05-38188b432dd4,10,,2020,,,,
5b8aec9b-7bbc-4f7d-8717-dd83ae049a4a,160,,2019,,,,
37c99183-eb89-44ef-b759-088353862c94,20,,2022,,,,
6d226566-941c-428d-8566-35e3edef768f,44105,,2025,,,,
bf4350e5-d4ef-4e08-80e0-67470a980fbb,,,,,,,
84478b87-61ff-462f-80ed-1d24f365235c,44105,,2025,,,,
a5bb1863-17db-4b81-a666-57a2fa57c465,,,,,,,
13a8d0e6-0b0c-4f7e-bb32-940525b0b137,,,,,,,
5299aff9-d50f-4e66-9368-7f9a529614c2,10,,,,,,
554842d5-b84f-40a3-80c3-bba68ba85882,10,,,,,,
3340b4b3-4006-46cf-a73c-a206c22013f5,20,,2014,,,,
c3fbfdb9-d456-476e-8103-635267013a79,10,,,2022.0,10.0,,
38cfecbc-d5ea-4222-ba5d-26861732227d,,,,,,,
f6528159-3139-477c-bcec-516d82e7a7f8,,,,,,,
a4a6990a-b71f-4e8f-90a1-f3e027c69b53,20,,2016,,,,
e257c222-0560-42cb-bbb3-01ae997855c3,10,,2021,,,,
b57863e6-e68c-478d-ac62-4dae9e4c97fc,,,,,,,
6431df57-0fc6-42c6-b35a-1f37b80a378f,,,,,,,
ef44bd85-d9fa-42b3-99ce-7c25add12ac3,,,,,,,
1ce268d7-d0b6-41f6-93cb-48cd6ba8a483,44105,,2024,,,,
ea475651-f19c-4ac1-a4ed-6ef3a6781101,,,1997,,,,
4a3b6658-fe14-43d3-889e-16dfd85b12a9,,,,,,,
6fbb7607-2cb6-400b-8c45-a0d01c8168fd,,,,,,,
381018fd-88d6-4cd7-8bd9-f3290e8962c4,10,,2021,,,,
fa7027f0-79a1-455f-acbc-012648eeb197,10,,2014,,,,
5cda6d4a-9834-4b47-a260-5a434de68d09,10,,2021,,,,
2550ca97-e976-48a0-8898-8cfd13be8223,10,,2023,,,,
37340f08-64a8-4097-a348-1fc05f39bc13,10,,2021,,,,
6119f43e-da65-4454-ab0f-50f4e166d07d,40,,1957,,,,
cc976ff3-2c69-4d1d-b10f-2eb5ae1dd9d9,,,,,,,
4bab8310-0ce4-4fdf-b22f-085f9cc11f94,80,,,,,,
dd3d90b9-b81b-43d1-86c7-e084cef02fbe,500,,2012,,,,
871c7162-5311-4666-a606-4ba2aac6a56c,10,,2023,,,,
35ce7565-d048-47f3-8d38-69fbaea5f7eb,,,,,,,
fc0731c2-731c-417b-994f-e1f20b72369a,,,2018,,,,
6a86b856-304e-4c17-a610-640952c5ee84,,,2019,,,,
deaeefc6-ad43-48ab-9111-a6ef304b76f7,44105,,2025,,,,
836eb45e-07ba-4f17-8b72-624baee7704c,,,2023,,,,
8e77c5e6-3b0a-4550-9175-fac9e9419599,,,2010,,,,
15eef942-14e6-4c74-b607-7ef7dc019d4f,10,,,,,,
1b7b41b0-2be4-4fe0-ab45-f4b12f8d64d3,,,,,,,
9ea152f9-aef4-4572-8c26-e1350281321d,10,,2016,,,,
0c91367a-72d6-44ca-b642-6a2d5ed7f26a,,,,,,,
43452846-6403-4958-a8fa-8e994d9b061b,,,,,,,
7198d174-93b7-41f3-a31b-519b81ffb933,10,,2002,,,,
5c76524e-4c77-4421-ba96-50b40437cd48,10,,2002,,,,
522519ce-c2f7-473a-a019-c027aaf46799,,,,,,,
a0b8b341-6068-4329-9b86-3bf07ab3e08b,10,,,,,,
fa9bfeec-73b8-4280-909b-4384b4f6aabc,10,,2020,,,,
49bb9f93-ac75-4ee5-bb8a-0f6adf739a56,,,,,,,
04d6c8c0-2d15-4b0e-9eb7-00d2324e2c3e,10,,2015,,,,
ff7e8c17-513e-49c3-ba74-ff9a8c9e17df,300,,2010,,,,
702243a4-cdb5-4015-bce2-a258e2f06c5a,10,,2019,,,,
a325b4ab-0342-44c7-9c5a-1e0ae2d933dd,,,,,,,
dbb6eccd-8bf1-4ae5-a305-cd598fe2320c,10,,2017,,,,
f1b1041f-17a2-4dfc-9f0b-9f4c67dd4899,,,,,,,
d4f4a3be-af8a-4aca-b09f-189a7d4c908d,,,2020,,,,
3cf2041e-3e3f-4fcd-aa66-5c45150e1096,44105,,2023,,,,
1407f19f-10b9-4286-88fd-5e3043fb354e,,,2018,,,,
fee27409-2d90-41aa-89f8-41d3c0afc898,,,,,,,
6624c09a-e9ba-498c-a412-ead643b0d247,,,,,,,
e05bc406-74d8-4da6-ba04-9526f4c5e007,10,,2022,,,,
d6f0753a-de3e-44aa-acc3-faf9f712916a,10,,2021,,,,
5bb3277f-c83f-4c4d-9873-9bc4e397c92d,10,,2011,,,,
6d47f589-b038-40ab-8c98-3870ec78fcfb,,,,,,,
bc8ba744-8ff0-4bd6-abb6-0fec085bbadf,44105,,2018,,,,
8ae848e6-4294-49e6-8765-876f9c58b954,,,,,,,
96a5ebc3-ab2c-49b3-b6cf-d5a966222b61,,,,,,,
921958bd-64ba-4401-975d-a44a431c5d4c,,,,,,,
f287b623-0af2-40a8-ae84-b003791e97e2,,,2017,,,,
9784ba53-e6af-451f-9a15-8517f49291f1,,,,,,,
054785bf-0d6f-4642-993e-56f587d8d386,,,,,,,
bf6a9f3e-8747-4bab-8f49-a9f48276581a,44105,,2019,,,,
1b0e24d9-5d9c-4b1c-b46e-37dfbea99501,10,,2013,,,,
1614310e-cdaa-4d6f-bfee-900c14be81e8,40,,2022,,,,
503359de-1ce0-4c72-9d99-72f75374260c,40,,2021,,,,
6f715258-1d6d-4e46-a034-4338a31063ee,,,,,,,
151e4f6d-4aba-49e8-8916-8e77cdb49147,80,,2024,,,,
1d6d474a-1ab8-4939-964e-c6f9ff49abfa,,,2016,,,,
2bdbbc17-c188-4004-829b-79341341c59e,20,,2018,,,,
853583c0-41ea-41d0-b3cb-ef198c777bb8,,,2023,,,,
20f083d2-2782-4871-a25a-946cf88ddd33,10,,2006,,,,
2298cc1e-2b63-455b-b789-6c60d1e345b7,10,,2011,,,,
520bf9ec-b228-41e4-aafb-0adadd0394ac,,,,,,,
2d356a17-edba-4e32-8396-2c3becb6a00a,800,,2005,,,,
7dcd9e48-3204-4bab-ae41-1cacba8b7647,10,,2020,,,,
4ca097dc-9178-483e-bdc7-65237837b628,,,1996,,,,
5d7fd8fe-902a-4ea4-889c-652a6b59da51,20,,2013,,,,
d8a80546-8cfe-4f3c-837c-e4391749a944,,,,,,,
ec052a1c-9e6d-4615-9dbd-040538792acf,,,,,,,
a1981a32-2f3c-43e0-9e02-2954ee829f31,,,,,,,
0ebf2e77-b8c3-4998-93d9-1959db65dec0,,,2016,,,,
0836d83f-d84d-4ccd-a9d8-6e7b5244bfc8,160,,2019,,,,
4063095c-fe3a-4258-966d-9504fe7e0881,10,,2019,,,,
60076103-8da8-4c1b-a351-168a82a166c2,10,,2022,,,,
b13eff05-1a8f-43d5-a34e-0db944cdd1e2,10,,2019,,,,
dfaf297c-560f-4924-93f2-c3962ef9b728,,,,,,,
e66aa83c-d57b-470e-9d93-64909753e6ef,40,,2019,,,,
b9c862d0-3c1b-44c4-884d-e2e3feba52a4,,,,,,,
eff1ea84-eb37-44da-979e-17a2fd614ea9,10,,2019,,,,
85494df2-2108-4123-9cd2-4c2a8ef66e95,10,,1939,,,,
02b97346-e2f9-4bcb-8e43-ca847b1af3ed,40,,2019,,,,
5cf32682-81a3-4e72-907a-0225eee2343e,,,,,,,
e0fa87bb-102d-4eeb-8e2b-788548f06a25,10,,2009,,,,
8bb5c3a9-f8e4-428c-864e-37eb765dc1d3,10,,2018,,,,
10ea04b4-3e5f-41e5-b814-609afaa054b2,,,,,,,
d45e7752-e771-4dc1-b861-d62ec91023c7,,,,,,,
d4ab8b21-a599-4913-8d51-1b3671805fe2,,,2018,,,,
3129d54e-e0a7-4d06-bcd1-28c7a3bb0247,,,,,,,
36e353f2-17fe-4b4c-b62a-db3653101066,40,,2012,,,,
5b6f2aef-fb3b-4d29-a140-957067eb1c77,80,,2012,,,,
68853ef4-797a-4b6f-8326-62ffb12006de,44105,,2014,,,,
d556c26c-2a27-4152-881a-dccb13d273e6,10,,2008,,,,
202974c3-bb99-4606-a9df-3acaf97fc403,10,,2020,,,,
967cf03a-6afc-4f31-8c8f-96fb68e7cf0f,10,,2023,,,,
2dae1a13-12ec-4a15-b2c1-b5a932f6d1a0,10,,2020,,,,
87fd4024-5953-4a82-b443-32ab625d7efb,,,,,,,
d97ef9c1-d4ad-4f39-b7fd-1cb7dd120b74,,,2016,,,,
8dba2294-6d34-48a3-8552-d71a5949a955,10,,2021,,,,
ffaea16a-d14c-49d3-9905-f3d09589fafe,,,,,,,
8cc87d99-11c8-4c4a-98e5-29a31fa27d2e,,,,,,,
6beac2ee-d54b-43f0-8c5b-266b627b18cb,40,,2001,,,,
f70d6a96-eb73-49e1-815a-a005fecce895,10,,2019,,,,
6b737e45-52e2-4dd0-9e7f-56eb0114323e,,,2016,,,,
25fc91f9-cfb1-47a1-ac15-b82f1236da42,,,2022,,,,
0e0ff1c9-0dd0-4843-8bce-9afaf07fd96a,,,,,,,
8c2df6ca-2071-4644-a545-48b6d710fc49,,,,,,,
49867397-ae1c-49b6-bae0-95da49b42d9d,,,,,,,
e9550d65-cd80-41cf-9a02-e6cd98776bc7,44105,,2009,,,,
85d039f0-5e4b-4ea7-aded-29921b103cc8,44105,,2014,,,,
3c60fe5a-b137-43d5-9d41-6100f5433db6,10,,2018,,,,
be3ef8b3-7477-4e3c-b42a-e69e3a5188a6,,,2018,,,,
062f90b1-f5a1-4d84-9f2f-33f2d344574c,20,,2018,,,,
180aa5c3-e206-40c1-be84-03a13f44d95b,10,,2019,,,,
48bc8bb2-20e9-40e0-89fd-34b5de22d937,1200,,2021,,,,
e92af47d-fb48-4b0b-bc24-4c41f0ea5a7f,,,,,,,
27c7ed09-146d-47e7-83b6-6618ef1ad0aa,44105,,2018,,,,
97bb530c-ca1c-4f01-854a-3a82f077917a,44105,,2018,,,,
634fdb8d-2a3b-406c-8823-d84ccef65eab,,,,,,,
a491a643-96c4-49ec-8886-bf2ee9d6e088,,,2019,,,,
d59920ab-b027-4924-9984-bd2894a5237e,,,,,,,
80471736-106b-4fec-9948-e968afac20dd,10,,2016,,,,
637e8f2e-460a-42bb-8465-83491060986d,,,,,,,
5c977663-db4a-4889-8284-b455879bdc94,20,,,,,,
9265b2e7-d2c2-4488-bac2-7209238e6038,44105,,2020,,,,
100cb07d-4948-4342-9db2-70fafa842d09,,,,,,,
2c1dd040-c9e2-4bb5-8201-abaa85afec41,,,2019,,,,
bd9961a8-1b2c-48a1-9e7c-1093d694f730,,,2012,,,,
769579e7-f665-48e1-830f-8becf554c2d9,100,,,2009.0,,,
1c93d068-6d64-47c9-ada2-355d253d9beb,,,,,,,
c3563e22-7aa3-4619-9b77-ac1615166602,10,,2020,,,,
0d2ef685-30ca-4ca7-a98d-95eb2f24bcc4,,,,,,,
238d8f8d-9556-4fab-a629-26e50c0e3542,,,,,,,
baeed1be-789b-49fd-8524-9f6a62e87d27,,,,,,,
e6c1c307-d417-42bc-b7c2-0cd54c18d174,80,,1999,,,,
cfdaaad7-8219-4a06-bc76-f585febe4176,10,,2005,,,,
e691e67f-64a3-4d92-9061-b8fab30f6c31,44105,,2021,,,,
3831a244-01f1-4b87-ab04-17d1466486f3,,,,,,,
9244fbe5-f581-4787-972b-9ebcba2481ad,80,,2016,,,,
eaca0c8e-439b-4a7c-b455-c2469397111a,,,,,,,
e0a0da4b-61c8-49d9-9b36-6df58a58e79e,,,,,,,
205f955b-e417-42f5-8b19-d1c738c65ccb,,,,,,,
3e427620-539d-4449-bf55-d731422da5e4,,,,,,,
0945c5e3-0eee-468c-b8f5-7dedcd7e4b41,,,,,,,
86acb327-0ae9-49e7-8e94-a6b5b154a01e,,,,,,,
b5460805-acb1-4a0c-b05b-2cbf2b3a5514,10,,2017,,,,
2781d39b-146e-4448-a383-e7dc3abd7d85,,,,,,,
e8cf9091-931f-45b4-a453-c6614bb520ab,10,,2016,,,,
ef87db92-3864-4b91-ac32-1b35657cbc23,10,,2005,,,,
c4c2d6d1-d28b-48bd-b4f3-fc3e5fa384b7,44105,,2007,,,,
bde87b16-e3b8-49f8-b641-21bf4d9b1443,,,,,,,
d6460d2c-b728-4a79-ac22-3bba13d71f16,,,,,,,
0fdbdd87-d566-465d-9856-6080eb0da1a6,,,,,,,
7aaa1a5c-6b09-4d6f-8d07-e42bd22c7a84,,,,,,,
e9c235fa-f837-4f02-8538-9eb8b5f6fd83,,,,,,,
4048f53a-03da-463a-b762-7e69aeb73ea5,160,,,,,,
0457a9d3-462c-4af6-9da0-d84a2ea0c569,,,2023,,,,
f3882697-d971-44d8-b01d-6aecb3091737,,,,,,,
7d650dca-df8b-4219-b35f-530279f78d7b,44105,,2010,,,,
75d4deae-0256-4115-82b0-e05ac6f159cd,10,,2021,,,,
3a115f4c-05df-4787-9557-39df180a6b6b,,,,,,,
cf748107-b855-4aa7-aa13-7e31586fffe3,,,,,,,
1b84ec19-5fb9-4087-8fa7-10c161a9156f,,,,,,,
f3d2b489-940c-461f-a00e-f489a48ac259,,,,,,,
882c2f7d-4128-457d-b8b7-ad9355390c31,,,,,,,
81dfb7ef-434f-49e3-b162-c860ad188091,,,,,,,
f0d16f3d-3dae-4f39-aac4-ff6e28ae80f8,20,,2005,,,,
e26e1006-9bc7-471b-a941-441ece2c386b,,,,,,,
770806fc-1d33-4fcc-8c58-6cfaaedfffb8,,,,,,,
318ff1b7-7cd8-4841-95c1-1261d6cba0cd,,,,,,,
fceddc00-fab6-4ab5-b4d1-e59c873544a5,10,,2011,,,,
e5cf947e-3aaa-4c11-a4ec-dcde9719f36a,,,,,,,
69bf4348-7dc1-434e-97ff-91b04a3813dc,,,,,,,
51220a45-6fab-4486-a58a-0e9fb94920b1,,,,,,,
3db31307-0a09-4017-99e4-77078b24977f,44105,,2018,,,,
a7eba6dd-da86-4c11-8fb0-7777f6bbe9b3,,,,,,,
e692ab0e-c042-4bba-8f6f-f1f8818e9524,,,,,,,
f666be8b-6d4d-4238-b91b-c8427cced688,,,,,,,
406220bf-ebb8-4585-8c20-816004c83a2a,,,1996,,,,
9be962ca-435f-409c-8405-7c258a5e4540,,,,,,,
d729e1da-3192-4c63-b002-295d95108206,10,,2017,,,,
ef796d0e-41d1-49a9-b18c-e3bb33c828c7,,,,,,,
9046587f-af6b-4754-a11b-0de9a917a5da,,,,,,,
053d455f-f348-47a7-abb5-1f0aa90800db,20,,2019,,,,
340660f7-d55a-4a46-b7aa-cc571a54ee8b,,,,,,,
b8bab8c8-4073-4c8a-ae59-88aeb7f38034,,,2007,,,,
621a3355-74b1-43be-acbe-da7478db825e,,,,,,,
3dc42170-96e0-4a96-a099-1ef7494cf6e1,44105,,2010,,,,
dbf804db-4b49-4aa5-ad9f-2434275ebe70,,,,,,,
7792e759-bf79-4fff-98e4-b69f4bd1d892,,,,,,,
fb1728a5-2463-480f-a478-c9f5246ebf78,10,,2022,,,,
312eb8b0-0c26-42b5-bc97-65bd2f9edb56,,,,,,,
35d98fcf-d37e-4986-adb1-5ea6f4d648e1,10,,2020,,,,
ba7fc149-0aeb-4ee5-ba77-0d3ce433ac6f,10,,2020,,,,
845f854d-486a-407b-abdc-9eee1a9d5e0b,,,,,,,
6be8a4f6-2ba9-4206-bd3a-41621bd3faf2,,,,,,,
b9f325f7-a411-4a9b-815f-2a1114f121e8,,,,,,,
f972c1fa-df77-4dfa-a12f-852db41b151b,,,,,,,
a50c051e-00d4-40d5-80fc-acafad618301,,,,,,,
f35f9205-3445-46fc-93a7-70754bbb831e,80,,1996,,,,
b6928231-2f7d-4312-a104-6c4f4072639b,10,,2011,,,,
068db058-9b57-4f92-a6e8-3b8040ff294d,160,,2021,,,,
ba807709-b813-4de7-b718-ab7b0632caa0,,,,,,,
b89c4430-fb8d-4b2a-8682-bcb3995c63b3,,,2013,,,,
5dddf3b9-e2f4-4ac9-9ba3-7d9876518fd1,,,,,,,
077d3a73-f642-4552-a99c-0f7ea7527d91,,,,,,,
8a1ff7c2-68de-46c0-95af-2d35883eb196,,,,,,,
160623fb-ddfa-4509-ac87-d68e8fbedb69,44105,,2012,,,,
f40db21d-f1e2-4e76-a492-7e39faa748b0,10,,1994,,,,
700738d3-0a9e-4552-aa3d-7bccf57d3cee,,,,,,,
44ddf9cd-a3f4-471e-b998-a16a0c6c68fe,,,,,,,
fe014b94-3e36-4d7a-b8dc-40a9609646b7,,,,,,,
042a2855-069f-468e-a8fe-9fa9da0a2fbe,,,,,,,
acc8868a-11f0-436d-8fb3-be31dd039824,,,,,,,
b05d00c5-b8cc-40a6-af42-7aea157e6900,44105,,2002,,,,
e0876123-c161-41f6-8884-58faf275c69f,,,,,,,
9ec8ca99-4c65-40cc-9c95-a2bbe3ced478,,,,,,,
1b8e6d6d-113f-4e77-957f-01e3bd52578f,,,,,,,
9e086037-cefe-425f-a357-1d6690f12dea,,,,,,,
b63fae1a-caa4-4f9a-9604-52d7cff8c9bd,80,,2010,,,,
f4cec09d-2547-49fa-ba46-b389675c429d,,,2018,,,,
ded5e446-f2c4-47aa-bd29-91730a7739bf,,,,,,,
a6902c41-259d-4c02-890c-9d26dbf44def,10,,2022,,,,
b7d63878-614a-4693-8c99-7e3d0fbe19c0,,,,,,,
3d73bf80-6457-439e-8cd4-5430ae98b975,,,,,,,
5cf59a22-393b-4156-a2b7-16c15eeaa7bf,10,,2013,,,,
4bc6f019-460b-4f53-a1ee-e195d6c6d2ba,10,,,,,,
2f924aab-43e7-45fe-93d6-2eb1c6193ab7,10,,2004,,,,
250f66f9-35dd-44b5-8f9a-c1be3e798460,,,,,,,
9b8f1b41-8380-4e75-9886-2b2c38aa6397,,,2018,,,,
e9f40097-07b0-4914-9bac-82666fe10813,,,,,,,
ad81ddd4-c599-4d34-bbb9-58130ba44c4e,,,2013,,,,
7f387838-b43c-4b61-845f-b2265fb3687b,20,,2014,,,,
01a72b31-72fd-4f4b-8510-4316ff2decaf,,,,,,,
7ac0098a-aefc-448d-be62-36d3714e9fa7,10,,2005,,,,
18a3d7a8-0ded-414d-8ab5-bed4626a4bd1,10,,2020,,,,
e1f6f025-556d-4820-82dc-063bf63e0121,,,,,,,
6e99e9de-a3e8-4b5b-b490-5eca725bb890,,,,,,,
a326f9a4-1e09-4af4-88d1-8e437ecc4ab0,,,,,,,
36e2d828-121e-420a-8965-b03adc307e7c,160,,2018,,,,
6b0c4895-46c1-4338-a308-67d457cd2c27,10,,2018,,,,
77eb3c30-4f86-455d-953c-556e71e3b5e6,,,,,,,
9baa2265-151c-4a03-bd67-c354c2955958,,,,,,,
25edcefb-3ec6-4291-8de2-802223ddb0df,44105,,2011,,,,
e6ae8cfd-5609-405d-84d0-eb2cd7dfb602,10,,2016,,,,
da08f848-e342-4296-9b01-88e9fd6f60c8,,,,,,,
24c57300-df31-4c78-866b-92fd3d34cc89,10,,2019,,,,
06641609-8d1f-4941-b037-5ed26c8445ef,44105,,,,,,
56e2a6fd-0ffd-4bc1-8215-017d0f6552e2,,,,,,,
189df847-5c96-474b-95a6-157306476b4d,,,,,,,
b0e1c1b0-2b80-496a-a4e9-887f327e006d,,,,,,,
32047847-ba3f-491e-88c4-c991c5daacdc,,,2018,,,,
2e674620-124c-48a6-8ed4-66ce3d32f744,10,,,,,,
b1ef131b-bcab-476d-970c-a59289f935ef,10,,2020,,,,
b90e3faf-77d4-441d-88a2-67a9f4a9d03a,,,,,,,
66324a4a-68b1-4a0c-9f9e-0268a53f724a,,,,,,,
838261cd-1151-4d22-b47f-917c600c6a9f,10,,2017,,,,
7cd5a7a0-a2b8-4ac4-a744-d726c09bb2f2,,,,,,,
9f92ca7d-3106-4cd3-af1b-83475cc000f4,,,,,,,
924a000c-fe70-41bd-87c2-52b88cdd93bc,,,,,,,
c7ec582c-9725-4ecd-8978-9753f2481d69,,,,,,,
b9384c60-a7ef-436b-acb6-8bd3838bc60e,,,,,,,
3ba35f12-ac66-4960-8ce6-88fbba3534a7,10,,2004,,,,
e6624378-4692-46ec-9109-73be35ac872d,,,,,,,
4d85b217-18e1-4a50-8056-bfb8e07658da,,,,,,,
3e0192de-3758-492d-a303-21e94554e8b2,,,,,,,
2a08f1d2-7cf6-4828-8e4c-c87e4a7f5065,,,,,,,
2fb23263-7912-4e25-95fa-6e731e792183,,,,,,,
78f92764-be1d-4eec-8a7d-eaa8fb4e1733,44105,,1989,,,,
e563a68e-5a9d-47da-887f-986daf7d8d20,,,,,,,
d0fdb033-801b-4ae2-8097-10c1021aff96,,,,,,,
1b8c3826-ce49-4807-b967-b7ca4e81f2e0,,,,,,,
58edfc0a-63e1-411c-bac0-7f157fb165da,,,,,,,
10c97c82-1b55-4e96-b72b-a6a6c0478864,,,,,,,
a70a8b5b-6da2-49ad-87c6-08dd6fa5b76f,,,,,,,
409eb261-d477-4627-a2ef-0aaa69ea5f4c,44105,,2004,,,,
82f8495d-2b15-4fb0-ba3d-481bb33eef2c,,,,,,,
5e26a2f7-46e4-45ee-b74a-99adc60cf62f,10,,2006,,,,
dc4fded0-7ced-4568-809c-0e9b214ea771,,,,,,,
281d6596-487c-40cb-b1e6-7b75817e2dd6,,,,,,,
5a81ef5b-bbf7-4f82-82c5-f4afe94adfd9,,,,,,,
f1b3d902-3616-4702-855e-d9b961c10cab,10,,,,,,
8df69cdd-2574-4f8d-a786-e16d9612e34d,,,,,,,
1ec1c717-a08f-4a2c-9c1d-4258c80a42eb,,,2025,,,,
4bcfa857-b242-41a7-a67f-38879772b395,,,,,,,
d45394e6-ef00-4927-a611-db808e09f64a,40,,1950,,,,
d606ac04-95ec-469a-8fce-1bc8aa070951,,,,,,,
f536a6f7-a39a-426d-8e0e-10a067b859b9,,,,,,,
77e459d0-0690-4a80-afc6-86265f45f51e,40,,2015,,,,
467feecc-efae-44fa-bd8c-f63656861b07,,,,,,,
892deab2-2df3-4670-934b-dab9b16c7b8b,,,,,,,
c5f1a4c2-1e09-4c96-a420-bf09f6a0c503,,,,,,,
58c158cd-4f87-4139-b1de-256940ae0308,,,,,,,
e7db9645-fbfb-4a9b-969c-6ffc85300761,,,,,,,
3d10c021-e813-4c02-923d-333adc836188,20,,2011,,,,
97c8b98e-a26d-49c3-8a51-4ffa43077a53,44105,,2016,,,,
e0e87c08-ef81-48f2-81ea-628a50037ea6,,,,,,,
84196b02-243d-4d01-9dac-a48c3a038ae7,,,2013,,,,
444ba78a-80de-41b3-be3c-af8b7e606160,20,,2019,,,,
61b25946-074b-45ca-9423-1818f099fb2d,10,,,,,,
210d63e7-5247-4030-9110-6f9f51e9e505,40,,2015,,,,
809da34b-95f5-4ff0-8784-5ed6625db24c,,,,,,,
9317be9f-53b5-4b12-ba41-a3df2308a4ef,10,,2017,,,,
19b0bd50-e8dc-4c7d-b4db-b18fda0ac22e,10,,2022,,,,
ee845faa-8b52-4363-bc0b-30ea5ff5fbf5,40,,2016,,,,
f3833f32-fc8d-4ee9-ac05-7a04c5c06c52,,,2012,,,,
0fa5f493-d64c-4a8e-9cab-e3d628b135ce,,,,,,,
12e776c6-ee80-4c1a-8d30-020603c47614,,,,,,,
9bf37622-e59c-4760-8635-33ac941ed453,,,2021,,,,
e3933e0f-40bf-4f1c-ba14-6808e2fd2af7,10,,2018,,,,
2f3ec754-b9c2-4421-8ea0-2cd9d55bb57c,80,,2015,,,,
ed46ea93-2a25-4066-8471-7c67c67eab60,,,,,,,
fa8a92c1-0be8-4b1c-8457-aa690123386f,,,,,,,
6e81fac4-ac6f-4964-b18b-50c516c30615,,,,,,,
72555933-3b76-4ad3-bcf5-4ea806655e19,,,,,,,
f2d01da9-1eb6-40bf-abe5-884dd6a4b490,,,,,,,
e8d75551-b5ab-42da-a421-2ffd21919ce7,10,,2017,,,,
cb2c70d3-9162-4edd-a5bf-c14837dc133e,44105,,1995,,,,
28a2aa35-ceeb-4fbc-a1d4-12ceacbf1d10,,,,,,,
2dd75aab-eb64-4000-80e7-badc42e1e87c,,,2024,,,,
09ba138b-ffb3-4dfa-b746-0f41d40bc4e6,,,,,,,
c2d91b52-034b-49b9-b905-693c3165e5ec,,,,,,,
fb659c48-d538-4863-9a7e-ba6d126b02c8,10,,,,,,
d838816a-83aa-4c1c-a4ee-510f3fb53ae3,,,,,,,
599c516d-81b2-4582-8448-d4c1f3bd6277,,,,,,,
3e613ff2-228f-4f34-aad7-c3debe844166,,,,,,,
08852d4d-981c-44b8-bb54-8b540d859140,,,,,,,
57bb483c-68bb-4275-8657-a894bc3beff4,,,,,,,
89246480-75d4-4c5e-8df0-fd8a8fc54c74,10,,2000,,,,
0477ef0e-8f4f-43d4-942f-281aa0919cbe,,,2019,,,,
348ac824-d296-4c99-9b4a-655ab1a115b5,,,,,,,
a1c5a0c5-b832-46d4-983f-f0bcaabb606a,,,2018,,,,
1f49b55c-a12d-4dc6-833e-bb26df2c57c4,,,,,,,
9b7f8fe8-0ad8-43bd-a567-b363f1cedca7,,,,,,,
19893165-8e50-43b9-9d33-16a486c987c6,,,2018,,,,
c29160cb-64aa-4ea3-8154-3ec56586ae4b,,,,,,,
f825ada0-f526-4707-b48c-b1667d89d6df,,,,,,,
fc23f926-6846-47ec-b5aa-076a339f5bdc,,,,,,,
68b8afe5-7bc9-4ce4-bde3-8ba9b50f60a3,10,,2012,,,,
aaa9c8ee-434d-4720-b1f1-136f181acb01,,,,,,,
1752b46d-3ca0-49f5-bb87-2a20caec03d8,20,,2000,,,,
1ba006ac-3aa6-48e0-b881-b1fff1b3d38d,40,,,,,,
3e5098d9-89d9-4bf2-9ac8-9d202e9e0255,10,,2013,,,,
fb8fc840-214b-4664-8153-fced838f804b,44105,,2015,,,,
fd04f023-cff0-47a7-978b-8e75a9f7a2a2,,,,,,,
b5fae857-14b4-4aad-9d05-5b488428777e,10,,2012,,,,
255ef205-498d-4770-a845-c9e06ff20186,44105,,2010,,,,
a6f8b3fd-dfb8-4876-b135-d278efb6f1f3,,,,,,,
28352a48-a948-4a0e-bf2c-da3f6b4a0b55,10,,2018,,,,
e07a504e-14ee-47b4-948e-a4eac52c262f,10,,,,,,
c4b3a8b2-5058-4cfb-925d-88ec95ffd834,,,,,,,
7c806aa1-be04-475f-bdac-ce68d996a38f,,,,,,,
dc685106-c76a-43b2-8814-ddcad924d2a3,10,,2021,,,,
848a2b5b-4768-48c4-834b-36abf351f26f,,,,,,,
eb7135a4-99e2-4475-ba88-ef1866ddd5d7,,,,,,,
c831b445-7049-447f-a707-e90c80aa8f0b,,,,,,,
3444da02-3477-4daf-a390-67d2d5620cf7,,,2014,,,,
5d4b78a4-9190-408b-9f89-3218c6ab1ef2,10,,2016,,,,
df15ab03-7a49-4c40-afe0-8daf44d15a62,10,,2021,,,,
1b0e5fbe-4640-4a9d-879c-72cc1c9aa4a0,,,2018,,,,
d8532fc5-48d7-4fb5-ba8f-5d53cfa0d3ae,10,,2016,,,,
1304086e-f88f-40be-8d2b-4ae7b103d67e,10,,2015,,,,
1a625c4b-3c69-4474-bf5a-157916c79b29,10,,2015,,,,
49f6affd-baf6-4627-af9b-8013880bdc42,10,,1999,,,,
859fa1e2-246c-4479-9743-68db1ae44794,,,2018,,,,
52b1540b-d098-4eac-9191-54e03dbf6d7d,,,,,,,
57c7c802-b87f-4d3b-9970-7aced5e4b9ef,,,,,,,
55535d31-096c-43f2-b6a1-cb814b62af2d,,,,,,,
2c69320a-a686-4fcf-a618-9fd595f0cac8,10,,2018,,,,
4d31d3ff-3ed8-4910-897a-dd602ad8ccbe,10,,2007,,,,
1dd34dc1-1e74-4a4a-919d-28b297809af9,,,,,,,
c5795cb5-b992-4247-a0e9-445a2bdcf8d5,,,,,,,
95c5e851-bc50-4fdb-973c-b51313621c15,40,,2018,,,,
f6a17497-2dc2-4617-975f-9d1bd157c51d,,,,,,,
c1ff38f5-1ed5-48ad-95a1-fd45936c7a72,10,,2022,,,,
875c1907-adbe-41ba-80d9-61c69ac37baf,,,,,,,
fa6f791e-f7fe-458e-a88e-e6338b8672f9,10,,2016,,,,
5a1dc645-113a-4aab-8c40-b070d3532492,,,2017,,,,
92a960b4-c10c-430b-b446-8ce4a261a6cb,,,2017,,,,
4812b1a7-e708-4ec5-9bfe-8ce84e76b4ea,10,,2022,,,,
f102f818-0f5b-4d15-b691-2cd73a366e02,,,,,,,
85f946bc-7810-42eb-bd6a-435977a86c95,20,,2012,,,,
881ee067-a0fd-412a-b276-1bd24b7775c5,,,,,,,
059b071e-862b-496c-9bb2-abaeac1e88d0,,,,,,,
5c68f7ba-3aeb-42df-ada2-7cdeefffacd3,,,,,,,
911443a9-303e-4426-90b6-7da80d9af9bc,,,,,,,
b1b7e99b-4665-45c7-abf5-c0c69214ebcc,,,,,,,
b32e0c70-fda7-4571-9e43-fca169e84bbe,,,,,,,
161754d0-4251-4efd-a7e2-0d0e96c4fd36,10,,2004,,,,
26368137-e4b6-44b1-8524-864985dd1c00,,,,,,,
111c85e3-9df3-4a04-b3c8-40cc4c8f2eb1,10,,2018,,,,
fe36ef4f-7ee8-46aa-b89c-b3c9b7f3982a,,,,,,,
c363e89c-5600-4d18-a69e-82def6231b38,,,2021,,,,
b65ce8ee-0aed-4adf-928c-f051096986f6,10,,2024,,,,
6d3c1888-06af-42cb-8f6d-bd51a2fc9ac8,,,,,,,
d8e8dfe7-f2c1-4f15-adb7-ff48ea44f3d0,,,2019,,,,
6347c074-8a81-419e-bb5a-16b6d0496823,160,,2017,,,,
fbea76eb-7d0e-47de-9fa0-882b849fa833,10,,2020,,,,
6bb127d0-0d68-405e-8ab2-a54c46d8cd41,10,,1988,,,,
070b7c45-7cfb-4705-829f-d651a25a9478,44105,,2000,,,,
00aa0a73-c430-43d5-8d30-c60a92d498e1,,,,,,,
19358bc3-94dd-4584-8f93-6c784b5c4c56,300,,2017,,,,
8ebbce63-0dcd-41ff-ab3a-1860f4fe2eed,,,,,,,
6a3cdf00-6328-4046-acf8-abc0e2062e85,10,,2021,,,,
01a222de-3b83-404c-ab30-3fbc4ef2637f,,,,,,,
12d498a2-dde7-47ee-9fd6-4bc3a7111e6a,20,,2002,,,,
4e2f05d2-f864-4d3e-812d-01e497ad3e2e,,,,,,,
e74c2162-331d-48e7-94fd-f6a03d1aeb06,,,,,,,
9c9938f8-ab98-4336-b8ba-777daefaa633,,,,,,,
526bd50d-16fe-4817-925c-251876212a9f,44105,,2003,,,,
2c8058b9-32dc-4f1e-8e72-8633ebef914e,10,,,,,,
b7fb16e0-8977-418d-a701-58fa584ea9e8,,,2022,,,,
d483ea25-8806-48e7-ac60-4d43a5b51da3,10,,2018,,,,
c602bd98-b2e8-488c-aa0f-2d003ddfdb11,,,,2011.0,,,
16278a3d-2de2-42d0-a714-3807ed1f4271,10,,2001,,,,
c358ce63-c231-4fb1-8e0c-65feab4fee8b,10,,2023,,,,
cd4f03b3-6be4-4905-a706-2c990cb28b15,,,,,,,
017dc866-be63-4b08-bf88-13599fcb9a45,,,2021,,,,
6d462917-013a-4a4a-bbf4-081e3aeabaee,500,,1993,,,,
25b6f56f-3827-4a02-bab4-6949387f2986,44105,,2018,,,,
9c40ad04-7b89-45b0-abbd-bd8353b1bca0,44105,,2021,,,,
8cf02dc4-d6cf-4995-89ab-c066840403b2,,,2023,,,,
44f2a949-6d89-40e3-872e-378dbf6fb7db,10,,2025,,,,
62b61893-cc1a-4150-bfbc-3b88b55b0452,80,,2003,,,,
4a278491-9904-4063-87c7-b07fec51bf84,10,,2019,,,,
0ad13837-36ec-4293-8015-0b52ed088dc7,10,,2006,,,,
77cbee4c-6e30-4aea-92c7-a549f048e5e3,,,2014,,,,
34342e4e-a52d-40de-88dd-3b83f12d68f8,,,,,,,
db4a8bc8-89c8-43eb-834b-dbf68ba63f49,,,,,,,
d377b594-070a-4130-a451-c347daa9ebff,10,,,,,,
7ebb83eb-83c9-419f-88e1-6f5a19585142,,,,,,,
bd63df96-b521-44ac-aab6-4f9c1ea3abfb,10,,,,,,
051d88c6-1325-4268-8568-6410bc7c642a,,,,,,,
3142498a-039e-46d5-9f5c-a2cd704a3035,,,,,,,
bbe4882a-d19f-48b9-84b9-9c90b6f72dfe,44105,,,,,,
c8dec53c-451c-49ed-971b-93353be93666,10,,2009,,,,
b01fb27a-b309-439e-bbe3-1ee26047fda3,,,,,,,
880a9723-1f6a-42b3-be2d-2ed643c3c61e,,,,,,,
17f47bdf-9821-4dd5-8b83-f5e29e84cc84,,,,,,,
7f0ebd86-002e-47ad-a00a-0914587e80bd,,,2023,,,,
84d7cbe2-c11c-43f9-9355-8de2b7a75deb,,,2018,,,,
80674ec6-1d07-43de-80e5-a77f94b794df,20,,2020,,,,
9f2d606d-534b-4c00-bfe0-46a88383d29f,10,,2016,,,,
8cc088bb-e39b-40f2-a713-562631ef0779,10,,2020,,,,
ca8758eb-31d5-4cc7-bbc7-98aba58dae4c,10,,2017,,,,
7ef5d50e-bb96-41cf-ab35-2f351579627d,10,,,,,,
6be49ddd-f93a-40f5-8fb6-9390b93fb8b9,10,,2010,,,,
2dac2bdc-6819-4f25-908d-a28851f3951f,10,,2004,,,,
8147c5e4-1de4-4e02-b011-7cbdc0a39a3c,10,,,,,,
7142e632-8995-4db8-9ffb-aa93a6d468b2,20,,2017,,,,
e4a4caaf-5323-4ee2-8565-80278784b1ca,10,,2015,,,,
d5967a3d-654b-4330-b377-1fe4a1296c0d,10,,2019,,,,
5d2632fb-f3a6-45a2-9605-391fddef8f54,40,,2011,,,,
8a8b5502-240d-4508-80b0-9c70a58d7e24,,,,,,,
47956f8a-fa62-4886-8c35-fd35709a92eb,,,2011,,,,
81d400ba-34a9-4414-b5e7-4025e86bfc26,40,,2011,,,,
974b1136-8ab1-4e1c-83c9-6bd24452fec5,10,,2008,,,,
c244769a-fae4-4e57-bb91-a696cf5751f6,80,,2020,,,,
5a03a741-c9de-4cbd-85ab-d2767a164f1f,10,,2014,,,,
7fb60fef-f7ef-454d-a7ce-589c1a9565b8,,,,,,,
b7137e7b-c8e9-48b6-9f43-b8582ae92191,,,,,,,
cb81ff43-5d17-40de-99a3-e9fdc99ef485,,,2019,,,,
73a16695-6e20-4e69-8fd2-3445f1c67521,,,,,,,
ce80786e-2286-457b-bab9-5e64d7703f7d,,,,,,,
d43fa09d-7db7-4200-a2f3-ed9157de4b2e,,,,,,,
85007276-e780-41c0-a0de-633f609510e5,,,,,,,
dfdc69a5-7599-4ecb-9d7f-41818f5a9af6,10,,2019,,,,
4ea87a72-818c-4d73-9630-01002443b65e,44105,,2017,,,,
ccfd9182-0fb0-4eac-a492-4b7ea70bfa69,,,,,,,
4bc17d31-66c9-418c-a4cc-a335db3ca6de,10,,2016,,,,
2e311700-33a5-4aac-a464-accea5e42968,,,2017,,,,
f1abfa89-f74e-4056-920e-4125f65e5c5c,10,,2005,,,,
4e9e7e90-15db-4cfa-aed9-3a40b7f98aab,,,,,,,
c6f01a52-9f87-4334-8ff7-639bc539336e,,,,,,,
409b349b-8198-4fb0-af8a-e1874381cc78,,,,,,,
f240d842-38f4-411c-b645-7ec30664b4ae,10,,2024,,,,
86a780e8-cc03-4b34-a2c6-241fd9877170,10,,2018,,,,
c3fef5ee-7fac-4436-8db9-6fdab4c8b45b,,,2018,,,,
06344570-6577-4381-bf70-6ca0d69e9918,44105,,2016,,,,
f3c47250-70c4-4d97-bb97-03c1027917d3,,,,,,,
9c68fe3f-d08b-4ba4-9269-42d2500720fc,,,,,,,
02d9f72a-c5e0-40ab-8eb0-284c44525976,,,2014,,,,
71000701-3de7-4174-8e53-af60473846f2,10,,,,,,
2d079776-cd42-49b8-8619-016553048088,,,2016,,,,
c46c22cb-6bb6-4e95-b2e8-b8c30400c0b0,,,,,,,
6dce8f4e-c0a2-42a9-9eb8-98a4ac57fda0,20,,2018,,,,
c4b28cae-0fdd-4c6d-8b52-119f7a5cae9c,,,,,,,
25656236-1968-49da-a6d8-32ffdcc6888e,80,,2013,,,,
3f10d379-f847-4ddf-baf9-271767d48599,,,,,,,
94cd50f6-63f9-464e-8476-f6076e35850d,44105,,2014,,,,
abfd5dc4-c60b-4339-a3ea-b43286ab7678,,,,,,,
8df52cfd-63bb-4fd6-8f61-6a994ea55cfe,40,,,,,,
6a9e7f92-6b82-49b4-9749-e54dc370ae4e,,,,,,,
9c389b22-2883-44a8-a9ad-20a456d7ef06,,,,,,,
d9da3ea1-997f-4b4c-a39b-fcf836feec85,80,,2007,,,,
29eb7107-c506-42fe-a43e-2bd442f38418,,,,,,,
58485e33-f7af-4fab-a98b-421f01ca4183,,,,,,,
d3c500a4-284b-43a5-a422-8d8b8f138096,,,,,,,
0820b858-896a-4a9a-b403-e32120c4e28c,,,,,,,
ef06db34-7a6c-426e-b65d-973bc962dbe9,,,,,,,
9b99de95-4dac-4010-81d6-009c7951c50f,40,,,,,,
eb40aad3-cea7-419e-83bb-c7cc83e1d858,20,,2008,,,,
b587fa3a-dec3-48ef-99d4-ec0206ca50a0,4,,Retail,1972.0,4.0,,
14ed9511-0931-46af-aa6d-040ba9a9a945,6,,Retail,2007.0,6.0,,
b31ec6d2-86b9-4f65-be63-79b02fb3d1e2,19,,Books & Publishing,2008.0,,,
e50dac1b-d9eb-4314-b8fd-eaf3c11b6331,2,,,2007.0,,,
27be0520-0706-45f6-a04c-3c0e83c8ba3c,,,Books & Publishing,1972.0,,,
a36445f5-8d38-4f72-9942-cd0b652a555d,2,,Books & Publishing,2014.0,,,
7ab51d27-5074-4914-9794-624497dd077b,2,,,2014.0,,,
80c425d2-89cc-4359-9db8-ab86a886ff40,85,,Footwear,1993.0,,,
3edd1f14-3048-4756-b9c5-88edeea89356,5,,Footwear,2001.0,,,
4fc7d1ed-e43d-4f91-8ac9-2d432f428308,6,,Footwear,2023.0,,,
ee2d1cec-9f24-4705-82f1-3484f5458739,,,,2001.0,,,
10d50b0c-637a-4979-bece-8b41ccd956f6,65,,Footwear,2010.0,,,
75376941-074b-4773-9d23-65dfda4e8528,,,,2012.0,,,
f228839b-4e65-4793-a649-698a3e073e58,,,Footwear,2009.0,,,
a63548d1-7c29-44fb-971b-11d5fd68db4e,,,,2010.0,,,
744e8816-fc3b-495a-9906-8a486156895c,1,,Footwear,2004.0,,,
86d4aea9-b163-4b80-9135-6f1097fec11c,,,,1956.0,,,
bb993769-6b94-40af-a0a6-6f8ea7a27ccc,15,,Footwear,2012.0,,,
1ca06cf0-4bfc-4e5f-987d-ce1b981321c1,9,,Footwear,2013.0,,,
3073690c-a8b2-4179-ae61-dd1b86e0d0bf,5,,,2015.0,,,
dea85475-b830-45cf-862d-5ea1efdb62c0,8,,,1999.0,,,
6dd53969-ef73-4c21-a7a1-6feac003e5f2,,,,2008.0,,,
245b5b0e-3e17-4299-b2a3-139fd3bb4730,1,,,2007.0,,,
d99b3c4d-0be7-4172-af7c-f483e22404a6,,,,1997.0,,,
8c8c28c3-fc99-492f-ad4d-fd421ac872ad,1,,,2014.0,,,
a8a9b738-b080-45fa-962c-c6e6d82aab46,1,,,2010.0,,,
76ceaed2-f66c-449d-b76f-5442ebd780e7,1,,,2009.0,,,
796c6345-854e-4ec4-8d8e-9413da0df469,,,,0.0,,,
7736c93f-2857-4001-b006-5ad4632a560f,,,,2004.0,,,
6eb0a9e4-9a00-4b13-9dd3-0b1f13b17772,5,,,2009.0,,,
24423558-77a8-4fba-b900-9830afb93345,26,,,2007.0,,,
a8c3206e-ed01-4302-99ea-3a3aac724050,10,,,2002.0,,,
1d780b99-6b5a-44d7-98b4-c48e512615f7,6,,,2007.0,,,
215b7d94-7c1c-41bd-8601-003d4f56cc6c,54,,,2006.0,,,
696c73ff-8baa-4381-9aee-297426e6fd20,2,,,2007.0,,,
cd1841e8-ee40-462a-b49e-6ffd52a74fff,2,,,2009.0,,,
a09fe72f-ff29-4ce6-8034-3613edbc3a79,8,,,2010.0,,,
ce5c5580-ed68-490c-901e-dc8711e601e1,80,,,2006.0,,,
c21caca2-8e1c-42a1-8782-388acdc67f64,15,,,2014.0,,,
9bd71140-6426-4064-a92f-4a14a779a010,9,,,2012.0,,,
0762cf11-8bc3-45cb-8fc0-3c4e27d2d65b,6,,,2004.0,,,
fc06b3a5-67a2-4506-9ba0-172a259dcafd,13,,,2003.0,,,
b250d9f3-9ff3-4d86-8ecf-3637a56064e7,,,,2010.0,,,
6af4e6a8-4be2-4dd2-8858-f77ef58e49bd,10,,,2005.0,,,
73a0ddb0-a6bc-4358-94d7-f9b32b1adfdc,20,,,1990.0,,,
1fb13d21-5f0e-4579-8c6a-80f9f2efceed,83,,,2014.0,,,
f2d1805c-713d-41d6-bcde-2f3055424a57,3,,,2004.0,,,
7b2ea4b1-9cd9-42b9-8bae-6d9545c5a8bd,350,,,2004.0,,,
3dd27d5b-734d-45d7-8d4d-70bf3aa7d1de,28,,Beauty & Personal Care,2005.0,,,
0df5910d-5c54-4daa-8cf0-00c47d84c291,302,,,2010.0,,,
fc486a11-ff07-4f11-9b2b-0bfce18e36c8,152,,,2017.0,,,
639f177d-46cf-4452-aef9-d2eddcaa4058,8,,,2017.0,,,
e8c969a3-2ca8-44f4-826b-25ea6c0d5dc3,,,,0.0,,,
3328df78-b880-4b67-897e-301db69cfd5b,,,,2001.0,,,
ae9d5011-e6bc-44a7-8e99-b737d94ba6a2,1,,,2009.0,,,
492d54f4-03b9-4280-86e4-18228e5fb910,2,,,2010.0,,,
e4ff5586-365b-4804-aa83-433ae04eac38,,,,2008.0,,,
badf311d-0150-41d3-8357-ca236b6cc693,,,,2012.0,,,
98d867d6-cb43-4588-92e8-88105714826b,29,,,2018.0,,,
7c80b782-8c2d-4c68-8c6c-9bd3aab51c8f,7,,,0.0,,,
91bcbdb5-f4a6-4cd8-853e-dfc273329af3,,,,1992.0,,,
4d8240b4-3453-43e5-8a77-be94ad3484d6,,,,2010.0,,,
bdbfd368-f2e0-460f-99ec-ff0d801c64f5,,,,2011.0,,,
4ff9b023-a6a0-411b-a017-ade29450d7c5,1,,,2002.0,,,
6118c10e-cb6c-4a3d-a2a5-8fa00d843a52,450,,,1996.0,,,
0ce65468-09d7-46c6-8aa3-68a5df1c0ec8,93,,,1998.0,,,
a80649b3-2012-4b68-8c7a-b1dd8e0e1d0c,11,,,2007.0,,,
10ef0534-250c-4631-984c-c693bf1c950b,4,,,2008.0,,,
940b9b84-1948-4c36-bfaf-0e27a0a98c5c,6,,,1998.0,,,
e886fe5b-6535-450d-9112-adfe820c7445,,,,0.0,,,
f5d59204-f4f0-48a1-a460-a6546e4bf94c,1,,,2013.0,,,
31515002-dda4-486b-bb6e-aee3bfcdc668,,,,2014.0,,,
f831f670-d788-4bb5-a418-975479fe45fc,,,,2010.0,,,
85a02079-1381-403a-8a69-3ee40e740f70,,,,2014.0,,,
17231beb-1341-400e-989a-006c06a54fa9,289,,Food & Beverage,2018.0,,,
ac4a6cd6-38f9-4da3-ab2f-1a3ad21df78c,2,,,2025.0,,,
add5a50b-6085-4479-8d21-2179dc19f13a,4,,,2007.0,,,
d1776676-6f69-4532-b6a5-d13c6ccf81eb,2,,,2018.0,,,
b1b537be-8bf5-465e-bee7-07f680111afe,4,,,2009.0,,,
4c88e053-f032-46c0-8442-41c163545688,,,,2010.0,,,
f368917e-0fa0-4d74-a539-010c2c2d24f1,7,,,2009.0,,,
42c9e2dc-b7c7-4b3c-bdc4-7a00d803aa46,4,,,2011.0,,,
77ef79ba-fef3-4d83-b3b2-c2cfe5ad2f4d,2,,,2011.0,,,
f1637349-025a-48ce-878e-2f81a7abc622,6,,,2006.0,,,
ea4ed213-15d2-4f1c-9678-de5ef73186c9,,,,0.0,,,
9b06e4d4-8ad0-41bd-938b-169dc174fc06,6,,Books & Publishing,2009.0,,,
baa02532-59c1-44c6-8cac-7c46bbfdb616,1,,,2011.0,,,
48e38fb2-61f8-4c5c-b637-696ae50d9e40,,,,2021.0,,,
a9218012-dab5-4288-b89e-4c5445cf82a5,1,,,2008.0,,,
bc9304a7-5989-4849-bd2e-a7af93737263,1,,,2007.0,,,
9051b01c-0bfe-4947-9884-caaae3c94826,1,,,2010.0,,,
52d04731-8c90-4e88-80c5-91a300f50a05,2,,,2013.0,,,
442d4367-cef5-4a69-aeec-226a7f20cfa2,35,,,2015.0,,,
872fe49e-710a-4c31-ac0f-c78d3b5a3802,6,,Food & Beverage,2008.0,,,
7906f4f1-33b5-4397-9ad8-ce4e0a7b66aa,,,,0.0,,,
da62696f-993f-4457-b12a-6be93f537dbf,1,,,1995.0,,,
c73592a2-14c7-4ec9-8456-f8435a3c32cd,200,,,2018.0,,,
d2df483b-638a-4d17-b92b-f208b72750da,,,,2008.0,,,
0b927c07-5e4e-4dea-ae90-15b60b2243fd,45,,,2011.0,,,
0e4b2e1a-36f9-4866-a14d-adb7b1a91939,,,,0.0,,,
be09faa4-ccc4-403b-b9e5-8fc5902a292f,6,,,2008.0,,,
2a7d34f4-de10-42f8-8fd7-472520538257,8,,,1995.0,,,
920758a7-115a-4855-b362-b6333252f4db,5,,,2009.0,,,
22f6d92b-6700-4bc0-b9dc-c675b7b54cf8,12,,Educational Institute,2007.0,,,
41e26b3a-de05-4cba-abd7-c2e83b8dab02,9,,,2010.0,,,
99dd490a-cdc3-45c4-8a49-30fda6072c66,2,,,1998.0,,,
b171a3eb-b854-4886-84c0-fe705ac3c1cc,,,,2013.0,,,
3cf4b25c-837c-481b-8410-cdc67b610ca4,,,,2018.0,,,
2db5cbd5-48ed-4e9c-a227-77dafab8c25e,,,,0.0,,,
8a6da7c1-b587-4ec7-8741-9985398bf9b9,13,,,1960.0,,,
5e855d26-cf12-4e9b-a18d-47a151d8e113,,,,0.0,,,
e2b487e4-321d-4ab9-a363-ef1786514fa9,,,,0.0,,,
19843c57-c025-4d31-b054-80647fc45887,,,,2007.0,,,
36579fe8-427c-403c-af86-89f39ff2ee0a,8,,,2013.0,,,
af875dcc-fb64-4281-aba6-ee66dbda9d9a,,,,0.0,,,
9d2498c3-924d-42e0-9012-2a1b738c333e,23,,,2014.0,,,
cc440551-d571-4def-8496-f6ba45ebabb5,1,,,2009.0,,,
069152e1-24d2-4b17-84c0-b532c67b219d,,,,0.0,,,
b13d8054-0e18-48c5-9d82-b7222458d82a,,,,1970.0,,,
936c18f8-c03e-4ab7-9eb5-908495d3ff95,96,,,2001.0,,,
6acc17eb-e383-4c0f-bff7-def49b80f73c,,,,0.0,,,
c6a54836-064b-4e01-adfe-dd04b9155a61,82,,,1997.0,,,
c28153ba-6a05-45da-866b-7e23e55316e0,,,,2016.0,,,
313c89d1-b730-4f23-92de-83898f1d643a,2,,,2014.0,,,
0ff48cfc-10f6-4f0d-855d-e1dab91ad4dd,2,,,2005.0,,,
6354012b-2f32-48cc-a6be-f7244e9d1e4e,320,,,2006.0,,,
73640488-f72d-43f8-9047-d7cb9d552a48,5,,,2013.0,,,
85ffbfbc-4684-48d3-9b65-38480b044f30,7,,,2009.0,,,
381c610a-8691-40e7-8d67-7f118a208946,2,,,2012.0,,,
ba172850-29c4-4948-92af-05e0d6f93383,20,,,2008.0,,,
3773a581-60d1-462f-a30b-bcf76e6156ff,3,,,2007.0,,,
b6d661d5-59a6-4f6b-83e4-36ed6f10b725,14,,,2012.0,,,
2cdb3912-86d0-47e1-8902-01f66e1bcc84,14,,,1999.0,,,
77d4f8b1-008f-4a04-8e95-448eb41bc999,15,,,2006.0,,,
78d9698a-940e-47ea-837f-72b178a2e14c,,,,0.0,,,
0516d517-437d-4aed-ba1c-1c174574695c,,,,2009.0,,,
c5e865ef-6376-4bed-9e8d-2a2b25713971,1,,,2010.0,,,
65f0a958-271d-49b4-87f3-dd1d97a6c9f4,1,,,2006.0,,,
b0c0b47f-f7ec-4e00-bab3-485dcb975f3c,,,,2016.0,,,
ad9ac85b-38db-418c-8500-2021858f7dfc,,,,2000.0,,,
be122b40-268e-4cd6-b99d-b0a09480c909,6,,,2013.0,,,
04252ec0-279b-4b9a-94a7-ca7dd8624f7c,200,,,2015.0,,,
db0e8083-c57e-46b2-b1c8-17ea8c3f43bb,2182,,,2010.0,,,
1c06a9c5-a40a-4b38-aa10-77f086a614f7,,,,0.0,,,
abd93d63-7555-41b4-8e8a-e75d156f0d12,,,,0.0,,,
adf43721-11ae-422a-a425-437c666f806f,24,,,2011.0,,,
26c71ea0-f964-4793-8db8-792d4dac7b36,160,,,1990.0,,,
2ce4bfac-3490-4e57-bd9c-1648b831b316,,,,2017.0,,,
19f28e4d-220b-4dbf-8262-ee80cb45b396,2,,,2008.0,,,
f1167764-8493-472b-896e-ab12075c2bfa,6,,,2019.0,,,
1f3d1fb0-707b-4821-9168-0694535f953d,15,,Food & Beverage,2008.0,,,
3484e666-e5e1-45fa-b9c8-928b1897293e,1,,,2011.0,,,
a4fb0d18-58a6-4e97-81b6-025e58665d28,220,,,2017.0,,,
fc0af61f-9ea7-49ba-abf7-6c4cb0de6fc6,3,,,2015.0,,,
8d4ecb56-d619-4140-b73b-d111342221ef,18,,Food & Beverage,2004.0,,,
e555a368-d2fc-4f9a-b7f0-22a619777734,190,,Food & Beverage,2000.0,,,
d7b12b75-d343-40e3-bf0d-c8a42a4e6d66,1,,,2011.0,,,
272a92d8-9343-4e94-b8c4-cb66011afbea,870,,Food & Beverage,1996.0,,,
a8dea101-5d33-4497-a716-f4801477e17b,2,,Food & Beverage,2010.0,,,
aa17b37b-789a-4670-9788-f701e03ea48c,,,Food & Beverage,0.0,,,
39dda95e-7e1f-47d1-b745-a0d4fab58e73,56,,,2007.0,,,
6379350f-74aa-4228-8993-bfd9d2ce0b0d,70,,Food & Beverage,2004.0,,,
a34d20e9-c3f0-4938-afdb-eee702cf7fbd,91,,Food & Beverage,2003.0,,,
b7d8bd5a-4e3f-40e6-b5de-f2c57ed8ca7b,125,,Food & Beverage,2005.0,,,
93934cbc-18b4-43a9-a180-6c8c7ae5c580,,,Food & Beverage,2009.0,,,
693f32f7-48ff-4587-8178-33c0617f9c74,17,,Food & Beverage,1998.0,,,
9208dc1f-f08f-4fdb-8179-b5aa02d16028,6,,Food & Beverage,2010.0,,,
2d67e6ef-0a54-4ac9-80e4-f95ca4393037,3,,Food & Beverage,2005.0,,,
5dd2f7ee-4075-4652-9e89-5a0bac122976,5,,Food & Beverage,2015.0,,,
1c249658-d0aa-48cf-b543-3d5dc58f104c,,,Food & Beverage,0.0,,,
15498f40-f492-465a-9f9d-cd9a6297eb76,1420,,,2008.0,,,
16b9e663-73e7-475b-bf03-6c9426419eaa,4,,,2012.0,,,
a5bde19d-dff6-46a8-ba6e-ebd6bc7262a8,5,,,2015.0,,,
25ddb0e7-a543-448f-9efa-72c88c23898d,1,,,2021.0,,,
c61d910e-8e16-4417-842f-fc34779ba02e,2,,,2014.0,,,
257d92d2-79a8-4e72-a6b3-176bbacdec5b,2,,Food & Beverage,2014.0,,,
8418f02a-7847-4743-90d9-a9cf62fd75c3,20,,Food & Beverage,2009.0,,,
49bc81f6-87f7-4dc4-8178-7a984e2be164,2,,Food & Beverage,2017.0,,,
e36ec007-dfc3-47b7-b626-12c9d1c3ae50,8,,Fitness & Wellness,2010.0,,,
1201a0db-6ed0-4aaa-9fb9-f20187c6bc36,4,,Fitness & Wellness,2024.0,,,
ad654d09-8c18-48cc-9f66-035aaf2bcb32,,,,2020.0,,,
1ada143a-327a-469f-9054-26429ab4add8,,,Fitness & Wellness,0.0,,,
467f7f94-2439-4cec-bd9a-ea14968cfbc6,5,,Fitness & Wellness,2017.0,,,
8dcfaee2-cad9-4afa-a49a-cf8d38f59811,1,,Fitness & Wellness,2009.0,,,
77ce755c-8af6-4125-90e1-687f440680d7,10,,Fitness & Wellness,2002.0,,,
b23481a2-05fd-4954-8585-c1a6b0b1bb75,16,,Fitness & Wellness,2012.0,,,
5042fc65-1c66-40e5-94c4-c69da77c8644,2,,Fitness & Wellness,2009.0,,,
96faca07-0df9-4c33-a5fb-c68d717c527e,2,,Fitness & Wellness,2003.0,,,
ea939c69-a636-4f6c-88fd-19e9136408c2,4,,Food & Beverage,2002.0,,,
b33293d6-b6c6-4f8e-abf3-7624acfb5087,62,,Fitness & Wellness,2003.0,,,
8628e071-60bb-4853-b85e-4094af6abf46,,,Food & Beverage,2009.0,,,
dddbb889-faca-4d10-8882-e2bb47edae01,3,,,2005.0,,,
48a27e7b-16aa-45d3-b626-6437bc892ba2,,,,1983.0,,,
d18fe732-ac62-4a9c-af2d-ee3d6cb413a0,4,,Fitness & Wellness,2011.0,,,
b3f279d1-7e89-48b3-a8ae-f7e685c2a171,4,,Fitness & Wellness,2010.0,,,
b0158725-5435-4afe-963f-cd92d69fc9c3,,,Fitness & Wellness,0.0,,,
75486209-da4b-43bd-895d-291c327bf740,,,Fitness & Wellness,2013.0,,,
9c09bbaa-bbd0-470e-8022-43fdad516ae5,46,,Fitness & Wellness,2004.0,,,
ee21bed6-4750-4c04-b8c0-62abfcde5eeb,47,,,2004.0,,,
e3b74c35-3997-42b4-8c33-63c7078353af,,,,2009.0,,,
ec789915-36d5-4baf-b1e8-e93b52f37855,17,,Fitness & Wellness,2004.0,,,
cae66006-c4a4-4088-8b89-f43076255bb5,153,,,1932.0,,,
518f7a59-0519-49c9-84c8-d70fe06db164,1,,,2014.0,,,
32f54a75-7dff-4b12-9f7a-0131003bcc30,26,,Fitness & Wellness,2009.0,,,
e46e21b6-23f7-4074-90e8-e3c1da46142c,,,,1999.0,,,
77f29d1a-ed55-4db9-a148-b97213d89875,2,,,2017.0,,,
2a914cab-5388-49e2-81a2-fe596a0fdfcd,270,,,1975.0,,,
057e6348-0568-4add-ac70-985c2c197663,52,,Fashion & Apparel,2011.0,,,
e794c694-0d52-444a-a40a-3fffb9dd4925,270,,,1975.0,,,
12a72893-0918-46f4-b0d4-61dc07aa706b,270,,,1975.0,,,
e486f2f1-35ed-4013-8500-367eba93eb3c,3,,,1989.0,,,
bde25d02-bf8d-4a20-8d43-777498e9e02f,3,,,1977.0,,,
fbfe1a56-0bb2-4528-982a-1794aa34e103,6,,,2015.0,,,
1fbb86d4-5b6f-4a44-a874-951fd69fdb5f,11,,,1990.0,,,
a4b44991-b1a3-43d1-b8ca-8210b3a54a0e,6,,Fitness & Wellness,2009.0,,,
ba8cad09-e46a-4a1f-a1f6-0186dc6dd838,,,,2012.0,,,
a97e7ac0-d9fd-482a-a917-a32f4167f769,1,,,2013.0,,,
14054952-fcfe-4d40-9f5c-9fe31d9e2bc9,270,,,1975.0,,,
c1d85745-dd52-4a17-bb23-2724ccec566d,1,,Books & Publishing,2009.0,,,
3816f795-a753-4bed-bbd8-e176f13102ea,2,,,2005.0,,,
b1eddb4a-71ac-4bc0-8bad-2ff320b16d8b,270,,,1975.0,,,
515b60bf-6ff2-48b1-9e39-95c4454734ac,4,,,2007.0,,,
6ec0b4bc-e924-485f-8a90-aaf01c1bf12f,3,,,2011.0,,,
88438cbe-1467-4d67-85bf-0de93044a5f3,2,,,2010.0,,,
5934f84e-cc45-4910-b493-d927e85e9ca0,3,,,2015.0,,,
f9913d16-2751-4ac4-a2e7-59a4be80ec38,,,,0.0,,,
f050cef3-4b0d-4a8f-b93c-7439173a2fed,1,,,2014.0,,,
28dda238-8fb7-48f7-88e8-7edebb34354e,2,,,2012.0,,,
e5005f87-eddb-4320-91cf-515853afe885,8,,,2010.0,,,
fc009a4a-5a5d-40ad-997d-6ff95efff5ab,7,,,2011.0,,,
a7059bcb-9de3-4250-bc8a-bb5b122368d0,1,,,2008.0,,,
e0264c54-fb9a-4c67-b432-01603486f1d2,2,,,2019.0,,,
198b4424-01ed-483a-b851-98d1fd2dd438,2,,,2009.0,,,
31719fe5-1e07-4666-b368-9a5990053eb4,2,,,2008.0,,,
a6db274b-d8f9-4e74-acfb-f58701418df3,3,,,2011.0,,,
80cd091c-2d3b-4e32-b92b-a4b65b2520af,31,,,2005.0,,,
b2aad800-d536-4390-874d-e7f7dcb5d6bc,,,,2011.0,,,
249b6e31-a9fd-401f-a96c-ad54eaf1820c,2,,,2010.0,,,
f390db63-26cd-473d-b10b-c620711e60ac,,,,2010.0,,,
db47ef05-8afb-49ca-b510-0542c5bb1d5f,1,,,2010.0,,,
338d85d7-a79b-4bc7-a96a-9de442bb5a1c,,,,2015.0,,,
a1611b66-d088-4bf3-ac8b-3d9a559df25c,23,,,2006.0,,,
648d2f6c-57e0-4dd2-b6f7-9d3e143f6ac3,14,,,2008.0,,,
5dedbca6-7d66-4a85-9ac3-6e4333884583,1,,,2013.0,,,
18816950-6283-45f8-9b56-541272c33911,1,,,2010.0,,,
ffa6e329-403f-418b-be9f-7f6fec7d6062,2,,,2022.0,,,
49b31cb9-8187-47d7-a821-8149b7a8d745,20,,,2019.0,,,
4114edf3-b28c-4a84-85d1-85d7465227d5,11,,,2010.0,,,
62b195c5-3abe-4c22-b961-2153d9f4e98d,30,,,1973.0,,,
6b3f808b-bb31-4da2-b037-9c2a74dbf3be,11,,,2014.0,,,
9e8cb06c-2ece-423d-b488-031fad7b9271,23,,,2015.0,,,
eea393bb-33c1-43b4-a50f-f8fefa033215,120,,Food & Beverage,2006.0,,,
f4adf609-df5f-4411-a039-b84ae00f7d11,,,,2014.0,,,
fd511a6b-00cd-4e33-90e9-720e600a92ab,2,,,2008.0,,,
bf3fc15b-ec83-4e82-bc4f-1bfafbe1960e,3,,,2022.0,,,
cc3593a2-3d42-439b-b4f8-cb8f2b92a1f9,304,,,2011.0,,,
0c02a597-a381-4e6f-b605-4f44e1f18ea5,4,,,2011.0,,,
5c2d7646-0294-4ec0-9bce-2c6a262a4a35,,,,0.0,,,
1ca6205f-fc5c-46c0-92e3-1b7e91488db5,,,,2002.0,,,
05dfb552-0c3e-4ad4-9281-bef29a2a5a01,4,,,2011.0,,,
ab00ac9a-280a-4cc4-9064-a1692d6c7c27,2600,,,1970.0,,,
6646da6a-2d8f-4f1e-a010-e46819322622,3,,,1997.0,,,
7d2084f9-b14d-45c4-82dd-32666c75ee5a,13,,,2007.0,,,
f92a3479-3120-4de3-82fd-0af122270f5f,8400,,,2008.0,,,
5ea16238-0364-4adf-b79b-34e6d952bd41,,,,2008.0,,,
69f6f935-cb2a-4fe7-8a61-9d617840d725,8,,,2011.0,,,
481b9a71-f1e2-4ebe-aead-274357004566,,,,0.0,,,
94190976-41d0-49bb-a0f6-0e3394742fbd,2,,,2023.0,,,
38016888-6793-4034-b0c2-c208a834a74b,,,,0.0,,,
a5c5855d-4c7f-4ce2-b258-4db4c552a94c,3,,,2020.0,,,
de0deaa4-cc68-4feb-ab6d-941783bcc40f,2000,,,2011.0,,,
f3460392-be22-4514-8565-852bf1e6cc8f,70,,,2010.0,,,
88b8560e-2a1f-4868-9b43-c7e809f5c2e8,5,,,1992.0,,,
e3b871c4-cff2-457c-aa8c-131458571ba2,2,,,2004.0,,,
ba3e5a3b-c364-484a-845f-5ee1889d6bd2,1,,,2011.0,,,
36a09aec-36d7-490c-a175-b4f23f9b3cec,,,,0.0,,,
fce4c117-caed-4ef1-a877-5707e747924d,257,,,1970.0,,,
8a615eb8-35ad-42a6-8651-0e292d39ea6c,2,,,2008.0,,,
297e98d5-a34b-4923-a695-f070123f0b02,,,,1995.0,,,
515d08a9-7913-48c9-bd44-386e1be8f2df,,,,0.0,,,
ba0024f1-be1e-4e86-aee0-030ffce1bb28,,,,0.0,,,
17081e43-6d1e-476c-b495-99448b8603b1,3,,,2007.0,,,
81c2301d-3875-4e01-a290-24f3d13ef3aa,3,,,2007.0,,,
7dadd703-8353-4fdb-a7cb-aafb27199ab3,,,,0.0,,,
f01ea0c2-2c44-4b51-a57b-288b1258ac61,5,,,1985.0,,,
0b92ce42-5116-4a66-82a6-de4496d25b5d,,,,2009.0,,,
7a790226-81ba-44d7-b687-721a85e69e8f,130,,,2012.0,,,
1063967a-d752-455e-8daf-6adfabfec2e4,7,,Beauty & Personal Care,1994.0,,,
4f7342e6-b627-49d8-91c9-c655f3f4ee28,2,,,2012.0,,,
dad9098e-eb2a-428c-8d6b-5b6756f8b076,450,,Beauty & Personal Care,2015.0,,,
b36489b8-ed3d-4d69-8467-6ca9bf5bed35,,,,2008.0,,,
59d56549-fbab-42ae-8d49-71d125571a77,54,,Beauty & Personal Care,1997.0,,,
ace1514e-dc35-4249-9c63-d3e2219386fc,1,,Beauty & Personal Care,2009.0,,,
023eb5dc-284d-41b2-a72f-c21e41e92b1f,70,,Beauty & Personal Care,2005.0,,,
ac06805a-40c6-432a-a003-fd0ca67bdf85,1,,Beauty & Personal Care,2010.0,,,
eca49096-ef86-4dd3-a1b6-19f30cd76954,2,,Beauty & Personal Care,2016.0,,,
1917d408-ea7d-45e0-b029-e0cb05b20cfa,5,,Beauty & Personal Care,2015.0,,,
b3e78575-3258-4658-8f6b-71a0a11347c6,60,,Beauty & Personal Care,2008.0,,,
ed3383a6-79e1-4bc6-88d2-e65cf117487f,14,,Beauty & Personal Care,2014.0,,,
de147ad9-9cf6-4563-8608-8c8aa54ad47e,9,,,2004.0,,,
095d5226-7af2-4613-94e3-7c03d98c9c32,4,,Beauty & Personal Care,1985.0,,,
423ff707-08f0-4421-8038-f71ee44ae806,10,,,2008.0,,,
6b5d1054-d5bd-4707-b264-75562c78c69f,,,,2007.0,,,
98eba0b2-f272-427d-8d31-145f2d73f401,4,,Beauty & Personal Care,1990.0,,,
a93a3216-5c88-47e0-9ed7-5439bb555ec0,3,,,1987.0,,,
53f807f6-ed26-41b6-a7ea-59a956fb83f4,9,,,1989.0,,,
eff453de-eaa1-4f0e-a837-cec4a38933bd,1,,Beauty & Personal Care,1975.0,,,
48aa8911-a65c-4c91-8d84-a5c234bced7b,,,Beauty & Personal Care,0.0,,,
2102d9d7-6822-4042-94ad-58bfd22e7b33,8,,Beauty & Personal Care,2011.0,,,
35b9e796-59c6-4765-a6ac-a39f73d454ff,9,,,2006.0,,,
778feac6-163d-4c29-bf7a-199c9a92c66e,,,,0.0,,,
59117b89-72be-40d4-a614-8325eaf7dbd9,110,,,2015.0,,,
92a86a74-b55f-4ba7-9403-c44efc692564,3,,,2021.0,,,
13c6dc06-12ea-46b6-a5d2-205ab6264776,3,,,2010.0,,,
98dac900-5002-4841-ac19-df95b19908d4,2,,,2008.0,,,
b93f58f9-f51c-4290-b629-b69e18c7d931,2,,,1999.0,,,
cb9377f3-1c1a-45bf-a4ba-11950812d989,4,,,2017.0,,,
044a4ef7-34c8-4fb1-88ea-fcb6a51f4822,1,,,2015.0,,,
a4cca8e9-39b5-4e3c-8670-67990351a558,,,,2018.0,,,
12d51617-02ed-4ca1-9a33-3f7c5207244d,7,,,2015.0,,,
9b6b9e04-ae14-4f02-a756-948e6926213d,127,,,2015.0,,,
6ac6c326-c535-4ed9-b2b6-1697e99d3805,,,,2019.0,,,
3837238e-0d35-499a-8bd6-49514d38c18f,2,,,2000.0,,,
9ecc2f62-7bb1-411c-b592-79c9ed7ad8c9,,,,2015.0,,,
edc5fb0f-9885-468e-baf9-7d3d0b15daf0,30,,,2005.0,,,
4d8eb76c-a812-4382-ba22-aa707be6e901,600,,,2014.0,,,
02dc9a7b-34d4-4d3a-8d25-6a21719cd4a0,,,,2020.0,,,
5bfb9014-a617-4d1e-a64a-ccd2c6397414,154,,,2017.0,,,
447b89d5-8190-4204-8b3c-ccfc25bde793,5,,,2017.0,,,
c90a35c8-94df-4bcd-bf72-73ed7e699680,1,,Food & Beverage,2003.0,,,
80ed43ce-a44a-46cc-8b51-74f25e73d2fd,30,,,1997.0,,,
8e1b2a28-0657-404b-9fe3-9c46926decee,3,,,2020.0,,,
6ce5b583-aa2d-4878-bf8b-e142b032e86b,,,,2015.0,,,
16d99159-48d8-499a-9ca7-335440ecbcab,1012,,,1978.0,,,
794af574-c0e5-4859-8dee-ee1e8698c3eb,,,,0.0,,,
8c45eeb0-7867-424c-9749-e251c4c97511,5,,,2006.0,,,
c7bc986c-25c9-4121-abb3-0403051cd80b,120,,,2011.0,,,
5910c82c-fb9a-4007-8ec2-1ac5e0320e26,,,,2010.0,,,
2ae63bcf-e437-4f82-99a3-e09019b60dda,,,,0.0,,,
de4b81d9-c44b-40cc-9ab1-794a63e0a7bc,,,,0.0,,,
b5ede4b4-ad87-4217-b44f-f4196f3b250d,2,,,2008.0,,,
d067990e-5fab-4da6-95df-6d1f4205ee87,32,,,2002.0,,,
c8da19fc-3c6b-4339-af0c-4dbdbaee52ea,100,,,2007.0,,,
0f11159a-958e-4f36-bd26-ce851787683c,7,,,1992.0,,,
a2fcd2b9-49b7-4266-bf69-c057183a5109,,,,2007.0,,,
890a99dd-3b61-4b72-94b5-55782914d76b,22,,,1982.0,,,
3253b5e2-3ff5-4d9e-9a00-2f2ff6b6ab2e,15,,,2013.0,,,
d978f9d7-c156-4919-ae6c-a6e16bb189a4,,,,1995.0,,,
e44cd84a-6023-4201-952d-db7fdb5d4fe2,10,,,2012.0,,,
9501aee8-4ba2-4558-8c0a-bff03b18a4d5,4,,,2019.0,,,
0d0ce329-d13a-492f-b3c4-c832483c98ef,,,,0.0,,,
51c6050e-6455-4654-b296-7c28f7533bfe,,,,0.0,,,
36313516-65a5-4abf-8c4d-6b673ca9979b,30,,Beauty & Personal Care,2023.0,,,
9d06d743-9d01-40ca-abc6-3f76e16af736,,,,0.0,,,
fec317ba-0069-4501-90a8-10a784cedd15,,,,1989.0,,,
78d5ac3d-9499-4d0e-bb46-5f7fc0205a7c,55,,,2016.0,,,
983af577-ead4-41e5-be40-a216e42f1027,4,,,2022.0,,,
839a1b49-60fd-4ab6-90c6-12775969e322,4,,,2009.0,,,
958b7b9c-a83b-47f5-bd6c-5b0bb65a613c,,,,0.0,,,
604f6d79-7881-4cf0-915f-4e0dcc224a01,,,,2013.0,,,
d4a81f02-5f17-4bb2-a822-ea89219ee29f,6,,,2012.0,,,
be0d90c2-96f7-4635-a085-915b5148606e,,,,2013.0,,,
a5ce084b-0fab-470f-b6d3-1b014428f966,8,,,2000.0,,,
f6138ba5-9b85-4955-869c-edfdf33975f0,,,,2013.0,,,
ad2bbbe9-1d5a-46d9-a685-2919162c87c3,,,,0.0,,,
a736c375-03e9-455a-8dd6-ca624da7722a,6,,,2012.0,,,
b63d4fcd-71eb-4451-91d9-fd0c826f8b0e,60,,,2012.0,,,
ba31d74a-5c02-49df-b803-58aa602edfca,,,,0.0,,,
12c6d3fc-074d-4e09-b41b-3ad72d6b18a7,,,,0.0,,,
07cb10cd-8581-410d-9d38-92a363c79cfe,7,,,2005.0,,,
ab04ef78-5e7a-4b04-bc02-650a535a853a,,,,2011.0,,,
77f45122-11f2-42ae-b581-81566cb688d5,35,,,1909.0,,,
18cfd9aa-4a7b-4a3c-a2e7-4080fac6bf7f,3,,,2004.0,,,
e002156d-a9bc-4d46-b2c1-2c0d28a274ed,,,,2001.0,,,
a33aa0b3-90e2-4d8f-be25-76daa22398e4,6,,,1910.0,,,
2444d89d-dc52-441a-9fab-ec8c663a1536,26,,,1987.0,,,
191aea66-169f-41ec-aeb5-253ce95da1a1,30,,,2009.0,,,
f6d1a6dd-8bec-493a-973f-5daa03a90f9e,,,,2007.0,,,
d5a4891d-5825-4cc4-ba6d-3272d8b603fa,3,,,1983.0,,,
d715b30e-f0b2-43b5-86c7-35ad88a8ce6a,2,,,2004.0,,,
58cadb94-4c10-4947-bbe0-6aec6e3ddad2,,,,1970.0,,,
ee619dcc-6560-45a7-8416-926cdef4ff0c,,,,2004.0,,,
4f6c4320-df11-4041-a715-6d0da55236bb,,,,2011.0,,,
97d83bc3-f687-436b-9f83-8060bd587341,20,,,1858.0,,,
a40fe194-5588-41ca-ba8d-763a2b1f7a88,1,,,2012.0,,,
b676a7a1-8f5e-425e-b299-6142ea15381b,1,,,2000.0,,,
5afe3bb7-e6e3-41f8-b388-51c1f6fd235d,,,,2011.0,,,
bc9c43a8-46e8-4f3b-84e9-2bebcadc1443,4,,,2003.0,,,
512a2765-0bdd-4cb8-82fc-7aefc429942f,5,,,1994.0,,,
0e4318a3-d3a5-45f3-ac22-92bd04c1fbe1,5,,,2002.0,,,
1570ec77-e0e7-484a-85be-406be7941119,1,,,1979.0,,,
b6a7637e-5536-4179-abd4-531bc063445a,2,,,2003.0,,,
70922c9a-04c3-4d90-adc3-728b9de4f38f,23,,,2009.0,,,
a39e8928-fa31-4f2a-901b-667461b37454,10,,,2004.0,,,
3f976a62-99bb-4b2a-85ca-9a206222261a,3,,,1985.0,,,
a1839033-b181-4375-ad98-c16aa0910063,,,,2004.0,,,
4f0e3a6c-83a2-4341-b208-74f6bd7fd09f,,,,2010.0,,,
b851c620-5120-4ca1-8e6f-f467411378c0,50,,,2012.0,,,
79d088da-23ba-4c72-9898-504dfa1411aa,2650,,,1970.0,,,
f98efecd-19ea-4c82-8f90-f0cc5bcc8ebd,,,,2013.0,,,
9d5dee55-082b-405b-95d8-49419db17537,1,,,2012.0,,,
55e11112-8658-41e2-ba02-69ff74b18a0a,,,,2012.0,,,
1fdf1e26-6ba2-44c6-9f16-912f90e099ae,,,,1997.0,,,
52b2c8c0-1169-4215-8f75-043371e8a878,2,,,2009.0,,,
8ec6d478-5368-45ee-88bf-9435f589f372,2,,,2010.0,,,
c06ad750-f016-4bf5-8af8-b7123a37b3b3,21,,,2013.0,,,
423528e5-95c0-4a2f-a842-bf6e73048bd7,4,,,2015.0,,,
e5481340-dd1c-400d-93a9-b60d64311008,11,,,2016.0,,,
c2adc66e-471d-409c-b073-bdd9b5d91b72,,,,2009.0,,,
a57a356f-6a4b-441a-8099-8eed6c38f18c,3,,,2005.0,,,
64d77baa-7f18-4a26-b7e8-0d2bdb73a325,3,,,2010.0,,,
adaa699b-5e75-4312-a0ed-1f7bfd6c7996,2,,,1983.0,,,
03e832d3-f2f9-43ff-a173-d30275e30e18,7,,,2014.0,,,
dd52da43-1a41-4134-8de8-0516ddd215a6,4,,,2014.0,,,
3ce56f7a-53c1-491b-a52c-92978d3f2ce3,2,,,1972.0,,,
a96f4f04-84e5-4d0a-989e-5dfc6575679a,6,,,1997.0,,,
a2cd2bcc-74cb-4553-9e54-9a104e364da3,3,,,1983.0,,,
d24488d2-a693-4851-8699-e4d1f3afa152,,,,0.0,,,
2193c2d4-ad09-49e4-b30f-7ff05afef51f,1,,,2013.0,,,
d059db18-5164-4735-8573-3eb822cb9a4b,5,,,2019.0,,,
d327ddd1-b79d-44d8-9da0-6af1e87f0ed1,3,,Food & Beverage,2018.0,,,
4f208719-24aa-4008-abec-5c32a89e82e2,162,,Food & Beverage,1980.0,,,
98b62ae5-9a8b-4c54-b32f-80a2b3eea4e5,304,,,1994.0,,,
c1f15d97-45d6-4c87-96e8-4b5892f54f7c,,,,2007.0,,,
f9a13a64-7049-4ede-a157-d6eaf9a400c0,30,,,1931.0,,,
e5349efa-e745-4e39-86b1-1a169b73a9be,15,,,2004.0,,,
0a6326ea-d0e4-4d38-9427-e502e75ba79d,11,,,2019.0,,,
2392d924-4339-46ab-9ebd-ccbce530956f,28,,Food & Beverage,2007.0,,,
49dfefbf-21f4-4977-9ffa-7ec8c79e0e1d,4,,,2001.0,,,
fe0f3e87-1f80-4ac3-92db-c742fe293d84,3,,Food & Beverage,2008.0,,,
21a72945-6ae9-4db9-91bc-a011a6141a36,5,,,2003.0,,,
c60b0121-afcc-4423-bdda-e1bf3c2b319c,10,,,1992.0,,,
2a490195-b8e5-4bba-9574-805a865b14b2,2,,,2004.0,,,
1b8b7761-1d1f-4889-9ad8-6c9ecb405c60,,,Food & Beverage,2012.0,,,
b3dd7bc7-fa28-4dae-8087-89b61c045152,,,,1992.0,,,
1f14e36e-9761-4a19-a690-d357e7bd6453,,,,2010.0,,,
55b120d1-3836-4a1b-a7a0-8d692144b915,,,Food & Beverage,0.0,,,
4300007a-b3aa-4f07-abbc-1e0eb6b370c9,4,,Food & Beverage,2016.0,,,
f7d39aaa-6834-4a85-8699-d40661b53fc7,,,,2015.0,,,
cdbee772-0a54-4482-9bf1-a3a629ad64d3,3,,,2013.0,,,
c902ea0b-99d3-4a16-9f6a-8b4eb2559482,,,,2011.0,,,
1b5d63bc-597b-49c6-b85a-c973f6d0bad5,2,,,2004.0,,,
6f729a24-37aa-4dd3-bb34-46221a375dcc,3,,,2010.0,,,
a1230b76-3f3d-43ac-8090-ded893dce53a,4,,,2007.0,,,
b80c8199-448c-4cc5-8165-5ba3260765f0,,,Food & Beverage,2011.0,,,
4f02715e-0ed0-47e2-828b-d6cb1c42f581,1,,Food & Beverage,2004.0,,,
fd577b88-4992-424e-8817-fe4824bf4888,6,,,2000.0,,,
98e494c4-0d81-441f-8a73-6d03ed811e90,,,,2012.0,,,
afa1e99e-bc63-45cb-b263-26cfc341a2a9,4,,Food & Beverage,2019.0,,,
33531513-2621-463e-9a33-0a46e0c9826b,2,,,2012.0,,,
94afc0f4-74a7-4a15-bfeb-fb6c120974f1,6,,,2014.0,,,
81b5a80e-e153-4056-b460-b853cb008653,,,,0.0,,,
a47a636b-5afa-4b47-b26f-39e84b39519b,10,,Food & Beverage,2000.0,,,
1d23347b-46e2-43ac-a253-076c7a601876,12,,,2009.0,,,
ae665219-2584-4c65-a78f-44c76dbe0122,5,,,2010.0,,,
cb16a097-fd57-4a8c-9561-8c2d52ade334,41,,,1996.0,,,
d961ac00-9786-441e-b2b1-1cf38a1e23f2,,,,0.0,,,
849dbe63-9b54-4b79-b6e1-a274c30e7cfc,6,,,1999.0,,,
557dd554-c2c7-443a-baf3-dcbafb84ea08,23,,,2009.0,,,
76c9c7e4-4d27-4d1c-8a31-9526465c9a6a,16,,,2000.0,,,
cf6b4b17-2eb9-47d6-aaa9-cef624a7ed20,122,,,2003.0,,,
0a4ea9f1-4680-42e6-8678-34c28e5f8848,11,,,1994.0,,,
3040ccd9-173a-4945-b485-9d2b896f8e0a,,,,0.0,,,
4355f04d-655f-4b0a-b627-aca7aaa7b8ce,4000,,,1998.0,,,
0f4af3b3-d6df-44cd-93a0-79f6d59602a3,3,,,1996.0,,,
32d07cab-f53f-4a6d-9a61-56d0d12802b3,4,,,2010.0,,,
65d657b6-a1a6-4aac-b9fe-7ec0e5e3c5ed,2000,,,1997.0,,,
2b8a7967-fbb8-4866-b664-d9ffe9e50af7,4,,Food & Beverage,2007.0,,,
e3bbae58-65a0-40f8-a66a-bffb2b6d8c6c,100,,,2009.0,,,
352a063b-0d65-4685-9d15-1e8d67dbf109,7,,,2013.0,,,
e322718d-f637-42a7-9bb3-7cd60df67905,5,,,2008.0,,,
853f7fa3-9eee-41bf-a690-f1d9dc741edd,,,,2004.0,,,
dbc550d7-93cd-4821-8dc6-1bf10d3bd48c,2,,,2010.0,,,
a0dc2081-cde3-49b1-92ba-62b0f703a5af,12,,,2002.0,,,
a126d2ee-1734-49f5-9517-c78cac55d2ee,2,,,2009.0,,,
6975d53a-e793-498b-a283-2f804082a422,6,,,2012.0,,,
f2e529d1-a75c-41a6-94a3-e4dbb3950af6,2,,,2003.0,,,
49b89575-a18a-4a43-9698-04a2f2a4da98,7,,Food & Beverage,2007.0,,,
97708d37-1db0-4559-8b6d-c667c75bff0b,5,,,2005.0,,,
905ee577-25dd-4807-9829-8e75c959db05,2,,,2010.0,,,
5d1fa1b5-4c50-4c7f-8081-bd300dad88d4,5,,,2009.0,,,
60de2e5a-bea2-49bf-80dd-0ee28bf5d5f2,,,,2009.0,,,
21966846-64eb-4a39-b831-ccbfb123d47e,14,,,2007.0,,,
b718fb6e-896b-47ce-86bd-a2e394410d9b,1,,,2009.0,,,
b1e2aa84-1162-427c-a2bd-5b6c220e4fb9,2,,,2011.0,,,
d8545be1-2ca6-4fc9-b4dd-f6301fd0b284,38,,,2011.0,,,
a88107cc-0a69-4fb9-84c5-cd5358866599,2,,,2001.0,,,
7744bc40-0d1f-499b-8018-255276a9a5e5,,,Food & Beverage,2011.0,,,
20df53e8-e8e1-43b3-ace7-fe93e688f450,,,,2009.0,,,
5355eb78-02c2-4150-b731-18cc04903fd1,8,,,2015.0,,,
a1df83c1-9198-481d-9a94-ed98928a6350,2,,,2007.0,,,
8acce6d7-8074-42f1-acad-90e8619a584b,18,,,2005.0,,,
c51b461f-a27d-4873-a319-28b81b7f6b7e,2030,,,2017.0,,,
14f76b71-9bb2-4c6b-8759-db50e57de4ba,,,,0.0,,,
65612392-3b83-4ab7-9251-91f99416d5ee,38,,,2008.0,,,
e5dedc1a-78cc-47ed-8159-886e36a051b4,8,,,2010.0,,,
127fbc2e-4d08-41d6-adca-c585b9b89cf5,5,,,2014.0,,,
6cb08df8-cf95-454e-8b2c-434df924f22b,2,,,2015.0,,,
b1bce2d1-06e2-4e26-be88-91ec22a3ed0e,17,,,2012.0,,,
f4123c71-98f5-4b3a-af71-82ba8ecd6d52,7,,,2010.0,,,
8b880a93-70e4-4a1e-9290-aa12237f9d55,17,,,2012.0,,,
0e7cfcf0-8c06-44f1-982e-c7e47c3d929f,7,,,2010.0,,,
70781496-6669-4659-9e1c-983a44c4a01f,205,,,1985.0,,,
6b4b3f78-1db6-4fdd-b3ba-d296af82de3c,2,,,2010.0,,,
d9f524d2-6cd7-436d-9e40-a991847403f7,,,,0.0,,,
3ba739cd-2fe3-49b8-ad88-7d5c8b95ab3d,,,,0.0,,,
5c433689-efe1-42b4-af09-eab44a8f522c,,,,2012.0,,,
0ddab494-0c33-49c8-9636-531e5f7bae97,14,,,2012.0,,,
db2df68b-221e-4309-91b5-1afd70c529a2,,,,2009.0,,,
3c97c1ae-2926-43db-8704-cc9d74d0671a,2,,,2014.0,,,
5444251e-8c03-4305-a1ce-45499442c543,17,,,1994.0,,,
0869563f-cb59-4435-b1b8-21cf5678908a,4,,,2005.0,,,
847b8155-e024-4576-b9ba-8349f53b2624,20,,,2014.0,,,
6d995c52-4bf6-462f-ba5d-010ccefdf2ca,10,,,2017.0,,,
c95288ab-9693-4e5d-99c5-631f35cf1ab7,,,,0.0,,,
1de5079c-5c00-41f6-a51b-a73952030b5e,50,,,2011.0,,,
3f1fc499-8528-4ef8-b943-fc77a9c41bf7,30,,,2011.0,,,
dee0a9b0-8e62-4a5c-9ea0-7822ba54eb85,,,,2011.0,,,
f022ef47-9eac-4773-a04e-a992fad100ee,3,,,2010.0,,,
7c636e37-f26d-406e-8fd9-2bdaf9391547,4,,,2011.0,,,
d64350b6-b3c3-4f7a-aa42-005f63060545,1,,,2010.0,,,
c3257eec-4add-420e-848e-88b48548c4cf,11,,,2010.0,,,
2a544b4c-4dc8-4a57-9da8-0f98567865ae,1,,,2019.0,,,
0c44e6b5-dc0b-40fc-ac5e-20e3df32880c,16,,,2008.0,,,
afd601c9-fa98-41ca-a439-569d3617353f,1,,,2015.0,,,
629f35c2-b87a-46da-9a7c-e53573aa91dc,100,,,1999.0,,,
8f353c75-399f-40a6-89a9-39928d0308e2,3,,,2011.0,,,
f9ecaf4e-f813-43ca-9f2d-bdf70a570cea,80,,,1996.0,,,
5f8b90a7-2544-4ac4-9401-0ddef320e803,10,,,1970.0,,,
32cba817-3cd6-4cfb-be65-4a367b060910,,,,1995.0,,,
3315acd4-9ba6-42eb-9e95-cf34b34cf6c1,10,,,1999.0,,,
a1750552-d6e3-4dcc-8a05-7170f592c555,102,,,2008.0,,,
7d8ac042-2b60-4cac-86c6-fc7b207711de,1,,,2011.0,,,
21c18176-f866-4c07-95ce-3f7844560669,356,,,2001.0,,,
38c76598-56f4-40ba-96fb-d3a26d4409f6,,,,2003.0,,,
a20f7176-8b57-43fd-9204-ce6e0199e5a0,,,,0.0,,,
acd35717-70a2-44e2-9ee3-ccfc17139255,4,,,1985.0,,,
24629aac-2abe-46f3-bb13-fe76c62ac644,30,,,2007.0,,,
1db734c1-9c4f-46f3-8f80-bfc46277ed4b,31,,,2010.0,,,
2c3e58ef-a96d-4373-8c55-edb66017e134,27,,,2009.0,,,
729c840e-6716-4468-a8de-782bbd68f220,9,,,2010.0,,,
4c02f3e4-10fa-4a4a-975f-f1d4bd1af82d,29,,,2009.0,,,
f696a0ab-9102-4a47-a954-ed0befef5c70,,,,2008.0,,,
820daf84-af3e-4879-a54f-db77a6fa1110,420,,,1970.0,,,
a7ad3152-2771-4778-be2a-b4168cdd62fa,5,,,0.0,,,
c82cf0bd-422a-4237-88fa-98bc4312606d,,,,0.0,,,
e7d810fe-947e-472c-ab12-780eb9680ec2,2,,,1992.0,,,
c5deacbb-facf-4496-b306-11eccd5818eb,12,,,2007.0,,,
b8caf6dc-1cbf-4ef4-bb9f-c10e4169e5fa,1,,,1986.0,,,
3c04509e-e4d1-4930-b62b-b0981b54bbd5,27,,,1999.0,,,
7c7b11d6-3219-4a6e-8b50-1d677dcbb641,,,,2010.0,,,
aaaa7aed-2224-4d87-b8a4-53ef665b320b,2,,,2010.0,,,
f096259b-8228-44b6-9b9a-757ae71c0cfb,2,,,2010.0,,,
29413027-8759-4761-812d-cfe2b0f55f5b,,,,2000.0,,,
a0e3932a-024a-4721-8ee7-664defcee8b6,1100,,,2005.0,,,
5dabddcc-4366-4e50-aac1-101403f675ac,,,,0.0,,,
2c3b9337-a730-4645-a60b-9745b8b3de05,,,,2010.0,,,
4ff9311d-905f-4931-ba37-62f9fdcc6101,,,,2011.0,,,
6a22c3ff-4214-4f3d-906b-d54e2fe17ef7,,,,0.0,,,
224cb854-bbf6-4e34-980c-957b73bb16ca,,,,2003.0,,,
c3581c3e-2ee7-4b76-a8e8-1c4dc307f90d,1,,,2011.0,,,
87321c51-c8c8-49bb-bcb3-bfd0e61ca691,3,,,2018.0,,,
f0a02610-7409-4a3a-a02b-d67cf8cfdba5,4,,,2009.0,,,
512b4255-6022-4a10-8dfc-e8086c6de157,,,,0.0,,,
bc513d34-1d7f-42e1-9b5f-b6346373ac78,,,,2000.0,,,
5b742216-9c3f-41d6-a967-19eb7cfe8343,3,,,2005.0,,,
e2d09669-f43b-4fbc-98b2-62d47ffd7024,4,,,2007.0,,,
5f016c33-2186-4122-bf08-6ed8aca7d01d,1,,,2010.0,,,
b07c82c5-8f5b-4164-bd96-acd954801542,,,,2017.0,,,
9b2a2cb8-5df2-4b58-9bf7-711a108dab08,2,,,2019.0,,,
52b99704-0b59-4cbf-bfed-2411c2c49538,5,,,2011.0,,,
33ba5a31-a1d6-4140-a8ec-4c5fa549ae5d,5015,,,2010.0,,,
37cbf00b-454b-424a-b023-d76d7b256040,12,,,2010.0,,,
b19d24a3-63b6-4f52-85ea-3b4c9e93bc02,,,,2009.0,,,
8ab155b3-fcf6-4273-85ab-1909f6266279,3,,Food & Beverage,1996.0,,,
0fa3de49-ce9c-45e1-9607-d26aba8657e0,21,,,2012.0,,,
b6409f47-438e-4ba8-bc3f-289515bc33ae,,,,0.0,,,
6295711b-99c5-4471-bac5-6063ba19187c,24,,Food & Beverage,2017.0,,,
29a4b7f3-cb03-4cb4-b647-8d6b1fa47c2c,2,,,1996.0,,,
20ff86fc-5071-4c6c-abd2-8de0ae539578,2,,,2003.0,,,
27d1a13c-5577-4e67-bfa1-64a74763a13b,10,,,2010.0,,,
30389a24-1658-4fc3-a9f2-fe372f676c2b,55,,,1996.0,,,
4a5c0768-37a4-4af8-8c04-fe97dcfdf513,,,,2005.0,,,
5402ab73-e462-4a3b-94c6-6a9f1248845f,1,,,2013.0,,,
e542c510-38c7-4cd2-ac1a-399abf62d2d4,10,,,1990.0,,,
e4ffa361-f058-4484-9868-beea432726ce,6,,,2010.0,,,
5e59f554-6fba-4e21-bcc0-17e4bcc9f77c,124,,,2005.0,,,
122c0b97-a6a3-43e4-82f6-773db5294d8b,2,,,2019.0,,,
8c921239-1532-4860-90e5-a3dc81512869,250,,,2011.0,,,
aba980d5-1162-4fba-81d2-b8b6894f008e,,,,0.0,,,
637f2602-0d29-4a5b-9f11-ce7a5ee3b9ec,,,,0.0,,,
1bfeb696-ecd6-403d-87f2-2cb636569f50,375,,,1993.0,,,
c5129578-b924-4c5d-80b2-79c535c27e50,,,,2007.0,,,
8219c0f0-a140-48ea-8791-e5c3be6c1da1,,,,0.0,,,
b97ce678-97bf-4612-b79c-416a102960a4,3,,,2000.0,,,
f628864b-425c-42b6-a4c7-88f3e07ce66d,4,,,1988.0,,,
1e3cb905-56e5-46b4-a3cc-d2348a24acb3,,,,1980.0,,,
b59758f4-e034-44a1-bbab-8e7698a6b922,10,,,2016.0,,,
bdff8444-40eb-4320-9186-0d717043c255,1,,,2012.0,,,
9c0dfdf9-d874-484e-82b9-286fa3b9a4bc,,,,0.0,,,
91832e05-c625-4bb2-8665-493e783c3697,,,,0.0,,,
2bcb1d1b-1757-4efe-bdaf-026c435b6b9a,3,,,2000.0,,,
e40a8f26-f4a2-404e-b1c0-558659a52e38,4,,Food & Beverage,2014.0,,,
fdefc7ec-e3f8-4168-8bf4-1b0a0572f012,2,,,2020.0,,,
5245b9bc-0a53-40b9-bc3f-9ad15df70f55,10,,,2019.0,,,
3684bcc9-2efb-41ae-8678-a08964a0772a,,,,0.0,,,
a744603b-5f5c-439f-8943-ab11fdc4fe24,,,Food & Beverage,0.0,,,
d5760f18-2e09-4a11-a67a-92c17ad96729,3,,,2010.0,,,
4db5044c-b639-4c63-a200-6b810256ec2b,,,,1995.0,,,
f15ebbe4-7cd6-4da7-990d-bc5a97a7f8e5,31,,,1996.0,,,
3626ac64-31c0-4f4a-b12f-ae68a40272e5,2,,,2020.0,,,
86f13fda-bce8-4c74-bed7-7ec7b43b2c83,1,,,2016.0,,,
e9d87922-2f55-4bb0-a7dc-f7e21d846ae5,8,,,2020.0,,,
2edd3979-89f3-4fad-8056-752911f949ff,12,,,2007.0,,,
f0499d35-3eb0-42c9-9d81-4fe96aceba61,1,,,2020.0,,,
87eab855-51fe-4f1f-94f6-4ecb185bb7fe,4,,,1991.0,,,
a7b0a9c0-bf04-4c3c-a459-a0f558b18474,9,,,2011.0,,,
ce6f4b8c-4d8d-4cd5-88cd-63e806b3f544,105,,,2004.0,,,
e4620eb2-3ea2-474a-a686-c9a75c6098aa,,,,2016.0,,,
7e76f2cd-7492-4699-9c0a-689ce6e09377,9,,,2011.0,,,
8aac81d5-8a9c-442b-b97c-ffc890166954,,,,2010.0,,,
f93cad1d-c4e4-40b0-b6c4-78ff0759b994,2,,,2009.0,,,
ab688be0-d8a6-454f-991b-83eadd7c6781,,,,2011.0,,,
f356450d-4a19-4338-89e3-698e24de4cea,1,,,2006.0,,,
991d6cfa-47ec-464e-b55b-fcea2e7db727,,,,2000.0,,,
0801b9c8-bf27-44fc-81f9-1d179f206c41,6,,,2007.0,,,
3766f9bf-0ad7-4f60-bfba-3a618e527d31,,,,2010.0,,,
5c7f62fd-deef-4f17-9a5a-7cdc4382d649,10,,,2008.0,,,
8d09eba2-716a-46a1-84c5-f9507610d3d9,,,,1996.0,,,
69f64fb5-639b-43a5-87f8-62afe4a0d9b1,7,,,2010.0,,,
b84186d1-328c-4d66-b506-1baf0e598785,7,,,2012.0,,,
86451848-fe1e-4c26-b7ae-26c9e4e33d22,2,,,1997.0,,,
d3a40d1f-99c1-419d-95b4-ccd871170412,,,,2010.0,,,
5aed7f0e-bc2b-464f-bcdb-9202e34a35a6,,,,2007.0,,,
1b223c6e-4821-46da-94be-aa7bbf6edcc7,3,,,2018.0,,,
429e1778-8af4-44f4-8e44-17c7eb005c5d,,,,0.0,,,
32c422a7-8edb-4923-a299-b8278af45568,9,,,2010.0,,,
aef3254e-4127-4300-8162-8a1de1096bf4,,,,2010.0,,,
db9159a0-2fcc-4086-a13d-ecf69723a0c8,1,,,2008.0,,,
95885cdb-b4fa-47f3-8266-12aaa09ac29a,,,,2016.0,,,
18638b91-e23a-4e18-92bf-e95ffe611f92,300,,,1960.0,,,
f7d13777-81d9-49e2-8896-3eb5474c2af8,35,,,1992.0,,,
4e163d69-ad4b-43f2-bb7b-7cfba7fb8f54,,,,2011.0,,,
3504b440-dbd5-4c4d-bc43-1af57a895794,3,,,2011.0,,,
b956bcc7-6611-45c1-b888-94a3c6dd3f2c,,,,2009.0,,,
9aaca9eb-9751-4784-a0c5-cf80ad226561,4,,,2013.0,,,
0fb4d597-85d7-4503-bf26-f0f19406c6de,1,,,2020.0,,,
4be0c400-6a09-4df6-ae35-ee5c1f3ce96d,,,,0.0,,,
10b856a4-e7cc-45dd-9a97-2d25f73a9419,3,,,2009.0,,,
1814bc68-d4ce-433f-99d8-fe0610ec5bc7,12,,,2013.0,,,
c21b61c0-93a2-463e-9a18-e0f999a03e23,,,,2006.0,,,
6e797750-8ce3-4120-b9b6-97f7a8888a1b,7100,,,2007.0,,,
d802ca65-9975-430e-b247-160c1a5a0d74,16,,,2008.0,,,
199d3da3-fe40-403b-b553-6cade504dbf9,,,,2008.0,,,
4743e536-a2bd-41a7-aea4-0a8be33930c9,,,,1974.0,,,
796ffa3a-0942-49c7-a1f0-5304eb1a3a6f,55,,,2012.0,,,
449365f7-60ca-4a18-a0ed-44602763042f,,,,0.0,,,
3fcd5a57-b095-46e3-8409-b17e9d938be3,,,,2006.0,,,
baa6c5c1-4803-444c-83aa-4c28fb562a16,,,,2000.0,,,
98f25a3a-1765-4758-93cb-7ce602e7b859,25,,,2002.0,,,
9fca27eb-ad18-42a0-9aca-1947637fd3fb,,,,2015.0,,,
51b06192-bc6b-4e7d-a903-e8f77a37a1d0,9,,,2010.0,,,
839537b0-2451-4557-abc5-6c02c6e0542f,2,,,2006.0,,,
40de0c32-bb1e-4b08-aad0-b6df78824334,,,,0.0,,,
fd855219-8a86-40b6-a736-bc816bf18741,7,,,2011.0,,,
30b294d9-0c7e-49a2-b552-b5e0d994cd61,7,,,2018.0,,,
e2985eb4-47e2-4b12-8486-ba9ed3e157e4,4,,Books & Publishing,2010.0,,,
7ae79917-6e9c-4dbf-83fb-4aa06b90af67,35,,,2009.0,,,
ed9beb3d-8795-436e-b611-4ac13adbe410,3,,,1999.0,,,
0eba111a-7516-415d-9ee9-3e926c55eb2c,120,,,2020.0,,,
378d2066-2400-4b03-b17c-50d6656abba9,280,,,2016.0,,,
0b6fb438-bc30-4988-a6da-f5d155d98c00,201,,,2015.0,,,
8b8f714c-5b84-4aea-bc7a-39986f4eafbf,2,,,2018.0,,,
d76ccc59-672d-4ab4-ab02-d28432748f21,,,,2012.0,,,
9950286e-f3af-4d3e-8e52-fba5a7813dd5,,,,2022.0,,,
22a9ea8d-7b77-4bcf-81ab-cecf41b8d5b8,70,,,2008.0,,,
b90c3abe-6b9c-467d-aef1-4de96e2d0fcf,1,,,2022.0,,,
897593f3-a019-4e8c-9b80-c9fecbcda36d,6,,,2010.0,,,
ab3de417-7277-4336-82a8-a913e4d2e53a,1,,,2019.0,,,
b0d3474a-d2b8-4d66-9838-e5270ea7cf2d,25,,,2019.0,,,
6a2163e0-52d6-4dda-8ce1-466dd42c8c0f,,,,2011.0,,,
d38fc1bc-a5ee-4df9-824c-351bae351188,2,,,2021.0,,,
c27de654-a6b0-4a04-a3eb-17b5741a4f1f,22,,,2017.0,,,
a5701137-11f7-476e-b8de-b7b466712aa6,1,,,2006.0,,,
79df5d72-08e4-40eb-a13f-0a0ac90518ef,41,,,2013.0,,,
6fc2d098-1b18-487d-b4b6-66d9fa14a4b8,17,,,2017.0,,,
a6363084-0a36-4c3c-9dec-cdb344cc69f2,,,,2020.0,,,
a6a2dbe9-f284-482c-ab85-185663a87bf9,7,,,2012.0,,,
801e31fa-dc5c-4496-9978-d2936693953f,14,,,2015.0,,,
8c3f0efe-7d97-4f08-bad7-914ae76312b9,117,,,2001.0,,,
8e4a7451-6cdb-429d-9468-15e2102dbf98,4,,Food & Beverage,2016.0,,,
433201a5-312c-4a4c-aac9-b709abf30ba3,10,,,2001.0,,,
2f4f41f9-a4c8-4515-9016-8c62ca0e2b07,27,,,2018.0,,,
027cb7ae-ee57-4701-81c9-93103e494879,20,,,2007.0,,,
e09e2ac4-445a-42ff-83a6-f0ebcf39154f,1,,Food & Beverage,2014.0,,,
fe6df344-4852-46fa-950c-0787bbff2b2c,140,,,1974.0,,,
1c33259d-4325-4cc0-a2fe-811cbbb60108,33,,,2010.0,,,
251450c0-ac17-4ec7-8a17-0323e2720857,190,,,2003.0,,,
48189e71-7192-429f-a52f-33bfa4a349b6,1,,,2023.0,,,
889be93b-b809-4f8e-8c02-886ad2e3dba3,1,,,2017.0,,,
03471643-61f6-4214-bf4d-e7b6e2a07f6e,52,,,2011.0,,,
efec3ae7-4db6-449c-9593-14abd4324858,,,,0.0,,,
7ff6f1aa-343e-4c96-85bc-3ab53747c4f8,10,,,2011.0,,,
8604a396-4bb4-4e72-bb7a-c13ca9c6229d,10,,,2010.0,,,
ef293374-a355-42a0-8336-f54662008799,2,,,2009.0,,,
93802ce6-affb-4640-90af-6723a90c0622,35,,,2001.0,,,
c62e78f9-923f-46ec-829a-5ffa1ffc6bcb,,,,2012.0,,,
4f487d26-f776-4b25-b7a2-95719fad9712,,,,2010.0,,,
76ff4fce-20ff-4879-8833-da697d63c417,,,,2004.0,,,
2ac579ac-df3e-4cdb-aee2-7af8ac27eb17,,,,2006.0,,,
e8341a1c-10ac-49a6-8653-bd97d383534b,285,,,2008.0,,,
7a446b54-088b-4f59-9802-08867c6889ed,,,,1999.0,,,
5a2da925-ef5b-42b5-bd6e-ad00399775ce,2,,,2012.0,,,
da9cf305-f2cd-45cc-a0f5-254cde7ff2c2,22,,,2010.0,,,
f203be9f-53a5-4bb8-9443-4406214af78c,,,,2010.0,,,
40a6333a-1bc5-423a-a6ce-4bc54311209d,3,,,2001.0,,,
68202a81-acea-40a4-acdf-d9cdcb989d51,1,,,2010.0,,,
a2867912-bb65-4a2c-b3a5-b77e1bafb980,1,,,2013.0,,,
915d15e6-5b5c-4be3-a02d-976227a52d29,8,,,2016.0,,,
aca95d04-6bcf-4efe-b652-b86b6bf970ee,1,,,2016.0,,,
b3b4e0a2-7a57-460f-a23b-424f662f308e,26,,,2022.0,,,
ae1b18ea-bfed-4bbc-abaa-b6d064117cdc,6,,,2015.0,,,
d2d1e952-0443-48d8-86d4-cf8c034da838,,,,0.0,,,
63b20322-bad7-4974-ae69-249cad609e2a,1,,,2009.0,,,
8b377d9e-290c-45fd-9ecf-88fb2d28c54c,,,,2014.0,,,
835838b2-c618-494a-b1e4-79d2f43d9886,1,,,2013.0,,,
0714ca9c-ada1-44c2-a78f-855d0b8c2f90,5,,,2009.0,,,
02ff6876-ba86-4259-a328-017dcc910e98,8,,,2019.0,,,
76976be4-8736-4f74-bada-2ce3781012e1,1,,,2014.0,,,
af3d8334-4605-4c36-81bf-d092fa0bda39,,,,2009.0,,,
2295e6b3-e272-4b10-ab32-3bc56cfb4856,,,,2014.0,,,
2d4ce6f0-71b5-42c0-b219-4a3ed2abc3c8,15,,,2009.0,,,
b8c41fbe-79f4-4ee0-8f7a-e0c3cbf56ede,1,,,2017.0,,,
d3afbfcc-8ac5-4b70-9545-0ea0697ff330,7,,,2009.0,,,
a45ef381-7e36-4a03-b8e1-b46756b38c39,1,,,2020.0,,,
094b303e-3a6b-446a-818d-014115094e49,1,,,2010.0,,,
0357e3d8-dada-4f65-91e3-d89414629efd,5,,,1987.0,,,
071b61b9-b21d-4b0d-959d-212d51e4f41d,4,,,2006.0,,,
7ff827a0-5161-4578-9c65-ad5b0b111d9a,4,,,2016.0,,,
7890ab3e-2658-43f8-b1a0-4242862bbe9c,3,,,2012.0,,,
0bace25e-001d-4081-9673-5bd4c7679e8f,20,,,2013.0,,,
f8f91bc0-1bfe-433d-880c-0883b7e81ed4,,,,2011.0,,,
0dc82b65-e227-43bd-ac86-56be00b6dad5,6,,,2004.0,,,
a189590e-dcb9-4bb2-8c7d-f1fc83e91562,13,,,1935.0,,,
2a95d8e6-4a60-470e-8eab-98e47f33fa44,,,,0.0,,,
1b894bda-4a6e-4d82-b5ec-0a58e96e397f,16,,,2012.0,,,
ffef39a9-aab0-430e-b507-165675e04eae,8,,,2008.0,,,
99803adc-883b-4463-8737-641d6b3298b3,7,,,2008.0,,,
484b8c81-f5a7-4c07-9527-def293312600,,,,2006.0,,,
4089edeb-64d3-42a3-acd4-c8b6c3f3c69b,12,,,1984.0,,,
379f9da4-1f8e-4040-af6f-d445ab32361c,35,,,1995.0,,,
6a232026-d9d4-41f0-8844-1641c5605fff,7,,,2017.0,,,
39c41498-807c-4e70-a515-ea3763c74a97,20,,,2005.0,,,
e036d321-94b3-46d7-989a-16bb93a8ea09,5,,,1999.0,,,
5eb6feba-4bf3-4c77-91a9-9b22a314254c,,,,1992.0,,,
0bcbc168-189b-4157-8eb9-d4599e67ec2e,2,,,2001.0,,,
91fe30ad-7c84-486f-a07d-952f3ed90a48,120,,,2008.0,,,
2bc98307-88c6-40c0-ada4-11b2aa6d73de,2,,,2009.0,,,
102fd868-5d36-413e-8e08-0135072952ca,,,,2010.0,,,
c416e14d-d754-4946-a914-fe655262cca9,,,,2010.0,,,
5b395cd4-a08e-4648-b283-ebe24e15fb34,2,,,2000.0,,,
3b993b43-dc1b-4c05-8346-4865baf88db0,1,,,2010.0,,,
a7b1a375-3eee-41af-a527-e00f245bbf19,1,,,2008.0,,,
61bde8e6-a4f8-4182-aeb5-a8fd5648525c,23,,,2002.0,,,
f5c07a53-9241-4df2-a764-6b020505209c,,,,2004.0,,,
01fa88a8-c8dc-4e69-aa1d-610b282b8b85,2,,,2009.0,,,
aec1290d-1f28-4242-ba69-6c871e99c94b,1,,,2005.0,,,
f86f5c36-18e0-4329-a2ca-f68bfa6158a7,4,,,2006.0,,,
f62a3f2f-1166-4358-9347-65abe4229185,2,,,2008.0,,,
be6b412f-78e1-4ebb-981b-6db9a50785ca,2,,,2006.0,,,
875f00b6-9624-4a66-a4eb-62c76b85a476,,,,2000.0,,,
9d7378b5-48a1-40db-a9c0-eea017aed488,20,,,2001.0,,,
fcf44ddd-84d8-4211-9d86-b9ab5f6c70e3,1,,,2008.0,,,
be99497f-c2f1-44eb-9bab-f7a0684f1476,7,,,2008.0,,,
acf364f4-5ff9-474a-8013-c98942d9dbc7,2,,,2010.0,,,
59ed7847-5dfb-4cdc-8a88-1ef919041408,1,,,0.0,,,
4a975ed6-caa0-4023-b5af-083154a3f0b3,10,,,2010.0,,,
c75eaf96-6f49-4b8b-aaa5-9c10290840f3,5,,,2011.0,,,
b55f5d1c-a50b-4bb4-9986-fe8f1d103140,2,,,2005.0,,,
2c36b842-6880-47ad-b500-c122d06cb3d7,,,,2004.0,,,
0b107ed7-fbf7-44d6-9fcc-efea70b87ff1,,,,2006.0,,,
bef67466-8f27-47ed-b1b7-b00eaf57c989,9,,,2002.0,,,
569fac08-7bfb-43a9-97f2-0277ce7d6b25,60,,,2010.0,,,
825e833d-66f8-4b10-9687-7d756d19bd62,,,,0.0,,,
ebc4d02e-8954-45fb-968e-f42debd33499,,,,2007.0,,,
bd75c6df-7a95-409b-83bf-e68726fd1575,89,,,2011.0,,,
0904f6d7-3a1d-4c32-a978-38b746171394,,,,2014.0,,,
c215c452-a6f0-48aa-a24d-82dd3b1c85d1,1,,,2003.0,,,
bd53fe19-59e0-4e54-9a6a-e75b1cb6a2b6,17,,,2009.0,,,
c996954b-1429-4669-aa71-8545212bfdce,,,,2006.0,,,
e39e8bed-4fc5-4756-ac61-c6bea41c5fa9,2,,,2007.0,,,
65d0675e-38be-4321-968c-899736a89868,4,,,2010.0,,,
95c39424-f973-475b-a0e0-80b0ae42c27f,,,,2009.0,,,
3602064a-8da8-438c-b02c-8181569a7945,6,,,2008.0,,,
4f86a0ef-b799-4419-9d2c-670c5af028b8,,,,2012.0,,,
c66d432a-7d3e-455f-8605-a743f5cd751c,4,,,2014.0,,,
fc573670-e2a6-4ff1-a083-b1ab2b975d77,5,,,1995.0,,,
f57f1071-cfde-4219-b802-7733175ef4d4,5,,,2017.0,,,
3c744e54-fc4d-4cb0-b8e6-720df0dc0007,,,,2015.0,,,
587ea95a-f2ab-41d3-b4ad-bdfec115fe63,22,,,2009.0,,,
65ca829d-cbef-4ad2-81e0-ddfc0e555d84,,,,2012.0,,,
f1c24b01-2c5e-4ab5-83e7-7f3035fd341a,6,,,2009.0,,,
56f9dba2-de15-4686-a1a9-c0cf7b3a4511,4,,,2010.0,,,
347ef607-a87c-434d-b4b9-cea04ee58483,5,,,2006.0,,,
b0988eb1-0760-4132-b9f2-461f5bdbc5a9,25,,,2010.0,,,
1dd640b4-47b7-4265-91db-71bc92f2ef81,1,,,1984.0,,,
015ea73c-aef2-40ee-87df-cfe3e145091f,51,,,2000.0,,,
a0ac312b-990d-4a1c-9a40-0d222f1ca717,6,,,2008.0,,,
6e8910d2-d618-4914-8a50-d78631afed79,,,,2012.0,,,
a4b50ba2-9c66-42fe-af66-643dff517e5b,2,,,2007.0,,,
6ba3d4fb-95e3-466e-a1d5-e15c1dcc57f9,13,,,2002.0,,,
4731e47e-977f-4a98-aec5-dad06d118f30,8,,,2009.0,,,
1e073394-54ba-49d6-8a66-595ad059bda9,9,,,2008.0,,,
ec7a1545-386f-48fa-bc3c-777a3a645eb4,,,,2010.0,,,
4aec21b4-f43e-4877-8565-548610f879c4,3,,,2019.0,,,
c7764d05-563d-4be6-97d2-92fce24d2d85,3,,Fashion & Apparel,2026.0,,,
3a4f2f28-328a-4486-b20b-952bb308b994,6,,,2008.0,,,
d35d3392-c12d-4f01-b97b-6f54bc3182cb,315,,Fashion & Apparel,1994.0,,,
1c79a2ef-6a6c-41b0-8b5c-962c6accabd2,100,,,1970.0,,,
56c83505-f49e-4d5f-b0be-7a2eefe0c526,11,,,2013.0,,,
12de05ec-631e-429d-ac19-f0dcb413765b,200,,Fashion & Apparel,2017.0,,,
042195c0-8be1-43d3-8e2a-e0ca811ec3cd,,,,2010.0,,,
ecc0bb0c-f475-4df7-b866-59b7d1efd1c7,6,,,1993.0,,,
a037a34b-db81-44b6-a212-2fa6f61e680b,50,,,2007.0,,,
3250baa1-8882-4055-9f83-c599cf22e466,12,,,2015.0,,,
40f9b769-3f23-4369-8304-9c333c0a8380,16,,,2011.0,,,
5a85dde1-b9fb-494c-8cc8-9f575541c9d4,18,,Beauty & Personal Care,2005.0,,,
649cc042-fd47-4108-80f2-98e2dda291ef,3,,,1979.0,,,
6dcbd55d-29ab-48a3-a183-b35d2efbb5e9,3,,Fashion & Apparel,2002.0,,,
da69b1f2-1e35-4ffb-b5e7-4c0bd1220177,8,,,2018.0,,,
9fde8941-f018-4733-8e63-04cd36e2213b,210,,Fashion & Apparel,1993.0,,,
9a5ab133-b58d-441f-986c-31aac20f9cb8,12,,,2017.0,,,
7708ca4b-65c2-41e0-86ee-27010cb7fe34,300,,,1987.0,,,
3ab9e79c-66ab-403d-a2a9-5bb8e86067ff,2,,,1997.0,,,
7fd682a0-bec8-4e02-bb39-efddd56ece49,,,,0.0,,,
3062cf5f-1275-44a9-9e24-400f75a74daf,4,,,2019.0,,,
8e801168-aa49-4cff-8eb4-3b90dbe29abf,3,,,2010.0,,,
5a4ab7be-54fe-41fe-a34f-5e26b4c9c98d,1,,,2016.0,,,
3e1d0726-18a7-42c9-8bf2-47488f6382b8,2,,Fashion & Apparel,0.0,,,
f9091404-5d1e-41ca-9b30-df60bab87fcd,25,,,2011.0,,,
d7f60214-64f1-4545-958f-a99cac438282,,,,1996.0,,,
c0371ed8-b954-4978-8479-2419802985c7,1,,,2009.0,,,
3f96be7f-3727-44f3-a851-4823dac33a85,2,,,2009.0,,,
42f6d627-8fd9-4550-b912-f15f5380e525,,,,2009.0,,,
810eb246-e943-464f-8cbf-9f0f84029390,11,,Fashion & Apparel,2009.0,,,
24119ded-065c-496a-8182-4095ffab2279,,,,2005.0,,,
03e35677-5b2a-45d8-9f16-7ad110ba6b2f,1530,,,1979.0,,,
34b1dafd-ea07-4e43-80d9-70e60dc62426,205,,,1981.0,,,
14323ea4-2743-43b1-9979-1d1c0284cd08,2,,Fashion & Apparel,2010.0,,,
349e3560-92a5-4415-b2b2-8f61cc0c2d9e,51,,Fashion & Apparel,2011.0,,,
4bff0435-7ffe-4592-a3c6-d60bc67df0ea,2,,,2000.0,,,
c72c8ada-54ef-4e90-a7e4-af28af72a5b1,3,,,2011.0,,,
a5acb8f3-d778-4c86-8fc1-e62561a679cd,10,,Fashion & Apparel,2004.0,,,
b9957513-1881-40c2-8524-2dd9e5e6a90c,10,,,2011.0,,,
598790ce-05f1-44fc-99b2-99ecc9050d62,7,,,2009.0,,,
52c24e45-bde3-4b88-8560-66e23e0a649e,51,,,1997.0,,,
95f58cc7-cd80-49e5-9d92-058ee7088800,1,,,2005.0,,,
b8657afe-301f-4480-8916-15cdc084b09b,,,,2009.0,,,
af77e637-6af2-4e63-ba29-32a6734a483b,,,,1991.0,,,
bec865cf-6967-493c-bddb-fb03067ee79a,14,,,1975.0,,,
796efbdb-fae2-4240-bced-df6996ae91f4,1,,,2005.0,,,
1fa4ae49-bcb3-4f0e-ba50-ae2871a66a12,2,,,2008.0,,,
7a0e4fa5-75f5-40d5-92c0-72f95a1b5bc0,,,,1970.0,,,
50f356f5-3d8e-4e26-bfd4-87d7393bd1b3,340,,,1986.0,,,
87767af1-a6c4-4d69-b71e-886ab6d50656,2,,,2010.0,,,
de094349-9864-4d69-b2c4-66a4fde5a723,,,,2002.0,,,
65a42fb7-b038-4538-b0d4-6d6e2fd235bd,16,,,2010.0,,,
40f7b7c9-a5d9-42de-ac7e-bc3f8c11e288,2,,Fashion & Apparel,2024.0,,,
31959ac3-56e0-4024-aaf1-fb422e5b891c,4,,,2007.0,,,
13a791e2-f8c3-4ac5-a272-907794add034,,,,0.0,,,
23908f92-1db9-42c7-8e9d-09d32dcfd5e1,1,,,2010.0,,,
c634cb13-cb6a-4346-9d86-17f8003ab432,1,,,2012.0,,,
86de8ee3-c346-45dc-a40d-3896e9555e0c,4,,,2011.0,,,
7a39a6ad-c09a-424e-b60b-c8fbeeda0173,15,,,2012.0,,,
0d143d10-f8b0-4cde-af8e-20d16c65824a,2,,,2010.0,,,
d4c37929-37a3-4f41-a093-bdfddd5ceae3,17,,,1971.0,,,
62ee797a-e7f1-4f27-b04f-e97b4e976550,3,,,2013.0,,,
0434276c-d581-4952-8d11-7221ea3a96c4,,,,2012.0,,,
992d14af-f66d-4eb3-8bef-b886f2b9c054,,,Fashion & Apparel,2008.0,,,
e7f661b2-52f1-4e78-a72e-f892b6bd5dd4,1,,Fashion & Apparel,2010.0,,,
e5f47cdf-7fa1-4f91-9024-8e8091e7d967,2,,,2011.0,,,
62cd47bc-bcbe-4859-b7e7-51bf9f8b80e1,1,,,2007.0,,,
3ef0667d-aea2-4ad2-8a1c-53b2a146c480,3,,Fashion & Apparel,1996.0,,,
00b9c3bd-ed63-4f5f-8c34-de310e3b09ea,10,,,1996.0,,,
90aa6b7c-6e6a-4722-8309-950b915c6f58,,,,0.0,,,
6a012bc6-a4f4-43da-b17b-69e976065ddd,16,,,2012.0,,,
10bccca3-7dc9-42ad-b39c-697efe1dda11,14,,,1982.0,,,
2bb8bd78-bdaa-4fc3-a47a-6d6f98ae5fe1,,,Fashion & Apparel,2013.0,,,
20f2d21a-a177-4fcc-bbf0-1cac03e6612f,3,,Fashion & Apparel,2001.0,,,
ec80747d-6d34-45e8-9901-0f457053a1d6,2,,,2012.0,,,
b6971066-32a9-43a8-a863-f5a514aa1dac,24,,,2013.0,,,
c6f9fbcf-ba67-420b-ab25-48d008a8556f,5,,,2010.0,,,
83ee5f06-f7a6-437e-b3f2-6b484f1cb165,,,,0.0,,,
801ef408-c367-4e7e-878d-384e4304fdb4,,,,2011.0,,,
45113385-f6be-4983-9ed4-39b47796524e,2,,Fashion & Apparel,2005.0,,,
411a3679-7c8d-499e-a9a7-6ca3036560eb,1,,,2014.0,,,
b1aa3823-c388-40e7-a9ca-7ee57ae50359,,,,2014.0,,,
6df34cb7-f7d0-4389-b8a4-5d7c3354873c,5,,,2020.0,,,
565b3785-7a2b-46e4-93bf-a8a03e8d6e8a,2,,,1991.0,,,
000fa236-6f66-4c0b-b876-8c6ac997e119,,,,0.0,,,
d9528c8c-86f5-4fd8-9185-06319c4bc047,1,,,2008.0,,,
4893b43e-0f63-48df-b31d-c770e19e747a,6,,,2010.0,,,
26a8606a-677f-4166-b5e1-515f2b2e9098,1,,,1990.0,,,
bbb1623c-7f94-4492-b1ea-b8fa93ef1190,,,,0.0,,,
d352ed44-9006-4c97-bf05-d9d9dcf39a9b,8,,,1991.0,,,
e89d76e2-8d99-47c2-ad5d-c9c5a4319a68,40,,,1995.0,,,
2327f7be-db55-400b-83a9-773c1181f94d,1,,,2021.0,,,
aed0391a-275d-4c5f-bd1b-2104f739eb59,8,,,2005.0,,,
6dd62274-f6d5-4d27-95e5-134dd975d939,3,,,2007.0,,,
737d6823-1725-4dd6-bb6b-82d3df118c9f,6,,,2011.0,,,
04d0ac95-aedb-4718-ae9a-5452c135e13f,500,,Footwear,2006.0,,,
cf928dd8-ec82-4c51-ac93-de2476241386,,,,0.0,,,
0d73fc29-3d63-4546-ae41-9edcd1b76639,12,,,2002.0,,,
d1dd78ea-86b8-4a05-8291-c9804393d73c,1,,,2009.0,,,
2481ee37-20e5-4d1f-83b3-29fc35a50aea,15,,Footwear,2008.0,,,
51c710a7-f005-4be0-9546-ed4bfe649646,,,,2014.0,,,
90eba44b-38ee-4413-9ab2-1c3c2b7f4ff1,,,Fashion & Apparel,2014.0,,,
f2e0d333-ba86-4cad-86e9-131ce53d787c,116,,,1982.0,,,
b0b7cb22-0fe9-49dd-8d07-37f1495bcbb7,5,,,2014.0,,,
2fe150f6-38e3-4569-8fa6-6ea2abfcb1d3,11,,,2015.0,,,
d06bfe8f-8502-4f13-9f20-593eb94972c5,,,,1992.0,,,
65238f65-c31a-4e6c-9406-7851f3751bfd,2,,,2017.0,,,
eb8d17d6-027f-4238-920b-df634255a2d1,92,,,2006.0,,,
9cc9676a-804d-4ac7-a75d-dcf3aa98b551,1,,,2010.0,,,
294f0816-aa15-4603-8106-1220210e54d8,,,,0.0,,,
ac4a3b07-211c-4ba4-ac9f-99fb697cf235,,,,1983.0,,,
62dae4e1-b893-405d-897b-7aebffe275d0,7,,,2010.0,,,
fe54704b-c9a5-49af-8e97-a0229066c100,2500,,,1975.0,,,
8dc5f83f-93cd-488d-9a05-b4313bdfb9e3,,,Fashion & Apparel,2012.0,,,
93ab0698-b930-47c5-ac49-f9d5aa470323,3,,,1999.0,,,
088ead6d-ac76-42ef-a85f-292b21b26aec,5,,,1979.0,,,
1d0e19f0-8903-4689-9e9d-955ea1ea61f5,,,,2018.0,,,
697ae1bc-0c6e-497c-98ab-efcf38cd45a2,,,,2022.0,,,
11fae82d-539b-4820-956f-43aee10327f0,13,,,2020.0,,,
5c0c27dd-0295-4e03-97de-921785d74c62,,,,2017.0,,,
1a0f4004-7854-417d-aa8a-16884843bdaf,6,,,2005.0,,,
1261b1ac-5ad3-4789-a1dd-267d1d2457c9,6,,Beauty & Personal Care,2016.0,,,
89187b35-5785-41b8-bf20-09ebff1d448b,26,,,2009.0,,,
4ad82961-3cf8-44d8-8ac3-7e4dd28c2700,1,,,2003.0,,,
048b03f5-0193-4229-9c9a-6b36b9ad0b3a,5000,,,2009.0,,,
03e9714e-13e3-46be-b960-bbbe28a10c8c,,,,2007.0,,,
a1791045-e184-4cd8-b62f-30ca1912a65b,1,,,2008.0,,,
2e1c7200-6078-4282-bf43-6a3f181dcd3a,4,,,2020.0,,,
639e69c1-fee3-452f-bc18-c79a65c2cb9c,,,,0.0,,,
7747e0a4-1970-4c01-b4d2-b21b049f9f8e,223,,Beauty & Personal Care,1989.0,,,
c5da8fff-56ed-4281-b8b1-8a3a34f2158e,6,,,2002.0,,,
288495a6-b4db-4c62-bcd7-00eb0bdd7f75,11,,,2019.0,,,
a2de0323-9b54-495d-af04-cd08ccbd2c44,2,,,2008.0,,,
d722ae1e-38ea-4bd5-bc0c-d7a1aa0e17cb,44,,Food & Beverage,2006.0,,,
47ddc00b-a6c0-422b-a463-f76fbd84ec92,5,,Fitness & Wellness,2014.0,,,
f2d43c2c-4e19-45af-81a7-3cb0fa5f4a84,7,,,2015.0,,,
a3e3e2d9-6afc-42ce-8808-5ad5205a0793,200,,,1970.0,,,
01662156-37e9-496e-898b-71914db51432,,,,2010.0,,,
aae2354c-37bd-46cc-a44c-ff6d0b6796c1,,,,2011.0,,,
6e64d9f5-4be7-47f5-b25c-1a9bdb3de1db,1630,,,1999.0,,,
b8e7c143-1c26-4182-b8af-e37e0343088d,1,,,2019.0,,,
d72ab4f7-2c46-48a6-bfea-1a2d3f61c9aa,,,Fitness & Wellness,2009.0,,,
988ca2d8-e3b7-4c2f-adee-68d7d0967187,1,,,2011.0,,,
af3fc503-097f-457d-ba95-9dbeb364f986,,,,1903.0,,,
6392f369-8364-4d92-9524-f19ec7dcb3b4,18,,,2006.0,,,
d36326d1-8c46-4383-a980-c98ccbc3a913,,,,2012.0,,,
f23f3adf-1d05-41e3-82c5-e3354d1f315a,5065,,,1982.0,,,
531c11a2-236a-4931-a390-f20ecbe50dd4,3,,,2007.0,,,
d25063df-c30d-4e35-ae32-9979225573db,32,,Fitness & Wellness,2000.0,,,
83ece95d-b434-4471-9ae1-11961e9183a0,,,,2007.0,,,
0c50204b-d0e9-488f-a2e0-cdb63ff27d68,15,,,1997.0,,,
76474941-ec40-4271-8aff-da2e306bca15,,,,0.0,,,
ae9e6ef8-8dea-4f40-b991-4d996b05eb4f,,,,2011.0,,,
7a07c2aa-752c-446c-8aef-b9492d70234c,2,,,2011.0,,,
4999fcf8-f64c-405d-9f2d-aa6ffbcc1326,,,,0.0,,,
323b850d-6180-437e-8a35-8752174c337e,21,,,2003.0,,,
1cd2391b-55fa-40e5-981e-cde441f0a2ea,,,,1998.0,,,
0be3074e-bed9-4b9b-8e8f-38f963f225dc,10,,,2013.0,,,
0309cb7d-921c-4b9f-be22-cf80799d8b51,29,,Beauty & Personal Care,2000.0,,,
579cc0c2-3f6a-477b-aafd-1030e51be9a8,,,,2012.0,,,
a8b051e1-13ac-4d8d-8697-410522f0f1d9,200,,,2011.0,,,
b1d1e275-75b4-47a2-b337-f5c062005794,1,,,1903.0,,,
dc8bc30c-6f3e-4a79-83cf-1155883af2e1,,,,2014.0,,,
5bd3ca7a-7a90-454a-8579-2c964a8398d7,9,,,2009.0,,,
90175e56-d980-4f55-965e-2dfae2aabc47,1,,,1970.0,,,
909504d8-484f-40b9-8ba6-cc748f91990b,,,,2010.0,,,
c5e3c420-b6e3-4207-9b34-dc705884477e,7,,,2010.0,,,
778bbc65-c753-4229-8a91-a218a3a9fbcf,20,,,2002.0,,,
ca818051-19b7-449b-8d07-661ed93c4070,15,,,2011.0,,,
6ef86c72-0e92-4827-b932-dd7c1891a85e,2,,,2005.0,,,
2bd9d97e-4836-4571-948d-a38666b0d224,,,,2009.0,,,
b0645965-273a-4a17-b7a2-40fe6fb510af,2,,,2000.0,,,
0fc9c4b6-d60c-4037-a63b-5f2f865988cf,85,,,2013.0,,,
a76e5e36-1a43-4d96-a30c-7a5b654b217b,2,,,1997.0,,,
02bee70d-4c86-48fc-a8de-eac9f4c2d580,1,,,1991.0,,,
18f89000-0f7e-4568-a07d-bb6e9aaa8359,40,,,2011.0,,,
e4d0b301-8190-4fca-8756-8fdf0239363a,,,,2011.0,,,
581397f7-a61f-4867-8a5b-18cc68e7dfbf,,,,2006.0,,,
7fc530a0-082e-4d02-b324-738416a6674c,20,,,2006.0,,,
96aaaa03-8297-495e-ad38-064885387752,2,,,2016.0,,,
a1572a1d-830e-47f1-9133-86532169ec8c,1,,,2002.0,,,
b7f70d03-fbe8-4832-80bc-f188dec28a64,2,,,2010.0,,,
e3fac3c0-16b9-4069-a680-1d6877498850,4,,,1996.0,,,
7855bbfa-8d3e-4980-bcbb-9533c0ab4116,4,,,2015.0,,,
b88001d9-cbc9-4231-a7bb-ae953c7cdb41,,,,1995.0,,,
ce229333-5614-4682-9234-52688b8c23e5,6,,,2015.0,,,
d162112a-ec15-484d-b6a1-4e7439e3d71b,21,,,2004.0,,,
c635d31e-e278-4345-a858-18396573207a,,,,2020.0,,,
3a0b8ce5-084c-490c-86aa-5a2322ea665c,6,,,2005.0,,,
6ec031fb-4dde-46db-8e7b-3d81086e77fa,9,,,2009.0,,,
311843aa-3b8d-4a1b-a1c1-793d4fb1963d,200,,Fitness & Wellness,2008.0,,,
ffaa15e2-319d-45cf-b622-08cda17a9270,,,,2004.0,,,
454bf7e9-b8c7-4276-8745-fcde8d8ea703,3,,,2003.0,,,
04f52abd-343e-4236-9d55-8f6ee80c509e,2,,,2007.0,,,
d09d4d39-dd18-460b-a38b-d5341e5a0929,18,,,2001.0,,,
c7e82b43-3d55-4970-80a1-74a390fc8cc2,,,,2010.0,,,
e0b09189-264e-4eb4-b30e-338688fdb56c,2,,,2011.0,,,
1cf6c4ae-0059-4ab8-9926-73ba31855164,40,,,2009.0,,,
ea5e5f96-b9cf-4129-8cdf-eb16432a5d98,7,,,2008.0,,,
8d67e738-c2f6-4682-928a-cd132c7a6fa9,20,,,2014.0,,,
f72e0df1-559d-48c2-9d06-bf582b950e7a,2,,,2021.0,,,
d67ebcd4-2f2d-4c80-bb99-d7b43e22162d,65,,,1986.0,,,
3b414318-22ff-4d91-b275-553d540eabad,1,,,1970.0,,,
0a5164e4-62ff-4662-a37d-0c9399fbc1b2,570,,,1991.0,,,
9d8721c2-8357-46b6-bdd9-8abeb6f93f18,4,,,1995.0,,,
2c6720bb-3a6f-49ea-9d6c-477c6a15658d,13,,,2018.0,,,
003f0447-0137-45d6-a222-5fae15904982,14,,,2014.0,,,
393e4fe2-8876-4559-b6b5-b533f6cee2a6,7,,,2013.0,,,
623c5378-ecb2-45fa-9598-351729bcba1d,2,,,1985.0,,,
cfdeb95d-8308-4761-a435-31c7f4e14607,27,,,2010.0,,,
9554609c-0440-4981-a4db-ae91fe6d5043,,,,1991.0,,,
bf7ff586-0f65-4d54-9af1-11cc2f13b270,6,,,2007.0,,,
1c1b9efb-3792-457c-a569-f565b416a1d1,1100,,,2004.0,,,
0e4a1e38-ba22-4e2c-bc75-e40ff7c37894,24,,,2009.0,,,
dbec7a25-42c4-42ef-a7fe-e0fe03c1b029,98,,,2005.0,,,
598a7240-754c-4136-8df9-f2db0587ecd1,2,,,2009.0,,,
65d48180-8cb7-49b4-8963-2a8faa675309,1,,,2012.0,,,
8ced87ef-a57f-4096-8976-4207ad77b18a,107,,,2011.0,,,
b43711e0-fc41-4a6e-821b-2cca5c33acfb,3,,,2025.0,,,
177190db-10bb-4b16-8694-a4bc2de2ac69,,,,1998.0,,,
4cca1f49-4996-423c-92b2-d513526035fa,,,,2005.0,,,
02eaf6e3-328d-4b3f-807f-7993d0e6f517,184,,,1971.0,,,
aa49afbb-ba59-411c-a359-3eeae7f8bb27,20,,,2021.0,,,
85630262-3fcf-4673-92b2-96b351ecce23,13,,,1989.0,,,
d48dd4b6-0b66-46e5-89c5-460e2eb4a91e,150,,,1995.0,,,
9204fa98-096b-422c-b3c4-47aeb1f9c193,500,,,2003.0,,,
9fa6b79d-95a6-4dc7-8677-8cbc4648c883,36,,,2018.0,,,
5b829848-ad39-4cd3-bf00-291b5c059bce,20,B.L. International,,2007.0,,,
e0127e19-16a8-4706-a7e0-c8bc3935fc2c,37,,,2018.0,,,
ce98d891-ac85-45c7-a37a-ab07c6df278d,7,,,1992.0,,,
ff49732b-229b-4191-b334-d9fc04cc1480,19,,,2022.0,,,
c1cd7c8f-9ca8-463a-a42a-6336d3bc1d70,31,,,1993.0,,,
7d9d19ab-2eaf-4edd-96f1-f87ce2ef9686,4,,,2025.0,,,
f49c66e9-3de2-41a7-8058-de55f69fbaba,152,,,2004.0,,,
27046375-992f-4d6d-8ec5-53d50bdb1a0d,134,,Footwear,1994.0,,,
b5525159-6784-44f8-86a3-221a38d67c9e,2,,,2019.0,,,
6c34f7ad-6fb9-491f-a374-59386d9162b9,515,,,2004.0,,,
7a45927a-26d8-47de-85f4-74e7c50ffd77,,,,2017.0,,,
9b0cd3f7-67a9-421a-bd55-ec2e30b06590,27,,Books & Publishing,1970.0,,,
76029e05-7907-4c4b-a297-74978b006389,,,Food & Beverage,1999.0,,,
5528cb33-c57e-494c-b156-a0f1390347b5,3,,Food & Beverage,2020.0,,,
f94ec6ef-cd34-4fd7-a6e7-d9b88a8c5e28,1,,,2020.0,,,
c6d35611-4ed6-4520-a029-b0d9c4c4f0c6,4,,,2012.0,,,
cfaf6bfe-821c-4ace-848a-c703301ce1a1,4,,,2003.0,,,
fed1068e-c726-4447-9040-ed907efd9d3a,9,,,2011.0,,,
11d4988c-1e90-4898-bc36-e081279f45d0,250,,,2016.0,,,
3afdd124-4bef-4fa1-ad27-cb2fbb52eac3,60,,,2002.0,,,
a372285b-ebd9-4221-9524-bdcc7c4b2078,6,,Beauty & Personal Care,2018.0,,,
b606217b-db48-4f6e-906c-dfe5990f1d7a,4,,Beauty & Personal Care,2009.0,,,
959b135f-b953-4707-96b1-971490d9a476,10,,,2020.0,,,
d89e0256-0976-4e80-90ee-9ba9573884a4,120,,,2014.0,,,
e9ee786d-1c6e-4858-bd28-6c0094071b43,,,,0.0,,,
896bdeca-34ad-46d3-bb63-8b8aa8b1bff0,13,,,2018.0,,,
2f5ce1b1-5c52-44d8-a5f4-3d22c836bb21,50,,,2014.0,,,
eac2dd6a-49a5-4393-9452-87d7697dc7e8,2,,,2019.0,,,
e2473993-92f1-49f1-b04b-8a3a44c06887,,,Food & Beverage,0.0,,,
ee2aa6d4-abfc-4cb2-9bf0-9ce3a5d95b6c,5,,,2018.0,,,
eb2faca4-b4ab-4859-a219-a96461717546,,,,0.0,,,
354c91a3-4ffc-425d-9555-937f662dde31,51,,,2017.0,,,
5e8bbb61-a784-4d0f-bc72-8e7e75d6b5b9,7,,,2025.0,,,
1aa02350-9d47-40be-ac9c-071d4f2f06df,550130,,,1970.0,,,
7fc42980-5ef4-4831-bc8d-b930ae494f44,15,,,1991.0,,,
eda611c5-1e42-449e-b972-15b91a9f337e,1,,,2011.0,,,
737497f8-654c-41da-9505-12534e1af583,1,,,1976.0,,,
66fe2d52-727a-4947-90c8-9df5b7ee71b0,250,,,2006.0,,,
f6c83d1c-a591-4257-a264-c470ba559968,1,,,2020.0,,,
87cec80d-c1a3-4965-8e92-6824fa36e1fb,75,,,2012.0,,,
dbb553e0-557b-4717-a693-e4193067f3e7,25,,,1984.0,,,
008aff50-9d94-49cd-a8d4-a8fc14ddb02f,,,,0.0,,,
34a7a3de-582d-4d65-a877-3e2f251a9cad,,,,0.0,,,
7d4126e8-6c60-410f-b561-a67ca954047a,100,,,2021.0,,,
ad78b127-46a3-4d5d-b776-4dda69961ee0,56,,,1991.0,,,
e87000d2-d2ea-43f8-b315-91bdd65c2d31,27,,,2009.0,,,
ba80030c-3140-442c-81e4-915542c5bc1b,337,,,1997.0,,,
2ee4a475-d42f-400d-8c26-60e3f0caf3de,5,,,2007.0,,,
5b222bb4-6587-4c79-915e-775c3680b006,2,,Food & Beverage,2009.0,,,
2e576a72-b3df-4092-9ef1-6d2ed00e4764,30,,Footwear,2010.0,,,
8b62912a-11dd-4ba8-84a3-d65d293e0211,23,,,2007.0,,,
da2fb5a9-d8ab-483a-9dc9-1dd54db5cebf,27,,,1994.0,,,
21994372-42b0-4e03-be5c-560866ecdb9e,19,,,2003.0,,,
64e849c0-229d-4ede-a1bf-29dfd3d15869,,,,2009.0,,,
d6737bbc-20c5-41be-ab36-e9b165096231,50,,Footwear,1981.0,,,
c4a983b5-02f8-4d2f-ad7c-3ddf2d6aee1a,55,,,1989.0,,,
902d7f48-8ec1-4e07-adb2-3a14e336ff93,80,,Fashion & Apparel,1979.0,,,
37603e29-75a8-431f-a03c-1c721142f9bd,12,,,1996.0,,,
f75be099-7769-4373-a45b-36f1b27b6d4e,7,,,1978.0,,,
39010490-e654-4c8e-8e54-b6c6955b924e,34,,,1998.0,,,
3ecdd1c9-df34-4c23-9513-005d1ab5d5e9,4,,,1986.0,,,
9a70477f-de5a-4a89-a264-252dd8243ccf,11,,,1991.0,,,
989a4908-6bcf-4b32-bd38-9a4a431df87a,2,,,2009.0,,,
ae79471e-c662-4f6d-ad73-a5fee67b9a56,8,,,2008.0,,,
908c38a5-9f48-42c0-be5b-c5ad78e6d108,1,,,1981.0,,,
42a89005-50db-45a0-a36e-8db4686de7c0,35,,,1970.0,,,
89be6e26-506b-46ef-beb9-fee54a783dc6,11,,,2007.0,,,
d34f76de-1bfe-4f64-aed0-5d629b1e6de9,2,,,2007.0,,,
e79214c9-2d49-47c5-a2b9-27128831c997,,,,0.0,,,
4aeb2d28-218b-4885-887b-ce5bb53ce786,4,,Fashion & Apparel,2019.0,,,
f4f6670a-d9b4-4e17-ab6e-81343a13cdbd,,,Footwear,2008.0,,,
875a4d48-5e67-48ed-8684-c54c9c21da1d,,,Food & Beverage,2019.0,,,
8c4882b5-01eb-4260-b40c-4378e16a4a2d,75,,,2000.0,,,
b7d558ea-3e30-4254-b14a-ad2da436fb7e,8,,,2004.0,,,
98ccdea9-6062-4ffe-8c9c-ff85d4ff4669,7,,,2007.0,,,
2b149a06-4dd5-4e18-b9bb-a0a659aed40d,13,,,2018.0,,,
4921e88d-8110-41dd-9392-bac63c38b01f,30,,,2006.0,,,
2667c2d4-9aac-417b-b36e-d7ae4e88c138,6,,,2014.0,,,
24129304-b79d-4a22-9a99-40afb18e461c,1,,,2011.0,,,
24d0836c-ae82-4bba-aa8c-a939c678c4bb,1,,,2011.0,,,
b862efca-f2ee-4e5b-914a-35dc19a3e9fc,2,,,1983.0,,,
8ef598b1-3325-430f-927a-8bdc4ceae6e8,,,,2001.0,,,
b40de5e3-cb4a-433d-8421-b5889e151776,,,,2009.0,,,
3c819bc6-8062-47b0-a76b-6e254e573d0a,90,,,1999.0,,,
79bf892a-0e54-436a-b1c1-3944611286d6,,,,2016.0,,,
1c900892-2f40-4b0d-a683-6a20dd2e2f6c,1001,,,2007.0,,,
69363220-dc33-4a10-9506-b09fab1a0463,2,,,1995.0,,,
8e96ea38-8c0e-45c9-bb70-9e9f1ebacbea,5,,,2006.0,,,
fdbc0e97-888e-45f2-a20c-5101a1d46f65,46,,,2017.0,,,
b50c9f09-e908-4b57-9c28-75090b1df579,9,,Fashion & Apparel,2016.0,,,
1bffaae0-381a-4724-a803-bf2392a8e1da,119,,,2005.0,,,
6e7b8e1f-4476-49af-9d78-c5da19861fb6,8,,,1999.0,,,
40563482-d9ca-4b23-a39f-2eb47f7cf874,8,,Food & Beverage,2015.0,,,
e743d58c-745f-44b6-96c6-7411a0f1e3b7,2,,,2014.0,,,
231ecbbc-1be6-49b1-a513-c76b824c5bb4,80,,,2004.0,,,
dfff1316-afa8-4466-bde5-934b544d5f28,4,,,2013.0,,,
5a46a272-8022-40a5-bd92-f70dd5ed2c13,2,,,2021.0,,,
85e39630-bfa7-4bba-b232-4d520bdeb7ed,,,,1990.0,,,
d7950544-65b9-4030-a76c-c27f20034b4e,2,,,2011.0,,,
d80fdd0e-f7ae-42be-b79c-a2ee24c6db83,2,,,1990.0,,,
5ba06c5f-4f78-4d92-8e18-11d6f3bfb4b9,,,,0.0,,,
14a93dc4-4125-426c-bb3d-fb376fce06cd,,,,0.0,,,
fb764a53-b7db-4c54-b4cf-7157345caa02,16,,,2002.0,,,
faa48203-0b0c-45b0-8a92-2b7d3384c3f0,4,,,2017.0,,,
623ad64e-6a26-4cca-a47c-225feec64a3d,4,,,2005.0,,,
308d912b-904c-4eaf-a34b-9cc8d15e6073,7,,,2012.0,,,
5ced2e8c-dd7e-4d47-a888-766c6d369a7e,5,,,2004.0,,,
02d018a2-f33a-4cd8-a64f-9522ff26f804,,,,0.0,,,
b798fc07-654a-4e4d-90e7-210f756025e2,3,,,2012.0,,,
3b286d7c-c457-49cd-a9d2-7b01638ad77d,4,,,2007.0,,,
d9e32d26-dc1a-4183-95a4-b1fbc5963cc4,2,,,2011.0,,,
d586cc1f-ff01-4485-b5db-2632cadcf068,2,,,2009.0,,,
a358300d-0b8f-4b33-a52e-f035970addbf,,,,2001.0,,,
37948d04-3229-4a69-8f4a-42cbd5650676,450,,,2016.0,,,
22a7a2a5-3902-4245-8905-e7af4b71e964,2,,,2003.0,,,
734ceac3-c117-43f7-97cf-382433a6672f,,,,0.0,,,
7e37c42e-0199-472d-8006-8ec1c6f41057,2,,,1974.0,,,
64846bf6-e930-46b5-beb3-46ec67aaecde,170,,,1905.0,,,
0e37a97e-8653-490a-af09-c74b5f720c7d,,,,0.0,,,
7e609dea-229c-4241-98a6-d083a9d20a1c,,,,2012.0,,,
6f8d250d-f47e-4aa1-a36f-1b90386b0fa9,,,,0.0,,,
6c0cc6b9-3821-43b8-a89f-c8ac00bc78eb,,,Fashion & Apparel,2014.0,,,
24a3866f-f053-4bc3-a5f2-df1147f1fe31,6,,,2013.0,,,
51404498-0978-4245-973e-4cb79a08a9a3,3,,,2011.0,,,
9c823d70-5899-4ca2-84df-007978c84b9e,,,,0.0,,,
0ba49d1e-2131-4024-bded-c6c588ae62dc,2,,,2012.0,,,
63dcab56-ba7f-4da3-a995-974e1abbd4dc,18,,,1986.0,,,
46065272-94ee-4885-860a-5518050aceae,,,,2011.0,,,
72cfa3a6-d0f9-47b3-afc0-19b5cc6f0c12,2,,,2008.0,,,
374d1a84-0874-4f94-b972-747edbb90cce,10,,,2014.0,,,
83d69b54-5d74-449c-8143-95bf08e1880f,,,Food & Beverage,0.0,,,
68861ea4-f0ab-44b0-a35d-125a56065cdc,,,,2013.0,,,
0b3563c2-99b4-40c1-a64a-2a0140584af2,116,,Beauty & Personal Care,2013.0,,,
93271d47-0d66-4af2-81a2-5f9db2cae833,10,,,2007.0,,,
03b0baa6-acf1-4be6-a799-d6f36216d11d,11,,,2010.0,,,
5355560f-2767-442b-a32c-2d96026cb5f6,24,,,2007.0,,,
2287709e-6a84-42e7-b03e-2e294896feb4,4,,,1998.0,,,
2d4ea470-e12b-439f-a61b-573f09ffd3d8,20,,,1998.0,,,
8d9a5820-5dc5-4fe4-adf5-18fda4385339,29,,,2009.0,,,
327fccf9-fc38-427c-9f29-3f8b64b284b3,8,,,2010.0,,,
bdb4c17b-4e4a-42ff-a902-8ab21f7901cc,17,,Food & Beverage,2007.0,,,
bc57de49-253b-4ce9-a14d-633777be182a,,,Fashion & Apparel,2000.0,,,
3d5a8509-b7a7-470f-bcb0-7b095e8160f7,,,,2020.0,,,
e730c936-6b02-48ba-8e39-b29f7a354b3b,1,,,2005.0,,,
ad36f543-485a-4004-b5f0-76bd7d024ec0,7,,,1978.0,,,
51f08472-5395-44ca-864c-8f081778656b,,,,0.0,,,
93ea40b3-5901-431f-9550-a6c329bd9340,2,,,2012.0,,,
5bbeeaed-24d1-4f6e-baa2-8238c9f99fac,4,,,1970.0,,,
2d6a1d66-31d4-4635-ba6d-02f0111f8587,1050,,,2000.0,,,
1fc1b5c9-69df-4978-a30a-a04d9edc35db,,,,2010.0,,,
b82ba712-b9f3-46b4-a002-6d715811b8e4,,,,2019.0,,,
d7e7ad24-b7ac-4c5e-882a-ee4117fa5888,5,,,2009.0,,,
5a8bff6f-489c-4605-8791-a1dba53f57d8,8,,,1982.0,,,
604d7620-905e-45f0-9f53-5cca8284bdfc,3,,,2009.0,,,
c19f271f-b8d3-46c5-bc22-e73f912ee689,6,,,2014.0,,,
61635a97-1afb-4b0c-b73f-94a14c6eba82,12,,,2009.0,,,
03c41a47-c715-42c0-9286-2fb9bfd15169,14,,,2000.0,,,
4d2caffd-59ff-4110-9c2b-af1dd3fc4095,8,,,2025.0,,,
cc6f6e0e-f178-4d71-a78d-b5416e0a8fdd,2,,,2021.0,,,
92ffd6a2-deee-4bc0-b3d2-40ccccec2812,19028,,,1972.0,,,
485428aa-dc4b-4ced-919b-53926640c009,507,,,2002.0,,,
654ed053-7211-40d5-b69c-625b329416af,4,,,2019.0,,,
8cbf068c-29a2-4939-ae8d-f786954c6095,9,,,2022.0,,,
dd2174f0-f50c-4afc-92e7-95a732082ba5,33,,,2008.0,,,
7b537764-4e14-47d1-8d77-1d6a7de8c85c,3,,,2017.0,,,
6e077d40-42de-41df-a6d7-1bbd5e4c61ee,1662,,,1987.0,,,
76dac645-5658-4601-b6de-f6a25be88b1d,3,,,2023.0,,,
a329ec5f-3f8e-43ab-b22b-d299318d542b,2,,,2018.0,,,
e8fc9528-aa89-4990-833d-fdb4ce9d9661,4,,,2000.0,,,
4c47708c-71b8-41ae-b14f-62af66f4cb39,10,,,2018.0,,,
121dc090-c9bb-4cd0-868d-0c9300154e92,7,,,2003.0,,,
7ad00734-75f4-467b-b56f-7e6d6aeab655,21,,,2007.0,,,
77bd0aaf-7e29-4dfc-9845-e914a23109e7,3,,,2019.0,,,
7422d5d0-38df-4da8-ba9d-3e94b0c2c4e6,1,,,2018.0,,,
8179b678-ed35-4c1b-b287-2e1ca9647713,,,,2011.0,,,
d57a3094-94c5-4b39-b8b3-3cceeee806be,,,,1997.0,,,
4587c135-165d-4545-b8eb-c62a441844bd,12,,,2015.0,,,
84153deb-e8bb-4976-8e69-1a6277a06163,17,,,2014.0,,,
7411899d-349e-4f5e-99c9-44cba5a572a9,152,,,2015.0,,,
ca455e1c-f60b-41ab-a09d-f1de2aebe63c,2,,,2009.0,,,
2a092b42-ff6a-458f-a159-7dbc0548f122,102,,,2003.0,,,
578b9d2c-dbd0-4042-83ac-89a948e84eea,4,,,1998.0,,,
d1d44168-84a4-47c7-9e7a-95c26ff441a1,35,,,2012.0,,,
0daf8cdd-60df-4475-8e9b-e0c80426f28c,2,,,2012.0,,,
82871388-91dd-443f-a9f3-6a4ce453272f,1,,,2001.0,,,
e6515921-ea00-4ca7-b4e2-692e6d93e51b,105,,,2015.0,,,
68671efc-66af-45b6-aeb4-02c4d16b039f,27,,,2013.0,,,
09907c2f-b933-4719-b58b-7663657cd42b,,,,2018.0,,,
666b6364-b629-4865-b31c-f15d2bb9846e,3,,,2015.0,,,
7ceb97cf-f4b7-498d-9f98-874a52701126,1,,,2006.0,,,
574168ac-df48-4fa8-886d-be536dc87ed6,,,,0.0,,,
a86ee5cb-1678-4cee-8248-5ea0741df0af,25,,,2010.0,,,
84e8b49b-39ee-4d18-8d07-a33121192a44,110,,,2012.0,,,
45660c6c-6cbf-4e25-bc43-cd10f8c02c5d,17,,,1989.0,,,
06ae4487-2e3a-403a-aa92-aa62ef0f083d,2,,,2009.0,,,
4942541d-0d86-4daf-9086-4ff0d56126cc,,,,0.0,,,
97a7d34d-c589-4d46-b748-5d26bb1d54c3,4,,,2009.0,,,
887866cc-d87c-47d8-b0a5-e1c40517b110,215,,,2006.0,,,
15b2c8c5-2de7-437d-a002-47190b0ee3d8,192,,,2009.0,,,
0b43598a-816e-416e-8031-f8d752a1099e,2,,,2009.0,,,
f595174b-090e-4a2f-b5cf-e52cdb57cf32,,,,0.0,,,
706caab8-2ea6-4eae-8dcb-6b6451faae37,115,,,2007.0,,,
925bf926-834c-4329-89d1-4609c84a4ff9,,,,0.0,,,
437c485e-90b2-4222-81bd-cabeefbaa7d6,280,,,1996.0,,,
9f8b9d8f-23eb-4b47-9697-12e9b009a886,,,,0.0,,,
c4176e64-bf3a-4342-a212-1f8c086a395c,47,,,2014.0,,,
07b68dd9-05c7-48fd-a08a-6a240d799d3f,,,,2007.0,,,
67dc6646-2c94-451a-8a53-866afd23da65,8,,,2008.0,,,
322a6141-69d7-43d5-a8ee-c41b3c11ef18,2,,,2010.0,,,
bc2c24c6-38e5-4317-9ae1-b31684435a1a,22,,,2008.0,,,
5033a35f-1c4e-44c9-8400-bb74158646a6,12,,,2011.0,,,
ec310448-5ab5-489f-b6b2-fa8bfd01b009,112,,,2000.0,,,
c2ab6303-26d8-44d0-91f0-ce3e620e8c37,,,,2007.0,,,
73b16835-49f8-4765-8039-7884b9121c24,12,,Food & Beverage,2007.0,,,
296f82d7-7707-40fd-ab37-7df6ddbcdf0b,34,,,2010.0,,,
60712f17-b7ec-46a6-ba6c-659e00f9515d,2,,,2000.0,,,
0a5f4a6b-4326-4005-a839-cb5ac44e8766,2,,,1989.0,,,
cd5fa2c9-6941-40c1-8722-78a1909e724f,2,,,2008.0,,,
5f20b170-1b43-43e7-9bd6-befe067635b2,,,,2010.0,,,
5a51cf5b-7a95-40a0-a5f2-b7e6905ab6a2,,,,2008.0,,,
c86e576b-90ad-4894-bd00-9c1502f4d590,1,,,2007.0,,,
3abb4e0f-0e6e-47ef-ac70-e20d73d65fa3,4,,,2010.0,,,
73a6d021-f9d3-49d2-a39a-bedff21e4452,,,,,,,
67477845-6b75-4c03-9fc0-dfe59cfdc6d5,26,,,2011.0,,,
a256abff-d055-414e-9927-33390fc8c77e,,,,1999.0,,,
ebf33731-ab34-4bd0-95d5-11970edc98d1,200,,,2012.0,,,
6399f78e-d6b5-4770-8d67-72dabb1a10c8,14,,,2012.0,,,
f0602b7e-6a70-4857-9524-5d823e1276b3,,,,2013.0,,,
cceb94cd-1604-469a-9017-19bf94967d26,,,,0.0,,,
436df5be-8073-498d-983b-d8c179a9a92a,10,,,1998.0,,,
fec8f4be-9e52-4bd9-b6e1-947cfaa57349,6,,,2001.0,,,
d89dacf8-a8dd-4222-adf4-25a11bff98fc,700,,,1962.0,,,
02bd866d-89cc-41d8-926e-327109973987,25,,,2012.0,,,
9df2c604-ba28-4803-95ef-23aadcc07cf7,7,,,2012.0,,,
cc3639b1-5f8c-4b12-92be-0d0259919f8f,4,,,2004.0,,,
cf8151f5-e469-4cef-b8d1-860e4647cc5e,,,,0.0,,,
a829e823-73f8-402c-9417-ee1c6ca60b55,1,,,2008.0,,,
79ddd2da-e0c7-4b7a-825f-57459ba6e841,5,,,2010.0,,,
ccf879c5-88b5-47da-a7fc-56f5c1972d86,40,,,2010.0,,,
16f0d335-d34b-4fb8-9ba6-3ad74cf5722b,2,,,2009.0,,,
0b142f61-3433-41fd-a87a-013d13484499,,,,2008.0,,,
bda6c74d-75e0-41c7-8350-ef7532d1e5ac,,,,0.0,,,
63b8a29d-b3e1-4f50-bfb2-456e0ddca274,2,,,2003.0,,,
e830cfd8-accf-4678-963d-7df77c0f8c6c,,,,2010.0,,,
c11ff065-5eab-49f9-a04a-9ceb5e2a0a7c,5,,,1998.0,,,
f1884648-df9d-48f4-b52a-4d8fb2241c69,,,,0.0,,,
d1d7d08c-e409-4ecd-a777-d3dda5daa79b,1,,,2004.0,,,
54659acd-f78e-46b3-91af-ac1951313b65,1756,,,1994.0,,,
acfaf163-b126-4a93-8ca1-ccef75c5bc7e,17,,,1989.0,,,
01561574-7ae0-4d18-b68e-85c3a27642b5,100,,,1985.0,,,
2763dbde-1f0e-4552-bb11-125ba2c8a4dc,1,,,2014.0,,,
1ee5d923-c91d-48cf-aeb0-1436498d7a35,10,,Food & Beverage,2018.0,,,
3c0d71d7-ddbb-4b62-98d1-6e5d44fa56d5,300,,,2017.0,,,
985c28b0-41de-4731-aaa9-c0263a4f3131,,,,2015.0,,,
6eed23bf-6ec6-41d5-a351-4a5121e0212d,6,,,2010.0,,,
f35ff5dd-77e0-4302-913b-61637c3f5e68,42,,,2004.0,,,
a51f2e62-10c8-4ee3-82ea-c1f2d1136c35,420,,,1986.0,,,
1b4f33b7-0076-46eb-aa3b-59394e895aa0,,,,2009.0,,,
9cf06bdc-e732-4372-a73f-6067434846e9,,,,2009.0,,,
4e005977-6fed-4d4a-b107-9c3ad13a744a,4,,,2009.0,,,
1c89f629-2056-4e45-96b1-2e1b9366aa76,11,,,1998.0,,,
af637cf0-b5cf-486d-b364-6b72140f5a59,,,,0.0,,,
7586d2d2-942d-4741-8dc9-f71616c5f35a,,,,0.0,,,
dc43d466-6f52-43da-a7ba-8d6906d1c067,100,,,2014.0,,,
926252ee-23f8-4b73-b472-66bdb93c684c,7,,,2014.0,,,
66fca8bb-142c-4fba-8579-2a84d03e4010,25,,,2008.0,,,
e5f5822f-7c34-4fdb-98f5-2d0a06a10cd6,14,,,2008.0,,,
1a4000d0-9311-43e3-bb5a-b2ba651728cb,,,,0.0,,,
bfdb88ed-9c7f-4c41-bb78-59cccf8cd157,,,,0.0,,,
0e10701f-41e9-4f09-b153-fbec2951895a,,,,0.0,,,
eaa53338-6a00-49c1-90e4-7e1bc3373acd,30,,,2011.0,,,
0eb4854e-a666-452c-9802-314d0ad4cbe3,1,,,2012.0,,,
fdc5b9b4-2124-47c2-9a82-c8b0d7835520,2,,,1995.0,,,
2282f130-6d22-4dab-9e5f-117f46911c59,4,,,2005.0,,,
f2868288-a1d4-467c-b169-162490f1e30a,4,,,2014.0,,,
dc8db2f9-7b42-4c49-bbfd-821b75aa11a4,11,,,2010.0,,,
50bb2b73-3285-4036-8a56-9b27118d9a93,13,,,2004.0,,,
4eddc02d-dcfa-4c7e-b5b3-adcaaebf9a03,4,,,2010.0,,,
428c25f9-c73c-40e2-837b-4f7a4bf610fd,,,,0.0,,,
c3fca5be-5661-4641-9144-dca45d5dcc6f,,,,0.0,,,
baeb7017-0ef0-40f8-90be-102e17e9fa86,1,,,2015.0,,,
aa6a4a0d-f37f-4042-8d92-8ce5354800b2,,,,2010.0,,,
f83914f0-2417-42e2-b3eb-8c2b520a5d5b,10,,,1994.0,,,
e9550d39-f0e0-4dd1-af55-66004f29f80e,,,,2012.0,,,
425f151a-5a39-43ff-bf02-59cc0196c92a,,,,2011.0,,,
f03d41ed-611b-4d57-828e-1bc1c57a3d5b,5,,,2009.0,,,
7916465f-9670-4b96-98de-1db7566f3d29,2,,,2013.0,,,
b1df61e1-798e-4ca7-b71f-e417a499634a,,,,2015.0,,,
03020b5e-fc42-4d23-ab25-6f84052c1644,,,,0.0,,,
5f61625f-c95e-409d-a56e-392bff4c5881,20,,,2011.0,,,
71d61d54-d7ba-4757-9260-811f851cc283,12,,,2007.0,,,
2e338736-8c27-47d7-8a75-94dea0cfb2fb,,,,2011.0,,,
95cfa56f-e096-4d7a-8c5d-010d7b2a3879,4,,,2012.0,,,
e850dc2f-ef73-45dc-ba26-e004de790465,28,,,1997.0,,,
75dab030-643c-4364-a152-71c3ade7619e,,,,2011.0,,,
f534c946-b919-4454-8da0-e59a434800f9,13,,,2012.0,,,
0d02f4f9-ac9e-41a5-99ae-479ece230321,5001,,,2014.0,,,
589f1343-7ee7-4e29-87fc-7f718687d7e2,,,,2009.0,,,
c75168fc-12f2-4f5f-9758-aa53e4aa5b43,16,,,2004.0,,,
bdb2a5c4-084a-40e0-9019-7ea59f08023c,500,,,1994.0,,,
ada7cf4a-fa47-4ecb-b461-a6764493ff64,6,,,2010.0,,,
6eac8fcf-632b-46cd-8968-2dd51f1baf47,45,,,2019.0,,,
f777f90d-d2fb-4d36-9d10-f32fb4a05002,667,,,2009.0,,,
bd8cebf6-58f0-4a85-98b7-def6d3eca406,5,,,2013.0,,,
09235428-b229-4147-b7f7-14af96ffc9be,5,,,2008.0,,,
2ad6ca48-9ce8-4664-95d0-4ab91bd488c8,1,,,2000.0,,,
77e1e1c5-6220-4945-895f-4dd26a0e9ec4,215,,,2008.0,,,
d74ae1e0-79e2-403f-85d6-ffeb2a02de3e,25,,,2012.0,,,
79d2a03c-94f9-4039-acf2-dac761686334,7,,,2010.0,,,
6456b63c-e260-4fb1-b026-20859e621c5a,1,,,2009.0,,,
d6545de7-bf74-463c-bb28-6f33a7a1a9c1,,,,2003.0,,,
be7b06a2-9f3d-480c-950e-49606def4633,29,,,2013.0,,,
1dee8b32-8559-4bea-bc92-795491f63173,24,,,2006.0,,,
0129acca-c4d8-4213-8b34-dfa02155d349,184,,,1970.0,,,
9287eed1-4f35-4280-ac8d-f34dbe4c4ec8,,,,0.0,,,
9b0d327d-7ffe-4f6d-930b-1befa3d9e35c,2,,,2009.0,,,
e547110e-5b4c-4495-8ba0-ed09d940d36a,,,,2016.0,,,
b807a341-9982-471b-bd52-eafcc0d5fb44,,,,2016.0,,,
581694b7-68e3-4eda-a8c2-77dfcc5ff885,6,,,1987.0,,,
1c7c3468-e364-4aa0-823b-98566eb1e15e,4,,,2007.0,,,
acf11744-e5c6-4405-a801-62dd2963a4ee,550,,,1999.0,,,
56d438c1-d8ce-4a1d-8926-49bde15b9c89,505,,,2011.0,,,
8f8aa554-f8fc-46a5-9f1f-0a204a44069c,,,,2009.0,,,
b2f5e59e-4354-4b38-ae54-cd76bc8c371f,,,,2009.0,,,
bb5c121a-d0de-41cc-b954-b2d34b6ba3ee,4,,,2008.0,,,
eb416b7c-31a4-4388-a130-2c246aeb2e5b,,,,2011.0,,,
4e39703b-9ca9-42dd-a1de-d887b41c9c88,30,,,2007.0,,,
af5b3570-7672-4de3-97a4-6f35d67b38f3,29,,,2007.0,,,
1000f919-898d-4190-b037-92a2914593db,3,,,2010.0,,,
4a65480e-26f6-477a-91a7-d11f88102319,7,,,2012.0,,,
93ab57d7-ba9b-4974-9b03-0ca1348e42a0,,,,0.0,,,
bb6e1561-07d5-47e2-92d0-193658990cd9,50,,,2006.0,,,
070959a2-0620-4b77-8b2f-6d8c4b5aa9cb,9,,,2009.0,,,
fa7845b9-48e3-4afa-907f-dd6d32b5cecd,5,,,2021.0,,,
4ccc5de2-8e99-4be1-998c-4b64c3e086a3,2,,,1985.0,,,
f3b4ec7c-1826-4c5c-b642-4172c86b0d6e,12,,,1990.0,,,
f9535067-68d2-4ae6-968e-e757eb92d035,17,,,2002.0,,,
c073fcab-9d8e-4975-99dd-9d69cf47c0d5,27,,,2017.0,,,
27cc207b-ac1f-4e7f-85d2-ac61d8787797,,,,2013.0,,,
2a616e06-1115-4363-a37a-892680ccebb9,75,,,2003.0,,,
85723619-d4d0-4e87-85e5-3dfb01498468,6,,,2007.0,,,
8eacaca4-e0a5-4e3f-8b5f-1b2d618afe41,4,,,2009.0,,,
4382ca1d-4f30-47e1-a530-6cf459b3d0af,10,,,2000.0,,,
80906aa2-73fe-426f-9968-b6f33ffa19e3,20,,Footwear,2016.0,,,
660e3307-7160-4717-9efe-4a8b76d217b8,,,,2009.0,,,
50f20306-5e9a-4f15-99ba-428427eb6303,24,,,2010.0,,,
ef0d226d-369c-48d0-807e-649cca28dce9,2,,,2008.0,,,
e54d1057-a423-4c20-ae7f-bf20988c99f6,,,,2010.0,,,
b2b59def-489e-4b7e-9447-cb5c2271a17a,17,,,1995.0,,,
f5c4f940-30ff-4e7d-ac59-4eeca4e1c155,15,,,2010.0,,,
a362db6f-c03d-4856-922a-b4005771dd63,37,,,1994.0,,,
d44c2282-548b-4959-926e-1276a7574fb2,,,,1996.0,,,
931a6e26-acb9-4580-9c26-9b0c320c6cf8,4,,,2012.0,,,
30560568-ec01-4da6-8261-68df14d72ddf,1,,,2012.0,,,
6597d4b1-1ad6-4cbe-a2fe-f55a033b5516,35,,,2010.0,,,
5af71c48-5b56-48a7-954c-69b90d185583,545,,,1980.0,,,
e43ff6c0-923f-424a-8831-dd3870b94dd9,3,,,2014.0,,,
aa21b7fe-fe5d-445b-a232-64c74cba857f,65,,,2010.0,,,
24bcdedc-d665-4cc9-9a77-5d466d7e10c3,11,,,2011.0,,,
98efb31a-3cd9-4364-87f9-3a01e4633cb0,60,,,2023.0,,,
bfa66b97-8662-4b7c-8091-eb8ed99f83b1,,,,0.0,,,
b5484618-b74b-433c-a880-892533c6a28e,15,,,2023.0,,,
1175380f-7309-40f6-b6b2-db3268ea51a3,,,,2011.0,,,
64f73ab9-7677-407c-8cd6-1dc2ab2769bd,5,,,2009.0,,,
cf929aa2-d567-44b8-b4d8-5ef5b10cc952,1,,,2020.0,,,
46f0ec13-ab50-47d8-8c63-ea1921e2048c,39,,,2005.0,,,
dbaf765f-4045-49fd-8db6-4ab38e799a3c,1,,,2017.0,,,
5ef0a0e8-28c9-47d4-9cb6-9abdc4e1e286,4,,,2020.0,,,
cb9a56ca-b005-4bf2-aacc-fa39707892b7,60,,Food & Beverage,2017.0,,,
f759115e-af05-4d81-9055-5a965d51c3d6,9,,,2006.0,,,
108d909f-384f-43ab-b1a8-8a30fb4966e0,40,,,2007.0,,,
d01e8f14-dd90-4000-9380-2bd6d8401fd9,11,,,2013.0,,,
63bb54b5-937c-4f25-8ef7-8e1532e836c5,19,,,1969.0,,,
94987d8c-d28b-4042-b006-5f63516a947d,2,,,2017.0,,,
6d7f57e0-b27e-4d11-ae8b-b5e2affecb9c,40,,,2017.0,,,
0587dfc7-bcf3-4d3e-addb-d8c606e0de4b,,,Food & Beverage,1996.0,,,
c4d2d897-edc1-47f0-a24b-669a6357c4c6,53,,,2002.0,,,
dc9ef8c3-edfc-4484-beb5-10cb90df6bd3,22,,Food & Beverage,2002.0,,,
6d63f181-9f21-4813-a8b8-7b38447ad011,8,,,2015.0,,,
815fa402-4d59-4f4b-8479-88408c072155,6,,Food & Beverage,2021.0,,,
bb215d36-18dc-4fd6-9fb7-c8ecce2aec78,57,,,2003.0,,,
3e601beb-e6b0-4831-bc8d-8440bb3f7d34,23,,,1994.0,,,
90b019b1-e97a-4a14-9b90-29a6f96e8565,8,,Food & Beverage,2008.0,,,
fd317d99-196f-4987-8ab0-75871c16cd65,2,,,2009.0,,,
23ab1676-9dc9-45ca-8331-4dff7839c3fd,57,,,2003.0,,,
d64f7b73-2ce7-46fd-92fc-535cf3967ba4,,,,2008.0,,,
85d89c59-58b9-4062-ab30-79bc9cb806ff,547,,Food & Beverage,1971.0,,,
47dd6831-94a4-4695-8251-8418efd59580,2,,,2007.0,,,
33cf7e90-b24e-4ba0-ab05-0764ab7da00b,5,,,2013.0,,,
47d538dd-5b69-4878-a970-7bc84f418499,,,,1970.0,,,
176ffe2b-e166-4fdc-b767-c90e9364368c,18,,,2005.0,,,
bceef591-1e00-4b0a-89f7-5fc8b96b2997,2,,,2019.0,,,
ed83cb14-96a7-4a1b-b19d-c3d7007b3699,,,,2021.0,,,
f6197602-b233-45be-921b-8138f5838b8e,2,,Food & Beverage,2022.0,,,
c8035682-e3d4-4c27-9454-422959d878ea,12,,Food & Beverage,2019.0,,,
dd973020-ee49-4f1f-8dbe-705c9a9b36e5,5,,,2008.0,,,
bcb5f402-3d5d-4735-a03e-2cbd018b1791,2,,,2009.0,,,
2d2b694b-8a70-4462-863d-273d59bb0955,7,,,2013.0,,,
be970f96-d6fb-44a5-a49a-56a46b67f4c5,4,,,2020.0,,,
9cf9f5a0-146d-49de-b57d-38bcbe6c8868,75,,,2017.0,,,
132662d8-9ed5-4468-af92-3275576c2738,1,,Food & Beverage,2018.0,,,
e304981a-d96a-476e-b0d7-af9f2f48df52,136,,,2017.0,,,
b214ca32-d4ab-4279-9a25-32b360efa3a8,2,,,2017.0,,,
85c45025-a9ff-429f-834b-ab32233984fe,1,,Food & Beverage,2012.0,,,
735f51d3-6a7f-48b3-a14d-7cb687b84d7a,4,,Food & Beverage,2005.0,,,
f4cdcb27-018c-4750-b8ed-c23be7e919f9,16,,,2008.0,,,
680bfa47-0dd7-4467-a581-7ff5351a4ba2,1,,,2011.0,,,
892a89cc-0099-4a10-8c2a-2e1a5619a00d,1,,,2015.0,,,
b7c77422-4a59-4cec-ba8b-f3ed4ea8c64c,7,,,1999.0,,,
44f1d75b-2384-47bc-a940-d2f573abb197,1,,Food & Beverage,2013.0,,,
c469e7be-a254-40c2-ad31-969abe8e14da,,,,0.0,,,
e4e12de4-b0e7-48e8-86c6-e3f727dfd750,8,,,2015.0,,,
d55e7fd0-4d16-473d-9af2-33ca25c9097f,29,,,2015.0,,,
80a657ce-9345-4d9e-b826-f9ad5622c4b1,6,,,2018.0,,,
a40232a6-daf5-4bd0-961c-9281684b309a,3,,,2020.0,,,
208fdc68-2af8-4a7a-a14e-ac7fe06a8f32,,,,2015.0,,,
2622f7df-573b-480e-8df0-e411f7bf86bc,8,,,2013.0,,,
ed964582-c867-4f15-87b1-3e93e4755355,5,,,2015.0,,,
36d7471e-47ff-42e4-b345-5c780063e0a6,34,,,2015.0,,,
2d0ef91e-a0d8-4995-b954-4ec07759a633,2,,,2013.0,,,
f1fb6ff9-f23b-48c0-a6a2-7c4e47288629,11,,,2021.0,,,
5f1ee26c-fc64-487e-99e8-614af11a35e9,5,,Food & Beverage,2015.0,,,
e79c3f7a-2fa9-42e9-a1d0-eff8f6b7bceb,17,,Food & Beverage,2011.0,,,
1322832e-4958-421c-a737-9d4b02aca999,7,,,2018.0,,,
e67f9986-fdfd-4669-9b19-6f6f740b3bd1,2,,,2015.0,,,
3c1a80db-358e-45de-ba1b-5aaaf75f464f,6,,Food & Beverage,2013.0,,,
6a800c3d-0a85-45bf-8cba-03b221bbaf0c,7,,,2019.0,,,
269454da-66cd-40e9-a339-5a4a35418d07,1,,,2016.0,,,
bedd91b8-9f3a-403c-9e85-2afb42dbd1ca,26,,,2013.0,,,
f1ceb041-bdfe-4db5-b903-1255b41180da,2,,,2009.0,,,
8e138fa8-4e76-4c32-98d8-5cca4f436c16,7,,Food & Beverage,2017.0,,,
8ab9e3a2-83fc-41c7-b5e1-2a4c9d1a10ff,21,,,2010.0,,,
def42b2d-3122-4164-85d7-290e0c55ae2a,20,,,2016.0,,,
ceb5c55f-8b9a-40cf-972c-a099f11a5c47,80,,,1983.0,,,
567fa254-fa57-4b4b-8537-1ec4466268c1,1,,,2018.0,,,
bc730c6a-abef-45f4-a83c-4969f2e2668c,20,,,2015.0,,,
94e7eba8-43b4-4ec4-96a9-938b4a34e22c,4,,Food & Beverage,2014.0,,,
df0b959b-2e10-4240-968a-09193e2647e8,15,,,2008.0,,,
82c7858c-2b8a-404f-b9ad-381355127d8e,5,,Food & Beverage,2015.0,,,
895e8eb5-f55c-4ec6-80dc-ef5ea540400c,3,,,2020.0,,,
1f513e1d-613e-45e9-9154-9e32648e5122,8,,,1989.0,,,
60000799-ba52-47d5-a970-374f9fe2d56a,2,,Food & Beverage,2019.0,,,
b9bb98db-bb2d-493f-ab40-a64973ab3c3c,8,,,2016.0,,,
3a063073-0a28-46f6-959c-56fa6327f45e,20,,Food & Beverage,2005.0,,,
eb6a58d8-dc96-4777-bda2-104f9b5aafb6,20,,,2017.0,,,
e8c862a8-1b73-44d8-beff-0bb90c18f2fa,3,,,2012.0,,,
54f267ad-4513-4407-8e59-1adfbd450abe,2,,Food & Beverage,2021.0,,,
bd71a43d-bf2a-46de-89b3-edf69cd67232,175,,,1920.0,,,
0ec95026-2d12-4de5-8a4a-ceb21076cf0d,9,,,2020.0,,,
5ed0c967-b2c6-4c71-b4e2-933159a15c9c,10,,,2025.0,,,
184bfb92-20ca-4a2d-9468-5718e77ed097,5,,Food & Beverage,2011.0,,,
f427fefd-0183-4b5d-90cf-c5b8d9b9303b,240,,Food & Beverage,2017.0,,,
443a5ce5-d4d5-4289-a22f-fc6aa737f964,220,,,2014.0,,,
2d63708f-d362-48ab-a24b-124cab006487,65,,,1920.0,,,
9d89442c-018b-433e-a213-211dd34f6b72,3,,Food & Beverage,2009.0,,,
6698aeef-bdbe-4dc7-a99c-3ff7d97bd325,11,,,2021.0,,,
c3c69d7e-6556-49a7-9574-892713c630e5,7,,,2007.0,,,
a32f366a-94de-49b5-8ae9-0ee53eba5b9d,1,,,1975.0,,,
9e702539-1832-4d7a-8e3e-35175a8306cf,16,,,2010.0,,,
2c7309aa-1c57-4356-b6c4-7bdfcd134fc0,1,,Food & Beverage,2011.0,,,
5668cddc-244d-4b46-a5ea-1d955bed8113,14,,,2012.0,,,
ab93ae7a-583b-45a6-a8e3-f53f9b2114ba,,,,0.0,,,
4e991620-97a1-42cc-99a9-b2db0fd71180,3,,Food & Beverage,2012.0,,,
ffccb381-efeb-4863-83a7-f5667647821d,85,,,2000.0,,,
9428db88-7a34-45a5-997e-16d2f21ab5f2,2,,,2018.0,,,
a1ac113a-b607-4c43-9b75-13f646697256,20,,Food & Beverage,2016.0,,,
dfd07c0c-b26c-4c15-90d9-73ee9173c057,6,,,2008.0,,,
be3c6c2f-c2b4-41d5-80f6-331c68db54b3,9,,,2009.0,,,
0b5b8a12-423f-4213-83cc-0583c8d38e0b,,,,0.0,,,
4cbc54a8-cead-4ac9-ab0f-01e54d19b92d,50,,,1997.0,,,
9f5dac44-fd02-44e8-b312-7b46bf98ccd5,25,,,2004.0,,,
0afc1902-8541-43f7-b6a7-20e8ca7abe7b,21,,,2008.0,,,
adba1c3c-4051-4aea-9a81-2fb876d9857c,4,,,2011.0,,,
07c81e30-9fca-4c77-b826-5443a64d6be0,2,,Food & Beverage,2012.0,,,
ad50c63f-7063-44e4-8dac-2865e7cf9e07,7,,,2002.0,,,
f0221422-dce0-48cf-8e2f-ba1969bb5767,4,,Food & Beverage,2009.0,,,
5569ed51-1f54-4d00-9f94-6a805baeb5ef,5,,,1993.0,,,
6dddd0d4-546e-4a41-902f-e33ad8e9551d,10,,Food & Beverage,2008.0,,,
4f1e4e2e-2033-4354-9ecb-ae3aa828103f,29,,Books & Publishing,2004.0,,,
e692cf39-347e-4235-9aa5-e4486e2e5126,18,,Food & Beverage,2018.0,,,
d696a442-7aef-45d6-841a-51a91fd5e730,86,,,1970.0,,,
a51eb5da-8a0c-4bf2-8771-8525041f5edf,,,Food & Beverage,0.0,,,
0cbd69f8-5310-433e-94f4-676aec44be01,,,,2011.0,,,
4202791d-15fa-4f92-b9b4-2db56d43e1de,7,,,2011.0,,,
5a9b864e-d7e8-426b-b9eb-24a276b27b9b,23,,,2005.0,,,
595eda6d-c2c6-4ad7-b601-de2646f021b8,15,,,2001.0,,,
6913de96-9f3e-4e63-93db-0bbc89723465,61,,,2005.0,,,
2506f61e-676d-4e0d-88d6-8148c9667788,8,,,2009.0,,,
a4d600df-eb73-4f5b-ab8a-a847b424f98d,3,,,2005.0,,,
781b2ed7-535b-4ac2-9bed-fa251cbbe1a3,1,,,2006.0,,,
aefc8c13-b783-4f77-8caa-05538d7740a3,,,,2009.0,,,
5d312d29-7ee1-46d5-85fd-cfa4c38cc9b7,12,,Food & Beverage,2011.0,,,
61398967-c706-49af-8403-0206d6bc4fd5,2,,Food & Beverage,2001.0,,,
11b36bb7-32b3-48af-963f-8beeb68b250f,1,,,1996.0,,,
2e932a1c-bed3-49cd-88b2-566806e0c8a8,1,,,2011.0,,,
ad592e69-488f-4e02-9419-b99134abc197,1,,,2007.0,,,
c1abd5e3-44be-40ea-9bd3-d0063f7a3de1,4,,,2004.0,,,
2ede1c42-8fbe-499d-bcb4-fca154e935cd,,,Food & Beverage,2002.0,,,
0d2c184c-c4fb-430e-9c3d-d422764bc944,8,,Food & Beverage,1999.0,,,
4303c13d-4e18-4669-8e45-cb3a98aefb58,,,Food & Beverage,2007.0,,,
8569454a-d231-4c1f-ab6b-15154a615444,1453,,,1970.0,,,
98284402-dc86-455c-a0a1-af6cecd2acf6,3,,,2015.0,,,
ba764d78-6944-4b44-bdf5-3a153c214426,9,,,2008.0,,,
1b7226ea-836e-4194-ae81-4e0eadadf35a,5,,,2018.0,,,
e3f6a7f5-8691-4240-a711-790eadc9ddf3,14,,,1998.0,,,
98ec6ef3-b7fe-4300-b8d7-7d5b09a1e037,1,,,2006.0,,,
dad3fcdd-bf10-4a3f-a91d-2a9df06fc80a,1,,,2000.0,,,
4a22731a-b49b-4f39-9ffe-511965717868,300,,,1995.0,,,
805390eb-eb30-49ce-b6de-087c7f40d3e3,6,,,2004.0,,,
82891aba-5b8d-4abe-9a82-0a2a5766b03c,2,,,2010.0,,,
954aa421-89bc-4a35-8719-93a93c0f69e6,,,,2000.0,,,
fd1e53fd-7288-4d59-840e-497cea9e2456,4,,Food & Beverage,2006.0,,,
819bf44a-075c-4d61-ac3e-adc3434037ae,51,,,2008.0,,,
2080a07f-7b0d-4223-831a-bce9348225ce,6,,,2012.0,,,
e877f70e-bd20-496d-a132-22566179b356,5,,Food & Beverage,2008.0,,,
639ba2c8-c186-4010-9905-0af1d8099fdc,,,Fashion & Apparel,2013.0,,,
cbda03b3-f4dc-4c47-be66-98e2795d2312,15,,,2009.0,,,
7c7d213f-7a5c-436c-a41e-fe0290437d02,52,,,2012.0,,,
3ebe4dda-b361-46cf-95b4-7143884db4d1,,,,0.0,,,
ce6cbe94-3a84-4e55-b407-2d60ee8f4e2a,17,,,2009.0,,,
3b4cf239-7cd6-4bab-930b-2c462ff10530,140,,,2013.0,,,
40156c9f-0b43-4e1c-a18f-f0cf41482313,17,,,2016.0,,,
444d9730-fdb1-4d01-ae80-761b6c7af56e,3,,,2010.0,,,
713db7b5-7643-48e3-94f2-71f158519346,,,,2010.0,,,
365f8071-cac5-45ab-be74-9f0973fa5a90,1,,,2010.0,,,
1d9e25ea-4605-485f-925f-6e2196755491,3,,,2006.0,,,
54cdf88d-267c-4fbc-a604-8589966c29aa,,,Food & Beverage,2009.0,,,
20d96574-23a6-4e8e-9d9a-bfe63d174b86,3800,,,2006.0,,,
8968f09e-5b6c-4263-908b-ce33db10d066,30,,Food & Beverage,2014.0,,,
ed7cec0d-01aa-4cf7-abc5-1ff32590b0d5,6,,,1992.0,,,
c4fe644b-c49d-495a-8038-07e732101c35,2,,,2015.0,,,
8214ab72-1466-401b-ba85-8e74d3f117a7,3,,,1991.0,,,
fa363881-a56e-4ee0-abf0-fd5e997f70f8,9,,,2009.0,,,
bbc98ee5-dec4-40f1-acdb-5441415334d9,2,,,2009.0,,,
e995e1bb-1d8d-4f31-8039-15c8656b68be,,,,0.0,,,
8e650534-4406-4541-8815-3cd05b89ce96,3,,,0.0,,,
5f9d000f-a13c-4dc8-9e8e-eeedae700236,1,,,2012.0,,,
9e00c4c8-4285-4b41-9283-389868a10f3d,2,,,1996.0,,,
cf606678-41fc-43cd-bfaf-d0fd1f6e0223,24,,,2010.0,,,
1fc4e178-a29d-4fde-b66d-5dba7ec039a2,5,,,2015.0,,,
f89cee48-1bcf-4b80-8340-da27932823ed,6,,Food & Beverage,2006.0,,,
3ed40874-07d2-4d33-b40e-35239c1b5d09,4,,Food & Beverage,2011.0,,,
3cd3435d-836a-4c0e-8430-68fc7e203024,,,Food & Beverage,2015.0,,,
0c334ba5-689d-4e27-8159-eb2c8e00df75,1,,,2017.0,,,
734aa169-aad7-4f3d-b963-74a80c974095,1,,Food & Beverage,2013.0,,,
e4ef2843-e65a-42df-b8f5-ed4ded785ef2,27,,,2011.0,,,
eb986951-f84c-437c-9268-ec048520c849,,,,0.0,,,
226c02c9-db1e-4607-8794-3697707306ff,,,,2010.0,,,
b4b6379c-ebe6-4129-9a4e-45c4b86be3d6,3,,,2008.0,,,
85fa75ae-dd72-439d-a9dc-6657944ec68d,,,,2002.0,,,
cf706cac-aa01-4c51-91bd-7025864a7cf7,2,,,2018.0,,,
c82a7656-64ae-4dcf-a557-6685a1467f41,4,,Food & Beverage,2016.0,,,
4b4b0629-9081-4066-941e-81f8fab11bca,2,,,2013.0,,,
4f27c047-c610-460f-863e-085eaeae0f40,,,,0.0,,,
306dfc56-0d17-45be-b758-45263d2a4999,3,,,2009.0,,,
834dc90b-ba9e-4a34-8726-0df1d6dad198,6,,,2017.0,,,
7c5beec9-b8dc-4d78-bb04-ea679d694025,,,Food & Beverage,0.0,,,
9a5a60cb-8183-40f2-909b-bae0b21ac9bd,5,,,1994.0,,,
95ecde27-3732-4c60-ac8f-525fe927dc6f,28,,Food & Beverage,2008.0,,,
037d9db7-7383-43dd-b872-685262c2e082,18,,,2014.0,,,
8e920fae-96f9-4653-8352-a41740f676fc,2,,,2013.0,,,
c6966f31-8db4-4991-8a53-44e45d332f92,5,,Food & Beverage,2009.0,,,
f1cbb49b-1047-4b20-9449-7ba030bf0a92,1,,Food & Beverage,2018.0,,,
9f98b950-1b39-4ec8-868f-6b156bed5ad4,2,,,2012.0,,,
723bda52-ebe9-4ef2-b052-5b1fc8b5d8ec,,,,1999.0,,,
e51b2a1b-92b4-426d-b4fb-1d075218cb4f,4,,Food & Beverage,2017.0,,,
00c1804b-9ba6-4482-993b-e09189fdf8ca,1,,Food & Beverage,2010.0,,,
4c17a951-3ada-4af2-9b55-80191ac0bb0d,,,Food & Beverage,0.0,,,
37e2949c-793c-49a5-b3a2-41b717d12eed,1,,,2017.0,,,
e5ef5d25-dbd9-491a-a2a2-0f9389f951d2,3,,Food & Beverage,2009.0,,,
1aa1b820-1295-4415-bea7-410b70ed91d9,2,,,2023.0,,,
f2508cf6-9f80-4a42-8914-eb1ed68e04bd,3,,,2011.0,,,
e52fbc37-340c-4e6b-93b7-7450600d009e,21,,,2011.0,,,
ce2bbde3-c181-43d0-ae9f-b2044aaba634,2,,,2012.0,,,
42c9f3ef-beb2-4c12-9396-ec844a002250,,,,0.0,,,
df4246f2-6f2d-4a59-b8e4-6a04ae276884,6,,,2009.0,,,
96f3f44f-5106-418b-b4c2-189bbf94c623,16,,,2007.0,,,
3f7281b6-ac35-4ef2-8c90-20c8813bc4c6,,,,2018.0,,,
7b283d0d-94b8-472e-93e8-e50434a8bb3e,13,,,1960.0,,,
b7abb0f0-461c-4e6d-8a91-4f00f6408cb2,5,,,2022.0,,,
1a92caae-a6f1-409a-a4bc-5e5e12315d7e,,,,2015.0,,,
aa7a7d01-2ff8-41fd-a35a-8d920e9a694c,2,,Food & Beverage,2004.0,,,
b8a6fe1c-ab91-4824-beef-c653b0673679,4,,,1971.0,,,
ec258328-b67e-4714-899c-7f3c12b7c5ab,7,,,2014.0,,,
e79974c8-1672-4cff-b606-7d130204191f,2,,,2010.0,,,
17b933fe-883e-468a-ac1a-59d590a66557,15,,,2020.0,,,
641c2864-a096-4bcd-978b-0f9b41323038,6,,,2013.0,,,
3224da17-ea0a-400e-a512-bc292cd04f16,5,,,2011.0,,,
58f12484-b2ea-4016-a52e-3a2823a50fb8,6,,,2012.0,,,
ee97a3ad-7eb6-4d58-8320-3c2648623aa7,1,,,2000.0,,,
75702f19-b67e-4bab-a717-806b6a35b337,4,,Food & Beverage,2011.0,,,
49bad7e6-131a-48c1-b648-79f8a39d8419,15,,,2015.0,,,
56226909-9af7-414c-9585-304398ba56c4,,,,1975.0,,,
ef4ea705-f7d2-4e67-9330-d3f2ccc88031,1,,,2018.0,,,
82520a90-bfa9-40e1-ac98-9a4074dee17c,11,,,2008.0,,,
d19f91cc-1598-461b-8ac5-345905a3c18d,15,,Food & Beverage,2011.0,,,
bb8c9397-7fad-4840-b59e-e1833cdab2eb,2,,Food & Beverage,2006.0,,,
0aecdd92-7457-4b6a-b285-9769dd20c11d,2,,,2006.0,,,
d4b425c8-9ab8-4cc8-b84b-2fec24aa1739,,,,0.0,,,
5e65bb15-8a83-4680-9b53-57c3b7039c73,3,,,2018.0,,,
52760b63-956d-4ed8-8378-c185f5998c06,12,,,1970.0,,,
6a71840c-d512-439b-ab73-7f7fc1cb2ef4,,,,2006.0,,,
bdd8fcac-3626-4422-a5c9-fd5427e6526c,,,Food & Beverage,1999.0,,,
1c498593-c511-4d65-b573-257062e57b50,4,,Food & Beverage,2015.0,,,
c36e9692-ed85-4260-8b30-16957e348213,4,,,2016.0,,,
79470103-0fea-460e-96d6-9890c3e4cf36,1,,Food & Beverage,2021.0,,,
e84e7853-59d9-4df7-91d5-6695b00231bd,6,,,2012.0,,,
78a71011-df70-476b-82bb-03f933daa27b,,,,0.0,,,
0d6c90a6-42e4-4af3-8cf8-de3b8f6ec1c6,,,,0.0,,,
7f838f31-870f-41c8-a354-53b12b406be3,,,,1994.0,,,
d21d7a51-05e2-4ec5-b5bb-fc587ab09783,10,,Food & Beverage,2015.0,,,
3990f346-4260-4e35-9d56-f0d0531eee4b,4,,,2016.0,,,
af1aa453-b7fb-4733-ba10-22ad0d6231f2,18,,Food & Beverage,2014.0,,,
7a4189d8-50c5-4982-b063-4e2ed8b379b1,140,,Food & Beverage,2009.0,,,
90420f86-3962-4074-b183-868191aebafc,20,,,2011.0,,,
39190254-408e-470d-a879-d7a22def9824,,,,0.0,,,
113291a5-d501-4ab3-be59-35046e813d76,,,Food & Beverage,0.0,,,
f7bb4648-38b0-4793-8162-679d01527a41,2,,,2020.0,,,
668a11e8-9b68-425d-b749-3be9b806459b,2,,,2009.0,,,
24718068-e623-41e4-b052-e4028ac8ff20,1,,Food & Beverage,2005.0,,,
11b6331e-c5e6-4c91-954a-2d94b23c997f,1,,,2010.0,,,
c7180df0-3c2a-4e31-a007-2e2f1aa15155,10,,,2013.0,,,
e5f662bd-ee8d-4d39-96e3-7e5c6afc19fa,2,,,1988.0,,,
3024c594-1d4f-490c-95c9-66c2b619c7b3,3,,,2010.0,,,
90d60087-b2a6-4931-b70c-b6b1275f7a09,3,,Food & Beverage,2017.0,,,
5cc8722a-a976-4cf1-98b2-0678aa179ed5,,,,2010.0,,,
d1784e22-4c1a-4f86-a508-68b1122f35a0,6,,,2021.0,,,
43899bc8-06c5-452d-818d-3caa0b538621,,,,0.0,,,
cb5924b1-d86e-4be8-ad43-05b4575d5c0c,2,,,1992.0,,,
9b1693e0-54fd-4ad4-8a8b-9676deae1ea4,4,,,2023.0,,,
734b957c-b89a-4ddf-a214-b2775c5672bf,10010,,Food & Beverage,2017.0,,,
8a314e4e-411a-4536-b1a8-7dd36ec16f98,20,,Food & Beverage,2012.0,,,
52ed2f5a-cad4-4ab8-8577-55dc44a6e130,3,,Food & Beverage,2014.0,,,
dc47dc50-b789-466f-8971-640bbf4b8214,,,,0.0,,,
c3f7d94d-0751-46ef-bd13-4df4522ae13c,6,,Food & Beverage,2009.0,,,
6c8a4e88-b4a1-4813-b03d-df78c425cbf4,8,,,1996.0,,,
78e3058d-379f-4828-8fb3-18cdfef19943,2,,,2011.0,,,
378da24f-eb64-462d-b93f-36e698bf9cef,,,Food & Beverage,2010.0,,,
f2a9c1dc-74ae-44dc-b7c3-2aadb3824658,5,,Food & Beverage,2019.0,,,
8c9534fd-70a1-4a98-866c-2d49bf7f44e2,1,,Food & Beverage,2010.0,,,
b15b3e2a-51b0-4885-b414-558d2aa55f23,52,,,2021.0,,,
20e5099e-803f-4705-8711-27496458a0ca,12,,Food & Beverage,2018.0,,,
9b4c3416-103d-47cb-8c39-ea398a674918,19,,,1982.0,,,
b435e80e-33de-4583-96a9-2090d0c7a05a,25,,,2018.0,,,
b3b78072-bd49-4813-9700-f5d879c5d589,4,,Food & Beverage,2016.0,,,
2c9de68f-df18-428e-9708-166dbe71e66f,2,,,2020.0,,,
f7a96b99-e512-4438-8f80-c1f689f0bb20,3,,Food & Beverage,2007.0,,,
acd1bcbb-7f76-473d-9d86-89fd5c43760f,2,,Food & Beverage,2021.0,,,
acd7ffb2-d00f-4427-ba10-e2c754244b6d,2,,,2014.0,,,
48cf5a04-efad-445b-bcf9-9b7241dc12e2,,,Food & Beverage,2000.0,,,
bf248094-6377-49c9-afcb-36b312a9cd20,1,,Food & Beverage,2011.0,,,
f9dd7728-9e40-480c-a80f-9c245857ff5a,20,,Food & Beverage,2015.0,,,
2c1fbeba-255f-4468-9bdc-7474e527cc4c,1,,,2018.0,,,
d4e3db59-789c-4374-9a31-ce802404c0a6,1,,,2018.0,,,
005090c2-47e5-412d-958e-f40de92de4e7,8,,,2016.0,,,
660f0878-5204-40a4-a2b4-c37b696afe57,3,,,2012.0,,,
bc2f0d1a-e3c7-453c-a3e8-6c4595f68adc,7,,Food & Beverage,2010.0,,,
3231cd15-a596-4146-acf6-b93dd60c45ff,200,,,2019.0,,,
53cdccd8-ba57-493f-b9f6-b7c22dff8e8c,25,,,2015.0,,,
65fb6936-58d7-4450-9d9d-fb0840b38074,9,,,2015.0,,,
005c6d0f-4beb-423d-86c4-bb7f8ad4f358,3,,,2007.0,,,
2c3f0223-c8a6-4941-8788-4a206cae6a56,10,,,2007.0,,,
f6e2a3fc-c716-4a2f-a553-da22a5697b8c,2,,,2008.0,,,
6f97972f-50a4-4998-8676-8f909cfa69fd,162,,,2019.0,,,
8e813c11-c141-450f-9844-81994a4b3cff,,,,0.0,,,
902951c8-4532-4c63-b4ff-75e64c429a94,24,,,2009.0,,,
33fe8fd4-c0ea-42a3-a484-d5405406e623,11,,,2000.0,,,
fe65951f-7083-456e-bd9a-e483dbb64135,1,,,2019.0,,,
3b25774b-719f-475a-b9b9-e32040f8039b,4,,,2009.0,,,
7980b5bf-55f6-459a-af03-23fe0ef7aac8,5,,,2013.0,,,
66a72f9c-101e-46ca-befb-1b00ef9d735d,2,,,2000.0,,,
25b40eaf-07e0-4129-bd49-f033a68bc0ea,42,,,2008.0,,,
c4ecf7db-401b-45a3-aa3a-7775c79b4493,20,,,2019.0,,,
311130d0-b32f-450f-9e9e-80ab4e7fe952,11,,,2003.0,,,
dc8cee26-5e12-4293-aa11-cdc6e1447f09,36,,,2006.0,,,
18f1baf8-04d9-4f2d-843b-b790241df671,,,,2005.0,,,
0866f2fc-9d01-426f-8581-9e2a1cbedb08,3,,,2000.0,,,
76fdb47b-57e6-4bd8-8489-54682016a290,31,,,2011.0,,,
d1260e27-19c2-47df-9d75-3530b2743f6d,18,,,2019.0,,,
fb89f57c-92e2-43e5-836e-6ab846471def,,,,0.0,,,
032cf5df-c18c-4ce5-8032-a9b9cc78f8fc,1250,,,2000.0,,,
56e42bdc-588e-4730-b504-48fc16c193e6,25,,,2005.0,,,
bee0af07-73c7-490f-a0ee-431ccbed2d68,45,,,2014.0,,,
8fe73955-d8ec-4d98-880d-00ddee009d14,200,,,2016.0,,,
2615fc96-e1e0-4878-b648-782e20dcb33b,30,,,1990.0,,,
201682e5-2b51-4454-beb9-685498f5dedd,9,,,2017.0,,,
2f0f28fb-3d12-4632-a1b9-ee66e40abdd9,5,,,2021.0,,,
d7db475e-57d6-4b86-b36f-98fcab4b5cc2,17,,,2011.0,,,
4719dd54-559f-43b6-aa20-9dd61dcdf268,3,,,2021.0,,,
b829c4a1-6853-4c3e-b2d0-8aedf246aeb5,14,,,2008.0,,,
5928238f-5404-4e80-a254-13721be31c68,83,,,2000.0,,,
ffca0ac4-9579-4913-86b8-f195f3ffac50,2,,Fitness & Wellness,2019.0,,,
bbb338ee-293a-49ba-827e-c638d5f2fc2b,6,,,2019.0,,,
388c747f-e07f-4071-b3b8-54588e23cd00,,,,0.0,,,
1b0074ff-a74a-42f7-8e30-4a912e0547ce,12,,,2015.0,,,
2ff1bf87-b9cc-4a78-895f-34265e0f5638,,,,2004.0,,,
0e0f1230-0a48-477c-9355-5efb398e6a1d,10,,,2017.0,,,
99c058f7-034a-4b78-a806-e6b1efd74843,2,,,2014.0,,,
6ef94526-67db-4bed-8e6e-293c8e4ce6a1,3,,,0.0,,,
60f15732-03c7-44c3-90c6-b9f4883675d6,4,,,2007.0,,,
7958ac3b-f7e7-4360-bc84-c81b21c6b005,177,,,1994.0,,,
cb4de54e-11bd-43ae-aed5-9feea6119e42,,,,2018.0,,,
81461576-ef57-4474-88ea-d8a002122a5d,28,,,2006.0,,,
4f779f86-63fc-4864-8ddd-4fadeb936c47,2,,,2004.0,,,
65bd7444-df38-436e-8821-54d376ef7fbc,75,,,2005.0,,,
2e92f73d-92b9-442b-8415-16db90baf3eb,7,,,2011.0,,,
18cea0ca-fd2a-4d62-ae6a-1ff8cce80d3c,500,,,1927.0,,,
eff5256e-f419-4779-8e27-1bcf9c3b8b56,2,,,1969.0,,,
60fe0b43-e995-49c0-b393-f55ee7194cc1,87,,,1996.0,,,
87c20c8e-0e61-4b17-998a-82fff647b591,12,,,2005.0,,,
270e1240-ae2e-45e5-bd11-434e41ee6d1d,4,,,2013.0,,,
b38a0172-d154-45b0-8d2c-13e7cc48ff62,22,,,1999.0,,,
a4511e1b-71bd-4c5f-8a16-b907aaf5adce,5,,,2013.0,,,
1bfe7350-9701-4fb9-b70f-115523bad75b,451,,,2004.0,,,
a2486ac1-86e2-4cd6-988c-176fa2eb4466,,,,2007.0,,,
38a17b38-2a56-49b6-bb7b-92bc7c79f5e9,,,,2012.0,,,
4050c4ff-0649-4011-9956-73e7a6096960,40,,,1995.0,,,
96fcad8d-1cb6-4507-8d2e-fabe40bbfdae,6,,,1974.0,,,
5201a025-8128-4c82-8980-a3dbe67fac17,7,,,2011.0,,,
5b0a9fc4-77a5-4b16-b7fb-fda387cbfac6,,,,2015.0,,,
cb7e831c-a4d6-4431-ab7a-e0fd5d576ece,,,,1987.0,,,
90316bf6-e437-4a22-86a7-9fd7272750f0,7,,,2011.0,,,
0102c5e3-7828-43d3-a1d1-77ed297cf186,6,,,2019.0,,,
45524ed3-c590-4d25-9bf1-3e92b15042e4,15,,,2011.0,,,
2661f461-1cbd-4f0b-b6ed-1b82c36407be,118,,,2011.0,,,
5f12b1bf-f4c3-4a95-8b4e-4108e89e28d2,279,,,2007.0,,,
4731d4df-79f0-4868-82b8-553864af6d52,77,,,2004.0,,,
19d1e8e0-9ed6-4075-b6ee-4641e93a4ee0,1,,,2018.0,,,
d5678196-669d-48b4-86fb-2e5ed8ffbd03,16,,,2009.0,,,
49b0fd59-74fe-4d98-8766-de5a16ec1231,,,,2010.0,,,
b37d312f-faf1-4691-bb85-a9176ab8cdea,1,,,2015.0,,,
19ef2718-9fc7-4507-8584-639cc5b2ac7b,,,,2012.0,,,
8a371a65-64ba-4e51-807d-10c248044a1c,1,,,0.0,,,
e350dc65-9090-4684-9363-02cb9d27edca,8,,,2012.0,,,
404e5351-7a10-4ebb-80e0-6e3db2e92c93,20,,,2003.0,,,
99ee61c6-c145-48c3-9df4-d652fe8c9684,4,,,2002.0,,,
8123080c-4e42-40c9-b1a3-27aaeaaae18a,80,,,2005.0,,,
55614469-5f29-49f6-a0c7-cbcc3fa09a18,4,,,2018.0,,,
a28f6921-7e1b-449d-af42-ebe7aecf313f,154,,,2007.0,,,
312ca758-feda-4bf3-a597-ba54193beaff,6,,,2011.0,,,
0ce63625-f682-47e2-8895-772a63714f3c,5,,,2007.0,,,
ba27d187-7dc6-43d0-8d34-562453d276bb,14,,,2005.0,,,
7ca88f88-f87f-44c7-a748-66cbe7da5d07,140,,,2011.0,,,
507b2580-5c2d-404a-b68c-15f84ba82380,56,,,2005.0,,,
d36a1c91-528e-4bf1-b0b8-e74821ff5dd5,90,,,1970.0,,,
68cf7e62-6cab-4125-8e00-820386714c1d,2,,,2009.0,,,
660e6306-7e17-4f6e-91bc-86616ff52344,5,,,2007.0,,,
b75060bb-ccaa-4b1f-9e74-eec3b913fcc8,3,,,2010.0,,,
66336168-bc63-4d4c-ab5d-69ecd7aae66e,18,,,2003.0,,,
153bc86d-0e2f-4775-b4bc-dabe47c82776,,,,1989.0,,,
9c353a28-8d89-4459-a3b6-7d1741bd50ad,,,,2012.0,,,
30de5469-b664-4bb9-adee-028a4f297915,16,,,2011.0,,,
de759d60-6bc7-407f-98df-d2d0cd6d918b,1,,,2007.0,,,
24980f07-61ab-485e-82a4-9e8ee0ff438e,13,,,2005.0,,,
33f3e415-988c-4eb6-bcab-031091b1a9ed,2,,,1995.0,,,
62d62cf3-300f-494a-8caf-74b2f30f7013,46,,,2001.0,,,
45e3555b-d72e-4850-ac9a-8ef769db5afe,,,,1996.0,,,
9a6fd51c-55a6-4d6e-acc3-582251028ae5,150,,,2020.0,,,
591d6fd6-92ae-4e5f-8c0c-c246650a92e8,1,,,2010.0,,,
920f9c5d-28ed-4681-9cd4-1012fecd4ca4,3,,,2001.0,,,
7f925353-9101-49ea-8388-2ab5f674e1b9,21,,,1993.0,,,
c251f214-6042-4795-935b-5585d6abb7d9,19,,,1970.0,,,
bddc39ae-6bde-479e-8f80-c41b78245be5,6,,,2002.0,,,
5deb2654-99a3-4a45-9735-e03e4055f3de,18,,,2017.0,,,
019fbdad-bb87-4181-b3f5-8b76b6a9aa1a,,,,0.0,,,
d0d796dd-21de-4bef-87ed-a3f2aab0abb6,200,,,2008.0,,,
d56ca00e-fe8d-4fcf-9099-2ec68c76d728,80,,,2010.0,,,
68f31d4a-bff2-406d-9718-7cefcfd364de,4,,,2015.0,,,
9b335bd9-48a2-4e07-898a-c26dfff320e5,5,,,1985.0,,,
0cb1011d-bf4b-42d5-b253-be8909f33ad0,35,,,2009.0,,,
8b4e68e3-2610-49bd-a3b4-bb11bea3b43f,,,,2011.0,,,
4bf1c4a9-9790-4617-bf9c-0f94b38e4462,5,,,2006.0,,,
67c79716-95a6-4072-b4e4-9556b3dcec86,3,,,2015.0,,,
e10b5673-6d65-4cad-992c-db0a344ed15c,6,,,2006.0,,,
f24dc29b-2e8f-4d6e-88c9-18b6f86a9d2a,30,,,2003.0,,,
dda92f0a-d533-4307-a9f8-8b264dc94b4e,2,,,2001.0,,,
a16011eb-f680-4aa8-9575-341d6d89a700,6,,,1987.0,,,
9ba00741-0823-4fe1-961e-62717acf1486,3,,,2009.0,,,
66a51389-1bd8-4358-9401-cdd127bcf8dc,23,,,1998.0,,,
dc7ead32-7431-471d-99a8-348da0f793d2,5,,,2010.0,,,
cac8db69-d742-4096-a2d7-1152a00e5f80,9,,,2012.0,,,
908565e2-fb73-4a91-af4c-6e464000e8a1,,,,0.0,,,
ef80206e-2736-4ebe-bb65-c622bb6100e2,7,,,2011.0,,,
b7d8fc36-8eca-4432-8d88-b218be645537,3,,,2009.0,,,
a2b8f8de-7b47-4f0d-af97-75c837dffe01,8,,,2008.0,,,
e45f264e-6fac-4692-8485-54f75eb61618,10,,,2006.0,,,
21f73a4b-4f83-47b0-b0ee-2fe558a86e8a,54,,,1996.0,,,
b69f03d2-4f24-4ccf-8f1e-db550da5de5b,3,,,2012.0,,,
8a126fe7-1cc4-4995-9d44-57d5ffdf8231,,,,2005.0,,,
820382ec-70ff-443f-a2b6-cd12a305bbb7,2,,,2011.0,,,
fc03bb0f-48fb-4616-b840-9b669c88d3f2,,,,0.0,,,
4c214273-75cf-44fa-aad3-94cfdfb4ca0c,2,,,2010.0,,,
9536fb37-b02c-4086-826b-eb7442618411,10,,,1998.0,,,
fcdba61d-2e7c-46df-9d4b-3ea1ded884fa,23,Green Gold Animation Pvt Ltd,,2011.0,,,
79738c6d-5e29-4665-9e00-7b45ab8d3270,11,,,2007.0,,,
7e99a8fb-06b7-436d-bedf-1b2ce3a05b9d,50,,,2008.0,,,
ca79b280-1ee7-4668-8506-35e3af7dfd73,6,,,2007.0,,,
7718c5c5-b374-4693-ab5f-8515f8564c43,2,,,2010.0,,,
c3e1149b-02b6-404c-aada-5c73fa96ca20,29,,,2007.0,,,
c55f64d2-241c-4957-b05b-abb88e5cd018,,,,2011.0,,,
9404322d-c493-403c-ae41-f49f343e4104,110,,,2003.0,,,
10bb4c70-e81b-4dfa-a467-3e498d5ab2ec,21,,,2007.0,,,
eae9cbdd-39ec-4e90-9ab3-438029e7b04c,36,,,2008.0,,,
98480a21-85a7-4ab2-b034-9c114f7cdcbb,2,,,2008.0,,,
8abf17c3-2c4c-42f8-bf09-13fbe63a5415,27,,,2007.0,,,
e1d1a8a1-d34b-4dd0-9028-f39767f8debf,5,,,1998.0,,,
946ef58a-c84d-411a-8b62-40d9c7395f4d,2,,,2007.0,,,
cbc2580d-f531-4c24-9628-ff22043b25fd,2,,,2009.0,,,
71f507b4-53d6-4caf-8abc-75d877eefe61,2,,,2011.0,,,
bce93e91-9401-4f27-b187-a17d8d91184c,25,,,2003.0,,,
93f32b97-ae7f-420d-97ac-986cc3c0b734,4,,,2009.0,,,
c44bf5f5-2196-49a6-925c-357a8bf9d7f3,36,,,2012.0,,,
d9df0501-cac1-482b-9ffc-51f4edd27fb7,12,,,2013.0,,,
213e3853-ee03-47d4-9e9c-ec0dc2a3be64,90,,,2005.0,,,
dfc7a0f1-4636-48ea-b450-e3a0a1f013c6,1,,,2005.0,,,
381ce2de-06d8-47e7-8ca5-73a57b0ade23,,,,2002.0,,,
4a2084f3-9ff1-4aac-8965-d6ddb43deee8,2,,,2007.0,,,
664656d2-dec5-4b57-b3f4-ffd3777b1c5b,55,,,1878.0,,,
11101feb-82fc-48fb-a0d8-c9ef56df6805,3,,,2011.0,,,
141bd66d-2d07-457a-a666-d3e8dc49a0ee,50,,,2007.0,,,
515242df-6fa2-4048-8c8e-61e0c4242b92,503,,,2003.0,,,
a520a76e-efe8-4396-8400-2dc1766f03cb,4,,,2013.0,,,
d6da647c-7f85-4d20-b503-737e1de30a3b,5,,,2004.0,,,
e82a7743-c9ad-4e75-b0a3-33c3a515ff3a,45,,,2009.0,,,
e6aa07f5-2d1d-4ed0-8b54-b7898af546ff,70,,,2001.0,,,
ad2d203a-8769-49e0-933f-9e30a04a86c8,2000,,,2003.0,,,
b9b0caba-5b98-429f-ba41-dbe36b78decd,3,,,2005.0,,,
486b1d69-630e-4622-bb9f-dccf1950c349,,,,0.0,,,
57d1de3b-60cd-4940-9114-3b53413ee57e,14,,,1997.0,,,
f4f1481f-df16-4c73-8e0b-285ae4cb58ab,4,,,2004.0,,,
5947da09-3277-4d68-a4b7-4ad95ad027cc,,,,0.0,,,
3e91d323-83c0-428b-bf28-ab996463d167,130,,,1989.0,,,
3d83311e-3231-479e-ae00-707c9557f07e,4,,,2008.0,,,
62ba437c-954a-4c39-9d93-c686d1704cbd,4,,,2008.0,,,
52c311ca-a4ae-4f3b-9958-d9bd6cda7d9e,7,,,2013.0,,,
d88c8f85-f8e2-4a2e-8040-7c2520322e08,,,,0.0,,,
44733ffb-cf9e-4398-b673-2d96f2b3e461,1,,,2013.0,,,
82410c2e-2284-4a42-9f50-0a4b2566a1b3,125,,,1938.0,,,
e9ba16ce-4bf7-481d-bc83-0f3bf986b314,170,,,1998.0,,,
3b059d02-d36b-4b0c-97b9-887f97d29baa,2400,,Books & Publishing,1999.0,,,
830de40a-a318-4001-bbac-cc1bea76ae07,5,,,2010.0,,,
0899b3ac-b3f3-4180-841e-79976c7c54c5,2,,,2021.0,,,
5f45baad-c891-4b90-994d-c8443a8d7fd9,,,,2009.0,,,
0bf1acb2-a53f-42e5-b207-d82b83cc8675,25,,,2006.0,,,
e091c79c-a46a-4c03-9442-b049863252c5,3,,,2010.0,,,
d9c8b02c-4645-48f7-859a-8ad91756e53d,,,,0.0,,,
33240675-4de0-4e8d-a0ce-9db871ff447a,15,,,2008.0,,,
e188be32-d4d0-4704-847a-1dea030918bc,,,,2010.0,,,
62ced1a3-543a-42bc-9d84-784692ee9875,1,,,2005.0,,,
6817ffa5-08a8-4502-b0e3-a329a50e162b,,,,2011.0,,,
4f586d48-56b0-4bd7-a779-7d6ab08115cd,3,,,2011.0,,,
63af671e-80f4-4a68-8a6f-e77ff988e690,,,,1999.0,,,
382ac30c-899c-4195-abf6-a83357537b5e,,,,2009.0,,,
2834723f-52e0-4fa3-938c-8493cfebd0b3,42,,,1980.0,,,
642f7fd0-86e5-4f73-aba9-5c77dfc8e5e0,451,,,2009.0,,,
a64bf54d-1843-4593-8c94-b213d1c609da,,,,2010.0,,,
cbafb75e-a896-40f7-9e91-c49d3af60630,5,,,2010.0,,,
ea45d3ee-434f-4e43-8202-b1dc2ed61d73,4,,,2013.0,,,
756b8bc6-0f8d-4545-9522-62814737cfce,7,,,2013.0,,,
60e76c18-4721-42c4-b4d5-538b401f5bf1,6,,,2009.0,,,
6460863e-f4b2-4a6f-8aa2-67529c064176,57,,,2009.0,,,
24ec9832-eec7-40ef-82c9-105f90d907b6,4,,,2004.0,,,
3b8b8998-030b-4296-83a8-3d2082ab905c,,,,2008.0,,,
35cbba6f-e5f7-486d-a7b0-ce7e8092872e,1,,,1996.0,,,
f705c904-cede-44d8-bcc9-a4a0fab7513a,,,,2012.0,,,
413e7610-1e54-4cee-8ca6-f655cfec4aec,2,,,2009.0,,,
5793d0fc-30e3-413b-90d4-51ee7c0a1f47,2,,,2001.0,,,
b76b1421-84dc-46fc-b317-e1a26f441852,5,,,2008.0,,,
0154f7bc-57fa-4ae3-ae4d-0ea645c0d6a0,18,,,2008.0,,,
ee2a0e5e-551d-499d-a445-f0ad233c1c82,5,,,2010.0,,,
63f14236-eefc-4f91-9502-da7efcec79d2,,,,2007.0,,,
a6611821-3467-4c92-b878-4242c2092c5b,3,,,2011.0,,,
317e8021-c970-45c0-8104-ce4e02d0994a,28,,,2007.0,,,
0a0731df-5844-4a77-82b8-910d288ec66c,38,,,2005.0,,,
ee3c9d41-8289-42f5-a2c6-3c8e3af30859,1,,,2014.0,,,
78892b9c-84ec-4e29-ac0d-584342ba1f5b,,,,2006.0,,,
5eaf34c1-6e20-4de6-aa48-dd9536baf0d6,10,,,2009.0,,,
57d7225c-3c1e-4ffd-867a-48f1269f650b,8,,,2005.0,,,
44eb1d5f-955d-40ce-bf4a-1ab76a209397,5,,,2010.0,,,
4975634f-1083-4698-a3e3-95be2a3d2bd4,3,,,2012.0,,,
b4b87479-5d26-45a8-a187-95a2ed3ded0a,,,,1998.0,,,
8c02e5c1-d913-4f97-94ad-f351636f4eed,3,,,2014.0,,,
4c123d2d-f248-4ae7-9985-84f57c382468,19,,,2009.0,,,
5242aa8b-9972-4a8b-bef8-f6e01f79b7ad,1,,,2011.0,,,
a5378e98-81a2-40f7-94ca-2b9a66ad0c0d,6,,,2001.0,,,
3b333196-e06a-4dcc-9bd8-13f03778646c,36,,,2008.0,,,
9f39955b-1dba-4767-86e9-935416ad35c0,170,,,1988.0,,,
008d898b-d4cd-4bdb-8969-56aa5acf7695,,,,1952.0,,,
7d7b53d2-187e-4eae-8cc8-51c9685d2725,,,,2008.0,,,
626fe5e7-4f15-4c2b-a403-a05b332d1812,17,,,2019.0,,,
2661df06-c29e-4f4e-b554-35dae22b67c7,2,,Food & Beverage,2010.0,,,
21ac2d11-792b-4713-b636-beba06a44053,214,,,2013.0,,,
b0161351-1525-4e23-b545-5b1b1e3c1974,214,,,0.0,,,
73cb7c75-f195-452e-a94a-c9ecb4106532,2,,,2009.0,,,
30c9b48c-6eec-42fd-8f6d-b45aff6845c8,3,,,2004.0,,,
3cd43257-bd74-417a-bcfb-b01954d6524f,59,,,1999.0,,,
1a1e7eac-5398-43b8-9c9c-64a80d7eb030,2,,,2010.0,,,
6dbd2e95-e584-4cb5-a741-e618463a955c,3,,Books & Publishing,2018.0,,,
2a07c9c8-4960-4c4d-8e7d-654b35280846,18,,,1996.0,,,
e6c22754-0807-4a30-a693-f9aac6ef76b4,2,,,2019.0,,,
4cc9c70e-eeae-4018-817a-94be798f153f,33,,,2009.0,,,
b4a7bd17-d8b9-4c2d-b145-242a4339baad,5,,,2015.0,,,
83d3f585-63a8-4460-b556-35e895a20bb7,7,,,2014.0,,,
891bd58a-a7f3-4f65-ac8f-2c7eae58d3db,1,,,2009.0,,,
d45b1026-c09c-4a88-85ac-0894d64a7b72,2,,,2008.0,,,
ceb97d44-fb7a-4e97-ad35-4d5a1339c1a9,3,,,2009.0,,,
39d0c82d-5cf0-408f-875f-c0701085d480,103,,,1990.0,,,
91df79ea-bc1e-44f4-ba8e-0e7d0310c552,,,,2008.0,,,
6fcccfe9-527a-4180-a185-698cc57bda29,2,,,2012.0,,,
0b6d4128-f46f-4ad4-a3c8-7068088d96c7,7,,,2005.0,,,
ce7a34a9-f5d3-4015-891f-29611c529f5b,110,CADD Centre Training Services Pvt Ltd,,2005.0,,,
1861e39d-7b73-450d-8f09-985be6431183,,,,2003.0,,,
e5a62f23-c870-49cd-8c45-e09a4f5c0e1e,2,,,2001.0,,,
3edaf5c6-ef57-4aa1-9faf-caa9c7289954,23,,,2015.0,,,
b2db788f-1143-4e4b-a7fa-46246c5a9a73,,,,2006.0,,,
96ee407a-2a5f-4b86-aefa-1454b9af35b9,3,,,2014.0,,,
afdc6808-5efd-42c6-991e-7023d57e685b,2,,,1994.0,,,
53d86845-595c-4ed9-abe9-fdb4827aa4e4,4,,,2003.0,,,
c0d5d8fb-64b0-49ed-810d-37dd82d0d799,,,,0.0,,,
1fa68552-2ff9-4ff1-a9b0-bd51590db26e,1,,,2010.0,,,
f6546ea5-364c-47f8-ab7c-ae307667a80f,,,,2005.0,,,
c873a628-5c8a-416c-81a9-57712946ddab,,,,0.0,,,
9f385f22-a8ef-49c4-b722-a4b11ab75e1e,4,,,2000.0,,,
7532b796-d040-463f-9e9c-0db5e9cf89af,8,,,2012.0,,,
2083b273-aab5-471a-8543-f98ec009bd17,,,,0.0,,,
a1d657e4-9560-4f69-b8cc-e07d495dc321,3,,,2011.0,,,
ca562605-5d2b-47ca-92cd-b3ed3bc5f38e,17,,,2010.0,,,
d818892d-ed9c-4a19-ba06-9c49e9ab2a77,,,,2009.0,,,
72393094-a542-4a6f-a5ae-10230aecf735,,,,2011.0,,,
e1c4d11a-f21e-4efd-8da2-6f92755a1aa7,11,,,2005.0,,,
2faaa647-eaf5-411c-b2b1-ec931b7dfa4e,2,,,2009.0,,,
6a4f4320-7b42-4e6b-b8c8-1ec98b50a750,3,,,2009.0,,,
2c3e7a7d-362f-4b23-8ed9-bf7fe4915455,14,,,2010.0,,,
963953b5-e999-4850-9e00-ee95f28e96b9,3,,,1996.0,,,
8f68bcb4-99e8-4ada-b915-1f658f3dc5f8,2,,,2007.0,,,
1bdcae8a-cdd9-4925-b82b-db51797d2246,,,,0.0,,,
ab3c9115-af57-4617-a96f-d07cade44743,75,,,2010.0,,,
a8af436c-3dab-4fd9-8b91-ee7a442f5a7f,31,,,2013.0,,,
146af504-1254-4e0e-91e8-e2aa2555c6de,12,,,2009.0,,,
bdce5742-bf70-47f3-9980-0edb861515e1,6,,,2014.0,,,
50b5514d-1064-4323-bdce-008e048ffc66,6,,,2009.0,,,
703f7220-3546-4e1e-90f4-7d866dfba474,6,,,2009.0,,,
1d6adce8-6b1a-4076-851b-050162414f30,6,,,2012.0,,,
50575292-3d0a-4d71-b14a-bde49dd21e08,2,,,2002.0,,,
284eeaff-76c7-4cf7-8818-b7e5cb221d51,6,,,2015.0,,,
90b12751-39f5-4848-be36-083b240df8e5,28,,,2008.0,,,
bae900c8-557d-4630-849e-07152b07646e,,,,2009.0,,,
fd3c787f-420e-4d18-8ffc-0ea84f767d9c,2,,,2002.0,,,
aec46e5c-a47d-4ebf-bef7-651e005da573,4,,,2010.0,,,
84a181fb-6025-48ce-b777-db1fbd66f8a7,70,,,2002.0,,,
39b9b414-166b-466c-a941-10de936234c6,2,,Fitness & Wellness,2010.0,,,
28807d5a-b92c-4386-a804-49b00818ba82,,,,2010.0,,,
6420027c-e681-4dcc-b393-48b9b29de54e,57,,,2008.0,,,
dc8c5dd1-b3cb-49ae-955a-92ab5d6482c0,300,,,2003.0,,,
0e1d2a63-444c-45ab-83a8-70788f0cc932,18,,,2009.0,,,
c228be4b-ebf7-4c12-a47a-2334bdbcf2f6,,,,1999.0,,,
3ba45b47-8e55-4e0f-8fb5-ead31b235685,4,,,2008.0,,,
8a99974e-a95c-464c-a8a0-473f30b3e59e,38,,,1996.0,,,
998d152b-63f8-4510-8e36-a10fd7653c1b,9,,,2002.0,,,
99a4245c-fbab-4ea9-aa4e-a446f9d6e6a5,130,,,1999.0,,,
3e400b0e-6ae9-4b90-b4b7-42741e449ed2,35,,,2001.0,,,
aff34967-00e3-45f7-9fad-1fc29c66eca7,67,,Fashion & Apparel,1990.0,,,
c236757d-4fe2-4c1d-a36a-9045e8620031,7,,,1993.0,,,
0d291781-239c-4915-aed8-992f5072b5d0,9,,,2008.0,,,
4bf65d0d-683b-4a0b-9dc5-3843fe2cecb4,7,,,2010.0,,,
ff709e64-3cea-43f8-b01d-1a16ccdc3255,550,,,2006.0,,,
9f2d973a-9e5f-4137-9094-b8ccedae83b1,12,,,2000.0,,,
1b6035f3-42ec-4007-9ccf-e14c8caf6b4a,9,,Fitness & Wellness,2007.0,,,
ac3377b7-b9c2-43ca-b800-0d710ceeb719,40,,,1996.0,,,
b1f7a7cc-ef53-4bd4-a135-cfdb0454b738,,,,0.0,,,
3a817969-058c-409c-9386-9b031aec264d,17,,,2006.0,,,
dc95807d-be1e-4176-8b52-a8fd392be0ed,16,,,2006.0,,,
183268bc-fe6c-4c28-9e07-a40f3ddba4f8,,,,2011.0,,,
5382e9d7-83c1-42ef-a433-fdb48ae5f960,24,,,2007.0,,,
cfcf8bdd-24b9-4b0f-92e4-3f8fc9c05592,50,,,2006.0,,,
efd27d61-ea6e-4935-92b4-86d439493d75,,,,2007.0,,,
c61f8187-d178-4c6f-92a8-847b81f0e3a4,40,,,2007.0,,,
946885f8-d332-49e8-ac9e-f7345ca85a88,34,,,2007.0,,,
3cd411a0-3b1d-4249-8741-8fd7b89e2c14,5,,,2007.0,,,
2267ba76-2b16-4e17-ab8b-653ea3d2ff9b,5,,,2012.0,,,
36cc36c5-204d-4c6d-aa56-905e991c3ea7,,,,2010.0,,,
cca3263c-ddd2-4d4d-afba-794c4772eda5,24,,,2009.0,,,
fc5fd500-8422-4be5-b36f-077f81710a21,2,,,2009.0,,,
6a2814de-f7cb-49e4-9459-e015fc34488f,10,,,2007.0,,,
ba8ebe5b-8ca0-455a-908e-0fe8a4b4e54f,,,,2010.0,,,
ff3524ba-a5ed-4266-b764-6e70fde97303,1000000,,,2007.0,,,
7a7183b3-fce5-484b-bc63-b8455c3d5526,301,,,1999.0,,,
4e1af71b-5e10-4301-a4da-69ffa466245e,40,,,1993.0,,,
00f5a0fb-aca0-4b12-b052-c0ece3883aa6,201,,,2006.0,,,
3c00a807-b56e-4f9c-b09d-08eb003e022e,3,,,2010.0,,,
f4858ad3-bedd-4265-9468-431b08ce9aa7,2,,,2011.0,,,
3d1fa02f-7c0a-4cb2-84ec-b489d40dca20,,,,2011.0,,,
cf077b69-ce88-4bf0-93dc-d9b575ba184c,1,,,2011.0,,,
2a3036e5-07ac-47e7-b393-3570d5290825,10,,,1992.0,,,
89d30bf5-daa1-4e4e-b7f8-73bade02ac47,14,,,2006.0,,,
a13ad05b-476c-4d9e-bc18-b9dc25d039d6,4,,,1995.0,,,
0530635f-25d2-47ec-9b36-25fc8aa82df5,70,,,2012.0,,,
c226f17b-118b-4c1f-9acf-576c38ee88e2,1,,,2005.0,,,
adbaec66-aeab-4ca1-9bdf-ee6e23690469,60,,,2009.0,,,
235873c1-e34f-44c5-afb6-5062a2c48baa,28,,,2006.0,,,
d1718c21-5145-4236-948b-fb7a9667ad91,11,,,1998.0,,,
6d004829-2908-4f34-95df-98ba7b3201ea,1,,,2003.0,,,
0cbd5274-2849-4507-9a13-731b613c2cf3,23,,,2003.0,,,
b22e4c5a-d318-437e-9c4c-58e6805f2aa0,115,,,2000.0,,,
f08ce9a4-bae3-4d97-96c6-b89ccdf583ca,12,,,2016.0,,,
94124eb1-eebf-4452-af17-00476b737159,1,,,2011.0,,,
d2c64281-3774-47a5-9185-9be71762df30,1,,Books & Publishing,2009.0,,,
ac5d102e-3179-4765-93c1-d9b70be5dd68,,,,2009.0,,,
e862ae4b-b676-447c-924e-f024fa0ead37,,,,1984.0,,,
7e63da3b-fb23-474b-a6b4-cf98ccd4bd60,528,,,1987.0,,,
9ef88806-79de-4dc9-b6cc-b5264b45349c,1105,,,1969.0,,,
6a6f8d3b-fe28-43d4-9836-f5d7a2abd76d,39,,,2009.0,,,
6769c92b-3a49-4eff-8cf0-2a6e1bde1fd5,14,,,2014.0,,,
b5fb71ec-9117-4625-ba9f-6e61357d4b11,1,,,2009.0,,,
ac4b762b-3e44-49ac-b78d-3d66f8c0f971,4,,,2009.0,,,
27d56d06-de2f-44fa-b42b-aaf0b12affe9,30,,,1993.0,,,
f3ae514e-e1c7-42fe-856a-67351aadabe0,20,,,1990.0,,,
5e43f7e4-239e-4210-a1a6-48737f366f69,,,,2012.0,,,
dcb577bd-78df-4fdb-bc69-8c22f9f9abeb,18,,,1999.0,,,
500fe70b-edb0-46e7-8762-2becbb00e9ed,3,,,2010.0,,,
565b088e-f62f-467e-8c66-966949ba4a0e,1,,,2005.0,,,
13e1b5f0-4736-4cca-901a-cd2e4601a640,9,,,2002.0,,,
bfba089e-8364-49ee-a976-70eab0634cae,9,,,2013.0,,,
f45c9fd6-8576-4561-8d2a-917581dc2afc,,,,0.0,,,
1b602965-86a6-4e46-8a85-4d410fecf55e,15,,,2008.0,,,
1427f19c-7a67-471e-82a5-d227f9815f58,2,,,2007.0,,,
11f95d19-47f0-46ac-8d08-32a04a1cc881,7,,,2010.0,,,
5f6801c2-dd11-45fa-af1e-0691de17336b,9,,,2005.0,,,
6916b700-c6f9-4511-902d-37e7b3a4a9c4,,,,0.0,,,
f72b7a41-7df7-4939-8baf-db2cf1561041,,,,2010.0,,,
d51abd26-2740-485e-9905-7efb7a743b94,,,,2011.0,,,
168a00d1-7092-4548-a9fb-c247b8a70cdb,6,,,2019.0,,,
b07fa2af-227c-4eff-b69e-2656436e097f,,,,0.0,,,
61ec3818-4133-4449-a756-09a061f85efd,,,,2019.0,,,
b0523e09-0357-41e7-9be2-dbd77dfc348d,,,,1996.0,,,
3c4825cd-06ed-493f-a01a-0e3fc832e358,,,,1991.0,,,
3339afd7-3aaf-4b95-a39d-22cdfc827c29,17,,,2006.0,,,
4e473cfe-7b04-4310-aef5-c8666cbf3efb,,,,0.0,,,
98d5d869-c5e4-49b9-adac-26ae3e382025,,,,2000.0,,,
d8e2b029-9d59-4131-9add-2362c3448c3b,7,,,2007.0,,,
26ccc7f3-c382-494e-bc8d-7398275b6cdd,370,,,1996.0,,,
c90d9e2b-0a8e-43f2-9d50-b6bd74cf35d5,3,,,2008.0,,,
b77d517d-def5-4d9b-a47f-5bd3b840bd8e,2,,,1989.0,,,
db874164-29f3-42bb-b43c-3d2842ce0928,97,,,2011.0,,,
f9fb9c7b-1877-4897-92aa-939c658224b7,1,,,2019.0,,,
11bb98f8-3d76-42e2-bb2e-4fe636e8a12c,22,,,2010.0,,,
15c05a28-4b44-4b03-8842-22be48015d24,5,,,2010.0,,,
a58a0e38-8bb8-4934-b231-8c2602266d84,150,,,2005.0,,,
15944096-800d-4834-afdc-958543c4602e,55,,,2010.0,,,
83e5b59e-7506-421e-b740-7ae86b0aa0e6,,,,2009.0,,,
d1c75f19-4440-4026-a560-7b3d16803012,17,,,1993.0,,,
734d4e9f-79d9-4b6a-83c8-41dd919e2065,6,,,2003.0,,,
080d6543-8ec7-44c7-9dbb-8b47b2ea036b,4,,,2007.0,,,
3a7f38fe-29e1-467b-8324-a32fd361e1d1,5,,,2012.0,,,
b50a09b8-8d0b-4e93-bb35-456c04ef1aa9,8,,,2009.0,,,
2fe769c0-a4d7-4b8e-9655-85f978872410,3,,,2010.0,,,
3a120f77-faa1-449d-bb0d-6633f64722b4,12,,,1970.0,,,
01788557-4354-4e56-bec4-f2d3711f5013,11,,,1999.0,,,
c830daa0-b72f-425a-906d-2c132cadc294,,,,2016.0,,,
6c93abac-57e1-4715-8e07-7abe17401612,2,,,2003.0,,,
24636720-3038-4188-8400-214cd15e88af,20,,,2017.0,,,
16371902-58fb-48d6-8cf0-3f90c7af5264,,,,2016.0,,,
f8efc963-d3e9-4d86-8e9e-84923d08221a,1,,,2009.0,,,
40b2429b-bbd0-460d-aeeb-ff52c6c32e36,1,,,2010.0,,,
9d927c38-0657-40cb-95d2-d11ada7b50eb,2,,,2012.0,,,
033b4783-fe03-4005-bbb0-f9b3242561c6,12,,,2016.0,,,
0c3463eb-ec4e-48be-a4a2-1a64d3dfe464,1,,,2016.0,,,
3999f1bb-ae34-47f2-9746-373308684f3e,4,,,2016.0,,,
1a9f5f4a-318a-4e2c-9891-65a03488fee5,,,,2010.0,,,
21131d6a-8c55-4aa7-a10c-64e60f924683,2,,,2009.0,,,
e7650f4e-9868-4707-ab3b-c4c073b6df11,2,,,2011.0,,,
24345414-0ede-46fc-86c3-ec1bc2127a00,6,,,2009.0,,,
fafa7671-f751-4f68-b09b-1babb455922b,5,,,2005.0,,,
cac0168b-7f43-4080-9cc3-0ca23b4a9679,,,,0.0,,,
dcd2a79b-a7dd-4224-8a5f-0b375739951a,419,,,2008.0,,,
e88e6e3f-d878-4df6-9afe-2b5d2c7fe8d3,3,,,2011.0,,,
dfd88d20-6731-47ab-ae71-facde73afe4c,1,,,2010.0,,,
3a3fadbb-a514-4b27-9026-4ad8344fbbe5,4,,,2014.0,,,
6627a825-f988-4be7-9a7a-5d0f498a54e7,,,,2000.0,,,
2200de97-2ffd-415a-bb78-84e5061d5cfe,695,,,2007.0,,,
5ac2dbfb-72e5-42cc-98f2-db78e884a24a,1820,,,2006.0,,,
f3fa3c3d-66bd-436a-a8a5-084cf58e6f6b,19,,,2010.0,,,
1b44f885-ebcc-4c07-a390-5cbb5f9d3cd6,,,,1990.0,,,
961c32ee-25d4-4474-b088-64935096285c,103,,,1989.0,,,
f5a4f63a-0258-417d-8a13-d6736004a769,500,,,1988.0,,,
311806ee-3ce2-488e-ade0-d7293500301a,,,,2010.0,,,
f7f903ae-8141-476f-b0b3-10ec5e610c58,19,,,2012.0,,,
49a9ecaa-9df4-420c-b56a-6fd447b0f574,4,,,1998.0,,,
191d45bb-10e9-4d06-9b2d-11d24a784606,36,,,1997.0,,,
3f8f32ef-b8ea-4660-b6bd-c68e550c4290,51,,,2002.0,,,
ca1a9483-a0e3-4074-b71a-61ddaf2b29dd,30,,,2012.0,,,
32f4e8e6-f864-4501-a172-fdccc9e2d948,252,,,2006.0,,,
97922081-ec7a-46c1-af7d-473a3612db4d,1,,,2010.0,,,
1149a5c4-32d5-4e5f-9d3c-dc7492e699c8,5,,,2004.0,,,
806bb369-03a2-4040-9e48-05f47e8075a9,1,,,1978.0,,,
748d2715-84f4-4b57-8a48-bc0def15de04,5,,,1981.0,,,
338bbe66-a2e9-402b-bf5e-20c3fc2c3ef6,2,,,2009.0,,,
39f86412-9483-477c-b6e2-acabce5460fb,31,,,2005.0,,,
7559030b-345b-44ac-b039-aebf982fb024,6,,,2013.0,,,
b6859d03-cd98-42c9-91cc-f8d40500ed9d,,,,2012.0,,,
12d798f8-8ee0-44d7-9c24-0360a9d9676e,,,,2011.0,,,
597fe9da-5cba-4675-ac00-2fcccd3cea1c,,,,1999.0,,,
9a887d46-459e-4748-8ffc-06eaa7716022,2,,,2011.0,,,
4e6274a5-617b-4069-bc24-96b2a1914c6a,15,,,2010.0,,,
2613060d-46f6-4385-b4a5-08e36eac0fb5,35,,,1998.0,,,
794d8aa8-ba6b-4f22-bbdd-3aa0cafa6759,50,,,2013.0,,,
78ed1e41-a160-47df-990d-f181c9ac6515,15,,,1996.0,,,
581b2f16-e4c2-4555-a0fa-84d445f5701c,29,,,2011.0,,,
b6cda29e-097f-4660-ae2e-185b41b1ef2c,26,,,2011.0,,,
a6dd00b7-403c-4e3f-a115-efd5f00850f9,,,,1987.0,,,
a3f38dbe-9875-48b2-a254-20bd832e5860,,,,2007.0,,,
55ca5b10-d357-4b15-a3ad-1493f8401518,10,,,2012.0,,,
d0c0879a-d986-4c6a-ad45-da1538e3ee2f,5,,,2008.0,,,
abfa1f4c-9c8a-4cea-afe9-d9ba759ca3b3,2,,,2010.0,,,
1b0d49e5-263a-476a-9e5e-3bad78077393,3,,,2009.0,,,
9ee871b6-53df-4164-9d02-0aa1d2a500a3,13,,,2010.0,,,
3374db27-9913-40b6-b559-8f1d540f637a,2,,,2005.0,,,
8ae1587d-d73c-424d-b613-6445c1b1a7ea,30,,,2008.0,,,
f7d063d6-6424-4d4c-af71-188be81929b2,50,,,1935.0,,,
56336930-cec1-48c6-9364-f36d1edb1649,1,,,2018.0,,,
0cd909cb-6ce2-4aef-939d-084b1581a3c4,,,,2012.0,,,
0593cdf4-3411-4663-8f3a-adcfb5fe3854,24,,,2002.0,,,
bffc7b86-93e8-4e70-9b42-d6ff306aa54f,10,,,2009.0,,,
8e823eb0-ec67-48ed-9ae5-8e3bad3a9c39,2,,,1998.0,,,
21fe0bd8-2f4a-4eae-a07a-33799edfb101,,,,2011.0,,,
d9c56f12-bcae-4f0d-b00a-03f52f80f7ed,6,,,2010.0,,,
8bc04d66-4485-4c98-bd31-09456d374465,8,,,2003.0,,,
d2b87386-35c9-4f4e-94ce-cec49c093397,58,,,1989.0,,,
78128700-15ce-4963-8ac6-09e27e0ba3c4,42,,,2009.0,,,
db9edb9f-332c-4d34-a995-1986309dda5a,,,,1989.0,,,
4690dd4d-f5ba-4ebc-be9a-8e79c64f3e2a,,,,1972.0,,,
60c43f99-a2ba-4214-b130-f2381ac8fff5,26,,,2005.0,,,
11561510-2324-4016-9210-652e1c3d4758,6,,,2002.0,,,
9b199295-2eb3-4811-bfa9-c08301446bc6,10,,,2001.0,,,
afb79d6c-b9fc-4dea-8c1f-3cbdb6ae37e9,3,,,2009.0,,,
8c54ee19-ae06-4e19-8e32-dd899589f205,3,,,2007.0,,,
d6dfe130-fb54-44d5-9d0a-62d7bf03b73c,,,,2002.0,,,
579888a9-2b81-4a68-aa9c-e10ff50a6688,,,,2020.0,,,
e41978a5-9ae3-446a-b3bb-29e952552434,4,,,2010.0,,,
76b3d331-c90a-484c-afdc-cb3670dda1f0,2,,,2005.0,,,
8f8970d2-a207-4f25-9f36-e50b60ef586f,,,,0.0,,,
f459ddf6-3e77-4e39-a7cb-e76b8e111757,26,,,2014.0,,,
21776574-c19c-4c10-b02a-945edd38070a,,,,0.0,,,
ec95b166-ac26-4302-ae17-4818ab824b3d,,,,2010.0,,,
b15a58a2-9117-4152-ae40-e7d0912ad010,16,,,2010.0,,,
40a79c96-f7ff-446f-b221-d4972a794443,2,,,2010.0,,,
0b646ae2-d0c1-443b-971d-4a7718f00951,7,,Beauty & Personal Care,2014.0,,,
fba83e5a-d152-4769-b33a-dca1837f0e1f,,,,,,,
b02ceca4-8eb6-4623-ba1f-42e3bf569e89,,,,,,,
0b90c24a-9436-4457-a046-c64b4045a06f,,,,,,,
a059ec4e-8a42-454f-a48b-4dda720cce8d,10-20,,Restaurant,2016.0,10-20,,
300781e9-bb1d-4a86-af64-2aab5e7ee7aa,10-20,,Restaurant,2003.0,10-20,,
b0802efb-26f8-45aa-af45-2847b8ff33be,100-200,,Restaurant,1960.0,100-200,,
0dc6fd7f-816a-4b8d-8bfc-1e11c7f23c6c,10-20,,Restaurant,1985.0,10-20,,
d8f90c27-0e13-4a18-b111-8979d2075c5b,<10,,Restaurant,2015.0,<10,,
cc64dfc9-2870-450c-bcd0-8abea8499329,<10,,Restaurant,2010.0,<10,,
4fa37159-a6b5-4414-a38b-6a64a3beef86,<10,,Restaurant,2017.0,<10,,
7e014160-b951-4383-a195-84fb33ffdc65,<10,,Restaurant,2017.0,<10,,
ce674c27-092e-456b-8270-4cd845a7f7d5,<10,,Restaurant,2018.0,<10,,
c15afa85-58f4-49e5-b9d7-4a3d05d91d04,<10,,Restaurant,2015.0,<10,,
f3199b2c-8558-484a-b9d1-6bcad0917430,<10,,Restaurant,2014.0,<10,,
9dfd2994-7c4e-42e2-a279-218c3cb85693,<10,,Restaurant,2013.0,<10,,
0abb7cc6-dfc6-455a-88f8-7b33f9b63c2c,<10,,Restaurant,2015.0,<10,,
abf5fff9-7a2f-469c-afde-70f08781378c,<10,,Restaurant,1991.0,<10,,
ffacb684-ce3c-49fc-b93c-acb245dbaf8d,<10,,Restaurant,2010.0,<10,,
6fd00518-92dd-4498-8d84-96d7ff6d1d0c,100-200,,Restaurant,2014.0,100-200,,
d9251aff-5e21-4a34-afe8-fe529107d484,<10,,Restaurant,1974.0,<10,,
4cf39534-3e87-443e-99d8-bb6c9e8ea8b3,<10,,Restaurant,2005.0,<10,,
a9c28ef3-d837-487d-a02a-2e458dfe829b,<10,,Restaurant,1998.0,<10,,
f3ddc35f-7edc-4f6a-9721-879fba14ef24,10,,Restaurant,2000.0,10,,
ffcd51ab-54d9-4bdc-ab41-aa6a030c4e21,<10,,Educational Institute,2012.0,<10,,
696eb478-6b93-4e5a-9256-a54771ec0a5c,<10,,Educational Institute,1993.0,<10,,
bd4688ae-f210-4543-9f0a-b4286ae6bec7,10-20,,Educational Institute,2004.0,10-20,,
a556dc80-915f-4cfa-a9ae-df572065dde9,<10,,Educational Institute,2013.0,<10,,
920b45de-3cf9-4a1f-b559-1f657361bf81,<10,,Educational Institute,1993.0,<10,,
b028f7e0-d54f-4520-8fe1-12026495bef0,<10,,Educational Institute,1996.0,<10,,
a544e64c-7e15-45a1-94cd-474c117c38b6,10-20,,Educational Institute,2008.0,10-20,,
98958afa-b7cc-4365-af9c-d3af899fb46b,<10,,Educational Institute,2009.0,<10,,
c55c8dc7-4265-4861-b2a3-8c688d50b013,20-50,,Educational Institute,2009.0,20-50,,
b6b5a337-e9c0-4aae-bd7a-b9e9ec0a9b7b,20-50,,Educational Institute,1999.0,20-50,,
c2b5483c-26e2-4783-8b2d-0ded60174f26,100-200,,Educational Institute,1991.0,100-200,,
aafa3885-e545-4628-932e-ff0291c4286c,<10,,Educational Institute,2003.0,<10,,
6f1ba467-9324-4004-a64e-8beb77a2a60c,<10,,Educational Institute,1990.0,<10,,
c64587a3-c1b0-4a68-85ed-a261ff914d27,<10,,Educational Institute,2006.0,<10,,
d6d08a15-0082-4d80-9022-ee0257c2db87,<10,,Educational Institute,1987.0,<10,,
02608dc6-b61c-478d-8fc2-e19f16055c3c,<10,,Educational Institute,1995.0,<10,,
85de7bfe-0b4c-49c9-97e9-700b24766e2e,<10,,Educational Institute,2010.0,<10,,
5a74eae9-4266-4ab6-b55b-900d95cf903e,<10,,Educational Institute,2005.0,<10,,
c75c564c-9ac2-4acc-80fa-818c652a8772,,Horizon Business House,,,,,
0a9c9e85-1355-4d5d-85e4-a81c4c5ae49b,,,,,,,
5a74740e-6614-47aa-a4e4-271e47447ce5,,,,,,,
5020e7a7-bb69-4b3c-959a-bcbdef045e09,,,,,,,
c1ba3186-d1fa-43e8-9384-e0b2db739d9d,,Spectrum Jewellery Pvt. Ltd.,,,,,
33d27ee7-b3ec-458a-903c-15cc598a977e,,Senorita Jewellery Co Pvt Ltd,,,,,
27c856bc-03b6-4e90-941b-9d076a334f95,,Tamarind Jewelry,,,,,
8a45d2cd-6f71-486e-9cad-28636ca3a37c,,,,,,,
38e80521-4229-42b2-bc15-a486f19633ce,,,,,,,
1ef57c60-e650-4eb1-a63e-fdac914c5d0e,20-50,Talwalkars Better Value Fitness Ltd.,,2003.0,,,
2e3d97f2-4d5e-44a5-8919-f8a1946449d4,,FYI Foods Pvt. Ltd.,,,,,
dbf409f3-b923-4dff-a55c-938cd7effdfe,,,,,,,
00d7736e-d332-4aa0-9ba8-f89f0fc6bcbb,,,,,,,
518dff33-45f9-43ef-bd9f-45fdec5b5380,,,,,,,
1352ad81-4971-4854-89f2-050484e4ca48,600,,,2001.0,,,
906db137-c2f7-4c56-8209-eeca0a993c28,,,,,,,
e2212bb6-48dd-42c2-9415-94b73191aeed,,,,,,,
0ab14776-a1bb-4a80-bf3d-5f8e9f81063e,,,,,,,
bb0be7a1-be5e-4ced-8e10-0efe0cb24cf4,,,,,,,
15e1c4a1-fd6b-45c7-8f49-c89c6ef0c169,,,,,,,
cba460e8-4f70-4fbc-bf77-fcf12f204bc3,,Jaaz Corporation Pvt Ltd,,,,,
b0a26911-3252-4278-9f71-c4818f18826c,,,,,,,
99e80f72-e157-4c10-98c1-a583ce6c529f,,,,,,,
e545fb3e-6c4e-4299-bbfb-14bf48e39a48,,,,,,,
b797e354-1f34-4965-a9bb-7b5d23f08012,,,,,,,
de5d6cef-bab3-4a53-8914-a3b748e24260,,,,,,,
ca5866d8-5fb6-4b3d-bcd6-5f7e143ae5bf,,Mohan Impressions Pvt Ltd,,,,,
b9cf3f33-fc9d-407d-8fd3-e7c9b51f5af8,170,,Beauty Salon,1952.0,170,,
60947320-30ec-4db2-820a-ec49b4880bbe,20-50,,Beauty Salon,2022.0,20-50,,
414fdb4d-7c1e-4ee3-8fef-e9046864bcbb,<10,,Beauty Salon,2024.0,<10,,
c0e1c805-e813-48fb-be39-0516ee90b297,<10,,Beauty Salon,2015.0,<10,,
0a200d26-799c-46e1-88aa-5ee4774c6af3,<10,,Beauty Salon,2020.0,<10,,
cc025fbf-0d72-48ec-ad7f-08459bd7bcaf,<10,,Beauty Salon,2020.0,<10,,
131a39b2-26b5-4bed-bba2-7fda7dade7d2,<10,,Beauty Salon,2018.0,<10,,
5e815a1d-ec89-461d-b8fb-068280ca189f,<10,,Beauty Salon,2005.0,<10,,
eb8c3b75-2088-4168-bff6-813d63ba1c43,<10,,Beauty Salon,2001.0,<10,,
9eec445d-0761-45b5-944e-be1e615eee60,<10,,Beauty Salon,1982.0,<10,,
79d61c6d-75c1-4a4d-a884-0c8301f29b37,<10,,Beauty Salon,1990.0,<10,,
6be5720d-3543-4d62-bd90-555a9e1aa09c,<10,,Beauty Salon,2005.0,<10,,
49f53a86-157d-4063-b6ca-6c9797be3436,<10,,Beauty Salon,2002.0,<10,,
0f18f2a6-7d1b-4e15-af6d-a88fe2f03650,<10,,Beauty Salon,2001.0,<10,,
e78e8d24-48b5-4d2e-a504-54f68c87543b,<10,,Beauty Salon,2008.0,<10,,
183027b4-91a3-4f78-a40c-1525e1a6695b,100-200,,Beauty Salon,2012.0,100-200,,
2b7569c4-1c0a-4b09-8749-9387445e4f31,<10,,Beauty Salon,2008.0,<10,,
99d60fc2-a592-4ab5-a8d8-2a4b16200266,<10,,Beauty Salon,1985.0,<10,,
b9852f36-8524-490c-8628-6e469fd8e8d5,200-500,,Beauty Salon,2000.0,200-500,,
3036bb62-3e9b-43bb-988b-a1b618908747,<10,,Beauty Salon,2009.0,<10,,
99f73319-1070-43d8-a408-5729bc1215f4,<10,,Gym/Fitness Centre,2024.0,<10,,
1bf9de4e-a1ae-439c-82ce-6ccc47f912a4,500-1000,,Gym/Fitness Centre,2016.0,500-1000,,
d914a4ed-4f5a-4dd6-be22-faea31508c0a,<10,,Gym/Fitness Centre,2020.0,<10,,
61a180ba-1b36-4f2b-8522-c6299548766f,<10,,Gym/Fitness Centre,1998.0,<10,,
4cb85b9c-3e00-4424-846d-bf9643dc8491,<10,,Gym/Fitness Centre,2007.0,<10,,
8e72d327-78e3-4d35-8899-9eabd9a7300b,<10,,Gym/Fitness Centre,2005.0,<10,,
b397e5ff-03ed-4c42-9ac5-302d80b8d637,<10,,Gym/Fitness Centre,2015.0,<10,,
08f88a53-638f-43a6-9f95-3a861b0e833e,<10,,Gym/Fitness Centre,2010.0,<10,,
e8eb623f-cd7c-4368-8cf1-e2900630f447,<10,,Gym/Fitness Centre,2013.0,<10,,
c242ed8b-ea00-43f5-ac32-e2be057e39a5,<10,,Gym/Fitness Centre,2002.0,<10,,
a9cbed7b-7774-4fd9-9ed3-e8c597e24032,<10,,Gym/Fitness Centre,2006.0,<10,,
8f977a38-f826-4d5c-b949-2c0ec557d829,10-20,,Gym/Fitness Centre,2005.0,10-20,,
a0af95c8-815d-40f0-a026-e1f445610506,10-20,,Gym/Fitness Centre,2013.0,10-20,,
dcdb34e5-6361-43a4-922d-81df7b376dde,100-200,,Gym/Fitness Centre,2002.0,100-200,,
0f0ad513-d992-4c64-9ca4-522c56600f1a,<10,,Gym/Fitness Centre,2015.0,<10,,
0f6a2043-3f57-45cf-859c-de3c73a199f6,<10,,Gym/Fitness Centre,2005.0,<10,,
3c57c393-abb4-412b-8eff-b9e1d9a1716a,<10,,Gym/Fitness Centre,1987.0,<10,,
4df7c927-7c06-4abc-977b-fd9a87e48994,<10,,Gym/Fitness Centre,2018.0,<10,,
c27dc10e-f729-47ac-83e2-dddb4be5c27e,<10,,Gym/Fitness Centre,2015.0,<10,,
54233d5c-0dba-427a-b68b-d675570eaa95,,,Educational Institute,,,,
7caf6320-3561-4219-8883-ba0cb61ed065,,,Educational Institute,,,,
1ffad465-03ed-4ee6-a801-909a8b621489,,,Educational Institute,,,,
b9afdd01-5d10-455d-a71f-42b02c8171ec,,,Educational Institute,,,,
