id,franchise_id,initial_investment_min,initial_investment_max,franchise_fee,royalty_percentage,marketing_fee_percentage,payback_min_months,payback_max_months,roi_min_percentage,roi_max_percentage,monthly_turnover_min,monthly_turnover_max,single_unit_cost_min,single_unit_cost_max,investment_includes,created_by,updated_by,created_at,updated_at,revenue_model
0c41acfa-7c46-4b85-a3d1-167d46517c57,b38c39c0-b9f6-495f-b8be-a65b1c0b9221,2500000.0,5000000.0,500000.0,,,24.0,36.0,18.0,30.0,,,,,,00000000-0000-0000-0000-000000000001,,2025-1-1 18:15,2025-1-1 18:15,
b65a968d-3563-40af-b2c6-ea5fff78cb3a,c8f6989c-d785-4cf7-b127-b7ba288a3314,1200000.0,1200000.0,500000.0,5.0,,9.0,12.0,18.0,25.0,,,,,,00000000-0000-0000-0000-000000000001,,2025-1-1 23:59,2025-1-1 23:59,
26074183-850c-4448-a42a-3aa0f359f603,b297c5b9-82e3-4c3d-88fc-c509ae881207,200000.0,500000.0,50000.0,,,12.0,24.0,25.0,25.0,,,,,,00000000-0000-0000-0000-000000000001,,2025-1-1 23:59,2025-1-1 23:59,
f88c9295-7a33-4a27-9972-5a2d043aac50,6a8c08c9-ef66-48b0-a68e-e9e0b7b40fcc,1000000.0,1200000.0,200000.0,5.0,,12.0,12.0,25.0,35.0,,,,,,00000000-0000-0000-0000-000000000001,,2025-1-1 8:15,2025-1-1 8:15,
bcef8020-3e42-4a20-a771-9b69a9885e72,afb4be0a-0173-4248-b0b9-9c7ba0e3ce8f,1500000.0,2000000.0,200000.0,7.0,,12.0,12.0,90.0,100.0,,,,,,00000000-0000-0000-0000-000000000001,,2025-1-1 11:59,2025-1-1 11:59,
9a698146-e670-4a74-a582-a54899cf0953,09378ed3-2aa4-4e45-bf5d-6a75d1bdb2f7,7500000.0,20000000.0,,,,12.0,12.0,,,,,,,,00000000-0000-0000-0000-000000000001,,2025-1-1 23:59,2025-1-1 23:59,
9a861d7d-4ad6-424f-be29-e96318f90b97,b781fa76-8eaf-4cf9-a15c-b6a1c3503554,5000000.0,10000000.0,,,,,,,,,,,,,00000000-0000-0000-0000-000000000001,,2025-1-1 23:59,2025-1-1 23:59,
83b49d2d-5805-479d-b78c-78793caa71af,0e50ed02-6937-4c8d-aa31-b4202a5f77cd,2000000.0,3000000.0,200000.0,30.0,,,,,,,,,,,00000000-0000-0000-0000-000000000001,,2025-1-1 23:59,2025-1-1 23:59,
b8d1a47a-592d-4631-8bdc-42d93c73dc9a,7e62e026-71a1-4b49-971d-e8bcd1cc4e54,4000000.0,5000000.0,,,,,,,,,,,,,00000000-0000-0000-0000-000000000001,,2025-1-1 1:45,2025-1-1 1:45,
493acddc-48bb-45d4-bcb2-ea0303912d0c,8a873fc8-8a68-461e-81f4-55d7f192f2b1,2000000.0,3000000.0,,,,,,,,,,,,,00000000-0000-0000-0000-000000000001,,2025-1-1 3:24,2025-1-1 3:24,
e1c27132-5c6f-4b61-ad2d-a524ad7f1c8e,fc244900-e4b1-4eec-8e70-eb778beac3a5,3000000.0,10000000.0,,,,,,,,,,,,,00000000-0000-0000-0000-000000000001,,2025-1-1 4:34,2025-1-1 4:34,
b418aace-1993-4ac3-8b22-e7b0011399dd,a6ae3e8e-b3da-4406-9a53-1f411523033b,1000000.0,5000000.0,,,,24.0,36.0,30.0,30.0,,,,,,00000000-0000-0000-0000-000000000001,,2025-1-1 15:28,2025-1-1 15:28,
425d8e21-85c2-4a55-8a98-37475e349898,f610d893-650e-46e2-89a6-c50f59036275,2000000.0,3700000.0,,,,,,,,,,,,,00000000-0000-0000-0000-000000000001,,2025-1-1 18:12,2025-1-1 18:12,
61c6d77c-6c0a-4802-8b34-ca60422f55e9,1dac1aa2-22c2-41e9-a608-2ffb1cefdf84,1500000.0,3000000.0,200000.0,,,,,,,,,,,,00000000-0000-0000-0000-000000000001,,2025-1-1 21:29,2025-1-1 21:29,
9d8ff34b-84ad-4f16-9663-9f68f3b2fd21,1ee2cd39-dcf0-4e78-971d-967b8f1e2f12,4000000.0,10000000.0,200000.0,,,,,,,,,,,,00000000-0000-0000-0000-000000000001,,2025-1-1 23:59,2025-1-1 23:59,
ea461c74-f745-47bc-9d96-57bc1142b722,1c97dc61-7708-4958-8222-3fe8fa9275bc,5000000.0,10000000.0,,,,36.0,48.0,17.0,17.0,,,,,,00000000-0000-0000-0000-000000000001,,2025-1-1 23:59,2025-1-1 23:59,
3a851b55-38bf-40bc-9782-93c8fdbb5004,9ab139e7-cf16-4085-9352-c51d74e61115,2000000.0,3000000.0,300000.0,,,12.0,24.0,45.0,45.0,,,,,,00000000-0000-0000-0000-000000000001,,2025-1-1 23:59,2025-1-1 23:59,
06c25e55-6494-4502-9994-f6931853fc8e,ac303bf7-2a32-471d-9be1-a1dbb2e915e7,3000000.0,5000000.0,,4.5,,12.0,12.0,15.0,15.0,,,,,,00000000-0000-0000-0000-000000000001,,2025-1-1 23:59,2025-1-1 23:59,
4c54f7bf-b1e9-465a-ac34-b81c6a560ab3,df361e73-da0e-4e50-992d-e95e57306357,200000.0,500000.0,150000.0,,,3.0,3.0,50.0,50.0,,,,,,00000000-0000-0000-0000-000000000001,,2025-1-1 7:07,2025-1-1 7:07,
b5035c9c-0f38-4781-89ff-d03d7fbc989f,c8bbd1a5-9676-4a19-b8c4-1b2f22fe8148,2000000.0,3000000.0,1800000.0,20.0,,10.0,11.0,13.0,13.0,,,,,,00000000-0000-0000-0000-000000000001,,2025-1-1 9:34,2025-1-1 9:34,
4ec91161-dc56-4f95-a46b-8d23c6ef4068,88848236-153f-41d1-85cd-4a9001af249c,3000000.0,12000000.0,500000.0,,,,,,,,,,,,00000000-0000-0000-0000-000000000001,,2025-1-1 9:47,2025-1-1 9:47,
4e155382-5c75-46af-8cc7-c51e95699690,d96ac4e8-daa4-4d60-9a4d-f7dcb54412b7,5000000.0,10000000.0,800000.0,8.0,,12.0,48.0,40.0,40.0,,,,,,00000000-0000-0000-0000-000000000001,,2025-1-1 11:35,2025-1-1 11:35,
ed1a98c5-ad54-4edf-9fd4-06c848c62a5a,d451263c-43df-4ba1-b652-cbac27ff7846,500000.0,1000000.0,150000.0,30.0,,8.0,11.0,80.0,80.0,,,,,,00000000-0000-0000-0000-000000000001,,2025-1-1 23:59,2025-1-1 23:59,
74285b07-bbe4-4f10-8220-9594bbecdaa7,a3d5f27f-978c-48e7-97cf-21e8aea6d359,1000000.0,2000000.0,300000.0,10.0,,12.0,24.0,100.0,100.0,,,,,,00000000-0000-0000-0000-000000000001,,2025-1-1 23:59,2025-1-1 23:59,
c3bd052a-2d5c-4284-bcb8-bbac2b8095df,780dabc4-787e-4001-9c4b-a07c9874ffab,1000000.0,2000000.0,200000.0,,,5.0,6.0,7.0,10.0,,,,,,00000000-0000-0000-0000-000000000001,,2025-1-1 23:59,2025-1-1 23:59,
915b4dcd-70a4-4f12-b525-24d79c3e58c1,499ed48e-a3e7-480e-900b-f384cd1ec21f,200000.0,500000.0,50000.0,,,6.0,12.0,10.0,15.0,,,,,,00000000-0000-0000-0000-000000000001,,2025-1-1 23:59,2025-1-1 23:59,
afee8ef1-0158-4bef-88af-1b4c9817051b,fc554f5b-c10b-4835-b81b-6eb90deb8862,1500000.0,2500000.0,300000.0,,,6.0,12.0,12.0,18.0,,,,,,00000000-0000-0000-0000-000000000001,,2025-1-1 23:59,2025-1-1 23:59,
52925336-1a2f-4538-abcd-63ed446d1f22,ab2c97a4-15c8-4105-902b-e6b961445825,200000.0,500000.0,50000.0,,,1.0,3.0,12.0,12.0,,,,,,00000000-0000-0000-0000-000000000001,,2025-1-1 23:59,2025-1-1 23:59,
ef1dc50d-591c-420b-8866-a721f84f8c44,0fe579f2-a816-4116-a312-a340923dbfe6,10000.0,200000.0,50000.0,,,1.0,3.0,12.0,12.0,,,,,,00000000-0000-0000-0000-000000000001,,2025-1-1 23:59,2025-1-1 23:59,
5068fe2d-be5a-4b5c-9d92-82677f0f69fd,a0160a9a-fe08-485e-9592-67df5f2e6235,500000.0,1000000.0,,,,10.0,11.0,100.0,100.0,,,,,,00000000-0000-0000-0000-000000000001,,2025-1-1 23:59,2025-1-1 23:59,
fa19afbe-3b6c-4855-8aa8-cf265d028666,ba736baa-47d2-4b53-8969-661dbce6e6a1,1000000.0,2000000.0,900000.0,6.0,,12.0,24.0,40.0,40.0,,,,,,00000000-0000-0000-0000-000000000001,,2025-1-1 23:59,2025-1-1 23:59,
7885da09-694a-4fb9-adab-1801a3e9403b,f943babd-ea6a-444b-b645-315f491c40a6,10000.0,50000.0,35000.0,,,24.0,36.0,25.0,25.0,,,,,,00000000-0000-0000-0000-000000000001,,2025-1-1 23:59,2025-1-1 23:59,
923182b1-d783-4c88-aad3-f99e27f5b2ef,e277efc3-55a1-40a9-8fad-b3149ffe9d2f,4000000.0,5000000.0,200000.0,,,24.0,24.0,40.0,40.0,,,,,,00000000-0000-0000-0000-000000000001,,2025-1-1 23:59,2025-1-1 23:59,
4397446e-de7b-4e3a-8214-c6a57247aa6f,347dcb07-5002-4376-b056-fc37fe48eac8,7500000.0,10000000.0,2000000.0,,,,,,,,,,,,00000000-0000-0000-0000-000000000001,,2025-1-1 23:59,2025-1-1 23:59,
034d72d5-1079-4e31-8f02-12bce1c6339d,4024b1c9-12fd-451e-8a5f-0a5025e55819,500000.0,1000000.0,,5.0,,12.0,24.0,30.0,36.0,,,,,,00000000-0000-0000-0000-000000000001,,2025-1-1 23:59,2025-1-1 23:59,
8c9f7427-6bf8-4818-85dd-913d6d6d45c0,8be9d5c3-86aa-4cd5-be33-3b39dfd647fa,1000000.0,1500000.0,100000.0,,,12.0,18.0,25.0,30.0,,,,,,00000000-0000-0000-0000-000000000001,,2025-1-1 23:59,2025-1-1 23:59,
084c13e6-5650-47d8-b183-b679800ce9d6,bb0d140f-d9e5-4b4a-8182-4376a439422f,1000000.0,2000000.0,,,,12.0,24.0,20.0,25.0,,,,,,00000000-0000-0000-0000-000000000001,,2025-1-1 23:59,2025-1-1 23:59,
a5dcbc66-63e6-4094-be2a-c2b55ddbec0e,243ecbfb-c97d-42f8-b56c-31ca4f742263,1000000.0,1500000.0,200000.0,,,18.0,24.0,25.0,30.0,,,,,,00000000-0000-0000-0000-000000000001,,2025-1-1 1:09,2025-1-1 1:09,
5ed4cd8e-7527-41a0-aebd-76c2d29e2230,5b707bb6-7325-4cd8-961e-8eff582d5328,200000.0,500000.0,50000.0,23.6,,12.0,12.0,48.0,52.0,,,,,,00000000-0000-0000-0000-000000000001,,2025-1-1 2:10,2025-1-1 2:10,
8c6de718-e928-4171-a7f0-a35460378e15,f796a38b-1d81-4e48-ad0c-4ebeb485b41d,1000000.0,3000000.0,,,,18.0,24.0,35.0,40.0,,,,,,00000000-0000-0000-0000-000000000001,,2025-1-1 8:52,2025-1-1 8:52,
c7c23951-c028-4ad1-8e65-7cd0366d97a9,e909318a-6b26-4da4-a189-c7e5e01c2226,500000.0,1000000.0,100000.0,5.0,,12.0,18.0,30.0,30.0,,,,,,00000000-0000-0000-0000-000000000001,,2025-1-1 10:52,2025-1-1 10:52,
0d42a308-f23e-484a-9ddb-2b2e3052da04,ad81abe8-369b-42cc-b233-fa5e90258116,1500000.0,2500000.0,500000.0,3.0,,18.0,24.0,30.0,40.0,,,,,,00000000-0000-0000-0000-000000000001,,2025-1-1 23:59,2025-1-1 23:59,
13f6abbd-031f-4f64-a800-910f5389ef7c,98ecc642-3342-4704-bc19-7da7d34461df,3000000.0,10000000.0,750000.0,25.0,,12.0,24.0,25.0,30.0,,,,,,00000000-0000-0000-0000-000000000001,,2025-1-1 23:59,2025-1-1 23:59,
2f266bc9-8d72-4332-b488-60562eac66ad,290bec96-ad40-46e1-ad88-33c3cf6536b9,3000000.0,5000000.0,300000.0,,,24.0,36.0,35.0,35.0,,,,,,00000000-0000-0000-0000-000000000001,,2025-1-1 23:59,2025-1-1 23:59,
5ff35468-a240-44a8-a4a4-36d22963b28a,0ce95acf-1221-45aa-ae6a-d496a33d1fa8,1000000.0,1500000.0,500000.0,17.0,,18.0,30.0,20.0,28.0,,,,,,00000000-0000-0000-0000-000000000001,,2025-1-1 23:59,2025-1-1 23:59,
f4cb9c15-45b1-426b-8bd8-0071dd758a25,3d7a177b-20bf-4b7d-a8a1-7c3514daa4a5,4500000.0,5000000.0,300000.0,35.0,,24.0,36.0,20.0,20.0,,,,,,00000000-0000-0000-0000-000000000001,,2025-1-1 23:59,2025-1-1 23:59,
0d0e0743-530f-44e2-ae9e-d0f02cf45b0c,2155ba74-85c2-4123-9485-75b3c9e07def,2000000.0,3000000.0,250000.0,,,12.0,24.0,25.0,35.0,,,,,,00000000-0000-0000-0000-000000000001,,2025-1-1 23:59,2025-1-1 23:59,
5641492f-8fa3-4029-ad3b-f0694af46d07,a61d62b8-582d-4179-9603-789f0ee2bece,1700000.0,2500000.0,,,,12.0,24.0,35.0,45.0,,,,,,00000000-0000-0000-0000-000000000001,,2025-1-1 23:59,2025-1-1 23:59,
419765d6-c575-40a1-9b5e-3bf7c120261c,7cbee3c6-e9d5-40f1-9be2-ac2fe5053add,1000000.0,2000000.0,,,,12.0,24.0,30.0,50.0,,,,,,00000000-0000-0000-0000-000000000001,,2025-1-1 23:59,2025-1-1 23:59,
447e141c-a7a9-49cc-8f99-206bfbf55f7a,ca257ac6-7d5b-4292-a6e1-9d71b5c73ada,5000000.0,10000000.0,,20.0,,24.0,36.0,25.0,35.0,,,,,,00000000-0000-0000-0000-000000000001,,2025-1-1 23:59,2025-1-1 23:59,
477f741b-27a1-48c8-99fd-6f3d9fa76a5d,80126705-23b0-47c5-bf0b-bcce2bb4b417,2000000.0,3000000.0,500000.0,8.0,,18.0,24.0,18.0,18.0,,,,,,00000000-0000-0000-0000-000000000001,,2025-1-1 23:59,2025-1-1 23:59,
281dc1e8-3ea6-49c0-ad4d-6fe8622e48f9,ae70ee5e-ea25-47b0-9b80-aba3400b5cd3,200000.0,500000.0,300000.0,,,12.0,24.0,100.0,100.0,,,,,,00000000-0000-0000-0000-000000000001,,2025-1-1 4:14,2025-1-1 4:14,
c6e060ce-da0a-4c77-9d82-08903e10f9fe,f648ef1c-c7c1-4d7f-b04a-91bf04a6718d,500000.0,1000000.0,300000.0,45.0,,12.0,24.0,80.0,80.0,,,,,,00000000-0000-0000-0000-000000000001,,2025-1-1 9:43,2025-1-1 9:43,
84ceb445-f048-4cd3-9063-f407bcd94051,319210e7-b5f8-45c0-a3d0-9e384b46c5ca,1000000.0,2000000.0,1000000.0,,,12.0,24.0,100.0,100.0,,,,,,00000000-0000-0000-0000-000000000001,,2025-1-1 10:03,2025-1-1 10:03,
de286115-4037-4437-bab5-fdb7be4816a0,58b4e1a8-1418-4da0-a57e-23d285891faf,5000000.0,10000000.0,5000000.0,25.0,,3.0,4.0,47.0,47.0,,,,,,00000000-0000-0000-0000-000000000001,,2025-1-1 10:23,2025-1-1 10:23,
45ad9004-d163-4921-8635-ef292e07c819,b9e6ee77-95a5-4782-819e-2e9f0e39a9db,200000.0,500000.0,200000.0,,,12.0,18.0,20.0,20.0,,,,,,00000000-0000-0000-0000-000000000001,,2025-1-1 11:13,2025-1-1 11:13,
5d378793-dc6b-4d76-a434-96a0edd9e113,7484b19e-814d-4ca1-bfab-c1050e50b712,200000.0,500000.0,300000.0,,,12.0,24.0,100.0,100.0,,,,,,00000000-0000-0000-0000-000000000001,,2025-1-1 14:03,2025-1-1 14:03,
edc3dfdc-fbd8-4c3a-acd4-1dae1015f5b1,e0d7a709-6146-4915-83d7-1906b24f9ce6,200000.0,500000.0,,25.0,,6.0,8.0,28.0,28.0,,,,,,00000000-0000-0000-0000-000000000001,,2025-1-1 15:04,2025-1-1 15:04,
87c217dc-ed55-4539-8cef-a654d59aee58,605dc402-64b7-4ba9-9069-e705f4746b7c,500000.0,1000000.0,100000.0,20.0,,8.0,10.0,100.0,100.0,,,,,,00000000-0000-0000-0000-000000000001,,2025-1-1 18:18,2025-1-1 18:18,
b3b6376c-44f2-4953-a4eb-f61aad34a7bf,3f8fddd3-f75d-4d55-8622-c998930adc92,500000.0,1000000.0,200000.0,30.0,,9.0,11.0,20.0,20.0,,,,,,00000000-0000-0000-0000-000000000001,,2025-1-1 19:09,2025-1-1 19:09,
ca41b8ff-238c-4c65-8d7f-0b1fb4c978b0,be9dc891-8287-4cbd-9093-b658cae87d07,1500000.0,4000000.0,800000.0,8.0,,12.0,18.0,40.0,55.0,,,,,,00000000-0000-0000-0000-000000000001,,2025-1-1 23:59,2025-1-1 23:59,
33cbf9b9-b086-4b67-96c0-7b71650920e2,20eb604e-6144-4ec8-9dfc-e504cfc576ea,1500000.0,3000000.0,600000.0,6.0,,12.0,18.0,35.0,60.0,,,,,,00000000-0000-0000-0000-000000000001,,2025-1-1 23:59,2025-1-1 23:59,
8d60485d-0b7c-4f10-9c64-2e7c5f00bd93,945cd8b9-47c7-4093-b0ea-4531c6ced200,1200000.0,2500000.0,600000.0,6.0,,10.0,18.0,35.0,50.0,,,,,,00000000-0000-0000-0000-000000000001,,2025-1-1 23:59,2025-1-1 23:59,
31cff207-a723-4bb9-aead-3a44a3651a1b,23483a03-aa1e-4e9e-862e-23a723901474,700000.0,1500000.0,200000.0,12.0,,6.0,11.0,40.0,50.0,,,,,,00000000-0000-0000-0000-000000000001,,2025-1-1 23:59,2025-1-1 23:59,
ec244f5f-1a2c-4d90-ad0e-dae2a5d20cc1,70628840-212f-4377-8b18-8aa145bc292a,1200000.0,5000000.0,300000.0,5.0,,18.0,24.0,40.0,40.0,,,,,,00000000-0000-0000-0000-000000000001,,2025-1-1 23:59,2025-1-1 23:59,
556fe543-0f92-4191-ac89-98d2f0835bce,6855aba8-d2c9-4cd6-aa86-bed08d0acfc8,500000.0,1000000.0,200000.0,,,6.0,11.0,100.0,100.0,,,,,,00000000-0000-0000-0000-000000000001,,2025-1-1 23:59,2025-1-1 23:59,
724ec13c-3e19-48f9-b3b9-b0d755c30fa0,9bb91606-f058-4164-bcaa-87892da94227,500000.0,1000000.0,,,,12.0,18.0,20.0,30.0,,,,,,00000000-0000-0000-0000-000000000001,,2025-1-1 23:59,2025-1-1 23:59,
72ea86ae-205e-4cec-924a-15cd002c9888,5f399d54-407c-4b4a-98c7-aef9ad1600c6,2000000.0,5000000.0,600000.0,5.0,,18.0,24.0,25.0,35.0,,,,,,00000000-0000-0000-0000-000000000001,,2025-1-1 23:59,2025-1-1 23:59,
a2352de2-88a2-46f7-be85-ffe20a8abb90,489d88bf-1f8d-4de9-b7f1-a863268d3126,200000.0,1800000.0,,,,6.0,24.0,10.0,25.0,,,,,,00000000-0000-0000-0000-000000000001,,2025-1-1 23:59,2025-1-1 23:59,
28d51a30-32a3-4a8a-86e4-f48287636abb,f1ce23fc-d9bd-4514-83be-543b30357cb1,1200000.0,2000000.0,500000.0,,,12.0,24.0,50.0,60.0,,,,,,00000000-0000-0000-0000-000000000001,,2025-1-1 3:53,2025-1-1 3:53,
1ac537e7-91d9-4b70-be16-632ed5e76234,4af9efb4-507c-4d83-bac1-bfcb915174a4,1000000.0,2000000.0,300000.0,5.0,,12.0,24.0,62.0,62.0,,,,,,00000000-0000-0000-0000-000000000001,,2025-1-1 14:42,2025-1-1 14:42,
c6e19081-4482-4a0c-9e52-e8228113bdca,38561e9f-265f-4bd5-9e6f-4d4c001fab1e,2000000.0,3000000.0,200000.0,10.0,,8.0,12.0,80.0,80.0,,,,,,00000000-0000-0000-0000-000000000001,,2025-1-1 20:48,2025-1-1 20:48,
a117a46e-10bd-4136-868e-c4b3669d8125,fb0b305f-4c8f-43af-acc7-5619797e05a7,200000.0,1500000.0,150000.0,2.0,,12.0,24.0,40.0,40.0,,,,,,00000000-0000-0000-0000-000000000001,,2025-1-1 22:10,2025-1-1 22:10,
ed5d49e9-f806-4758-bd19-86fe335370fc,fbb1242f-32be-4c01-b085-b98486a13802,1000000.0,2500000.0,400000.0,5.0,,12.0,14.0,30.0,30.0,,,,,,00000000-0000-0000-0000-000000000001,,2025-1-1 23:57,2025-1-1 23:57,
f9eba1a7-a5ff-4e76-8c07-ad2a3f615ec6,bb624860-ff6d-416a-bd40-2458aeefed6c,1000000.0,1500000.0,250000.0,,,9.0,11.0,,,,,,,,00000000-0000-0000-0000-000000000001,,2025-1-1 23:59,2025-1-1 23:59,
36347fdc-9f2b-449f-8b46-22dbfa692eb1,d93c950c-ab6f-4a07-b92b-33b89adc419b,1500000.0,2000000.0,500000.0,5.0,,12.0,24.0,30.0,40.0,,,,,,00000000-0000-0000-0000-000000000001,,2025-1-1 23:59,2025-1-1 23:59,
7756c6ac-6bf3-4b04-9620-488cbc5a9e14,12c8ab8c-e4fd-4910-8bce-ef630b9e6491,3000000.0,5000000.0,650000.0,7.0,,24.0,36.0,36.0,36.0,,,,,,00000000-0000-0000-0000-000000000001,,2025-1-1 11:49,2025-1-1 11:49,
492edb5e-fa3f-48a9-b361-349265a00639,64afff51-8b14-4193-a750-6c03763a23b4,2000000.0,3000000.0,500000.0,16.0,,6.0,12.0,30.0,50.0,,,,,,00000000-0000-0000-0000-000000000001,,2025-1-1 23:59,2025-1-1 23:59,
8e72dacd-a3e9-43b7-8989-f2257181a19c,3431dd32-d63e-4fce-8a7b-488a02dadf73,500000.0,1000000.0,200000.0,2.0,,12.0,24.0,40.0,60.0,,,,,,00000000-0000-0000-0000-000000000001,,2025-1-1 23:59,2025-1-1 23:59,
e4266211-c248-445d-95c3-a54f796fedcc,c6444da3-7bf0-44e7-a219-85d4e84bded4,17500000.0,25000000.0,500000.0,,,36.0,48.0,12.0,24.0,,,,,,00000000-0000-0000-0000-000000000001,,2025-1-1 23:59,2025-1-1 23:59,
e6c9e962-7258-4173-902e-857900f72892,b702b30c-ea16-4a5b-8d78-13f8c41c51d3,2000000.0,3000000.0,500000.0,35.0,,12.0,12.0,70.0,70.0,,,,,,00000000-0000-0000-0000-000000000001,,2025-1-1 23:59,2025-1-1 23:59,
e7b560b0-b372-4da2-bab9-925e2fc8c246,7d07fbd9-d1a5-4820-8ff8-c1120ea6ff06,1000000.0,2000000.0,200000.0,30.0,,24.0,36.0,30.0,30.0,,,,,,00000000-0000-0000-0000-000000000001,,2025-1-1 23:59,2025-1-1 23:59,
3399057e-b1d4-4719-be16-0e2707a249e1,0b66ede6-6a9d-4dc1-a71e-d4ac5db22f6f,800000.0,1500000.0,150000.0,25.0,,24.0,36.0,25.0,40.0,,,,,,00000000-0000-0000-0000-000000000001,,2025-1-1 23:59,2025-1-1 23:59,
fe00483e-0fb8-497f-8c60-ca12abffc88e,606a879b-da69-4f28-bb62-7d6928c5bfda,3000000.0,5000000.0,236000.0,38.0,,12.0,36.0,62.0,62.0,,,,,,00000000-0000-0000-0000-000000000001,,2025-1-1 23:59,2025-1-1 23:59,
d1c20a35-eb2b-4531-a777-9cc9ba0e06e1,51de79ee-7094-4b9e-8fd8-36c14770b17d,3000000.0,5000000.0,500000.0,38.0,,12.0,24.0,50.0,50.0,,,,,,00000000-0000-0000-0000-000000000001,,2025-1-1 23:59,2025-1-1 23:59,
61bf243f-3c34-40d7-8616-1e0bdb61aadc,1fac6fce-3ca3-41c6-a470-541370486496,5000000.0,10000000.0,60000.0,20.0,,24.0,36.0,40.0,40.0,,,,,,00000000-0000-0000-0000-000000000001,,2025-1-1 23:59,2025-1-1 23:59,
a3c5626c-dbf2-4cfe-b718-a4bbd73ba5a4,7ead3192-9970-4ca4-9492-1e653cba5c40,5000000.0,10000000.0,1000000.0,5.0,,12.0,24.0,99.0,99.0,,,,,,00000000-0000-0000-0000-000000000001,,2025-1-1 23:59,2025-1-1 23:59,
0193b99a-0563-46cc-b201-90569a840ec1,b369aafb-788d-48c2-a292-1227e246c5e2,50000.0,200000.0,100000.0,5.0,,12.0,24.0,20.0,20.0,,,,,,00000000-0000-0000-0000-000000000001,,2025-1-1 23:59,2025-1-1 23:59,
75252b0a-dd99-4295-856a-a69e313c3ffa,4aafb50c-8cb6-4610-9232-89902077d0a3,10000.0,50000.0,,,,12.0,12.0,50.0,50.0,,,,,,00000000-0000-0000-0000-000000000001,,2025-1-1 23:59,2025-1-1 23:59,
6862896f-63c7-4e2e-a007-908fbd233046,30a2d954-c1e6-4ca8-8b82-c27241094307,500000.0,1000000.0,,,,3.0,24.0,100.0,100.0,,,,,,00000000-0000-0000-0000-000000000001,,2025-1-1 23:59,2025-1-1 23:59,
463872ff-ea85-4493-94ff-68afbee3e021,490c8da9-056b-42c8-953b-790ae0d96980,2000000.0,3000000.0,50000.0,2.0,,12.0,36.0,100.0,100.0,,,,,,00000000-0000-0000-0000-000000000001,,2025-1-1 23:59,2025-1-1 23:59,
9d67088d-f1e9-4488-988d-85d8ff8936a1,e75e0dd4-68dc-4253-ba10-c66dbc68af66,2000000.0,3000000.0,250000.0,5.0,,12.0,12.0,20.0,20.0,,,,,,00000000-0000-0000-0000-000000000001,,2025-1-1 23:59,2025-1-1 23:59,
d618d62d-f7b5-4bc2-b364-68cf405e4a65,3ab4cfd1-65bf-4466-b000-fa986136cf8a,500000.0,1000000.0,,25.0,,24.0,48.0,25.0,25.0,,,,,,00000000-0000-0000-0000-000000000001,,2025-1-1 23:59,2025-1-1 23:59,
9983826f-dbf0-4703-badd-dea96e149473,52e386d0-16ce-48fa-91c9-75e6dc633959,50000.0,200000.0,,10.0,,6.0,8.0,25.0,25.0,,,,,,00000000-0000-0000-0000-000000000001,,2025-1-1 23:59,2025-1-1 23:59,
3bf6fbe0-6ab8-4348-88d3-f978971d3d8c,1ae94dc8-64ad-42e0-9650-72d9fe7e83c5,200000.0,500000.0,200000.0,,,,,,,,,,,,00000000-0000-0000-0000-000000000001,,2025-1-1 18:15,2025-1-1 23:59,
e29bf1bc-9cee-47b0-887a-35bd824747af,b1966850-3f94-4893-8f7e-c6d27ee51461,20000000.0,50000000.0,2000000.0,,,,,,,,,,,,00000000-0000-0000-0000-000000000001,,2025-1-1 18:15,2025-1-1 23:59,
6d11c0ae-8e3f-411b-967a-13ebd29890af,3fdfc493-e614-4001-b564-8169665b6043,5000000.0,7500000.0,500000.0,,,,,,,,,,,,00000000-0000-0000-0000-000000000001,,2025-1-1 18:15,2025-1-1 23:59,
d01d9825-cb36-4588-81f9-53a3ad523557,7c3e49a3-81b4-48ae-b744-c00b8dc05568,5000000.0,7500000.0,200000.0,,,,,,,,,,,,00000000-0000-0000-0000-000000000001,,2025-1-1 18:15,2025-1-1 23:59,
a84c3717-c831-4817-893c-777f7b35a391,58e2d28f-d82e-4377-ae5d-34600e0382a9,100000.0,200000.0,,,,,,,,,,,,,00000000-0000-0000-0000-000000000001,,2025-1-1 18:15,2025-1-1 23:59,
cff8a4f6-d587-4e8f-aee7-62749399193e,9dfffdd4-1e58-4269-9d0e-cf773083ffaf,1000000.0,1500000.0,200000.0,,,,,,,,,,,,00000000-0000-0000-0000-000000000001,,2025-1-1 18:15,2025-1-1 23:59,
1e26c699-fa2a-4593-8b35-b077edf7c0c7,b6cb22e1-d94a-4a31-a69c-d7cebd7e2da1,50000000.0,100000000.0,500000.0,,,,,,,,,,,,00000000-0000-0000-0000-000000000001,,2025-1-1 18:15,2025-1-1 23:59,
9f967f99-61b4-406d-ad55-198f761999f2,b5e867d7-e04d-4974-b1dc-1e8d7a45c77f,7500000.0,10000000.0,200000.0,,,,,,,,,,,,00000000-0000-0000-0000-000000000001,,2025-1-1 18:15,2025-1-1 23:59,
e05b5980-e2df-449b-917f-33f6d4900d6a,5d6e645a-ca76-4ed6-9c3a-65688ee1dd02,2000000.0,3000000.0,500000.0,,,,,,,,,,,,00000000-0000-0000-0000-000000000001,,2025-1-1 18:15,2025-1-1 23:59,
04341f3f-d231-41ed-8f36-0a4188d7cd13,9aaac6a3-893d-407f-bc56-2440ef3e5e74,1000000.0,1500000.0,200000.0,,,,,,,,,,,,00000000-0000-0000-0000-000000000001,,2025-1-1 18:15,2025-1-1 23:59,
9148a624-6a7a-4703-b5bc-5ec32577f909,6efcf26f-b96d-467f-b08d-40957a446d85,1000000.0,1500000.0,500000.0,,,,,,,,,,,,00000000-0000-0000-0000-000000000001,,2025-1-1 18:15,2025-1-1 23:59,
16c7422c-33a5-45b8-a4ae-b3b98342115f,5aec5231-9a13-4ec6-b378-d5964efadc4a,1500000.0,2000000.0,200000.0,,,,,,,,,,,,00000000-0000-0000-0000-000000000001,,2025-1-1 18:15,2025-1-1 23:59,
31a31d3b-4efe-454b-aa2f-f807c55a9428,f8b3e14e-2a1b-4ca1-a862-ff8ba9e173ca,7500000.0,10000000.0,500000.0,,,,,,,,,,,,00000000-0000-0000-0000-000000000001,,2025-1-1 18:15,2025-1-1 23:59,
2a9067bc-a23e-41b9-9a04-f3ea8ad6942a,2181d9cf-6d6b-4078-acee-317b4cc66ce9,1000000.0,1500000.0,200000.0,,,,,,,,,,,,00000000-0000-0000-0000-000000000001,,2025-1-1 18:15,2025-1-1 23:59,
9730333a-6b19-4e9b-882e-73323e961ccf,42b424ae-4fe6-499f-8da7-eba2f6369b6b,1000000.0,1500000.0,200000.0,,,,,,,,,,,,00000000-0000-0000-0000-000000000001,,2025-1-1 18:15,2025-1-1 23:59,
714ff398-809d-42d2-ad2b-3280a60f432d,c6e5a3dd-2b86-49aa-b104-e0a6873c8d0a,3000000.0,4000000.0,200000.0,,,,,,,,,,,,00000000-0000-0000-0000-000000000001,,2025-1-1 18:15,2025-1-1 23:59,
83c3e550-7e18-4123-a5c5-74a86fe60e39,d38aabdb-219c-4f57-a903-7cc8b78a3158,200000.0,500000.0,200000.0,,,,,,,,,,,,00000000-0000-0000-0000-000000000001,,2025-1-1 18:15,2025-1-1 23:59,
16ec9cf2-27f4-4c32-9fb7-5e2606d62332,8d1f2c2b-4dd4-4959-8ec7-375edd59f999,1000000.0,1500000.0,100000.0,,,,,,,,,,,,00000000-0000-0000-0000-000000000001,,2025-1-1 18:15,2025-1-1 23:59,
3bc4f9f7-9734-4316-b0d8-a593ab8fe485,a7eebaa7-a429-4489-b0f0-1f29b069af63,1500000.0,2000000.0,200000.0,,,,,,,,,,,,00000000-0000-0000-0000-000000000001,,2025-1-1 18:15,2025-1-1 23:59,
75e67cd0-404f-4d4c-98a9-f2be71f9f420,496ce3e5-cf47-4bf4-8874-b4572a97def5,10000000.0,20000000.0,500000.0,,,,,,,,,,,,00000000-0000-0000-0000-000000000001,,2025-1-1 18:15,2025-1-1 23:59,
51a784a0-e5c6-4180-bd9b-35d9a7486bbc,a42c35fe-e9bd-42b0-8787-966596a54f97,50000000.0,100000000.0,2000000.0,,,,,,,,,,,,00000000-0000-0000-0000-000000000001,,2025-1-1 18:15,2025-1-1 23:59,
c15a6a0e-0f34-475e-841a-6619ba7e7d82,5d130317-45b7-4caa-aa92-b38fabf64bd8,5000000.0,7500000.0,500000.0,,,,,,,,,,,,00000000-0000-0000-0000-000000000001,,2025-1-1 18:15,2025-1-1 23:59,
0a3da041-536a-418e-ac89-abab89f6d5f4,757661f5-15bb-4634-87a2-e83e5e4ac1be,200000.0,600000.0,,0.0,,,,,,,,,,,00000000-0000-0000-0000-000000000001,,2025-1-1 18:15,2025-1-1 23:59,
2a74ab75-2a0c-426b-b950-4ff2d05a857b,46bdfbfd-5076-4275-808a-0654c0f16d64,10000000.0,20000000.0,1000000.0,,,,,,,,,,,,00000000-0000-0000-0000-000000000001,,2025-1-1 18:15,2025-1-1 23:59,
1f9299ff-4060-4337-b9ec-64b4aba24d88,13b02d85-0b21-41df-a42b-a3e69627c361,3000000.0,4000000.0,100000.0,,,,,,,,,,,,00000000-0000-0000-0000-000000000001,,2025-1-1 18:15,2025-1-1 23:59,
f2fcd382-7855-4ad5-b46b-2adaa8332270,685e5824-24fc-4845-b14b-c910e3724267,10000000.0,20000000.0,1000000.0,,,,,,,,,,,,00000000-0000-0000-0000-000000000001,,2025-1-1 18:15,2025-1-1 23:59,
6a987563-d161-4131-9f72-2902e57c71bb,c7b53088-088e-47c7-880c-33fff141f5cc,10000000.0,20000000.0,,,,,,,,,,,,,00000000-0000-0000-0000-000000000001,,2025-1-1 18:15,2025-1-1 23:59,
52547cbe-c8c7-40cd-b2d3-9cc71b2467ea,0c1a24dd-8ba8-49c0-9201-209dcec335ff,4000000.0,5000000.0,,,,,,,,,,,,,00000000-0000-0000-0000-000000000001,,2025-1-1 18:15,2025-1-1 23:59,
998ef6f3-3548-4586-9553-54cfa717ae8e,513980c6-0171-4aff-a7f3-b55f1a3e291d,7500000.0,10000000.0,1500000.0,,,,,,,,,,,,00000000-0000-0000-0000-000000000001,,2025-1-1 18:15,2025-1-1 23:59,
06be745e-2977-475c-ab2d-e95291a131f1,9ed14b2b-c050-40f4-a1be-9a0681fc1fcf,1500000.0,2000000.0,500000.0,,,,,,,,,,,,00000000-0000-0000-0000-000000000001,,2025-1-1 18:15,2025-1-1 23:59,
37f803ee-fd63-47fe-8cc8-cbc7855fbe24,306adbb9-1cd9-4b86-a202-0cdd8351a725,500000.0,1000000.0,200000.0,,,,,,,,,,,,00000000-0000-0000-0000-000000000001,,2025-1-1 18:15,2025-1-1 23:59,
6e8d3bf0-e14b-4dcb-aeef-930bc8db9103,ac9a69a5-6742-4c61-a0fc-357ffaacb990,4000000.0,5000000.0,,,,,,,,,,,,,00000000-0000-0000-0000-000000000001,,2025-1-1 18:15,2025-1-1 23:59,
c8420649-eafa-431a-8d2a-7ca3c576d46f,dea2856c-266c-404b-ba9a-660bf0018d47,2000000.0,3000000.0,200000.0,,,,,,,,,,,,00000000-0000-0000-0000-000000000001,,2025-1-1 18:15,2025-1-1 23:59,
21f36869-45c2-4857-b052-a4a40d0010dd,6e7e1589-f738-4d22-98b1-15f122e473ce,2000000.0,3000000.0,500000.0,,,,,,,,,,,,00000000-0000-0000-0000-000000000001,,2025-1-1 18:15,2025-1-1 23:59,
bac43071-84be-40f8-8673-d5003177f369,1984c3e0-e84b-4f1b-9983-778f9dfd90fc,3000000.0,4000000.0,500000.0,,,,,,,,,,,,00000000-0000-0000-0000-000000000001,,2025-1-1 18:15,2025-1-1 23:59,
67b6b66d-0743-44c9-a025-f66a0bbc10fe,fa32c4a3-f72f-4edc-85d4-51bde717a0a9,500000.0,1000000.0,,,,,,,,,,,,,00000000-0000-0000-0000-000000000001,,2025-1-1 18:15,2025-1-1 23:59,
fd703617-a451-432b-9d58-c56021a19130,add4ca64-cde4-4c81-8e58-d521d898372b,2000000.0,3000000.0,500000.0,,,,,,,,,,,,00000000-0000-0000-0000-000000000001,,2025-1-1 18:15,2025-1-1 23:59,
5d42b8cb-d68c-4920-ab63-96d4fba9187f,a39cf9a7-18eb-40d7-a536-ac1a43690702,5000000.0,12000000.0,,,,,,,,,,,,,00000000-0000-0000-0000-000000000001,,2025-1-1 18:15,2025-1-1 23:59,
3b259ed2-3218-439f-b9d5-e24803edef49,9c4c8994-4d2e-45ee-98ff-0dc08f89f6dc,1500000.0,2000000.0,200000.0,,,,,,,,,,,,00000000-0000-0000-0000-000000000001,,2025-1-1 18:15,2025-1-1 23:59,
8daf4f03-3210-47ba-a71f-92630eb1d5b1,11ec541c-8d14-4ee5-ba4c-dabf82387746,1000000.0,1500000.0,,,,,,,,,,,,,00000000-0000-0000-0000-000000000001,,2025-1-1 18:15,2025-1-1 23:59,
86bf9f67-474f-42bc-add1-663a4e9d7d11,e82dbdfb-34d6-4427-99f1-7334e55a59eb,1000000.0,1500000.0,200000.0,,,,,,,,,,,,00000000-0000-0000-0000-000000000001,,2025-1-1 18:15,2025-1-1 23:59,
3ea3376b-ee6a-4a1d-aff3-6747bb0ea911,4a4b2be6-742f-4690-bdb4-7f307761ef4c,1500000.0,2000000.0,,,,,,,,,,,,,00000000-0000-0000-0000-000000000001,,2025-1-1 18:15,2025-1-1 23:59,
7706ddee-b548-4554-b04a-2fb5f07ecfb3,b30cf2fe-a449-40e7-9afa-3ce7a29cf2ec,20000000.0,50000000.0,2000000.0,,,,,,,,,,,,00000000-0000-0000-0000-000000000001,,2025-1-1 18:15,2025-1-1 23:59,
040f450f-529e-477e-86c7-3cff118b7195,7a48f43c-7ccb-480c-8b26-77c5994cb82e,2000000.0,3000000.0,500000.0,,,,,,,,,,,,00000000-0000-0000-0000-000000000001,,2025-1-1 18:15,2025-1-1 23:59,
0037b0aa-8b6e-4bb0-974c-fdd7f2d89528,6e313ad1-9e12-4d70-853a-944f567a0acb,200000.0,500000.0,100000.0,,,,,,,,,,,,00000000-0000-0000-0000-000000000001,,2025-1-1 18:15,2025-1-1 23:59,
da2f3c67-6b39-4ae2-9e22-96b27ff84cf2,3cac3d1d-27d2-4009-8a0f-9cd03a389407,1000000.0,1500000.0,200000.0,,,,,,,,,,,,00000000-0000-0000-0000-000000000001,,2025-1-1 18:15,2025-1-1 23:59,
7f568f2b-bfe0-466e-bc39-d5e6ca89ebd9,0646a3ac-eaf3-406e-ac72-d59fddb63b78,300000.0,500000.0,75000.0,,,,,,,,,,,,00000000-0000-0000-0000-000000000001,,2025-1-1 18:15,2025-1-1 23:59,
c18b29fe-730b-4306-bfa9-4ab38970e8fc,c4c6e592-e9bc-4518-b791-482f31803ead,100000.0,200000.0,,,,,,,,,,,,,00000000-0000-0000-0000-000000000001,,2025-1-1 18:15,2025-1-1 23:59,
f62e276f-beba-44b3-bc85-f73e8cac20f5,b99cc638-61d0-49c1-ba47-9fbd822a1ccf,7500000.0,10000000.0,500000.0,,,,,,,,,,,,00000000-0000-0000-0000-000000000001,,2025-1-1 18:15,2025-1-1 23:59,
5e4ab921-7716-4b7e-ad51-2c454510c995,91dd4711-5e07-4a7e-8a75-d8384fc158b9,1000000.0,1500000.0,100000.0,,,,,,,,,,,,00000000-0000-0000-0000-000000000001,,2025-1-1 18:15,2025-1-1 23:59,
b1a52827-6ecc-4e31-8db3-a00d79f8d5f7,3b4bb16e-1882-4bbf-b79f-0ffd13491af4,500000.0,1000000.0,100000.0,,,,,,,,,,,,00000000-0000-0000-0000-000000000001,,2025-1-1 18:15,2025-1-1 23:59,
f9cb7db4-63b0-428d-bac2-07eb6e7032bd,5e12d3d4-5738-4955-94e3-03608f6a6ab8,1500000.0,2000000.0,200000.0,,,,,,,,,,,,00000000-0000-0000-0000-000000000001,,2025-1-1 18:15,2025-1-1 23:59,
698c40d0-9b37-4dbd-9694-aabc1afc2382,3ae8b196-9e9d-443e-b1e5-df65526686e3,200000.0,500000.0,100000.0,,,,,,,,,,,,00000000-0000-0000-0000-000000000001,,2025-1-1 18:15,2025-1-1 23:59,
cde68a5e-f736-44c8-b6ff-77bc48a064d7,146c0b9a-7f1a-4349-acbb-9e635b67f0ed,1500000.0,2000000.0,200000.0,,,,,,,,,,,,00000000-0000-0000-0000-000000000001,,2025-1-1 18:15,2025-1-1 23:59,
d9cfe2de-e77f-495c-b42e-57d0e015f81e,668b8c49-6dd3-4e0d-ab5a-1ae6a0e1829d,10000000.0,20000000.0,100000.0,,,,,,,,,,,,00000000-0000-0000-0000-000000000001,,2025-1-1 18:15,2025-1-1 23:59,
8591aa34-2daf-449a-a888-45b974eea68e,f3a87cae-1f95-490d-9dbc-8f0759a06895,2000000.0,3000000.0,200000.0,,,,,,,,,,,,00000000-0000-0000-0000-000000000001,,2025-1-1 18:15,2025-1-1 23:59,
73997cdf-a400-434b-9e5b-87c964333fda,58e082bd-8ad9-4ee9-92ca-be29f3892f4b,200000.0,500000.0,50000.0,,,,,,,,,,,,00000000-0000-0000-0000-000000000001,,2025-1-1 18:15,2025-1-1 23:59,
447ec411-1b8c-40d8-88f4-0615a4ed7a7a,5ac44d91-d7c0-4ddb-ba5c-e152d8954bf7,2000000.0,3000000.0,1500000.0,,,,,,,,,,,,00000000-0000-0000-0000-000000000001,,2025-1-1 18:15,2025-1-1 23:59,
2d99ad17-7449-40f5-a3b7-28e1e43408a3,be84dd74-61cb-46bf-b3a8-953d79be7933,10000000.0,20000000.0,2000000.0,,,,,,,,,,,,00000000-0000-0000-0000-000000000001,,2025-1-1 18:15,2025-1-1 23:59,
70bc9b08-07ec-4e44-acbd-7d0b92495510,a1396a46-d38e-4e0b-877e-7e0fd55be66a,2000000.0,3000000.0,,,,,,,,,,,,,00000000-0000-0000-0000-000000000001,,2025-1-1 18:15,2025-1-1 23:59,
fece5801-4c6c-4d9e-b21d-60fa4316e101,368e80d9-3ba0-46d2-9979-67cbdb69ce6f,2000000.0,3000000.0,500000.0,,,,,,,,,,,,00000000-0000-0000-0000-000000000001,,2025-1-1 18:15,2025-1-1 23:59,
0b3705a2-1208-498e-ad90-4155462dd9e7,0db4c3ee-7282-42aa-be41-21732c3658b6,2000000.0,3000000.0,200000.0,,,,,,,,,,,,00000000-0000-0000-0000-000000000001,,2025-1-1 18:15,2025-1-1 23:59,
8cca8eeb-f27c-4540-b122-f839ad87b691,3f29e1a8-d818-4cc7-ae35-d92c4bcfa357,10000000.0,20000000.0,2000000.0,,,,,,,,,,,,00000000-0000-0000-0000-000000000001,,2025-1-1 18:15,2025-1-1 23:59,
9f062af8-bd72-4baf-bba8-237749cb53a8,a5e859b4-6b8c-4036-b87b-04a4cb2b0181,3000000.0,5000000.0,200000.0,,,,,,,,,,,,00000000-0000-0000-0000-000000000001,,2025-1-1 18:15,2025-1-1 23:59,
c1296743-2280-499a-a0bd-c56b22ae3073,49b564d1-e211-41fb-901b-bc102d9bea80,20000000.0,50000000.0,500000.0,,,,,,,,,,,,00000000-0000-0000-0000-000000000001,,2025-1-1 18:15,2025-1-1 23:59,
5b23670f-d3b7-4836-9b0d-a67078171ba4,f75aaa41-acce-4021-99a0-070a49650240,1500000.0,2000000.0,,,,,,,,,,,,,00000000-0000-0000-0000-000000000001,,2025-1-1 18:15,2025-1-1 23:59,
63e6a5f5-9ec2-4c3d-9a8b-1cb1fa7357be,e2d6be80-968a-41d6-985c-3d1526410c64,5000000.0,7500000.0,500000.0,,,,,,,,,,,,00000000-0000-0000-0000-000000000001,,2025-1-1 18:15,2025-1-1 23:59,
9c1f68cb-42c0-4278-aaff-a6f909eb1336,4412b726-961e-4fd1-8338-a5b8552490bc,20000000.0,50000000.0,200000.0,,,,,,,,,,,,00000000-0000-0000-0000-000000000001,,2025-1-1 18:15,2025-1-1 23:59,
5e50ebee-4f78-4a93-af4c-eaa20cc8eff2,ffc26e8a-e1ca-436f-86c0-8947b436fd79,5000000.0,7500000.0,,,,,,,,,,,,,00000000-0000-0000-0000-000000000001,,2025-1-1 18:15,2025-1-1 23:59,
886b7d5f-fc3f-4107-b821-5beff9aaf23c,7e6708bc-282e-4db5-b896-947f0d407cb2,20000000.0,50000000.0,500000.0,,,,,,,,,,,,00000000-0000-0000-0000-000000000001,,2025-1-1 18:15,2025-1-1 23:59,
747b5b4b-a2fb-48f4-ad53-0b8e85471495,63e8fcdd-17af-4413-8cd1-39e2012795b1,7500000.0,10000000.0,,,,,,,,,,,,,00000000-0000-0000-0000-000000000001,,2025-1-1 18:15,2025-1-1 23:59,
b468e7b7-ddaf-47f3-a40f-5ad97070aefe,b92f6992-01e1-4a17-ae71-059cf3c0f4c5,,,,,,,,,,,,,,,00000000-0000-0000-0000-000000000001,,2025-1-1 18:15,2025-1-1 23:59,
f328b35c-57d4-47d5-8d26-c839cd9841f9,9cb52bae-6893-483a-9614-22be48d7030a,,,,,,,,,,,,,,,00000000-0000-0000-0000-000000000001,,2025-1-1 18:15,2025-1-1 23:59,
bbd1e29a-16ef-4cfc-b1b3-9b291d1df3d1,06b6e3d7-2a69-4879-8453-d20a2e06ac72,2000000.0,3000000.0,500000.0,,,,,,,,,,,,00000000-0000-0000-0000-000000000001,,2025-1-1 18:15,2025-1-1 23:59,
286eb8a2-52a7-40e6-8fac-43e194f0307b,4dba6b15-ff3f-4c41-8b51-0946518c35ab,4000000.0,5000000.0,,,,,,,,,,,,,00000000-0000-0000-0000-000000000001,,2025-1-1 18:15,2025-1-1 23:59,
d9ab9973-5cfb-493d-8c5a-133132a8397c,1aee7828-e8ca-4951-b955-3d272a66dbc4,500000.0,1000000.0,50000.0,,,,,,,,,,,,00000000-0000-0000-0000-000000000001,,2025-1-1 18:15,2025-1-1 23:59,
b95f0563-ec29-4945-b64f-c854dc901fbc,641d1345-19c9-4711-89e0-b9bd5db58643,500000.0,1000000.0,100000.0,,,,,,,,,,,,00000000-0000-0000-0000-000000000001,,2025-1-1 18:15,2025-1-1 23:59,
223c0d78-507d-4bc7-ac9d-1c3369f2472a,e22fba63-c32b-4be4-8707-c42476609842,3000000.0,4000000.0,,,,,,,,,,,,,00000000-0000-0000-0000-000000000001,,2025-1-1 18:15,2025-1-1 23:59,
dd255395-71be-419e-840d-a98f489c8ac9,9d3c202d-9381-4147-92a2-c889ecd68121,1000000.0,1500000.0,200000.0,,,,,,,,,,,,00000000-0000-0000-0000-000000000001,,2025-1-1 18:15,2025-1-1 23:59,
2fea898e-fbe4-4682-bf6a-86bcae775fed,f73cf74b-e2d3-469e-959f-52fc1a245bce,,,1000000.0,,,,,,,,,,,,00000000-0000-0000-0000-000000000001,,2025-1-1 18:15,2025-1-1 23:59,
fcce4da4-8c54-4e34-bb6c-cbe33b8e5ab1,2ab72a84-be1d-4f96-bfc6-cbf4113c345d,2000000.0,3000000.0,,,,,,,,,,,,,00000000-0000-0000-0000-000000000001,,2025-1-1 18:15,2025-1-1 23:59,
84e9cd3b-e095-4ce8-93b1-6c76d16f1e0d,f90c3450-c059-4971-afde-fa199ffc1790,,50000.0,,,,,,,,,,,,,00000000-0000-0000-0000-000000000001,,2025-1-1 18:15,2025-1-1 23:59,
5488c153-4f65-4b9d-ac6c-cf84b57be906,8ffc9f7a-c3a4-404a-8794-b81f3fa7176d,7500000.0,10000000.0,200000.0,,,,,,,,,,,,00000000-0000-0000-0000-000000000001,,2025-1-1 18:15,2025-1-1 23:59,
0c952219-d640-4583-92b7-2db0314dd3dd,2bded616-68d1-448d-ae54-1bcf470b058f,3000000.0,4000000.0,50000.0,,,,,,,,,,,,00000000-0000-0000-0000-000000000001,,2025-1-1 18:15,2025-1-1 23:59,
16517c2a-44d3-4c32-9005-459f6e117df2,61a026f1-84fe-4e23-981c-dc964514ca67,1500000.0,2000000.0,200000.0,,,,,,,,,,,,00000000-0000-0000-0000-000000000001,,2025-1-1 18:15,2025-1-1 23:59,
a9b8ff95-0e0d-4d23-a43a-ee84f0994283,d39d234b-6ab8-4219-809e-d08dcb0e0f25,100000.0,200000.0,,,,,,,,,,,,,00000000-0000-0000-0000-000000000001,,2025-1-1 18:15,2025-1-1 23:59,
538dd8ac-1fd6-498e-ae47-7fe3168fe3bd,5e827729-112a-49f4-8575-eb8cfc74b271,2000000.0,3000000.0,50000.0,,,,,,,,,,,,00000000-0000-0000-0000-000000000001,,2025-1-1 18:15,2025-1-1 23:59,
ec773317-3b9c-4cdf-9368-da5dad8f5539,72e6add9-4743-4221-8a37-504502dbca6b,2000000.0,3000000.0,100000.0,,,,,,,,,,,,00000000-0000-0000-0000-000000000001,,2025-1-1 18:15,2025-1-1 23:59,
4cb85a63-cead-4151-82c6-06a84b0d5558,8bda802f-25a5-4d3b-a073-e775b8254f4d,,,,,,,,,,,,,,,00000000-0000-0000-0000-000000000001,,2025-1-1 18:15,2025-1-1 23:59,
9a2fc21d-cf55-45ce-b006-f72aa80fd546,ad2f745b-ddda-4165-b428-6274b3a3294c,2000000.0,3000000.0,100000.0,,,,,,,,,,,,00000000-0000-0000-0000-000000000001,,2025-1-1 18:15,2025-1-1 23:59,
4d7ba4f8-5f92-4e40-9f32-48d9a806ae4a,26e419c5-022d-401b-81b0-e1c58f24aa39,200000.0,500000.0,,,,,,,,,,,,,00000000-0000-0000-0000-000000000001,,2025-1-1 18:15,2025-1-1 23:59,
9610a77b-c772-42fe-b5ed-2422a40b0f1f,ee22ea13-04d5-4669-b113-1ee8a1c679f7,50000.0,100000.0,,,,,,,,,,,,,00000000-0000-0000-0000-000000000001,,2025-1-1 18:15,2025-1-1 23:59,
e2925911-75e7-4dba-adce-d0249738e4f1,dbe4e874-1e0a-44f1-9c88-23243a97f81d,2000000.0,3000000.0,200000.0,,,,,,,,,,,,00000000-0000-0000-0000-000000000001,,2025-1-1 18:15,2025-1-1 23:59,
64a167b3-20c1-46b6-b6a1-c5ae9bbdcc1a,7b1471a1-c276-4f1c-9750-efa7cf61e6f1,10000000.0,20000000.0,,,,,,,,,,,,,00000000-0000-0000-0000-000000000001,,2025-1-1 18:15,2025-1-1 23:59,
0653ab06-6543-4fae-8b0e-943c8c0b0b75,285a8087-2909-4baa-b959-149231119cea,1500000.0,2000000.0,100000.0,,,,,,,,,,,,00000000-0000-0000-0000-000000000001,,2025-1-1 18:15,2025-1-1 23:59,
be339f5c-8195-48a2-94eb-3186fa93620e,7d4c71df-a292-4891-88e5-5beda4329583,1000000.0,1500000.0,,,,,,,,,,,,,00000000-0000-0000-0000-000000000001,,2025-1-1 18:15,2025-1-1 23:59,
b8c612f8-e217-4e5e-bffe-9396b10ae246,c1719752-43d5-4d87-bc55-62bed966380d,1500000.0,2000000.0,200000.0,,,,,,,,,,,,00000000-0000-0000-0000-000000000001,,2025-1-1 18:15,2025-1-1 23:59,
48634715-5980-4fa6-8750-04d0a3d45631,757c944a-c4f9-4134-9add-083e6a6d56fd,2000000.0,3000000.0,,,,,,,,,,,,,00000000-0000-0000-0000-000000000001,,2025-1-1 18:15,2025-1-1 23:59,
3f38d63e-34f2-47f9-95a6-394eba40d3e0,4e56972b-761c-4f40-9a9f-7f636ecd4200,7500000.0,10000000.0,50000.0,,,,,,,,,,,,00000000-0000-0000-0000-000000000001,,2025-1-1 18:15,2025-1-1 23:59,
88a1fc5a-9bad-4c0e-b80b-82054978d861,da3d6166-4173-4a53-99bd-458944546172,1000000.0,1500000.0,,,,,,,,,,,,,00000000-0000-0000-0000-000000000001,,2025-1-1 18:15,2025-1-1 23:59,
447de0aa-6f5c-4795-8b07-63d0cfd86f68,33e33b88-95cc-4c7c-86f6-bb90ba44b957,200000.0,500000.0,,,,,,,,,,,,,00000000-0000-0000-0000-000000000001,,2025-1-1 18:15,2025-1-1 23:59,
22c9b570-6ec4-4a0c-9ac4-8a2072d80b57,22315914-73c8-4e93-bffa-3e10e9040df0,1000000.0,1500000.0,,,,,,,,,,,,,00000000-0000-0000-0000-000000000001,,2025-1-1 18:15,2025-1-1 23:59,
581fbcab-1b91-4862-a231-0c16b3fcbe29,f14dff5b-0538-465c-bc0c-d69cd2276f8e,500000.0,1000000.0,100000.0,,,,,,,,,,,,00000000-0000-0000-0000-000000000001,,2025-1-1 18:15,2025-1-1 23:59,
3f12e79a-1a67-430d-91e8-e1e42568e94e,75039b3b-5884-4db7-802a-1aaa9e74a3ec,10000000.0,20000000.0,1000000.0,,,,,,,,,,,,00000000-0000-0000-0000-000000000001,,2025-1-1 18:15,2025-1-1 23:59,
b8fba44c-da43-4871-abd2-762c186da4a7,6e8ec2e7-0bdf-4dcd-a470-1796fecfca0e,100000.0,200000.0,,,,,,,,,,,,,00000000-0000-0000-0000-000000000001,,2025-1-1 18:15,2025-1-1 23:59,
2b036662-295c-4292-bb5b-1a2ffa463122,a98ca601-52f4-442e-88f0-472b1708df1d,10000000.0,20000000.0,1000000.0,,,,,,,,,,,,00000000-0000-0000-0000-000000000001,,2025-1-1 18:15,2025-1-1 23:59,
c355e94b-1b07-42c0-b8b4-a871657c81e8,eeb9d325-2e52-4a03-94b8-9a670ad67ec2,2000000.0,3000000.0,100000.0,,,,,,,,,,,,00000000-0000-0000-0000-000000000001,,2025-1-1 18:15,2025-1-1 23:59,
433e54a0-ff41-4e19-8961-d9aae37a5b77,2341d0f7-22a2-42e5-9bff-ec9b7adfb974,10000000.0,20000000.0,,,,,,,,,,,,,00000000-0000-0000-0000-000000000001,,2025-1-1 18:15,2025-1-1 23:59,
de6a6d72-8f75-41f5-9f91-667a526a8038,9972b15c-9e05-4cc9-b316-2f83608ae522,100000.0,200000.0,50000.0,,,,,,,,,,,,00000000-0000-0000-0000-000000000001,,2025-1-1 18:15,2025-1-1 23:59,
3218dbd5-2bcd-4c08-b9e3-beaee076fc07,06150d99-d60c-4ac0-8c8f-85c06d1db882,500000.0,1000000.0,50000.0,,,,,,,,,,,,00000000-0000-0000-0000-000000000001,,2025-1-1 18:15,2025-1-1 23:59,
522847a3-1c74-44c3-9c29-7dd59fbdfb1f,076f9595-f226-4efe-addd-f5ed721a824d,1000000.0,2000000.0,,,,,,,,,,,,,00000000-0000-0000-0000-000000000001,,2025-1-1 18:15,2025-1-1 23:59,
8ab872fe-917a-4f82-82dd-b07992f0bb92,aed4ba4a-1cd7-40f2-a2f3-9e984cfa41a7,10000000.0,20000000.0,500000.0,,,,,,,,,,,,00000000-0000-0000-0000-000000000001,,2025-1-1 18:15,2025-1-1 23:59,
72b7bfa4-036e-4284-bea8-46ecc437f61d,775e0274-77e9-4ad4-8bfb-c06aa4769738,1000000.0,1500000.0,200000.0,,,,,,,,,,,,00000000-0000-0000-0000-000000000001,,2025-1-1 18:15,2025-1-1 23:59,
0f66aba9-c605-4776-8d68-8593a1847162,8f1e19a6-2f62-4caf-9650-4515099fd387,3000000.0,4000000.0,1000000.0,,,,,,,,,,,,00000000-0000-0000-0000-000000000001,,2025-1-1 18:15,2025-1-1 23:59,
2c22c944-119b-48d4-a4f8-032a4cc37c57,aa385e8a-8282-4a6b-ba9e-0f4687c5521b,2000000.0,3000000.0,100000.0,,,,,,,,,,,,00000000-0000-0000-0000-000000000001,,2025-1-1 18:15,2025-1-1 23:59,
2db1e85d-9b09-4291-9997-59b72c36b132,6bedb6b8-7dce-47de-b44e-d8e064f19564,1500000.0,2000000.0,200000.0,,,,,,,,,,,,00000000-0000-0000-0000-000000000001,,2025-1-1 18:15,2025-1-1 23:59,
a4ff49f0-7737-4c24-99be-47021164da57,4de1a6a0-2773-413e-8c96-0f0b26d0c816,200000.0,500000.0,50000.0,,,,,,,,,,,,00000000-0000-0000-0000-000000000001,,2025-1-1 18:15,2025-1-1 23:59,
ee673e6e-1b65-48fa-92a9-57c31db4c243,6f207baf-467a-4bc9-9d03-bde54065a98c,4000000.0,5000000.0,500000.0,,,,,,,,,,,,00000000-0000-0000-0000-000000000001,,2025-1-1 18:15,2025-1-1 23:59,
c9dd901c-a872-4145-ba45-bb4d61457011,f499f3af-585e-42f3-8e89-14cdcc13fd6b,2000000.0,3000000.0,200000.0,,,,,,,,,,,,00000000-0000-0000-0000-000000000001,,2025-1-1 18:15,2025-1-1 23:59,
0cc8e7f3-5e05-4dcb-ad93-234cf2a7c6c5,09b8df2f-b30f-498f-b8f6-92d468d6540b,7500000.0,10000000.0,3000000.0,,,,,,,,,,,,00000000-0000-0000-0000-000000000001,,2025-1-1 18:15,2025-1-1 23:59,
a64b6241-2ee3-4e6a-b9d7-f1812e318c60,674336f4-d914-409b-a647-fb25d34bf997,500000.0,1000000.0,50000.0,,,,,,,,,,,,00000000-0000-0000-0000-000000000001,,2025-1-1 18:15,2025-1-1 23:59,
acea5be4-aa96-446c-a0fc-67e1db395446,e31242a1-2af2-4f86-9d6c-d03bf00a4344,500000.0,1000000.0,,,,,,,,,,,,,00000000-0000-0000-0000-000000000001,,2025-1-1 18:15,2025-1-1 23:59,
5fd9979f-3ac3-4462-83f0-529bf7b3c4e0,3c04ecc6-758e-4309-9772-ea49ae30fc60,200000.0,500000.0,200000.0,,,,,,,,,,,,00000000-0000-0000-0000-000000000001,,2025-1-1 18:15,2025-1-1 23:59,
0fcbb177-d500-4b73-bc96-501d9deeaf43,82f31048-406f-4d7f-a046-99ec10729294,7500000.0,10000000.0,500000.0,,,,,,,,,,,,00000000-0000-0000-0000-000000000001,,2025-1-1 18:15,2025-1-1 23:59,
7f6f92b3-9423-43f9-ac72-cc117c267622,7e62eaf4-e82d-4412-8156-99b31f23d11a,1000000.0,1500000.0,500000.0,,,,,,,,,,,,00000000-0000-0000-0000-000000000001,,2025-1-1 18:15,2025-1-1 23:59,
ab389f8e-d7cc-4c80-ab88-4453948a2eec,6e904355-935b-417a-afc4-1c1ee02f6c6e,1500000.0,2000000.0,200000.0,,,,,,,,,,,,00000000-0000-0000-0000-000000000001,,2025-1-1 18:15,2025-1-1 23:59,
9610276f-03aa-4e3a-98cd-45e398860070,fa9766ba-6af1-4fe6-9226-2e0127fed0dd,2000000.0,3000000.0,200000.0,,,,,,,,,,,,00000000-0000-0000-0000-000000000001,,2025-1-1 18:15,2025-1-1 23:59,
d2994885-ef48-4aa5-bd33-d6065ab316d8,a2806baa-5276-4330-88f9-157074983c9e,10000000.0,20000000.0,,,,,,,,,,,,,00000000-0000-0000-0000-000000000001,,2025-1-1 18:15,2025-1-1 23:59,
23e09927-41bc-4934-8f4d-2029a7ab1f7d,ca92bdd1-644b-4fc3-b09c-96bb1b3a73f8,3000000.0,4000000.0,1000000.0,,,,,,,,,,,,00000000-0000-0000-0000-000000000001,,2025-1-1 18:15,2025-1-1 23:59,
5f40dd10-b534-440e-8093-55cc16b08a79,4a8e40e2-1a1a-4772-91db-67b726796311,1500000.0,2000000.0,200000.0,,,,,,,,,,,,00000000-0000-0000-0000-000000000001,,2025-1-1 18:15,2025-1-1 23:59,
64d9e5e8-2b55-40cf-b96b-bd90b3591926,0998e044-04d4-450d-84a4-ee3c9202c54a,2000000.0,3000000.0,500000.0,,,,,,,,,,,,00000000-0000-0000-0000-000000000001,,2025-1-1 18:15,2025-1-1 23:59,
745461e2-ae08-4bec-a2b9-ae2c0c1c4968,2c933293-67d1-4607-942f-368e051b750f,1000000.0,1500000.0,200000.0,,,,,,,,,,,,00000000-0000-0000-0000-000000000001,,2025-1-1 18:15,2025-1-1 23:59,
20069495-9e71-4dc9-9646-553301b84d40,e99d0859-5f5c-44b7-ac06-667d0a2369b9,5000000.0,7500000.0,500000.0,,,,,,,,,,,,00000000-0000-0000-0000-000000000001,,2025-1-1 18:15,2025-1-1 23:59,
9491fd85-2dd7-4735-b78f-b86400faccf6,218c53f0-6e82-4f96-99ff-3c2eb52272e3,1500000.0,2000000.0,200000.0,,,,,,,,,,,,00000000-0000-0000-0000-000000000001,,2025-1-1 18:15,2025-1-1 23:59,
bffe3a5d-3c70-42d0-ac6f-d13da7c2a07c,1e28de06-db80-4a2c-aaa8-030a7d216912,1500000.0,2000000.0,100000.0,,,,,,,,,,,,00000000-0000-0000-0000-000000000001,,2025-1-1 18:15,2025-1-1 23:59,
7d89d240-a603-4311-9dfe-de97fbfca9cd,f343d665-d06c-4faa-8187-ad6e20892009,1000000.0,1500000.0,200000.0,,,,,,,,,,,,00000000-0000-0000-0000-000000000001,,2025-1-1 18:15,2025-1-1 23:59,
c784b828-c72b-4eef-82ef-02e1ab0208c9,4f2a1151-2589-40f8-af5b-e54701367688,1500000.0,2000000.0,200000.0,,,,,,,,,,,,00000000-0000-0000-0000-000000000001,,2025-1-1 18:15,2025-1-1 23:59,
973013df-2bdc-4b78-a438-d2e1b8e1123b,5daa71f2-08a5-43cc-89e1-635c356945e4,1000000.0,1500000.0,100000.0,,,,,,,,,,,,00000000-0000-0000-0000-000000000001,,2025-1-1 18:15,2025-1-1 23:59,
2d651190-c760-4b94-8769-d4e1bb5f0d93,ba806bbb-f5c0-4134-ab42-4c8563b70467,1500000.0,2000000.0,200000.0,,,,,,,,,,,,00000000-0000-0000-0000-000000000001,,2025-1-1 18:15,2025-1-1 23:59,
96720526-c990-4b1d-96b8-fde8d617f45b,66e3a60e-b5dc-4f9c-b0df-26bd3798f3c6,1500000.0,2000000.0,200000.0,,,,,,,,,,,,00000000-0000-0000-0000-000000000001,,2025-1-1 18:15,2025-1-1 23:59,
2fdc7045-e1f2-492a-808d-186516594da6,4005711e-07a2-45cc-8977-01fb3982dfef,2000000.0,3000000.0,200000.0,,,,,,,,,,,,00000000-0000-0000-0000-000000000001,,2025-1-1 18:15,2025-1-1 23:59,
015eb690-68fd-467b-8604-0520b76aa3c6,c589e3a2-f85f-4f10-b8e3-7046fa1cc8a7,1000000.0,1500000.0,50000.0,,,,,,,,,,,,00000000-0000-0000-0000-000000000001,,2025-1-1 18:15,2025-1-1 23:59,
832eab44-748a-4c4b-a514-5aab7c7bbaef,a0a00897-4556-4e9f-b321-063241732b52,4000000.0,5000000.0,,,,,,,,,,,,,00000000-0000-0000-0000-000000000001,,2025-1-1 18:15,2025-1-1 23:59,
f08bfe48-641d-4618-8c74-0699f4877867,a6bad5c6-1430-47a0-a43d-c2476108cd24,500000.0,1000000.0,100000.0,,,,,,,,,,,,00000000-0000-0000-0000-000000000001,,2025-1-1 18:15,2025-1-1 23:59,
8b7db043-0784-4511-9f81-fcf27a73a38b,9e2822ea-83fc-4841-9333-0250b98b5eb1,2000000.0,3000000.0,200000.0,,,,,,,,,,,,00000000-0000-0000-0000-000000000001,,2025-1-1 18:15,2025-1-1 23:59,
def7f12f-0ed6-40d2-8ebf-099297ce5a5d,b062b012-f72d-44bb-ad21-d0a179942482,1000000.0,1500000.0,200000.0,,,,,,,,,,,,00000000-0000-0000-0000-000000000001,,2025-1-1 18:15,2025-1-1 23:59,
6f8f190d-edcc-4702-ad1f-f8a54f8747df,d0ba7ddc-8dad-46b9-879f-1b41cf94484a,4000000.0,5000000.0,1500000.0,,,,,,,,,,,,00000000-0000-0000-0000-000000000001,,2025-1-1 18:15,2025-1-1 23:59,
04f6ab54-0791-43f1-94ce-8e23dc0e6aff,aa9824ad-16d7-4803-ab6c-5fb84749e960,500000.0,1000000.0,200000.0,,,,,,,,,,,,00000000-0000-0000-0000-000000000001,,2025-1-1 18:15,2025-1-1 23:59,
5567e4a4-b6c5-4e19-a839-3860c98e7db4,4d7c5f23-550b-4ec4-8bd9-e08d5c620d6d,250000.0,250000.0,,,,,,,,,,,,,00000000-0000-0000-0000-000000000001,,2025-1-1 18:15,2025-1-1 23:59,
a16fbc54-3756-4251-b977-4ca536f3f889,4d6bbe5d-c539-4253-8e3d-f9d65f2d9cf8,,,200000.0,,,,,,,,,,,,00000000-0000-0000-0000-000000000001,,2025-1-1 18:15,2025-1-1 23:59,
4c391490-145c-4458-85ba-263defd16f62,f4cbd01c-5086-423e-a1f6-435dcf73faee,10000000.0,20000000.0,1500000.0,,,,,,,,,,,,00000000-0000-0000-0000-000000000001,,2025-1-1 18:15,2025-1-1 23:59,
ff0c3504-af1e-41f7-be5b-b9a65812a07f,c5aeca23-f605-4353-9da3-4553879fe767,1500000.0,2000000.0,200000.0,,,,,,,,,,,,00000000-0000-0000-0000-000000000001,,2025-1-1 18:15,2025-1-1 23:59,
774c6fa4-5506-4985-a39a-110c90507d68,c9b0683f-b9b0-4990-b9a5-cc0aac1a7339,1000000.0,1500000.0,200000.0,,,,,,,,,,,,00000000-0000-0000-0000-000000000001,,2025-1-1 18:15,2025-1-1 23:59,
ebf61536-2890-4ae8-b84e-afcc992a832f,820ee065-bd1e-4f26-bfab-9921c1de5e27,1500000.0,2000000.0,200000.0,,,,,,,,,,,,00000000-0000-0000-0000-000000000001,,2025-1-1 18:15,2025-1-1 23:59,
55b55213-99e0-4302-a127-6594725a720a,601c379d-c035-4344-8031-fd154696ae58,2000000.0,3000000.0,500000.0,,,,,,,,,,,,00000000-0000-0000-0000-000000000001,,2025-1-1 18:15,2025-1-1 23:59,
5a499119-3f33-45d5-b278-8e5543923c16,98ead1d7-7791-4749-b637-de01bcbd79fc,2000000.0,3000000.0,500000.0,,,,,,,,,,,,00000000-0000-0000-0000-000000000001,,2025-1-1 18:15,2025-1-1 23:59,
3a82e47d-8ebd-4194-a309-197311d47834,264da3ef-6936-4ac7-aedd-dca2124bfaf7,100000.0,200000.0,50000.0,,,,,,,,,,,,00000000-0000-0000-0000-000000000001,,2025-1-1 18:15,2025-1-1 23:59,
75c3736f-e5e8-4c90-ab66-85766a41a3f3,2420d57d-00d0-4bc8-83d3-b2630b0d89ce,3000000.0,4000000.0,1000000.0,,,,,,,,,,,,00000000-0000-0000-0000-000000000001,,2025-1-1 18:15,2025-1-1 23:59,
d3b3b990-95c2-4458-a7c0-51e59bd88c8f,55023b30-eb85-4665-b9de-42e3ddab86a5,2000000.0,3000000.0,,,,,,,,,,,,,00000000-0000-0000-0000-000000000001,,2025-1-1 18:15,2025-1-1 23:59,
97739b7c-497d-462e-9e26-ee45457e5ee4,2d447f80-94eb-4f41-be62-efca2c638f4a,2000000.0,3000000.0,100000.0,,,,,,,,,,,,00000000-0000-0000-0000-000000000001,,2025-1-1 18:15,2025-1-1 23:59,
a756d233-92bf-44d3-9a9a-a1e834b34460,ef06aa17-c296-4e34-a384-11667b67f20e,2000000.0,3000000.0,200000.0,,,,,,,,,,,,00000000-0000-0000-0000-000000000001,,2025-1-1 18:15,2025-1-1 23:59,
98ad0410-786e-4056-9b17-b5696cdcea9e,2e99317e-e0e2-439e-baaa-a784c7cdab64,1500000.0,2000000.0,200000.0,,,,,,,,,,,,00000000-0000-0000-0000-000000000001,,2025-1-1 18:15,2025-1-1 23:59,
8cc46968-a9f4-4ad0-a2e7-4d0bf6716db2,13404652-c573-42cc-8743-5681bd8a8e75,500000.0,1000000.0,100000.0,,,,,,,,,,,,00000000-0000-0000-0000-000000000001,,2025-1-1 18:15,2025-1-1 23:59,
efcd6de9-8914-433d-ac04-60afd972b017,cd8b6b50-a004-4dca-a897-8355845accd9,200000.0,500000.0,50000.0,,,,,,,,,,,,00000000-0000-0000-0000-000000000001,,2025-1-1 18:15,2025-1-1 23:59,
0e87d7fd-a662-4a34-8006-fc1904fc0413,5b2a4879-83f2-436a-a059-88ad61a67d8d,200000.0,500000.0,50000.0,,,,,,,,,,,,00000000-0000-0000-0000-000000000001,,2025-1-1 18:15,2025-1-1 23:59,
bb41cb4b-9627-4498-922b-cbaf3805a070,4769715b-b180-412d-b45e-e1c0d158ccb0,500000.0,1000000.0,100000.0,,,,,,,,,,,,00000000-0000-0000-0000-000000000001,,2025-1-1 18:15,2025-1-1 23:59,
1adf3d01-fb61-429b-98eb-c9428a3f2c19,1535d502-0469-4daf-a1d8-160a9bfc25c7,2000000.0,3000000.0,1000000.0,,,,,,,,,,,,00000000-0000-0000-0000-000000000001,,2025-1-1 18:15,2025-1-1 23:59,
f5ce9059-32f7-4b2e-8836-0b56ae576643,800ad2a4-73cd-485e-bf95-2811be10c209,500000.0,1000000.0,50000.0,,,,,,,,,,,,00000000-0000-0000-0000-000000000001,,2025-1-1 18:15,2025-1-1 23:59,
42ffb907-5a57-4741-80f1-8c9ffbb25b8e,6da0ba7a-7efe-47d8-bb98-631999ec0ed8,500000.0,1000000.0,200000.0,,,,,,,,,,,,00000000-0000-0000-0000-000000000001,,2025-1-1 18:15,2025-1-1 23:59,
1b0be5c7-2480-47da-b752-98d30fd25fed,008ba9a0-3420-4c4f-b94b-e98ccfb92464,500000.0,1000000.0,200000.0,,,,,,,,,,,,00000000-0000-0000-0000-000000000001,,2025-1-1 18:15,2025-1-1 23:59,
55667af9-09de-4b97-a18a-78552cb4c648,d22f48ae-d7d8-4a74-ac06-5288a1002b49,5000000.0,7500000.0,4000000.0,,,,,,,,,,,,00000000-0000-0000-0000-000000000001,,2025-1-1 18:15,2025-1-1 23:59,
aad36b35-0db6-4629-be8b-5099d234423e,342e1393-9b22-4e47-902d-b1ffda543e2b,1500000.0,2000000.0,200000.0,,,,,,,,,,,,00000000-0000-0000-0000-000000000001,,2025-1-1 18:15,2025-1-1 23:59,
da002762-e486-4153-8225-9fdb31de87ea,00b912c4-79de-48fc-b9ea-339afe2dc898,500000.0,1000000.0,100000.0,,,,,,,,,,,,00000000-0000-0000-0000-000000000001,,2025-1-1 18:15,2025-1-1 23:59,
c1b86ac8-955a-4362-b0eb-5c9ab1ec4aba,414fa8f9-2e34-476a-9214-30c75939ffd9,1500000.0,2000000.0,200000.0,,,,,,,,,,,,00000000-0000-0000-0000-000000000001,,2025-1-1 18:15,2025-1-1 23:59,
18a250f8-02c1-4a6b-bd87-b8314172c606,9fefdd2b-67cf-4faf-8cf3-3595045d42b5,2000000.0,3000000.0,200000.0,,,,,,,,,,,,00000000-0000-0000-0000-000000000001,,2025-1-1 18:15,2025-1-1 23:59,
d8a3461f-0b96-4c9e-bef0-565e6e678691,625a2450-a4cc-4dd6-a70f-1700e69cebd9,5000000.0,7500000.0,1000000.0,,,,,,,,,,,,00000000-0000-0000-0000-000000000001,,2025-1-1 18:15,2025-1-1 23:59,
65a147c4-544f-4ec7-a354-e6d1809a1fab,9842fd12-0947-4aca-b1db-27fd59293d46,2000000.0,3000000.0,500000.0,,,,,,,,,,,,00000000-0000-0000-0000-000000000001,,2025-1-1 18:15,2025-1-1 23:59,
eeb5f199-c374-4e19-bbe1-39ce0d773dba,330fae5f-bfe7-4d56-8b99-be93053b076b,3000000.0,4000000.0,1000000.0,,,,,,,,,,,,00000000-0000-0000-0000-000000000001,,2025-1-1 18:15,2025-1-1 23:59,
a0b4fe30-f76a-449d-9d21-292b1f05a714,5a16267a-c6bc-48d0-b614-591fe851f2b5,1500000.0,2000000.0,200000.0,,,,,,,,,,,,00000000-0000-0000-0000-000000000001,,2025-1-1 18:15,2025-1-1 23:59,
7a4a5989-6bef-4f7c-850e-d37d073da810,d4374ab7-d8cb-40c2-8b18-c303f7ac7180,2000000.0,3000000.0,200000.0,,,,,,,,,,,,00000000-0000-0000-0000-000000000001,,2025-1-1 18:15,2025-1-1 23:59,
eb5f61b5-6ff6-4058-9f14-d3717ccdd7fa,78eab194-5c79-41ce-a88e-e2c78a25da83,100000.0,200000.0,50000.0,,,,,,,,,,,,00000000-0000-0000-0000-000000000001,,2025-1-1 18:15,2025-1-1 23:59,
a9450e22-208d-49ba-ae74-65996f094468,ddf3c380-a91b-442d-a8dc-c864a9531881,5000000.0,7500000.0,200000.0,,,,,,,,,,,,00000000-0000-0000-0000-000000000001,,2025-1-1 18:15,2025-1-1 23:59,
c2f87c5b-6002-467a-a6f6-26ef2c99b705,8a562cfa-8df8-4ede-b1b0-177474181def,3000000.0,4000000.0,1000000.0,,,,,,,,,,,,00000000-0000-0000-0000-000000000001,,2025-1-1 18:15,2025-1-1 23:59,
98f3455b-8db8-4e31-b4ce-b63055740f5d,3944e6f4-71a2-427f-9ee9-be9123b4c786,1000000.0,1500000.0,200000.0,,,,,,,,,,,,00000000-0000-0000-0000-000000000001,,2025-1-1 18:15,2025-1-1 23:59,
db9ff5ff-642d-4b8d-b326-2b8c82283d6d,893f2e52-6cf6-47d5-b5fe-6b7010a3584c,1000000.0,1500000.0,200000.0,,,,,,,,,,,,00000000-0000-0000-0000-000000000001,,2025-1-1 18:15,2025-1-1 23:59,
d4a8fbde-6715-4848-98f3-57c4cdc60f1e,34e45798-1a82-46a3-83f9-fd150db9bcc6,1000000.0,1500000.0,200000.0,,,,,,,,,,,,00000000-0000-0000-0000-000000000001,,2025-1-1 18:15,2025-1-1 23:59,
7368565d-2bae-4b66-82dc-13e85aa00b98,1d19375e-a663-4e80-9c08-e2ef1f81c4e1,1000000.0,1500000.0,200000.0,,,,,,,,,,,,00000000-0000-0000-0000-000000000001,,2025-1-1 18:15,2025-1-1 23:59,
332b3bd9-94d4-4ccf-a282-f12263d7b90d,694d4780-aba1-4cdd-97f9-b121ed7ddf5b,500000.0,1000000.0,100000.0,,,,,,,,,,,,00000000-0000-0000-0000-000000000001,,2025-1-1 18:15,2025-1-1 23:59,
57e01331-3fcb-447b-a1d3-c60ed7efd732,18754059-b1a2-4fe8-82e6-f03b0ab69e27,7500000.0,10000000.0,200000.0,,,,,,,,,,,,00000000-0000-0000-0000-000000000001,,2025-1-1 18:15,2025-1-1 23:59,
3349e621-b936-4bbe-aa2f-c73c99c98273,e865848c-9184-4d77-9bd7-d79c7f2ea048,500000.0,1000000.0,200000.0,,,,,,,,,,,,00000000-0000-0000-0000-000000000001,,2025-1-1 18:15,2025-1-1 23:59,
f4baddd4-615d-4ee5-85d8-72a4a66c305f,39cc140a-77e5-4be0-b048-fa76b5e1855f,20000000.0,50000000.0,2000000.0,,,,,,,,,,,,00000000-0000-0000-0000-000000000001,,2025-1-1 18:15,2025-1-1 23:59,
634b7cff-3759-4d0c-94a6-081f7474db36,1c4932cd-f7cb-470c-9e7a-08490ea8b5fc,2000000.0,3000000.0,2000000.0,,,,,,,,,,,,00000000-0000-0000-0000-000000000001,,2025-1-1 18:15,2025-1-1 23:59,
ce915c09-cf91-4001-bd0c-fc9669157316,9fb067d6-2c0b-4f3d-bfda-12def1739c65,7500000.0,10000000.0,200000.0,,,,,,,,,,,,00000000-0000-0000-0000-000000000001,,2025-1-1 18:15,2025-1-1 23:59,
08f50560-e973-4692-99f9-3c93b4428152,b7d417e3-d9a7-4353-b135-fb87ea2e6ba9,1500000.0,2000000.0,200000.0,,,,,,,,,,,,00000000-0000-0000-0000-000000000001,,2025-1-1 18:15,2025-1-1 23:59,
53825344-793e-48e8-8612-aad53a7e55ee,4d20c862-1540-4355-9d20-1ebac8013e9b,1000000.0,1500000.0,200000.0,,,,,,,,,,,,00000000-0000-0000-0000-000000000001,,2025-1-1 18:15,2025-1-1 23:59,
966900bc-7ca2-4f7a-81f7-094b6988032a,a4abc633-5db8-434e-af7d-f0736c5c64b4,4000000.0,5000000.0,500000.0,,,,,,,,,,,,00000000-0000-0000-0000-000000000001,,2025-1-1 18:15,2025-1-1 23:59,
2c0057b9-2c2c-4e10-abd2-2a4f35dff2d5,c856bdc2-0ee2-4ead-9cf8-d21a9e1de6ab,500000.0,1000000.0,50000.0,,,,,,,,,,,,00000000-0000-0000-0000-000000000001,,2025-1-1 18:15,2025-1-1 23:59,
2616a975-64ca-4bbc-abfb-a07b2c2fa7e0,c1f34d4c-b778-404c-bb6e-f592a1010d35,5000000.0,7500000.0,,,,,,,,,,,,,00000000-0000-0000-0000-000000000001,,2025-1-1 18:15,2025-1-1 23:59,
0689a187-c21d-4177-8917-d2ab2aff4f91,94f3cf5e-21a0-4e8e-bb8d-fc53ec0e8b05,10000000.0,20000000.0,2000000.0,,,,,,,,,,,,00000000-0000-0000-0000-000000000001,,2025-1-1 18:15,2025-1-1 23:59,
b7c3777a-b6a1-490a-8d15-9efe03cdb81b,a1b5ecef-aa15-47c8-8bb3-b82f668853f3,500000.0,1000000.0,200000.0,,,,,,,,,,,,00000000-0000-0000-0000-000000000001,,2025-1-1 18:15,2025-1-1 23:59,
ccfc4e25-eb85-4905-8c6e-2cb8979718d8,94dc5440-bcaa-4091-b89d-edeb843b81ba,2000000.0,3000000.0,200000.0,,,,,,,,,,,,00000000-0000-0000-0000-000000000001,,2025-1-1 18:15,2025-1-1 23:59,
2bcefc3c-c295-4be0-90e5-499065c944c7,45ee5a61-50be-4fe5-9195-206454f97d63,100000.0,200000.0,500000.0,,,,,,,,,,,,00000000-0000-0000-0000-000000000001,,2025-1-1 18:15,2025-1-1 23:59,
7ac9c505-824f-4cc1-99fc-734113525880,fb65cb62-e1a1-438c-8b02-358f665dc97b,1000000.0,1500000.0,200000.0,,,,,,,,,,,,00000000-0000-0000-0000-000000000001,,2025-1-1 18:15,2025-1-1 23:59,
4ada2a51-0653-4fef-925a-31780c778fa0,83b62c7c-0856-4a09-91fa-bb84d254aef6,1000000.0,1500000.0,200000.0,,,,,,,,,,,,00000000-0000-0000-0000-000000000001,,2025-1-1 18:15,2025-1-1 23:59,
857b8623-687b-4592-ab28-235c87f63c0d,5bf287bf-8e22-4973-81fd-087eba58d107,500000.0,1000000.0,200000.0,,,,,,,,,,,,00000000-0000-0000-0000-000000000001,,2025-1-1 18:15,2025-1-1 23:59,
80282923-8213-40e9-9924-417b3aba8ac5,0634f940-c410-4e7e-b782-33b36cd85016,2000000.0,3000000.0,1000000.0,,,,,,,,,,,,00000000-0000-0000-0000-000000000001,,2025-1-1 18:15,2025-1-1 23:59,
0c728283-e395-4380-81b2-36413e449312,b09c44a2-eff0-4e76-b866-23cd2d603b28,4000000.0,5000000.0,500000.0,,,,,,,,,,,,00000000-0000-0000-0000-000000000001,,2025-1-1 18:15,2025-1-1 23:59,
1d66402d-677b-433f-b12c-a2d622b69ddd,e3219215-b16e-40bf-8d28-da6f983ddbee,50000.0,100000.0,,,,,,,,,,,,,00000000-0000-0000-0000-000000000001,,2025-1-1 18:15,2025-1-1 23:59,
982046ff-9e9d-4adb-a207-3c5c7d153a2a,99bcfc5c-fc74-43ef-a781-d4b7b80621f9,100000.0,200000.0,,,,,,,,,,,,,00000000-0000-0000-0000-000000000001,,2025-1-1 18:15,2025-1-1 23:59,
92a39089-5044-41b3-a203-d59261afd4ea,696b600b-1a53-4d5c-8b40-c414f6f63822,50000.0,100000.0,,,,,,,,,,,,,00000000-0000-0000-0000-000000000001,,2025-1-1 18:15,2025-1-1 23:59,
a310e799-89a6-4655-b975-de3d1b75adf1,8cacf5c0-7d8c-4939-a921-8ae84b7c9fc0,,,,,,,,,,,,,,,00000000-0000-0000-0000-000000000001,,2025-1-1 18:15,2025-1-1 23:59,
418745d7-3e4d-4b3c-aab9-0c186b59bc46,0b8a832b-c846-438d-8c85-ecdd14b47e70,1000000.0,1500000.0,200000.0,,,,,,,,,,,,00000000-0000-0000-0000-000000000001,,2025-1-1 18:15,2025-1-1 23:59,
9008fb3e-cb50-4033-8688-2e4d7c38dc45,8cc7a8ba-a597-4267-93a8-196fb0748a7b,1500000.0,2000000.0,200000.0,,,,,,,,,,,,00000000-0000-0000-0000-000000000001,,2025-1-1 18:15,2025-1-1 23:59,
861244c6-4b29-4e97-abb4-6bd3b2e982f7,1f695f57-2a49-4cfb-9613-1d75681279b0,1500000.0,2000000.0,,,,,,,,,,,,,00000000-0000-0000-0000-000000000001,,2025-1-1 18:15,2025-1-1 23:59,
dcd9a67b-0395-4de7-88f1-6332b2ed0405,79850dd5-7469-4271-992c-007ecc84f780,500000.0,800000.0,100000.0,,,,,,,,,,,,00000000-0000-0000-0000-000000000001,,2025-1-1 18:15,2025-1-1 23:59,
6fc5dd25-00b8-49e2-b819-cdf434bb13f5,484b23d2-ebc1-4024-b15e-74f3b40aa0b5,1500000.0,2000000.0,50000.0,,,,,,,,,,,,00000000-0000-0000-0000-000000000001,,2025-1-1 18:15,2025-1-1 23:59,
348237a3-1f26-4ddf-aaa0-442fa602fd88,432cc984-b6b7-444e-bb01-ceaa6b127dc3,1000000.0,1500000.0,200000.0,,,,,,,,,,,,00000000-0000-0000-0000-000000000001,,2025-1-1 18:15,2025-1-1 23:59,
f4f53b3c-ab24-4368-8468-3e9de1ff923b,adab9208-83b4-47b4-9add-d80e5fd238df,2000000.0,3000000.0,500000.0,,,,,,,,,,,,00000000-0000-0000-0000-000000000001,,2025-1-1 18:15,2025-1-1 23:59,
17c150be-b315-461c-a2ab-04b1dc281a1a,8cec93d5-2b49-4943-b804-edef46fd206a,2000000.0,3000000.0,200000.0,,,,,,,,,,,,00000000-0000-0000-0000-000000000001,,2025-1-1 18:15,2025-1-1 23:59,
4975cab7-3330-4145-a2c1-9c1501b94219,fcd94702-e2d2-4b7d-b303-16a6e17dbe5c,7500000.0,10000000.0,1000000.0,,,,,,,,,,,,00000000-0000-0000-0000-000000000001,,2025-1-1 18:15,2025-1-1 23:59,
878ad7a0-a72c-4145-a293-8319b0672613,c56a2d53-aae5-4fdd-b0e4-590658870784,2000000.0,3000000.0,500000.0,,,,,,,,,,,,00000000-0000-0000-0000-000000000001,,2025-1-1 18:15,2025-1-1 23:59,
c6356673-d65d-40d9-9bea-240673595b3d,2d37c50d-03c4-4bdf-a509-902324703f8f,500000.0,1000000.0,200000.0,,,,,,,,,,,,00000000-0000-0000-0000-000000000001,,2025-1-1 18:15,2025-1-1 23:59,
1d6f88a8-7b5c-409b-80be-eb53201e0eaa,55a40515-546a-40d5-8a18-036e2fbe6d71,4000000.0,5000000.0,200000.0,,,,,,,,,,,,00000000-0000-0000-0000-000000000001,,2025-1-1 18:15,2025-1-1 23:59,
76a8dd4e-aa2b-41c4-808a-9a82db150bf0,46822ec5-1afb-4114-9ee0-0a879a9665f3,4000000.0,5000000.0,200000.0,,,,,,,,,,,,00000000-0000-0000-0000-000000000001,,2025-1-1 18:15,2025-1-1 23:59,
ae3505ae-8702-40be-ad1b-88c2485ac6ba,d3764418-be6a-48a9-94f8-58c2599902aa,5000000.0,7500000.0,500000.0,,,,,,,,,,,,00000000-0000-0000-0000-000000000001,,2025-1-1 18:15,2025-1-1 23:59,
f279f515-9f9b-4c73-8f7c-d945426ce65a,35d74cb5-6f4d-47a1-b7cb-e64871ca6483,3000000.0,4000000.0,200000.0,,,,,,,,,,,,00000000-0000-0000-0000-000000000001,,2025-1-1 18:15,2025-1-1 23:59,
8097e7ce-f9d2-40a1-a113-6cea45ab398c,1671c4ed-f7ec-4e4b-acf0-4e1dcf4e596c,1000000.0,1500000.0,200000.0,,,,,,,,,,,,00000000-0000-0000-0000-000000000001,,2025-1-1 18:15,2025-1-1 23:59,
c75d1469-6b3b-4eb9-931f-db8e3fd4e266,3ab9243a-b512-4d3a-9dca-f953a1e2064f,500000.0,1000000.0,,,,,,,,,,,,,00000000-0000-0000-0000-000000000001,,2025-1-1 18:15,2025-1-1 23:59,
51f2a588-dd81-4d98-ad48-0e52d4a76d8f,2fa4c9cd-0570-4ba7-bd12-c313c3f0d8b3,1000000.0,1500000.0,500000.0,,,,,,,,,,,,00000000-0000-0000-0000-000000000001,,2025-1-1 18:15,2025-1-1 23:59,
36a6ca46-d1f1-4085-b254-fd6466653c5d,04542e80-079f-463b-9835-97dbb107a7b4,100000.0,200000.0,100000.0,,,,,,,,,,,,00000000-0000-0000-0000-000000000001,,2025-1-1 18:15,2025-1-1 23:59,
bf3c2653-3bf1-4130-bfcd-4cf59282b9d2,827b9974-d6b6-4096-80b7-e898017716d4,500000.0,1000000.0,200000.0,,,,,,,,,,,,00000000-0000-0000-0000-000000000001,,2025-1-1 18:15,2025-1-1 23:59,
0ecc0c7e-69f1-4ee9-b756-6091f4689c78,98af5eba-81d0-4930-b244-78116bc9d58f,2000000.0,3000000.0,50000.0,,,,,,,,,,,,00000000-0000-0000-0000-000000000001,,2025-1-1 18:15,2025-1-1 23:59,
85a89b18-5357-47f6-9f4a-1b1ddaa961a9,deb62d1a-f254-4b4d-9593-73d5b3832db7,500000.0,1000000.0,200000.0,,,,,,,,,,,,00000000-0000-0000-0000-000000000001,,2025-1-1 18:15,2025-1-1 23:59,
a5a20e7e-087d-4e41-81c9-59fccf8c975b,7428c776-358e-4787-9829-b8cc9e4b7126,2000000.0,3000000.0,200000.0,,,,,,,,,,,,00000000-0000-0000-0000-000000000001,,2025-1-1 18:15,2025-1-1 23:59,
75912095-e10d-4870-a1e0-112133a1e8df,c7ceb344-9595-4ea2-b038-7a71e114ad1a,1000000.0,1500000.0,200000.0,,,,,,,,,,,,00000000-0000-0000-0000-000000000001,,2025-1-1 18:15,2025-1-1 23:59,
567fd049-3ec4-4430-8776-97bfab49e23f,6b7f4ad0-a9e2-4f37-aec3-facc2ef1145f,1500000.0,2000000.0,200000.0,,,,,,,,,,,,00000000-0000-0000-0000-000000000001,,2025-1-1 18:15,2025-1-1 23:59,
65c2f2b8-968a-4cf4-ab16-53d71003310b,3a5877c3-557e-4d75-a756-174a9a66b8e2,10000000.0,20000000.0,500000.0,,,,,,,,,,,,00000000-0000-0000-0000-000000000001,,2025-1-1 18:15,2025-1-1 23:59,
7956b5a9-7314-4615-994e-80a7648c0405,75189098-ba4c-413b-ae22-5e0a3332c6ac,500000.0,1000000.0,200000.0,,,,,,,,,,,,00000000-0000-0000-0000-000000000001,,2025-1-1 18:15,2025-1-1 23:59,
3797b111-11f3-41dc-a9cf-72553d419da7,787e1c6a-fb32-4095-a173-bfda4d878a96,1000000.0,1500000.0,200000.0,,,,,,,,,,,,00000000-0000-0000-0000-000000000001,,2025-1-1 18:15,2025-1-1 23:59,
875df041-bf0a-430a-b7db-a5eb4f325524,b5551c45-e898-47e0-83b3-83f96a758429,10000.0,50000.0,,,,,,,,,,,,,00000000-0000-0000-0000-000000000001,,2025-1-1 18:15,2025-1-1 23:59,
a2076a96-773b-46ce-b91b-17681292cab3,ff84be6f-0771-4f78-9b71-bdbf63105d11,,,,,,,,,,,,,,,00000000-0000-0000-0000-000000000001,,2025-1-1 18:15,2025-1-1 23:59,
cd3a8e2e-1fc2-4bc5-becf-6dd62a794f5c,310d9593-7c6e-49e9-ac6e-9f4824ada61c,500000.0,1000000.0,,,,,,,,,,,,,00000000-0000-0000-0000-000000000001,,2025-1-1 18:15,2025-1-1 23:59,
26b1bccd-2e30-4b40-a823-d0ba15d0d927,95de03be-5dbc-43de-a311-9ed42af8a4c6,200000.0,500000.0,,,,,,,,,,,,,00000000-0000-0000-0000-000000000001,,2025-1-1 18:15,2025-1-1 23:59,
07113e7d-ebc4-4585-a36e-5b4ad1431d35,15a3cb19-8311-4fa8-84c5-e2207e6d33c9,500000.0,1000000.0,50000.0,,,,,,,,,,,,00000000-0000-0000-0000-000000000001,,2025-1-1 18:15,2025-1-1 23:59,
be122e9f-8bbc-4376-9e0a-aaffef9e9d69,4a3b6bf8-d8b4-49fe-a60f-0ae23e36a8ec,500000.0,1000000.0,200000.0,,,,,,,,,,,,00000000-0000-0000-0000-000000000001,,2025-1-1 18:15,2025-1-1 23:59,
b5fd1e85-4fa1-4b83-b717-e682f92100b7,35d5a1e7-d23f-4f41-ac28-539eab08edd5,200000.0,500000.0,100000.0,,,,,,,,,,,,00000000-0000-0000-0000-000000000001,,2025-1-1 18:15,2025-1-1 23:59,
b108712e-f422-4cc2-b716-8ef01affaad2,3023d59a-e807-4d3a-a1fc-9d9874fb3215,1000000.0,1500000.0,100000.0,,,,,,,,,,,,00000000-0000-0000-0000-000000000001,,2025-1-1 18:15,2025-1-1 23:59,
53cc5a90-8e87-4cdc-86bc-964121d4cc3a,b0f7ad2a-2c61-42eb-bf72-baf645bff511,,,,,,,,,,,,,,,00000000-0000-0000-0000-000000000001,,2025-1-1 18:15,2025-1-1 23:59,
02fee28e-3e22-47d6-836b-cb30738ecd5e,3221ccbc-1849-42a9-b8fe-8d3313babe97,500000.0,1000000.0,100000.0,,,,,,,,,,,,00000000-0000-0000-0000-000000000001,,2025-1-1 18:15,2025-1-1 23:59,
18fdc0c0-8659-4bfb-a154-3686510b5fb3,040a1432-17bb-42fa-9ecb-673282b15c4c,200000.0,500000.0,,,,,,,,,,,,,00000000-0000-0000-0000-000000000001,,2025-1-1 18:15,2025-1-1 23:59,
345d11d1-57f4-421e-b9da-92cbc403447e,771d2a5d-5151-4c3f-befd-76e56857984f,500000.0,1000000.0,50000.0,,,,,,,,,,,,00000000-0000-0000-0000-000000000001,,2025-1-1 18:15,2025-1-1 23:59,
97291990-32e8-4e8b-afa0-5a501d478b96,a2c17f36-adb3-4f26-9e9f-f6a2627bb6dd,500000.0,1000000.0,200000.0,,,,,,,,,,,,00000000-0000-0000-0000-000000000001,,2025-1-1 18:15,2025-1-1 23:59,
e0b9be73-a389-4917-84a1-96eca7d4ffaa,503883eb-5c43-428a-9348-9eed53859846,200000.0,500000.0,50000.0,,,,,,,,,,,,00000000-0000-0000-0000-000000000001,,2025-1-1 18:15,2025-1-1 23:59,
ae777b01-8e62-4ce1-bf48-3d96811f42ea,f1edcc42-3ff1-48dc-b6a6-99c1616c2997,500000.0,1000000.0,,,,,,,,,,,,,00000000-0000-0000-0000-000000000001,,2025-1-1 18:15,2025-1-1 23:59,
a0163b92-d3cb-4dd5-85a0-2a296b2fe622,e4bae633-39ff-4cd8-b8ea-26077a2db752,,,,,,,,,,,,,,,00000000-0000-0000-0000-000000000001,,2025-1-1 18:15,2025-1-1 23:59,
63b33939-ebcd-4766-bb27-a4f4dfb22863,9a7b315e-beb7-4795-9e56-a1b7f19db1c7,,,,,,,,,,,,,,,00000000-0000-0000-0000-000000000001,,2025-1-1 18:15,2025-1-1 23:59,
70d792a8-93cd-4d82-b34e-0520cf2e657d,8d8d949c-a701-42ac-8573-3617f14e0852,1500000.0,2000000.0,,,,,,,,,,,,,00000000-0000-0000-0000-000000000001,,2025-1-1 18:15,2025-1-1 23:59,
78afc5d0-0bae-4c84-874a-a18d1ae26c3b,a513b4c8-e901-465f-9198-97d52faa34e5,200000.0,500000.0,200000.0,,,,,,,,,,,,00000000-0000-0000-0000-000000000001,,2025-1-1 18:15,2025-1-1 23:59,
21030263-6d21-4ba9-ae01-0a7b62a9998e,92dcb815-2d93-4dd3-a85e-46501758305f,,,,,,,,,,,,,,,00000000-0000-0000-0000-000000000001,,2025-1-1 18:15,2025-1-1 23:59,
d32a5f70-ea17-492d-91e6-881488689128,bb08b236-af2d-4612-a11e-a8a64a36c39e,200000.0,500000.0,100000.0,,,,,,,,,,,,00000000-0000-0000-0000-000000000001,,2025-1-1 18:15,2025-1-1 23:59,
be81beb9-659d-4c01-b496-bb539d116d73,a8a20ea4-3f80-4e4e-b66a-184d6e257a88,2000000.0,3000000.0,1500000.0,,,,,,,,,,,,00000000-0000-0000-0000-000000000001,,2025-1-1 18:15,2025-1-1 23:59,
d40fd5c0-3d4e-4ade-abdf-b15412db8c3a,4e2b2530-6b03-4032-b411-6ba5a15b600d,2000000.0,3000000.0,500000.0,,,,,,,,,,,,00000000-0000-0000-0000-000000000001,,2025-1-1 18:15,2025-1-1 23:59,
33f524a3-03e0-4673-81ab-f74c9016cae4,d30ae99d-70b7-4006-a5f5-d02dbf98f3a9,,,,,,,,,,,,,,,00000000-0000-0000-0000-000000000001,,2025-1-1 18:15,2025-1-1 23:59,
b1b3dc4d-bfd7-4530-aaaa-d24f04c45e8f,44e8467f-5d2f-472c-9b4f-fdad2091d184,1500000.0,2000000.0,200000.0,,,,,,,,,,,,00000000-0000-0000-0000-000000000001,,2025-1-1 18:15,2025-1-1 23:59,
5cb59ee8-87a6-4524-b788-28a953ad699b,bcc2bbf0-b9fe-41bd-a542-ca9f054f1565,1500000.0,2000000.0,200000.0,,,,,,,,,,,,00000000-0000-0000-0000-000000000001,,2025-1-1 18:15,2025-1-1 23:59,
344ca565-5246-44bc-99c9-f56748d22fa9,64cf482c-03ba-453f-bf15-cd93d190caa3,1500000.0,2000000.0,200000.0,,,,,,,,,,,,00000000-0000-0000-0000-000000000001,,2025-1-1 18:15,2025-1-1 23:59,
1ded65a7-ae59-4aea-8032-b046d9ab9d4d,02cc76b8-6ded-4adf-b7e0-1accb3d5745c,1000000.0,1500000.0,100000.0,,,,,,,,,,,,00000000-0000-0000-0000-000000000001,,2025-1-1 18:15,2025-1-1 23:59,
fc485d50-a2f7-4dc7-9dad-c3f9554d7b6d,b6e03c18-20c0-4df0-b2b3-b3b79b13138f,10000000.0,20000000.0,10000000.0,,,,,,,,,,,,00000000-0000-0000-0000-000000000001,,2025-1-1 18:15,2025-1-1 23:59,
136cd7c6-59d8-4551-bcaf-db3898cd1bd7,7ad3286a-da8f-4733-af3e-a1de1114b4fc,200000.0,500000.0,,,,,,,,,,,,,00000000-0000-0000-0000-000000000001,,2025-1-1 18:15,2025-1-1 23:59,
95dc68a2-0aef-4133-818d-27f21762024f,7f0f595b-7de0-4760-920f-599597a8e46b,200000.0,500000.0,10000000.0,,,,,,,,,,,,00000000-0000-0000-0000-000000000001,,2025-1-1 18:15,2025-1-1 23:59,
290ffbe6-2fe0-40a8-af04-367fba8bb25a,0335f94e-e7d7-4286-9e96-868b4c23f5a4,500000.0,1000000.0,,,,,,,,,,,,,00000000-0000-0000-0000-000000000001,,2025-1-1 18:15,2025-1-1 23:59,
2ce21605-c5ea-4e9d-9681-ec350533b039,6773423b-3f97-4397-a456-32429a487a05,50000.0,100000.0,,,,,,,,,,,,,00000000-0000-0000-0000-000000000001,,2025-1-1 18:15,2025-1-1 23:59,
b2601841-249d-47c2-9fa4-758990ca7a0c,1e7705f4-553c-4840-8c6e-df4eec68c672,1500000.0,2000000.0,,,,,,,,,,,,,00000000-0000-0000-0000-000000000001,,2025-1-1 18:15,2025-1-1 23:59,
333484ab-2c16-4256-8f1d-e14dfadce948,07ed38e4-1c11-482e-b87f-450eac2220ef,,,,,,,,,,,,,,,00000000-0000-0000-0000-000000000001,,2025-1-1 18:15,2025-1-1 23:59,
ebd9829d-1b51-4778-a7e5-f649c16a1997,2b10c003-c411-4e06-a6c1-79db4f64e32f,500000.0,1000000.0,50000.0,,,,,,,,,,,,00000000-0000-0000-0000-000000000001,,2025-1-1 18:15,2025-1-1 23:59,
4d75d5a2-63d7-41da-9dd0-441690d961c3,4a852805-31ce-496e-a56e-b92f906073ce,,50000.0,,,,,,,,,,,,,00000000-0000-0000-0000-000000000001,,2025-1-1 18:15,2025-1-1 23:59,
ec1e3d81-0a8a-452a-af08-51d3112d9298,7dea93be-a751-4e47-907e-7ad1dd3a2b6e,,,,,,,,,,,,,,,00000000-0000-0000-0000-000000000001,,2025-1-1 18:15,2025-1-1 23:59,
70f14977-483d-4094-95b1-d033466c41f7,8d90ae53-65ea-47cc-a2f4-9fa050a655c2,1500000.0,2000000.0,200000.0,,,,,,,,,,,,00000000-0000-0000-0000-000000000001,,2025-1-1 18:15,2025-1-1 23:59,
e9deb3cc-80e1-4c31-9900-3a7e440c6159,9662b822-a1e1-4e3d-8620-b4fbf57e6a8d,,,,,,,,,,,,,,,00000000-0000-0000-0000-000000000001,,2025-1-1 18:15,2025-1-1 23:59,
84cfc006-1f7f-4651-99f9-2b5fa05976d8,315a65db-7960-4b2b-a4a0-b25b8dc037e6,10000000.0,20000000.0,100000.0,,,,,,,,,,,,00000000-0000-0000-0000-000000000001,,2025-1-1 18:15,2025-1-1 23:59,
c9b5b435-d2e4-456a-a20e-e405e290892d,cd2a82b0-bfc9-4fc7-8e5c-950a095bb9fc,50000.0,100000.0,,,,,,,,,,,,,00000000-0000-0000-0000-000000000001,,2025-1-1 18:15,2025-1-1 23:59,
f2760dda-42ba-49a1-86a1-146d41cba14d,bccbf5c6-0926-45ff-b070-7cc5e65e73e7,1000000.0,1500000.0,,,,,,,,,,,,,00000000-0000-0000-0000-000000000001,,2025-1-1 18:15,2025-1-1 23:59,
ddf2c66c-28e9-403b-bf49-1372c72f7802,c7778f21-59da-4ea2-839a-77caf091aae2,4000000.0,5000000.0,,,,,,,,,,,,,00000000-0000-0000-0000-000000000001,,2025-1-1 18:15,2025-1-1 23:59,
6466bd4c-20c0-4b80-8026-5817e1667e02,478399b2-0287-483c-b17e-e8a9f2f70a29,500000.0,1000000.0,,,,,,,,,,,,,00000000-0000-0000-0000-000000000001,,2025-1-1 18:15,2025-1-1 23:59,
b6cdda49-35d5-4a70-a513-adbdbe0d3375,d1fbdbec-34d6-42d8-b51a-3c1a2ffd584e,100000.0,200000.0,100000.0,,,,,,,,,,,,00000000-0000-0000-0000-000000000001,,2025-1-1 18:15,2025-1-1 23:59,
affdad8f-d944-4feb-acd4-7574d90ed5f2,fd2629ea-c741-4b33-a69b-aef07e670903,1000000.0,1500000.0,100000.0,,,,,,,,,,,,00000000-0000-0000-0000-000000000001,,2025-1-1 18:15,2025-1-1 23:59,
16e7e0df-1b07-4901-977e-59659e5868b8,e266460e-a2c7-41ea-be2f-0b6aace2ec69,200000.0,500000.0,100000.0,,,,,,,,,,,,00000000-0000-0000-0000-000000000001,,2025-1-1 18:15,2025-1-1 23:59,
024e8e02-638a-43ad-95e3-0c7c691b3c0e,11ad18b9-143b-49c4-9624-2fdbf76d1c40,,50000.0,,,,,,,,,,,,,00000000-0000-0000-0000-000000000001,,2025-1-1 18:15,2025-1-1 23:59,
1aa8f445-d771-4288-bfe2-57b7f776aae5,71f6195f-ac09-4c0c-a5bd-c7be755a1f2f,1000000.0,1500000.0,500000.0,,,,,,,,,,,,00000000-0000-0000-0000-000000000001,,2026-4-8 19:12,2026-4-8 19:12,
62cff75f-8111-4577-b51e-3c87d834f755,fde2dcc0-7582-4561-9456-5ae9dbfb0c0d,3000000.0,4000000.0,,,,,,,,,,,,,00000000-0000-0000-0000-000000000001,,2026-4-8 19:12,2026-4-8 19:12,
6aa72b4b-cb2f-447a-9b8e-6f33767ccd53,015b3f47-0e58-47f1-88eb-a903f65d2101,50000.0,100000.0,,,,,,,,,,,,,00000000-0000-0000-0000-000000000001,,2026-4-8 19:12,2026-4-8 19:12,
3a9c8eda-3ee6-4f1c-9dc9-afa3bfd7641f,f78833ae-2a43-49ba-bc0c-92fdd07c7ea7,500000.0,1000000.0,,,,,,,,,,,,,00000000-0000-0000-0000-000000000001,,2026-4-8 19:12,2026-4-8 19:12,
263dbae3-7ece-4cf2-b629-248c92b62c03,3bb8eca8-3b09-44f2-ab24-de7feff114cc,500000.0,1000000.0,50000.0,,,,,,,,,,,,00000000-0000-0000-0000-000000000001,,2026-4-8 19:12,2026-4-8 19:12,
79613aca-4ac6-4546-880a-eee118f93369,f038391c-0c0a-4123-b8e7-ff207b9741c6,1000000.0,1500000.0,200000.0,,,,,,,,,,,,00000000-0000-0000-0000-000000000001,,2026-4-8 19:12,2026-4-8 19:12,
e1edb7f0-47df-43f5-8d43-e8d04d8e2010,bebe2af1-cd00-48b4-9918-d6e3f05ef6df,,,,,,,,,,,,,,,00000000-0000-0000-0000-000000000001,,2026-4-8 19:12,2026-4-8 19:12,
2268c0d8-c8df-4c4b-b03d-b8c14de43d52,d2111d1b-5b38-4541-8d3f-c567dce471e0,500000.0,1000000.0,,,,,,,,,,,,,00000000-0000-0000-0000-000000000001,,2026-4-8 19:12,2026-4-8 19:12,
adbe1635-0b88-4fe8-a981-334f0f9c5a92,275cd8e3-5aab-49f4-823e-3e15a719c6f4,200000.0,500000.0,,,,,,,,,,,,,00000000-0000-0000-0000-000000000001,,2026-4-8 19:12,2026-4-8 19:12,
ffea2037-a20c-478c-95a4-77878932a58e,d873f4e4-bb7d-4ee3-8f54-1a002615d867,,,,,,,,,,,,,,,00000000-0000-0000-0000-000000000001,,2026-4-8 19:12,2026-4-8 19:12,
1dff0802-fbde-40d5-8dfe-b687e531e565,82f990e6-2bf0-455f-ab91-bad7e7a8f854,200000.0,500000.0,50000.0,,,,,,,,,,,,00000000-0000-0000-0000-000000000001,,2026-4-8 19:12,2026-4-8 19:12,
be286a91-d097-47d2-a157-780451037a10,373894c9-839f-448d-ab10-5e1efeb4157b,1000000.0,1500000.0,500000.0,,,,,,,,,,,,00000000-0000-0000-0000-000000000001,,2026-4-8 19:12,2026-4-8 19:12,
6a61143f-ca95-4e56-bceb-30b89469a729,48318eba-0a7c-491b-878e-2b28748d0429,100000.0,200000.0,100000.0,,,,,,,,,,,,00000000-0000-0000-0000-000000000001,,2026-4-8 19:12,2026-4-8 19:12,
88cec26b-87d0-4951-92bb-2e04afe4d058,350b97e7-d10c-4b4a-b0f4-c4b28c62d9f2,200000.0,500000.0,50000.0,,,,,,,,,,,,00000000-0000-0000-0000-000000000001,,2026-4-8 19:12,2026-4-8 19:12,
38553ec0-39fd-4a2d-9124-203f433cbb27,e820a79b-dbe8-4359-a5b6-54b8beb38772,10000000.0,20000000.0,500000.0,,,,,,,,,,,,00000000-0000-0000-0000-000000000001,,2026-4-8 19:12,2026-4-8 19:12,
5638d618-1265-49db-97a2-102fbd5cb69e,26076fab-59a0-48cb-8cf4-17ed641a2a60,1000000.0,1500000.0,,,,,,,,,,,,,00000000-0000-0000-0000-000000000001,,2026-4-8 19:12,2026-4-8 19:12,
7c696923-14e7-405c-a719-c0323844383d,94ce4100-e6b9-40e6-a0e5-ac58962f95f4,10000000.0,20000000.0,1000000.0,,,,,,,,,,,,00000000-0000-0000-0000-000000000001,,2026-4-8 19:12,2026-4-8 19:12,
8d013d69-17bd-4921-bb38-7682e4ef5a57,a91633e8-b0df-4f96-99a1-232552314e9a,200000.0,500000.0,100000.0,,,,,,,,,,,,00000000-0000-0000-0000-000000000001,,2026-4-8 19:12,2026-4-8 19:12,
8f6eca2e-ecd8-4d2d-802b-6801c70656d7,4093a4de-6509-4dd9-af6c-d88f17c95254,500000.0,1000000.0,50000.0,,,,,,,,,,,,00000000-0000-0000-0000-000000000001,,2026-4-8 19:12,2026-4-8 19:12,
9946f657-2a0f-4ad0-a15b-38725aae2d11,7a69cdba-6e83-426b-bae8-7f387c4d89b3,,,,,,,,,,,,,,,00000000-0000-0000-0000-000000000001,,2026-4-8 19:12,2026-4-8 19:12,
eae26ab8-f187-465d-8718-5f3cc04b558f,74ebe46b-235e-401f-9692-f43a7c0592c7,100000.0,200000.0,,,,,,,,,,,,,00000000-0000-0000-0000-000000000001,,2026-4-8 19:12,2026-4-8 19:12,
3686dc4a-4ebe-4957-b206-df8b449b6c62,0fd52b16-97e7-475f-90ae-f571e405c12a,200000.0,500000.0,,,,,,,,,,,,,00000000-0000-0000-0000-000000000001,,2026-4-8 19:12,2026-4-8 19:12,
3ef606ca-59b3-433e-89ad-4e5d8e44bfed,53de2c7c-5ad9-4829-8265-be4a76c0451e,1000000.0,1500000.0,,,,,,,,,,,,,00000000-0000-0000-0000-000000000001,,2026-4-8 19:12,2026-4-8 19:12,
fceae15e-188c-41b8-96fc-18b2cfafcf78,45e8b53f-3f13-4a2b-810b-50f9a08593c7,,,,,,,,,,,,,,,00000000-0000-0000-0000-000000000001,,2026-4-8 19:12,2026-4-8 19:12,
ba0ec233-6c10-482a-87dc-19c3e92daa35,e945d803-56bd-4d4b-b21b-0587db1912f1,200000.0,500000.0,,,,,,,,,,,,,00000000-0000-0000-0000-000000000001,,2026-4-8 19:12,2026-4-8 19:12,
0aa530d4-2592-4b2d-bd0f-4408dc7f9f05,05a39773-1b84-487b-88fa-cd3127904579,2000000.0,3000000.0,1000000.0,,,,,,,,,,,,00000000-0000-0000-0000-000000000001,,2026-4-8 19:12,2026-4-8 19:12,
5ee8759e-3334-41bc-b15b-9831c2604c65,dde3cc73-fd18-4c7e-bbf8-479304bc1354,,,,,,,,,,,,,,,00000000-0000-0000-0000-000000000001,,2026-4-8 19:12,2026-4-8 19:12,
ddc1ad2d-9536-482f-935b-3563782c95a9,fa6a1a27-422a-4da4-a922-a0da7ca6983a,50000.0,100000.0,,,,,,,,,,,,,00000000-0000-0000-0000-000000000001,,2026-4-8 19:12,2026-4-8 19:12,
8ef22143-cfac-4881-bfaa-f7b891075984,cef52ad3-6966-49d8-9c8a-b4bd8589eca5,50000.0,100000.0,50000.0,,,,,,,,,,,,00000000-0000-0000-0000-000000000001,,2026-4-8 19:12,2026-4-8 19:12,
67c8dd9e-0829-41e1-b3b0-7a39bd872ab5,7e7b5238-3eb4-442b-8ddc-307ff7f19e1e,200000.0,500000.0,50000.0,,,,,,,,,,,,00000000-0000-0000-0000-000000000001,,2026-4-8 19:12,2026-4-8 19:12,
11c2505c-ce6f-4931-ada5-0e136f598a7b,e5e31845-6b2c-4060-94bd-3670c3154f2a,100000.0,200000.0,,,,,,,,,,,,,00000000-0000-0000-0000-000000000001,,2026-4-8 19:12,2026-4-8 19:12,
7eb4b735-4420-4a28-a0ed-bff292dc7d00,1c95bd9a-349e-41e9-b32d-08bf63beb1b0,200000.0,500000.0,200000.0,,,,,,,,,,,,00000000-0000-0000-0000-000000000001,,2026-4-8 19:12,2026-4-8 19:12,
e60dd1e4-b4a3-4417-91e2-7f087d74f400,c0aef157-a058-48df-9ba7-6d70f368d351,500000.0,1000000.0,200000.0,,,,,,,,,,,,00000000-0000-0000-0000-000000000001,,2026-4-8 19:12,2026-4-8 19:12,
4b7abf0f-1050-4afa-81cf-958f0ec3fbcc,63feb1b5-d575-4adb-adef-bdd31f2e418b,,,,,,,,,,,,,,,00000000-0000-0000-0000-000000000001,,2026-4-8 19:12,2026-4-8 19:12,
66a042d0-664d-496c-8671-d44f79dcf28e,1f06acd8-b20f-435d-97c2-990f72393150,1500000.0,2000000.0,500000.0,,,,,,,,,,,,00000000-0000-0000-0000-000000000001,,2026-4-8 19:12,2026-4-8 19:12,
e0a542aa-137d-46d8-85c9-ea7b9033d9a7,2e78155d-8dcf-4650-8c3d-e2724f3fea6c,2000000.0,3000000.0,200000.0,,,,,,,,,,,,00000000-0000-0000-0000-000000000001,,2026-4-8 19:12,2026-4-8 19:12,
b89e7354-7a5c-4d70-9f34-1ec324c551e5,25650b79-c040-49fd-98b2-391b8442fc8e,,,,,,,,,,,,,,,00000000-0000-0000-0000-000000000001,,2026-4-8 19:12,2026-4-8 19:12,
7ba0fb5b-704e-42e3-8d04-90d7417906d5,6024fecb-aed9-451e-8407-67d11770c8e4,1000000.0,1500000.0,,,,,,,,,,,,,00000000-0000-0000-0000-000000000001,,2026-4-8 19:12,2026-4-8 19:12,
39ac1245-0d2d-4875-b739-824e76c598b9,fd0f9b80-fcba-40db-a7be-c85ad0bdd8a0,2000000.0,3000000.0,,,,,,,,,,,,,00000000-0000-0000-0000-000000000001,,2026-4-8 19:12,2026-4-8 19:12,
546b53f0-6bfa-457b-aa50-f45d1bfed393,2e941ab3-dc46-4236-a598-6c64fffbabd8,,,,,,,,,,,,,,,00000000-0000-0000-0000-000000000001,,2026-4-8 19:12,2026-4-8 19:12,
c28df5c2-8adc-465c-a8c0-9e05ae415cbf,baf1810c-dbc5-4bbe-a171-3d4b24b9fbd5,,,,,,,,,,,,,,,00000000-0000-0000-0000-000000000001,,2026-4-8 19:12,2026-4-8 19:12,
f7367e36-e647-4576-b5a3-c99a9f1d73c1,c1b954bf-053b-4089-be77-5cda5d5c8997,1500000.0,2000000.0,1500000.0,,,,,,,,,,,,00000000-0000-0000-0000-000000000001,,2026-4-8 19:12,2026-4-8 19:12,
6b8f5926-eb1f-4d6f-a091-4f5ad3e1d430,1b74f0e9-3dcf-43bd-8397-2531885e1c72,50000.0,100000.0,50000.0,,,,,,,,,,,,00000000-0000-0000-0000-000000000001,,2026-4-8 19:12,2026-4-8 19:12,
ec3d86f5-a8e2-488c-b90a-ae2a5bbe04af,6f584474-07dc-4c68-8226-bbe67138a72e,50000.0,100000.0,,,,,,,,,,,,,00000000-0000-0000-0000-000000000001,,2026-4-8 19:12,2026-4-8 19:12,
9c83426e-92f5-42ba-8975-89b71405a3e6,256703ae-e88f-4bf8-86e4-cf14edb67482,50000.0,100000.0,50000.0,,,,,,,,,,,,00000000-0000-0000-0000-000000000001,,2026-4-8 19:12,2026-4-8 19:12,
d8746acc-dddd-4547-b732-213984db8e7f,249ffac4-e452-4679-b850-34700a2fb0e7,200000.0,500000.0,100000.0,,,,,,,,,,,,00000000-0000-0000-0000-000000000001,,2026-4-8 19:12,2026-4-8 19:12,
3a876c56-3afc-4dbf-8103-d51ef2b7ac8f,e75fe283-5177-4563-89b9-a10e6f9dd4e3,500000.0,1000000.0,200000.0,,,,,,,,,,,,00000000-0000-0000-0000-000000000001,,2026-4-8 19:12,2026-4-8 19:12,
5d002c0f-499c-4e31-a549-7b72daa52ed0,ef77c9ce-eafe-4b59-83ec-4b4b7a0f24bf,200000.0,500000.0,,,,,,,,,,,,,00000000-0000-0000-0000-000000000001,,2026-4-8 19:12,2026-4-8 19:12,
b53044f6-f839-44b3-9e41-380b4d159cbd,45e4f353-50b6-4173-ae88-85eab50b0631,100000.0,200000.0,50000.0,,,,,,,,,,,,00000000-0000-0000-0000-000000000001,,2026-4-8 19:12,2026-4-8 19:12,
532d2a3b-cb23-4733-9640-429f559f4adb,71d9f328-1702-4137-bab1-b433a492a397,2000000.0,3000000.0,2000000.0,,,,,,,,,,,,00000000-0000-0000-0000-000000000001,,2026-4-8 19:12,2026-4-8 19:12,
0a6a6164-a3a1-4e85-93d3-73ea3655c2b2,4a7addb5-7977-4dad-a3ed-92e4c8eeef9a,50000.0,100000.0,,,,,,,,,,,,,00000000-0000-0000-0000-000000000001,,2026-4-8 19:12,2026-4-8 19:12,
fa7c2372-3ebf-4952-8f99-71044de19e80,ab3880d6-1df0-40f6-8692-b7939d80e4ff,200000.0,500000.0,,,,,,,,,,,,,00000000-0000-0000-0000-000000000001,,2026-4-8 19:12,2026-4-8 19:12,
86b31fd3-0c45-4e03-9f31-be7eebc4b4e2,34c48882-5b3e-49a2-aeac-a5596faa9c19,1000000.0,1500000.0,,,,,,,,,,,,,00000000-0000-0000-0000-000000000001,,2026-4-8 19:12,2026-4-8 19:12,
dce8c594-e791-4d1b-903a-a98c781cd0ea,07606452-4433-4923-b636-9e5cd40b7de1,200000.0,500000.0,200000.0,,,,,,,,,,,,00000000-0000-0000-0000-000000000001,,2026-4-8 19:12,2026-4-8 19:12,
ef3f63e1-a286-4a59-880a-318851d2186c,3b76cd73-3d8b-4a14-b539-ecfdc06ffb57,200000.0,500000.0,200000.0,,,,,,,,,,,,00000000-0000-0000-0000-000000000001,,2026-4-8 19:12,2026-4-8 19:12,
36ceef37-2ddd-4880-a5ea-4ee382e79f66,11eafc51-8472-4758-a56f-ccc1e41db5ff,7500000.0,10000000.0,200000.0,,,,,,,,,,,,00000000-0000-0000-0000-000000000001,,2026-4-8 19:12,2026-4-8 19:12,
6df4cadb-610e-407a-9756-d1b1c67c5526,3931f540-d4c6-455f-b377-2e966d2e9993,10000000.0,20000000.0,500000.0,,,,,,,,,,,,00000000-0000-0000-0000-000000000001,,2026-4-8 19:12,2026-4-8 19:12,
c3cb16b5-1447-4fdb-8e9b-87f901d912b9,a35bd4ab-3a8f-46b1-be4a-1ba699e05e67,500000.0,1000000.0,,,,,,,,,,,,,00000000-0000-0000-0000-000000000001,,2026-4-8 19:12,2026-4-8 19:12,
f9d6e18c-d0a1-41a5-9798-938019df3df5,a86312e5-88cd-41a0-9086-acd895ad9b2d,500000.0,1000000.0,,,,,,,,,,,,,00000000-0000-0000-0000-000000000001,,2026-4-8 19:12,2026-4-8 19:12,
9ce691af-2f91-45aa-b276-cf77407645d1,cf61aff1-c65d-41a7-9d5e-69ca574f697c,100000.0,200000.0,,,,,,,,,,,,,00000000-0000-0000-0000-000000000001,,2026-4-8 19:12,2026-4-8 19:12,
debd9cc4-817f-4a04-9235-27c23ebd9101,7259cde1-3778-442f-a7c9-765b4b8fa8c4,200000.0,500000.0,50000.0,,,,,,,,,,,,00000000-0000-0000-0000-000000000001,,2026-4-8 19:12,2026-4-8 19:12,
5a9bde02-8e1f-4a40-8eb3-5ccb7a24653b,dcbbaaf8-6cef-48cc-bfe9-a253a004c436,,,,,,,,,,,,,,,00000000-0000-0000-0000-000000000001,,2026-4-8 19:12,2026-4-8 19:12,
3a5e3fa4-6150-4558-a236-add84e40553c,463ae953-7c0a-4803-bcd2-f4430483bb6b,500000.0,1000000.0,,,,,,,,,,,,,00000000-0000-0000-0000-000000000001,,2026-4-8 19:12,2026-4-8 19:12,
a525744a-f10a-4cf9-90a8-ab2ed74aa8bb,c03a705a-035d-4c77-b40f-be223819793d,200000.0,500000.0,100000.0,,,,,,,,,,,,00000000-0000-0000-0000-000000000001,,2026-4-8 19:12,2026-4-8 19:12,
5a909248-894b-429e-966f-ef2709293e08,402a2292-093a-4f1c-86b3-bc7f2d324883,50000.0,100000.0,,,,,,,,,,,,,00000000-0000-0000-0000-000000000001,,2026-4-8 19:12,2026-4-8 19:12,
fa75045a-b477-46db-a561-4c7135eb6d40,a0110ad0-5c90-43fb-b6b7-d4ee8cb693be,1000000.0,1500000.0,,,,,,,,,,,,,00000000-0000-0000-0000-000000000001,,2026-4-8 19:12,2026-4-8 19:12,
a813ae2f-3c68-4e09-9c86-7c4e03fa6c84,ad20f59c-0352-44f6-ab87-7d80c556c51c,,,200000.0,,,,,,,,,,,,00000000-0000-0000-0000-000000000001,,2026-4-8 19:12,2026-4-8 19:12,
b14f5e28-c05d-4721-adfd-8cbabf0e5809,681a8cfa-4c1a-49ec-bb30-14921a432df1,50000.0,100000.0,,,,,,,,,,,,,00000000-0000-0000-0000-000000000001,,2026-4-8 19:12,2026-4-8 19:12,
058df093-a75c-4530-a854-d30e839e7dd0,3c73fdab-9275-4a49-baea-05ba0ce0cf7f,20000000.0,50000000.0,,,,,,,,,,,,,00000000-0000-0000-0000-000000000001,,2026-4-8 19:12,2026-4-8 19:12,
fa2dbe6c-de4b-4de4-be4b-20500954abb0,bca12a6b-47b3-4bfc-ae13-097fc9dcf143,2000000.0,3000000.0,,,,,,,,,,,,,00000000-0000-0000-0000-000000000001,,2026-4-8 19:12,2026-4-8 19:12,
620f187c-090b-4182-aa23-6de42bd1120a,2a05a41c-4416-456f-a9f6-c94f3ac5253a,200000.0,500000.0,50000.0,,,,,,,,,,,,00000000-0000-0000-0000-000000000001,,2026-4-8 19:12,2026-4-8 19:12,
b1a63cca-aab7-48b6-b7a1-e0a37f843852,827cd566-9fd4-4265-bb11-e09e03977b51,4000000.0,5000000.0,,,,,,,,,,,,,00000000-0000-0000-0000-000000000001,,2026-4-8 19:12,2026-4-8 19:12,
e2d6983a-c801-44d6-9688-77dd1908990b,9c4f605c-9437-4845-83d0-19fd75814897,,,100000.0,,,,,,,,,,,,00000000-0000-0000-0000-000000000001,,2026-4-8 19:12,2026-4-8 19:12,
197cf4c9-05d4-44cb-a655-3307099b12fe,2f4a2c93-8028-43da-84a1-c2e568af6041,2000000.0,3000000.0,500000.0,,,,,,,,,,,,00000000-0000-0000-0000-000000000001,,2026-4-8 19:12,2026-4-8 19:12,
05019663-5108-4f69-b80c-f94353a9f3ca,0a7c6185-8191-4f5f-8aa5-5b675574df90,3000000.0,4000000.0,1500000.0,,,,,,,,,,,,00000000-0000-0000-0000-000000000001,,2026-4-8 19:12,2026-4-8 19:12,
115ccbf5-7b1e-43ae-bcc0-ff5646f3dc42,b490f502-1cd6-4b1e-b114-9a73412982ae,50000.0,100000.0,50000.0,,,,,,,,,,,,00000000-0000-0000-0000-000000000001,,2026-4-8 19:12,2026-4-8 19:12,
cddae7b9-b2f4-4254-8cde-6a3a67fe104d,9ea78094-31c2-4334-8c66-29687df50951,2000000.0,3000000.0,200000.0,,,,,,,,,,,,00000000-0000-0000-0000-000000000001,,2026-4-8 19:12,2026-4-8 19:12,
27547776-668b-455a-8ad3-8da1f31b7b62,82fe6a24-acf8-4d38-9bcb-d88df758e7c0,5000000.0,7500000.0,,,,,,,,,,,,,00000000-0000-0000-0000-000000000001,,2026-4-8 19:12,2026-4-8 19:12,
0591ebaf-ca20-43ba-ab42-36e6e47385e3,c41848d2-dccc-4d67-904d-b5508a388758,1000000.0,1500000.0,1000000.0,,,,,,,,,,,,00000000-0000-0000-0000-000000000001,,2026-4-8 19:12,2026-4-8 19:12,
e818b1a9-0405-4467-9885-1c72cba297e7,fc3d97c2-1474-4c17-9b6d-e8a71c52715b,500000.0,1000000.0,500000.0,,,,,,,,,,,,00000000-0000-0000-0000-000000000001,,2026-4-8 19:12,2026-4-8 19:12,
333cd931-e991-4028-9bc9-43cd56f2a663,d4531b51-87f4-4d4f-8392-3343a0b48db1,500000.0,1000000.0,,,,,,,,,,,,,00000000-0000-0000-0000-000000000001,,2026-4-8 19:12,2026-4-8 19:12,
71806fc8-2f1d-41df-8aca-9e80593a645b,ae26143d-8810-459c-90c8-3f9f4c64f945,500000.0,1000000.0,50000.0,,,,,,,,,,,,00000000-0000-0000-0000-000000000001,,2026-4-8 19:12,2026-4-8 19:12,
585aafc3-b846-4f16-9638-84d496beac19,46e62930-5c95-4853-9903-cce9ebe1b086,20000000.0,50000000.0,,,,,,,,,,,,,00000000-0000-0000-0000-000000000001,,2026-4-8 19:12,2026-4-8 19:12,
95fbd410-1060-4bb3-ab78-6b8eb0e89b65,44657985-d233-4828-b347-bcbc81d62392,500000.0,1000000.0,,,,,,,,,,,,,00000000-0000-0000-0000-000000000001,,2026-4-8 19:12,2026-4-8 19:12,
c2ab59f7-e65d-4c5d-80bd-33c41c2aa85f,7e0944cb-68b7-4cb3-9325-12c0470a05be,1000000.0,1500000.0,200000.0,,,,,,,,,,,,00000000-0000-0000-0000-000000000001,,2026-4-8 19:12,2026-4-8 19:12,
1678e09a-786c-41d4-9ca0-6cb8321dfbcb,cf7a0d77-d1b4-48b3-9cb6-7e8d7a33ccf9,500000.0,1000000.0,200000.0,,,,,,,,,,,,00000000-0000-0000-0000-000000000001,,2026-4-8 19:12,2026-4-8 19:12,
88eede17-1a5c-4f6d-8902-321b9e98dcfa,12769daf-e295-4f17-af12-4c5f1bcc34a4,500000.0,1000000.0,,,,,,,,,,,,,00000000-0000-0000-0000-000000000001,,2026-4-8 19:12,2026-4-8 19:12,
af18d414-beb7-44e7-b4e1-c5b8c1f99c2d,a24db8b2-3197-4d8e-9a3e-88858a31b221,100000.0,200000.0,,,,,,,,,,,,,00000000-0000-0000-0000-000000000001,,2026-4-8 19:12,2026-4-8 19:12,
bcd3e599-707f-4288-8bfd-7dca8e40f371,6995d391-ecc3-4863-8f4e-3021b83778a0,1500000.0,2000000.0,100000.0,,,,,,,,,,,,00000000-0000-0000-0000-000000000001,,2026-4-8 19:12,2026-4-8 19:12,
1289bc0f-75ac-4517-9512-ee8d0610950d,dc17cb49-7061-4259-9d26-79e841cf298f,100000.0,200000.0,50000.0,,,,,,,,,,,,00000000-0000-0000-0000-000000000001,,2026-4-8 19:12,2026-4-8 19:12,
a748c141-6a21-4f9e-91ad-858cf9eb7016,c08ff6d3-39e3-4146-b367-823ac380de1d,200000.0,500000.0,50000.0,,,,,,,,,,,,00000000-0000-0000-0000-000000000001,,2026-4-8 19:12,2026-4-8 19:12,
22e400b2-7857-4efb-b368-b4390983000c,aea32a29-bb76-4077-ad5b-9acd85fe3a88,,,,,,,,,,,,,,,00000000-0000-0000-0000-000000000001,,2026-4-8 19:12,2026-4-8 19:12,
5d7aba3d-b791-4a58-bff7-dfcdc220f3f7,45a8a2ad-2468-409d-b36a-7d70901facfe,500000.0,1000000.0,100000.0,,,,,,,,,,,,00000000-0000-0000-0000-000000000001,,2026-4-8 19:12,2026-4-8 19:12,
756c874c-04ff-45d4-a4f7-3e65e959edae,e6415fa6-ceb1-4fa8-b83f-457ece90f78c,50000.0,100000.0,50000.0,,,,,,,,,,,,00000000-0000-0000-0000-000000000001,,2026-4-8 19:12,2026-4-8 19:12,
97d89cee-0603-4778-bb9d-fe76a5260b3e,3c6573cd-4fd2-4e5f-8d10-9b7632e343ed,100000.0,200000.0,,,,,,,,,,,,,00000000-0000-0000-0000-000000000001,,2026-4-8 19:12,2026-4-8 19:12,
a4a1b8be-2eda-4cf7-8593-5b2b34a225b0,7fb85e07-8097-4872-b448-a058e234426f,,,,,,,,,,,,,,,00000000-0000-0000-0000-000000000001,,2026-4-8 19:12,2026-4-8 19:12,
bbce34c2-3105-4608-b1b1-211607b43c1e,420a3a46-bfd0-4994-a4fd-9d611283ede3,200000.0,500000.0,200000.0,,,,,,,,,,,,00000000-0000-0000-0000-000000000001,,2026-4-8 19:12,2026-4-8 19:12,
9e067a3e-0fc7-4eba-995e-76f17e1e19b6,bf57cb9c-5284-4cf0-a08b-59bdd2ff93d2,200000.0,500000.0,200000.0,,,,,,,,,,,,00000000-0000-0000-0000-000000000001,,2026-4-8 19:12,2026-4-8 19:12,
f65a88d3-3873-45c2-afe0-77e126297a65,180ebb72-d210-459e-adbb-c3e8d3f2b8aa,100000.0,200000.0,,,,,,,,,,,,,00000000-0000-0000-0000-000000000001,,2026-4-8 19:12,2026-4-8 19:12,
abb99760-3d9c-4a18-a418-8e103eaf90eb,2d2cf383-0e69-4ac7-a726-df6f0d9c464b,1000000.0,1500000.0,500000.0,,,,,,,,,,,,00000000-0000-0000-0000-000000000001,,2026-4-8 19:12,2026-4-8 19:12,
aff8d625-6b97-415d-9548-20646bcd67fe,d3349661-d13b-4a99-a9e3-71cba1c812a9,1500000.0,2000000.0,1000000.0,,,,,,,,,,,,00000000-0000-0000-0000-000000000001,,2026-4-8 19:12,2026-4-8 19:12,
6f2a4433-7f2a-45d8-8852-18cefe1408f4,ddca0128-cd0d-4332-8788-1de38da33510,1500000.0,2000000.0,200000.0,,,,,,,,,,,,00000000-0000-0000-0000-000000000001,,2026-4-8 19:12,2026-4-8 19:12,
94dc56a1-e034-48bf-93ca-9e69eaefc057,02a60b08-6ae0-4605-9a2d-22f812a4679e,5000000.0,7500000.0,500000.0,,,,,,,,,,,,00000000-0000-0000-0000-000000000001,,2026-4-8 19:12,2026-4-8 19:12,
1a7ba4c9-825a-454e-9dbb-0f7a310ee344,ce60854c-60a2-4ae8-8cc8-3e988cd8c2df,7500000.0,10000000.0,200000.0,,,,,,,,,,,,00000000-0000-0000-0000-000000000001,,2026-4-8 19:12,2026-4-8 19:12,
41687d89-e6c4-4493-812e-dea5d7df3194,3aae618c-c41a-4731-99c3-c3b4998b5a1b,200000.0,500000.0,50000.0,,,,,,,,,,,,00000000-0000-0000-0000-000000000001,,2026-4-8 19:12,2026-4-8 19:12,
459c79a3-f3af-4e77-92d1-42054a6b1296,85426e64-56ce-491b-a6fd-741068326be4,200000.0,500000.0,,,,,,,,,,,,,00000000-0000-0000-0000-000000000001,,2026-4-8 19:12,2026-4-8 19:12,
e4d07173-3c1d-4281-9b1e-52d83a51fb23,eaeb80da-6f49-44d3-b2c4-e06dd167e7c8,50000.0,100000.0,,,,,,,,,,,,,00000000-0000-0000-0000-000000000001,,2026-4-8 19:12,2026-4-8 19:12,
b7b4baaf-9f0b-46b5-8a6b-34da243d21a6,93a76473-ecf0-4699-9a9d-985bd8457c21,50000.0,100000.0,50000.0,,,,,,,,,,,,00000000-0000-0000-0000-000000000001,,2026-4-8 19:12,2026-4-8 19:12,
c682ce93-8384-480d-951a-dc5ec5c04272,6aad3bad-d1dd-42dc-a500-4abfd92fda7f,200000.0,500000.0,,,,,,,,,,,,,00000000-0000-0000-0000-000000000001,,2026-4-8 19:12,2026-4-8 19:12,
48be6b15-feb9-42b2-acf7-6b4e7fd27dae,8da2878d-d832-471a-abe7-348845ebb003,200000.0,500000.0,100000.0,,,,,,,,,,,,00000000-0000-0000-0000-000000000001,,2026-4-8 19:12,2026-4-8 19:12,
e13a9c25-8b76-4b1e-bba2-952f7ffd4f45,e5c67f39-7556-4d9e-a573-22d48e8391e7,50000.0,100000.0,50000.0,,,,,,,,,,,,00000000-0000-0000-0000-000000000001,,2026-4-8 19:12,2026-4-8 19:12,
d9aa658d-4e47-4470-b981-e74ffb0293f2,59c00e5d-601f-4f76-9d42-bd6958ca34d7,,,50000.0,,,,,,,,,,,,00000000-0000-0000-0000-000000000001,,2026-4-8 19:12,2026-4-8 19:12,
f781a4a2-86da-48ea-8ac0-6d78a1a392d0,0a456384-13fd-4cca-9798-20fb032eb87f,200000.0,500000.0,500000.0,,,,,,,,,,,,00000000-0000-0000-0000-000000000001,,2026-4-8 19:12,2026-4-8 19:12,
86fd5961-e6dd-401a-9cac-4d61ee2ffcef,e20834c9-e741-419f-96cd-6ac80ffcc83a,,,,,,,,,,,,,,,00000000-0000-0000-0000-000000000001,,2026-4-8 19:12,2026-4-8 19:12,
1db340f6-939b-4677-8447-02a75c12d0cf,de07bbb2-42af-4110-951f-b4ac55f5ae5f,50000.0,100000.0,50000.0,,,,,,,,,,,,00000000-0000-0000-0000-000000000001,,2026-4-8 19:12,2026-4-8 19:12,
7d5d592c-b2fc-49d3-be72-67fc1cd39dce,57a22f6d-c6a6-4bcd-a6c1-308721c82f98,,,,,,,,,,,,,,,00000000-0000-0000-0000-000000000001,,2026-4-8 19:12,2026-4-8 19:12,
f17c4e26-724a-4e4c-8481-d8253ce4f463,0378f21c-1c97-43b5-ad16-b62df158316d,1000000.0,1500000.0,200000.0,,,,,,,,,,,,00000000-0000-0000-0000-000000000001,,2026-4-8 19:12,2026-4-8 19:12,
9f4b389a-e4ab-4f36-aff1-718df25ca691,b807484b-a02f-43bf-aa91-b5af589b212b,500000.0,1000000.0,100000.0,,,,,,,,,,,,00000000-0000-0000-0000-000000000001,,2026-4-8 19:12,2026-4-8 19:12,
74f3f42b-772f-4fca-b5f5-8116e2eed488,e7aeefcf-b980-4005-8e7f-2d250f192bb0,20000000.0,50000000.0,200000.0,,,,,,,,,,,,00000000-0000-0000-0000-000000000001,,2026-4-8 19:12,2026-4-8 19:12,
fb17a205-b3e2-4379-b926-5220ba2f4a15,ff185750-5c38-4ff9-a8bc-5301818b2998,50000.0,100000.0,,,,,,,,,,,,,00000000-0000-0000-0000-000000000001,,2026-4-8 19:12,2026-4-8 19:12,
7877a78f-d105-4056-ac63-2482815b82c4,f9755e48-a37b-48e7-8883-1530901c6a04,200000.0,500000.0,100000.0,,,,,,,,,,,,00000000-0000-0000-0000-000000000001,,2026-4-8 19:12,2026-4-8 19:12,
bb421457-5b27-47e9-aa01-5c68dcea7167,48b855e5-a720-45f5-a28d-916f4546153a,500000.0,1000000.0,,,,,,,,,,,,,00000000-0000-0000-0000-000000000001,,2026-4-8 19:12,2026-4-8 19:12,
93688e99-ce2d-448f-af80-676f4ca8abbc,85e72f15-376e-4c87-9323-a426a37415c2,100000.0,200000.0,50000.0,,,,,,,,,,,,00000000-0000-0000-0000-000000000001,,2026-4-8 19:12,2026-4-8 19:12,
57da0c17-b49b-4ee6-8bb9-4f75f03d84c3,2ff2a4e4-42d6-468c-bcb7-ad85b9fef196,,,,,,,,,,,,,,,00000000-0000-0000-0000-000000000001,,2026-4-8 19:12,2026-4-8 19:12,
c13bcc1b-421a-4a7f-a501-887398bd10f9,32967e49-ea36-4330-be71-c13b3a04f7b4,,,,,,,,,,,,,,,00000000-0000-0000-0000-000000000001,,2026-4-8 19:12,2026-4-8 19:12,
08fd92f6-724d-4790-a546-892e1627ab99,7f400865-b848-474a-9125-f44cdb2e4c8d,,,,,,,,,,,,,,,00000000-0000-0000-0000-000000000001,,2026-4-8 19:12,2026-4-8 19:12,
b289763c-6d70-4c1b-80dd-291b60958c70,edb9a3c6-8809-47ac-8878-ecaa4d18ee11,4000000.0,5000000.0,2000000.0,,,,,,,,,,,,00000000-0000-0000-0000-000000000001,,2026-4-8 19:12,2026-4-8 19:12,
92e44d8e-cca8-445a-8ed9-08549ec2e12e,516d5682-4886-44b9-ba4f-090865d0c2ec,100000.0,200000.0,50000.0,,,,,,,,,,,,00000000-0000-0000-0000-000000000001,,2026-4-8 19:12,2026-4-8 19:12,
87d94a4b-be18-4263-96ec-4f28d458dcde,8afb65fb-723d-46e4-a473-fbc96d2e0ce4,2000000.0,3000000.0,1500000.0,,,,,,,,,,,,00000000-0000-0000-0000-000000000001,,2026-4-8 19:12,2026-4-8 19:12,
8dceaf21-b910-4018-a99e-5e6c5e303266,b93b1c83-37a5-4c73-a858-9f07baf5b45c,200000.0,500000.0,50000.0,,,,,,,,,,,,00000000-0000-0000-0000-000000000001,,2026-4-8 19:12,2026-4-8 19:12,
bba08f10-259b-4580-b8b9-717551f491c5,6611cd70-02d8-474e-878e-d4041600d751,200000.0,500000.0,,,,,,,,,,,,,00000000-0000-0000-0000-000000000001,,2026-4-8 19:12,2026-4-8 19:12,
059fba73-1434-4f4b-b472-35a8462192e8,90d91bdd-79c4-4ea3-a405-c3ffc3022483,50000.0,100000.0,50000.0,,,,,,,,,,,,00000000-0000-0000-0000-000000000001,,2026-4-8 19:12,2026-4-8 19:12,
9aa1364d-55ef-4037-b610-08dcda37f5cd,310bccc0-5fb9-4201-980f-8b86e3080cdf,,,,,,,,,,,,,,,00000000-0000-0000-0000-000000000001,,2026-4-8 19:12,2026-4-8 19:12,
6fb7d641-f041-440e-8a56-fc86c494f0be,8191b650-cc7a-4f71-ae23-d6a5c0c98f17,,,,,,,,,,,,,,,00000000-0000-0000-0000-000000000001,,2026-4-8 19:12,2026-4-8 19:12,
aff3baf6-f78b-4f89-be93-5c00d78a4c71,5a9e321a-7dd8-4269-b420-6a038a9a9f01,200000.0,500000.0,100000.0,,,,,,,,,,,,00000000-0000-0000-0000-000000000001,,2026-4-8 19:12,2026-4-8 19:12,
081d5388-efaf-4d8b-ab7e-2edddd2110f6,e71b1cca-2eb9-446d-b6ab-4fa2b8f859b9,,,,,,,,,,,,,,,00000000-0000-0000-0000-000000000001,,2026-4-8 19:12,2026-4-8 19:12,
021b6e6b-087b-4432-b977-a1a6774f8fc3,afbeb041-f341-4681-ae78-b66086c5c4a1,50000.0,100000.0,50000.0,,,,,,,,,,,,00000000-0000-0000-0000-000000000001,,2026-4-8 19:12,2026-4-8 19:12,
ab054642-d71b-4860-b93d-e5bf25d69707,c03be570-2a6b-434e-953b-febf86ff9595,1500000.0,2000000.0,500000.0,,,,,,,,,,,,00000000-0000-0000-0000-000000000001,,2026-4-8 19:12,2026-4-8 19:12,
b956bcc2-c983-4323-b14f-96d09e74390f,10ab899b-eb21-46af-b676-537c2f624d1b,50000.0,100000.0,,,,,,,,,,,,,00000000-0000-0000-0000-000000000001,,2026-4-8 19:12,2026-4-8 19:12,
2f83ad63-dde0-4ddc-a960-4cae71a54de8,340e5952-38cb-495a-8feb-a2afc79aecd6,100000.0,200000.0,,,,,,,,,,,,,00000000-0000-0000-0000-000000000001,,2026-4-8 19:12,2026-4-8 19:12,
3079fa7e-9078-4323-a982-a36c89e8adc3,3198b4d7-f72a-47d1-801b-dd2f92629705,500000.0,1000000.0,200000.0,,,,,,,,,,,,00000000-0000-0000-0000-000000000001,,2026-4-8 19:12,2026-4-8 19:12,
f6b9e089-e799-4a42-baa3-c7ac468128d0,e1bc1eb4-41bb-47fc-8fda-a25b51f3501e,,,,,,,,,,,,,,,00000000-0000-0000-0000-000000000001,,2026-4-8 19:12,2026-4-8 19:12,
c013d3f6-5894-4ed0-ba10-81f361728d1a,b7b029d8-b555-4726-8953-a0ad422871fb,2000000.0,3000000.0,200000.0,,,,,,,,,,,,00000000-0000-0000-0000-000000000001,,2026-4-8 19:12,2026-4-8 19:12,
40c35ac4-bb79-4692-b72c-1bc10a32fbd2,b66e92d7-65cb-4795-baa8-3c889cdaa688,1500000.0,2000000.0,100000.0,,,,,,,,,,,,00000000-0000-0000-0000-000000000001,,2026-4-8 19:12,2026-4-8 19:12,
9753d039-60a8-479d-bcf6-5253f12ac4e9,0c4d7978-5e80-43fc-af78-c95ccd4db1ca,1500000.0,2000000.0,200000.0,,,,,,,,,,,,00000000-0000-0000-0000-000000000001,,2026-4-8 19:12,2026-4-8 19:12,
46bb3bb0-4e75-4fd8-947a-bae52439b7cd,6b34fe74-dd14-4bd0-a204-ff457a1c9dff,,,,,,,,,,,,,,,00000000-0000-0000-0000-000000000001,,2026-4-8 19:12,2026-4-8 19:12,
c4af0fd7-06d3-40c8-8bc4-62bffe51bc46,83bb192d-616b-403b-bc6c-8a288177e51a,500000.0,1000000.0,50000.0,,,,,,,,,,,,00000000-0000-0000-0000-000000000001,,2026-4-8 19:12,2026-4-8 19:12,
651b2838-6af8-4364-81c6-0cec14da3413,57301679-b8ca-4b40-b1e7-19b2ad58e86d,200000.0,500000.0,,,,,,,,,,,,,00000000-0000-0000-0000-000000000001,,2026-4-8 19:12,2026-4-8 19:12,
b7b70a73-a3eb-40f0-97cf-668bd5241e38,50ce8d4c-69bf-4da8-b1f5-37581773f541,500000.0,1000000.0,100000.0,,,,,,,,,,,,00000000-0000-0000-0000-000000000001,,2026-4-8 19:12,2026-4-8 19:12,
73e75ee0-d55c-44fa-8f34-cfd6ecf5d2bc,68fffadb-c144-4da7-b2f5-5e5705e8a736,200000.0,500000.0,,,,,,,,,,,,,00000000-0000-0000-0000-000000000001,,2026-4-8 19:12,2026-4-8 19:12,
eefaf838-14d2-4f39-90aa-d8a35e424772,8fb9f63a-6d0c-4bfa-8044-5056fad83bef,,,,,,,,,,,,,,,00000000-0000-0000-0000-000000000001,,2026-4-8 19:12,2026-4-8 19:12,
8259f580-bf72-4b0c-8bcd-97422af2c8c7,8a818cfb-aedd-4c92-b96c-2dee6139dc7d,100000.0,200000.0,,,,,,,,,,,,,00000000-0000-0000-0000-000000000001,,2026-4-8 19:12,2026-4-8 19:12,
5134e8ea-8590-4e02-842d-bf2214308e32,ded2cb3a-9f18-4102-bff0-d3872f5de5f5,200000.0,500000.0,,,,,,,,,,,,,00000000-0000-0000-0000-000000000001,,2026-4-8 19:12,2026-4-8 19:12,
8a5db702-e8d8-4754-b37d-9e4411bfee7b,731b407c-3cfe-44c3-a63e-002ead4ecd18,200000.0,500000.0,,,,,,,,,,,,,00000000-0000-0000-0000-000000000001,,2026-4-8 19:12,2026-4-8 19:12,
c8fa69d2-d3c9-4863-8c67-e0f61351fe7f,e34c45d5-9602-47d1-a2d3-bcf7b6c86019,2000000.0,3000000.0,200000.0,,,,,,,,,,,,00000000-0000-0000-0000-000000000001,,2026-4-8 19:12,2026-4-8 19:12,
9e8799f3-8def-4ec9-985b-15a7583516e0,0a8bf278-9103-4330-8293-877e82fc176f,,,,,,,,,,,,,,,00000000-0000-0000-0000-000000000001,,2026-4-8 19:12,2026-4-8 19:12,
71b5389e-b42d-4893-b6a4-0ad70a2162b4,9864c045-7b29-4e45-9969-c6818e40384a,,,,,,,,,,,,,,,00000000-0000-0000-0000-000000000001,,2026-4-8 19:12,2026-4-8 19:12,
69992fb2-e3d0-4a7f-8faf-140f0757b975,b8ff148a-6d6e-43c9-8285-8285f7c806a2,200000.0,500000.0,,,,,,,,,,,,,00000000-0000-0000-0000-000000000001,,2026-4-8 19:12,2026-4-8 19:12,
03bdd907-a025-44c0-806d-b2fba42e4749,434a501e-e78b-48f1-829c-fc47eecf8a47,1000000.0,1500000.0,,,,,,,,,,,,,00000000-0000-0000-0000-000000000001,,2026-4-8 19:12,2026-4-8 19:12,
5bdcbc5d-5bcf-413a-85a9-cb4af3e25ad7,6b8a898d-8b0a-4976-8573-80ec147600e9,50000.0,100000.0,,,,,,,,,,,,,00000000-0000-0000-0000-000000000001,,2026-4-8 19:12,2026-4-8 19:12,
f773a521-0dd5-4232-b177-36bb1b1f8d9a,221a1912-c124-4805-b007-9dc0a229bb71,100000.0,200000.0,50000.0,,,,,,,,,,,,00000000-0000-0000-0000-000000000001,,2026-4-8 19:12,2026-4-8 19:12,
101eddaa-5444-42c7-ba5e-44decd1cfe57,c907ac8e-b198-41e0-8c4a-1c973dcdc6d2,50000.0,100000.0,50000.0,,,,,,,,,,,,00000000-0000-0000-0000-000000000001,,2026-4-8 19:12,2026-4-8 19:12,
9e7d7cf5-f0bf-435e-a2c5-932cf9ed0d09,170bdc18-09db-4852-bd4e-70efc54bf9c9,,,,,,,,,,,,,,,00000000-0000-0000-0000-000000000001,,2026-4-8 19:12,2026-4-8 19:12,
dff17c2a-207b-440e-9907-9b36141c5129,4aac140d-d1e6-4803-9077-6ca81e8bc5b0,1000000.0,1500000.0,200000.0,,,,,,,,,,,,00000000-0000-0000-0000-000000000001,,2026-4-8 19:12,2026-4-8 19:12,
16df8d22-68f8-43d8-85c2-b4ca7c8b8e92,3f16105d-4043-4379-95fe-ee86e88bc3a6,,,,,,,,,,,,,,,00000000-0000-0000-0000-000000000001,,2026-4-8 19:12,2026-4-8 19:12,
8ad40e05-50d8-4fb6-a1be-8cf894a85ef7,2a259fbe-693d-4f73-906c-43f3fbb4ba75,1000000.0,1500000.0,100000.0,,,,,,,,,,,,00000000-0000-0000-0000-000000000001,,2026-4-8 19:12,2026-4-8 19:12,
bec64b8f-0b7f-4c97-95ab-247548aa223d,4952b811-04be-4765-8b35-6a41e6d5c682,10000000.0,20000000.0,200000.0,,,,,,,,,,,,00000000-0000-0000-0000-000000000001,,2026-4-8 19:12,2026-4-8 19:12,
ccf36d8d-7e03-4894-aa37-9fbb46fdbb26,7dac77dd-aec7-4dea-9eee-f6cf4d67d3e3,50000.0,100000.0,50000.0,,,,,,,,,,,,00000000-0000-0000-0000-000000000001,,2026-4-8 19:12,2026-4-8 19:12,
1bb284dc-95a3-49ce-81fd-71cad0b1bd2c,b81515a7-2ce4-49d0-83e2-69737a92dabe,,,,,,,,,,,,,,,00000000-0000-0000-0000-000000000001,,2026-4-8 19:12,2026-4-8 19:12,
6b8f4d90-f27a-4c1c-80f5-32149c9b3982,137c38ca-a226-4fa8-8c0c-08e3b018a736,4000000.0,5000000.0,,,,,,,,,,,,,00000000-0000-0000-0000-000000000001,,2026-4-8 19:12,2026-4-8 19:12,
61079ded-5099-46eb-ab36-0f0690395739,bb54cfd0-6c5a-45d1-b56a-7559e23878a5,1000000.0,1500000.0,200000.0,,,,,,,,,,,,00000000-0000-0000-0000-000000000001,,2026-4-8 19:12,2026-4-8 19:12,
b59ce618-8059-4a09-a2c0-3ef4b3fd7186,e4de6201-4144-4067-bd19-d926915c08d7,50000.0,100000.0,,,,,,,,,,,,,00000000-0000-0000-0000-000000000001,,2026-4-8 19:12,2026-4-8 19:12,
8e06b019-89e5-419c-8303-65748b68a754,d68af2bd-c63c-4502-aefc-80058beafa9e,200000.0,500000.0,200000.0,,,,,,,,,,,,00000000-0000-0000-0000-000000000001,,2026-4-8 19:12,2026-4-8 19:12,
d85172a7-7ca4-469c-b3df-6bd51a526801,7e8ee441-69d0-45af-a65a-d3bd9273e22d,20000000.0,50000000.0,,,,,,,,,,,,,00000000-0000-0000-0000-000000000001,,2026-4-8 19:12,2026-4-8 19:12,
2f9a2a5f-bfb4-4890-b5d3-4f55b3eb2e4a,f614f690-4f8c-4386-beca-52ade7d0b047,7500000.0,10000000.0,1500000.0,,,,,,,,,,,,00000000-0000-0000-0000-000000000001,,2026-4-8 19:12,2026-4-8 19:12,
7e027a36-1936-4617-94f5-c49d89dc425f,ab820b6a-1cc6-4760-9a3d-36917d4012fa,1000000.0,1500000.0,500000.0,,,,,,,,,,,,00000000-0000-0000-0000-000000000001,,2026-4-8 19:12,2026-4-8 19:12,
9df5d663-c3cb-471f-9699-b2479106da59,5aa69bf2-d6cd-4518-a0ce-d3c1834825cc,200000.0,500000.0,50000.0,,,,,,,,,,,,00000000-0000-0000-0000-000000000001,,2026-4-8 19:12,2026-4-8 19:12,
9fd6df4c-a7f6-4afa-a9ad-9aa4dcbdfd71,2991c5f6-f474-4fbe-b3e9-2bccfa7527c3,500000.0,1000000.0,50000.0,,,,,,,,,,,,00000000-0000-0000-0000-000000000001,,2026-4-8 19:12,2026-4-8 19:12,
15c94811-f10f-48be-bb34-2e1583b499c9,11e33255-5e28-42ce-9ac7-da91eb2c9a2c,50000.0,100000.0,50000.0,,,,,,,,,,,,00000000-0000-0000-0000-000000000001,,2026-4-8 19:12,2026-4-8 19:12,
e990a113-1004-4d63-8f56-ef54007d42a9,69d3937f-a68c-4d96-9540-b9619e632ef9,50000.0,100000.0,,,,,,,,,,,,,00000000-0000-0000-0000-000000000001,,2026-4-8 19:12,2026-4-8 19:12,
6a0105f2-1856-4beb-81d4-439176e508f6,45818ba0-6b85-4515-b1e0-39d895c29c52,200000.0,500000.0,50000.0,,,,,,,,,,,,00000000-0000-0000-0000-000000000001,,2026-4-8 19:12,2026-4-8 19:12,
b8bce0af-aa54-42c9-beb4-ff926be7015a,6c2a3ad2-a7b4-4c88-8fdd-dea147cb325d,1000000.0,1500000.0,200000.0,,,,,,,,,,,,00000000-0000-0000-0000-000000000001,,2026-4-8 19:12,2026-4-8 19:12,
7bd62b87-d2cf-40ed-9b32-b8558c9f14dc,760181b5-e9ec-4052-8af9-2349a8cd3508,500000.0,1000000.0,50000.0,,,,,,,,,,,,00000000-0000-0000-0000-000000000001,,2026-4-8 19:12,2026-4-8 19:12,
a1708e1e-b7e1-4931-a349-a2921ee2d782,b896e385-cc29-4816-ace2-2f9e1a86f72e,100000.0,200000.0,100000.0,,,,,,,,,,,,00000000-0000-0000-0000-000000000001,,2026-4-8 19:12,2026-4-8 19:12,
2220a4ee-a2af-4119-b166-fe92a2bf4008,9e5a3db0-5494-4d44-8004-df7da99a126b,50000.0,100000.0,50000.0,,,,,,,,,,,,00000000-0000-0000-0000-000000000001,,2026-4-8 19:12,2026-4-8 19:12,
5be0fb65-0e6e-4405-8fb9-95570383c0ed,cbeacc69-4ee4-46d2-8266-b590e488a2f4,500000.0,1000000.0,100000.0,,,,,,,,,,,,00000000-0000-0000-0000-000000000001,,2026-4-8 19:12,2026-4-8 19:12,
1978cf32-3b3e-44a8-a302-1d0137899f3b,194b3ced-6ec0-4cad-b0c2-b0cfa5cf6a35,1000000.0,1500000.0,,,,,,,,,,,,,00000000-0000-0000-0000-000000000001,,2026-4-8 19:12,2026-4-8 19:12,
d400efb2-ec16-4b5f-bb45-c6a31e82210d,32b9bd0a-ff5a-49a0-8310-9519590a27ab,50000000.0,100000000.0,100000.0,,,,,,,,,,,,00000000-0000-0000-0000-000000000001,,2026-4-8 19:12,2026-4-8 19:12,
ebedfb5c-2c57-4814-a159-28d1be9e0d8c,1e0a6632-d200-4de5-9b7b-59e814a41265,500001.0,1000000.0,,,,,,,,,,,,,00000000-0000-0000-0000-000000000001,,2026-4-8 19:12,2026-4-8 19:12,
2cd4cc09-0ad8-4456-88e0-18207a86a25d,306c8472-0862-47ee-b2c9-f3774f8fbb06,200000.0,500000.0,,,,,,,,,,,,,00000000-0000-0000-0000-000000000001,,2026-4-8 19:12,2026-4-8 19:12,
e2a6a646-5d49-4fc9-a6c5-633f60268f70,51d87a50-924f-4509-9584-6e379968ebd6,500000.0,1000000.0,50000.0,,,,,,,,,,,,00000000-0000-0000-0000-000000000001,,2026-4-8 19:12,2026-4-8 19:12,
55c1785e-102c-44c7-a4eb-db3193e72d8a,86f4fdac-9b46-4c56-a89d-7c78892bcd8d,,,,,,,,,,,,,,,00000000-0000-0000-0000-000000000001,,2026-4-8 19:12,2026-4-8 19:12,
0b5d9f59-17a1-4368-ad11-e9ffdb3fa612,72135422-e990-45a3-8a49-0fac35ff1a28,,,,,,,,,,,,,,,00000000-0000-0000-0000-000000000001,,2026-4-8 19:12,2026-4-8 19:12,
8807a80f-a742-4f94-9fb1-39a352df80b6,046a66ab-ba50-4f51-be64-96806f54cc64,10000000.0,20000000.0,7500000.0,,,,,,,,,,,,00000000-0000-0000-0000-000000000001,,2026-4-8 19:12,2026-4-8 19:12,
5b9ee516-4973-4f65-8107-843038bf9f8d,17e51f9a-75a4-40b4-a728-b9060afdd354,,,,,,,,,,,,,,,00000000-0000-0000-0000-000000000001,,2026-4-8 19:12,2026-4-8 19:12,
904de28e-da08-455a-99cd-c18631d9108a,4517b1e4-8d24-40c0-a3b7-8597ea0d252f,,,,,,,,,,,,,,,00000000-0000-0000-0000-000000000001,,2026-4-8 19:12,2026-4-8 19:12,
cd662237-c9f0-4ce9-b74a-2b63aae153f8,1cd9ce2e-2372-45eb-a4ba-d436c1631f1b,2000000.0,3000000.0,50000.0,,,,,,,,,,,,00000000-0000-0000-0000-000000000001,,2026-4-8 19:12,2026-4-8 19:12,
6565b1b2-da3b-49d1-af8d-cc6472e8703a,70ce4875-f712-4831-ae17-9a69cc78c14e,1500000.0,2000000.0,,,,,,,,,,,,,00000000-0000-0000-0000-000000000001,,2026-4-8 19:12,2026-4-8 19:12,
a3f9bb98-a243-4121-aff2-34ab007668b0,93c41510-9412-4045-95a7-d75fffd4838d,50000.0,100000.0,,,,,,,,,,,,,00000000-0000-0000-0000-000000000001,,2026-4-8 19:12,2026-4-8 19:12,
3c86e701-f13c-486a-beeb-3348ce9156dc,e0a08cb2-4293-4893-8226-52061624a165,500000.0,1000000.0,100000.0,,,,,,,,,,,,00000000-0000-0000-0000-000000000001,,2026-4-8 19:12,2026-4-8 19:12,
21d696d5-3a56-4711-a8b5-a2493968f08f,82e7875d-11f2-4aa1-9fae-ec0698672254,50000.0,100000.0,50000.0,,,,,,,,,,,,00000000-0000-0000-0000-000000000001,,2026-4-8 19:12,2026-4-8 19:12,
b8427684-7dfa-4eb0-b642-3a44faccbe53,4f278ed6-879a-4a21-b9d6-644141725fed,50000.0,100000.0,50000.0,,,,,,,,,,,,00000000-0000-0000-0000-000000000001,,2026-4-8 19:12,2026-4-8 19:12,
baff962a-c7eb-406a-97b0-d9e185f7e63a,3b7ac4a4-c1d7-465a-9a6f-90ca374e6c78,500000.0,1000000.0,50000.0,,,,,,,,,,,,00000000-0000-0000-0000-000000000001,,2026-4-8 19:12,2026-4-8 19:12,
cc7a3d03-3b16-42cf-9ef6-97f7a58f06f4,363a7990-10f2-412d-9248-696caed0b26b,100000.0,200000.0,,,,,,,,,,,,,00000000-0000-0000-0000-000000000001,,2026-4-8 19:12,2026-4-8 19:12,
8b3fe766-464a-44bc-a530-1bfa29bb01a2,f6c7c6cb-3c41-4e39-9c73-810869d865b0,50000.0,100000.0,,,,,,,,,,,,,00000000-0000-0000-0000-000000000001,,2026-4-8 19:12,2026-4-8 19:12,
99d7da87-8e8a-44e9-b7ad-846f84275fd5,666bff0f-590b-472e-bf53-4083cf4ecf87,,,,,,,,,,,,,,,00000000-0000-0000-0000-000000000001,,2026-4-8 19:12,2026-4-8 19:12,
39eefdd2-e292-47ad-a7c4-887722bbec62,ff23195c-8892-4f46-8bdd-e486bfff44d8,500000.0,1000000.0,500000.0,,,,,,,,,,,,00000000-0000-0000-0000-000000000001,,2026-4-8 19:12,2026-4-8 19:12,
c2f5694f-cd71-4f21-97a6-4dcf6e4b7216,d700241a-110e-46e7-8e94-c911a0f390d0,500000.0,1000000.0,,,,,,,,,,,,,00000000-0000-0000-0000-000000000001,,2026-4-8 19:12,2026-4-8 19:12,
5a8d260d-0dfa-4a81-8c90-2b27063a5a43,253ebbc3-e9cd-4eea-ae34-5bff8664bdba,200000.0,500000.0,200000.0,,,,,,,,,,,,00000000-0000-0000-0000-000000000001,,2026-4-8 19:12,2026-4-8 19:12,
df6679ed-ff47-42a3-8203-96271b1e3e85,532283fb-8dcf-4669-af3a-08fedb48d97a,1500000.0,2000000.0,100000.0,,,,,,,,,,,,00000000-0000-0000-0000-000000000001,,2026-4-8 19:12,2026-4-8 19:12,
b960a4c8-e21b-45b1-98ca-a015c55e92b5,46b47999-8892-436a-ba7d-836d4b1d2a65,200000.0,500000.0,,,,,,,,,,,,,00000000-0000-0000-0000-000000000001,,2026-4-8 19:12,2026-4-8 19:12,
976da7b5-6992-42ac-ba4d-7ba7db744d42,05162bae-1ed7-4f52-bcfb-d23ff865984d,1000000.0,1500000.0,200000.0,,,,,,,,,,,,00000000-0000-0000-0000-000000000001,,2026-4-8 19:12,2026-4-8 19:12,
d2387c23-67a0-4b86-8bae-9cceef0622d3,521b4bab-cdd2-4f68-a7b6-bfcf0b77f93c,,,,,,,,,,,,,,,00000000-0000-0000-0000-000000000001,,2026-4-8 19:12,2026-4-8 19:12,
8d119da7-d747-418a-b250-65a98469ca07,3f9016b1-3fb5-416d-aa5c-17d815b05ccc,100000.0,200000.0,50000.0,,,,,,,,,,,,00000000-0000-0000-0000-000000000001,,2026-4-8 19:12,2026-4-8 19:12,
09134e53-e52a-4792-9c6c-753af9aa2834,db5d198c-55e3-4de6-9330-d63063b737ce,,,,,,,,,,,,,,,00000000-0000-0000-0000-000000000001,,2026-4-8 19:12,2026-4-8 19:12,
9adc4561-48bb-4ee3-b483-328e0f69275b,39e6dba7-33ae-446c-bce5-d56c741a644c,100000.0,200000.0,,,,,,,,,,,,,00000000-0000-0000-0000-000000000001,,2026-4-8 19:12,2026-4-8 19:12,
6bc3d490-95c4-4daa-b1ed-875fefe1acbb,115b5702-6036-46a8-99e3-1737c480e826,500000.0,1000000.0,100000.0,,,,,,,,,,,,00000000-0000-0000-0000-000000000001,,2026-4-8 19:12,2026-4-8 19:12,
2a7f3300-f58f-4b5a-9989-32e3c39705d2,5a0fc421-9c8e-4c36-9a25-2263e2cd8a70,,,,,,,,,,,,,,,00000000-0000-0000-0000-000000000001,,2026-4-8 19:12,2026-4-8 19:12,
d97ad1f9-13fb-4aeb-9769-cbb53df950f0,af6cd677-a7ac-4d37-96b7-826828162f0a,,,,,,,,,,,,,,,00000000-0000-0000-0000-000000000001,,2026-4-8 19:12,2026-4-8 19:12,
64bc55fe-64fb-462a-a11f-eb6e40c7a974,8085a97f-136f-461d-8b00-4930751c8438,1000000.0,1500000.0,,,,,,,,,,,,,00000000-0000-0000-0000-000000000001,,2026-4-8 19:12,2026-4-8 19:12,
a94939c9-5678-428c-a878-a5830cfea357,dff44139-a2f6-4f01-9972-efcc3f4953a2,200000.0,500000.0,,,,,,,,,,,,,00000000-0000-0000-0000-000000000001,,2026-4-8 19:12,2026-4-8 19:12,
7ac63d0c-5c6f-4652-a389-5f399f431361,54061748-f9b2-4868-986f-028c7a12c47d,500000.0,1000000.0,50000.0,,,,,,,,,,,,00000000-0000-0000-0000-000000000001,,2026-4-8 19:12,2026-4-8 19:12,
2ee667e5-9260-43b2-b2e6-73977e9922d3,f7108edd-2246-478e-a305-83838055aa0a,200000.0,500000.0,,,,,,,,,,,,,00000000-0000-0000-0000-000000000001,,2026-4-8 19:12,2026-4-8 19:12,
13fb3569-3824-46b8-a1f2-0724b9e870cd,0979da3a-0aa4-4ce6-bb94-9b6f94290e5e,200000.0,500000.0,,,,,,,,,,,,,00000000-0000-0000-0000-000000000001,,2026-4-8 19:12,2026-4-8 19:12,
d472bf84-7773-432f-8133-5f44ff94aae9,28796ba6-95cf-41d8-8ec2-5fcf40a91c4e,200000.0,500000.0,100000.0,,,,,,,,,,,,00000000-0000-0000-0000-000000000001,,2026-4-8 19:12,2026-4-8 19:12,
15f52334-6214-4e1d-a156-09f72127a767,e0b3eb60-b34e-459b-9fae-d8630edccce8,3000000.0,4000000.0,200000.0,,,,,,,,,,,,00000000-0000-0000-0000-000000000001,,2026-4-8 19:12,2026-4-8 19:12,
c62df6fa-5327-4827-8912-bcbf6ecb35f2,7228105e-54cb-4648-95d3-79f73816d40c,200000.0,500000.0,200000.0,,,,,,,,,,,,00000000-0000-0000-0000-000000000001,,2026-4-8 19:12,2026-4-8 19:12,
3ca10b4d-8d3f-4765-b20a-f24eaa5099c4,fe0071d2-51dc-4607-8373-eeb6f68ce331,1000000.0,1500000.0,200000.0,,,,,,,,,,,,00000000-0000-0000-0000-000000000001,,2026-4-8 19:12,2026-4-8 19:12,
146d7008-37e9-47d8-8951-a176b1aa01a9,ab11fb35-6e8b-48ba-bf68-dc23b8752241,200000.0,500000.0,,,,,,,,,,,,,00000000-0000-0000-0000-000000000001,,2026-4-8 19:12,2026-4-8 19:12,
d7370262-a116-428d-b29c-ec8a49b2ca6a,4ef7dc56-bd65-41ef-9715-aedb5dd27219,200000.0,500000.0,50000.0,,,,,,,,,,,,00000000-0000-0000-0000-000000000001,,2026-4-8 19:12,2026-4-8 19:12,
846ad742-84fb-4ea5-b1b9-83cdcbacedcd,b7a6bdfc-65d5-445d-9913-0f83957f07d4,1500000.0,2000000.0,200000.0,,,,,,,,,,,,00000000-0000-0000-0000-000000000001,,2026-4-8 19:12,2026-4-8 19:12,
a32849e3-d583-4b60-960a-e0d10b5fb2d6,a7564972-ba87-4877-9d41-acb9fefbf59f,50000.0,100000.0,50000.0,,,,,,,,,,,,00000000-0000-0000-0000-000000000001,,2026-4-8 19:12,2026-4-8 19:12,
ea319255-23f5-4565-a0c7-4afdeb810872,ea981fdf-df69-44f2-af94-bb35a9e2cb33,500000.0,1000000.0,100000.0,,,,,,,,,,,,00000000-0000-0000-0000-000000000001,,2026-4-8 19:12,2026-4-8 19:12,
8c0bb67a-4545-4911-aaf3-7b0ec488fbe0,bbe64b17-8009-4b07-892f-2af3e28aad47,1500000.0,2000000.0,500000.0,,,,,,,,,,,,00000000-0000-0000-0000-000000000001,,2026-4-8 19:12,2026-4-8 19:12,
c9bb64b0-5a6d-43af-8729-da854ce8a8e7,978351eb-89a2-4dfc-ad74-bd1699ec46b7,,,,,,,,,,,,,,,00000000-0000-0000-0000-000000000001,,2026-4-8 19:12,2026-4-8 19:12,
61c7be1b-3d90-497c-9740-d2cf0cc0d1f3,b20186a5-4fef-440f-bdda-660c53e16f98,200000.0,500000.0,50000.0,,,,,,,,,,,,00000000-0000-0000-0000-000000000001,,2026-4-8 19:12,2026-4-8 19:12,
d66baabd-a86b-4d79-badb-fef0cf6c56c1,8466be1a-e05a-4c1e-96f7-450c9001c887,,,,,,,,,,,,,,,00000000-0000-0000-0000-000000000001,,2026-4-8 19:12,2026-4-8 19:12,
dfec10a8-6412-4792-b10b-5480226d779d,a3ef0e9b-6339-44d6-b6c7-a3222094ced0,2000000.0,3000000.0,,,,,,,,,,,,,00000000-0000-0000-0000-000000000001,,2026-4-8 19:12,2026-4-8 19:12,
91bf5506-1e54-4166-98da-6ce44203149a,5e04cec3-5a19-4ddb-af8e-a90c246aaf27,50000.0,100000.0,,,,,,,,,,,,,00000000-0000-0000-0000-000000000001,,2026-4-8 19:12,2026-4-8 19:12,
1efec945-b96a-4825-b7e8-775fd16c1cee,9bb9cce1-d65e-4bd7-bce2-b1b21bb51b0f,4000000.0,5000000.0,1000000.0,,,,,,,,,,,,00000000-0000-0000-0000-000000000001,,2026-4-8 19:12,2026-4-8 19:12,
50b06c5f-eac8-4cb6-a560-af17839e2051,4ba91102-d423-45df-b13c-fd4df7c33829,500000.0,1000000.0,100000.0,,,,,,,,,,,,00000000-0000-0000-0000-000000000001,,2026-4-8 19:12,2026-4-8 19:12,
3d5d1fa1-68a6-4dcb-ad92-09aa8818fedd,60f44cc4-08c5-4cbe-aa90-22cfb4585fa3,,,,,,,,,,,,,,,00000000-0000-0000-0000-000000000001,,2026-4-8 19:12,2026-4-8 19:12,
7c5d8bd5-8357-40b0-857e-9bcef641adc0,d20d8d09-a8b1-4d6f-8276-e6dccc6f4021,,,,,,,,,,,,,,,00000000-0000-0000-0000-000000000001,,2026-4-8 19:12,2026-4-8 19:12,
37e13759-3ddf-403a-88ae-b2d031a0d37a,0f7b1dfb-6465-41c9-b4ce-658e128d0be9,,,,,,,,,,,,,,,00000000-0000-0000-0000-000000000001,,2026-4-8 19:12,2026-4-8 19:12,
d6dec545-fe7a-4b5c-a616-552d10b4a8ee,2ce9a821-2d18-48a7-ad48-1fba7446679d,50000.0,100000.0,,,,,,,,,,,,,00000000-0000-0000-0000-000000000001,,2026-4-8 19:12,2026-4-8 19:12,
3f78c231-24b6-41c5-b6d7-ab773e7da372,0735dcf7-560e-4e4c-be0b-99260c6b837d,200000.0,500000.0,100000.0,,,,,,,,,,,,00000000-0000-0000-0000-000000000001,,2026-4-8 19:12,2026-4-8 19:12,
ffb935f6-52d3-44da-a696-0e989d8ea472,5429b3df-c460-40b1-8e80-3f1bea1c4027,,,,,,,,,,,,,,,00000000-0000-0000-0000-000000000001,,2026-4-8 19:12,2026-4-8 19:12,
69963a58-729c-4ea5-ac95-0233fef68bed,8209c7db-865c-4547-a936-649b5e83dc74,500000.0,1000000.0,50000.0,,,,,,,,,,,,00000000-0000-0000-0000-000000000001,,2026-4-8 19:12,2026-4-8 19:12,
da755e4d-1f69-4709-9262-93e00bfc224b,2ff3fd75-7495-4ceb-8d6b-28714be2fff1,1000000.0,1500000.0,50000.0,,,,,,,,,,,,00000000-0000-0000-0000-000000000001,,2026-4-8 19:12,2026-4-8 19:12,
a433f3bd-81e0-4b1b-a2a5-d279b460c0d6,03e02fb4-1324-4763-a897-e2bf20edce2c,200000.0,500000.0,50000.0,,,,,,,,,,,,00000000-0000-0000-0000-000000000001,,2026-4-8 19:12,2026-4-8 19:12,
c7ba549b-a68a-4adb-9565-55fb684de57d,85bf50d5-dc03-4987-95df-50fb792fee54,200000.0,500000.0,200000.0,,,,,,,,,,,,00000000-0000-0000-0000-000000000001,,2026-4-8 19:12,2026-4-8 19:12,
723cf851-23cf-444a-84da-1b6d1b94f368,8eb5ced2-32bd-4428-bff4-29ab24d95ad2,1000000.0,1500000.0,100000.0,,,,,,,,,,,,00000000-0000-0000-0000-000000000001,,2026-4-8 19:12,2026-4-8 19:12,
dbcbdf57-ede3-48a6-88ee-e91962427085,ce2a68f4-57b1-4ff4-b31c-05938d8f01a3,,,,,,,,,,,,,,,00000000-0000-0000-0000-000000000001,,2026-4-8 19:12,2026-4-8 19:12,
23aedade-3b48-4320-ba2b-8ff35313ab6f,d4adabd2-b442-4ebd-abc5-4b10a1388102,1000000.0,1500000.0,50000.0,,,,,,,,,,,,00000000-0000-0000-0000-000000000001,,2026-4-8 19:12,2026-4-8 19:12,
8ebe14f6-0c82-4121-bab3-c22bb3b525ba,d9deab20-efd6-48be-a4ce-708e5e1766ad,200000.0,500000.0,50000.0,,,,,,,,,,,,00000000-0000-0000-0000-000000000001,,2026-4-8 19:12,2026-4-8 19:12,
dd2cfd8e-b64a-4c30-8752-2e0c8e042b72,b466d81d-d2b0-4677-85cb-eb41d868a83e,50000.0,100000.0,50000.0,,,,,,,,,,,,00000000-0000-0000-0000-000000000001,,2026-4-8 19:12,2026-4-8 19:12,
a4d88e55-29c2-4e31-9b5f-58321f82ef69,60cb572b-5a35-4ad3-b0ad-5b5c4f51db07,1500000.0,2000000.0,1500000.0,,,,,,,,,,,,00000000-0000-0000-0000-000000000001,,2026-4-8 19:12,2026-4-8 19:12,
781632a9-38b4-4e64-9f08-f647a30a0a5b,6570f205-769a-42a4-9405-c152f91daa21,2000000.0,3000000.0,,,,,,,,,,,,,00000000-0000-0000-0000-000000000001,,2026-4-8 19:12,2026-4-8 19:12,
b2eb7167-a1c8-4acd-a4b2-68b0e99c94a6,43d91885-2c72-4a14-a254-d9bd2a1c3ed8,50000.0,100000.0,500000.0,,,,,,,,,,,,00000000-0000-0000-0000-000000000001,,2026-4-8 19:12,2026-4-8 19:12,
a6e0fd8e-8d76-44d0-a5c2-6df6626652b2,079cf232-9439-4e89-b7ee-041c8baeadb3,,,,,,,,,,,,,,,00000000-0000-0000-0000-000000000001,,2026-4-8 19:12,2026-4-8 19:12,
7cabe256-7aa5-4f80-b925-895096b850e9,b78080f7-dde9-4574-b648-1a609e970d95,,,,,,,,,,,,,,,00000000-0000-0000-0000-000000000001,,2026-4-8 19:12,2026-4-8 19:12,
e8195557-bc5d-44b8-a285-7b49e3cd67db,87701d6c-5411-4c7e-99e9-11db4365994f,1000000.0,1500000.0,,,,,,,,,,,,,00000000-0000-0000-0000-000000000001,,2026-4-8 19:12,2026-4-8 19:12,
c39db2f0-d49d-49b9-bda4-d80d4a58e20e,0e26981a-16a1-4b60-ae67-9543698094e4,100000.0,200000.0,,,,,,,,,,,,,00000000-0000-0000-0000-000000000001,,2026-4-8 19:12,2026-4-8 19:12,
8cd29e26-4d0d-4bce-a4c9-8a78244aeff0,9a6c34b5-618e-4b98-bc73-9876d2715e20,,,,,,,,,,,,,,,00000000-0000-0000-0000-000000000001,,2026-4-8 19:12,2026-4-8 19:12,
8f1a9e9f-1465-47fc-a33b-21d43f5e0369,acdb02c5-26e7-44cf-903f-41a01657ddc8,100000.0,200000.0,,,,,,,,,,,,,00000000-0000-0000-0000-000000000001,,2026-4-8 19:12,2026-4-8 19:12,
c64ffec4-ad76-49ce-a9cd-15f7be95b7de,7c35b13e-30a4-4bbe-95c2-5e29f9d43007,1500000.0,2000000.0,100000.0,,,,,,,,,,,,00000000-0000-0000-0000-000000000001,,2026-4-8 19:12,2026-4-8 19:12,
460a63ee-d510-4732-889b-3ca8bc07def4,b2b26974-08ba-4f2e-a8db-cbc8ad427b56,,,,,,,,,,,,,,,00000000-0000-0000-0000-000000000001,,2026-4-8 19:12,2026-4-8 19:12,
62efcd1a-64ba-41d9-b97f-31291dfe7cc6,d0185006-308f-4230-b277-5163994b21b9,100000.0,200000.0,,,,,,,,,,,,,00000000-0000-0000-0000-000000000001,,2026-4-8 19:12,2026-4-8 19:12,
5e8c2d99-7b41-4a56-8a35-ec1791ec2eb1,f3d056fe-3dcf-4900-8b0d-e1e48e511006,100000.0,200000.0,,,,,,,,,,,,,00000000-0000-0000-0000-000000000001,,2026-4-8 19:12,2026-4-8 19:12,
2f1cda5b-5e9a-409e-a642-650605b647ec,50fec8b8-de5a-4200-9a92-1504d8666ff7,500000.0,1000000.0,,,,,,,,,,,,,00000000-0000-0000-0000-000000000001,,2026-4-8 19:12,2026-4-8 19:12,
9351c643-af8d-40f6-afcf-91a83aa279e9,0b57e0d9-9c0f-4a4b-9bbe-a7dd9061169e,50000.0,100000.0,50000.0,,,,,,,,,,,,00000000-0000-0000-0000-000000000001,,2026-4-8 19:12,2026-4-8 19:12,
858544e6-3ae7-4575-8490-1a0591c65732,67cc4f72-864a-4546-bca0-26c059d599e2,200000.0,500000.0,,,,,,,,,,,,,00000000-0000-0000-0000-000000000001,,2026-4-8 19:12,2026-4-8 19:12,
dd675e3f-7c50-45af-8f06-651e6c899011,827f5666-6390-4a13-a7a7-10a7a9e9bf45,200000.0,500000.0,200000.0,,,,,,,,,,,,00000000-0000-0000-0000-000000000001,,2026-4-8 19:12,2026-4-8 19:12,
628e0f95-73b3-4cb6-b219-4cc30435c733,7c655177-15a8-4253-82e2-dc63adbdeafc,500000.0,1000000.0,,,,,,,,,,,,,00000000-0000-0000-0000-000000000001,,2026-4-8 19:12,2026-4-8 19:12,
34852064-7912-483d-a015-9194ce572975,2b57b0a1-697a-47ea-89f2-c5c2c85bb857,500000.0,1000000.0,100000.0,,,,,,,,,,,,00000000-0000-0000-0000-000000000001,,2026-4-8 19:12,2026-4-8 19:12,
c94c9b96-6ce8-4ed3-b9d3-631a2be74aa5,5c49a719-f799-497f-8dd9-090efd13293a,,,100000.0,,,,,,,,,,,,00000000-0000-0000-0000-000000000001,,2026-4-8 19:12,2026-4-8 19:12,
745ebc96-444e-43cc-a787-2241685c54f0,a0818c59-871e-452d-803d-c9db419d787a,50000.0,100000.0,50000.0,,,,,,,,,,,,00000000-0000-0000-0000-000000000001,,2026-4-8 19:12,2026-4-8 19:12,
04979b1a-da23-4d78-a00c-9a22fda9e185,c1c344a2-4a6f-4a70-b8e8-e625c9804290,100000.0,200000.0,100000.0,,,,,,,,,,,,00000000-0000-0000-0000-000000000001,,2026-4-8 19:12,2026-4-8 19:12,
a50793b2-d941-4045-b195-e2c811991ae4,1af1894d-ea36-40ac-ba09-4c1413d512ee,1500000.0,2000000.0,100000.0,,,,,,,,,,,,00000000-0000-0000-0000-000000000001,,2026-4-8 19:12,2026-4-8 19:12,
07fcc21d-a4b6-4a01-8422-1491feed152b,ccd436a0-361d-4b4e-aada-60509a1ba37e,1000000.0,1000000.0,,,,,,,,,,,,,00000000-0000-0000-0000-000000000001,,2026-4-8 19:12,2026-4-8 19:12,
5c25d0b8-ff37-41b1-8336-e085bdb557ab,0e0db7b8-cf82-464b-b17d-38486fffeb9f,100000.0,200000.0,,,,,,,,,,,,,00000000-0000-0000-0000-000000000001,,2026-4-8 19:12,2026-4-8 19:12,
6aab0083-37ed-4cac-ba12-0251099cfdb1,6e5d76be-5e43-4f9e-90f6-1d0e9e1378d2,200000.0,500000.0,,,,,,,,,,,,,00000000-0000-0000-0000-000000000001,,2026-4-8 19:12,2026-4-8 19:12,
55fb76d5-977e-4c16-abab-e72fcd68c6cd,6bdb5682-1e3c-4a08-8231-e274d8c1a09a,200000.0,500000.0,50000.0,,,,,,,,,,,,00000000-0000-0000-0000-000000000001,,2026-4-8 19:12,2026-4-8 19:12,
5d874eed-a031-4847-bf3a-484b2488c0db,7c2f27ec-99a4-485a-be91-4c21eb6b3c9f,500000.0,1000000.0,100000.0,,,,,,,,,,,,00000000-0000-0000-0000-000000000001,,2026-4-8 19:12,2026-4-8 19:12,
2985642d-5a20-4f64-ac79-4ad023468a23,4ba5d991-c496-4148-b2f0-132a388b73a2,500000.0,1000000.0,100000.0,,,,,,,,,,,,00000000-0000-0000-0000-000000000001,,2026-4-8 19:12,2026-4-8 19:12,
b342f06e-963c-4b0b-a798-e3680edfeac0,224b6540-8354-4b66-85b0-a0962e37552a,200000.0,500000.0,,,,,,,,,,,,,00000000-0000-0000-0000-000000000001,,2026-4-8 19:12,2026-4-8 19:12,
08905c27-7a31-40bc-8b30-ef992bb3fb8d,3ebbb001-6012-491b-a5ed-70d70630f6b0,200000.0,500000.0,100000.0,,,,,,,,,,,,00000000-0000-0000-0000-000000000001,,2026-4-8 19:12,2026-4-8 19:12,
7751d0f0-bbba-42c6-a10e-04c36722e73b,b02a946b-b745-4f35-96a1-74024cf4517e,5000000.0,7500000.0,200000.0,,,,,,,,,,,,00000000-0000-0000-0000-000000000001,,2026-4-8 19:12,2026-4-8 19:12,
c46bb477-8684-4f0c-ad36-6aa2b331935d,e0d3eb63-7c6f-40a8-a12f-63bb5760e275,1500000.0,2000000.0,100000.0,,,,,,,,,,,,00000000-0000-0000-0000-000000000001,,2026-4-8 19:12,2026-4-8 19:12,
21446e4d-ba0a-4aeb-b561-fb0273039d66,33b7f7ef-89fb-49c9-8ff4-a32feace1091,50000.0,100000.0,50000.0,,,,,,,,,,,,00000000-0000-0000-0000-000000000001,,2026-4-8 19:12,2026-4-8 19:12,
2ac3f233-aff3-434d-bf78-45c7a064f0c5,a80682e6-d08c-48cf-b7b2-82be44078f87,200000.0,500000.0,50000.0,,,,,,,,,,,,00000000-0000-0000-0000-000000000001,,2026-4-8 19:12,2026-4-8 19:12,
063b0b2c-e54c-42ce-b9e8-9b57da12d31f,ead88274-6424-46d8-a89a-aa00b8584f6f,500000.0,1000000.0,,,,,,,,,,,,,00000000-0000-0000-0000-000000000001,,2026-4-8 19:12,2026-4-8 19:12,
0653fc0a-1607-4716-9a7a-ec4bd3490a31,824f7e72-9f24-4eed-aa45-d656d5f02746,1500000.0,2000000.0,200000.0,,,,,,,,,,,,00000000-0000-0000-0000-000000000001,,2026-4-8 19:12,2026-4-8 19:12,
1a15cdb0-9571-4a7c-964b-ce699d80b6f0,68a19a1e-e65f-4fa7-9ac1-9bb9a66d845b,100000.0,200000.0,,,,,,,,,,,,,00000000-0000-0000-0000-000000000001,,2026-4-8 19:12,2026-4-8 19:12,
f5c8750e-c67a-4147-92c3-b9ca7cf7cfe7,c9461fb7-ac64-4a22-8de8-3d141b74537a,200000.0,500000.0,50000.0,,,,,,,,,,,,00000000-0000-0000-0000-000000000001,,2026-4-8 19:12,2026-4-8 19:12,
1f3c8573-2ad0-417f-8c52-80f16e9b3afd,c6a79817-386d-4eee-a084-9d61a183331d,200000.0,500000.0,50000.0,,,,,,,,,,,,00000000-0000-0000-0000-000000000001,,2026-4-8 19:12,2026-4-8 19:12,
a2fbfe2b-7f7b-45d2-b52b-e21528dd93d6,c9da01b3-437a-47b5-92c9-f648bb2cdaff,500000.0,1000000.0,,,,,,,,,,,,,00000000-0000-0000-0000-000000000001,,2026-4-8 19:12,2026-4-8 19:12,
4322c93d-09af-4ed0-9257-801dae0124ce,77caeba5-0140-4eee-b942-1154c669b302,,,,,,,,,,,,,,,00000000-0000-0000-0000-000000000001,,2026-4-8 19:12,2026-4-8 19:12,
d5123780-3f41-4586-8a78-0091939bd41c,9963891b-7e13-48da-9138-7cf5370d3d11,1000000.0,1500000.0,,,,,,,,,,,,,00000000-0000-0000-0000-000000000001,,2026-4-8 19:12,2026-4-8 19:12,
c3adb58e-6b21-41af-a3ac-58096e4d686f,9f18037c-2aa3-424f-b862-9e79a0136409,1500000.0,2000000.0,200000.0,,,,,,,,,,,,00000000-0000-0000-0000-000000000001,,2026-4-8 19:12,2026-4-8 19:12,
5f73892e-dc6c-4590-a82b-566cf1c55677,1deba592-75e5-4411-a7a3-5df7de05beff,200000.0,500000.0,,,,,,,,,,,,,00000000-0000-0000-0000-000000000001,,2026-4-8 19:12,2026-4-8 19:12,
21f9df7a-d71f-4675-9480-31eb05f93e45,3738b8e5-0327-4e08-970a-a8ebb13d0b95,1000000.0,1500000.0,200000.0,,,,,,,,,,,,00000000-0000-0000-0000-000000000001,,2026-4-8 19:12,2026-4-8 19:12,
7a269150-a2fe-4403-b52c-b8ac478fba4b,43d5b306-789c-4b36-9145-61725240276d,1500000.0,2000000.0,50000.0,,,,,,,,,,,,00000000-0000-0000-0000-000000000001,,2026-4-8 19:12,2026-4-8 19:12,
b31058d7-354b-419f-b01a-b423709b929e,bf8ba409-81bb-45f3-8252-c04a9a69845e,20000000.0,50000000.0,,,,,,,,,,,,,00000000-0000-0000-0000-000000000001,,2026-4-8 19:12,2026-4-8 19:12,
b55074e9-debb-4f13-9621-b82abb4ca902,843f3313-41e9-4ec0-903d-82839b73f768,,,,,,,,,,,,,,,00000000-0000-0000-0000-000000000001,,2026-4-8 19:12,2026-4-8 19:12,
c80f7ae9-f952-45c3-9e64-767c89f53b4c,ca0c790e-ae8e-488d-8cc1-a88cd7c2ddb8,500000.0,1000000.0,50000.0,,,,,,,,,,,,00000000-0000-0000-0000-000000000001,,2026-4-8 19:12,2026-4-8 19:12,
429c332a-4f72-4e21-adb7-535338ef4b27,eee8ad08-d821-4ac9-aa6a-0ba08e1a3331,,,,,,,,,,,,,,,00000000-0000-0000-0000-000000000001,,2026-4-8 19:12,2026-4-8 19:12,
cf50575d-8707-4dde-a038-95aad3f0d124,4f7ccb80-7613-4b64-adba-acf8694b4d5a,,,,,,,,,,,,,,,00000000-0000-0000-0000-000000000001,,2026-4-8 19:12,2026-4-8 19:12,
30713a24-48d6-47a6-8385-bd3dfef9eb69,779036c2-a48e-4430-b23a-0667e3a7ffd4,100000.0,200000.0,200000.0,,,,,,,,,,,,00000000-0000-0000-0000-000000000001,,2026-4-8 19:12,2026-4-8 19:12,
ea220813-e918-4def-b241-4a9dd73f136e,7bf6ec9d-ce35-43c5-8ffa-8b38ed1410d7,1000000.0,1500000.0,100000.0,,,,,,,,,,,,00000000-0000-0000-0000-000000000001,,2026-4-8 19:12,2026-4-8 19:12,
43a16ef9-ef6f-4d39-85b2-3c215088ac35,1e0bdbb7-2ca9-43e5-9e42-e8d77ea6057b,500000.0,1000000.0,200000.0,,,,,,,,,,,,00000000-0000-0000-0000-000000000001,,2026-4-8 19:12,2026-4-8 19:12,
8004206c-c3fa-435e-9366-d44c3da29fb9,c7172c79-f07c-41f1-86c1-9256446edeaf,50000.0,100000.0,,,,,,,,,,,,,00000000-0000-0000-0000-000000000001,,2026-4-8 19:12,2026-4-8 19:12,
e47f2045-fdaf-4358-b17d-08eed244af94,a66e1e0b-cac4-4ead-aefa-026905f18a8d,500000.0,1000000.0,100000.0,,,,,,,,,,,,00000000-0000-0000-0000-000000000001,,2026-4-8 19:12,2026-4-8 19:12,
b602c0ce-313f-4d65-914a-04ce042acd1b,d280fb07-6309-4d6e-8a25-4f433c657c0d,100000.0,200000.0,,,,,,,,,,,,,00000000-0000-0000-0000-000000000001,,2026-4-8 19:12,2026-4-8 19:12,
aac8e4c0-26b5-46dd-b2e9-f2e43bb61de6,54e14ae3-231e-4473-84cd-055c480829e3,500000.0,1000000.0,50000.0,,,,,,,,,,,,00000000-0000-0000-0000-000000000001,,2026-4-8 19:12,2026-4-8 19:12,
485fae0e-2880-4e24-a0f0-bd9c46b55e6f,f291d674-8696-4984-94cc-2d8b20fd4fea,500000.0,1000000.0,200000.0,,,,,,,,,,,,00000000-0000-0000-0000-000000000001,,2026-4-8 19:12,2026-4-8 19:12,
e54dd0a5-2504-41e4-9e8e-1950d793ddc7,32f85360-10ad-4389-94c4-b2585c6c8cea,200000.0,200000.0,,,,,,,,,,,,,00000000-0000-0000-0000-000000000001,,2026-4-8 19:12,2026-4-8 19:12,
d8ebb600-cb6e-4e68-adce-17b6354c423c,7adfbdbc-7665-453f-94e2-c62b73c18cf1,500000.0,1000000.0,200000.0,,,,,,,,,,,,00000000-0000-0000-0000-000000000001,,2026-4-8 19:12,2026-4-8 19:12,
cce557c7-b36c-45a9-92c0-fcb0a608cbfb,9a5dc1b7-5cc4-49ee-bf19-aeda9bab2ae9,1500000.0,2000000.0,200000.0,,,,,,,,,,,,00000000-0000-0000-0000-000000000001,,2026-4-8 19:12,2026-4-8 19:12,
1a84b599-2b07-425b-9d3f-49e32de38ae3,9a03d1d5-de16-4f14-98a9-2d05a0e153aa,100000.0,200000.0,50000.0,,,,,,,,,,,,00000000-0000-0000-0000-000000000001,,2026-4-8 19:12,2026-4-8 19:12,
cadcd8f1-39ea-405d-8cec-2b3fcaad9821,99b6bb30-cd16-4faa-80b3-df2f4fc9b363,50000.0,100000.0,1000000.0,,,,,,,,,,,,00000000-0000-0000-0000-000000000001,,2026-4-8 19:12,2026-4-8 19:12,
ce1459bc-9e3f-442b-9db4-dae77d3c0870,3539cf99-9046-4f19-a0e0-bc47ca9c03d9,1000000.0,1500000.0,,,,,,,,,,,,,00000000-0000-0000-0000-000000000001,,2026-4-8 19:12,2026-4-8 19:12,
0ab305d9-3799-4ee8-a44e-f834f9641fec,24bd542b-ec90-491e-bb51-a44914bb4b3e,50000.0,100000.0,,,,,,,,,,,,,00000000-0000-0000-0000-000000000001,,2026-4-8 19:12,2026-4-8 19:12,
d1d2371b-30d0-4473-935e-583b4c1dc808,2d8691e7-0edc-43eb-9983-73ad09c1afc3,100000.0,200000.0,100000.0,,,,,,,,,,,,00000000-0000-0000-0000-000000000001,,2026-4-8 19:12,2026-4-8 19:12,
1ee81740-9822-4aca-9bbb-ef5b86496388,3591da6f-7c53-454b-b7fa-07f3c9ac2d05,4000000.0,5000000.0,500000.0,,,,,,,,,,,,00000000-0000-0000-0000-000000000001,,2026-4-8 19:12,2026-4-8 19:12,
01326384-67d7-4ab4-bdc9-5439786713da,bcc586e2-34a2-4e5e-9f74-d40560632f55,100000.0,200000.0,,,,,,,,,,,,,00000000-0000-0000-0000-000000000001,,2026-4-8 19:12,2026-4-8 19:12,
0fa1e630-f5e3-4449-bca1-ef7f92640d41,2349df98-d721-406c-b93c-f0adfc79b0a4,500000.0,1000000.0,,,,,,,,,,,,,00000000-0000-0000-0000-000000000001,,2026-4-8 19:12,2026-4-8 19:12,
b1ffb6b3-87fd-4913-bb47-78f85a1fa975,83ebf55f-996f-44de-bef7-5b72815675a0,,,,,,,,,,,,,,,00000000-0000-0000-0000-000000000001,,2026-4-8 19:12,2026-4-8 19:12,
0215414f-3897-48dd-b016-67bcc558bbab,0edb2d29-3692-478b-a111-6c5bb222d2fa,50000.0,100000.0,50000.0,,,,,,,,,,,,00000000-0000-0000-0000-000000000001,,2026-4-8 19:12,2026-4-8 19:12,
c506b4d9-9c74-43ff-9966-073d5b5b1f20,5622c818-c25c-474a-a68c-afd069ebd2e6,3000000.0,4000000.0,50000.0,,,,,,,,,,,,00000000-0000-0000-0000-000000000001,,2026-4-8 19:12,2026-4-8 19:12,
1b9ebb51-9584-4d1a-abb7-05c2fd910029,f7dffa56-a84a-4920-81bd-21e9172cf89d,,,,,,,,,,,,,,,00000000-0000-0000-0000-000000000001,,2026-4-8 19:12,2026-4-8 19:12,
f05278eb-db78-4872-a86e-28df44f32b0a,2d582261-0355-447e-8327-50aaf584dded,1500000.0,1500000.0,100000.0,,,,,,,,,,,,00000000-0000-0000-0000-000000000001,,2026-4-8 19:12,2026-4-8 19:12,
8b4d6726-5498-4605-b335-7431ca75f505,a7c79923-4ad4-4a62-9ea4-6969760a3937,50000.0,100000.0,,,,,,,,,,,,,00000000-0000-0000-0000-000000000001,,2026-4-8 19:12,2026-4-8 19:12,
3fda05b1-05c9-44e8-b737-bdcde37b0fe0,60cee225-80bc-476a-9199-2717f362c3c7,,,,,,,,,,,,,,,00000000-0000-0000-0000-000000000001,,2026-4-8 19:12,2026-4-8 19:12,
c96755aa-f931-4072-a6ef-ca9d6edebcef,cf7c4c0b-ee87-4101-aea6-2bef09a1c3b0,5000000.0,7500000.0,100000.0,,,,,,,,,,,,00000000-0000-0000-0000-000000000001,,2026-4-8 19:12,2026-4-8 19:12,
56cbd502-b37f-416c-b3e1-1906b43c9e66,7fafafd9-1f00-4da8-8b47-8eba02f32b44,1000000.0,1500000.0,200000.0,,,,,,,,,,,,00000000-0000-0000-0000-000000000001,,2026-4-8 19:12,2026-4-8 19:12,
e9131ceb-dacd-412e-a444-9f3df15b011c,8af2a221-7511-4215-bb5b-04728be3be51,,,,,,,,,,,,,,,00000000-0000-0000-0000-000000000001,,2026-4-8 19:12,2026-4-8 19:12,
fab177f7-1a03-416c-81f9-645bd0619d3f,fcfe5396-2d0e-479e-b493-a2f0a33e0247,,,,,,,,,,,,,,,00000000-0000-0000-0000-000000000001,,2026-4-8 19:12,2026-4-8 19:12,
d754abb4-147b-4089-bc8d-1b0d4ea970dc,de0c7987-a5f1-4174-9cd4-7ceeafeb1489,50000.0,100000.0,,,,,,,,,,,,,00000000-0000-0000-0000-000000000001,,2026-4-8 19:12,2026-4-8 19:12,
84be0eac-60a7-49ee-90f7-c860c4cd14a8,921b4ea2-6d8b-411f-a585-c33ad621a339,1500000.0,2000000.0,200000.0,,,,,,,,,,,,00000000-0000-0000-0000-000000000001,,2026-4-8 19:12,2026-4-8 19:12,
a5da707b-3437-4318-8d0d-6fef408ccb6d,abcf3077-e95b-4c99-a66e-274cd479f409,200000.0,500000.0,100000.0,,,,,,,,,,,,00000000-0000-0000-0000-000000000001,,2026-4-8 19:12,2026-4-8 19:12,
4b37b1f4-6d30-415b-8a59-ce84a8332bf0,676542ca-ef0f-4f78-96d9-5b374e6aceec,200000.0,500000.0,,,,,,,,,,,,,00000000-0000-0000-0000-000000000001,,2026-4-8 19:12,2026-4-8 19:12,
53ba2f09-e25c-4349-b2e9-24b8ff548a8a,7b2a4825-f584-44ee-a508-79e7b5abca5c,200000.0,500000.0,100000.0,,,,,,,,,,,,00000000-0000-0000-0000-000000000001,,2026-4-8 19:12,2026-4-8 19:12,
46079805-45c3-414c-839f-d269bc668ef4,95aee600-0241-4108-acfb-bb4c8e7eaba6,50000.0,100000.0,,,,,,,,,,,,,00000000-0000-0000-0000-000000000001,,2026-4-8 19:12,2026-4-8 19:12,
72e96580-b249-447c-84b2-aa49d3ea3851,394e0365-8448-451c-b6ab-745e676f6fac,500000.0,1000000.0,200000.0,,,,,,,,,,,,00000000-0000-0000-0000-000000000001,,2026-4-8 19:12,2026-4-8 19:12,
60077a63-d4f8-4c17-873c-92f6c53b0b86,b0e973ca-f196-4128-9325-c25d152c7637,,,,,,,,,,,,,,,00000000-0000-0000-0000-000000000001,,2026-4-8 19:12,2026-4-8 19:12,
a8c23a7b-a940-4749-a51c-311ffa141950,ee25041e-9e48-4336-9e01-674bda8a31a7,1500000.0,2000000.0,500000.0,,,,,,,,,,,,00000000-0000-0000-0000-000000000001,,2026-4-8 19:12,2026-4-8 19:12,
7507cd7a-db18-4b82-b910-467b7d5dcf19,2145428c-aeeb-4a85-9811-f410442816e8,500000.0,1000000.0,200000.0,,,,,,,,,,,,00000000-0000-0000-0000-000000000001,,2026-4-8 19:12,2026-4-8 19:12,
16027d38-9768-4e1d-abb6-5c8651b09220,7bac3e25-40d9-41b6-91bf-ea65abc9717e,200000.0,500000.0,50000.0,,,,,,,,,,,,00000000-0000-0000-0000-000000000001,,2026-4-8 19:12,2026-4-8 19:12,
5301f572-bcf2-4787-a125-edf4a9d10277,b567b9d0-4d97-411c-8545-d582874065bd,,,,,,,,,,,,,,,00000000-0000-0000-0000-000000000001,,2026-4-8 19:12,2026-4-8 19:12,
cb5eb899-a5a8-4a7d-ae4d-ce6a275e194b,814a612a-6158-4fae-be89-222018f0e090,500000.0,1000000.0,200000.0,,,,,,,,,,,,00000000-0000-0000-0000-000000000001,,2026-4-8 19:12,2026-4-8 19:12,
44222377-44ac-4140-97af-06f142b31120,caad0948-0e6d-4407-9dc6-dea7c0457a4c,50000.0,100000.0,,,,,,,,,,,,,00000000-0000-0000-0000-000000000001,,2026-4-8 19:12,2026-4-8 19:12,
fc215207-2bfa-4435-9322-e9408157463b,d02b084a-6a52-49fe-8d64-4def09ed7472,,,,,,,,,,,,,,,00000000-0000-0000-0000-000000000001,,2026-4-8 19:12,2026-4-8 19:12,
5d890eef-02bb-4d44-a3d2-bec1309c2947,782e3994-d28a-4704-83ed-9c8f95f61ea5,7500000.0,10000000.0,,,,,,,,,,,,,00000000-0000-0000-0000-000000000001,,2026-4-8 19:12,2026-4-8 19:12,
e09c9a45-745f-44ca-8274-2a8ecb8afd1b,65ff230f-e589-43c2-8c64-ed8a1d638ee4,1500000.0,2000000.0,200000.0,,,,,,,,,,,,00000000-0000-0000-0000-000000000001,,2026-4-8 19:12,2026-4-8 19:12,
77b5b25b-6078-4116-8361-391281607f5c,d3142241-3944-4f0b-b190-e9a51a42a785,50000.0,100000.0,,,,,,,,,,,,,00000000-0000-0000-0000-000000000001,,2026-4-8 19:12,2026-4-8 19:12,
a5b90999-8aae-4087-b7aa-d1b554752b60,4053ff81-ad00-4cdb-824b-b8e44abfd1fc,500000.0,1000000.0,,,,,,,,,,,,,00000000-0000-0000-0000-000000000001,,2026-4-8 19:12,2026-4-8 19:12,
fd5f87b7-67be-4b92-9ce5-fb484a8006c2,90271c05-0d22-4ce8-a24c-38192b8f698f,5000000.0,7500000.0,200000.0,,,,,,,,,,,,00000000-0000-0000-0000-000000000001,,2026-4-8 19:12,2026-4-8 19:12,
c049f357-4c4b-4aa8-8a5e-5298dea50038,58054735-cd16-4c32-9322-2c1a53d85a84,100000.0,200000.0,,,,,,,,,,,,,00000000-0000-0000-0000-000000000001,,2026-4-8 19:12,2026-4-8 19:12,
f73944fa-f01a-4657-b318-362941469831,050e8d07-cb8d-49ee-8029-ba69b5828858,3000000.0,4000000.0,200000.0,,,,,,,,,,,,00000000-0000-0000-0000-000000000001,,2026-4-8 19:12,2026-4-8 19:12,
fde1e2d0-0739-48fd-9c09-3f9b901caf86,b34f96af-904c-41f6-ad36-d04357339430,4000000.0,5000000.0,500000.0,,,,,,,,,,,,00000000-0000-0000-0000-000000000001,,2026-4-8 19:12,2026-4-8 19:12,
83fad24e-12fe-46e1-96ec-ed598fc18f52,129eec35-610a-46e9-a246-344a796947eb,2000000.0,3000000.0,200000.0,,,,,,,,,,,,00000000-0000-0000-0000-000000000001,,2026-4-8 19:12,2026-4-8 19:12,
fc209399-73ec-4ef3-a342-c75217316d89,364a9c37-3765-4e39-a5e9-8203c2d1c0f5,50000.0,100000.0,50000.0,,,,,,,,,,,,00000000-0000-0000-0000-000000000001,,2026-4-8 19:12,2026-4-8 19:12,
5b0fd788-2b1b-434b-a842-8a6f09fcca95,a111f3fd-8e32-4124-99a1-4f9fe5237c34,,,,,,,,,,,,,,,00000000-0000-0000-0000-000000000001,,2026-4-8 19:12,2026-4-8 19:12,
fc5e7109-4d25-4af6-8289-9061adaeb34e,86acb9b3-81c1-4e0c-9115-d284045254ba,500000.0,500000.0,200000.0,,,,,,,,,,,,00000000-0000-0000-0000-000000000001,,2026-4-8 19:12,2026-4-8 19:12,
6d39f393-75ff-4090-86f3-244b1308b4ab,24a8a9a5-f3fb-42f3-80c4-1b6e0f427ea8,10000000.0,20000000.0,2000000.0,,,,,,,,,,,,00000000-0000-0000-0000-000000000001,,2026-4-8 19:12,2026-4-8 19:12,
2a14ae56-b2f8-44fa-bbeb-8801ca78432e,0844fed1-bb49-4aca-8a29-afde6919cef0,1500000.0,2000000.0,50000.0,,,,,,,,,,,,00000000-0000-0000-0000-000000000001,,2026-4-8 19:12,2026-4-8 19:12,
1a3e2744-b08c-44d3-a074-c4e4039a4878,e3323346-4803-4340-b9ad-78152847e630,,,,,,,,,,,,,,,00000000-0000-0000-0000-000000000001,,2026-4-8 19:12,2026-4-8 19:12,
5e9b26a2-3a07-425f-9448-2f39ef57f1b5,749ecfda-4849-457b-b481-728774130ba6,1000000.0,1500000.0,500000.0,,,,,,,,,,,,00000000-0000-0000-0000-000000000001,,2026-4-8 19:12,2026-4-8 19:12,
9161bb99-3abb-4166-9219-a6201bab3864,cae0145c-b5db-4934-afaa-05bf72f35b60,50000.0,100000.0,,,,,,,,,,,,,00000000-0000-0000-0000-000000000001,,2026-4-8 19:12,2026-4-8 19:12,
aad70273-f9f1-49f2-9724-f804dd7937b1,f154ff1d-e9ed-4cb5-9a5a-46ba4bc4ed43,500000.0,1000000.0,50000.0,,,,,,,,,,,,00000000-0000-0000-0000-000000000001,,2026-4-8 19:12,2026-4-8 19:12,
a9c3df57-c92c-4d47-ab3d-fac967179f0c,1fe643d6-d66c-44d8-ac9c-004ae9247b6e,500000.0,1000000.0,50000.0,,,,,,,,,,,,00000000-0000-0000-0000-000000000001,,2026-4-8 19:12,2026-4-8 19:12,
ee2bd292-d3c4-4386-9626-70c1e284d87a,160c394d-06de-4481-b49c-60fccfe7f650,50000.0,100000.0,,,,,,,,,,,,,00000000-0000-0000-0000-000000000001,,2026-4-8 19:12,2026-4-8 19:12,
f641944e-db5d-4a6e-b9f2-1f254313c708,85185d3f-69c8-4b7a-99ab-4fab240aee7b,2000000.0,3000000.0,,,,,,,,,,,,,00000000-0000-0000-0000-000000000001,,2026-4-8 19:12,2026-4-8 19:12,
cfb203a1-93f0-48e2-87b7-38897191a20e,50980caa-03d2-456a-a2d4-9d2b8bf65a62,7500000.0,10000000.0,,,,,,,,,,,,,00000000-0000-0000-0000-000000000001,,2026-4-8 19:12,2026-4-8 19:12,
714d0930-0301-468b-8e98-734bc48a5bce,2b32ed25-3109-4c79-bf34-f221a9eac582,1000000.0,1500000.0,,,,,,,,,,,,,00000000-0000-0000-0000-000000000001,,2026-4-8 19:12,2026-4-8 19:12,
b26bc6db-58b6-46c2-ae83-ec85ed81de25,5fad3028-2310-453b-8c19-ce6775f23c05,50000.0,100000.0,50000.0,,,,,,,,,,,,00000000-0000-0000-0000-000000000001,,2026-4-8 19:12,2026-4-8 19:12,
8328b848-11e3-4473-95b1-6847f16c93c2,951cc471-6d88-4b6c-8a93-2fe7846b70f0,1500000.0,2000000.0,200000.0,,,,,,,,,,,,00000000-0000-0000-0000-000000000001,,2026-4-8 19:12,2026-4-8 19:12,
df0b4e6b-dded-46ee-940f-3d95669ed724,dd3d703a-3b2c-4d57-b348-e895b21752e9,500000.0,1000000.0,200000.0,,,,,,,,,,,,00000000-0000-0000-0000-000000000001,,2026-4-8 19:12,2026-4-8 19:12,
7ab62c9c-38a4-415f-8a73-d5e30efe91e7,f3a93951-5c80-47e3-8e2f-8b00092c30af,,,,,,,,,,,,,,,00000000-0000-0000-0000-000000000001,,2026-4-8 19:12,2026-4-8 19:12,
0991071a-2527-4b54-8969-7a71b9ef4c53,90ea8618-ceab-4793-8dd1-462eb52ade0c,100000.0,200000.0,50000.0,,,,,,,,,,,,00000000-0000-0000-0000-000000000001,,2026-4-8 19:12,2026-4-8 19:12,
05b16f69-b78b-430a-9bb5-6762dc3a67e1,e17a240d-eec1-42b0-97aa-2694be25627d,4000000.0,5000000.0,500000.0,,,,,,,,,,,,00000000-0000-0000-0000-000000000001,,2026-4-8 19:12,2026-4-8 19:12,
7d295710-5c74-441f-adbd-18c2f08e8cc1,981f77a7-4c84-4f67-9f30-688bc67fd2ba,,,,,,,,,,,,,,,00000000-0000-0000-0000-000000000001,,2026-4-8 19:12,2026-4-8 19:12,
d55fdc41-7024-4821-821e-3b7fb7aa0f56,054262c1-4e0e-4d26-875c-29a5d07bf244,200000.0,500000.0,5000000.0,,,,,,,,,,,,00000000-0000-0000-0000-000000000001,,2026-4-8 19:12,2026-4-8 19:12,
44a947fa-3076-4f72-add2-0af483a706a2,c29a1e91-ae02-47c0-bbab-0f739d9a1eab,50000.0,100000.0,,,,,,,,,,,,,00000000-0000-0000-0000-000000000001,,2026-4-8 19:12,2026-4-8 19:12,
eea11975-25e6-4e3a-854d-9d18a46316db,4561c522-6ec1-4785-84ea-e3ce31f99a6b,50000.0,100000.0,50000.0,,,,,,,,,,,,00000000-0000-0000-0000-000000000001,,2026-4-8 19:12,2026-4-8 19:12,
5e921479-d1d7-4050-85c8-b0d3e69fcb03,a4042fdf-704c-4dc5-bd9a-d951024c2dc8,1500000.0,2000000.0,200000.0,,,,,,,,,,,,00000000-0000-0000-0000-000000000001,,2026-4-8 19:12,2026-4-8 19:12,
e1e79eb0-0b20-4860-9a45-6362be2b0d16,3e01a677-1167-44c8-85aa-29c0fd73ac43,500000.0,1000000.0,100000.0,,,,,,,,,,,,00000000-0000-0000-0000-000000000001,,2026-4-8 19:12,2026-4-8 19:12,
2d58f10a-0d5b-4acb-a33b-afd27d5c9284,9a6ffe7c-daab-4e5b-9549-e8d71e5c6fc0,50000.0,100000.0,50000.0,,,,,,,,,,,,00000000-0000-0000-0000-000000000001,,2026-4-8 19:12,2026-4-8 19:12,
a51b6b37-0d90-43aa-bb3d-386bc010778e,f178233d-3364-416b-bb7c-941ed4a24276,500000.0,1000000.0,250000.0,,,,,,,,,,,,00000000-0000-0000-0000-000000000001,,2026-4-8 19:12,2026-4-8 19:12,
5f8874f9-4091-477c-92d3-66285f6c79b8,bd280c25-17d8-4d0b-92f5-fb6485534aa5,500000.0,1000000.0,500000.0,,,,,,,,,,,,00000000-0000-0000-0000-000000000001,,2026-4-8 19:12,2026-4-8 19:12,
21dd5455-7af7-4047-b5dd-21b66706b552,6c8ab1a6-d595-40c3-b18d-c7db01a70a3d,2000000.0,3000000.0,1000000.0,,,,,,,,,,,,00000000-0000-0000-0000-000000000001,,2026-4-8 19:12,2026-4-8 19:12,
85054b46-45a6-4ee1-b7b0-6f29a443c6a6,f725610b-45c3-478a-94f3-48e366acaadb,100000.0,200000.0,50000.0,,,,,,,,,,,,00000000-0000-0000-0000-000000000001,,2026-4-8 19:12,2026-4-8 19:12,
cbc44679-516c-4927-a868-ea1f53dc8226,56d7d4cb-50b0-4cb5-b53f-3436eae5aefd,200000.0,500000.0,100000.0,,,,,,,,,,,,00000000-0000-0000-0000-000000000001,,2026-4-8 19:12,2026-4-8 19:12,
b243d2b5-9531-418d-8461-8da2a7962dcb,d6b4b438-18db-42bc-a7e3-8cf2dba5eb88,2000000.0,3000000.0,500000.0,,,,,,,,,,,,00000000-0000-0000-0000-000000000001,,2026-4-8 19:12,2026-4-8 19:12,
ab3c8886-cb75-46e7-a207-e6c1c448d5ca,38c234fc-7b6e-44ff-befa-495ada6db4bf,200000.0,500000.0,50000.0,,,,,,,,,,,,00000000-0000-0000-0000-000000000001,,2026-4-8 19:12,2026-4-8 19:12,
ee1938e6-9334-4bec-870f-3158a4643d01,7cc73890-b426-4c12-86f9-1d5316168d5a,200000.0,500000.0,,,,,,,,,,,,,00000000-0000-0000-0000-000000000001,,2026-4-8 19:12,2026-4-8 19:12,
e72a7476-b50b-4110-8a91-0c3490dbd3d1,0ff63814-dac0-4bb7-bc8b-9e04ed8ade12,50000.0,100000.0,,,,,,,,,,,,,00000000-0000-0000-0000-000000000001,,2026-4-8 19:12,2026-4-8 19:12,
cf718f11-f795-4391-b4ee-0c161c4882fe,432cd287-63bc-4d74-abaa-a9ba0ca95d70,500000.0,1000000.0,,,,,,,,,,,,,00000000-0000-0000-0000-000000000001,,2026-4-8 19:12,2026-4-8 19:12,
cc478305-e3d9-493d-b866-87445ac8ed9a,8e644323-0356-4db4-b87b-060ee75d58e7,2000000.0,3000000.0,100000.0,,,,,,,,,,,,00000000-0000-0000-0000-000000000001,,2026-4-8 19:12,2026-4-8 19:12,
9350d9ff-1fb6-4980-aad8-eee97521fa9f,64b235e9-9faf-4f82-a321-c7608f654447,3000000.0,4000000.0,200000.0,,,,,,,,,,,,00000000-0000-0000-0000-000000000001,,2026-4-8 19:12,2026-4-8 19:12,
38bcf628-8c41-4cd1-8ee6-0e8388c9ab71,dedb296a-f064-4418-aa37-0893c5ba1b00,100000.0,200000.0,,,,,,,,,,,,,00000000-0000-0000-0000-000000000001,,2026-4-8 19:12,2026-4-8 19:12,
956b26ea-5e16-44de-ab6e-e27d24b79c3c,10f49ef7-a567-4bbf-9a02-c9275afc01eb,1500000.0,2000000.0,200000.0,,,,,,,,,,,,00000000-0000-0000-0000-000000000001,,2026-4-8 19:12,2026-4-8 19:12,
ec9ae365-35b5-4f33-966c-18cb48034b5f,a1493b5e-0543-4452-9067-7c5f7b754c44,50000.0,100000.0,50000.0,,,,,,,,,,,,00000000-0000-0000-0000-000000000001,,2026-4-8 19:12,2026-4-8 19:12,
ba6c0ed6-f2f3-4728-a7d8-c5d50795ab32,6a9c0ba7-43e9-431e-9938-0a621b01313d,50000.0,100000.0,50000.0,,,,,,,,,,,,00000000-0000-0000-0000-000000000001,,2026-4-8 19:12,2026-4-8 19:12,
135b7690-9064-48ba-9628-c2efab27098d,59dc22f8-6053-4e48-8d1a-27fcf91afdae,500000.0,1000000.0,50000.0,,,,,,,,,,,,00000000-0000-0000-0000-000000000001,,2026-4-8 19:12,2026-4-8 19:12,
2edb28dc-2ff5-4d52-ace6-4bffc5499d39,fe93d460-6134-4985-ac4d-9665ca06fb10,50000.0,100000.0,50000.0,,,,,,,,,,,,00000000-0000-0000-0000-000000000001,,2026-4-8 19:12,2026-4-8 19:12,
f7c4c751-73b9-4aec-8102-3b7f05137c7e,2c5e32be-f9f9-4329-b3c2-a3b09eebe2b8,1000000.0,1500000.0,200000.0,,,,,,,,,,,,00000000-0000-0000-0000-000000000001,,2026-4-8 19:12,2026-4-8 19:12,
50fe7a3a-dd1a-4e1c-81aa-d73d55bff389,e7d18d1f-fe73-4333-842c-7baf64fa8627,200000.0,500000.0,50000.0,,,,,,,,,,,,00000000-0000-0000-0000-000000000001,,2026-4-8 19:12,2026-4-8 19:12,
fcde886c-dccc-403c-940f-5349ebbca02e,347c9cd3-9b11-49be-93f8-098d0e2f2a53,200000.0,500000.0,50000.0,,,,,,,,,,,,00000000-0000-0000-0000-000000000001,,2026-4-8 19:12,2026-4-8 19:12,
b5db2d2d-bc28-451b-987e-4b645f058be2,461c9191-2310-4c0d-96ca-7f8e10a1aa7e,,,,,,,,,,,,,,,00000000-0000-0000-0000-000000000001,,2026-4-8 19:12,2026-4-8 19:12,
d7a27a89-abb9-490e-aafd-b431753a740b,2061b839-e810-4ecc-9b15-86a97286d7a2,2000000.0,3000000.0,,,,,,,,,,,,,00000000-0000-0000-0000-000000000001,,2026-4-8 19:12,2026-4-8 19:12,
ab8012b2-d22b-4648-b5b0-2e913e6c7e4e,08ba0ca2-781f-4c42-8aa1-64396ada6fca,,,,,,,,,,,,,,,00000000-0000-0000-0000-000000000001,,2026-4-8 19:12,2026-4-8 19:12,
6346ad67-26cc-451c-94f0-7d7b103784a1,6b95311a-4ff4-490c-b9d5-16744bb967dc,1500000.0,2000000.0,200000.0,,,,,,,,,,,,00000000-0000-0000-0000-000000000001,,2026-4-8 19:12,2026-4-8 19:12,
90387833-fdc0-4daf-a212-b1d0c1fd6519,e1ed6ecc-1aba-40fc-a2df-86facd23e5e6,500000.0,1000000.0,100000.0,,,,,,,,,,,,00000000-0000-0000-0000-000000000001,,2026-4-8 19:12,2026-4-8 19:12,
b6c4c669-f384-475d-b585-20def8501031,2638b80b-5734-464a-bafe-fe2bfd2bd365,100000.0,200000.0,100000.0,,,,,,,,,,,,00000000-0000-0000-0000-000000000001,,2026-4-8 19:12,2026-4-8 19:12,
16d85a45-57a1-499d-b43a-e647cc8e3d7f,a658677b-1db9-4aa6-8436-7f0b14d30e61,200000.0,500000.0,100000.0,,,,,,,,,,,,00000000-0000-0000-0000-000000000001,,2026-4-8 19:12,2026-4-8 19:12,
fdc56ea6-1d95-4597-99fe-b1d9aeab2eb7,6e0255bf-313e-4d55-a8f1-4d3bef72e9cb,200000.0,500000.0,200000.0,,,,,,,,,,,,00000000-0000-0000-0000-000000000001,,2026-4-8 19:12,2026-4-8 19:12,
e3f5d4df-5b00-45e6-b7e8-ece170191428,1d34102a-aab4-4a45-b78a-7d4225ae27be,500000.0,1000000.0,100000.0,,,,,,,,,,,,00000000-0000-0000-0000-000000000001,,2026-4-8 19:12,2026-4-8 19:12,
5eda9067-eced-4f73-b0df-c8212c5132df,bea46b79-4244-4576-85e4-528ac556136b,200000.0,500000.0,100000.0,,,,,,,,,,,,00000000-0000-0000-0000-000000000001,,2026-4-8 19:12,2026-4-8 19:12,
ef5f03e3-2bbd-4921-8a94-8842fbae30a8,8d7cffb9-1d5d-471e-9af9-e3f0a99bb369,1000000.0,1500000.0,1500000.0,,,,,,,,,,,,00000000-0000-0000-0000-000000000001,,2026-4-8 19:12,2026-4-8 19:12,
d72189e4-4b10-4da3-b1a7-007fb11d145d,72ee4dd0-0ecf-483c-9a06-78f73c613de2,5000000.0,7500000.0,200000.0,,,,,,,,,,,,00000000-0000-0000-0000-000000000001,,2026-4-8 19:12,2026-4-8 19:12,
9c98c61d-20b4-40ab-8597-9193c3be8212,26b22c13-1e0a-4ba6-9be2-e66f13efa503,200000.0,500000.0,100000.0,,,,,,,,,,,,00000000-0000-0000-0000-000000000001,,2026-4-8 19:12,2026-4-8 19:12,
b3dea7aa-ca4d-47f0-bcc0-1e9380f09840,f668fec4-839b-427e-b59d-33d21fba5dc6,50000.0,100000.0,50000.0,,,,,,,,,,,,00000000-0000-0000-0000-000000000001,,2026-4-8 19:12,2026-4-8 19:12,
7247db4e-9fd8-4602-ac1e-f940750947b7,a0ba16d3-d191-47b4-a6c8-fe2d38623b8c,50000.0,100000.0,,,,,,,,,,,,,00000000-0000-0000-0000-000000000001,,2026-4-8 19:12,2026-4-8 19:12,
97ba4bff-ab7c-4cb7-98bd-68d6330c4791,e6c8cc8a-a1a3-494f-ad5e-58bbbcc820b2,,200000.0,,,,,,,,,,,,,00000000-0000-0000-0000-000000000001,,2026-4-8 19:12,2026-4-8 19:12,
82bddba1-e823-4411-8ec2-d73881f5d8a3,e4087fad-a30f-4b77-b103-34fad162a057,,,,,,,,,,,,,,,00000000-0000-0000-0000-000000000001,,2026-4-8 19:12,2026-4-8 19:12,
edc54ba9-88fc-486d-814c-96e0b87baa7f,045fc82d-9a9a-4c27-8d45-0ca81f079da5,200000.0,500000.0,,,,,,,,,,,,,00000000-0000-0000-0000-000000000001,,2026-4-8 19:12,2026-4-8 19:12,
0da32d5e-2338-4b64-8c90-ef6cd261ac7c,d4a98fa0-392a-4d1a-a604-8d6b7192d0fc,50000000.0,100000000.0,200000.0,,,,,,,,,,,,00000000-0000-0000-0000-000000000001,,2026-4-8 19:12,2026-4-8 19:12,
b15d83a2-298d-43d8-9602-c0f55ecf60e2,7458e7b0-d0ef-4b53-a5e4-86841a6f2cb8,200000.0,500000.0,100000.0,,,,,,,,,,,,00000000-0000-0000-0000-000000000001,,2026-4-8 19:12,2026-4-8 19:12,
66aeda02-6d25-4271-a54d-6f70424ffc74,f820283f-e6d8-4a5a-a986-8137c8b312c6,100000.0,200000.0,,,,,,,,,,,,,00000000-0000-0000-0000-000000000001,,2026-4-8 19:12,2026-4-8 19:12,
2be1069c-fe9f-47cf-974a-e574b300f6b0,d1064201-71bd-4e54-8900-e6cf6f3dd68b,50000.0,100000.0,,,,,,,,,,,,,00000000-0000-0000-0000-000000000001,,2026-4-8 19:12,2026-4-8 19:12,
6e5e4402-028f-4440-b9e9-9b53a6909458,7eb7d756-6cb1-477f-8fc8-49359f771bd3,50000.0,100000.0,50000.0,,,,,,,,,,,,00000000-0000-0000-0000-000000000001,,2026-4-8 19:12,2026-4-8 19:12,
1549eb1f-551b-446d-9ad0-41e96cfb9cb4,e46f16cd-b422-4b25-ac13-3b1cb3a29296,500000.0,1000000.0,200000.0,,,,,,,,,,,,00000000-0000-0000-0000-000000000001,,2026-4-8 19:12,2026-4-8 19:12,
abef9951-257b-4a50-9565-f79cd7e0bc76,16f64bb0-ea2d-4edc-a301-70f1bc51f9ed,200000.0,500000.0,50000.0,,,,,,,,,,,,00000000-0000-0000-0000-000000000001,,2026-4-8 19:12,2026-4-8 19:12,
cb454ff6-7cfd-4b72-be81-bd20c0262242,a0922ba5-811a-4855-a870-b6bab5684f21,50000.0,100000.0,,,,,,,,,,,,,00000000-0000-0000-0000-000000000001,,2026-4-8 19:12,2026-4-8 19:12,
4ef1528d-9d79-4a91-a469-4dfb36831721,e6d04fb6-613a-49c5-b20b-ede8c3baee19,50000.0,100000.0,,,,,,,,,,,,,00000000-0000-0000-0000-000000000001,,2026-4-8 19:12,2026-4-8 19:12,
d4a932b4-4520-4e57-b720-97a28312c8f7,72eda969-4808-4bb9-9ccb-785c512eee76,200000.0,500000.0,,,,,,,,,,,,,00000000-0000-0000-0000-000000000001,,2026-4-8 19:12,2026-4-8 19:12,
f2fd8899-f49e-4b9d-91a6-7e7b1e90fc13,b06bd829-35a8-4121-b74b-170a39864283,200000.0,500000.0,100000.0,,,,,,,,,,,,00000000-0000-0000-0000-000000000001,,2026-4-8 19:12,2026-4-8 19:12,
88fed0fb-2701-40ac-b1e7-ede6ae788241,d6173ec1-3dcf-4962-a6e0-2c6c79370ed5,500000.0,1000000.0,200000.0,,,,,,,,,,,,00000000-0000-0000-0000-000000000001,,2026-4-8 19:12,2026-4-8 19:12,
c6bfd1b8-e698-4e9d-88c0-b698e7487993,6e4f3c73-100c-49f2-9ef4-8858818369e7,,,,,,,,,,,,,,,00000000-0000-0000-0000-000000000001,,2026-4-8 19:12,2026-4-8 19:12,
7411026c-6a25-4ea5-824b-92a784f794c5,3f2ff01b-88cd-4e37-9bd0-e7900b29b5c8,,,,,,,,,,,,,,,00000000-0000-0000-0000-000000000001,,2026-4-8 19:12,2026-4-8 19:12,
5f99b06a-de84-41f8-8b50-b92143a6c0aa,2d022420-9eb4-423c-a6c4-df5355bb43e4,500000.0,1000000.0,50000.0,,,,,,,,,,,,00000000-0000-0000-0000-000000000001,,2026-4-8 19:12,2026-4-8 19:12,
8de1c574-fc59-4442-9167-a18163d35fb1,2cc76e7e-b669-45e4-966b-fdedcc772ed8,,,,,,,,,,,,,,,00000000-0000-0000-0000-000000000001,,2026-4-8 19:12,2026-4-8 19:12,
7f6f6df7-0d83-40ae-b270-ebf6ee576f97,9742f0bd-b0d5-4e91-ad1b-8522deda6a59,200000.0,500000.0,50000.0,,,,,,,,,,,,00000000-0000-0000-0000-000000000001,,2026-4-8 19:12,2026-4-8 19:12,
f8a2bc41-8c5e-4af0-97f8-43ab64935fed,17ac703a-d391-41fb-a5d2-8666fcb2ec5e,1000000.0,1500000.0,200000.0,,,,,,,,,,,,00000000-0000-0000-0000-000000000001,,2026-4-8 19:12,2026-4-8 19:12,
07342351-4da2-4c17-9dc4-4f1b43df860a,60960714-3df7-4f6e-98e6-3055c41b5634,500000.0,1000000.0,,,,,,,,,,,,,00000000-0000-0000-0000-000000000001,,2026-4-8 19:12,2026-4-8 19:12,
ea49e18a-a536-41dd-bd30-3000679fd7c2,b926cd1b-f306-40f3-a71c-92ea1f06e2b8,4000000.0,5000000.0,500000.0,,,,,,,,,,,,00000000-0000-0000-0000-000000000001,,2026-4-8 19:12,2026-4-8 19:12,
1acfe323-9723-4fed-b4ed-42727b5822fe,7eeb92a1-3692-48ea-bf58-340be1553c51,1500000.0,2000000.0,1000000.0,,,,,,,,,,,,00000000-0000-0000-0000-000000000001,,2026-4-8 19:12,2026-4-8 19:12,
7b996d38-40b8-4fa7-a262-9abbbff674a0,94e65573-1d37-4660-9e0d-1ea45c5f5c34,200000.0,500000.0,100000.0,,,,,,,,,,,,00000000-0000-0000-0000-000000000001,,2026-4-8 19:12,2026-4-8 19:12,
75e6e3d8-27c6-4fdd-8c39-2c42fbbfe382,ffa32c4f-d2e7-4b1f-81a0-f71bcb86dc13,200000.0,500000.0,50000.0,,,,,,,,,,,,00000000-0000-0000-0000-000000000001,,2026-4-8 19:12,2026-4-8 19:12,
867f7edd-de09-4e6f-bef5-769896f80e98,cebdacba-a001-455e-9cf3-c3db13b973f2,200000.0,500000.0,,,,,,,,,,,,,00000000-0000-0000-0000-000000000001,,2026-4-8 19:12,2026-4-8 19:12,
e94b9b1d-9d03-48f4-bd5c-6c93200ba507,bc8f7b64-0b52-47f2-ae70-e9500d56cb14,50000.0,100000.0,50000.0,,,,,,,,,,,,00000000-0000-0000-0000-000000000001,,2026-4-8 19:12,2026-4-8 19:12,
2a51e4e0-f9d9-4f07-8d4f-fa84d3ca03fd,4e7d7c98-27ca-4843-a64a-7552343b1082,500000.0,1000000.0,100000.0,,,,,,,,,,,,00000000-0000-0000-0000-000000000001,,2026-4-8 19:12,2026-4-8 19:12,
b27a7a4b-61fa-4907-bbe2-a59af322cbdb,6ba3ac88-a86e-4c68-9f77-fe851c74a98b,4000000.0,5000000.0,,,,,,,,,,,,,00000000-0000-0000-0000-000000000001,,2026-4-8 19:12,2026-4-8 19:12,
dd7523f5-8485-4a68-8b30-b04b1a295eef,1b7d54c3-76b9-4693-a87a-fb1a93b4c19b,20000000.0,50000000.0,,,,,,,,,,,,,00000000-0000-0000-0000-000000000001,,2026-4-8 19:12,2026-4-8 19:12,
4a4afce2-1af6-45b5-a6af-527aafe4a259,55e89094-73b0-434a-a046-5ed6ec5b1e52,200000.0,500000.0,50000.0,,,,,,,,,,,,00000000-0000-0000-0000-000000000001,,2026-4-8 19:12,2026-4-8 19:12,
bd2b0fe2-38e1-4df1-afc2-59b97f822975,eca665f2-eeed-4848-aed0-15dc5893d228,50000.0,100000.0,50000.0,,,,,,,,,,,,00000000-0000-0000-0000-000000000001,,2026-4-8 19:12,2026-4-8 19:12,
31961d9c-bbd0-4f06-aae6-072baeb35f1b,a4f4f6bf-37e4-4a9f-b398-cd279ca3eb20,,,,,,,,,,,,,,,00000000-0000-0000-0000-000000000001,,2026-4-8 19:12,2026-4-8 19:12,
6f7d0a5c-6df9-4242-a3a1-d5d92e24ab76,e6c1734f-0826-4a99-bd22-bdae98dd5721,,,,,,,,,,,,,,,00000000-0000-0000-0000-000000000001,,2026-4-8 19:12,2026-4-8 19:12,
49341e67-345b-4b20-b942-e7a9e4646755,fdb3eb13-4c01-4e83-b659-d8901fb4de44,50000.0,100000.0,50000.0,,,,,,,,,,,,00000000-0000-0000-0000-000000000001,,2026-4-8 19:12,2026-4-8 19:12,
6e764cb3-a62c-4485-a60a-e51045bc526a,73228236-aaf9-4143-91e0-15f22840f626,2000000.0,3000000.0,200000.0,,,,,,,,,,,,00000000-0000-0000-0000-000000000001,,2026-4-8 19:12,2026-4-8 19:12,
7616994f-5869-46af-81f9-ee2c8249c263,b1bb8354-7ce1-430d-9cff-7740280bb255,10000000.0,20000000.0,,,,,,,,,,,,,00000000-0000-0000-0000-000000000001,,2026-4-8 19:12,2026-4-8 19:12,
632803e0-9f98-4539-b21a-f839bde39344,fcac8467-32d5-49e2-a8eb-c118a3c47f1d,100000.0,200000.0,50000.0,,,,,,,,,,,,00000000-0000-0000-0000-000000000001,,2026-4-8 19:12,2026-4-8 19:12,
d10a0e80-7669-4e94-9b13-dda81008bad5,bf7a3031-c070-4537-97b1-83adb7c3f505,,,50000.0,,,,,,,,,,,,00000000-0000-0000-0000-000000000001,,2026-4-8 19:12,2026-4-8 19:12,
38983329-e7fa-47e8-8af0-059a0d496d7d,3892f768-bcff-4b6b-bf0f-3bfeb2aeb499,50000.0,100000.0,50000.0,,,,,,,,,,,,00000000-0000-0000-0000-000000000001,,2026-4-8 19:12,2026-4-8 19:12,
57fb4481-9589-4896-be51-dfe7d9bac46c,bd165746-2a70-4c31-993b-63ac8927f4f6,50000.0,100000.0,,,,,,,,,,,,,00000000-0000-0000-0000-000000000001,,2026-4-8 19:12,2026-4-8 19:12,
69a31541-3316-43a2-b158-a4a6e7fd0609,500d8df9-2fdd-46ef-a75d-a8264eeecfd9,100000.0,200000.0,100000.0,,,,,,,,,,,,00000000-0000-0000-0000-000000000001,,2026-4-8 19:12,2026-4-8 19:12,
2d5114f7-7228-4b4a-ac5f-ea66e97e9792,e839ecd7-d52a-470b-baea-fedbc7e71438,500000.0,1000000.0,,,,,,,,,,,,,00000000-0000-0000-0000-000000000001,,2026-4-8 19:12,2026-4-8 19:12,
5763de13-aa22-4b70-846f-cc1c962b1332,45837384-1b00-461d-a7ed-b2b0b7781841,,,,,,,,,,,,,,,00000000-0000-0000-0000-000000000001,,2026-4-8 19:12,2026-4-8 19:12,
f292634f-2726-44c0-bf92-b0cfaa9e9bc0,2dcd2e69-70ad-457c-be3d-820eb2bc1c0c,500000.0,1000000.0,500000.0,,,,,,,,,,,,00000000-0000-0000-0000-000000000001,,2026-4-8 19:12,2026-4-8 19:12,
d23a6a04-a6a4-4a29-b14f-bd6ee0945453,bd3636b6-8560-4572-8921-adddb68bff2a,100000.0,200000.0,100000.0,,,,,,,,,,,,00000000-0000-0000-0000-000000000001,,2026-4-8 19:12,2026-4-8 19:12,
f9b17c3a-6516-4f76-aa7a-ed7d145abd14,886fe24d-396c-4a99-8f81-1900b9efe2d8,200000.0,500000.0,50000.0,,,,,,,,,,,,00000000-0000-0000-0000-000000000001,,2026-4-8 19:12,2026-4-8 19:12,
825e78cf-18d3-4063-9a8d-89142a1acb62,f0c09f55-f5ac-46c5-ba87-c2c231baf367,1000000.0,1500000.0,,,,,,,,,,,,,00000000-0000-0000-0000-000000000001,,2026-4-8 19:12,2026-4-8 19:12,
bde9ce0b-f70c-477c-9fa4-f19bd363151b,e883cda9-c882-4e7e-852d-fba25e12764c,50000.0,100000.0,50000.0,,,,,,,,,,,,00000000-0000-0000-0000-000000000001,,2026-4-8 19:12,2026-4-8 19:12,
e5674e32-8055-46ef-86ec-f18969041e75,1aecef0c-0b8b-46e2-a157-eccece743a5f,50000.0,100000.0,,,,,,,,,,,,,00000000-0000-0000-0000-000000000001,,2026-4-8 19:12,2026-4-8 19:12,
569ff754-ba86-44a9-b636-3c25efd083a5,35e5e296-0392-4bc2-aca2-47a2eb6c35e0,,,,,,,,,,,,,,,00000000-0000-0000-0000-000000000001,,2026-4-8 19:12,2026-4-8 19:12,
4bcd2f61-f403-4c05-aee0-39ffb041d970,996969a8-22ac-4795-aed3-a058926f49fc,500000.0,1000000.0,100000.0,,,,,,,,,,,,00000000-0000-0000-0000-000000000001,,2026-4-8 19:12,2026-4-8 19:12,
7f8b2b32-a834-43c7-aa08-8ba11b5831f4,981bf2e4-4714-45c1-a4f0-665271b2daa6,2000000.0,3000000.0,200000.0,,,,,,,,,,,,00000000-0000-0000-0000-000000000001,,2026-4-8 19:12,2026-4-8 19:12,
9bb63d29-df45-49de-95b3-5c3c5459f1bc,d95ec232-3c8a-4bb6-8cb7-992297a908eb,2000000.0,3000000.0,,,,,,,,,,,,,00000000-0000-0000-0000-000000000001,,2026-4-8 19:12,2026-4-8 19:12,
cdaf7ca6-db32-4729-8311-b5c882f7d5c4,e8431ffe-3863-4c93-a4e5-951e1a675546,200000.0,500000.0,50000.0,,,,,,,,,,,,00000000-0000-0000-0000-000000000001,,2026-4-8 19:12,2026-4-8 19:12,
765130e4-d010-4f9d-ba9e-10cbd0026b6e,f43a6308-5709-4c9b-aa64-32861944d7c9,1500000.0,2000000.0,300000.0,,,,,,,,,,,,00000000-0000-0000-0000-000000000001,,2026-4-8 19:12,2026-4-8 19:12,
eb8bc6c6-c6c2-4fe4-af84-8655d700246a,30739584-1518-4916-988b-fa89dd220234,,,,,,,,,,,,,,,00000000-0000-0000-0000-000000000001,,2026-4-8 19:12,2026-4-8 19:12,
8bb00d9c-b4e5-4dab-a952-5a6e84fb8cd4,5a599044-0f58-4a8b-962c-16e05b2d0622,500000.0,1000000.0,100000.0,,,,,,,,,,,,00000000-0000-0000-0000-000000000001,,2026-4-8 19:12,2026-4-8 19:12,
cbfc7116-85eb-4fd7-b3e7-151cbd32fb5a,eccf5479-9385-4679-bf7a-4cc553121456,500000.0,1000000.0,500000.0,,,,,,,,,,,,00000000-0000-0000-0000-000000000001,,2026-4-8 19:12,2026-4-8 19:12,
562c1eb2-bffa-4f24-906d-322ad9800ecf,02c77067-17f8-490f-ad17-e658f2f5ecc4,500000.0,1000000.0,,,,,,,,,,,,,00000000-0000-0000-0000-000000000001,,2026-4-8 19:12,2026-4-8 19:12,
a8cf8c9b-8e87-4663-8cf7-776c2153355a,c3b5b7bd-9591-4480-b521-3666c95ff7dc,500000.0,1000000.0,50000.0,,,,,,,,,,,,00000000-0000-0000-0000-000000000001,,2026-4-8 19:12,2026-4-8 19:12,
ede51ba6-c13e-4b33-bf92-6e8a30b4ff15,f2a2b9bb-4317-419c-a106-15199a84a23a,,,,,,,,,,,,,,,00000000-0000-0000-0000-000000000001,,2026-4-8 19:12,2026-4-8 19:12,
85f72366-a99f-4b7e-a89e-3e1edfe47842,e778a0a5-3e05-4ba3-8ddf-b624b9eaa9ed,200000.0,500000.0,,,,,,,,,,,,,00000000-0000-0000-0000-000000000001,,2026-4-8 19:12,2026-4-8 19:12,
2c0af163-42dd-4647-8cf2-14d0c63538c3,778eacfb-906c-4a42-8eb1-6a5d539ff432,2000000.0,3000000.0,,,,,,,,,,,,,00000000-0000-0000-0000-000000000001,,2026-4-8 19:12,2026-4-8 19:12,
c92e92fa-e0b7-4836-89bf-3b32c1df03cb,13309060-695a-4c9f-bbec-ae1e2e4bc4aa,100000.0,200000.0,50000.0,,,,,,,,,,,,00000000-0000-0000-0000-000000000001,,2026-4-8 19:12,2026-4-8 19:12,
2c5fce61-0796-492d-9676-aa11df51c7b2,d925ea02-7824-48f4-97de-f1ee745fab39,50000.0,100000.0,,,,,,,,,,,,,00000000-0000-0000-0000-000000000001,,2026-4-8 19:12,2026-4-8 19:12,
51dd5c1e-8472-4cfb-8862-9621298c3c4e,1f5ac31b-5e68-482b-8624-ef1775a11669,200000.0,500000.0,,,,,,,,,,,,,00000000-0000-0000-0000-000000000001,,2026-4-8 19:12,2026-4-8 19:12,
e534547f-08e1-441a-9026-192472cd7735,91faea8d-9ad6-4bd6-a681-70b8ba57b687,1000000.0,1500000.0,1000000.0,,,,,,,,,,,,00000000-0000-0000-0000-000000000001,,2026-4-8 19:12,2026-4-8 19:12,
a965a25c-3e24-4aad-8174-64188f277708,7104ca13-8df2-497a-b093-ee776a45531a,,,,,,,,,,,,,,,00000000-0000-0000-0000-000000000001,,2026-4-8 19:12,2026-4-8 19:12,
808a526d-e687-42ff-8102-efc998aad7b6,24541fb3-eaee-4470-a3bf-a0d610865046,50000.0,100000.0,50000.0,,,,,,,,,,,,00000000-0000-0000-0000-000000000001,,2026-4-8 19:12,2026-4-8 19:12,
31d73823-05f2-4be8-bb8b-a052085777d6,ba8bb647-2cd8-4336-80f8-29a6682f87c7,50000.0,100000.0,100000.0,,,,,,,,,,,,00000000-0000-0000-0000-000000000001,,2026-4-8 19:12,2026-4-8 19:12,
8af28693-d8cf-428b-842c-661ae6590d2f,ced65b8c-c850-4f20-ab68-d831dcb06fcb,200000.0,500000.0,,,,,,,,,,,,,00000000-0000-0000-0000-000000000001,,2026-4-8 19:12,2026-4-8 19:12,
5023dd2b-7ae2-4bbc-ab73-2110392f78cb,4207f5f4-b250-4ead-a4d2-87d27db5153f,2000000.0,3000000.0,100000.0,,,,,,,,,,,,00000000-0000-0000-0000-000000000001,,2026-4-8 19:12,2026-4-8 19:12,
5f63754a-6b84-4e79-9a98-e4763c57fc48,bf5e3473-532b-4f63-8583-c9a049432263,,,,,,,,,,,,,,,00000000-0000-0000-0000-000000000001,,2026-4-8 19:12,2026-4-8 19:12,
4e51ed83-2265-48bd-98c5-069c406be39e,3b4ac612-d24a-4dc1-b6bb-5aaaa9a875b3,200000.0,500000.0,,,,,,,,,,,,,00000000-0000-0000-0000-000000000001,,2026-4-8 19:12,2026-4-8 19:12,
65b9d45b-d291-4423-aead-bd5aa762cd04,1bb424e6-e019-467b-9fe9-cf0dc64f79b2,3000000.0,4000000.0,1000000.0,,,,,,,,,,,,00000000-0000-0000-0000-000000000001,,2026-4-8 19:12,2026-4-8 19:12,
9fa767bb-c41d-42cb-88df-dbc0484732af,c6b85ebb-3ad4-407f-b0f8-b75e5a5632aa,,,,,,,,,,,,,,,00000000-0000-0000-0000-000000000001,,2026-4-8 19:12,2026-4-8 19:12,
9a42c7fe-649a-43bf-a0d3-ab274d7e792f,9797ad60-71cb-4f0e-ae3f-2d4da3fd881f,200000.0,500000.0,100000.0,,,,,,,,,,,,00000000-0000-0000-0000-000000000001,,2026-4-8 19:12,2026-4-8 19:12,
db6d72da-5638-43e3-bccf-0b2c33d5b64c,3ed727e3-e1a3-4a06-99c5-341c5eaf603e,200000.0,500000.0,100000.0,,,,,,,,,,,,00000000-0000-0000-0000-000000000001,,2026-4-8 19:12,2026-4-8 19:12,
d35d5983-1802-4109-b267-580d3f53f94c,c3ee863e-00ac-4cad-9b65-061ba7502ff2,1500000.0,2000000.0,50000.0,,,,,,,,,,,,00000000-0000-0000-0000-000000000001,,2026-4-8 19:12,2026-4-8 19:12,
1e46d7d3-76d4-4de2-ab1e-83568da231af,3ee51a2c-5744-46fc-b920-342b30f39e66,200000.0,500000.0,,,,,,,,,,,,,00000000-0000-0000-0000-000000000001,,2026-4-8 19:12,2026-4-8 19:12,
6f9c48b9-8cf0-444d-8a1f-0747a4c09525,9f259518-35d4-45ee-8cf7-0095cd24a0e4,,,,,,,,,,,,,,,00000000-0000-0000-0000-000000000001,,2026-4-8 19:12,2026-4-8 19:12,
dfb55c8c-18f9-4474-9893-f15ff6873aa3,4a1a48ee-7f85-4425-91c1-08af0dd8d3cc,500000.0,1000000.0,200000.0,,,,,,,,,,,,00000000-0000-0000-0000-000000000001,,2026-4-8 19:12,2026-4-8 19:12,
0f34a087-d18b-4bed-a128-ba1e31b59527,a58b091d-98a5-4260-8078-6b69cecab27c,3000000.0,4000000.0,200000.0,,,,,,,,,,,,00000000-0000-0000-0000-000000000001,,2026-4-8 19:12,2026-4-8 19:12,
f5f03d11-f39a-497d-8285-55ce54da0779,6a60aa87-b1e2-4e11-a5d1-568b19e960f5,1000000.0,1500000.0,200000.0,,,,,,,,,,,,00000000-0000-0000-0000-000000000001,,2026-4-8 19:12,2026-4-8 19:12,
f315e0c4-8e34-4af6-b338-a92d38f1c7e9,3b9d9bba-8648-4f5f-be39-e4795732abf0,4000000.0,5000000.0,200000.0,,,,,,,,,,,,00000000-0000-0000-0000-000000000001,,2026-4-8 19:12,2026-4-8 19:12,
9ef61509-988c-4d78-bc03-197c497fc4f2,730327a4-9a4d-40d7-b7b8-c3077d687d25,4000000.0,5000000.0,200000.0,,,,,,,,,,,,00000000-0000-0000-0000-000000000001,,2026-4-8 19:12,2026-4-8 19:12,
7d8f93d2-2cc0-431c-a1f0-8ce6ddcc6166,0cfa78f4-90af-43b2-895a-5abbbd572a9d,,,,,,,,,,,,,,,00000000-0000-0000-0000-000000000001,,2026-4-8 19:12,2026-4-8 19:12,
ee80f4bf-cc05-425f-a42c-b226cb7910d4,39e489a8-34d1-470f-a28c-9dc1e1f3a907,500000.0,1000000.0,50000.0,,,,,,,,,,,,00000000-0000-0000-0000-000000000001,,2026-4-8 19:12,2026-4-8 19:12,
c1ea899b-ac05-4a63-8d77-faad721b664c,fb539ef5-7d90-427c-a96b-edcfac8c79a9,500000.0,1000000.0,,,,,,,,,,,,,00000000-0000-0000-0000-000000000001,,2026-4-8 19:12,2026-4-8 19:12,
4e8725f6-153f-4293-a3dd-081099c3a881,f660f8c6-ed13-4486-a4af-a5900ef36674,100000.0,200000.0,,,,,,,,,,,,,00000000-0000-0000-0000-000000000001,,2026-4-8 19:12,2026-4-8 19:12,
1a5893ed-1e8f-4e14-a723-03ffad96fdb1,60b7501e-082d-4d6e-bce2-c21757234c86,1500000.0,2000000.0,500000.0,,,,,,,,,,,,00000000-0000-0000-0000-000000000001,,2026-4-8 19:12,2026-4-8 19:12,
7b097dc7-a7cc-4972-a11e-5def0cf9700d,b69a271a-5d67-4545-8340-aa6844cd6726,1500000.0,2000000.0,500000.0,,,,,,,,,,,,00000000-0000-0000-0000-000000000001,,2026-4-8 19:12,2026-4-8 19:12,
9e6270aa-aae3-4237-af8a-e6d6e1ce2bbc,7d479437-409e-4412-8a1b-7e5ad286230d,7500000.0,10000000.0,200000.0,,,,,,,,,,,,00000000-0000-0000-0000-000000000001,,2026-4-8 19:12,2026-4-8 19:12,
33583e91-9e8f-4a22-b3c1-920771cab6d6,3306c63d-f636-45c5-b840-177344e7022f,200000.0,500000.0,50000.0,,,,,,,,,,,,00000000-0000-0000-0000-000000000001,,2026-4-8 19:12,2026-4-8 19:12,
86341d18-1bbb-4d95-a87b-150be3092276,ef648f27-78e2-45e8-ba05-38188b432dd4,10000000.0,20000000.0,5000000.0,,,,,,,,,,,,00000000-0000-0000-0000-000000000001,,2026-4-8 19:12,2026-4-8 19:12,
636741c9-e362-4345-a3c4-835b2ff1001f,5b8aec9b-7bbc-4f7d-8717-dd83ae049a4a,1500000.0,2000000.0,200000.0,,,,,,,,,,,,00000000-0000-0000-0000-000000000001,,2026-4-8 19:12,2026-4-8 19:12,
b5c9dbe3-390e-4a50-99e9-b5cbe401b7fd,37c99183-eb89-44ef-b759-088353862c94,500000.0,1000000.0,100000.0,,,,,,,,,,,,00000000-0000-0000-0000-000000000001,,2026-4-8 19:12,2026-4-8 19:12,
3453bcd8-ac76-476f-bcd4-8d86983b3959,6d226566-941c-428d-8566-35e3edef768f,4000000.0,5000000.0,200000.0,,,,,,,,,,,,00000000-0000-0000-0000-000000000001,,2026-4-8 19:12,2026-4-8 19:12,
4b3c5c77-7e70-49bb-b8a0-d1ff16d16a09,bf4350e5-d4ef-4e08-80e0-67470a980fbb,,,,,,,,,,,,,,,00000000-0000-0000-0000-000000000001,,2026-4-8 19:12,2026-4-8 19:12,
ca98bf96-cffa-4ac7-8f88-f56563359910,84478b87-61ff-462f-80ed-1d24f365235c,100000000.0,100000000.0,100000000.0,,,,,,,,,,,,00000000-0000-0000-0000-000000000001,,2026-4-8 19:12,2026-4-8 19:12,
dc908051-989c-4420-bce9-9b9282cb43bb,a5bb1863-17db-4b81-a666-57a2fa57c465,,,,,,,,,,,,,,,00000000-0000-0000-0000-000000000001,,2026-4-8 19:12,2026-4-8 19:12,
ba837d50-e1f5-404c-a811-5e6fbd766e01,13a8d0e6-0b0c-4f7e-bb32-940525b0b137,200000.0,500000.0,50000.0,,,,,,,,,,,,00000000-0000-0000-0000-000000000001,,2026-4-8 19:12,2026-4-8 19:12,
12ec9a5c-c3eb-4514-b870-e8f2ee0bf135,5299aff9-d50f-4e66-9368-7f9a529614c2,200000.0,500000.0,50000.0,,,,,,,,,,,,00000000-0000-0000-0000-000000000001,,2026-4-8 19:12,2026-4-8 19:12,
1abd5e03-fac9-4f67-911c-ff50341adc7b,554842d5-b84f-40a3-80c3-bba68ba85882,200000.0,500000.0,50000.0,,,,,,,,,,,,00000000-0000-0000-0000-000000000001,,2026-4-8 19:12,2026-4-8 19:12,
e6f1628c-f63f-4742-abfa-ea9ea5c3777a,3340b4b3-4006-46cf-a73c-a206c22013f5,500000.0,1000000.0,50000.0,,,,,,,,,,,,00000000-0000-0000-0000-000000000001,,2026-4-8 19:12,2026-4-8 19:12,
f7830255-be9f-4d58-9be3-1076114de105,c3fbfdb9-d456-476e-8103-635267013a79,200000.0,500000.0,50000.0,,,,,,,,,,,,00000000-0000-0000-0000-000000000001,,2026-4-8 19:12,2026-4-8 19:12,
4f13712d-6ad1-42be-a038-0dd64188a092,38cfecbc-d5ea-4222-ba5d-26861732227d,,,,,,,,,,,,,,,00000000-0000-0000-0000-000000000001,,2026-4-8 19:12,2026-4-8 19:12,
a31fd8ea-e049-44d2-b18b-a07e7417e08e,f6528159-3139-477c-bcec-516d82e7a7f8,,,,,,,,,,,,,,,00000000-0000-0000-0000-000000000001,,2026-4-8 19:12,2026-4-8 19:12,
b2fa9b79-49e4-4d6b-91d7-7badcd8918b6,a4a6990a-b71f-4e8f-90a1-f3e027c69b53,4000000.0,5000000.0,200000.0,,,,,,,,,,,,00000000-0000-0000-0000-000000000001,,2026-4-8 19:12,2026-4-8 19:12,
b6d7e5e6-fa4d-47ca-bb55-d0944e32e234,e257c222-0560-42cb-bbb3-01ae997855c3,1000000.0,1500000.0,200000.0,,,,,,,,,,,,00000000-0000-0000-0000-000000000001,,2026-4-8 19:12,2026-4-8 19:12,
cbff84c7-9352-426d-b9a2-d1b667269a3b,b57863e6-e68c-478d-ac62-4dae9e4c97fc,500000.0,1000000.0,,,,,,,,,,,,,00000000-0000-0000-0000-000000000001,,2026-4-8 19:12,2026-4-8 19:12,
6887db64-67b6-4c42-89f5-4dce070451c2,6431df57-0fc6-42c6-b35a-1f37b80a378f,,,,,,,,,,,,,,,00000000-0000-0000-0000-000000000001,,2026-4-8 19:12,2026-4-8 19:12,
e375b1e0-819c-483d-8628-cd8c3fd416a4,ef44bd85-d9fa-42b3-99ce-7c25add12ac3,7500000.0,10000000.0,,,,,,,,,,,,,00000000-0000-0000-0000-000000000001,,2026-4-8 19:12,2026-4-8 19:12,
7c532b4e-3141-4042-b5a0-604dffe17060,1ce268d7-d0b6-41f6-93cb-48cd6ba8a483,200000.0,500000.0,50000.0,,,,,,,,,,,,00000000-0000-0000-0000-000000000001,,2026-4-8 19:12,2026-4-8 19:12,
a214fd22-d8ef-4704-95c7-2e314602dd01,ea475651-f19c-4ac1-a4ed-6ef3a6781101,200000.0,500000.0,50000.0,,,,,,,,,,,,00000000-0000-0000-0000-000000000001,,2026-4-8 19:12,2026-4-8 19:12,
35015c87-7d58-4477-8125-e08faf5905f8,4a3b6658-fe14-43d3-889e-16dfd85b12a9,100000.0,200000.0,,,,,,,,,,,,,00000000-0000-0000-0000-000000000001,,2026-4-8 19:12,2026-4-8 19:12,
976393bb-f300-4346-8e4a-d93354f37026,6fbb7607-2cb6-400b-8c45-a0d01c8168fd,50000.0,100000.0,50000.0,,,,,,,,,,,,00000000-0000-0000-0000-000000000001,,2026-4-8 19:12,2026-4-8 19:12,
3ade3c12-e0c6-419b-b799-000286c106ae,381018fd-88d6-4cd7-8bd9-f3290e8962c4,1000000.0,1500000.0,50000.0,,,,,,,,,,,,00000000-0000-0000-0000-000000000001,,2026-4-8 19:12,2026-4-8 19:12,
8f5c1b00-aaec-4ea6-ae5d-c04a9e9473dd,fa7027f0-79a1-455f-acbc-012648eeb197,500000.0,1000000.0,200000.0,,,,,,,,,,,,00000000-0000-0000-0000-000000000001,,2026-4-8 19:12,2026-4-8 19:12,
ec5f0e3d-b31f-4964-99b1-b393fab83ea8,5cda6d4a-9834-4b47-a260-5a434de68d09,200000.0,500000.0,200000.0,,,,,,,,,,,,00000000-0000-0000-0000-000000000001,,2026-4-8 19:12,2026-4-8 19:12,
3ad08bec-6ddd-47c2-97b9-af114061a240,2550ca97-e976-48a0-8898-8cfd13be8223,500000.0,1000000.0,50000.0,,,,,,,,,,,,00000000-0000-0000-0000-000000000001,,2026-4-8 19:12,2026-4-8 19:12,
d73d9507-dd96-4bd9-852b-86836871542f,37340f08-64a8-4097-a348-1fc05f39bc13,50000.0,100000.0,50000.0,,,,,,,,,,,,00000000-0000-0000-0000-000000000001,,2026-4-8 19:12,2026-4-8 19:12,
5ad4b81b-2dc6-433f-8c7c-d2c5b3580ffc,6119f43e-da65-4454-ab0f-50f4e166d07d,100000.0,200000.0,50000.0,,,,,,,,,,,,00000000-0000-0000-0000-000000000001,,2026-4-8 19:12,2026-4-8 19:12,
411d73ab-9a41-4b1f-aa6a-12f4a8c859cc,cc976ff3-2c69-4d1d-b10f-2eb5ae1dd9d9,1000000.0,1500000.0,,,,,,,,,,,,,00000000-0000-0000-0000-000000000001,,2026-4-8 19:12,2026-4-8 19:12,
e2b2981a-1a9a-441a-b73c-9670aeaf1103,4bab8310-0ce4-4fdf-b22f-085f9cc11f94,200000.0,500000.0,50000.0,,,,,,,,,,,,00000000-0000-0000-0000-000000000001,,2026-4-8 19:12,2026-4-8 19:12,
f708208e-5748-4261-aef1-79bfb262becb,dd3d90b9-b81b-43d1-86c7-e084cef02fbe,50000000.0,100000000.0,50000000.0,,,,,,,,,,,,00000000-0000-0000-0000-000000000001,,2026-4-8 19:12,2026-4-8 19:12,
1b8276c4-e0c4-44f5-b5d0-28d97bc3dcc1,871c7162-5311-4666-a606-4ba2aac6a56c,50000000.0,100000000.0,50000000.0,,,,,,,,,,,,00000000-0000-0000-0000-000000000001,,2026-4-8 19:12,2026-4-8 19:12,
b4e65e02-30a0-4fcf-a9dc-594a66499b0e,35ce7565-d048-47f3-8d38-69fbaea5f7eb,50000.0,100000.0,,,,,,,,,,,,,00000000-0000-0000-0000-000000000001,,2026-4-8 19:12,2026-4-8 19:12,
32fd26f5-82fc-438c-b33f-060e5677edae,fc0731c2-731c-417b-994f-e1f20b72369a,1500000.0,2000000.0,500000.0,,,,,,,,,,,,00000000-0000-0000-0000-000000000001,,2026-4-8 19:12,2026-4-8 19:12,
3f70d11b-e7dd-43df-92ec-6b8ef21b0936,6a86b856-304e-4c17-a610-640952c5ee84,5000000.0,7500000.0,500000.0,,,,,,,,,,,,00000000-0000-0000-0000-000000000001,,2026-4-8 19:12,2026-4-8 19:12,
7fdc1627-1b38-43a3-ad13-4fe8b8a936da,deaeefc6-ad43-48ab-9111-a6ef304b76f7,50000.0,100000.0,50000.0,,,,,,,,,,,,00000000-0000-0000-0000-000000000001,,2026-4-8 19:12,2026-4-8 19:12,
dd093b46-fa20-407d-acc3-1f95c75ff886,836eb45e-07ba-4f17-8b72-624baee7704c,200000.0,500000.0,50000.0,,,,,,,,,,,,00000000-0000-0000-0000-000000000001,,2026-4-8 19:12,2026-4-8 19:12,
e0f70554-f673-4c56-b4cb-60b44e3b2c04,8e77c5e6-3b0a-4550-9175-fac9e9419599,200000.0,500000.0,,,,,,,,,,,,,00000000-0000-0000-0000-000000000001,,2026-4-8 19:12,2026-4-8 19:12,
7635556b-92e0-4ec1-998f-749b44cde863,15eef942-14e6-4c74-b607-7ef7dc019d4f,200000.0,500000.0,50000.0,,,,,,,,,,,,00000000-0000-0000-0000-000000000001,,2026-4-8 19:12,2026-4-8 19:12,
69d2aa5f-2166-4555-aae7-784f467db152,1b7b41b0-2be4-4fe0-ab45-f4b12f8d64d3,500000.0,1000000.0,200000.0,,,,,,,,,,,,00000000-0000-0000-0000-000000000001,,2026-4-8 19:12,2026-4-8 19:12,
c0b7f7f3-925a-4a68-924b-a403e232a239,9ea152f9-aef4-4572-8c26-e1350281321d,1500000.0,2000000.0,200000.0,,,,,,,,,,,,00000000-0000-0000-0000-000000000001,,2026-4-8 19:12,2026-4-8 19:12,
c3de9903-25c1-425e-8236-1526562c9ad4,0c91367a-72d6-44ca-b642-6a2d5ed7f26a,200000.0,500000.0,50000.0,,,,,,,,,,,,00000000-0000-0000-0000-000000000001,,2026-4-8 19:12,2026-4-8 19:12,
29b397c0-f1db-4d3f-927e-e6de2cca88ad,43452846-6403-4958-a8fa-8e994d9b061b,500000.0,1000000.0,50000.0,,,,,,,,,,,,00000000-0000-0000-0000-000000000001,,2026-4-8 19:12,2026-4-8 19:12,
c3fa8963-f4e3-459d-a417-74fa023dc0f2,7198d174-93b7-41f3-a31b-519b81ffb933,50000.0,100000.0,,,,,,,,,,,,,00000000-0000-0000-0000-000000000001,,2026-4-8 19:12,2026-4-8 19:12,
7a358a84-c8de-45f4-b025-1839a01e997c,5c76524e-4c77-4421-ba96-50b40437cd48,50000.0,100000.0,,,,,,,,,,,,,00000000-0000-0000-0000-000000000001,,2026-4-8 19:12,2026-4-8 19:12,
b03e59e8-0604-4a0b-b34b-2ff25a792e99,522519ce-c2f7-473a-a019-c027aaf46799,,,,,,,,,,,,,,,00000000-0000-0000-0000-000000000001,,2026-4-8 19:12,2026-4-8 19:12,
7442ab3e-3985-40f7-81db-ff834cf2f9a9,a0b8b341-6068-4329-9b86-3bf07ab3e08b,200000.0,500000.0,100000.0,,,,,,,,,,,,00000000-0000-0000-0000-000000000001,,2026-4-8 19:12,2026-4-8 19:12,
b2e2632c-55cd-43a0-babb-4cbeabe8a290,fa9bfeec-73b8-4280-909b-4384b4f6aabc,100000.0,200000.0,50000.0,,,,,,,,,,,,00000000-0000-0000-0000-000000000001,,2026-4-8 19:12,2026-4-8 19:12,
65a045f3-889f-4c89-866c-af147ffcd756,49bb9f93-ac75-4ee5-bb8a-0f6adf739a56,,,,,,,,,,,,,,,00000000-0000-0000-0000-000000000001,,2026-4-8 19:12,2026-4-8 19:12,
9bd89968-a6d8-4c68-87d8-94cca856b118,04d6c8c0-2d15-4b0e-9eb7-00d2324e2c3e,100000.0,200000.0,100000.0,,,,,,,,,,,,00000000-0000-0000-0000-000000000001,,2026-4-8 19:12,2026-4-8 19:12,
a40b5a00-1df6-4365-b9d3-e395415bc8d0,ff7e8c17-513e-49c3-ba74-ff9a8c9e17df,50000.0,100000.0,,,,,,,,,,,,,00000000-0000-0000-0000-000000000001,,2026-4-8 19:12,2026-4-8 19:12,
1ced20a4-c706-4994-9105-71ebd836d133,702243a4-cdb5-4015-bce2-a258e2f06c5a,50000.0,100000.0,50000.0,,,,,,,,,,,,00000000-0000-0000-0000-000000000001,,2026-4-8 19:12,2026-4-8 19:12,
cb19d7a9-d48e-4161-bb8c-e1348ee0e13b,a325b4ab-0342-44c7-9c5a-1e0ae2d933dd,1000000.0,1500000.0,,,,,,,,,,,,,00000000-0000-0000-0000-000000000001,,2026-4-8 19:12,2026-4-8 19:12,
3c7eccbf-fee9-4fbb-a95f-db247e447185,dbb6eccd-8bf1-4ae5-a305-cd598fe2320c,2000000.0,3000000.0,200000.0,,,,,,,,,,,,00000000-0000-0000-0000-000000000001,,2026-4-8 19:12,2026-4-8 19:12,
f3758f25-3906-492a-b1b4-fef25af80a2a,f1b1041f-17a2-4dfc-9f0b-9f4c67dd4899,200000.0,500000.0,,,,,,,,,,,,,00000000-0000-0000-0000-000000000001,,2026-4-8 19:12,2026-4-8 19:12,
6c1e32aa-fbfd-4193-a3d9-de3d54bab822,d4f4a3be-af8a-4aca-b09f-189a7d4c908d,500000.0,1000000.0,200000.0,,,,,,,,,,,,00000000-0000-0000-0000-000000000001,,2026-4-8 19:12,2026-4-8 19:12,
577566bd-6f1e-4035-a0bf-8d32aba95a61,3cf2041e-3e3f-4fcd-aa66-5c45150e1096,1000000.0,1500000.0,200000.0,,,,,,,,,,,,00000000-0000-0000-0000-000000000001,,2026-4-8 19:12,2026-4-8 19:12,
c459b68d-0665-4093-9c19-57dc0b114f1a,1407f19f-10b9-4286-88fd-5e3043fb354e,1000000.0,1500000.0,200000.0,,,,,,,,,,,,00000000-0000-0000-0000-000000000001,,2026-4-8 19:12,2026-4-8 19:12,
35ce88da-81a0-4f08-96a6-3055695533da,fee27409-2d90-41aa-89f8-41d3c0afc898,1000000.0,1500000.0,50000.0,,,,,,,,,,,,00000000-0000-0000-0000-000000000001,,2026-4-8 19:12,2026-4-8 19:12,
beeb1633-498e-4c6c-854b-e5dc1bcba9b8,6624c09a-e9ba-498c-a412-ead643b0d247,,,,,,,,,,,,,,,00000000-0000-0000-0000-000000000001,,2026-4-8 19:12,2026-4-8 19:12,
9802fdf9-5a49-44f0-907d-0253da5fad9f,e05bc406-74d8-4da6-ba04-9526f4c5e007,3000000.0,4000000.0,,,,,,,,,,,,,00000000-0000-0000-0000-000000000001,,2026-4-8 19:12,2026-4-8 19:12,
cf832152-62c3-4d4d-b497-9265e0dcaf09,d6f0753a-de3e-44aa-acc3-faf9f712916a,2000000.0,3000000.0,500000.0,,,,,,,,,,,,00000000-0000-0000-0000-000000000001,,2026-4-8 19:12,2026-4-8 19:12,
9be2afed-ce7f-48e9-a148-ef45f6c313df,5bb3277f-c83f-4c4d-9873-9bc4e397c92d,1500000.0,2000000.0,100000.0,,,,,,,,,,,,00000000-0000-0000-0000-000000000001,,2026-4-8 19:12,2026-4-8 19:12,
f34966c9-f7c7-410e-9713-84c0f8b93065,6d47f589-b038-40ab-8c98-3870ec78fcfb,,,,,,,,,,,,,,,00000000-0000-0000-0000-000000000001,,2026-4-8 19:12,2026-4-8 19:12,
b245c905-4c7d-454e-89ee-ec85b6bd4022,bc8ba744-8ff0-4bd6-abb6-0fec085bbadf,1500000.0,2000000.0,1000000.0,,,,,,,,,,,,00000000-0000-0000-0000-000000000001,,2026-4-8 19:12,2026-4-8 19:12,
e2feeada-f490-41ac-976f-83f0af586134,8ae848e6-4294-49e6-8765-876f9c58b954,50000.0,100000.0,500000.0,,,,,,,,,,,,00000000-0000-0000-0000-000000000001,,2026-4-8 19:12,2026-4-8 19:12,
1a8a52e6-e766-4115-8ac5-201df22d7081,96a5ebc3-ab2c-49b3-b6cf-d5a966222b61,,,,,,,,,,,,,,,00000000-0000-0000-0000-000000000001,,2026-4-8 19:12,2026-4-8 19:12,
68d86f05-9106-4ac0-90ef-e9c2ca009c20,921958bd-64ba-4401-975d-a44a431c5d4c,,,,,,,,,,,,,,,00000000-0000-0000-0000-000000000001,,2026-4-8 19:12,2026-4-8 19:12,
eb1ea564-7918-4191-b2e2-e95e61c4f5c3,f287b623-0af2-40a8-ae84-b003791e97e2,500000.0,1000000.0,500000.0,,,,,,,,,,,,00000000-0000-0000-0000-000000000001,,2026-4-8 19:12,2026-4-8 19:12,
3b1f7354-2f58-40a2-8278-e5eda218ad23,9784ba53-e6af-451f-9a15-8517f49291f1,200000.0,500000.0,50000.0,,,,,,,,,,,,00000000-0000-0000-0000-000000000001,,2026-4-8 19:12,2026-4-8 19:12,
1b8ecade-a988-49b9-a46b-38d0306d93cc,054785bf-0d6f-4642-993e-56f587d8d386,200000.0,500000.0,,,,,,,,,,,,,00000000-0000-0000-0000-000000000001,,2026-4-8 19:12,2026-4-8 19:12,
7e3e65d2-138c-4d32-914a-a366ac7e5bd0,bf6a9f3e-8747-4bab-8f49-a9f48276581a,100000.0,200000.0,200000.0,,,,,,,,,,,,00000000-0000-0000-0000-000000000001,,2026-4-8 19:12,2026-4-8 19:12,
47423b22-8cc3-4867-83b5-a574475129b3,1b0e24d9-5d9c-4b1c-b46e-37dfbea99501,200000.0,500000.0,200000.0,,,,,,,,,,,,00000000-0000-0000-0000-000000000001,,2026-4-8 19:12,2026-4-8 19:12,
bf7035c8-3eca-4310-b83c-fb2a92a39050,1614310e-cdaa-4d6f-bfee-900c14be81e8,50000.0,100000.0,,,,,,,,,,,,,00000000-0000-0000-0000-000000000001,,2026-4-8 19:12,2026-4-8 19:12,
fc22019e-9e8d-4595-af82-331eab6bd2be,503359de-1ce0-4c72-9d99-72f75374260c,50000.0,100000.0,50000.0,,,,,,,,,,,,00000000-0000-0000-0000-000000000001,,2026-4-8 19:12,2026-4-8 19:12,
fd59650e-014c-4344-b783-5f0a906ce145,6f715258-1d6d-4e46-a034-4338a31063ee,200000.0,500000.0,,,,,,,,,,,,,00000000-0000-0000-0000-000000000001,,2026-4-8 19:12,2026-4-8 19:12,
fce6e2e1-d3e1-4eff-ac60-b1d99bc13364,151e4f6d-4aba-49e8-8916-8e77cdb49147,4000000.0,5000000.0,100000.0,,,,,,,,,,,,00000000-0000-0000-0000-000000000001,,2026-4-8 19:12,2026-4-8 19:12,
d59da2dd-b7e7-4bb1-bccc-0616b8da3116,1d6d474a-1ab8-4939-964e-c6f9ff49abfa,1000000.0,1500000.0,50000.0,,,,,,,,,,,,00000000-0000-0000-0000-000000000001,,2026-4-8 19:12,2026-4-8 19:12,
bb75f27b-9e0c-4bc3-a1df-2f737447284d,2bdbbc17-c188-4004-829b-79341341c59e,1500000.0,2000000.0,,,,,,,,,,,,,00000000-0000-0000-0000-000000000001,,2026-4-8 19:12,2026-4-8 19:12,
1cdc6136-c3a5-4b91-a57b-28b95787364e,853583c0-41ea-41d0-b3cb-ef198c777bb8,5000000.0,7500000.0,500000.0,,,,,,,,,,,,00000000-0000-0000-0000-000000000001,,2026-4-8 19:12,2026-4-8 19:12,
29b7db5c-d318-4b06-b761-f079bb7c97d3,20f083d2-2782-4871-a25a-946cf88ddd33,4000000.0,5000000.0,500000.0,,,,,,,,,,,,00000000-0000-0000-0000-000000000001,,2026-4-8 19:12,2026-4-8 19:12,
37c71c20-5344-4e08-9f3f-74edaf4efd02,2298cc1e-2b63-455b-b789-6c60d1e345b7,100000.0,200000.0,50000.0,,,,,,,,,,,,00000000-0000-0000-0000-000000000001,,2026-4-8 19:12,2026-4-8 19:12,
71e305a1-cb75-4a74-8bb9-ce9c1914e42c,520bf9ec-b228-41e4-aafb-0adadd0394ac,,,,,,,,,,,,,,,00000000-0000-0000-0000-000000000001,,2026-4-8 19:12,2026-4-8 19:12,
17fb0c88-2ad1-49ad-bd32-6100066249b6,2d356a17-edba-4e32-8396-2c3becb6a00a,200000.0,500000.0,100000.0,,,,,,,,,,,,00000000-0000-0000-0000-000000000001,,2026-4-8 19:12,2026-4-8 19:12,
1e9f30a9-51cc-40b6-abd5-bdc967027b83,7dcd9e48-3204-4bab-ae41-1cacba8b7647,1500000.0,2000000.0,50000.0,,,,,,,,,,,,00000000-0000-0000-0000-000000000001,,2026-4-8 19:12,2026-4-8 19:12,
54caf7bc-fb5f-4ddb-a785-3f6f0443b1d2,4ca097dc-9178-483e-bdc7-65237837b628,500000.0,1000000.0,200000.0,,,,,,,,,,,,00000000-0000-0000-0000-000000000001,,2026-4-8 19:12,2026-4-8 19:12,
32ebe701-3f0e-43f3-8583-9dc6399e885f,5d7fd8fe-902a-4ea4-889c-652a6b59da51,1500000.0,2000000.0,500000.0,,,,,,,,,,,,00000000-0000-0000-0000-000000000001,,2026-4-8 19:12,2026-4-8 19:12,
001b7d1f-0aba-4e76-a067-6c11c9e0e07a,d8a80546-8cfe-4f3c-837c-e4391749a944,1000000.0,1500000.0,200000.0,,,,,,,,,,,,00000000-0000-0000-0000-000000000001,,2026-4-8 19:12,2026-4-8 19:12,
855b5b98-bfbb-4ced-9da7-5caa2cbf1eba,ec052a1c-9e6d-4615-9dbd-040538792acf,1500000.0,2000000.0,,,,,,,,,,,,,00000000-0000-0000-0000-000000000001,,2026-4-8 19:12,2026-4-8 19:12,
eecc9f42-671d-4ead-a550-826136cea376,a1981a32-2f3c-43e0-9e02-2954ee829f31,50000.0,100000.0,,,,,,,,,,,,,00000000-0000-0000-0000-000000000001,,2026-4-8 19:12,2026-4-8 19:12,
53f7e734-b4fc-4172-a1fa-e28486e4632a,0ebf2e77-b8c3-4998-93d9-1959db65dec0,200000.0,500000.0,50000.0,,,,,,,,,,,,00000000-0000-0000-0000-000000000001,,2026-4-8 19:12,2026-4-8 19:12,
359a3d7d-6498-48d2-9abf-d575ea5785dd,0836d83f-d84d-4ccd-a9d8-6e7b5244bfc8,500000.0,1000000.0,,,,,,,,,,,,,00000000-0000-0000-0000-000000000001,,2026-4-8 19:12,2026-4-8 19:12,
e5363127-bad4-4477-b9bc-af4298df7003,4063095c-fe3a-4258-966d-9504fe7e0881,50000.0,100000.0,,,,,,,,,,,,,00000000-0000-0000-0000-000000000001,,2026-4-8 19:12,2026-4-8 19:12,
05d7fb45-0cf2-4dcd-a7ad-e2ccfa928255,60076103-8da8-4c1b-a351-168a82a166c2,500000.0,1000000.0,50000.0,,,,,,,,,,,,00000000-0000-0000-0000-000000000001,,2026-4-8 19:12,2026-4-8 19:12,
316fd48f-3fc4-4985-af59-7e8cf9f6456c,b13eff05-1a8f-43d5-a34e-0db944cdd1e2,1000000.0,1500000.0,500000.0,,,,,,,,,,,,00000000-0000-0000-0000-000000000001,,2026-4-8 19:12,2026-4-8 19:12,
837689f0-1176-4e64-9501-c838ce2665a8,dfaf297c-560f-4924-93f2-c3962ef9b728,500000.0,1000000.0,50000.0,,,,,,,,,,,,00000000-0000-0000-0000-000000000001,,2026-4-8 19:12,2026-4-8 19:12,
5c197f19-5d46-471b-9e59-9138d34bc2d5,e66aa83c-d57b-470e-9d93-64909753e6ef,,,,,,,,,,,,,,,00000000-0000-0000-0000-000000000001,,2026-4-8 19:12,2026-4-8 19:12,
1ee00c74-9447-4cfe-8760-a7308022e575,b9c862d0-3c1b-44c4-884d-e2e3feba52a4,,,,,,,,,,,,,,,00000000-0000-0000-0000-000000000001,,2026-4-8 19:12,2026-4-8 19:12,
0e00b906-3389-4756-8d87-d5d3db0e0a20,eff1ea84-eb37-44da-979e-17a2fd614ea9,3000000.0,4000000.0,500000.0,,,,,,,,,,,,00000000-0000-0000-0000-000000000001,,2026-4-8 19:12,2026-4-8 19:12,
73ab3ad4-208b-4dfb-a687-9c290888b1b2,85494df2-2108-4123-9cd2-4c2a8ef66e95,50000.0,100000.0,50000.0,,,,,,,,,,,,00000000-0000-0000-0000-000000000001,,2026-4-8 19:12,2026-4-8 19:12,
fcfa4c9b-7e3a-41f4-9ecf-b694014120ab,02b97346-e2f9-4bcb-8e43-ca847b1af3ed,200000.0,500000.0,100000.0,,,,,,,,,,,,00000000-0000-0000-0000-000000000001,,2026-4-8 19:12,2026-4-8 19:12,
eaf8f407-a7b0-4cc1-89af-3ceed0946e56,5cf32682-81a3-4e72-907a-0225eee2343e,500000.0,1000000.0,50000.0,,,,,,,,,,,,00000000-0000-0000-0000-000000000001,,2026-4-8 19:12,2026-4-8 19:12,
01e5b795-0637-4166-835c-7d73333bb537,e0fa87bb-102d-4eeb-8e2b-788548f06a25,50000.0,100000.0,50000.0,,,,,,,,,,,,00000000-0000-0000-0000-000000000001,,2026-4-8 19:12,2026-4-8 19:12,
7b30b9cb-9832-4ac3-b9d9-0772e6ccf9d5,8bb5c3a9-f8e4-428c-864e-37eb765dc1d3,1500000.0,2000000.0,200000.0,,,,,,,,,,,,00000000-0000-0000-0000-000000000001,,2026-4-8 19:12,2026-4-8 19:12,
c5c1428c-7c95-48ff-b5c9-16588825690f,10ea04b4-3e5f-41e5-b814-609afaa054b2,50000.0,100000.0,,,,,,,,,,,,,00000000-0000-0000-0000-000000000001,,2026-4-8 19:12,2026-4-8 19:12,
60f926fa-e0fd-4ea9-9762-ccb225117e38,d45e7752-e771-4dc1-b861-d62ec91023c7,,,,,,,,,,,,,,,00000000-0000-0000-0000-000000000001,,2026-4-8 19:12,2026-4-8 19:12,
a11d948f-d4a0-4bdc-be99-8b23285cfb60,d4ab8b21-a599-4913-8d51-1b3671805fe2,200000.0,500000.0,100000.0,,,,,,,,,,,,00000000-0000-0000-0000-000000000001,,2026-4-8 19:12,2026-4-8 19:12,
1b72e824-6738-43cf-bef0-09845b8b7540,3129d54e-e0a7-4d06-bcd1-28c7a3bb0247,,,,,,,,,,,,,,,00000000-0000-0000-0000-000000000001,,2026-4-8 19:12,2026-4-8 19:12,
456cafb2-d4e5-44b2-b918-5ceccf5a542b,36e353f2-17fe-4b4c-b62a-db3653101066,1500000.0,2000000.0,200000.0,,,,,,,,,,,,00000000-0000-0000-0000-000000000001,,2026-4-8 19:12,2026-4-8 19:12,
975e3c4e-07fb-41a5-b6e8-439b03aff1b5,5b6f2aef-fb3b-4d29-a140-957067eb1c77,500000.0,1000000.0,200000.0,,,,,,,,,,,,00000000-0000-0000-0000-000000000001,,2026-4-8 19:12,2026-4-8 19:12,
ecde02b5-71e5-4706-95d7-111f09886a49,68853ef4-797a-4b6f-8326-62ffb12006de,500000.0,1000000.0,100000.0,,,,,,,,,,,,00000000-0000-0000-0000-000000000001,,2026-4-8 19:12,2026-4-8 19:12,
74b0eb9b-5d67-4325-9c52-f2fa7bcdc523,d556c26c-2a27-4152-881a-dccb13d273e6,200000.0,500000.0,1500000.0,,,,,,,,,,,,00000000-0000-0000-0000-000000000001,,2026-4-8 19:12,2026-4-8 19:12,
82c1f4f6-ef2a-49d7-a340-4cb18c389b41,202974c3-bb99-4606-a9df-3acaf97fc403,2000000.0,3000000.0,,,,,,,,,,,,,00000000-0000-0000-0000-000000000001,,2026-4-8 19:12,2026-4-8 19:12,
a02771ca-d8bc-403e-9938-8e7c3f8b33fb,967cf03a-6afc-4f31-8c8f-96fb68e7cf0f,200000.0,500000.0,100000.0,,,,,,,,,,,,00000000-0000-0000-0000-000000000001,,2026-4-8 19:12,2026-4-8 19:12,
35ef792b-89cf-4401-8b1c-50b607e89dc4,2dae1a13-12ec-4a15-b2c1-b5a932f6d1a0,1000000.0,1500000.0,200000.0,,,,,,,,,,,,00000000-0000-0000-0000-000000000001,,2026-4-8 19:12,2026-4-8 19:12,
9650e5c1-9214-42c0-8d91-af3f7be61f7d,87fd4024-5953-4a82-b443-32ab625d7efb,100000.0,200000.0,,,,,,,,,,,,,00000000-0000-0000-0000-000000000001,,2026-4-8 19:12,2026-4-8 19:12,
c859ca46-7800-4cc4-9ac3-4dbbe8914e7d,d97ef9c1-d4ad-4f39-b7fd-1cb7dd120b74,200000.0,500000.0,100000.0,,,,,,,,,,,,00000000-0000-0000-0000-000000000001,,2026-4-8 19:12,2026-4-8 19:12,
b49823ea-f338-4ad5-aff4-37cdc54f5314,8dba2294-6d34-48a3-8552-d71a5949a955,2000000.0,3000000.0,500000.0,,,,,,,,,,,,00000000-0000-0000-0000-000000000001,,2026-4-8 19:12,2026-4-8 19:12,
54db08e6-994c-4194-ba59-599d4fdad960,ffaea16a-d14c-49d3-9905-f3d09589fafe,10000000.0,20000000.0,,,,,,,,,,,,,00000000-0000-0000-0000-000000000001,,2026-4-8 19:12,2026-4-8 19:12,
80071d57-db2a-4002-a63f-501e738da978,8cc87d99-11c8-4c4a-98e5-29a31fa27d2e,,,,,,,,,,,,,,,00000000-0000-0000-0000-000000000001,,2026-4-8 19:12,2026-4-8 19:12,
76315fce-7171-4c63-8236-78375da21d4d,6beac2ee-d54b-43f0-8c5b-266b627b18cb,500000.0,1000000.0,200000.0,,,,,,,,,,,,00000000-0000-0000-0000-000000000001,,2026-4-8 19:12,2026-4-8 19:12,
1e6f5d3e-9c19-44c2-883b-c496be044fda,f70d6a96-eb73-49e1-815a-a005fecce895,100000.0,200000.0,100000.0,,,,,,,,,,,,00000000-0000-0000-0000-000000000001,,2026-4-8 19:12,2026-4-8 19:12,
3a4524b0-62cd-4d72-813a-fd1da8a6d830,6b737e45-52e2-4dd0-9e7f-56eb0114323e,1000000.0,1500000.0,50000.0,,,,,,,,,,,,00000000-0000-0000-0000-000000000001,,2026-4-8 19:12,2026-4-8 19:12,
b3b57fd0-ef83-426d-958f-551edbc86fb0,25fc91f9-cfb1-47a1-ac15-b82f1236da42,500000.0,1000000.0,50000.0,,,,,,,,,,,,00000000-0000-0000-0000-000000000001,,2026-4-8 19:12,2026-4-8 19:12,
36e78e09-00fe-4876-8322-e5b10ed2c836,0e0ff1c9-0dd0-4843-8bce-9afaf07fd96a,100000.0,200000.0,100000.0,,,,,,,,,,,,00000000-0000-0000-0000-000000000001,,2026-4-8 19:12,2026-4-8 19:12,
226b789e-edd2-4e3f-9694-df2c28bc71f8,8c2df6ca-2071-4644-a545-48b6d710fc49,500000.0,1000000.0,50000.0,,,,,,,,,,,,00000000-0000-0000-0000-000000000001,,2026-4-8 19:12,2026-4-8 19:12,
2655d4d2-e902-4fc3-8d74-9e2ec0dd761b,49867397-ae1c-49b6-bae0-95da49b42d9d,1500000.0,2000000.0,50000.0,,,,,,,,,,,,00000000-0000-0000-0000-000000000001,,2026-4-8 19:12,2026-4-8 19:12,
2096f14d-4627-429d-b1df-e777ddb34515,e9550d65-cd80-41cf-9a02-e6cd98776bc7,,,500000.0,,,,,,,,,,,,00000000-0000-0000-0000-000000000001,,2026-4-8 19:12,2026-4-8 19:12,
b1e589dd-5a1f-4763-99b9-37dacc7ec889,85d039f0-5e4b-4ea7-aded-29921b103cc8,500000.0,1000000.0,100000.0,,,,,,,,,,,,00000000-0000-0000-0000-000000000001,,2026-4-8 19:12,2026-4-8 19:12,
1ac97b16-c5b4-4400-b1cc-30b54475bb45,3c60fe5a-b137-43d5-9d41-6100f5433db6,1500000.0,2000000.0,200000.0,,,,,,,,,,,,00000000-0000-0000-0000-000000000001,,2026-4-8 19:12,2026-4-8 19:12,
35f60346-472b-4037-882a-66d6aabab1b1,be3ef8b3-7477-4e3c-b42a-e69e3a5188a6,200000.0,500000.0,,,,,,,,,,,,,00000000-0000-0000-0000-000000000001,,2026-4-8 19:12,2026-4-8 19:12,
08293949-820f-43e6-9c89-3ae5b8119a73,062f90b1-f5a1-4d84-9f2f-33f2d344574c,200000.0,500000.0,200000.0,,,,,,,,,,,,00000000-0000-0000-0000-000000000001,,2026-4-8 19:12,2026-4-8 19:12,
9b17b449-c3ad-4dc0-bc27-6d33d09db47c,180aa5c3-e206-40c1-be84-03a13f44d95b,500000.0,1000000.0,100000.0,,,,,,,,,,,,00000000-0000-0000-0000-000000000001,,2026-4-8 19:12,2026-4-8 19:12,
3f77c7ef-ef4d-45bc-b992-9f204abc3c8c,48bc8bb2-20e9-40e0-89fd-34b5de22d937,500000.0,1000000.0,50000.0,,,,,,,,,,,,00000000-0000-0000-0000-000000000001,,2026-4-8 19:12,2026-4-8 19:12,
261de758-dad5-4206-8da4-0f4f7a6ae4ef,e92af47d-fb48-4b0b-bc24-4c41f0ea5a7f,4000000.0,5000000.0,4000000.0,,,,,,,,,,,,00000000-0000-0000-0000-000000000001,,2026-4-8 19:12,2026-4-8 19:12,
d48e005a-c7c5-480b-a1a0-0b60498b6372,27c7ed09-146d-47e7-83b6-6618ef1ad0aa,200000.0,500000.0,100000.0,,,,,,,,,,,,00000000-0000-0000-0000-000000000001,,2026-4-8 19:12,2026-4-8 19:12,
7bafe5c5-75da-4702-9b4b-2d765910636b,97bb530c-ca1c-4f01-854a-3a82f077917a,7500000.0,10000000.0,2000000.0,,,,,,,,,,,,00000000-0000-0000-0000-000000000001,,2026-4-8 19:12,2026-4-8 19:12,
d4690d43-c4d0-4ad7-a5fa-7ecb8583deeb,634fdb8d-2a3b-406c-8823-d84ccef65eab,,,,,,,,,,,,,,,00000000-0000-0000-0000-000000000001,,2026-4-8 19:12,2026-4-8 19:12,
da1e79f2-042d-49e0-8109-757935228187,a491a643-96c4-49ec-8886-bf2ee9d6e088,100000.0,200000.0,,,,,,,,,,,,,00000000-0000-0000-0000-000000000001,,2026-4-8 19:12,2026-4-8 19:12,
557cc393-f583-422e-90a4-b4bec823f937,d59920ab-b027-4924-9984-bd2894a5237e,,,,,,,,,,,,,,,00000000-0000-0000-0000-000000000001,,2026-4-8 19:12,2026-4-8 19:12,
e4ec8ceb-830d-43cb-b319-2e18ef405c2d,80471736-106b-4fec-9948-e968afac20dd,1500000.0,2000000.0,100000.0,,,,,,,,,,,,00000000-0000-0000-0000-000000000001,,2026-4-8 19:12,2026-4-8 19:12,
11b0bb2e-ab5a-49db-860b-b513cb4a2d48,637e8f2e-460a-42bb-8465-83491060986d,,,,,,,,,,,,,,,00000000-0000-0000-0000-000000000001,,2026-4-8 19:12,2026-4-8 19:12,
e9ccabba-fa70-48f4-984a-a81f40c5390f,5c977663-db4a-4889-8284-b455879bdc94,500000.0,1000000.0,200000.0,,,,,,,,,,,,00000000-0000-0000-0000-000000000001,,2026-4-8 19:12,2026-4-8 19:12,
4d1d19ed-e140-4a9f-93d3-0932ec5ca234,9265b2e7-d2c2-4488-bac2-7209238e6038,50000.0,100000.0,50000.0,,,,,,,,,,,,00000000-0000-0000-0000-000000000001,,2026-4-8 19:12,2026-4-8 19:12,
f10edc62-b0cd-4de4-951b-1d0d3bc52255,100cb07d-4948-4342-9db2-70fafa842d09,500000.0,1000000.0,50000.0,,,,,,,,,,,,00000000-0000-0000-0000-000000000001,,2026-4-8 19:12,2026-4-8 19:12,
004e40d9-b585-4147-bcd8-fb2c6b4aa6fa,2c1dd040-c9e2-4bb5-8201-abaa85afec41,5000000.0,7500000.0,100000.0,,,,,,,,,,,,00000000-0000-0000-0000-000000000001,,2026-4-8 19:12,2026-4-8 19:12,
eeae2e4c-ec6e-43a1-8a72-a4abf100fbb2,bd9961a8-1b2c-48a1-9e7c-1093d694f730,100000.0,200000.0,50000.0,,,,,,,,,,,,00000000-0000-0000-0000-000000000001,,2026-4-8 19:12,2026-4-8 19:12,
170dac94-210a-40c9-aa68-c89ba5185102,769579e7-f665-48e1-830f-8becf554c2d9,500001.0,1000000.0,,,,,,,,,,,,,00000000-0000-0000-0000-000000000001,,2026-4-8 19:12,2026-4-8 19:12,
8c593310-cca5-4314-86e6-dbefc37e4776,1c93d068-6d64-47c9-ada2-355d253d9beb,,,,,,,,,,,,,,,00000000-0000-0000-0000-000000000001,,2026-4-8 19:12,2026-4-8 19:12,
2f63a5b8-5537-4904-a7e1-804f0f32a040,c3563e22-7aa3-4619-9b77-ac1615166602,500000.0,1000000.0,,,,,,,,,,,,,00000000-0000-0000-0000-000000000001,,2026-4-8 19:12,2026-4-8 19:12,
a83e0dd2-5452-45a8-bd82-34537261d157,0d2ef685-30ca-4ca7-a98d-95eb2f24bcc4,1000000.0,1500000.0,200000.0,,,,,,,,,,,,00000000-0000-0000-0000-000000000001,,2026-4-8 19:12,2026-4-8 19:12,
0aa98ce4-b9a8-4671-ba1a-14b5e21600fe,238d8f8d-9556-4fab-a629-26e50c0e3542,1000000.0,1500000.0,,,,,,,,,,,,,00000000-0000-0000-0000-000000000001,,2026-4-8 19:12,2026-4-8 19:12,
a9cbc289-a1cb-4d57-94ef-73172ada5308,baeed1be-789b-49fd-8524-9f6a62e87d27,500000.0,1000000.0,,,,,,,,,,,,,00000000-0000-0000-0000-000000000001,,2026-4-8 19:12,2026-4-8 19:12,
f7a6fb56-dade-4b2f-bb0e-d343fc13f0d5,e6c1c307-d417-42bc-b7c2-0cd54c18d174,1500000.0,2000000.0,200000.0,,,,,,,,,,,,00000000-0000-0000-0000-000000000001,,2026-4-8 19:12,2026-4-8 19:12,
2bfa156c-b06b-4a2b-bf98-80af06b196a8,cfdaaad7-8219-4a06-bc76-f585febe4176,50000.0,100000.0,200000.0,,,,,,,,,,,,00000000-0000-0000-0000-000000000001,,2026-4-8 19:12,2026-4-8 19:12,
f4f92619-a733-49e9-93fc-cc17b60c2e6c,e691e67f-64a3-4d92-9061-b8fab30f6c31,50000.0,100000.0,50000.0,,,,,,,,,,,,00000000-0000-0000-0000-000000000001,,2026-4-8 19:12,2026-4-8 19:12,
8fa778ef-bc75-4b28-9a7d-194256e48adb,3831a244-01f1-4b87-ab04-17d1466486f3,100000.0,200000.0,50000.0,,,,,,,,,,,,00000000-0000-0000-0000-000000000001,,2026-4-8 19:12,2026-4-8 19:12,
4da12cf0-42fb-441b-a346-8631cc6af759,9244fbe5-f581-4787-972b-9ebcba2481ad,200000.0,500000.0,50000.0,,,,,,,,,,,,00000000-0000-0000-0000-000000000001,,2026-4-8 19:12,2026-4-8 19:12,
1805ab6e-6559-46ae-8b5c-b7cdfd8d0b93,eaca0c8e-439b-4a7c-b455-c2469397111a,100000.0,200000.0,,,,,,,,,,,,,00000000-0000-0000-0000-000000000001,,2026-4-8 19:12,2026-4-8 19:12,
bdf9ae9e-59d1-4273-ba38-76cc4ad5fe96,e0a0da4b-61c8-49d9-9b36-6df58a58e79e,,,,,,,,,,,,,,,00000000-0000-0000-0000-000000000001,,2026-4-8 19:12,2026-4-8 19:12,
32dc4d66-d30e-4c95-a932-b8c7d36d19d0,205f955b-e417-42f5-8b19-d1c738c65ccb,1000000.0,1500000.0,200000.0,,,,,,,,,,,,00000000-0000-0000-0000-000000000001,,2026-4-8 19:12,2026-4-8 19:12,
0d95e313-9250-42c6-ba45-59c8dad7475d,3e427620-539d-4449-bf55-d731422da5e4,,,,,,,,,,,,,,,00000000-0000-0000-0000-000000000001,,2026-4-8 19:12,2026-4-8 19:12,
8c10e6c6-5510-4c54-8d1a-dbef20c905f2,0945c5e3-0eee-468c-b8f5-7dedcd7e4b41,200000.0,500000.0,200000.0,,,,,,,,,,,,00000000-0000-0000-0000-000000000001,,2026-4-8 19:12,2026-4-8 19:12,
27db3b6a-ff59-4452-a52b-d1ede52d8390,86acb327-0ae9-49e7-8e94-a6b5b154a01e,500000.0,1000000.0,,,,,,,,,,,,,00000000-0000-0000-0000-000000000001,,2026-4-8 19:12,2026-4-8 19:12,
a33635e0-47e9-4d2e-a214-2ab45a04a5da,b5460805-acb1-4a0c-b05b-2cbf2b3a5514,1000000.0,1500000.0,200000.0,,,,,,,,,,,,00000000-0000-0000-0000-000000000001,,2026-4-8 19:12,2026-4-8 19:12,
6c6f8620-54ca-409a-a7c3-0df6729d1e7a,2781d39b-146e-4448-a383-e7dc3abd7d85,50000.0,100000.0,,,,,,,,,,,,,00000000-0000-0000-0000-000000000001,,2026-4-8 19:12,2026-4-8 19:12,
c4e7db85-109e-492d-a212-0b18f04c6e36,e8cf9091-931f-45b4-a453-c6614bb520ab,,,100000.0,,,,,,,,,,,,00000000-0000-0000-0000-000000000001,,2026-4-8 19:12,2026-4-8 19:12,
d0dfdcc4-3bd8-4c4f-ba88-42e9ce302ec0,ef87db92-3864-4b91-ac32-1b35657cbc23,1500000.0,2000000.0,200000.0,,,,,,,,,,,,00000000-0000-0000-0000-000000000001,,2026-4-8 19:12,2026-4-8 19:12,
1bd6c51a-0696-4fbd-ae8a-6c48c32466c1,c4c2d6d1-d28b-48bd-b4f3-fc3e5fa384b7,200000.0,500000.0,100000.0,,,,,,,,,,,,00000000-0000-0000-0000-000000000001,,2026-4-8 19:12,2026-4-8 19:12,
d020f36f-4a28-47f3-9992-cf1ffb30c6b9,bde87b16-e3b8-49f8-b641-21bf4d9b1443,200000.0,500000.0,,,,,,,,,,,,,00000000-0000-0000-0000-000000000001,,2026-4-8 19:12,2026-4-8 19:12,
a54ad942-44d3-4e13-b50e-a481e9b939b4,d6460d2c-b728-4a79-ac22-3bba13d71f16,200000.0,500000.0,,,,,,,,,,,,,00000000-0000-0000-0000-000000000001,,2026-4-8 19:12,2026-4-8 19:12,
bd878a57-d6dd-4e61-ae59-0ce7becd9298,0fdbdd87-d566-465d-9856-6080eb0da1a6,5000000.0,7500000.0,,,,,,,,,,,,,00000000-0000-0000-0000-000000000001,,2026-4-8 19:12,2026-4-8 19:12,
8eb1a1ba-8b37-48b5-b6f6-e1ffdcdc50d6,7aaa1a5c-6b09-4d6f-8d07-e42bd22c7a84,1500000.0,2000000.0,,,,,,,,,,,,,00000000-0000-0000-0000-000000000001,,2026-4-8 19:12,2026-4-8 19:12,
2d048598-2e27-40b6-89ef-b9db49465127,e9c235fa-f837-4f02-8538-9eb8b5f6fd83,,,,,,,,,,,,,,,00000000-0000-0000-0000-000000000001,,2026-4-8 19:12,2026-4-8 19:12,
66d32210-58db-4634-a2e8-594a5e573ebe,4048f53a-03da-463a-b762-7e69aeb73ea5,1000000.0,1500000.0,200000.0,,,,,,,,,,,,00000000-0000-0000-0000-000000000001,,2026-4-8 19:12,2026-4-8 19:12,
1006f0d0-c548-40cf-94f5-5c7d79afbd98,0457a9d3-462c-4af6-9da0-d84a2ea0c569,200000.0,500000.0,200000.0,,,,,,,,,,,,00000000-0000-0000-0000-000000000001,,2026-4-8 19:12,2026-4-8 19:12,
c9df1cfb-144f-4756-a13e-d1a27cefcfa9,f3882697-d971-44d8-b01d-6aecb3091737,,,,,,,,,,,,,,,00000000-0000-0000-0000-000000000001,,2026-4-8 19:12,2026-4-8 19:12,
cde00169-593a-4b87-99f7-68032a02755e,7d650dca-df8b-4219-b35f-530279f78d7b,7500000.0,10000000.0,200000.0,,,,,,,,,,,,00000000-0000-0000-0000-000000000001,,2026-4-8 19:12,2026-4-8 19:12,
da20e4b7-bae0-4d6d-8ed8-f32e46fcb5ee,75d4deae-0256-4115-82b0-e05ac6f159cd,20000000.0,50000000.0,200000.0,,,,,,,,,,,,00000000-0000-0000-0000-000000000001,,2026-4-8 19:12,2026-4-8 19:12,
0a449691-e114-4008-ad97-e5f7c7050bb3,3a115f4c-05df-4787-9557-39df180a6b6b,2000000.0,3000000.0,,,,,,,,,,,,,00000000-0000-0000-0000-000000000001,,2026-4-8 19:12,2026-4-8 19:12,
116f9807-da9f-4978-8ef9-432954c2fd1b,cf748107-b855-4aa7-aa13-7e31586fffe3,,,,,,,,,,,,,,,00000000-0000-0000-0000-000000000001,,2026-4-8 19:12,2026-4-8 19:12,
8045bbd1-12a4-4d53-9909-2679686ca3e2,1b84ec19-5fb9-4087-8fa7-10c161a9156f,,,,,,,,,,,,,,,00000000-0000-0000-0000-000000000001,,2026-4-8 19:12,2026-4-8 19:12,
1b46db76-35cd-4d97-9257-63288523941e,f3d2b489-940c-461f-a00e-f489a48ac259,500000.0,1000000.0,50000.0,,,,,,,,,,,,00000000-0000-0000-0000-000000000001,,2026-4-8 19:12,2026-4-8 19:12,
86ff520b-c96c-4210-9dca-a70a319d57eb,882c2f7d-4128-457d-b8b7-ad9355390c31,1000000.0,1500000.0,200000.0,,,,,,,,,,,,00000000-0000-0000-0000-000000000001,,2026-4-8 19:12,2026-4-8 19:12,
4a21676c-d1b3-41f9-b791-9fa6b233fa93,81dfb7ef-434f-49e3-b162-c860ad188091,,,,,,,,,,,,,,,00000000-0000-0000-0000-000000000001,,2026-4-8 19:12,2026-4-8 19:12,
426f38f6-d212-4ce6-b6d4-64ceeb4a2ddb,f0d16f3d-3dae-4f39-aac4-ff6e28ae80f8,50000.0,100000.0,50000.0,,,,,,,,,,,,00000000-0000-0000-0000-000000000001,,2026-4-8 19:12,2026-4-8 19:12,
a870f79f-2d53-4a5f-925d-1319f541cb4e,e26e1006-9bc7-471b-a941-441ece2c386b,,,,,,,,,,,,,,,00000000-0000-0000-0000-000000000001,,2026-4-8 19:12,2026-4-8 19:12,
1ebc80c4-717c-4f58-af83-4e4ebb920d9d,770806fc-1d33-4fcc-8c58-6cfaaedfffb8,1500000.0,2000000.0,500000.0,,,,,,,,,,,,00000000-0000-0000-0000-000000000001,,2026-4-8 19:12,2026-4-8 19:12,
821ebd44-ac14-4914-8844-e84cf6948437,318ff1b7-7cd8-4841-95c1-1261d6cba0cd,,,,,,,,,,,,,,,00000000-0000-0000-0000-000000000001,,2026-4-8 19:12,2026-4-8 19:12,
fff9ab32-9efc-4a04-b748-a7cf8f2fd0db,fceddc00-fab6-4ab5-b4d1-e59c873544a5,200000.0,500000.0,50000.0,,,,,,,,,,,,00000000-0000-0000-0000-000000000001,,2026-4-8 19:12,2026-4-8 19:12,
fc22b7ae-53b3-40e2-9160-164105c0ae06,e5cf947e-3aaa-4c11-a4ec-dcde9719f36a,200000.0,500000.0,50000.0,,,,,,,,,,,,00000000-0000-0000-0000-000000000001,,2026-4-8 19:12,2026-4-8 19:12,
0c99b639-0c00-467e-a3f9-6b98b0d0f2dd,69bf4348-7dc1-434e-97ff-91b04a3813dc,200000.0,500000.0,,,,,,,,,,,,,00000000-0000-0000-0000-000000000001,,2026-4-8 19:12,2026-4-8 19:12,
a6ba0da0-8d43-4507-91cb-4219d4bd5d73,51220a45-6fab-4486-a58a-0e9fb94920b1,5000000.0,7500000.0,,,,,,,,,,,,,00000000-0000-0000-0000-000000000001,,2026-4-8 19:12,2026-4-8 19:12,
46e27416-b291-41b9-a31d-23db79da2d3c,3db31307-0a09-4017-99e4-77078b24977f,5000000.0,7500000.0,500000.0,,,,,,,,,,,,00000000-0000-0000-0000-000000000001,,2026-4-8 19:12,2026-4-8 19:12,
90877f28-f758-4633-9c09-75b689e45a87,a7eba6dd-da86-4c11-8fb0-7777f6bbe9b3,200000.0,500000.0,,,,,,,,,,,,,00000000-0000-0000-0000-000000000001,,2026-4-8 19:12,2026-4-8 19:12,
886c29f8-82c1-4350-ab02-4189a2f43263,e692ab0e-c042-4bba-8f6f-f1f8818e9524,50000.0,100000.0,,,,,,,,,,,,,00000000-0000-0000-0000-000000000001,,2026-4-8 19:12,2026-4-8 19:12,
d2dd789a-ce19-4029-a5ec-88dab5db26bc,f666be8b-6d4d-4238-b91b-c8427cced688,200000.0,500000.0,,,,,,,,,,,,,00000000-0000-0000-0000-000000000001,,2026-4-8 19:12,2026-4-8 19:12,
6aa2ff9c-22f5-4fc6-bf92-66a0c178548b,406220bf-ebb8-4585-8c20-816004c83a2a,10000000.0,20000000.0,100000.0,,,,,,,,,,,,00000000-0000-0000-0000-000000000001,,2026-4-8 19:12,2026-4-8 19:12,
6c557974-3b64-48fd-b40e-7502b0af88ca,9be962ca-435f-409c-8405-7c258a5e4540,50000.0,100000.0,,,,,,,,,,,,,00000000-0000-0000-0000-000000000001,,2026-4-8 19:12,2026-4-8 19:12,
78afb027-b34a-4c52-b39e-e251c4bb8716,d729e1da-3192-4c63-b002-295d95108206,50000.0,100000.0,,,,,,,,,,,,,00000000-0000-0000-0000-000000000001,,2026-4-8 19:12,2026-4-8 19:12,
fe4b0ac3-2ff6-43f9-84a7-a64bc3eae8cd,ef796d0e-41d1-49a9-b18c-e3bb33c828c7,,,,,,,,,,,,,,,00000000-0000-0000-0000-000000000001,,2026-4-8 19:12,2026-4-8 19:12,
28a843d1-8f2f-43d9-bb8e-72489f3f6e55,9046587f-af6b-4754-a11b-0de9a917a5da,,,,,,,,,,,,,,,00000000-0000-0000-0000-000000000001,,2026-4-8 19:12,2026-4-8 19:12,
1c424d63-4262-44a0-b9c3-4799715cd6e3,053d455f-f348-47a7-abb5-1f0aa90800db,500000.0,1000000.0,50000.0,,,,,,,,,,,,00000000-0000-0000-0000-000000000001,,2026-4-8 19:12,2026-4-8 19:12,
8ee25ea7-d630-472c-907f-2e7ae3ae57a4,340660f7-d55a-4a46-b7aa-cc571a54ee8b,,,,,,,,,,,,,,,00000000-0000-0000-0000-000000000001,,2026-4-8 19:12,2026-4-8 19:12,
9a9655b3-57cc-4f73-a899-b9071f758eb2,b8bab8c8-4073-4c8a-ae59-88aeb7f38034,200000.0,500000.0,300000.0,,,,,,,,,,,,00000000-0000-0000-0000-000000000001,,2026-4-8 19:12,2026-4-8 19:12,
076d47b3-3cc1-49b7-afaf-e016aaa0c777,621a3355-74b1-43be-acbe-da7478db825e,200000.0,500000.0,,,,,,,,,,,,,00000000-0000-0000-0000-000000000001,,2026-4-8 19:12,2026-4-8 19:12,
99f6f821-80b6-4d63-ba4b-c3cdb8f49e8a,3dc42170-96e0-4a96-a099-1ef7494cf6e1,7500000.0,10000000.0,,,,,,,,,,,,,00000000-0000-0000-0000-000000000001,,2026-4-8 19:12,2026-4-8 19:12,
d1ab4a49-903c-4a40-b76c-2de2bfa779fe,dbf804db-4b49-4aa5-ad9f-2434275ebe70,50000.0,100000.0,,,,,,,,,,,,,00000000-0000-0000-0000-000000000001,,2026-4-8 19:12,2026-4-8 19:12,
93272a6e-b562-485d-ac08-0d9a2383034f,7792e759-bf79-4fff-98e4-b69f4bd1d892,,,,,,,,,,,,,,,00000000-0000-0000-0000-000000000001,,2026-4-8 19:12,2026-4-8 19:12,
b842bebe-b8e7-4406-b605-d21537b2da69,fb1728a5-2463-480f-a478-c9f5246ebf78,50000.0,100000.0,50000.0,,,,,,,,,,,,00000000-0000-0000-0000-000000000001,,2026-4-8 19:12,2026-4-8 19:12,
5339c078-def4-4e1d-bf6d-199758b2f628,312eb8b0-0c26-42b5-bc97-65bd2f9edb56,500000.0,1000000.0,,,,,,,,,,,,,00000000-0000-0000-0000-000000000001,,2026-4-8 19:12,2026-4-8 19:12,
a8a7abfd-07ca-4b9c-9d58-12ef5a50e7f3,35d98fcf-d37e-4986-adb1-5ea6f4d648e1,50000.0,100000.0,50000.0,,,,,,,,,,,,00000000-0000-0000-0000-000000000001,,2026-4-8 19:12,2026-4-8 19:12,
5f0c7ac3-cf37-4581-b3f1-1143ec963e20,ba7fc149-0aeb-4ee5-ba77-0d3ce433ac6f,100000.0,200000.0,100000.0,,,,,,,,,,,,00000000-0000-0000-0000-000000000001,,2026-4-8 19:12,2026-4-8 19:12,
801bdf85-e5bb-4fd8-aa4f-55968434b7d3,845f854d-486a-407b-abdc-9eee1a9d5e0b,,,,,,,,,,,,,,,00000000-0000-0000-0000-000000000001,,2026-4-8 19:12,2026-4-8 19:12,
2c665fb5-6c99-473a-a125-8cd1a6f373a0,6be8a4f6-2ba9-4206-bd3a-41621bd3faf2,500000.0,1000000.0,50000.0,,,,,,,,,,,,00000000-0000-0000-0000-000000000001,,2026-4-8 19:12,2026-4-8 19:12,
a25c6eac-a963-41b9-b354-d109244d77be,b9f325f7-a411-4a9b-815f-2a1114f121e8,100000.0,200000.0,50000.0,,,,,,,,,,,,00000000-0000-0000-0000-000000000001,,2026-4-8 19:12,2026-4-8 19:12,
58d72b61-608e-4ff4-b4cb-a2ccea945350,f972c1fa-df77-4dfa-a12f-852db41b151b,200000.0,500000.0,,,,,,,,,,,,,00000000-0000-0000-0000-000000000001,,2026-4-8 19:12,2026-4-8 19:12,
a736d27f-11d5-4d4c-91e2-8a666a3746a0,a50c051e-00d4-40d5-80fc-acafad618301,500000.0,1000000.0,200000.0,,,,,,,,,,,,00000000-0000-0000-0000-000000000001,,2026-4-8 19:12,2026-4-8 19:12,
a5c53141-cb6c-4e67-9cfb-ac57b3b8902a,f35f9205-3445-46fc-93a7-70754bbb831e,500000.0,1000000.0,,,,,,,,,,,,,00000000-0000-0000-0000-000000000001,,2026-4-8 19:12,2026-4-8 19:12,
5c8bfa64-b038-48e7-ad0e-6a0f2e833fc7,b6928231-2f7d-4312-a104-6c4f4072639b,200000.0,500000.0,200000.0,,,,,,,,,,,,00000000-0000-0000-0000-000000000001,,2026-4-8 19:12,2026-4-8 19:12,
84a950ac-2e4e-4982-a9b3-cb0d125699c7,068db058-9b57-4f92-a6e8-3b8040ff294d,4000000.0,5000000.0,200000.0,,,,,,,,,,,,00000000-0000-0000-0000-000000000001,,2026-4-8 19:12,2026-4-8 19:12,
2d680d0c-9579-4338-a3b4-20d52c315150,ba807709-b813-4de7-b718-ab7b0632caa0,11500000.0,11500000.0,,,,,,,,,,,,,00000000-0000-0000-0000-000000000001,,2026-4-8 19:12,2026-4-8 19:12,
a97d4e5d-af9a-4814-a273-68686994baf4,b89c4430-fb8d-4b2a-8682-bcb3995c63b3,50000000.0,100000000.0,2000000.0,,,,,,,,,,,,00000000-0000-0000-0000-000000000001,,2026-4-8 19:12,2026-4-8 19:12,
a1724db4-6b23-4a14-8fd2-679ad91bed71,5dddf3b9-e2f4-4ac9-9ba3-7d9876518fd1,,,,,,,,,,,,,,,00000000-0000-0000-0000-000000000001,,2026-4-8 19:12,2026-4-8 19:12,
0ebbffdf-7913-4ac9-b6b8-7e7ab2431a92,077d3a73-f642-4552-a99c-0f7ea7527d91,,,,,,,,,,,,,,,00000000-0000-0000-0000-000000000001,,2026-4-8 19:12,2026-4-8 19:12,
a2f4d82a-e951-4d71-8e7c-d8c44dd128b4,8a1ff7c2-68de-46c0-95af-2d35883eb196,,,,,,,,,,,,,,,00000000-0000-0000-0000-000000000001,,2026-4-8 19:12,2026-4-8 19:12,
47b954cf-a45f-4113-a186-1638e3a4dbb8,160623fb-ddfa-4509-ac87-d68e8fbedb69,500000.0,1000000.0,50000.0,,,,,,,,,,,,00000000-0000-0000-0000-000000000001,,2026-4-8 19:12,2026-4-8 19:12,
efd941d2-1f51-4be5-9e66-470f9e715786,f40db21d-f1e2-4e76-a492-7e39faa748b0,50000000.0,100000000.0,5000000.0,,,,,,,,,,,,00000000-0000-0000-0000-000000000001,,2026-4-8 19:12,2026-4-8 19:12,
206fee77-fa03-4b61-87a7-3914531d2343,700738d3-0a9e-4552-aa3d-7bccf57d3cee,,,,,,,,,,,,,,,00000000-0000-0000-0000-000000000001,,2026-4-8 19:12,2026-4-8 19:12,
beea5c47-64be-461d-9714-f1053fcfb982,44ddf9cd-a3f4-471e-b998-a16a0c6c68fe,5000000.0,7500000.0,,,,,,,,,,,,,00000000-0000-0000-0000-000000000001,,2026-4-8 19:12,2026-4-8 19:12,
31b465f3-81a6-4390-852a-8c6bf706e2c6,fe014b94-3e36-4d7a-b8dc-40a9609646b7,,,,,,,,,,,,,,,00000000-0000-0000-0000-000000000001,,2026-4-8 19:12,2026-4-8 19:12,
223c8229-ffcc-4650-98eb-594786e1c1fb,042a2855-069f-468e-a8fe-9fa9da0a2fbe,500000.0,1000000.0,,,,,,,,,,,,,00000000-0000-0000-0000-000000000001,,2026-4-8 19:12,2026-4-8 19:12,
d097a246-57fd-4aad-9754-387ed5999562,acc8868a-11f0-436d-8fb3-be31dd039824,500000.0,1000000.0,,,,,,,,,,,,,00000000-0000-0000-0000-000000000001,,2026-4-8 19:12,2026-4-8 19:12,
1415b963-7a42-4d76-8d8f-eb0a05371f4f,b05d00c5-b8cc-40a6-af42-7aea157e6900,50000000.0,100000000.0,20000000.0,,,,,,,,,,,,00000000-0000-0000-0000-000000000001,,2026-4-8 19:12,2026-4-8 19:12,
a6300eac-8f9a-4de3-99f0-cd584219fb66,e0876123-c161-41f6-8884-58faf275c69f,,,,,,,,,,,,,,,00000000-0000-0000-0000-000000000001,,2026-4-8 19:12,2026-4-8 19:12,
0cc262bd-a367-4175-98d0-f9c6ea2d4081,9ec8ca99-4c65-40cc-9c95-a2bbe3ced478,500000.0,1000000.0,50000.0,,,,,,,,,,,,00000000-0000-0000-0000-000000000001,,2026-4-8 19:12,2026-4-8 19:12,
1ce14758-c166-41d8-accc-0fb8cbdc1ad3,1b8e6d6d-113f-4e77-957f-01e3bd52578f,,,,,,,,,,,,,,,00000000-0000-0000-0000-000000000001,,2026-4-8 19:12,2026-4-8 19:12,
9a643751-d5ff-4120-b897-90937fb2c544,9e086037-cefe-425f-a357-1d6690f12dea,10000000.0,20000000.0,,,,,,,,,,,,,00000000-0000-0000-0000-000000000001,,2026-4-8 19:12,2026-4-8 19:12,
e95ddfd5-fb9f-46c2-ad08-e986a31292e0,b63fae1a-caa4-4f9a-9604-52d7cff8c9bd,500000.0,1000000.0,100000.0,,,,,,,,,,,,00000000-0000-0000-0000-000000000001,,2026-4-8 19:12,2026-4-8 19:12,
831c89ce-9646-4044-9632-91e63edb34bd,f4cec09d-2547-49fa-ba46-b389675c429d,5000000.0,7500000.0,500000.0,,,,,,,,,,,,00000000-0000-0000-0000-000000000001,,2026-4-8 19:12,2026-4-8 19:12,
6d026f9b-aa74-46ad-a083-56b71ee96dbc,ded5e446-f2c4-47aa-bd29-91730a7739bf,,,,,,,,,,,,,,,00000000-0000-0000-0000-000000000001,,2026-4-8 19:12,2026-4-8 19:12,
3ee76248-33f0-4493-b2dc-bd191192643e,a6902c41-259d-4c02-890c-9d26dbf44def,1000000.0,1500000.0,500000.0,,,,,,,,,,,,00000000-0000-0000-0000-000000000001,,2026-4-8 19:12,2026-4-8 19:12,
acdb854a-b807-4b2d-a7e6-e37496c10640,b7d63878-614a-4693-8c99-7e3d0fbe19c0,,,,,,,,,,,,,,,00000000-0000-0000-0000-000000000001,,2026-4-8 19:12,2026-4-8 19:12,
35321ec9-923b-4d60-9407-a3fe470c6632,3d73bf80-6457-439e-8cd4-5430ae98b975,200000.0,500000.0,,,,,,,,,,,,,00000000-0000-0000-0000-000000000001,,2026-4-8 19:12,2026-4-8 19:12,
7cdebf33-50c2-44c9-9153-057d09b6a544,5cf59a22-393b-4156-a2b7-16c15eeaa7bf,1000000.0,1500000.0,,,,,,,,,,,,,00000000-0000-0000-0000-000000000001,,2026-4-8 19:12,2026-4-8 19:12,
f72748fd-fee6-4ef6-a65b-6ac47a63ff92,4bc6f019-460b-4f53-a1ee-e195d6c6d2ba,100000.0,200000.0,50000.0,,,,,,,,,,,,00000000-0000-0000-0000-000000000001,,2026-4-8 19:12,2026-4-8 19:12,
df48e6ef-ce68-4916-873c-3fd0639044a1,2f924aab-43e7-45fe-93d6-2eb1c6193ab7,1000000.0,1500000.0,,,,,,,,,,,,,00000000-0000-0000-0000-000000000001,,2026-4-8 19:12,2026-4-8 19:12,
e5945a91-90a6-42d4-a8e7-bff30d32245e,250f66f9-35dd-44b5-8f9a-c1be3e798460,5000000.0,7500000.0,,,,,,,,,,,,,00000000-0000-0000-0000-000000000001,,2026-4-8 19:12,2026-4-8 19:12,
85885d1a-0573-4cf1-a81d-a17495174a63,9b8f1b41-8380-4e75-9886-2b2c38aa6397,50000.0,100000.0,50000.0,,,,,,,,,,,,00000000-0000-0000-0000-000000000001,,2026-4-8 19:12,2026-4-8 19:12,
d06b3167-73b1-43d8-96dc-15ac26cd854b,e9f40097-07b0-4914-9bac-82666fe10813,50000.0,100000.0,,,,,,,,,,,,,00000000-0000-0000-0000-000000000001,,2026-4-8 19:12,2026-4-8 19:12,
1c82e6dc-3f2e-468e-9d26-8f131a83422e,ad81ddd4-c599-4d34-bbb9-58130ba44c4e,500000.0,1000000.0,200000.0,,,,,,,,,,,,00000000-0000-0000-0000-000000000001,,2026-4-8 19:12,2026-4-8 19:12,
e843654e-7745-43c1-b27d-ba0db4780a0a,7f387838-b43c-4b61-845f-b2265fb3687b,1500000.0,2000000.0,200000.0,,,,,,,,,,,,00000000-0000-0000-0000-000000000001,,2026-4-8 19:12,2026-4-8 19:12,
8258574f-5b4d-4f91-9f0f-649623c93bb3,01a72b31-72fd-4f4b-8510-4316ff2decaf,,,,,,,,,,,,,,,00000000-0000-0000-0000-000000000001,,2026-4-8 19:12,2026-4-8 19:12,
4e406fc7-2628-4b13-8543-847ec47169c7,7ac0098a-aefc-448d-be62-36d3714e9fa7,3000000.0,4000000.0,1500000.0,,,,,,,,,,,,00000000-0000-0000-0000-000000000001,,2026-4-8 19:12,2026-4-8 19:12,
fe19a659-89ba-4a4d-b8bb-8494aeae931d,18a3d7a8-0ded-414d-8ab5-bed4626a4bd1,1000000.0,1500000.0,200000.0,,,,,,,,,,,,00000000-0000-0000-0000-000000000001,,2026-4-8 19:12,2026-4-8 19:12,
0d9d37d3-15eb-4e46-9faf-2947ad450f7b,e1f6f025-556d-4820-82dc-063bf63e0121,5000000.0,7500000.0,,,,,,,,,,,,,00000000-0000-0000-0000-000000000001,,2026-4-8 19:12,2026-4-8 19:12,
84ce5a55-9bb1-440f-a44e-e7bc0c9fbdd7,6e99e9de-a3e8-4b5b-b490-5eca725bb890,1000000.0,1500000.0,50000.0,,,,,,,,,,,,00000000-0000-0000-0000-000000000001,,2026-4-8 19:12,2026-4-8 19:12,
115f05bb-2877-499c-8d9c-91aee0c82735,a326f9a4-1e09-4af4-88d1-8e437ecc4ab0,200000.0,500000.0,50000.0,,,,,,,,,,,,00000000-0000-0000-0000-000000000001,,2026-4-8 19:12,2026-4-8 19:12,
c5697326-c07e-4b90-a36c-5eae525dc4e6,36e2d828-121e-420a-8965-b03adc307e7c,500000.0,1000000.0,,,,,,,,,,,,,00000000-0000-0000-0000-000000000001,,2026-4-8 19:12,2026-4-8 19:12,
618759a6-ebf5-4217-97ce-26e26e9b3d2d,6b0c4895-46c1-4338-a308-67d457cd2c27,50000.0,100000.0,,,,,,,,,,,,,00000000-0000-0000-0000-000000000001,,2026-4-8 19:12,2026-4-8 19:12,
d9e89f2b-971d-4efa-8a33-1c5e1ebfc593,77eb3c30-4f86-455d-953c-556e71e3b5e6,500000.0,1000000.0,50000.0,,,,,,,,,,,,00000000-0000-0000-0000-000000000001,,2026-4-8 19:12,2026-4-8 19:12,
26b5d33c-04fe-40b7-9238-61de179d464d,9baa2265-151c-4a03-bd67-c354c2955958,100000.0,200000.0,,,,,,,,,,,,,00000000-0000-0000-0000-000000000001,,2026-4-8 19:12,2026-4-8 19:12,
d4a3d896-e394-479f-85e1-2a8db055a1e9,25edcefb-3ec6-4291-8de2-802223ddb0df,1500000.0,2000000.0,,,,,,,,,,,,,00000000-0000-0000-0000-000000000001,,2026-4-8 19:12,2026-4-8 19:12,
6878a570-38c8-4ae7-ac56-aea65eccdba5,e6ae8cfd-5609-405d-84d0-eb2cd7dfb602,1000000.0,1500000.0,200000.0,,,,,,,,,,,,00000000-0000-0000-0000-000000000001,,2026-4-8 19:12,2026-4-8 19:12,
239548cf-98b1-418f-8a41-ee3f06716d33,da08f848-e342-4296-9b01-88e9fd6f60c8,1000000.0,1500000.0,50000.0,,,,,,,,,,,,00000000-0000-0000-0000-000000000001,,2026-4-8 19:12,2026-4-8 19:12,
2f943295-50e5-4bc4-a372-7ca2a71ccfda,24c57300-df31-4c78-866b-92fd3d34cc89,,,,,,,,,,,,,,,00000000-0000-0000-0000-000000000001,,2026-4-8 19:12,2026-4-8 19:12,
d843b2a5-9329-4581-916b-bbf34a6fa469,06641609-8d1f-4941-b037-5ed26c8445ef,500000.0,1000000.0,50000.0,,,,,,,,,,,,00000000-0000-0000-0000-000000000001,,2026-4-8 19:12,2026-4-8 19:12,
8bc0fa55-12ca-41c1-b3cc-5081901a7edf,56e2a6fd-0ffd-4bc1-8215-017d0f6552e2,500000.0,1000000.0,50000.0,,,,,,,,,,,,00000000-0000-0000-0000-000000000001,,2026-4-8 19:12,2026-4-8 19:12,
02a9c1f8-bc95-44af-abdd-4d27d4c71a1e,189df847-5c96-474b-95a6-157306476b4d,,,,,,,,,,,,,,,00000000-0000-0000-0000-000000000001,,2026-4-8 19:12,2026-4-8 19:12,
3a86d62c-f174-4a19-8cf2-45225876dd43,b0e1c1b0-2b80-496a-a4e9-887f327e006d,200000.0,500000.0,,,,,,,,,,,,,00000000-0000-0000-0000-000000000001,,2026-4-8 19:12,2026-4-8 19:12,
ce3d158e-3db0-4a78-9a01-8e359c6bf407,32047847-ba3f-491e-88c4-c991c5daacdc,500000.0,1000000.0,200000.0,,,,,,,,,,,,00000000-0000-0000-0000-000000000001,,2026-4-8 19:12,2026-4-8 19:12,
37da5aca-0613-4218-ab6b-e32acf95b117,2e674620-124c-48a6-8ed4-66ce3d32f744,7500000.0,10000000.0,1000000.0,,,,,,,,,,,,00000000-0000-0000-0000-000000000001,,2026-4-8 19:12,2026-4-8 19:12,
bfb6d1f9-511a-4865-9dbf-f6023a6fdd73,b1ef131b-bcab-476d-970c-a59289f935ef,,,,,,,,,,,,,,,00000000-0000-0000-0000-000000000001,,2026-4-8 19:12,2026-4-8 19:12,
c9e8323e-1974-4d5f-b83f-ea480b002586,b90e3faf-77d4-441d-88a2-67a9f4a9d03a,50000.0,100000.0,,,,,,,,,,,,,00000000-0000-0000-0000-000000000001,,2026-4-8 19:12,2026-4-8 19:12,
791cdf39-a88b-47ad-adc7-c6307b22df78,66324a4a-68b1-4a0c-9f9e-0268a53f724a,,,,,,,,,,,,,,,00000000-0000-0000-0000-000000000001,,2026-4-8 19:12,2026-4-8 19:12,
455bc6ed-c0f5-40f6-b8ea-1a65d841f51e,838261cd-1151-4d22-b47f-917c600c6a9f,,,,,,,,,,,,,,,00000000-0000-0000-0000-000000000001,,2026-4-8 19:12,2026-4-8 19:12,
60958e8e-12c6-4d24-9d6f-9a828ba2af11,7cd5a7a0-a2b8-4ac4-a744-d726c09bb2f2,500000.0,1000000.0,200000.0,,,,,,,,,,,,00000000-0000-0000-0000-000000000001,,2026-4-8 19:12,2026-4-8 19:12,
6144aea5-9fee-45e6-ba42-5b0025c75685,9f92ca7d-3106-4cd3-af1b-83475cc000f4,1000000.0,1500000.0,,,,,,,,,,,,,00000000-0000-0000-0000-000000000001,,2026-4-8 19:12,2026-4-8 19:12,
6cd9658d-8389-4f60-90d0-16aaa3caa3bd,924a000c-fe70-41bd-87c2-52b88cdd93bc,50000.0,100000.0,,,,,,,,,,,,,00000000-0000-0000-0000-000000000001,,2026-4-8 19:12,2026-4-8 19:12,
c13ac01e-e32c-4846-8ab0-1ab4bd342630,c7ec582c-9725-4ecd-8978-9753f2481d69,,,,,,,,,,,,,,,00000000-0000-0000-0000-000000000001,,2026-4-8 19:12,2026-4-8 19:12,
3835e61c-76f9-4776-9039-37b16d6124b0,b9384c60-a7ef-436b-acb6-8bd3838bc60e,50000.0,100000.0,,,,,,,,,,,,,00000000-0000-0000-0000-000000000001,,2026-4-8 19:12,2026-4-8 19:12,
fe798413-30b5-4ed9-9b8f-29bcc151c538,3ba35f12-ac66-4960-8ce6-88fbba3534a7,1000000.0,1500000.0,200000.0,,,,,,,,,,,,00000000-0000-0000-0000-000000000001,,2026-4-8 19:12,2026-4-8 19:12,
86483a6f-6d44-4515-8a02-7afe74e2d7da,e6624378-4692-46ec-9109-73be35ac872d,5000000.0,7500000.0,,,,,,,,,,,,,00000000-0000-0000-0000-000000000001,,2026-4-8 19:12,2026-4-8 19:12,
4a398d14-9384-475e-9a2f-0553050ac296,4d85b217-18e1-4a50-8056-bfb8e07658da,100000.0,200000.0,50000.0,,,,,,,,,,,,00000000-0000-0000-0000-000000000001,,2026-4-8 19:12,2026-4-8 19:12,
9d139326-f98e-4ad4-b33b-47cd448e10e9,3e0192de-3758-492d-a303-21e94554e8b2,,,,,,,,,,,,,,,00000000-0000-0000-0000-000000000001,,2026-4-8 19:12,2026-4-8 19:12,
4986d333-f037-4edf-9918-ce9670af21ec,2a08f1d2-7cf6-4828-8e4c-c87e4a7f5065,5000000.0,7500000.0,,,,,,,,,,,,,00000000-0000-0000-0000-000000000001,,2026-4-8 19:12,2026-4-8 19:12,
434a5a17-d9aa-4b70-96a9-70c84a22b5cf,2fb23263-7912-4e25-95fa-6e731e792183,500000.0,1000000.0,,,,,,,,,,,,,00000000-0000-0000-0000-000000000001,,2026-4-8 19:12,2026-4-8 19:12,
61163f6d-5e4a-48b3-ae9c-ef715db8e012,78f92764-be1d-4eec-8a7d-eaa8fb4e1733,5000000.0,7500000.0,500000.0,,,,,,,,,,,,00000000-0000-0000-0000-000000000001,,2026-4-8 19:12,2026-4-8 19:12,
9f67610b-aeb7-4123-8890-5aa85dba0f53,e563a68e-5a9d-47da-887f-986daf7d8d20,500000.0,1000000.0,,,,,,,,,,,,,00000000-0000-0000-0000-000000000001,,2026-4-8 19:12,2026-4-8 19:12,
cb667933-9167-4bc4-9e53-351ebc858cd2,d0fdb033-801b-4ae2-8097-10c1021aff96,,,,,,,,,,,,,,,00000000-0000-0000-0000-000000000001,,2026-4-8 19:12,2026-4-8 19:12,
170bff7e-a825-45c6-ab9b-1332365d2d71,1b8c3826-ce49-4807-b967-b7ca4e81f2e0,200000.0,500000.0,,,,,,,,,,,,,00000000-0000-0000-0000-000000000001,,2026-4-8 19:12,2026-4-8 19:12,
de2b4348-2ce9-41da-b1eb-27a2bc01ee7b,58edfc0a-63e1-411c-bac0-7f157fb165da,200000.0,500000.0,,,,,,,,,,,,,00000000-0000-0000-0000-000000000001,,2026-4-8 19:12,2026-4-8 19:12,
69a3b51b-101e-4c6c-bdc6-757220fc71bf,10c97c82-1b55-4e96-b72b-a6a6c0478864,200000.0,500000.0,,,,,,,,,,,,,00000000-0000-0000-0000-000000000001,,2026-4-8 19:12,2026-4-8 19:12,
be29742d-2965-4f55-aede-2b8d69159707,a70a8b5b-6da2-49ad-87c6-08dd6fa5b76f,2000000.0,3000000.0,,,,,,,,,,,,,00000000-0000-0000-0000-000000000001,,2026-4-8 19:12,2026-4-8 19:12,
d302a7a2-3097-4f5d-83ec-8548ec1d2553,409eb261-d477-4627-a2ef-0aaa69ea5f4c,200000.0,500000.0,200000.0,,,,,,,,,,,,00000000-0000-0000-0000-000000000001,,2026-4-8 19:12,2026-4-8 19:12,
e1b64178-f508-40b2-9a27-98f7fa29d32e,82f8495d-2b15-4fb0-ba3d-481bb33eef2c,500000.0,1000000.0,500000.0,,,,,,,,,,,,00000000-0000-0000-0000-000000000001,,2026-4-8 19:12,2026-4-8 19:12,
5a35a211-feea-4d5f-b876-2d1ec26c72ac,5e26a2f7-46e4-45ee-b74a-99adc60cf62f,50000.0,100000.0,50000.0,,,,,,,,,,,,00000000-0000-0000-0000-000000000001,,2026-4-8 19:12,2026-4-8 19:12,
d86fae86-aa3c-48ca-86f3-6a351fb80aca,dc4fded0-7ced-4568-809c-0e9b214ea771,,,,,,,,,,,,,,,00000000-0000-0000-0000-000000000001,,2026-4-8 19:12,2026-4-8 19:12,
3deb3e45-ab0c-4321-8418-ab9b675735a5,281d6596-487c-40cb-b1e6-7b75817e2dd6,500000.0,1000000.0,50000.0,,,,,,,,,,,,00000000-0000-0000-0000-000000000001,,2026-4-8 19:12,2026-4-8 19:12,
b8934f9b-a271-4261-bf12-832f9d1672e4,5a81ef5b-bbf7-4f82-82c5-f4afe94adfd9,500000.0,1000000.0,50000.0,,,,,,,,,,,,00000000-0000-0000-0000-000000000001,,2026-4-8 19:12,2026-4-8 19:12,
9d98d6a3-9f56-414a-9d09-4ea9c91f9161,f1b3d902-3616-4702-855e-d9b961c10cab,2000000.0,3000000.0,200000.0,,,,,,,,,,,,00000000-0000-0000-0000-000000000001,,2026-4-8 19:12,2026-4-8 19:12,
bcba0c64-e639-419f-90c8-5d1c5cdd70ac,8df69cdd-2574-4f8d-a786-e16d9612e34d,20000000.0,50000000.0,,,,,,,,,,,,,00000000-0000-0000-0000-000000000001,,2026-4-8 19:12,2026-4-8 19:12,
4547cb70-6ece-4f32-bdad-4f55e1da248d,1ec1c717-a08f-4a2c-9c1d-4258c80a42eb,200000.0,500000.0,50000.0,,,,,,,,,,,,00000000-0000-0000-0000-000000000001,,2026-4-8 19:12,2026-4-8 19:12,
cd33a26c-81d7-4d67-a978-74a84331eaf3,4bcfa857-b242-41a7-a67f-38879772b395,,,,,,,,,,,,,,,00000000-0000-0000-0000-000000000001,,2026-4-8 19:12,2026-4-8 19:12,
4a34d804-1ad4-46ad-89a9-1a5890532501,d45394e6-ef00-4927-a611-db808e09f64a,50000.0,100000.0,50000.0,,,,,,,,,,,,00000000-0000-0000-0000-000000000001,,2026-4-8 19:12,2026-4-8 19:12,
adb87701-336a-4f82-98d1-05e02676f3ee,d606ac04-95ec-469a-8fce-1bc8aa070951,200000.0,500000.0,100000.0,,,,,,,,,,,,00000000-0000-0000-0000-000000000001,,2026-4-8 19:12,2026-4-8 19:12,
341b3eb5-7c51-4fa8-b769-fc6e3d974434,f536a6f7-a39a-426d-8e0e-10a067b859b9,4000000.0,5000000.0,1000000.0,,,,,,,,,,,,00000000-0000-0000-0000-000000000001,,2026-4-8 19:12,2026-4-8 19:12,
eaac7761-2a7c-4c21-9d8a-5db43325914c,77e459d0-0690-4a80-afc6-86265f45f51e,500000.0,1000000.0,,,,,,,,,,,,,00000000-0000-0000-0000-000000000001,,2026-4-8 19:12,2026-4-8 19:12,
40285bcc-1c8e-4afd-bb45-538524f2d1b5,467feecc-efae-44fa-bd8c-f63656861b07,,,,,,,,,,,,,,,00000000-0000-0000-0000-000000000001,,2026-4-8 19:12,2026-4-8 19:12,
d059da3b-bbd7-4d28-b927-deaa163671e6,892deab2-2df3-4670-934b-dab9b16c7b8b,500000.0,1000000.0,,,,,,,,,,,,,00000000-0000-0000-0000-000000000001,,2026-4-8 19:12,2026-4-8 19:12,
efdf3b85-a6fc-43d2-90a0-0f3714314487,c5f1a4c2-1e09-4c96-a420-bf09f6a0c503,,,,,,,,,,,,,,,00000000-0000-0000-0000-000000000001,,2026-4-8 19:12,2026-4-8 19:12,
3d3b54da-39da-40dc-b802-8fb63f4f0adf,58c158cd-4f87-4139-b1de-256940ae0308,,,,,,,,,,,,,,,00000000-0000-0000-0000-000000000001,,2026-4-8 19:12,2026-4-8 19:12,
b3b2d6cf-c330-418d-b435-9443d7dbc8ca,e7db9645-fbfb-4a9b-969c-6ffc85300761,2000000.0,3000000.0,,,,,,,,,,,,,00000000-0000-0000-0000-000000000001,,2026-4-8 19:12,2026-4-8 19:12,
b9216027-7d61-4266-88b1-b4f89d4b7034,3d10c021-e813-4c02-923d-333adc836188,500000.0,1000000.0,200000.0,,,,,,,,,,,,00000000-0000-0000-0000-000000000001,,2026-4-8 19:12,2026-4-8 19:12,
2ce582a9-fb67-4f99-8e76-03a47800a0e5,97c8b98e-a26d-49c3-8a51-4ffa43077a53,1000000.0,1500000.0,200000.0,,,,,,,,,,,,00000000-0000-0000-0000-000000000001,,2026-4-8 19:12,2026-4-8 19:12,
708085d2-8769-435d-99b5-66df52b8057b,e0e87c08-ef81-48f2-81ea-628a50037ea6,200000.0,500000.0,,,,,,,,,,,,,00000000-0000-0000-0000-000000000001,,2026-4-8 19:12,2026-4-8 19:12,
1b61504f-0757-4cd8-bf01-073fe837cc02,84196b02-243d-4d01-9dac-a48c3a038ae7,200000.0,500000.0,100000.0,,,,,,,,,,,,00000000-0000-0000-0000-000000000001,,2026-4-8 19:12,2026-4-8 19:12,
9643d84e-01fd-473f-8c5e-cb99d3960182,444ba78a-80de-41b3-be3c-af8b7e606160,200000.0,500000.0,200000.0,,,,,,,,,,,,00000000-0000-0000-0000-000000000001,,2026-4-8 19:12,2026-4-8 19:12,
ec561d25-400e-4a2a-93f8-6bdc29a43cf9,61b25946-074b-45ca-9423-1818f099fb2d,100000.0,200000.0,50000.0,,,,,,,,,,,,00000000-0000-0000-0000-000000000001,,2026-4-8 19:12,2026-4-8 19:12,
6f0b7c4d-154b-4b7a-aed3-729f1f13304c,210d63e7-5247-4030-9110-6f9f51e9e505,500000.0,1000000.0,,,,,,,,,,,,,00000000-0000-0000-0000-000000000001,,2026-4-8 19:12,2026-4-8 19:12,
543a233b-d84a-4f74-b582-915c98ad2786,809da34b-95f5-4ff0-8784-5ed6625db24c,50000.0,100000.0,,,,,,,,,,,,,00000000-0000-0000-0000-000000000001,,2026-4-8 19:12,2026-4-8 19:12,
8f5a71b3-e6b5-4d11-8b50-9ad7206c5b08,9317be9f-53b5-4b12-ba41-a3df2308a4ef,1500000.0,2000000.0,200000.0,,,,,,,,,,,,00000000-0000-0000-0000-000000000001,,2026-4-8 19:12,2026-4-8 19:12,
44afffab-5b7d-48d6-8fe6-292589be7c96,19b0bd50-e8dc-4c7d-b4db-b18fda0ac22e,2000000.0,3000000.0,500000.0,,,,,,,,,,,,00000000-0000-0000-0000-000000000001,,2026-4-8 19:12,2026-4-8 19:12,
528ea150-e093-4049-ab2b-c1b37fc4fa07,ee845faa-8b52-4363-bc0b-30ea5ff5fbf5,50000000.0,100000000.0,100000.0,,,,,,,,,,,,00000000-0000-0000-0000-000000000001,,2026-4-8 19:12,2026-4-8 19:12,
d329225c-b4b9-4154-b953-93c1b208ef97,f3833f32-fc8d-4ee9-ac05-7a04c5c06c52,3000000.0,4000000.0,100000.0,,,,,,,,,,,,00000000-0000-0000-0000-000000000001,,2026-4-8 19:12,2026-4-8 19:12,
303cd0aa-615d-45cd-b2c0-3968175b5104,0fa5f493-d64c-4a8e-9cab-e3d628b135ce,2000000.0,3000000.0,,,,,,,,,,,,,00000000-0000-0000-0000-000000000001,,2026-4-8 19:12,2026-4-8 19:12,
7c695b7d-e127-456b-9516-8c5222c0fa54,12e776c6-ee80-4c1a-8d30-020603c47614,50000.0,100000.0,,,,,,,,,,,,,00000000-0000-0000-0000-000000000001,,2026-4-8 19:12,2026-4-8 19:12,
a84e8ccd-0b0d-45dd-83cc-108c61851d6c,9bf37622-e59c-4760-8635-33ac941ed453,4000000.0,5000000.0,500000.0,,,,,,,,,,,,00000000-0000-0000-0000-000000000001,,2026-4-8 19:12,2026-4-8 19:12,
26d66994-92e3-4782-b238-ad1647b752f6,e3933e0f-40bf-4f1c-ba14-6808e2fd2af7,50000.0,100000.0,50000.0,,,,,,,,,,,,00000000-0000-0000-0000-000000000001,,2026-4-8 19:12,2026-4-8 19:12,
b9b47924-4251-43b6-9e3e-045904333547,2f3ec754-b9c2-4421-8ea0-2cd9d55bb57c,50000.0,100000.0,50000.0,,,,,,,,,,,,00000000-0000-0000-0000-000000000001,,2026-4-8 19:12,2026-4-8 19:12,
0566647e-b41f-4f6c-9a07-951990abd767,ed46ea93-2a25-4066-8471-7c67c67eab60,50000.0,100000.0,,,,,,,,,,,,,00000000-0000-0000-0000-000000000001,,2026-4-8 19:12,2026-4-8 19:12,
fcf91498-31f7-42f3-b1a2-66673e80eb5e,fa8a92c1-0be8-4b1c-8457-aa690123386f,,,,,,,,,,,,,,,00000000-0000-0000-0000-000000000001,,2026-4-8 19:12,2026-4-8 19:12,
90308bbd-1dd4-49c0-9975-e9057426f849,6e81fac4-ac6f-4964-b18b-50c516c30615,,,,,,,,,,,,,,,00000000-0000-0000-0000-000000000001,,2026-4-8 19:12,2026-4-8 19:12,
2b3b9801-9a73-4143-ace1-c39adcf8b193,72555933-3b76-4ad3-bcf5-4ea806655e19,100000.0,200000.0,,,,,,,,,,,,,00000000-0000-0000-0000-000000000001,,2026-4-8 19:12,2026-4-8 19:12,
e4e818bf-62a5-4490-b143-600acbe762eb,f2d01da9-1eb6-40bf-abe5-884dd6a4b490,2000000.0,3000000.0,,,,,,,,,,,,,00000000-0000-0000-0000-000000000001,,2026-4-8 19:12,2026-4-8 19:12,
b521fe30-00d8-48f5-8880-d99b0f79b8ec,e8d75551-b5ab-42da-a421-2ffd21919ce7,500000.0,1000000.0,50000.0,,,,,,,,,,,,00000000-0000-0000-0000-000000000001,,2026-4-8 19:12,2026-4-8 19:12,
6b626e5d-0c01-42bb-a7ca-ac602590618e,cb2c70d3-9162-4edd-a5bf-c14837dc133e,500000.0,1000000.0,,,,,,,,,,,,,00000000-0000-0000-0000-000000000001,,2026-4-8 19:12,2026-4-8 19:12,
578cae10-1cac-4008-9c24-afb8ffa579be,28a2aa35-ceeb-4fbc-a1d4-12ceacbf1d10,100000.0,200000.0,50000.0,,,,,,,,,,,,00000000-0000-0000-0000-000000000001,,2026-4-8 19:12,2026-4-8 19:12,
32b44ff0-ee03-4702-80f5-e9f28c5fa02a,2dd75aab-eb64-4000-80e7-badc42e1e87c,7500000.0,10000000.0,500000.0,,,,,,,,,,,,00000000-0000-0000-0000-000000000001,,2026-4-8 19:12,2026-4-8 19:12,
01ef3da6-ddcb-4f86-abaa-ce6ac5b62b10,09ba138b-ffb3-4dfa-b746-0f41d40bc4e6,,,,,,,,,,,,,,,00000000-0000-0000-0000-000000000001,,2026-4-8 19:12,2026-4-8 19:12,
301eaec9-d335-490e-87a8-03e3119d086c,c2d91b52-034b-49b9-b905-693c3165e5ec,500000.0,1000000.0,50000.0,,,,,,,,,,,,00000000-0000-0000-0000-000000000001,,2026-4-8 19:12,2026-4-8 19:12,
39dffab1-ff0d-41c6-801e-1ff685fb85e3,fb659c48-d538-4863-9a7e-ba6d126b02c8,200000.0,500000.0,100000.0,,,,,,,,,,,,00000000-0000-0000-0000-000000000001,,2026-4-8 19:12,2026-4-8 19:12,
1dd72eaf-011a-4e82-b654-ca1d0693d459,d838816a-83aa-4c1c-a4ee-510f3fb53ae3,200000.0,500000.0,50000.0,,,,,,,,,,,,00000000-0000-0000-0000-000000000001,,2026-4-8 19:12,2026-4-8 19:12,
23acbcd2-e08d-4610-9b49-c384623b15a0,599c516d-81b2-4582-8448-d4c1f3bd6277,100000.0,200000.0,,,,,,,,,,,,,00000000-0000-0000-0000-000000000001,,2026-4-8 19:12,2026-4-8 19:12,
b79fd41c-a0d8-4ef6-aee5-6ce67ea0f9e6,3e613ff2-228f-4f34-aad7-c3debe844166,500000.0,1000000.0,100000.0,,,,,,,,,,,,00000000-0000-0000-0000-000000000001,,2026-4-8 19:12,2026-4-8 19:12,
eb4981a8-afe2-4dc8-8471-231bfe09cf9b,08852d4d-981c-44b8-bb54-8b540d859140,,,,,,,,,,,,,,,00000000-0000-0000-0000-000000000001,,2026-4-8 19:12,2026-4-8 19:12,
0f380391-c028-4f5b-8633-bec3af4d9849,57bb483c-68bb-4275-8657-a894bc3beff4,50000.0,100000.0,,,,,,,,,,,,,00000000-0000-0000-0000-000000000001,,2026-4-8 19:12,2026-4-8 19:12,
eaa10980-dc25-41e0-b428-c8acbf784766,89246480-75d4-4c5e-8df0-fd8a8fc54c74,200000.0,500000.0,200000.0,,,,,,,,,,,,00000000-0000-0000-0000-000000000001,,2026-4-8 19:12,2026-4-8 19:12,
d7706bed-ad3a-440d-b074-34751453afa9,0477ef0e-8f4f-43d4-942f-281aa0919cbe,50000.0,100000.0,50000.0,,,,,,,,,,,,00000000-0000-0000-0000-000000000001,,2026-4-8 19:12,2026-4-8 19:12,
35dd13ae-bd2c-4391-87f0-e1ad7874c79c,348ac824-d296-4c99-9b4a-655ab1a115b5,50000.0,100000.0,50000.0,,,,,,,,,,,,00000000-0000-0000-0000-000000000001,,2026-4-8 19:12,2026-4-8 19:12,
3a6b4d22-f5ea-4cd5-9d50-1c83b8d222ce,a1c5a0c5-b832-46d4-983f-f0bcaabb606a,200000.0,500000.0,,,,,,,,,,,,,00000000-0000-0000-0000-000000000001,,2026-4-8 19:12,2026-4-8 19:12,
7755449c-3763-4444-a751-488cd3b13f5c,1f49b55c-a12d-4dc6-833e-bb26df2c57c4,1000000.0,1500000.0,,,,,,,,,,,,,00000000-0000-0000-0000-000000000001,,2026-4-8 19:12,2026-4-8 19:12,
cd3ae131-3408-4276-ac2a-e0f1db4c336b,9b7f8fe8-0ad8-43bd-a567-b363f1cedca7,,,,,,,,,,,,,,,00000000-0000-0000-0000-000000000001,,2026-4-8 19:12,2026-4-8 19:12,
d4df76cc-e982-477a-99cc-626f85d39fda,19893165-8e50-43b9-9d33-16a486c987c6,500000.0,1000000.0,200000.0,,,,,,,,,,,,00000000-0000-0000-0000-000000000001,,2026-4-8 19:12,2026-4-8 19:12,
1ffd85b7-699b-4306-bbab-87ff83ebbf77,c29160cb-64aa-4ea3-8154-3ec56586ae4b,7500000.0,10000000.0,,,,,,,,,,,,,00000000-0000-0000-0000-000000000001,,2026-4-8 19:12,2026-4-8 19:12,
a4c9bcae-41b5-43a5-b841-ff58ac045cac,f825ada0-f526-4707-b48c-b1667d89d6df,200000.0,500000.0,50000.0,,,,,,,,,,,,00000000-0000-0000-0000-000000000001,,2026-4-8 19:12,2026-4-8 19:12,
33ff43db-fcae-4745-bf93-ea0862cfa0a6,fc23f926-6846-47ec-b5aa-076a339f5bdc,,,,,,,,,,,,,,,00000000-0000-0000-0000-000000000001,,2026-4-8 19:12,2026-4-8 19:12,
0aa63e64-ff98-43cc-b4a8-ab5a87785899,68b8afe5-7bc9-4ce4-bde3-8ba9b50f60a3,100000.0,200000.0,50000.0,,,,,,,,,,,,00000000-0000-0000-0000-000000000001,,2026-4-8 19:12,2026-4-8 19:12,
9ef35477-a8d1-4065-97df-c0977dccfade,aaa9c8ee-434d-4720-b1f1-136f181acb01,1000000.0,1500000.0,1000000.0,,,,,,,,,,,,00000000-0000-0000-0000-000000000001,,2026-4-8 19:12,2026-4-8 19:12,
21e32f9d-d7d1-4c0d-8177-38f59f9da842,1752b46d-3ca0-49f5-bb87-2a20caec03d8,3000000.0,4000000.0,1500000.0,,,,,,,,,,,,00000000-0000-0000-0000-000000000001,,2026-4-8 19:12,2026-4-8 19:12,
b20cb933-afc1-4509-8fe1-5eaa23d657af,1ba006ac-3aa6-48e0-b881-b1fff1b3d38d,500000.0,1000000.0,100000.0,,,,,,,,,,,,00000000-0000-0000-0000-000000000001,,2026-4-8 19:12,2026-4-8 19:12,
fb5d0f05-c0df-4dee-aacf-6fa4ac0eaddc,3e5098d9-89d9-4bf2-9ac8-9d202e9e0255,2000000.0,3000000.0,500000.0,,,,,,,,,,,,00000000-0000-0000-0000-000000000001,,2026-4-8 19:12,2026-4-8 19:12,
d388a9c2-7154-402d-a43d-720b0634d0f9,fb8fc840-214b-4664-8153-fced838f804b,3000000.0,4000000.0,500000.0,,,,,,,,,,,,00000000-0000-0000-0000-000000000001,,2026-4-8 19:12,2026-4-8 19:12,
5c9742a0-43bc-421e-ae18-e90489e64832,fd04f023-cff0-47a7-978b-8e75a9f7a2a2,500000.0,1000000.0,200000.0,,,,,,,,,,,,00000000-0000-0000-0000-000000000001,,2026-4-8 19:12,2026-4-8 19:12,
b22c86ca-3e9c-4754-9c3c-46cd5bca2966,b5fae857-14b4-4aad-9d05-5b488428777e,100000.0,200000.0,50000.0,,,,,,,,,,,,00000000-0000-0000-0000-000000000001,,2026-4-8 19:12,2026-4-8 19:12,
aca2c747-85ae-4dd2-83ae-eb979f319a8d,255ef205-498d-4770-a845-c9e06ff20186,1000000.0,1500000.0,3000000.0,,,,,,,,,,,,00000000-0000-0000-0000-000000000001,,2026-4-8 19:12,2026-4-8 19:12,
820d4290-e9d0-446b-bde5-ad5a56e6ef8b,a6f8b3fd-dfb8-4876-b135-d278efb6f1f3,50000.0,100000.0,,,,,,,,,,,,,00000000-0000-0000-0000-000000000001,,2026-4-8 19:12,2026-4-8 19:12,
32f04ab1-3cc5-4534-b19b-435c71342f50,28352a48-a948-4a0e-bf2c-da3f6b4a0b55,1500000.0,2000000.0,200000.0,,,,,,,,,,,,00000000-0000-0000-0000-000000000001,,2026-4-8 19:12,2026-4-8 19:12,
b4f6606f-c08c-4e05-b849-05c8de298f1f,e07a504e-14ee-47b4-948e-a4eac52c262f,200000.0,500000.0,,,,,,,,,,,,,00000000-0000-0000-0000-000000000001,,2026-4-8 19:12,2026-4-8 19:12,
504a40fc-31ad-4bf7-b44b-7bc8e9a852b7,c4b3a8b2-5058-4cfb-925d-88ec95ffd834,500000.0,1000000.0,50000.0,,,,,,,,,,,,00000000-0000-0000-0000-000000000001,,2026-4-8 19:12,2026-4-8 19:12,
c50a965f-2fe0-4d18-9c20-7cd5fa1d0577,7c806aa1-be04-475f-bdac-ce68d996a38f,200000.0,200000.0,,,,,,,,,,,,,00000000-0000-0000-0000-000000000001,,2026-4-8 19:12,2026-4-8 19:12,
664c4d7c-67d3-42f0-a675-5ab29c288379,dc685106-c76a-43b2-8814-ddcad924d2a3,100000.0,200000.0,50000.0,,,,,,,,,,,,00000000-0000-0000-0000-000000000001,,2026-4-8 19:12,2026-4-8 19:12,
4af69070-a785-4ee6-a153-8bedf7373bdc,848a2b5b-4768-48c4-834b-36abf351f26f,1000000.0,1500000.0,,,,,,,,,,,,,00000000-0000-0000-0000-000000000001,,2026-4-8 19:12,2026-4-8 19:12,
d9850e85-e318-49e7-9642-45073b3e9d1c,eb7135a4-99e2-4475-ba88-ef1866ddd5d7,500000.0,1000000.0,200000.0,,,,,,,,,,,,00000000-0000-0000-0000-000000000001,,2026-4-8 19:12,2026-4-8 19:12,
21d875f1-b2ef-4ddf-b5f9-740a8391573f,c831b445-7049-447f-a707-e90c80aa8f0b,2000000.0,3000000.0,100000.0,,,,,,,,,,,,00000000-0000-0000-0000-000000000001,,2026-4-8 19:12,2026-4-8 19:12,
5df35159-16aa-4e05-b105-2a9f202bd465,3444da02-3477-4daf-a390-67d2d5620cf7,100000.0,200000.0,50000.0,,,,,,,,,,,,00000000-0000-0000-0000-000000000001,,2026-4-8 19:12,2026-4-8 19:12,
d90cf1fa-552a-46af-8fd5-6a81b3eaa5b3,5d4b78a4-9190-408b-9f89-3218c6ab1ef2,500000.0,1000000.0,100000.0,,,,,,,,,,,,00000000-0000-0000-0000-000000000001,,2026-4-8 19:12,2026-4-8 19:12,
3b40f314-9838-486f-8aae-d06090d01e1b,df15ab03-7a49-4c40-afe0-8daf44d15a62,500000.0,1000000.0,100000.0,,,,,,,,,,,,00000000-0000-0000-0000-000000000001,,2026-4-8 19:12,2026-4-8 19:12,
abcecbb3-5493-411c-9e11-db19996f869c,1b0e5fbe-4640-4a9d-879c-72cc1c9aa4a0,50000.0,100000.0,50000.0,,,,,,,,,,,,00000000-0000-0000-0000-000000000001,,2026-4-8 19:12,2026-4-8 19:12,
d6c9debd-2c4c-4da3-93d6-f4c6a2835bc5,d8532fc5-48d7-4fb5-ba8f-5d53cfa0d3ae,1500000.0,2000000.0,50000.0,,,,,,,,,,,,00000000-0000-0000-0000-000000000001,,2026-4-8 19:12,2026-4-8 19:12,
46b99a66-73e7-4eb3-b6bf-11c3da990e52,1304086e-f88f-40be-8d2b-4ae7b103d67e,1500000.0,2000000.0,200000.0,,,,,,,,,,,,00000000-0000-0000-0000-000000000001,,2026-4-8 19:12,2026-4-8 19:12,
27b780ce-2b06-41ad-a410-89a8674c5308,1a625c4b-3c69-4474-bf5a-157916c79b29,500000.0,1000000.0,200000.0,,,,,,,,,,,,00000000-0000-0000-0000-000000000001,,2026-4-8 19:12,2026-4-8 19:12,
61b2f9a8-41e4-445a-aaa2-41422b5446fb,49f6affd-baf6-4627-af9b-8013880bdc42,1500000.0,2000000.0,200000.0,,,,,,,,,,,,00000000-0000-0000-0000-000000000001,,2026-4-8 19:12,2026-4-8 19:12,
e81a9b5a-1a7e-427b-b26f-e695bf61c4ea,859fa1e2-246c-4479-9743-68db1ae44794,3000000.0,4000000.0,500000.0,,,,,,,,,,,,00000000-0000-0000-0000-000000000001,,2026-4-8 19:12,2026-4-8 19:12,
ee7ea4f3-69f1-4d6c-9a95-e79c441287aa,52b1540b-d098-4eac-9191-54e03dbf6d7d,3000000.0,4000000.0,,,,,,,,,,,,,00000000-0000-0000-0000-000000000001,,2026-4-8 19:12,2026-4-8 19:12,
0fc065c0-5f89-4026-82a1-ef1edd1e16bc,57c7c802-b87f-4d3b-9970-7aced5e4b9ef,500000.0,1000000.0,50000.0,,,,,,,,,,,,00000000-0000-0000-0000-000000000001,,2026-4-8 19:12,2026-4-8 19:12,
363a8c75-ac76-4a47-829f-121693a60fd3,55535d31-096c-43f2-b6a1-cb814b62af2d,,,,,,,,,,,,,,,00000000-0000-0000-0000-000000000001,,2026-4-8 19:12,2026-4-8 19:12,
8b85b9f7-c728-4d05-8c85-fdfe0b63a605,2c69320a-a686-4fcf-a618-9fd595f0cac8,500000.0,1000000.0,200000.0,,,,,,,,,,,,00000000-0000-0000-0000-000000000001,,2026-4-8 19:12,2026-4-8 19:12,
818f4337-ca6e-4675-bdc0-e2bd626076cf,4d31d3ff-3ed8-4910-897a-dd602ad8ccbe,500000.0,1000000.0,200000.0,,,,,,,,,,,,00000000-0000-0000-0000-000000000001,,2026-4-8 19:12,2026-4-8 19:12,
ebb6b201-97dc-449a-b1e6-e9dc06e99894,1dd34dc1-1e74-4a4a-919d-28b297809af9,,,,,,,,,,,,,,,00000000-0000-0000-0000-000000000001,,2026-4-8 19:12,2026-4-8 19:12,
1a8c622f-6930-421e-a5a7-335648a93967,c5795cb5-b992-4247-a0e9-445a2bdcf8d5,200000.0,500000.0,,,,,,,,,,,,,00000000-0000-0000-0000-000000000001,,2026-4-8 19:12,2026-4-8 19:12,
9752d8d0-1729-4b18-83fd-d14336cd9d3f,95c5e851-bc50-4fdb-973c-b51313621c15,500000.0,1000000.0,200000.0,,,,,,,,,,,,00000000-0000-0000-0000-000000000001,,2026-4-8 19:12,2026-4-8 19:12,
5fbd785b-050f-43ee-9954-007d1a720af6,f6a17497-2dc2-4617-975f-9d1bd157c51d,500000.0,1000000.0,50000.0,,,,,,,,,,,,00000000-0000-0000-0000-000000000001,,2026-4-8 19:12,2026-4-8 19:12,
02f08098-9c45-471e-9154-303bb68fe904,c1ff38f5-1ed5-48ad-95a1-fd45936c7a72,500000.0,1000000.0,200000.0,,,,,,,,,,,,00000000-0000-0000-0000-000000000001,,2026-4-8 19:12,2026-4-8 19:12,
e7fed676-3d93-4293-b2d2-46cace2a2a91,875c1907-adbe-41ba-80d9-61c69ac37baf,,,,,,,,,,,,,,,00000000-0000-0000-0000-000000000001,,2026-4-8 19:12,2026-4-8 19:12,
3a6bc011-4d02-40a7-8093-62157de04a5f,fa6f791e-f7fe-458e-a88e-e6338b8672f9,1500000.0,2000000.0,1500000.0,,,,,,,,,,,,00000000-0000-0000-0000-000000000001,,2026-4-8 19:12,2026-4-8 19:12,
82b792c6-0537-4234-8dcd-8ecf5f6a86e5,5a1dc645-113a-4aab-8c40-b070d3532492,7500000.0,10000000.0,1000000.0,,,,,,,,,,,,00000000-0000-0000-0000-000000000001,,2026-4-8 19:12,2026-4-8 19:12,
33f5e087-189b-47d9-bec6-42dc2ef8f2b1,92a960b4-c10c-430b-b446-8ce4a261a6cb,500000.0,1000000.0,2000000.0,,,,,,,,,,,,00000000-0000-0000-0000-000000000001,,2026-4-8 19:12,2026-4-8 19:12,
459d4efc-a4d3-4782-992d-42ca4b0c5c23,4812b1a7-e708-4ec5-9bfe-8ce84e76b4ea,500000.0,1000000.0,200000.0,,,,,,,,,,,,00000000-0000-0000-0000-000000000001,,2026-4-8 19:12,2026-4-8 19:12,
fe44e371-d5ed-468b-890b-8de0a5f65957,f102f818-0f5b-4d15-b691-2cd73a366e02,,,,,,,,,,,,,,,00000000-0000-0000-0000-000000000001,,2026-4-8 19:12,2026-4-8 19:12,
13ba8b8f-d69f-4625-a8d3-dde6cf120dce,85f946bc-7810-42eb-bd6a-435977a86c95,,,,,,,,,,,,,,,00000000-0000-0000-0000-000000000001,,2026-4-8 19:12,2026-4-8 19:12,
6a358cd1-111d-470a-aba6-efa25c260306,881ee067-a0fd-412a-b276-1bd24b7775c5,200000.0,500000.0,,,,,,,,,,,,,00000000-0000-0000-0000-000000000001,,2026-4-8 19:12,2026-4-8 19:12,
0fce0bf0-0ed9-4a6f-b007-c9350048e92c,059b071e-862b-496c-9bb2-abaeac1e88d0,500000.0,1000000.0,50000.0,,,,,,,,,,,,00000000-0000-0000-0000-000000000001,,2026-4-8 19:12,2026-4-8 19:12,
fd367492-2271-47c8-a7a7-d8eea403412c,5c68f7ba-3aeb-42df-ada2-7cdeefffacd3,,,,,,,,,,,,,,,00000000-0000-0000-0000-000000000001,,2026-4-8 19:12,2026-4-8 19:12,
3d20da8e-2c48-4382-a3ce-d5dd014700ce,911443a9-303e-4426-90b6-7da80d9af9bc,1500000.0,2000000.0,100000.0,,,,,,,,,,,,00000000-0000-0000-0000-000000000001,,2026-4-8 19:12,2026-4-8 19:12,
dbf34f67-b369-49c5-a45c-dbc978b48d79,b1b7e99b-4665-45c7-abf5-c0c69214ebcc,,,,,,,,,,,,,,,00000000-0000-0000-0000-000000000001,,2026-4-8 19:12,2026-4-8 19:12,
a59decf6-db9e-4c69-a2cc-05f3d9949f8e,b32e0c70-fda7-4571-9e43-fca169e84bbe,,,,,,,,,,,,,,,00000000-0000-0000-0000-000000000001,,2026-4-8 19:12,2026-4-8 19:12,
8db23cc7-f7e5-4b87-8621-b4d08904c127,161754d0-4251-4efd-a7e2-0d0e96c4fd36,500000.0,1000000.0,200000.0,,,,,,,,,,,,00000000-0000-0000-0000-000000000001,,2026-4-8 19:12,2026-4-8 19:12,
4ec3a114-01f6-4b8a-9c09-6314ffe279f0,26368137-e4b6-44b1-8524-864985dd1c00,4000000.0,5000000.0,,,,,,,,,,,,,00000000-0000-0000-0000-000000000001,,2026-4-8 19:12,2026-4-8 19:12,
e897275a-2748-42e1-a77f-2630be0e9006,111c85e3-9df3-4a04-b3c8-40cc4c8f2eb1,200000.0,500000.0,100000.0,,,,,,,,,,,,00000000-0000-0000-0000-000000000001,,2026-4-8 19:12,2026-4-8 19:12,
298d33e7-65fc-43d8-aa9f-a5814050de67,fe36ef4f-7ee8-46aa-b89c-b3c9b7f3982a,,,,,,,,,,,,,,,00000000-0000-0000-0000-000000000001,,2026-4-8 19:12,2026-4-8 19:12,
8a7a0969-4082-4c2a-a146-e31056e72eb5,c363e89c-5600-4d18-a69e-82def6231b38,200000.0,500000.0,50000.0,,,,,,,,,,,,00000000-0000-0000-0000-000000000001,,2026-4-8 19:12,2026-4-8 19:12,
fce2d751-80a9-483f-9ba4-10c6f30de67b,b65ce8ee-0aed-4adf-928c-f051096986f6,50000.0,100000.0,50000.0,,,,,,,,,,,,00000000-0000-0000-0000-000000000001,,2026-4-8 19:12,2026-4-8 19:12,
ef631a53-f233-4e53-8a69-853714ddcf3c,6d3c1888-06af-42cb-8f6d-bd51a2fc9ac8,,,,,,,,,,,,,,,00000000-0000-0000-0000-000000000001,,2026-4-8 19:12,2026-4-8 19:12,
1cdf84fc-cd4e-4520-9056-e94c186aeb24,d8e8dfe7-f2c1-4f15-adb7-ff48ea44f3d0,500000.0,1000000.0,200000.0,,,,,,,,,,,,00000000-0000-0000-0000-000000000001,,2026-4-8 19:12,2026-4-8 19:12,
8c93aec1-6c2e-4202-b587-7232f6481874,6347c074-8a81-419e-bb5a-16b6d0496823,1500000.0,2000000.0,200000.0,,,,,,,,,,,,00000000-0000-0000-0000-000000000001,,2026-4-8 19:12,2026-4-8 19:12,
ec6a76d9-d63d-45d2-8b8a-8b0c60feb320,fbea76eb-7d0e-47de-9fa0-882b849fa833,500000.0,1000000.0,200000.0,,,,,,,,,,,,00000000-0000-0000-0000-000000000001,,2026-4-8 19:12,2026-4-8 19:12,
aac896b3-7fa6-42d6-ae72-2238fd68321c,6bb127d0-0d68-405e-8ab2-a54c46d8cd41,2000000.0,3000000.0,50000.0,,,,,,,,,,,,00000000-0000-0000-0000-000000000001,,2026-4-8 19:12,2026-4-8 19:12,
d053d716-1909-4f54-b6a7-9cb155f93af9,070b7c45-7cfb-4705-829f-d651a25a9478,1500000.0,2000000.0,50000.0,,,,,,,,,,,,00000000-0000-0000-0000-000000000001,,2026-4-8 19:12,2026-4-8 19:12,
ff1680fa-33f5-4979-b197-7697d68d3d93,00aa0a73-c430-43d5-8d30-c60a92d498e1,100000.0,200000.0,,,,,,,,,,,,,00000000-0000-0000-0000-000000000001,,2026-4-8 19:12,2026-4-8 19:12,
055572f4-8711-4641-861c-51b5a2e89b84,19358bc3-94dd-4584-8f93-6c784b5c4c56,100000.0,200000.0,,,,,,,,,,,,,00000000-0000-0000-0000-000000000001,,2026-4-8 19:12,2026-4-8 19:12,
f61bb0c4-05f7-4558-8d5f-bcd7c56222a7,8ebbce63-0dcd-41ff-ab3a-1860f4fe2eed,,,,,,,,,,,,,,,00000000-0000-0000-0000-000000000001,,2026-4-8 19:12,2026-4-8 19:12,
dddb0233-a4a5-4314-b96a-e81530407b5d,6a3cdf00-6328-4046-acf8-abc0e2062e85,100000.0,200000.0,100000.0,,,,,,,,,,,,00000000-0000-0000-0000-000000000001,,2026-4-8 19:12,2026-4-8 19:12,
c16c40f0-36d7-4e08-99a5-408f06ebc6c1,01a222de-3b83-404c-ab30-3fbc4ef2637f,,,,,,,,,,,,,,,00000000-0000-0000-0000-000000000001,,2026-4-8 19:12,2026-4-8 19:12,
ce8d6278-10b4-4659-a7dd-2eafab551913,12d498a2-dde7-47ee-9fd6-4bc3a7111e6a,2000000.0,3000000.0,,,,,,,,,,,,,00000000-0000-0000-0000-000000000001,,2026-4-8 19:12,2026-4-8 19:12,
d9d62bdf-ee0a-488a-b23c-068c38c0ec74,4e2f05d2-f864-4d3e-812d-01e497ad3e2e,,,,,,,,,,,,,,,00000000-0000-0000-0000-000000000001,,2026-4-8 19:12,2026-4-8 19:12,
93de78c9-cbf1-49d8-9410-ef4cfe5d7ef3,e74c2162-331d-48e7-94fd-f6a03d1aeb06,,,,,,,,,,,,,,,00000000-0000-0000-0000-000000000001,,2026-4-8 19:12,2026-4-8 19:12,
06ba5f85-1517-41f0-88ce-5b3c6ba61cf1,9c9938f8-ab98-4336-b8ba-777daefaa633,,,,,,,,,,,,,,,00000000-0000-0000-0000-000000000001,,2026-4-8 19:12,2026-4-8 19:12,
9b146bb3-1be0-4b48-8fb0-3a3ff630c856,526bd50d-16fe-4817-925c-251876212a9f,200000.0,500000.0,100000.0,,,,,,,,,,,,00000000-0000-0000-0000-000000000001,,2026-4-8 19:12,2026-4-8 19:12,
bdf48f97-e3be-4f2a-9c7e-2f0aafd50419,2c8058b9-32dc-4f1e-8e72-8633ebef914e,200000.0,500000.0,50000.0,,,,,,,,,,,,00000000-0000-0000-0000-000000000001,,2026-4-8 19:12,2026-4-8 19:12,
1f3ad1af-0feb-42d5-ba85-bdc8c2f1977c,b7fb16e0-8977-418d-a701-58fa584ea9e8,500000.0,1000000.0,100000.0,,,,,,,,,,,,00000000-0000-0000-0000-000000000001,,2026-4-8 19:12,2026-4-8 19:12,
19a542c7-c48b-4682-aa6c-98baf99ee516,d483ea25-8806-48e7-ac60-4d43a5b51da3,50000.0,100000.0,50000.0,,,,,,,,,,,,00000000-0000-0000-0000-000000000001,,2026-4-8 19:12,2026-4-8 19:12,
175a8538-68e8-4c8a-a876-29d006781d5b,c602bd98-b2e8-488c-aa0f-2d003ddfdb11,1000000.0,2500000.0,,,,,,,,,,,,,00000000-0000-0000-0000-000000000001,,2026-4-8 19:12,2026-4-8 19:12,
d2911a5e-7ccf-4fd8-a87d-d7b9462f81c2,16278a3d-2de2-42d0-a714-3807ed1f4271,1500000.0,2000000.0,200000.0,,,,,,,,,,,,00000000-0000-0000-0000-000000000001,,2026-4-8 19:12,2026-4-8 19:12,
837859d5-17f0-40a6-af5e-3f09597c21ad,c358ce63-c231-4fb1-8e0c-65feab4fee8b,5000000.0,7500000.0,500000.0,,,,,,,,,,,,00000000-0000-0000-0000-000000000001,,2026-4-8 19:12,2026-4-8 19:12,
6eedafc0-c8b1-4dda-8729-1041a0b8afaa,cd4f03b3-6be4-4905-a706-2c990cb28b15,,,,,,,,,,,,,,,00000000-0000-0000-0000-000000000001,,2026-4-8 19:12,2026-4-8 19:12,
2045a630-ab83-4a11-baf6-9ce69f33e1ae,017dc866-be63-4b08-bf88-13599fcb9a45,200000.0,500000.0,,,,,,,,,,,,,00000000-0000-0000-0000-000000000001,,2026-4-8 19:12,2026-4-8 19:12,
068410db-b0ae-4472-b773-c533a4cdeae4,6d462917-013a-4a4a-bbf4-081e3aeabaee,2000000.0,3000000.0,1000000.0,,,,,,,,,,,,00000000-0000-0000-0000-000000000001,,2026-4-8 19:12,2026-4-8 19:12,
6ee5033c-4c35-4aa5-b9ed-befa0a8e9396,25b6f56f-3827-4a02-bab4-6949387f2986,200000.0,500000.0,,,,,,,,,,,,,00000000-0000-0000-0000-000000000001,,2026-4-8 19:12,2026-4-8 19:12,
fba6ee47-a667-40da-aaca-e7057f7abde7,9c40ad04-7b89-45b0-abbd-bd8353b1bca0,50000.0,100000.0,,,,,,,,,,,,,00000000-0000-0000-0000-000000000001,,2026-4-8 19:12,2026-4-8 19:12,
03492b7d-cbaf-4430-9243-da4ad1602b80,8cf02dc4-d6cf-4995-89ab-c066840403b2,,,,,,,,,,,,,,,00000000-0000-0000-0000-000000000001,,2026-4-8 19:12,2026-4-8 19:12,
27d3b779-53cf-4fb8-9589-ba3fc8b19cc8,44f2a949-6d89-40e3-872e-378dbf6fb7db,500000.0,1000000.0,50000.0,,,,,,,,,,,,00000000-0000-0000-0000-000000000001,,2026-4-8 19:12,2026-4-8 19:12,
5f6cd766-e8e1-4c36-bede-d73c3ff136e4,62b61893-cc1a-4150-bfbc-3b88b55b0452,500000.0,1000000.0,,,,,,,,,,,,,00000000-0000-0000-0000-000000000001,,2026-4-8 19:12,2026-4-8 19:12,
b0f9dd39-226f-4f40-86a4-ce90c6076b28,4a278491-9904-4063-87c7-b07fec51bf84,500000.0,1000000.0,500000.0,,,,,,,,,,,,00000000-0000-0000-0000-000000000001,,2026-4-8 19:12,2026-4-8 19:12,
2a600945-e021-4b36-8394-f8b3981438a5,0ad13837-36ec-4293-8015-0b52ed088dc7,500000.0,1000000.0,100000.0,,,,,,,,,,,,00000000-0000-0000-0000-000000000001,,2026-4-8 19:12,2026-4-8 19:12,
65f7802b-afd6-4ee6-a0c5-13c624374dcc,77cbee4c-6e30-4aea-92c7-a549f048e5e3,4000000.0,5000000.0,200000.0,,,,,,,,,,,,00000000-0000-0000-0000-000000000001,,2026-4-8 19:12,2026-4-8 19:12,
564ec502-d603-4691-a5b7-001f3bff6176,34342e4e-a52d-40de-88dd-3b83f12d68f8,250000.0,500000.0,,,,,,,,,,,,,00000000-0000-0000-0000-000000000001,,2026-4-8 19:12,2026-4-8 19:12,
7b8a2721-05be-4baa-9949-04dd337f8cc2,db4a8bc8-89c8-43eb-834b-dbf68ba63f49,,,,,,,,,,,,,,,00000000-0000-0000-0000-000000000001,,2026-4-8 19:12,2026-4-8 19:12,
5ce269d2-4a8e-4331-9d22-6e10b6867b06,d377b594-070a-4130-a451-c347daa9ebff,200000.0,500000.0,100000.0,,,,,,,,,,,,00000000-0000-0000-0000-000000000001,,2026-4-8 19:12,2026-4-8 19:12,
d6b62cf5-514f-42a8-b60c-86a68b65aeae,7ebb83eb-83c9-419f-88e1-6f5a19585142,500000.0,1000000.0,50000.0,,,,,,,,,,,,00000000-0000-0000-0000-000000000001,,2026-4-8 19:12,2026-4-8 19:12,
684f7ab4-b734-4026-83a1-9c1e075ac901,bd63df96-b521-44ac-aab6-4f9c1ea3abfb,1000000.0,1500000.0,200000.0,,,,,,,,,,,,00000000-0000-0000-0000-000000000001,,2026-4-8 19:12,2026-4-8 19:12,
08d00760-289d-4650-8549-687ee4ac242a,051d88c6-1325-4268-8568-6410bc7c642a,,,,,,,,,,,,,,,00000000-0000-0000-0000-000000000001,,2026-4-8 19:12,2026-4-8 19:12,
0c104ac2-cdc9-4e50-9a1c-c8805bee30d6,3142498a-039e-46d5-9f5c-a2cd704a3035,200000.0,500000.0,200000.0,,,,,,,,,,,,00000000-0000-0000-0000-000000000001,,2026-4-8 19:12,2026-4-8 19:12,
28b5d988-27a0-4d5d-9a37-d03ebcbdc20b,bbe4882a-d19f-48b9-84b9-9c90b6f72dfe,500000.0,1000000.0,100000.0,,,,,,,,,,,,00000000-0000-0000-0000-000000000001,,2026-4-8 19:12,2026-4-8 19:12,
bd23888a-2368-436f-83a5-c60137ec481f,c8dec53c-451c-49ed-971b-93353be93666,500000.0,1000000.0,,,,,,,,,,,,,00000000-0000-0000-0000-000000000001,,2026-4-8 19:12,2026-4-8 19:12,
7295e83a-16b0-46a4-ab56-255f446d2964,b01fb27a-b309-439e-bbe3-1ee26047fda3,500000.0,1000000.0,,,,,,,,,,,,,00000000-0000-0000-0000-000000000001,,2026-4-8 19:12,2026-4-8 19:12,
7159378e-3e3d-40a1-bd7a-7bc3c87c62f6,880a9723-1f6a-42b3-be2d-2ed643c3c61e,,,,,,,,,,,,,,,00000000-0000-0000-0000-000000000001,,2026-4-8 19:12,2026-4-8 19:12,
7e2de354-1b47-4046-b21a-d180bd14dbfb,17f47bdf-9821-4dd5-8b83-f5e29e84cc84,500000.0,1000000.0,,,,,,,,,,,,,00000000-0000-0000-0000-000000000001,,2026-4-8 19:12,2026-4-8 19:12,
fb06b845-d41e-4830-bfd0-ee2d1fac118a,7f0ebd86-002e-47ad-a00a-0914587e80bd,1500000.0,2000000.0,200000.0,,,,,,,,,,,,00000000-0000-0000-0000-000000000001,,2026-4-8 19:12,2026-4-8 19:12,
0822ff7f-a6ed-49f4-a650-e35ac25a73ef,84d7cbe2-c11c-43f9-9355-8de2b7a75deb,50000.0,100000.0,,,,,,,,,,,,,00000000-0000-0000-0000-000000000001,,2026-4-8 19:12,2026-4-8 19:12,
d29c9bc2-b56a-43a4-9397-39d59209ce70,80674ec6-1d07-43de-80e5-a77f94b794df,50000.0,100000.0,,,,,,,,,,,,,00000000-0000-0000-0000-000000000001,,2026-4-8 19:12,2026-4-8 19:12,
b3e84c7a-e19c-406c-ba29-659b1eb48ab3,9f2d606d-534b-4c00-bfe0-46a88383d29f,50000.0,100000.0,100000.0,,,,,,,,,,,,00000000-0000-0000-0000-000000000001,,2026-4-8 19:12,2026-4-8 19:12,
1e911895-d520-4cb7-9bb1-7cbef0dec115,8cc088bb-e39b-40f2-a713-562631ef0779,100000.0,200000.0,,,,,,,,,,,,,00000000-0000-0000-0000-000000000001,,2026-4-8 19:12,2026-4-8 19:12,
6befce2a-5eee-49de-876a-ee7786f559c3,ca8758eb-31d5-4cc7-bbc7-98aba58dae4c,100000.0,200000.0,50000.0,,,,,,,,,,,,00000000-0000-0000-0000-000000000001,,2026-4-8 19:12,2026-4-8 19:12,
e0c248ae-91bb-4427-820e-cd49b722dce1,7ef5d50e-bb96-41cf-ab35-2f351579627d,50000.0,100000.0,50000.0,,,,,,,,,,,,00000000-0000-0000-0000-000000000001,,2026-4-8 19:12,2026-4-8 19:12,
7537a266-bb45-4bf4-8bd6-a2502110181c,6be49ddd-f93a-40f5-8fb6-9390b93fb8b9,500000.0,1000000.0,500000.0,,,,,,,,,,,,00000000-0000-0000-0000-000000000001,,2026-4-8 19:12,2026-4-8 19:12,
cac2c94a-10db-499f-b745-2abe252b6298,2dac2bdc-6819-4f25-908d-a28851f3951f,2000000.0,3000000.0,500000.0,,,,,,,,,,,,00000000-0000-0000-0000-000000000001,,2026-4-8 19:12,2026-4-8 19:12,
0e61ccc5-af2b-4a12-8a83-e5e7bcf00b79,8147c5e4-1de4-4e02-b011-7cbdc0a39a3c,500000.0,1000000.0,100000.0,,,,,,,,,,,,00000000-0000-0000-0000-000000000001,,2026-4-8 19:12,2026-4-8 19:12,
616a5fb2-b1cb-41cb-83e1-85dc987bdeb7,7142e632-8995-4db8-9ffb-aa93a6d468b2,50000.0,100000.0,50000.0,,,,,,,,,,,,00000000-0000-0000-0000-000000000001,,2026-4-8 19:12,2026-4-8 19:12,
c723e12d-2d66-4f11-a073-1eaccfa16d15,e4a4caaf-5323-4ee2-8565-80278784b1ca,500000.0,1000000.0,500000.0,,,,,,,,,,,,00000000-0000-0000-0000-000000000001,,2026-4-8 19:12,2026-4-8 19:12,
fa88c22d-5dcf-40b4-b891-a818ab453e59,d5967a3d-654b-4330-b377-1fe4a1296c0d,50000.0,100000.0,,,,,,,,,,,,,00000000-0000-0000-0000-000000000001,,2026-4-8 19:12,2026-4-8 19:12,
42b5b3a0-d89a-4e4b-a101-01d68f68e656,5d2632fb-f3a6-45a2-9605-391fddef8f54,500000.0,1000000.0,200000.0,,,,,,,,,,,,00000000-0000-0000-0000-000000000001,,2026-4-8 19:12,2026-4-8 19:12,
f3ca520b-b371-4f5a-860a-88aab07bb9be,8a8b5502-240d-4508-80b0-9c70a58d7e24,500000.0,1000000.0,50000.0,,,,,,,,,,,,00000000-0000-0000-0000-000000000001,,2026-4-8 19:12,2026-4-8 19:12,
e9525890-186d-47e5-9f40-404bbe8b5c64,47956f8a-fa62-4886-8c35-fd35709a92eb,500000.0,1000000.0,50000.0,,,,,,,,,,,,00000000-0000-0000-0000-000000000001,,2026-4-8 19:12,2026-4-8 19:12,
e1571ef7-f608-4f1b-8607-afd86d96cd7e,81d400ba-34a9-4414-b5e7-4025e86bfc26,200000.0,500000.0,100000.0,,,,,,,,,,,,00000000-0000-0000-0000-000000000001,,2026-4-8 19:12,2026-4-8 19:12,
fe360fbe-f763-4972-a2c3-303f7560a1d6,974b1136-8ab1-4e1c-83c9-6bd24452fec5,,,50000.0,,,,,,,,,,,,00000000-0000-0000-0000-000000000001,,2026-4-8 19:12,2026-4-8 19:12,
fbcf6f96-fae8-4988-b296-ca1255351723,c244769a-fae4-4e57-bb91-a696cf5751f6,500000.0,1000000.0,,,,,,,,,,,,,00000000-0000-0000-0000-000000000001,,2026-4-8 19:12,2026-4-8 19:12,
0bd46c46-3586-46bd-a0b3-cbdd0dabd78b,5a03a741-c9de-4cbd-85ab-d2767a164f1f,1000000.0,1500000.0,200000.0,,,,,,,,,,,,00000000-0000-0000-0000-000000000001,,2026-4-8 19:12,2026-4-8 19:12,
ca231314-569a-49ee-91e5-c356840b1aac,7fb60fef-f7ef-454d-a7ce-589c1a9565b8,500000.0,1000000.0,50000.0,,,,,,,,,,,,00000000-0000-0000-0000-000000000001,,2026-4-8 19:12,2026-4-8 19:12,
a8516f22-c785-4088-8b06-eb3f6aaaf53f,b7137e7b-c8e9-48b6-9f43-b8582ae92191,200000.0,500000.0,,,,,,,,,,,,,00000000-0000-0000-0000-000000000001,,2026-4-8 19:12,2026-4-8 19:12,
cde903c2-7be8-47f0-9ef6-a289a38c94aa,cb81ff43-5d17-40de-99a3-e9fdc99ef485,50000.0,100000.0,50000.0,,,,,,,,,,,,00000000-0000-0000-0000-000000000001,,2026-4-8 19:12,2026-4-8 19:12,
2b58d72d-bb4f-4cec-9159-b0a3b4fd23f7,73a16695-6e20-4e69-8fd2-3445f1c67521,500000.0,1000000.0,100000.0,,,,,,,,,,,,00000000-0000-0000-0000-000000000001,,2026-4-8 19:12,2026-4-8 19:12,
c3bb4d85-a4a9-40d7-9f16-18235fe460c8,ce80786e-2286-457b-bab9-5e64d7703f7d,200000.0,500000.0,,,,,,,,,,,,,00000000-0000-0000-0000-000000000001,,2026-4-8 19:12,2026-4-8 19:12,
238cdc6a-4caf-41af-b76b-4ceb08c6a7cc,d43fa09d-7db7-4200-a2f3-ed9157de4b2e,500000.0,1000000.0,,,,,,,,,,,,,00000000-0000-0000-0000-000000000001,,2026-4-8 19:12,2026-4-8 19:12,
c038d5ba-f505-456a-94e7-abccc42753a8,85007276-e780-41c0-a0de-633f609510e5,50000.0,100000.0,,,,,,,,,,,,,00000000-0000-0000-0000-000000000001,,2026-4-8 19:12,2026-4-8 19:12,
bca2d8f5-0ffd-4977-a437-4f469c486a10,dfdc69a5-7599-4ecb-9d7f-41818f5a9af6,,,,,,,,,,,,,,,00000000-0000-0000-0000-000000000001,,2026-4-8 19:12,2026-4-8 19:12,
f9537346-993f-4888-ae9c-8a3fa83d352b,4ea87a72-818c-4d73-9630-01002443b65e,1500000.0,2000000.0,200000.0,,,,,,,,,,,,00000000-0000-0000-0000-000000000001,,2026-4-8 19:12,2026-4-8 19:12,
7870e534-0e0d-4bcd-ab81-d34008da0461,ccfd9182-0fb0-4eac-a492-4b7ea70bfa69,500000.0,1000000.0,50000.0,,,,,,,,,,,,00000000-0000-0000-0000-000000000001,,2026-4-8 19:12,2026-4-8 19:12,
160b4fcd-53ee-483f-95af-076e0d56c8a4,4bc17d31-66c9-418c-a4cc-a335db3ca6de,200000.0,500000.0,50000.0,,,,,,,,,,,,00000000-0000-0000-0000-000000000001,,2026-4-8 19:12,2026-4-8 19:12,
740f975a-b524-4fc5-824e-8f9c3c692c35,2e311700-33a5-4aac-a464-accea5e42968,1000000.0,1500000.0,200000.0,,,,,,,,,,,,00000000-0000-0000-0000-000000000001,,2026-4-8 19:12,2026-4-8 19:12,
ec991f2d-f380-481f-8bf0-a5ddc42a34fb,f1abfa89-f74e-4056-920e-4125f65e5c5c,1500000.0,2000000.0,200000.0,,,,,,,,,,,,00000000-0000-0000-0000-000000000001,,2026-4-8 19:12,2026-4-8 19:12,
8cbb7bdf-aa77-4a68-b7f8-05470ebc7202,4e9e7e90-15db-4cfa-aed9-3a40b7f98aab,,,,,,,,,,,,,,,00000000-0000-0000-0000-000000000001,,2026-4-8 19:12,2026-4-8 19:12,
31ae3636-abff-4c6f-a3aa-943ce9faf6a4,c6f01a52-9f87-4334-8ff7-639bc539336e,,,,,,,,,,,,,,,00000000-0000-0000-0000-000000000001,,2026-4-8 19:12,2026-4-8 19:12,
22f5821d-a16a-4ff7-a4c1-7bfb15c74a11,409b349b-8198-4fb0-af8a-e1874381cc78,7500000.0,10000000.0,,,,,,,,,,,,,00000000-0000-0000-0000-000000000001,,2026-4-8 19:12,2026-4-8 19:12,
4ec2459d-16cc-454c-9ed6-60d09fa338f4,f240d842-38f4-411c-b645-7ec30664b4ae,200000.0,500000.0,,,,,,,,,,,,,00000000-0000-0000-0000-000000000001,,2026-4-8 19:12,2026-4-8 19:12,
bcea938f-fbe2-4a78-a78d-869370fea201,86a780e8-cc03-4b34-a2c6-241fd9877170,1500000.0,2000000.0,200000.0,,,,,,,,,,,,00000000-0000-0000-0000-000000000001,,2026-4-8 19:12,2026-4-8 19:12,
a676aff9-0843-4760-a009-be27b86a7bc6,c3fef5ee-7fac-4436-8db9-6fdab4c8b45b,50000.0,100000.0,50000.0,,,,,,,,,,,,00000000-0000-0000-0000-000000000001,,2026-4-8 19:12,2026-4-8 19:12,
6609b498-cb86-442b-a5d6-443865e2bc5f,06344570-6577-4381-bf70-6ca0d69e9918,500000.0,1000000.0,100000.0,,,,,,,,,,,,00000000-0000-0000-0000-000000000001,,2026-4-8 19:12,2026-4-8 19:12,
964559b7-4332-4137-82bd-6c8430eac476,f3c47250-70c4-4d97-bb97-03c1027917d3,500000.0,1000000.0,,,,,,,,,,,,,00000000-0000-0000-0000-000000000001,,2026-4-8 19:12,2026-4-8 19:12,
17362099-f6f8-42b3-99f9-2f6eac49e38d,9c68fe3f-d08b-4ba4-9269-42d2500720fc,500000.0,1000000.0,50000.0,,,,,,,,,,,,00000000-0000-0000-0000-000000000001,,2026-4-8 19:12,2026-4-8 19:12,
02c5229a-3df0-477d-952d-9681a83244fd,02d9f72a-c5e0-40ab-8eb0-284c44525976,1500000.0,2000000.0,50000.0,,,,,,,,,,,,00000000-0000-0000-0000-000000000001,,2026-4-8 19:12,2026-4-8 19:12,
854b1ba2-5bf4-48f8-b596-8c6caf1ad7a6,71000701-3de7-4174-8e53-af60473846f2,100000.0,200000.0,50000.0,,,,,,,,,,,,00000000-0000-0000-0000-000000000001,,2026-4-8 19:12,2026-4-8 19:12,
431cb686-8c64-4924-88a9-d673d9a3c0da,2d079776-cd42-49b8-8619-016553048088,4000000.0,5000000.0,50000.0,,,,,,,,,,,,00000000-0000-0000-0000-000000000001,,2026-4-8 19:12,2026-4-8 19:12,
9dd6a8b1-7f24-424c-8331-64fcd8a4caac,c46c22cb-6bb6-4e95-b2e8-b8c30400c0b0,100000.0,200000.0,,,,,,,,,,,,,00000000-0000-0000-0000-000000000001,,2026-4-8 19:12,2026-4-8 19:12,
12fe74d4-d9da-42df-a18f-52d6eded6f31,6dce8f4e-c0a2-42a9-9eb8-98a4ac57fda0,200000.0,500000.0,,,,,,,,,,,,,00000000-0000-0000-0000-000000000001,,2026-4-8 19:12,2026-4-8 19:12,
a52378e1-ac76-4909-84fd-464559c395e6,c4b28cae-0fdd-4c6d-8b52-119f7a5cae9c,1200000.0,1200000.0,200000.0,,,,,,,,,,,,00000000-0000-0000-0000-000000000001,,2026-4-8 19:12,2026-4-8 19:12,
30adcb60-6c31-440b-8dfa-2498eb21fd5e,25656236-1968-49da-a6d8-32ffdcc6888e,200000.0,500000.0,100000.0,,,,,,,,,,,,00000000-0000-0000-0000-000000000001,,2026-4-8 19:12,2026-4-8 19:12,
c1d53fe4-e37d-4eec-ace4-5f98a53888ce,3f10d379-f847-4ddf-baf9-271767d48599,500000.0,1000000.0,200000.0,,,,,,,,,,,,00000000-0000-0000-0000-000000000001,,2026-4-8 19:12,2026-4-8 19:12,
e5202db2-8c43-4a7b-8574-47005984e80d,94cd50f6-63f9-464e-8476-f6076e35850d,1500000.0,2000000.0,1500000.0,,,,,,,,,,,,00000000-0000-0000-0000-000000000001,,2026-4-8 19:12,2026-4-8 19:12,
4e5e3035-0b38-4959-b5bd-1ad7555c6767,abfd5dc4-c60b-4339-a3ea-b43286ab7678,500000.0,1000000.0,100000.0,,,,,,,,,,,,00000000-0000-0000-0000-000000000001,,2026-4-8 19:12,2026-4-8 19:12,
550b7f78-f3f6-43d4-b384-193f92e7de64,8df52cfd-63bb-4fd6-8f61-6a994ea55cfe,100000.0,200000.0,50000.0,,,,,,,,,,,,00000000-0000-0000-0000-000000000001,,2026-4-8 19:12,2026-4-8 19:12,
1890fd6c-2ddc-4b4e-8717-c21411994e06,6a9e7f92-6b82-49b4-9749-e54dc370ae4e,500000.0,1000000.0,50000.0,,,,,,,,,,,,00000000-0000-0000-0000-000000000001,,2026-4-8 19:12,2026-4-8 19:12,
c0a937d4-8946-4f62-ae69-ed1c84cafa71,9c389b22-2883-44a8-a9ad-20a456d7ef06,50000.0,100000.0,,,,,,,,,,,,,00000000-0000-0000-0000-000000000001,,2026-4-8 19:12,2026-4-8 19:12,
1ec86200-a6aa-4739-b248-8e5d4aea7da1,d9da3ea1-997f-4b4c-a39b-fcf836feec85,100000.0,200000.0,100000.0,,,,,,,,,,,,00000000-0000-0000-0000-000000000001,,2026-4-8 19:12,2026-4-8 19:12,
d000015f-5e0a-4161-b381-86fef4d92201,29eb7107-c506-42fe-a43e-2bd442f38418,50000.0,100000.0,50000.0,,,,,,,,,,,,00000000-0000-0000-0000-000000000001,,2026-4-8 19:12,2026-4-8 19:12,
8d21fae6-07ec-43f9-89a6-2736b2923f56,58485e33-f7af-4fab-a98b-421f01ca4183,500000.0,1000000.0,500000.0,,,,,,,,,,,,00000000-0000-0000-0000-000000000001,,2026-4-8 19:12,2026-4-8 19:12,
cdcf8173-caf4-484b-83d7-4071b67bc485,d3c500a4-284b-43a5-a422-8d8b8f138096,200000.0,500000.0,200000.0,,,,,,,,,,,,00000000-0000-0000-0000-000000000001,,2026-4-8 19:12,2026-4-8 19:12,
7065ebab-d79b-4c61-96a9-f755438625a0,0820b858-896a-4a9a-b403-e32120c4e28c,1000000.0,1500000.0,200000.0,,,,,,,,,,,,00000000-0000-0000-0000-000000000001,,2026-4-8 19:12,2026-4-8 19:12,
4742fb6b-0f4f-4d9c-b554-30c28867364d,ef06db34-7a6c-426e-b65d-973bc962dbe9,500000.0,1000000.0,500000.0,,,,,,,,,,,,00000000-0000-0000-0000-000000000001,,2026-4-8 19:12,2026-4-8 19:12,
7ec3f671-0e11-4058-90f5-d03291027a4b,9b99de95-4dac-4010-81d6-009c7951c50f,500000.0,1000000.0,100000.0,,,,,,,,,,,,00000000-0000-0000-0000-000000000001,,2026-4-8 19:12,2026-4-8 19:12,
79a9cce5-eb02-4239-8f32-e416cacd55e0,eb40aad3-cea7-419e-83bb-c7cc83e1d858,1500000.0,2000000.0,50000.0,,,,,,,,,,,,00000000-0000-0000-0000-000000000001,,2026-4-8 19:12,2026-4-8 19:12,
8cf65379-7071-4458-8c0e-48f723e643e5,b587fa3a-dec3-48ef-99d4-ec0206ca50a0,200001.0,500000.0,,,,,,,,,,,,,system_import,system_import,2026-07-24T17:41:47.167883,2026-07-24T17:41:47.167883,
baa54927-8a95-43b0-ae35-b10646d08b2f,14ed9511-0931-46af-aa6d-040ba9a9a945,3000001.0,5000000.0,,,,,,,,,,,,,system_import,system_import,2026-07-24T17:41:47.167883,2026-07-24T17:41:47.167883,
54619f37-defc-455d-9bdd-b695e018d4d4,b31ec6d2-86b9-4f65-be63-79b02fb3d1e2,200000.0,300000.0,,,,,,,,,,200000.0,200000.0,,system_import,system_import,2026-07-24T17:44:46.448425+00:00,2026-07-24T17:44:46.448425+00:00,
2c441e49-8409-4824-9d24-84cbf1bd4e28,e50dac1b-d9eb-4314-b8fd-eaf3c11b6331,200001.0,200000.0,,,,,,,,,,200001.0,500000.0,,system_import,system_import,2026-07-24T17:44:46.448425+00:00,2026-07-24T17:44:46.448425+00:00,
36852766-8eeb-4434-b092-c5d3d3700868,27be0520-0706-45f6-a04c-3c0e83c8ba3c,200001.0,500000.0,,,,,,,,,,200001.0,500000.0,,system_import,system_import,2026-07-24T17:44:46.448425+00:00,2026-07-24T17:44:46.448425+00:00,
486731b9-bee0-4766-bf04-b9042dfbbb03,a36445f5-8d38-4f72-9942-cd0b652a555d,200000.0,200000.0,,,,,,,,,,200000.0,200000.0,,system_import,system_import,2026-07-24T17:44:46.448425+00:00,2026-07-24T17:44:46.448425+00:00,
9461ce8e-d447-41ac-a3ba-273700097085,7ab51d27-5074-4914-9794-624497dd077b,200000.0,20000.0,,,,,,,,,,200000.0,200000.0,,system_import,system_import,2026-07-24T17:44:46.448425+00:00,2026-07-24T17:44:46.448425+00:00,
583719c9-68f2-45b9-b0c5-7e6da11be68a,80c425d2-89cc-4359-9db8-ab86a886ff40,1000001.0,1500000.0,,,,,,,,,,1000001.0,1500000.0,,system_import,system_import,2026-07-24T17:44:46.448425+00:00,2026-07-24T17:44:46.448425+00:00,
9295bd5a-0e7b-42b8-a68c-2c6de3296cd3,3edd1f14-3048-4756-b9c5-88edeea89356,1500001.0,2000000.0,,,,,,,,,,1500001.0,2000000.0,,system_import,system_import,2026-07-24T17:44:46.448425+00:00,2026-07-24T17:44:46.448425+00:00,
e5f8bccd-f026-445c-ab38-c78afd107069,4fc7d1ed-e43d-4f91-8ac9-2d432f428308,200001.0,500000.0,,,,,,,,,,200001.0,500000.0,,system_import,system_import,2026-07-24T17:44:46.448425+00:00,2026-07-24T17:44:46.448425+00:00,
6ff40a0c-7c89-4aea-9006-0a4b20b7778f,ee2d1cec-9f24-4705-82f1-3484f5458739,500001.0,1000000.0,,,,,,,,,,500001.0,1000000.0,,system_import,system_import,2026-07-24T17:44:46.448425+00:00,2026-07-24T17:44:46.448425+00:00,
0d1730df-d41f-471f-8159-d9f074082404,10d50b0c-637a-4979-bece-8b41ccd956f6,3000001.0,5000000.0,,,,,,,,,,3000001.0,5000000.0,,system_import,system_import,2026-07-24T17:44:46.448425+00:00,2026-07-24T17:44:46.448425+00:00,
671a38b5-7b9d-4436-a700-7a9f1ab90656,75376941-074b-4773-9d23-65dfda4e8528,4028.0,4028.0,,,,,,,,,,,,,system_import,system_import,2026-07-24T17:44:46.448425+00:00,2026-07-24T17:44:46.448425+00:00,
ad3bb8b5-7467-428e-9b7c-57ae97d35a14,f228839b-4e65-4793-a649-698a3e073e58,200001.0,500000.0,,,,,,,,,,200001.0,500000.0,,system_import,system_import,2026-07-24T17:44:46.448425+00:00,2026-07-24T17:44:46.448425+00:00,
e091f77c-16e5-4aca-a35d-46a9dd5a69cf,a63548d1-7c29-44fb-971b-11d5fd68db4e,200000.0,200000.0,,,,,,,,,,200000.0,200000.0,,system_import,system_import,2026-07-24T17:44:46.448425+00:00,2026-07-24T17:44:46.448425+00:00,
945a9c74-ebba-46e6-b6b4-fc002ba16b90,744e8816-fc3b-495a-9906-8a486156895c,2000000.0,2000000.0,,,,,,,,,,1500001.0,2000000.0,,system_import,system_import,2026-07-24T17:44:46.448425+00:00,2026-07-24T17:44:46.448425+00:00,
92ce45cb-f21d-4554-9a12-c9e2d7c6cd45,86d4aea9-b163-4b80-9135-6f1097fec11c,500001.0,1000000.0,,,,,,,,,,500001.0,1000000.0,,system_import,system_import,2026-07-24T17:44:46.448425+00:00,2026-07-24T17:44:46.448425+00:00,
14769d18-ebc8-4d27-868a-e4c38a08b5e4,bb993769-6b94-40af-a0a6-6f8ea7a27ccc,200001.0,500000.0,,,,,,,,,,200001.0,500000.0,,system_import,system_import,2026-07-24T17:44:46.448425+00:00,2026-07-24T17:44:46.448425+00:00,
465aefaf-8239-41a8-b99e-c07908a0cc3b,1ca06cf0-4bfc-4e5f-987d-ce1b981321c1,200001.0,500000.0,,,,,,,,,,200001.0,500000.0,,system_import,system_import,2026-07-24T17:44:46.448425+00:00,2026-07-24T17:44:46.448425+00:00,
cf49c9ef-68d1-4f64-9446-219c383d5b01,3073690c-a8b2-4179-ae61-dd1b86e0d0bf,200001.0,500000.0,,,,,,,,,,200001.0,500000.0,,system_import,system_import,2026-07-24T17:44:46.448425+00:00,2026-07-24T17:44:46.448425+00:00,
50613b75-c25d-4db8-9e5c-628a6ef105cc,dea85475-b830-45cf-862d-5ea1efdb62c0,200000.0,200000.0,,,,,,,,,,200000.0,200000.0,,system_import,system_import,2026-07-24T17:44:46.448425+00:00,2026-07-24T17:44:46.448425+00:00,
d94962f9-c6a3-4d75-8bef-2d665d242513,6dd53969-ef73-4c21-a7a1-6feac003e5f2,200000.0,200000.0,150000.0,,,,,,,,,200000.0,200000.0,,system_import,system_import,2026-07-24T17:44:46.448425+00:00,2026-07-24T17:44:46.448425+00:00,
71fa8d39-e08c-4f82-9480-ad5c1b207530,245b5b0e-3e17-4299-b2a3-139fd3bb4730,200001.0,500000.0,,,,,,,,,,200001.0,500000.0,,system_import,system_import,2026-07-24T17:44:46.448425+00:00,2026-07-24T17:44:46.448425+00:00,
bdb62828-de4a-4577-9280-abb5190ad6fc,d99b3c4d-0be7-4172-af7c-f483e22404a6,200001.0,500000.0,,,,,,,,,,200001.0,500000.0,,system_import,system_import,2026-07-24T17:44:46.448425+00:00,2026-07-24T17:44:46.448425+00:00,
451560df-2273-4a92-ac38-1ea8c237bbff,8c8c28c3-fc99-492f-ad4d-fd421ac872ad,200000.0,200000.0,,,,,,,,,,200000.0,200000.0,,system_import,system_import,2026-07-24T17:44:46.448425+00:00,2026-07-24T17:44:46.448425+00:00,
159c0f1e-707c-4810-818c-ace578c45a18,a8a9b738-b080-45fa-962c-c6e6d82aab46,1000001.0,1500000.0,,,,,,,,,,1000001.0,1500000.0,,system_import,system_import,2026-07-24T17:44:46.448425+00:00,2026-07-24T17:44:46.448425+00:00,
0163fe7b-758b-4537-9362-707d48fdd034,76ceaed2-f66c-449d-b76f-5442ebd780e7,200001.0,500000.0,,,,,,,,,,200001.0,500000.0,,system_import,system_import,2026-07-24T17:44:46.448425+00:00,2026-07-24T17:44:46.448425+00:00,
1c99a609-cebd-4aea-b71c-3499e2292a97,796c6345-854e-4ec4-8d8e-9413da0df469,200001.0,500000.0,5000000.0,,,,,,,,,200001.0,500000.0,,system_import,system_import,2026-07-24T17:44:46.448425+00:00,2026-07-24T17:44:46.448425+00:00,
315e9130-399b-459b-b145-b98fef0d672a,7736c93f-2857-4001-b006-5ad4632a560f,200000.0,200000.0,,,,,,,,,,200000.0,200000.0,,system_import,system_import,2026-07-24T17:44:46.448425+00:00,2026-07-24T17:44:46.448425+00:00,
39526017-9d7e-451d-b99e-9ebe3b68f1c1,6eb0a9e4-9a00-4b13-9dd3-0b1f13b17772,2000001.0,3000000.0,,,,,,,,,,2000001.0,3000000.0,,system_import,system_import,2026-07-24T17:44:46.448425+00:00,2026-07-24T17:44:46.448425+00:00,
2bd682c8-2e4d-4b75-8813-ef01ee639724,24423558-77a8-4fba-b900-9830afb93345,5000001.0,1.0,,,,,,,,,,5000001.0,1.0,,system_import,system_import,2026-07-24T17:44:46.448425+00:00,2026-07-24T17:44:46.448425+00:00,
94c0d840-c1db-43ac-8a51-726038ec5d86,a8c3206e-ed01-4302-99ea-3a3aac724050,500001.0,1000000.0,,,,,,,,,,500001.0,1000000.0,,system_import,system_import,2026-07-24T17:44:46.448425+00:00,2026-07-24T17:44:46.448425+00:00,
ba801fc2-bfcc-4dc6-9db8-fd01fe28b12e,1d780b99-6b5a-44d7-98b4-c48e512615f7,1500001.0,2000000.0,,,,,,,,,,1500001.0,2000000.0,,system_import,system_import,2026-07-24T17:44:46.448425+00:00,2026-07-24T17:44:46.448425+00:00,
c4dc4d8b-1a3c-4dde-845f-381a1edd7bda,215b7d94-7c1c-41bd-8601-003d4f56cc6c,5000001.0,1.0,,,,,,,,,,5000001.0,1.0,,system_import,system_import,2026-07-24T17:44:46.448425+00:00,2026-07-24T17:44:46.448425+00:00,
2d907ad8-9080-4764-a31b-db65030b4cd5,696c73ff-8baa-4381-9aee-297426e6fd20,3000001.0,5000000.0,,,,,,,,,,3000001.0,5000000.0,,system_import,system_import,2026-07-24T17:44:46.448425+00:00,2026-07-24T17:44:46.448425+00:00,
f55dbaff-e800-4114-84fc-6c837ded9a90,cd1841e8-ee40-462a-b49e-6ffd52a74fff,5000001.0,1.0,,,,,,,,,,5000001.0,1.0,,system_import,system_import,2026-07-24T17:44:46.448425+00:00,2026-07-24T17:44:46.448425+00:00,
3d77bbd6-3e28-46c6-97fb-8fb51ce989ab,a09fe72f-ff29-4ce6-8034-3613edbc3a79,500001.0,1000000.0,100000.0,,,,,,,,,500001.0,1000000.0,,system_import,system_import,2026-07-24T17:44:46.448425+00:00,2026-07-24T17:44:46.448425+00:00,
25245857-bb7f-406f-8ad5-5008de72dbc2,ce5c5580-ed68-490c-901e-dc8711e601e1,1000001.0,1500000.0,,,,,,,,,,1000001.0,1500000.0,,system_import,system_import,2026-07-24T17:44:46.448425+00:00,2026-07-24T17:44:46.448425+00:00,
e26205fa-354e-4023-be23-21109253db6b,c21caca2-8e1c-42a1-8782-388acdc67f64,3000001.0,5000000.0,,,,,,,,,,3000001.0,5000000.0,,system_import,system_import,2026-07-24T17:44:46.448425+00:00,2026-07-24T17:44:46.448425+00:00,
181fcb6a-5d7a-4c0f-9360-1eb82a7586be,9bd71140-6426-4064-a92f-4a14a779a010,1000001.0,1500000.0,,,,,,,,,,1000001.0,1500000.0,,system_import,system_import,2026-07-24T17:44:46.448425+00:00,2026-07-24T17:44:46.448425+00:00,
34ef23a4-0b82-4840-9362-5865c4c5cdbc,0762cf11-8bc3-45cb-8fc0-3c4e27d2d65b,500000.0,1000000.0,,,,,,,,,,500001.0,1000000.0,,system_import,system_import,2026-07-24T17:44:46.448425+00:00,2026-07-24T17:44:46.448425+00:00,
89cda37b-00f0-452a-a230-c1275be05390,fc06b3a5-67a2-4506-9ba0-172a259dcafd,500000.0,1000000.0,200000.0,,,,,,,,,500001.0,1000000.0,,system_import,system_import,2026-07-24T17:44:46.448425+00:00,2026-07-24T17:44:46.448425+00:00,
c7ab6b50-4e8e-4841-9d19-dfff3cfa56b4,b250d9f3-9ff3-4d86-8ecf-3637a56064e7,100000.0,1000000.0,,,,,,,,,,200000.0,200000.0,,system_import,system_import,2026-07-24T17:44:46.448425+00:00,2026-07-24T17:44:46.448425+00:00,
8ba43d93-6d10-4be3-8cb4-072d3f289eee,6af4e6a8-4be2-4dd2-8858-f77ef58e49bd,200000.0,200000.0,,,,,,,,,,200000.0,200000.0,,system_import,system_import,2026-07-24T17:44:46.448425+00:00,2026-07-24T17:44:46.448425+00:00,
05d7c277-d983-491e-96f6-8395099cde29,73a0ddb0-a6bc-4358-94d7-f9b32b1adfdc,200000.0,5000000.0,300000.0,,,,,,,,,2000001.0,3000000.0,,system_import,system_import,2026-07-24T17:44:46.448425+00:00,2026-07-24T17:44:46.448425+00:00,
095eb3cc-9266-41f4-be57-ae47c79a034b,1fb13d21-5f0e-4579-8c6a-80f9f2efceed,200001.0,500000.0,50000.0,,,,,,,,,200001.0,500000.0,,system_import,system_import,2026-07-24T17:44:46.448425+00:00,2026-07-24T17:44:46.448425+00:00,
2a5c5606-81b9-4d65-8c0c-197c943974bf,f2d1805c-713d-41d6-bcde-2f3055424a57,3000001.0,5000000.0,,,,,,,,,,3000001.0,5000000.0,,system_import,system_import,2026-07-24T17:44:46.448425+00:00,2026-07-24T17:44:46.448425+00:00,
eec91a7f-677c-425d-8117-77a3e87bdcef,7b2ea4b1-9cd9-42b9-8bae-6d9545c5a8bd,500001.0,1000000.0,8.0,,,,,,,,,500001.0,1000000.0,,system_import,system_import,2026-07-24T17:44:46.448425+00:00,2026-07-24T17:44:46.448425+00:00,
855e08b2-a911-4ccb-a3bb-3556e935240a,3dd27d5b-734d-45d7-8d4d-70bf3aa7d1de,5000001.0,1.0,,,,,,,,,,5000001.0,1.0,,system_import,system_import,2026-07-24T17:44:46.448425+00:00,2026-07-24T17:44:46.448425+00:00,
29b3b3aa-94f2-4ac0-8ff4-8cea55923884,0df5910d-5c54-4daa-8cf0-00c47d84c291,200000.0,200000.0,250000.0,,,,,,,,,200000.0,200000.0,,system_import,system_import,2026-07-24T17:44:46.448425+00:00,2026-07-24T17:44:46.448425+00:00,
e5f330ad-c799-4028-b4d1-b01f382a4ef3,fc486a11-ff07-4f11-9b2b-0bfce18e36c8,1000001.0,1500000.0,,,,,,,,,,1000001.0,1500000.0,,system_import,system_import,2026-07-24T17:44:46.448425+00:00,2026-07-24T17:44:46.448425+00:00,
9153d64d-3fa3-45f5-9b48-1342ba2b3945,639f177d-46cf-4452-aef9-d2eddcaa4058,1000001.0,1500000.0,,,,,,,,,,1000001.0,1500000.0,,system_import,system_import,2026-07-24T17:44:46.448425+00:00,2026-07-24T17:44:46.448425+00:00,
c00d4a12-86b5-4e0c-a04e-7ba888d8f171,e8c969a3-2ca8-44f4-826b-25ea6c0d5dc3,500001.0,1000000.0,,,,,,,,,,500001.0,1000000.0,,system_import,system_import,2026-07-24T17:44:46.448425+00:00,2026-07-24T17:44:46.448425+00:00,
14f525a0-622f-4ae9-80ec-42be47301505,3328df78-b880-4b67-897e-301db69cfd5b,3000001.0,5000000.0,,,,,,,,,,3000001.0,5000000.0,,system_import,system_import,2026-07-24T17:44:46.448425+00:00,2026-07-24T17:44:46.448425+00:00,
8da625e5-110a-4bc8-ab81-25bf74f01550,ae9d5011-e6bc-44a7-8e99-b737d94ba6a2,18992.0,18992.0,,,,,,,,,,100000.0,100000.0,,system_import,system_import,2026-07-24T17:44:46.448425+00:00,2026-07-24T17:44:46.448425+00:00,
a4e41786-b6f6-47a5-b447-228ee51a2ed5,492d54f4-03b9-4280-86e4-18228e5fb910,200000.0,200000.0,,,,,,,,,,200000.0,200000.0,,system_import,system_import,2026-07-24T17:44:46.448425+00:00,2026-07-24T17:44:46.448425+00:00,
2838e150-5595-4bfc-bb1a-fcf1032b05ff,e4ff5586-365b-4804-aa83-433ae04eac38,200000.0,200000.0,,,,,,,,,,200000.0,200000.0,,system_import,system_import,2026-07-24T17:44:46.448425+00:00,2026-07-24T17:44:46.448425+00:00,
bd02e561-300b-4fcf-8c29-fdf802a8ee20,badf311d-0150-41d3-8357-ca236b6cc693,200001.0,500000.0,,,,,,,,,,200001.0,500000.0,,system_import,system_import,2026-07-24T17:44:46.448425+00:00,2026-07-24T17:44:46.448425+00:00,
83a36bd1-57b8-4a8c-9286-ff836c734c30,98d867d6-cb43-4588-92e8-88105714826b,200000.0,200000.0,0.0,,,,,,,,,200000.0,200000.0,,system_import,system_import,2026-07-24T17:44:46.448425+00:00,2026-07-24T17:44:46.448425+00:00,
1c909572-be35-45c6-bfa1-0a483a848a20,7c80b782-8c2d-4c68-8c6c-9bd3aab51c8f,11206.0,11206.0,,,,,,,,,,,,,system_import,system_import,2026-07-24T17:44:46.448425+00:00,2026-07-24T17:44:46.448425+00:00,
36fa1437-a470-45f7-a5de-7d2caacd3748,91bcbdb5-f4a6-4cd8-853e-dfc273329af3,200000.0,200000.0,100000.0,,,,,,,,,200000.0,200000.0,,system_import,system_import,2026-07-24T17:44:46.448425+00:00,2026-07-24T17:44:46.448425+00:00,
065bea2e-48dc-4307-b71e-617cc97c39a2,4d8240b4-3453-43e5-8a77-be94ad3484d6,500000.0,1500000.0,,,,,,,,,,200000.0,200000.0,,system_import,system_import,2026-07-24T17:44:46.448425+00:00,2026-07-24T17:44:46.448425+00:00,
938ddda4-84fb-4a27-8b4b-2b7c105f89d5,bdbfd368-f2e0-460f-99ec-ff0d801c64f5,200001.0,500000.0,,,,,,,,,,200001.0,500000.0,,system_import,system_import,2026-07-24T17:44:46.448425+00:00,2026-07-24T17:44:46.448425+00:00,
84ea275c-9804-4ace-af3e-63de7bfa9d84,4ff9b023-a6a0-411b-a017-ade29450d7c5,1000001.0,1500000.0,,,,,,,,,,1000001.0,1500000.0,,system_import,system_import,2026-07-24T17:44:46.448425+00:00,2026-07-24T17:44:46.448425+00:00,
e4eae7f0-7843-4f7b-a56f-1ab3369eb1b9,6118c10e-cb6c-4a3d-a2a5-8fa00d843a52,2000001.0,3000000.0,,,,,,,,,,2000001.0,3000000.0,,system_import,system_import,2026-07-24T17:44:46.448425+00:00,2026-07-24T17:44:46.448425+00:00,
fc809522-e215-4b38-b575-057a4d7e6d62,0ce65468-09d7-46c6-8aa3-68a5df1c0ec8,3000001.0,5000000.0,,,,,,,,,,3000001.0,5000000.0,,system_import,system_import,2026-07-24T17:44:46.448425+00:00,2026-07-24T17:44:46.448425+00:00,
571bbd16-76b5-456c-a03e-509a55b12709,a80649b3-2012-4b68-8c7a-b1dd8e0e1d0c,200001.0,500000.0,,,,,,,,,,200001.0,500000.0,,system_import,system_import,2026-07-24T17:44:46.448425+00:00,2026-07-24T17:44:46.448425+00:00,
16d3603e-6284-4960-9899-e3dbba259d31,10ef0534-250c-4631-984c-c693bf1c950b,200000.0,200000.0,50000.0,,,,,,,,,200000.0,200000.0,,system_import,system_import,2026-07-24T17:44:46.448425+00:00,2026-07-24T17:44:46.448425+00:00,
2f09108c-594d-4148-a1be-a002d59ef1a0,940b9b84-1948-4c36-bfaf-0e27a0a98c5c,200000.0,200000.0,,,,,,,,,,200000.0,200000.0,,system_import,system_import,2026-07-24T17:44:46.448425+00:00,2026-07-24T17:44:46.448425+00:00,
e46df5c4-2237-4fbf-ba69-d81f7142929a,e886fe5b-6535-450d-9112-adfe820c7445,200001.0,350000.0,450000.0,,,,,,,,,200001.0,500000.0,,system_import,system_import,2026-07-24T17:44:46.448425+00:00,2026-07-24T17:44:46.448425+00:00,
cd2c01f1-1b6c-45fc-9bd9-ab1029b2b02c,f5d59204-f4f0-48a1-a460-a6546e4bf94c,200000.0,45000.0,,,,,,,,,,200000.0,200000.0,,system_import,system_import,2026-07-24T17:44:46.448425+00:00,2026-07-24T17:44:46.448425+00:00,
62381996-e264-4153-863c-5db3489a9a41,31515002-dda4-486b-bb6e-aee3bfcdc668,200000.0,200000.0,,,,,,,,,,200000.0,200000.0,,system_import,system_import,2026-07-24T17:44:46.448425+00:00,2026-07-24T17:44:46.448425+00:00,
7370aa3b-90fd-4a5b-b127-d4f1dd45e8d3,f831f670-d788-4bb5-a418-975479fe45fc,200000.0,200000.0,,,,,,,,,,200000.0,200000.0,,system_import,system_import,2026-07-24T17:44:46.448425+00:00,2026-07-24T17:44:46.448425+00:00,
4e983c7f-e743-49a0-ac08-d73befaaec7a,85a02079-1381-403a-8a69-3ee40e740f70,200000.0,200000.0,,,,,,,,,,4.0,4.0,,system_import,system_import,2026-07-24T17:44:46.448425+00:00,2026-07-24T17:44:46.448425+00:00,
a56be46a-c6e9-4cd0-a017-a3e789f6520b,17231beb-1341-400e-989a-006c06a54fa9,5000001.0,12500000.0,156.0,,,,,,,,,5000001.0,1.0,,system_import,system_import,2026-07-24T17:44:46.448425+00:00,2026-07-24T17:44:46.448425+00:00,
bfe732e1-3e0a-417c-8495-935eed1baf3b,ac4a6cd6-38f9-4da3-ab2f-1a3ad21df78c,1.0,3000000.0,,,,,,,,,,4.0,4.0,,system_import,system_import,2026-07-24T17:44:46.448425+00:00,2026-07-24T17:44:46.448425+00:00,
23470f67-a7ad-4ef6-a540-1908b47c30c6,add5a50b-6085-4479-8d21-2179dc19f13a,200001.0,500000.0,,,,,,,,,,200001.0,500000.0,,system_import,system_import,2026-07-24T17:44:46.448425+00:00,2026-07-24T17:44:46.448425+00:00,
0348c875-b63c-4734-8cde-25d429445edc,d1776676-6f69-4532-b6a5-d13c6ccf81eb,200001.0,100000.0,,,,,,,,,,200001.0,500000.0,,system_import,system_import,2026-07-24T17:44:46.448425+00:00,2026-07-24T17:44:46.448425+00:00,
53676a61-9a47-45d5-8826-7ff29243e6b0,b1b537be-8bf5-465e-bee7-07f680111afe,500001.0,1000000.0,750000.0,,,,,,,,,500001.0,1000000.0,,system_import,system_import,2026-07-24T17:44:46.448425+00:00,2026-07-24T17:44:46.448425+00:00,
14e6de3c-768f-41a1-8355-976f0f9fca8f,4c88e053-f032-46c0-8442-41c163545688,200000.0,200000.0,,,,,,,,,,200000.0,200000.0,,system_import,system_import,2026-07-24T17:44:46.448425+00:00,2026-07-24T17:44:46.448425+00:00,
5fd3b3a2-aa59-4419-8bd2-8cd3b071d94e,f368917e-0fa0-4d74-a539-010c2c2d24f1,1000001.0,1400000.0,,,,,,,,,,1000001.0,1500000.0,,system_import,system_import,2026-07-24T17:44:46.448425+00:00,2026-07-24T17:44:46.448425+00:00,
9140a284-b8d7-47e2-b95a-229cb30f7b1b,42c9e2dc-b7c7-4b3c-bdc4-7a00d803aa46,3000001.0,5000000.0,,,,,,,,,,3000001.0,5000000.0,,system_import,system_import,2026-07-24T17:44:46.448425+00:00,2026-07-24T17:44:46.448425+00:00,
625dc3b3-a6a5-4c86-b033-7aa4bde61e18,77ef79ba-fef3-4d83-b3b2-c2cfe5ad2f4d,5000001.0,1.0,,,,,,,,,,5000001.0,1.0,,system_import,system_import,2026-07-24T17:44:46.448425+00:00,2026-07-24T17:44:46.448425+00:00,
2aa6c3dc-7f26-4336-8371-9e434ee9d791,f1637349-025a-48ce-878e-2f81a7abc622,500001.0,700000.0,,,,,,,,,,500001.0,1000000.0,,system_import,system_import,2026-07-24T17:44:46.448425+00:00,2026-07-24T17:44:46.448425+00:00,
166d008b-19c4-4ac9-a5b2-517a5fe352c0,ea4ed213-15d2-4f1c-9678-de5ef73186c9,,,,,,,,,,,,,,,system_import,system_import,2026-07-24T17:44:46.448425+00:00,2026-07-24T17:44:46.448425+00:00,
9ab77a4a-7f2a-4484-8671-dbd7a150193d,9b06e4d4-8ad0-41bd-938b-169dc174fc06,200001.0,500000.0,,,,,,,,,,200001.0,500000.0,,system_import,system_import,2026-07-24T17:44:46.448425+00:00,2026-07-24T17:44:46.448425+00:00,
e4a223fc-7715-4bae-b1b8-e6ff6c71c159,baa02532-59c1-44c6-8cac-7c46bbfdb616,200001.0,500000.0,,,,,,,,,,200001.0,500000.0,,system_import,system_import,2026-07-24T17:44:46.448425+00:00,2026-07-24T17:44:46.448425+00:00,
356a6e48-fa0c-42d2-9e40-6b7ce93bffb4,48e38fb2-61f8-4c5c-b637-696ae50d9e40,170.0,170.0,,,,,,,,,,,,,system_import,system_import,2026-07-24T17:44:46.448425+00:00,2026-07-24T17:44:46.448425+00:00,
59d83c5d-792b-4541-bbef-106a6effb6b9,a9218012-dab5-4288-b89e-4c5445cf82a5,1000000.0,1200000.0,,,,,,,,,,500001.0,1000000.0,,system_import,system_import,2026-07-24T17:44:46.448425+00:00,2026-07-24T17:44:46.448425+00:00,
1d9ef9b7-2998-4910-9ebd-42effe1474fd,bc9304a7-5989-4849-bd2e-a7af93737263,500001.0,1000000.0,,,,,,,,,,500001.0,1000000.0,,system_import,system_import,2026-07-24T17:44:46.448425+00:00,2026-07-24T17:44:46.448425+00:00,
c3b49afd-667d-44f8-8f26-ad38c35e64e2,9051b01c-0bfe-4947-9884-caaae3c94826,200001.0,500000.0,,,,,,,,,,200001.0,500000.0,,system_import,system_import,2026-07-24T17:44:46.448425+00:00,2026-07-24T17:44:46.448425+00:00,
008cecbc-63c1-4bc9-a7de-fe8b270502c8,52d04731-8c90-4e88-80c5-91a300f50a05,5000001.0,1.0,,,,,,,,,,5000001.0,1.0,,system_import,system_import,2026-07-24T17:44:46.448425+00:00,2026-07-24T17:44:46.448425+00:00,
6aa1e538-5572-4f91-9998-df086cb86965,442d4367-cef5-4a69-aeec-226a7f20cfa2,200000.0,200000.0,,,,,,,,,,200000.0,200000.0,,system_import,system_import,2026-07-24T17:44:46.448425+00:00,2026-07-24T17:44:46.448425+00:00,
c25ec138-f92f-432c-8877-585719b03c17,872fe49e-710a-4c31-ac0f-c78d3b5a3802,3000001.0,5000000.0,,,,,,,,,,3000001.0,5000000.0,,system_import,system_import,2026-07-24T17:44:46.448425+00:00,2026-07-24T17:44:46.448425+00:00,
3aa19995-fd05-4444-8bdc-a24bd258b533,7906f4f1-33b5-4397-9ad8-ce4e0a7b66aa,200001.0,500000.0,,,,,,,,,,200001.0,500000.0,,system_import,system_import,2026-07-24T17:44:46.448425+00:00,2026-07-24T17:44:46.448425+00:00,
5c1108df-c48c-49d5-8ed9-25e5cbcb3078,da62696f-993f-4457-b12a-6be93f537dbf,200001.0,500000.0,,,,,,,,,,200001.0,500000.0,,system_import,system_import,2026-07-24T17:44:46.448425+00:00,2026-07-24T17:44:46.448425+00:00,
bf674dcb-5794-4cc8-a5be-ee6672107370,c73592a2-14c7-4ec9-8456-f8435a3c32cd,200000.0,200000.0,2000000.0,,,,,,,,,200000.0,200000.0,,system_import,system_import,2026-07-24T17:44:46.448425+00:00,2026-07-24T17:44:46.448425+00:00,
5db93ecd-972f-4714-a9ec-0614184d29a0,d2df483b-638a-4d17-b92b-f208b72750da,5509.0,5509.0,,,,,,,,,,9.0,9.0,,system_import,system_import,2026-07-24T17:44:46.448425+00:00,2026-07-24T17:44:46.448425+00:00,
7a6d369f-1ae4-45cf-b65b-982cf0781089,0b927c07-5e4e-4dea-ae90-15b60b2243fd,3192.0,3192.0,,,,,,,,,,,,,system_import,system_import,2026-07-24T17:44:46.448425+00:00,2026-07-24T17:44:46.448425+00:00,
486c7530-7962-41f8-9dd3-9251640100ab,0e4b2e1a-36f9-4866-a14d-adb7b1a91939,200000.0,200000.0,,,,,,,,,,200000.0,200000.0,,system_import,system_import,2026-07-24T17:44:46.448425+00:00,2026-07-24T17:44:46.448425+00:00,
84b2afec-f7b6-49a1-ad3b-f5cd3b61ff57,be09faa4-ccc4-403b-b9e5-8fc5902a292f,200001.0,500000.0,3500.0,,,,,,,,,200001.0,500000.0,,system_import,system_import,2026-07-24T17:44:46.448425+00:00,2026-07-24T17:44:46.448425+00:00,
7778040b-45b2-4a1e-b382-a4a6dee2aa6e,2a7d34f4-de10-42f8-8fd7-472520538257,500001.0,1000000.0,,,,,,,,,,500001.0,1000000.0,,system_import,system_import,2026-07-24T17:44:46.448425+00:00,2026-07-24T17:44:46.448425+00:00,
22af6a1e-4fa1-489f-94e0-7ab892d524ba,920758a7-115a-4855-b362-b6333252f4db,1500001.0,2000000.0,2000000.0,,,,,,,,,1500001.0,2000000.0,,system_import,system_import,2026-07-25T06:44:32.836378+00:00,2026-07-25T06:44:32.836378+00:00,
daaf446c-88f1-4aa0-939a-ff3d1939f3e0,22f6d92b-6700-4bc0-b9dc-c675b7b54cf8,1000000.0,1500000.0,400000.0,0.0,,,,,,,,200001.0,500000.0,,system_import,system_import,2026-07-25T06:44:32.836378+00:00,2026-07-25T06:44:32.836378+00:00,
636695b9-f6f8-44dd-998b-49c8d3099ccd,41e26b3a-de05-4cba-abd7-c2e83b8dab02,200000.0,100000.0,,,,,,,,,,200000.0,200000.0,,system_import,system_import,2026-07-25T06:44:32.836378+00:00,2026-07-25T06:44:32.836378+00:00,
69615fef-13a8-4113-a570-0f42d3991428,99dd490a-cdc3-45c4-8a49-30fda6072c66,200000.0,100000.0,,,,,,,,,,20.0,20.0,,system_import,system_import,2026-07-25T06:44:32.836378+00:00,2026-07-25T06:44:32.836378+00:00,
0e63819d-ecb8-48d0-9e62-c46d956aea83,b171a3eb-b854-4886-84c0-fe705ac3c1cc,200000.0,200000.0,,,,,,,,,,200000.0,200000.0,,system_import,system_import,2026-07-25T06:44:32.836378+00:00,2026-07-25T06:44:32.836378+00:00,
ca0ee3fb-b874-4e76-a430-12b428bf7688,3cf4b25c-837c-481b-8410-cdc67b610ca4,200001.0,200000.0,500000.0,,,,,,,,,200001.0,500000.0,,system_import,system_import,2026-07-25T06:44:32.836378+00:00,2026-07-25T06:44:32.836378+00:00,
62368602-43cf-495c-b502-4e59c342fd7e,2db5cbd5-48ed-4e9c-a227-77dafab8c25e,200001.0,500000.0,,,,,,,,,,200001.0,500000.0,,system_import,system_import,2026-07-25T06:44:32.836378+00:00,2026-07-25T06:44:32.836378+00:00,
5d2a5c86-aeb9-409b-a2ac-6046e3f35c4e,8a6da7c1-b587-4ec7-8741-9985398bf9b9,1500001.0,2000000.0,,,,,,,,,,1500001.0,2000000.0,,system_import,system_import,2026-07-25T06:44:32.836378+00:00,2026-07-25T06:44:32.836378+00:00,
24df9891-25b2-4bf5-b2e5-3c6d8ca9dae8,5e855d26-cf12-4e9b-a18d-47a151d8e113,200000.0,100000.0,100000.0,,,,,,,,,200000.0,200000.0,,system_import,system_import,2026-07-25T06:44:32.836378+00:00,2026-07-25T06:44:32.836378+00:00,
cdfb7384-cb5e-40ff-9c79-7aac28965f46,e2b487e4-321d-4ab9-a363-ef1786514fa9,800000.0,1000000.0,5000000.0,,,,,,,,,400000.0,500000.0,,system_import,system_import,2026-07-25T06:44:32.836378+00:00,2026-07-25T06:44:32.836378+00:00,
85b408fe-4f58-4079-a71c-185cf7f15496,19843c57-c025-4d31-b054-80647fc45887,200001.0,500000.0,,,,,,,,,,200001.0,500000.0,,system_import,system_import,2026-07-25T06:44:32.836378+00:00,2026-07-25T06:44:32.836378+00:00,
b0e34534-1a68-4257-93c7-cf2d054c11ff,36579fe8-427c-403c-af86-89f39ff2ee0a,500001.0,1000000.0,,,,,,,,,,500001.0,1000000.0,,system_import,system_import,2026-07-25T06:44:32.836378+00:00,2026-07-25T06:44:32.836378+00:00,
85719d0c-ac83-4dec-a9fb-0ba30b2f2faa,af875dcc-fb64-4281-aba6-ee66dbda9d9a,200000.0,200000.0,,,,,,,,,,200000.0,200000.0,,system_import,system_import,2026-07-25T06:44:32.836378+00:00,2026-07-25T06:44:32.836378+00:00,
936884c1-64e3-4693-8004-8172783b8fcd,9d2498c3-924d-42e0-9012-2a1b738c333e,200000.0,200000.0,15000.0,,,,,,,,,200000.0,200000.0,,system_import,system_import,2026-07-25T06:44:32.836378+00:00,2026-07-25T06:44:32.836378+00:00,
81fb2d29-b9cf-4ca3-bd25-c10572063686,cc440551-d571-4def-8496-f6ba45ebabb5,200000.0,200000.0,,,,,,,,,,150000.0,200000.0,,system_import,system_import,2026-07-25T06:44:32.836378+00:00,2026-07-25T06:44:32.836378+00:00,
34f9835c-45ad-4900-b78c-07890f2e52e1,069152e1-24d2-4b17-84c0-b532c67b219d,200001.0,500000.0,100000.0,,,,,,,,,200001.0,500000.0,,system_import,system_import,2026-07-25T06:44:32.836378+00:00,2026-07-25T06:44:32.836378+00:00,
0ba79f10-ab92-428a-b1ff-2d435d9b17ba,b13d8054-0e18-48c5-9d82-b7222458d82a,200000.0,200000.0,,,,,,,,,,200000.0,200000.0,,system_import,system_import,2026-07-25T06:44:32.836378+00:00,2026-07-25T06:44:32.836378+00:00,
589d3543-cfa5-4201-a0f8-b48e33fc850a,936c18f8-c03e-4ab7-9eb5-908495d3ff95,1000001.0,200000.0,,,,,,,,,,1000001.0,1500000.0,,system_import,system_import,2026-07-25T06:44:32.836378+00:00,2026-07-25T06:44:32.836378+00:00,
ac7bde26-8579-4fe1-9658-12dfed3e4780,6acc17eb-e383-4c0f-bff7-def49b80f73c,1000001.0,1500000.0,,,,,,,,,,1000001.0,1500000.0,,system_import,system_import,2026-07-25T06:44:32.836378+00:00,2026-07-25T06:44:32.836378+00:00,
1b7fdce2-5fd3-417a-9079-671a7b820bb5,c6a54836-064b-4e01-adfe-dd04b9155a61,200000.0,200000.0,,,,,,,,,,500000.0,600000.0,,system_import,system_import,2026-07-25T06:44:32.836378+00:00,2026-07-25T06:44:32.836378+00:00,
ceb14d3d-5f62-48ed-8e62-2160dd8d3fb2,c28153ba-6a05-45da-866b-7e23e55316e0,5000001.0,1.0,,,,,,,,,,5000001.0,1.0,,system_import,system_import,2026-07-25T06:44:32.836378+00:00,2026-07-25T06:44:32.836378+00:00,
42eff72c-cccb-4f17-8430-1c4124d0a679,313c89d1-b730-4f23-92de-83898f1d643a,200001.0,500000.0,,,,,,,,,,200001.0,500000.0,,system_import,system_import,2026-07-25T06:44:32.836378+00:00,2026-07-25T06:44:32.836378+00:00,
85390bdb-a724-452b-9536-60d51f9337a7,0ff48cfc-10f6-4f0d-855d-e1dab91ad4dd,200000.0,200000.0,,,,,,,,,,200000.0,200000.0,,system_import,system_import,2026-07-25T06:44:32.836378+00:00,2026-07-25T06:44:32.836378+00:00,
b283f2d3-8ba6-4d6a-9c1f-c207f8b98778,6354012b-2f32-48cc-a6be-f7244e9d1e4e,6930.0,6930.0,25000.0,,,,,,,,,10000.0,10000.0,,system_import,system_import,2026-07-25T06:44:32.836378+00:00,2026-07-25T06:44:32.836378+00:00,
1bd728ec-4936-45ad-a240-8ab9ac1417ea,73640488-f72d-43f8-9047-d7cb9d552a48,200000.0,200000.0,,,,,,,,,,200000.0,200000.0,,system_import,system_import,2026-07-25T06:44:32.836378+00:00,2026-07-25T06:44:32.836378+00:00,
637dcb47-e0f6-433b-9d26-fae898af790c,85ffbfbc-4684-48d3-9b65-38480b044f30,200000.0,200000.0,,,,,,,,,,200000.0,200000.0,,system_import,system_import,2026-07-25T06:44:32.836378+00:00,2026-07-25T06:44:32.836378+00:00,
7537349b-6114-4e29-a074-8f52b506eb14,381c610a-8691-40e7-8d67-7f118a208946,200000.0,200000.0,50000.0,,,,,,,,,200000.0,200000.0,,system_import,system_import,2026-07-25T06:44:32.836378+00:00,2026-07-25T06:44:32.836378+00:00,
1f6cca42-ac69-463e-a48d-526d641990f7,ba172850-29c4-4948-92af-05e0d6f93383,200000.0,200000.0,25000.0,,,,,,,,,200000.0,200000.0,,system_import,system_import,2026-07-25T06:44:32.836378+00:00,2026-07-25T06:44:32.836378+00:00,
af606fdd-d668-4980-8f52-337ae19e2491,3773a581-60d1-462f-a30b-bcf76e6156ff,200000.0,200000.0,,,,,,,,,,200000.0,200000.0,,system_import,system_import,2026-07-25T06:44:32.836378+00:00,2026-07-25T06:44:32.836378+00:00,
a3c9690e-47b4-4906-a960-0c43e44bf562,b6d661d5-59a6-4f6b-83e4-36ed6f10b725,200000.0,200000.0,,,,,,,,,,200000.0,200000.0,,system_import,system_import,2026-07-25T06:44:32.836378+00:00,2026-07-25T06:44:32.836378+00:00,
841d516d-61f8-495f-9184-20aa0cacb21d,2cdb3912-86d0-47e1-8902-01f66e1bcc84,500001.0,1000000.0,,,,,,,,,,500001.0,1000000.0,,system_import,system_import,2026-07-25T06:44:32.836378+00:00,2026-07-25T06:44:32.836378+00:00,
1c405407-3b5b-4b2b-b986-5dab908cf4af,77d4f8b1-008f-4a04-8e95-448eb41bc999,200000.0,200000.0,,,,,,,,,,200000.0,200000.0,,system_import,system_import,2026-07-25T06:44:32.836378+00:00,2026-07-25T06:44:32.836378+00:00,
7aec986f-3fce-45c0-bd60-006cdb4fcfc5,78d9698a-940e-47ea-837f-72b178a2e14c,200000.0,200000.0,,,,,,,,,,200000.0,200000.0,,system_import,system_import,2026-07-25T06:44:32.836378+00:00,2026-07-25T06:44:32.836378+00:00,
28363440-9edd-4dbe-8773-24e7720423e6,0516d517-437d-4aed-ba1c-1c174574695c,200000.0,200000.0,,,,,,,,,,200000.0,200000.0,,system_import,system_import,2026-07-25T06:44:32.836378+00:00,2026-07-25T06:44:32.836378+00:00,
504f5cee-5c9a-4dba-9e4b-2a435f62402c,c5e865ef-6376-4bed-9e8d-2a2b25713971,200001.0,500000.0,,,,,,,,,,200001.0,500000.0,,system_import,system_import,2026-07-25T06:44:32.836378+00:00,2026-07-25T06:44:32.836378+00:00,
c7bdd33a-73f8-4e26-a896-d4e74aff8b8f,65f0a958-271d-49b4-87f3-dd1d97a6c9f4,1443.0,1443.0,,,,,,,,,,,,,system_import,system_import,2026-07-25T06:44:32.836378+00:00,2026-07-25T06:44:32.836378+00:00,
5530a945-b10d-4c38-98bf-4a3848915b7a,b0c0b47f-f7ec-4e00-bab3-485dcb975f3c,1424.0,1424.0,,,,,,,,,,,,,system_import,system_import,2026-07-25T06:44:32.836378+00:00,2026-07-25T06:44:32.836378+00:00,
58c8f5c4-c16c-4022-a0d0-8f02bdaa0d76,ad9ac85b-38db-418c-8500-2021858f7dfc,1500001.0,2000000.0,,,,,,,,,,1500001.0,2000000.0,,system_import,system_import,2026-07-25T06:44:32.836378+00:00,2026-07-25T06:44:32.836378+00:00,
076cbdbc-3448-4c80-832d-099b5bb88174,be122b40-268e-4cd6-b99d-b0a09480c909,200000.0,200000.0,50000.0,,,,,,,,,50000.0,100000.0,,system_import,system_import,2026-07-25T06:44:32.836378+00:00,2026-07-25T06:44:32.836378+00:00,
04a67442-ef2a-4149-b411-1c91d425d6c0,04252ec0-279b-4b9a-94a7-ca7dd8624f7c,200000.0,200000.0,,,,,,,,,,200000.0,200000.0,,system_import,system_import,2026-07-25T06:44:32.836378+00:00,2026-07-25T06:44:32.836378+00:00,
85df543c-cf9e-48d1-b308-be9c0a231f57,db0e8083-c57e-46b2-b1c8-17ea8c3f43bb,200000.0,200000.0,25000.0,,,,,,,,,200000.0,200000.0,,system_import,system_import,2026-07-25T06:44:32.836378+00:00,2026-07-25T06:44:32.836378+00:00,
1dc9086f-cc0c-4d05-8809-1e8097d79ddc,1c06a9c5-a40a-4b38-aa10-77f086a614f7,200000.0,200000.0,,,,,,,,,,200000.0,200000.0,,system_import,system_import,2026-07-25T06:44:32.836378+00:00,2026-07-25T06:44:32.836378+00:00,
1eed5c81-9f99-4b64-93fe-12bb93e08af3,abd93d63-7555-41b4-8e8a-e75d156f0d12,200000.0,200000.0,50000.0,,,,,,,,,200000.0,200000.0,,system_import,system_import,2026-07-25T06:44:32.836378+00:00,2026-07-25T06:44:32.836378+00:00,
52fba5c0-3593-4a79-a29a-cbf3e4418bec,adf43721-11ae-422a-a425-437c666f806f,200000.0,200000.0,,,,,,,,,,200000.0,200000.0,,system_import,system_import,2026-07-25T06:44:32.836378+00:00,2026-07-25T06:44:32.836378+00:00,
50264c93-ede0-4378-a93c-0effbd5e25c8,26c71ea0-f964-4793-8db8-792d4dac7b36,200001.0,500000.0,,,,,,,,,,200001.0,500000.0,,system_import,system_import,2026-07-25T06:44:32.836378+00:00,2026-07-25T06:44:32.836378+00:00,
f1ff28b0-08db-4cfa-af30-cbfd1ff34d7a,2ce4bfac-3490-4e57-bd9c-1648b831b316,1500001.0,2000000.0,,,,,,,,,,1500001.0,2000000.0,,system_import,system_import,2026-07-25T06:44:32.836378+00:00,2026-07-25T06:44:32.836378+00:00,
38c314ee-6299-411e-85a6-1e75c4e26097,19f28e4d-220b-4dbf-8262-ee80cb45b396,200001.0,500000.0,,,,,,,,,,200001.0,500000.0,,system_import,system_import,2026-07-25T06:44:32.836378+00:00,2026-07-25T06:44:32.836378+00:00,
f4b8bd12-f92a-4eca-8648-069362d0229b,f1167764-8493-472b-896e-ab12075c2bfa,200000.0,200000.0,0.0,,,,,,,,,50000.0,1.0,,system_import,system_import,2026-07-25T06:44:32.836378+00:00,2026-07-25T06:44:32.836378+00:00,
928f17da-20d0-4f40-89b3-9eb6b1ad6004,1f3d1fb0-707b-4821-9168-0694535f953d,3000001.0,5000000.0,,,,,,,,,,3000001.0,5000000.0,,system_import,system_import,2026-07-25T06:44:32.836378+00:00,2026-07-25T06:44:32.836378+00:00,
839b1f9a-048f-44d2-91f5-dac655567a1b,3484e666-e5e1-45fa-b9c8-928b1897293e,200001.0,500000.0,,,,,,,,,,200001.0,500000.0,,system_import,system_import,2026-07-25T06:44:32.836378+00:00,2026-07-25T06:44:32.836378+00:00,
d62abc50-64d1-40b3-9752-575e8d33af60,a4fb0d18-58a6-4e97-81b6-025e58665d28,1500001.0,2000000.0,,,,,,,,,,1500001.0,2000000.0,,system_import,system_import,2026-07-25T06:44:32.836378+00:00,2026-07-25T06:44:32.836378+00:00,
504e6c73-bf9f-434e-b73b-21d86ed14fca,fc0af61f-9ea7-49ba-abf7-6c4cb0de6fc6,500001.0,1000000.0,1000000.0,,,,,,,,,500001.0,1000000.0,,system_import,system_import,2026-07-25T06:44:32.836378+00:00,2026-07-25T06:44:32.836378+00:00,
79c51361-745a-40c2-b0c9-4d7f8d41c5ee,8d4ecb56-d619-4140-b73b-d111342221ef,5000001.0,1.0,,,,,,,,,,5000001.0,1.0,,system_import,system_import,2026-07-25T06:44:32.836378+00:00,2026-07-25T06:44:32.836378+00:00,
c0fb2a40-f58d-4f22-bd44-9010f9d4ba1c,e555a368-d2fc-4f9a-b7f0-22a619777734,1500000.0,9000000.0,600000.0,8.0,,,,,,,,3000001.0,5000000.0,,system_import,system_import,2026-07-25T06:44:32.836378+00:00,2026-07-25T06:44:32.836378+00:00,
69df5cc9-99e9-4f10-9091-a9d64d2dfa3c,d7b12b75-d343-40e3-bf0d-c8a42a4e6d66,2000001.0,3000000.0,,,,,,,,,,2000001.0,3000000.0,,system_import,system_import,2026-07-25T06:44:32.836378+00:00,2026-07-25T06:44:32.836378+00:00,
11a1d290-1953-4b7b-ae54-fb0c72f4cf31,272a92d8-9343-4e94-b8c4-cb66011afbea,200001.0,500000.0,,,,,,,,,,200001.0,500000.0,,system_import,system_import,2026-07-25T06:44:32.836378+00:00,2026-07-25T06:44:32.836378+00:00,
4f51e8a5-095c-4409-a93d-02346579ce7a,a8dea101-5d33-4497-a716-f4801477e17b,2000001.0,3000000.0,,,,,,,,,,2000001.0,3000000.0,,system_import,system_import,2026-07-25T06:44:32.836378+00:00,2026-07-25T06:44:32.836378+00:00,
867c13e0-dbb5-47a7-b062-ba588a344644,aa17b37b-789a-4670-9788-f701e03ea48c,200001.0,500000.0,,,,,,,,,,200001.0,500000.0,,system_import,system_import,2026-07-25T06:44:32.836378+00:00,2026-07-25T06:44:32.836378+00:00,
e0f0ba97-ee6a-44f6-ae7d-de86c6374d7e,39dda95e-7e1f-47d1-b745-a0d4fab58e73,200001.0,500000.0,250000.0,,,,,,,,,200001.0,500000.0,,system_import,system_import,2026-07-25T06:44:32.836378+00:00,2026-07-25T06:44:32.836378+00:00,
d89975ad-b363-4b0b-a350-509a79eda5c0,6379350f-74aa-4228-8993-bfd9d2ce0b0d,1500001.0,2000000.0,,,,,,,,,,1500001.0,2000000.0,,system_import,system_import,2026-07-25T06:44:32.836378+00:00,2026-07-25T06:44:32.836378+00:00,
7901bb1a-b7c9-4819-bd9a-be60f6793d92,a34d20e9-c3f0-4938-afdb-eee702cf7fbd,1000001.0,1500000.0,,,,,,,,,,1000001.0,1500000.0,,system_import,system_import,2026-07-25T06:44:32.836378+00:00,2026-07-25T06:44:32.836378+00:00,
9238142e-49b6-4610-a3f8-596ae6f29a8a,b7d8bd5a-4e3f-40e6-b5de-f2c57ed8ca7b,1500001.0,2000000.0,,,,,,,,,,1500001.0,2000000.0,,system_import,system_import,2026-07-25T06:44:32.836378+00:00,2026-07-25T06:44:32.836378+00:00,
0c4dffa3-584d-43d1-8c90-0ad872659cd7,93934cbc-18b4-43a9-a180-6c8c7ae5c580,200001.0,500000.0,,,,,,,,,,200001.0,500000.0,,system_import,system_import,2026-07-25T06:44:32.836378+00:00,2026-07-25T06:44:32.836378+00:00,
2e25c6ca-1f11-4831-ac96-3ec4572d1b36,693f32f7-48ff-4587-8178-33c0617f9c74,500001.0,1000000.0,,,,,,,,,,500001.0,1000000.0,,system_import,system_import,2026-07-25T06:44:32.836378+00:00,2026-07-25T06:44:32.836378+00:00,
9061fff0-5252-4f50-a078-d5af0b191c81,9208dc1f-f08f-4fdb-8179-b5aa02d16028,500001.0,1000000.0,2000000.0,,,,,,,,,500001.0,1000000.0,,system_import,system_import,2026-07-25T06:44:32.836378+00:00,2026-07-25T06:44:32.836378+00:00,
3a9374ff-b181-4deb-8ac6-fcbef9c2bd0c,2d67e6ef-0a54-4ac9-80e4-f95ca4393037,2000001.0,3000000.0,,,,,,,,,,2000001.0,3000000.0,,system_import,system_import,2026-07-25T06:44:32.836378+00:00,2026-07-25T06:44:32.836378+00:00,
eaf329e1-e081-4ba9-8442-c093c5be6cce,5dd2f7ee-4075-4652-9e89-5a0bac122976,2000001.0,3000000.0,,,,,,,,,,2000001.0,3000000.0,,system_import,system_import,2026-07-25T06:44:32.836378+00:00,2026-07-25T06:44:32.836378+00:00,
cbab73ed-d9d2-44e5-bae0-77d8f5ff71a9,1c249658-d0aa-48cf-b543-3d5dc58f104c,500001.0,1000000.0,,,,,,,,,,500001.0,1000000.0,,system_import,system_import,2026-07-25T06:44:32.836378+00:00,2026-07-25T06:44:32.836378+00:00,
1cf046fd-6651-49a8-a087-3415bc64b520,15498f40-f492-465a-9f9d-cd9a6297eb76,1000001.0,1500000.0,,,,,,,,,,1000001.0,1500000.0,,system_import,system_import,2026-07-25T06:44:32.836378+00:00,2026-07-25T06:44:32.836378+00:00,
9cb2dcf3-f8d3-4eab-ba2c-fefb00c2814a,16b9e663-73e7-475b-bf03-6c9426419eaa,200000.0,200000.0,,,,,,,,,,200000.0,200000.0,,system_import,system_import,2026-07-25T06:44:32.836378+00:00,2026-07-25T06:44:32.836378+00:00,
414bc5b1-40db-40f9-9352-8834943ae578,a5bde19d-dff6-46a8-ba6e-ebd6bc7262a8,200000.0,200000.0,100000.0,,,,,,,,,200000.0,200000.0,,system_import,system_import,2026-07-25T06:44:32.836378+00:00,2026-07-25T06:44:32.836378+00:00,
e29d9a91-9df1-4f56-a09e-41537dd3c93c,25ddb0e7-a543-448f-9efa-72c88c23898d,200001.0,500000.0,150000.0,,,,,,,,,200001.0,500000.0,,system_import,system_import,2026-07-25T06:44:32.836378+00:00,2026-07-25T06:44:32.836378+00:00,
a1634cfc-2343-4129-8989-6cd7795c4fa8,c61d910e-8e16-4417-842f-fc34779ba02e,200001.0,500000.0,300000.0,,,,,,,,,200001.0,500000.0,,system_import,system_import,2026-07-25T06:44:32.836378+00:00,2026-07-25T06:44:32.836378+00:00,
0c94d227-42f0-4e87-8a8a-2d066a7ada91,257d92d2-79a8-4e72-a6b3-176bbacdec5b,200000.0,200000.0,,,,,,,,,,200.0,300.0,,system_import,system_import,2026-07-25T06:44:32.836378+00:00,2026-07-25T06:44:32.836378+00:00,
3904163b-4eac-411a-bf6f-cad2f2619ea4,8418f02a-7847-4743-90d9-a9cf62fd75c3,200000.0,200000.0,,,,,,,,,,200000.0,200000.0,,system_import,system_import,2026-07-25T06:44:32.836378+00:00,2026-07-25T06:44:32.836378+00:00,
2a02c0e8-1519-496c-91ab-f028bedb8e58,49bc81f6-87f7-4dc4-8178-7a984e2be164,955.0,955.0,,,,,,,,,,,,,system_import,system_import,2026-07-25T06:44:32.836378+00:00,2026-07-25T06:44:32.836378+00:00,
10f48a91-7809-49ef-8ba7-c676642627df,e36ec007-dfc3-47b7-b626-12c9d1c3ae50,1.0,1.0,,,,,,,,,,1.0,1.0,,system_import,system_import,2026-07-25T06:44:32.836378+00:00,2026-07-25T06:44:32.836378+00:00,
6fe9d890-f52f-4237-b9d5-c7a271b3b063,1201a0db-6ed0-4aaa-9fb9-f20187c6bc36,200001.0,500000.0,1500000.0,,,,,,,,,200001.0,500000.0,,system_import,system_import,2026-07-25T06:44:32.836378+00:00,2026-07-25T06:44:32.836378+00:00,
b87d5051-ec8d-4e9c-bd29-faae70afc8b4,ad654d09-8c18-48cc-9f66-035aaf2bcb32,500001.0,1000000.0,,,,,,,,,,500001.0,1000000.0,,system_import,system_import,2026-07-25T06:44:32.836378+00:00,2026-07-25T06:44:32.836378+00:00,
07747c2d-a683-4a1a-96be-9b13a4fa6304,1ada143a-327a-469f-9054-26429ab4add8,1.0,1.0,,,,,,,,,,1.0,1.0,,system_import,system_import,2026-07-25T06:44:32.836378+00:00,2026-07-25T06:44:32.836378+00:00,
02f7abdf-0c7a-4357-bdc4-525b4183ec02,467f7f94-2439-4cec-bd9a-ea14968cfbc6,2000001.0,3000000.0,,,,,,,,,,2000001.0,3000000.0,,system_import,system_import,2026-07-25T06:44:32.836378+00:00,2026-07-25T06:44:32.836378+00:00,
0c5fc5be-7214-4c4b-9995-93277df5e732,8dcfaee2-cad9-4afa-a49a-cf8d38f59811,200001.0,500000.0,,,,,,,,,,200001.0,500000.0,,system_import,system_import,2026-07-25T06:44:32.836378+00:00,2026-07-25T06:44:32.836378+00:00,
81b1c34b-d516-47b7-b8c7-4afc439eeed1,77ce755c-8af6-4125-90e1-687f440680d7,1.0,1.0,,,,,,,,,,1.0,1.0,,system_import,system_import,2026-07-25T06:44:32.836378+00:00,2026-07-25T06:44:32.836378+00:00,
ad44ffff-91e6-4bfd-8296-19437df5f9af,b23481a2-05fd-4954-8585-c1a6b0b1bb75,5000001.0,1.0,,,,,,,,,,5000001.0,1.0,,system_import,system_import,2026-07-25T06:44:32.836378+00:00,2026-07-25T06:44:32.836378+00:00,
df929812-4467-445c-a1ff-5c534dab6c86,5042fc65-1c66-40e5-94c4-c69da77c8644,5000001.0,1.0,,,,,,,,,,5000001.0,1.0,,system_import,system_import,2026-07-25T06:44:32.836378+00:00,2026-07-25T06:44:32.836378+00:00,
5230fd8e-26fc-4991-8751-fc2867bdcd82,96faca07-0df9-4c33-a5fb-c68d717c527e,5000001.0,1.0,,,,,,,,,,5000001.0,1.0,,system_import,system_import,2026-07-25T06:44:32.836378+00:00,2026-07-25T06:44:32.836378+00:00,
408a341e-e9fb-489e-8d40-1affd23fdf7e,ea939c69-a636-4f6c-88fd-19e9136408c2,5000001.0,1.0,,,,,,,,,,5000001.0,1.0,,system_import,system_import,2026-07-25T06:44:32.836378+00:00,2026-07-25T06:44:32.836378+00:00,
8913ee3d-477b-418e-975e-c9c7eae91e64,b33293d6-b6c6-4f8e-abf3-7624acfb5087,10000000.0,20000000.0,,,,,,,,,,1.0,1.0,,system_import,system_import,2026-07-25T06:44:32.836378+00:00,2026-07-25T06:44:32.836378+00:00,
1c604e31-fb12-40b8-bebb-88ce23391c8c,8628e071-60bb-4853-b85e-4094af6abf46,5000001.0,1.0,,,,,,,,,,5000001.0,1.0,,system_import,system_import,2026-07-25T06:44:32.836378+00:00,2026-07-25T06:44:32.836378+00:00,
b84dfb42-8c25-439c-bcd7-d50d019a8f52,dddbb889-faca-4d10-8882-e2bb47edae01,5000001.0,1.0,,,,,,,,,,5000001.0,1.0,,system_import,system_import,2026-07-25T06:44:32.836378+00:00,2026-07-25T06:44:32.836378+00:00,
216eddb5-af59-45e2-92a8-206821581030,48a27e7b-16aa-45d3-b626-6437bc892ba2,200001.0,500000.0,,,,,,,,,,200001.0,500000.0,,system_import,system_import,2026-07-25T06:44:32.836378+00:00,2026-07-25T06:44:32.836378+00:00,
066532b5-d869-4cdd-aad2-43cca43241f3,d18fe732-ac62-4a9c-af2d-ee3d6cb413a0,3000001.0,5000000.0,,,,,,,,,,3000001.0,5000000.0,,system_import,system_import,2026-07-25T06:44:32.836378+00:00,2026-07-25T06:44:32.836378+00:00,
d3d17732-3686-4da9-922f-5bfcc82e70e9,b3f279d1-7e89-48b3-a8ae-f7e685c2a171,200000.0,200000.0,,,,,,,,,,500000.0,1000000.0,,system_import,system_import,2026-07-25T06:44:32.836378+00:00,2026-07-25T06:44:32.836378+00:00,
bab1829e-e17b-4343-af98-db18ae6755f4,b0158725-5435-4afe-963f-cd92d69fc9c3,3000001.0,5000000.0,,,,,,,,,,3000001.0,5000000.0,,system_import,system_import,2026-07-25T06:44:32.836378+00:00,2026-07-25T06:44:32.836378+00:00,
eef9db0b-2393-4176-8bc3-ba12161dc051,75486209-da4b-43bd-895d-291c327bf740,200001.0,500000.0,500000.0,,,,,,,,,200001.0,500000.0,,system_import,system_import,2026-07-25T06:44:32.836378+00:00,2026-07-25T06:44:32.836378+00:00,
075e60b7-048c-4fec-98cd-300d1bd873d4,9c09bbaa-bbd0-470e-8022-43fdad516ae5,5000001.0,10000000.0,,,,,,,,,,5000001.0,1.0,,system_import,system_import,2026-07-25T06:44:32.836378+00:00,2026-07-25T06:44:32.836378+00:00,
c7d2961e-c3e2-4933-b4b8-dbf571d14708,ee21bed6-4750-4c04-b8c0-62abfcde5eeb,200000.0,200000.0,,,,,,,,,,200000.0,200000.0,,system_import,system_import,2026-07-25T06:44:32.836378+00:00,2026-07-25T06:44:32.836378+00:00,
91ce576c-c54b-4530-a1ef-9f1170643123,e3b74c35-3997-42b4-8c33-63c7078353af,5000001.0,1.0,,,,,,,,,,5000001.0,1.0,,system_import,system_import,2026-07-25T06:44:32.836378+00:00,2026-07-25T06:44:32.836378+00:00,
1b375dd6-c948-439b-8e50-061a64ac0418,ec789915-36d5-4baf-b1e8-e93b52f37855,5000001.0,1.0,,,,,,,,,,5000001.0,1.0,,system_import,system_import,2026-07-25T06:44:32.836378+00:00,2026-07-25T06:44:32.836378+00:00,
5e166b2e-2041-4645-a085-ba7122a5f831,cae66006-c4a4-4088-8b89-f43076255bb5,1.0,1.0,,,,,,,,,,1.0,1.0,,system_import,system_import,2026-07-25T06:44:32.836378+00:00,2026-07-25T06:44:32.836378+00:00,
5e1cdc2c-3e03-413b-b234-3ee2d46443fa,518f7a59-0519-49c9-84c8-d70fe06db164,1000001.0,1500000.0,,,,,,,,,,1000001.0,1500000.0,,system_import,system_import,2026-07-25T06:44:32.836378+00:00,2026-07-25T06:44:32.836378+00:00,
59f2b767-6987-422c-aac1-599acd85d00b,32f54a75-7dff-4b12-9f7a-0131003bcc30,5000001.0,1.0,,,,,,,,,,5000001.0,1.0,,system_import,system_import,2026-07-25T06:44:32.836378+00:00,2026-07-25T06:44:32.836378+00:00,
2fd7a24c-3b1b-4346-9bb1-47a80457633b,e46e21b6-23f7-4074-90e8-e3c1da46142c,1500001.0,2000000.0,200000.0,,,,,,,,,1500001.0,2000000.0,,system_import,system_import,2026-07-25T06:44:32.836378+00:00,2026-07-25T06:44:32.836378+00:00,
4f57cc33-bdd4-491d-8040-ef51f858b8e5,77f29d1a-ed55-4db9-a148-b97213d89875,1000001.0,1500000.0,,,,,,,,,,1000001.0,1500000.0,,system_import,system_import,2026-07-25T06:44:32.836378+00:00,2026-07-25T06:44:32.836378+00:00,
6b33d046-4374-4c58-acd1-26233bf7e3fb,2a914cab-5388-49e2-81a2-fe596a0fdfcd,500001.0,1000000.0,,,,,,,,,,500001.0,1000000.0,,system_import,system_import,2026-07-25T06:44:32.836378+00:00,2026-07-25T06:44:32.836378+00:00,
32172b70-6487-4e19-b509-0d36fac25dd8,057e6348-0568-4add-ac70-985c2c197663,1000001.0,1500000.0,,,,,,,,,,1000001.0,1500000.0,,system_import,system_import,2026-07-25T06:44:32.836378+00:00,2026-07-25T06:44:32.836378+00:00,
7435f540-84d0-4291-9d1f-00f6bd1cd466,e794c694-0d52-444a-a40a-3fffb9dd4925,500001.0,1000000.0,,,,,,,,,,500001.0,1000000.0,,system_import,system_import,2026-07-25T06:44:32.836378+00:00,2026-07-25T06:44:32.836378+00:00,
0d0b4a33-04cf-4e7d-b3cb-62b388a6d4c5,12a72893-0918-46f4-b0d4-61dc07aa706b,500001.0,1000000.0,,,,,,,,,,500001.0,1000000.0,,system_import,system_import,2026-07-25T06:44:32.836378+00:00,2026-07-25T06:44:32.836378+00:00,
690932ef-424a-41ab-96b5-76e9477b9b3c,e486f2f1-35ed-4013-8500-367eba93eb3c,200001.0,500000.0,,,,,,,,,,200001.0,500000.0,,system_import,system_import,2026-07-25T06:44:32.836378+00:00,2026-07-25T06:44:32.836378+00:00,
faf2da90-76f6-4bbe-91d1-2126edced1fb,bde25d02-bf8d-4a20-8d43-777498e9e02f,1500001.0,2000000.0,,,,,,,,,,1500001.0,2000000.0,,system_import,system_import,2026-07-25T06:44:32.836378+00:00,2026-07-25T06:44:32.836378+00:00,
0998867f-154f-4265-aa90-59b020eb5fed,fbfe1a56-0bb2-4528-982a-1794aa34e103,1000001.0,1500000.0,250000.0,,,,,,,,,1000001.0,1500000.0,,system_import,system_import,2026-07-25T06:44:32.836378+00:00,2026-07-25T06:44:32.836378+00:00,
a934a0b7-1be9-444a-930a-eef0577c8669,1fbb86d4-5b6f-4a44-a874-951fd69fdb5f,200001.0,500000.0,,,,,,,,,,200001.0,500000.0,,system_import,system_import,2026-07-25T06:44:32.836378+00:00,2026-07-25T06:44:32.836378+00:00,
ff53fb13-6ba2-4040-b7a5-974ec9e7bbe3,a4b44991-b1a3-43d1-b8ca-8210b3a54a0e,500001.0,1000000.0,,,,,,,,,,500001.0,1000000.0,,system_import,system_import,2026-07-25T06:44:32.836378+00:00,2026-07-25T06:44:32.836378+00:00,
4309427b-427a-4b38-a6e3-39bdbdb7ebdd,ba8cad09-e46a-4a1f-a1f6-0186dc6dd838,5000001.0,1.0,650000.0,,,,,,,,,5000001.0,1.0,,system_import,system_import,2026-07-25T06:44:32.836378+00:00,2026-07-25T06:44:32.836378+00:00,
38f9ad9e-7e8a-491b-92a0-b0fcf725f0e1,a97e7ac0-d9fd-482a-a917-a32f4167f769,25000.0,50000.0,,,,,,,,,,50000.0,25000.0,,system_import,system_import,2026-07-25T06:44:32.836378+00:00,2026-07-25T06:44:32.836378+00:00,
cd34dc01-54ff-4a91-9373-0b987c4229ee,14054952-fcfe-4d40-9f5c-9fe31d9e2bc9,500000.0,3000000.0,,,,,,,,,,2000001.0,3000000.0,,system_import,system_import,2026-07-25T06:44:32.836378+00:00,2026-07-25T06:44:32.836378+00:00,
99b047c7-5a19-4d3e-ace7-44c0770febc5,c1d85745-dd52-4a17-bb23-2724ccec566d,200000.0,200000.0,,,,,,,,,,200000.0,200000.0,,system_import,system_import,2026-07-25T06:44:32.836378+00:00,2026-07-25T06:44:32.836378+00:00,
0bc123b4-5401-41df-8ebe-ed5907da068a,3816f795-a753-4bed-bbd8-e176f13102ea,500001.0,1000000.0,,,,,,,,,,500001.0,1000000.0,,system_import,system_import,2026-07-25T06:44:32.836378+00:00,2026-07-25T06:44:32.836378+00:00,
3dcceec5-42d7-488f-a6fa-9b944a7d1056,b1eddb4a-71ac-4bc0-8bad-2ff320b16d8b,500001.0,1000000.0,,,,,,,,,,500001.0,1000000.0,,system_import,system_import,2026-07-25T06:44:32.836378+00:00,2026-07-25T06:44:32.836378+00:00,
b2a3da46-f84d-4a16-a228-6f27564d4c8c,515b60bf-6ff2-48b1-9e39-95c4454734ac,200001.0,500000.0,,,,,,,,,,200001.0,500000.0,,system_import,system_import,2026-07-25T06:44:32.836378+00:00,2026-07-25T06:44:32.836378+00:00,
d450970c-3215-4dac-a44f-87f0ed47d5a5,6ec0b4bc-e924-485f-8a90-aaf01c1bf12f,200000.0,200000.0,,,,,,,,,,200000.0,200000.0,,system_import,system_import,2026-07-25T06:44:32.836378+00:00,2026-07-25T06:44:32.836378+00:00,
da8d7b16-8244-4042-86df-721181a80657,88438cbe-1467-4d67-85bf-0de93044a5f3,200001.0,500000.0,,,,,,,,,,200001.0,500000.0,,system_import,system_import,2026-07-25T06:44:32.836378+00:00,2026-07-25T06:44:32.836378+00:00,
3c92cb9b-1ecc-4660-9eeb-99cb8ad60410,5934f84e-cc45-4910-b493-d927e85e9ca0,200000.0,200000.0,250000.0,,,,,,,,,200000.0,200000.0,,system_import,system_import,2026-07-25T06:44:32.836378+00:00,2026-07-25T06:44:32.836378+00:00,
2cb18521-4f51-41a9-8fbc-8ad55a9e4799,f9913d16-2751-4ac4-a2e7-59a4be80ec38,200000.0,200000.0,125000.0,,,,,,,,,200000.0,200000.0,,system_import,system_import,2026-07-25T06:44:32.836378+00:00,2026-07-25T06:44:32.836378+00:00,
8300614c-fdb5-4d74-a547-311f7d330639,f050cef3-4b0d-4a8f-b93c-7439173a2fed,1000001.0,1500000.0,,,,,,,,,,1000001.0,1500000.0,,system_import,system_import,2026-07-25T06:44:32.836378+00:00,2026-07-25T06:44:32.836378+00:00,
12a5c6f8-1870-4b98-a228-1a4adf9c000b,28dda238-8fb7-48f7-88e8-7edebb34354e,200001.0,500000.0,,,,,,,,,,200001.0,500000.0,,system_import,system_import,2026-07-25T06:44:32.836378+00:00,2026-07-25T06:44:32.836378+00:00,
219c4d6e-f547-4404-8f20-d2eccd914cbf,e5005f87-eddb-4320-91cf-515853afe885,500001.0,1000000.0,,,,,,,,,,500001.0,1000000.0,,system_import,system_import,2026-07-25T06:44:32.836378+00:00,2026-07-25T06:44:32.836378+00:00,
ca65bf13-736d-473a-b92e-bbafdf6da848,fc009a4a-5a5d-40ad-997d-6ff95efff5ab,200000.0,200000.0,,,,,,,,,,200000.0,200000.0,,system_import,system_import,2026-07-25T06:44:32.836378+00:00,2026-07-25T06:44:32.836378+00:00,
a317dedc-c4de-4634-a3e1-9ca2aa962a28,a7059bcb-9de3-4250-bc8a-bb5b122368d0,200001.0,500000.0,,,,,,,,,,200001.0,500000.0,,system_import,system_import,2026-07-25T06:44:32.836378+00:00,2026-07-25T06:44:32.836378+00:00,
83973ff6-39ab-4f9f-a9d7-ecf434715f8c,e0264c54-fb9a-4c67-b432-01603486f1d2,3000001.0,5000000.0,500000.0,,,,,,,,,3000001.0,5000000.0,,system_import,system_import,2026-07-25T06:44:32.836378+00:00,2026-07-25T06:44:32.836378+00:00,
c6696f1f-dea2-472b-9cbd-99ed5e5e2d79,198b4424-01ed-483a-b851-98d1fd2dd438,200001.0,500000.0,,,,,,,,,,200001.0,500000.0,,system_import,system_import,2026-07-25T06:44:32.836378+00:00,2026-07-25T06:44:32.836378+00:00,
07894e2b-a153-4d9d-9e1c-2e9ca9c7cdd0,31719fe5-1e07-4666-b368-9a5990053eb4,200001.0,500000.0,500000.0,,,,,,,,,200001.0,500000.0,,system_import,system_import,2026-07-25T06:44:32.836378+00:00,2026-07-25T06:44:32.836378+00:00,
76060ebe-8167-4e4c-913f-ca638f6f894e,a6db274b-d8f9-4e74-acfb-f58701418df3,500001.0,1000000.0,,,,,,,,,,500001.0,1000000.0,,system_import,system_import,2026-07-25T06:44:32.836378+00:00,2026-07-25T06:44:32.836378+00:00,
654e536e-354d-431c-b1e3-3106e0675df1,80cd091c-2d3b-4e32-b92b-a4b65b2520af,2500000.0,2500000.0,,,,,,,,,,1500001.0,2000000.0,,system_import,system_import,2026-07-25T06:44:32.836378+00:00,2026-07-25T06:44:32.836378+00:00,
8d4d474c-e7a4-4a76-a599-c781f959e941,b2aad800-d536-4390-874d-e7f7dcb5d6bc,200001.0,500000.0,,,,,,,,,,200001.0,500000.0,,system_import,system_import,2026-07-25T06:44:32.836378+00:00,2026-07-25T06:44:32.836378+00:00,
c43ecb6d-083c-4c62-9036-68e0001d2e5e,249b6e31-a9fd-401f-a96c-ad54eaf1820c,1000001.0,1500000.0,,,,,,,,,,1000001.0,1500000.0,,system_import,system_import,2026-07-25T06:44:32.836378+00:00,2026-07-25T06:44:32.836378+00:00,
6dab17df-e8cf-401e-834d-6d4e497c9e43,f390db63-26cd-473d-b10b-c620711e60ac,500001.0,1000000.0,,,,,,,,,,500001.0,1000000.0,,system_import,system_import,2026-07-25T06:44:32.836378+00:00,2026-07-25T06:44:32.836378+00:00,
5876e232-f6e5-476a-babc-cbe3fca9ac18,db47ef05-8afb-49ca-b510-0542c5bb1d5f,200000.0,200000.0,200000.0,,,,,,,,,200000.0,200000.0,,system_import,system_import,2026-07-25T06:44:32.836378+00:00,2026-07-25T06:44:32.836378+00:00,
8f8fc45f-7830-4ee1-83fe-043206094b4b,338d85d7-a79b-4bc7-a96a-9de442bb5a1c,1556.0,1556.0,,,,,,,,,,,,,system_import,system_import,2026-07-25T06:44:32.836378+00:00,2026-07-25T06:44:32.836378+00:00,
013aacc3-d119-45df-88f1-bea3db723c60,a1611b66-d088-4bf3-ac8b-3d9a559df25c,200000.0,200000.0,,,,,,,,,,200000.0,200000.0,,system_import,system_import,2026-07-25T06:44:32.836378+00:00,2026-07-25T06:44:32.836378+00:00,
e1331810-6c9d-4f15-b438-f6b8d68a7c85,648d2f6c-57e0-4dd2-b6f7-9d3e143f6ac3,500001.0,1000000.0,,,,,,,,,,500001.0,1000000.0,,system_import,system_import,2026-07-25T06:44:32.836378+00:00,2026-07-25T06:44:32.836378+00:00,
f1402310-8d79-49d5-ac7a-6e31fbacce56,5dedbca6-7d66-4a85-9ac3-6e4333884583,200001.0,500000.0,200000.0,,,,,,,,,200001.0,500000.0,,system_import,system_import,2026-07-25T06:44:32.836378+00:00,2026-07-25T06:44:32.836378+00:00,
ac234152-2beb-49b5-b892-7890d69d3117,18816950-6283-45f8-9b56-541272c33911,500001.0,1000000.0,500000.0,,,,,,,,,500001.0,1000000.0,,system_import,system_import,2026-07-25T06:44:32.836378+00:00,2026-07-25T06:44:32.836378+00:00,
70af081b-04c7-4f2c-aef0-0a4c12e26e55,ffa6e329-403f-418b-be9f-7f6fec7d6062,500001.0,1000000.0,,,,,,,,,,500001.0,1000000.0,,system_import,system_import,2026-07-25T06:44:32.836378+00:00,2026-07-25T06:44:32.836378+00:00,
33f7fe58-a1da-43df-a891-0afe870f81c9,49b31cb9-8187-47d7-a821-8149b7a8d745,3000001.0,5000000.0,,,,,,,,,,3000001.0,5000000.0,,system_import,system_import,2026-07-25T06:44:32.836378+00:00,2026-07-25T06:44:32.836378+00:00,
44f81b04-6124-478a-88b8-f58ae7775e06,4114edf3-b28c-4a84-85d1-85d7465227d5,200000.0,200000.0,,,,,,,,,,69.0,69.0,,system_import,system_import,2026-07-25T06:44:32.836378+00:00,2026-07-25T06:44:32.836378+00:00,
0496c8c3-7668-41c5-9d65-00ee088a1422,62b195c5-3abe-4c22-b961-2153d9f4e98d,500001.0,1000000.0,,,,,,,,,,500001.0,1000000.0,,system_import,system_import,2026-07-25T06:44:32.836378+00:00,2026-07-25T06:44:32.836378+00:00,
b1b2703e-f4ad-42ed-b851-9c776d5a2978,6b3f808b-bb31-4da2-b037-9c2a74dbf3be,1000001.0,1500000.0,,,,,,,,,,1000001.0,1500000.0,,system_import,system_import,2026-07-25T06:44:32.836378+00:00,2026-07-25T06:44:32.836378+00:00,
078bdc9e-7e59-4e41-bc56-30643ec1a7d7,9e8cb06c-2ece-423d-b488-031fad7b9271,200000.0,200000.0,,,,,,,,,,200000.0,200000.0,,system_import,system_import,2026-07-25T06:44:32.836378+00:00,2026-07-25T06:44:32.836378+00:00,
66e8935d-f571-446e-ad01-6cdab55c5ca6,eea393bb-33c1-43b4-a50f-f8fefa033215,500001.0,1000000.0,3000000.0,,,,,,,,,500001.0,1000000.0,,system_import,system_import,2026-07-25T06:44:32.836378+00:00,2026-07-25T06:44:32.836378+00:00,
d1bad0ad-5f96-4b7b-ab37-43e4637ec81f,f4adf609-df5f-4411-a039-b84ae00f7d11,200000.0,200000.0,,,,,,,,,,200000.0,200000.0,,system_import,system_import,2026-07-25T06:44:32.836378+00:00,2026-07-25T06:44:32.836378+00:00,
64e67463-0736-4ceb-8300-724c9127a7ee,fd511a6b-00cd-4e33-90e9-720e600a92ab,200000.0,200000.0,2000000.0,,,,,,,,,200000.0,200000.0,,system_import,system_import,2026-07-25T06:44:32.836378+00:00,2026-07-25T06:44:32.836378+00:00,
58e503f0-ff8e-436f-b12e-0cf654113040,bf3fc15b-ec83-4e82-bc4f-1bfafbe1960e,500001.0,1000000.0,,,,,,,,,,500001.0,1000000.0,,system_import,system_import,2026-07-25T06:44:32.836378+00:00,2026-07-25T06:44:32.836378+00:00,
29132c54-72a6-4727-9ace-277ad169cd78,cc3593a2-3d42-439b-b4f8-cb8f2b92a1f9,5000001.0,1.0,,,,,,,,,,5000001.0,1.0,,system_import,system_import,2026-07-25T06:44:32.836378+00:00,2026-07-25T06:44:32.836378+00:00,
ccd342ac-00aa-4d0d-bda4-e01a8c7362ab,0c02a597-a381-4e6f-b605-4f44e1f18ea5,200000.0,200000.0,,,,,,,,,,200000.0,200000.0,,system_import,system_import,2026-07-25T06:44:32.836378+00:00,2026-07-25T06:44:32.836378+00:00,
90789cde-d14c-496e-99c3-a57d35911fee,5c2d7646-0294-4ec0-9bce-2c6a262a4a35,5000001.0,10000000.0,,,,,,,,,,5000001.0,1.0,,system_import,system_import,2026-07-25T06:44:32.836378+00:00,2026-07-25T06:44:32.836378+00:00,
add7a5a1-ef5a-4070-aab1-b1305bfb698d,1ca6205f-fc5c-46c0-92e3-1b7e91488db5,2882.0,2882.0,,,,,,,,,,,,,system_import,system_import,2026-07-25T06:44:32.836378+00:00,2026-07-25T06:44:32.836378+00:00,
aecd6819-512e-46ae-8fe2-8fbe674c2e62,05dfb552-0c3e-4ad4-9281-bef29a2a5a01,200001.0,500000.0,,,,,,,,,,200001.0,500000.0,,system_import,system_import,2026-07-25T06:44:32.836378+00:00,2026-07-25T06:44:32.836378+00:00,
4ce80038-4601-405f-a538-e49d3d9014ed,ab00ac9a-280a-4cc4-9064-a1692d6c7c27,500001.0,1000000.0,,,,,,,,,,500001.0,1000000.0,,system_import,system_import,2026-07-25T06:44:32.836378+00:00,2026-07-25T06:44:32.836378+00:00,
58b6f4c9-646f-46fe-821f-b106563afea6,6646da6a-2d8f-4f1e-a010-e46819322622,200000.0,200000.0,,,,,,,,,,200000.0,200000.0,,system_import,system_import,2026-07-25T06:44:32.836378+00:00,2026-07-25T06:44:32.836378+00:00,
fabe53b2-0ee0-4594-9dbe-81abfa8460b8,7d2084f9-b14d-45c4-82dd-32666c75ee5a,1000001.0,1500000.0,,,,,,,,,,1000001.0,1500000.0,,system_import,system_import,2026-07-25T06:44:32.836378+00:00,2026-07-25T06:44:32.836378+00:00,
c9068441-a0fc-4aab-945e-5702296da73a,f92a3479-3120-4de3-82fd-0af122270f5f,1000000.0,2000000.0,1200000.0,,,,,,,,,1000001.0,1500000.0,,system_import,system_import,2026-07-25T06:44:32.836378+00:00,2026-07-25T06:44:32.836378+00:00,
53496400-e52c-4ea5-b6d2-f15fa561af87,5ea16238-0364-4adf-b79b-34e6d952bd41,500001.0,1000000.0,,,,,,,,,,500001.0,1000000.0,,system_import,system_import,2026-07-25T06:44:32.836378+00:00,2026-07-25T06:44:32.836378+00:00,
41fd3cba-b4d7-48e4-89fe-a2ffb6dcec8d,69f6f935-cb2a-4fe7-8a61-9d617840d725,200000.0,200000.0,100000.0,,,,,,,,,200000.0,200000.0,,system_import,system_import,2026-07-25T06:44:32.836378+00:00,2026-07-25T06:44:32.836378+00:00,
573d0e73-8fc2-4020-955b-eb97839a646e,481b9a71-f1e2-4ebe-aead-274357004566,1000001.0,1500000.0,,,,,,,,,,1000001.0,1500000.0,,system_import,system_import,2026-07-25T06:44:32.836378+00:00,2026-07-25T06:44:32.836378+00:00,
253742b7-7934-4e9d-8c6a-822a7eb19a49,94190976-41d0-49bb-a0f6-0e3394742fbd,500001.0,1000000.0,,,,,,,,,,500001.0,1000000.0,,system_import,system_import,2026-07-25T06:44:32.836378+00:00,2026-07-25T06:44:32.836378+00:00,
16dae720-8671-4507-85e2-cba471b22e7c,38016888-6793-4034-b0c2-c208a834a74b,500001.0,1000000.0,,,,,,,,,,500001.0,1000000.0,,system_import,system_import,2026-07-25T06:44:32.836378+00:00,2026-07-25T06:44:32.836378+00:00,
4d82695d-16a0-4527-9cd2-b9c35981e484,a5c5855d-4c7f-4ce2-b258-4db4c552a94c,3000001.0,5000000.0,,,,,,,,,,3000001.0,5000000.0,,system_import,system_import,2026-07-25T06:44:32.836378+00:00,2026-07-25T06:44:32.836378+00:00,
79e1835d-c6ea-41ba-92c5-96da04167f04,de0deaa4-cc68-4feb-ab6d-941783bcc40f,500001.0,1000000.0,,,,,,,,,,500001.0,1000000.0,,system_import,system_import,2026-07-25T06:44:32.836378+00:00,2026-07-25T06:44:32.836378+00:00,
9b341be6-f420-44af-a907-ded488356512,f3460392-be22-4514-8565-852bf1e6cc8f,500001.0,1000000.0,800000.0,,,,,,,,,500001.0,1000000.0,,system_import,system_import,2026-07-25T06:44:32.836378+00:00,2026-07-25T06:44:32.836378+00:00,
029008ad-5239-432d-9d6a-f9379348bd8f,88b8560e-2a1f-4868-9b43-c7e809f5c2e8,500001.0,1000000.0,,,,,,,,,,500001.0,1000000.0,,system_import,system_import,2026-07-25T06:44:32.836378+00:00,2026-07-25T06:44:32.836378+00:00,
cb401f14-9684-427a-922b-552f7681ca1d,e3b871c4-cff2-457c-aa8c-131458571ba2,1448.0,1448.0,,,,,,,,,,25000.0,25000.0,,system_import,system_import,2026-07-25T06:44:32.836378+00:00,2026-07-25T06:44:32.836378+00:00,
7aa1a9b0-5b08-4363-8dab-625353f7b1eb,ba3e5a3b-c364-484a-845f-5ee1889d6bd2,5000001.0,1.0,,,,,,,,,,5000001.0,1.0,,system_import,system_import,2026-07-25T06:44:32.836378+00:00,2026-07-25T06:44:32.836378+00:00,
e3d1efdb-d798-4429-8f1c-5ab34bef3118,36a09aec-36d7-490c-a175-b4f23f9b3cec,1024.0,1024.0,,,,,,,,,,,,,system_import,system_import,2026-07-25T06:44:32.836378+00:00,2026-07-25T06:44:32.836378+00:00,
28795e02-bd41-4c81-a8fe-467692259e82,fce4c117-caed-4ef1-a877-5707e747924d,200000.0,200000.0,,,,,,,,,,200000.0,200000.0,,system_import,system_import,2026-07-25T06:44:32.836378+00:00,2026-07-25T06:44:32.836378+00:00,
14c54218-8ebc-4534-9081-6c6c9bdbeb68,8a615eb8-35ad-42a6-8651-0e292d39ea6c,500001.0,1000000.0,1000000.0,,,,,,,,,500001.0,1000000.0,,system_import,system_import,2026-07-25T06:44:32.836378+00:00,2026-07-25T06:44:32.836378+00:00,
eb8126cf-c047-437e-9707-c12bcc04cc31,297e98d5-a34b-4923-a695-f070123f0b02,200001.0,500000.0,,,,,,,,,,200001.0,500000.0,,system_import,system_import,2026-07-25T06:44:32.836378+00:00,2026-07-25T06:44:32.836378+00:00,
8e94feb6-d471-4023-870b-bdc72e5a4a19,515d08a9-7913-48c9-bd44-386e1be8f2df,200001.0,500000.0,,,,,,,,,,200001.0,500000.0,,system_import,system_import,2026-07-25T06:44:32.836378+00:00,2026-07-25T06:44:32.836378+00:00,
4a7434b8-10b2-4933-99cb-9e9cd3d3d366,ba0024f1-be1e-4e86-aee0-030ffce1bb28,500001.0,1000000.0,,,,,,,,,,500001.0,1000000.0,,system_import,system_import,2026-07-25T06:44:32.836378+00:00,2026-07-25T06:44:32.836378+00:00,
a78f5502-123e-4eee-82d8-1b7ca8afcaca,17081e43-6d1e-476c-b495-99448b8603b1,200000.0,200000.0,,,,,,,,,,200000.0,200000.0,,system_import,system_import,2026-07-25T06:44:32.836378+00:00,2026-07-25T06:44:32.836378+00:00,
226a05f7-3c02-4073-954c-5d580f9355ee,81c2301d-3875-4e01-a290-24f3d13ef3aa,1378.0,1378.0,,,,,,,,,,,,,system_import,system_import,2026-07-25T06:44:32.836378+00:00,2026-07-25T06:44:32.836378+00:00,
94f80d3d-d86f-41d5-9229-42a0d744a1ba,7dadd703-8353-4fdb-a7cb-aafb27199ab3,500001.0,1000000.0,25000000.0,,,,,,,,,500001.0,1000000.0,,system_import,system_import,2026-07-25T06:44:32.836378+00:00,2026-07-25T06:44:32.836378+00:00,
e24afb45-c69e-4398-9872-fdb142e6c181,f01ea0c2-2c44-4b51-a57b-288b1258ac61,200000.0,200000.0,,,,,,,,,,200000.0,200000.0,,system_import,system_import,2026-07-25T06:44:32.836378+00:00,2026-07-25T06:44:32.836378+00:00,
5a404e50-a218-4c44-beed-d3e7ceab2d41,0b92ce42-5116-4a66-82a6-de4496d25b5d,200001.0,500000.0,,,,,,,,,,200001.0,500000.0,,system_import,system_import,2026-07-25T06:44:32.836378+00:00,2026-07-25T06:44:32.836378+00:00,
a839a12c-4001-4d8f-ba4a-5e66e14b16b7,7a790226-81ba-44d7-b687-721a85e69e8f,1.0,1.0,,,,,,,,,,2.0,3.0,,system_import,system_import,2026-07-25T06:44:32.836378+00:00,2026-07-25T06:44:32.836378+00:00,
4b89b9c9-0747-4408-a725-b5a61b50dfbb,1063967a-d752-455e-8daf-6adfabfec2e4,5000001.0,1.0,,,,,,,,,,5000001.0,1.0,,system_import,system_import,2026-07-25T06:44:32.836378+00:00,2026-07-25T06:44:32.836378+00:00,
6083a468-997e-45a1-a7c5-646b4e23edbf,4f7342e6-b627-49d8-91c9-c655f3f4ee28,3000001.0,5000000.0,5000000.0,,,,,,,,,3000001.0,5000000.0,,system_import,system_import,2026-07-25T06:44:32.836378+00:00,2026-07-25T06:44:32.836378+00:00,
2b3448ee-163c-4a9e-baf2-0cbaf9497059,dad9098e-eb2a-428c-8d6b-5b6756f8b076,500001.0,1000000.0,1000000.0,,,,,,,,,500001.0,1000000.0,,system_import,system_import,2026-07-25T06:44:32.836378+00:00,2026-07-25T06:44:32.836378+00:00,
bcdb441e-6b84-49d2-ad39-71ba9d2bd2ff,b36489b8-ed3d-4d69-8467-6ca9bf5bed35,200000.0,200000.0,,,,,,,,,,200000.0,200000.0,,system_import,system_import,2026-07-25T06:44:32.836378+00:00,2026-07-25T06:44:32.836378+00:00,
4b17038d-1877-40fd-b92b-d415c6b6bfda,59d56549-fbab-42ae-8d49-71d125571a77,500001.0,1000000.0,,,,,,,,,,500001.0,1000000.0,,system_import,system_import,2026-07-25T06:44:32.836378+00:00,2026-07-25T06:44:32.836378+00:00,
4e89167d-e02f-4b47-91e6-73bd407fbc5a,ace1514e-dc35-4249-9c63-d3e2219386fc,2000001.0,3000000.0,,,,,,,,,,2000001.0,3000000.0,,system_import,system_import,2026-07-25T06:44:32.836378+00:00,2026-07-25T06:44:32.836378+00:00,
052857a9-e70e-4337-b162-bc1d84bc2709,023eb5dc-284d-41b2-a72f-c21e41e92b1f,3000001.0,5000000.0,35.0,,,,,,,,,3000001.0,5000000.0,,system_import,system_import,2026-07-25T06:44:32.836378+00:00,2026-07-25T06:44:32.836378+00:00,
4279ecb7-4608-4808-b01b-e9ed39b97d65,ac06805a-40c6-432a-a003-fd0ca67bdf85,200000.0,200000.0,,,,,,,,,,200000.0,200000.0,,system_import,system_import,2026-07-25T06:44:32.836378+00:00,2026-07-25T06:44:32.836378+00:00,
2e1a93fd-f30e-4806-a852-7569de8b5484,eca49096-ef86-4dd3-a1b6-19f30cd76954,2000001.0,3000000.0,,,,,,,,,,2000001.0,3000000.0,,system_import,system_import,2026-07-25T06:44:32.836378+00:00,2026-07-25T06:44:32.836378+00:00,
ed10b4ef-28c2-4946-b3c3-c46fa55c8882,1917d408-ea7d-45e0-b029-e0cb05b20cfa,1500001.0,2000000.0,2000000.0,,,,,,,,,1500001.0,2000000.0,,system_import,system_import,2026-07-25T06:44:32.836378+00:00,2026-07-25T06:44:32.836378+00:00,
df4c6694-768d-4ce0-bb91-666b9c0fffc5,b3e78575-3258-4658-8f6b-71a0a11347c6,500001.0,1000000.0,,,,,,,,,,500001.0,1000000.0,,system_import,system_import,2026-07-25T06:44:32.836378+00:00,2026-07-25T06:44:32.836378+00:00,
073f667d-f039-4bca-8dc9-9d22e1b073df,ed3383a6-79e1-4bc6-88d2-e65cf117487f,3000001.0,5000000.0,600000.0,,,,,,,,,3000001.0,5000000.0,,system_import,system_import,2026-07-25T06:44:32.836378+00:00,2026-07-25T06:44:32.836378+00:00,
56e8bb72-fa49-4ff1-a1d3-59d8e9f65b9c,de147ad9-9cf6-4563-8608-8c8aa54ad47e,200001.0,500000.0,,,,,,,,,,200001.0,500000.0,,system_import,system_import,2026-07-25T06:44:32.836378+00:00,2026-07-25T06:44:32.836378+00:00,
dd835a4d-2c8d-402c-8d08-006099fc32f9,095d5226-7af2-4613-94e3-7c03d98c9c32,5000001.0,1.0,,,,,,,,,,5000001.0,1.0,,system_import,system_import,2026-07-25T06:44:32.836378+00:00,2026-07-25T06:44:32.836378+00:00,
84749ea6-737a-4e75-b82c-ff59c130c00e,423ff707-08f0-4421-8038-f71ee44ae806,1000001.0,1500000.0,,,,,,,,,,1000001.0,1500000.0,,system_import,system_import,2026-07-25T06:44:32.836378+00:00,2026-07-25T06:44:32.836378+00:00,
f3d1b823-19af-41cd-a416-2a410846c15d,6b5d1054-d5bd-4707-b264-75562c78c69f,1000001.0,1500000.0,,,,,,,,,,1000001.0,1500000.0,,system_import,system_import,2026-07-25T06:44:32.836378+00:00,2026-07-25T06:44:32.836378+00:00,
a5e5a554-2e5a-4445-80e4-304fc1279c97,98eba0b2-f272-427d-8d31-145f2d73f401,500001.0,1000000.0,,,,,,,,,,500001.0,1000000.0,,system_import,system_import,2026-07-25T06:44:32.836378+00:00,2026-07-25T06:44:32.836378+00:00,
d2ce9782-a283-4653-9743-256633b1df95,a93a3216-5c88-47e0-9ed7-5439bb555ec0,500001.0,1000000.0,,,,,,,,,,500001.0,1000000.0,,system_import,system_import,2026-07-25T06:44:32.836378+00:00,2026-07-25T06:44:32.836378+00:00,
6a9f40c6-d88b-455b-b667-99a8555285c8,53f807f6-ed26-41b6-a7ea-59a956fb83f4,3000001.0,5000000.0,,,,,,,,,,3000001.0,5000000.0,,system_import,system_import,2026-07-25T06:44:32.836378+00:00,2026-07-25T06:44:32.836378+00:00,
8c3d3ef5-5f59-40fe-a1b9-137a03511084,eff453de-eaa1-4f0e-a837-cec4a38933bd,2000001.0,3000000.0,,,,,,,,,,2000001.0,3000000.0,,system_import,system_import,2026-07-25T06:44:32.836378+00:00,2026-07-25T06:44:32.836378+00:00,
8e255b82-10e8-484a-a45a-3d253a57f789,48aa8911-a65c-4c91-8d84-a5c234bced7b,675.0,675.0,,,,,,,,,,,,,system_import,system_import,2026-07-25T06:44:32.836378+00:00,2026-07-25T06:44:32.836378+00:00,
be8f7a98-b014-4196-9966-46e872a26dbb,2102d9d7-6822-4042-94ad-58bfd22e7b33,500001.0,1000000.0,,,,,,,,,,500001.0,1000000.0,,system_import,system_import,2026-07-25T06:44:32.836378+00:00,2026-07-25T06:44:32.836378+00:00,
7c7c1727-dd49-48c0-ab20-4af77362e258,35b9e796-59c6-4765-a6ac-a39f73d454ff,1.0,1.0,,,,,,,,,,1.0,1.0,,system_import,system_import,2026-07-25T06:44:32.836378+00:00,2026-07-25T06:44:32.836378+00:00,
542ce162-6e10-48bf-a888-b728f3b85e46,778feac6-163d-4c29-bf7a-199c9a92c66e,500001.0,1000000.0,,,,,,,,,,500001.0,1000000.0,,system_import,system_import,2026-07-25T06:44:32.836378+00:00,2026-07-25T06:44:32.836378+00:00,
077be708-d74e-4975-9852-211a5be3018f,59117b89-72be-40d4-a614-8325eaf7dbd9,200001.0,500000.0,,,,,,,,,,200001.0,500000.0,,system_import,system_import,2026-07-25T06:44:32.836378+00:00,2026-07-25T06:44:32.836378+00:00,
e8cf8f58-b02c-4988-be61-ee5d1883e0a7,92a86a74-b55f-4ba7-9403-c44efc692564,2000001.0,3000000.0,,,,,,,,,,2000001.0,3000000.0,,system_import,system_import,2026-07-25T06:44:32.836378+00:00,2026-07-25T06:44:32.836378+00:00,
81f83584-450b-4afa-bf42-150cf38bcca3,13c6dc06-12ea-46b6-a5d2-205ab6264776,1500001.0,2000000.0,,,,,,,,,,1500001.0,2000000.0,,system_import,system_import,2026-07-25T06:44:32.836378+00:00,2026-07-25T06:44:32.836378+00:00,
ebd3321b-0e06-4438-94de-57c9ce45a01c,98dac900-5002-4841-ac19-df95b19908d4,500001.0,1000000.0,,,,,,,,,,500001.0,1000000.0,,system_import,system_import,2026-07-25T06:44:32.836378+00:00,2026-07-25T06:44:32.836378+00:00,
7352679e-44f7-4393-996f-7b10b48119de,b93f58f9-f51c-4290-b629-b69e18c7d931,200001.0,500000.0,,,,,,,,,,200001.0,500000.0,,system_import,system_import,2026-07-25T06:44:32.836378+00:00,2026-07-25T06:44:32.836378+00:00,
1eb23dea-0658-485f-af5f-644be08adbdd,cb9377f3-1c1a-45bf-a4ba-11950812d989,500001.0,1000000.0,,,,,,,,,,500001.0,1000000.0,,system_import,system_import,2026-07-25T06:44:32.836378+00:00,2026-07-25T06:44:32.836378+00:00,
d4ad160c-ab17-486f-be9d-6176e04840fa,044a4ef7-34c8-4fb1-88ea-fcb6a51f4822,500001.0,1000000.0,,,,,,,,,,500001.0,1000000.0,,system_import,system_import,2026-07-25T06:44:32.836378+00:00,2026-07-25T06:44:32.836378+00:00,
de10e0f9-a89c-47a5-b871-3e6efccabdca,a4cca8e9-39b5-4e3c-8670-67990351a558,200001.0,500000.0,,,,,,,,,,200001.0,500000.0,,system_import,system_import,2026-07-25T06:44:32.836378+00:00,2026-07-25T06:44:32.836378+00:00,
f03d7b5e-0d4b-4d74-9a89-379943079cfb,12d51617-02ed-4ca1-9a33-3f7c5207244d,2000001.0,3000000.0,,,,,,,,,,2000001.0,3000000.0,,system_import,system_import,2026-07-25T06:44:32.836378+00:00,2026-07-25T06:44:32.836378+00:00,
95b017dd-abd2-4215-b3e6-92896d125f25,9b6b9e04-ae14-4f02-a756-948e6926213d,200000.0,200000.0,,,,,,,,,,200000.0,200000.0,,system_import,system_import,2026-07-25T06:44:32.836378+00:00,2026-07-25T06:44:32.836378+00:00,
24b0b432-f0ea-467d-96a5-818f4f2eaf40,6ac6c326-c535-4ed9-b2b6-1697e99d3805,200000.0,200000.0,0.0,,,,,,,,,200000.0,200000.0,,system_import,system_import,2026-07-25T06:44:32.836378+00:00,2026-07-25T06:44:32.836378+00:00,
cd698a92-ea0a-45bf-9bac-f3baeddbeee0,3837238e-0d35-499a-8bd6-49514d38c18f,500001.0,1000000.0,,,,,,,,,,500001.0,1000000.0,,system_import,system_import,2026-07-25T06:44:32.836378+00:00,2026-07-25T06:44:32.836378+00:00,
16e885df-5441-420a-bb1a-4d49e268d1bf,9ecc2f62-7bb1-411c-b592-79c9ed7ad8c9,200000.0,200000.0,,,,,,,,,,200000.0,200000.0,,system_import,system_import,2026-07-25T06:44:32.836378+00:00,2026-07-25T06:44:32.836378+00:00,
f63200b5-f3f7-4521-8b7d-860a26aa5096,edc5fb0f-9885-468e-baf9-7d3d0b15daf0,150000.0,150000.0,50000.0,,,,,,,,,500001.0,1000000.0,,system_import,system_import,2026-07-25T06:44:32.836378+00:00,2026-07-25T06:44:32.836378+00:00,
1dcb5937-4530-4569-ba45-cc69f8c16142,4d8eb76c-a812-4382-ba22-aa707be6e901,100000.0,100000.0,,,,,,,,,,200000.0,200000.0,,system_import,system_import,2026-07-25T06:44:32.836378+00:00,2026-07-25T06:44:32.836378+00:00,
959a9095-028e-46b4-a5d1-dc5d5d8fa4d6,02dc9a7b-34d4-4d3a-8d25-6a21719cd4a0,500001.0,1000000.0,,,,,,,,,,500001.0,1000000.0,,system_import,system_import,2026-07-25T06:44:32.836378+00:00,2026-07-25T06:44:32.836378+00:00,
fc49f259-c599-4c09-953b-8884021177d9,5bfb9014-a617-4d1e-a64a-ccd2c6397414,200001.0,500000.0,,,,,,,,,,200001.0,500000.0,,system_import,system_import,2026-07-25T06:44:32.836378+00:00,2026-07-25T06:44:32.836378+00:00,
f117f8d0-782a-43ce-9209-24ce31fd2cef,447b89d5-8190-4204-8b3c-ccfc25bde793,200000.0,200000.0,,,,,,,,,,200000.0,200000.0,,system_import,system_import,2026-07-25T06:44:32.836378+00:00,2026-07-25T06:44:32.836378+00:00,
4c41da7d-9ce1-4f03-919d-45a2286ed7ff,c90a35c8-94df-4bcd-bf72-73ed7e699680,200001.0,500000.0,1000000.0,,,,,,,,,200001.0,500000.0,,system_import,system_import,2026-07-25T06:44:32.836378+00:00,2026-07-25T06:44:32.836378+00:00,
409a705b-3943-440d-95d6-76969507341c,80ed43ce-a44a-46cc-8b51-74f25e73d2fd,200001.0,500000.0,,,,,,,,,,200001.0,500000.0,,system_import,system_import,2026-07-25T06:44:32.836378+00:00,2026-07-25T06:44:32.836378+00:00,
1dc52f25-7577-4531-a625-a5bc903b14d7,8e1b2a28-0657-404b-9fe3-9c46926decee,200001.0,500000.0,,,,,,,,,,200001.0,500000.0,,system_import,system_import,2026-07-25T06:44:32.836378+00:00,2026-07-25T06:44:32.836378+00:00,
73038421-79f8-4571-9088-40c2554fcce5,6ce5b583-aa2d-4878-bf8b-e142b032e86b,3000001.0,5000000.0,,,,,,,,,,3000001.0,5000000.0,,system_import,system_import,2026-07-25T06:44:32.836378+00:00,2026-07-25T06:44:32.836378+00:00,
d0b816e6-a411-426a-ae6e-f37242ec9755,16d99159-48d8-499a-9ca7-335440ecbcab,200000.0,200000.0,25.0,,,,,,,,,200000.0,200000.0,,system_import,system_import,2026-07-25T06:44:32.836378+00:00,2026-07-25T06:44:32.836378+00:00,
ce1645a9-f099-4935-996f-4d2028336b8a,794af574-c0e5-4859-8dee-ee1e8698c3eb,200000.0,200000.0,,,,,,,,,,200000.0,200000.0,,system_import,system_import,2026-07-25T06:44:32.836378+00:00,2026-07-25T06:44:32.836378+00:00,
bcd8d4d6-6acf-4ce8-abc6-4b7a120c9148,8c45eeb0-7867-424c-9749-e251c4c97511,200000.0,200000.0,,,,,,,,,,200000.0,200000.0,,system_import,system_import,2026-07-25T06:44:32.836378+00:00,2026-07-25T06:44:32.836378+00:00,
779e1039-0d13-4f0c-9206-bb27180f1499,c7bc986c-25c9-4121-abb3-0403051cd80b,5000001.0,1.0,600000.0,,,,,,,,,5000001.0,1.0,,system_import,system_import,2026-07-25T06:44:32.836378+00:00,2026-07-25T06:44:32.836378+00:00,
f26724e7-6b5b-425c-b2ce-48c539bf8c64,5910c82c-fb9a-4007-8ec2-1ac5e0320e26,500001.0,1000000.0,,,,,,,,,,500001.0,1000000.0,,system_import,system_import,2026-07-25T06:44:32.836378+00:00,2026-07-25T06:44:32.836378+00:00,
fc8de270-1409-40a8-a3be-f479c8984d24,2ae63bcf-e437-4f82-99a3-e09019b60dda,500001.0,1000000.0,,,,,,,,,,500001.0,1000000.0,,system_import,system_import,2026-07-25T06:44:32.836378+00:00,2026-07-25T06:44:32.836378+00:00,
fe535ef1-e17d-4d98-b132-89bfd0449d3f,de4b81d9-c44b-40cc-9ab1-794a63e0a7bc,200000.0,200000.0,200000.0,,,,,,,,,200000.0,200000.0,,system_import,system_import,2026-07-25T06:44:32.836378+00:00,2026-07-25T06:44:32.836378+00:00,
325db366-5153-4071-8c77-f47a37692c60,b5ede4b4-ad87-4217-b44f-f4196f3b250d,1000001.0,1500000.0,15.0,,,,,,,,,1000001.0,1500000.0,,system_import,system_import,2026-07-25T06:44:32.836378+00:00,2026-07-25T06:44:32.836378+00:00,
5ed7099e-7cc2-4a94-8208-5184a9eeedb2,d067990e-5fab-4da6-95df-6d1f4205ee87,200000.0,200000.0,,,,,,,,,,,,,system_import,system_import,2026-07-25T06:44:32.836378+00:00,2026-07-25T06:44:32.836378+00:00,
622a307d-8329-4093-9982-c8028984ef85,c8da19fc-3c6b-4339-af0c-4dbdbaee52ea,200000.0,200000.0,,,,,,,,,,200000.0,200000.0,,system_import,system_import,2026-07-25T06:44:32.836378+00:00,2026-07-25T06:44:32.836378+00:00,
f07c77c5-31c8-4d07-ad0b-4d26e111373c,0f11159a-958e-4f36-bd26-ce851787683c,500001.0,1000000.0,,,,,,,,,,500001.0,1000000.0,,system_import,system_import,2026-07-25T06:44:32.836378+00:00,2026-07-25T06:44:32.836378+00:00,
4996b876-ce7b-4add-afb1-cf5dd896e6b3,a2fcd2b9-49b7-4266-bf69-c057183a5109,5540.0,5540.0,,,,,,,,,,,,,system_import,system_import,2026-07-25T06:44:32.836378+00:00,2026-07-25T06:44:32.836378+00:00,
366097e8-b95c-4fa7-9888-40410898e838,890a99dd-3b61-4b72-94b5-55782914d76b,500001.0,1000000.0,,,,,,,,,,500001.0,1000000.0,,system_import,system_import,2026-07-25T06:44:32.836378+00:00,2026-07-25T06:44:32.836378+00:00,
00e4f0d5-6ced-44cd-80c5-fbdef0b015ac,3253b5e2-3ff5-4d9e-9a00-2f2ff6b6ab2e,1000001.0,1500000.0,,,,,,,,,,1000001.0,1500000.0,,system_import,system_import,2026-07-25T06:44:32.836378+00:00,2026-07-25T06:44:32.836378+00:00,
eaf7f68d-93d8-4bc4-b003-7adfa49592cf,d978f9d7-c156-4919-ae6c-a6e16bb189a4,2225.0,2225.0,,,,,,,,,,,,,system_import,system_import,2026-07-25T06:44:32.836378+00:00,2026-07-25T06:44:32.836378+00:00,
7c1d76e2-9a25-42cd-8079-9b1c80070d85,e44cd84a-6023-4201-952d-db7fdb5d4fe2,500001.0,1000000.0,100000.0,,,,,,,,,500001.0,1000000.0,,system_import,system_import,2026-07-25T06:44:32.836378+00:00,2026-07-25T06:44:32.836378+00:00,
503b5775-75a5-45d1-8ae5-4873b2a9e96d,9501aee8-4ba2-4558-8c0a-bff03b18a4d5,200000.0,200000.0,,,,,,,,,,200000.0,200000.0,,system_import,system_import,2026-07-25T06:44:32.836378+00:00,2026-07-25T06:44:32.836378+00:00,
a20baad2-eeb6-4aec-942d-a1a93eb0b792,0d0ce329-d13a-492f-b3c4-c832483c98ef,200000.0,200000.0,,,,,,,,,,200000.0,200000.0,,system_import,system_import,2026-07-25T06:44:32.836378+00:00,2026-07-25T06:44:32.836378+00:00,
b5451efd-41a6-4e6d-ad01-36d9cacbff24,51c6050e-6455-4654-b296-7c28f7533bfe,1500001.0,2000000.0,,,,,,,,,,1500001.0,2000000.0,,system_import,system_import,2026-07-25T06:44:32.836378+00:00,2026-07-25T06:44:32.836378+00:00,
c9dc44b6-64de-4ae1-ac3d-9f1d293f5c63,36313516-65a5-4abf-8c4d-6b673ca9979b,500001.0,1000000.0,200000.0,,,,,,,,,500001.0,1000000.0,,system_import,system_import,2026-07-25T06:44:32.836378+00:00,2026-07-25T06:44:32.836378+00:00,
a15f5d8b-1679-4214-afd8-ba91ceeffc01,9d06d743-9d01-40ca-abc6-3f76e16af736,1376.0,1376.0,,,,,,,,,,,,,system_import,system_import,2026-07-25T06:44:32.836378+00:00,2026-07-25T06:44:32.836378+00:00,
1db4f071-00c7-4dd7-b753-9fba9d71b25f,fec317ba-0069-4501-90a8-10a784cedd15,1606.0,1606.0,,,,,,,,,,,,,system_import,system_import,2026-07-25T06:44:32.836378+00:00,2026-07-25T06:44:32.836378+00:00,
40c92d7d-c4de-4e1b-bec5-75ac668194ad,78d5ac3d-9499-4d0e-bb46-5f7fc0205a7c,3000001.0,5000000.0,,,,,,,,,,3000001.0,5000000.0,,system_import,system_import,2026-07-25T06:44:32.836378+00:00,2026-07-25T06:44:32.836378+00:00,
d5ca3c7e-b3d0-424d-bd9b-a45a4d4373a4,983af577-ead4-41e5-be40-a216e42f1027,500001.0,1000000.0,,,,,,,,,,500001.0,1000000.0,,system_import,system_import,2026-07-25T06:44:32.836378+00:00,2026-07-25T06:44:32.836378+00:00,
4e1cc49d-8ad0-456a-a6da-79f046b3763b,839a1b49-60fd-4ab6-90c6-12775969e322,500001.0,1000000.0,500000.0,,,,,,,,,500001.0,1000000.0,,system_import,system_import,2026-07-25T06:44:32.836378+00:00,2026-07-25T06:44:32.836378+00:00,
71151358-ffb8-4094-b367-a7c74eeb30e9,958b7b9c-a83b-47f5-bd6c-5b0bb65a613c,200000.0,200000.0,,,,,,,,,,200000.0,200000.0,,system_import,system_import,2026-07-25T06:44:32.836378+00:00,2026-07-25T06:44:32.836378+00:00,
59a10532-edf1-40e7-b15f-92b6ca1c3e8c,604f6d79-7881-4cf0-915f-4e0dcc224a01,1500001.0,2000000.0,0.0,,,,,,,,,1500001.0,2000000.0,,system_import,system_import,2026-07-25T06:44:32.836378+00:00,2026-07-25T06:44:32.836378+00:00,
7d07ac61-2277-45c7-9921-5fc6debe48ee,d4a81f02-5f17-4bb2-a822-ea89219ee29f,1740.0,1740.0,,,,,,,,,,,,,system_import,system_import,2026-07-25T06:44:32.836378+00:00,2026-07-25T06:44:32.836378+00:00,
f7381ec7-16d1-4515-9baf-c47bdb080881,be0d90c2-96f7-4635-a085-915b5148606e,200000.0,200000.0,,,,,,,,,,200000.0,200000.0,,system_import,system_import,2026-07-25T06:44:32.836378+00:00,2026-07-25T06:44:32.836378+00:00,
9036d369-c7f5-4eeb-8177-8b3e5090c1ab,a5ce084b-0fab-470f-b6d3-1b014428f966,200000.0,200000.0,98000.0,,,,,,,,,200000.0,200000.0,,system_import,system_import,2026-07-25T06:44:32.836378+00:00,2026-07-25T06:44:32.836378+00:00,
efb82574-16af-4f84-8c9c-991c129b4e78,f6138ba5-9b85-4955-869c-edfdf33975f0,200000.0,200000.0,,,,,,,,,,200000.0,200000.0,,system_import,system_import,2026-07-25T06:44:32.836378+00:00,2026-07-25T06:44:32.836378+00:00,
f64927d8-eefd-403f-91e7-bc705ac09a44,ad2bbbe9-1d5a-46d9-a685-2919162c87c3,1500001.0,2000000.0,,,,,,,,,,1500001.0,2000000.0,,system_import,system_import,2026-07-25T06:44:32.836378+00:00,2026-07-25T06:44:32.836378+00:00,
ab726bd3-7f9f-453c-8513-434d80bd0918,a736c375-03e9-455a-8dd6-ca624da7722a,200000.0,200000.0,,,,,,,,,,200000.0,200000.0,,system_import,system_import,2026-07-25T06:44:32.836378+00:00,2026-07-25T06:44:32.836378+00:00,
9839a684-9ea5-4d54-8b0f-d98a64dc489f,b63d4fcd-71eb-4451-91d9-fd0c826f8b0e,200000.0,200000.0,,,,,,,,,,200000.0,200000.0,,system_import,system_import,2026-07-25T06:44:32.836378+00:00,2026-07-25T06:44:32.836378+00:00,
235d5a58-6c18-47d8-92f8-92f30bf1c76e,ba31d74a-5c02-49df-b803-58aa602edfca,500001.0,1000000.0,70000.0,,,,,,,,,500001.0,1000000.0,,system_import,system_import,2026-07-25T06:44:32.836378+00:00,2026-07-25T06:44:32.836378+00:00,
fd63e6d5-1688-4e4b-bb7d-b7e6d987abcb,12c6d3fc-074d-4e09-b41b-3ad72d6b18a7,200000.0,200000.0,,,,,,,,,,200000.0,200000.0,,system_import,system_import,2026-07-25T06:44:32.836378+00:00,2026-07-25T06:44:32.836378+00:00,
71afbe28-ebaa-4c43-b390-1f999871a9b7,07cb10cd-8581-410d-9d38-92a363c79cfe,500001.0,1000000.0,,,,,,,,,,500001.0,1000000.0,,system_import,system_import,2026-07-25T06:44:32.836378+00:00,2026-07-25T06:44:32.836378+00:00,
47140ee7-3dfb-4cec-bf1d-605aed541d00,ab04ef78-5e7a-4b04-bc02-650a535a853a,1000001.0,1500000.0,,,,,,,,,,1000001.0,1500000.0,,system_import,system_import,2026-07-25T06:44:32.836378+00:00,2026-07-25T06:44:32.836378+00:00,
0f227b36-da3e-4b74-8dfe-2a999441dd83,77f45122-11f2-42ae-b581-81566cb688d5,46500000.0,46500000.0,,,,,,,,,,1.0,1.0,,system_import,system_import,2026-07-25T06:44:32.836378+00:00,2026-07-25T06:44:32.836378+00:00,
8ec59453-c3b7-48aa-bdc8-dfc58f747cd6,18cfd9aa-4a7b-4a3c-a2e7-4080fac6bf7f,3000001.0,5000000.0,,,,,,,,,,3000001.0,5000000.0,,system_import,system_import,2026-07-25T06:44:32.836378+00:00,2026-07-25T06:44:32.836378+00:00,
5475265e-8575-457b-827a-9db66ff57e75,e002156d-a9bc-4d46-b2c1-2c0d28a274ed,2000001.0,3000000.0,500000.0,,,,,,,,,2000001.0,3000000.0,,system_import,system_import,2026-07-25T06:44:32.836378+00:00,2026-07-25T06:44:32.836378+00:00,
1407e2fd-4f40-4dfb-b4cb-eb2adb74c3c6,a33aa0b3-90e2-4d8f-be25-76daa22398e4,3000001.0,5000000.0,,,,,,,,,,3000001.0,5000000.0,,system_import,system_import,2026-07-25T06:44:32.836378+00:00,2026-07-25T06:44:32.836378+00:00,
0fd611f2-33a8-4faa-8f2f-632fda26d4d2,2444d89d-dc52-441a-9fab-ec8c663a1536,3000001.0,5000000.0,1000000.0,,,,,,,,,3000001.0,5000000.0,,system_import,system_import,2026-07-25T06:44:32.836378+00:00,2026-07-25T06:44:32.836378+00:00,
907c2b08-1f7f-40a0-b483-50c059858b8d,191aea66-169f-41ec-aeb5-253ce95da1a1,200000.0,200000.0,,,,,,,,,,200000.0,200000.0,,system_import,system_import,2026-07-25T06:44:32.836378+00:00,2026-07-25T06:44:32.836378+00:00,
e6ca7d38-deb7-4c0b-9614-f9327c207dbd,f6d1a6dd-8bec-493a-973f-5daa03a90f9e,200000.0,200000.0,,,,,,,,,,200000.0,200000.0,,system_import,system_import,2026-07-25T06:44:32.836378+00:00,2026-07-25T06:44:32.836378+00:00,
9ab7219e-1603-41d2-969c-b9fedff5cb8b,d5a4891d-5825-4cc4-ba6d-3272d8b603fa,200001.0,500000.0,,,,,,,,,,200001.0,500000.0,,system_import,system_import,2026-07-25T06:44:32.836378+00:00,2026-07-25T06:44:32.836378+00:00,
a0153cc9-90d2-401a-93c6-20ac5b5a9d43,d715b30e-f0b2-43b5-86c7-35ad88a8ce6a,3000001.0,5000000.0,,,,,,,,,,3000001.0,5000000.0,,system_import,system_import,2026-07-25T06:44:32.836378+00:00,2026-07-25T06:44:32.836378+00:00,
fe6bdf23-d723-4e84-b22a-a441cf430d53,58cadb94-4c10-4947-bbe0-6aec6e3ddad2,2307.0,2307.0,,,,,,,,,,,,,system_import,system_import,2026-07-25T06:44:32.836378+00:00,2026-07-25T06:44:32.836378+00:00,
85dc38e9-0c14-4d50-a30c-0e760df77bf5,ee619dcc-6560-45a7-8416-926cdef4ff0c,500001.0,1000000.0,,,,,,,,,,500001.0,1000000.0,,system_import,system_import,2026-07-25T06:44:32.836378+00:00,2026-07-25T06:44:32.836378+00:00,
3d91c8bf-8abd-4ed1-85b0-65d8978448d6,4f6c4320-df11-4041-a715-6d0da55236bb,500001.0,1000000.0,,,,,,,,,,500001.0,1000000.0,,system_import,system_import,2026-07-25T06:44:32.836378+00:00,2026-07-25T06:44:32.836378+00:00,
fd2ae81e-ba8a-414c-9da4-24a3b51175bf,97d83bc3-f687-436b-9f83-8060bd587341,1500001.0,2000000.0,30000.0,,,,,,,,,1500001.0,2000000.0,,system_import,system_import,2026-07-25T06:44:32.836378+00:00,2026-07-25T06:44:32.836378+00:00,
8df57057-b79f-4787-a595-acd6861a8d0e,a40fe194-5588-41ca-ba8d-763a2b1f7a88,1000001.0,1500000.0,,,,,,,,,,1000001.0,1500000.0,,system_import,system_import,2026-07-25T06:44:32.836378+00:00,2026-07-25T06:44:32.836378+00:00,
78ce86b0-10e3-4b5d-bf98-878b5b2a6aaf,b676a7a1-8f5e-425e-b299-6142ea15381b,500001.0,1000000.0,,,,,,,,,,500001.0,1000000.0,,system_import,system_import,2026-07-25T06:44:32.836378+00:00,2026-07-25T06:44:32.836378+00:00,
daeb52f6-3739-420c-a316-cdde723041a8,5afe3bb7-e6e3-41f8-b388-51c1f6fd235d,5000001.0,1.0,,,,,,,,,,5000001.0,1.0,,system_import,system_import,2026-07-25T06:44:32.836378+00:00,2026-07-25T06:44:32.836378+00:00,
dd4d4945-ce1c-4c98-a4a7-8063c51d5586,bc9c43a8-46e8-4f3b-84e9-2bebcadc1443,500001.0,1000000.0,,,,,,,,,,500001.0,1000000.0,,system_import,system_import,2026-07-25T06:44:32.836378+00:00,2026-07-25T06:44:32.836378+00:00,
59dddc27-a937-49e0-ac5b-4da1dfb15b85,512a2765-0bdd-4cb8-82fc-7aefc429942f,2000001.0,3000000.0,,,,,,,,,,2000001.0,3000000.0,,system_import,system_import,2026-07-25T06:44:32.836378+00:00,2026-07-25T06:44:32.836378+00:00,
883392e2-6b87-4bcd-809c-776847c13a51,0e4318a3-d3a5-45f3-ac22-92bd04c1fbe1,3000001.0,5000000.0,,,,,,,,,,3000001.0,5000000.0,,system_import,system_import,2026-07-25T06:44:32.836378+00:00,2026-07-25T06:44:32.836378+00:00,
e39a6b42-5c39-4704-bdc3-44401e6dca04,1570ec77-e0e7-484a-85be-406be7941119,200000.0,200000.0,,,,,,,,,,200000.0,200000.0,,system_import,system_import,2026-07-25T06:44:32.836378+00:00,2026-07-25T06:44:32.836378+00:00,
64d7927b-b84c-4d9e-9a48-c9ca6cc3714f,b6a7637e-5536-4179-abd4-531bc063445a,200000.0,200000.0,,,,,,,,,,100000.0,120000.0,,system_import,system_import,2026-07-25T06:44:32.836378+00:00,2026-07-25T06:44:32.836378+00:00,
4a5e83e9-c818-4dd0-8492-e7422d51d099,70922c9a-04c3-4d90-adc3-728b9de4f38f,2000001.0,3000000.0,,,,,,,,,,2000001.0,3000000.0,,system_import,system_import,2026-07-25T06:44:32.836378+00:00,2026-07-25T06:44:32.836378+00:00,
2009d232-aa84-469b-8964-97a76b861921,a39e8928-fa31-4f2a-901b-667461b37454,1.0,1.0,,,,,,,,,,1.0,1.0,,system_import,system_import,2026-07-25T06:44:32.836378+00:00,2026-07-25T06:44:32.836378+00:00,
d2ae7bd2-6607-4fa6-9408-4773230e3212,3f976a62-99bb-4b2a-85ca-9a206222261a,500001.0,1000000.0,,,,,,,,,,500001.0,1000000.0,,system_import,system_import,2026-07-25T06:44:32.836378+00:00,2026-07-25T06:44:32.836378+00:00,
cec809c6-658f-495f-9cf4-36776fa06f41,a1839033-b181-4375-ad98-c16aa0910063,200000.0,200000.0,,,,,,,,,,200000.0,200000.0,,system_import,system_import,2026-07-25T06:44:32.836378+00:00,2026-07-25T06:44:32.836378+00:00,
25cbba09-7d47-44da-beb1-f70cf4818164,4f0e3a6c-83a2-4341-b208-74f6bd7fd09f,1500001.0,2000000.0,,,,,,,,,,1500001.0,2000000.0,,system_import,system_import,2026-07-25T06:44:32.836378+00:00,2026-07-25T06:44:32.836378+00:00,
b472bda3-7306-4e8a-bd04-da84563ebfad,b851c620-5120-4ca1-8e6f-f467411378c0,200001.0,500000.0,,,,,,,,,,200001.0,500000.0,,system_import,system_import,2026-07-25T06:44:32.836378+00:00,2026-07-25T06:44:32.836378+00:00,
8e55933a-21ed-4a72-9cf5-3deb49f237d9,79d088da-23ba-4c72-9898-504dfa1411aa,1.0,1.0,,,,,,,,,,1.0,1.0,,system_import,system_import,2026-07-25T06:44:32.836378+00:00,2026-07-25T06:44:32.836378+00:00,
026c4532-de28-4fd5-a032-941d83b75cc0,f98efecd-19ea-4c82-8f90-f0cc5bcc8ebd,1672.0,1672.0,,,,,,,,,,,,,system_import,system_import,2026-07-25T06:44:32.836378+00:00,2026-07-25T06:44:32.836378+00:00,
0e1f5b14-909e-44c7-b8a3-fc0538976125,9d5dee55-082b-405b-95d8-49419db17537,1952.0,1952.0,,,,,,,,,,4.0,4.0,,system_import,system_import,2026-07-25T06:44:32.836378+00:00,2026-07-25T06:44:32.836378+00:00,
018269ef-a3ef-44ca-b752-93c90d081ea3,55e11112-8658-41e2-ba02-69ff74b18a0a,5000001.0,1.0,,,,,,,,,,5000001.0,1.0,,system_import,system_import,2026-07-25T06:44:32.836378+00:00,2026-07-25T06:44:32.836378+00:00,
54669bf4-741c-43ad-abca-3e642cdca01b,1fdf1e26-6ba2-44c6-9f16-912f90e099ae,200000.0,200000.0,,,,,,,,,,1000000.0,1500000.0,,system_import,system_import,2026-07-25T06:44:32.836378+00:00,2026-07-25T06:44:32.836378+00:00,
d3d783c7-8bbf-4ecb-b95b-ee8cd4839040,52b2c8c0-1169-4215-8f75-043371e8a878,500001.0,1000000.0,,,,,,,,,,500001.0,1000000.0,,system_import,system_import,2026-07-25T06:44:32.836378+00:00,2026-07-25T06:44:32.836378+00:00,
ddee654d-62ec-4d43-84fb-f8f85ef0b530,8ec6d478-5368-45ee-88bf-9435f589f372,200001.0,500000.0,100000.0,,,,,,,,,200001.0,500000.0,,system_import,system_import,2026-07-25T06:44:32.836378+00:00,2026-07-25T06:44:32.836378+00:00,
731bfe45-9462-45b3-962d-76dbf0c6aa24,c06ad750-f016-4bf5-8af8-b7123a37b3b3,1000001.0,1500000.0,,,,,,,,,,1000001.0,1500000.0,,system_import,system_import,2026-07-25T06:44:32.836378+00:00,2026-07-25T06:44:32.836378+00:00,
94127cab-bf00-4da8-9741-b07e87a8dd9d,423528e5-95c0-4a2f-a842-bf6e73048bd7,1.0,1.0,,,,,,,,,,1.0,1.0,,system_import,system_import,2026-07-25T06:44:32.836378+00:00,2026-07-25T06:44:32.836378+00:00,
94eadd8e-c622-45e5-ad97-fbbd24fe6c74,e5481340-dd1c-400d-93a9-b60d64311008,1500001.0,2000000.0,,,,,,,,,,1500001.0,2000000.0,,system_import,system_import,2026-07-25T06:44:32.836378+00:00,2026-07-25T06:44:32.836378+00:00,
a567fe99-eee6-4f3e-8cf3-d2506ac56b85,c2adc66e-471d-409c-b073-bdd9b5d91b72,800.0,800.0,,,,,,,,,,,,,system_import,system_import,2026-07-25T06:44:32.836378+00:00,2026-07-25T06:44:32.836378+00:00,
1a3d3e40-5aea-43d8-bf5b-8e46df21f263,a57a356f-6a4b-441a-8099-8eed6c38f18c,1000001.0,1500000.0,,,,,,,,,,1000001.0,1500000.0,,system_import,system_import,2026-07-25T06:44:32.836378+00:00,2026-07-25T06:44:32.836378+00:00,
05779c33-5402-4361-9d4c-bdba63e57633,64d77baa-7f18-4a26-b7e8-0d2bdb73a325,2000001.0,3000000.0,,,,,,,,,,2000001.0,3000000.0,,system_import,system_import,2026-07-25T06:44:32.836378+00:00,2026-07-25T06:44:32.836378+00:00,
3386ae25-b2c8-4bc6-a4b2-3a1024ebad03,adaa699b-5e75-4312-a0ed-1f7bfd6c7996,3000001.0,5000000.0,,,,,,,,,,3000001.0,5000000.0,,system_import,system_import,2026-07-25T06:44:32.836378+00:00,2026-07-25T06:44:32.836378+00:00,
095e5c92-414f-4c5d-a2a1-1036f8b46266,03e832d3-f2f9-43ff-a173-d30275e30e18,3000001.0,5000000.0,,,,,,,,,,3000001.0,5000000.0,,system_import,system_import,2026-07-25T06:44:32.836378+00:00,2026-07-25T06:44:32.836378+00:00,
dfd3d941-ed89-4a63-9f22-e4876f7e8ee2,dd52da43-1a41-4134-8de8-0516ddd215a6,1000001.0,1500000.0,,,,,,,,,,1000001.0,1500000.0,,system_import,system_import,2026-07-25T06:44:32.836378+00:00,2026-07-25T06:44:32.836378+00:00,
41990266-d5d3-411c-a555-ee0e1e9b0006,3ce56f7a-53c1-491b-a52c-92978d3f2ce3,500001.0,1000000.0,,,,,,,,,,500001.0,1000000.0,,system_import,system_import,2026-07-25T06:44:32.836378+00:00,2026-07-25T06:44:32.836378+00:00,
5a11b47e-3660-4812-bf33-1d5107cef9ed,a96f4f04-84e5-4d0a-989e-5dfc6575679a,5000001.0,1.0,,,,,,,,,,5000001.0,1.0,,system_import,system_import,2026-07-25T06:44:32.836378+00:00,2026-07-25T06:44:32.836378+00:00,
8682ae5d-b925-4f54-aa05-9feb45cae91b,a2cd2bcc-74cb-4553-9e54-9a104e364da3,1863.0,1863.0,,,,,,,,,,99.0,99.0,,system_import,system_import,2026-07-25T06:44:32.836378+00:00,2026-07-25T06:44:32.836378+00:00,
da1b7c60-6f56-415f-b33d-35582f151d69,d24488d2-a693-4851-8699-e4d1f3afa152,500001.0,1000000.0,,,,,,,,,,500001.0,1000000.0,,system_import,system_import,2026-07-25T06:44:32.836378+00:00,2026-07-25T06:44:32.836378+00:00,
133b977f-a0cc-4c7e-9409-a0ffb095cd74,2193c2d4-ad09-49e4-b30f-7ff05afef51f,500001.0,1000000.0,,,,,,,,,,500001.0,1000000.0,,system_import,system_import,2026-07-25T06:44:32.836378+00:00,2026-07-25T06:44:32.836378+00:00,
3756bb8d-92a5-4fac-b9d8-a1e423309498,d059db18-5164-4735-8573-3eb822cb9a4b,200001.0,500000.0,,,,,,,,,,200001.0,500000.0,,system_import,system_import,2026-07-25T06:44:32.836378+00:00,2026-07-25T06:44:32.836378+00:00,
ba09e477-1f01-48e4-ade8-26021dbd85fd,d327ddd1-b79d-44d8-9da0-6af1e87f0ed1,1500001.0,2000000.0,,,,,,,,,,1500001.0,2000000.0,,system_import,system_import,2026-07-25T06:44:32.836378+00:00,2026-07-25T06:44:32.836378+00:00,
5bd943f8-9b53-4d01-bf9f-4cc63c2e75b4,4f208719-24aa-4008-abec-5c32a89e82e2,3000001.0,5000000.0,,,,,,,,,,3000001.0,5000000.0,,system_import,system_import,2026-07-25T06:44:32.836378+00:00,2026-07-25T06:44:32.836378+00:00,
3af4ebba-6489-48ed-9a93-c64867c72435,98b62ae5-9a8b-4c54-b32f-80a2b3eea4e5,1000001.0,1500000.0,,,,,,,,,,1000001.0,1500000.0,,system_import,system_import,2026-07-25T06:44:32.836378+00:00,2026-07-25T06:44:32.836378+00:00,
ab69f1af-b22d-46e6-8004-f6b218a89ed2,c1f15d97-45d6-4c87-96e8-4b5892f54f7c,1500001.0,2000000.0,,,,,,,,,,1500001.0,2000000.0,,system_import,system_import,2026-07-25T06:44:32.836378+00:00,2026-07-25T06:44:32.836378+00:00,
1f42585a-bcd6-4774-b995-c2a3e48e5154,f9a13a64-7049-4ede-a157-d6eaf9a400c0,3000000.0,5000000.0,,,,,,,,,,3000001.0,5000000.0,,system_import,system_import,2026-07-25T06:44:32.836378+00:00,2026-07-25T06:44:32.836378+00:00,
efad6ad1-d119-417a-92f6-a75ae087af6e,e5349efa-e745-4e39-86b1-1a169b73a9be,1.0,1.0,,,,,,,,,,1.0,1.0,,system_import,system_import,2026-07-25T06:44:32.836378+00:00,2026-07-25T06:44:32.836378+00:00,
d5a21893-825f-433f-88ab-c8440c332f83,0a6326ea-d0e4-4d38-9427-e502e75ba79d,200000.0,200000.0,1000.0,,,,,,,,,200000.0,200000.0,,system_import,system_import,2026-07-25T06:44:32.836378+00:00,2026-07-25T06:44:32.836378+00:00,
c5ca36bd-c1e6-4ddf-897d-1df521fecc57,2392d924-4339-46ab-9ebd-ccbce530956f,3000001.0,5000000.0,,,,,,,,,,3000001.0,5000000.0,,system_import,system_import,2026-07-25T06:44:32.836378+00:00,2026-07-25T06:44:32.836378+00:00,
3a3a9a91-46b2-48d1-8c5e-a04fdc4f0966,49dfefbf-21f4-4977-9ffa-7ec8c79e0e1d,300000.0,300000.0,,,,,,,,,,2000001.0,3000000.0,,system_import,system_import,2026-07-25T06:44:32.836378+00:00,2026-07-25T06:44:32.836378+00:00,
43f77272-ef22-4052-987a-772818009ae1,fe0f3e87-1f80-4ac3-92db-c742fe293d84,200001.0,500000.0,,,,,,,,,,200001.0,500000.0,,system_import,system_import,2026-07-25T06:44:32.836378+00:00,2026-07-25T06:44:32.836378+00:00,
8f2960c8-69c1-4d5b-bf53-0f6b9f9a63b7,21a72945-6ae9-4db9-91bc-a011a6141a36,3000001.0,5000000.0,,,,,,,,,,3000001.0,5000000.0,,system_import,system_import,2026-07-25T06:44:32.836378+00:00,2026-07-25T06:44:32.836378+00:00,
bde3de39-8594-4a1c-a64e-f362d6cef7af,c60b0121-afcc-4423-bdda-e1bf3c2b319c,10000000.0,20000000.0,2500000.0,8.0,,24.0,36.0,35.0,,,,5000001.0,1.0,,system_import,system_import,2026-07-25T06:44:32.836378+00:00,2026-07-25T06:44:32.836378+00:00,
d3a4ab12-3a0b-4dd6-adca-a1381960b4c8,2a490195-b8e5-4bba-9574-805a865b14b2,200001.0,500000.0,,,,,,,,,,200001.0,500000.0,,system_import,system_import,2026-07-25T06:44:32.836378+00:00,2026-07-25T06:44:32.836378+00:00,
357a6e1f-f1ad-4586-8026-f519236bf6b7,1b8b7761-1d1f-4889-9ad8-6c9ecb405c60,200001.0,500000.0,,,,,,,,,,200001.0,500000.0,,system_import,system_import,2026-07-25T06:44:32.836378+00:00,2026-07-25T06:44:32.836378+00:00,
19eda2e0-a101-4121-9817-41af4e1bd16f,b3dd7bc7-fa28-4dae-8087-89b61c045152,2000001.0,3000000.0,,,,,,,,,,2000001.0,3000000.0,,system_import,system_import,2026-07-25T06:44:32.836378+00:00,2026-07-25T06:44:32.836378+00:00,
5c6485ad-cffa-40b0-abd1-1ba7484a409a,1f14e36e-9761-4a19-a690-d357e7bd6453,3000001.0,5000000.0,,,,,,,,,,3000001.0,5000000.0,,system_import,system_import,2026-07-25T06:44:32.836378+00:00,2026-07-25T06:44:32.836378+00:00,
eb338cd5-597a-4933-abd9-97d166f5b029,55b120d1-3836-4a1b-a7a0-8d692144b915,200001.0,500000.0,,,,,,,,,,200001.0,500000.0,,system_import,system_import,2026-07-25T06:44:32.836378+00:00,2026-07-25T06:44:32.836378+00:00,
90b570df-3808-496d-ac79-459b6675a295,4300007a-b3aa-4f07-abbc-1e0eb6b370c9,200000.0,200000.0,40000.0,,,,,,,,,200000.0,200000.0,,system_import,system_import,2026-07-25T06:44:32.836378+00:00,2026-07-25T06:44:32.836378+00:00,
ccffc132-7cfa-4b17-80f7-78c82900dc1a,f7d39aaa-6834-4a85-8699-d40661b53fc7,1178.0,1178.0,,,,,,,,,,,,,system_import,system_import,2026-07-25T06:44:32.836378+00:00,2026-07-25T06:44:32.836378+00:00,
cb0ba275-699b-43ad-a878-d6c4a811a090,cdbee772-0a54-4482-9bf1-a3a629ad64d3,500001.0,1000000.0,300000.0,,,,,,,,,500001.0,1000000.0,,system_import,system_import,2026-07-25T06:44:32.836378+00:00,2026-07-25T06:44:32.836378+00:00,
e5408862-ebcd-4c21-a569-1fd86f537949,c902ea0b-99d3-4a16-9f6a-8b4eb2559482,2000001.0,3000000.0,,,,,,,,,,2000001.0,3000000.0,,system_import,system_import,2026-07-25T06:44:32.836378+00:00,2026-07-25T06:44:32.836378+00:00,
61ec2ded-0c17-463a-9ded-cfeedb380376,1b5d63bc-597b-49c6-b85a-c973f6d0bad5,3000001.0,5000000.0,,,,,,,,,,3000001.0,5000000.0,,system_import,system_import,2026-07-25T06:44:32.836378+00:00,2026-07-25T06:44:32.836378+00:00,
4d2bb1f0-4796-4caf-a94e-4f17edf42791,6f729a24-37aa-4dd3-bb34-46221a375dcc,7403.0,7403.0,,,,,,,,,,1.0,1.0,,system_import,system_import,2026-07-25T06:44:32.836378+00:00,2026-07-25T06:44:32.836378+00:00,
76ae9a0f-71db-4282-92de-43617476c367,a1230b76-3f3d-43ac-8090-ded893dce53a,1.0,1.0,,,,,,,,,,1.0,1.0,,system_import,system_import,2026-07-25T06:44:32.836378+00:00,2026-07-25T06:44:32.836378+00:00,
dbee06fa-3989-46ff-9a01-2a2b7c269d4c,b80c8199-448c-4cc5-8165-5ba3260765f0,2415.0,2415.0,,,,,,,,,,1.0,1.0,,system_import,system_import,2026-07-25T06:44:32.836378+00:00,2026-07-25T06:44:32.836378+00:00,
32183447-b204-4de2-9e52-64f40ed528de,4f02715e-0ed0-47e2-828b-d6cb1c42f581,500001.0,1000000.0,200000.0,,,,,,,,,500001.0,1000000.0,,system_import,system_import,2026-07-25T06:44:32.836378+00:00,2026-07-25T06:44:32.836378+00:00,
7d1197ab-afc9-495d-a385-f2178ed17974,fd577b88-4992-424e-8817-fe4824bf4888,3000001.0,5000000.0,,,,,,,,,,3000001.0,5000000.0,,system_import,system_import,2026-07-25T06:44:32.836378+00:00,2026-07-25T06:44:32.836378+00:00,
d9fb5b03-6a39-4e73-a4ca-a8d18a36eb6d,98e494c4-0d81-441f-8a73-6d03ed811e90,2334.0,2334.0,,,,,,,,,,,,,system_import,system_import,2026-07-25T06:44:32.836378+00:00,2026-07-25T06:44:32.836378+00:00,
27358862-982c-4e01-803e-630547a5e5c6,afa1e99e-bc63-45cb-b263-26cfc341a2a9,1000001.0,1500000.0,,,,,,,,,,1000001.0,1500000.0,,system_import,system_import,2026-07-25T06:44:32.836378+00:00,2026-07-25T06:44:32.836378+00:00,
8ff2b0f1-e2fb-4f85-96de-02c10c8fbc1b,33531513-2621-463e-9a33-0a46e0c9826b,1500001.0,2000000.0,,,,,,,,,,1500001.0,2000000.0,,system_import,system_import,2026-07-25T06:44:32.836378+00:00,2026-07-25T06:44:32.836378+00:00,
dc7da732-8437-4a04-beb9-25a3df39fb0e,94afc0f4-74a7-4a15-bfeb-fb6c120974f1,1000001.0,1500000.0,250000.0,,,,,,,,,1000001.0,1500000.0,,system_import,system_import,2026-07-25T06:44:32.836378+00:00,2026-07-25T06:44:32.836378+00:00,
245c932f-8876-4f16-8c23-724c081ac3e0,81b5a80e-e153-4056-b460-b853cb008653,1000001.0,1500000.0,,,,,,,,,,1000001.0,1500000.0,,system_import,system_import,2026-07-25T06:44:32.836378+00:00,2026-07-25T06:44:32.836378+00:00,
a8f6e703-af09-405d-8bfb-0a01e3411c42,a47a636b-5afa-4b47-b26f-39e84b39519b,500001.0,1000000.0,,,,,,,,,,500001.0,1000000.0,,system_import,system_import,2026-07-25T06:44:32.836378+00:00,2026-07-25T06:44:32.836378+00:00,
46af05aa-7faa-45a6-856d-9d9fed077b5e,1d23347b-46e2-43ac-a253-076c7a601876,3000001.0,5000000.0,,,,,,,,,,3000001.0,5000000.0,,system_import,system_import,2026-07-25T06:44:32.836378+00:00,2026-07-25T06:44:32.836378+00:00,
03d4401e-e1a3-4ccf-b492-bc190b0f230a,ae665219-2584-4c65-a78f-44c76dbe0122,200000.0,200000.0,175000.0,,,,,,,,,200000.0,200000.0,,system_import,system_import,2026-07-25T06:44:32.836378+00:00,2026-07-25T06:44:32.836378+00:00,
7e7cdd70-c8db-4756-bf7d-39b973e14832,cb16a097-fd57-4a8c-9561-8c2d52ade334,200000.0,200000.0,,,,,,,,,,200000.0,200000.0,,system_import,system_import,2026-07-25T06:44:32.836378+00:00,2026-07-25T06:44:32.836378+00:00,
395e95f7-6917-4e7b-bdfb-142e5faf8748,d961ac00-9786-441e-b2b1-1cf38a1e23f2,200000.0,200000.0,1500000.0,,,,,,,,,200000.0,200000.0,,system_import,system_import,2026-07-25T06:44:32.836378+00:00,2026-07-25T06:44:32.836378+00:00,
560ba13d-cfce-4eeb-8e59-df67dd0693b2,849dbe63-9b54-4b79-b6e1-a274c30e7cfc,200000.0,200000.0,50000.0,,,,,,,,,200000.0,200000.0,,system_import,system_import,2026-07-25T06:44:32.836378+00:00,2026-07-25T06:44:32.836378+00:00,
4029d332-0c7b-4c65-a4d9-1a602efe669b,557dd554-c2c7-443a-baf3-dcbafb84ea08,200000.0,200000.0,0.0,,,,,,,,,200000.0,200000.0,,system_import,system_import,2026-07-25T06:44:32.836378+00:00,2026-07-25T06:44:32.836378+00:00,
26ca6397-995a-4e80-b53f-04984fb8c371,76c9c7e4-4d27-4d1c-8a31-9526465c9a6a,1000001.0,1500000.0,,,,,,,,,,1000001.0,1500000.0,,system_import,system_import,2026-07-25T06:44:32.836378+00:00,2026-07-25T06:44:32.836378+00:00,
36c3739b-22fa-4e66-bbf7-8a6a07b95fba,cf6b4b17-2eb9-47d6-aaa9-cef624a7ed20,200001.0,500000.0,,,,,,,,,,200001.0,500000.0,,system_import,system_import,2026-07-25T06:44:32.836378+00:00,2026-07-25T06:44:32.836378+00:00,
f78a9071-fde7-44d7-bdea-6dec773c58f4,0a4ea9f1-4680-42e6-8678-34c28e5f8848,500001.0,1000000.0,,,,,,,,,,500001.0,1000000.0,,system_import,system_import,2026-07-25T06:44:32.836378+00:00,2026-07-25T06:44:32.836378+00:00,
833ba3ca-3b2a-4188-ad73-087fc9a10146,3040ccd9-173a-4945-b485-9d2b896f8e0a,200000.0,200000.0,,,,,,,,,,200000.0,200000.0,,system_import,system_import,2026-07-25T06:44:32.836378+00:00,2026-07-25T06:44:32.836378+00:00,
6f88885f-d853-477e-9ab9-ed8422658dd5,4355f04d-655f-4b0a-b627-aca7aaa7b8ce,200000.0,200000.0,,,,,,,,,,200000.0,200000.0,,system_import,system_import,2026-07-25T06:44:32.836378+00:00,2026-07-25T06:44:32.836378+00:00,
d73c3fcc-428c-46b7-aee3-283167170c00,0f4af3b3-d6df-44cd-93a0-79f6d59602a3,200001.0,500000.0,,,,,,,,,,200001.0,500000.0,,system_import,system_import,2026-07-25T06:44:32.836378+00:00,2026-07-25T06:44:32.836378+00:00,
aa481795-f53a-4a84-a78a-95d689a8476a,32d07cab-f53f-4a6d-9a61-56d0d12802b3,500001.0,1000000.0,980000.0,,,,,,,,,500001.0,1000000.0,,system_import,system_import,2026-07-25T06:44:32.836378+00:00,2026-07-25T06:44:32.836378+00:00,
53f5bcce-5a4d-4a02-8f39-0795bb17e3b4,65d657b6-a1a6-4aac-b9fe-7ec0e5e3c5ed,1500001.0,2000000.0,,,,,,,,,,1500001.0,2000000.0,,system_import,system_import,2026-07-25T06:44:32.836378+00:00,2026-07-25T06:44:32.836378+00:00,
a397965d-d100-43d0-815a-13b00522db22,2b8a7967-fbb8-4866-b664-d9ffe9e50af7,200001.0,500000.0,,,,,,,,,,200001.0,500000.0,,system_import,system_import,2026-07-25T06:44:32.836378+00:00,2026-07-25T06:44:32.836378+00:00,
9a1433d0-9efd-4a93-bbc7-ff1c650be356,e3bbae58-65a0-40f8-a66a-bffb2b6d8c6c,200001.0,500000.0,,,,,,,,,,200001.0,500000.0,,system_import,system_import,2026-07-25T06:44:32.836378+00:00,2026-07-25T06:44:32.836378+00:00,
b8cf0d80-131e-4da7-9e18-095ea8e40ca1,352a063b-0d65-4685-9d15-1e8d67dbf109,200000.0,200000.0,100000.0,,,,,,,,,200000.0,200000.0,,system_import,system_import,2026-07-25T06:44:32.836378+00:00,2026-07-25T06:44:32.836378+00:00,
82c389fa-26af-4d14-bc3a-d83e8ff0a512,e322718d-f637-42a7-9bb3-7cd60df67905,1500001.0,2000000.0,1000000.0,,,,,,,,,1500001.0,2000000.0,,system_import,system_import,2026-07-25T06:44:32.836378+00:00,2026-07-25T06:44:32.836378+00:00,
f5377c2e-7d1c-41c6-ada3-768389ea917b,853f7fa3-9eee-41bf-a690-f1d9dc741edd,200000.0,200000.0,,,,,,,,,,200000.0,200000.0,,system_import,system_import,2026-07-25T06:44:32.836378+00:00,2026-07-25T06:44:32.836378+00:00,
cc966e2f-c330-47f4-a5af-4799e5960fc1,dbc550d7-93cd-4821-8dc6-1bf10d3bd48c,200000.0,200000.0,,,,,,,,,,200000.0,200000.0,,system_import,system_import,2026-07-25T06:44:32.836378+00:00,2026-07-25T06:44:32.836378+00:00,
dc783237-ee76-4447-bfe1-ec0990dde479,a0dc2081-cde3-49b1-92ba-62b0f703a5af,200001.0,500000.0,,,,,,,,,,200001.0,500000.0,,system_import,system_import,2026-07-25T06:44:32.836378+00:00,2026-07-25T06:44:32.836378+00:00,
5f5d5059-04f2-4149-8da6-64d5dda7f691,a126d2ee-1734-49f5-9517-c78cac55d2ee,200001.0,500000.0,,,,,,,,,,200001.0,500000.0,,system_import,system_import,2026-07-25T06:44:32.836378+00:00,2026-07-25T06:44:32.836378+00:00,
47741f66-14cd-4e22-b46c-c90b7760add9,6975d53a-e793-498b-a283-2f804082a422,2061.0,2061.0,,,,,,,,,,,,,system_import,system_import,2026-07-25T06:44:32.836378+00:00,2026-07-25T06:44:32.836378+00:00,
0e6234a4-c95b-40e6-a026-f9b7ef4b952e,f2e529d1-a75c-41a6-94a3-e4dbb3950af6,200001.0,500000.0,,,,,,,,,,200001.0,500000.0,,system_import,system_import,2026-07-25T06:44:32.836378+00:00,2026-07-25T06:44:32.836378+00:00,
0f94b56d-5e0e-4729-b6d7-55eb3eb921e6,49b89575-a18a-4a43-9698-04a2f2a4da98,200000.0,200000.0,,,,,,,,,,5000.0,10000.0,,system_import,system_import,2026-07-25T06:44:32.836378+00:00,2026-07-25T06:44:32.836378+00:00,
696c3657-65b1-4033-980c-400d91c257d4,97708d37-1db0-4559-8b6d-c667c75bff0b,200000.0,200000.0,,,,,,,,,,200000.0,200000.0,,system_import,system_import,2026-07-25T06:44:32.836378+00:00,2026-07-25T06:44:32.836378+00:00,
e0f0816b-220e-4c4a-a269-e79496baf349,905ee577-25dd-4807-9829-8e75c959db05,200001.0,500000.0,,,,,,,,,,200001.0,500000.0,,system_import,system_import,2026-07-25T06:44:32.836378+00:00,2026-07-25T06:44:32.836378+00:00,
56e0ef8a-72fa-45e7-86d2-b3aecb7319f3,5d1fa1b5-4c50-4c7f-8081-bd300dad88d4,200000.0,200000.0,,,,,,,,,,200000.0,200000.0,,system_import,system_import,2026-07-25T06:44:32.836378+00:00,2026-07-25T06:44:32.836378+00:00,
edaaa246-5c27-4212-b80c-61c7f488fc14,60de2e5a-bea2-49bf-80dd-0ee28bf5d5f2,200001.0,500000.0,,,,,,,,,,200001.0,500000.0,,system_import,system_import,2026-07-25T06:44:32.836378+00:00,2026-07-25T06:44:32.836378+00:00,
fd7517cb-8737-42c0-ab45-b0873745f59f,21966846-64eb-4a39-b831-ccbfb123d47e,200000.0,200000.0,,,,,,,,,,200000.0,200000.0,,system_import,system_import,2026-07-25T06:44:32.836378+00:00,2026-07-25T06:44:32.836378+00:00,
4e1c52d1-c8b1-49a2-a3df-263da1a3d177,b718fb6e-896b-47ce-86bd-a2e394410d9b,200001.0,500000.0,,,,,,,,,,200001.0,500000.0,,system_import,system_import,2026-07-25T06:44:32.836378+00:00,2026-07-25T06:44:32.836378+00:00,
0e25ef11-f787-4894-aa46-226453d472f3,b1e2aa84-1162-427c-a2bd-5b6c220e4fb9,200000.0,200000.0,,,,,,,,,,200000.0,200000.0,,system_import,system_import,2026-07-25T06:44:32.836378+00:00,2026-07-25T06:44:32.836378+00:00,
e9f0c8b0-1429-4cc4-90d4-431644511957,d8545be1-2ca6-4fc9-b4dd-f6301fd0b284,200001.0,500000.0,,,,,,,,,,200001.0,500000.0,,system_import,system_import,2026-07-25T06:44:32.836378+00:00,2026-07-25T06:44:32.836378+00:00,
7a41dc1e-c0c0-4559-b5f3-ddbb3af2a117,a88107cc-0a69-4fb9-84c5-cd5358866599,200000.0,200000.0,,,,,,,,,,200000.0,200000.0,,system_import,system_import,2026-07-25T06:44:32.836378+00:00,2026-07-25T06:44:32.836378+00:00,
2f5d6648-51d9-41d8-ae90-2e3047bce90d,7744bc40-0d1f-499b-8018-255276a9a5e5,500001.0,1000000.0,,,,,,,,,,500001.0,1000000.0,,system_import,system_import,2026-07-25T06:44:32.836378+00:00,2026-07-25T06:44:32.836378+00:00,
064c02b5-33d1-4981-b4c3-30edcf2d361e,20df53e8-e8e1-43b3-ace7-fe93e688f450,200000.0,200000.0,,,,,,,,,,200000.0,200000.0,,system_import,system_import,2026-07-25T06:44:32.836378+00:00,2026-07-25T06:44:32.836378+00:00,
929e5f02-87f5-4184-aff6-ae814d063aaf,5355eb78-02c2-4150-b731-18cc04903fd1,200001.0,500000.0,50000.0,,,,,,,,,200001.0,500000.0,,system_import,system_import,2026-07-25T06:44:32.836378+00:00,2026-07-25T06:44:32.836378+00:00,
9f79931c-1ab9-4425-9d95-5c12016b42fa,a1df83c1-9198-481d-9a94-ed98928a6350,200000.0,200000.0,,,,,,,,,,200000.0,200000.0,,system_import,system_import,2026-07-25T06:44:32.836378+00:00,2026-07-25T06:44:32.836378+00:00,
e524b963-27e6-4084-a09d-c2e3822588d8,8acce6d7-8074-42f1-acad-90e8619a584b,200000.0,200000.0,,,,,,,,,,200000.0,200000.0,,system_import,system_import,2026-07-25T06:44:32.836378+00:00,2026-07-25T06:44:32.836378+00:00,
7e749fe8-cb0c-4c8e-b97c-1049a044cf4e,c51b461f-a27d-4873-a319-28b81b7f6b7e,200001.0,500000.0,50000.0,,,,,,,,,200001.0,500000.0,,system_import,system_import,2026-07-25T06:44:32.836378+00:00,2026-07-25T06:44:32.836378+00:00,
00d510b5-6eab-45bb-8c69-b3b0b9d67c41,14f76b71-9bb2-4c6b-8759-db50e57de4ba,200000.0,200000.0,,,,,,,,,,200000.0,200000.0,,system_import,system_import,2026-07-25T06:44:32.836378+00:00,2026-07-25T06:44:32.836378+00:00,
85c0751d-747e-4dd0-b49c-0db0c6c78650,65612392-3b83-4ab7-9251-91f99416d5ee,1193.0,1193.0,,,,,,,,,,,,,system_import,system_import,2026-07-25T06:44:32.836378+00:00,2026-07-25T06:44:32.836378+00:00,
446f6d7f-ea85-4801-a5f1-a43c43d1adac,e5dedc1a-78cc-47ed-8159-886e36a051b4,200000.0,200000.0,50000.0,,,,,,,,,200000.0,200000.0,,system_import,system_import,2026-07-25T06:44:32.836378+00:00,2026-07-25T06:44:32.836378+00:00,
59ea4087-7f5c-474c-ab46-fe0fcfef5597,127fbc2e-4d08-41d6-adca-c585b9b89cf5,200000.0,200000.0,100000.0,,,,,,,,,200000.0,200000.0,,system_import,system_import,2026-07-25T06:44:32.836378+00:00,2026-07-25T06:44:32.836378+00:00,
7bfa9677-abd3-4b26-91f4-6855838063b0,6cb08df8-cf95-454e-8b2c-434df924f22b,446.0,446.0,,,,,,,,,,,,,system_import,system_import,2026-07-25T06:44:32.836378+00:00,2026-07-25T06:44:32.836378+00:00,
c6d8e40e-7ed7-46b7-970a-90c036b451bc,b1bce2d1-06e2-4e26-be88-91ec22a3ed0e,5000001.0,1.0,,,,,,,,,,5000001.0,1.0,,system_import,system_import,2026-07-25T06:44:32.836378+00:00,2026-07-25T06:44:32.836378+00:00,
56c861c0-5533-4a93-b145-c0fb2f732e90,f4123c71-98f5-4b3a-af71-82ba8ecd6d52,200000.0,200000.0,,,,,,,,,,200000.0,200000.0,,system_import,system_import,2026-07-25T06:44:32.836378+00:00,2026-07-25T06:44:32.836378+00:00,
b3e92df3-fb12-4b65-9739-741cc537a30e,8b880a93-70e4-4a1e-9290-aa12237f9d55,5000001.0,1.0,,,,,,,,,,5000001.0,1.0,,system_import,system_import,2026-07-25T06:49:55.313380+00:00,2026-07-25T06:49:55.313380+00:00,
9e2f4da2-a6d1-4c32-ae92-ee339634e358,0e7cfcf0-8c06-44f1-982e-c7e47c3d929f,200000.0,200000.0,,,,,,,,,,200000.0,200000.0,,system_import,system_import,2026-07-25T06:49:55.313380+00:00,2026-07-25T06:49:55.313380+00:00,
0b8ac557-2a81-4047-9988-bc7b3006631d,70781496-6669-4659-9e1c-983a44c4a01f,200000.0,200000.0,,,,,,,,,,200000.0,200000.0,,system_import,system_import,2026-07-25T06:49:55.313380+00:00,2026-07-25T06:49:55.313380+00:00,
87451037-b790-4eaa-bf52-6f0c9c4fbcff,6b4b3f78-1db6-4fdd-b3ba-d296af82de3c,200001.0,500000.0,,,,,,,,,,200001.0,500000.0,,system_import,system_import,2026-07-25T06:49:55.313380+00:00,2026-07-25T06:49:55.313380+00:00,
1cbc8856-37c3-4ce8-8336-33f7b4c8fed3,d9f524d2-6cd7-436d-9e40-a991847403f7,200001.0,500000.0,,,,,,,,,,200001.0,500000.0,,system_import,system_import,2026-07-25T06:49:55.313380+00:00,2026-07-25T06:49:55.313380+00:00,
eb4f8391-304f-4e18-873b-514d1015b03e,3ba739cd-2fe3-49b8-ad88-7d5c8b95ab3d,1344.0,1344.0,,,,,,,,,,,,,system_import,system_import,2026-07-25T06:49:55.313380+00:00,2026-07-25T06:49:55.313380+00:00,
3673b788-0e07-4a40-b355-3d424db0dcdd,5c433689-efe1-42b4-af09-eab44a8f522c,200000.0,200000.0,,,,,,,,,,200000.0,200000.0,,system_import,system_import,2026-07-25T06:49:55.313380+00:00,2026-07-25T06:49:55.313380+00:00,
d818d918-befc-427d-8eee-c14f6a049d8d,0ddab494-0c33-49c8-9636-531e5f7bae97,200000.0,200000.0,175000.0,,,,,,,,,200000.0,200000.0,,system_import,system_import,2026-07-25T06:49:55.313380+00:00,2026-07-25T06:49:55.313380+00:00,
fab57ae8-3d5c-408a-a950-40e248b9e433,db2df68b-221e-4309-91b5-1afd70c529a2,200000.0,200000.0,,,,,,,,,,200000.0,200000.0,,system_import,system_import,2026-07-25T06:49:55.313380+00:00,2026-07-25T06:49:55.313380+00:00,
6cd39cc7-4113-4e8c-a643-216559e56211,3c97c1ae-2926-43db-8704-cc9d74d0671a,200000.0,200000.0,500000.0,,,,,,,,,200000.0,200000.0,,system_import,system_import,2026-07-25T06:49:55.313380+00:00,2026-07-25T06:49:55.313380+00:00,
91826dfe-93e9-4150-92f3-6687fc36bce9,5444251e-8c03-4305-a1ce-45499442c543,200001.0,500000.0,,,,,,,,,,200001.0,500000.0,,system_import,system_import,2026-07-25T06:49:55.313380+00:00,2026-07-25T06:49:55.313380+00:00,
5a241072-6e0b-4814-aa06-b7c21d20dcfc,0869563f-cb59-4435-b1b8-21cf5678908a,200000.0,200000.0,,,,,,,,,,200000.0,200000.0,,system_import,system_import,2026-07-25T06:49:55.313380+00:00,2026-07-25T06:49:55.313380+00:00,
0d90d78f-2de6-434e-973a-422c75bbc7f2,847b8155-e024-4576-b9ba-8349f53b2624,542.0,542.0,,,,,,,,,,,,,system_import,system_import,2026-07-25T06:49:55.313380+00:00,2026-07-25T06:49:55.313380+00:00,
c280b4ad-ccb1-4598-aa3c-da3768f654dd,6d995c52-4bf6-462f-ba5d-010ccefdf2ca,200001.0,500000.0,20000.0,,,,,,,,,200001.0,500000.0,,system_import,system_import,2026-07-25T06:49:55.313380+00:00,2026-07-25T06:49:55.313380+00:00,
609628f8-0361-49ea-b3e4-1453c94e71b5,c95288ab-9693-4e5d-99c5-631f35cf1ab7,200000.0,200000.0,,,,,,,,,,200000.0,200000.0,,system_import,system_import,2026-07-25T06:49:55.313380+00:00,2026-07-25T06:49:55.313380+00:00,
af7c8047-b377-4ed3-95f2-5024bb8b6d92,1de5079c-5c00-41f6-a51b-a73952030b5e,200000.0,200000.0,500000.0,,,,,,,,,200000.0,200000.0,,system_import,system_import,2026-07-25T06:49:55.313380+00:00,2026-07-25T06:49:55.313380+00:00,
49e48b7c-85d8-4319-b778-498f1efa63f0,3f1fc499-8528-4ef8-b943-fc77a9c41bf7,200000.0,200000.0,,,,,,,,,,500000.0,200000.0,,system_import,system_import,2026-07-25T06:49:55.313380+00:00,2026-07-25T06:49:55.313380+00:00,
73f2b491-218e-45ca-8c26-62cdd13d335e,dee0a9b0-8e62-4a5c-9ea0-7822ba54eb85,200000.0,200000.0,,,,,,,,,,200000.0,200000.0,,system_import,system_import,2026-07-25T06:49:55.313380+00:00,2026-07-25T06:49:55.313380+00:00,
7f569181-7309-4a81-819c-b23bbab788b2,f022ef47-9eac-4773-a04e-a992fad100ee,200001.0,500000.0,,,,,,,,,,200001.0,500000.0,,system_import,system_import,2026-07-25T06:49:55.313380+00:00,2026-07-25T06:49:55.313380+00:00,
e5653b71-35b2-4172-aabc-4b580b107736,7c636e37-f26d-406e-8fd9-2bdaf9391547,200000.0,200000.0,,,,,,,,,,200000.0,200000.0,,system_import,system_import,2026-07-25T06:49:55.313380+00:00,2026-07-25T06:49:55.313380+00:00,
45c9a9db-d298-4eb7-9bd0-bd1483f4f473,d64350b6-b3c3-4f7a-aa42-005f63060545,2191.0,2191.0,1000.0,,,,,,,,,10000.0,10000.0,,system_import,system_import,2026-07-25T06:49:55.313380+00:00,2026-07-25T06:49:55.313380+00:00,
ec26f594-3ab8-48ee-9446-5fec8e2a6865,c3257eec-4add-420e-848e-88b48548c4cf,200000.0,200000.0,,,,,,,,,,200000.0,200000.0,,system_import,system_import,2026-07-25T06:49:55.313380+00:00,2026-07-25T06:49:55.313380+00:00,
7ea693e5-9d71-4cfc-8a2f-3d40901e6454,2a544b4c-4dc8-4a57-9da8-0f98567865ae,500001.0,1000000.0,,,,,,,,,,500001.0,1000000.0,,system_import,system_import,2026-07-25T06:49:55.313380+00:00,2026-07-25T06:49:55.313380+00:00,
ef7fd11d-c80e-4a01-824d-80b6a97ed4c7,0c44e6b5-dc0b-40fc-ac5e-20e3df32880c,200000.0,200000.0,,,,,,,,,,200000.0,200000.0,,system_import,system_import,2026-07-25T06:49:55.313380+00:00,2026-07-25T06:49:55.313380+00:00,
6872149b-d709-44e7-99f4-e20efa6051d4,afd601c9-fa98-41ca-a439-569d3617353f,200000.0,200000.0,1500000.0,,,,,,,,,200000.0,200000.0,,system_import,system_import,2026-07-25T06:49:55.313380+00:00,2026-07-25T06:49:55.313380+00:00,
0599b14a-1459-43cd-aa34-a18faef76bfd,629f35c2-b87a-46da-9a7c-e53573aa91dc,200001.0,500000.0,,,,,,,,,,200001.0,500000.0,,system_import,system_import,2026-07-25T06:49:55.313380+00:00,2026-07-25T06:49:55.313380+00:00,
3529795a-4586-43dd-9ec1-d8baec8affb8,8f353c75-399f-40a6-89a9-39928d0308e2,200000.0,200000.0,1000000.0,,,,,,,,,200000.0,200000.0,,system_import,system_import,2026-07-25T06:49:55.313380+00:00,2026-07-25T06:49:55.313380+00:00,
86b73366-c107-459a-ba39-45d8a124ff84,f9ecaf4e-f813-43ca-9f2d-bdf70a570cea,200000.0,200000.0,,,,,,,,,,200000.0,200000.0,,system_import,system_import,2026-07-25T06:49:55.313380+00:00,2026-07-25T06:49:55.313380+00:00,
5abd63b0-143a-4fc1-92d4-0e83cc00b179,5f8b90a7-2544-4ac4-9401-0ddef320e803,500001.0,1000000.0,,,,,,,,,,500001.0,1000000.0,,system_import,system_import,2026-07-25T06:49:55.313380+00:00,2026-07-25T06:49:55.313380+00:00,
5ebf71ca-4d31-49cd-8170-a878324a667b,32cba817-3cd6-4cfb-be65-4a367b060910,200000.0,200000.0,,,,,,,,,,200000.0,200000.0,,system_import,system_import,2026-07-25T06:49:55.313380+00:00,2026-07-25T06:49:55.313380+00:00,
a5c82dbe-2e67-4a36-86ae-72f8c7296868,3315acd4-9ba6-42eb-9e95-cf34b34cf6c1,2000001.0,3000000.0,,,,,,,,,,2000001.0,3000000.0,,system_import,system_import,2026-07-25T06:49:55.313380+00:00,2026-07-25T06:49:55.313380+00:00,
ed20bae8-254c-4c57-9401-b8fc0a86bac5,a1750552-d6e3-4dcc-8a05-7170f592c555,200000.0,200000.0,,,,,,,,,,100000.0,200000.0,,system_import,system_import,2026-07-25T06:49:55.313380+00:00,2026-07-25T06:49:55.313380+00:00,
dca60b35-ac82-4522-bc83-0d353dc7184e,7d8ac042-2b60-4cac-86c6-fc7b207711de,200000.0,200000.0,,,,,,,,,,200000.0,200000.0,,system_import,system_import,2026-07-25T06:49:55.313380+00:00,2026-07-25T06:49:55.313380+00:00,
ada0886d-0618-42b6-b11c-b8b82eef916e,21c18176-f866-4c07-95ce-3f7844560669,200000.0,200000.0,,,,,,,,,,200000.0,200000.0,,system_import,system_import,2026-07-25T06:49:55.313380+00:00,2026-07-25T06:49:55.313380+00:00,
3adb3ae0-21dd-4e94-9369-db775f0d968a,38c76598-56f4-40ba-96fb-d3a26d4409f6,200000.0,200000.0,,,,,,,,,,15000.0,500000.0,,system_import,system_import,2026-07-25T06:49:55.313380+00:00,2026-07-25T06:49:55.313380+00:00,
745d790e-df3a-4e3e-949d-330d6f287c0d,a20f7176-8b57-43fd-9204-ce6e0199e5a0,,,,,,,,,,,,,,,system_import,system_import,2026-07-25T06:49:55.313380+00:00,2026-07-25T06:49:55.313380+00:00,
3b736e7b-afde-4dc1-a10a-18d7731f22a4,acd35717-70a2-44e2-9ee3-ccfc17139255,200001.0,500000.0,,,,,,,,,,200001.0,500000.0,,system_import,system_import,2026-07-25T06:49:55.313380+00:00,2026-07-25T06:49:55.313380+00:00,
26b6fb61-86f1-40db-9592-c4a2815572e6,24629aac-2abe-46f3-bb13-fe76c62ac644,200001.0,500000.0,,,,,,,,,,200001.0,500000.0,,system_import,system_import,2026-07-25T06:49:55.313380+00:00,2026-07-25T06:49:55.313380+00:00,
47b614a4-8db6-43c4-b936-a0433ca3ba81,1db734c1-9c4f-46f3-8f80-bfc46277ed4b,500001.0,1000000.0,,,,,,,,,,500001.0,1000000.0,,system_import,system_import,2026-07-25T06:49:55.313380+00:00,2026-07-25T06:49:55.313380+00:00,
c71e7f54-b2bf-4a4e-870f-698113d87dea,2c3e58ef-a96d-4373-8c55-edb66017e134,200000.0,200000.0,,,,,,,,,,200000.0,200000.0,,system_import,system_import,2026-07-25T06:49:55.313380+00:00,2026-07-25T06:49:55.313380+00:00,
156bd860-3e43-4f1d-8716-c2c8bfe4bab2,729c840e-6716-4468-a8de-782bbd68f220,200000.0,200000.0,,,,,,,,,,200000.0,200000.0,,system_import,system_import,2026-07-25T06:49:55.313380+00:00,2026-07-25T06:49:55.313380+00:00,
5290f131-b269-45f7-99a7-f78e7f038e92,4c02f3e4-10fa-4a4a-975f-f1d4bd1af82d,200000.0,200000.0,,,,,,,,,,200000.0,200000.0,,system_import,system_import,2026-07-25T06:49:55.313380+00:00,2026-07-25T06:49:55.313380+00:00,
ca5dc07e-9b01-481e-b0b6-8ef670919174,f696a0ab-9102-4a47-a954-ed0befef5c70,200000.0,200000.0,,,,,,,,,,200000.0,200000.0,,system_import,system_import,2026-07-25T06:49:55.313380+00:00,2026-07-25T06:49:55.313380+00:00,
01d5ed61-0040-4424-9ace-9fe456eb6f07,820daf84-af3e-4879-a54f-db77a6fa1110,200000.0,200000.0,,,,,,,,,,,,,system_import,system_import,2026-07-25T06:49:55.313380+00:00,2026-07-25T06:49:55.313380+00:00,
cbfd4d56-4982-4ebf-aca5-6b426deacc10,a7ad3152-2771-4778-be2a-b4168cdd62fa,3000001.0,5000000.0,,,,,,,,,,3000001.0,5000000.0,,system_import,system_import,2026-07-25T06:49:55.313380+00:00,2026-07-25T06:49:55.313380+00:00,
ef877d1a-39c4-4aea-bb79-81d491730421,c82cf0bd-422a-4237-88fa-98bc4312606d,1500001.0,2000000.0,,,,,,,,,,1500001.0,2000000.0,,system_import,system_import,2026-07-25T06:49:55.313380+00:00,2026-07-25T06:49:55.313380+00:00,
6a7827a2-d015-41d5-a856-c4d275f36843,e7d810fe-947e-472c-ab12-780eb9680ec2,500001.0,1000000.0,,,,,,,,,,500001.0,1000000.0,,system_import,system_import,2026-07-25T06:49:55.313380+00:00,2026-07-25T06:49:55.313380+00:00,
d926b1f5-f9cc-413f-9608-0323d2bef297,c5deacbb-facf-4496-b306-11eccd5818eb,200001.0,500000.0,500000.0,,,,,,,,,200001.0,500000.0,,system_import,system_import,2026-07-25T06:49:55.313380+00:00,2026-07-25T06:49:55.313380+00:00,
be20dbc8-83b3-41ea-9f3d-69478896a91b,b8caf6dc-1cbf-4ef4-bb9f-c10e4169e5fa,200000.0,200000.0,,,,,,,,,,200000.0,200000.0,,system_import,system_import,2026-07-25T06:49:55.313380+00:00,2026-07-25T06:49:55.313380+00:00,
1f294fa7-ef3c-46a1-bf61-ea742e523c30,3c04509e-e4d1-4930-b62b-b0981b54bbd5,200000.0,200000.0,,,,,,,,,,5.0,10.0,,system_import,system_import,2026-07-25T06:49:55.313380+00:00,2026-07-25T06:49:55.313380+00:00,
84253596-3510-4fdc-8cbd-c38cca1b601d,7c7b11d6-3219-4a6e-8b50-1d677dcbb641,200000.0,200000.0,,,,,,,,,,200000.0,200000.0,,system_import,system_import,2026-07-25T06:49:55.313380+00:00,2026-07-25T06:49:55.313380+00:00,
26eb80c9-a52a-49f6-9d66-853d0acc9790,aaaa7aed-2224-4d87-b8a4-53ef665b320b,1500001.0,2000000.0,,,,,,,,,,1500001.0,2000000.0,,system_import,system_import,2026-07-25T06:49:55.313380+00:00,2026-07-25T06:49:55.313380+00:00,
7fa57bef-3af5-494c-9671-566997308ccc,f096259b-8228-44b6-9b9a-757ae71c0cfb,200001.0,500000.0,5.0,,,,,,,,,200001.0,500000.0,,system_import,system_import,2026-07-25T06:49:55.313380+00:00,2026-07-25T06:49:55.313380+00:00,
59c07aa0-f833-4f16-ba3f-f27377381336,29413027-8759-4761-812d-cfe2b0f55f5b,500001.0,1000000.0,,,,,,,,,,500001.0,1000000.0,,system_import,system_import,2026-07-25T06:49:55.313380+00:00,2026-07-25T06:49:55.313380+00:00,
2265d013-5a4b-4730-8c31-5abc6d6ecd0f,a0e3932a-024a-4721-8ee7-664defcee8b6,200000.0,200000.0,,,,,,,,,,200000.0,200000.0,,system_import,system_import,2026-07-25T06:49:55.313380+00:00,2026-07-25T06:49:55.313380+00:00,
4cbb8b57-7772-456d-9e95-31e0977e3b58,5dabddcc-4366-4e50-aac1-101403f675ac,2000001.0,3000000.0,,,,,,,,,,2000001.0,3000000.0,,system_import,system_import,2026-07-25T06:49:55.313380+00:00,2026-07-25T06:49:55.313380+00:00,
43c0bce4-a490-49c4-b36d-dc76ba0e4753,2c3b9337-a730-4645-a60b-9745b8b3de05,200000.0,200000.0,,,,,,,,,,200000.0,200000.0,,system_import,system_import,2026-07-25T06:49:55.313380+00:00,2026-07-25T06:49:55.313380+00:00,
4e0defef-5b9d-4fa5-97a6-c0a15f041892,4ff9311d-905f-4931-ba37-62f9fdcc6101,200001.0,500000.0,,,,,,,,,,200001.0,500000.0,,system_import,system_import,2026-07-25T06:49:55.313380+00:00,2026-07-25T06:49:55.313380+00:00,
6a1a5e62-d6f5-4178-a983-e116839b2b51,6a22c3ff-4214-4f3d-906b-d54e2fe17ef7,200000.0,200000.0,,,,,,,,,,200000.0,200000.0,,system_import,system_import,2026-07-25T06:49:55.313380+00:00,2026-07-25T06:49:55.313380+00:00,
3b433ce7-5c80-417d-83d8-0f52602dc1cb,224cb854-bbf6-4e34-980c-957b73bb16ca,200000.0,200000.0,,,,,,,,,,200000.0,200000.0,,system_import,system_import,2026-07-25T06:49:55.313380+00:00,2026-07-25T06:49:55.313380+00:00,
045d346a-c00d-46b8-ba3d-042bae1bdccc,c3581c3e-2ee7-4b76-a8e8-1c4dc307f90d,200000.0,200000.0,,,,,,,,,,200000.0,200000.0,,system_import,system_import,2026-07-25T06:49:55.313380+00:00,2026-07-25T06:49:55.313380+00:00,
714037be-9704-4780-ba0e-5a0d546467ec,87321c51-c8c8-49bb-bcb3-bfd0e61ca691,2000001.0,3000000.0,,,,,,,,,,2000001.0,3000000.0,,system_import,system_import,2026-07-25T06:49:55.313380+00:00,2026-07-25T06:49:55.313380+00:00,
205f352a-d57f-4605-a252-1c6ba20b8681,f0a02610-7409-4a3a-a02b-d67cf8cfdba5,200000.0,200000.0,,,,,,,,,,200000.0,200000.0,,system_import,system_import,2026-07-25T06:49:55.313380+00:00,2026-07-25T06:49:55.313380+00:00,
3e8d189a-a8a7-4bff-97ac-b371618df693,512b4255-6022-4a10-8dfc-e8086c6de157,200000.0,200000.0,,,,,,,,,,200000.0,200000.0,,system_import,system_import,2026-07-25T06:49:55.313380+00:00,2026-07-25T06:49:55.313380+00:00,
bc28e104-da2a-4cad-8f10-13fc76f24e81,bc513d34-1d7f-42e1-9b5f-b6346373ac78,200001.0,500000.0,,,,,,,,,,200001.0,500000.0,,system_import,system_import,2026-07-25T06:49:55.313380+00:00,2026-07-25T06:49:55.313380+00:00,
d3c302c2-7b04-4c07-8d0c-593b00a747ed,5b742216-9c3f-41d6-a967-19eb7cfe8343,500001.0,1000000.0,300000.0,,,,,,,,,500001.0,1000000.0,,system_import,system_import,2026-07-25T06:49:55.313380+00:00,2026-07-25T06:49:55.313380+00:00,
dc950a81-9d7c-496b-aad7-86d08e7d10bd,e2d09669-f43b-4fbc-98b2-62d47ffd7024,500001.0,1000000.0,350000.0,,,,,,,,,500001.0,1000000.0,,system_import,system_import,2026-07-25T06:49:55.313380+00:00,2026-07-25T06:49:55.313380+00:00,
76adab88-24e3-4741-9a86-880e746474d3,5f016c33-2186-4122-bf08-6ed8aca7d01d,1000001.0,1500000.0,,,,,,,,,,1000001.0,1500000.0,,system_import,system_import,2026-07-25T06:49:55.313380+00:00,2026-07-25T06:49:55.313380+00:00,
bd887815-5fa3-46b6-bb34-faeaae778257,b07c82c5-8f5b-4164-bd96-acd954801542,200001.0,500000.0,,,,,,,,,,200001.0,500000.0,,system_import,system_import,2026-07-25T06:49:55.313380+00:00,2026-07-25T06:49:55.313380+00:00,
52d51baa-b9ea-4063-a8a4-4c89a85155ad,9b2a2cb8-5df2-4b58-9bf7-711a108dab08,2000001.0,3000000.0,,,,,,,,,,2000001.0,3000000.0,,system_import,system_import,2026-07-25T06:49:55.313380+00:00,2026-07-25T06:49:55.313380+00:00,
9f072683-bcd3-4c89-af47-572cb3f2d5ff,52b99704-0b59-4cbf-bfed-2411c2c49538,200000.0,200000.0,,,,,,,,,,200000.0,200000.0,,system_import,system_import,2026-07-25T06:49:55.313380+00:00,2026-07-25T06:49:55.313380+00:00,
f03ea81d-fd13-43bd-bcc9-386049d03770,33ba5a31-a1d6-4140-a8ec-4c5fa549ae5d,11732.0,11732.0,,,,,,,,,,,,,system_import,system_import,2026-07-25T06:49:55.313380+00:00,2026-07-25T06:49:55.313380+00:00,
1d5aced6-d822-4742-beba-dc40000c370f,37cbf00b-454b-424a-b023-d76d7b256040,200000.0,200000.0,,,,,,,,,,,,,system_import,system_import,2026-07-25T06:49:55.313380+00:00,2026-07-25T06:49:55.313380+00:00,
6a878f1d-02d7-46e3-aa81-440a12dd23e0,b19d24a3-63b6-4f52-85ea-3b4c9e93bc02,200000.0,200000.0,,,,,,,,,,200000.0,200000.0,,system_import,system_import,2026-07-25T06:49:55.313380+00:00,2026-07-25T06:49:55.313380+00:00,
18cdc705-5739-435b-84e4-b7de8194e78d,8ab155b3-fcf6-4273-85ab-1909f6266279,200001.0,500000.0,,,,,,,,,,200001.0,500000.0,,system_import,system_import,2026-07-25T06:49:55.313380+00:00,2026-07-25T06:49:55.313380+00:00,
47dc6cbc-7bd6-4871-b6f9-0a7c448c4191,0fa3de49-ce9c-45e1-9607-d26aba8657e0,200001.0,500000.0,,,,,,,,,,200001.0,500000.0,,system_import,system_import,2026-07-25T06:49:55.313380+00:00,2026-07-25T06:49:55.313380+00:00,
b2abfc07-6799-4e32-8b62-90c9e909ce33,b6409f47-438e-4ba8-bc3f-289515bc33ae,200000.0,200000.0,,,,,,,,,,200000.0,200000.0,,system_import,system_import,2026-07-25T06:49:55.313380+00:00,2026-07-25T06:49:55.313380+00:00,
318029db-22c2-4937-9497-8cd7afd0169d,6295711b-99c5-4471-bac5-6063ba19187c,10594.0,10594.0,,,,,,,,,,,,,system_import,system_import,2026-07-25T06:49:55.313380+00:00,2026-07-25T06:49:55.313380+00:00,
86de785c-42f7-4f41-9229-b7c39b93bd6d,29a4b7f3-cb03-4cb4-b647-8d6b1fa47c2c,3000001.0,5000000.0,,,,,,,,,,3000001.0,5000000.0,,system_import,system_import,2026-07-25T06:49:55.313380+00:00,2026-07-25T06:49:55.313380+00:00,
4d0016fc-0383-4f5a-9072-dc7c88318401,20ff86fc-5071-4c6c-abd2-8de0ae539578,200001.0,500000.0,,,,,,,,,,200001.0,500000.0,,system_import,system_import,2026-07-25T06:49:55.313380+00:00,2026-07-25T06:49:55.313380+00:00,
04939537-a62e-452f-8fb6-e01d4e3ebf52,27d1a13c-5577-4e67-bfa1-64a74763a13b,500001.0,1000000.0,,,,,,,,,,500001.0,1000000.0,,system_import,system_import,2026-07-25T06:49:55.313380+00:00,2026-07-25T06:49:55.313380+00:00,
d9146418-1a68-4c5e-b1ff-333e9adafca9,30389a24-1658-4fc3-a9f2-fe372f676c2b,1000001.0,1500000.0,,,,,,,,,,1000001.0,1500000.0,,system_import,system_import,2026-07-25T06:49:55.313380+00:00,2026-07-25T06:49:55.313380+00:00,
4e532315-43a9-46f6-8a67-8e72f8cd65a2,4a5c0768-37a4-4af8-8c04-fe97dcfdf513,200001.0,500000.0,,,,,,,,,,200001.0,500000.0,,system_import,system_import,2026-07-25T06:49:55.313380+00:00,2026-07-25T06:49:55.313380+00:00,
b7a5dc57-7bb0-45dd-8777-3c027c3b599c,5402ab73-e462-4a3b-94c6-6a9f1248845f,200000.0,200000.0,,,,,,,,,,200000.0,200000.0,,system_import,system_import,2026-07-25T06:49:55.313380+00:00,2026-07-25T06:49:55.313380+00:00,
fe43a871-868c-4a20-ae72-2c6e8b096d96,e542c510-38c7-4cd2-ac1a-399abf62d2d4,200000.0,200000.0,5.0,,,,,,,,,200000.0,200000.0,,system_import,system_import,2026-07-25T06:49:55.313380+00:00,2026-07-25T06:49:55.313380+00:00,
5db4e8e6-edef-47a6-b9b8-cdf22741ab4b,e4ffa361-f058-4484-9868-beea432726ce,200000.0,200000.0,,,,,,,,,,200000.0,200000.0,,system_import,system_import,2026-07-25T06:49:55.313380+00:00,2026-07-25T06:49:55.313380+00:00,
6b0761ed-2480-4da5-804b-7228b44c5b2a,5e59f554-6fba-4e21-bcc0-17e4bcc9f77c,200000.0,200000.0,5000.0,,,,,,,,,200000.0,200000.0,,system_import,system_import,2026-07-25T06:49:55.313380+00:00,2026-07-25T06:49:55.313380+00:00,
e0e3a184-aa01-4ee5-9070-69ae121b2a86,122c0b97-a6a3-43e4-82f6-773db5294d8b,10879.0,10879.0,,,,,,,,,,,,,system_import,system_import,2026-07-25T06:49:55.313380+00:00,2026-07-25T06:49:55.313380+00:00,
63f4f960-bede-4319-84c4-06d868684b0d,8c921239-1532-4860-90e5-a3dc81512869,1500001.0,2000000.0,,,,,,,,,,1500001.0,2000000.0,,system_import,system_import,2026-07-25T06:49:55.313380+00:00,2026-07-25T06:49:55.313380+00:00,
ae0f0e57-b25a-4e76-885e-aebdbda98ddc,aba980d5-1162-4fba-81d2-b8b6894f008e,10933.0,10933.0,,,,,,,,,,,,,system_import,system_import,2026-07-25T06:49:55.313380+00:00,2026-07-25T06:49:55.313380+00:00,
d443efa2-595a-4889-806e-cfaceb118e95,637f2602-0d29-4a5b-9f11-ce7a5ee3b9ec,200000.0,200000.0,,,,,,,,,,200000.0,200000.0,,system_import,system_import,2026-07-25T06:49:55.313380+00:00,2026-07-25T06:49:55.313380+00:00,
dd00a795-9f79-4916-bafc-593a3cd4a98d,1bfeb696-ecd6-403d-87f2-2cb636569f50,200000.0,200000.0,,,,,,,,,,200000.0,200000.0,,system_import,system_import,2026-07-25T06:49:55.313380+00:00,2026-07-25T06:49:55.313380+00:00,
341778df-9018-4920-a2f8-f250e60b7288,c5129578-b924-4c5d-80b2-79c535c27e50,200001.0,500000.0,,,,,,,,,,200001.0,500000.0,,system_import,system_import,2026-07-25T06:49:55.313380+00:00,2026-07-25T06:49:55.313380+00:00,
cdd45600-3c47-4ce2-9885-f6e279f31d52,8219c0f0-a140-48ea-8791-e5c3be6c1da1,5000001.0,1.0,,,,,,,,,,5000001.0,1.0,,system_import,system_import,2026-07-25T06:49:55.313380+00:00,2026-07-25T06:49:55.313380+00:00,
22ac7a1d-d0a9-4df7-8948-234e3686a7cf,b97ce678-97bf-4612-b79c-416a102960a4,500001.0,1000000.0,,,,,,,,,,500001.0,1000000.0,,system_import,system_import,2026-07-25T06:49:55.313380+00:00,2026-07-25T06:49:55.313380+00:00,
a8979c6f-aa7c-460e-87e4-9a2b1902ace7,f628864b-425c-42b6-a4c7-88f3e07ce66d,500001.0,1000000.0,,,,,,,,,,500001.0,1000000.0,,system_import,system_import,2026-07-25T06:49:55.313380+00:00,2026-07-25T06:49:55.313380+00:00,
03501fb1-7be5-4768-a227-52576e1b85d5,1e3cb905-56e5-46b4-a3cc-d2348a24acb3,1000001.0,1500000.0,,,,,,,,,,1000001.0,1500000.0,,system_import,system_import,2026-07-25T06:49:55.313380+00:00,2026-07-25T06:49:55.313380+00:00,
b2fe1d19-6d97-42c6-a8f4-0842f4587fd4,b59758f4-e034-44a1-bbab-8e7698a6b922,200000.0,200000.0,,,,,,,,,,200000.0,200000.0,,system_import,system_import,2026-07-25T06:49:55.313380+00:00,2026-07-25T06:49:55.313380+00:00,
dde6d5f3-b756-4558-90df-4f9bd15e2cc6,bdff8444-40eb-4320-9186-0d717043c255,200000.0,200000.0,,,,,,,,,,1.0,1.0,,system_import,system_import,2026-07-25T06:49:55.313380+00:00,2026-07-25T06:49:55.313380+00:00,
9a17cf35-bc5c-44c2-babc-e6a05e06c082,9c0dfdf9-d874-484e-82b9-286fa3b9a4bc,200000.0,200000.0,,,,,,,,,,200000.0,200000.0,,system_import,system_import,2026-07-25T06:49:55.313380+00:00,2026-07-25T06:49:55.313380+00:00,
44d5674d-b1b3-4214-95d7-3b8ede8250f4,91832e05-c625-4bb2-8665-493e783c3697,3000001.0,5000000.0,,,,,,,,,,3000001.0,5000000.0,,system_import,system_import,2026-07-25T06:49:55.313380+00:00,2026-07-25T06:49:55.313380+00:00,
3e4debc9-859a-49d6-b2d7-cbee516f3137,2bcb1d1b-1757-4efe-bdaf-026c435b6b9a,200001.0,500000.0,,,,,,,,,,200001.0,500000.0,,system_import,system_import,2026-07-25T06:49:55.313380+00:00,2026-07-25T06:49:55.313380+00:00,
f508db9b-b3fd-4ca2-9984-6436fd5982ca,e40a8f26-f4a2-404e-b1c0-558659a52e38,200000.0,200000.0,500000.0,,,,,,,,,200000.0,200000.0,,system_import,system_import,2026-07-25T06:49:55.313380+00:00,2026-07-25T06:49:55.313380+00:00,
4b2a7044-3f98-48e0-8cd6-785bae1ddeb1,fdefc7ec-e3f8-4168-8bf4-1b0a0572f012,200000.0,200000.0,,,,,,,,,,200000.0,200000.0,,system_import,system_import,2026-07-25T06:49:55.313380+00:00,2026-07-25T06:49:55.313380+00:00,
b3de1753-6d8c-458b-b6dc-802fdf4a4e5c,5245b9bc-0a53-40b9-bc3f-9ad15df70f55,1000001.0,1500000.0,,,,,,,,,,1000001.0,1500000.0,,system_import,system_import,2026-07-25T06:49:55.313380+00:00,2026-07-25T06:49:55.313380+00:00,
929148b5-1421-4a4d-bbad-2083b7e7fc99,3684bcc9-2efb-41ae-8678-a08964a0772a,1500001.0,2000000.0,,,,,,,,,,1500001.0,2000000.0,,system_import,system_import,2026-07-25T06:49:55.313380+00:00,2026-07-25T06:49:55.313380+00:00,
dd4ba121-3612-4144-bf9c-6b84341bfb6c,a744603b-5f5c-439f-8943-ab11fdc4fe24,200000.0,200000.0,,,,,,,,,,200000.0,200000.0,,system_import,system_import,2026-07-25T06:49:55.313380+00:00,2026-07-25T06:49:55.313380+00:00,
79d541fd-92c8-4867-8b5f-b0d6a04cc152,d5760f18-2e09-4a11-a67a-92c17ad96729,3000001.0,5000000.0,1.0,,,,,,,,,3000001.0,5000000.0,,system_import,system_import,2026-07-25T06:49:55.313380+00:00,2026-07-25T06:49:55.313380+00:00,
5c8bd15b-7886-4582-8101-c3d31b009212,4db5044c-b639-4c63-a200-6b810256ec2b,2000001.0,3000000.0,,,,,,,,,,2000001.0,3000000.0,,system_import,system_import,2026-07-25T06:49:55.313380+00:00,2026-07-25T06:49:55.313380+00:00,
3b0636bc-733a-458c-8c99-1965d24c6319,f15ebbe4-7cd6-4da7-990d-bc5a97a7f8e5,200000.0,200000.0,500000.0,,,,,,,,,200000.0,200000.0,,system_import,system_import,2026-07-25T06:49:55.313380+00:00,2026-07-25T06:49:55.313380+00:00,
eb331370-d6c5-49b3-a272-087415364c5f,3626ac64-31c0-4f4a-b12f-ae68a40272e5,200000.0,200000.0,118000.0,,,,,,,,,200000.0,200000.0,,system_import,system_import,2026-07-25T06:49:55.313380+00:00,2026-07-25T06:49:55.313380+00:00,
307f40e7-c29c-4e60-93d0-c374239a9a90,86f13fda-bce8-4c74-bed7-7ec7b43b2c83,200000.0,200000.0,500000.0,,,,,,,,,200000.0,200000.0,,system_import,system_import,2026-07-25T06:49:55.313380+00:00,2026-07-25T06:49:55.313380+00:00,
5334177c-0026-4394-9063-0c747a58c5c6,e9d87922-2f55-4bb0-a7dc-f7e21d846ae5,200001.0,500000.0,,,,,,,,,,200001.0,500000.0,,system_import,system_import,2026-07-25T06:49:55.313380+00:00,2026-07-25T06:49:55.313380+00:00,
f79b48b1-84bf-4d6e-955b-1b69227b07b3,2edd3979-89f3-4fad-8056-752911f949ff,200001.0,500000.0,,,,,,,,,,200001.0,500000.0,,system_import,system_import,2026-07-25T06:49:55.313380+00:00,2026-07-25T06:49:55.313380+00:00,
83ed37a1-113e-439d-bfca-558764e80c81,f0499d35-3eb0-42c9-9d81-4fe96aceba61,200000.0,200000.0,0.0,,,,,,,,,200000.0,200000.0,,system_import,system_import,2026-07-25T06:49:55.313380+00:00,2026-07-25T06:49:55.313380+00:00,
c8faff06-5d92-4eb0-99dd-dd373e49c2fc,87eab855-51fe-4f1f-94f6-4ecb185bb7fe,500001.0,1000000.0,,,,,,,,,,500001.0,1000000.0,,system_import,system_import,2026-07-25T06:49:55.313380+00:00,2026-07-25T06:49:55.313380+00:00,
e54085f6-2321-44c0-8f0e-7d4fe675f1c7,a7b0a9c0-bf04-4c3c-a459-a0f558b18474,200001.0,500000.0,100000.0,,,,,,,,,200001.0,500000.0,,system_import,system_import,2026-07-25T06:49:55.313380+00:00,2026-07-25T06:49:55.313380+00:00,
1fd5e033-702b-4e81-8b03-4f97e4d01e4b,ce6f4b8c-4d8d-4cd5-88cd-63e806b3f544,500001.0,1000000.0,,,,,,,,,,500001.0,1000000.0,,system_import,system_import,2026-07-25T06:49:55.313380+00:00,2026-07-25T06:49:55.313380+00:00,
242a0841-3760-44c3-aca8-31147aadcf97,e4620eb2-3ea2-474a-a686-c9a75c6098aa,200000.0,200000.0,,,,,,,,,,200000.0,200000.0,,system_import,system_import,2026-07-25T06:49:55.313380+00:00,2026-07-25T06:49:55.313380+00:00,
fe8180ec-fba5-4989-b21b-b37515579388,7e76f2cd-7492-4699-9c0a-689ce6e09377,200000.0,200000.0,1000000.0,,,,,,,,,50000.0,200000.0,,system_import,system_import,2026-07-25T06:49:55.313380+00:00,2026-07-25T06:49:55.313380+00:00,
4cec8fcf-ef14-4bc5-85fd-c52848a32b95,8aac81d5-8a9c-442b-b97c-ffc890166954,200001.0,500000.0,,,,,,,,,,200001.0,500000.0,,system_import,system_import,2026-07-25T06:49:55.313380+00:00,2026-07-25T06:49:55.313380+00:00,
4a1029d3-3b92-40b8-aaf7-3a85d2dcb955,f93cad1d-c4e4-40b0-b6c4-78ff0759b994,500001.0,1000000.0,,,,,,,,,,500001.0,1000000.0,,system_import,system_import,2026-07-25T06:49:55.313380+00:00,2026-07-25T06:49:55.313380+00:00,
3259026f-121c-47c5-b64a-56728d8f82e6,ab688be0-d8a6-454f-991b-83eadd7c6781,200000.0,200000.0,,,,,,,,,,200000.0,200000.0,,system_import,system_import,2026-07-25T06:49:55.313380+00:00,2026-07-25T06:49:55.313380+00:00,
1c929cc3-a231-492b-9509-634b4a37d443,f356450d-4a19-4338-89e3-698e24de4cea,200000.0,200000.0,,,,,,,,,,200000.0,200000.0,,system_import,system_import,2026-07-25T06:49:55.313380+00:00,2026-07-25T06:49:55.313380+00:00,
e2f8cc5c-5f17-46aa-9d2a-d64685ffe9d8,991d6cfa-47ec-464e-b55b-fcea2e7db727,200000.0,200000.0,,,,,,,,,,200000.0,200000.0,,system_import,system_import,2026-07-25T06:49:55.313380+00:00,2026-07-25T06:49:55.313380+00:00,
67f9b44e-ab09-4ac2-8245-6b382eb490ce,0801b9c8-bf27-44fc-81f9-1d179f206c41,200000.0,200000.0,500000.0,,,,,,,,,200000.0,200000.0,,system_import,system_import,2026-07-25T06:49:55.313380+00:00,2026-07-25T06:49:55.313380+00:00,
53278731-a9de-4802-88a2-dd8685f86396,3766f9bf-0ad7-4f60-bfba-3a618e527d31,200001.0,500000.0,,,,,,,,,,200001.0,500000.0,,system_import,system_import,2026-07-25T06:49:55.313380+00:00,2026-07-25T06:49:55.313380+00:00,
4cc6af4f-0d40-4c22-83ea-3f1254da52de,5c7f62fd-deef-4f17-9a5a-7cdc4382d649,200000.0,200000.0,,,,,,,,,,200000.0,200000.0,,system_import,system_import,2026-07-25T06:49:55.313380+00:00,2026-07-25T06:49:55.313380+00:00,
b97e3c7f-6e9c-488a-9c0e-9b5b0c4a3eb3,8d09eba2-716a-46a1-84c5-f9507610d3d9,1000001.0,1500000.0,,,,,,,,,,1000001.0,1500000.0,,system_import,system_import,2026-07-25T06:49:55.313380+00:00,2026-07-25T06:49:55.313380+00:00,
df81cb7a-8937-4e82-af55-b0c2e2567b55,69f64fb5-639b-43a5-87f8-62afe4a0d9b1,200000.0,200000.0,,,,,,,,,,200000.0,200000.0,,system_import,system_import,2026-07-25T06:49:55.313380+00:00,2026-07-25T06:49:55.313380+00:00,
783074af-5b37-4adb-80d3-fc4664bdec92,b84186d1-328c-4d66-b506-1baf0e598785,200001.0,500000.0,,,,,,,,,,200001.0,500000.0,,system_import,system_import,2026-07-25T06:49:55.313380+00:00,2026-07-25T06:49:55.313380+00:00,
fa921c9d-4052-4ca4-9c12-b2b966618038,86451848-fe1e-4c26-b7ae-26c9e4e33d22,3000001.0,5000000.0,3.0,,,,,,,,,3000001.0,5000000.0,,system_import,system_import,2026-07-25T06:49:55.313380+00:00,2026-07-25T06:49:55.313380+00:00,
faf8b786-b5a7-47ff-a28d-073c078691d3,d3a40d1f-99c1-419d-95b4-ccd871170412,200000.0,200000.0,0.0,,,,,,,,,200000.0,200000.0,,system_import,system_import,2026-07-25T06:49:55.313380+00:00,2026-07-25T06:49:55.313380+00:00,
3b9be5e3-1c55-46a4-95c9-f47133417932,5aed7f0e-bc2b-464f-bcdb-9202e34a35a6,500001.0,1000000.0,,,,,,,,,,500001.0,1000000.0,,system_import,system_import,2026-07-25T06:49:55.313380+00:00,2026-07-25T06:49:55.313380+00:00,
761e6cd9-81c3-4235-9003-c9f52ab81f24,1b223c6e-4821-46da-94be-aa7bbf6edcc7,200001.0,500000.0,300000.0,,,,,,,,,200001.0,500000.0,,system_import,system_import,2026-07-25T06:49:55.313380+00:00,2026-07-25T06:49:55.313380+00:00,
f6611ad0-1095-474c-812b-3d0c466f41a8,429e1778-8af4-44f4-8e44-17c7eb005c5d,200000.0,200000.0,,,,,,,,,,10000.0,50000.0,,system_import,system_import,2026-07-25T06:49:55.313380+00:00,2026-07-25T06:49:55.313380+00:00,
082b7a31-995a-4e03-8257-cc38e81f8411,32c422a7-8edb-4923-a299-b8278af45568,1500001.0,2000000.0,,,,,,,,,,1500001.0,2000000.0,,system_import,system_import,2026-07-25T06:49:55.313380+00:00,2026-07-25T06:49:55.313380+00:00,
526f2172-89b3-43a9-a89e-af7e0930646b,aef3254e-4127-4300-8162-8a1de1096bf4,200000.0,200000.0,,,,,,,,,,200000.0,200000.0,,system_import,system_import,2026-07-25T06:49:55.313380+00:00,2026-07-25T06:49:55.313380+00:00,
b505cdff-1158-4e1e-82a2-075c298324e5,db9159a0-2fcc-4086-a13d-ecf69723a0c8,200000.0,200000.0,200000.0,,,,,,,,,200000.0,200000.0,,system_import,system_import,2026-07-25T06:49:55.313380+00:00,2026-07-25T06:49:55.313380+00:00,
ccedab4a-efa5-4324-8298-8d92d2f7b052,95885cdb-b4fa-47f3-8266-12aaa09ac29a,1165.0,1165.0,,,,,,,,,,,,,system_import,system_import,2026-07-25T06:49:55.313380+00:00,2026-07-25T06:49:55.313380+00:00,
d4835e86-740e-4f26-b477-69f35e175db0,18638b91-e23a-4e18-92bf-e95ffe611f92,500001.0,1000000.0,,,,,,,,,,500001.0,1000000.0,,system_import,system_import,2026-07-25T06:49:55.313380+00:00,2026-07-25T06:49:55.313380+00:00,
d91414dc-0afc-4d45-8160-94b494b4c624,f7d13777-81d9-49e2-8896-3eb5474c2af8,200000.0,200000.0,,,,,,,,,,200000.0,200000.0,,system_import,system_import,2026-07-25T06:49:55.313380+00:00,2026-07-25T06:49:55.313380+00:00,
2b884098-39f1-4449-a4e1-3d6e62c2b4f8,4e163d69-ad4b-43f2-bb7b-7cfba7fb8f54,200000.0,200000.0,,,,,,,,,,200000.0,200000.0,,system_import,system_import,2026-07-25T06:49:55.313380+00:00,2026-07-25T06:49:55.313380+00:00,
e92ac419-d622-489a-911e-ede34707ab8c,3504b440-dbd5-4c4d-bc43-1af57a895794,200001.0,500000.0,,,,,,,,,,200001.0,500000.0,,system_import,system_import,2026-07-25T06:49:55.313380+00:00,2026-07-25T06:49:55.313380+00:00,
4eb37fe4-4765-423a-be13-aa07b1a889c1,b956bcc7-6611-45c1-b888-94a3c6dd3f2c,200001.0,500000.0,500000.0,,,,,,,,,200001.0,500000.0,,system_import,system_import,2026-07-25T06:49:55.313380+00:00,2026-07-25T06:49:55.313380+00:00,
47f4ad49-0704-42b8-9373-2da2074cff10,9aaca9eb-9751-4784-a0c5-cf80ad226561,200001.0,500000.0,350000.0,,,,,,,,,200001.0,500000.0,,system_import,system_import,2026-07-25T06:49:55.313380+00:00,2026-07-25T06:49:55.313380+00:00,
c8092fc1-8a24-4a51-947e-101bc659dc52,0fb4d597-85d7-4503-bf26-f0f19406c6de,200001.0,500000.0,,,,,,,,,,200001.0,500000.0,,system_import,system_import,2026-07-25T06:49:55.313380+00:00,2026-07-25T06:49:55.313380+00:00,
2975e6e7-8160-4db7-9972-4b3a36feb726,4be0c400-6a09-4df6-ae35-ee5c1f3ce96d,5000001.0,1.0,1.0,,,,,,,,,5000001.0,1.0,,system_import,system_import,2026-07-25T06:49:55.313380+00:00,2026-07-25T06:49:55.313380+00:00,
d73a9e3b-f286-4826-ba07-c4b0bd38810a,10b856a4-e7cc-45dd-9a97-2d25f73a9419,200001.0,500000.0,500000.0,,,,,,,,,200001.0,500000.0,,system_import,system_import,2026-07-25T06:49:55.313380+00:00,2026-07-25T06:49:55.313380+00:00,
2972f37d-85a3-451a-a837-4b3e6a1f85aa,1814bc68-d4ce-433f-99d8-fe0610ec5bc7,1000001.0,1500000.0,,,,,,,,,,1000001.0,1500000.0,,system_import,system_import,2026-07-25T06:49:55.313380+00:00,2026-07-25T06:49:55.313380+00:00,
c190e5b7-22a2-408a-bfd6-f63b5632d8a9,c21b61c0-93a2-463e-9a18-e0f999a03e23,3000001.0,5000000.0,,,,,,,,,,3000001.0,5000000.0,,system_import,system_import,2026-07-25T06:49:55.313380+00:00,2026-07-25T06:49:55.313380+00:00,
d9b66beb-8704-4d92-895c-5812973197d1,6e797750-8ce3-4120-b9b6-97f7a8888a1b,200000.0,200000.0,0.0,,,,,,,,,200000.0,200000.0,,system_import,system_import,2026-07-25T06:49:55.313380+00:00,2026-07-25T06:49:55.313380+00:00,
d3ecf335-6432-461b-9648-944b11e16443,d802ca65-9975-430e-b247-160c1a5a0d74,500001.0,1000000.0,5.0,,,,,,,,,500001.0,1000000.0,,system_import,system_import,2026-07-25T06:49:55.313380+00:00,2026-07-25T06:49:55.313380+00:00,
2db3c77b-f536-42a5-9f43-db3416872aa4,199d3da3-fe40-403b-b553-6cade504dbf9,1000001.0,1500000.0,200000.0,,,,,,,,,1000001.0,1500000.0,,system_import,system_import,2026-07-25T06:49:55.313380+00:00,2026-07-25T06:49:55.313380+00:00,
acc2fdce-24d9-4e70-84ce-bbe0a1aebd47,4743e536-a2bd-41a7-aea4-0a8be33930c9,2000001.0,3000000.0,,,,,,,,,,2000001.0,3000000.0,,system_import,system_import,2026-07-25T06:49:55.313380+00:00,2026-07-25T06:49:55.313380+00:00,
d4377d4b-5948-417a-ab55-44300f101979,796ffa3a-0942-49c7-a1f0-5304eb1a3a6f,2094.0,2094.0,,,,,,,,,,,,,system_import,system_import,2026-07-25T06:49:55.313380+00:00,2026-07-25T06:49:55.313380+00:00,
4c1693e7-50cd-4d37-892f-089f83990ead,449365f7-60ca-4a18-a0ed-44602763042f,200000.0,200000.0,,,,,,,,,,200000.0,200000.0,,system_import,system_import,2026-07-25T06:49:55.313380+00:00,2026-07-25T06:49:55.313380+00:00,
456f5da5-98b9-4153-baa5-1e39988e42f3,3fcd5a57-b095-46e3-8409-b17e9d938be3,1000001.0,1500000.0,,,,,,,,,,1000001.0,1500000.0,,system_import,system_import,2026-07-25T06:49:55.313380+00:00,2026-07-25T06:49:55.313380+00:00,
ae53ced8-4bfc-4b5e-96cf-1ee0a34530a4,baa6c5c1-4803-444c-83aa-4c28fb562a16,200001.0,500000.0,,,,,,,,,,200001.0,500000.0,,system_import,system_import,2026-07-25T06:49:55.313380+00:00,2026-07-25T06:49:55.313380+00:00,
4d92bc35-2bca-4399-a24b-4b60564d5d52,98f25a3a-1765-4758-93cb-7ce602e7b859,200000.0,200000.0,,,,,,,,,,200000.0,200000.0,,system_import,system_import,2026-07-25T06:49:55.313380+00:00,2026-07-25T06:49:55.313380+00:00,
7d0ce7a4-57b3-4fd8-a551-86d72ce287e6,9fca27eb-ad18-42a0-9aca-1947637fd3fb,500001.0,1000000.0,,,,,,,,,,500001.0,1000000.0,,system_import,system_import,2026-07-25T06:49:55.313380+00:00,2026-07-25T06:49:55.313380+00:00,
8e47ea1c-b524-4e31-97ab-886848a361cc,51b06192-bc6b-4e7d-a903-e8f77a37a1d0,200000.0,200000.0,,,,,,,,,,,,,system_import,system_import,2026-07-25T06:49:55.313380+00:00,2026-07-25T06:49:55.313380+00:00,
ec2d0506-0a80-418b-8ca7-637c8647c01a,839537b0-2451-4557-abc5-6c02c6e0542f,200000.0,200000.0,,,,,,,,,,200000.0,200000.0,,system_import,system_import,2026-07-25T06:49:55.313380+00:00,2026-07-25T06:49:55.313380+00:00,
b119f985-c5b1-4910-8114-a366f917d19e,40de0c32-bb1e-4b08-aad0-b6df78824334,200000.0,200000.0,,,,,,,,,,200000.0,200000.0,,system_import,system_import,2026-07-25T06:49:55.313380+00:00,2026-07-25T06:49:55.313380+00:00,
b34fe9f5-55f4-451e-b47a-d53fd7ff5460,fd855219-8a86-40b6-a736-bc816bf18741,1500001.0,2000000.0,500000.0,,,,,,,,,1500001.0,2000000.0,,system_import,system_import,2026-07-25T06:49:55.313380+00:00,2026-07-25T06:49:55.313380+00:00,
2b6b3bbc-ba07-4713-92bd-cfa5d5aef712,30b294d9-0c7e-49a2-b552-b5e0d994cd61,585.0,585.0,,,,,,,,,,,,,system_import,system_import,2026-07-25T06:49:55.313380+00:00,2026-07-25T06:49:55.313380+00:00,
67f3a12f-3fa3-41b0-a018-a24e1c440f33,e2985eb4-47e2-4b12-8486-ba9ed3e157e4,500001.0,1000000.0,,,,,,,,,,500001.0,1000000.0,,system_import,system_import,2026-07-25T06:49:55.313380+00:00,2026-07-25T06:49:55.313380+00:00,
14c56eda-c813-4721-8a81-5d5ce8963c22,7ae79917-6e9c-4dbf-83fb-4aa06b90af67,200000.0,200000.0,0.0,,,,,,,,,200000.0,200000.0,,system_import,system_import,2026-07-25T06:49:55.313380+00:00,2026-07-25T06:49:55.313380+00:00,
8dd8d400-0289-4af7-8de7-7cf3c5988e4b,ed9beb3d-8795-436e-b611-4ac13adbe410,200000.0,200000.0,,,,,,,,,,200000.0,200000.0,,system_import,system_import,2026-07-25T06:49:55.313380+00:00,2026-07-25T06:49:55.313380+00:00,
2d258a6e-facf-4464-a67a-224a19ce7102,0eba111a-7516-415d-9ee9-3e926c55eb2c,9000000.0,9000000.0,,,,,,,,,,5000001.0,1.0,,system_import,system_import,2026-07-25T06:49:55.313380+00:00,2026-07-25T06:49:55.313380+00:00,
112d7a4b-1480-40ce-bcf3-e8abe9df59a3,378d2066-2400-4b03-b17c-50d6656abba9,2000001.0,3000000.0,,,,,,,,,,2000001.0,3000000.0,,system_import,system_import,2026-07-25T06:49:55.313380+00:00,2026-07-25T06:49:55.313380+00:00,
1706a4a6-9501-4fab-818f-c281242d92cb,0b6fb438-bc30-4988-a6da-f5d155d98c00,1000001.0,1500000.0,,,,,,,,,,1000001.0,1500000.0,,system_import,system_import,2026-07-25T06:49:55.313380+00:00,2026-07-25T06:49:55.313380+00:00,
4d7f52aa-ec8f-4798-a04a-3320fa81bbf1,8b8f714c-5b84-4aea-bc7a-39986f4eafbf,2000001.0,3000000.0,,,,,,,,,,2000001.0,3000000.0,,system_import,system_import,2026-07-25T06:49:55.313380+00:00,2026-07-25T06:49:55.313380+00:00,
e9d10879-97ec-47c3-be70-d7adcd304cf3,d76ccc59-672d-4ab4-ab02-d28432748f21,200001.0,500000.0,900000.0,,,,,,,,,200001.0,500000.0,,system_import,system_import,2026-07-25T06:49:55.313380+00:00,2026-07-25T06:49:55.313380+00:00,
025e3863-b3bf-4e5b-b16a-10e997f78a1d,9950286e-f3af-4d3e-8e52-fba5a7813dd5,200000.0,200000.0,,,,,,,,,,200000.0,200000.0,,system_import,system_import,2026-07-25T06:49:55.313380+00:00,2026-07-25T06:49:55.313380+00:00,
295388bf-7f27-4f9c-8350-1391fd060e87,22a9ea8d-7b77-4bcf-81ab-cecf41b8d5b8,3000001.0,5000000.0,,,,,,,,,,3000001.0,5000000.0,,system_import,system_import,2026-07-25T06:49:55.313380+00:00,2026-07-25T06:49:55.313380+00:00,
6ad16925-43cf-473c-9e4c-aa8399845303,b90c3abe-6b9c-467d-aef1-4de96e2d0fcf,1000001.0,1500000.0,3500000.0,,,,,,,,,1000001.0,1500000.0,,system_import,system_import,2026-07-25T06:49:55.313380+00:00,2026-07-25T06:49:55.313380+00:00,
6ddc06a5-3503-4700-bfd3-9cfff287c8ab,897593f3-a019-4e8c-9b80-c9fecbcda36d,200001.0,500000.0,,,,,,,,,,200001.0,500000.0,,system_import,system_import,2026-07-25T06:49:55.313380+00:00,2026-07-25T06:49:55.313380+00:00,
686c7c2f-3936-45ee-b2af-78348dc27da4,ab3de417-7277-4336-82a8-a913e4d2e53a,200001.0,500000.0,,,,,,,,,,200001.0,500000.0,,system_import,system_import,2026-07-25T06:49:55.313380+00:00,2026-07-25T06:49:55.313380+00:00,
c21e36f7-62af-4dda-9152-96d554460747,b0d3474a-d2b8-4d66-9838-e5270ea7cf2d,500001.0,1000000.0,7.0,,,,,,,,,500001.0,1000000.0,,system_import,system_import,2026-07-25T06:49:55.313380+00:00,2026-07-25T06:49:55.313380+00:00,
d8a2c36b-7118-4382-b918-02cd4157c0f6,6a2163e0-52d6-4dda-8ce1-466dd42c8c0f,5000001.0,1.0,,,,,,,,,,5000001.0,1.0,,system_import,system_import,2026-07-25T06:49:55.313380+00:00,2026-07-25T06:49:55.313380+00:00,
084631f8-82d5-400d-b5b9-ad88568621cb,d38fc1bc-a5ee-4df9-824c-351bae351188,500001.0,1000000.0,,,,,,,,,,500001.0,1000000.0,,system_import,system_import,2026-07-25T06:49:55.313380+00:00,2026-07-25T06:49:55.313380+00:00,
113d3307-e511-4e53-be1b-8527f599e5c5,c27de654-a6b0-4a04-a3eb-17b5741a4f1f,500001.0,1000000.0,,,,,,,,,,500001.0,1000000.0,,system_import,system_import,2026-07-25T06:49:55.313380+00:00,2026-07-25T06:49:55.313380+00:00,
f851c897-9003-4142-9c74-6cf72fa6b437,a5701137-11f7-476e-b8de-b7b466712aa6,3000001.0,5000000.0,,,,,,,,,,3000001.0,5000000.0,,system_import,system_import,2026-07-25T06:49:55.313380+00:00,2026-07-25T06:49:55.313380+00:00,
a262fffb-c0cd-4c93-875c-f72538e21183,79df5d72-08e4-40eb-a13f-0a0ac90518ef,1000001.0,1500000.0,,,,,,,,,,1000001.0,1500000.0,,system_import,system_import,2026-07-25T06:49:55.313380+00:00,2026-07-25T06:49:55.313380+00:00,
d95dc9a2-9885-49c0-97a9-06f86a992a36,6fc2d098-1b18-487d-b4b6-66d9fa14a4b8,2000001.0,3000000.0,6.0,,,,,,,,,2000001.0,3000000.0,,system_import,system_import,2026-07-25T06:49:55.313380+00:00,2026-07-25T06:49:55.313380+00:00,
48f8c19b-5ee5-4483-aab7-f850520d7579,a6363084-0a36-4c3c-9dec-cdb344cc69f2,3000001.0,5000000.0,600000.0,,,,,,,,,3000001.0,5000000.0,,system_import,system_import,2026-07-25T06:49:55.313380+00:00,2026-07-25T06:49:55.313380+00:00,
8984f332-8ac0-4535-9ef2-3c64208e3852,a6a2dbe9-f284-482c-ab85-185663a87bf9,500001.0,1000000.0,4.0,,,,,,,,,500001.0,1000000.0,,system_import,system_import,2026-07-25T06:49:55.313380+00:00,2026-07-25T06:49:55.313380+00:00,
d766c7f0-8a5b-4cfc-acbe-d10fff429e2a,801e31fa-dc5c-4496-9978-d2936693953f,200001.0,500000.0,500000.0,,,,,,,,,200001.0,500000.0,,system_import,system_import,2026-07-25T06:49:55.313380+00:00,2026-07-25T06:49:55.313380+00:00,
f5e9e974-f5d5-4178-b69e-9ef82f4da620,8c3f0efe-7d97-4f08-bad7-914ae76312b9,500001.0,1000000.0,,,,,,,,,,500001.0,1000000.0,,system_import,system_import,2026-07-25T06:49:55.313380+00:00,2026-07-25T06:49:55.313380+00:00,
4707ea30-98ec-457c-b6be-cf5ec23306dd,8e4a7451-6cdb-429d-9468-15e2102dbf98,200001.0,500000.0,,,,,,,,,,200001.0,500000.0,,system_import,system_import,2026-07-25T06:49:55.313380+00:00,2026-07-25T06:49:55.313380+00:00,
f6c98bf3-aa31-4c55-b6a1-355251809bc4,433201a5-312c-4a4c-aac9-b709abf30ba3,500001.0,1000000.0,,,,,,,,,,500001.0,1000000.0,,system_import,system_import,2026-07-25T06:49:55.313380+00:00,2026-07-25T06:49:55.313380+00:00,
83b52be6-424c-4a0a-a571-5c384caedb43,2f4f41f9-a4c8-4515-9016-8c62ca0e2b07,3000001.0,5000000.0,,,,,,,,,,3000001.0,5000000.0,,system_import,system_import,2026-07-25T06:49:55.313380+00:00,2026-07-25T06:49:55.313380+00:00,
92a65585-3076-4d76-bdff-ba2bd2f1e0d4,027cb7ae-ee57-4701-81c9-93103e494879,200001.0,500000.0,100000.0,,,,,,,,,200001.0,500000.0,,system_import,system_import,2026-07-25T06:49:55.313380+00:00,2026-07-25T06:49:55.313380+00:00,
92d48b4d-6d2a-4812-9907-64e97ccfa7d2,e09e2ac4-445a-42ff-83a6-f0ebcf39154f,200001.0,500000.0,,,,,,,,,,200001.0,500000.0,,system_import,system_import,2026-07-25T06:49:55.313380+00:00,2026-07-25T06:49:55.313380+00:00,
4e0fc800-6daa-4bb1-9d02-063a621cca86,fe6df344-4852-46fa-950c-0787bbff2b2c,1000001.0,1500000.0,,,,,,,,,,1000001.0,1500000.0,,system_import,system_import,2026-07-25T06:49:55.313380+00:00,2026-07-25T06:49:55.313380+00:00,
d725fdc3-d19e-44fc-b940-3d86283a7d90,1c33259d-4325-4cc0-a2fe-811cbbb60108,1000001.0,1500000.0,,,,,,,,,,1000001.0,1500000.0,,system_import,system_import,2026-07-25T06:49:55.313380+00:00,2026-07-25T06:49:55.313380+00:00,
c525031e-8510-4728-82c8-4dbf7a4bfc86,251450c0-ac17-4ec7-8a17-0323e2720857,2000001.0,3000000.0,,,,,,,,,,2000001.0,3000000.0,,system_import,system_import,2026-07-25T06:49:55.313380+00:00,2026-07-25T06:49:55.313380+00:00,
b44401b6-2ca1-4c1f-b5dd-052e97f07a1c,48189e71-7192-429f-a52f-33bfa4a349b6,500001.0,1000000.0,,,,,,,,,,500001.0,1000000.0,,system_import,system_import,2026-07-25T06:49:55.313380+00:00,2026-07-25T06:49:55.313380+00:00,
095b3aca-96ef-4a14-b353-299399bc587b,889be93b-b809-4f8e-8c02-886ad2e3dba3,200001.0,500000.0,,,,,,,,,,200001.0,500000.0,,system_import,system_import,2026-07-25T06:49:55.313380+00:00,2026-07-25T06:49:55.313380+00:00,
1b53e899-f573-4263-8b46-8c7508ccf4f9,03471643-61f6-4214-bf4d-e7b6e2a07f6e,500001.0,1000000.0,200000.0,,,,,,,,,500001.0,1000000.0,,system_import,system_import,2026-07-25T06:49:55.313380+00:00,2026-07-25T06:49:55.313380+00:00,
1eb6b37a-53e3-4b57-b499-e119762b281a,efec3ae7-4db6-449c-9593-14abd4324858,1500001.0,2000000.0,,,,,,,,,,1500001.0,2000000.0,,system_import,system_import,2026-07-25T06:49:55.313380+00:00,2026-07-25T06:49:55.313380+00:00,
f0b7d24f-0cf9-4354-82e5-9d5e7193e337,7ff6f1aa-343e-4c96-85bc-3ab53747c4f8,1000001.0,1500000.0,,,,,,,,,,1000001.0,1500000.0,,system_import,system_import,2026-07-25T06:49:55.313380+00:00,2026-07-25T06:49:55.313380+00:00,
318f8b56-b674-4969-80d6-9ceccf51789b,8604a396-4bb4-4e72-bb7a-c13ca9c6229d,200000.0,200000.0,,,,,,,,,,200000.0,200000.0,,system_import,system_import,2026-07-25T06:49:55.313380+00:00,2026-07-25T06:49:55.313380+00:00,
6fd2797a-a243-43ff-8d86-32e178332c5a,ef293374-a355-42a0-8336-f54662008799,200000.0,200000.0,,,,,,,,,,200000.0,200000.0,,system_import,system_import,2026-07-25T06:49:55.313380+00:00,2026-07-25T06:49:55.313380+00:00,
de33427a-2bbf-41d4-8b7c-c575b4d9c880,93802ce6-affb-4640-90af-6723a90c0622,200001.0,500000.0,,,,,,,,,,200001.0,500000.0,,system_import,system_import,2026-07-25T06:49:55.313380+00:00,2026-07-25T06:49:55.313380+00:00,
d36a97a0-e1b7-4348-a918-8aa185ce4d74,c62e78f9-923f-46ec-829a-5ffa1ffc6bcb,200000.0,200000.0,,,,,,,,,,200000.0,200000.0,,system_import,system_import,2026-07-25T06:49:55.313380+00:00,2026-07-25T06:49:55.313380+00:00,
ee76e946-15d8-477d-9ec8-13742ea4744e,4f487d26-f776-4b25-b7a2-95719fad9712,500001.0,1000000.0,,,,,,,,,,500001.0,1000000.0,,system_import,system_import,2026-07-25T06:49:55.313380+00:00,2026-07-25T06:49:55.313380+00:00,
d2461c4b-fdef-4a39-98f4-a5799b50ef16,76ff4fce-20ff-4879-8833-da697d63c417,200001.0,500000.0,,,,,,,,,,200001.0,500000.0,,system_import,system_import,2026-07-25T06:49:55.313380+00:00,2026-07-25T06:49:55.313380+00:00,
5bdbc541-0f7a-4f91-83be-b99d1c5d3b3b,2ac579ac-df3e-4cdb-aee2-7af8ac27eb17,200000.0,200000.0,,,,,,,,,,200000.0,200000.0,,system_import,system_import,2026-07-25T06:49:55.313380+00:00,2026-07-25T06:49:55.313380+00:00,
25e923ec-c75b-42d0-ad01-3396ed65e623,e8341a1c-10ac-49a6-8653-bd97d383534b,2000001.0,3000000.0,,,,,,,,,,2000001.0,3000000.0,,system_import,system_import,2026-07-25T06:49:55.313380+00:00,2026-07-25T06:49:55.313380+00:00,
e736368f-fc98-40af-823d-c4c5c20db919,7a446b54-088b-4f59-9802-08867c6889ed,200000.0,200000.0,,,,,,,,,,200000.0,200000.0,,system_import,system_import,2026-07-25T06:49:55.313380+00:00,2026-07-25T06:49:55.313380+00:00,
83171eea-ad1a-4bee-896e-a8029482b03a,5a2da925-ef5b-42b5-bd6e-ad00399775ce,5000001.0,1.0,,,,,,,,,,5000001.0,1.0,,system_import,system_import,2026-07-25T06:49:55.313380+00:00,2026-07-25T06:49:55.313380+00:00,
5b6d8838-e67d-451d-83c0-c7fae26d919b,da9cf305-f2cd-45cc-a0f5-254cde7ff2c2,3000001.0,5000000.0,,,,,,,,,,3000001.0,5000000.0,,system_import,system_import,2026-07-25T06:49:55.313380+00:00,2026-07-25T06:49:55.313380+00:00,
9268c0a1-a2de-415a-9d00-af48274f6601,f203be9f-53a5-4bb8-9443-4406214af78c,1000001.0,1500000.0,,,,,,,,,,1000001.0,1500000.0,,system_import,system_import,2026-07-25T06:49:55.313380+00:00,2026-07-25T06:49:55.313380+00:00,
af68fef4-ff7f-4d0e-9a49-ba24c7b07e4e,40a6333a-1bc5-423a-a6ce-4bc54311209d,500001.0,1000000.0,500000.0,,,,,,,,,500001.0,1000000.0,,system_import,system_import,2026-07-25T06:49:55.313380+00:00,2026-07-25T06:49:55.313380+00:00,
5c7ac36f-4e4d-484f-8cf4-7d712be1485c,68202a81-acea-40a4-acdf-d9cdcb989d51,500001.0,1000000.0,,,,,,,,,,500001.0,1000000.0,,system_import,system_import,2026-07-25T06:49:55.313380+00:00,2026-07-25T06:49:55.313380+00:00,
7adedb97-2369-4ee8-b9cd-522bbbdff605,a2867912-bb65-4a2c-b3a5-b77e1bafb980,500001.0,1000000.0,250000.0,,,,,,,,,500001.0,1000000.0,,system_import,system_import,2026-07-25T06:49:55.313380+00:00,2026-07-25T06:49:55.313380+00:00,
79b33e92-61c2-4420-b675-41f50faf901e,915d15e6-5b5c-4be3-a02d-976227a52d29,2000001.0,3000000.0,200000.0,,,,,,,,,2000001.0,3000000.0,,system_import,system_import,2026-07-25T06:49:55.313380+00:00,2026-07-25T06:49:55.313380+00:00,
8dda7f9a-b16f-4063-90aa-dad26236e3e3,aca95d04-6bcf-4efe-b652-b86b6bf970ee,500001.0,1000000.0,,,,,,,,,,500001.0,1000000.0,,system_import,system_import,2026-07-25T06:49:55.313380+00:00,2026-07-25T06:49:55.313380+00:00,
3f4666f0-b39e-4fc6-930e-61f7846064b3,b3b4e0a2-7a57-460f-a23b-424f662f308e,200001.0,500000.0,,,,,,,,,,200001.0,500000.0,,system_import,system_import,2026-07-25T06:49:55.313380+00:00,2026-07-25T06:49:55.313380+00:00,
c8cab5ad-9902-4af1-9dd2-924c8f0f8898,ae1b18ea-bfed-4bbc-abaa-b6d064117cdc,2000001.0,3000000.0,30.0,,,,,,,,,2000001.0,3000000.0,,system_import,system_import,2026-07-25T06:49:55.313380+00:00,2026-07-25T06:49:55.313380+00:00,
b7b5774a-e66b-457f-b149-3a11a99cba3c,d2d1e952-0443-48d8-86d4-cf8c034da838,5000001.0,1.0,5000000.0,,,,,,,,,5000001.0,1.0,,system_import,system_import,2026-07-25T06:49:55.313380+00:00,2026-07-25T06:49:55.313380+00:00,
a8d0c554-d18f-4f0b-be5e-b202a0ee69e5,63b20322-bad7-4974-ae69-249cad609e2a,2000001.0,3000000.0,,,,,,,,,,2000001.0,3000000.0,,system_import,system_import,2026-07-25T06:49:55.313380+00:00,2026-07-25T06:49:55.313380+00:00,
70de3361-2a1a-4110-9312-4b6d9cca115c,8b377d9e-290c-45fd-9ecf-88fb2d28c54c,200000.0,200000.0,,,,,,,,,,200000.0,200000.0,,system_import,system_import,2026-07-25T06:49:55.313380+00:00,2026-07-25T06:49:55.313380+00:00,
2de0d38a-21fb-4e60-8d59-8ebe8cc9c61a,835838b2-c618-494a-b1e4-79d2f43d9886,1500001.0,2000000.0,,,,,,,,,,1500001.0,2000000.0,,system_import,system_import,2026-07-25T06:49:55.313380+00:00,2026-07-25T06:49:55.313380+00:00,
11e571e6-9255-4e78-beb1-42fe08fa7492,0714ca9c-ada1-44c2-a78f-855d0b8c2f90,1500001.0,2000000.0,3.0,,,,,,,,,1500001.0,2000000.0,,system_import,system_import,2026-07-25T06:49:55.313380+00:00,2026-07-25T06:49:55.313380+00:00,
91f11c49-4df7-49b6-b001-31ef2d42c547,02ff6876-ba86-4259-a328-017dcc910e98,500001.0,1000000.0,,,,,,,,,,500001.0,1000000.0,,system_import,system_import,2026-07-25T06:49:55.313380+00:00,2026-07-25T06:49:55.313380+00:00,
7f36d09a-8788-430f-a4e5-6076b905c83c,76976be4-8736-4f74-bada-2ce3781012e1,1500001.0,2000000.0,3.0,,,,,,,,,1500001.0,2000000.0,,system_import,system_import,2026-07-25T06:49:55.313380+00:00,2026-07-25T06:49:55.313380+00:00,
699549e7-debc-4d29-a7f4-6d6887b6e8e1,af3d8334-4605-4c36-81bf-d092fa0bda39,1.0,1.0,,,,,,,,,,1.0,1.0,,system_import,system_import,2026-07-25T06:49:55.313380+00:00,2026-07-25T06:49:55.313380+00:00,
68080652-12f9-4e83-b8a6-8bb4322298ed,2295e6b3-e272-4b10-ab32-3bc56cfb4856,200000.0,200000.0,,,,,,,,,,200000.0,200000.0,,system_import,system_import,2026-07-25T06:49:55.313380+00:00,2026-07-25T06:49:55.313380+00:00,
40f8c86d-5cc7-4f36-a418-dc4706a7e155,2d4ce6f0-71b5-42c0-b219-4a3ed2abc3c8,500001.0,1000000.0,,,,,,,,,,500001.0,1000000.0,,system_import,system_import,2026-07-25T06:49:55.313380+00:00,2026-07-25T06:49:55.313380+00:00,
c4f4bc8e-869b-46e1-93f9-59ace3ac1917,b8c41fbe-79f4-4ee0-8f7a-e0c3cbf56ede,1000001.0,1500000.0,,,,,,,,,,1000001.0,1500000.0,,system_import,system_import,2026-07-25T06:49:55.313380+00:00,2026-07-25T06:49:55.313380+00:00,
78beaec7-358c-413e-a360-1a161f4953dc,d3afbfcc-8ac5-4b70-9545-0ea0697ff330,200001.0,500000.0,,,,,,,,,,200001.0,500000.0,,system_import,system_import,2026-07-25T06:49:55.313380+00:00,2026-07-25T06:49:55.313380+00:00,
296b338c-08a8-496c-adc1-528ced6b0668,a45ef381-7e36-4a03-b8e1-b46756b38c39,200001.0,500000.0,200000.0,,,,,,,,,200001.0,500000.0,,system_import,system_import,2026-07-25T06:49:55.313380+00:00,2026-07-25T06:49:55.313380+00:00,
5d9311ae-fb60-4ed4-86b5-2217d53be459,094b303e-3a6b-446a-818d-014115094e49,500001.0,1000000.0,500000.0,,,,,,,,,500001.0,1000000.0,,system_import,system_import,2026-07-25T06:49:55.313380+00:00,2026-07-25T06:49:55.313380+00:00,
74bb9c87-beea-44a4-8cc9-0d57d21d16ba,0357e3d8-dada-4f65-91e3-d89414629efd,200000.0,200000.0,50000.0,,,,,,,,,100000.0,200000.0,,system_import,system_import,2026-07-25T06:49:55.313380+00:00,2026-07-25T06:49:55.313380+00:00,
3d0621a7-9fa0-43e7-a3de-e839d00d716d,071b61b9-b21d-4b0d-959d-212d51e4f41d,1734.0,1734.0,,,,,,,,,,,,,system_import,system_import,2026-07-25T06:49:55.313380+00:00,2026-07-25T06:49:55.313380+00:00,
d045e877-a43c-42e0-9e79-1bc61f8129bc,7ff827a0-5161-4578-9c65-ad5b0b111d9a,500001.0,1000000.0,300000.0,,,,,,,,,500001.0,1000000.0,,system_import,system_import,2026-07-25T06:49:55.313380+00:00,2026-07-25T06:49:55.313380+00:00,
e17d953f-f3b4-42b5-97d9-88ab08060e16,7890ab3e-2658-43f8-b1a0-4242862bbe9c,200001.0,500000.0,1000000.0,,,,,,,,,200001.0,500000.0,,system_import,system_import,2026-07-25T06:49:55.313380+00:00,2026-07-25T06:49:55.313380+00:00,
c9ba4106-3fed-4ed1-9459-e662a3eeb6ab,0bace25e-001d-4081-9673-5bd4c7679e8f,500001.0,1000000.0,,,,,,,,,,500001.0,1000000.0,,system_import,system_import,2026-07-25T06:49:55.313380+00:00,2026-07-25T06:49:55.313380+00:00,
fd98e3b1-e364-4714-ab93-5248f8cad48e,f8f91bc0-1bfe-433d-880c-0883b7e81ed4,500001.0,1000000.0,,,,,,,,,,500001.0,1000000.0,,system_import,system_import,2026-07-25T06:49:55.313380+00:00,2026-07-25T06:49:55.313380+00:00,
f72b58e0-b5d0-4cd9-b92d-2e98e69397c0,0dc82b65-e227-43bd-ac86-56be00b6dad5,200000.0,200000.0,,,,,,,,,,200000.0,200000.0,,system_import,system_import,2026-07-25T06:49:55.313380+00:00,2026-07-25T06:49:55.313380+00:00,
6acd1ea2-38cf-4ac6-9211-928576850566,a189590e-dcb9-4bb2-8c7d-f1fc83e91562,1000001.0,1500000.0,,,,,,,,,,1000001.0,1500000.0,,system_import,system_import,2026-07-25T06:49:55.313380+00:00,2026-07-25T06:49:55.313380+00:00,
47bf3381-8464-4436-9752-82a4b892c0ce,2a95d8e6-4a60-470e-8eab-98e47f33fa44,200000.0,200000.0,,,,,,,,,,200000.0,200000.0,,system_import,system_import,2026-07-25T06:49:55.313380+00:00,2026-07-25T06:49:55.313380+00:00,
d097dba3-6c2a-47c1-baa5-87cbb058495f,1b894bda-4a6e-4d82-b5ec-0a58e96e397f,200001.0,500000.0,,,,,,,,,,200001.0,500000.0,,system_import,system_import,2026-07-25T06:49:55.313380+00:00,2026-07-25T06:49:55.313380+00:00,
9b622edf-6c4e-4cea-a110-3b50df4f58f0,ffef39a9-aab0-430e-b507-165675e04eae,200001.0,500000.0,,,,,,,,,,200001.0,500000.0,,system_import,system_import,2026-07-25T06:49:55.313380+00:00,2026-07-25T06:49:55.313380+00:00,
940f7368-9518-41cd-9aff-817102ecaa4a,99803adc-883b-4463-8737-641d6b3298b3,200001.0,500000.0,,,,,,,,,,200001.0,500000.0,,system_import,system_import,2026-07-25T06:49:55.313380+00:00,2026-07-25T06:49:55.313380+00:00,
042d65dc-bc61-432c-b252-ca3cb91dde79,484b8c81-f5a7-4c07-9527-def293312600,200000.0,200000.0,,,,,,,,,,200000.0,200000.0,,system_import,system_import,2026-07-25T06:49:55.313380+00:00,2026-07-25T06:49:55.313380+00:00,
230583c0-1433-4f96-9a29-a75c4c750a37,4089edeb-64d3-42a3-acd4-c8b6c3f3c69b,200001.0,500000.0,,,,,,,,,,200001.0,500000.0,,system_import,system_import,2026-07-25T06:49:55.313380+00:00,2026-07-25T06:49:55.313380+00:00,
d9abb040-fe03-41dd-9f58-d17551e383ca,379f9da4-1f8e-4040-af6f-d445ab32361c,500001.0,1000000.0,,,,,,,,,,500001.0,1000000.0,,system_import,system_import,2026-07-25T06:49:55.313380+00:00,2026-07-25T06:49:55.313380+00:00,
822c29ce-be9b-46a7-ac22-857c135423cd,6a232026-d9d4-41f0-8844-1641c5605fff,500001.0,1000000.0,,,,,,,,,,500001.0,1000000.0,,system_import,system_import,2026-07-25T06:49:55.313380+00:00,2026-07-25T06:49:55.313380+00:00,
63bac0c6-683d-440c-b6af-03431d2a8300,39c41498-807c-4e70-a515-ea3763c74a97,200000.0,200000.0,500000.0,,,,,,,,,200000.0,200000.0,,system_import,system_import,2026-07-25T06:49:55.313380+00:00,2026-07-25T06:49:55.313380+00:00,
974f31ab-35c9-4fd8-b5aa-32bbbe40d76a,e036d321-94b3-46d7-989a-16bb93a8ea09,200001.0,500000.0,500000.0,,,,,,,,,200001.0,500000.0,,system_import,system_import,2026-07-25T06:49:55.313380+00:00,2026-07-25T06:49:55.313380+00:00,
e5d9ecd7-7690-4ff6-8940-5b0cd125110c,5eb6feba-4bf3-4c77-91a9-9b22a314254c,500001.0,1000000.0,,,,,,,,,,500001.0,1000000.0,,system_import,system_import,2026-07-25T06:49:55.313380+00:00,2026-07-25T06:49:55.313380+00:00,
232ddb67-758d-4cd8-a02c-4d2e741e0293,0bcbc168-189b-4157-8eb9-d4599e67ec2e,1500001.0,2000000.0,,,,,,,,,,1500001.0,2000000.0,,system_import,system_import,2026-07-25T06:49:55.313380+00:00,2026-07-25T06:49:55.313380+00:00,
821146aa-8bf6-44e6-bebd-76cec4cf9e20,91fe30ad-7c84-486f-a07d-952f3ed90a48,200001.0,500000.0,,,,,,,,,,200001.0,500000.0,,system_import,system_import,2026-07-25T06:49:55.313380+00:00,2026-07-25T06:49:55.313380+00:00,
64f6601b-c7fd-4ee2-b816-e02b6fea1a63,2bc98307-88c6-40c0-ada4-11b2aa6d73de,200000.0,200000.0,,,,,,,,,,200000.0,200000.0,,system_import,system_import,2026-07-25T06:49:55.313380+00:00,2026-07-25T06:49:55.313380+00:00,
38919646-b3ef-49ba-a3a2-e92621233bed,102fd868-5d36-413e-8e08-0135072952ca,200000.0,200000.0,,,,,,,,,,200000.0,200000.0,,system_import,system_import,2026-07-25T06:49:55.313380+00:00,2026-07-25T06:49:55.313380+00:00,
2b6b43b7-249b-4778-94c2-c4335ec1cf56,c416e14d-d754-4946-a914-fe655262cca9,200000.0,200000.0,,,,,,,,,,200000.0,200000.0,,system_import,system_import,2026-07-25T06:49:55.313380+00:00,2026-07-25T06:49:55.313380+00:00,
70cc1d8b-f8dc-41a2-a507-6b4c5aaa55b4,5b395cd4-a08e-4648-b283-ebe24e15fb34,200001.0,500000.0,,,,,,,,,,200001.0,500000.0,,system_import,system_import,2026-07-25T06:49:55.313380+00:00,2026-07-25T06:49:55.313380+00:00,
09a06f06-4b0b-44dd-b4bb-dd2d1aeb9376,3b993b43-dc1b-4c05-8346-4865baf88db0,200000.0,200000.0,500000.0,,,,,,,,,200000.0,200000.0,,system_import,system_import,2026-07-25T06:49:55.313380+00:00,2026-07-25T06:49:55.313380+00:00,
7ba759e1-a260-4282-adf4-771ffb0ffe1a,a7b1a375-3eee-41af-a527-e00f245bbf19,200000.0,200000.0,,,,,,,,,,50000.0,100000.0,,system_import,system_import,2026-07-25T06:49:55.313380+00:00,2026-07-25T06:49:55.313380+00:00,
d2fff2a5-2216-4e3b-aa49-e5e7f0bea2a7,61bde8e6-a4f8-4182-aeb5-a8fd5648525c,200001.0,500000.0,,,,,,,,,,200001.0,500000.0,,system_import,system_import,2026-07-25T06:49:55.313380+00:00,2026-07-25T06:49:55.313380+00:00,
8be1e7f7-6f06-466a-81d1-8ccc1716a264,f5c07a53-9241-4df2-a764-6b020505209c,200001.0,500000.0,,,,,,,,,,200001.0,500000.0,,system_import,system_import,2026-07-25T06:49:55.313380+00:00,2026-07-25T06:49:55.313380+00:00,
6a5fbb2c-8c38-4fd9-92a5-2656a6517936,01fa88a8-c8dc-4e69-aa1d-610b282b8b85,200000.0,200000.0,,,,,,,,,,5.0,5.0,,system_import,system_import,2026-07-25T06:49:55.313380+00:00,2026-07-25T06:49:55.313380+00:00,
bc45a24e-f388-4f3b-8cf7-e6bc1679ec95,aec1290d-1f28-4242-ba69-6c871e99c94b,200001.0,500000.0,,,,,,,,,,200001.0,500000.0,,system_import,system_import,2026-07-25T06:49:55.313380+00:00,2026-07-25T06:49:55.313380+00:00,
8afb4764-68ca-48e7-8cfd-6149fa82c942,f86f5c36-18e0-4329-a2ca-f68bfa6158a7,200000.0,200000.0,,,,,,,,,,200000.0,200000.0,,system_import,system_import,2026-07-25T06:49:55.313380+00:00,2026-07-25T06:49:55.313380+00:00,
3d43ce5e-5c08-4201-a05e-5d657026d054,f62a3f2f-1166-4358-9347-65abe4229185,200001.0,500000.0,,,,,,,,,,200001.0,500000.0,,system_import,system_import,2026-07-25T06:49:55.313380+00:00,2026-07-25T06:49:55.313380+00:00,
91534095-8978-4e69-84b9-cf4d3b481239,be6b412f-78e1-4ebb-981b-6db9a50785ca,200001.0,500000.0,,,,,,,,,,200001.0,500000.0,,system_import,system_import,2026-07-25T06:49:55.313380+00:00,2026-07-25T06:49:55.313380+00:00,
1b06117d-3d79-478d-aa79-e3dffd59695d,875f00b6-9624-4a66-a4eb-62c76b85a476,2196.0,2196.0,,,,,,,,,,150000.0,150000.0,,system_import,system_import,2026-07-25T06:49:55.313380+00:00,2026-07-25T06:49:55.313380+00:00,
6322bc86-e317-491e-9799-10c12276ef54,9d7378b5-48a1-40db-a9c0-eea017aed488,200001.0,500000.0,,,,,,,,,,200001.0,500000.0,,system_import,system_import,2026-07-25T06:49:55.313380+00:00,2026-07-25T06:49:55.313380+00:00,
4ed63ca1-2d16-41f8-86a0-ac2ed04b4477,fcf44ddd-84d8-4211-9d86-b9ab5f6c70e3,200000.0,200000.0,,,,,,,,,,200000.0,200000.0,,system_import,system_import,2026-07-25T06:49:55.313380+00:00,2026-07-25T06:49:55.313380+00:00,
da266754-f97e-486e-bdc0-73dfbccffbd0,be99497f-c2f1-44eb-9bab-f7a0684f1476,200000.0,200000.0,,,,,,,,,,200000.0,200000.0,,system_import,system_import,2026-07-25T06:49:55.313380+00:00,2026-07-25T06:49:55.313380+00:00,
d03c6987-90b1-4378-93a1-eae3c9fe7551,acf364f4-5ff9-474a-8013-c98942d9dbc7,200000.0,200000.0,,,,,,,,,,200000.0,200000.0,,system_import,system_import,2026-07-25T06:49:55.313380+00:00,2026-07-25T06:49:55.313380+00:00,
0d9fa55d-8475-4101-ba98-1d55e9f5488b,59ed7847-5dfb-4cdc-8a88-1ef919041408,200001.0,500000.0,3.0,,,,,,,,,200001.0,500000.0,,system_import,system_import,2026-07-25T06:49:55.313380+00:00,2026-07-25T06:49:55.313380+00:00,
6a483d8b-f7d4-478d-82e6-59254873c2a0,4a975ed6-caa0-4023-b5af-083154a3f0b3,200000.0,200000.0,,,,,,,,,,200000.0,200000.0,,system_import,system_import,2026-07-25T06:49:55.313380+00:00,2026-07-25T06:49:55.313380+00:00,
7f19a5d6-70df-433b-be88-2a90ea418864,c75eaf96-6f49-4b8b-aaa5-9c10290840f3,200001.0,500000.0,,,,,,,,,,200001.0,500000.0,,system_import,system_import,2026-07-25T06:49:55.313380+00:00,2026-07-25T06:49:55.313380+00:00,
4fe49bec-d741-4fa3-8d59-c86bc9ed2c56,b55f5d1c-a50b-4bb4-9986-fe8f1d103140,5000001.0,1.0,,,,,,,,,,5000001.0,1.0,,system_import,system_import,2026-07-25T06:49:55.313380+00:00,2026-07-25T06:49:55.313380+00:00,
df3aca80-6ad2-47bc-9dd1-81a688fe9708,2c36b842-6880-47ad-b500-c122d06cb3d7,200000.0,200000.0,,,,,,,,,,200000.0,200000.0,,system_import,system_import,2026-07-25T06:49:55.313380+00:00,2026-07-25T06:49:55.313380+00:00,
387d75af-d63a-4a87-907f-5cfbe19e2818,0b107ed7-fbf7-44d6-9fcc-efea70b87ff1,200000.0,200000.0,,,,,,,,,,200000.0,200000.0,,system_import,system_import,2026-07-25T06:49:55.313380+00:00,2026-07-25T06:49:55.313380+00:00,
fa2e49c6-7236-4ce8-814b-02f2a0d986d5,bef67466-8f27-47ed-b1b7-b00eaf57c989,5000001.0,1.0,,,,,,,,,,5000001.0,1.0,,system_import,system_import,2026-07-25T06:49:55.313380+00:00,2026-07-25T06:49:55.313380+00:00,
4049b991-5be3-42a7-9d4b-d5a0498d8fa1,569fac08-7bfb-43a9-97f2-0277ce7d6b25,200000.0,200000.0,,,,,,,,,,200000.0,200000.0,,system_import,system_import,2026-07-25T06:49:55.313380+00:00,2026-07-25T06:49:55.313380+00:00,
2f3bf95d-0d07-464c-85bb-4b0efae8ccb6,825e833d-66f8-4b10-9687-7d756d19bd62,200000.0,200000.0,200000.0,,,,,,,,,200000.0,200000.0,,system_import,system_import,2026-07-25T06:49:55.313380+00:00,2026-07-25T06:49:55.313380+00:00,
49f9750d-8114-400e-b7f2-54979503f537,ebc4d02e-8954-45fb-968e-f42debd33499,200000.0,200000.0,,,,,,,,,,200000.0,200000.0,,system_import,system_import,2026-07-25T06:49:55.313380+00:00,2026-07-25T06:49:55.313380+00:00,
847d9f4a-0058-40e6-9159-f147bd8dedb0,bd75c6df-7a95-409b-83bf-e68726fd1575,200000.0,200000.0,,,,,,,,,,200000.0,200000.0,,system_import,system_import,2026-07-25T06:49:55.313380+00:00,2026-07-25T06:49:55.313380+00:00,
d1edd260-bc5f-4429-b610-7351ada7a782,0904f6d7-3a1d-4c32-a978-38b746171394,200000.0,200000.0,,,,,,,,,,50000.0,100000.0,,system_import,system_import,2026-07-25T06:49:55.313380+00:00,2026-07-25T06:49:55.313380+00:00,
900c28fb-b7a5-4c4d-b3e6-9603827a257c,c215c452-a6f0-48aa-a24d-82dd3b1c85d1,500001.0,1000000.0,,,,,,,,,,500001.0,1000000.0,,system_import,system_import,2026-07-25T06:49:55.313380+00:00,2026-07-25T06:49:55.313380+00:00,
33a401f7-ce01-4ca0-b055-d9879a3e7df2,bd53fe19-59e0-4e54-9a6a-e75b1cb6a2b6,200000.0,200000.0,,,,,,,,,,200000.0,200000.0,,system_import,system_import,2026-07-25T06:49:55.313380+00:00,2026-07-25T06:49:55.313380+00:00,
5d5f330d-b450-4a3f-9887-5dda2eae7e98,c996954b-1429-4669-aa71-8545212bfdce,200000.0,200000.0,,,,,,,,,,200000.0,200000.0,,system_import,system_import,2026-07-25T06:49:55.313380+00:00,2026-07-25T06:49:55.313380+00:00,
981c9912-d7b6-4806-b50b-307f268ebf03,e39e8bed-4fc5-4756-ac61-c6bea41c5fa9,200000.0,200000.0,,,,,,,,,,200000.0,200000.0,,system_import,system_import,2026-07-25T06:49:55.313380+00:00,2026-07-25T06:49:55.313380+00:00,
5a2bf09d-5312-485d-94ea-001e8594ee3f,65d0675e-38be-4321-968c-899736a89868,200000.0,200000.0,,,,,,,,,,200000.0,200000.0,,system_import,system_import,2026-07-25T06:52:12.141493+00:00,2026-07-25T06:52:12.141493+00:00,
2521aa6b-63af-41fe-846c-65a32ce52120,95c39424-f973-475b-a0e0-80b0ae42c27f,200000.0,200000.0,,,,,,,,,,200000.0,200000.0,,system_import,system_import,2026-07-25T06:52:12.141493+00:00,2026-07-25T06:52:12.141493+00:00,
3b717623-37a7-424f-9385-0ae8ca59d412,3602064a-8da8-438c-b02c-8181569a7945,200000.0,200000.0,,,,,,,,,,200000.0,200000.0,,system_import,system_import,2026-07-25T06:52:12.141493+00:00,2026-07-25T06:52:12.141493+00:00,
0f04f742-1134-4298-9838-32e205d7a420,4f86a0ef-b799-4419-9d2c-670c5af028b8,1579.0,1579.0,200000.0,,,,,,,,,75000.0,75000.0,,system_import,system_import,2026-07-25T06:52:12.141493+00:00,2026-07-25T06:52:12.141493+00:00,
47fca847-bb54-45a3-a661-8561dfb24210,c66d432a-7d3e-455f-8605-a743f5cd751c,200001.0,500000.0,,,,,,,,,,200001.0,500000.0,,system_import,system_import,2026-07-25T06:52:12.141493+00:00,2026-07-25T06:52:12.141493+00:00,
7df5e467-e8c2-4697-a263-9370dd644012,fc573670-e2a6-4ff1-a083-b1ab2b975d77,200000.0,200000.0,,,,,,,,,,200000.0,200000.0,,system_import,system_import,2026-07-25T06:52:12.141493+00:00,2026-07-25T06:52:12.141493+00:00,
6eb4643e-870b-46d5-a82a-0eef8976122b,f57f1071-cfde-4219-b802-7733175ef4d4,200000.0,200000.0,,,,,,,,,,200000.0,200000.0,,system_import,system_import,2026-07-25T06:52:12.141493+00:00,2026-07-25T06:52:12.141493+00:00,
c7d45a4c-39eb-4389-b810-741f75151504,3c744e54-fc4d-4cb0-b8e6-720df0dc0007,200000.0,200000.0,15000.0,,,,,,,,,200000.0,200000.0,,system_import,system_import,2026-07-25T06:52:12.141493+00:00,2026-07-25T06:52:12.141493+00:00,
6e958f2e-f469-4a12-878a-7efba1596c7b,587ea95a-f2ab-41d3-b4ad-bdfec115fe63,200000.0,200000.0,40000.0,,,,,,,,,200000.0,200000.0,,system_import,system_import,2026-07-25T06:52:12.141493+00:00,2026-07-25T06:52:12.141493+00:00,
1029b18f-dccc-4093-af01-d20e89e6cabc,65ca829d-cbef-4ad2-81e0-ddfc0e555d84,200000.0,200000.0,100000.0,,,,,,,,,200000.0,200000.0,,system_import,system_import,2026-07-25T06:52:12.141493+00:00,2026-07-25T06:52:12.141493+00:00,
29b41bf9-22c4-4d98-a567-6b7917cb3266,f1c24b01-2c5e-4ab5-83e7-7f3035fd341a,200001.0,500000.0,,,,,,,,,,200001.0,500000.0,,system_import,system_import,2026-07-25T06:52:12.141493+00:00,2026-07-25T06:52:12.141493+00:00,
671253f2-a0be-40e7-b38f-90eeda7ee39b,56f9dba2-de15-4686-a1a9-c0cf7b3a4511,200001.0,500000.0,,,,,,,,,,200001.0,500000.0,,system_import,system_import,2026-07-25T06:52:12.141493+00:00,2026-07-25T06:52:12.141493+00:00,
8d73d660-0a46-4c04-bbeb-9480d301e6c1,347ef607-a87c-434d-b4b9-cea04ee58483,200000.0,200000.0,,,,,,,,,,200000.0,200000.0,,system_import,system_import,2026-07-25T06:52:12.141493+00:00,2026-07-25T06:52:12.141493+00:00,
f322dea2-d7b0-4e06-9b74-5db94a22109b,b0988eb1-0760-4132-b9f2-461f5bdbc5a9,200000.0,200000.0,50000.0,,,,,,,,,200000.0,200000.0,,system_import,system_import,2026-07-25T06:52:12.141493+00:00,2026-07-25T06:52:12.141493+00:00,
ab23d175-a93d-4679-bc1f-b7869ae926f0,1dd640b4-47b7-4265-91db-71bc92f2ef81,500001.0,1000000.0,,,,,,,,,,500001.0,1000000.0,,system_import,system_import,2026-07-25T06:52:12.141493+00:00,2026-07-25T06:52:12.141493+00:00,
ee8dd7be-ab17-4e8e-a168-e24e340a14c6,015ea73c-aef2-40ee-87df-cfe3e145091f,200001.0,500000.0,,,,,,,,,,200001.0,500000.0,,system_import,system_import,2026-07-25T06:52:12.141493+00:00,2026-07-25T06:52:12.141493+00:00,
0ac0a50b-a9f6-4670-ab62-e875c7a1e837,a0ac312b-990d-4a1c-9a40-0d222f1ca717,200001.0,500000.0,,,,,,,,,,200001.0,500000.0,,system_import,system_import,2026-07-25T06:52:12.141493+00:00,2026-07-25T06:52:12.141493+00:00,
7cb79a55-35e8-4f0c-b11a-e76a92a4dc18,6e8910d2-d618-4914-8a50-d78631afed79,200000.0,200000.0,,,,,,,,,,200000.0,200000.0,,system_import,system_import,2026-07-25T06:52:12.141493+00:00,2026-07-25T06:52:12.141493+00:00,
466a4078-dcec-45b7-97ad-f1fa7a8e36ab,a4b50ba2-9c66-42fe-af66-643dff517e5b,200000.0,200000.0,100000.0,,,,,,,,,200000.0,200000.0,,system_import,system_import,2026-07-25T06:52:12.141493+00:00,2026-07-25T06:52:12.141493+00:00,
ec61d0d8-5138-4f8c-97e7-019be57c176f,6ba3d4fb-95e3-466e-a1d5-e15c1dcc57f9,200001.0,500000.0,,,,,,,,,,200001.0,500000.0,,system_import,system_import,2026-07-25T06:52:12.141493+00:00,2026-07-25T06:52:12.141493+00:00,
5c904e7e-885d-4b92-88df-d4a699cb58c9,4731e47e-977f-4a98-aec5-dad06d118f30,200000.0,200000.0,200000.0,,,,,,,,,200000.0,200000.0,,system_import,system_import,2026-07-25T06:52:12.141493+00:00,2026-07-25T06:52:12.141493+00:00,
c6c16b08-bb65-4b14-89d5-29c805550ac2,1e073394-54ba-49d6-8a66-595ad059bda9,200000.0,200000.0,,,,,,,,,,200000.0,200000.0,,system_import,system_import,2026-07-25T06:52:12.141493+00:00,2026-07-25T06:52:12.141493+00:00,
5b0829b0-e2bf-4ece-8171-b7d439d85c5a,ec7a1545-386f-48fa-bc3c-777a3a645eb4,200000.0,200000.0,,,,,,,,,,200000.0,200000.0,,system_import,system_import,2026-07-25T06:52:12.141493+00:00,2026-07-25T06:52:12.141493+00:00,
96728b93-40ee-4c7b-8c86-403acbe1ef67,4aec21b4-f43e-4877-8565-548610f879c4,1500000.0,1500000.0,,,,,,,,,,1500001.0,2000000.0,,system_import,system_import,2026-07-25T06:52:12.141493+00:00,2026-07-25T06:52:12.141493+00:00,
27c546bf-cf51-4055-b90c-55878066da78,c7764d05-563d-4be6-97d2-92fce24d2d85,3500000.0,3500000.0,,,,,,,,,,3000001.0,5000000.0,,system_import,system_import,2026-07-25T06:52:12.141493+00:00,2026-07-25T06:52:12.141493+00:00,
7eeb3915-dcc9-4b35-89c3-59ae39ef02d2,3a4f2f28-328a-4486-b20b-952bb308b994,9000000.0,9000000.0,,,,,,,,,,5000001.0,1.0,,system_import,system_import,2026-07-25T06:52:12.141493+00:00,2026-07-25T06:52:12.141493+00:00,
009fe15a-37ff-4629-9b4e-0ef92c2a346e,d35d3392-c12d-4f01-b97b-6f54bc3182cb,700000.0,800000.0,,,,,,,,,,1000001.0,1500000.0,,system_import,system_import,2026-07-25T06:52:12.141493+00:00,2026-07-25T06:52:12.141493+00:00,
b61c4a56-0ebe-44fe-bfcb-ff8b33faa42d,1c79a2ef-6a6c-41b0-8b5c-962c6accabd2,1500000.0,2500000.0,,,,,,,,,,500001.0,1000000.0,,system_import,system_import,2026-07-25T06:52:12.141493+00:00,2026-07-25T06:52:12.141493+00:00,
ace51624-d20f-419b-93c0-58c06f217bd6,56c83505-f49e-4d5f-b0be-7a2eefe0c526,2000001.0,3000000.0,2000000.0,,,,,,,,,2000001.0,3000000.0,,system_import,system_import,2026-07-25T06:52:12.141493+00:00,2026-07-25T06:52:12.141493+00:00,
47a64628-3c8a-47a7-a632-4b1a50e62f5a,12de05ec-631e-429d-ac19-f0dcb413765b,200000.0,500000.0,,,,,,,,,,200001.0,500000.0,,system_import,system_import,2026-07-25T06:52:12.141493+00:00,2026-07-25T06:52:12.141493+00:00,
40c361a5-b9e5-466f-a0dc-9e68c22b860f,042195c0-8be1-43d3-8e2a-e0ca811ec3cd,600000.0,600000.0,200000.0,,,,,,,,,500001.0,1000000.0,,system_import,system_import,2026-07-25T06:52:12.141493+00:00,2026-07-25T06:52:12.141493+00:00,
265f6e2c-25fb-47bc-8bf2-189db93a20d0,ecc0bb0c-f475-4df7-b866-59b7d1efd1c7,7500000.0,7500000.0,150000.0,,,,,,,,,5000001.0,1.0,,system_import,system_import,2026-07-25T06:52:12.141493+00:00,2026-07-25T06:52:12.141493+00:00,
0dc9169f-07ad-41fd-b29f-c9ba8e695fa4,a037a34b-db81-44b6-a212-2fa6f61e680b,1500000.0,2000000.0,,,,,,,,,,1500001.0,2000000.0,,system_import,system_import,2026-07-25T06:52:12.141493+00:00,2026-07-25T06:52:12.141493+00:00,
426f4c2a-678f-4d3b-8632-64d94ed563c2,3250baa1-8882-4055-9f83-c599cf22e466,1500000.0,1500000.0,,,,,,,,,,1500001.0,2000000.0,,system_import,system_import,2026-07-25T06:52:12.141493+00:00,2026-07-25T06:52:12.141493+00:00,
96a139dd-2608-4980-b7f4-233b3488ed00,40f9b769-3f23-4369-8304-9c333c0a8380,1250000.0,1250000.0,600000.0,,,,,,,,,1000001.0,1500000.0,,system_import,system_import,2026-07-25T06:52:12.141493+00:00,2026-07-25T06:52:12.141493+00:00,
43d4b74f-ae61-42f2-b056-7af64b18e891,5a85dde1-b9fb-494c-8cc8-9f575541c9d4,3000000.0,3000000.0,,,,,,,,,,2000001.0,3000000.0,,system_import,system_import,2026-07-25T06:52:12.141493+00:00,2026-07-25T06:52:12.141493+00:00,
d2bb24b5-e135-45fe-8434-48f71a26e297,649cc042-fd47-4108-80f2-98e2dda291ef,200000.0,200000.0,,,,,,,,,,5000.0,5000.0,,system_import,system_import,2026-07-25T06:52:12.141493+00:00,2026-07-25T06:52:12.141493+00:00,
e3103f4e-d8ce-4d29-ba2b-3f45d64154b6,6dcbd55d-29ab-48a3-a183-b35d2efbb5e9,1500001.0,2000000.0,,,,,,,,,,1500001.0,2000000.0,,system_import,system_import,2026-07-25T06:52:12.141493+00:00,2026-07-25T06:52:12.141493+00:00,
14d7c22b-c311-45d9-a9e8-bb131a38e030,da69b1f2-1e35-4ffb-b5e7-4c0bd1220177,500001.0,1000000.0,,,,,,,,,,500001.0,1000000.0,,system_import,system_import,2026-07-25T06:52:12.141493+00:00,2026-07-25T06:52:12.141493+00:00,
ca17d046-c80b-4774-b07a-b7a7f7ff12be,9fde8941-f018-4733-8e63-04cd36e2213b,1500001.0,2000000.0,100000.0,,,,,,,,,1500001.0,2000000.0,,system_import,system_import,2026-07-25T06:52:12.141493+00:00,2026-07-25T06:52:12.141493+00:00,
3db32695-cf59-40d3-a70f-2956cccd8ab1,9a5ab133-b58d-441f-986c-31aac20f9cb8,1500001.0,2000000.0,2000000.0,,,,,,,,,1500001.0,2000000.0,,system_import,system_import,2026-07-25T06:52:12.141493+00:00,2026-07-25T06:52:12.141493+00:00,
df5f5bbc-59bc-4ae5-99c6-345c0b3db7d1,7708ca4b-65c2-41e0-86ee-27010cb7fe34,1500000.0,2000000.0,,,,,,,,,,1500001.0,2000000.0,,system_import,system_import,2026-07-25T06:52:12.141493+00:00,2026-07-25T06:52:12.141493+00:00,
6876cb36-9075-4d76-a023-0f6299f52f8c,3ab9e79c-66ab-403d-a2a9-5bb8e86067ff,3000001.0,5000000.0,,,,,,,,,,3000001.0,5000000.0,,system_import,system_import,2026-07-25T06:52:12.141493+00:00,2026-07-25T06:52:12.141493+00:00,
57cb29a3-50c5-4ca9-a025-f8b77fcf964b,7fd682a0-bec8-4e02-bb39-efddd56ece49,200000.0,200000.0,,,,,,,,,,200000.0,200000.0,,system_import,system_import,2026-07-25T06:52:12.141493+00:00,2026-07-25T06:52:12.141493+00:00,
ba39c40e-50d5-4e68-a215-e419c4156132,3062cf5f-1275-44a9-9e24-400f75a74daf,200001.0,500000.0,,,,,,,,,,200001.0,500000.0,,system_import,system_import,2026-07-25T06:52:12.141493+00:00,2026-07-25T06:52:12.141493+00:00,
72549bab-f934-4831-8fb0-41ac1e47c952,8e801168-aa49-4cff-8eb4-3b90dbe29abf,500001.0,1000000.0,,,,,,,,,,500001.0,1000000.0,,system_import,system_import,2026-07-25T06:52:12.141493+00:00,2026-07-25T06:52:12.141493+00:00,
dd3d2558-803b-4fff-a988-d62073aadb1c,5a4ab7be-54fe-41fe-a34f-5e26b4c9c98d,200001.0,500000.0,,,,,,,,,,200001.0,500000.0,,system_import,system_import,2026-07-25T06:52:12.141493+00:00,2026-07-25T06:52:12.141493+00:00,
04ec04c1-a869-4de6-8b4b-f6332864dc36,3e1d0726-18a7-42c9-8bf2-47488f6382b8,500001.0,1000000.0,1000000.0,,,,,,,,,500001.0,1000000.0,,system_import,system_import,2026-07-25T06:52:12.141493+00:00,2026-07-25T06:52:12.141493+00:00,
4960921a-a39e-4500-a6fb-231fc98ce570,f9091404-5d1e-41ca-9b30-df60bab87fcd,500001.0,1000000.0,100000.0,,,,,,,,,500001.0,1000000.0,,system_import,system_import,2026-07-25T06:52:12.141493+00:00,2026-07-25T06:52:12.141493+00:00,
8dc62dde-2dfc-4318-a2be-0acad140959c,d7f60214-64f1-4545-958f-a99cac438282,1000001.0,1500000.0,,,,,,,,,,1000001.0,1500000.0,,system_import,system_import,2026-07-25T06:52:12.141493+00:00,2026-07-25T06:52:12.141493+00:00,
25d27130-1c07-4c20-ab00-d3f6408e8efa,c0371ed8-b954-4978-8479-2419802985c7,1500001.0,2000000.0,,,,,,,,,,1500001.0,2000000.0,,system_import,system_import,2026-07-25T06:52:12.141493+00:00,2026-07-25T06:52:12.141493+00:00,
b039d6a1-a795-4dc3-add7-dfa7d0224e04,3f96be7f-3727-44f3-a851-4823dac33a85,1500001.0,2000000.0,,,,,,,,,,1500001.0,2000000.0,,system_import,system_import,2026-07-25T06:52:12.141493+00:00,2026-07-25T06:52:12.141493+00:00,
2241d69b-a1df-4abc-8ed3-3f6a8ac4a610,42f6d627-8fd9-4550-b912-f15f5380e525,500001.0,1000000.0,,,,,,,,,,500001.0,1000000.0,,system_import,system_import,2026-07-25T06:52:12.141493+00:00,2026-07-25T06:52:12.141493+00:00,
8e552fb0-6ec8-47d1-bb07-c138c7f20ba1,810eb246-e943-464f-8cbf-9f0f84029390,500001.0,1000000.0,,,,,,,,,,500001.0,1000000.0,,system_import,system_import,2026-07-25T06:52:12.141493+00:00,2026-07-25T06:52:12.141493+00:00,
022391e6-650a-45ee-a388-4181ad6f1128,24119ded-065c-496a-8182-4095ffab2279,500001.0,1000000.0,,,,,,,,,,500001.0,1000000.0,,system_import,system_import,2026-07-25T06:52:12.141493+00:00,2026-07-25T06:52:12.141493+00:00,
7084fe65-4da3-4aef-9420-1aef566a2a80,03e35677-5b2a-45d8-9f16-7ad110ba6b2f,10379.0,10379.0,,,,,,,,,,300000.0,300000.0,,system_import,system_import,2026-07-25T06:52:12.141493+00:00,2026-07-25T06:52:12.141493+00:00,
83da558a-62fc-4cc2-96bd-335374be2cd7,34b1dafd-ea07-4e43-80d9-70e60dc62426,2000001.0,3000000.0,200000.0,,,,,,,,,2000001.0,3000000.0,,system_import,system_import,2026-07-25T06:52:12.141493+00:00,2026-07-25T06:52:12.141493+00:00,
5af4935d-3252-483a-877d-c994838ba5ac,14323ea4-2743-43b1-9979-1d1c0284cd08,500001.0,1000000.0,,,,,,,,,,500001.0,1000000.0,,system_import,system_import,2026-07-25T06:52:12.141493+00:00,2026-07-25T06:52:12.141493+00:00,
a054dbe5-c511-4d50-99dc-bed8abb587f2,349e3560-92a5-4415-b2b2-8f61cc0c2d9e,500001.0,1000000.0,,,,,,,,,,500001.0,1000000.0,,system_import,system_import,2026-07-25T06:52:12.141493+00:00,2026-07-25T06:52:12.141493+00:00,
75aebe25-a995-4e60-bdc4-0ddced8d178d,4bff0435-7ffe-4592-a3c6-d60bc67df0ea,200000.0,200000.0,,,,,,,,,,200000.0,200000.0,,system_import,system_import,2026-07-25T06:52:12.141493+00:00,2026-07-25T06:52:12.141493+00:00,
b2b8cc71-3861-48a8-b99b-ac340eae9207,c72c8ada-54ef-4e90-a7e4-af28af72a5b1,200000.0,200000.0,250000.0,,,,,,,,,200000.0,200000.0,,system_import,system_import,2026-07-25T06:52:12.141493+00:00,2026-07-25T06:52:12.141493+00:00,
961c51a6-64bb-415d-91b1-5aed686486cc,a5acb8f3-d778-4c86-8fc1-e62561a679cd,1000001.0,1500000.0,,,,,,,,,,1000001.0,1500000.0,,system_import,system_import,2026-07-25T06:52:12.141493+00:00,2026-07-25T06:52:12.141493+00:00,
4129b9d2-b272-40ee-82df-e9a736f0352c,b9957513-1881-40c2-8524-2dd9e5e6a90c,200001.0,500000.0,,,,,,,,,,200001.0,500000.0,,system_import,system_import,2026-07-25T06:52:12.141493+00:00,2026-07-25T06:52:12.141493+00:00,
d369d4b2-83f8-40e5-a90f-446e129304d2,598790ce-05f1-44fc-99b2-99ecc9050d62,1000001.0,1500000.0,,,,,,,,,,1000001.0,1500000.0,,system_import,system_import,2026-07-25T06:52:12.141493+00:00,2026-07-25T06:52:12.141493+00:00,
5e2c1439-b4ee-428a-a8cd-85349d28bf0c,52c24e45-bde3-4b88-8560-66e23e0a649e,1000001.0,1500000.0,200000.0,,,,,,,,,1000001.0,1500000.0,,system_import,system_import,2026-07-25T06:52:12.141493+00:00,2026-07-25T06:52:12.141493+00:00,
9d5de100-4f8c-476b-8817-ac4b828551e8,95f58cc7-cd80-49e5-9d92-058ee7088800,2000001.0,3000000.0,,,,,,,,,,2000001.0,3000000.0,,system_import,system_import,2026-07-25T06:52:12.141493+00:00,2026-07-25T06:52:12.141493+00:00,
ac9a8480-8d02-4636-9787-4698f874d825,b8657afe-301f-4480-8916-15cdc084b09b,3000001.0,5000000.0,,,,,,,,,,3000001.0,5000000.0,,system_import,system_import,2026-07-25T06:52:12.141493+00:00,2026-07-25T06:52:12.141493+00:00,
8bd3baff-55e1-4eef-9c1a-ac3714acbddf,af77e637-6af2-4e63-ba29-32a6734a483b,1000001.0,1500000.0,,,,,,,,,,1000001.0,1500000.0,,system_import,system_import,2026-07-25T06:52:12.141493+00:00,2026-07-25T06:52:12.141493+00:00,
a8e5ab85-0102-4522-9a9a-6020fd85671f,bec865cf-6967-493c-bddb-fb03067ee79a,1000001.0,1500000.0,,,,,,,,,,1000001.0,1500000.0,,system_import,system_import,2026-07-25T06:52:12.141493+00:00,2026-07-25T06:52:12.141493+00:00,
1ee20cb5-8753-4cad-84c9-be7252184599,796efbdb-fae2-4240-bced-df6996ae91f4,1000001.0,1500000.0,,,,,,,,,,1000001.0,1500000.0,,system_import,system_import,2026-07-25T06:52:12.141493+00:00,2026-07-25T06:52:12.141493+00:00,
23ed41cc-3067-467a-92b8-35244aea89ac,1fa4ae49-bcb3-4f0e-ba50-ae2871a66a12,200001.0,500000.0,,,,,,,,,,200001.0,500000.0,,system_import,system_import,2026-07-25T06:52:12.141493+00:00,2026-07-25T06:52:12.141493+00:00,
cffe04eb-36ba-46f7-b192-95d65907ef30,7a0e4fa5-75f5-40d5-92c0-72f95a1b5bc0,500001.0,1000000.0,,,,,,,,,,500001.0,1000000.0,,system_import,system_import,2026-07-25T06:52:12.141493+00:00,2026-07-25T06:52:12.141493+00:00,
2307ad2e-ae39-4d86-aac7-fd7abd1bfa7a,50f356f5-3d8e-4e26-bfd4-87d7393bd1b3,1000001.0,1500000.0,,,,,,,,,,1000001.0,1500000.0,,system_import,system_import,2026-07-25T06:52:12.141493+00:00,2026-07-25T06:52:12.141493+00:00,
2819c217-449d-40cc-b2dd-4077551a78b8,87767af1-a6c4-4d69-b71e-886ab6d50656,500001.0,1000000.0,,,,,,,,,,500001.0,1000000.0,,system_import,system_import,2026-07-25T06:52:12.141493+00:00,2026-07-25T06:52:12.141493+00:00,
385a3782-7165-46dc-8278-96b5de597e44,de094349-9864-4d69-b2c4-66a4fde5a723,1500001.0,2000000.0,,,,,,,,,,1500001.0,2000000.0,,system_import,system_import,2026-07-25T06:52:12.141493+00:00,2026-07-25T06:52:12.141493+00:00,
03143eec-a6cd-4405-8c51-94eabb942204,65a42fb7-b038-4538-b0d4-6d6e2fd235bd,500001.0,1000000.0,,,,,,,,,,500001.0,1000000.0,,system_import,system_import,2026-07-25T06:52:12.141493+00:00,2026-07-25T06:52:12.141493+00:00,
942c741e-e48d-41f7-aebd-eae85618c046,40f7b7c9-a5d9-42de-ac7e-bc3f8c11e288,200001.0,500000.0,,,,,,,,,,200001.0,500000.0,,system_import,system_import,2026-07-25T06:52:12.141493+00:00,2026-07-25T06:52:12.141493+00:00,
d56b78b2-b331-4cd4-a41a-156f7e6c2cb6,31959ac3-56e0-4024-aaf1-fb422e5b891c,200001.0,500000.0,,,,,,,,,,200001.0,500000.0,,system_import,system_import,2026-07-25T06:52:12.141493+00:00,2026-07-25T06:52:12.141493+00:00,
7122fa1a-f34d-49f5-afde-de3d196a5f93,13a791e2-f8c3-4ac5-a272-907794add034,1894.0,1894.0,,,,,,,,,,,,,system_import,system_import,2026-07-25T06:52:12.141493+00:00,2026-07-25T06:52:12.141493+00:00,
cd051e8d-4688-4717-8181-13ea19480ecf,23908f92-1db9-42c7-8e9d-09d32dcfd5e1,2172.0,2172.0,,,,,,,,,,,,,system_import,system_import,2026-07-25T06:52:12.141493+00:00,2026-07-25T06:52:12.141493+00:00,
fc033739-66a7-42ba-b56d-09e8df80a2f6,c634cb13-cb6a-4346-9d86-17f8003ab432,500001.0,1000000.0,300000.0,,,,,,,,,500001.0,1000000.0,,system_import,system_import,2026-07-25T06:52:12.141493+00:00,2026-07-25T06:52:12.141493+00:00,
3a4f2749-1e8e-4116-a32f-1b0213fdddd9,86de8ee3-c346-45dc-a40d-3896e9555e0c,2000001.0,3000000.0,,,,,,,,,,2000001.0,3000000.0,,system_import,system_import,2026-07-25T06:52:12.141493+00:00,2026-07-25T06:52:12.141493+00:00,
638eeb54-7945-40c9-b616-72ed56dd4857,7a39a6ad-c09a-424e-b60b-c8fbeeda0173,1000001.0,1500000.0,,,,,,,,,,1000001.0,1500000.0,,system_import,system_import,2026-07-25T06:52:12.141493+00:00,2026-07-25T06:52:12.141493+00:00,
272ed92a-d4e0-4bf3-9778-f674d8d5f26f,0d143d10-f8b0-4cde-af8e-20d16c65824a,500001.0,1000000.0,,,,,,,,,,500001.0,1000000.0,,system_import,system_import,2026-07-25T06:52:12.141493+00:00,2026-07-25T06:52:12.141493+00:00,
f9a59077-2526-48da-bab6-4be908638fbe,d4c37929-37a3-4f41-a093-bdfddd5ceae3,200001.0,500000.0,,,,,,,,,,200001.0,500000.0,,system_import,system_import,2026-07-25T06:52:12.141493+00:00,2026-07-25T06:52:12.141493+00:00,
5a2940a2-3d60-42be-a66c-6c73866d16ed,62ee797a-e7f1-4f27-b04f-e97b4e976550,1500001.0,2000000.0,,,,,,,,,,1500001.0,2000000.0,,system_import,system_import,2026-07-25T06:52:12.141493+00:00,2026-07-25T06:52:12.141493+00:00,
c6ee667e-ee39-4983-ad4b-1f1210896d5e,0434276c-d581-4952-8d11-7221ea3a96c4,200000.0,200000.0,,,,,,,,,,200000.0,200000.0,,system_import,system_import,2026-07-25T06:52:12.141493+00:00,2026-07-25T06:52:12.141493+00:00,
c27c6035-ab45-4c46-b4de-fb7a23c82057,992d14af-f66d-4eb3-8bef-b886f2b9c054,200001.0,500000.0,,,,,,,,,,200001.0,500000.0,,system_import,system_import,2026-07-25T06:52:12.141493+00:00,2026-07-25T06:52:12.141493+00:00,
d355b2ba-aa3d-4094-9c91-3b54b18ac611,e7f661b2-52f1-4e78-a72e-f892b6bd5dd4,500001.0,1000000.0,,,,,,,,,,500001.0,1000000.0,,system_import,system_import,2026-07-25T06:52:12.141493+00:00,2026-07-25T06:52:12.141493+00:00,
f6a006a3-6e8a-4ca1-815f-5adaec38c78a,e5f47cdf-7fa1-4f91-9024-8e8091e7d967,500001.0,1000000.0,21000.0,,,,,,,,,500001.0,1000000.0,,system_import,system_import,2026-07-25T06:52:12.141493+00:00,2026-07-25T06:52:12.141493+00:00,
e30bad5c-8472-473f-bf44-f48c45fe5b1a,62cd47bc-bcbe-4859-b7e7-51bf9f8b80e1,1500001.0,2000000.0,,,,,,,,,,1500001.0,2000000.0,,system_import,system_import,2026-07-25T06:52:12.141493+00:00,2026-07-25T06:52:12.141493+00:00,
16f18609-8de7-42eb-a3b6-93c4f212711c,3ef0667d-aea2-4ad2-8a1c-53b2a146c480,1000001.0,1500000.0,,,,,,,,,,1000001.0,1500000.0,,system_import,system_import,2026-07-25T06:52:12.141493+00:00,2026-07-25T06:52:12.141493+00:00,
97576719-8594-4a5d-b565-166de201237c,00b9c3bd-ed63-4f5f-8c34-de310e3b09ea,500001.0,1000000.0,500000.0,,,,,,,,,500001.0,1000000.0,,system_import,system_import,2026-07-25T06:52:12.141493+00:00,2026-07-25T06:52:12.141493+00:00,
471e1d15-b6ea-464c-844b-76d6bddfd0b0,90aa6b7c-6e6a-4722-8309-950b915c6f58,200001.0,500000.0,250000.0,,,,,,,,,200001.0,500000.0,,system_import,system_import,2026-07-25T06:52:12.141493+00:00,2026-07-25T06:52:12.141493+00:00,
3f0553be-8a1e-43b6-b8cd-e07c3d023b68,6a012bc6-a4f4-43da-b17b-69e976065ddd,1500001.0,2000000.0,,,,,,,,,,1500001.0,2000000.0,,system_import,system_import,2026-07-25T06:52:12.141493+00:00,2026-07-25T06:52:12.141493+00:00,
699295a3-0706-454d-a070-1396179c73bc,10bccca3-7dc9-42ad-b39c-697efe1dda11,1000001.0,1500000.0,,,,,,,,,,1000001.0,1500000.0,,system_import,system_import,2026-07-25T06:52:12.141493+00:00,2026-07-25T06:52:12.141493+00:00,
3e4b7f43-0d9a-471e-b450-5d281e17d687,2bb8bd78-bdaa-4fc3-a47a-6d6f98ae5fe1,500001.0,1000000.0,,,,,,,,,,500001.0,1000000.0,,system_import,system_import,2026-07-25T06:52:12.141493+00:00,2026-07-25T06:52:12.141493+00:00,
2c062ec9-8e6c-491d-9a13-9983190d4e7d,20f2d21a-a177-4fcc-bbf0-1cac03e6612f,1500001.0,2000000.0,,,,,,,,,,1500001.0,2000000.0,,system_import,system_import,2026-07-25T06:52:12.141493+00:00,2026-07-25T06:52:12.141493+00:00,
b05e9c23-050e-4608-8072-ef0991972a5f,ec80747d-6d34-45e8-9901-0f457053a1d6,1715.0,1715.0,,,,,,,,,,,,,system_import,system_import,2026-07-25T06:52:12.141493+00:00,2026-07-25T06:52:12.141493+00:00,
70a125c8-a2e5-49b5-abcc-8cc85c7c4335,b6971066-32a9-43a8-a863-f5a514aa1dac,200001.0,500000.0,,,,,,,,,,200001.0,500000.0,,system_import,system_import,2026-07-25T06:52:12.141493+00:00,2026-07-25T06:52:12.141493+00:00,
db566c43-1ee6-4017-a8f5-4dc4df59e883,c6f9fbcf-ba67-420b-ab25-48d008a8556f,200001.0,500000.0,,,,,,,,,,200001.0,500000.0,,system_import,system_import,2026-07-25T06:52:12.141493+00:00,2026-07-25T06:52:12.141493+00:00,
9ebe05b0-badc-4694-952b-56385dbc3efe,83ee5f06-f7a6-437e-b3f2-6b484f1cb165,500001.0,1000000.0,,,,,,,,,,500001.0,1000000.0,,system_import,system_import,2026-07-25T06:52:12.141493+00:00,2026-07-25T06:52:12.141493+00:00,
d502f921-a5b7-4ab6-90b2-ee20212e0bd3,801ef408-c367-4e7e-878d-384e4304fdb4,3000001.0,5000000.0,,,,,,,,,,3000001.0,5000000.0,,system_import,system_import,2026-07-25T06:52:12.141493+00:00,2026-07-25T06:52:12.141493+00:00,
c9b6ae84-5bd5-4b13-8ff6-6979f6550253,45113385-f6be-4983-9ed4-39b47796524e,200000.0,200000.0,,,,,,,,,,200000.0,200000.0,,system_import,system_import,2026-07-25T06:52:12.141493+00:00,2026-07-25T06:52:12.141493+00:00,
1babcd8c-5d9e-435e-9d3b-9423fcf946bd,411a3679-7c8d-499e-a9a7-6ca3036560eb,1000001.0,1500000.0,,,,,,,,,,1000001.0,1500000.0,,system_import,system_import,2026-07-25T06:52:12.141493+00:00,2026-07-25T06:52:12.141493+00:00,
69f9033b-7a7d-4920-b414-2d19adbb3c3a,b1aa3823-c388-40e7-a9ca-7ee57ae50359,1410.0,1410.0,,,,,,,,,,,,,system_import,system_import,2026-07-25T06:52:12.141493+00:00,2026-07-25T06:52:12.141493+00:00,
d16c3818-94b1-49f4-b412-8076dd9da931,6df34cb7-f7d0-4389-b8a4-5d7c3354873c,1000001.0,1500000.0,,,,,,,,,,1000001.0,1500000.0,,system_import,system_import,2026-07-25T06:52:12.141493+00:00,2026-07-25T06:52:12.141493+00:00,
c38e1ceb-c4f8-4a8f-a58a-175cf71dbf70,565b3785-7a2b-46e4-93bf-a8a03e8d6e8a,1500001.0,2000000.0,,,,,,,,,,1500001.0,2000000.0,,system_import,system_import,2026-07-25T06:52:12.141493+00:00,2026-07-25T06:52:12.141493+00:00,
f616012b-d17f-42df-b5fb-74f271d7d053,000fa236-6f66-4c0b-b876-8c6ac997e119,200001.0,500000.0,,,,,,,,,,200001.0,500000.0,,system_import,system_import,2026-07-25T06:52:12.141493+00:00,2026-07-25T06:52:12.141493+00:00,
d3c1d006-c2ff-4c01-8f1a-0d579f25871d,d9528c8c-86f5-4fd8-9185-06319c4bc047,200000.0,200000.0,200000.0,,,,,,,,,200000.0,200000.0,,system_import,system_import,2026-07-25T06:52:12.141493+00:00,2026-07-25T06:52:12.141493+00:00,
461c9bde-9ed9-45b2-ae2f-e3e7c2d27e2a,4893b43e-0f63-48df-b31d-c770e19e747a,500001.0,1000000.0,,,,,,,,,,500001.0,1000000.0,,system_import,system_import,2026-07-25T06:52:12.141493+00:00,2026-07-25T06:52:12.141493+00:00,
17d0b8c5-ded3-4f14-be4f-9b97a6cfac96,26a8606a-677f-4166-b5e1-515f2b2e9098,1000001.0,1500000.0,,,,,,,,,,1000001.0,1500000.0,,system_import,system_import,2026-07-25T06:52:12.141493+00:00,2026-07-25T06:52:12.141493+00:00,
a6a6ecb0-10af-4b9a-be33-a2dd554548b1,bbb1623c-7f94-4492-b1ea-b8fa93ef1190,500001.0,1000000.0,,,,,,,,,,500001.0,1000000.0,,system_import,system_import,2026-07-25T06:52:12.141493+00:00,2026-07-25T06:52:12.141493+00:00,
5006a189-38ee-4be3-9951-536f91577385,d352ed44-9006-4c97-bf05-d9d9dcf39a9b,5000001.0,1.0,,,,,,,,,,5000001.0,1.0,,system_import,system_import,2026-07-25T06:52:12.141493+00:00,2026-07-25T06:52:12.141493+00:00,
ef3f0f1b-8440-4ffe-89dc-893f572e6455,e89d76e2-8d99-47c2-ad5d-c9c5a4319a68,500001.0,1000000.0,,,,,,,,,,500001.0,1000000.0,,system_import,system_import,2026-07-25T06:52:12.141493+00:00,2026-07-25T06:52:12.141493+00:00,
1656aa1e-5b3a-4bcc-a607-a1b08173ccfa,2327f7be-db55-400b-83a9-773c1181f94d,200000.0,200000.0,,,,,,,,,,200000.0,200000.0,,system_import,system_import,2026-07-25T06:52:12.141493+00:00,2026-07-25T06:52:12.141493+00:00,
716ba459-a7eb-4caa-9c36-8f481aec0fe3,aed0391a-275d-4c5f-bd1b-2104f739eb59,200000.0,200000.0,,,,,,,,,,200000.0,200000.0,,system_import,system_import,2026-07-25T06:52:12.141493+00:00,2026-07-25T06:52:12.141493+00:00,
1dd666df-dabb-4030-84b2-f71ff37ec1b8,6dd62274-f6d5-4d27-95e5-134dd975d939,2000001.0,3000000.0,,,,,,,,,,2000001.0,3000000.0,,system_import,system_import,2026-07-25T06:52:12.141493+00:00,2026-07-25T06:52:12.141493+00:00,
5c71d030-11d5-4d46-9a31-773a7f151680,737d6823-1725-4dd6-bb6b-82d3df118c9f,3000001.0,5000000.0,,,,,,,,,,3000001.0,5000000.0,,system_import,system_import,2026-07-25T06:52:12.141493+00:00,2026-07-25T06:52:12.141493+00:00,
f6f8f20d-3efd-4d43-982b-cf0e28831848,04d0ac95-aedb-4718-ae9a-5452c135e13f,1752.0,1752.0,,,,,,,,,,,,,system_import,system_import,2026-07-25T06:52:12.141493+00:00,2026-07-25T06:52:12.141493+00:00,
2fead816-dbb8-4be9-910f-a4999c606757,cf928dd8-ec82-4c51-ac93-de2476241386,2000001.0,3000000.0,,,,,,,,,,2000001.0,3000000.0,,system_import,system_import,2026-07-25T06:52:12.141493+00:00,2026-07-25T06:52:12.141493+00:00,
90e26d66-c9a8-4519-b71b-7c899e131b67,0d73fc29-3d63-4546-ae41-9edcd1b76639,500001.0,1000000.0,,,,,,,,,,500001.0,1000000.0,,system_import,system_import,2026-07-25T06:52:12.141493+00:00,2026-07-25T06:52:12.141493+00:00,
06e74edd-6e6d-401f-a080-224488dbb3e9,d1dd78ea-86b8-4a05-8291-c9804393d73c,1.0,1.0,,,,,,,,,,1.0,1.0,,system_import,system_import,2026-07-25T06:52:12.141493+00:00,2026-07-25T06:52:12.141493+00:00,
c56151d0-5130-4e5f-9748-4220620f8623,2481ee37-20e5-4d1f-83b3-29fc35a50aea,1000001.0,1500000.0,,,,,,,,,,1000001.0,1500000.0,,system_import,system_import,2026-07-25T06:52:12.141493+00:00,2026-07-25T06:52:12.141493+00:00,
aef0d97b-6363-4d80-9d77-916c5bf9eb1b,51c710a7-f005-4be0-9546-ed4bfe649646,500001.0,1000000.0,,,,,,,,,,500001.0,1000000.0,,system_import,system_import,2026-07-25T06:52:12.141493+00:00,2026-07-25T06:52:12.141493+00:00,
2069bace-7d07-4710-9030-d47e136e37d2,90eba44b-38ee-4413-9ab2-1c3c2b7f4ff1,200000.0,200000.0,,,,,,,,,,200000.0,200000.0,,system_import,system_import,2026-07-25T06:52:12.141493+00:00,2026-07-25T06:52:12.141493+00:00,
e4cdcbfb-e16d-4f36-8caa-08f011ea796a,f2e0d333-ba86-4cad-86e9-131ce53d787c,1000001.0,1500000.0,,,,,,,,,,1000001.0,1500000.0,,system_import,system_import,2026-07-25T06:52:12.141493+00:00,2026-07-25T06:52:12.141493+00:00,
e2ff5fc3-1a5b-42fb-9c4e-56555bc09584,b0b7cb22-0fe9-49dd-8d07-37f1495bcbb7,511.0,511.0,,,,,,,,,,,,,system_import,system_import,2026-07-25T06:52:12.141493+00:00,2026-07-25T06:52:12.141493+00:00,
96a63c37-333e-4378-9cd3-ec04b15bede9,2fe150f6-38e3-4569-8fa6-6ea2abfcb1d3,1000001.0,1500000.0,,,,,,,,,,1000001.0,1500000.0,,system_import,system_import,2026-07-25T06:52:12.141493+00:00,2026-07-25T06:52:12.141493+00:00,
17e180d3-4e40-45f2-aaf3-79f4faf19c9c,d06bfe8f-8502-4f13-9f20-593eb94972c5,1000001.0,1500000.0,,,,,,,,,,1000001.0,1500000.0,,system_import,system_import,2026-07-25T06:52:12.141493+00:00,2026-07-25T06:52:12.141493+00:00,
24ca325e-70c6-4348-b091-5c9662b0c48e,65238f65-c31a-4e6c-9406-7851f3751bfd,200000.0,200000.0,,,,,,,,,,200000.0,200000.0,,system_import,system_import,2026-07-25T06:52:12.141493+00:00,2026-07-25T06:52:12.141493+00:00,
5825bf7f-f09a-4e24-a9b1-020860473e66,eb8d17d6-027f-4238-920b-df634255a2d1,500001.0,1000000.0,,,,,,,,,,500001.0,1000000.0,,system_import,system_import,2026-07-25T06:52:12.141493+00:00,2026-07-25T06:52:12.141493+00:00,
eb235091-de32-4a83-965a-113127e6a968,9cc9676a-804d-4ac7-a75d-dcf3aa98b551,200000.0,200000.0,,,,,,,,,,200000.0,200000.0,,system_import,system_import,2026-07-25T06:52:12.141493+00:00,2026-07-25T06:52:12.141493+00:00,
30796c57-dc3d-4d09-b2de-61ba3dbf7db9,294f0816-aa15-4603-8106-1220210e54d8,5000001.0,1.0,,,,,,,,,,5000001.0,1.0,,system_import,system_import,2026-07-25T06:52:12.141493+00:00,2026-07-25T06:52:12.141493+00:00,
e54cac98-8a66-45db-90de-79c8ae7a68ce,ac4a3b07-211c-4ba4-ac9f-99fb697cf235,500001.0,1000000.0,,,,,,,,,,500001.0,1000000.0,,system_import,system_import,2026-07-25T06:52:12.141493+00:00,2026-07-25T06:52:12.141493+00:00,
fcbf920a-7647-4d20-b188-0db9c3e8a4e2,62dae4e1-b893-405d-897b-7aebffe275d0,500001.0,1000000.0,,,,,,,,,,500001.0,1000000.0,,system_import,system_import,2026-07-25T06:52:12.141493+00:00,2026-07-25T06:52:12.141493+00:00,
2c4f7ed5-47b0-4f13-82be-4bfe2e082394,fe54704b-c9a5-49af-8e97-a0229066c100,1.0,1.0,10000000.0,,,,,,,,,1.0,1.0,,system_import,system_import,2026-07-25T06:52:12.141493+00:00,2026-07-25T06:52:12.141493+00:00,
d2bdf8ea-ad34-49d4-97b8-6ca714425ef2,8dc5f83f-93cd-488d-9a05-b4313bdfb9e3,500001.0,1000000.0,,,,,,,,,,500001.0,1000000.0,,system_import,system_import,2026-07-25T06:52:12.141493+00:00,2026-07-25T06:52:12.141493+00:00,
eeb0a096-dbfc-42d3-9fdd-45431a3c37a8,93ab0698-b930-47c5-ac49-f9d5aa470323,2100000.0,2100000.0,1.0,,,,,,,,,1500001.0,2000000.0,,system_import,system_import,2026-07-25T06:52:12.141493+00:00,2026-07-25T06:52:12.141493+00:00,
3d8b22b4-af58-453e-b462-7864e0daa59a,088ead6d-ac76-42ef-a85f-292b21b26aec,1500000.0,2000000.0,,,,,,,,,,1500001.0,2000000.0,,system_import,system_import,2026-07-25T06:52:12.141493+00:00,2026-07-25T06:52:12.141493+00:00,
081efc89-087b-428b-aace-5de69c19f253,1d0e19f0-8903-4689-9e9d-955ea1ea61f5,200000.0,200000.0,,,,,,,,,,200000.0,200000.0,,system_import,system_import,2026-07-25T06:52:12.141493+00:00,2026-07-25T06:52:12.141493+00:00,
0f147f9e-0326-4393-b0f4-903d2846e054,697ae1bc-0c6e-497c-98ab-efcf38cd45a2,200000.0,200000.0,,,,,,,,,,200000.0,200000.0,,system_import,system_import,2026-07-25T06:52:12.141493+00:00,2026-07-25T06:52:12.141493+00:00,
2e73caa2-1c6c-4f7e-b4b7-eb7fcb371826,11fae82d-539b-4820-956f-43aee10327f0,200001.0,500000.0,,,,,,,,,,200001.0,500000.0,,system_import,system_import,2026-07-25T06:52:12.141493+00:00,2026-07-25T06:52:12.141493+00:00,
46b84e20-8148-4125-baa6-0af626f52912,5c0c27dd-0295-4e03-97de-921785d74c62,200000.0,200000.0,,,,,,,,,,200000.0,200000.0,,system_import,system_import,2026-07-25T06:52:12.141493+00:00,2026-07-25T06:52:12.141493+00:00,
65bda8ac-7c44-4099-a310-22111aa8f475,1a0f4004-7854-417d-aa8a-16884843bdaf,1000001.0,1500000.0,1500000.0,,,,,,,,,1000001.0,1500000.0,,system_import,system_import,2026-07-25T06:52:12.141493+00:00,2026-07-25T06:52:12.141493+00:00,
d48e05b9-da94-4700-b911-d06080d06ecc,1261b1ac-5ad3-4789-a1dd-267d1d2457c9,3000001.0,5000000.0,,,,,,,,,,3000001.0,5000000.0,,system_import,system_import,2026-07-25T06:52:12.141493+00:00,2026-07-25T06:52:12.141493+00:00,
dd6c4f4a-3223-4916-b14f-6e45c2580e43,89187b35-5785-41b8-bf20-09ebff1d448b,6611.0,6611.0,,,,,,,,,,300000.0,300000.0,,system_import,system_import,2026-07-25T06:52:12.141493+00:00,2026-07-25T06:52:12.141493+00:00,
4f6a155a-9f75-4404-a387-7ddbbf30088b,4ad82961-3cf8-44d8-8ac3-7e4dd28c2700,200001.0,500000.0,,,,,,,,,,200001.0,500000.0,,system_import,system_import,2026-07-25T06:52:12.141493+00:00,2026-07-25T06:52:12.141493+00:00,
fe53a13a-b7ad-4dd3-96d9-9921fe6b8882,048b03f5-0193-4229-9c9a-6b36b9ad0b3a,200000.0,200000.0,,,,,,,,,,200000.0,200000.0,,system_import,system_import,2026-07-25T06:52:12.141493+00:00,2026-07-25T06:52:12.141493+00:00,
3f4df258-48d9-46f0-a8c6-2e7fb5debe25,03e9714e-13e3-46be-b960-bbbe28a10c8c,500001.0,1000000.0,,,,,,,,,,500001.0,1000000.0,,system_import,system_import,2026-07-25T06:52:12.141493+00:00,2026-07-25T06:52:12.141493+00:00,
f40b27a1-096a-4efa-ad91-9f7f434bc6aa,a1791045-e184-4cd8-b62f-30ca1912a65b,200001.0,500000.0,,,,,,,,,,200001.0,500000.0,,system_import,system_import,2026-07-25T06:52:12.141493+00:00,2026-07-25T06:52:12.141493+00:00,
d1dd8eb8-6431-40bf-8445-403f49bfe3d3,2e1c7200-6078-4282-bf43-6a3f181dcd3a,200000.0,200000.0,0.0,,,,,,,,,200000.0,200000.0,,system_import,system_import,2026-07-25T06:52:12.141493+00:00,2026-07-25T06:52:12.141493+00:00,
d30ec4f2-3a8c-46f2-9d89-13eb64c264cb,639e69c1-fee3-452f-bc18-c79a65c2cb9c,200000.0,200000.0,,,,,,,,,,200000.0,200000.0,,system_import,system_import,2026-07-25T06:52:12.141493+00:00,2026-07-25T06:52:12.141493+00:00,
93099d69-dbec-400b-91ee-cb6d2f9f5da8,7747e0a4-1970-4c01-b4d2-b21b049f9f8e,5000000.0,9000000.0,1000000.0,15.0,,,,,,,,3000001.0,5000000.0,,system_import,system_import,2026-07-25T06:52:12.141493+00:00,2026-07-25T06:52:12.141493+00:00,
ff81375d-114b-4296-8909-eaeef40d829d,c5da8fff-56ed-4281-b8b1-8a3a34f2158e,500001.0,1000000.0,750000.0,,,,,,,,,500001.0,1000000.0,,system_import,system_import,2026-07-25T06:52:12.141493+00:00,2026-07-25T06:52:12.141493+00:00,
4965c679-21c2-4f2f-99a5-cc07aca8397d,288495a6-b4db-4c62-bcd7-00eb0bdd7f75,200000.0,200000.0,,,,,,,,,,200000.0,200000.0,,system_import,system_import,2026-07-25T06:52:12.141493+00:00,2026-07-25T06:52:12.141493+00:00,
32df5752-dc22-43a8-bfc9-5fdca4ba1552,a2de0323-9b54-495d-af04-cd08ccbd2c44,1500001.0,2000000.0,,,,,,,,,,1500001.0,2000000.0,,system_import,system_import,2026-07-25T06:52:12.141493+00:00,2026-07-25T06:52:12.141493+00:00,
e52595a5-9112-4fd9-9e6b-0f0cb7834ad1,d722ae1e-38ea-4bd5-bc0c-d7a1aa0e17cb,200001.0,500000.0,,,,,,,,,,200001.0,500000.0,,system_import,system_import,2026-07-25T06:52:12.141493+00:00,2026-07-25T06:52:12.141493+00:00,
2f5c4d68-114e-41f0-9409-7e08e6251d0b,47ddc00b-a6c0-422b-a463-f76fbd84ec92,200001.0,500000.0,1250000.0,,,,,,,,,200001.0,500000.0,,system_import,system_import,2026-07-25T06:52:12.141493+00:00,2026-07-25T06:52:12.141493+00:00,
bc2a7915-8234-40f2-a5f4-bfc3ba9334f2,f2d43c2c-4e19-45af-81a7-3cb0fa5f4a84,500001.0,1000000.0,,,,,,,,,,500001.0,1000000.0,,system_import,system_import,2026-07-25T06:52:12.141493+00:00,2026-07-25T06:52:12.141493+00:00,
72d37822-e479-4a3d-a9a6-e95c794ffe8a,a3e3e2d9-6afc-42ce-8808-5ad5205a0793,5000001.0,1.0,,,,,,,,,,5000001.0,1.0,,system_import,system_import,2026-07-25T06:52:12.141493+00:00,2026-07-25T06:52:12.141493+00:00,
a270378a-cbf2-4fcf-9cb0-efbb1b768aff,01662156-37e9-496e-898b-71914db51432,200001.0,500000.0,,,,,,,,,,200001.0,500000.0,,system_import,system_import,2026-07-25T06:52:12.141493+00:00,2026-07-25T06:52:12.141493+00:00,
15b1ce3b-ff88-4e3d-8343-23bf1588c541,aae2354c-37bd-46cc-a44c-ff6d0b6796c1,200001.0,500000.0,,,,,,,,,,200001.0,500000.0,,system_import,system_import,2026-07-25T06:52:12.141493+00:00,2026-07-25T06:52:12.141493+00:00,
934a23e3-f270-4707-87a8-bbf6f739e04d,6e64d9f5-4be7-47f5-b25c-1a9bdb3de1db,500001.0,1000000.0,,,,,,,,,,500001.0,1000000.0,,system_import,system_import,2026-07-25T06:52:12.141493+00:00,2026-07-25T06:52:12.141493+00:00,
6a65c03c-c4ee-48ac-bed6-597752feeec0,b8e7c143-1c26-4182-b8af-e37e0343088d,200001.0,500000.0,3.0,,,,,,,,,200001.0,500000.0,,system_import,system_import,2026-07-25T06:52:12.141493+00:00,2026-07-25T06:52:12.141493+00:00,
6727d960-246e-4bbb-b408-9428f72f82cf,d72ab4f7-2c46-48a6-bfea-1a2d3f61c9aa,500001.0,1000000.0,200000.0,,,,,,,,,500001.0,1000000.0,,system_import,system_import,2026-07-25T06:52:12.141493+00:00,2026-07-25T06:52:12.141493+00:00,
fe0d8973-25bc-4e38-9a54-3c896aeb0e95,988ca2d8-e3b7-4c2f-adee-68d7d0967187,1000001.0,1500000.0,,,,,,,,,,1000001.0,1500000.0,,system_import,system_import,2026-07-25T06:52:12.141493+00:00,2026-07-25T06:52:12.141493+00:00,
1388ff8e-2434-4bef-bd52-0d706f471cad,af3fc503-097f-457d-ba95-9dbeb364f986,200000.0,200000.0,,,,,,,,,,200000.0,200000.0,,system_import,system_import,2026-07-25T06:52:12.141493+00:00,2026-07-25T06:52:12.141493+00:00,
5870b7dd-cb22-4e29-bfd3-9d8f8455339c,6392f369-8364-4d92-9524-f19ec7dcb3b4,200000.0,200000.0,,,,,,,,,,200000.0,200000.0,,system_import,system_import,2026-07-25T06:52:12.141493+00:00,2026-07-25T06:52:12.141493+00:00,
0649622c-9f49-49ef-a592-50a9491d42e8,d36326d1-8c46-4383-a980-c98ccbc3a913,200000.0,200000.0,,,,,,,,,,200000.0,200000.0,,system_import,system_import,2026-07-25T06:52:12.141493+00:00,2026-07-25T06:52:12.141493+00:00,
25456254-3734-4839-95e4-ba04ccc5245e,f23f3adf-1d05-41e3-82c5-e3354d1f315a,200001.0,500000.0,,,,,,,,,,200001.0,500000.0,,system_import,system_import,2026-07-25T06:52:12.141493+00:00,2026-07-25T06:52:12.141493+00:00,
9fb6d265-f809-4032-9ac9-1ae6f703d70d,531c11a2-236a-4931-a390-f20ecbe50dd4,1000001.0,1500000.0,,,,,,,,,,1000001.0,1500000.0,,system_import,system_import,2026-07-25T06:52:12.141493+00:00,2026-07-25T06:52:12.141493+00:00,
d4113ff9-6679-4631-a82b-12d3b45a8a94,d25063df-c30d-4e35-ae32-9979225573db,5000001.0,1.0,,,,,,,,,,5000001.0,1.0,,system_import,system_import,2026-07-25T06:52:12.141493+00:00,2026-07-25T06:52:12.141493+00:00,
1ca5ec93-39c4-427f-b16f-f0d9b049f07d,83ece95d-b434-4471-9ae1-11961e9183a0,200000.0,200000.0,,,,,,,,,,200000.0,200000.0,,system_import,system_import,2026-07-25T06:52:12.141493+00:00,2026-07-25T06:52:12.141493+00:00,
eb6084d4-7e90-4249-ae28-b752efc08a30,0c50204b-d0e9-488f-a2e0-cdb63ff27d68,3000001.0,5000000.0,,,,,,,,,,3000001.0,5000000.0,,system_import,system_import,2026-07-25T06:52:12.141493+00:00,2026-07-25T06:52:12.141493+00:00,
24f2bed4-d4cb-4571-a88b-bc5efa77c88b,76474941-ec40-4271-8aff-da2e306bca15,200000.0,200000.0,,,,,,,,,,200000.0,200000.0,,system_import,system_import,2026-07-25T06:52:12.141493+00:00,2026-07-25T06:52:12.141493+00:00,
3a9aa85b-dc32-4fa6-9562-c762abe9dd78,ae9e6ef8-8dea-4f40-b991-4d996b05eb4f,3000001.0,5000000.0,,,,,,,,,,3000001.0,5000000.0,,system_import,system_import,2026-07-25T06:52:12.141493+00:00,2026-07-25T06:52:12.141493+00:00,
f3a118b0-3867-46cd-92e0-a5713cf1e7ce,7a07c2aa-752c-446c-8aef-b9492d70234c,200000.0,200000.0,1.0,,,,,,,,,200000.0,200000.0,,system_import,system_import,2026-07-25T06:52:12.141493+00:00,2026-07-25T06:52:12.141493+00:00,
ea91f422-c75e-419c-9208-e29274a2e851,4999fcf8-f64c-405d-9f2d-aa6ffbcc1326,200000.0,200000.0,15000.0,,,,,,,,,200000.0,200000.0,,system_import,system_import,2026-07-25T06:52:12.141493+00:00,2026-07-25T06:52:12.141493+00:00,
c4059b2d-c6d9-4119-89b2-738fe94ff09c,323b850d-6180-437e-8a35-8752174c337e,200001.0,500000.0,,,,,,,,,,200001.0,500000.0,,system_import,system_import,2026-07-25T06:52:12.141493+00:00,2026-07-25T06:52:12.141493+00:00,
0b5d4dd1-ac29-43fb-b61f-7fa24dd59670,1cd2391b-55fa-40e5-981e-cde441f0a2ea,200001.0,500000.0,,,,,,,,,,200001.0,500000.0,,system_import,system_import,2026-07-25T06:52:12.141493+00:00,2026-07-25T06:52:12.141493+00:00,
3fc40c4e-0aa9-400a-aeee-6b222062d064,0be3074e-bed9-4b9b-8e8f-38f963f225dc,200001.0,500000.0,0.0,,,,,,,,,200001.0,500000.0,,system_import,system_import,2026-07-25T06:52:12.141493+00:00,2026-07-25T06:52:12.141493+00:00,
c6827d6f-d2b7-40ea-8252-9f823cfa6e4b,0309cb7d-921c-4b9f-be22-cf80799d8b51,200001.0,500000.0,2000000.0,,,,,,,,,200001.0,500000.0,,system_import,system_import,2026-07-25T06:52:12.141493+00:00,2026-07-25T06:52:12.141493+00:00,
dab8a79c-e90f-45b0-b503-c7550a1ff445,579cc0c2-3f6a-477b-aafd-1030e51be9a8,200001.0,500000.0,,,,,,,,,,200001.0,500000.0,,system_import,system_import,2026-07-25T06:52:12.141493+00:00,2026-07-25T06:52:12.141493+00:00,
1651f97f-9cb6-44df-a59c-61c25c2e4c95,a8b051e1-13ac-4d8d-8697-410522f0f1d9,200000.0,200000.0,,,,,,,,,,200000.0,200000.0,,system_import,system_import,2026-07-25T06:52:12.141493+00:00,2026-07-25T06:52:12.141493+00:00,
415b9dd3-3dce-4a61-bbb5-3c09ad764864,b1d1e275-75b4-47a2-b337-f5c062005794,200000.0,200000.0,,,,,,,,,,9000.0,40500.0,,system_import,system_import,2026-07-25T06:52:12.141493+00:00,2026-07-25T06:52:12.141493+00:00,
880218dc-28ec-4f47-9174-ed2b7b773376,dc8bc30c-6f3e-4a79-83cf-1155883af2e1,1942.0,1942.0,,,,,,,,,,,,,system_import,system_import,2026-07-25T06:52:12.141493+00:00,2026-07-25T06:52:12.141493+00:00,
ad558de4-1282-4d78-baf6-6f3aa90e47d4,5bd3ca7a-7a90-454a-8579-2c964a8398d7,500001.0,1000000.0,,,,,,,,,,500001.0,1000000.0,,system_import,system_import,2026-07-25T06:52:12.141493+00:00,2026-07-25T06:52:12.141493+00:00,
0632a91e-2f5e-4492-993b-a2f4a75481d4,90175e56-d980-4f55-965e-2dfae2aabc47,1500001.0,2000000.0,,,,,,,,,,1500001.0,2000000.0,,system_import,system_import,2026-07-25T06:52:12.141493+00:00,2026-07-25T06:52:12.141493+00:00,
134b1090-37d9-49f2-99cf-fb1f68e207f7,909504d8-484f-40b9-8ba6-cc748f91990b,200000.0,200000.0,,,,,,,,,,8.0,8.0,,system_import,system_import,2026-07-25T06:52:12.141493+00:00,2026-07-25T06:52:12.141493+00:00,
9ba5e438-72e9-4ffe-ad38-e005f52dcc84,c5e3c420-b6e3-4207-9b34-dc705884477e,200000.0,200000.0,,,,,,,,,,200000.0,200000.0,,system_import,system_import,2026-07-25T06:52:12.141493+00:00,2026-07-25T06:52:12.141493+00:00,
dce1a046-cedb-49a8-997a-ecd76797253a,778bbc65-c753-4229-8a91-a218a3a9fbcf,200001.0,500000.0,,,,,,,,,,200001.0,500000.0,,system_import,system_import,2026-07-25T06:52:12.141493+00:00,2026-07-25T06:52:12.141493+00:00,
9c758f8c-8d7c-4d9a-bea9-6eb6c3cbd4fe,ca818051-19b7-449b-8d07-661ed93c4070,200001.0,500000.0,,,,,,,,,,200001.0,500000.0,,system_import,system_import,2026-07-25T06:52:12.141493+00:00,2026-07-25T06:52:12.141493+00:00,
8ae00fc7-d740-407c-af8a-5bf0c11c0464,6ef86c72-0e92-4827-b932-dd7c1891a85e,200001.0,500000.0,,,,,,,,,,200001.0,500000.0,,system_import,system_import,2026-07-25T06:52:12.141493+00:00,2026-07-25T06:52:12.141493+00:00,
67076445-5d07-4fe3-927e-9afd968e07e0,2bd9d97e-4836-4571-948d-a38666b0d224,200000.0,200000.0,,,,,,,,,,200000.0,200000.0,,system_import,system_import,2026-07-25T06:52:12.141493+00:00,2026-07-25T06:52:12.141493+00:00,
621ad4d0-4e11-4775-95cb-e66c4bef9297,b0645965-273a-4a17-b7a2-40fe6fb510af,1500001.0,2000000.0,1000000.0,,,,,,,,,1500001.0,2000000.0,,system_import,system_import,2026-07-25T06:52:12.141493+00:00,2026-07-25T06:52:12.141493+00:00,
979d0386-9230-418a-83bc-549e64ec3709,0fc9c4b6-d60c-4037-a63b-5f2f865988cf,500001.0,1000000.0,,,,,,,,,,500001.0,1000000.0,,system_import,system_import,2026-07-25T06:52:12.141493+00:00,2026-07-25T06:52:12.141493+00:00,
205dcd35-bb71-45b9-905b-55cb96b64b10,a76e5e36-1a43-4d96-a30c-7a5b654b217b,200001.0,500000.0,,,,,,,,,,200001.0,500000.0,,system_import,system_import,2026-07-25T06:52:12.141493+00:00,2026-07-25T06:52:12.141493+00:00,
d59bdc45-90b0-4304-b7e0-6faece7a243b,02bee70d-4c86-48fc-a8de-eac9f4c2d580,200001.0,500000.0,,,,,,,,,,200001.0,500000.0,,system_import,system_import,2026-07-25T06:52:12.141493+00:00,2026-07-25T06:52:12.141493+00:00,
6e425873-f514-43cd-ae85-349ef2b7d418,18f89000-0f7e-4568-a07d-bb6e9aaa8359,2000001.0,3000000.0,,,,,,,,,,2000001.0,3000000.0,,system_import,system_import,2026-07-25T06:52:12.141493+00:00,2026-07-25T06:52:12.141493+00:00,
e571cb3d-05b9-4c42-a9c0-5e12d718e7d6,e4d0b301-8190-4fca-8756-8fdf0239363a,500001.0,1000000.0,,,,,,,,,,500001.0,1000000.0,,system_import,system_import,2026-07-25T06:52:12.141493+00:00,2026-07-25T06:52:12.141493+00:00,
dff5347a-19ec-4d4e-bdee-a498c158391b,581397f7-a61f-4867-8a5b-18cc68e7dfbf,500001.0,1000000.0,,,,,,,,,,500001.0,1000000.0,,system_import,system_import,2026-07-25T06:52:12.141493+00:00,2026-07-25T06:52:12.141493+00:00,
6b1a751d-0453-4996-932a-39906596c0c3,7fc530a0-082e-4d02-b324-738416a6674c,200000.0,200000.0,,,,,,,,,,200000.0,200000.0,,system_import,system_import,2026-07-25T06:52:12.141493+00:00,2026-07-25T06:52:12.141493+00:00,
720528d7-408b-4b52-b616-f5b42d268903,96aaaa03-8297-495e-ad38-064885387752,1000001.0,1500000.0,,,,,,,,,,1000001.0,1500000.0,,system_import,system_import,2026-07-25T06:52:12.141493+00:00,2026-07-25T06:52:12.141493+00:00,
54832504-1c22-4133-8570-9118536b252d,a1572a1d-830e-47f1-9133-86532169ec8c,200001.0,500000.0,,,,,,,,,,200001.0,500000.0,,system_import,system_import,2026-07-25T06:52:12.141493+00:00,2026-07-25T06:52:12.141493+00:00,
c74cbc68-2caf-47f2-9cde-8aa16408436b,b7f70d03-fbe8-4832-80bc-f188dec28a64,200000.0,200000.0,50000.0,,,,,,,,,200000.0,200000.0,,system_import,system_import,2026-07-25T06:52:12.141493+00:00,2026-07-25T06:52:12.141493+00:00,
5939de0c-0310-41e5-9bad-bcf4e252e3cf,e3fac3c0-16b9-4069-a680-1d6877498850,200000.0,200000.0,,,,,,,,,,200000.0,200000.0,,system_import,system_import,2026-07-25T06:52:12.141493+00:00,2026-07-25T06:52:12.141493+00:00,
13d3cbf0-ebb7-42ee-a292-69aac3e9f21f,7855bbfa-8d3e-4980-bcbb-9533c0ab4116,1.0,1.0,,,,,,,,,,1.0,1.0,,system_import,system_import,2026-07-25T06:52:12.141493+00:00,2026-07-25T06:52:12.141493+00:00,
9d9f5e3c-b5a0-44cd-ab01-1b9940804321,b88001d9-cbc9-4231-a7bb-ae953c7cdb41,1000001.0,1500000.0,,,,,,,,,,1000001.0,1500000.0,,system_import,system_import,2026-07-25T06:52:12.141493+00:00,2026-07-25T06:52:12.141493+00:00,
6d7b43e9-51af-4439-9157-785eb8a96242,ce229333-5614-4682-9234-52688b8c23e5,200001.0,500000.0,,,,,,,,,,200001.0,500000.0,,system_import,system_import,2026-07-25T06:52:12.141493+00:00,2026-07-25T06:52:12.141493+00:00,
5ed4bf36-25c4-458c-a3d0-b9c97713b6d3,d162112a-ec15-484d-b6a1-4e7439e3d71b,500001.0,1000000.0,,,,,,,,,,500001.0,1000000.0,,system_import,system_import,2026-07-25T06:52:12.141493+00:00,2026-07-25T06:52:12.141493+00:00,
5fd9b2eb-9c4f-412a-b04c-7b91e5061dc8,c635d31e-e278-4345-a858-18396573207a,500001.0,1000000.0,,,,,,,,,,500001.0,1000000.0,,system_import,system_import,2026-07-25T06:52:12.141493+00:00,2026-07-25T06:52:12.141493+00:00,
fdb45f6f-6e94-476e-ad41-cbbebfb85702,3a0b8ce5-084c-490c-86aa-5a2322ea665c,200000.0,200000.0,,,,,,,,,,200000.0,200000.0,,system_import,system_import,2026-07-25T06:52:12.141493+00:00,2026-07-25T06:52:12.141493+00:00,
9721ca23-2ef6-444b-956a-e21fb2f59dcb,6ec031fb-4dde-46db-8e7b-3d81086e77fa,500001.0,1000000.0,,,,,,,,,,500001.0,1000000.0,,system_import,system_import,2026-07-25T06:52:12.141493+00:00,2026-07-25T06:52:12.141493+00:00,
107919dd-b03d-419a-8f04-5f2c83dc33b2,311843aa-3b8d-4a1b-a1c1-793d4fb1963d,500001.0,1000000.0,,,,,,,,,,500001.0,1000000.0,,system_import,system_import,2026-07-25T06:52:12.141493+00:00,2026-07-25T06:52:12.141493+00:00,
1c77a216-5402-4fcf-91c9-9fd2991e1714,ffaa15e2-319d-45cf-b622-08cda17a9270,3000001.0,5000000.0,,,,,,,,,,3000001.0,5000000.0,,system_import,system_import,2026-07-25T06:52:12.141493+00:00,2026-07-25T06:52:12.141493+00:00,
b1498ead-1128-4438-8286-7bf430ee2bd2,454bf7e9-b8c7-4276-8745-fcde8d8ea703,200001.0,500000.0,,,,,,,,,,200001.0,500000.0,,system_import,system_import,2026-07-25T06:52:12.141493+00:00,2026-07-25T06:52:12.141493+00:00,
66fff941-a39d-43af-acb2-4871bef6fab9,04f52abd-343e-4236-9d55-8f6ee80c509e,5000001.0,1.0,,,,,,,,,,5000001.0,1.0,,system_import,system_import,2026-07-25T06:52:12.141493+00:00,2026-07-25T06:52:12.141493+00:00,
35f8cee3-b74b-4be1-8741-446008223976,d09d4d39-dd18-460b-a38b-d5341e5a0929,200000.0,200000.0,,,,,,,,,,200000.0,200000.0,,system_import,system_import,2026-07-25T06:52:12.141493+00:00,2026-07-25T06:52:12.141493+00:00,
e4102188-e983-40e0-bef2-376aa4ab29a9,c7e82b43-3d55-4970-80a1-74a390fc8cc2,200001.0,500000.0,,,,,,,,,,200001.0,500000.0,,system_import,system_import,2026-07-25T06:52:12.141493+00:00,2026-07-25T06:52:12.141493+00:00,
2cd2eb10-d2b2-4c9b-850c-b9960c9072c6,e0b09189-264e-4eb4-b30e-338688fdb56c,500001.0,1000000.0,300000.0,,,,,,,,,500001.0,1000000.0,,system_import,system_import,2026-07-25T06:52:12.141493+00:00,2026-07-25T06:52:12.141493+00:00,
13e87c59-3d5a-413e-a946-2870f79d190b,1cf6c4ae-0059-4ab8-9926-73ba31855164,200000.0,200000.0,,,,,,,,,,200000.0,200000.0,,system_import,system_import,2026-07-25T06:52:12.141493+00:00,2026-07-25T06:52:12.141493+00:00,
a17e6b70-a5a6-486e-90c5-75d399cbb85a,ea5e5f96-b9cf-4129-8cdf-eb16432a5d98,5000001.0,1.0,,,,,,,,,,5000001.0,1.0,,system_import,system_import,2026-07-25T06:52:12.141493+00:00,2026-07-25T06:52:12.141493+00:00,
09736b7f-61c6-4eb1-a1f4-9de98a7082f8,8d67e738-c2f6-4682-928a-cd132c7a6fa9,3000001.0,5000000.0,,,,,,,,,,3000001.0,5000000.0,,system_import,system_import,2026-07-25T06:52:12.141493+00:00,2026-07-25T06:52:12.141493+00:00,
fbe578eb-2401-4d34-978b-de6a60ca52d2,f72e0df1-559d-48c2-9d06-bf582b950e7a,2000001.0,3000000.0,,,,,,,,,,2000001.0,3000000.0,,system_import,system_import,2026-07-25T06:52:12.141493+00:00,2026-07-25T06:52:12.141493+00:00,
7aeccba8-5056-4afb-b10d-978f96e93c86,d67ebcd4-2f2d-4c80-bb99-d7b43e22162d,3000001.0,5000000.0,,,,,,,,,,3000001.0,5000000.0,,system_import,system_import,2026-07-25T06:52:12.141493+00:00,2026-07-25T06:52:12.141493+00:00,
12604e25-e8a5-46d9-884a-53eed34749a5,3b414318-22ff-4d91-b275-553d540eabad,2000001.0,3000000.0,,,,,,,,,,2000001.0,3000000.0,,system_import,system_import,2026-07-25T06:52:12.141493+00:00,2026-07-25T06:52:12.141493+00:00,
61188d4e-0250-45f7-8506-affe2bae6395,0a5164e4-62ff-4662-a37d-0c9399fbc1b2,200000.0,200000.0,,,,,,,,,,200000.0,200000.0,,system_import,system_import,2026-07-25T06:52:12.141493+00:00,2026-07-25T06:52:12.141493+00:00,
55605462-91f6-4660-9b4e-ce4c7aee3738,9d8721c2-8357-46b6-bdd9-8abeb6f93f18,200000.0,200000.0,,,,,,,,,,200000.0,200000.0,,system_import,system_import,2026-07-25T06:52:12.141493+00:00,2026-07-25T06:52:12.141493+00:00,
4d644583-fec6-4d3f-a25e-69177797a948,2c6720bb-3a6f-49ea-9d6c-477c6a15658d,200001.0,500000.0,,,,,,,,,,200001.0,500000.0,,system_import,system_import,2026-07-25T06:52:12.141493+00:00,2026-07-25T06:52:12.141493+00:00,
75c0008b-78c5-417d-9716-aab8c5f987e4,003f0447-0137-45d6-a222-5fae15904982,200001.0,500000.0,,,,,,,,,,200001.0,500000.0,,system_import,system_import,2026-07-25T06:52:12.141493+00:00,2026-07-25T06:52:12.141493+00:00,
99d816be-6835-477d-888f-5822efb40f3f,393e4fe2-8876-4559-b6b5-b533f6cee2a6,500001.0,1000000.0,500000.0,,,,,,,,,500001.0,1000000.0,,system_import,system_import,2026-07-25T06:52:12.141493+00:00,2026-07-25T06:52:12.141493+00:00,
8d096634-c4a1-4d49-b59d-22989182f834,623c5378-ecb2-45fa-9598-351729bcba1d,9071.0,9071.0,500000.0,,,,,,,,,200000.0,200000.0,,system_import,system_import,2026-07-25T06:52:12.141493+00:00,2026-07-25T06:52:12.141493+00:00,
12d2598d-bf22-4ad6-b7f3-062172c71c63,cfdeb95d-8308-4761-a435-31c7f4e14607,200000.0,200000.0,,,,,,,,,,200000.0,200000.0,,system_import,system_import,2026-07-25T06:52:12.141493+00:00,2026-07-25T06:52:12.141493+00:00,
fa75c6f5-c1ef-4123-aa93-4304fc3f3cbd,9554609c-0440-4981-a4db-ae91fe6d5043,1579.0,1579.0,,,,,,,,,,,,,system_import,system_import,2026-07-25T06:52:12.141493+00:00,2026-07-25T06:52:12.141493+00:00,
08984d3b-73b1-4ead-a205-5e354318d47a,bf7ff586-0f65-4d54-9af1-11cc2f13b270,500001.0,1000000.0,200000.0,,,,,,,,,500001.0,1000000.0,,system_import,system_import,2026-07-25T06:52:12.141493+00:00,2026-07-25T06:52:12.141493+00:00,
a9e7c1f8-7000-4657-8cba-2b0b8a678de8,1c1b9efb-3792-457c-a569-f565b416a1d1,10000.0,50000.0,,,,,,,,,,200000.0,200000.0,,system_import,system_import,2026-07-25T06:52:12.141493+00:00,2026-07-25T06:52:12.141493+00:00,
23cdce4d-ddd8-4b62-9697-d1314e28e2c9,0e4a1e38-ba22-4e2c-bc75-e40ff7c37894,200001.0,500000.0,,,,,,,,,,200001.0,500000.0,,system_import,system_import,2026-07-25T06:52:12.141493+00:00,2026-07-25T06:52:12.141493+00:00,
f7b521df-dbd9-4095-944c-b4a03167871c,dbec7a25-42c4-42ef-a7fe-e0fe03c1b029,200000.0,200000.0,1000000.0,,,,,,,,,200000.0,200000.0,,system_import,system_import,2026-07-25T06:52:12.141493+00:00,2026-07-25T06:52:12.141493+00:00,
7d1034be-38ec-4080-bced-4a29fb4c1d22,598a7240-754c-4136-8df9-f2db0587ecd1,200001.0,500000.0,,,,,,,,,,200001.0,500000.0,,system_import,system_import,2026-07-25T06:52:12.141493+00:00,2026-07-25T06:52:12.141493+00:00,
5575a2a5-e511-471b-a4b2-e125f9808e47,65d48180-8cb7-49b4-8963-2a8faa675309,200000.0,200000.0,,,,,,,,,,200000.0,200000.0,,system_import,system_import,2026-07-25T06:52:12.141493+00:00,2026-07-25T06:52:12.141493+00:00,
3d868b3c-c513-4c5c-8cf5-64ccc9ae2fca,8ced87ef-a57f-4096-8976-4207ad77b18a,640000.0,640000.0,,,,,,,,,,1500001.0,2000000.0,,system_import,system_import,2026-07-25T06:52:12.141493+00:00,2026-07-25T06:52:12.141493+00:00,
dfa21d83-aabf-4a0d-a72a-ca57f1eff7f8,b43711e0-fc41-4a6e-821b-2cca5c33acfb,500001.0,1000000.0,,,,,,,,,,500001.0,1000000.0,,system_import,system_import,2026-07-25T06:52:12.141493+00:00,2026-07-25T06:52:12.141493+00:00,
53537883-e146-4cfa-af03-7fb69b01e1fd,177190db-10bb-4b16-8694-a4bc2de2ac69,3000001.0,5000000.0,,,,,,,,,,3000001.0,5000000.0,,system_import,system_import,2026-07-25T06:52:12.141493+00:00,2026-07-25T06:52:12.141493+00:00,
ea63b7a4-93dd-432e-8343-5b6d0262bf4e,4cca1f49-4996-423c-92b2-d513526035fa,1000001.0,1500000.0,,,,,,,,,,1000001.0,1500000.0,,system_import,system_import,2026-07-25T06:52:12.141493+00:00,2026-07-25T06:52:12.141493+00:00,
8bf18d39-9e20-4eba-ae14-51018d7b7003,02eaf6e3-328d-4b3f-807f-7993d0e6f517,2000001.0,3000000.0,,,,,,,,,,2000001.0,3000000.0,,system_import,system_import,2026-07-25T06:52:12.141493+00:00,2026-07-25T06:52:12.141493+00:00,
7551992b-a84b-45f5-bad2-27dec240106c,aa49afbb-ba59-411c-a359-3eeae7f8bb27,1000001.0,1500000.0,,,,,,,,,,1000001.0,1500000.0,,system_import,system_import,2026-07-25T06:52:12.141493+00:00,2026-07-25T06:52:12.141493+00:00,
9f6f6695-55ab-4dfd-8e88-776af173d999,85630262-3fcf-4673-92b2-96b351ecce23,200001.0,500000.0,,,,,,,,,,200001.0,500000.0,,system_import,system_import,2026-07-25T06:52:12.141493+00:00,2026-07-25T06:52:12.141493+00:00,
85936f3f-ab65-4bac-8ef8-01efbe56075d,d48dd4b6-0b66-46e5-89c5-460e2eb4a91e,500001.0,1000000.0,,,,,,,,,,500001.0,1000000.0,,system_import,system_import,2026-07-25T06:52:12.141493+00:00,2026-07-25T06:52:12.141493+00:00,
d4fc46e3-2ebe-4d98-a551-2e6afb213a62,9204fa98-096b-422c-b3c4-47aeb1f9c193,3000001.0,5000000.0,,,,,,,,,,3000001.0,5000000.0,,system_import,system_import,2026-07-25T06:52:12.141493+00:00,2026-07-25T06:52:12.141493+00:00,
8ca7360b-47d0-44b8-bc8b-35ea8ef1f5bb,9fa6b79d-95a6-4dc7-8677-8cbc4648c883,2000001.0,3000000.0,,,,,,,,,,2000001.0,3000000.0,,system_import,system_import,2026-07-25T06:52:12.141493+00:00,2026-07-25T06:52:12.141493+00:00,
2e46895c-dba2-4588-ba26-ad08bd982bf7,5b829848-ad39-4cd3-bf00-291b5c059bce,2000001.0,3000000.0,,,,,,,,,,2000001.0,3000000.0,,system_import,system_import,2026-07-25T06:52:12.141493+00:00,2026-07-25T06:52:12.141493+00:00,
f99527d0-96b1-42b7-a1a5-054790ca25b5,e0127e19-16a8-4706-a7e0-c8bc3935fc2c,200000.0,200000.0,0.0,,,,,,,,,200000.0,200000.0,,system_import,system_import,2026-07-25T06:52:12.141493+00:00,2026-07-25T06:52:12.141493+00:00,
00f7b1e8-051d-403d-a5a6-207e7913c5a8,ce98d891-ac85-45c7-a37a-ab07c6df278d,200001.0,500000.0,,,,,,,,,,200001.0,500000.0,,system_import,system_import,2026-07-25T06:52:12.141493+00:00,2026-07-25T06:52:12.141493+00:00,
19f4c873-ce88-47d7-86ad-6d45de7b47e7,ff49732b-229b-4191-b334-d9fc04cc1480,500001.0,1000000.0,,,,,,,,,,500001.0,1000000.0,,system_import,system_import,2026-07-25T06:52:12.141493+00:00,2026-07-25T06:52:12.141493+00:00,
754f9ad8-b443-4677-bd33-b292f8e871a3,c1cd7c8f-9ca8-463a-a42a-6336d3bc1d70,3000001.0,5000000.0,,,,,,,,,,3000001.0,5000000.0,,system_import,system_import,2026-07-25T06:52:12.141493+00:00,2026-07-25T06:52:12.141493+00:00,
9c4f014a-e26b-4671-bbf4-1b64fe156528,7d9d19ab-2eaf-4edd-96f1-f87ce2ef9686,1530000.0,1530000.0,,,,,,,,,,1500001.0,2000000.0,,system_import,system_import,2026-07-25T06:52:12.141493+00:00,2026-07-25T06:52:12.141493+00:00,
060bfe64-2248-488c-bd5b-b68a168daa46,f49c66e9-3de2-41a7-8058-de55f69fbaba,1000001.0,1500000.0,,,,,,,,,,1000001.0,1500000.0,,system_import,system_import,2026-07-25T06:52:12.141493+00:00,2026-07-25T06:52:12.141493+00:00,
1506daa0-dce3-4492-98f3-579c0893e42a,27046375-992f-4d6d-8ec5-53d50bdb1a0d,2000001.0,3000000.0,,,,,,,,,,2000001.0,3000000.0,,system_import,system_import,2026-07-25T06:52:12.141493+00:00,2026-07-25T06:52:12.141493+00:00,
83e3aeb7-cc3c-4734-a9c4-65d2691eb4a8,b5525159-6784-44f8-86a3-221a38d67c9e,1500001.0,2000000.0,,,,,,,,,,1500001.0,2000000.0,,system_import,system_import,2026-07-25T06:52:12.141493+00:00,2026-07-25T06:52:12.141493+00:00,
dd42ef3c-557b-44d7-8a33-45d8746fdac6,6c34f7ad-6fb9-491f-a374-59386d9162b9,200000.0,200000.0,,,,,,,,,,200000.0,200000.0,,system_import,system_import,2026-07-25T06:52:12.141493+00:00,2026-07-25T06:52:12.141493+00:00,
790c5ef2-6cb1-4866-b6ed-c3c82e3cb4b7,7a45927a-26d8-47de-85f4-74e7c50ffd77,1000001.0,1500000.0,210000.0,,,,,,,,,1000001.0,1500000.0,,system_import,system_import,2026-07-25T06:52:12.141493+00:00,2026-07-25T06:52:12.141493+00:00,
8ca31223-a3ef-42d4-b3e5-e6eeed8a2958,9b0cd3f7-67a9-421a-bd55-ec2e30b06590,10000000.0,10000000.0,,,,,,,,,,500001.0,1000000.0,,system_import,system_import,2026-07-25T06:52:12.141493+00:00,2026-07-25T06:52:12.141493+00:00,
1c5a3c4d-67c0-4f25-8c30-1c2d3b5f02b8,76029e05-7907-4c4b-a297-74978b006389,500001.0,1000000.0,,,,,,,,,,500001.0,1000000.0,,system_import,system_import,2026-07-25T06:52:12.141493+00:00,2026-07-25T06:52:12.141493+00:00,
61064c2b-3434-46e4-b006-339d968879de,5528cb33-c57e-494c-b156-a0f1390347b5,1000001.0,1500000.0,,,,,,,,,,1000001.0,1500000.0,,system_import,system_import,2026-07-25T06:52:12.141493+00:00,2026-07-25T06:52:12.141493+00:00,
21c6034b-373f-45af-bcfc-e394a1108c32,f94ec6ef-cd34-4fd7-a6e7-d9b88a8c5e28,1000001.0,1500000.0,4.0,,,,,,,,,1000001.0,1500000.0,,system_import,system_import,2026-07-25T06:52:12.141493+00:00,2026-07-25T06:52:12.141493+00:00,
8e8dbf70-66d0-455a-bc90-1a5aa4f275fd,c6d35611-4ed6-4520-a029-b0d9c4c4f0c6,500001.0,1000000.0,,,,,,,,,,500001.0,1000000.0,,system_import,system_import,2026-07-25T06:52:12.141493+00:00,2026-07-25T06:52:12.141493+00:00,
a3a39911-d07b-40be-ad3c-a0738a1da0d5,cfaf6bfe-821c-4ace-848a-c703301ce1a1,1000001.0,1500000.0,,,,,,,,,,1000001.0,1500000.0,,system_import,system_import,2026-07-25T06:52:12.141493+00:00,2026-07-25T06:52:12.141493+00:00,
3e58c7a5-645d-4c46-8aa4-bcae91b646d0,fed1068e-c726-4447-9040-ed907efd9d3a,3000001.0,5000000.0,,,,,,,,,,3000001.0,5000000.0,,system_import,system_import,2026-07-25T06:52:12.141493+00:00,2026-07-25T06:52:12.141493+00:00,
f0be61b2-ae28-4bc5-a3f4-5d5f29762142,11d4988c-1e90-4898-bc36-e081279f45d0,3000001.0,5000000.0,50000000.0,,,,,,,,,3000001.0,5000000.0,,system_import,system_import,2026-07-25T06:52:12.141493+00:00,2026-07-25T06:52:12.141493+00:00,
c30762e1-54b9-41dd-a8ea-a8db0a2fd7dd,3afdd124-4bef-4fa1-ad27-cb2fbb52eac3,5000001.0,1.0,,,,,,,,,,5000001.0,1.0,,system_import,system_import,2026-07-25T06:52:12.141493+00:00,2026-07-25T06:52:12.141493+00:00,
aefc1c1d-4359-4a6e-a766-d4eaa735252c,a372285b-ebd9-4221-9524-bdcc7c4b2078,1000001.0,1500000.0,,,,,,,,,,1000001.0,1500000.0,,system_import,system_import,2026-07-25T06:52:12.141493+00:00,2026-07-25T06:52:12.141493+00:00,
2e1d4b5d-1764-42ce-b315-6f9bedb03b6b,b606217b-db48-4f6e-906c-dfe5990f1d7a,2000001.0,3000000.0,,,,,,,,,,2000001.0,3000000.0,,system_import,system_import,2026-07-25T06:52:12.141493+00:00,2026-07-25T06:52:12.141493+00:00,
fe909d1b-7eda-4ef6-b2e2-c4d895833a20,959b135f-b953-4707-96b1-971490d9a476,200000.0,200000.0,,,,,,,,,,200000.0,200000.0,,system_import,system_import,2026-07-25T06:52:12.141493+00:00,2026-07-25T06:52:12.141493+00:00,
f3a972eb-57f1-4833-be26-cfff537facbb,d89e0256-0976-4e80-90ee-9ba9573884a4,5000001.0,1.0,,,,,,,,,,5000001.0,1.0,,system_import,system_import,2026-07-25T06:52:12.141493+00:00,2026-07-25T06:52:12.141493+00:00,
0ebe35d1-3800-4091-b06e-7985993a4858,e9ee786d-1c6e-4858-bd28-6c0094071b43,1.0,1.0,,,,,,,,,,1.0,1.0,,system_import,system_import,2026-07-25T06:52:12.141493+00:00,2026-07-25T06:52:12.141493+00:00,
c6bcbdd8-67fd-456a-a962-feb83e39f7a9,896bdeca-34ad-46d3-bb63-8b8aa8b1bff0,1000001.0,1500000.0,,,,,,,,,,1000001.0,1500000.0,,system_import,system_import,2026-07-25T06:52:12.141493+00:00,2026-07-25T06:52:12.141493+00:00,
86e2d0ff-70a3-46ba-9ae6-e8f2ee7afc71,2f5ce1b1-5c52-44d8-a5f4-3d22c836bb21,500001.0,1000000.0,1500000.0,,,,,,,,,500001.0,1000000.0,,system_import,system_import,2026-07-25T06:52:12.141493+00:00,2026-07-25T06:52:12.141493+00:00,
1df7efcd-e266-48dc-8736-ebd5088ca797,eac2dd6a-49a5-4393-9452-87d7697dc7e8,5000001.0,1.0,,,,,,,,,,5000001.0,1.0,,system_import,system_import,2026-07-25T06:52:12.141493+00:00,2026-07-25T06:52:12.141493+00:00,
a16faf2a-39dc-42b2-9a20-10102588bde0,e2473993-92f1-49f1-b04b-8a3a44c06887,5000001.0,1.0,,,,,,,,,,5000001.0,1.0,,system_import,system_import,2026-07-25T06:52:12.141493+00:00,2026-07-25T06:52:12.141493+00:00,
35fc4993-651d-4e3d-8f81-3bb1c2fc0c30,ee2aa6d4-abfc-4cb2-9bf0-9ce3a5d95b6c,1500001.0,2000000.0,,,,,,,,,,1500001.0,2000000.0,,system_import,system_import,2026-07-25T06:52:12.141493+00:00,2026-07-25T06:52:12.141493+00:00,
771eb65c-601f-47a5-a8c7-3e2073dca296,eb2faca4-b4ab-4859-a219-a96461717546,1000001.0,1500000.0,,,,,,,,,,1000001.0,1500000.0,,system_import,system_import,2026-07-25T06:52:12.141493+00:00,2026-07-25T06:52:12.141493+00:00,
0086c4e2-2fe8-419b-9e62-9c8738c5b9a9,354c91a3-4ffc-425d-9555-937f662dde31,200001.0,500000.0,,,,,,,,,,200001.0,500000.0,,system_import,system_import,2026-07-25T06:52:12.141493+00:00,2026-07-25T06:52:12.141493+00:00,
0a5c2b16-2581-4ebc-a222-55b938f46c8f,5e8bbb61-a784-4d0f-bc72-8e7e75d6b5b9,1000001.0,1500000.0,,,,,,,,,,1000001.0,1500000.0,,system_import,system_import,2026-07-25T06:52:12.141493+00:00,2026-07-25T06:52:12.141493+00:00,
1af9fd30-0970-40ea-9009-d3d41be1bc67,1aa02350-9d47-40be-ac9c-071d4f2f06df,200000.0,200000.0,,,,,,,,,,200000.0,200000.0,,system_import,system_import,2026-07-25T06:52:12.141493+00:00,2026-07-25T06:52:12.141493+00:00,
74b47c2a-5f2b-4785-bd0e-90b5d1d2db32,7fc42980-5ef4-4831-bc8d-b930ae494f44,200001.0,500000.0,,,,,,,,,,200001.0,500000.0,,system_import,system_import,2026-07-25T06:52:12.141493+00:00,2026-07-25T06:52:12.141493+00:00,
7b29464a-9086-460a-a7f7-7e0d26f9eb44,eda611c5-1e42-449e-b972-15b91a9f337e,1500001.0,2000000.0,,,,,,,,,,1500001.0,2000000.0,,system_import,system_import,2026-07-25T06:52:12.141493+00:00,2026-07-25T06:52:12.141493+00:00,
fe0f8d84-41cc-45e4-a340-4d89d4bf42fb,737497f8-654c-41da-9505-12534e1af583,1500001.0,2000000.0,,,,,,,,,,1500001.0,2000000.0,,system_import,system_import,2026-07-25T06:52:12.141493+00:00,2026-07-25T06:52:12.141493+00:00,
ce7ab310-f510-4877-b1ca-0916e8957ed4,66fe2d52-727a-4947-90c8-9df5b7ee71b0,2000001.0,3000000.0,,,,,,,,,,2000001.0,3000000.0,,system_import,system_import,2026-07-25T06:52:12.141493+00:00,2026-07-25T06:52:12.141493+00:00,
e455e88e-ae9f-4571-83c0-fb4c8a984aa9,f6c83d1c-a591-4257-a264-c470ba559968,3000001.0,5000000.0,,,,,,,,,,3000001.0,5000000.0,,system_import,system_import,2026-07-25T06:52:12.141493+00:00,2026-07-25T06:52:12.141493+00:00,
141cd8e2-046c-41a8-a82f-901e11ba2ae4,87cec80d-c1a3-4965-8e92-6824fa36e1fb,200001.0,500000.0,50000.0,,,,,,,,,200001.0,500000.0,,system_import,system_import,2026-07-25T06:52:12.141493+00:00,2026-07-25T06:52:12.141493+00:00,
39656f7f-d7b7-4cd7-b137-7e0b1847dad8,dbb553e0-557b-4717-a693-e4193067f3e7,200001.0,500000.0,,,,,,,,,,200001.0,500000.0,,system_import,system_import,2026-07-25T06:52:12.141493+00:00,2026-07-25T06:52:12.141493+00:00,
b4855cca-7ab8-4c3e-9be3-c62d09ef97c1,008aff50-9d94-49cd-a8d4-a8fc14ddb02f,200000.0,200000.0,,,,,,,,,,200000.0,200000.0,,system_import,system_import,2026-07-25T06:52:12.141493+00:00,2026-07-25T06:52:12.141493+00:00,
6cc397f8-1a19-4356-920b-dafa5fd3caeb,34a7a3de-582d-4d65-a877-3e2f251a9cad,500001.0,1000000.0,,,,,,,,,,500001.0,1000000.0,,system_import,system_import,2026-07-25T06:52:12.141493+00:00,2026-07-25T06:52:12.141493+00:00,
d7c5b12e-d63c-41ab-909a-b5abc151d6e6,7d4126e8-6c60-410f-b561-a67ca954047a,1000001.0,1500000.0,,,,,,,,,,1000001.0,1500000.0,,system_import,system_import,2026-07-25T06:52:12.141493+00:00,2026-07-25T06:52:12.141493+00:00,
1426cbe4-9a20-4c34-ab99-4b7a3aa9172a,ad78b127-46a3-4d5d-b776-4dda69961ee0,500001.0,1000000.0,,,,,,,,,,500001.0,1000000.0,,system_import,system_import,2026-07-25T06:52:12.141493+00:00,2026-07-25T06:52:12.141493+00:00,
e6353d84-7f21-41a9-bffe-8a277c750e10,e87000d2-d2ea-43f8-b315-91bdd65c2d31,500001.0,1000000.0,5000000.0,,,,,,,,,500001.0,1000000.0,,system_import,system_import,2026-07-25T06:52:12.141493+00:00,2026-07-25T06:52:12.141493+00:00,
b5b30506-a817-4b0a-ab47-b0f4ef28ae57,ba80030c-3140-442c-81e4-915542c5bc1b,1500001.0,2000000.0,60000.0,,,,,,,,,1500001.0,2000000.0,,system_import,system_import,2026-07-25T06:52:12.141493+00:00,2026-07-25T06:52:12.141493+00:00,
0dea1c38-892f-408d-91be-38d7b13545a3,2ee4a475-d42f-400d-8c26-60e3f0caf3de,1000001.0,1500000.0,,,,,,,,,,1000001.0,1500000.0,,system_import,system_import,2026-07-25T06:52:12.141493+00:00,2026-07-25T06:52:12.141493+00:00,
f7c5bfcd-becd-4609-8a27-7f5c29c55599,5b222bb4-6587-4c79-915e-775c3680b006,200001.0,500000.0,,,,,,,,,,200001.0,500000.0,,system_import,system_import,2026-07-25T06:52:12.141493+00:00,2026-07-25T06:52:12.141493+00:00,
37ab3e25-02a9-4c27-a068-dda76ce428df,2e576a72-b3df-4092-9ef1-6d2ed00e4764,500001.0,1000000.0,,,,,,,,,,500001.0,1000000.0,,system_import,system_import,2026-07-25T06:52:12.141493+00:00,2026-07-25T06:52:12.141493+00:00,
e4f7eafa-c68f-4d13-9cff-dc6749f7bc16,8b62912a-11dd-4ba8-84a3-d65d293e0211,200000.0,200000.0,,,,,,,,,,200000.0,200000.0,,system_import,system_import,2026-07-25T06:52:12.141493+00:00,2026-07-25T06:52:12.141493+00:00,
2bbe40f6-717b-40ea-9e29-e57a73e5db40,da2fb5a9-d8ab-483a-9dc9-1dd54db5cebf,2000001.0,3000000.0,,,,,,,,,,2000001.0,3000000.0,,system_import,system_import,2026-07-25T06:52:12.141493+00:00,2026-07-25T06:52:12.141493+00:00,
bc5d7eb6-8891-44cc-8d45-e289dd3e6218,21994372-42b0-4e03-be5c-560866ecdb9e,5000001.0,1.0,,,,,,,,,,5000001.0,1.0,,system_import,system_import,2026-07-25T06:52:12.141493+00:00,2026-07-25T06:52:12.141493+00:00,
aee01f59-7477-40ab-812d-73dd07950c40,64e849c0-229d-4ede-a1bf-29dfd3d15869,2000001.0,3000000.0,,,,,,,,,,2000001.0,3000000.0,,system_import,system_import,2026-07-25T06:52:12.141493+00:00,2026-07-25T06:52:12.141493+00:00,
df3059bc-40c3-4638-a810-9057eff065e5,d6737bbc-20c5-41be-ab36-e9b165096231,500001.0,1000000.0,21000.0,,,,,,,,,500001.0,1000000.0,,system_import,system_import,2026-07-25T06:52:12.141493+00:00,2026-07-25T06:52:12.141493+00:00,
7e657628-a29c-493f-93cf-c10b26ecd585,c4a983b5-02f8-4d2f-ad7c-3ddf2d6aee1a,200001.0,500000.0,,,,,,,,,,200001.0,500000.0,,system_import,system_import,2026-07-25T06:52:12.141493+00:00,2026-07-25T06:52:12.141493+00:00,
e69d31e5-4d52-4339-bc69-5b7a7357c4ff,902d7f48-8ec1-4e07-adb2-3a14e336ff93,500001.0,1000000.0,,,,,,,,,,500001.0,1000000.0,,system_import,system_import,2026-07-25T06:52:12.141493+00:00,2026-07-25T06:52:12.141493+00:00,
88ee31bd-30e0-406a-ba2d-50afd3e8ab86,37603e29-75a8-431f-a03c-1c721142f9bd,500001.0,1000000.0,,,,,,,,,,500001.0,1000000.0,,system_import,system_import,2026-07-25T06:52:12.141493+00:00,2026-07-25T06:52:12.141493+00:00,
cc440532-fa93-4be1-8949-2ddeda570e0b,f75be099-7769-4373-a45b-36f1b27b6d4e,200000.0,200000.0,,,,,,,,,,200000.0,200000.0,,system_import,system_import,2026-07-25T06:52:12.141493+00:00,2026-07-25T06:52:12.141493+00:00,
c0382127-d289-4de6-946c-35575d829d81,39010490-e654-4c8e-8e54-b6c6955b924e,1000001.0,1500000.0,,,,,,,,,,1000001.0,1500000.0,,system_import,system_import,2026-07-25T06:52:12.141493+00:00,2026-07-25T06:52:12.141493+00:00,
d784bf59-b52c-4c58-8144-a9ba7da8fba6,3ecdd1c9-df34-4c23-9513-005d1ab5d5e9,500001.0,1000000.0,,,,,,,,,,500001.0,1000000.0,,system_import,system_import,2026-07-25T06:52:12.141493+00:00,2026-07-25T06:52:12.141493+00:00,
85d5b41a-6ae7-4db7-95f3-1998a398e1f9,9a70477f-de5a-4a89-a264-252dd8243ccf,1000001.0,1500000.0,,,,,,,,,,1000001.0,1500000.0,,system_import,system_import,2026-07-25T06:52:12.141493+00:00,2026-07-25T06:52:12.141493+00:00,
9f85a47a-c0e5-4f84-81c2-99778418ae7e,989a4908-6bcf-4b32-bd38-9a4a431df87a,500001.0,1000000.0,,,,,,,,,,500001.0,1000000.0,,system_import,system_import,2026-07-25T06:52:12.141493+00:00,2026-07-25T06:52:12.141493+00:00,
787fb253-97ad-4272-9233-13efd6b2de22,ae79471e-c662-4f6d-ad73-a5fee67b9a56,200001.0,500000.0,,,,,,,,,,200001.0,500000.0,,system_import,system_import,2026-07-25T06:52:12.141493+00:00,2026-07-25T06:52:12.141493+00:00,
0e4a9c10-eff8-48a2-8c0f-4fb33274d6d1,908c38a5-9f48-42c0-be5b-c5ad78e6d108,1000001.0,1500000.0,,,,,,,,,,1000001.0,1500000.0,,system_import,system_import,2026-07-25T06:52:12.141493+00:00,2026-07-25T06:52:12.141493+00:00,
bbf300cf-c203-4fbe-8839-b73f2bf1a8fd,42a89005-50db-45a0-a36e-8db4686de7c0,200000.0,200000.0,5.0,,,,,,,,,200000.0,200000.0,,system_import,system_import,2026-07-25T06:52:12.141493+00:00,2026-07-25T06:52:12.141493+00:00,
92d99ac2-2508-4c5f-8099-198be028d574,89be6e26-506b-46ef-beb9-fee54a783dc6,500001.0,1000000.0,,,,,,,,,,500001.0,1000000.0,,system_import,system_import,2026-07-25T06:52:12.141493+00:00,2026-07-25T06:52:12.141493+00:00,
3675671e-d3a8-4ece-aba9-423500e15550,d34f76de-1bfe-4f64-aed0-5d629b1e6de9,200001.0,500000.0,,,,,,,,,,200001.0,500000.0,,system_import,system_import,2026-07-25T06:52:12.141493+00:00,2026-07-25T06:52:12.141493+00:00,
8eb8c12d-43f7-4b43-9f7e-d9b382803331,e79214c9-2d49-47c5-a2b9-27128831c997,200001.0,500000.0,,,,,,,,,,200001.0,500000.0,,system_import,system_import,2026-07-25T06:52:12.141493+00:00,2026-07-25T06:52:12.141493+00:00,
620ec756-5395-4e1d-b9b2-9f9a5223c25b,4aeb2d28-218b-4885-887b-ce5bb53ce786,500001.0,1000000.0,5000000.0,,,,,,,,,500001.0,1000000.0,,system_import,system_import,2026-07-25T06:52:12.141493+00:00,2026-07-25T06:52:12.141493+00:00,
c90fe829-b5d5-4747-b223-ca2bfe7c886a,f4f6670a-d9b4-4e17-ab6e-81343a13cdbd,500001.0,1000000.0,,,,,,,,,,500001.0,1000000.0,,system_import,system_import,2026-07-25T06:52:12.141493+00:00,2026-07-25T06:52:12.141493+00:00,
2e106235-199d-40ed-878a-324dcb959471,875a4d48-5e67-48ed-8684-c54c9c21da1d,200000.0,200000.0,5000000.0,,,,,,,,,200000.0,200000.0,,system_import,system_import,2026-07-25T06:52:12.141493+00:00,2026-07-25T06:52:12.141493+00:00,
94e4ce4e-95d8-4c8c-b43e-fa94a7763660,8c4882b5-01eb-4260-b40c-4378e16a4a2d,500001.0,1000000.0,,,,,,,,,,500001.0,1000000.0,,system_import,system_import,2026-07-25T06:52:12.141493+00:00,2026-07-25T06:52:12.141493+00:00,
5c797c71-e081-4e01-a260-55d6f45dc6fc,b7d558ea-3e30-4254-b14a-ad2da436fb7e,1500001.0,2000000.0,0.0,,,,,,,,,1500001.0,2000000.0,,system_import,system_import,2026-07-25T06:52:12.141493+00:00,2026-07-25T06:52:12.141493+00:00,
2d72041d-f464-4eab-9415-f2a43bd46376,98ccdea9-6062-4ffe-8c9c-ff85d4ff4669,200000.0,200000.0,,,,,,,,,,200000.0,200000.0,,system_import,system_import,2026-07-25T06:52:12.141493+00:00,2026-07-25T06:52:12.141493+00:00,
34b43796-8dc3-48df-bc8c-4f7fbcebc80e,2b149a06-4dd5-4e18-b9bb-a0a659aed40d,3000001.0,5000000.0,,,,,,,,,,3000001.0,5000000.0,,system_import,system_import,2026-07-25T06:52:12.141493+00:00,2026-07-25T06:52:12.141493+00:00,
552f8d63-9d45-4680-8ad1-0617d3c6b887,4921e88d-8110-41dd-9392-bac63c38b01f,500001.0,1000000.0,,,,,,,,,,500001.0,1000000.0,,system_import,system_import,2026-07-25T06:52:12.141493+00:00,2026-07-25T06:52:12.141493+00:00,
1d509b1d-cb89-4ea2-9e2d-cde9e112de8b,2667c2d4-9aac-417b-b36e-d7ae4e88c138,200001.0,500000.0,,,,,,,,,,200001.0,500000.0,,system_import,system_import,2026-07-25T06:52:12.141493+00:00,2026-07-25T06:52:12.141493+00:00,
d795d584-7580-418d-9e48-41942d31bc75,24129304-b79d-4a22-9a99-40afb18e461c,200001.0,500000.0,,,,,,,,,,200001.0,500000.0,,system_import,system_import,2026-07-25T06:52:12.141493+00:00,2026-07-25T06:52:12.141493+00:00,
b8e37bda-2d1a-4740-89d8-c42fe42720f3,24d0836c-ae82-4bba-aa8c-a939c678c4bb,200001.0,500000.0,,,,,,,,,,200001.0,500000.0,,system_import,system_import,2026-07-25T06:52:12.141493+00:00,2026-07-25T06:52:12.141493+00:00,
ab9c7082-9852-44ed-aac7-682135b1d876,b862efca-f2ee-4e5b-914a-35dc19a3e9fc,200001.0,500000.0,,,,,,,,,,200001.0,500000.0,,system_import,system_import,2026-07-25T06:52:12.141493+00:00,2026-07-25T06:52:12.141493+00:00,
efa949aa-9da1-4c0f-9649-0ecadaa01f81,8ef598b1-3325-430f-927a-8bdc4ceae6e8,200000.0,200000.0,,,,,,,,,,200000.0,200000.0,,system_import,system_import,2026-07-25T06:52:12.141493+00:00,2026-07-25T06:52:12.141493+00:00,
d0592577-d79f-473c-bf4c-26472c76c47c,b40de5e3-cb4a-433d-8421-b5889e151776,3173.0,3173.0,,,,,,,,,,,,,system_import,system_import,2026-07-25T06:52:12.141493+00:00,2026-07-25T06:52:12.141493+00:00,
86578130-4c20-463d-866f-ed3ea8d24f5f,3c819bc6-8062-47b0-a76b-6e254e573d0a,500001.0,1000000.0,,,,,,,,,,500001.0,1000000.0,,system_import,system_import,2026-07-25T06:52:12.141493+00:00,2026-07-25T06:52:12.141493+00:00,
b2c4df82-bf30-4731-aa27-41e492a25b53,79bf892a-0e54-436a-b1c1-3944611286d6,200001.0,500000.0,,,,,,,,,,200001.0,500000.0,,system_import,system_import,2026-07-25T06:52:12.141493+00:00,2026-07-25T06:52:12.141493+00:00,
8eda8f13-f5ad-4e56-837a-32707771808e,1c900892-2f40-4b0d-a683-6a20dd2e2f6c,200000.0,200000.0,,,,,,,,,,200000.0,200000.0,,system_import,system_import,2026-07-25T06:52:12.141493+00:00,2026-07-25T06:52:12.141493+00:00,
9d9bf940-6d34-420e-a768-48b12dd19df5,69363220-dc33-4a10-9506-b09fab1a0463,200000.0,200000.0,300000.0,,,,,,,,,200000.0,200000.0,,system_import,system_import,2026-07-25T06:52:12.141493+00:00,2026-07-25T06:52:12.141493+00:00,
579314a6-460e-4db6-ac9d-8f41381d5270,8e96ea38-8c0e-45c9-bb70-9e9f1ebacbea,2000001.0,3000000.0,,,,,,,,,,2000001.0,3000000.0,,system_import,system_import,2026-07-25T06:52:12.141493+00:00,2026-07-25T06:52:12.141493+00:00,
0edee750-b77b-4fa5-8073-e28498f87fd9,fdbc0e97-888e-45f2-a20c-5101a1d46f65,1000001.0,1500000.0,500000.0,,,,,,,,,1000001.0,1500000.0,,system_import,system_import,2026-07-25T06:52:12.141493+00:00,2026-07-25T06:52:12.141493+00:00,
fd4e7d95-7a5b-4beb-950d-7a7e7c255cbd,b50c9f09-e908-4b57-9c28-75090b1df579,200001.0,500000.0,,,,,,,,,,200001.0,500000.0,,system_import,system_import,2026-07-25T06:52:12.141493+00:00,2026-07-25T06:52:12.141493+00:00,
c2ae3116-16d1-4fd5-b21a-536b2797f51f,1bffaae0-381a-4724-a803-bf2392a8e1da,2000001.0,3000000.0,100000.0,,,,,,,,,2000001.0,3000000.0,,system_import,system_import,2026-07-25T06:52:12.141493+00:00,2026-07-25T06:52:12.141493+00:00,
e14073a5-961f-4edc-aaa1-2ae721118baf,6e7b8e1f-4476-49af-9d78-c5da19861fb6,200001.0,500000.0,,,,,,,,,,200001.0,500000.0,,system_import,system_import,2026-07-25T06:52:12.141493+00:00,2026-07-25T06:52:12.141493+00:00,
3f34a3b9-836d-4cff-9542-40f4308ca34d,40563482-d9ca-4b23-a39f-2eb47f7cf874,3000001.0,5000000.0,,,,,,,,,,3000001.0,5000000.0,,system_import,system_import,2026-07-25T06:52:12.141493+00:00,2026-07-25T06:52:12.141493+00:00,
c04a1034-a8fa-4340-a9b6-65a6872e78fe,e743d58c-745f-44b6-96c6-7411a0f1e3b7,500001.0,1000000.0,,,,,,,,,,500001.0,1000000.0,,system_import,system_import,2026-07-25T06:52:12.141493+00:00,2026-07-25T06:52:12.141493+00:00,
f7753301-3a5c-42b1-8b4d-e7dbd1d4bb75,231ecbbc-1be6-49b1-a513-c76b824c5bb4,200000.0,200000.0,20000.0,,,,,,,,,200000.0,200000.0,,system_import,system_import,2026-07-25T06:52:12.141493+00:00,2026-07-25T06:52:12.141493+00:00,
4ee7e269-55c2-4977-a49a-cdcc52262618,dfff1316-afa8-4466-bde5-934b544d5f28,200001.0,500000.0,,,,,,,,,,200001.0,500000.0,,system_import,system_import,2026-07-25T06:52:12.141493+00:00,2026-07-25T06:52:12.141493+00:00,
5db3bf8e-7fbc-42b1-bee5-9c05bc6a8f4b,5a46a272-8022-40a5-bd92-f70dd5ed2c13,1000001.0,1500000.0,200000.0,,,,,,,,,1000001.0,1500000.0,,system_import,system_import,2026-07-25T06:52:12.141493+00:00,2026-07-25T06:52:12.141493+00:00,
b0479e63-2289-4aeb-ab9e-9d2015d22998,85e39630-bfa7-4bba-b232-4d520bdeb7ed,500001.0,1000000.0,,,,,,,,,,500001.0,1000000.0,,system_import,system_import,2026-07-25T06:52:12.141493+00:00,2026-07-25T06:52:12.141493+00:00,
2d311526-abd4-4e02-bc0a-400d08a7fc6d,d7950544-65b9-4030-a76c-c27f20034b4e,200001.0,500000.0,,,,,,,,,,200001.0,500000.0,,system_import,system_import,2026-07-25T06:52:12.141493+00:00,2026-07-25T06:52:12.141493+00:00,
ee0f948a-e39f-4e43-97ab-d7ba32bd057a,d80fdd0e-f7ae-42be-b79c-a2ee24c6db83,500001.0,1000000.0,,,,,,,,,,500001.0,1000000.0,,system_import,system_import,2026-07-25T06:52:12.141493+00:00,2026-07-25T06:52:12.141493+00:00,
79926266-89d7-4015-8c8d-7b9eb0c90551,5ba06c5f-4f78-4d92-8e18-11d6f3bfb4b9,500001.0,1000000.0,,,,,,,,,,500001.0,1000000.0,,system_import,system_import,2026-07-25T06:52:12.141493+00:00,2026-07-25T06:52:12.141493+00:00,
38469649-2e34-49b6-9b86-8fec8378d873,14a93dc4-4125-426c-bb3d-fb376fce06cd,500001.0,1000000.0,,,,,,,,,,500001.0,1000000.0,,system_import,system_import,2026-07-25T06:52:12.141493+00:00,2026-07-25T06:52:12.141493+00:00,
b5347d96-5b6c-4d37-9afe-4aa82787031e,fb764a53-b7db-4c54-b4cf-7157345caa02,1.0,1.0,,,,,,,,,,1.0,1.0,,system_import,system_import,2026-07-25T06:52:12.141493+00:00,2026-07-25T06:52:12.141493+00:00,
f268d725-907b-4958-be0c-387a1d526aff,faa48203-0b0c-45b0-8a92-2b7d3384c3f0,1500001.0,2000000.0,,,,,,,,,,1500001.0,2000000.0,,system_import,system_import,2026-07-25T06:52:12.141493+00:00,2026-07-25T06:52:12.141493+00:00,
82990c30-f50f-4452-bb0d-819bbe585c64,623ad64e-6a26-4cca-a47c-225feec64a3d,1000001.0,1500000.0,,,,,,,,,,1000001.0,1500000.0,,system_import,system_import,2026-07-25T06:52:12.141493+00:00,2026-07-25T06:52:12.141493+00:00,
d757f0fe-6cd7-4e59-855a-0b754c7592ed,308d912b-904c-4eaf-a34b-9cc8d15e6073,200000.0,200000.0,500000.0,,,,,,,,,100000.0,200000.0,,system_import,system_import,2026-07-25T06:52:12.141493+00:00,2026-07-25T06:52:12.141493+00:00,
22692ea3-b3dc-4d7a-83f7-fbea60841ad7,5ced2e8c-dd7e-4d47-a888-766c6d369a7e,1500001.0,2000000.0,,,,,,,,,,1500001.0,2000000.0,,system_import,system_import,2026-07-25T06:52:12.141493+00:00,2026-07-25T06:52:12.141493+00:00,
93d75538-a66a-425e-9bff-6e9c04804e5e,02d018a2-f33a-4cd8-a64f-9522ff26f804,500001.0,1000000.0,,,,,,,,,,500001.0,1000000.0,,system_import,system_import,2026-07-25T06:52:12.141493+00:00,2026-07-25T06:52:12.141493+00:00,
e6ed371d-3e91-4d9e-aa90-240f4a4b73cb,b798fc07-654a-4e4d-90e7-210f756025e2,200000.0,200000.0,,,,,,,,,,200000.0,200000.0,,system_import,system_import,2026-07-25T06:52:12.141493+00:00,2026-07-25T06:52:12.141493+00:00,
8a7fe113-7eef-478c-a23d-d2cce6006ef3,3b286d7c-c457-49cd-a9d2-7b01638ad77d,1500001.0,2000000.0,,,,,,,,,,1500001.0,2000000.0,,system_import,system_import,2026-07-25T06:52:12.141493+00:00,2026-07-25T06:52:12.141493+00:00,
e911d57b-b80f-4327-b5d9-75c03fb8a205,d9e32d26-dc1a-4183-95a4-b1fbc5963cc4,200001.0,500000.0,,,,,,,,,,200001.0,500000.0,,system_import,system_import,2026-07-25T06:52:12.141493+00:00,2026-07-25T06:52:12.141493+00:00,
b5d441e3-d61f-42aa-b67d-9da85d82b495,d586cc1f-ff01-4485-b5db-2632cadcf068,2000001.0,3000000.0,,,,,,,,,,2000001.0,3000000.0,,system_import,system_import,2026-07-25T06:52:12.141493+00:00,2026-07-25T06:52:12.141493+00:00,
680ea57b-b4de-4e3f-a45e-6a91b250df89,a358300d-0b8f-4b33-a52e-f035970addbf,1.0,1.0,,,,,,,,,,1.0,1.0,,system_import,system_import,2026-07-25T06:52:12.141493+00:00,2026-07-25T06:52:12.141493+00:00,
a61eca68-7f9b-4148-a108-0000fd44025a,37948d04-3229-4a69-8f4a-42cbd5650676,200000.0,200000.0,,,,,,,,,,200000.0,200000.0,,system_import,system_import,2026-07-25T06:52:12.141493+00:00,2026-07-25T06:52:12.141493+00:00,
14151a03-b487-47f3-8393-08d550ceec88,22a7a2a5-3902-4245-8905-e7af4b71e964,200001.0,500000.0,,,,,,,,,,200001.0,500000.0,,system_import,system_import,2026-07-25T06:52:12.141493+00:00,2026-07-25T06:52:12.141493+00:00,
17e1de08-5730-4cda-82d9-e1559446a554,734ceac3-c117-43f7-97cf-382433a6672f,5000001.0,1.0,,,,,,,,,,5000001.0,1.0,,system_import,system_import,2026-07-25T06:52:12.141493+00:00,2026-07-25T06:52:12.141493+00:00,
82e1fd17-e2c7-48ed-bb90-c1911e2a4688,7e37c42e-0199-472d-8006-8ec1c6f41057,2000001.0,3000000.0,,,,,,,,,,2000001.0,3000000.0,,system_import,system_import,2026-07-25T06:52:12.141493+00:00,2026-07-25T06:52:12.141493+00:00,
c9ba8523-a602-4368-a78e-28fd60563ccc,64846bf6-e930-46b5-beb3-46ec67aaecde,1500000.0,3000000.0,,,,,,,,,,3000001.0,5000000.0,,system_import,system_import,2026-07-25T06:52:12.141493+00:00,2026-07-25T06:52:12.141493+00:00,
4c3b2e84-bf77-41aa-a4a3-4fa2126b2392,0e37a97e-8653-490a-af09-c74b5f720c7d,3000001.0,5000000.0,,,,,,,,,,3000001.0,5000000.0,,system_import,system_import,2026-07-25T06:52:12.141493+00:00,2026-07-25T06:52:12.141493+00:00,
afae36b2-f645-4dcf-bb35-d4662dad677e,7e609dea-229c-4241-98a6-d083a9d20a1c,200000.0,200000.0,,,,,,,,,,200000.0,200000.0,,system_import,system_import,2026-07-25T06:52:12.141493+00:00,2026-07-25T06:52:12.141493+00:00,
2654facb-21fa-4834-9ee9-fc78394f8854,6f8d250d-f47e-4aa1-a36f-1b90386b0fa9,200000.0,200000.0,,,,,,,,,,200000.0,200000.0,,system_import,system_import,2026-07-25T06:52:12.141493+00:00,2026-07-25T06:52:12.141493+00:00,
22ac8268-0404-42a5-bd2d-bd33a16521ae,6c0cc6b9-3821-43b8-a89f-c8ac00bc78eb,1000001.0,1500000.0,,,,,,,,,,1000001.0,1500000.0,,system_import,system_import,2026-07-25T06:52:12.141493+00:00,2026-07-25T06:52:12.141493+00:00,
11f360b0-d035-47cb-9606-0f86e972fd57,24a3866f-f053-4bc3-a5f2-df1147f1fe31,200001.0,500000.0,,,,,,,,,,200001.0,500000.0,,system_import,system_import,2026-07-25T06:52:12.141493+00:00,2026-07-25T06:52:12.141493+00:00,
cdce0261-5c56-440a-83ef-10a008134ee9,51404498-0978-4245-973e-4cb79a08a9a3,200001.0,500000.0,,,,,,,,,,200001.0,500000.0,,system_import,system_import,2026-07-25T06:52:12.141493+00:00,2026-07-25T06:52:12.141493+00:00,
ad7e61e6-b7b5-4783-8ec0-b048f9981436,9c823d70-5899-4ca2-84df-007978c84b9e,500001.0,1000000.0,,,,,,,,,,500001.0,1000000.0,,system_import,system_import,2026-07-25T06:52:12.141493+00:00,2026-07-25T06:52:12.141493+00:00,
ab9d625b-a619-4b79-9d16-9e67490e9d68,0ba49d1e-2131-4024-bded-c6c588ae62dc,200001.0,500000.0,1500000.0,,,,,,,,,200001.0,500000.0,,system_import,system_import,2026-07-25T06:52:12.141493+00:00,2026-07-25T06:52:12.141493+00:00,
1992b27a-34a8-4792-ba44-320f78c6235e,63dcab56-ba7f-4da3-a995-974e1abbd4dc,500001.0,1000000.0,,,,,,,,,,500001.0,1000000.0,,system_import,system_import,2026-07-25T06:52:12.141493+00:00,2026-07-25T06:52:12.141493+00:00,
f1f7d333-3aa8-45d2-94a6-8c03b8be1d8a,46065272-94ee-4885-860a-5518050aceae,3000001.0,5000000.0,,,,,,,,,,3000001.0,5000000.0,,system_import,system_import,2026-07-25T06:52:12.141493+00:00,2026-07-25T06:52:12.141493+00:00,
fc7106b6-ed60-4b0e-9896-b96e88a5d087,72cfa3a6-d0f9-47b3-afc0-19b5cc6f0c12,2000001.0,3000000.0,,,,,,,,,,2000001.0,3000000.0,,system_import,system_import,2026-07-25T06:52:12.141493+00:00,2026-07-25T06:52:12.141493+00:00,
15fce8a7-5c46-4bdc-8261-50b0d2e7e2c5,374d1a84-0874-4f94-b972-747edbb90cce,12488.0,12488.0,,,,,,,,,,,,,system_import,system_import,2026-07-25T06:52:12.141493+00:00,2026-07-25T06:52:12.141493+00:00,
304ca9db-a7b2-4873-87a9-d380d1749792,83d69b54-5d74-449c-8143-95bf08e1880f,200001.0,500000.0,,,,,,,,,,200001.0,500000.0,,system_import,system_import,2026-07-25T06:52:12.141493+00:00,2026-07-25T06:52:12.141493+00:00,
cbf660a8-8c93-4b2a-8662-c6ebbdf56732,68861ea4-f0ab-44b0-a35d-125a56065cdc,200000.0,200000.0,500000.0,,,,,,,,,200000.0,200000.0,,system_import,system_import,2026-07-25T06:52:12.141493+00:00,2026-07-25T06:52:12.141493+00:00,
91417c37-7e2f-4060-bd9c-64653585e784,0b3563c2-99b4-40c1-a64a-2a0140584af2,200000.0,250000.0,100000.0,,,,,,,,,200000.0,200000.0,,system_import,system_import,2026-07-25T06:52:12.141493+00:00,2026-07-25T06:52:12.141493+00:00,
2a7d77e5-fd91-48ab-8087-6cb4b8c258ea,93271d47-0d66-4af2-81a2-5f9db2cae833,1000001.0,1500000.0,,,,,,,,,,1000001.0,1500000.0,,system_import,system_import,2026-07-25T06:52:12.141493+00:00,2026-07-25T06:52:12.141493+00:00,
dc9373a3-c6ef-41e8-9291-0790abb04f3f,03b0baa6-acf1-4be6-a799-d6f36216d11d,200001.0,500000.0,,,,,,,,,,200001.0,500000.0,,system_import,system_import,2026-07-25T06:52:12.141493+00:00,2026-07-25T06:52:12.141493+00:00,
5e963e51-3c48-4c8c-ab5e-ea707dc807c1,5355560f-2767-442b-a32c-2d96026cb5f6,1000001.0,1500000.0,,,,,,,,,,1000001.0,1500000.0,,system_import,system_import,2026-07-25T06:52:12.141493+00:00,2026-07-25T06:52:12.141493+00:00,
38f4eed1-35bb-4b48-939e-6ffad1f4f2cd,2287709e-6a84-42e7-b03e-2e294896feb4,500001.0,1000000.0,500000.0,,,,,,,,,500001.0,1000000.0,,system_import,system_import,2026-07-25T06:52:12.141493+00:00,2026-07-25T06:52:12.141493+00:00,
6cb5a5e0-9e9e-4f1d-8934-c7c70709dec6,2d4ea470-e12b-439f-a61b-573f09ffd3d8,200001.0,500000.0,,,,,,,,,,200001.0,500000.0,,system_import,system_import,2026-07-25T06:52:12.141493+00:00,2026-07-25T06:52:12.141493+00:00,
68d60477-10c5-45ff-a2dd-c4e24c8a75ca,8d9a5820-5dc5-4fe4-adf5-18fda4385339,1000001.0,1500000.0,,,,,,,,,,1000001.0,1500000.0,,system_import,system_import,2026-07-25T06:52:12.141493+00:00,2026-07-25T06:52:12.141493+00:00,
77e32ba5-63ba-4c29-807a-fac3822651cc,327fccf9-fc38-427c-9f29-3f8b64b284b3,500001.0,1000000.0,,,,,,,,,,500001.0,1000000.0,,system_import,system_import,2026-07-25T06:52:12.141493+00:00,2026-07-25T06:52:12.141493+00:00,
5bc5d258-13f3-41e8-be04-308c1d3a8803,bdb4c17b-4e4a-42ff-a902-8ab21f7901cc,3000001.0,5000000.0,,,,,,,,,,3000001.0,5000000.0,,system_import,system_import,2026-07-25T06:52:12.141493+00:00,2026-07-25T06:52:12.141493+00:00,
18be0b3e-d7fa-4337-a892-655297489ba0,bc57de49-253b-4ce9-a14d-633777be182a,1500001.0,2000000.0,,,,,,,,,,1500001.0,2000000.0,,system_import,system_import,2026-07-25T06:52:12.141493+00:00,2026-07-25T06:52:12.141493+00:00,
6f842f10-3a77-4103-b47c-6b8da17059c4,3d5a8509-b7a7-470f-bcb0-7b095e8160f7,200000.0,200000.0,,,,,,,,,,200000.0,200000.0,,system_import,system_import,2026-07-25T06:52:12.141493+00:00,2026-07-25T06:52:12.141493+00:00,
55497ffd-2588-4169-ac60-03fd11f4dbd7,e730c936-6b02-48ba-8e39-b29f7a354b3b,200001.0,500000.0,,,,,,,,,,200001.0,500000.0,,system_import,system_import,2026-07-25T06:52:12.141493+00:00,2026-07-25T06:52:12.141493+00:00,
4bbfdab7-5d7e-48d9-972b-b8afb5608f06,ad36f543-485a-4004-b5f0-76bd7d024ec0,1000001.0,1500000.0,,,,,,,,,,1000001.0,1500000.0,,system_import,system_import,2026-07-25T06:52:12.141493+00:00,2026-07-25T06:52:12.141493+00:00,
bf3f858c-ee0b-417d-a6ae-e6d32b7f7a6e,51f08472-5395-44ca-864c-8f081778656b,1500001.0,2000000.0,,,,,,,,,,1500001.0,2000000.0,,system_import,system_import,2026-07-25T06:52:12.141493+00:00,2026-07-25T06:52:12.141493+00:00,
d14e9638-45c8-46f7-ba05-2680072f6893,93ea40b3-5901-431f-9550-a6c329bd9340,1500001.0,2000000.0,,,,,,,,,,1500001.0,2000000.0,,system_import,system_import,2026-07-25T06:52:12.141493+00:00,2026-07-25T06:52:12.141493+00:00,
402a7ce9-fa09-4180-8080-73ea6f6c619f,5bbeeaed-24d1-4f6e-baa2-8238c9f99fac,500001.0,1000000.0,,,,,,,,,,500001.0,1000000.0,,system_import,system_import,2026-07-25T06:52:12.141493+00:00,2026-07-25T06:52:12.141493+00:00,
ba3af2a0-b511-4416-a2a3-1d2d38a42903,2d6a1d66-31d4-4635-ba6d-02f0111f8587,200000.0,200000.0,,,,,,,,,,2.0,3.0,,system_import,system_import,2026-07-25T06:52:12.141493+00:00,2026-07-25T06:52:12.141493+00:00,
0f20b9d0-099e-44b9-8827-c2d8f2d1606e,1fc1b5c9-69df-4978-a30a-a04d9edc35db,400000.0,400000.0,,,,,,,,,,500001.0,1000000.0,,system_import,system_import,2026-07-25T06:52:12.141493+00:00,2026-07-25T06:52:12.141493+00:00,
376c7367-460c-4977-b192-c508e2c4e5a2,b82ba712-b9f3-46b4-a002-6d715811b8e4,3000001.0,5000000.0,,,,,,,,,,3000001.0,5000000.0,,system_import,system_import,2026-07-25T06:52:12.141493+00:00,2026-07-25T06:52:12.141493+00:00,
ab2910cd-f17d-471e-a8ab-7ca38f79acc3,d7e7ad24-b7ac-4c5e-882a-ee4117fa5888,100000.0,200000.0,,,,,,,,,,100000.0,200000.0,,system_import,system_import,2026-07-25T06:52:12.141493+00:00,2026-07-25T06:52:12.141493+00:00,
cae13f05-fb5f-4f49-8ce5-166988842913,5a8bff6f-489c-4605-8791-a1dba53f57d8,500000.0,3000000.0,100000.0,,,,,,,,,1500001.0,2000000.0,,system_import,system_import,2026-07-25T06:52:12.141493+00:00,2026-07-25T06:52:12.141493+00:00,
26c02263-9f59-4d13-b8b4-45a28925b7ee,604d7620-905e-45f0-9f53-5cca8284bdfc,200000.0,200000.0,25000.0,,,,,,,,,,,,system_import,system_import,2026-07-25T06:52:12.141493+00:00,2026-07-25T06:52:12.141493+00:00,
9f398fd8-1281-4553-afb7-a1846906863c,c19f271f-b8d3-46c5-bc22-e73f912ee689,1500000.0,1500000.0,200000.0,,,,,,,,,1000001.0,1500000.0,,system_import,system_import,2026-07-25T06:52:12.141493+00:00,2026-07-25T06:52:12.141493+00:00,
220daeef-d6a4-41a1-b075-54c5a8f90f8b,61635a97-1afb-4b0c-b73f-94a14c6eba82,100000.0,100000.0,,,,,,,,,,200000.0,200000.0,,system_import,system_import,2026-07-25T06:52:12.141493+00:00,2026-07-25T06:52:12.141493+00:00,
6e7fd5b8-37e5-4f33-85f8-1a2cdc355c64,03c41a47-c715-42c0-9286-2fb9bfd15169,200000.0,200000.0,,,,,,,,,,200000.0,200000.0,,system_import,system_import,2026-07-25T06:52:12.141493+00:00,2026-07-25T06:52:12.141493+00:00,
ecc13cd4-f4d4-462d-b30a-e28b55dc008f,4d2caffd-59ff-4110-9c2b-af1dd3fc4095,2000000.0,2000000.0,,,,,,,,,,2000001.0,3000000.0,,system_import,system_import,2026-07-25T06:52:12.141493+00:00,2026-07-25T06:52:12.141493+00:00,
5f29266a-d8cd-4a7c-90eb-7166cdb46854,cc6f6e0e-f178-4d71-a78d-b5416e0a8fdd,200000.0,200000.0,,,,,,,,,,200001.0,500000.0,,system_import,system_import,2026-07-25T06:52:12.141493+00:00,2026-07-25T06:52:12.141493+00:00,
7094b987-fc03-454f-ae99-f0adb164e979,92ffd6a2-deee-4bc0-b3d2-40ccccec2812,200001.0,200000.0,,,,,,,,,,200001.0,500000.0,,system_import,system_import,2026-07-25T06:52:12.141493+00:00,2026-07-25T06:52:12.141493+00:00,
732eb296-ecad-48ce-bd22-d6f25467a358,485428aa-dc4b-4ced-919b-53926640c009,150000.0,150000.0,25.0,,,,,,,,,200000.0,200000.0,,system_import,system_import,2026-07-25T06:52:12.141493+00:00,2026-07-25T06:52:12.141493+00:00,
fe2f04b7-64a4-4913-8253-ff8ac87860c2,654ed053-7211-40d5-b69c-625b329416af,200000.0,200000.0,251000.0,,,,,,,,,200000.0,200000.0,,system_import,system_import,2026-07-25T06:52:12.141493+00:00,2026-07-25T06:52:12.141493+00:00,
a5c6dde2-9e28-4734-a1ef-467792f2645a,8cbf068c-29a2-4939-ae8d-f786954c6095,200000.0,200000.0,,,,,,,,,,200000.0,200000.0,,system_import,system_import,2026-07-25T06:52:12.141493+00:00,2026-07-25T06:52:12.141493+00:00,
56982396-91ef-4ed0-91dd-018e15035c82,dd2174f0-f50c-4afc-92e7-95a732082ba5,1000001.0,1500000.0,,,,,,,,,,1000001.0,1500000.0,,system_import,system_import,2026-07-25T06:52:12.141493+00:00,2026-07-25T06:52:12.141493+00:00,
8b958d13-4b35-447e-bc49-ff9d37979c18,7b537764-4e14-47d1-8d77-1d6a7de8c85c,200001.0,500000.0,,,,,,,,,,200001.0,500000.0,,system_import,system_import,2026-07-25T06:52:12.141493+00:00,2026-07-25T06:52:12.141493+00:00,
11424670-e59e-4e3a-a933-95fa0d69065f,6e077d40-42de-41df-a6d7-1bbd5e4c61ee,200000.0,200000.0,,,,,,,,,,200000.0,200000.0,,system_import,system_import,2026-07-25T06:52:12.141493+00:00,2026-07-25T06:52:12.141493+00:00,
cc9e1ec9-d603-4ab3-8350-116fea53c20e,76dac645-5658-4601-b6de-f6a25be88b1d,1000001.0,1500000.0,,,,,,,,,,1000001.0,1500000.0,,system_import,system_import,2026-07-25T06:52:12.141493+00:00,2026-07-25T06:52:12.141493+00:00,
198eb940-87d4-4c2d-b5aa-eb58017f96a8,a329ec5f-3f8e-43ab-b22b-d299318d542b,1000001.0,1500000.0,,,,,,,,,,1000001.0,1500000.0,,system_import,system_import,2026-07-25T06:52:12.141493+00:00,2026-07-25T06:52:12.141493+00:00,
9b865e29-c7b6-4612-bb12-7c07619f097e,e8fc9528-aa89-4990-833d-fdb4ce9d9661,200000.0,200000.0,,,,,,,,,,200000.0,200000.0,,system_import,system_import,2026-07-25T06:52:12.141493+00:00,2026-07-25T06:52:12.141493+00:00,
f222f30c-86f1-46ec-be9f-ee2d241b36e6,4c47708c-71b8-41ae-b14f-62af66f4cb39,200001.0,500000.0,,,,,,,,,,200001.0,500000.0,,system_import,system_import,2026-07-25T06:52:12.141493+00:00,2026-07-25T06:52:12.141493+00:00,
c5d2992c-786c-4cfe-b9c6-9affbe653960,121dc090-c9bb-4cd0-868d-0c9300154e92,200001.0,500000.0,1000000.0,,,,,,,,,200001.0,500000.0,,system_import,system_import,2026-07-25T06:52:12.141493+00:00,2026-07-25T06:52:12.141493+00:00,
e4180f4a-97fa-42dd-b462-f12551a30faf,7ad00734-75f4-467b-b56f-7e6d6aeab655,1000001.0,1500000.0,,,,,,,,,,1000001.0,1500000.0,,system_import,system_import,2026-07-25T06:52:12.141493+00:00,2026-07-25T06:52:12.141493+00:00,
ce72f9b4-31c8-433f-9a70-092d9d17577b,77bd0aaf-7e29-4dfc-9845-e914a23109e7,500001.0,1000000.0,,,,,,,,,,500001.0,1000000.0,,system_import,system_import,2026-07-25T06:52:12.141493+00:00,2026-07-25T06:52:12.141493+00:00,
c04a79b1-3c56-4285-b26d-a6fa50969775,7422d5d0-38df-4da8-ba9d-3e94b0c2c4e6,200001.0,500000.0,,,,,,,,,,200001.0,500000.0,,system_import,system_import,2026-07-25T06:52:12.141493+00:00,2026-07-25T06:52:12.141493+00:00,
6988a34f-575b-420c-9137-eb83d952f24a,8179b678-ed35-4c1b-b287-2e1ca9647713,200000.0,200000.0,,,,,,,,,,200000.0,200000.0,,system_import,system_import,2026-07-25T06:52:12.141493+00:00,2026-07-25T06:52:12.141493+00:00,
04c7b054-3b88-4171-955f-c23348b99f3f,d57a3094-94c5-4b39-b8b3-3cceeee806be,500001.0,1000000.0,,,,,,,,,,500001.0,1000000.0,,system_import,system_import,2026-07-25T06:52:12.141493+00:00,2026-07-25T06:52:12.141493+00:00,
a12d6133-d840-4c3e-ad33-8d09df1b4f89,4587c135-165d-4545-b8eb-c62a441844bd,200000.0,200000.0,150000.0,,,,,,,,,200000.0,200000.0,,system_import,system_import,2026-07-25T06:52:12.141493+00:00,2026-07-25T06:52:12.141493+00:00,
a2e315c1-2afd-4c13-905a-4569db83c1b8,84153deb-e8bb-4976-8e69-1a6277a06163,200000.0,200000.0,,,,,,,,,,200000.0,200000.0,,system_import,system_import,2026-07-25T06:52:12.141493+00:00,2026-07-25T06:52:12.141493+00:00,
320015b8-e468-43f9-b225-a5e64305b103,7411899d-349e-4f5e-99c9-44cba5a572a9,200000.0,200000.0,,,,,,,,,,200000.0,200000.0,,system_import,system_import,2026-07-25T06:52:12.141493+00:00,2026-07-25T06:52:12.141493+00:00,
88a9280f-eee1-4242-8e68-6ede325a0a4f,ca455e1c-f60b-41ab-a09d-f1de2aebe63c,200000.0,200000.0,500000.0,,,,,,,,,200000.0,200000.0,,system_import,system_import,2026-07-25T06:52:12.141493+00:00,2026-07-25T06:52:12.141493+00:00,
0222b5b3-4628-4886-bea4-efeaa9076bc1,2a092b42-ff6a-458f-a159-7dbc0548f122,200000.0,200000.0,,,,,,,,,,200000.0,200000.0,,system_import,system_import,2026-07-25T06:52:12.141493+00:00,2026-07-25T06:52:12.141493+00:00,
2888e802-f0d4-48cc-904e-2eba9b70ab1e,578b9d2c-dbd0-4042-83ac-89a948e84eea,200000.0,200000.0,,,,,,,,,,200000.0,200000.0,,system_import,system_import,2026-07-25T06:52:12.141493+00:00,2026-07-25T06:52:12.141493+00:00,
052ed314-0802-453a-ad41-f0e372cb983a,d1d44168-84a4-47c7-9e7a-95c26ff441a1,200001.0,500000.0,200000.0,,,,,,,,,200001.0,500000.0,,system_import,system_import,2026-07-25T06:52:12.141493+00:00,2026-07-25T06:52:12.141493+00:00,
9098b804-0cb2-4e0f-8a99-000d3979523d,0daf8cdd-60df-4475-8e9b-e0c80426f28c,200001.0,500000.0,,,,,,,,,,200001.0,500000.0,,system_import,system_import,2026-07-25T06:52:12.141493+00:00,2026-07-25T06:52:12.141493+00:00,
87a62491-f38e-484f-8a6b-8d76daade4b8,82871388-91dd-443f-a9f3-6a4ce453272f,200001.0,500000.0,,,,,,,,,,200001.0,500000.0,,system_import,system_import,2026-07-25T06:52:12.141493+00:00,2026-07-25T06:52:12.141493+00:00,
b6e97566-3785-4baa-9f4b-566d13306fdb,e6515921-ea00-4ca7-b4e2-692e6d93e51b,200000.0,200000.0,,,,,,,,,,200000.0,200000.0,,system_import,system_import,2026-07-25T06:52:12.141493+00:00,2026-07-25T06:52:12.141493+00:00,
80765508-9b4a-41b5-bfc8-619926bbe202,68671efc-66af-45b6-aeb4-02c4d16b039f,200001.0,500000.0,100000.0,,,,,,,,,200001.0,500000.0,,system_import,system_import,2026-07-25T06:52:12.141493+00:00,2026-07-25T06:52:12.141493+00:00,
766e0bd9-4337-40ef-b729-09b4a0b3c8eb,09907c2f-b933-4719-b58b-7663657cd42b,200000.0,200000.0,,,,,,,,,,200000.0,200000.0,,system_import,system_import,2026-07-25T06:52:12.141493+00:00,2026-07-25T06:52:12.141493+00:00,
7cb652f6-cbf2-413e-b44a-62c848f8bf2a,666b6364-b629-4865-b31c-f15d2bb9846e,200001.0,500000.0,,,,,,,,,,200001.0,500000.0,,system_import,system_import,2026-07-25T06:52:12.141493+00:00,2026-07-25T06:52:12.141493+00:00,
04cd90d7-3e5c-4d25-a4df-9b66e5b664ef,7ceb97cf-f4b7-498d-9f98-874a52701126,500001.0,1000000.0,,,,,,,,,,500001.0,1000000.0,,system_import,system_import,2026-07-25T06:52:12.141493+00:00,2026-07-25T06:52:12.141493+00:00,
f4f32072-6394-490f-a97f-25a834041a57,574168ac-df48-4fa8-886d-be536dc87ed6,200000.0,200000.0,,,,,,,,,,200000.0,200000.0,,system_import,system_import,2026-07-25T06:52:12.141493+00:00,2026-07-25T06:52:12.141493+00:00,
65cc12a6-ec5b-421f-bead-ed0a2283d636,a86ee5cb-1678-4cee-8248-5ea0741df0af,500001.0,1000000.0,500000.0,,,,,,,,,500001.0,1000000.0,,system_import,system_import,2026-07-25T06:52:12.141493+00:00,2026-07-25T06:52:12.141493+00:00,
57fcc1ff-dbc1-4b17-888b-a51d948b5618,84e8b49b-39ee-4d18-8d07-a33121192a44,200000.0,200000.0,,,,,,,,,,200000.0,200000.0,,system_import,system_import,2026-07-25T06:52:12.141493+00:00,2026-07-25T06:52:12.141493+00:00,
d0042831-9aaa-421b-bc53-d87b4dac884c,45660c6c-6cbf-4e25-bc43-cd10f8c02c5d,6676.0,6676.0,,,,,,,,,,100000.0,100000.0,,system_import,system_import,2026-07-25T06:52:12.141493+00:00,2026-07-25T06:52:12.141493+00:00,
b0055ff9-38ff-48ea-8d99-12d664908839,06ae4487-2e3a-403a-aa92-aa62ef0f083d,1000001.0,1500000.0,,,,,,,,,,1000001.0,1500000.0,,system_import,system_import,2026-07-25T06:52:12.141493+00:00,2026-07-25T06:52:12.141493+00:00,
19293bbd-9a49-4a67-b10a-f9655f29507d,4942541d-0d86-4daf-9086-4ff0d56126cc,200001.0,500000.0,,,,,,,,,,200001.0,500000.0,,system_import,system_import,2026-07-25T06:52:12.141493+00:00,2026-07-25T06:52:12.141493+00:00,
7d26d0ff-f4d9-4270-8d56-c123687fc5c0,97a7d34d-c589-4d46-b748-5d26bb1d54c3,200000.0,200000.0,25000.0,,,,,,,,,200000.0,200000.0,,system_import,system_import,2026-07-25T06:52:12.141493+00:00,2026-07-25T06:52:12.141493+00:00,
db44920d-eab2-4b86-9adc-3ff27d1dec29,887866cc-d87c-47d8-b0a5-e1c40517b110,200000.0,200000.0,6000.0,,,,,,,,,200000.0,200000.0,,system_import,system_import,2026-07-25T06:52:12.141493+00:00,2026-07-25T06:52:12.141493+00:00,
f0aec71c-eec7-4c5a-b211-7ab3651f823a,15b2c8c5-2de7-437d-a002-47190b0ee3d8,200000.0,200000.0,,,,,,,,,,200000.0,200000.0,,system_import,system_import,2026-07-25T06:52:12.141493+00:00,2026-07-25T06:52:12.141493+00:00,
8690edd6-4d35-410d-9598-ed9e62baf9ad,0b43598a-816e-416e-8031-f8d752a1099e,200000.0,200000.0,,,,,,,,,,200000.0,200000.0,,system_import,system_import,2026-07-25T06:52:12.141493+00:00,2026-07-25T06:52:12.141493+00:00,
82be832d-0603-4258-b1d8-1df31da849cf,f595174b-090e-4a2f-b5cf-e52cdb57cf32,200000.0,200000.0,,,,,,,,,,200000.0,200000.0,,system_import,system_import,2026-07-25T06:52:12.141493+00:00,2026-07-25T06:52:12.141493+00:00,
7e719c65-e7e7-4ec0-b024-4fcb26c02786,706caab8-2ea6-4eae-8dcb-6b6451faae37,500001.0,1000000.0,,,,,,,,,,500001.0,1000000.0,,system_import,system_import,2026-07-25T06:52:12.141493+00:00,2026-07-25T06:52:12.141493+00:00,
c2dfa3a9-d8d2-4749-8423-08c8b9af44eb,925bf926-834c-4329-89d1-4609c84a4ff9,200000.0,200000.0,,,,,,,,,,200000.0,200000.0,,system_import,system_import,2026-07-25T06:52:12.141493+00:00,2026-07-25T06:52:12.141493+00:00,
42821fa7-04a0-45c0-8ec3-ea8bb8f2486a,437c485e-90b2-4222-81bd-cabeefbaa7d6,200000.0,200000.0,,,,,,,,,,200000.0,200000.0,,system_import,system_import,2026-07-25T06:52:12.141493+00:00,2026-07-25T06:52:12.141493+00:00,
633cb764-68d0-4c39-9277-0d4d196472e3,9f8b9d8f-23eb-4b47-9697-12e9b009a886,200000.0,200000.0,,,,,,,,,,200000.0,200000.0,,system_import,system_import,2026-07-25T06:52:12.141493+00:00,2026-07-25T06:52:12.141493+00:00,
b7410eb9-707a-422f-8be0-cb8d5b4f22cc,c4176e64-bf3a-4342-a212-1f8c086a395c,500001.0,1000000.0,,,,,,,,,,500001.0,1000000.0,,system_import,system_import,2026-07-25T06:52:12.141493+00:00,2026-07-25T06:52:12.141493+00:00,
118f0ae7-a272-426b-a6e6-3ce323f0204f,07b68dd9-05c7-48fd-a08a-6a240d799d3f,200001.0,500000.0,,,,,,,,,,200001.0,500000.0,,system_import,system_import,2026-07-25T06:52:12.141493+00:00,2026-07-25T06:52:12.141493+00:00,
a2b39828-a810-4758-9b4c-7e29da36829e,67dc6646-2c94-451a-8a53-866afd23da65,200001.0,500000.0,,,,,,,,,,200001.0,500000.0,,system_import,system_import,2026-07-25T06:52:12.141493+00:00,2026-07-25T06:52:12.141493+00:00,
4bb06ecf-2e46-4551-b6b4-8cd5218d75a8,322a6141-69d7-43d5-a8ee-c41b3c11ef18,200000.0,200000.0,25000.0,,,,,,,,,200000.0,200000.0,,system_import,system_import,2026-07-25T06:52:12.141493+00:00,2026-07-25T06:52:12.141493+00:00,
72e52bdd-55bd-412e-9381-fb946f6b65c0,bc2c24c6-38e5-4317-9ae1-b31684435a1a,200000.0,200000.0,,,,,,,,,,200000.0,200000.0,,system_import,system_import,2026-07-25T06:52:12.141493+00:00,2026-07-25T06:52:12.141493+00:00,
37962edf-3a02-4423-825a-8764737c72b3,5033a35f-1c4e-44c9-8400-bb74158646a6,2822.0,2822.0,,,,,,,,,,,,,system_import,system_import,2026-07-25T06:52:12.141493+00:00,2026-07-25T06:52:12.141493+00:00,
a82182bb-a6b9-4e92-bb51-5d1542be036d,ec310448-5ab5-489f-b6b2-fa8bfd01b009,500001.0,1000000.0,,,,,,,,,,500001.0,1000000.0,,system_import,system_import,2026-07-25T06:52:12.141493+00:00,2026-07-25T06:52:12.141493+00:00,
348e237c-4ffb-403d-aaae-afcbe76e5cc6,c2ab6303-26d8-44d0-91f0-ce3e620e8c37,200001.0,500000.0,,,,,,,,,,200001.0,500000.0,,system_import,system_import,2026-07-25T06:52:12.141493+00:00,2026-07-25T06:52:12.141493+00:00,
83ce065e-e0de-4ec2-b762-454417a3e32f,73b16835-49f8-4765-8039-7884b9121c24,500001.0,1000000.0,,,,,,,,,,500001.0,1000000.0,,system_import,system_import,2026-07-25T06:52:12.141493+00:00,2026-07-25T06:52:12.141493+00:00,
1f5ef516-8d7d-4a75-9a6d-66aa2f8c5784,296f82d7-7707-40fd-ab37-7df6ddbcdf0b,200000.0,200000.0,50000.0,,,,,,,,,200000.0,200000.0,,system_import,system_import,2026-07-25T06:52:12.141493+00:00,2026-07-25T06:52:12.141493+00:00,
85fc5e6f-9aa6-482e-b48c-4c2e92e56797,60712f17-b7ec-46a6-ba6c-659e00f9515d,200001.0,500000.0,,,,,,,,,,200001.0,500000.0,,system_import,system_import,2026-07-25T06:52:12.141493+00:00,2026-07-25T06:52:12.141493+00:00,
df4e8096-4f32-443a-9c2e-959cd667694e,0a5f4a6b-4326-4005-a839-cb5ac44e8766,200001.0,500000.0,,,,,,,,,,200001.0,500000.0,,system_import,system_import,2026-07-25T06:52:12.141493+00:00,2026-07-25T06:52:12.141493+00:00,
e1b81175-352c-4071-8414-d790f66b7b31,cd5fa2c9-6941-40c1-8722-78a1909e724f,500001.0,1000000.0,,,,,,,,,,500001.0,1000000.0,,system_import,system_import,2026-07-25T06:52:12.141493+00:00,2026-07-25T06:52:12.141493+00:00,
3f9e2bee-54e1-477d-ac8f-3e7dba71d30d,5f20b170-1b43-43e7-9bd6-befe067635b2,200000.0,200000.0,,,,,,,,,,200000.0,200000.0,,system_import,system_import,2026-07-25T06:52:12.141493+00:00,2026-07-25T06:52:12.141493+00:00,
61056f60-2978-4287-8eef-59b5026623e8,5a51cf5b-7a95-40a0-a5f2-b7e6905ab6a2,500001.0,1000000.0,,,,,,,,,,500001.0,1000000.0,,system_import,system_import,2026-07-25T06:52:12.141493+00:00,2026-07-25T06:52:12.141493+00:00,
ab54c308-aa5a-4b55-b347-86a748c932af,c86e576b-90ad-4894-bd00-9c1502f4d590,200001.0,500000.0,,,,,,,,,,200001.0,500000.0,,system_import,system_import,2026-07-25T06:52:12.141493+00:00,2026-07-25T06:52:12.141493+00:00,
492c032a-f36a-45bc-90b1-d5397ffba967,3abb4e0f-0e6e-47ef-ac70-e20d73d65fa3,200000.0,200000.0,,,,,,,,,,200000.0,200000.0,,system_import,system_import,2026-07-25T06:52:12.141493+00:00,2026-07-25T06:52:12.141493+00:00,
086362bf-4782-4f11-8037-e93712abd326,73a6d021-f9d3-49d2-a39a-bedff21e4452,,,,,,,,,,,,,,,system_import,system_import,2026-07-25T06:52:12.141493+00:00,2026-07-25T06:52:12.141493+00:00,
1fe245de-c5de-4a31-9336-be0752e71c7c,67477845-6b75-4c03-9fc0-dfe59cfdc6d5,500001.0,1000000.0,100000.0,,,,,,,,,500001.0,1000000.0,,system_import,system_import,2026-07-25T06:52:12.141493+00:00,2026-07-25T06:52:12.141493+00:00,
4c690eeb-0ac6-4bd3-aeff-9c35139cdc36,a256abff-d055-414e-9927-33390fc8c77e,500001.0,1000000.0,600000.0,,,,,,,,,500001.0,1000000.0,,system_import,system_import,2026-07-25T06:52:12.141493+00:00,2026-07-25T06:52:12.141493+00:00,
0d21e008-35da-43f4-98c9-e65f74dae706,ebf33731-ab34-4bd0-95d5-11970edc98d1,200000.0,200000.0,100000.0,,,,,,,,,200000.0,200000.0,,system_import,system_import,2026-07-25T06:52:12.141493+00:00,2026-07-25T06:52:12.141493+00:00,
796f6b5a-477b-43f0-a05b-1d24d95bd1db,6399f78e-d6b5-4770-8d67-72dabb1a10c8,200000.0,200000.0,,,,,,,,,,4.0,4.0,,system_import,system_import,2026-07-25T06:52:12.141493+00:00,2026-07-25T06:52:12.141493+00:00,
3bae9205-8e13-4dff-aa9c-f6d48d7a7aca,f0602b7e-6a70-4857-9524-5d823e1276b3,200000.0,200000.0,,,,,,,,,,200000.0,200000.0,,system_import,system_import,2026-07-25T06:52:12.141493+00:00,2026-07-25T06:52:12.141493+00:00,
47bbe53c-2495-4f1e-b4e2-e84f1dfceb96,cceb94cd-1604-469a-9017-19bf94967d26,200000.0,200000.0,,,,,,,,,,200000.0,200000.0,,system_import,system_import,2026-07-25T06:52:12.141493+00:00,2026-07-25T06:52:12.141493+00:00,
9c14fe60-8828-4c51-9dcd-ac18f2f0a804,436df5be-8073-498d-983b-d8c179a9a92a,200000.0,200000.0,50000.0,,,,,,,,,200000.0,200000.0,,system_import,system_import,2026-07-25T06:52:12.141493+00:00,2026-07-25T06:52:12.141493+00:00,
73fc23f6-8c71-4280-813b-8e2d4c503b79,fec8f4be-9e52-4bd9-b6e1-947cfaa57349,200000.0,200000.0,,,,,,,,,,200000.0,200000.0,,system_import,system_import,2026-07-25T06:52:12.141493+00:00,2026-07-25T06:52:12.141493+00:00,
1f7297ec-d85c-45cc-870b-aabe9cc2ba12,d89dacf8-a8dd-4222-adf4-25a11bff98fc,1.0,1.0,,,,,,,,,,1.0,1.0,,system_import,system_import,2026-07-25T06:52:12.141493+00:00,2026-07-25T06:52:12.141493+00:00,
1ee24949-cb2d-48f1-95a3-f1e97ebd57b5,02bd866d-89cc-41d8-926e-327109973987,200000.0,200000.0,,,,,,,,,,200000.0,200000.0,,system_import,system_import,2026-07-25T06:52:12.141493+00:00,2026-07-25T06:52:12.141493+00:00,
2b7df631-4e7d-4152-96ca-75903bc4bd37,9df2c604-ba28-4803-95ef-23aadcc07cf7,200000.0,200000.0,,,,,,,,,,200000.0,200000.0,,system_import,system_import,2026-07-25T06:52:12.141493+00:00,2026-07-25T06:52:12.141493+00:00,
99e7b089-58d5-4f75-bce0-d4c07357e923,cc3639b1-5f8c-4b12-92be-0d0259919f8f,200000.0,200000.0,,,,,,,,,,200000.0,200000.0,,system_import,system_import,2026-07-25T06:52:12.141493+00:00,2026-07-25T06:52:12.141493+00:00,
aaf6b133-a452-461f-b428-5ef49400cb25,cf8151f5-e469-4cef-b8d1-860e4647cc5e,200000.0,200000.0,,,,,,,,,,200000.0,200000.0,,system_import,system_import,2026-07-25T06:52:12.141493+00:00,2026-07-25T06:52:12.141493+00:00,
e3a651f1-a637-446a-b811-ca246b20ab97,a829e823-73f8-402c-9417-ee1c6ca60b55,200001.0,500000.0,,,,,,,,,,200001.0,500000.0,,system_import,system_import,2026-07-25T06:52:12.141493+00:00,2026-07-25T06:52:12.141493+00:00,
c540f11e-d517-4e3a-8039-5b4d9006a4f7,79ddd2da-e0c7-4b7a-825f-57459ba6e841,7970.0,7970.0,175000.0,,,,,,,,,7000.0,7000.0,,system_import,system_import,2026-07-25T06:52:12.141493+00:00,2026-07-25T06:52:12.141493+00:00,
b04564a0-c495-4d40-ae53-22bd985718c4,ccf879c5-88b5-47da-a7fc-56f5c1972d86,200000.0,200000.0,100000.0,,,,,,,,,360.0,360.0,,system_import,system_import,2026-07-25T06:52:12.141493+00:00,2026-07-25T06:52:12.141493+00:00,
cdf751e7-41f4-40a7-8614-8f581053ebc9,16f0d335-d34b-4fb8-9ba6-3ad74cf5722b,200001.0,500000.0,200000.0,,,,,,,,,200001.0,500000.0,,system_import,system_import,2026-07-25T06:52:12.141493+00:00,2026-07-25T06:52:12.141493+00:00,
4f479a96-044a-4d23-9290-ac381751261c,0b142f61-3433-41fd-a87a-013d13484499,200000.0,200000.0,,,,,,,,,,200000.0,200000.0,,system_import,system_import,2026-07-25T06:52:12.141493+00:00,2026-07-25T06:52:12.141493+00:00,
816e8110-5682-42a5-b16f-d5eeaa8893c0,bda6c74d-75e0-41c7-8350-ef7532d1e5ac,200000.0,200000.0,,,,,,,,,,200000.0,200000.0,,system_import,system_import,2026-07-25T06:52:12.141493+00:00,2026-07-25T06:52:12.141493+00:00,
3e99c09b-7612-465f-bd51-7c2ebc90cf7f,63b8a29d-b3e1-4f50-bfb2-456e0ddca274,200000.0,200000.0,,,,,,,,,,200000.0,200000.0,,system_import,system_import,2026-07-25T06:52:12.141493+00:00,2026-07-25T06:52:12.141493+00:00,
fc4336b0-0def-47ef-a987-e06ebb9bad1d,e830cfd8-accf-4678-963d-7df77c0f8c6c,200000.0,200000.0,,,,,,,,,,200000.0,200000.0,,system_import,system_import,2026-07-25T06:52:12.141493+00:00,2026-07-25T06:52:12.141493+00:00,
3d0e5d97-da2e-4594-8ba2-76a09d373460,c11ff065-5eab-49f9-a04a-9ceb5e2a0a7c,200001.0,500000.0,750000.0,,,,,,,,,200001.0,500000.0,,system_import,system_import,2026-07-25T06:52:12.141493+00:00,2026-07-25T06:52:12.141493+00:00,
19cefd3c-1a4d-49e8-ab50-4f5e078eb44f,f1884648-df9d-48f4-b52a-4d8fb2241c69,200000.0,200000.0,,,,,,,,,,200000.0,200000.0,,system_import,system_import,2026-07-25T06:52:12.141493+00:00,2026-07-25T06:52:12.141493+00:00,
40025455-d9c8-4ccb-a28f-d068b3495f43,d1d7d08c-e409-4ecd-a777-d3dda5daa79b,200000.0,200000.0,,,,,,,,,,200000.0,200000.0,,system_import,system_import,2026-07-25T06:52:12.141493+00:00,2026-07-25T06:52:12.141493+00:00,
ce0793c3-ebd2-4237-9460-6ec155b0e13f,54659acd-f78e-46b3-91af-ac1951313b65,200000.0,200000.0,,,,,,,,,,200000.0,200000.0,,system_import,system_import,2026-07-25T06:52:12.141493+00:00,2026-07-25T06:52:12.141493+00:00,
3c684d6f-7db0-4e83-8fe9-7e635e5cc782,acfaf163-b126-4a93-8ca1-ccef75c5bc7e,500001.0,1000000.0,50000.0,,,,,,,,,500001.0,1000000.0,,system_import,system_import,2026-07-25T06:52:12.141493+00:00,2026-07-25T06:52:12.141493+00:00,
cc08eded-0c2a-48cd-a39c-3f8cc497e695,01561574-7ae0-4d18-b68e-85c3a27642b5,200000.0,200000.0,,,,,,,,,,200000.0,200000.0,,system_import,system_import,2026-07-25T06:53:50.995044+00:00,2026-07-25T06:53:50.995044+00:00,
182be9b8-7b04-4969-a81f-bab56747692f,2763dbde-1f0e-4552-bb11-125ba2c8a4dc,200000.0,200000.0,,,,,,,,,,200000.0,200000.0,,system_import,system_import,2026-07-25T06:53:50.995044+00:00,2026-07-25T06:53:50.995044+00:00,
6d354811-3b1b-49f9-912f-e6d5adaa9590,1ee5d923-c91d-48cf-aeb0-1436498d7a35,200000.0,200000.0,30000.0,,,,,,,,,200000.0,200000.0,,system_import,system_import,2026-07-25T06:53:50.995044+00:00,2026-07-25T06:53:50.995044+00:00,
fafc57c1-d5bf-47a6-b636-6b0054fa3246,3c0d71d7-ddbb-4b62-98d1-6e5d44fa56d5,328.0,328.0,,,,,,,,,,555.0,555.0,,system_import,system_import,2026-07-25T06:53:50.995044+00:00,2026-07-25T06:53:50.995044+00:00,
4f0d4497-8940-4985-91f8-2c6921ffa741,985c28b0-41de-4731-aaa9-c0263a4f3131,200001.0,500000.0,,,,,,,,,,200001.0,500000.0,,system_import,system_import,2026-07-25T06:53:50.995044+00:00,2026-07-25T06:53:50.995044+00:00,
db1825e8-eea3-4ba5-84f6-a841a2521802,6eed23bf-6ec6-41d5-a351-4a5121e0212d,200000.0,200000.0,,,,,,,,,,200000.0,200000.0,,system_import,system_import,2026-07-25T06:53:50.995044+00:00,2026-07-25T06:53:50.995044+00:00,
df2fb720-fab7-4370-a926-121c2b38786c,f35ff5dd-77e0-4302-913b-61637c3f5e68,1500001.0,2000000.0,30.0,,,,,,,,,1500001.0,2000000.0,,system_import,system_import,2026-07-25T06:53:50.995044+00:00,2026-07-25T06:53:50.995044+00:00,
4f24c42c-0b14-4be5-af68-8c9a3539b990,a51f2e62-10c8-4ee3-82ea-c1f2d1136c35,200000.0,200000.0,,,,,,,,,,200000.0,200000.0,,system_import,system_import,2026-07-25T06:53:50.995044+00:00,2026-07-25T06:53:50.995044+00:00,
7ca6ad05-dc2c-42be-a411-d070cae605bf,1b4f33b7-0076-46eb-aa3b-59394e895aa0,5000001.0,1.0,,,,,,,,,,5000001.0,1.0,,system_import,system_import,2026-07-25T06:53:50.995044+00:00,2026-07-25T06:53:50.995044+00:00,
3abb1afa-98e2-4555-b657-33af3eea5707,9cf06bdc-e732-4372-a73f-6067434846e9,200001.0,500000.0,,,,,,,,,,200001.0,500000.0,,system_import,system_import,2026-07-25T06:53:50.995044+00:00,2026-07-25T06:53:50.995044+00:00,
0a4e227e-b9e4-4573-ae4d-682fabf87dc1,4e005977-6fed-4d4a-b107-9c3ad13a744a,500001.0,1000000.0,,,,,,,,,,500001.0,1000000.0,,system_import,system_import,2026-07-25T06:53:50.995044+00:00,2026-07-25T06:53:50.995044+00:00,
abe868e2-084e-44ad-80f8-3b9b5da5c22f,1c89f629-2056-4e45-96b1-2e1b9366aa76,500001.0,1000000.0,,,,,,,,,,500001.0,1000000.0,,system_import,system_import,2026-07-25T06:53:50.995044+00:00,2026-07-25T06:53:50.995044+00:00,
19c374e5-7f27-4836-aa65-89504f3b28b1,af637cf0-b5cf-486d-b364-6b72140f5a59,200000.0,200000.0,,,,,,,,,,200000.0,200000.0,,system_import,system_import,2026-07-25T06:53:50.995044+00:00,2026-07-25T06:53:50.995044+00:00,
14c8fc4b-c7d7-45e6-92c6-1fd06db7f35d,7586d2d2-942d-4741-8dc9-f71616c5f35a,200000.0,200000.0,,,,,,,,,,200000.0,200000.0,,system_import,system_import,2026-07-25T06:53:50.995044+00:00,2026-07-25T06:53:50.995044+00:00,
6c32f714-a3a0-4d03-9fe1-20c4acb88465,dc43d466-6f52-43da-a7ba-8d6906d1c067,200001.0,500000.0,300000.0,,,,,,,,,200001.0,500000.0,,system_import,system_import,2026-07-25T06:53:50.995044+00:00,2026-07-25T06:53:50.995044+00:00,
6da25b7b-8239-4d22-bf93-8528daad65f6,926252ee-23f8-4b73-b472-66bdb93c684c,200000.0,200000.0,300000.0,,,,,,,,,100000.0,300000.0,,system_import,system_import,2026-07-25T06:53:50.995044+00:00,2026-07-25T06:53:50.995044+00:00,
3b74ab9e-239c-4821-9d14-b0e890bac362,66fca8bb-142c-4fba-8579-2a84d03e4010,200001.0,500000.0,50000.0,,,,,,,,,200001.0,500000.0,,system_import,system_import,2026-07-25T06:53:50.995044+00:00,2026-07-25T06:53:50.995044+00:00,
2a920137-f0b0-474d-b535-0b1778d4f840,e5f5822f-7c34-4fdb-98f5-2d0a06a10cd6,200000.0,200000.0,,,,,,,,,,200000.0,200000.0,,system_import,system_import,2026-07-25T06:53:50.995044+00:00,2026-07-25T06:53:50.995044+00:00,
6563b69f-41bb-48bb-abfa-c46e8c7b760a,1a4000d0-9311-43e3-bb5a-b2ba651728cb,1884.0,1884.0,,,,,,,,,,,,,system_import,system_import,2026-07-25T06:53:50.995044+00:00,2026-07-25T06:53:50.995044+00:00,
837e48b2-447d-4189-a763-e35b29b7fa5d,bfdb88ed-9c7f-4c41-bb78-59cccf8cd157,200000.0,200000.0,300000.0,,,,,,,,,200000.0,200000.0,,system_import,system_import,2026-07-25T06:53:50.995044+00:00,2026-07-25T06:53:50.995044+00:00,
302e18af-d245-4dca-8113-09e78eb2555e,0e10701f-41e9-4f09-b153-fbec2951895a,200000.0,200000.0,,,,,,,,,,200000.0,200000.0,,system_import,system_import,2026-07-25T06:53:50.995044+00:00,2026-07-25T06:53:50.995044+00:00,
46da56e1-1abd-4dd5-8d69-ff72054cf981,eaa53338-6a00-49c1-90e4-7e1bc3373acd,200000.0,200000.0,95000.0,,,,,,,,,200000.0,200000.0,,system_import,system_import,2026-07-25T06:53:50.995044+00:00,2026-07-25T06:53:50.995044+00:00,
c60feb63-b10e-417a-9fe1-02b8599a5ff1,0eb4854e-a666-452c-9802-314d0ad4cbe3,200000.0,200000.0,,,,,,,,,,200000.0,200000.0,,system_import,system_import,2026-07-25T06:53:50.995044+00:00,2026-07-25T06:53:50.995044+00:00,
dfe4e20b-c3c8-4f3b-8183-288c4e6d6d29,fdc5b9b4-2124-47c2-9a82-c8b0d7835520,200000.0,200000.0,,,,,,,,,,200000.0,200000.0,,system_import,system_import,2026-07-25T06:53:50.995044+00:00,2026-07-25T06:53:50.995044+00:00,
9e88b445-322a-4aa7-80c2-81e31939a6f6,2282f130-6d22-4dab-9e5f-117f46911c59,200001.0,500000.0,,,,,,,,,,200001.0,500000.0,,system_import,system_import,2026-07-25T06:53:50.995044+00:00,2026-07-25T06:53:50.995044+00:00,
e84216e2-9a99-4a53-bf6c-7470107a50ad,f2868288-a1d4-467c-b169-162490f1e30a,1049.0,1049.0,,,,,,,,,,,,,system_import,system_import,2026-07-25T06:53:50.995044+00:00,2026-07-25T06:53:50.995044+00:00,
cb020ee1-48f1-43e9-8e5e-c4fc6bd7cafa,dc8db2f9-7b42-4c49-bbfd-821b75aa11a4,200000.0,200000.0,,,,,,,,,,200000.0,200000.0,,system_import,system_import,2026-07-25T06:53:50.995044+00:00,2026-07-25T06:53:50.995044+00:00,
df391c30-a6b4-4a44-860e-d9162ad62a2d,50bb2b73-3285-4036-8a56-9b27118d9a93,1892.0,1892.0,,,,,,,,,,35000.0,35000.0,,system_import,system_import,2026-07-25T06:53:50.995044+00:00,2026-07-25T06:53:50.995044+00:00,
883f1069-d13b-4683-9615-11aab13b3e54,4eddc02d-dcfa-4c7e-b5b3-adcaaebf9a03,200001.0,500000.0,,,,,,,,,,200001.0,500000.0,,system_import,system_import,2026-07-25T06:53:50.995044+00:00,2026-07-25T06:53:50.995044+00:00,
d5d8492a-b1b4-4a2e-9c16-c6e0127d52b3,428c25f9-c73c-40e2-837b-4f7a4bf610fd,500001.0,1000000.0,,,,,,,,,,500001.0,1000000.0,,system_import,system_import,2026-07-25T06:53:50.995044+00:00,2026-07-25T06:53:50.995044+00:00,
fd034dd6-5e3d-4a03-8c21-a51023af205a,c3fca5be-5661-4641-9144-dca45d5dcc6f,200000.0,200000.0,,,,,,,,,,200000.0,200000.0,,system_import,system_import,2026-07-25T06:53:50.995044+00:00,2026-07-25T06:53:50.995044+00:00,
604b49fa-b662-4afa-8be6-25afb90f1a57,baeb7017-0ef0-40f8-90be-102e17e9fa86,200001.0,500000.0,,,,,,,,,,200001.0,500000.0,,system_import,system_import,2026-07-25T06:53:50.995044+00:00,2026-07-25T06:53:50.995044+00:00,
d0be5d9e-4388-4182-897a-bee6c72f3b90,aa6a4a0d-f37f-4042-8d92-8ce5354800b2,1038.0,1038.0,,,,,,,,,,,,,system_import,system_import,2026-07-25T06:53:50.995044+00:00,2026-07-25T06:53:50.995044+00:00,
9bbd54c0-03e3-4716-b461-98fe9947533c,f83914f0-2417-42e2-b3eb-8c2b520a5d5b,200000.0,200000.0,,,,,,,,,,25.0,1.0,,system_import,system_import,2026-07-25T06:53:50.995044+00:00,2026-07-25T06:53:50.995044+00:00,
5cf8ee81-cfdd-4418-9539-9a8c998aefb4,e9550d39-f0e0-4dd1-af55-66004f29f80e,1799.0,1799.0,,,,,,,,,,,,,system_import,system_import,2026-07-25T06:53:50.995044+00:00,2026-07-25T06:53:50.995044+00:00,
a1b3940d-cd97-4a8d-9785-dcdc4a6f70de,425f151a-5a39-43ff-bf02-59cc0196c92a,500001.0,1000000.0,,,,,,,,,,500001.0,1000000.0,,system_import,system_import,2026-07-25T06:53:50.995044+00:00,2026-07-25T06:53:50.995044+00:00,
9e593a74-ea08-4064-9bd2-bce649661bf2,f03d41ed-611b-4d57-828e-1bc1c57a3d5b,200000.0,200000.0,,,,,,,,,,200000.0,200000.0,,system_import,system_import,2026-07-25T06:53:50.995044+00:00,2026-07-25T06:53:50.995044+00:00,
e66a538c-a6d2-4ddc-a548-998c83869fe5,7916465f-9670-4b96-98de-1db7566f3d29,200000.0,200000.0,,,,,,,,,,200000.0,200000.0,,system_import,system_import,2026-07-25T06:53:50.995044+00:00,2026-07-25T06:53:50.995044+00:00,
b4c75d78-8f02-4fb1-b5a4-95d257a2a839,b1df61e1-798e-4ca7-b71f-e417a499634a,200000.0,200000.0,,,,,,,,,,200000.0,200000.0,,system_import,system_import,2026-07-25T06:53:50.995044+00:00,2026-07-25T06:53:50.995044+00:00,
0bef9e6b-a901-4136-9e71-6e77fb263773,03020b5e-fc42-4d23-ab25-6f84052c1644,2000001.0,3000000.0,,,,,,,,,,2000001.0,3000000.0,,system_import,system_import,2026-07-25T06:53:50.995044+00:00,2026-07-25T06:53:50.995044+00:00,
5f66ddc7-b489-4781-a7ae-286885c3074c,5f61625f-c95e-409d-a56e-392bff4c5881,200000.0,200000.0,6000.0,,,,,,,,,200000.0,200000.0,,system_import,system_import,2026-07-25T06:53:50.995044+00:00,2026-07-25T06:53:50.995044+00:00,
d8480764-ff36-424d-8bba-983b55b362d1,71d61d54-d7ba-4757-9260-811f851cc283,200001.0,500000.0,,,,,,,,,,200001.0,500000.0,,system_import,system_import,2026-07-25T06:53:50.995044+00:00,2026-07-25T06:53:50.995044+00:00,
9fc30a52-3dc6-4ee7-acc4-0d2b3cc7fae9,2e338736-8c27-47d7-8a75-94dea0cfb2fb,200001.0,500000.0,,,,,,,,,,200001.0,500000.0,,system_import,system_import,2026-07-25T06:53:50.995044+00:00,2026-07-25T06:53:50.995044+00:00,
4fe5b260-6cef-44be-b472-729fa70a90bb,95cfa56f-e096-4d7a-8c5d-010d7b2a3879,1000001.0,1500000.0,,,,,,,,,,1000001.0,1500000.0,,system_import,system_import,2026-07-25T06:53:50.995044+00:00,2026-07-25T06:53:50.995044+00:00,
01347a0a-6aa5-4948-bc95-04557e693d4f,e850dc2f-ef73-45dc-ba26-e004de790465,3000001.0,5000000.0,,,,,,,,,,3000001.0,5000000.0,,system_import,system_import,2026-07-25T06:53:50.995044+00:00,2026-07-25T06:53:50.995044+00:00,
8ba20bbf-bd24-4487-9185-456370eb020c,75dab030-643c-4364-a152-71c3ade7619e,1000001.0,1500000.0,,,,,,,,,,1000001.0,1500000.0,,system_import,system_import,2026-07-25T06:53:50.995044+00:00,2026-07-25T06:53:50.995044+00:00,
72af4db2-1e43-4954-8210-29aebcee94c7,f534c946-b919-4454-8da0-e59a434800f9,200000.0,200000.0,300000.0,,,,,,,,,200000.0,200000.0,,system_import,system_import,2026-07-25T06:53:50.995044+00:00,2026-07-25T06:53:50.995044+00:00,
bd6e9f82-80e0-4893-86ee-e5f1e7cfd651,0d02f4f9-ac9e-41a5-99ae-479ece230321,200001.0,500000.0,2500000.0,,,,,,,,,200001.0,500000.0,,system_import,system_import,2026-07-25T06:53:50.995044+00:00,2026-07-25T06:53:50.995044+00:00,
f10d5e67-4717-4b8a-a3ef-374e8fb7eb5a,589f1343-7ee7-4e29-87fc-7f718687d7e2,1000001.0,1500000.0,,,,,,,,,,1000001.0,1500000.0,,system_import,system_import,2026-07-25T06:53:50.995044+00:00,2026-07-25T06:53:50.995044+00:00,
73c8ed65-dd82-4717-94eb-2004f0ecd119,c75168fc-12f2-4f5f-9758-aa53e4aa5b43,200001.0,500000.0,,,,,,,,,,200001.0,500000.0,,system_import,system_import,2026-07-25T06:53:50.995044+00:00,2026-07-25T06:53:50.995044+00:00,
5ed4f3be-510b-454b-8596-f88ec8ce60f0,bdb2a5c4-084a-40e0-9019-7ea59f08023c,200000.0,200000.0,8818.0,,,,,,,,,200000.0,200000.0,,system_import,system_import,2026-07-25T06:53:50.995044+00:00,2026-07-25T06:53:50.995044+00:00,
d559f315-9628-432c-a3bb-dd897b767f97,ada7cf4a-fa47-4ecb-b461-a6764493ff64,200000.0,200000.0,,,,,,,,,,200000.0,200000.0,,system_import,system_import,2026-07-25T06:53:50.995044+00:00,2026-07-25T06:53:50.995044+00:00,
26575e6d-3588-438b-a401-799a273b054c,6eac8fcf-632b-46cd-8968-2dd51f1baf47,200000.0,200000.0,,,,,,,,,,200000.0,200000.0,,system_import,system_import,2026-07-25T06:53:50.995044+00:00,2026-07-25T06:53:50.995044+00:00,
28f46003-a73e-4716-a2d2-6a74fbbb5120,f777f90d-d2fb-4d36-9d10-f32fb4a05002,200000.0,200000.0,200000.0,,,,,,,,,200000.0,200000.0,,system_import,system_import,2026-07-25T06:53:50.995044+00:00,2026-07-25T06:53:50.995044+00:00,
17f228d1-b8b2-4002-af26-87a4aa7d0992,bd8cebf6-58f0-4a85-98b7-def6d3eca406,200000.0,200000.0,200000.0,,,,,,,,,200000.0,200000.0,,system_import,system_import,2026-07-25T06:53:50.995044+00:00,2026-07-25T06:53:50.995044+00:00,
984dab51-68b9-4525-adfa-ab2dff39f873,09235428-b229-4147-b7f7-14af96ffc9be,200000.0,200000.0,,,,,,,,,,200000.0,200000.0,,system_import,system_import,2026-07-25T06:53:50.995044+00:00,2026-07-25T06:53:50.995044+00:00,
9a7a7a6d-3801-4cf8-9fef-e1218e58ab76,2ad6ca48-9ce8-4664-95d0-4ab91bd488c8,1541.0,1541.0,,,,,,,,,,,,,system_import,system_import,2026-07-25T06:53:50.995044+00:00,2026-07-25T06:53:50.995044+00:00,
0607a926-82a1-4d54-9507-28b7c9422372,77e1e1c5-6220-4945-895f-4dd26a0e9ec4,200000.0,200000.0,2500.0,,,,,,,,,200000.0,200000.0,,system_import,system_import,2026-07-25T06:53:50.995044+00:00,2026-07-25T06:53:50.995044+00:00,
1ea86ac8-0f9d-468a-9d9e-6a0120c2b55a,d74ae1e0-79e2-403f-85d6-ffeb2a02de3e,200000.0,200000.0,,,,,,,,,,200000.0,200000.0,,system_import,system_import,2026-07-25T06:53:50.995044+00:00,2026-07-25T06:53:50.995044+00:00,
bdad0f44-de46-4b87-9794-7e24311af59c,79d2a03c-94f9-4039-acf2-dac761686334,200001.0,500000.0,100000.0,,,,,,,,,200001.0,500000.0,,system_import,system_import,2026-07-25T06:53:50.995044+00:00,2026-07-25T06:53:50.995044+00:00,
20b6e881-a7e9-4f92-9c35-4033373759c5,6456b63c-e260-4fb1-b026-20859e621c5a,200000.0,200000.0,,,,,,,,,,200000.0,200000.0,,system_import,system_import,2026-07-25T06:53:50.995044+00:00,2026-07-25T06:53:50.995044+00:00,
b0155155-6a37-43fb-970b-c517b96dcc27,d6545de7-bf74-463c-bb28-6f33a7a1a9c1,200000.0,200000.0,,,,,,,,,,200000.0,200000.0,,system_import,system_import,2026-07-25T06:53:50.995044+00:00,2026-07-25T06:53:50.995044+00:00,
01ecba3c-84fe-4dfc-95db-0769d56fdf1a,be7b06a2-9f3d-480c-950e-49606def4633,200000.0,200000.0,500000.0,,,,,,,,,200000.0,200000.0,,system_import,system_import,2026-07-25T06:53:50.995044+00:00,2026-07-25T06:53:50.995044+00:00,
0acf6d29-e6af-4471-8e8e-32288fac4361,1dee8b32-8559-4bea-bc92-795491f63173,200000.0,200000.0,,,,,,,,,,200000.0,200000.0,,system_import,system_import,2026-07-25T06:53:50.995044+00:00,2026-07-25T06:53:50.995044+00:00,
2d1d0eb5-4c52-4312-8867-873b53eba70b,0129acca-c4d8-4213-8b34-dfa02155d349,657.0,657.0,,,,,,,,,,,,,system_import,system_import,2026-07-25T06:53:50.995044+00:00,2026-07-25T06:53:50.995044+00:00,
099bda0f-033f-4068-b1cd-00a063deccf4,9287eed1-4f35-4280-ac8d-f34dbe4c4ec8,1000001.0,1500000.0,,,,,,,,,,1000001.0,1500000.0,,system_import,system_import,2026-07-25T06:53:50.995044+00:00,2026-07-25T06:53:50.995044+00:00,
78bf7c86-dc8f-4d38-bf00-1c2f606b5eab,9b0d327d-7ffe-4f6d-930b-1befa3d9e35c,200001.0,500000.0,,,,,,,,,,200001.0,500000.0,,system_import,system_import,2026-07-25T06:53:50.995044+00:00,2026-07-25T06:53:50.995044+00:00,
7c287ef1-a500-4f5c-a6e5-24a5bc682b7a,e547110e-5b4c-4495-8ba0-ed09d940d36a,200000.0,200000.0,50000.0,,,,,,,,,200000.0,200000.0,,system_import,system_import,2026-07-25T06:53:50.995044+00:00,2026-07-25T06:53:50.995044+00:00,
72bc448e-1e1b-47bf-8247-21e99512acb4,b807a341-9982-471b-bd52-eafcc0d5fb44,200000.0,200000.0,,,,,,,,,,200000.0,200000.0,,system_import,system_import,2026-07-25T06:53:50.995044+00:00,2026-07-25T06:53:50.995044+00:00,
8199a4f5-e4cf-499d-bd3d-036d2ab30243,581694b7-68e3-4eda-a8c2-77dfcc5ff885,200001.0,500000.0,,,,,,,,,,200001.0,500000.0,,system_import,system_import,2026-07-25T06:53:50.995044+00:00,2026-07-25T06:53:50.995044+00:00,
66ed0963-a83a-4ce4-be17-416bb2cff019,1c7c3468-e364-4aa0-823b-98566eb1e15e,200000.0,200000.0,,,,,,,,,,50000.0,200000.0,,system_import,system_import,2026-07-25T06:53:50.995044+00:00,2026-07-25T06:53:50.995044+00:00,
e4bf70ce-80d1-4756-9dbc-ec29ebf5f922,acf11744-e5c6-4405-a801-62dd2963a4ee,200000.0,200000.0,,,,,,,,,,200000.0,200000.0,,system_import,system_import,2026-07-25T06:53:50.995044+00:00,2026-07-25T06:53:50.995044+00:00,
a1720996-a206-40a1-aec3-75587213fd1f,56d438c1-d8ce-4a1d-8926-49bde15b9c89,200000.0,200000.0,,,,,,,,,,200000.0,200000.0,,system_import,system_import,2026-07-25T06:53:50.995044+00:00,2026-07-25T06:53:50.995044+00:00,
599652bc-1d4d-479c-930e-7bbbf4497aa7,8f8aa554-f8fc-46a5-9f1f-0a204a44069c,200001.0,500000.0,,,,,,,,,,200001.0,500000.0,,system_import,system_import,2026-07-25T06:53:50.995044+00:00,2026-07-25T06:53:50.995044+00:00,
0f03a2e9-acac-44c5-a7ff-f172acb601b1,b2f5e59e-4354-4b38-ae54-cd76bc8c371f,200001.0,500000.0,,,,,,,,,,200001.0,500000.0,,system_import,system_import,2026-07-25T06:53:50.995044+00:00,2026-07-25T06:53:50.995044+00:00,
ea219695-e59e-4882-b5ea-16281c4e5e05,bb5c121a-d0de-41cc-b954-b2d34b6ba3ee,3000001.0,5000000.0,,,,,,,,,,3000001.0,5000000.0,,system_import,system_import,2026-07-25T06:53:50.995044+00:00,2026-07-25T06:53:50.995044+00:00,
f0e1cd6b-84c3-4972-af73-1e2d947ef161,eb416b7c-31a4-4388-a130-2c246aeb2e5b,200000.0,200000.0,,,,,,,,,,200000.0,200000.0,,system_import,system_import,2026-07-25T06:53:50.995044+00:00,2026-07-25T06:53:50.995044+00:00,
cd5c5e4f-241f-47c9-9c51-d0cfd8c802e6,4e39703b-9ca9-42dd-a1de-d887b41c9c88,200000.0,200000.0,,,,,,,,,,200000.0,200000.0,,system_import,system_import,2026-07-25T06:53:50.995044+00:00,2026-07-25T06:53:50.995044+00:00,
db642659-4589-464c-9e5f-07127e54f885,af5b3570-7672-4de3-97a4-6f35d67b38f3,500001.0,1000000.0,,,,,,,,,,500001.0,1000000.0,,system_import,system_import,2026-07-25T06:53:50.995044+00:00,2026-07-25T06:53:50.995044+00:00,
a0b91f9e-32d9-4ff7-aad1-4b4b53b33f20,1000f919-898d-4190-b037-92a2914593db,200000.0,200000.0,,,,,,,,,,200000.0,200000.0,,system_import,system_import,2026-07-25T06:53:50.995044+00:00,2026-07-25T06:53:50.995044+00:00,
76b69170-efda-4d2e-87dd-b183d80d7749,4a65480e-26f6-477a-91a7-d11f88102319,200000.0,200000.0,,,,,,,,,,200000.0,200000.0,,system_import,system_import,2026-07-25T06:53:50.995044+00:00,2026-07-25T06:53:50.995044+00:00,
a2848a74-94be-4395-809d-d1f52f4a69f7,93ab57d7-ba9b-4974-9b03-0ca1348e42a0,200000.0,200000.0,,,,,,,,,,200000.0,200000.0,,system_import,system_import,2026-07-25T06:53:50.995044+00:00,2026-07-25T06:53:50.995044+00:00,
279408db-9b5f-4551-bcb7-e6e29731f313,bb6e1561-07d5-47e2-92d0-193658990cd9,500001.0,1000000.0,,,,,,,,,,500001.0,1000000.0,,system_import,system_import,2026-07-25T06:53:50.995044+00:00,2026-07-25T06:53:50.995044+00:00,
c8b86754-2656-435b-9c83-0093a86495ed,070959a2-0620-4b77-8b2f-6d8c4b5aa9cb,200000.0,200000.0,100000.0,,,,,,,,,200000.0,200000.0,,system_import,system_import,2026-07-25T06:53:50.995044+00:00,2026-07-25T06:53:50.995044+00:00,
ee803e09-eed9-4f4d-8d62-f2e948ba4230,fa7845b9-48e3-4afa-907f-dd6d32b5cecd,2000001.0,3000000.0,,,,,,,,,,2000001.0,3000000.0,,system_import,system_import,2026-07-25T06:53:50.995044+00:00,2026-07-25T06:53:50.995044+00:00,
43389963-7e6e-4250-b643-13a308cde75b,4ccc5de2-8e99-4be1-998c-4b64c3e086a3,200000.0,200000.0,,,,,,,,,,200000.0,200000.0,,system_import,system_import,2026-07-25T06:53:50.995044+00:00,2026-07-25T06:53:50.995044+00:00,
4e12fb5f-a0eb-4434-920d-89678ca21ab9,f3b4ec7c-1826-4c5c-b642-4172c86b0d6e,200000.0,200000.0,,,,,,,,,,100000.0,500000.0,,system_import,system_import,2026-07-25T06:53:50.995044+00:00,2026-07-25T06:53:50.995044+00:00,
daa7f166-295a-4318-95ea-4089f1c4ff26,f9535067-68d2-4ae6-968e-e757eb92d035,200001.0,500000.0,,,,,,,,,,200001.0,500000.0,,system_import,system_import,2026-07-25T06:53:50.995044+00:00,2026-07-25T06:53:50.995044+00:00,
b35dac7c-19df-4ad4-b93d-85fa79b29416,c073fcab-9d8e-4975-99dd-9d69cf47c0d5,200001.0,500000.0,,,,,,,,,,200001.0,500000.0,,system_import,system_import,2026-07-25T06:53:50.995044+00:00,2026-07-25T06:53:50.995044+00:00,
3832f466-40de-467c-9cd1-4071531f2f15,27cc207b-ac1f-4e7f-85d2-ac61d8787797,500001.0,1000000.0,,,,,,,,,,500001.0,1000000.0,,system_import,system_import,2026-07-25T06:53:50.995044+00:00,2026-07-25T06:53:50.995044+00:00,
be665d61-3cd9-425c-9199-6ced609b8209,2a616e06-1115-4363-a37a-892680ccebb9,500001.0,1000000.0,,,,,,,,,,500001.0,1000000.0,,system_import,system_import,2026-07-25T06:53:50.995044+00:00,2026-07-25T06:53:50.995044+00:00,
f1599167-c6a1-40c0-a5fb-4aff3f369a4e,85723619-d4d0-4e87-85e5-3dfb01498468,200000.0,200000.0,,,,,,,,,,200000.0,200000.0,,system_import,system_import,2026-07-25T06:53:50.995044+00:00,2026-07-25T06:53:50.995044+00:00,
fcff8c4a-c51b-4400-9eb0-d61597500a87,8eacaca4-e0a5-4e3f-8b5f-1b2d618afe41,200000.0,200000.0,,,,,,,,,,200000.0,200000.0,,system_import,system_import,2026-07-25T06:53:50.995044+00:00,2026-07-25T06:53:50.995044+00:00,
44bc108c-b007-4ea1-af8e-24d14c782aeb,4382ca1d-4f30-47e1-a530-6cf459b3d0af,200000.0,200000.0,,,,,,,,,,200000.0,200000.0,,system_import,system_import,2026-07-25T06:53:50.995044+00:00,2026-07-25T06:53:50.995044+00:00,
629dff85-c31c-43c1-bade-a94fd617130c,80906aa2-73fe-426f-9968-b6f33ffa19e3,3000001.0,5000000.0,,,,,,,,,,3000001.0,5000000.0,,system_import,system_import,2026-07-25T06:53:50.995044+00:00,2026-07-25T06:53:50.995044+00:00,
5d6bd452-366f-457d-b7b1-19939b5190f8,660e3307-7160-4717-9efe-4a8b76d217b8,200000.0,200000.0,,,,,,,,,,200000.0,200000.0,,system_import,system_import,2026-07-25T06:53:50.995044+00:00,2026-07-25T06:53:50.995044+00:00,
983c915a-2828-4d6d-8e88-4339a516ca56,50f20306-5e9a-4f15-99ba-428427eb6303,200001.0,500000.0,,,,,,,,,,200001.0,500000.0,,system_import,system_import,2026-07-25T06:53:50.995044+00:00,2026-07-25T06:53:50.995044+00:00,
7c2a948c-0fd6-4199-8ae5-4e77a9d91625,ef0d226d-369c-48d0-807e-649cca28dce9,200000.0,200000.0,,,,,,,,,,200000.0,200000.0,,system_import,system_import,2026-07-25T06:53:50.995044+00:00,2026-07-25T06:53:50.995044+00:00,
6760ad8a-ea57-40d0-b0de-3b48cb382d09,e54d1057-a423-4c20-ae7f-bf20988c99f6,200001.0,500000.0,,,,,,,,,,200001.0,500000.0,,system_import,system_import,2026-07-25T06:53:50.995044+00:00,2026-07-25T06:53:50.995044+00:00,
b87bf266-8639-456a-b93c-db61cc3ee3b5,b2b59def-489e-4b7e-9447-cb5c2271a17a,200000.0,200000.0,50000.0,,,,,,,,,200000.0,200000.0,,system_import,system_import,2026-07-25T06:53:50.995044+00:00,2026-07-25T06:53:50.995044+00:00,
241612cb-495f-4d98-9242-0d5c998019b7,f5c4f940-30ff-4e7d-ac59-4eeca4e1c155,200001.0,500000.0,500000.0,,,,,,,,,200001.0,500000.0,,system_import,system_import,2026-07-25T06:53:50.995044+00:00,2026-07-25T06:53:50.995044+00:00,
d8ab6bf2-89df-408c-8782-4a2305a54753,a362db6f-c03d-4856-922a-b4005771dd63,200000.0,200000.0,7500.0,,,,,,,,,200000.0,200000.0,,system_import,system_import,2026-07-25T06:53:50.995044+00:00,2026-07-25T06:53:50.995044+00:00,
b9905c83-c6d5-425c-8853-a7a0a75bb786,d44c2282-548b-4959-926e-1276a7574fb2,200000.0,200000.0,,,,,,,,,,200000.0,200000.0,,system_import,system_import,2026-07-25T06:53:50.995044+00:00,2026-07-25T06:53:50.995044+00:00,
7a051072-11f6-4046-9e37-0d4037d0edfe,931a6e26-acb9-4580-9c26-9b0c320c6cf8,200001.0,500000.0,500000.0,,,,,,,,,200001.0,500000.0,,system_import,system_import,2026-07-25T06:53:50.995044+00:00,2026-07-25T06:53:50.995044+00:00,
6a33209e-596a-4a05-9d99-77f9811453e9,30560568-ec01-4da6-8261-68df14d72ddf,200000.0,200000.0,10000.0,,,,,,,,,200000.0,200000.0,,system_import,system_import,2026-07-25T06:53:50.995044+00:00,2026-07-25T06:53:50.995044+00:00,
ba47b3e6-3a83-4e45-9616-1ca2cc9ff980,6597d4b1-1ad6-4cbe-a2fe-f55a033b5516,200001.0,500000.0,500000.0,,,,,,,,,200001.0,500000.0,,system_import,system_import,2026-07-25T06:53:50.995044+00:00,2026-07-25T06:53:50.995044+00:00,
ebc6b26c-940f-4757-a4fd-117aace9b418,5af71c48-5b56-48a7-954c-69b90d185583,200000.0,200000.0,,,,,,,,,,2.0,2.0,,system_import,system_import,2026-07-25T06:53:50.995044+00:00,2026-07-25T06:53:50.995044+00:00,
d156cac4-9ea8-4d75-873e-cb08d747afe5,e43ff6c0-923f-424a-8831-dd3870b94dd9,200000.0,200000.0,325000.0,,,,,,,,,200000.0,200000.0,,system_import,system_import,2026-07-25T06:53:50.995044+00:00,2026-07-25T06:53:50.995044+00:00,
faa19725-f619-46c3-9e5a-7963d2e4b18f,aa21b7fe-fe5d-445b-a232-64c74cba857f,200000.0,200000.0,50000.0,,,,,,,,,200000.0,200000.0,,system_import,system_import,2026-07-25T06:53:50.995044+00:00,2026-07-25T06:53:50.995044+00:00,
b21f996f-beed-427c-8420-084b132aa1ac,24bcdedc-d665-4cc9-9a77-5d466d7e10c3,500001.0,1000000.0,,,,,,,,,,500001.0,1000000.0,,system_import,system_import,2026-07-25T06:53:50.995044+00:00,2026-07-25T06:53:50.995044+00:00,
b770e270-4eb2-4949-9a74-e1c83b2064ce,98efb31a-3cd9-4364-87f9-3a01e4633cb0,800000.0,1000000.0,,,,,,,,,,500001.0,1000000.0,,system_import,system_import,2026-07-25T06:53:50.995044+00:00,2026-07-25T06:53:50.995044+00:00,
33b2dd11-c6c5-4b3b-8766-aa7447bf8798,bfa66b97-8662-4b7c-8091-eb8ed99f83b1,20000000.0,20000000.0,,,,,,,,,,1.0,1.0,,system_import,system_import,2026-07-25T06:53:50.995044+00:00,2026-07-25T06:53:50.995044+00:00,
eabbc2b7-c668-4d95-a1fb-c182468b4346,b5484618-b74b-433c-a880-892533c6a28e,200000.0,200000.0,,,,,,,,,,700.0,700.0,,system_import,system_import,2026-07-25T06:53:50.995044+00:00,2026-07-25T06:53:50.995044+00:00,
86407832-7224-4d17-9c31-6987714a7898,1175380f-7309-40f6-b6b2-db3268ea51a3,5000.0,5000.0,,,,,,,,,,200000.0,200000.0,,system_import,system_import,2026-07-25T06:53:50.995044+00:00,2026-07-25T06:53:50.995044+00:00,
2219628a-ee4c-4d1e-821e-01e08e2daff3,64f73ab9-7677-407c-8cd6-1dc2ab2769bd,200001.0,500000.0,,,,,,,,,,200001.0,500000.0,,system_import,system_import,2026-07-25T06:53:50.995044+00:00,2026-07-25T06:53:50.995044+00:00,
44457cd9-18ce-4bae-846c-07e109d7d552,cf929aa2-d567-44b8-b4d8-5ef5b10cc952,600000.0,600000.0,,,,,,,,,,500001.0,1000000.0,,system_import,system_import,2026-07-25T06:53:50.995044+00:00,2026-07-25T06:53:50.995044+00:00,
a3e3ee61-6efe-4a1b-b0f1-dbdfde2fc491,46f0ec13-ab50-47d8-8c63-ea1921e2048c,800000.0,1400000.0,,,,,,,,,,500001.0,1000000.0,,system_import,system_import,2026-07-25T06:53:50.995044+00:00,2026-07-25T06:53:50.995044+00:00,
1be70fa8-c13f-4d06-8028-5d74eb4c3aa5,dbaf765f-4045-49fd-8db6-4ab38e799a3c,800000.0,1000000.0,,,,,,,,,,500001.0,1000000.0,,system_import,system_import,2026-07-25T06:53:50.995044+00:00,2026-07-25T06:53:50.995044+00:00,
57793ff0-20d3-4a15-9ab1-c1bb5b5e84c9,5ef0a0e8-28c9-47d4-9cb6-9abdc4e1e286,800000.0,800000.0,0.0,,,,,,,,,500001.0,1000000.0,,system_import,system_import,2026-07-25T06:53:50.995044+00:00,2026-07-25T06:53:50.995044+00:00,
59f20c46-f950-4381-b586-f4c8040b0955,cb9a56ca-b005-4bf2-aacc-fa39707892b7,1500001.0,2000000.0,,,,,,,,,,1500001.0,2000000.0,,system_import,system_import,2026-07-25T06:53:50.995044+00:00,2026-07-25T06:53:50.995044+00:00,
8c657257-a5c3-4e86-82a7-bb53bea5c4a2,f759115e-af05-4d81-9055-5a965d51c3d6,500001.0,1000000.0,,,,,,,,,,500001.0,1000000.0,,system_import,system_import,2026-07-25T06:53:50.995044+00:00,2026-07-25T06:53:50.995044+00:00,
c35f9daa-7651-4ff9-8bab-b8c8279da84d,108d909f-384f-43ab-b1a8-8a30fb4966e0,890000.0,890000.0,,,,,,,,,,500001.0,1000000.0,,system_import,system_import,2026-07-25T06:53:50.995044+00:00,2026-07-25T06:53:50.995044+00:00,
6ed9b8d1-db7a-421f-87b8-001e4c1e25be,d01e8f14-dd90-4000-9380-2bd6d8401fd9,500000.0,1000000.0,,,,,,,,,,500001.0,1000000.0,,system_import,system_import,2026-07-25T06:53:50.995044+00:00,2026-07-25T06:53:50.995044+00:00,
82d8410c-7f56-43c3-a260-3124436c1d1a,63bb54b5-937c-4f25-8ef7-8e1532e836c5,1000000.0,1200000.0,,,,,,,,,,1000001.0,1500000.0,,system_import,system_import,2026-07-25T06:53:50.995044+00:00,2026-07-25T06:53:50.995044+00:00,
5cefc48e-9d65-4c51-8835-7cf4c80cf586,94987d8c-d28b-4042-b006-5f63516a947d,1200000.0,1200000.0,600000.0,,,,,,,,,1000001.0,1500000.0,,system_import,system_import,2026-07-25T06:53:50.995044+00:00,2026-07-25T06:53:50.995044+00:00,
e084aa3e-3a92-4e60-97c9-f0962d12114a,6d7f57e0-b27e-4d11-ae8b-b5e2affecb9c,2000001.0,3000000.0,,,,,,,,,,2000001.0,3000000.0,,system_import,system_import,2026-07-25T06:53:50.995044+00:00,2026-07-25T06:53:50.995044+00:00,
afdb010f-c3f0-425c-80c7-88b7155075d4,0587dfc7-bcf3-4d3e-addb-d8c606e0de4b,3000001.0,5000000.0,,,,,,,,,,3000001.0,5000000.0,,system_import,system_import,2026-07-25T06:53:50.995044+00:00,2026-07-25T06:53:50.995044+00:00,
0eb32dc1-28a5-4a00-bad5-0e9492ebfa97,c4d2d897-edc1-47f0-a24b-669a6357c4c6,200001.0,500000.0,,,,,,,,,,200001.0,500000.0,,system_import,system_import,2026-07-25T06:53:50.995044+00:00,2026-07-25T06:53:50.995044+00:00,
8df8730f-a205-4fd3-b80c-f2cf1e26feda,dc9ef8c3-edfc-4484-beb5-10cb90df6bd3,1000001.0,1500000.0,,,,,,,,,,1000001.0,1500000.0,,system_import,system_import,2026-07-25T06:53:50.995044+00:00,2026-07-25T06:53:50.995044+00:00,
6f96bc77-3f8f-4dfd-b7ac-c5fd5b6a7999,6d63f181-9f21-4813-a8b8-7b38447ad011,200001.0,500000.0,,,,,,,,,,200001.0,500000.0,,system_import,system_import,2026-07-25T06:53:50.995044+00:00,2026-07-25T06:53:50.995044+00:00,
1acf1071-457d-4b4d-99b7-cf4891599fae,815fa402-4d59-4f4b-8479-88408c072155,500001.0,1000000.0,2000000.0,,,,,,,,,500001.0,1000000.0,,system_import,system_import,2026-07-25T06:53:50.995044+00:00,2026-07-25T06:53:50.995044+00:00,
f63f03e0-2968-459c-a703-9b8c73b044e3,bb215d36-18dc-4fd6-9fb7-c8ecce2aec78,200001.0,500000.0,,,,,,,,,,200001.0,500000.0,,system_import,system_import,2026-07-25T06:53:50.995044+00:00,2026-07-25T06:53:50.995044+00:00,
60abc298-cdd3-4d09-ace0-f4eef31449e0,3e601beb-e6b0-4831-bc8d-8440bb3f7d34,200000.0,200000.0,,,,,,,,,,200000.0,200000.0,,system_import,system_import,2026-07-25T06:53:50.995044+00:00,2026-07-25T06:53:50.995044+00:00,
0fb83d8f-0ee3-40e2-affa-bc6a9df39593,90b019b1-e97a-4a14-9b90-29a6f96e8565,200001.0,500000.0,,,,,,,,,,200001.0,500000.0,,system_import,system_import,2026-07-25T06:53:50.995044+00:00,2026-07-25T06:53:50.995044+00:00,
3572580d-6b8d-4f13-b896-42bdc3c802af,fd317d99-196f-4987-8ab0-75871c16cd65,200001.0,500000.0,,,,,,,,,,200001.0,500000.0,,system_import,system_import,2026-07-25T06:53:50.995044+00:00,2026-07-25T06:53:50.995044+00:00,
f6c7b4fe-19b3-4b30-8ec0-b90f08a92eac,23ab1676-9dc9-45ca-8331-4dff7839c3fd,5000001.0,1.0,,,,,,,,,,5000001.0,1.0,,system_import,system_import,2026-07-25T06:53:50.995044+00:00,2026-07-25T06:53:50.995044+00:00,
a623fdff-2df8-401b-ad63-0c667262e9d3,d64f7b73-2ce7-46fd-92fc-535cf3967ba4,1500001.0,2000000.0,,,,,,,,,,1500001.0,2000000.0,,system_import,system_import,2026-07-25T06:53:50.995044+00:00,2026-07-25T06:53:50.995044+00:00,
37173c67-cb21-40de-b388-8d352eb9add6,85d89c59-58b9-4062-ab30-79bc9cb806ff,1000000.0,1500000.0,450000.0,,,,,,,,,200000.0,200000.0,,system_import,system_import,2026-07-25T06:53:50.995044+00:00,2026-07-25T06:53:50.995044+00:00,
f5ad52e5-20d2-4544-a075-78be439507ba,47dd6831-94a4-4695-8251-8418efd59580,500001.0,1000000.0,,,,,,,,,,500001.0,1000000.0,,system_import,system_import,2026-07-25T06:53:50.995044+00:00,2026-07-25T06:53:50.995044+00:00,
5b379bb3-b81d-4e65-a0f3-2868a40ec99f,33cf7e90-b24e-4ba0-ab05-0764ab7da00b,500001.0,1000000.0,,,,,,,,,,500001.0,1000000.0,,system_import,system_import,2026-07-25T06:53:50.995044+00:00,2026-07-25T06:53:50.995044+00:00,
e601fa45-b481-4d6b-ad5c-8aaf0e6f17ec,47d538dd-5b69-4878-a970-7bc84f418499,45342.0,45342.0,,,,,,,,,,,,,system_import,system_import,2026-07-25T06:53:50.995044+00:00,2026-07-25T06:53:50.995044+00:00,
2350e43c-81be-48a6-a2f4-3a8f8695dab7,176ffe2b-e166-4fdc-b767-c90e9364368c,1000001.0,1500000.0,,,,,,,,,,1000001.0,1500000.0,,system_import,system_import,2026-07-25T06:53:50.995044+00:00,2026-07-25T06:53:50.995044+00:00,
c38993b5-532b-4984-9e91-d6c702796c16,bceef591-1e00-4b0a-89f7-5fc8b96b2997,200001.0,500000.0,,,,,,,,,,200001.0,500000.0,,system_import,system_import,2026-07-25T06:53:50.995044+00:00,2026-07-25T06:53:50.995044+00:00,
af8589de-0493-4b98-84ac-cc8d0f6ea94d,ed83cb14-96a7-4a1b-b19d-c3d7007b3699,1500001.0,2000000.0,0.0,,,,,,,,,1500001.0,2000000.0,,system_import,system_import,2026-07-25T06:53:50.995044+00:00,2026-07-25T06:53:50.995044+00:00,
ef8c18e2-0a30-48eb-8f00-0b556a3b2cd3,f6197602-b233-45be-921b-8138f5838b8e,200000.0,200000.0,,,,,,,,,,200000.0,200000.0,,system_import,system_import,2026-07-25T06:53:50.995044+00:00,2026-07-25T06:53:50.995044+00:00,
3fae0073-99ad-430c-920f-432a6ac0b0fc,c8035682-e3d4-4c27-9454-422959d878ea,2000001.0,3000000.0,6.0,,,,,,,,,2000001.0,3000000.0,,system_import,system_import,2026-07-25T06:53:50.995044+00:00,2026-07-25T06:53:50.995044+00:00,
cc9a4952-ee04-4236-bd6b-0f5f576b4569,dd973020-ee49-4f1f-8dbe-705c9a9b36e5,500001.0,1000000.0,,,,,,,,,,500001.0,1000000.0,,system_import,system_import,2026-07-25T06:53:50.995044+00:00,2026-07-25T06:53:50.995044+00:00,
bba428fa-cb9e-4779-94dd-8623e864d906,bcb5f402-3d5d-4735-a03e-2cbd018b1791,500001.0,1000000.0,,,,,,,,,,500001.0,1000000.0,,system_import,system_import,2026-07-25T06:53:50.995044+00:00,2026-07-25T06:53:50.995044+00:00,
bed72e42-61c8-45a1-bfcf-83b9e5a59f7c,2d2b694b-8a70-4462-863d-273d59bb0955,2000001.0,3000000.0,18.0,,,,,,,,,2000001.0,3000000.0,,system_import,system_import,2026-07-25T06:53:50.995044+00:00,2026-07-25T06:53:50.995044+00:00,
6e1bd8f9-7fd5-4d1d-88a9-1a8c6314cf1e,be970f96-d6fb-44a5-a49a-56a46b67f4c5,1000001.0,1500000.0,,,,,,,,,,1000001.0,1500000.0,,system_import,system_import,2026-07-25T06:53:50.995044+00:00,2026-07-25T06:53:50.995044+00:00,
06b0a909-bf7b-4cd0-b236-16c5327e7bc9,9cf9f5a0-146d-49de-b57d-38bcbe6c8868,1000001.0,1500000.0,,,,,,,,,,1000001.0,1500000.0,,system_import,system_import,2026-07-25T06:53:50.995044+00:00,2026-07-25T06:53:50.995044+00:00,
6fd8198b-d232-4088-8038-da1b2b1bc65a,132662d8-9ed5-4468-af92-3275576c2738,500001.0,1000000.0,,,,,,,,,,500001.0,1000000.0,,system_import,system_import,2026-07-25T06:53:50.995044+00:00,2026-07-25T06:53:50.995044+00:00,
d7a8c6b6-0fd6-4ae3-b9d7-3e3b4ab455b9,e304981a-d96a-476e-b0d7-af9f2f48df52,1000001.0,1500000.0,,,,,,,,,,1000001.0,1500000.0,,system_import,system_import,2026-07-25T06:53:50.995044+00:00,2026-07-25T06:53:50.995044+00:00,
4b8cc9c5-4472-4472-8c25-0db649f608a6,b214ca32-d4ab-4279-9a25-32b360efa3a8,1000001.0,1500000.0,,,,,,,,,,1000001.0,1500000.0,,system_import,system_import,2026-07-25T06:53:50.995044+00:00,2026-07-25T06:53:50.995044+00:00,
4a6e3997-af4f-4ad1-8bff-9e1d43f66b85,85c45025-a9ff-429f-834b-ab32233984fe,200001.0,500000.0,,,,,,,,,,200001.0,500000.0,,system_import,system_import,2026-07-25T06:53:50.995044+00:00,2026-07-25T06:53:50.995044+00:00,
0da18f1e-e3a5-409b-b66c-4bce90528224,735f51d3-6a7f-48b3-a14d-7cb687b84d7a,200001.0,500000.0,,,,,,,,,,200001.0,500000.0,,system_import,system_import,2026-07-25T06:53:50.995044+00:00,2026-07-25T06:53:50.995044+00:00,
29e99486-cd70-4984-a866-3d48630c5bed,f4cdcb27-018c-4750-b8ed-c23be7e919f9,1000001.0,1500000.0,,,,,,,,,,1000001.0,1500000.0,,system_import,system_import,2026-07-25T06:53:50.995044+00:00,2026-07-25T06:53:50.995044+00:00,
2a82669e-4c99-4105-bf4b-f850cf1d08c6,680bfa47-0dd7-4467-a581-7ff5351a4ba2,200000.0,200000.0,,,,,,,,,,200000.0,200000.0,,system_import,system_import,2026-07-25T06:53:50.995044+00:00,2026-07-25T06:53:50.995044+00:00,
c2820854-7338-4bb4-9221-47459f9bf7f2,892a89cc-0099-4a10-8c2a-2e1a5619a00d,1000001.0,1500000.0,,,,,,,,,,1000001.0,1500000.0,,system_import,system_import,2026-07-25T06:53:50.995044+00:00,2026-07-25T06:53:50.995044+00:00,
80c4f776-a8dc-4131-aa87-a5c173e95484,b7c77422-4a59-4cec-ba8b-f3ed4ea8c64c,1500001.0,2000000.0,,,,,,,,,,1500001.0,2000000.0,,system_import,system_import,2026-07-25T06:53:50.995044+00:00,2026-07-25T06:53:50.995044+00:00,
a66fc132-3f7b-4f0b-878a-2db2e79974df,44f1d75b-2384-47bc-a940-d2f573abb197,500001.0,1000000.0,,,,,,,,,,500001.0,1000000.0,,system_import,system_import,2026-07-25T06:53:50.995044+00:00,2026-07-25T06:53:50.995044+00:00,
ab6c099a-ba3f-4ef2-8b5a-6c8f7ad9fc11,c469e7be-a254-40c2-ad31-969abe8e14da,200000.0,200000.0,,,,,,,,,,63000.0,500000.0,,system_import,system_import,2026-07-25T06:53:50.995044+00:00,2026-07-25T06:53:50.995044+00:00,
575d1513-c001-435b-8879-9557b38af94d,e4e12de4-b0e7-48e8-86c6-e3f727dfd750,3000001.0,5000000.0,,,,,,,,,,3000001.0,5000000.0,,system_import,system_import,2026-07-25T06:53:50.995044+00:00,2026-07-25T06:53:50.995044+00:00,
abf0a10f-8142-4864-a978-e69ead6b40f8,d55e7fd0-4d16-473d-9af2-33ca25c9097f,1000001.0,1500000.0,,,,,,,,,,1000001.0,1500000.0,,system_import,system_import,2026-07-25T06:53:50.995044+00:00,2026-07-25T06:53:50.995044+00:00,
3136bc64-bcf7-4553-a953-f338ff8aeaca,80a657ce-9345-4d9e-b826-f9ad5622c4b1,500001.0,1000000.0,2000000.0,,,,,,,,,500001.0,1000000.0,,system_import,system_import,2026-07-25T06:53:50.995044+00:00,2026-07-25T06:53:50.995044+00:00,
b4a00561-b058-4307-b146-5063eae121c5,a40232a6-daf5-4bd0-961c-9281684b309a,200001.0,500000.0,,,,,,,,,,200001.0,500000.0,,system_import,system_import,2026-07-25T06:53:50.995044+00:00,2026-07-25T06:53:50.995044+00:00,
1aeed660-eca2-40c4-9fc2-6e67a8f09605,208fdc68-2af8-4a7a-a14e-ac7fe06a8f32,200001.0,500000.0,,,,,,,,,,200001.0,500000.0,,system_import,system_import,2026-07-25T06:53:50.995044+00:00,2026-07-25T06:53:50.995044+00:00,
fc3dd6bc-c7f1-496a-b881-b9ea870fb398,2622f7df-573b-480e-8df0-e411f7bf86bc,1000001.0,1500000.0,,,,,,,,,,1000001.0,1500000.0,,system_import,system_import,2026-07-25T06:53:50.995044+00:00,2026-07-25T06:53:50.995044+00:00,
40e3a188-2bc3-4eee-b328-8e2152ffe254,ed964582-c867-4f15-87b1-3e93e4755355,200001.0,500000.0,,,,,,,,,,200001.0,500000.0,,system_import,system_import,2026-07-25T06:53:50.995044+00:00,2026-07-25T06:53:50.995044+00:00,
e8b35508-9ea3-4812-89ef-54c5ebaf44bf,36d7471e-47ff-42e4-b345-5c780063e0a6,1500001.0,2000000.0,,,,,,,,,,1500001.0,2000000.0,,system_import,system_import,2026-07-25T06:53:50.995044+00:00,2026-07-25T06:53:50.995044+00:00,
b4385623-ccfa-40f5-921d-711513c81189,2d0ef91e-a0d8-4995-b954-4ec07759a633,500001.0,1000000.0,,,,,,,,,,500001.0,1000000.0,,system_import,system_import,2026-07-25T06:53:50.995044+00:00,2026-07-25T06:53:50.995044+00:00,
34c42e4a-5fbe-440d-95c7-a375c385b92e,f1fb6ff9-f23b-48c0-a6a2-7c4e47288629,200001.0,500000.0,1000000.0,,,,,,,,,200001.0,500000.0,,system_import,system_import,2026-07-25T06:53:50.995044+00:00,2026-07-25T06:53:50.995044+00:00,
5b80ad5b-6662-44dd-8342-ecc83b83d9d3,5f1ee26c-fc64-487e-99e8-614af11a35e9,500001.0,1000000.0,,,,,,,,,,500001.0,1000000.0,,system_import,system_import,2026-07-25T06:53:50.995044+00:00,2026-07-25T06:53:50.995044+00:00,
ffbba6a4-ff0a-4191-aa28-46f865b8418d,e79c3f7a-2fa9-42e9-a1d0-eff8f6b7bceb,1000001.0,1500000.0,3.0,,,,,,,,,1000001.0,1500000.0,,system_import,system_import,2026-07-25T06:53:50.995044+00:00,2026-07-25T06:53:50.995044+00:00,
0f8f65f7-9fc9-4d55-8490-6b74fe893370,1322832e-4958-421c-a737-9d4b02aca999,200001.0,500000.0,0.0,,,,,,,,,200001.0,500000.0,,system_import,system_import,2026-07-25T06:53:50.995044+00:00,2026-07-25T06:53:50.995044+00:00,
a7bf9b25-12c3-487f-9823-f832929a748a,e67f9986-fdfd-4669-9b19-6f6f740b3bd1,1500001.0,2000000.0,,,,,,,,,,1500001.0,2000000.0,,system_import,system_import,2026-07-25T06:53:50.995044+00:00,2026-07-25T06:53:50.995044+00:00,
77f5dbd0-3b66-41df-8190-77186211498d,3c1a80db-358e-45de-ba1b-5aaaf75f464f,1.0,1.0,3.0,,,,,,,,,1.0,1.0,,system_import,system_import,2026-07-25T06:53:50.995044+00:00,2026-07-25T06:53:50.995044+00:00,
50604ab8-c5f5-4ed2-b794-e6e912128cc4,6a800c3d-0a85-45bf-8cba-03b221bbaf0c,1000001.0,1500000.0,,,,,,,,,,1000001.0,1500000.0,,system_import,system_import,2026-07-25T06:53:50.995044+00:00,2026-07-25T06:53:50.995044+00:00,
14f403d0-a599-4aa8-be2b-479c879dbc6c,269454da-66cd-40e9-a339-5a4a35418d07,1500001.0,2000000.0,600000.0,,,,,,,,,1500001.0,2000000.0,,system_import,system_import,2026-07-25T06:53:50.995044+00:00,2026-07-25T06:53:50.995044+00:00,
bb4c27fa-6260-4f34-bc8f-3c2e1a51ee9d,bedd91b8-9f3a-403c-9e85-2afb42dbd1ca,3000001.0,5000000.0,8000000.0,,,,,,,,,3000001.0,5000000.0,,system_import,system_import,2026-07-25T06:53:50.995044+00:00,2026-07-25T06:53:50.995044+00:00,
5d38f90e-63de-45d9-b21f-7670084ecf04,f1ceb041-bdfe-4db5-b903-1255b41180da,1500001.0,2000000.0,1000000.0,,,,,,,,,1500001.0,2000000.0,,system_import,system_import,2026-07-25T06:53:50.995044+00:00,2026-07-25T06:53:50.995044+00:00,
23fa0a26-cf81-4e12-be6e-998848fbb2d0,8e138fa8-4e76-4c32-98d8-5cca4f436c16,500001.0,1000000.0,,,,,,,,,,500001.0,1000000.0,,system_import,system_import,2026-07-25T06:53:50.995044+00:00,2026-07-25T06:53:50.995044+00:00,
e8bc6c3d-ccba-4f79-8ba7-3da12afe031d,8ab9e3a2-83fc-41c7-b5e1-2a4c9d1a10ff,1500001.0,2000000.0,,,,,,,,,,1500001.0,2000000.0,,system_import,system_import,2026-07-25T06:53:50.995044+00:00,2026-07-25T06:53:50.995044+00:00,
874748e3-2bfa-4bd1-a9d0-3ea232634666,def42b2d-3122-4164-85d7-290e0c55ae2a,1000001.0,1500000.0,,,,,,,,,,1000001.0,1500000.0,,system_import,system_import,2026-07-25T06:53:50.995044+00:00,2026-07-25T06:53:50.995044+00:00,
c445eb6b-69a9-4fd1-878d-0ee30ba6c3e8,ceb5c55f-8b9a-40cf-972c-a099f11a5c47,200001.0,500000.0,,,,,,,,,,200001.0,500000.0,,system_import,system_import,2026-07-25T06:53:50.995044+00:00,2026-07-25T06:53:50.995044+00:00,
8e629d2d-1711-4099-97b8-48d2c380210e,567fa254-fa57-4b4b-8537-1ec4466268c1,500001.0,1000000.0,,,,,,,,,,500001.0,1000000.0,,system_import,system_import,2026-07-25T06:53:50.995044+00:00,2026-07-25T06:53:50.995044+00:00,
0fe773ae-3cef-4809-9aaa-18d41a2b5aa9,bc730c6a-abef-45f4-a83c-4969f2e2668c,1000001.0,1500000.0,,,,,,,,,,1000001.0,1500000.0,,system_import,system_import,2026-07-25T06:53:50.995044+00:00,2026-07-25T06:53:50.995044+00:00,
b74eb2d6-9594-42af-8497-2d5189ec48ba,94e7eba8-43b4-4ec4-96a9-938b4a34e22c,200001.0,500000.0,400000.0,,,,,,,,,200001.0,500000.0,,system_import,system_import,2026-07-25T06:53:50.995044+00:00,2026-07-25T06:53:50.995044+00:00,
b1a491ce-1fd3-4676-892a-656f8778a356,df0b959b-2e10-4240-968a-09193e2647e8,200001.0,500000.0,,,,,,,,,,200001.0,500000.0,,system_import,system_import,2026-07-25T06:53:50.995044+00:00,2026-07-25T06:53:50.995044+00:00,
93f9f2b8-d243-4ae9-8976-e5371254d309,82c7858c-2b8a-404f-b9ad-381355127d8e,500001.0,1000000.0,,,,,,,,,,500001.0,1000000.0,,system_import,system_import,2026-07-25T06:53:50.995044+00:00,2026-07-25T06:53:50.995044+00:00,
078d0617-1e96-4d19-874d-10a0865db982,895e8eb5-f55c-4ec6-80dc-ef5ea540400c,500001.0,1000000.0,,,,,,,,,,500001.0,1000000.0,,system_import,system_import,2026-07-25T06:53:50.995044+00:00,2026-07-25T06:53:50.995044+00:00,
8dfc9966-2ae6-4a03-89dc-0822ffb23162,1f513e1d-613e-45e9-9154-9e32648e5122,1000001.0,1500000.0,,,,,,,,,,1000001.0,1500000.0,,system_import,system_import,2026-07-25T06:53:50.995044+00:00,2026-07-25T06:53:50.995044+00:00,
1bfbe965-6517-465a-8968-28d528d06a61,60000799-ba52-47d5-a970-374f9fe2d56a,1000001.0,1500000.0,3000000.0,,,,,,,,,1000001.0,1500000.0,,system_import,system_import,2026-07-25T06:53:50.995044+00:00,2026-07-25T06:53:50.995044+00:00,
945d9996-1472-4b24-a8c1-388a41fce56f,b9bb98db-bb2d-493f-ab40-a64973ab3c3c,1000001.0,1500000.0,10000000.0,,,,,,,,,1000001.0,1500000.0,,system_import,system_import,2026-07-25T06:53:50.995044+00:00,2026-07-25T06:53:50.995044+00:00,
3cd87645-558c-4c06-b0ba-553e5d7786df,3a063073-0a28-46f6-959c-56fa6327f45e,1000001.0,1500000.0,3000000.0,,,,,,,,,1000001.0,1500000.0,,system_import,system_import,2026-07-25T06:53:50.995044+00:00,2026-07-25T06:53:50.995044+00:00,
578613d0-34ba-45a9-b09b-bc653e777c16,eb6a58d8-dc96-4777-bda2-104f9b5aafb6,500001.0,1000000.0,,,,,,,,,,500001.0,1000000.0,,system_import,system_import,2026-07-25T06:53:50.995044+00:00,2026-07-25T06:53:50.995044+00:00,
ce0142c5-0667-45cc-88a5-9c403b5b92c0,e8c862a8-1b73-44d8-beff-0bb90c18f2fa,1500001.0,2000000.0,,,,,,,,,,1500001.0,2000000.0,,system_import,system_import,2026-07-25T06:53:50.995044+00:00,2026-07-25T06:53:50.995044+00:00,
61c40250-45f2-4eff-a658-13feec493c2c,54f267ad-4513-4407-8e59-1adfbd450abe,1500001.0,2000000.0,500000.0,,,,,,,,,1500001.0,2000000.0,,system_import,system_import,2026-07-25T06:53:50.995044+00:00,2026-07-25T06:53:50.995044+00:00,
07bc0f3b-ff5e-42bf-9ece-f00dbc0fe05d,bd71a43d-bf2a-46de-89b3-edf69cd67232,5000001.0,1.0,,,,,,,,,,5000001.0,1.0,,system_import,system_import,2026-07-25T06:53:50.995044+00:00,2026-07-25T06:53:50.995044+00:00,
51bf8f1f-56ec-462f-8e0f-d664596d0a8b,0ec95026-2d12-4de5-8a4a-ceb21076cf0d,200001.0,500000.0,150000.0,,,,,,,,,200001.0,500000.0,,system_import,system_import,2026-07-25T06:53:50.995044+00:00,2026-07-25T06:53:50.995044+00:00,
fb4b51d8-4fc2-4fd9-99ff-28229fb790e0,5ed0c967-b2c6-4c71-b4e2-933159a15c9c,500001.0,1000000.0,,,,,,,,,,500001.0,1000000.0,,system_import,system_import,2026-07-25T06:53:50.995044+00:00,2026-07-25T06:53:50.995044+00:00,
815ccc5a-6dd3-43fe-b746-2843d7462c97,184bfb92-20ca-4a2d-9468-5718e77ed097,2000001.0,3000000.0,,,,,,,,,,2000001.0,3000000.0,,system_import,system_import,2026-07-25T06:53:50.995044+00:00,2026-07-25T06:53:50.995044+00:00,
2dbdb818-9a4f-45cf-8157-045fb6e12b73,f427fefd-0183-4b5d-90cf-c5b8d9b9303b,200000.0,200000.0,,,,,,,,,,200000.0,200000.0,,system_import,system_import,2026-07-25T06:53:50.995044+00:00,2026-07-25T06:53:50.995044+00:00,
4d741646-3504-43ca-b04b-1f699764a636,443a5ce5-d4d5-4289-a22f-fc6aa737f964,1200000.0,1800000.0,350000.0,8.5,,,,,,,,200001.0,500000.0,,system_import,system_import,2026-07-25T06:53:50.995044+00:00,2026-07-25T06:53:50.995044+00:00,
92de26e4-e7f1-49a7-a64e-dc04bd13ef5c,2d63708f-d362-48ab-a24b-124cab006487,500001.0,1000000.0,800000.0,,,,,,,,,500001.0,1000000.0,,system_import,system_import,2026-07-25T06:53:50.995044+00:00,2026-07-25T06:53:50.995044+00:00,
fd196b22-031f-47b9-aede-374687b12863,9d89442c-018b-433e-a213-211dd34f6b72,1000001.0,1500000.0,1500000.0,,,,,,,,,1000001.0,1500000.0,,system_import,system_import,2026-07-25T06:53:50.995044+00:00,2026-07-25T06:53:50.995044+00:00,
452659ef-a71c-403e-a2f9-ecb95dd29360,6698aeef-bdbe-4dc7-a99c-3ff7d97bd325,200000.0,200000.0,,,,,,,,,,200000.0,200000.0,,system_import,system_import,2026-07-25T06:53:50.995044+00:00,2026-07-25T06:53:50.995044+00:00,
89f4b58c-13e5-46c4-9853-a56753540cf9,c3c69d7e-6556-49a7-9574-892713c630e5,2000001.0,3000000.0,,,,,,,,,,2000001.0,3000000.0,,system_import,system_import,2026-07-25T06:53:50.995044+00:00,2026-07-25T06:53:50.995044+00:00,
c4b0fb7a-44f4-4f70-9a2c-d153917e5f82,a32f366a-94de-49b5-8ae9-0ee53eba5b9d,200000.0,200000.0,8.0,,,,,,,,,200000.0,200000.0,,system_import,system_import,2026-07-25T06:53:50.995044+00:00,2026-07-25T06:53:50.995044+00:00,
eabf38c9-f7de-47ac-8f30-2ba27fa6299d,9e702539-1832-4d7a-8e3e-35175a8306cf,200001.0,500000.0,,,,,,,,,,200001.0,500000.0,,system_import,system_import,2026-07-25T06:53:50.995044+00:00,2026-07-25T06:53:50.995044+00:00,
5b684510-6321-4d8e-8a4a-f84469777ab1,2c7309aa-1c57-4356-b6c4-7bdfcd134fc0,500001.0,1000000.0,,,,,,,,,,500001.0,1000000.0,,system_import,system_import,2026-07-25T06:53:50.995044+00:00,2026-07-25T06:53:50.995044+00:00,
096b84e8-769f-4d97-82d4-ec5ac5381f3c,5668cddc-244d-4b46-a5ea-1d955bed8113,200001.0,500000.0,100000.0,,,,,,,,,200001.0,500000.0,,system_import,system_import,2026-07-25T06:53:50.995044+00:00,2026-07-25T06:53:50.995044+00:00,
66655c6c-494d-4aec-9e9b-97a7db386a06,ab93ae7a-583b-45a6-a8e3-f53f9b2114ba,3000001.0,5000000.0,,,,,,,,,,3000001.0,5000000.0,,system_import,system_import,2026-07-25T06:53:50.995044+00:00,2026-07-25T06:53:50.995044+00:00,
cb9d97a0-fd5d-46de-895d-2cbf70305826,4e991620-97a1-42cc-99a9-b2db0fd71180,500001.0,1000000.0,,,,,,,,,,500001.0,1000000.0,,system_import,system_import,2026-07-25T06:53:50.995044+00:00,2026-07-25T06:53:50.995044+00:00,
ba74c9bd-d888-48e4-872d-b05a927d741f,ffccb381-efeb-4863-83a7-f5667647821d,5000001.0,1.0,,,,,,,,,,5000001.0,1.0,,system_import,system_import,2026-07-25T06:53:50.995044+00:00,2026-07-25T06:53:50.995044+00:00,
65ab9be2-5b5d-4762-9d32-2cdb49c32c2e,9428db88-7a34-45a5-997e-16d2f21ab5f2,1500001.0,2000000.0,3000000.0,,,,,,,,,1500001.0,2000000.0,,system_import,system_import,2026-07-25T06:53:50.995044+00:00,2026-07-25T06:53:50.995044+00:00,
27ce4f3a-9e68-496b-9f87-766dd55467ec,a1ac113a-b607-4c43-9b75-13f646697256,200001.0,500000.0,,,,,,,,,,200001.0,500000.0,,system_import,system_import,2026-07-25T06:53:50.995044+00:00,2026-07-25T06:53:50.995044+00:00,
1592b575-acfa-4f63-9da6-426f2c3c27fb,dfd07c0c-b26c-4c15-90d9-73ee9173c057,1.0,1.0,,,,,,,,,,1.0,1.0,,system_import,system_import,2026-07-25T06:53:50.995044+00:00,2026-07-25T06:53:50.995044+00:00,
e390e5b9-eb17-4536-b679-1cba34701bec,be3c6c2f-c2b4-41d5-80f6-331c68db54b3,200001.0,500000.0,800000.0,,,,,,,,,200001.0,500000.0,,system_import,system_import,2026-07-25T06:53:50.995044+00:00,2026-07-25T06:53:50.995044+00:00,
d00e7d88-a6d8-4ff6-8155-43ed3c68c65f,0b5b8a12-423f-4213-83cc-0583c8d38e0b,1500001.0,2000000.0,99000.0,,,,,,,,,1500001.0,2000000.0,,system_import,system_import,2026-07-25T06:53:50.995044+00:00,2026-07-25T06:53:50.995044+00:00,
19b7f244-d3eb-498d-a784-f60099c5812a,4cbc54a8-cead-4ac9-ab0f-01e54d19b92d,3700000.0,3800000.0,,,,,,,,,,1500001.0,2000000.0,,system_import,system_import,2026-07-25T06:53:50.995044+00:00,2026-07-25T06:53:50.995044+00:00,
e37aecb6-6d66-4eda-8387-cd994ee1474f,9f5dac44-fd02-44e8-b312-7b46bf98ccd5,200000.0,200000.0,,,,,,,,,,200000.0,200000.0,,system_import,system_import,2026-07-25T06:53:50.995044+00:00,2026-07-25T06:53:50.995044+00:00,
4e422b67-ba72-4c89-9497-8141f9abd21b,0afc1902-8541-43f7-b6a7-20e8ca7abe7b,3000001.0,5000000.0,,,,,,,,,,3000001.0,5000000.0,,system_import,system_import,2026-07-25T06:53:50.995044+00:00,2026-07-25T06:53:50.995044+00:00,
23704440-cf7a-4015-ab8e-1aabd1a3d531,adba1c3c-4051-4aea-9a81-2fb876d9857c,2000001.0,3000000.0,,,,,,,,,,2000001.0,3000000.0,,system_import,system_import,2026-07-25T06:53:50.995044+00:00,2026-07-25T06:53:50.995044+00:00,
cbdf6cc9-b48b-4d5c-a8f5-5f8cecba53ea,07c81e30-9fca-4c77-b826-5443a64d6be0,1000001.0,1500000.0,,,,,,,,,,1000001.0,1500000.0,,system_import,system_import,2026-07-25T06:53:50.995044+00:00,2026-07-25T06:53:50.995044+00:00,
60b9d660-6d38-4266-83ad-530985cf0f07,ad50c63f-7063-44e4-8dac-2865e7cf9e07,200001.0,500000.0,500000.0,,,,,,,,,200001.0,500000.0,,system_import,system_import,2026-07-25T06:53:50.995044+00:00,2026-07-25T06:53:50.995044+00:00,
4b3406dd-4c7f-4ddd-8ef1-be9e0badf9b3,f0221422-dce0-48cf-8e2f-ba1969bb5767,500001.0,1000000.0,15000.0,,,,,,,,,500001.0,1000000.0,,system_import,system_import,2026-07-25T06:53:50.995044+00:00,2026-07-25T06:53:50.995044+00:00,
42c5fa90-3f42-453b-8223-ef253ff4e9b6,5569ed51-1f54-4d00-9f94-6a805baeb5ef,1000001.0,1500000.0,,,,,,,,,,1000001.0,1500000.0,,system_import,system_import,2026-07-25T06:53:50.995044+00:00,2026-07-25T06:53:50.995044+00:00,
87852837-5dd4-480d-9873-7b776f5ca96b,6dddd0d4-546e-4a41-902f-e33ad8e9551d,500001.0,1000000.0,,,,,,,,,,500001.0,1000000.0,,system_import,system_import,2026-07-25T06:53:50.995044+00:00,2026-07-25T06:53:50.995044+00:00,
f4a9dcdd-d040-4625-991b-a138d6c203c1,4f1e4e2e-2033-4354-9ecb-ae3aa828103f,1000001.0,1500000.0,,,,,,,,,,1000001.0,1500000.0,,system_import,system_import,2026-07-25T06:53:50.995044+00:00,2026-07-25T06:53:50.995044+00:00,
2e8a8e79-4ea6-42e8-87f6-c86b2a1d98e4,e692cf39-347e-4235-9aa5-e4486e2e5126,500001.0,1000000.0,100000.0,,,,,,,,,500001.0,1000000.0,,system_import,system_import,2026-07-25T06:53:50.995044+00:00,2026-07-25T06:53:50.995044+00:00,
064f8524-7314-4fd3-af94-1b6bb1ea0d6e,d696a442-7aef-45d6-841a-51a91fd5e730,3000000.0,5000000.0,1000000.0,7.0,,,,,,,,3000001.0,5000000.0,,system_import,system_import,2026-07-25T06:53:50.995044+00:00,2026-07-25T06:53:50.995044+00:00,
701c96a0-130c-4a5b-8cef-1b096b96325e,a51eb5da-8a0c-4bf2-8771-8525041f5edf,6308.0,6308.0,,,,,,,,,,,,,system_import,system_import,2026-07-25T06:53:50.995044+00:00,2026-07-25T06:53:50.995044+00:00,
a79be456-f008-4abd-a4ad-fd508b1eb41c,0cbd69f8-5310-433e-94f4-676aec44be01,200001.0,500000.0,,,,,,,,,,200001.0,500000.0,,system_import,system_import,2026-07-25T06:53:50.995044+00:00,2026-07-25T06:53:50.995044+00:00,
8e3c7c27-1cfb-43a5-a9e8-15226c1b781f,4202791d-15fa-4f92-b9b4-2db56d43e1de,2000001.0,3000000.0,4000000.0,,,,,,,,,2000001.0,3000000.0,,system_import,system_import,2026-07-25T06:53:50.995044+00:00,2026-07-25T06:53:50.995044+00:00,
20035d27-4bfd-45bf-8256-cb5bb4e63f16,5a9b864e-d7e8-426b-b9eb-24a276b27b9b,1000001.0,1500000.0,,,,,,,,,,1000001.0,1500000.0,,system_import,system_import,2026-07-25T06:53:50.995044+00:00,2026-07-25T06:53:50.995044+00:00,
e90a1d4a-e867-4a67-a21d-3136668d562b,595eda6d-c2c6-4ad7-b601-de2646f021b8,2000001.0,3000000.0,,,,,,,,,,2000001.0,3000000.0,,system_import,system_import,2026-07-25T06:53:50.995044+00:00,2026-07-25T06:53:50.995044+00:00,
c4998f99-cf59-4e7b-a003-f8226bd46a0e,6913de96-9f3e-4e63-93db-0bbc89723465,1000001.0,1500000.0,,,,,,,,,,1000001.0,1500000.0,,system_import,system_import,2026-07-25T06:53:50.995044+00:00,2026-07-25T06:53:50.995044+00:00,
6af97be5-9b26-49a9-9a2a-8466087054fa,2506f61e-676d-4e0d-88d6-8148c9667788,500001.0,1000000.0,,,,,,,,,,500001.0,1000000.0,,system_import,system_import,2026-07-25T06:53:50.995044+00:00,2026-07-25T06:53:50.995044+00:00,
1579bb91-0e08-47cd-9543-4648a8624952,a4d600df-eb73-4f5b-ab8a-a847b424f98d,1000001.0,1500000.0,,,,,,,,,,1000001.0,1500000.0,,system_import,system_import,2026-07-25T06:53:50.995044+00:00,2026-07-25T06:53:50.995044+00:00,
37fb8bfc-0d5d-47a9-b5f1-9fb2c2b60f6a,781b2ed7-535b-4ac2-9bed-fa251cbbe1a3,5000001.0,1.0,,,,,,,,,,5000001.0,1.0,,system_import,system_import,2026-07-25T06:53:50.995044+00:00,2026-07-25T06:53:50.995044+00:00,
ce59213d-b74b-48b0-8826-168fc1dc6393,aefc8c13-b783-4f77-8caa-05538d7740a3,1000001.0,1500000.0,,,,,,,,,,1000001.0,1500000.0,,system_import,system_import,2026-07-25T06:53:50.995044+00:00,2026-07-25T06:53:50.995044+00:00,
1d814958-df37-4f6b-ba85-6b6cca7b2d05,5d312d29-7ee1-46d5-85fd-cfa4c38cc9b7,200000.0,200000.0,100000.0,,,,,,,,,200000.0,200000.0,,system_import,system_import,2026-07-25T06:53:50.995044+00:00,2026-07-25T06:53:50.995044+00:00,
e5e1ccca-691c-4b56-8c5b-5e665159043d,61398967-c706-49af-8403-0206d6bc4fd5,3000001.0,5000000.0,,,,,,,,,,3000001.0,5000000.0,,system_import,system_import,2026-07-25T06:53:50.995044+00:00,2026-07-25T06:53:50.995044+00:00,
3572d159-2a5d-40c0-9c7e-cbe7c0398c84,11b36bb7-32b3-48af-963f-8beeb68b250f,500001.0,1000000.0,,,,,,,,,,500001.0,1000000.0,,system_import,system_import,2026-07-25T06:53:50.995044+00:00,2026-07-25T06:53:50.995044+00:00,
939210c6-6870-4d4c-b366-3f6486b90c05,2e932a1c-bed3-49cd-88b2-566806e0c8a8,200001.0,500000.0,,,,,,,,,,200001.0,500000.0,,system_import,system_import,2026-07-25T06:53:50.995044+00:00,2026-07-25T06:53:50.995044+00:00,
64cd6135-6425-400d-a766-ccaadf907d80,ad592e69-488f-4e02-9419-b99134abc197,1000001.0,1500000.0,,,,,,,,,,1000001.0,1500000.0,,system_import,system_import,2026-07-25T06:53:50.995044+00:00,2026-07-25T06:53:50.995044+00:00,
41371d41-812b-47c8-9f3a-72b8bb7b74f4,c1abd5e3-44be-40ea-9bd3-d0063f7a3de1,3000001.0,5000000.0,10.0,,,,,,,,,3000001.0,5000000.0,,system_import,system_import,2026-07-25T06:53:50.995044+00:00,2026-07-25T06:53:50.995044+00:00,
8e86d0e6-9a62-427d-8928-0714aa5c76ba,2ede1c42-8fbe-499d-bcb4-fca154e935cd,3000001.0,5000000.0,,,,,,,,,,3000001.0,5000000.0,,system_import,system_import,2026-07-25T06:53:50.995044+00:00,2026-07-25T06:53:50.995044+00:00,
3131d0a0-07fb-4f65-9764-c1b2885c9a3d,0d2c184c-c4fb-430e-9c3d-d422764bc944,1500001.0,2000000.0,,,,,,,,,,1500001.0,2000000.0,,system_import,system_import,2026-07-25T06:53:50.995044+00:00,2026-07-25T06:53:50.995044+00:00,
bf3b27f3-7b56-45f6-b38d-05760327754b,4303c13d-4e18-4669-8e45-cb3a98aefb58,1500001.0,2000000.0,,,,,,,,,,1500001.0,2000000.0,,system_import,system_import,2026-07-25T06:53:50.995044+00:00,2026-07-25T06:53:50.995044+00:00,
a41a515c-50b2-42ac-ba77-e08b06c272b1,8569454a-d231-4c1f-ab6b-15154a615444,2000001.0,3000000.0,,,,,,,,,,2000001.0,3000000.0,,system_import,system_import,2026-07-25T06:53:50.995044+00:00,2026-07-25T06:53:50.995044+00:00,
d17156f3-fe47-49fa-b23b-aeb127d1dbfb,98284402-dc86-455c-a0a1-af6cecd2acf6,200001.0,500000.0,300000.0,,,,,,,,,200001.0,500000.0,,system_import,system_import,2026-07-25T06:53:50.995044+00:00,2026-07-25T06:53:50.995044+00:00,
bf5266da-adc5-45b6-b713-3a03023b2e88,ba764d78-6944-4b44-bdf5-3a153c214426,1000001.0,1500000.0,,,,,,,,,,1000001.0,1500000.0,,system_import,system_import,2026-07-25T06:53:50.995044+00:00,2026-07-25T06:53:50.995044+00:00,
5b708adf-274f-4e58-af3e-532bc21a2ee2,1b7226ea-836e-4194-ae81-4e0eadadf35a,200001.0,500000.0,5000000.0,,,,,,,,,200001.0,500000.0,,system_import,system_import,2026-07-25T06:53:50.995044+00:00,2026-07-25T06:53:50.995044+00:00,
ca95243f-b530-4763-a284-343f0b09dd27,e3f6a7f5-8691-4240-a711-790eadc9ddf3,3000001.0,5000000.0,,,,,,,,,,3000001.0,5000000.0,,system_import,system_import,2026-07-25T06:53:50.995044+00:00,2026-07-25T06:53:50.995044+00:00,
2edf59fc-ebd6-479c-88ff-69ac6ae28a62,98ec6ef3-b7fe-4300-b8d7-7d5b09a1e037,200001.0,500000.0,,,,,,,,,,200001.0,500000.0,,system_import,system_import,2026-07-25T06:53:50.995044+00:00,2026-07-25T06:53:50.995044+00:00,
5599c5c6-9aa5-4427-b288-1001e827807f,dad3fcdd-bf10-4a3f-a91d-2a9df06fc80a,1000001.0,1500000.0,,,,,,,,,,1000001.0,1500000.0,,system_import,system_import,2026-07-25T06:53:50.995044+00:00,2026-07-25T06:53:50.995044+00:00,
b5dc8271-7cc6-4b55-9a8f-ac71d7fdfd79,4a22731a-b49b-4f39-9ffe-511965717868,200000.0,200000.0,50000.0,,,,,,,,,200000.0,200000.0,,system_import,system_import,2026-07-25T06:53:50.995044+00:00,2026-07-25T06:53:50.995044+00:00,
158f8e73-23aa-464a-b9dc-8ef1c5c31bf7,805390eb-eb30-49ce-b6de-087c7f40d3e3,500001.0,1000000.0,,,,,,,,,,500001.0,1000000.0,,system_import,system_import,2026-07-25T06:53:50.995044+00:00,2026-07-25T06:53:50.995044+00:00,
276be2c9-0fc0-45f1-bc2b-0747b72a077e,82891aba-5b8d-4abe-9a82-0a2a5766b03c,500001.0,1000000.0,,,,,,,,,,500001.0,1000000.0,,system_import,system_import,2026-07-25T06:53:50.995044+00:00,2026-07-25T06:53:50.995044+00:00,
487b7707-8afd-46d5-8049-343f42c16bd4,954aa421-89bc-4a35-8719-93a93c0f69e6,2000001.0,3000000.0,,,,,,,,,,2000001.0,3000000.0,,system_import,system_import,2026-07-25T06:53:50.995044+00:00,2026-07-25T06:53:50.995044+00:00,
94123189-efa6-4e6c-9f9a-fd38222a1c75,fd1e53fd-7288-4d59-840e-497cea9e2456,1000001.0,1500000.0,,,,,,,,,,1000001.0,1500000.0,,system_import,system_import,2026-07-25T06:53:50.995044+00:00,2026-07-25T06:53:50.995044+00:00,
3b1cf9c6-111d-4363-8bbb-94b390cd1092,819bf44a-075c-4d61-ac3e-adc3434037ae,500001.0,1000000.0,,,,,,,,,,500001.0,1000000.0,,system_import,system_import,2026-07-25T06:53:50.995044+00:00,2026-07-25T06:53:50.995044+00:00,
3c8bf3cc-cad0-451a-beb3-c156660c020b,2080a07f-7b0d-4223-831a-bce9348225ce,200000.0,200000.0,,,,,,,,,,200000.0,200000.0,,system_import,system_import,2026-07-25T06:53:50.995044+00:00,2026-07-25T06:53:50.995044+00:00,
354a0c96-b893-4837-b6df-bded535c504d,e877f70e-bd20-496d-a132-22566179b356,200001.0,500000.0,,,,,,,,,,200001.0,500000.0,,system_import,system_import,2026-07-25T06:53:50.995044+00:00,2026-07-25T06:53:50.995044+00:00,
f0a8bd11-2fad-41da-b38b-6718c58bef52,639ba2c8-c186-4010-9905-0af1d8099fdc,1000001.0,1500000.0,,,,,,,,,,1000001.0,1500000.0,,system_import,system_import,2026-07-25T06:53:50.995044+00:00,2026-07-25T06:53:50.995044+00:00,
0fb24aec-4fae-40d0-a3dc-d38f1f82d07a,cbda03b3-f4dc-4c47-be66-98e2795d2312,2000001.0,3000000.0,,,,,,,,,,2000001.0,3000000.0,,system_import,system_import,2026-07-25T06:53:50.995044+00:00,2026-07-25T06:53:50.995044+00:00,
025f77db-88c0-47c5-a123-d2aa16d36ee7,7c7d213f-7a5c-436c-a41e-fe0290437d02,200001.0,500000.0,500000.0,,,,,,,,,200001.0,500000.0,,system_import,system_import,2026-07-25T06:53:50.995044+00:00,2026-07-25T06:53:50.995044+00:00,
fc238c83-954f-417b-b9fd-8ac7830d760a,3ebe4dda-b361-46cf-95b4-7143884db4d1,500001.0,1000000.0,,,,,,,,,,500001.0,1000000.0,,system_import,system_import,2026-07-25T06:53:50.995044+00:00,2026-07-25T06:53:50.995044+00:00,
b2024711-f925-4f49-9659-3ad574266b18,ce6cbe94-3a84-4e55-b407-2d60ee8f4e2a,200000.0,200000.0,1000000.0,,,,,,,,,200000.0,200000.0,,system_import,system_import,2026-07-25T06:53:50.995044+00:00,2026-07-25T06:53:50.995044+00:00,
8391a857-a0ed-4378-acbb-31891146bf62,3b4cf239-7cd6-4bab-930b-2c462ff10530,200001.0,500000.0,,,,,,,,,,200001.0,500000.0,,system_import,system_import,2026-07-25T06:53:50.995044+00:00,2026-07-25T06:53:50.995044+00:00,
adddaadf-6262-493e-9a7b-8fd59ad15c37,40156c9f-0b43-4e1c-a18f-f0cf41482313,500001.0,1000000.0,500000.0,,,,,,,,,500001.0,1000000.0,,system_import,system_import,2026-07-25T06:53:50.995044+00:00,2026-07-25T06:53:50.995044+00:00,
0f4aad54-2432-4af9-ae42-ad3c58c98a4b,444d9730-fdb1-4d01-ae80-761b6c7af56e,3000001.0,5000000.0,,,,,,,,,,3000001.0,5000000.0,,system_import,system_import,2026-07-25T06:53:50.995044+00:00,2026-07-25T06:53:50.995044+00:00,
42a67ccd-51b4-4263-9fb4-a30732f04f30,713db7b5-7643-48e3-94f2-71f158519346,200001.0,500000.0,,,,,,,,,,200001.0,500000.0,,system_import,system_import,2026-07-25T06:53:50.995044+00:00,2026-07-25T06:53:50.995044+00:00,
2a57b685-6516-406f-ac36-9aa8604df68f,365f8071-cac5-45ab-be74-9f0973fa5a90,3000001.0,5000000.0,,,,,,,,,,3000001.0,5000000.0,,system_import,system_import,2026-07-25T06:53:50.995044+00:00,2026-07-25T06:53:50.995044+00:00,
d6c462f7-205c-46ff-b82c-ff659a750347,1d9e25ea-4605-485f-925f-6e2196755491,1500001.0,2000000.0,,,,,,,,,,1500001.0,2000000.0,,system_import,system_import,2026-07-25T06:53:50.995044+00:00,2026-07-25T06:53:50.995044+00:00,
042bba21-1ee7-4c10-a231-a6cce02e095e,54cdf88d-267c-4fbc-a604-8589966c29aa,2000001.0,3000000.0,,,,,,,,,,2000001.0,3000000.0,,system_import,system_import,2026-07-25T06:53:50.995044+00:00,2026-07-25T06:53:50.995044+00:00,
a4da36a4-ca25-449f-85e3-b6cced3d7fca,20d96574-23a6-4e8e-9d9a-bfe63d174b86,15044.0,15044.0,,,,,,,,,,,,,system_import,system_import,2026-07-25T06:53:50.995044+00:00,2026-07-25T06:53:50.995044+00:00,
221bbdc6-964f-4aa1-b1f3-83e95a2437ce,8968f09e-5b6c-4263-908b-ce33db10d066,500001.0,1000000.0,,,,,,,,,,500001.0,1000000.0,,system_import,system_import,2026-07-25T06:53:50.995044+00:00,2026-07-25T06:53:50.995044+00:00,
f595570f-bcf5-4294-b104-479a95612850,ed7cec0d-01aa-4cf7-abc5-1ff32590b0d5,200001.0,500000.0,1000000.0,,,,,,,,,200001.0,500000.0,,system_import,system_import,2026-07-25T06:53:50.995044+00:00,2026-07-25T06:53:50.995044+00:00,
5837e7eb-2434-4dd2-b5c1-dda2df3d8f09,c4fe644b-c49d-495a-8038-07e732101c35,1000001.0,1500000.0,,,,,,,,,,1000001.0,1500000.0,,system_import,system_import,2026-07-25T06:53:50.995044+00:00,2026-07-25T06:53:50.995044+00:00,
bd81f62d-65f8-4f13-ad8d-4046796f60ed,8214ab72-1466-401b-ba85-8e74d3f117a7,200000.0,200000.0,30000.0,,,,,,,,,200000.0,200000.0,,system_import,system_import,2026-07-25T06:53:50.995044+00:00,2026-07-25T06:53:50.995044+00:00,
1ccf4992-cb2b-41d7-ae91-040cab0d5d42,fa363881-a56e-4ee0-abf0-fd5e997f70f8,500001.0,1000000.0,,,,,,,,,,500001.0,1000000.0,,system_import,system_import,2026-07-25T06:53:50.995044+00:00,2026-07-25T06:53:50.995044+00:00,
b8c59e5f-d196-40d6-a457-edffd396d869,bbc98ee5-dec4-40f1-acdb-5441415334d9,3000001.0,5000000.0,,,,,,,,,,3000001.0,5000000.0,,system_import,system_import,2026-07-25T06:53:50.995044+00:00,2026-07-25T06:53:50.995044+00:00,
c58e11dc-607d-498b-a716-5be44f75b9cd,e995e1bb-1d8d-4f31-8039-15c8656b68be,500001.0,1000000.0,,,,,,,,,,500001.0,1000000.0,,system_import,system_import,2026-07-25T06:53:50.995044+00:00,2026-07-25T06:53:50.995044+00:00,
a996c4d0-1821-4fb8-a13e-04286c81b227,8e650534-4406-4541-8815-3cd05b89ce96,500001.0,1000000.0,,,,,,,,,,500001.0,1000000.0,,system_import,system_import,2026-07-25T06:53:50.995044+00:00,2026-07-25T06:53:50.995044+00:00,
83906c02-3194-4f97-882b-5b4682a8e6c5,5f9d000f-a13c-4dc8-9e8e-eeedae700236,200000.0,200000.0,,,,,,,,,,200000.0,200000.0,,system_import,system_import,2026-07-25T06:53:50.995044+00:00,2026-07-25T06:53:50.995044+00:00,
1bee650e-45ff-4416-9ee3-b9181e1286f5,9e00c4c8-4285-4b41-9283-389868a10f3d,200000.0,200000.0,,,,,,,,,,200000.0,200000.0,,system_import,system_import,2026-07-25T06:53:50.995044+00:00,2026-07-25T06:53:50.995044+00:00,
51a94164-bf8f-4413-ac9b-4c87cfb9b82a,cf606678-41fc-43cd-bfaf-d0fd1f6e0223,359.0,359.0,,,,,,,,,,,,,system_import,system_import,2026-07-25T06:53:50.995044+00:00,2026-07-25T06:53:50.995044+00:00,
a72b9a6b-927d-421b-984d-8ad299a8078b,1fc4e178-a29d-4fde-b66d-5dba7ec039a2,200001.0,500000.0,,,,,,,,,,200001.0,500000.0,,system_import,system_import,2026-07-25T06:53:50.995044+00:00,2026-07-25T06:53:50.995044+00:00,
8d821760-1be9-46a5-91f6-08491ede36b4,f89cee48-1bcf-4b80-8340-da27932823ed,500001.0,1000000.0,,,,,,,,,,500001.0,1000000.0,,system_import,system_import,2026-07-25T06:53:50.995044+00:00,2026-07-25T06:53:50.995044+00:00,
1b497894-b0dd-4feb-a02d-b193e72a34d8,3ed40874-07d2-4d33-b40e-35239c1b5d09,500001.0,1000000.0,1000000.0,,,,,,,,,500001.0,1000000.0,,system_import,system_import,2026-07-25T06:53:50.995044+00:00,2026-07-25T06:53:50.995044+00:00,
f0bc597b-58f4-4973-9ec7-dc39ff4289fd,3cd3435d-836a-4c0e-8430-68fc7e203024,1985.0,1985.0,,,,,,,,,,,,,system_import,system_import,2026-07-25T06:53:50.995044+00:00,2026-07-25T06:53:50.995044+00:00,
c03615fc-eeee-4b18-a89f-deaa023a66bd,0c334ba5-689d-4e27-8159-eb2c8e00df75,789.0,789.0,,,,,,,,,,,,,system_import,system_import,2026-07-25T06:53:50.995044+00:00,2026-07-25T06:53:50.995044+00:00,
cc5d33db-8171-49cc-9a7f-f26533b04ec1,734aa169-aad7-4f3d-b963-74a80c974095,200001.0,500000.0,700000.0,,,,,,,,,200001.0,500000.0,,system_import,system_import,2026-07-25T06:53:50.995044+00:00,2026-07-25T06:53:50.995044+00:00,
002fac8b-f2c7-417a-a64a-058d147cc836,e4ef2843-e65a-42df-b8f5-ed4ded785ef2,500001.0,1000000.0,,,,,,,,,,500001.0,1000000.0,,system_import,system_import,2026-07-25T06:53:50.995044+00:00,2026-07-25T06:53:50.995044+00:00,
123e8690-2b91-4e1a-980f-e41112474f40,eb986951-f84c-437c-9268-ec048520c849,200001.0,500000.0,,,,,,,,,,200001.0,500000.0,,system_import,system_import,2026-07-25T06:53:50.995044+00:00,2026-07-25T06:53:50.995044+00:00,
23a591a8-cf8a-45c0-8f29-451ff7fd6186,226c02c9-db1e-4607-8794-3697707306ff,200001.0,500000.0,,,,,,,,,,200001.0,500000.0,,system_import,system_import,2026-07-25T06:53:50.995044+00:00,2026-07-25T06:53:50.995044+00:00,
5483565b-0da9-488c-931e-f764af42f017,b4b6379c-ebe6-4129-9a4e-45c4b86be3d6,200000.0,200000.0,,,,,,,,,,200000.0,200000.0,,system_import,system_import,2026-07-25T06:53:50.995044+00:00,2026-07-25T06:53:50.995044+00:00,
3721570e-479a-456a-83b7-5f7e4ef973ae,85fa75ae-dd72-439d-a9dc-6657944ec68d,500001.0,1000000.0,,,,,,,,,,500001.0,1000000.0,,system_import,system_import,2026-07-25T06:53:50.995044+00:00,2026-07-25T06:53:50.995044+00:00,
b4c68c9a-8ebf-4096-94de-c6902cc35aab,cf706cac-aa01-4c51-91bd-7025864a7cf7,1000001.0,1500000.0,1500000.0,,,,,,,,,1000001.0,1500000.0,,system_import,system_import,2026-07-25T06:53:50.995044+00:00,2026-07-25T06:53:50.995044+00:00,
d3d0b6b3-815c-46f1-8836-e6f1d36a9766,c82a7656-64ae-4dcf-a557-6685a1467f41,200001.0,500000.0,500000.0,,,,,,,,,200001.0,500000.0,,system_import,system_import,2026-07-25T06:53:50.995044+00:00,2026-07-25T06:53:50.995044+00:00,
29e933f1-3741-4500-86d3-daaf42b74f92,4b4b0629-9081-4066-941e-81f8fab11bca,200000.0,200000.0,,,,,,,,,,200000.0,200000.0,,system_import,system_import,2026-07-25T06:53:50.995044+00:00,2026-07-25T06:53:50.995044+00:00,
fac1e48f-c991-4e74-8783-412e034cdcd1,4f27c047-c610-460f-863e-085eaeae0f40,2000001.0,3000000.0,,,,,,,,,,2000001.0,3000000.0,,system_import,system_import,2026-07-25T06:53:50.995044+00:00,2026-07-25T06:53:50.995044+00:00,
bddec66e-2bf0-4964-8880-2145b836c44e,306dfc56-0d17-45be-b758-45263d2a4999,3000001.0,5000000.0,,,,,,,,,,3000001.0,5000000.0,,system_import,system_import,2026-07-25T06:53:50.995044+00:00,2026-07-25T06:53:50.995044+00:00,
42cd2da1-58e9-4812-8f24-d8ed34efe4fc,834dc90b-ba9e-4a34-8726-0df1d6dad198,500001.0,1000000.0,,,,,,,,,,500001.0,1000000.0,,system_import,system_import,2026-07-25T06:53:50.995044+00:00,2026-07-25T06:53:50.995044+00:00,
53a8ea36-06c2-4671-a8ad-dcd3e7fc8408,7c5beec9-b8dc-4d78-bb04-ea679d694025,896.0,896.0,,,,,,,,,,,,,system_import,system_import,2026-07-25T06:53:50.995044+00:00,2026-07-25T06:53:50.995044+00:00,
cf3b4d97-968e-4c68-9310-63f4909672fd,9a5a60cb-8183-40f2-909b-bae0b21ac9bd,3000001.0,5000000.0,,,,,,,,,,3000001.0,5000000.0,,system_import,system_import,2026-07-25T06:53:50.995044+00:00,2026-07-25T06:53:50.995044+00:00,
54e947d8-4ac4-41e9-b050-77f10f9da160,95ecde27-3732-4c60-ac8f-525fe927dc6f,500001.0,1000000.0,,,,,,,,,,500001.0,1000000.0,,system_import,system_import,2026-07-25T06:53:50.995044+00:00,2026-07-25T06:53:50.995044+00:00,
b84b186e-dc70-4098-b801-65156268d63e,037d9db7-7383-43dd-b872-685262c2e082,1000001.0,1500000.0,,,,,,,,,,1000001.0,1500000.0,,system_import,system_import,2026-07-25T06:53:50.995044+00:00,2026-07-25T06:53:50.995044+00:00,
b91949dc-a931-46ba-abf8-6aecefd8d0dc,8e920fae-96f9-4653-8352-a41740f676fc,1000001.0,1500000.0,500000.0,,,,,,,,,1000001.0,1500000.0,,system_import,system_import,2026-07-25T06:53:50.995044+00:00,2026-07-25T06:53:50.995044+00:00,
8f7afa8d-77ec-442e-8e46-4c531a50ff00,c6966f31-8db4-4991-8a53-44e45d332f92,500001.0,1000000.0,100000.0,,,,,,,,,500001.0,1000000.0,,system_import,system_import,2026-07-25T06:53:50.995044+00:00,2026-07-25T06:53:50.995044+00:00,
25ffb7b6-bc84-4f66-ab3f-28b054ace9de,f1cbb49b-1047-4b20-9449-7ba030bf0a92,500001.0,1000000.0,500000.0,,,,,,,,,500001.0,1000000.0,,system_import,system_import,2026-07-25T06:53:50.995044+00:00,2026-07-25T06:53:50.995044+00:00,
8763e78d-e9bd-479e-9092-c6a58dbe7c83,9f98b950-1b39-4ec8-868f-6b156bed5ad4,1000001.0,1500000.0,2000000.0,,,,,,,,,1000001.0,1500000.0,,system_import,system_import,2026-07-25T06:53:50.995044+00:00,2026-07-25T06:53:50.995044+00:00,
16fe511c-54ec-4efe-b908-9a0dea2e5b7a,723bda52-ebe9-4ef2-b052-5b1fc8b5d8ec,200001.0,500000.0,,,,,,,,,,200001.0,500000.0,,system_import,system_import,2026-07-25T06:53:50.995044+00:00,2026-07-25T06:53:50.995044+00:00,
5c28ca2f-1fa6-4102-a505-c33d1b7025ca,e51b2a1b-92b4-426d-b4fb-1d075218cb4f,1208.0,1208.0,,,,,,,,,,365.0,365.0,,system_import,system_import,2026-07-25T06:53:50.995044+00:00,2026-07-25T06:53:50.995044+00:00,
c0ddcdb0-1dc7-4188-80fc-76faad463cd9,00c1804b-9ba6-4482-993b-e09189fdf8ca,1500001.0,2000000.0,,,,,,,,,,1500001.0,2000000.0,,system_import,system_import,2026-07-25T06:53:50.995044+00:00,2026-07-25T06:53:50.995044+00:00,
f3244f96-614f-4a57-b850-3d6a58bb0ce6,4c17a951-3ada-4af2-9b55-80191ac0bb0d,200001.0,500000.0,,,,,,,,,,200001.0,500000.0,,system_import,system_import,2026-07-25T06:53:50.995044+00:00,2026-07-25T06:53:50.995044+00:00,
10163d62-7f20-4f05-ab41-a028dbf0e67b,37e2949c-793c-49a5-b3a2-41b717d12eed,200001.0,500000.0,,,,,,,,,,200001.0,500000.0,,system_import,system_import,2026-07-25T06:53:50.995044+00:00,2026-07-25T06:53:50.995044+00:00,
0441b5c9-6e83-4d24-b29f-ffe15211b1dd,e5ef5d25-dbd9-491a-a2a2-0f9389f951d2,1000001.0,1500000.0,,,,,,,,,,1000001.0,1500000.0,,system_import,system_import,2026-07-25T06:53:50.995044+00:00,2026-07-25T06:53:50.995044+00:00,
15223cfb-418c-4d95-a9bd-48448a6270a0,1aa1b820-1295-4415-bea7-410b70ed91d9,500001.0,1000000.0,2000000.0,,,,,,,,,500001.0,1000000.0,,system_import,system_import,2026-07-25T06:53:50.995044+00:00,2026-07-25T06:53:50.995044+00:00,
a0c43af9-570f-4591-8f15-2faf4f0f4333,f2508cf6-9f80-4a42-8914-eb1ed68e04bd,2113.0,2113.0,500000.0,,,,,,,,,200000.0,200000.0,,system_import,system_import,2026-07-25T06:53:50.995044+00:00,2026-07-25T06:53:50.995044+00:00,
6aadf781-dd5f-45e5-95d7-c9d219e26501,e52fbc37-340c-4e6b-93b7-7450600d009e,200000.0,200000.0,200000.0,,,,,,,,,200000.0,200000.0,,system_import,system_import,2026-07-25T06:53:50.995044+00:00,2026-07-25T06:53:50.995044+00:00,
2b0b7786-70ac-48d1-a876-05f90c39736d,ce2bbde3-c181-43d0-ae9f-b2044aaba634,1000001.0,1500000.0,,,,,,,,,,1000001.0,1500000.0,,system_import,system_import,2026-07-25T06:53:50.995044+00:00,2026-07-25T06:53:50.995044+00:00,
57c50904-506f-43ef-9c3c-f144a5b0ad67,42c9f3ef-beb2-4c12-9396-ec844a002250,200001.0,500000.0,,,,,,,,,,200001.0,500000.0,,system_import,system_import,2026-07-25T06:53:50.995044+00:00,2026-07-25T06:53:50.995044+00:00,
1e3ce997-0f39-4884-b783-919084818483,df4246f2-6f2d-4a59-b8e4-6a04ae276884,1000001.0,1500000.0,,,,,,,,,,1000001.0,1500000.0,,system_import,system_import,2026-07-25T06:53:50.995044+00:00,2026-07-25T06:53:50.995044+00:00,
8556a540-732e-4f96-b96f-d550400b39d2,96f3f44f-5106-418b-b4c2-189bbf94c623,200001.0,500000.0,,,,,,,,,,200001.0,500000.0,,system_import,system_import,2026-07-25T06:53:50.995044+00:00,2026-07-25T06:53:50.995044+00:00,
cce1def5-813a-4bc0-8f8e-5914f8387cdb,3f7281b6-ac35-4ef2-8c90-20c8813bc4c6,200000.0,200000.0,,,,,,,,,,200000.0,200000.0,,system_import,system_import,2026-07-25T06:53:50.995044+00:00,2026-07-25T06:53:50.995044+00:00,
633f3cb1-3f94-438b-b19a-cabf0b9891c4,7b283d0d-94b8-472e-93e8-e50434a8bb3e,3000001.0,5000000.0,,,,,,,,,,3000001.0,5000000.0,,system_import,system_import,2026-07-25T06:53:50.995044+00:00,2026-07-25T06:53:50.995044+00:00,
68099e9d-46b6-4ed6-b8ee-2245eab1786f,b7abb0f0-461c-4e6d-8a91-4f00f6408cb2,200001.0,500000.0,,,,,,,,,,200001.0,500000.0,,system_import,system_import,2026-07-25T06:53:50.995044+00:00,2026-07-25T06:53:50.995044+00:00,
a4965fe8-8a67-4c60-a4dc-4645cb44221f,1a92caae-a6f1-409a-a4bc-5e5e12315d7e,5000001.0,1.0,,,,,,,,,,5000001.0,1.0,,system_import,system_import,2026-07-25T06:53:50.995044+00:00,2026-07-25T06:53:50.995044+00:00,
61d688a3-f060-446a-8700-6504c9057f0b,aa7a7d01-2ff8-41fd-a35a-8d920e9a694c,200000.0,200000.0,500000.0,,,,,,,,,200000.0,200000.0,,system_import,system_import,2026-07-25T06:53:50.995044+00:00,2026-07-25T06:53:50.995044+00:00,
e38d4049-bed7-4fef-9d03-14da5c718afa,b8a6fe1c-ab91-4824-beef-c653b0673679,500001.0,1000000.0,,,,,,,,,,500001.0,1000000.0,,system_import,system_import,2026-07-25T06:53:50.995044+00:00,2026-07-25T06:53:50.995044+00:00,
b9dd6dc2-a37d-4331-86f2-941f54c119f5,ec258328-b67e-4714-899c-7f3c12b7c5ab,500001.0,1000000.0,200000.0,,,,,,,,,500001.0,1000000.0,,system_import,system_import,2026-07-25T06:53:50.995044+00:00,2026-07-25T06:53:50.995044+00:00,
4e188f9a-2301-43df-8b06-74db3d61fae2,e79974c8-1672-4cff-b606-7d130204191f,2000001.0,3000000.0,,,,,,,,,,2000001.0,3000000.0,,system_import,system_import,2026-07-25T06:53:50.995044+00:00,2026-07-25T06:53:50.995044+00:00,
a7c9e9ee-c9b8-43ab-beac-2d4a373c9bb2,17b933fe-883e-468a-ac1a-59d590a66557,200000.0,200000.0,10000.0,,,,,,,,,200000.0,200000.0,,system_import,system_import,2026-07-25T06:53:50.995044+00:00,2026-07-25T06:53:50.995044+00:00,
7589b8a1-0758-4187-bb34-a25fc7ef0a76,641c2864-a096-4bcd-978b-0f9b41323038,200001.0,500000.0,100000.0,,,,,,,,,200001.0,500000.0,,system_import,system_import,2026-07-25T06:53:50.995044+00:00,2026-07-25T06:53:50.995044+00:00,
d48390b4-e025-4d8e-b794-81424834ff99,3224da17-ea0a-400e-a512-bc292cd04f16,200001.0,500000.0,,,,,,,,,,200001.0,500000.0,,system_import,system_import,2026-07-25T06:53:50.995044+00:00,2026-07-25T06:53:50.995044+00:00,
eb5130f4-ba95-4afd-92cf-eb6772437810,58f12484-b2ea-4016-a52e-3a2823a50fb8,500001.0,1000000.0,,,,,,,,,,500001.0,1000000.0,,system_import,system_import,2026-07-25T06:53:50.995044+00:00,2026-07-25T06:53:50.995044+00:00,
1696e050-299b-4306-a737-2d491b65c78f,ee97a3ad-7eb6-4d58-8320-3c2648623aa7,500001.0,1000000.0,,,,,,,,,,500001.0,1000000.0,,system_import,system_import,2026-07-25T06:53:50.995044+00:00,2026-07-25T06:53:50.995044+00:00,
eef0dfd7-42e5-46a0-91b5-f91c9ce3b3c9,75702f19-b67e-4bab-a717-806b6a35b337,2000001.0,3000000.0,,,,,,,,,,2000001.0,3000000.0,,system_import,system_import,2026-07-25T06:53:50.995044+00:00,2026-07-25T06:53:50.995044+00:00,
c0de06c6-e8b7-415c-a02b-3a777b450914,49bad7e6-131a-48c1-b648-79f8a39d8419,500001.0,1000000.0,,,,,,,,,,500001.0,1000000.0,,system_import,system_import,2026-07-25T06:53:50.995044+00:00,2026-07-25T06:53:50.995044+00:00,
4a448b21-b530-4855-b3bc-9ef20cbd49d3,56226909-9af7-414c-9585-304398ba56c4,4542.0,4542.0,,,,,,,,,,,,,system_import,system_import,2026-07-25T06:53:50.995044+00:00,2026-07-25T06:53:50.995044+00:00,
885cfe3c-8c84-4133-bb0c-37a74c6666c9,ef4ea705-f7d2-4e67-9330-d3f2ccc88031,1000001.0,1500000.0,300000.0,,,,,,,,,1000001.0,1500000.0,,system_import,system_import,2026-07-25T06:53:50.995044+00:00,2026-07-25T06:53:50.995044+00:00,
3880356e-ec5c-4561-81d0-1b944b76918d,82520a90-bfa9-40e1-ac98-9a4074dee17c,500001.0,1000000.0,,,,,,,,,,500001.0,1000000.0,,system_import,system_import,2026-07-25T06:53:50.995044+00:00,2026-07-25T06:53:50.995044+00:00,
1e51058f-d407-447a-8cca-23eb8c1fab01,d19f91cc-1598-461b-8ac5-345905a3c18d,200001.0,500000.0,500000.0,,,,,,,,,200001.0,500000.0,,system_import,system_import,2026-07-25T06:53:50.995044+00:00,2026-07-25T06:53:50.995044+00:00,
9a26abc2-0dfb-499c-902f-a5fd19e712f8,bb8c9397-7fad-4840-b59e-e1833cdab2eb,500001.0,1000000.0,500000.0,,,,,,,,,500001.0,1000000.0,,system_import,system_import,2026-07-25T06:53:50.995044+00:00,2026-07-25T06:53:50.995044+00:00,
24503ad8-660b-4ea5-8de2-cb58741bd35c,0aecdd92-7457-4b6a-b285-9769dd20c11d,2000001.0,3000000.0,,,,,,,,,,2000001.0,3000000.0,,system_import,system_import,2026-07-25T06:53:50.995044+00:00,2026-07-25T06:53:50.995044+00:00,
eb7ab664-a5bd-4d48-b0b8-6453bc9667d0,d4b425c8-9ab8-4cc8-b84b-2fec24aa1739,200000.0,200000.0,,,,,,,,,,200000.0,200000.0,,system_import,system_import,2026-07-25T06:53:50.995044+00:00,2026-07-25T06:53:50.995044+00:00,
db0320dc-9115-4bd4-922b-45204f68498b,5e65bb15-8a83-4680-9b53-57c3b7039c73,500001.0,1000000.0,,,,,,,,,,500001.0,1000000.0,,system_import,system_import,2026-07-25T06:53:50.995044+00:00,2026-07-25T06:53:50.995044+00:00,
2117cf79-80ed-41a0-8c3e-3809d7a2a2e4,52760b63-956d-4ed8-8378-c185f5998c06,200000.0,200000.0,1000000.0,,,,,,,,,200000.0,200000.0,,system_import,system_import,2026-07-25T06:53:50.995044+00:00,2026-07-25T06:53:50.995044+00:00,
771fc80f-cddb-46f5-94c4-a156d909f12b,6a71840c-d512-439b-ab73-7f7fc1cb2ef4,200001.0,500000.0,,,,,,,,,,200001.0,500000.0,,system_import,system_import,2026-07-25T06:53:50.995044+00:00,2026-07-25T06:53:50.995044+00:00,
38177d25-7331-464a-8e72-3030a724acfb,bdd8fcac-3626-4422-a5c9-fd5427e6526c,5000000.0,10000000.0,,,,,,,,,,200000.0,200000.0,,system_import,system_import,2026-07-25T06:53:50.995044+00:00,2026-07-25T06:53:50.995044+00:00,
9881cf80-ec9d-41ec-8ac9-771ab2138a3b,1c498593-c511-4d65-b573-257062e57b50,500001.0,1000000.0,,,,,,,,,,500001.0,1000000.0,,system_import,system_import,2026-07-25T06:53:50.995044+00:00,2026-07-25T06:53:50.995044+00:00,
61e059c6-b501-4a8b-bd06-cde16b1c7419,c36e9692-ed85-4260-8b30-16957e348213,500001.0,1000000.0,,,,,,,,,,500001.0,1000000.0,,system_import,system_import,2026-07-25T06:53:50.995044+00:00,2026-07-25T06:53:50.995044+00:00,
fb9abe3b-b25a-43d8-874e-ecd71b7a195a,79470103-0fea-460e-96d6-9890c3e4cf36,200001.0,500000.0,,,,,,,,,,200001.0,500000.0,,system_import,system_import,2026-07-25T06:53:50.995044+00:00,2026-07-25T06:53:50.995044+00:00,
b2dab3a8-f085-46d8-9062-4f242b575505,e84e7853-59d9-4df7-91d5-6695b00231bd,500001.0,1000000.0,300000.0,,,,,,,,,500001.0,1000000.0,,system_import,system_import,2026-07-25T06:53:50.995044+00:00,2026-07-25T06:53:50.995044+00:00,
83a195c1-49b9-490e-aa2f-ad991f2ad18d,78a71011-df70-476b-82bb-03f933daa27b,200001.0,500000.0,,,,,,,,,,200001.0,500000.0,,system_import,system_import,2026-07-25T06:53:50.995044+00:00,2026-07-25T06:53:50.995044+00:00,
96dbdd13-567c-4f6e-ace7-e1b4646dd02e,0d6c90a6-42e4-4af3-8cf8-de3b8f6ec1c6,1500001.0,2000000.0,,,,,,,,,,1500001.0,2000000.0,,system_import,system_import,2026-07-25T06:53:50.995044+00:00,2026-07-25T06:53:50.995044+00:00,
225c4443-ccec-4d87-b145-640e391382bb,7f838f31-870f-41c8-a354-53b12b406be3,1.0,1.0,,,,,,,,,,1.0,1.0,,system_import,system_import,2026-07-25T06:53:50.995044+00:00,2026-07-25T06:53:50.995044+00:00,
e14d92e4-c933-414e-94b5-ae96d7c6fb0c,d21d7a51-05e2-4ec5-b5bb-fc587ab09783,500001.0,1000000.0,,,,,,,,,,500001.0,1000000.0,,system_import,system_import,2026-07-25T06:53:50.995044+00:00,2026-07-25T06:53:50.995044+00:00,
be9eb02c-c37f-40a4-8b66-fbf08658fd4e,3990f346-4260-4e35-9d56-f0d0531eee4b,500001.0,1000000.0,500000.0,,,,,,,,,500001.0,1000000.0,,system_import,system_import,2026-07-25T06:53:50.995044+00:00,2026-07-25T06:53:50.995044+00:00,
2ce7c25e-be5d-436f-a306-12dbefd54675,af1aa453-b7fb-4733-ba10-22ad0d6231f2,200001.0,500000.0,50000.0,,,,,,,,,200001.0,500000.0,,system_import,system_import,2026-07-25T06:53:50.995044+00:00,2026-07-25T06:53:50.995044+00:00,
cc8658f3-efa7-4dc4-94bd-6cfe5a014b30,7a4189d8-50c5-4982-b063-4e2ed8b379b1,200000.0,200000.0,,,,,,,,,,200000.0,200000.0,,system_import,system_import,2026-07-25T06:53:50.995044+00:00,2026-07-25T06:53:50.995044+00:00,
8971a6f5-19f7-4faf-a183-79b1eaef2c32,90420f86-3962-4074-b183-868191aebafc,500001.0,1000000.0,,,,,,,,,,500001.0,1000000.0,,system_import,system_import,2026-07-25T06:53:50.995044+00:00,2026-07-25T06:53:50.995044+00:00,
7af79aff-e851-4b70-ad71-db787c855a25,39190254-408e-470d-a879-d7a22def9824,500001.0,1000000.0,,,,,,,,,,500001.0,1000000.0,,system_import,system_import,2026-07-25T06:53:50.995044+00:00,2026-07-25T06:53:50.995044+00:00,
8f8cf409-f330-45ee-add9-e8a35de6ff22,113291a5-d501-4ab3-be59-35046e813d76,500001.0,1000000.0,,,,,,,,,,500001.0,1000000.0,,system_import,system_import,2026-07-25T06:53:50.995044+00:00,2026-07-25T06:53:50.995044+00:00,
b20d44eb-9cc8-4642-8120-811a9ad82e6a,f7bb4648-38b0-4793-8162-679d01527a41,200001.0,500000.0,,,,,,,,,,200001.0,500000.0,,system_import,system_import,2026-07-25T06:53:50.995044+00:00,2026-07-25T06:53:50.995044+00:00,
75483755-2b6a-4fb2-a257-b1074b1f82cd,668a11e8-9b68-425d-b749-3be9b806459b,2298.0,2298.0,,,,,,,,,,1000000.0,1000000.0,,system_import,system_import,2026-07-25T06:53:50.995044+00:00,2026-07-25T06:53:50.995044+00:00,
f1335fef-923c-44b3-8561-ce0663f98b4a,24718068-e623-41e4-b052-e4028ac8ff20,200000.0,200000.0,,,,,,,,,,200000.0,200000.0,,system_import,system_import,2026-07-25T06:53:50.995044+00:00,2026-07-25T06:53:50.995044+00:00,
99f7af44-40ce-4f26-89d0-222d51774f6b,11b6331e-c5e6-4c91-954a-2d94b23c997f,3000001.0,5000000.0,,,,,,,,,,3000001.0,5000000.0,,system_import,system_import,2026-07-25T06:53:50.995044+00:00,2026-07-25T06:53:50.995044+00:00,
8c5c70b1-24db-4c57-9a75-7187abd55321,c7180df0-3c2a-4e31-a007-2e2f1aa15155,200001.0,500000.0,,,,,,,,,,200001.0,500000.0,,system_import,system_import,2026-07-25T06:53:50.995044+00:00,2026-07-25T06:53:50.995044+00:00,
5442da2f-c172-49d5-94ae-39d1c46e22c2,e5f662bd-ee8d-4d39-96e3-7e5c6afc19fa,9982.0,9982.0,,,,,,,,,,250000.0,250000.0,,system_import,system_import,2026-07-25T06:53:50.995044+00:00,2026-07-25T06:53:50.995044+00:00,
e3aaab2f-afd8-4391-8651-2fc9bd9f1028,3024c594-1d4f-490c-95c9-66c2b619c7b3,1500001.0,2000000.0,,,,,,,,,,1500001.0,2000000.0,,system_import,system_import,2026-07-25T06:53:50.995044+00:00,2026-07-25T06:53:50.995044+00:00,
728cdad7-54fe-4195-9fcc-8d880ada919b,90d60087-b2a6-4931-b70c-b6b1275f7a09,500001.0,1000000.0,5.0,,,,,,,,,500001.0,1000000.0,,system_import,system_import,2026-07-25T06:53:50.995044+00:00,2026-07-25T06:53:50.995044+00:00,
566ebf2d-fa6d-4b83-838e-99fde9719707,5cc8722a-a976-4cf1-98b2-0678aa179ed5,200001.0,500000.0,,,,,,,,,,200001.0,500000.0,,system_import,system_import,2026-07-25T06:53:50.995044+00:00,2026-07-25T06:53:50.995044+00:00,
359a9146-2125-4352-aa4e-44c947060312,d1784e22-4c1a-4f86-a508-68b1122f35a0,200001.0,500000.0,150000.0,,,,,,,,,200001.0,500000.0,,system_import,system_import,2026-07-25T06:53:50.995044+00:00,2026-07-25T06:53:50.995044+00:00,
4cac227b-3c29-4093-bb79-701f9cd8da23,43899bc8-06c5-452d-818d-3caa0b538621,1500001.0,2000000.0,,,,,,,,,,1500001.0,2000000.0,,system_import,system_import,2026-07-25T06:53:50.995044+00:00,2026-07-25T06:53:50.995044+00:00,
03df1e61-b9eb-4aa9-b510-cd01b3b81bbb,cb5924b1-d86e-4be8-ad43-05b4575d5c0c,3244.0,3244.0,,,,,,,,,,,,,system_import,system_import,2026-07-25T06:53:50.995044+00:00,2026-07-25T06:53:50.995044+00:00,
40fec375-5059-4b5e-a5b1-816158270db1,9b1693e0-54fd-4ad4-8a8b-9676deae1ea4,3000001.0,5000000.0,,,,,,,,,,3000001.0,5000000.0,,system_import,system_import,2026-07-25T06:53:50.995044+00:00,2026-07-25T06:53:50.995044+00:00,
8327dc4d-44ee-4ddf-9f23-84fd40245928,734b957c-b89a-4ddf-a214-b2775c5672bf,200001.0,500000.0,25000.0,,,,,,,,,200001.0,500000.0,,system_import,system_import,2026-07-25T06:53:50.995044+00:00,2026-07-25T06:53:50.995044+00:00,
6c7e91c1-1883-41b2-ad47-c93a55b63c4c,8a314e4e-411a-4536-b1a8-7dd36ec16f98,2000001.0,3000000.0,,,,,,,,,,2000001.0,3000000.0,,system_import,system_import,2026-07-25T06:53:50.995044+00:00,2026-07-25T06:53:50.995044+00:00,
140d9cb3-7924-4bf3-88b7-52008d6aa303,52ed2f5a-cad4-4ab8-8577-55dc44a6e130,1500001.0,2000000.0,,,,,,,,,,1500001.0,2000000.0,,system_import,system_import,2026-07-25T06:53:50.995044+00:00,2026-07-25T06:53:50.995044+00:00,
e6bd1153-1b05-435e-8bab-0a65f821a6f4,dc47dc50-b789-466f-8971-640bbf4b8214,200000.0,200000.0,,,,,,,,,,200000.0,200000.0,,system_import,system_import,2026-07-25T06:53:50.995044+00:00,2026-07-25T06:53:50.995044+00:00,
8e2c088a-1b55-4142-b261-8b3a47a4b560,c3f7d94d-0751-46ef-bd13-4df4522ae13c,500001.0,1000000.0,,,,,,,,,,500001.0,1000000.0,,system_import,system_import,2026-07-25T06:53:50.995044+00:00,2026-07-25T06:53:50.995044+00:00,
ea4cb03e-977c-4819-9fd1-0cd7786334d4,6c8a4e88-b4a1-4813-b03d-df78c425cbf4,200001.0,500000.0,,,,,,,,,,200001.0,500000.0,,system_import,system_import,2026-07-25T06:53:50.995044+00:00,2026-07-25T06:53:50.995044+00:00,
9ab1e90d-0973-4b51-8c6a-ea7cd10cbb75,78e3058d-379f-4828-8fb3-18cdfef19943,1000001.0,1500000.0,,,,,,,,,,1000001.0,1500000.0,,system_import,system_import,2026-07-25T06:53:50.995044+00:00,2026-07-25T06:53:50.995044+00:00,
1542cb63-e7e5-4da1-9620-528353a12ad3,378da24f-eb64-462d-b93f-36e698bf9cef,3000001.0,5000000.0,,,,,,,,,,3000001.0,5000000.0,,system_import,system_import,2026-07-25T06:53:50.995044+00:00,2026-07-25T06:53:50.995044+00:00,
642ce0d4-3796-4b4f-8b67-9860995202e3,f2a9c1dc-74ae-44dc-b7c3-2aadb3824658,500001.0,1000000.0,,,,,,,,,,500001.0,1000000.0,,system_import,system_import,2026-07-25T06:53:50.995044+00:00,2026-07-25T06:53:50.995044+00:00,
dffe0bfa-cac3-4c3f-9834-da908530a8ae,8c9534fd-70a1-4a98-866c-2d49bf7f44e2,200001.0,500000.0,,,,,,,,,,200001.0,500000.0,,system_import,system_import,2026-07-25T06:53:50.995044+00:00,2026-07-25T06:53:50.995044+00:00,
d3e3bccf-5b52-4b46-a398-ae82eacec796,b15b3e2a-51b0-4885-b414-558d2aa55f23,200001.0,500000.0,,,,,,,,,,200001.0,500000.0,,system_import,system_import,2026-07-25T06:53:50.995044+00:00,2026-07-25T06:53:50.995044+00:00,
ec1b1203-2fc7-48bd-8c09-3ad53811d5f9,20e5099e-803f-4705-8711-27496458a0ca,1000001.0,1500000.0,,,,,,,,,,1000001.0,1500000.0,,system_import,system_import,2026-07-25T06:53:50.995044+00:00,2026-07-25T06:53:50.995044+00:00,
c17afca7-d38a-4576-83f3-7fca74dcacfd,9b4c3416-103d-47cb-8c39-ea398a674918,3000001.0,5000000.0,2000000.0,,,,,,,,,3000001.0,5000000.0,,system_import,system_import,2026-07-25T06:53:50.995044+00:00,2026-07-25T06:53:50.995044+00:00,
d65dd5ac-4649-47b0-94e0-7975d0b75683,b435e80e-33de-4583-96a9-2090d0c7a05a,200000.0,200000.0,,,,,,,,,,200000.0,200000.0,,system_import,system_import,2026-07-25T06:53:50.995044+00:00,2026-07-25T06:53:50.995044+00:00,
35c1ad19-d748-48fe-9073-5ed287c23994,b3b78072-bd49-4813-9700-f5d879c5d589,500001.0,1000000.0,,,,,,,,,,500001.0,1000000.0,,system_import,system_import,2026-07-25T06:53:50.995044+00:00,2026-07-25T06:53:50.995044+00:00,
abbccff6-0470-4f87-acdc-7aa1353f98fa,2c9de68f-df18-428e-9708-166dbe71e66f,2000001.0,3000000.0,10000000.0,,,,,,,,,2000001.0,3000000.0,,system_import,system_import,2026-07-25T06:53:50.995044+00:00,2026-07-25T06:53:50.995044+00:00,
8db723dd-8900-4413-9d29-9555de73ff8c,f7a96b99-e512-4438-8f80-c1f689f0bb20,500001.0,1000000.0,,,,,,,,,,500001.0,1000000.0,,system_import,system_import,2026-07-25T06:53:50.995044+00:00,2026-07-25T06:53:50.995044+00:00,
da388d84-e835-4088-9436-94c1af85f076,acd1bcbb-7f76-473d-9d86-89fd5c43760f,200000.0,200000.0,,,,,,,,,,,2.0,,system_import,system_import,2026-07-25T06:53:50.995044+00:00,2026-07-25T06:53:50.995044+00:00,
99c531a2-4ac1-41ea-8046-7eff938da447,acd7ffb2-d00f-4427-ba10-e2c754244b6d,1500001.0,2000000.0,,,,,,,,,,1500001.0,2000000.0,,system_import,system_import,2026-07-25T06:53:50.995044+00:00,2026-07-25T06:53:50.995044+00:00,
ef1919d4-7714-4f9c-b464-675a114cfbed,48cf5a04-efad-445b-bcf9-9b7241dc12e2,500001.0,1000000.0,,,,,,,,,,500001.0,1000000.0,,system_import,system_import,2026-07-25T06:53:50.995044+00:00,2026-07-25T06:53:50.995044+00:00,
1afcec14-a341-4ce3-a801-72c761308af4,bf248094-6377-49c9-afcb-36b312a9cd20,2000001.0,3000000.0,1000000.0,,,,,,,,,2000001.0,3000000.0,,system_import,system_import,2026-07-25T06:53:50.995044+00:00,2026-07-25T06:53:50.995044+00:00,
662b1e8c-07ad-476a-adbc-70cc60411c4f,f9dd7728-9e40-480c-a80f-9c245857ff5a,1500001.0,2000000.0,,,,,,,,,,1500001.0,2000000.0,,system_import,system_import,2026-07-25T06:53:50.995044+00:00,2026-07-25T06:53:50.995044+00:00,
19495c00-c950-4a5d-9e32-f75013adf344,2c1fbeba-255f-4468-9bdc-7474e527cc4c,500001.0,1000000.0,500000.0,,,,,,,,,500001.0,1000000.0,,system_import,system_import,2026-07-25T06:53:50.995044+00:00,2026-07-25T06:53:50.995044+00:00,
5f0853ec-e051-40b6-9a69-7c232db537eb,d4e3db59-789c-4374-9a31-ce802404c0a6,200001.0,500000.0,200000.0,,,,,,,,,200001.0,500000.0,,system_import,system_import,2026-07-25T06:53:50.995044+00:00,2026-07-25T06:53:50.995044+00:00,
09af2fb5-d2bb-436c-b8bb-bfb6a7f37c18,005090c2-47e5-412d-958e-f40de92de4e7,200001.0,500000.0,,,,,,,,,,200001.0,500000.0,,system_import,system_import,2026-07-25T06:53:50.995044+00:00,2026-07-25T06:53:50.995044+00:00,
39f33eef-9620-4eb3-8166-8d78231325fd,660f0878-5204-40a4-a2b4-c37b696afe57,5000001.0,1.0,,,,,,,,,,5000001.0,1.0,,system_import,system_import,2026-07-25T06:53:50.995044+00:00,2026-07-25T06:53:50.995044+00:00,
bd99daba-2532-45c6-8948-41c640cdf492,bc2f0d1a-e3c7-453c-a3e8-6c4595f68adc,500001.0,1000000.0,,,,,,,,,,500001.0,1000000.0,,system_import,system_import,2026-07-25T06:53:50.995044+00:00,2026-07-25T06:53:50.995044+00:00,
8f1951cd-a15a-4e61-958c-2cb694bc89e4,3231cd15-a596-4146-acf6-b93dd60c45ff,108000.0,108000.0,,,,,,,,,,200000.0,200000.0,,system_import,system_import,2026-07-25T06:53:50.995044+00:00,2026-07-25T06:53:50.995044+00:00,
854c7ff1-717c-40e3-80e9-3492647f226d,53cdccd8-ba57-493f-b9f6-b7c22dff8e8c,1000001.0,1500000.0,,,,,,,,,,1000001.0,1500000.0,,system_import,system_import,2026-07-25T06:53:50.995044+00:00,2026-07-25T06:53:50.995044+00:00,
c70a1252-ded0-4c9b-8811-394af1dca938,65fb6936-58d7-4450-9d9d-fb0840b38074,2500000.0,2500000.0,,,,,,,,,,1500001.0,2000000.0,,system_import,system_import,2026-07-25T06:53:50.995044+00:00,2026-07-25T06:53:50.995044+00:00,
99acb926-eedc-4c22-89fd-4f99b4d429fe,005c6d0f-4beb-423d-86c4-bb7f8ad4f358,1000001.0,1500000.0,100000.0,,,,,,,,,1000001.0,1500000.0,,system_import,system_import,2026-07-25T06:53:50.995044+00:00,2026-07-25T06:53:50.995044+00:00,
9e5db1ee-ba7a-40e3-90d2-a6d2e0fb24ed,2c3f0223-c8a6-4941-8788-4a206cae6a56,200001.0,500000.0,,,,,,,,,,200001.0,500000.0,,system_import,system_import,2026-07-25T06:53:50.995044+00:00,2026-07-25T06:53:50.995044+00:00,
2818c626-e8da-4694-adbf-807f6db64bec,f6e2a3fc-c716-4a2f-a553-da22a5697b8c,5000000.0,5000000.0,,,,,,,,,,2000001.0,3000000.0,,system_import,system_import,2026-07-25T06:53:50.995044+00:00,2026-07-25T06:53:50.995044+00:00,
6579773a-c3d5-4514-ac03-822fcdd4073f,6f97972f-50a4-4998-8676-8f909cfa69fd,200000.0,200000.0,2500000.0,,,,,,,,,200000.0,200000.0,,system_import,system_import,2026-07-25T06:53:50.995044+00:00,2026-07-25T06:53:50.995044+00:00,
58418b51-a83c-4061-b833-32255c6837c2,8e813c11-c141-450f-9844-81994a4b3cff,3000000.0,3000000.0,,,,,,,,,,2000001.0,3000000.0,,system_import,system_import,2026-07-25T06:53:50.995044+00:00,2026-07-25T06:53:50.995044+00:00,
cc5c48d5-fd90-41ec-b87e-6093e3d56bc9,902951c8-4532-4c63-b4ff-75e64c429a94,100000.0,100000.0,,,,,,,,,,200000.0,200000.0,,system_import,system_import,2026-07-25T06:53:50.995044+00:00,2026-07-25T06:53:50.995044+00:00,
1702fa52-e067-452f-9760-90c0bdafe906,33fe8fd4-c0ea-42a3-a484-d5405406e623,7693.0,7693.0,,,,,,,,,,3.0,3.0,,system_import,system_import,2026-07-25T06:53:50.995044+00:00,2026-07-25T06:53:50.995044+00:00,
15eedd25-7063-4fbe-9eea-c684017c3369,fe65951f-7083-456e-bd9a-e483dbb64135,100000.0,100000.0,,,,,,,,,,200000.0,200000.0,,system_import,system_import,2026-07-25T06:53:50.995044+00:00,2026-07-25T06:53:50.995044+00:00,
a45b185d-ef46-4b68-be74-4a8251c96dc5,3b25774b-719f-475a-b9b9-e32040f8039b,800000.0,800000.0,,,,,,,,,,500001.0,1000000.0,,system_import,system_import,2026-07-25T06:53:50.995044+00:00,2026-07-25T06:53:50.995044+00:00,
eed650d1-24b2-485a-b846-845369f5a253,7980b5bf-55f6-459a-af03-23fe0ef7aac8,200001.0,500000.0,,,,,,,,,,200001.0,500000.0,,system_import,system_import,2026-07-25T06:53:50.995044+00:00,2026-07-25T06:53:50.995044+00:00,
57000674-eb36-46e1-84ad-76235583964e,66a72f9c-101e-46ca-befb-1b00ef9d735d,250000.0,250000.0,100000.0,,,,,,,,,200000.0,200000.0,,system_import,system_import,2026-07-25T06:53:50.995044+00:00,2026-07-25T06:53:50.995044+00:00,
9b0f4891-aa92-4625-9bae-ae83e360b728,25b40eaf-07e0-4129-bd49-f033a68bc0ea,1680000.0,1680000.0,20.0,,,,,,,,,200001.0,500000.0,,system_import,system_import,2026-07-25T06:53:50.995044+00:00,2026-07-25T06:53:50.995044+00:00,
f46faf86-ba40-4fc6-aa81-a34a377b22ad,c4ecf7db-401b-45a3-aa3a-7775c79b4493,150000.0,300000.0,,,,,,,,,,200001.0,500000.0,,system_import,system_import,2026-07-25T06:53:50.995044+00:00,2026-07-25T06:53:50.995044+00:00,
f60fed40-5d8c-4712-a0c0-cf0d7dcbafb5,311130d0-b32f-450f-9e9e-80ab4e7fe952,5739.0,5739.0,,,,,,,,,,,,,system_import,system_import,2026-07-25T06:53:50.995044+00:00,2026-07-25T06:53:50.995044+00:00,
6e420062-aacd-4870-bbea-c543b4461856,dc8cee26-5e12-4293-aa11-cdc6e1447f09,500000.0,500000.0,,,,,,,,,,200001.0,500000.0,,system_import,system_import,2026-07-25T06:53:50.995044+00:00,2026-07-25T06:53:50.995044+00:00,
09c7a22f-90fe-4c13-9b6f-ff72ba718c6a,18f1baf8-04d9-4f2d-843b-b790241df671,200000.0,200000.0,,,,,,,,,,200000.0,200000.0,,system_import,system_import,2026-07-25T06:53:50.995044+00:00,2026-07-25T06:53:50.995044+00:00,
20ad02b7-5189-4660-a485-9e15b716bdf2,0866f2fc-9d01-426f-8581-9e2a1cbedb08,1500001.0,2000000.0,,,,,,,,,,1500001.0,2000000.0,,system_import,system_import,2026-07-25T06:53:50.995044+00:00,2026-07-25T06:53:50.995044+00:00,
407fdb88-240f-4fee-a248-8afd9878be02,76fdb47b-57e6-4bd8-8489-54682016a290,900000.0,900000.0,,,,,,,,,,500001.0,1000000.0,,system_import,system_import,2026-07-25T06:53:50.995044+00:00,2026-07-25T06:53:50.995044+00:00,
f55a36dd-bf6e-4f3b-8954-e0f3a92a83d2,d1260e27-19c2-47df-9d75-3530b2743f6d,200000.0,200000.0,,,,,,,,,,200000.0,200000.0,,system_import,system_import,2026-07-25T06:53:50.995044+00:00,2026-07-25T06:53:50.995044+00:00,
f059de3e-7c05-49c8-a7f6-4778c92cbfa9,fb89f57c-92e2-43e5-836e-6ab846471def,3500000.0,3500000.0,,,,,,,,,,3000001.0,5000000.0,,system_import,system_import,2026-07-25T06:53:50.995044+00:00,2026-07-25T06:53:50.995044+00:00,
8a041ea3-063b-4b22-a440-6df0c9acedcc,032cf5df-c18c-4ce5-8032-a9b9cc78f8fc,1000001.0,1500000.0,,,,,,,,,,1000001.0,1500000.0,,system_import,system_import,2026-07-25T06:53:50.995044+00:00,2026-07-25T06:53:50.995044+00:00,
1a398e71-58a5-44d9-8914-e98f2c52ffdb,56e42bdc-588e-4730-b504-48fc16c193e6,200001.0,500000.0,,,,,,,,,,200001.0,500000.0,,system_import,system_import,2026-07-25T06:53:50.995044+00:00,2026-07-25T06:53:50.995044+00:00,
25a41d8c-e582-44d3-aab1-849bf5a0cc7e,bee0af07-73c7-490f-a0ee-431ccbed2d68,200001.0,500000.0,,,,,,,,,,200001.0,500000.0,,system_import,system_import,2026-07-25T06:53:50.995044+00:00,2026-07-25T06:53:50.995044+00:00,
e675664c-b018-4626-aced-7a2daeffffa9,8fe73955-d8ec-4d98-880d-00ddee009d14,200000.0,200000.0,,,,,,,,,,200000.0,200000.0,,system_import,system_import,2026-07-25T06:53:50.995044+00:00,2026-07-25T06:53:50.995044+00:00,
3c16a537-f821-4a4f-b7e6-c9c2847c8d86,2615fc96-e1e0-4878-b648-782e20dcb33b,3000001.0,5000000.0,,,,,,,,,,3000001.0,5000000.0,,system_import,system_import,2026-07-25T06:53:50.995044+00:00,2026-07-25T06:53:50.995044+00:00,
2cf4a013-74d2-4a1c-91f5-33e17a602df3,201682e5-2b51-4454-beb9-685498f5dedd,200000.0,200000.0,500000.0,,,,,,,,,200000.0,200000.0,,system_import,system_import,2026-07-25T06:53:50.995044+00:00,2026-07-25T06:53:50.995044+00:00,
164e29dd-8e92-40d4-bc61-26e3ded5bd8d,2f0f28fb-3d12-4632-a1b9-ee66e40abdd9,200000.0,200000.0,70000.0,,,,,,,,,200000.0,200000.0,,system_import,system_import,2026-07-25T06:53:50.995044+00:00,2026-07-25T06:53:50.995044+00:00,
59325c30-ed06-4560-bd84-aa1e6436be24,d7db475e-57d6-4b86-b36f-98fcab4b5cc2,500001.0,1000000.0,800000.0,,,,,,,,,500001.0,1000000.0,,system_import,system_import,2026-07-25T06:53:50.995044+00:00,2026-07-25T06:53:50.995044+00:00,
3b98781a-7930-4779-a517-7113db5e316f,4719dd54-559f-43b6-aa20-9dd61dcdf268,500001.0,1000000.0,,,,,,,,,,500001.0,1000000.0,,system_import,system_import,2026-07-25T06:53:50.995044+00:00,2026-07-25T06:53:50.995044+00:00,
2971b84a-aa4a-4ad1-9135-ca884b314095,b829c4a1-6853-4c3e-b2d0-8aedf246aeb5,2000001.0,3000000.0,20.0,,,,,,,,,2000001.0,3000000.0,,system_import,system_import,2026-07-25T06:53:50.995044+00:00,2026-07-25T06:53:50.995044+00:00,
d9413f8e-27f9-48c1-a5a5-174fd18396c1,5928238f-5404-4e80-a254-13721be31c68,3000001.0,5000000.0,,,,,,,,,,3000001.0,5000000.0,,system_import,system_import,2026-07-25T06:53:50.995044+00:00,2026-07-25T06:53:50.995044+00:00,
a7a36086-2e3f-4986-9834-8107c0d7c985,ffca0ac4-9579-4913-86b8-f195f3ffac50,1000001.0,1500000.0,5.0,,,,,,,,,1000001.0,1500000.0,,system_import,system_import,2026-07-25T06:53:50.995044+00:00,2026-07-25T06:53:50.995044+00:00,
0f627dec-1c4f-49d4-9740-0b770c30ad61,bbb338ee-293a-49ba-827e-c638d5f2fc2b,200000.0,200000.0,500000.0,,,,,,,,,24.0,24.0,,system_import,system_import,2026-07-25T06:53:50.995044+00:00,2026-07-25T06:53:50.995044+00:00,
aae390a5-9e67-4c27-abbd-08ebab489fe6,388c747f-e07f-4071-b3b8-54588e23cd00,200001.0,500000.0,,,,,,,,,,200001.0,500000.0,,system_import,system_import,2026-07-25T06:53:50.995044+00:00,2026-07-25T06:53:50.995044+00:00,
952d05ef-bdcd-4121-bfe5-8b5d26b018ab,1b0074ff-a74a-42f7-8e30-4a912e0547ce,1000001.0,1500000.0,,,,,,,,,,1000001.0,1500000.0,,system_import,system_import,2026-07-25T06:53:50.995044+00:00,2026-07-25T06:53:50.995044+00:00,
cfdc91cb-9cc2-419a-80fa-45b5f18967d5,2ff1bf87-b9cc-4a78-895f-34265e0f5638,200000.0,200000.0,,,,,,,,,,200000.0,200000.0,,system_import,system_import,2026-07-25T06:53:50.995044+00:00,2026-07-25T06:53:50.995044+00:00,
9cf0d54a-a1d9-403c-856a-0b65c406a310,0e0f1230-0a48-477c-9355-5efb398e6a1d,200001.0,500000.0,500000.0,,,,,,,,,200001.0,500000.0,,system_import,system_import,2026-07-25T06:53:50.995044+00:00,2026-07-25T06:53:50.995044+00:00,
4b01aff0-a7f6-4f21-9f84-3aaf4880e7d5,99c058f7-034a-4b78-a806-e6b1efd74843,200001.0,500000.0,100000.0,,,,,,,,,200001.0,500000.0,,system_import,system_import,2026-07-25T06:53:50.995044+00:00,2026-07-25T06:53:50.995044+00:00,
a5dcecc8-9528-4ad2-a235-7d4e488366cc,6ef94526-67db-4bed-8e6e-293c8e4ce6a1,200000.0,200000.0,1500000.0,,,,,,,,,200000.0,200000.0,,system_import,system_import,2026-07-25T06:53:50.995044+00:00,2026-07-25T06:53:50.995044+00:00,
97d344c8-9974-4758-85a4-ea5f8edbc122,60f15732-03c7-44c3-90c6-b9f4883675d6,200001.0,500000.0,,,,,,,,,,200001.0,500000.0,,system_import,system_import,2026-07-25T06:53:50.995044+00:00,2026-07-25T06:53:50.995044+00:00,
a0bf3e37-719f-439d-bf73-4abcb4987cd7,7958ac3b-f7e7-4360-bc84-c81b21c6b005,1000001.0,1500000.0,,,,,,,,,,1000001.0,1500000.0,,system_import,system_import,2026-07-25T06:53:50.995044+00:00,2026-07-25T06:53:50.995044+00:00,
09913aa9-1ded-4869-83a9-047aa051315c,cb4de54e-11bd-43ae-aed5-9feea6119e42,2000001.0,3000000.0,,,,,,,,,,2000001.0,3000000.0,,system_import,system_import,2026-07-25T06:53:50.995044+00:00,2026-07-25T06:53:50.995044+00:00,
dcd08d9e-430e-4b16-9353-7dc4fcf5254e,81461576-ef57-4474-88ea-d8a002122a5d,500001.0,1000000.0,,,,,,,,,,500001.0,1000000.0,,system_import,system_import,2026-07-25T06:53:50.995044+00:00,2026-07-25T06:53:50.995044+00:00,
54511805-22ed-4c2b-b6e2-fa7aa2ffa808,4f779f86-63fc-4864-8ddd-4fadeb936c47,5000001.0,1.0,,,,,,,,,,5000001.0,1.0,,system_import,system_import,2026-07-25T06:53:50.995044+00:00,2026-07-25T06:53:50.995044+00:00,
e8127061-06fa-44c7-af10-45f69ecb2770,65bd7444-df38-436e-8821-54d376ef7fbc,500001.0,1000000.0,,,,,,,,,,500001.0,1000000.0,,system_import,system_import,2026-07-25T06:53:50.995044+00:00,2026-07-25T06:53:50.995044+00:00,
82432562-6f9f-4133-a589-0751470a829f,2e92f73d-92b9-442b-8415-16db90baf3eb,500001.0,1000000.0,,,,,,,,,,500001.0,1000000.0,,system_import,system_import,2026-07-25T06:53:50.995044+00:00,2026-07-25T06:53:50.995044+00:00,
405b72da-ae91-41ce-94df-b91da69195b9,18cea0ca-fd2a-4d62-ae6a-1ff8cce80d3c,1000000.0,1800000.0,400000.0,,,,,,,,,500001.0,1000000.0,,system_import,system_import,2026-07-25T06:53:50.995044+00:00,2026-07-25T06:53:50.995044+00:00,
1621bcf5-f6b4-498d-9a8f-3ccc43d021dc,eff5256e-f419-4779-8e27-1bcf9c3b8b56,1000001.0,1500000.0,,,,,,,,,,1000001.0,1500000.0,,system_import,system_import,2026-07-25T06:53:50.995044+00:00,2026-07-25T06:53:50.995044+00:00,
7613d8d6-5a2f-4c16-b282-c87d2d72fdf1,60fe0b43-e995-49c0-b393-f55ee7194cc1,1616.0,1616.0,,,,,,,,,,,,,system_import,system_import,2026-07-25T06:53:50.995044+00:00,2026-07-25T06:53:50.995044+00:00,
6cb7bcd5-f54d-4b99-aa5f-0226b9ee6efa,87c20c8e-0e61-4b17-998a-82fff647b591,200000.0,200000.0,,,,,,,,,,,,,system_import,system_import,2026-07-25T06:53:50.995044+00:00,2026-07-25T06:53:50.995044+00:00,
f1d6bd8a-e825-45ab-be6e-ec7389a08b3b,270e1240-ae2e-45e5-bd11-434e41ee6d1d,200001.0,500000.0,2500000.0,,,,,,,,,200001.0,500000.0,,system_import,system_import,2026-07-25T06:53:50.995044+00:00,2026-07-25T06:53:50.995044+00:00,
94fca201-421b-426b-ae17-bfd4ba7dd6ce,b38a0172-d154-45b0-8d2c-13e7cc48ff62,500001.0,1000000.0,,,,,,,,,,500001.0,1000000.0,,system_import,system_import,2026-07-25T06:53:50.995044+00:00,2026-07-25T06:53:50.995044+00:00,
ec69fd4b-017c-4ea7-ad35-66ca8dfabbc1,a4511e1b-71bd-4c5f-8a16-b907aaf5adce,500001.0,1000000.0,,,,,,,,,,500001.0,1000000.0,,system_import,system_import,2026-07-25T06:53:50.995044+00:00,2026-07-25T06:53:50.995044+00:00,
1796dbd0-2a62-4f64-b28a-49ec9fe8d28c,1bfe7350-9701-4fb9-b70f-115523bad75b,200000.0,200000.0,,,,,,,,,,200000.0,200000.0,,system_import,system_import,2026-07-25T06:53:50.995044+00:00,2026-07-25T06:53:50.995044+00:00,
0963bce6-0410-4b09-964c-9a3e19a951fe,a2486ac1-86e2-4cd6-988c-176fa2eb4466,200001.0,500000.0,,,,,,,,,,200001.0,500000.0,,system_import,system_import,2026-07-25T06:53:50.995044+00:00,2026-07-25T06:53:50.995044+00:00,
a05fbe2b-69f3-43ab-a114-b8ce48596e91,38a17b38-2a56-49b6-bb7b-92bc7c79f5e9,1500001.0,2000000.0,600000.0,,,,,,,,,1500001.0,2000000.0,,system_import,system_import,2026-07-25T06:53:50.995044+00:00,2026-07-25T06:53:50.995044+00:00,
1a014c57-a642-4768-b7a7-410d5df21908,4050c4ff-0649-4011-9956-73e7a6096960,1000001.0,1500000.0,,,,,,,,,,1000001.0,1500000.0,,system_import,system_import,2026-07-25T06:53:50.995044+00:00,2026-07-25T06:53:50.995044+00:00,
028e0588-d714-45c6-9834-3f84bcfacce4,96fcad8d-1cb6-4507-8d2e-fabe40bbfdae,1500001.0,2000000.0,,,,,,,,,,1500001.0,2000000.0,,system_import,system_import,2026-07-25T06:53:50.995044+00:00,2026-07-25T06:53:50.995044+00:00,
eef3fff9-e1b9-4e51-bdfd-6aba3b2997ed,5201a025-8128-4c82-8980-a3dbe67fac17,200001.0,500000.0,,,,,,,,,,200001.0,500000.0,,system_import,system_import,2026-07-25T06:53:50.995044+00:00,2026-07-25T06:53:50.995044+00:00,
cb889c6a-b237-4f09-91b4-6e7bbbc269e8,5b0a9fc4-77a5-4b16-b7fb-fda387cbfac6,200000.0,200000.0,,,,,,,,,,200000.0,200000.0,,system_import,system_import,2026-07-25T06:53:50.995044+00:00,2026-07-25T06:53:50.995044+00:00,
55a2585a-a819-4ea4-9957-18803b99125e,cb7e831c-a4d6-4431-ab7a-e0fd5d576ece,5000001.0,1.0,,,,,,,,,,5000001.0,1.0,,system_import,system_import,2026-07-25T06:53:50.995044+00:00,2026-07-25T06:53:50.995044+00:00,
c858339d-53df-4437-9f82-59c46683d66b,90316bf6-e437-4a22-86a7-9fd7272750f0,200001.0,500000.0,,,,,,,,,,200001.0,500000.0,,system_import,system_import,2026-07-25T06:53:50.995044+00:00,2026-07-25T06:53:50.995044+00:00,
857b9ca3-2424-4402-9e00-3033d49b63f6,0102c5e3-7828-43d3-a1d1-77ed297cf186,200001.0,500000.0,,,,,,,,,,200001.0,500000.0,,system_import,system_import,2026-07-25T06:53:50.995044+00:00,2026-07-25T06:53:50.995044+00:00,
7908560f-c42c-420c-b16a-496a50d53f04,45524ed3-c590-4d25-9bf1-3e92b15042e4,500001.0,1000000.0,,,,,,,,,,500001.0,1000000.0,,system_import,system_import,2026-07-25T06:53:50.995044+00:00,2026-07-25T06:53:50.995044+00:00,
ec7a570b-aeb3-4d2b-bd7f-d0f22288921a,2661f461-1cbd-4f0b-b6ed-1b82c36407be,500001.0,1000000.0,100000.0,,,,,,,,,500001.0,1000000.0,,system_import,system_import,2026-07-25T06:53:50.995044+00:00,2026-07-25T06:53:50.995044+00:00,
6e4d2178-ada8-46f7-b3e3-e5a01c9e583d,5f12b1bf-f4c3-4a95-8b4e-4108e89e28d2,200000.0,200000.0,,,,,,,,,,200000.0,200000.0,,system_import,system_import,2026-07-25T06:53:50.995044+00:00,2026-07-25T06:53:50.995044+00:00,
a1284c97-1fa2-405f-9d0a-7fb69c16f4fb,4731d4df-79f0-4868-82b8-553864af6d52,500001.0,1000000.0,,,,,,,,,,500001.0,1000000.0,,system_import,system_import,2026-07-25T06:53:50.995044+00:00,2026-07-25T06:53:50.995044+00:00,
9187aedb-281c-4b36-8fc7-7da990628bc2,19d1e8e0-9ed6-4075-b6ee-4641e93a4ee0,1000001.0,1500000.0,,,,,,,,,,1000001.0,1500000.0,,system_import,system_import,2026-07-25T06:53:50.995044+00:00,2026-07-25T06:53:50.995044+00:00,
bd01e650-8fef-4d17-910f-29b75c0bf548,d5678196-669d-48b4-86fb-2e5ed8ffbd03,200001.0,500000.0,,,,,,,,,,200001.0,500000.0,,system_import,system_import,2026-07-25T06:53:50.995044+00:00,2026-07-25T06:53:50.995044+00:00,
208274d6-38d0-498e-b039-77a86e849b1d,49b0fd59-74fe-4d98-8766-de5a16ec1231,500001.0,1000000.0,,,,,,,,,,500001.0,1000000.0,,system_import,system_import,2026-07-25T06:53:50.995044+00:00,2026-07-25T06:53:50.995044+00:00,
cdcf6f65-8938-4d42-9c9c-4d0ba6e7d7d7,b37d312f-faf1-4691-bb85-a9176ab8cdea,200001.0,500000.0,,,,,,,,,,200001.0,500000.0,,system_import,system_import,2026-07-25T06:53:50.995044+00:00,2026-07-25T06:53:50.995044+00:00,
96fb2b3f-556f-4a24-952d-c54a74838f56,19ef2718-9fc7-4507-8584-639cc5b2ac7b,500001.0,1000000.0,,,,,,,,,,500001.0,1000000.0,,system_import,system_import,2026-07-25T06:53:50.995044+00:00,2026-07-25T06:53:50.995044+00:00,
ec271712-e1e0-401e-ba27-df6fbb7ea589,8a371a65-64ba-4e51-807d-10c248044a1c,500001.0,1000000.0,,,,,,,,,,500001.0,1000000.0,,system_import,system_import,2026-07-25T06:53:50.995044+00:00,2026-07-25T06:53:50.995044+00:00,
ef5b9bae-08fc-4fa3-9b05-b410526c3fee,e350dc65-9090-4684-9363-02cb9d27edca,1500001.0,2000000.0,,,,,,,,,,1500001.0,2000000.0,,system_import,system_import,2026-07-25T06:53:50.995044+00:00,2026-07-25T06:53:50.995044+00:00,
e8789eae-3993-46d8-bed9-8f60b7a1e2d2,404e5351-7a10-4ebb-80e0-6e3db2e92c93,200000.0,200000.0,500000.0,,,,,,,,,200000.0,200000.0,,system_import,system_import,2026-07-25T06:53:50.995044+00:00,2026-07-25T06:53:50.995044+00:00,
9a898ec6-ca35-4a76-9840-c130311ca4d9,99ee61c6-c145-48c3-9df4-d652fe8c9684,500001.0,1000000.0,,,,,,,,,,500001.0,1000000.0,,system_import,system_import,2026-07-25T06:53:50.995044+00:00,2026-07-25T06:53:50.995044+00:00,
19c6e183-d4c0-4f55-b945-2197f6b571ff,8123080c-4e42-40c9-b1a3-27aaeaaae18a,500001.0,1000000.0,,,,,,,,,,500001.0,1000000.0,,system_import,system_import,2026-07-25T06:53:50.995044+00:00,2026-07-25T06:53:50.995044+00:00,
d99b74e3-6bbf-4c21-b950-7133c6a48136,55614469-5f29-49f6-a0c7-cbcc3fa09a18,200000.0,200000.0,30000.0,,,,,,,,,200000.0,200000.0,,system_import,system_import,2026-07-25T06:53:50.995044+00:00,2026-07-25T06:53:50.995044+00:00,
17b4ca86-d347-49ca-8ceb-5da51775ec01,a28f6921-7e1b-449d-af42-ebe7aecf313f,200000.0,200000.0,,,,,,,,,,200000.0,200000.0,,system_import,system_import,2026-07-25T06:53:50.995044+00:00,2026-07-25T06:53:50.995044+00:00,
755c1768-db97-4a91-b1d3-f40f49214e40,312ca758-feda-4bf3-a597-ba54193beaff,1000001.0,1500000.0,20.0,,,,,,,,,1000001.0,1500000.0,,system_import,system_import,2026-07-25T06:53:50.995044+00:00,2026-07-25T06:53:50.995044+00:00,
bc159a12-d8c8-491a-bd66-0d7b7e4f7299,0ce63625-f682-47e2-8895-772a63714f3c,500001.0,1000000.0,200000.0,,,,,,,,,500001.0,1000000.0,,system_import,system_import,2026-07-25T06:53:50.995044+00:00,2026-07-25T06:53:50.995044+00:00,
3aaff295-15d0-46ff-82f3-032b6b0d9edf,ba27d187-7dc6-43d0-8d34-562453d276bb,200000.0,200000.0,1000000.0,,,,,,,,,5.0,7.0,,system_import,system_import,2026-07-25T06:53:50.995044+00:00,2026-07-25T06:53:50.995044+00:00,
6e79fd95-2888-4ddc-830d-c1f992421b59,7ca88f88-f87f-44c7-a748-66cbe7da5d07,200000.0,200000.0,,,,,,,,,,200000.0,200000.0,,system_import,system_import,2026-07-25T06:53:50.995044+00:00,2026-07-25T06:53:50.995044+00:00,
aab830df-bde4-460c-94dd-e6daac238dc2,507b2580-5c2d-404a-b68c-15f84ba82380,3000001.0,5000000.0,,,,,,,,,,3000001.0,5000000.0,,system_import,system_import,2026-07-25T06:53:50.995044+00:00,2026-07-25T06:53:50.995044+00:00,
5d888560-7824-4fb9-88a1-b4ab7eee7032,d36a1c91-528e-4bf1-b0b8-e74821ff5dd5,500001.0,1000000.0,,,,,,,,,,500001.0,1000000.0,,system_import,system_import,2026-07-25T06:53:50.995044+00:00,2026-07-25T06:53:50.995044+00:00,
f2e0684f-0fb3-4e55-9cb3-fc6c14525fc0,68cf7e62-6cab-4125-8e00-820386714c1d,200001.0,500000.0,,,,,,,,,,200001.0,500000.0,,system_import,system_import,2026-07-25T06:53:50.995044+00:00,2026-07-25T06:53:50.995044+00:00,
1a445401-0cf7-4fc1-974a-fc37995b7e45,660e6306-7e17-4f6e-91bc-86616ff52344,200000.0,200000.0,,,,,,,,,,200000.0,200000.0,,system_import,system_import,2026-07-25T06:53:50.995044+00:00,2026-07-25T06:53:50.995044+00:00,
0baa742d-324b-40b3-ac97-2dce8d5f04fc,b75060bb-ccaa-4b1f-9e74-eec3b913fcc8,5063.0,5063.0,,,,,,,,,,50.0,50.0,,system_import,system_import,2026-07-25T06:53:50.995044+00:00,2026-07-25T06:53:50.995044+00:00,
6b9f4f03-5786-4de3-a296-3223cd057100,66336168-bc63-4d4c-ab5d-69ecd7aae66e,500001.0,1000000.0,500000.0,,,,,,,,,500001.0,1000000.0,,system_import,system_import,2026-07-25T06:53:50.995044+00:00,2026-07-25T06:53:50.995044+00:00,
5bdf3a7c-44b6-42ce-b6a6-b36afc5d0565,153bc86d-0e2f-4775-b4bc-dabe47c82776,200000.0,200000.0,,,,,,,,,,200000.0,200000.0,,system_import,system_import,2026-07-25T06:53:50.995044+00:00,2026-07-25T06:53:50.995044+00:00,
8973257c-5f8e-4e4c-aba8-249bdc82a32b,9c353a28-8d89-4459-a3b6-7d1741bd50ad,1500001.0,2000000.0,,,,,,,,,,1500001.0,2000000.0,,system_import,system_import,2026-07-25T06:53:50.995044+00:00,2026-07-25T06:53:50.995044+00:00,
d9ae1595-9268-429a-8314-9b6c61b8c162,30de5469-b664-4bb9-adee-028a4f297915,200000.0,200000.0,,,,,,,,,,200000.0,200000.0,,system_import,system_import,2026-07-25T06:53:50.995044+00:00,2026-07-25T06:53:50.995044+00:00,
6ecf5934-74fb-478c-a5c1-59c567e7d588,de759d60-6bc7-407f-98df-d2d0cd6d918b,1000001.0,1500000.0,,,,,,,,,,1000001.0,1500000.0,,system_import,system_import,2026-07-25T06:53:50.995044+00:00,2026-07-25T06:53:50.995044+00:00,
ac910c61-903a-495d-9409-79eefbfe67d0,24980f07-61ab-485e-82a4-9e8ee0ff438e,3000001.0,5000000.0,,,,,,,,,,3000001.0,5000000.0,,system_import,system_import,2026-07-25T06:53:50.995044+00:00,2026-07-25T06:53:50.995044+00:00,
88792290-13a2-473d-8e9e-63229755003f,33f3e415-988c-4eb6-bcab-031091b1a9ed,200000.0,200000.0,30000.0,,,,,,,,,200000.0,200000.0,,system_import,system_import,2026-07-25T06:53:50.995044+00:00,2026-07-25T06:53:50.995044+00:00,
df674306-c681-4900-8412-6f709b52ff33,62d62cf3-300f-494a-8caf-74b2f30f7013,7841.0,7841.0,,,,,,,,,,300000.0,500000.0,,system_import,system_import,2026-07-25T06:53:50.995044+00:00,2026-07-25T06:53:50.995044+00:00,
1b2bdeca-e37b-4434-9d6a-e738a5aebce8,45e3555b-d72e-4850-ac9a-8ef769db5afe,1500001.0,2000000.0,,,,,,,,,,1500001.0,2000000.0,,system_import,system_import,2026-07-25T06:53:50.995044+00:00,2026-07-25T06:53:50.995044+00:00,
579beb60-eca5-4103-a7ea-ee377adf027b,9a6fd51c-55a6-4d6e-acc3-582251028ae5,500001.0,1000000.0,1000000.0,,,,,,,,,500001.0,1000000.0,,system_import,system_import,2026-07-25T06:53:50.995044+00:00,2026-07-25T06:53:50.995044+00:00,
31693251-fcb5-4370-8bf6-daa52f5257b0,591d6fd6-92ae-4e5f-8c0c-c246650a92e8,200001.0,500000.0,,,,,,,,,,200001.0,500000.0,,system_import,system_import,2026-07-25T06:53:50.995044+00:00,2026-07-25T06:53:50.995044+00:00,
935c0e29-a5f8-4db4-946a-77f0f900cda7,920f9c5d-28ed-4681-9cd4-1012fecd4ca4,500001.0,1000000.0,,,,,,,,,,500001.0,1000000.0,,system_import,system_import,2026-07-25T06:53:50.995044+00:00,2026-07-25T06:53:50.995044+00:00,
b36222ec-b4bc-485b-84e2-8415516f96e4,7f925353-9101-49ea-8388-2ab5f674e1b9,200000.0,200000.0,4.0,,,,,,,,,2.0,3.0,,system_import,system_import,2026-07-25T06:53:50.995044+00:00,2026-07-25T06:53:50.995044+00:00,
bb16aec0-0a85-4d82-948a-90e4bae99d03,c251f214-6042-4795-935b-5585d6abb7d9,1000001.0,1500000.0,,,,,,,,,,1000001.0,1500000.0,,system_import,system_import,2026-07-25T06:53:50.995044+00:00,2026-07-25T06:53:50.995044+00:00,
1f938ae3-c5e0-4d49-a4a5-294ac105f30f,bddc39ae-6bde-479e-8f80-c41b78245be5,2000001.0,3000000.0,5000000.0,,,,,,,,,2000001.0,3000000.0,,system_import,system_import,2026-07-25T06:53:50.995044+00:00,2026-07-25T06:53:50.995044+00:00,
a9c8f682-c627-41d0-af89-2b181a1d52e2,5deb2654-99a3-4a45-9735-e03e4055f3de,200001.0,500000.0,,,,,,,,,,200001.0,500000.0,,system_import,system_import,2026-07-25T06:53:50.995044+00:00,2026-07-25T06:53:50.995044+00:00,
c0d4124d-bd35-4958-bbf0-e618b9f61c50,019fbdad-bb87-4181-b3f5-8b76b6a9aa1a,2000001.0,3000000.0,,,,,,,,,,2000001.0,3000000.0,,system_import,system_import,2026-07-25T06:53:50.995044+00:00,2026-07-25T06:53:50.995044+00:00,
309eb11a-ac8a-49d0-b0ea-2db7875217c4,d0d796dd-21de-4bef-87ed-a3f2aab0abb6,500001.0,1000000.0,,,,,,,,,,500001.0,1000000.0,,system_import,system_import,2026-07-25T06:53:50.995044+00:00,2026-07-25T06:53:50.995044+00:00,
281c8a4a-523a-497f-a041-cf98db86872f,d56ca00e-fe8d-4fcf-9099-2ec68c76d728,200001.0,500000.0,,,,,,,,,,200001.0,500000.0,,system_import,system_import,2026-07-25T06:53:50.995044+00:00,2026-07-25T06:53:50.995044+00:00,
fa7782a1-e772-4f79-b066-dc88185cb62f,68f31d4a-bff2-406d-9718-7cefcfd364de,200000.0,200000.0,,,,,,,,,,200000.0,200000.0,,system_import,system_import,2026-07-25T06:53:50.995044+00:00,2026-07-25T06:53:50.995044+00:00,
ca19384a-0850-4a91-9e7c-78169b3aac9b,9b335bd9-48a2-4e07-898a-c26dfff320e5,1500001.0,2000000.0,,,,,,,,,,1500001.0,2000000.0,,system_import,system_import,2026-07-25T06:53:50.995044+00:00,2026-07-25T06:53:50.995044+00:00,
a70285e7-b18c-49f3-8fe0-fa9a390dce44,0cb1011d-bf4b-42d5-b253-be8909f33ad0,500001.0,1000000.0,1000000.0,,,,,,,,,500001.0,1000000.0,,system_import,system_import,2026-07-25T06:53:50.995044+00:00,2026-07-25T06:53:50.995044+00:00,
b4d252e1-9c1d-4b95-bb65-e56bcbaa21d0,8b4e68e3-2610-49bd-a3b4-bb11bea3b43f,200001.0,500000.0,,,,,,,,,,200001.0,500000.0,,system_import,system_import,2026-07-25T06:53:50.995044+00:00,2026-07-25T06:53:50.995044+00:00,
102f3be7-769b-4b7f-bda2-c8cbce66baac,4bf1c4a9-9790-4617-bf9c-0f94b38e4462,200000.0,200000.0,,,,,,,,,,200000.0,200000.0,,system_import,system_import,2026-07-25T06:53:50.995044+00:00,2026-07-25T06:53:50.995044+00:00,
03af4e65-d6c5-4020-9146-be8b1cd973f8,67c79716-95a6-4072-b4e4-9556b3dcec86,200001.0,500000.0,,,,,,,,,,200001.0,500000.0,,system_import,system_import,2026-07-25T06:53:50.995044+00:00,2026-07-25T06:53:50.995044+00:00,
5c59ba3f-0303-49b3-809a-2ad46382f732,e10b5673-6d65-4cad-992c-db0a344ed15c,200000.0,200000.0,,,,,,,,,,200000.0,200000.0,,system_import,system_import,2026-07-25T06:53:50.995044+00:00,2026-07-25T06:53:50.995044+00:00,
5e1b2ec2-130c-4709-ad6b-64a1d93a3207,f24dc29b-2e8f-4d6e-88c9-18b6f86a9d2a,2000001.0,3000000.0,,,,,,,,,,2000001.0,3000000.0,,system_import,system_import,2026-07-25T06:53:50.995044+00:00,2026-07-25T06:53:50.995044+00:00,
dcd91cf3-4c2b-4468-8087-0f6797876f40,dda92f0a-d533-4307-a9f8-8b264dc94b4e,500001.0,1000000.0,,,,,,,,,,500001.0,1000000.0,,system_import,system_import,2026-07-25T06:53:50.995044+00:00,2026-07-25T06:53:50.995044+00:00,
24b2868e-7341-4ac4-81f1-f153419f3afe,a16011eb-f680-4aa8-9575-341d6d89a700,1500001.0,2000000.0,,,,,,,,,,1500001.0,2000000.0,,system_import,system_import,2026-07-25T06:53:50.995044+00:00,2026-07-25T06:53:50.995044+00:00,
dc423d50-1ce9-463b-b666-0bb96dd0b815,9ba00741-0823-4fe1-961e-62717acf1486,200001.0,500000.0,,,,,,,,,,200001.0,500000.0,,system_import,system_import,2026-07-25T06:53:50.995044+00:00,2026-07-25T06:53:50.995044+00:00,
fe0a353e-1faf-4f53-b5df-f9db59f98d73,66a51389-1bd8-4358-9401-cdd127bcf8dc,200001.0,500000.0,,,,,,,,,,200001.0,500000.0,,system_import,system_import,2026-07-25T06:53:50.995044+00:00,2026-07-25T06:53:50.995044+00:00,
f7209f56-065f-4a87-bd46-728cac4b655d,dc7ead32-7431-471d-99a8-348da0f793d2,2000001.0,3000000.0,18.0,,,,,,,,,2000001.0,3000000.0,,system_import,system_import,2026-07-25T06:53:50.995044+00:00,2026-07-25T06:53:50.995044+00:00,
01e40d5a-695a-4439-ab8a-e6697104aeee,cac8db69-d742-4096-a2d7-1152a00e5f80,200000.0,200000.0,,,,,,,,,,200000.0,200000.0,,system_import,system_import,2026-07-25T06:53:50.995044+00:00,2026-07-25T06:53:50.995044+00:00,
0973aff9-3459-4e84-87c2-6158e5961080,908565e2-fb73-4a91-af4c-6e464000e8a1,1930.0,1930.0,,,,,,,,,,,,,system_import,system_import,2026-07-25T06:53:50.995044+00:00,2026-07-25T06:53:50.995044+00:00,
93bce27a-5d1c-4595-8189-e9fb3ed276e5,ef80206e-2736-4ebe-bb65-c622bb6100e2,200000.0,200000.0,500000.0,,,,,,,,,200000.0,200000.0,,system_import,system_import,2026-07-25T06:53:50.995044+00:00,2026-07-25T06:53:50.995044+00:00,
7376850f-9883-4068-8e59-ca50d6fd10ba,b7d8fc36-8eca-4432-8d88-b218be645537,200001.0,500000.0,,,,,,,,,,200001.0,500000.0,,system_import,system_import,2026-07-25T06:53:50.995044+00:00,2026-07-25T06:53:50.995044+00:00,
fc115d8f-fe1b-4141-a031-ac8c1f2a23c7,a2b8f8de-7b47-4f0d-af97-75c837dffe01,200000.0,200000.0,,,,,,,,,,200000.0,200000.0,,system_import,system_import,2026-07-25T06:53:50.995044+00:00,2026-07-25T06:53:50.995044+00:00,
a8f13988-fe6e-40c3-86d1-cd9a0dbda40e,e45f264e-6fac-4692-8485-54f75eb61618,200001.0,500000.0,,,,,,,,,,200001.0,500000.0,,system_import,system_import,2026-07-25T06:53:50.995044+00:00,2026-07-25T06:53:50.995044+00:00,
9d2123c2-cf4f-4900-a561-884dacf392c5,21f73a4b-4f83-47b0-b0ee-2fe558a86e8a,200001.0,500000.0,,,,,,,,,,200001.0,500000.0,,system_import,system_import,2026-07-25T06:53:50.995044+00:00,2026-07-25T06:53:50.995044+00:00,
e08ba771-d2c8-4e39-bb43-5bdc496c720d,b69f03d2-4f24-4ccf-8f1e-db550da5de5b,2106.0,2106.0,,,,,,,,,,,,,system_import,system_import,2026-07-25T06:53:50.995044+00:00,2026-07-25T06:53:50.995044+00:00,
7f5fc561-a6bf-4239-a5e8-c3375f69e31a,8a126fe7-1cc4-4995-9d44-57d5ffdf8231,500001.0,1000000.0,,,,,,,,,,500001.0,1000000.0,,system_import,system_import,2026-07-25T06:53:50.995044+00:00,2026-07-25T06:53:50.995044+00:00,
bbf32abb-bc36-4ce7-8b05-206ac9d46826,820382ec-70ff-443f-a2b6-cd12a305bbb7,200000.0,200000.0,,,,,,,,,,200000.0,200000.0,,system_import,system_import,2026-07-25T06:53:50.995044+00:00,2026-07-25T06:53:50.995044+00:00,
03c0bfb8-2a36-4ecb-967e-db5fa8af9cbc,fc03bb0f-48fb-4616-b840-9b669c88d3f2,1500001.0,2000000.0,,,,,,,,,,1500001.0,2000000.0,,system_import,system_import,2026-07-25T06:53:50.995044+00:00,2026-07-25T06:53:50.995044+00:00,
fb183284-cd81-482e-879e-ada0265323f7,4c214273-75cf-44fa-aad3-94cfdfb4ca0c,200000.0,200000.0,,,,,,,,,,200000.0,200000.0,,system_import,system_import,2026-07-25T06:53:50.995044+00:00,2026-07-25T06:53:50.995044+00:00,
7a14601a-7936-415b-b3df-43dd9c79958f,9536fb37-b02c-4086-826b-eb7442618411,200001.0,500000.0,2500000.0,,,,,,,,,200001.0,500000.0,,system_import,system_import,2026-07-25T06:53:50.995044+00:00,2026-07-25T06:53:50.995044+00:00,
cf5e37f9-d99b-4e2f-bb69-89ec958d7718,fcdba61d-2e7c-46df-9d4b-3ea1ded884fa,1000001.0,1500000.0,,,,,,,,,,1000001.0,1500000.0,,system_import,system_import,2026-07-25T06:53:50.995044+00:00,2026-07-25T06:53:50.995044+00:00,
247b630c-c8b4-4875-8622-7bb52846f716,79738c6d-5e29-4665-9e00-7b45ab8d3270,500001.0,1000000.0,250000.0,20.0,,,,,,,,500001.0,1000000.0,,system_import,system_import,2026-07-25T06:53:50.995044+00:00,2026-07-25T06:53:50.995044+00:00,
3fb2b478-8fb8-47ce-aad1-d132f2f5336b,7e99a8fb-06b7-436d-bedf-1b2ce3a05b9d,200000.0,200000.0,,,,,,,,,,20000.0,100000.0,,system_import,system_import,2026-07-25T06:53:50.995044+00:00,2026-07-25T06:53:50.995044+00:00,
8c715a5b-0694-40d2-bcbc-8767aa4a5f3d,ca79b280-1ee7-4668-8506-35e3af7dfd73,200001.0,500000.0,,,,,,,,,,200001.0,500000.0,,system_import,system_import,2026-07-25T06:53:50.995044+00:00,2026-07-25T06:53:50.995044+00:00,
e24f699d-a765-42f7-90ba-c4f8c9ec37c5,7718c5c5-b374-4693-ab5f-8515f8564c43,200001.0,500000.0,,,,,,,,,,200001.0,500000.0,,system_import,system_import,2026-07-25T06:53:50.995044+00:00,2026-07-25T06:53:50.995044+00:00,
7371f204-7ae6-4b27-bc6e-daf307787585,c3e1149b-02b6-404c-aada-5c73fa96ca20,200000.0,200000.0,,,,,,,,,,200000.0,200000.0,,system_import,system_import,2026-07-25T06:53:50.995044+00:00,2026-07-25T06:53:50.995044+00:00,
cdcba145-dea2-4d35-b2e2-303f5d46c91e,c55f64d2-241c-4957-b05b-abb88e5cd018,200000.0,200000.0,,,,,,,,,,50000.0,200000.0,,system_import,system_import,2026-07-25T06:53:50.995044+00:00,2026-07-25T06:53:50.995044+00:00,
64b8b205-6f88-4631-82bd-291229950984,9404322d-c493-403c-ae41-f49f343e4104,200001.0,500000.0,,,,,,,,,,200001.0,500000.0,,system_import,system_import,2026-07-25T06:53:50.995044+00:00,2026-07-25T06:53:50.995044+00:00,
e10a1da5-a47a-482e-bc29-6cbc888a61d1,10bb4c70-e81b-4dfa-a467-3e498d5ab2ec,200001.0,500000.0,,,,,,,,,,200001.0,500000.0,,system_import,system_import,2026-07-25T06:53:50.995044+00:00,2026-07-25T06:53:50.995044+00:00,
19958e6a-4775-4d29-9636-98f6e5124e72,eae9cbdd-39ec-4e90-9ab3-438029e7b04c,200000.0,200000.0,,,,,,,,,,200000.0,200000.0,,system_import,system_import,2026-07-25T06:53:50.995044+00:00,2026-07-25T06:53:50.995044+00:00,
75bb0ab7-c3e3-4803-870a-b469d1babda1,98480a21-85a7-4ab2-b034-9c114f7cdcbb,200001.0,500000.0,,,,,,,,,,200001.0,500000.0,,system_import,system_import,2026-07-25T06:53:50.995044+00:00,2026-07-25T06:53:50.995044+00:00,
ba27a0ca-cb91-4f81-bc3e-0647e9409d48,8abf17c3-2c4c-42f8-bf09-13fbe63a5415,500001.0,1000000.0,,,,,,,,,,500001.0,1000000.0,,system_import,system_import,2026-07-25T06:53:50.995044+00:00,2026-07-25T06:53:50.995044+00:00,
0ea23090-3a38-4f5e-a58f-c029f652a244,e1d1a8a1-d34b-4dd0-9028-f39767f8debf,200001.0,500000.0,,,,,,,,,,200001.0,500000.0,,system_import,system_import,2026-07-25T06:53:50.995044+00:00,2026-07-25T06:53:50.995044+00:00,
ad96b8c1-c4f4-4889-a906-c094040770ec,946ef58a-c84d-411a-8b62-40d9c7395f4d,1.0,1.0,,,,,,,,,,1.0,1.0,,system_import,system_import,2026-07-25T06:53:50.995044+00:00,2026-07-25T06:53:50.995044+00:00,
3e8ffed7-6c70-4e8d-953a-c841c76b87e7,cbc2580d-f531-4c24-9628-ff22043b25fd,500001.0,1000000.0,,,,,,,,,,500001.0,1000000.0,,system_import,system_import,2026-07-25T06:53:50.995044+00:00,2026-07-25T06:53:50.995044+00:00,
9df1eed2-b1c6-42a1-ac3c-eada3c43facc,71f507b4-53d6-4caf-8abc-75d877eefe61,200000.0,200000.0,,,,,,,,,,200000.0,200000.0,,system_import,system_import,2026-07-25T06:53:50.995044+00:00,2026-07-25T06:53:50.995044+00:00,
06b331e1-cd47-4d92-9399-631e408b2525,bce93e91-9401-4f27-b187-a17d8d91184c,3227.0,3227.0,,,,,,,,,,2.0,2.0,,system_import,system_import,2026-07-25T06:53:50.995044+00:00,2026-07-25T06:53:50.995044+00:00,
b03287b4-5702-4228-a006-f811ad779ded,93f32b97-ae7f-420d-97ac-986cc3c0b734,200001.0,500000.0,,,,,,,,,,200001.0,500000.0,,system_import,system_import,2026-07-25T06:53:50.995044+00:00,2026-07-25T06:53:50.995044+00:00,
40525ea1-8207-4536-b03c-df7a0d0d9771,c44bf5f5-2196-49a6-925c-357a8bf9d7f3,200000.0,200000.0,,,,,,,,,,200000.0,200000.0,,system_import,system_import,2026-07-25T06:53:50.995044+00:00,2026-07-25T06:53:50.995044+00:00,
b5b2ccf1-5f6a-4e7b-aadb-154ea7fc8587,d9df0501-cac1-482b-9ffc-51f4edd27fb7,2532.0,2532.0,,,,,,,,,,,,,system_import,system_import,2026-07-25T06:53:50.995044+00:00,2026-07-25T06:53:50.995044+00:00,
2f896514-de5c-4f85-af28-b81385c6fe66,213e3853-ee03-47d4-9e9c-ec0dc2a3be64,200001.0,500000.0,,,,,,,,,,200001.0,500000.0,,system_import,system_import,2026-07-25T06:53:50.995044+00:00,2026-07-25T06:53:50.995044+00:00,
34cca467-c327-4e2b-843b-9a1b73aeec0f,dfc7a0f1-4636-48ea-b450-e3a0a1f013c6,200001.0,500000.0,,,,,,,,,,200001.0,500000.0,,system_import,system_import,2026-07-25T06:53:50.995044+00:00,2026-07-25T06:53:50.995044+00:00,
e17eba99-1e4d-4d44-9745-7f12759991e6,381ce2de-06d8-47e7-8ca5-73a57b0ade23,200001.0,500000.0,,,,,,,,,,200001.0,500000.0,,system_import,system_import,2026-07-25T06:53:50.995044+00:00,2026-07-25T06:53:50.995044+00:00,
07f5b3c7-1868-4d7d-9260-1b442ef3e4d8,4a2084f3-9ff1-4aac-8965-d6ddb43deee8,500001.0,1000000.0,,,,,,,,,,500001.0,1000000.0,,system_import,system_import,2026-07-25T06:53:50.995044+00:00,2026-07-25T06:53:50.995044+00:00,
ca015df1-6ca4-49d3-98c2-57af7d18d4a2,664656d2-dec5-4b57-b3f4-ffd3777b1c5b,200001.0,500000.0,,,,,,,,,,200001.0,500000.0,,system_import,system_import,2026-07-25T06:53:50.995044+00:00,2026-07-25T06:53:50.995044+00:00,
c8a58205-f27b-45e2-8d12-a0faf7766b88,11101feb-82fc-48fb-a0d8-c9ef56df6805,200001.0,500000.0,200000.0,,,,,,,,,200001.0,500000.0,,system_import,system_import,2026-07-25T06:53:50.995044+00:00,2026-07-25T06:53:50.995044+00:00,
93c1e6f4-7628-4011-9f7a-70df50e305b4,141bd66d-2d07-457a-a666-d3e8dc49a0ee,200001.0,500000.0,,,,,,,,,,200001.0,500000.0,,system_import,system_import,2026-07-25T06:53:50.995044+00:00,2026-07-25T06:53:50.995044+00:00,
b9a32c68-db45-46e7-8cfc-0b491102520f,515242df-6fa2-4048-8c8e-61e0c4242b92,200000.0,200000.0,,,,,,,,,,25000.0,100000.0,,system_import,system_import,2026-07-25T06:53:50.995044+00:00,2026-07-25T06:53:50.995044+00:00,
a15dea8a-5c30-4879-9df6-e1c5dd922693,a520a76e-efe8-4396-8400-2dc1766f03cb,200001.0,500000.0,,,,,,,,,,200001.0,500000.0,,system_import,system_import,2026-07-25T06:53:50.995044+00:00,2026-07-25T06:53:50.995044+00:00,
ab715739-e1db-4308-a28b-ac5eed150dea,d6da647c-7f85-4d20-b503-737e1de30a3b,1500001.0,2000000.0,,,,,,,,,,1500001.0,2000000.0,,system_import,system_import,2026-07-25T06:53:50.995044+00:00,2026-07-25T06:53:50.995044+00:00,
0b052e36-81f3-4a56-ad96-54f92e660240,e82a7743-c9ad-4e75-b0a3-33c3a515ff3a,3000001.0,5000000.0,,,,,,,,,,3000001.0,5000000.0,,system_import,system_import,2026-07-25T06:53:50.995044+00:00,2026-07-25T06:53:50.995044+00:00,
5cb1d573-0307-486e-8ea5-d14048034eae,e6aa07f5-2d1d-4ed0-8b54-b7898af546ff,200001.0,500000.0,,,,,,,,,,200001.0,500000.0,,system_import,system_import,2026-07-25T06:53:50.995044+00:00,2026-07-25T06:53:50.995044+00:00,
661a9842-c52f-4c6f-8d3d-8f168731f56d,ad2d203a-8769-49e0-933f-9e30a04a86c8,1200000.0,1600000.0,400000.0,0.0,,,,,,,,1000001.0,1500000.0,,system_import,system_import,2026-07-25T06:53:50.995044+00:00,2026-07-25T06:53:50.995044+00:00,
d9e8ba2e-de90-4d8d-8766-ef3c37d52142,b9b0caba-5b98-429f-ba41-dbe36b78decd,500001.0,1000000.0,,,,,,,,,,500001.0,1000000.0,,system_import,system_import,2026-07-25T06:53:50.995044+00:00,2026-07-25T06:53:50.995044+00:00,
1dba6b97-f18a-4611-9b15-860e9a5abdcd,486b1d69-630e-4622-bb9f-dccf1950c349,,,,,,,,,,,,,,,system_import,system_import,2026-07-25T06:53:50.995044+00:00,2026-07-25T06:53:50.995044+00:00,
910130ae-f4cf-4bf4-a72c-38a126bc40ec,57d1de3b-60cd-4940-9114-3b53413ee57e,200001.0,500000.0,,,,,,,,,,200001.0,500000.0,,system_import,system_import,2026-07-25T06:53:50.995044+00:00,2026-07-25T06:53:50.995044+00:00,
1fed3fe4-92c2-4a96-8f88-8455d1c8fb98,f4f1481f-df16-4c73-8e0b-285ae4cb58ab,200000.0,200000.0,,,,,,,,,,200000.0,200000.0,,system_import,system_import,2026-07-25T06:53:50.995044+00:00,2026-07-25T06:53:50.995044+00:00,
50e7870b-186e-4127-8d02-05a4911bc79c,5947da09-3277-4d68-a4b7-4ad95ad027cc,200000.0,200000.0,,,,,,,,,,200000.0,200000.0,,system_import,system_import,2026-07-25T06:53:50.995044+00:00,2026-07-25T06:53:50.995044+00:00,
3f5f41ea-bb63-4d30-840d-3144baaac026,3e91d323-83c0-428b-bf28-ab996463d167,200000.0,200000.0,1000000.0,,,,,,,,,200000.0,200000.0,,system_import,system_import,2026-07-25T06:53:50.995044+00:00,2026-07-25T06:53:50.995044+00:00,
52c3e7c4-292c-44a3-9847-90f3513642f1,3d83311e-3231-479e-ae00-707c9557f07e,200001.0,500000.0,,,,,,,,,,200001.0,500000.0,,system_import,system_import,2026-07-25T06:53:50.995044+00:00,2026-07-25T06:53:50.995044+00:00,
f92d1fd4-03c3-483f-b9a7-cfc59b16a570,62ba437c-954a-4c39-9d93-c686d1704cbd,200001.0,500000.0,,,,,,,,,,200001.0,500000.0,,system_import,system_import,2026-07-25T06:53:50.995044+00:00,2026-07-25T06:53:50.995044+00:00,
0046e7c9-b36a-45e9-b461-edfff79a080f,52c311ca-a4ae-4f3b-9958-d9bd6cda7d9e,1566.0,1566.0,,,,,,,,,,,,,system_import,system_import,2026-07-25T06:53:50.995044+00:00,2026-07-25T06:53:50.995044+00:00,
848f5b94-3285-4304-bf38-305161deab62,d88c8f85-f8e2-4a2e-8040-7c2520322e08,200000.0,200000.0,,,,,,,,,,200000.0,200000.0,,system_import,system_import,2026-07-25T06:53:50.995044+00:00,2026-07-25T06:53:50.995044+00:00,
de96b2c7-ec92-4128-8f14-a5c8abd942c9,44733ffb-cf9e-4398-b673-2d96f2b3e461,200000.0,200000.0,,,,,,,,,,200000.0,200000.0,,system_import,system_import,2026-07-25T06:53:50.995044+00:00,2026-07-25T06:53:50.995044+00:00,
8362aea6-ee10-4295-82bb-800798ac466a,82410c2e-2284-4a42-9f50-0a4b2566a1b3,200000.0,200000.0,,,,,,,,,,200000.0,200000.0,,system_import,system_import,2026-07-25T06:53:50.995044+00:00,2026-07-25T06:53:50.995044+00:00,
1aca525c-0332-4152-b75a-afd4ae5d0f14,e9ba16ce-4bf7-481d-bc83-0f3bf986b314,200000.0,200000.0,,,,,,,,,,200000.0,200000.0,,system_import,system_import,2026-07-25T06:53:50.995044+00:00,2026-07-25T06:53:50.995044+00:00,
0a0ae0e7-1971-4b4b-9fba-a5c4fcf03e4b,3b059d02-d36b-4b0c-97b9-887f97d29baa,1000000.0,2000000.0,,,,,,,,,,200000.0,200000.0,,system_import,system_import,2026-07-25T06:53:50.995044+00:00,2026-07-25T06:53:50.995044+00:00,
079a15f8-986f-4009-aa4a-36a90afdae6c,830de40a-a318-4001-bbac-cc1bea76ae07,5000001.0,1.0,,,,,,,,,,5000001.0,1.0,,system_import,system_import,2026-07-25T06:53:50.995044+00:00,2026-07-25T06:53:50.995044+00:00,
9028019c-0fb5-40ae-af92-3efea7ead1a9,0899b3ac-b3f3-4180-841e-79976c7c54c5,5000001.0,1.0,50.0,,,,,,,,,5000001.0,1.0,,system_import,system_import,2026-07-25T06:53:50.995044+00:00,2026-07-25T06:53:50.995044+00:00,
a8634790-d318-4633-ba5d-0d76ce517805,5f45baad-c891-4b90-994d-c8443a8d7fd9,200001.0,500000.0,,,,,,,,,,200001.0,500000.0,,system_import,system_import,2026-07-25T06:53:50.995044+00:00,2026-07-25T06:53:50.995044+00:00,
91566a0d-ea5a-4908-8efa-53b158375c46,0bf1acb2-a53f-42e5-b207-d82b83cc8675,200001.0,500000.0,,,,,,,,,,200001.0,500000.0,,system_import,system_import,2026-07-25T06:53:50.995044+00:00,2026-07-25T06:53:50.995044+00:00,
d93e84ec-c02b-42dd-8303-52c89f3f8e8d,e091c79c-a46a-4c03-9442-b049863252c5,200000.0,200000.0,,,,,,,,,,365.0,365.0,,system_import,system_import,2026-07-25T06:53:50.995044+00:00,2026-07-25T06:53:50.995044+00:00,
773229a3-8b4d-4d3a-b369-24e22799de18,d9c8b02c-4645-48f7-859a-8ad91756e53d,200000.0,200000.0,,,,,,,,,,9.0,9.0,,system_import,system_import,2026-07-25T06:53:50.995044+00:00,2026-07-25T06:53:50.995044+00:00,
7f51c663-cd48-4ccc-9729-28204b12a7ad,33240675-4de0-4e8d-a0ce-9db871ff447a,928.0,928.0,,,,,,,,,,,,,system_import,system_import,2026-07-25T06:53:50.995044+00:00,2026-07-25T06:53:50.995044+00:00,
b4669344-c069-49a2-9edf-e5ad971d9d83,e188be32-d4d0-4704-847a-1dea030918bc,200000.0,200000.0,500000.0,,,,,,,,,200000.0,200000.0,,system_import,system_import,2026-07-25T06:53:50.995044+00:00,2026-07-25T06:53:50.995044+00:00,
d4c91f95-b94c-425c-96fb-0768fd376da7,62ced1a3-543a-42bc-9d84-784692ee9875,2000001.0,3000000.0,,,,,,,,,,2000001.0,3000000.0,,system_import,system_import,2026-07-25T06:53:50.995044+00:00,2026-07-25T06:53:50.995044+00:00,
113b2c30-9faf-43ab-ab73-6c99d15cd872,6817ffa5-08a8-4502-b0e3-a329a50e162b,200001.0,500000.0,25000.0,,,,,,,,,200001.0,500000.0,,system_import,system_import,2026-07-25T06:53:50.995044+00:00,2026-07-25T06:53:50.995044+00:00,
63025e85-18c2-4f6c-86af-b24bd639c223,4f586d48-56b0-4bd7-a779-7d6ab08115cd,200000.0,200000.0,,,,,,,,,,200000.0,200000.0,,system_import,system_import,2026-07-25T06:53:50.995044+00:00,2026-07-25T06:53:50.995044+00:00,
866d3ec0-f261-4d7b-a665-81e284d1decf,63af671e-80f4-4a68-8a6f-e77ff988e690,500001.0,1000000.0,,,,,,,,,,500001.0,1000000.0,,system_import,system_import,2026-07-25T06:53:50.995044+00:00,2026-07-25T06:53:50.995044+00:00,
041a1f4a-2353-41ad-8e98-24c6ddd3262b,382ac30c-899c-4195-abf6-a83357537b5e,200001.0,500000.0,,,,,,,,,,200001.0,500000.0,,system_import,system_import,2026-07-25T06:53:50.995044+00:00,2026-07-25T06:53:50.995044+00:00,
a4405c35-4cdc-4594-8158-dae4f54202b4,2834723f-52e0-4fa3-938c-8493cfebd0b3,200001.0,500000.0,,,,,,,,,,200001.0,500000.0,,system_import,system_import,2026-07-25T06:53:50.995044+00:00,2026-07-25T06:53:50.995044+00:00,
b2dc61a5-5f79-4f74-96b1-1afe2eb1081c,642f7fd0-86e5-4f73-aba9-5c77dfc8e5e0,200000.0,200000.0,,,,,,,,,,200000.0,200000.0,,system_import,system_import,2026-07-25T06:53:50.995044+00:00,2026-07-25T06:53:50.995044+00:00,
99b31963-39e2-4426-bc70-c121e4076760,a64bf54d-1843-4593-8c94-b213d1c609da,200000.0,200000.0,,,,,,,,,,200000.0,200000.0,,system_import,system_import,2026-07-25T06:53:50.995044+00:00,2026-07-25T06:53:50.995044+00:00,
edcf9758-1975-46d1-88d2-22194235622b,cbafb75e-a896-40f7-9e91-c49d3af60630,200001.0,500000.0,,,,,,,,,,200001.0,500000.0,,system_import,system_import,2026-07-25T06:53:50.995044+00:00,2026-07-25T06:53:50.995044+00:00,
563dad2d-058a-4b52-9d72-e55544465715,ea45d3ee-434f-4e43-8202-b1dc2ed61d73,200000.0,200000.0,51000.0,,,,,,,,,200000.0,200000.0,,system_import,system_import,2026-07-25T06:53:50.995044+00:00,2026-07-25T06:53:50.995044+00:00,
bc8a7122-0d19-4a0d-aa29-f091fefc2a05,756b8bc6-0f8d-4545-9522-62814737cfce,200000.0,200000.0,,,,,,,,,,200000.0,200000.0,,system_import,system_import,2026-07-25T06:53:50.995044+00:00,2026-07-25T06:53:50.995044+00:00,
53eda2a2-0278-4b44-8186-0b05555f1e54,60e76c18-4721-42c4-b4d5-538b401f5bf1,200001.0,500000.0,,,,,,,,,,200001.0,500000.0,,system_import,system_import,2026-07-25T06:53:50.995044+00:00,2026-07-25T06:53:50.995044+00:00,
2242282c-b768-4824-8fd1-efa11f425d3a,6460863e-f4b2-4a6f-8aa2-67529c064176,200000.0,200000.0,50000.0,,,,,,,,,200000.0,200000.0,,system_import,system_import,2026-07-25T06:53:50.995044+00:00,2026-07-25T06:53:50.995044+00:00,
1f593311-930d-401a-a4b0-73e24d276ef5,24ec9832-eec7-40ef-82c9-105f90d907b6,200000.0,200000.0,,,,,,,,,,200000.0,200000.0,,system_import,system_import,2026-07-25T06:53:50.995044+00:00,2026-07-25T06:53:50.995044+00:00,
bc5189ef-f5f7-42b7-b7b5-aaa3621a9067,3b8b8998-030b-4296-83a8-3d2082ab905c,5000001.0,1.0,,,,,,,,,,5000001.0,1.0,,system_import,system_import,2026-07-25T06:53:50.995044+00:00,2026-07-25T06:53:50.995044+00:00,
0c3e79bd-4e8b-4f24-96b6-e9f5f189a09e,35cbba6f-e5f7-486d-a7b0-ce7e8092872e,1500001.0,2000000.0,,,,,,,,,,1500001.0,2000000.0,,system_import,system_import,2026-07-25T06:53:50.995044+00:00,2026-07-25T06:53:50.995044+00:00,
26b703b1-a23a-4590-9a19-fca14d6f851c,f705c904-cede-44d8-bcc9-a4a0fab7513a,200001.0,500000.0,,,,,,,,,,200001.0,500000.0,,system_import,system_import,2026-07-25T06:53:50.995044+00:00,2026-07-25T06:53:50.995044+00:00,
dae2f6c0-a879-4270-92bd-82159a116016,413e7610-1e54-4cee-8ca6-f655cfec4aec,200001.0,500000.0,,,,,,,,,,200001.0,500000.0,,system_import,system_import,2026-07-25T06:53:50.995044+00:00,2026-07-25T06:53:50.995044+00:00,
997e70b8-b3ca-4b76-82fa-aba5c7486b82,5793d0fc-30e3-413b-90d4-51ee7c0a1f47,200000.0,200000.0,,,,,,,,,,200000.0,200000.0,,system_import,system_import,2026-07-25T06:53:50.995044+00:00,2026-07-25T06:53:50.995044+00:00,
9ba6dede-1437-46bb-87b7-519b5e7d627c,b76b1421-84dc-46fc-b317-e1a26f441852,200000.0,200000.0,,,,,,,,,,200000.0,200000.0,,system_import,system_import,2026-07-25T06:53:50.995044+00:00,2026-07-25T06:53:50.995044+00:00,
ea24374f-b8ed-467f-93df-7dd8b2f20d51,0154f7bc-57fa-4ae3-ae4d-0ea645c0d6a0,2000001.0,3000000.0,,,,,,,,,,2000001.0,3000000.0,,system_import,system_import,2026-07-25T06:53:50.995044+00:00,2026-07-25T06:53:50.995044+00:00,
b09fbf84-f2f0-48b7-8763-458ec30325a6,ee2a0e5e-551d-499d-a445-f0ad233c1c82,200001.0,500000.0,1.0,,,,,,,,,200001.0,500000.0,,system_import,system_import,2026-07-25T06:53:50.995044+00:00,2026-07-25T06:53:50.995044+00:00,
df8f4408-0099-4c4f-9394-833d2c1dab39,63f14236-eefc-4f91-9502-da7efcec79d2,200000.0,200000.0,0.0,,,,,,,,,200000.0,200000.0,,system_import,system_import,2026-07-25T06:53:50.995044+00:00,2026-07-25T06:53:50.995044+00:00,
d89a2606-4a96-4542-a67d-7809b549bc21,a6611821-3467-4c92-b878-4242c2092c5b,1507.0,1507.0,,,,,,,,,,,,,system_import,system_import,2026-07-25T06:53:50.995044+00:00,2026-07-25T06:53:50.995044+00:00,
79d231bc-7065-4eef-b75a-a39a04e82c61,317e8021-c970-45c0-8104-ce4e02d0994a,200000.0,200000.0,,,,,,,,,,200000.0,200000.0,,system_import,system_import,2026-07-25T06:53:50.995044+00:00,2026-07-25T06:53:50.995044+00:00,
96b93b53-b072-4fee-9ae3-145c76cd6106,0a0731df-5844-4a77-82b8-910d288ec66c,2000001.0,3000000.0,,,,,,,,,,2000001.0,3000000.0,,system_import,system_import,2026-07-25T06:53:50.995044+00:00,2026-07-25T06:53:50.995044+00:00,
674834a2-237b-4e14-96bb-9c6ffd65be42,ee3c9d41-8289-42f5-a2c6-3c8e3af30859,200000.0,200000.0,50000.0,,,,,,,,,100000.0,150000.0,,system_import,system_import,2026-07-25T06:53:50.995044+00:00,2026-07-25T06:53:50.995044+00:00,
f2787b09-6f6c-4b73-b2d0-c674d70ffeeb,78892b9c-84ec-4e29-ac0d-584342ba1f5b,500001.0,1000000.0,,,,,,,,,,500001.0,1000000.0,,system_import,system_import,2026-07-25T06:53:50.995044+00:00,2026-07-25T06:53:50.995044+00:00,
0a537a0f-25b0-4ff4-89eb-fe80c05941ad,5eaf34c1-6e20-4de6-aa48-dd9536baf0d6,200000.0,200000.0,,,,,,,,,,2.0,2.0,,system_import,system_import,2026-07-25T06:53:50.995044+00:00,2026-07-25T06:53:50.995044+00:00,
afe27095-6d80-4d5c-9d69-44b796dacf80,57d7225c-3c1e-4ffd-867a-48f1269f650b,200001.0,500000.0,,,,,,,,,,200001.0,500000.0,,system_import,system_import,2026-07-25T06:53:50.995044+00:00,2026-07-25T06:53:50.995044+00:00,
7c30678f-d06c-4716-bc01-01c969f49b02,44eb1d5f-955d-40ce-bf4a-1ab76a209397,200000.0,200000.0,,,,,,,,,,200000.0,200000.0,,system_import,system_import,2026-07-25T06:53:50.995044+00:00,2026-07-25T06:53:50.995044+00:00,
5613bf27-2c95-484b-b692-c7c4eabd01fe,4975634f-1083-4698-a3e3-95be2a3d2bd4,500001.0,1000000.0,,,,,,,,,,500001.0,1000000.0,,system_import,system_import,2026-07-25T06:53:50.995044+00:00,2026-07-25T06:53:50.995044+00:00,
d62d6326-0f4f-4944-9152-5e4dc3e014f1,b4b87479-5d26-45a8-a187-95a2ed3ded0a,500001.0,1000000.0,,,,,,,,,,500001.0,1000000.0,,system_import,system_import,2026-07-25T06:53:50.995044+00:00,2026-07-25T06:53:50.995044+00:00,
c65687aa-6546-4960-8e0a-cf2f5d5a88ae,8c02e5c1-d913-4f97-94ad-f351636f4eed,1024.0,1024.0,,,,,,,,,,,,,system_import,system_import,2026-07-25T06:53:50.995044+00:00,2026-07-25T06:53:50.995044+00:00,
dbf45eba-6c25-4487-a728-eb62aeae1059,4c123d2d-f248-4ae7-9985-84f57c382468,1000001.0,1500000.0,,,,,,,,,,1000001.0,1500000.0,,system_import,system_import,2026-07-25T06:53:50.995044+00:00,2026-07-25T06:53:50.995044+00:00,
dd943580-ee74-4617-8027-6edd2f74f839,5242aa8b-9972-4a8b-bef8-f6e01f79b7ad,200000.0,200000.0,,,,,,,,,,200000.0,200000.0,,system_import,system_import,2026-07-25T06:53:50.995044+00:00,2026-07-25T06:53:50.995044+00:00,
7dc19532-0884-4fa4-aff8-41769c334482,a5378e98-81a2-40f7-94ca-2b9a66ad0c0d,500001.0,1000000.0,,,,,,,,,,500001.0,1000000.0,,system_import,system_import,2026-07-25T06:53:50.995044+00:00,2026-07-25T06:53:50.995044+00:00,
cbed389d-1968-47ba-a1c5-9311f37cb2c1,3b333196-e06a-4dcc-9bd8-13f03778646c,500001.0,1000000.0,,,,,,,,,,500001.0,1000000.0,,system_import,system_import,2026-07-25T06:53:50.995044+00:00,2026-07-25T06:53:50.995044+00:00,
0a317023-ba31-4ac2-8bb9-16c0f63dc2ab,9f39955b-1dba-4767-86e9-935416ad35c0,500001.0,1000000.0,600000.0,,,,,,,,,500001.0,1000000.0,,system_import,system_import,2026-07-25T06:53:50.995044+00:00,2026-07-25T06:53:50.995044+00:00,
a3654d5d-91c4-4996-bf4c-d8e24af216c2,008d898b-d4cd-4bdb-8969-56aa5acf7695,200000.0,200000.0,500000.0,,,,,,,,,200000.0,600000.0,,system_import,system_import,2026-07-25T06:53:50.995044+00:00,2026-07-25T06:53:50.995044+00:00,
b9110f3c-e494-46e4-8053-ee97fac35a94,7d7b53d2-187e-4eae-8cc8-51c9685d2725,200000.0,200000.0,,,,,,,,,,200000.0,200000.0,,system_import,system_import,2026-07-25T06:53:50.995044+00:00,2026-07-25T06:53:50.995044+00:00,
922e59fa-1ad9-4da8-bf8f-1e4e75b83772,626fe5e7-4f15-4c2b-a403-a05b332d1812,500001.0,1000000.0,,,,,,,,,,500001.0,1000000.0,,system_import,system_import,2026-07-25T06:53:50.995044+00:00,2026-07-25T06:53:50.995044+00:00,
f6af16bc-83e3-4a3b-93c0-410111addd46,2661df06-c29e-4f4e-b554-35dae22b67c7,500001.0,1000000.0,3000000.0,,,,,,,,,500001.0,1000000.0,,system_import,system_import,2026-07-25T06:53:50.995044+00:00,2026-07-25T06:53:50.995044+00:00,
93e0635e-b4e1-448f-b254-0bb0359f564c,21ac2d11-792b-4713-b636-beba06a44053,200000.0,200000.0,,,,,,,,,,200000.0,200000.0,,system_import,system_import,2026-07-25T06:53:50.995044+00:00,2026-07-25T06:53:50.995044+00:00,
52c5d8fb-070f-4f28-a0c1-3d23ccb4a96b,b0161351-1525-4e23-b545-5b1b1e3c1974,200000.0,200000.0,,,,,,,,,,200000.0,200000.0,,system_import,system_import,2026-07-25T06:53:50.995044+00:00,2026-07-25T06:53:50.995044+00:00,
09dc34ff-e81c-4940-b4a3-0f9a6d04cd66,73cb7c75-f195-452e-a94a-c9ecb4106532,1000001.0,1500000.0,,,,,,,,,,1000001.0,1500000.0,,system_import,system_import,2026-07-25T06:53:50.995044+00:00,2026-07-25T06:53:50.995044+00:00,
825e92c1-05b8-4531-8b9c-5a0e3581e413,30c9b48c-6eec-42fd-8f6d-b45aff6845c8,587.0,587.0,,,,,,,,,,,,,system_import,system_import,2026-07-25T06:53:50.995044+00:00,2026-07-25T06:53:50.995044+00:00,
e6c166ca-2420-4c66-b758-46f30e5db2ad,3cd43257-bd74-417a-bcfb-b01954d6524f,200000.0,200000.0,,,,,,,,,,200000.0,200000.0,,system_import,system_import,2026-07-25T06:53:50.995044+00:00,2026-07-25T06:53:50.995044+00:00,
5140e0ae-3075-419b-9466-d6c71182926e,1a1e7eac-5398-43b8-9c9c-64a80d7eb030,200000.0,200000.0,,,,,,,,,,200000.0,200000.0,,system_import,system_import,2026-07-25T06:53:50.995044+00:00,2026-07-25T06:53:50.995044+00:00,
8ec23e99-2cb9-4e1f-aa15-997c4f45c299,6dbd2e95-e584-4cb5-a741-e618463a955c,200000.0,200000.0,1.0,,,,,,,,,200000.0,200000.0,,system_import,system_import,2026-07-25T06:53:50.995044+00:00,2026-07-25T06:53:50.995044+00:00,
bf6ea9c0-5455-4f39-b71e-3ebcc5179768,2a07c9c8-4960-4c4d-8e7d-654b35280846,500001.0,1000000.0,1500000.0,,,,,,,,,500001.0,1000000.0,,system_import,system_import,2026-07-25T06:53:50.995044+00:00,2026-07-25T06:53:50.995044+00:00,
c8688c6e-7c1a-4d55-acba-8b325902e42a,e6c22754-0807-4a30-a693-f9aac6ef76b4,1000001.0,1500000.0,750000.0,,,,,,,,,1000001.0,1500000.0,,system_import,system_import,2026-07-25T06:53:50.995044+00:00,2026-07-25T06:53:50.995044+00:00,
42f1c051-e772-48c3-b1a0-d1e6e934cdbd,4cc9c70e-eeae-4018-817a-94be798f153f,200000.0,200000.0,5000.0,,,,,,,,,200000.0,200000.0,,system_import,system_import,2026-07-25T06:53:50.995044+00:00,2026-07-25T06:53:50.995044+00:00,
fce22a4c-75cf-47fe-b9d2-d542e8ffc4eb,b4a7bd17-d8b9-4c2d-b145-242a4339baad,1001.0,1001.0,,,,,,,,,,,,,system_import,system_import,2026-07-25T06:53:50.995044+00:00,2026-07-25T06:53:50.995044+00:00,
d0d7fa82-caea-45f5-ba66-9ed4bf7ec4de,83d3f585-63a8-4460-b556-35e895a20bb7,1000001.0,1500000.0,2500000.0,,,,,,,,,1000001.0,1500000.0,,system_import,system_import,2026-07-25T06:53:50.995044+00:00,2026-07-25T06:53:50.995044+00:00,
8db04eba-d6ac-4924-8f43-06f4045b8a86,891bd58a-a7f3-4f65-ac8f-2c7eae58d3db,200000.0,200000.0,,,,,,,,,,200000.0,200000.0,,system_import,system_import,2026-07-25T06:53:50.995044+00:00,2026-07-25T06:53:50.995044+00:00,
9c958996-cc46-4008-a219-eea328536919,d45b1026-c09c-4a88-85ac-0894d64a7b72,200000.0,200000.0,,,,,,,,,,200000.0,200000.0,,system_import,system_import,2026-07-25T06:53:50.995044+00:00,2026-07-25T06:53:50.995044+00:00,
1d530d0d-2693-4b9a-a10c-fd2f23f7662d,ceb97d44-fb7a-4e97-ad35-4d5a1339c1a9,1000001.0,1500000.0,,,,,,,,,,1000001.0,1500000.0,,system_import,system_import,2026-07-25T06:53:50.995044+00:00,2026-07-25T06:53:50.995044+00:00,
ec312c51-27d4-493d-a871-d443ab81d64d,39d0c82d-5cf0-408f-875f-c0701085d480,500001.0,1000000.0,7000000.0,,,,,,,,,500001.0,1000000.0,,system_import,system_import,2026-07-25T06:53:50.995044+00:00,2026-07-25T06:53:50.995044+00:00,
8404afdb-a805-4638-9409-528926ce2756,91df79ea-bc1e-44f4-ba8e-0e7d0310c552,200000.0,200000.0,,,,,,,,,,200000.0,200000.0,,system_import,system_import,2026-07-25T06:53:50.995044+00:00,2026-07-25T06:53:50.995044+00:00,
9ed79838-3636-423b-a343-4ae06d44e476,6fcccfe9-527a-4180-a185-698cc57bda29,200000.0,200000.0,,,,,,,,,,200000.0,200000.0,,system_import,system_import,2026-07-25T06:53:50.995044+00:00,2026-07-25T06:53:50.995044+00:00,
9eb62bba-a47f-4491-9424-535f25b0132b,0b6d4128-f46f-4ad4-a3c8-7068088d96c7,500001.0,1000000.0,,,,,,,,,,500001.0,1000000.0,,system_import,system_import,2026-07-25T06:53:50.995044+00:00,2026-07-25T06:53:50.995044+00:00,
c8232f09-6a6c-4583-a933-0035a7357bca,ce7a34a9-f5d3-4015-891f-29611c529f5b,1000001.0,1500000.0,,,,,,,,,,1000001.0,1500000.0,,system_import,system_import,2026-07-25T06:53:50.995044+00:00,2026-07-25T06:53:50.995044+00:00,
01956b27-29dc-4c4c-bd01-97ce2814e223,1861e39d-7b73-450d-8f09-985be6431183,200000.0,200000.0,,,,,,,,,,200000.0,200000.0,,system_import,system_import,2026-07-25T06:53:50.995044+00:00,2026-07-25T06:53:50.995044+00:00,
2051c604-1873-4cbe-8281-f1e56c7c5d5a,e5a62f23-c870-49cd-8c45-e09a4f5c0e1e,200001.0,500000.0,,,,,,,,,,200001.0,500000.0,,system_import,system_import,2026-07-25T06:53:50.995044+00:00,2026-07-25T06:53:50.995044+00:00,
8479a767-5447-4878-90f7-8bf9c3405b12,3edaf5c6-ef57-4aa1-9faf-caa9c7289954,200000.0,200000.0,100000.0,,,,,,,,,200000.0,200000.0,,system_import,system_import,2026-07-25T06:53:50.995044+00:00,2026-07-25T06:53:50.995044+00:00,
081eeaed-e8a5-42aa-a58f-4a9ed0a98756,b2db788f-1143-4e4b-a7fa-46246c5a9a73,200000.0,200000.0,250000.0,,,,,,,,,200000.0,200000.0,,system_import,system_import,2026-07-25T06:53:50.995044+00:00,2026-07-25T06:53:50.995044+00:00,
4f004a1c-7c99-4dbb-bc1e-cb79acaa8688,96ee407a-2a5f-4b86-aefa-1454b9af35b9,1500001.0,2000000.0,,,,,,,,,,1500001.0,2000000.0,,system_import,system_import,2026-07-25T06:53:50.995044+00:00,2026-07-25T06:53:50.995044+00:00,
2727440c-1f91-47df-9c6a-367a2eb3344a,afdc6808-5efd-42c6-991e-7023d57e685b,200000.0,200000.0,,,,,,,,,,200000.0,200000.0,,system_import,system_import,2026-07-25T06:53:50.995044+00:00,2026-07-25T06:53:50.995044+00:00,
376fd8bb-c02c-413e-9acd-953a5c6096e4,53d86845-595c-4ed9-abe9-fdb4827aa4e4,200001.0,500000.0,500000.0,,,,,,,,,200001.0,500000.0,,system_import,system_import,2026-07-25T06:53:50.995044+00:00,2026-07-25T06:53:50.995044+00:00,
a37ca469-eec9-4aa8-805f-fb99bf974caa,c0d5d8fb-64b0-49ed-810d-37dd82d0d799,500001.0,1000000.0,,,,,,,,,,500001.0,1000000.0,,system_import,system_import,2026-07-25T06:53:50.995044+00:00,2026-07-25T06:53:50.995044+00:00,
a2817c5c-c1e0-4f6d-9d97-71afaae84acd,1fa68552-2ff9-4ff1-a9b0-bd51590db26e,200001.0,500000.0,400000.0,,,,,,,,,200001.0,500000.0,,system_import,system_import,2026-07-25T06:53:50.995044+00:00,2026-07-25T06:53:50.995044+00:00,
8d7341d1-692e-47e7-9aec-471d21c24382,f6546ea5-364c-47f8-ab7c-ae307667a80f,200001.0,500000.0,,,,,,,,,,200001.0,500000.0,,system_import,system_import,2026-07-25T06:53:50.995044+00:00,2026-07-25T06:53:50.995044+00:00,
f586c1f7-421d-417f-b0ca-0d81422e0c7e,c873a628-5c8a-416c-81a9-57712946ddab,500001.0,1000000.0,,,,,,,,,,500001.0,1000000.0,,system_import,system_import,2026-07-25T06:53:50.995044+00:00,2026-07-25T06:53:50.995044+00:00,
745d5056-d6e4-4c4d-aea9-b409bb0d35a8,9f385f22-a8ef-49c4-b722-a4b11ab75e1e,200000.0,200000.0,,,,,,,,,,200000.0,200000.0,,system_import,system_import,2026-07-25T06:53:50.995044+00:00,2026-07-25T06:53:50.995044+00:00,
cc6b283e-2c57-42fa-9247-54f2b836e9d0,7532b796-d040-463f-9e9c-0db5e9cf89af,200000.0,200000.0,100000.0,,,,,,,,,200000.0,200000.0,,system_import,system_import,2026-07-25T06:53:50.995044+00:00,2026-07-25T06:53:50.995044+00:00,
3fe0b42c-1f0b-47a2-827f-28108a4ab755,2083b273-aab5-471a-8543-f98ec009bd17,200000.0,200000.0,,,,,,,,,,200000.0,200000.0,,system_import,system_import,2026-07-25T06:53:50.995044+00:00,2026-07-25T06:53:50.995044+00:00,
217416d0-d2c2-4c29-bbe1-aa3e30cfb563,a1d657e4-9560-4f69-b8cc-e07d495dc321,200001.0,500000.0,,,,,,,,,,200001.0,500000.0,,system_import,system_import,2026-07-25T06:53:50.995044+00:00,2026-07-25T06:53:50.995044+00:00,
8dbd5d14-dd28-4468-80c9-af4b282210a6,ca562605-5d2b-47ca-92cd-b3ed3bc5f38e,200001.0,500000.0,,,,,,,,,,200001.0,500000.0,,system_import,system_import,2026-07-25T06:53:50.995044+00:00,2026-07-25T06:53:50.995044+00:00,
1253ba11-8e58-454c-a5cf-f5804833060a,d818892d-ed9c-4a19-ba06-9c49e9ab2a77,200000.0,200000.0,1000000.0,,,,,,,,,200000.0,200000.0,,system_import,system_import,2026-07-25T06:53:50.995044+00:00,2026-07-25T06:53:50.995044+00:00,
5e573a8e-0c51-4aca-a0d5-507c797c62f0,72393094-a542-4a6f-a5ae-10230aecf735,200000.0,200000.0,,,,,,,,,,200000.0,200000.0,,system_import,system_import,2026-07-25T06:53:50.995044+00:00,2026-07-25T06:53:50.995044+00:00,
e69b0dd1-728d-447d-a1d4-98d38f1e7222,e1c4d11a-f21e-4efd-8da2-6f92755a1aa7,2000001.0,3000000.0,,,,,,,,,,2000001.0,3000000.0,,system_import,system_import,2026-07-25T06:53:50.995044+00:00,2026-07-25T06:53:50.995044+00:00,
6ad790ac-3d9d-408c-87de-f34a2b5aa7e8,2faaa647-eaf5-411c-b2b1-ec931b7dfa4e,1000001.0,1500000.0,,,,,,,,,,1000001.0,1500000.0,,system_import,system_import,2026-07-25T06:53:50.995044+00:00,2026-07-25T06:53:50.995044+00:00,
6996d8a1-daae-40b5-9c20-19c48c6fb85f,6a4f4320-7b42-4e6b-b8c8-1ec98b50a750,200001.0,500000.0,,,,,,,,,,200001.0,500000.0,,system_import,system_import,2026-07-25T06:53:50.995044+00:00,2026-07-25T06:53:50.995044+00:00,
b5a1e662-db6b-4b42-a125-79cd7a80fc59,2c3e7a7d-362f-4b23-8ed9-bf7fe4915455,200000.0,200000.0,100000.0,,,,,,,,,200000.0,200000.0,,system_import,system_import,2026-07-25T06:53:50.995044+00:00,2026-07-25T06:53:50.995044+00:00,
8480910a-9dbb-4887-86af-52fa59c21dea,963953b5-e999-4850-9e00-ee95f28e96b9,200000.0,200000.0,,,,,,,,,,200000.0,200000.0,,system_import,system_import,2026-07-25T06:53:50.995044+00:00,2026-07-25T06:53:50.995044+00:00,
6a016826-f1e3-43a7-b1ae-5207694a0b75,8f68bcb4-99e8-4ada-b915-1f658f3dc5f8,200000.0,200000.0,,,,,,,,,,200000.0,200000.0,,system_import,system_import,2026-07-25T06:53:50.995044+00:00,2026-07-25T06:53:50.995044+00:00,
7b873d48-25ac-4b7f-b796-64de73369c83,1bdcae8a-cdd9-4925-b82b-db51797d2246,200001.0,500000.0,,,,,,,,,,200001.0,500000.0,,system_import,system_import,2026-07-25T06:53:50.995044+00:00,2026-07-25T06:53:50.995044+00:00,
5e76ad76-69c9-41d5-b50e-8978d532cd23,ab3c9115-af57-4617-a96f-d07cade44743,200000.0,200000.0,,,,,,,,,,200000.0,200000.0,,system_import,system_import,2026-07-25T06:53:50.995044+00:00,2026-07-25T06:53:50.995044+00:00,
793558de-f419-4885-8735-b556538110b0,a8af436c-3dab-4fd9-8b91-ee7a442f5a7f,2000001.0,3000000.0,,,,,,,,,,2000001.0,3000000.0,,system_import,system_import,2026-07-25T06:53:50.995044+00:00,2026-07-25T06:53:50.995044+00:00,
32f6827c-d2ff-4a3c-acd5-b7de549aacc6,146af504-1254-4e0e-91e8-e2aa2555c6de,200000.0,200000.0,,,,,,,,,,100001.0,150000.0,,system_import,system_import,2026-07-25T06:53:50.995044+00:00,2026-07-25T06:53:50.995044+00:00,
a5f5df1e-4943-4d76-bd23-d299b4560abe,bdce5742-bf70-47f3-9980-0edb861515e1,1.0,200000.0,1000000.0,,,,,,,,,200000.0,200000.0,,system_import,system_import,2026-07-25T06:53:50.995044+00:00,2026-07-25T06:53:50.995044+00:00,
91c81c0e-69d7-4c58-8d12-5f8963403f3a,50b5514d-1064-4323-bdce-008e048ffc66,200000.0,200000.0,,,,,,,,,,200000.0,200000.0,,system_import,system_import,2026-07-25T06:53:50.995044+00:00,2026-07-25T06:53:50.995044+00:00,
434fb398-fd35-4114-9b04-a7f6f1eebb67,703f7220-3546-4e1e-90f4-7d866dfba474,200000.0,200000.0,,,,,,,,,,200000.0,200000.0,,system_import,system_import,2026-07-25T06:53:50.995044+00:00,2026-07-25T06:53:50.995044+00:00,
ff1d5fa7-f0e5-4c72-8d04-cf8019df89ea,1d6adce8-6b1a-4076-851b-050162414f30,1181.0,1181.0,,,,,,,,,,,,,system_import,system_import,2026-07-25T06:53:50.995044+00:00,2026-07-25T06:53:50.995044+00:00,
c76e75e4-a4c8-4c57-96a6-cb405199148b,50575292-3d0a-4d71-b14a-bde49dd21e08,200000.0,200000.0,,,,,,,,,,20000.0,225000.0,,system_import,system_import,2026-07-25T06:53:50.995044+00:00,2026-07-25T06:53:50.995044+00:00,
641104d4-da88-496e-9d55-83295df529c2,284eeaff-76c7-4cf7-8818-b7e5cb221d51,500001.0,1000000.0,,,,,,,,,,500001.0,1000000.0,,system_import,system_import,2026-07-25T06:53:50.995044+00:00,2026-07-25T06:53:50.995044+00:00,
8bf0c9c1-5be8-4fd8-8b52-615c3769c21b,90b12751-39f5-4848-be36-083b240df8e5,2000001.0,3000000.0,,,,,,,,,,2000001.0,3000000.0,,system_import,system_import,2026-07-25T06:53:50.995044+00:00,2026-07-25T06:53:50.995044+00:00,
a707d596-ab9f-4635-aa4d-c0d313016a6c,bae900c8-557d-4630-849e-07152b07646e,200000.0,200000.0,,,,,,,,,,200000.0,200000.0,,system_import,system_import,2026-07-25T06:53:50.995044+00:00,2026-07-25T06:53:50.995044+00:00,
71dc4bf8-6312-40b5-abba-1ddd02f3d90d,fd3c787f-420e-4d18-8ffc-0ea84f767d9c,200001.0,500000.0,200000.0,,,,,,,,,200001.0,500000.0,,system_import,system_import,2026-07-25T06:53:50.995044+00:00,2026-07-25T06:53:50.995044+00:00,
3e2462d4-c922-4d34-b553-0dfb5f4cba03,aec46e5c-a47d-4ebf-bef7-651e005da573,200000.0,200000.0,,,,,,,,,,200000.0,200000.0,,system_import,system_import,2026-07-25T06:53:50.995044+00:00,2026-07-25T06:53:50.995044+00:00,
5dea85d4-5457-4989-a009-7dd2b02663fd,84a181fb-6025-48ce-b777-db1fbd66f8a7,200001.0,500000.0,,,,,,,,,,200001.0,500000.0,,system_import,system_import,2026-07-25T06:53:50.995044+00:00,2026-07-25T06:53:50.995044+00:00,
09ddfe0a-aa9d-4e20-a7d0-ee2a06e23134,39b9b414-166b-466c-a941-10de936234c6,200001.0,500000.0,,,,,,,,,,200001.0,500000.0,,system_import,system_import,2026-07-25T06:53:50.995044+00:00,2026-07-25T06:53:50.995044+00:00,
ea5e1c2f-afd9-4745-a1c1-b12d7e2e0dc9,28807d5a-b92c-4386-a804-49b00818ba82,200000.0,200000.0,,,,,,,,,,200000.0,200000.0,,system_import,system_import,2026-07-25T06:53:50.995044+00:00,2026-07-25T06:53:50.995044+00:00,
dd401bb7-036b-48e9-a4bd-7aaa0df02366,6420027c-e681-4dcc-b393-48b9b29de54e,500001.0,1000000.0,,,,,,,,,,500001.0,1000000.0,,system_import,system_import,2026-07-25T06:53:50.995044+00:00,2026-07-25T06:53:50.995044+00:00,
9cfae00e-a92c-413a-80b2-497ddf909d77,dc8c5dd1-b3cb-49ae-955a-92ab5d6482c0,200000.0,200000.0,,,,,,,,,,200000.0,200000.0,,system_import,system_import,2026-07-25T06:53:50.995044+00:00,2026-07-25T06:53:50.995044+00:00,
fc6cc18a-8de1-4c79-a7d5-8ff1a3b29561,0e1d2a63-444c-45ab-83a8-70788f0cc932,200001.0,500000.0,100000.0,,,,,,,,,200001.0,500000.0,,system_import,system_import,2026-07-25T06:53:50.995044+00:00,2026-07-25T06:53:50.995044+00:00,
fc883f79-d39f-4db1-b348-00a83bd69a46,c228be4b-ebf7-4c12-a47a-2334bdbcf2f6,1500001.0,2000000.0,,,,,,,,,,1500001.0,2000000.0,,system_import,system_import,2026-07-25T06:53:50.995044+00:00,2026-07-25T06:53:50.995044+00:00,
246cf7a9-b297-4f6e-aab1-ae2c9876ae78,3ba45b47-8e55-4e0f-8fb5-ead31b235685,200001.0,500000.0,50000.0,,,,,,,,,200001.0,500000.0,,system_import,system_import,2026-07-25T06:53:50.995044+00:00,2026-07-25T06:53:50.995044+00:00,
eab3d26b-cc43-4203-9d33-9345a189b4b4,8a99974e-a95c-464c-a8a0-473f30b3e59e,1000001.0,1500000.0,500000.0,,,,,,,,,1000001.0,1500000.0,,system_import,system_import,2026-07-25T06:53:50.995044+00:00,2026-07-25T06:53:50.995044+00:00,
b160853c-8e15-4823-af16-36dfec0aae73,998d152b-63f8-4510-8e36-a10fd7653c1b,500001.0,1000000.0,,,,,,,,,,500001.0,1000000.0,,system_import,system_import,2026-07-25T06:53:50.995044+00:00,2026-07-25T06:53:50.995044+00:00,
501a7aeb-8556-43f6-bb9a-f2790bbe7100,99a4245c-fbab-4ea9-aa4e-a446f9d6e6a5,500001.0,1000000.0,500000.0,,,,,,,,,500001.0,1000000.0,,system_import,system_import,2026-07-25T06:53:50.995044+00:00,2026-07-25T06:53:50.995044+00:00,
b323133b-fc55-4e6d-8861-053775677f70,3e400b0e-6ae9-4b90-b4b7-42741e449ed2,500001.0,1000000.0,,,,,,,,,,500001.0,1000000.0,,system_import,system_import,2026-07-25T06:53:50.995044+00:00,2026-07-25T06:53:50.995044+00:00,
829dcbb2-ba1d-48c9-a676-34f69a5c2ccf,aff34967-00e3-45f7-9fad-1fc29c66eca7,200001.0,500000.0,,,,,,,,,,200001.0,500000.0,,system_import,system_import,2026-07-25T06:53:50.995044+00:00,2026-07-25T06:53:50.995044+00:00,
3f42453c-168c-45b2-aa46-b7d2cde45544,c236757d-4fe2-4c1d-a36a-9045e8620031,30000000.0,30000000.0,,,,,,,,,,500001.0,1000000.0,,system_import,system_import,2026-07-25T06:53:50.995044+00:00,2026-07-25T06:53:50.995044+00:00,
77c2c70e-f2bd-41f5-9987-66d33ae85393,0d291781-239c-4915-aed8-992f5072b5d0,200000.0,200000.0,,,,,,,,,,200000.0,200000.0,,system_import,system_import,2026-07-25T06:53:50.995044+00:00,2026-07-25T06:53:50.995044+00:00,
f9b8f2ef-abac-4b0e-97a6-5128e7711502,4bf65d0d-683b-4a0b-9dc5-3843fe2cecb4,200000.0,200000.0,,,,,,,,,,200000.0,200000.0,,system_import,system_import,2026-07-25T06:53:50.995044+00:00,2026-07-25T06:53:50.995044+00:00,
95ad111f-4dbb-40ee-af8f-489c746ff12f,ff709e64-3cea-43f8-b01d-1a16ccdc3255,1000001.0,1500000.0,,,,,,,,,,1000001.0,1500000.0,,system_import,system_import,2026-07-25T06:53:50.995044+00:00,2026-07-25T06:53:50.995044+00:00,
ef159815-699a-4c3d-b563-f348a7853e93,9f2d973a-9e5f-4137-9094-b8ccedae83b1,500001.0,1000000.0,,,,,,,,,,500001.0,1000000.0,,system_import,system_import,2026-07-25T06:53:50.995044+00:00,2026-07-25T06:53:50.995044+00:00,
fc8aa5b7-ab32-4759-8436-c44b34f66c1c,1b6035f3-42ec-4007-9ccf-e14c8caf6b4a,1000001.0,1500000.0,350000.0,,,,,,,,,1000001.0,1500000.0,,system_import,system_import,2026-07-25T06:53:50.995044+00:00,2026-07-25T06:53:50.995044+00:00,
5ad57587-2570-4389-bf54-0881d3e4e822,ac3377b7-b9c2-43ca-b800-0d710ceeb719,2000001.0,3000000.0,,,,,,,,,,2000001.0,3000000.0,,system_import,system_import,2026-07-25T06:53:50.995044+00:00,2026-07-25T06:53:50.995044+00:00,
2e2bd9be-7dc8-4ab0-95bc-28c29e0a06d0,b1f7a7cc-ef53-4bd4-a135-cfdb0454b738,1500001.0,2000000.0,,,,,,,,,,1500001.0,2000000.0,,system_import,system_import,2026-07-25T06:53:50.995044+00:00,2026-07-25T06:53:50.995044+00:00,
3b704004-ca5b-4dec-8fd8-dbcee520185e,3a817969-058c-409c-9386-9b031aec264d,200000.0,200000.0,,,,,,,,,,200000.0,200000.0,,system_import,system_import,2026-07-25T06:53:50.995044+00:00,2026-07-25T06:53:50.995044+00:00,
76198a78-3d0a-495b-8875-197276c69205,dc95807d-be1e-4176-8b52-a8fd392be0ed,1500001.0,2000000.0,,,,,,,,,,1500001.0,2000000.0,,system_import,system_import,2026-07-25T06:53:50.995044+00:00,2026-07-25T06:53:50.995044+00:00,
e73d6f7d-d51b-444d-84e3-03e1b2b1ca43,183268bc-fe6c-4c28-9e07-a40f3ddba4f8,500001.0,1000000.0,,,,,,,,,,500001.0,1000000.0,,system_import,system_import,2026-07-25T06:53:50.995044+00:00,2026-07-25T06:53:50.995044+00:00,
f8563b38-7985-4997-83fb-9d2fa97a54d4,5382e9d7-83c1-42ef-a433-fdb48ae5f960,200001.0,500000.0,,,,,,,,,,200001.0,500000.0,,system_import,system_import,2026-07-25T06:53:50.995044+00:00,2026-07-25T06:53:50.995044+00:00,
afedbfa4-6293-4038-a564-f07c6a556785,cfcf8bdd-24b9-4b0f-92e4-3f8fc9c05592,500001.0,1000000.0,,,,,,,,,,500001.0,1000000.0,,system_import,system_import,2026-07-25T06:53:50.995044+00:00,2026-07-25T06:53:50.995044+00:00,
cefb1dd0-d178-4e5f-b590-b25e3d7b75a7,efd27d61-ea6e-4935-92b4-86d439493d75,1000001.0,1500000.0,,,,,,,,,,1000001.0,1500000.0,,system_import,system_import,2026-07-25T06:53:50.995044+00:00,2026-07-25T06:53:50.995044+00:00,
093f10ab-1074-445e-8c24-df4d9dda13a6,c61f8187-d178-4c6f-92a8-847b81f0e3a4,200000.0,200000.0,,,,,,,,,,200000.0,200000.0,,system_import,system_import,2026-07-25T06:53:50.995044+00:00,2026-07-25T06:53:50.995044+00:00,
45ca0f72-6877-432d-865f-876b4534be6f,946885f8-d332-49e8-ac9e-f7345ca85a88,200000.0,200000.0,,,,,,,,,,200000.0,200000.0,,system_import,system_import,2026-07-25T06:53:50.995044+00:00,2026-07-25T06:53:50.995044+00:00,
0974b7ae-03ec-4d1a-9707-44d1dacc719b,3cd411a0-3b1d-4249-8741-8fd7b89e2c14,200001.0,500000.0,,,,,,,,,,200001.0,500000.0,,system_import,system_import,2026-07-25T06:53:50.995044+00:00,2026-07-25T06:53:50.995044+00:00,
a556aabe-6bed-43c8-9c23-055749b81c93,2267ba76-2b16-4e17-ab8b-653ea3d2ff9b,500001.0,1000000.0,,,,,,,,,,500001.0,1000000.0,,system_import,system_import,2026-07-25T06:53:50.995044+00:00,2026-07-25T06:53:50.995044+00:00,
e431b173-a4f3-4e19-bc6f-2764731ede0a,36cc36c5-204d-4c6d-aa56-905e991c3ea7,500001.0,1000000.0,,,,,,,,,,500001.0,1000000.0,,system_import,system_import,2026-07-25T06:53:50.995044+00:00,2026-07-25T06:53:50.995044+00:00,
a3671368-97c0-4d7a-9276-4c30940cbc59,cca3263c-ddd2-4d4d-afba-794c4772eda5,500001.0,1000000.0,,,,,,,,,,500001.0,1000000.0,,system_import,system_import,2026-07-25T06:53:50.995044+00:00,2026-07-25T06:53:50.995044+00:00,
084eda2d-41a7-48cb-a2d7-852945e8b899,fc5fd500-8422-4be5-b36f-077f81710a21,5000001.0,1.0,,,,,,,,,,5000001.0,1.0,,system_import,system_import,2026-07-25T06:53:50.995044+00:00,2026-07-25T06:53:50.995044+00:00,
f77e0b19-b9d5-41d1-87e0-b6cfafc88735,6a2814de-f7cb-49e4-9459-e015fc34488f,200001.0,500000.0,,,,,,,,,,200001.0,500000.0,,system_import,system_import,2026-07-25T06:53:50.995044+00:00,2026-07-25T06:53:50.995044+00:00,
fbf7bdb1-12cd-4488-8c25-6eef190c6c86,ba8ebe5b-8ca0-455a-908e-0fe8a4b4e54f,1500001.0,2000000.0,,,,,,,,,,1500001.0,2000000.0,,system_import,system_import,2026-07-25T06:53:50.995044+00:00,2026-07-25T06:53:50.995044+00:00,
1df60466-472f-47b7-a566-3340ac1cb5ed,ff3524ba-a5ed-4266-b764-6e70fde97303,200001.0,500000.0,,,,,,,,,,200001.0,500000.0,,system_import,system_import,2026-07-25T06:53:50.995044+00:00,2026-07-25T06:53:50.995044+00:00,
07253dc2-f874-477e-895d-a394271bcd79,7a7183b3-fce5-484b-bc63-b8455c3d5526,200000.0,200000.0,,,,,,,,,,200000.0,200000.0,,system_import,system_import,2026-07-25T06:53:50.995044+00:00,2026-07-25T06:53:50.995044+00:00,
1ffd6709-44ae-48a4-b597-4bf73e9a100b,4e1af71b-5e10-4301-a4da-69ffa466245e,3000001.0,5000000.0,,,,,,,,,,3000001.0,5000000.0,,system_import,system_import,2026-07-25T06:53:50.995044+00:00,2026-07-25T06:53:50.995044+00:00,
7e7e4658-ab4c-411c-8578-3bd46823e6dc,00f5a0fb-aca0-4b12-b052-c0ece3883aa6,200000.0,200000.0,,,,,,,,,,200000.0,200000.0,,system_import,system_import,2026-07-25T06:53:50.995044+00:00,2026-07-25T06:53:50.995044+00:00,
5320d863-0f44-47ea-b1da-82d58a2cd035,3c00a807-b56e-4f9c-b09d-08eb003e022e,500001.0,1000000.0,300000.0,,,,,,,,,500001.0,1000000.0,,system_import,system_import,2026-07-25T06:53:50.995044+00:00,2026-07-25T06:53:50.995044+00:00,
8fed7ad0-aa89-4b31-8415-64040b1354a4,f4858ad3-bedd-4265-9468-431b08ce9aa7,500001.0,1000000.0,,,,,,,,,,500001.0,1000000.0,,system_import,system_import,2026-07-25T06:53:50.995044+00:00,2026-07-25T06:53:50.995044+00:00,
8545de9c-9607-4fc8-8d27-d88dcab61b4c,3d1fa02f-7c0a-4cb2-84ec-b489d40dca20,200001.0,500000.0,,,,,,,,,,200001.0,500000.0,,system_import,system_import,2026-07-25T06:53:50.995044+00:00,2026-07-25T06:53:50.995044+00:00,
6c64b460-f2e5-49ba-8f2d-b82a2e516c25,cf077b69-ce88-4bf0-93dc-d9b575ba184c,200000.0,200000.0,,,,,,,,,,200000.0,200000.0,,system_import,system_import,2026-07-25T06:53:50.995044+00:00,2026-07-25T06:53:50.995044+00:00,
3fb5d70e-9a6a-407a-be0f-d368f07833c7,2a3036e5-07ac-47e7-b393-3570d5290825,2000001.0,3000000.0,,,,,,,,,,2000001.0,3000000.0,,system_import,system_import,2026-07-25T06:53:50.995044+00:00,2026-07-25T06:53:50.995044+00:00,
93c4343b-d6d1-4853-b63a-fe74e25fda32,89d30bf5-daa1-4e4e-b7f8-73bade02ac47,200000.0,200000.0,,,,,,,,,,200000.0,200000.0,,system_import,system_import,2026-07-25T06:53:50.995044+00:00,2026-07-25T06:53:50.995044+00:00,
c9d59b16-3b74-43b9-976e-225bf4169aa8,a13ad05b-476c-4d9e-bc18-b9dc25d039d6,1000001.0,1500000.0,,,,,,,,,,1000001.0,1500000.0,,system_import,system_import,2026-07-25T06:53:50.995044+00:00,2026-07-25T06:53:50.995044+00:00,
d41a25de-a2cd-4502-af2e-3fd0f2d49a93,0530635f-25d2-47ec-9b36-25fc8aa82df5,200000.0,200000.0,750000.0,,,,,,,,,30000.0,50000.0,,system_import,system_import,2026-07-25T06:53:50.995044+00:00,2026-07-25T06:53:50.995044+00:00,
aa3e3a65-b54d-4f98-8bf8-19c8fd2e6861,c226f17b-118b-4c1f-9acf-576c38ee88e2,200000.0,200000.0,,,,,,,,,,200000.0,200000.0,,system_import,system_import,2026-07-25T06:53:50.995044+00:00,2026-07-25T06:53:50.995044+00:00,
8da0b0b2-8401-48e6-85e1-7e010f7ee4a3,adbaec66-aeab-4ca1-9bdf-ee6e23690469,200001.0,500000.0,,,,,,,,,,200001.0,500000.0,,system_import,system_import,2026-07-25T06:53:50.995044+00:00,2026-07-25T06:53:50.995044+00:00,
3eeb0706-1340-4e97-8dd7-b8f9a45a057d,235873c1-e34f-44c5-afb6-5062a2c48baa,200000.0,200000.0,,,,,,,,,,200000.0,200000.0,,system_import,system_import,2026-07-25T06:53:50.995044+00:00,2026-07-25T06:53:50.995044+00:00,
5c450729-d1ab-4af1-b6a4-9114d85d6ced,d1718c21-5145-4236-948b-fb7a9667ad91,500001.0,1000000.0,,,,,,,,,,500001.0,1000000.0,,system_import,system_import,2026-07-25T06:53:50.995044+00:00,2026-07-25T06:53:50.995044+00:00,
3018ad34-75d4-4b11-885f-aa7c03f38234,6d004829-2908-4f34-95df-98ba7b3201ea,200001.0,500000.0,,,,,,,,,,200001.0,500000.0,,system_import,system_import,2026-07-25T06:53:50.995044+00:00,2026-07-25T06:53:50.995044+00:00,
7e9b528d-ba7a-4707-9315-cdcfd9e56cf4,0cbd5274-2849-4507-9a13-731b613c2cf3,3000001.0,5000000.0,,,,,,,,,,3000001.0,5000000.0,,system_import,system_import,2026-07-25T06:53:50.995044+00:00,2026-07-25T06:53:50.995044+00:00,
a6a24428-2598-48d0-b23e-5356f66f8b97,b22e4c5a-d318-437e-9c4c-58e6805f2aa0,200001.0,500000.0,,,,,,,,,,200001.0,500000.0,,system_import,system_import,2026-07-25T06:53:50.995044+00:00,2026-07-25T06:53:50.995044+00:00,
defae79f-ab36-4424-967c-b6e67346d016,f08ce9a4-bae3-4d97-96c6-b89ccdf583ca,1000001.0,1500000.0,,,,,,,,,,1000001.0,1500000.0,,system_import,system_import,2026-07-25T06:53:50.995044+00:00,2026-07-25T06:53:50.995044+00:00,
8e628ecf-a0c1-4dcd-a0e6-570cb97be595,94124eb1-eebf-4452-af17-00476b737159,200000.0,200000.0,,,,,,,,,,200000.0,200000.0,,system_import,system_import,2026-07-25T06:53:50.995044+00:00,2026-07-25T06:53:50.995044+00:00,
6072b6ef-51da-45f6-a0a4-cde5d2907d59,d2c64281-3774-47a5-9185-9be71762df30,200000.0,200000.0,,,,,,,,,,200000.0,200000.0,,system_import,system_import,2026-07-25T06:53:50.995044+00:00,2026-07-25T06:53:50.995044+00:00,
aa77b8e3-c8ee-4124-a810-7b26beca74d8,ac5d102e-3179-4765-93c1-d9b70be5dd68,1356.0,1356.0,,,,,,,,,,,,,system_import,system_import,2026-07-25T06:53:50.995044+00:00,2026-07-25T06:53:50.995044+00:00,
fcd843c7-e008-449f-93d7-1ee0b44c33f9,e862ae4b-b676-447c-924e-f024fa0ead37,200001.0,500000.0,,,,,,,,,,200001.0,500000.0,,system_import,system_import,2026-07-25T06:53:50.995044+00:00,2026-07-25T06:53:50.995044+00:00,
dbb56a24-1ec8-4619-a39f-df03b22ec8fc,7e63da3b-fb23-474b-a6b4-cf98ccd4bd60,1000001.0,1500000.0,,,,,,,,,,1000001.0,1500000.0,,system_import,system_import,2026-07-25T06:53:50.995044+00:00,2026-07-25T06:53:50.995044+00:00,
55d558ff-b7d4-4fc2-a903-20f0686b5394,9ef88806-79de-4dc9-b6cc-b5264b45349c,200001.0,500000.0,,,,,,,,,,200001.0,500000.0,,system_import,system_import,2026-07-25T06:53:50.995044+00:00,2026-07-25T06:53:50.995044+00:00,
56898cf5-4a57-4ae2-b98c-c5828e49eb34,6a6f8d3b-fe28-43d4-9836-f5d7a2abd76d,200001.0,500000.0,,,,,,,,,,200001.0,500000.0,,system_import,system_import,2026-07-25T06:53:50.995044+00:00,2026-07-25T06:53:50.995044+00:00,
812ef86e-d474-4794-8efb-96c8d9d1837d,6769c92b-3a49-4eff-8cf0-2a6e1bde1fd5,500001.0,1000000.0,,,,,,,,,,500001.0,1000000.0,,system_import,system_import,2026-07-25T06:53:50.995044+00:00,2026-07-25T06:53:50.995044+00:00,
afedd3e6-6b15-4d25-8f8e-2826e8cf092a,b5fb71ec-9117-4625-ba9f-6e61357d4b11,200000.0,200000.0,,,,,,,,,,200000.0,200000.0,,system_import,system_import,2026-07-25T06:53:50.995044+00:00,2026-07-25T06:53:50.995044+00:00,
991851b8-3dde-43ee-8451-71288a87f1cc,ac4b762b-3e44-49ac-b78d-3d66f8c0f971,200001.0,500000.0,500000.0,,,,,,,,,200001.0,500000.0,,system_import,system_import,2026-07-25T06:53:50.995044+00:00,2026-07-25T06:53:50.995044+00:00,
47b8b9b2-242a-4b5a-b6c1-a85561e1481d,27d56d06-de2f-44fa-b42b-aaf0b12affe9,200000.0,200000.0,,,,,,,,,,200000.0,200000.0,,system_import,system_import,2026-07-25T06:53:50.995044+00:00,2026-07-25T06:53:50.995044+00:00,
5e6fff7c-4d27-4171-bd1a-5aa38d138326,f3ae514e-e1c7-42fe-856a-67351aadabe0,200000.0,200000.0,,,,,,,,,,200000.0,200000.0,,system_import,system_import,2026-07-25T06:53:50.995044+00:00,2026-07-25T06:53:50.995044+00:00,
6f0b40e1-83a5-4f96-bbf6-0cc417b5c6f0,5e43f7e4-239e-4210-a1a6-48737f366f69,200001.0,500000.0,,,,,,,,,,200001.0,500000.0,,system_import,system_import,2026-07-25T06:53:50.995044+00:00,2026-07-25T06:53:50.995044+00:00,
9e02e591-4620-479b-81fc-78bab6a70f6b,dcb577bd-78df-4fdb-bc69-8c22f9f9abeb,5000001.0,1.0,50000.0,,,,,,,,,5000001.0,1.0,,system_import,system_import,2026-07-25T06:53:50.995044+00:00,2026-07-25T06:53:50.995044+00:00,
7f428bb6-69fa-4bf0-93fd-85d83ed52bcb,500fe70b-edb0-46e7-8762-2becbb00e9ed,500001.0,1000000.0,,,,,,,,,,500001.0,1000000.0,,system_import,system_import,2026-07-25T06:53:50.995044+00:00,2026-07-25T06:53:50.995044+00:00,
4667dfd7-63e5-409f-8b42-39bd144fc855,565b088e-f62f-467e-8c66-966949ba4a0e,500001.0,1000000.0,,,,,,,,,,500001.0,1000000.0,,system_import,system_import,2026-07-25T06:53:50.995044+00:00,2026-07-25T06:53:50.995044+00:00,
0c9c2a55-95a8-4c22-aa88-227018af3c40,13e1b5f0-4736-4cca-901a-cd2e4601a640,200001.0,500000.0,800000.0,,,,,,,,,200001.0,500000.0,,system_import,system_import,2026-07-25T06:53:50.995044+00:00,2026-07-25T06:53:50.995044+00:00,
a9384561-9198-45c3-ae0d-f07566e3fbe3,bfba089e-8364-49ee-a976-70eab0634cae,200000.0,200000.0,,,,,,,,,,200000.0,200000.0,,system_import,system_import,2026-07-25T06:53:50.995044+00:00,2026-07-25T06:53:50.995044+00:00,
bf7674c2-ebd9-4a12-a860-4eb14e513e8b,f45c9fd6-8576-4561-8d2a-917581dc2afc,2669.0,2669.0,,,,,,,,,,,,,system_import,system_import,2026-07-25T06:53:50.995044+00:00,2026-07-25T06:53:50.995044+00:00,
d2c12fc2-ed07-4ab2-873d-11942cefb375,1b602965-86a6-4e46-8a85-4d410fecf55e,200000.0,200000.0,500000.0,,,,,,,,,200000.0,200000.0,,system_import,system_import,2026-07-25T06:53:50.995044+00:00,2026-07-25T06:53:50.995044+00:00,
b73182ef-2f75-43f6-8a44-d5032c2e59e7,1427f19c-7a67-471e-82a5-d227f9815f58,200000.0,200000.0,,,,,,,,,,200000.0,200000.0,,system_import,system_import,2026-07-25T06:53:50.995044+00:00,2026-07-25T06:53:50.995044+00:00,
6bb743a8-a7e2-490e-ad8f-e7cf3cf39543,11f95d19-47f0-46ac-8d08-32a04a1cc881,500001.0,1000000.0,,,,,,,,,,500001.0,1000000.0,,system_import,system_import,2026-07-25T06:53:50.995044+00:00,2026-07-25T06:53:50.995044+00:00,
8e06b83d-ad5d-4ddd-ba8d-ffebc9126eab,5f6801c2-dd11-45fa-af1e-0691de17336b,1000001.0,1500000.0,,,,,,,,,,1000001.0,1500000.0,,system_import,system_import,2026-07-25T06:53:50.995044+00:00,2026-07-25T06:53:50.995044+00:00,
fac2c304-0d44-4a6e-80e3-5de9f5ea006a,6916b700-c6f9-4511-902d-37e7b3a4a9c4,1229.0,1229.0,,,,,,,,,,,,,system_import,system_import,2026-07-25T06:53:50.995044+00:00,2026-07-25T06:53:50.995044+00:00,
0fbac237-7413-488b-ab72-e4a13472b4e0,f72b7a41-7df7-4939-8baf-db2cf1561041,200000.0,200000.0,,,,,,,,,,200000.0,200000.0,,system_import,system_import,2026-07-25T06:53:50.995044+00:00,2026-07-25T06:53:50.995044+00:00,
ac611a63-7d81-4f7c-bc9c-98c731143fca,d51abd26-2740-485e-9905-7efb7a743b94,200001.0,500000.0,500000.0,,,,,,,,,200001.0,500000.0,,system_import,system_import,2026-07-25T06:53:50.995044+00:00,2026-07-25T06:53:50.995044+00:00,
aba0f80b-41c4-4457-b49a-8f2b10633f05,168a00d1-7092-4548-a9fb-c247b8a70cdb,200000.0,200000.0,,,,,,,,,,200000.0,200000.0,,system_import,system_import,2026-07-25T06:53:50.995044+00:00,2026-07-25T06:53:50.995044+00:00,
67cd8e4d-7177-49b4-8a6e-04c395750f06,b07fa2af-227c-4eff-b69e-2656436e097f,200000.0,200000.0,,,,,,,,,,200000.0,200000.0,,system_import,system_import,2026-07-25T06:53:50.995044+00:00,2026-07-25T06:53:50.995044+00:00,
5cf84df1-e986-48df-9576-59ae91712b55,61ec3818-4133-4449-a756-09a061f85efd,200000.0,200000.0,100000.0,,,,,,,,,200000.0,200000.0,,system_import,system_import,2026-07-25T06:53:50.995044+00:00,2026-07-25T06:53:50.995044+00:00,
632b6be0-bdf1-448f-9e25-340667050268,b0523e09-0357-41e7-9be2-dbd77dfc348d,200000.0,200000.0,,,,,,,,,,200000.0,200000.0,,system_import,system_import,2026-07-25T06:53:50.995044+00:00,2026-07-25T06:53:50.995044+00:00,
0badcedf-8535-4534-b6c6-027c196bb14d,3c4825cd-06ed-493f-a01a-0e3fc832e358,200001.0,500000.0,,,,,,,,,,200001.0,500000.0,,system_import,system_import,2026-07-25T06:53:50.995044+00:00,2026-07-25T06:53:50.995044+00:00,
faaf5f64-59a0-46e8-84e7-ce775e1eec39,3339afd7-3aaf-4b95-a39d-22cdfc827c29,200001.0,500000.0,250000.0,,,,,,,,,200001.0,500000.0,,system_import,system_import,2026-07-25T06:53:50.995044+00:00,2026-07-25T06:53:50.995044+00:00,
4d69b9eb-f7b2-4010-bcfc-d932af8f9e74,4e473cfe-7b04-4310-aef5-c8666cbf3efb,500001.0,1000000.0,,,,,,,,,,500001.0,1000000.0,,system_import,system_import,2026-07-25T06:53:50.995044+00:00,2026-07-25T06:53:50.995044+00:00,
6de45068-1529-4b54-94ec-61e2a3566474,98d5d869-c5e4-49b9-adac-26ae3e382025,200000.0,200000.0,,,,,,,,,,200000.0,200000.0,,system_import,system_import,2026-07-25T06:53:50.995044+00:00,2026-07-25T06:53:50.995044+00:00,
12707334-baa2-4ac1-96b5-a605aca8454e,d8e2b029-9d59-4131-9add-2362c3448c3b,3000001.0,5000000.0,500000.0,,,,,,,,,3000001.0,5000000.0,,system_import,system_import,2026-07-25T06:53:50.995044+00:00,2026-07-25T06:53:50.995044+00:00,
264043ef-ed4c-4859-baf6-50bfa6d46196,26ccc7f3-c382-494e-bc8d-7398275b6cdd,200001.0,500000.0,,,,,,,,,,200001.0,500000.0,,system_import,system_import,2026-07-25T06:53:50.995044+00:00,2026-07-25T06:53:50.995044+00:00,
49bb1b44-4143-4f18-b05a-66a0d92728c7,c90d9e2b-0a8e-43f2-9d50-b6bd74cf35d5,1000001.0,1500000.0,,,,,,,,,,1000001.0,1500000.0,,system_import,system_import,2026-07-25T06:53:50.995044+00:00,2026-07-25T06:53:50.995044+00:00,
aa12ab33-bc5d-4db0-8ebd-d0694507a077,b77d517d-def5-4d9b-a47f-5bd3b840bd8e,500001.0,1000000.0,,,,,,,,,,500001.0,1000000.0,,system_import,system_import,2026-07-25T06:53:50.995044+00:00,2026-07-25T06:53:50.995044+00:00,
3f34cf7f-56b5-4580-9497-f66614bc918a,db874164-29f3-42bb-b43c-3d2842ce0928,500001.0,1000000.0,,,,,,,,,,500001.0,1000000.0,,system_import,system_import,2026-07-25T06:53:50.995044+00:00,2026-07-25T06:53:50.995044+00:00,
7ce57e7c-bcb4-49eb-90e0-529bcd49914a,f9fb9c7b-1877-4897-92aa-939c658224b7,200000.0,200000.0,1.0,,,,,,,,,200000.0,200000.0,,system_import,system_import,2026-07-25T06:53:50.995044+00:00,2026-07-25T06:53:50.995044+00:00,
18e407b7-731e-4d41-a866-b445d6dc95dd,11bb98f8-3d76-42e2-bb2e-4fe636e8a12c,200000.0,200000.0,,,,,,,,,,200000.0,200000.0,,system_import,system_import,2026-07-25T06:53:50.995044+00:00,2026-07-25T06:53:50.995044+00:00,
7c59054b-b946-4b38-aab8-112f1dbca4b7,15c05a28-4b44-4b03-8842-22be48015d24,1000001.0,1500000.0,,,,,,,,,,1000001.0,1500000.0,,system_import,system_import,2026-07-25T06:53:50.995044+00:00,2026-07-25T06:53:50.995044+00:00,
f66d97db-b30a-4d03-9ae2-9d04f27b2fd4,a58a0e38-8bb8-4934-b231-8c2602266d84,1500001.0,2000000.0,,,,,,,,,,1500001.0,2000000.0,,system_import,system_import,2026-07-25T06:53:50.995044+00:00,2026-07-25T06:53:50.995044+00:00,
49b7af2f-031c-4a6c-85c6-a7a5c944ad73,15944096-800d-4834-afdc-958543c4602e,200000.0,200000.0,,,,,,,,,,200000.0,200000.0,,system_import,system_import,2026-07-25T06:53:50.995044+00:00,2026-07-25T06:53:50.995044+00:00,
c12a9a41-c671-4018-aee8-e7188f3dfde2,83e5b59e-7506-421e-b740-7ae86b0aa0e6,200000.0,200000.0,,,,,,,,,,200000.0,200000.0,,system_import,system_import,2026-07-25T06:53:50.995044+00:00,2026-07-25T06:53:50.995044+00:00,
3d89753a-528e-455a-b077-739b8c2c07b3,d1c75f19-4440-4026-a560-7b3d16803012,200000.0,200000.0,100000.0,,,,,,,,,200000.0,200000.0,,system_import,system_import,2026-07-25T06:53:50.995044+00:00,2026-07-25T06:53:50.995044+00:00,
d524438e-7059-4e90-8f4f-173147b46bc6,734d4e9f-79d9-4b6a-83c8-41dd919e2065,200000.0,200000.0,,,,,,,,,,5.0,6.0,,system_import,system_import,2026-07-25T06:53:50.995044+00:00,2026-07-25T06:53:50.995044+00:00,
cfa5e36d-7fb2-46db-bfa4-60d2e09c040e,080d6543-8ec7-44c7-9dbb-8b47b2ea036b,200001.0,500000.0,,,,,,,,,,200001.0,500000.0,,system_import,system_import,2026-07-25T06:53:50.995044+00:00,2026-07-25T06:53:50.995044+00:00,
9fcfa2a6-d13b-405d-b201-cae940eb6bcd,3a7f38fe-29e1-467b-8324-a32fd361e1d1,200000.0,200000.0,,,,,,,,,,200000.0,200000.0,,system_import,system_import,2026-07-25T06:53:50.995044+00:00,2026-07-25T06:53:50.995044+00:00,
30637551-836e-482b-bc8c-6f357faa4d21,b50a09b8-8d0b-4e93-bb35-456c04ef1aa9,200000.0,200000.0,,,,,,,,,,200000.0,200000.0,,system_import,system_import,2026-07-25T06:53:50.995044+00:00,2026-07-25T06:53:50.995044+00:00,
db635112-3109-4c5e-a3b8-4a9ad765db99,2fe769c0-a4d7-4b8e-9655-85f978872410,200000.0,200000.0,150000.0,,,,,,,,,200000.0,300000.0,,system_import,system_import,2026-07-25T06:53:50.995044+00:00,2026-07-25T06:53:50.995044+00:00,
8ccee8cb-4d2e-441b-a8c0-95d2c34af4ee,3a120f77-faa1-449d-bb0d-6633f64722b4,5000001.0,1.0,,,,,,,,,,5000001.0,1.0,,system_import,system_import,2026-07-25T06:53:50.995044+00:00,2026-07-25T06:53:50.995044+00:00,
52ad403e-15c2-4c6e-8c99-99bca4f9ba34,01788557-4354-4e56-bec4-f2d3711f5013,200001.0,500000.0,800000.0,,,,,,,,,200001.0,500000.0,,system_import,system_import,2026-07-25T06:53:50.995044+00:00,2026-07-25T06:53:50.995044+00:00,
8254e3ae-0966-4054-99be-b06651f8d69a,c830daa0-b72f-425a-906d-2c132cadc294,200000.0,200000.0,,,,,,,,,,200000.0,200000.0,,system_import,system_import,2026-07-25T06:53:50.995044+00:00,2026-07-25T06:53:50.995044+00:00,
dc8f03dd-7fff-4caf-91db-bf50a32e33b4,6c93abac-57e1-4715-8e07-7abe17401612,200000.0,200000.0,,,,,,,,,,10000.0,50000.0,,system_import,system_import,2026-07-25T06:53:50.995044+00:00,2026-07-25T06:53:50.995044+00:00,
b242ab17-aec2-4b5c-b8e4-af19ba20d9f0,24636720-3038-4188-8400-214cd15e88af,2000001.0,3000000.0,,,,,,,,,,2000001.0,3000000.0,,system_import,system_import,2026-07-25T06:53:50.995044+00:00,2026-07-25T06:53:50.995044+00:00,
f065b873-d2ba-416c-9e9c-413df6677f05,16371902-58fb-48d6-8cf0-3f90c7af5264,200000.0,200000.0,,,,,,,,,,200000.0,200000.0,,system_import,system_import,2026-07-25T06:53:50.995044+00:00,2026-07-25T06:53:50.995044+00:00,
34b7aaf8-5aeb-4981-bb57-fe3dbc2a3e84,f8efc963-d3e9-4d86-8e9e-84923d08221a,200001.0,500000.0,,,,,,,,,,200001.0,500000.0,,system_import,system_import,2026-07-25T06:53:50.995044+00:00,2026-07-25T06:53:50.995044+00:00,
08b79fbf-96d4-4437-93bc-acb2284d0ca7,40b2429b-bbd0-460d-aeeb-ff52c6c32e36,500001.0,1000000.0,,,,,,,,,,500001.0,1000000.0,,system_import,system_import,2026-07-25T06:53:50.995044+00:00,2026-07-25T06:53:50.995044+00:00,
305c056e-4c79-4586-a963-e6a384930592,9d927c38-0657-40cb-95d2-d11ada7b50eb,200000.0,200000.0,,,,,,,,,,365.0,365.0,,system_import,system_import,2026-07-25T06:53:50.995044+00:00,2026-07-25T06:53:50.995044+00:00,
5ba87b0e-a193-4ba7-866c-800b1dd04280,033b4783-fe03-4005-bbb0-f9b3242561c6,944.0,944.0,,,,,,,,,,,,,system_import,system_import,2026-07-25T06:53:50.995044+00:00,2026-07-25T06:53:50.995044+00:00,
a24b6f3e-d142-404d-b71a-05274d18bef1,0c3463eb-ec4e-48be-a4a2-1a64d3dfe464,1500001.0,2000000.0,,,,,,,,,,1500001.0,2000000.0,,system_import,system_import,2026-07-25T06:53:50.995044+00:00,2026-07-25T06:53:50.995044+00:00,
81fc52de-3090-4aea-b85b-0a03c72e80a3,3999f1bb-ae34-47f2-9746-373308684f3e,500001.0,1000000.0,,,,,,,,,,500001.0,1000000.0,,system_import,system_import,2026-07-25T06:53:50.995044+00:00,2026-07-25T06:53:50.995044+00:00,
a94c3332-44b3-4009-910c-044b9916149e,1a9f5f4a-318a-4e2c-9891-65a03488fee5,200001.0,500000.0,300000.0,,,,,,,,,200001.0,500000.0,,system_import,system_import,2026-07-25T06:53:50.995044+00:00,2026-07-25T06:53:50.995044+00:00,
83abf1cc-da85-47b4-af18-a554631a878d,21131d6a-8c55-4aa7-a10c-64e60f924683,200001.0,500000.0,,,,,,,,,,200001.0,500000.0,,system_import,system_import,2026-07-25T06:53:50.995044+00:00,2026-07-25T06:53:50.995044+00:00,
4638a318-d946-4d51-9e70-744a7c6a08cc,e7650f4e-9868-4707-ab3b-c4c073b6df11,1500001.0,2000000.0,,,,,,,,,,1500001.0,2000000.0,,system_import,system_import,2026-07-25T06:53:50.995044+00:00,2026-07-25T06:53:50.995044+00:00,
d93f34c6-0bd0-4a0c-9f17-df30130d6035,24345414-0ede-46fc-86c3-ec1bc2127a00,200000.0,200000.0,300000.0,,,,,,,,,200000.0,200000.0,,system_import,system_import,2026-07-25T06:53:50.995044+00:00,2026-07-25T06:53:50.995044+00:00,
8c86e44a-cf34-40a0-85ca-470729e2a6ff,fafa7671-f751-4f68-b09b-1babb455922b,500001.0,1000000.0,,,,,,,,,,500001.0,1000000.0,,system_import,system_import,2026-07-25T06:53:50.995044+00:00,2026-07-25T06:53:50.995044+00:00,
1643acc8-2a79-44d6-910f-9ee4c4bcef07,cac0168b-7f43-4080-9cc3-0ca23b4a9679,200000.0,200000.0,,,,,,,,,,200000.0,200000.0,,system_import,system_import,2026-07-25T06:53:50.995044+00:00,2026-07-25T06:53:50.995044+00:00,
6020f63f-962a-49e3-a657-c9ad52bb26ab,dcd2a79b-a7dd-4224-8a5f-0b375739951a,500001.0,1000000.0,,,,,,,,,,500001.0,1000000.0,,system_import,system_import,2026-07-25T06:53:50.995044+00:00,2026-07-25T06:53:50.995044+00:00,
65f1fe54-8512-46fe-b5e0-108963113ded,e88e6e3f-d878-4df6-9afe-2b5d2c7fe8d3,1000001.0,1500000.0,1000000.0,,,,,,,,,1000001.0,1500000.0,,system_import,system_import,2026-07-25T06:53:50.995044+00:00,2026-07-25T06:53:50.995044+00:00,
0b598460-15f4-4374-90e7-fea58c5c72ab,dfd88d20-6731-47ab-ae71-facde73afe4c,200001.0,500000.0,,,,,,,,,,200001.0,500000.0,,system_import,system_import,2026-07-25T06:53:50.995044+00:00,2026-07-25T06:53:50.995044+00:00,
147da487-22f5-4a2e-89cf-9dcadb714948,3a3fadbb-a514-4b27-9026-4ad8344fbbe5,200000.0,200000.0,,,,,,,,,,200000.0,200000.0,,system_import,system_import,2026-07-25T06:53:50.995044+00:00,2026-07-25T06:53:50.995044+00:00,
8c736fc7-a9ea-4a18-b1ee-dd732621ab73,6627a825-f988-4be7-9a7a-5d0f498a54e7,200001.0,500000.0,7.0,,,,,,,,,200001.0,500000.0,,system_import,system_import,2026-07-25T06:53:50.995044+00:00,2026-07-25T06:53:50.995044+00:00,
2dd3939e-0afc-43f3-93cf-0b8a10df3ab6,2200de97-2ffd-415a-bb78-84e5061d5cfe,200000.0,200000.0,150000.0,,,,,,,,,200000.0,200000.0,,system_import,system_import,2026-07-25T06:53:50.995044+00:00,2026-07-25T06:53:50.995044+00:00,
9cd11daf-7968-4c6d-850b-dff7be9f7b03,5ac2dbfb-72e5-42cc-98f2-db78e884a24a,200000.0,200000.0,3.0,,,,,,,,,200000.0,200000.0,,system_import,system_import,2026-07-25T06:53:50.995044+00:00,2026-07-25T06:53:50.995044+00:00,
2e086fb3-bf45-4c87-b04b-f5ca3d584a7f,f3fa3c3d-66bd-436a-a8a5-084cf58e6f6b,200000.0,200000.0,,,,,,,,,,200000.0,200000.0,,system_import,system_import,2026-07-25T06:53:50.995044+00:00,2026-07-25T06:53:50.995044+00:00,
4d8a99da-3a39-4ea8-b223-3ed23b678d61,1b44f885-ebcc-4c07-a390-5cbb5f9d3cd6,200000.0,200000.0,,,,,,,,,,10000.0,30000.0,,system_import,system_import,2026-07-25T06:53:50.995044+00:00,2026-07-25T06:53:50.995044+00:00,
f93c1cc0-a3af-4d3f-b9f8-b179a23544fc,961c32ee-25d4-4474-b088-64935096285c,200001.0,500000.0,,,,,,,,,,200001.0,500000.0,,system_import,system_import,2026-07-25T06:53:50.995044+00:00,2026-07-25T06:53:50.995044+00:00,
1d8aaf14-720a-49d9-8023-2bb5387ec885,f5a4f63a-0258-417d-8a13-d6736004a769,1000001.0,1500000.0,15.0,,,,,,,,,1000001.0,1500000.0,,system_import,system_import,2026-07-25T06:53:50.995044+00:00,2026-07-25T06:53:50.995044+00:00,
110dcf13-a35d-4596-9fb1-b5a0ac08e4b7,311806ee-3ce2-488e-ade0-d7293500301a,500001.0,1000000.0,,,,,,,,,,500001.0,1000000.0,,system_import,system_import,2026-07-25T06:53:50.995044+00:00,2026-07-25T06:53:50.995044+00:00,
e5b9e7bc-59fe-45ff-a8ab-3c73e71bd892,f7f903ae-8141-476f-b0b3-10ec5e610c58,1077.0,1077.0,,,,,,,,,,,,,system_import,system_import,2026-07-25T06:53:50.995044+00:00,2026-07-25T06:53:50.995044+00:00,
c71f896c-4548-4873-af34-56a5177ca6f3,49a9ecaa-9df4-420c-b56a-6fd447b0f574,200000.0,200000.0,,,,,,,,,,200000.0,200000.0,,system_import,system_import,2026-07-25T06:53:50.995044+00:00,2026-07-25T06:53:50.995044+00:00,
75d13717-3337-4690-bb66-318ba571aeac,191d45bb-10e9-4d06-9b2d-11d24a784606,200001.0,500000.0,,,,,,,,,,200001.0,500000.0,,system_import,system_import,2026-07-25T06:53:50.995044+00:00,2026-07-25T06:53:50.995044+00:00,
c0fdf480-c746-4a80-92d2-6760451815a7,3f8f32ef-b8ea-4660-b6bd-c68e550c4290,200000.0,200000.0,,,,,,,,,,200000.0,200000.0,,system_import,system_import,2026-07-25T06:53:50.995044+00:00,2026-07-25T06:53:50.995044+00:00,
02ab9e76-6c0a-4693-a078-69f94ff33f8a,ca1a9483-a0e3-4074-b71a-61ddaf2b29dd,985.0,985.0,,,,,,,,,,,,,system_import,system_import,2026-07-25T06:53:50.995044+00:00,2026-07-25T06:53:50.995044+00:00,
50917f12-8159-4238-8529-506ff5924bad,32f4e8e6-f864-4501-a172-fdccc9e2d948,200000.0,200000.0,,,,,,,,,,200000.0,200000.0,,system_import,system_import,2026-07-25T06:53:50.995044+00:00,2026-07-25T06:53:50.995044+00:00,
9dfc5312-d547-444f-818b-4229b63115ee,97922081-ec7a-46c1-af7d-473a3612db4d,200000.0,200000.0,,,,,,,,,,200000.0,200000.0,,system_import,system_import,2026-07-25T06:53:50.995044+00:00,2026-07-25T06:53:50.995044+00:00,
2e2d4ad2-e0ff-45bf-90fe-e628d18c37bb,1149a5c4-32d5-4e5f-9d3c-dc7492e699c8,200001.0,500000.0,,,,,,,,,,200001.0,500000.0,,system_import,system_import,2026-07-25T06:53:50.995044+00:00,2026-07-25T06:53:50.995044+00:00,
6416fd85-cd5b-4d5d-aa1f-1945bd12b152,806bb369-03a2-4040-9e48-05f47e8075a9,200000.0,200000.0,,,,,,,,,,200000.0,200000.0,,system_import,system_import,2026-07-25T06:53:50.995044+00:00,2026-07-25T06:53:50.995044+00:00,
e4c4ccd7-f5a4-40f6-9075-5bae8881f13b,748d2715-84f4-4b57-8a48-bc0def15de04,500001.0,1000000.0,,,,,,,,,,500001.0,1000000.0,,system_import,system_import,2026-07-25T06:53:50.995044+00:00,2026-07-25T06:53:50.995044+00:00,
6857e56f-747f-4bf9-88b0-4db9822cc77b,338bbe66-a2e9-402b-bf5e-20c3fc2c3ef6,200001.0,500000.0,,,,,,,,,,200001.0,500000.0,,system_import,system_import,2026-07-25T06:53:50.995044+00:00,2026-07-25T06:53:50.995044+00:00,
69dc2bcf-800a-40d5-8b48-1845b929c8e9,39f86412-9483-477c-b6e2-acabce5460fb,200000.0,200000.0,,,,,,,,,,200000.0,200000.0,,system_import,system_import,2026-07-25T06:53:50.995044+00:00,2026-07-25T06:53:50.995044+00:00,
5f96a2ba-9fe1-4b97-9ba3-ce9276979668,7559030b-345b-44ac-b039-aebf982fb024,500001.0,1000000.0,,,,,,,,,,500001.0,1000000.0,,system_import,system_import,2026-07-25T06:53:50.995044+00:00,2026-07-25T06:53:50.995044+00:00,
f5a858f0-9f77-4854-ba21-712ed472f91c,b6859d03-cd98-42c9-91cc-f8d40500ed9d,200000.0,200000.0,,,,,,,,,,200000.0,200000.0,,system_import,system_import,2026-07-25T06:53:50.995044+00:00,2026-07-25T06:53:50.995044+00:00,
43fad937-e5cc-4008-bda6-38eddfca397f,12d798f8-8ee0-44d7-9c24-0360a9d9676e,1000001.0,1500000.0,,,,,,,,,,1000001.0,1500000.0,,system_import,system_import,2026-07-25T06:53:50.995044+00:00,2026-07-25T06:53:50.995044+00:00,
3eef1658-0ad3-4d4e-a977-e333c333cdf9,597fe9da-5cba-4675-ac00-2fcccd3cea1c,200000.0,200000.0,,,,,,,,,,200000.0,200000.0,,system_import,system_import,2026-07-25T06:53:50.995044+00:00,2026-07-25T06:53:50.995044+00:00,
d5d92cfc-026a-4912-bafb-d0f10f933cfb,9a887d46-459e-4748-8ffc-06eaa7716022,500001.0,1000000.0,,,,,,,,,,500001.0,1000000.0,,system_import,system_import,2026-07-25T06:53:50.995044+00:00,2026-07-25T06:53:50.995044+00:00,
5e8a82ad-60e2-4716-b735-019a1330666e,4e6274a5-617b-4069-bc24-96b2a1914c6a,2231.0,2231.0,,,,,,,,,,7.0,10.0,,system_import,system_import,2026-07-25T06:53:50.995044+00:00,2026-07-25T06:53:50.995044+00:00,
acaab37f-f6ab-4d8d-92d9-21d598575a58,2613060d-46f6-4385-b4a5-08e36eac0fb5,200001.0,500000.0,300000.0,,,,,,,,,200001.0,500000.0,,system_import,system_import,2026-07-25T06:53:50.995044+00:00,2026-07-25T06:53:50.995044+00:00,
44f15ad8-fea7-4b24-9aa7-d9b2ebf2b544,794d8aa8-ba6b-4f22-bbdd-3aa0cafa6759,200000.0,200000.0,10000.0,,,,,,,,,200000.0,200000.0,,system_import,system_import,2026-07-25T06:53:50.995044+00:00,2026-07-25T06:53:50.995044+00:00,
9d54c349-b6f9-4dcf-bc21-eb66ea9bdf10,78ed1e41-a160-47df-990d-f181c9ac6515,200000.0,200000.0,,,,,,,,,,200000.0,200000.0,,system_import,system_import,2026-07-25T06:53:50.995044+00:00,2026-07-25T06:53:50.995044+00:00,
92c5b040-f44a-414c-bf70-f1d5106cd74d,581b2f16-e4c2-4555-a0fa-84d445f5701c,200001.0,500000.0,1000000.0,,,,,,,,,200001.0,500000.0,,system_import,system_import,2026-07-25T06:53:50.995044+00:00,2026-07-25T06:53:50.995044+00:00,
d2471509-0770-4d87-8d9c-45d198d49f56,b6cda29e-097f-4660-ae2e-185b41b1ef2c,200001.0,500000.0,,,,,,,,,,200001.0,500000.0,,system_import,system_import,2026-07-25T06:53:50.995044+00:00,2026-07-25T06:53:50.995044+00:00,
87ad6ae0-ae68-4459-8795-934e6dc566e6,a6dd00b7-403c-4e3f-a115-efd5f00850f9,1000001.0,1500000.0,,,,,,,,,,1000001.0,1500000.0,,system_import,system_import,2026-07-25T06:53:50.995044+00:00,2026-07-25T06:53:50.995044+00:00,
9a86a2ec-95e9-424a-8236-1622fb45ef6f,a3f38dbe-9875-48b2-a254-20bd832e5860,500001.0,1000000.0,,,,,,,,,,500001.0,1000000.0,,system_import,system_import,2026-07-25T06:53:50.995044+00:00,2026-07-25T06:53:50.995044+00:00,
9133043d-dcf7-4464-9fe6-5dbf06887133,55ca5b10-d357-4b15-a3ad-1493f8401518,500001.0,1000000.0,,,,,,,,,,500001.0,1000000.0,,system_import,system_import,2026-07-25T06:53:50.995044+00:00,2026-07-25T06:53:50.995044+00:00,
7588621a-10ba-4e74-afd3-6d2468605079,d0c0879a-d986-4c6a-ad45-da1538e3ee2f,1572.0,1572.0,,,,,,,,,,,,,system_import,system_import,2026-07-25T06:53:50.995044+00:00,2026-07-25T06:53:50.995044+00:00,
ba34970b-6f8f-46da-902b-76890ca0fd18,abfa1f4c-9c8a-4cea-afe9-d9ba759ca3b3,200001.0,500000.0,,,,,,,,,,200001.0,500000.0,,system_import,system_import,2026-07-25T06:53:50.995044+00:00,2026-07-25T06:53:50.995044+00:00,
73db7b34-988e-46d9-a9ab-6cab0c2a8ca6,1b0d49e5-263a-476a-9e5e-3bad78077393,200000.0,200000.0,,,,,,,,,,200000.0,200000.0,,system_import,system_import,2026-07-25T06:53:50.995044+00:00,2026-07-25T06:53:50.995044+00:00,
5ea57880-3ebd-43f2-916e-eca958feb553,9ee871b6-53df-4164-9d02-0aa1d2a500a3,200000.0,200000.0,,,,,,,,,,200000.0,200000.0,,system_import,system_import,2026-07-25T06:53:50.995044+00:00,2026-07-25T06:53:50.995044+00:00,
b6519cf3-24d2-4e38-ab52-2c9123d5195b,3374db27-9913-40b6-b559-8f1d540f637a,200001.0,500000.0,,,,,,,,,,200001.0,500000.0,,system_import,system_import,2026-07-25T06:53:50.995044+00:00,2026-07-25T06:53:50.995044+00:00,
656162e4-d163-47ea-9c01-9cd01029e34f,8ae1587d-d73c-424d-b613-6445c1b1a7ea,200000.0,200000.0,300000.0,,,,,,,,,200000.0,200000.0,,system_import,system_import,2026-07-25T06:53:50.995044+00:00,2026-07-25T06:53:50.995044+00:00,
b834cdbe-2807-4423-9cc6-bbb85a4db00b,f7d063d6-6424-4d4c-af71-188be81929b2,500001.0,1000000.0,,,,,,,,,,500001.0,1000000.0,,system_import,system_import,2026-07-25T06:53:50.995044+00:00,2026-07-25T06:53:50.995044+00:00,
5840ce2d-94a6-423d-85fc-ca689b5cb975,56336930-cec1-48c6-9364-f36d1edb1649,500001.0,1000000.0,300000.0,,,,,,,,,500001.0,1000000.0,,system_import,system_import,2026-07-25T06:53:50.995044+00:00,2026-07-25T06:53:50.995044+00:00,
94f4b72f-a05b-44a7-b0fe-a28d2fb787e2,0cd909cb-6ce2-4aef-939d-084b1581a3c4,500001.0,1000000.0,,,,,,,,,,500001.0,1000000.0,,system_import,system_import,2026-07-25T06:53:50.995044+00:00,2026-07-25T06:53:50.995044+00:00,
ed16d4bb-26cd-4ea1-82c2-3ea14139086d,0593cdf4-3411-4663-8f3a-adcfb5fe3854,1500001.0,2000000.0,,,,,,,,,,1500001.0,2000000.0,,system_import,system_import,2026-07-25T06:53:50.995044+00:00,2026-07-25T06:53:50.995044+00:00,
859d9d43-490c-404f-97d3-82aa63aaf6a0,bffc7b86-93e8-4e70-9b42-d6ff306aa54f,200000.0,200000.0,,,,,,,,,,200000.0,200000.0,,system_import,system_import,2026-07-25T06:53:50.995044+00:00,2026-07-25T06:53:50.995044+00:00,
aee3bd95-20a0-45f1-9d33-eac8287006e2,8e823eb0-ec67-48ed-9ae5-8e3bad3a9c39,1000001.0,1500000.0,,,,,,,,,,1000001.0,1500000.0,,system_import,system_import,2026-07-25T06:53:50.995044+00:00,2026-07-25T06:53:50.995044+00:00,
c3491289-6044-41be-a3fe-0bf52fc67246,21fe0bd8-2f4a-4eae-a07a-33799edfb101,200001.0,500000.0,800000.0,,,,,,,,,200001.0,500000.0,,system_import,system_import,2026-07-25T06:53:50.995044+00:00,2026-07-25T06:53:50.995044+00:00,
6c06cffe-da34-4475-8620-aa866525ff6c,d9c56f12-bcae-4f0d-b00a-03f52f80f7ed,200000.0,200000.0,,,,,,,,,,200000.0,200000.0,,system_import,system_import,2026-07-25T06:53:50.995044+00:00,2026-07-25T06:53:50.995044+00:00,
a4769354-7d2e-4c38-9a86-fae0cf3dbe50,8bc04d66-4485-4c98-bd31-09456d374465,1000001.0,1500000.0,,,,,,,,,,1000001.0,1500000.0,,system_import,system_import,2026-07-25T06:53:50.995044+00:00,2026-07-25T06:53:50.995044+00:00,
8660c911-343e-40b3-9394-1e9ba0d36f7e,d2b87386-35c9-4f4e-94ce-cec49c093397,200001.0,500000.0,500000.0,,,,,,,,,200001.0,500000.0,,system_import,system_import,2026-07-25T06:53:50.995044+00:00,2026-07-25T06:53:50.995044+00:00,
7da908c5-480e-4a91-b149-7d6584efe044,78128700-15ce-4963-8ac6-09e27e0ba3c4,500001.0,1000000.0,2500000.0,,,,,,,,,500001.0,1000000.0,,system_import,system_import,2026-07-25T06:53:50.995044+00:00,2026-07-25T06:53:50.995044+00:00,
54b26ce3-24ff-4835-94d5-e29e21320049,db9edb9f-332c-4d34-a995-1986309dda5a,11857.0,11857.0,,,,,,,,,,,,,system_import,system_import,2026-07-25T06:53:50.995044+00:00,2026-07-25T06:53:50.995044+00:00,
07920d0c-1337-4a6d-b86c-be84d8d63502,4690dd4d-f5ba-4ebc-be9a-8e79c64f3e2a,200001.0,500000.0,,,,,,,,,,200001.0,500000.0,,system_import,system_import,2026-07-25T06:53:50.995044+00:00,2026-07-25T06:53:50.995044+00:00,
6d17e89a-b622-4333-918d-ef802e9a1954,60c43f99-a2ba-4214-b130-f2381ac8fff5,1500001.0,2000000.0,,,,,,,,,,1500001.0,2000000.0,,system_import,system_import,2026-07-25T06:53:50.995044+00:00,2026-07-25T06:53:50.995044+00:00,
98fb2c4f-1f66-45ca-806c-aeb69da10fc9,11561510-2324-4016-9210-652e1c3d4758,1000001.0,1500000.0,,,,,,,,,,1000001.0,1500000.0,,system_import,system_import,2026-07-25T06:53:50.995044+00:00,2026-07-25T06:53:50.995044+00:00,
b6f35227-f07f-4b6d-9920-7b94a001ee9d,9b199295-2eb3-4811-bfa9-c08301446bc6,200000.0,200000.0,,,,,,,,,,200000.0,200000.0,,system_import,system_import,2026-07-25T06:53:50.995044+00:00,2026-07-25T06:53:50.995044+00:00,
4f37648c-e71c-4be4-937b-e81842e7d1b8,afb79d6c-b9fc-4dea-8c1f-3cbdb6ae37e9,1991.0,1991.0,,,,,,,,,,18.0,18.0,,system_import,system_import,2026-07-25T06:53:50.995044+00:00,2026-07-25T06:53:50.995044+00:00,
ffb19f7a-63c1-451c-a735-ec83125e6253,8c54ee19-ae06-4e19-8e32-dd899589f205,200001.0,500000.0,,,,,,,,,,200001.0,500000.0,,system_import,system_import,2026-07-25T06:53:50.995044+00:00,2026-07-25T06:53:50.995044+00:00,
527247b2-20ab-498e-8254-070a71883e4a,d6dfe130-fb54-44d5-9d0a-62d7bf03b73c,200001.0,500000.0,,,,,,,,,,200001.0,500000.0,,system_import,system_import,2026-07-25T06:53:50.995044+00:00,2026-07-25T06:53:50.995044+00:00,
7b67bd6c-9be8-4015-bdca-61894385550d,579888a9-2b81-4a68-aa9c-e10ff50a6688,2000001.0,3000000.0,,,,,,,,,,2000001.0,3000000.0,,system_import,system_import,2026-07-25T06:53:50.995044+00:00,2026-07-25T06:53:50.995044+00:00,
71974647-f4ba-4940-9448-2e00dc9cd05c,e41978a5-9ae3-446a-b3bb-29e952552434,200001.0,500000.0,,,,,,,,,,200001.0,500000.0,,system_import,system_import,2026-07-25T06:53:50.995044+00:00,2026-07-25T06:53:50.995044+00:00,
1256d366-0bfb-4d17-81e5-7c6b81f01f30,76b3d331-c90a-484c-afdc-cb3670dda1f0,500001.0,1000000.0,,,,,,,,,,500001.0,1000000.0,,system_import,system_import,2026-07-25T06:53:50.995044+00:00,2026-07-25T06:53:50.995044+00:00,
30b54257-dec0-4a99-84be-5bba907f2a50,8f8970d2-a207-4f25-9f36-e50b60ef586f,500001.0,1000000.0,,,,,,,,,,500001.0,1000000.0,,system_import,system_import,2026-07-25T06:53:50.995044+00:00,2026-07-25T06:53:50.995044+00:00,
750d5bde-eb46-499a-9a80-c44441225fa4,f459ddf6-3e77-4e39-a7cb-e76b8e111757,200001.0,500000.0,,,,,,,,,,200001.0,500000.0,,system_import,system_import,2026-07-25T06:53:50.995044+00:00,2026-07-25T06:53:50.995044+00:00,
6569e5ea-7f88-4e94-9dca-8d372e568ef6,21776574-c19c-4c10-b02a-945edd38070a,9083.0,9083.0,,,,,,,,,,,,,system_import,system_import,2026-07-25T06:53:50.995044+00:00,2026-07-25T06:53:50.995044+00:00,
d1c3025e-9130-44bf-b419-a3ff716b704c,ec95b166-ac26-4302-ae17-4818ab824b3d,200000.0,200000.0,,,,,,,,,,200000.0,200000.0,,system_import,system_import,2026-07-25T06:53:50.995044+00:00,2026-07-25T06:53:50.995044+00:00,
85119e13-e80e-44cc-93e0-13e980eb8f4c,b15a58a2-9117-4152-ae40-e7d0912ad010,200001.0,500000.0,,,,,,,,,,200001.0,500000.0,,system_import,system_import,2026-07-25T06:53:50.995044+00:00,2026-07-25T06:53:50.995044+00:00,
238b04df-7489-4c2f-a89d-9c400faaa60a,40a79c96-f7ff-446f-b221-d4972a794443,200000.0,200000.0,50000.0,,,,,,,,,200000.0,200000.0,,system_import,system_import,2026-07-25T06:53:50.995044+00:00,2026-07-25T06:53:50.995044+00:00,
b7b6ae50-217b-4f3a-bb44-5220da01969b,0b646ae2-d0c1-443b-971d-4a7718f00951,2000001.0,3000000.0,4000000.0,,,,,,,,,2000001.0,3000000.0,,system_import,system_import,2026-07-25T06:53:50.995044+00:00,2026-07-25T06:53:50.995044+00:00,
df60c6ef-0c8a-463d-960b-af39328353b9,fba83e5a-d152-4769-b33a-dca1837f0e1f,,,,,,,,,,,,,,,system_import,system_import,2026-07-25T06:53:50.995044+00:00,2026-07-25T06:53:50.995044+00:00,
3d92fbc1-b052-47e0-baac-cbc63c4af4ff,b02ceca4-8eb6-4623-ba1f-42e3bf569e89,,,,,,,,,,,,,,,system_import,system_import,2026-07-25T06:53:50.995044+00:00,2026-07-25T06:53:50.995044+00:00,
ee24a31e-4f6c-4ec0-b7f7-8a4ae25e6c9f,0b90c24a-9436-4457-a046-c64b4045a06f,,,,,,,,,,,,,,,system_import,system_import,2026-07-25T06:53:50.995044+00:00,2026-07-25T06:53:50.995044+00:00,
5b1107f7-d777-4cd1-8dea-c11d5481874c,a059ec4e-8a42-454f-a48b-4dda720cce8d,5000000.0,10000000.0,,,,,,,,,,,,,system_import_franchiseindia,system_import_franchiseindia,2026-07-25T11:45:12.877574+00:00,2026-07-25T11:45:12.877574+00:00,
668f35a3-dcd2-4eb4-b8cf-c9b6b30ce76c,300781e9-bb1d-4a86-af64-2aab5e7ee7aa,5000000.0,10000000.0,,,,,,,,,,,,,system_import_franchiseindia,system_import_franchiseindia,2026-07-25T11:45:12.877574+00:00,2026-07-25T11:45:12.877574+00:00,
df10e1fe-52ad-44ee-8348-ec91983786c7,b0802efb-26f8-45aa-af45-2847b8ff33be,2000000.0,3000000.0,,,,,,,,,,,,,system_import_franchiseindia,system_import_franchiseindia,2026-07-25T11:45:12.877574+00:00,2026-07-25T11:45:12.877574+00:00,
cb1218ec-43b7-451f-b7d7-7f4e6522f610,0dc6fd7f-816a-4b8d-8bfc-1e11c7f23c6c,2000000.0,3000000.0,,,,,,,,,,,,,system_import_franchiseindia,system_import_franchiseindia,2026-07-25T11:45:12.877574+00:00,2026-07-25T11:45:12.877574+00:00,
3cb2196f-e75a-47ff-ab41-bf3d859d2ff8,d8f90c27-0e13-4a18-b111-8979d2075c5b,2000000.0,3000000.0,,,,,,,,,,,,,system_import_franchiseindia,system_import_franchiseindia,2026-07-25T11:45:12.877574+00:00,2026-07-25T11:45:12.877574+00:00,
23104612-fae9-4039-b191-ea1aa8aeeb49,cc64dfc9-2870-450c-bcd0-8abea8499329,2000000.0,3000000.0,,,,,,,,,,,,,system_import_franchiseindia,system_import_franchiseindia,2026-07-25T11:45:12.877574+00:00,2026-07-25T11:45:12.877574+00:00,
d4ffcd38-59fc-4cd2-9b6a-a3fd4746513a,4fa37159-a6b5-4414-a38b-6a64a3beef86,1000000.0,2000000.0,,,,,,,,,,,,,system_import_franchiseindia,system_import_franchiseindia,2026-07-25T11:45:12.877574+00:00,2026-07-25T11:45:12.877574+00:00,
7233454e-3dc6-448b-865a-aa3d51bde424,7e014160-b951-4383-a195-84fb33ffdc65,2000000.0,10000000.0,,,,,,,,,,,,,system_import_franchiseindia,system_import_franchiseindia,2026-07-25T11:45:12.877574+00:00,2026-07-25T11:45:12.877574+00:00,
18acec55-4166-4e66-b32c-9e2d66137102,ce674c27-092e-456b-8270-4cd845a7f7d5,500000.0,1000000.0,,,,,,,,,,,,,system_import_franchiseindia,system_import_franchiseindia,2026-07-25T11:45:12.877574+00:00,2026-07-25T11:45:12.877574+00:00,
c1c75e92-dd10-43c2-b970-306ddc7f4ab7,c15afa85-58f4-49e5-b9d7-4a3d05d91d04,1000000.0,2000000.0,,,,,,,,,,,,,system_import_franchiseindia,system_import_franchiseindia,2026-07-25T11:45:12.877574+00:00,2026-07-25T11:45:12.877574+00:00,
e59cdbb5-9453-4118-926f-08f7c99180c3,f3199b2c-8558-484a-b9d1-6bcad0917430,1000000.0,2000000.0,,,,,,,,,,,,,system_import_franchiseindia,system_import_franchiseindia,2026-07-25T11:45:12.877574+00:00,2026-07-25T11:45:12.877574+00:00,
8b8bec0d-3ccf-4268-8f17-6fab2372cdeb,9dfd2994-7c4e-42e2-a279-218c3cb85693,1000000.0,2000000.0,,,,,,,,,,,,,system_import_franchiseindia,system_import_franchiseindia,2026-07-25T11:45:12.877574+00:00,2026-07-25T11:45:12.877574+00:00,
c98c0281-54f2-47b7-a91f-db78cdb000a9,0abb7cc6-dfc6-455a-88f8-7b33f9b63c2c,3000000.0,5000000.0,,,,,,,,,,,,,system_import_franchiseindia,system_import_franchiseindia,2026-07-25T11:45:12.877574+00:00,2026-07-25T11:45:12.877574+00:00,
66774c10-63b0-4f2a-bfae-847b051b71cc,abf5fff9-7a2f-469c-afde-70f08781378c,5000000.0,10000000.0,,,,,,,,,,,,,system_import_franchiseindia,system_import_franchiseindia,2026-07-25T11:45:12.877574+00:00,2026-07-25T11:45:12.877574+00:00,
0bcfd39f-62b8-47e0-8cf9-c7a25f9b33fb,ffacb684-ce3c-49fc-b93c-acb245dbaf8d,500000.0,1000000.0,,,,,,,,,,,,,system_import_franchiseindia,system_import_franchiseindia,2026-07-25T11:45:12.877574+00:00,2026-07-25T11:45:12.877574+00:00,
3af6244c-d9c3-41dd-8ea8-7b4d4bb6036a,6fd00518-92dd-4498-8d84-96d7ff6d1d0c,3000000.0,5000000.0,,,,,,,,,,,,,system_import_franchiseindia,system_import_franchiseindia,2026-07-25T11:45:12.877574+00:00,2026-07-25T11:45:12.877574+00:00,
dad27683-9ecf-4bfa-a568-9999b578d216,d9251aff-5e21-4a34-afe8-fe529107d484,5000000.0,10000000.0,,,,,,,,,,,,,system_import_franchiseindia,system_import_franchiseindia,2026-07-25T11:45:12.877574+00:00,2026-07-25T11:45:12.877574+00:00,
c9f891e5-0b3d-49ca-b002-ded2b7d9711d,4cf39534-3e87-443e-99d8-bb6c9e8ea8b3,1000000.0,2000000.0,,,,,,,,,,,,,system_import_franchiseindia,system_import_franchiseindia,2026-07-25T11:45:12.877574+00:00,2026-07-25T11:45:12.877574+00:00,
b482d7e2-85ee-4581-8f61-7fcf3f982044,a9c28ef3-d837-487d-a02a-2e458dfe829b,5000000.0,10000000.0,,,,,,,,,,,,,system_import_franchiseindia,system_import_franchiseindia,2026-07-25T11:45:12.877574+00:00,2026-07-25T11:45:12.877574+00:00,
cc44e378-3da0-4cd6-89aa-ccaf33f3af0d,f3ddc35f-7edc-4f6a-9721-879fba14ef24,20000000.0,50000000.0,,,,,,,,,,,,,system_import_franchiseindia,system_import_franchiseindia,2026-07-25T11:45:12.877574+00:00,2026-07-25T11:45:12.877574+00:00,
8d26e016-8b0f-4740-bad9-6a57f33c93c3,ffcd51ab-54d9-4bdc-ab41-aa6a030c4e21,3000000.0,5000000.0,,,,,,,,,,,,,system_import_franchiseindia,system_import_franchiseindia,2026-07-25T11:45:49.355158+00:00,2026-07-25T11:45:49.355158+00:00,
63d2f883-3cc3-422d-98e7-a89aeb401ed6,696eb478-6b93-4e5a-9256-a54771ec0a5c,1000000.0,2000000.0,,,,,,,,,,,,,system_import_franchiseindia,system_import_franchiseindia,2026-07-25T11:45:49.355158+00:00,2026-07-25T11:45:49.355158+00:00,
b5c65953-5569-47b3-8d6a-5eb3855a34fc,bd4688ae-f210-4543-9f0a-b4286ae6bec7,200000.0,500000.0,,,,,,,,,,,,,system_import_franchiseindia,system_import_franchiseindia,2026-07-25T11:45:49.355158+00:00,2026-07-25T11:45:49.355158+00:00,
8f9d0279-767d-4f26-9756-35a2c9356a90,a556dc80-915f-4cfa-a9ae-df572065dde9,200000.0,500000.0,,,,,,,,,,,,,system_import_franchiseindia,system_import_franchiseindia,2026-07-25T11:45:49.355158+00:00,2026-07-25T11:45:49.355158+00:00,
8324d026-d081-4aec-bf68-b5c8065fdab9,920b45de-3cf9-4a1f-b559-1f657361bf81,50000.0,200000.0,,,,,,,,,,,,,system_import_franchiseindia,system_import_franchiseindia,2026-07-25T11:45:49.355158+00:00,2026-07-25T11:45:49.355158+00:00,
ada14a19-28a3-4c43-a195-101b85cbc25b,b028f7e0-d54f-4520-8fe1-12026495bef0,,50000.0,,,,,,,,,,,,,system_import_franchiseindia,system_import_franchiseindia,2026-07-25T11:45:49.355158+00:00,2026-07-25T11:45:49.355158+00:00,
8d07c876-d0d5-44b0-99d7-74733b670685,a544e64c-7e15-45a1-94cd-474c117c38b6,500000.0,1000000.0,,,,,,,,,,,,,system_import_franchiseindia,system_import_franchiseindia,2026-07-25T11:45:49.355158+00:00,2026-07-25T11:45:49.355158+00:00,
47094177-ca19-44ec-a4bb-6ad9f9e03b10,98958afa-b7cc-4365-af9c-d3af899fb46b,50000.0,200000.0,,,,,,,,,,,,,system_import_franchiseindia,system_import_franchiseindia,2026-07-25T11:45:49.355158+00:00,2026-07-25T11:45:49.355158+00:00,
17c1d75c-83cd-4b8e-a745-57aa3437e935,c55c8dc7-4265-4861-b2a3-8c688d50b013,50000.0,200000.0,,,,,,,,,,,,,system_import_franchiseindia,system_import_franchiseindia,2026-07-25T11:45:49.355158+00:00,2026-07-25T11:45:49.355158+00:00,
a33e3860-e8e1-47da-8328-2fc0cab5a338,b6b5a337-e9c0-4aae-bd7a-b9e9ec0a9b7b,200000.0,500000.0,,,,,,,,,,,,,system_import_franchiseindia,system_import_franchiseindia,2026-07-25T11:45:49.355158+00:00,2026-07-25T11:45:49.355158+00:00,
1f6af2c0-6867-4a2e-a162-063a524385ec,c2b5483c-26e2-4783-8b2d-0ded60174f26,500000.0,1000000.0,,,,,,,,,,,,,system_import_franchiseindia,system_import_franchiseindia,2026-07-25T11:45:49.355158+00:00,2026-07-25T11:45:49.355158+00:00,
ac17927d-8c70-421d-b7f0-84eace68dd0d,aafa3885-e545-4628-932e-ff0291c4286c,1000000.0,2000000.0,,,,,,,,,,,,,system_import_franchiseindia,system_import_franchiseindia,2026-07-25T11:45:49.355158+00:00,2026-07-25T11:45:49.355158+00:00,
0a1d696a-1ca2-43bf-b5d1-478512c3c101,6f1ba467-9324-4004-a64e-8beb77a2a60c,50000.0,200000.0,,,,,,,,,,,,,system_import_franchiseindia,system_import_franchiseindia,2026-07-25T11:45:49.355158+00:00,2026-07-25T11:45:49.355158+00:00,
fd68aaeb-a114-4ce3-9852-b8e241c070bb,c64587a3-c1b0-4a68-85ed-a261ff914d27,1000000.0,2000000.0,,,,,,,,,,,,,system_import_franchiseindia,system_import_franchiseindia,2026-07-25T11:45:49.355158+00:00,2026-07-25T11:45:49.355158+00:00,
72c97286-a017-43ec-ac4e-f981626629a5,d6d08a15-0082-4d80-9022-ee0257c2db87,50000.0,200000.0,,,,,,,,,,,,,system_import_franchiseindia,system_import_franchiseindia,2026-07-25T11:45:49.355158+00:00,2026-07-25T11:45:49.355158+00:00,
543f9ecf-ace1-4878-9360-f84237a13189,02608dc6-b61c-478d-8fc2-e19f16055c3c,200000.0,500000.0,,,,,,,,,,,,,system_import_franchiseindia,system_import_franchiseindia,2026-07-25T11:45:49.355158+00:00,2026-07-25T11:45:49.355158+00:00,
17264a16-6587-44b8-b479-c249d96124c2,85de7bfe-0b4c-49c9-97e9-700b24766e2e,200000.0,500000.0,,,,,,,,,,,,,system_import_franchiseindia,system_import_franchiseindia,2026-07-25T11:45:49.355158+00:00,2026-07-25T11:45:49.355158+00:00,
56259e36-93b1-449a-8782-a267155a1c98,5a74eae9-4266-4ab6-b55b-900d95cf903e,500000.0,1000000.0,,,,,,,,,,,,,system_import_franchiseindia,system_import_franchiseindia,2026-07-25T11:45:49.355158+00:00,2026-07-25T11:45:49.355158+00:00,
284e9029-beac-4177-9a6e-367eef2bb813,c75c564c-9ac2-4acc-80fa-818c652a8772,7500000.0,10000000.0,,,,,,,,,,,,,system_import_franchisemart,system_import_franchisemart,2026-07-25T17:49:33.680835+00:00,2026-07-25T17:49:33.680835+00:00,
83208371-d48a-4f83-9883-9d43f87c5c16,0a9c9e85-1355-4d5d-85e4-a81c4c5ae49b,3000000.0,5000000.0,,,,,,,,,,,,,system_import_franchisemart,system_import_franchisemart,2026-07-25T17:49:33.680835+00:00,2026-07-25T17:49:33.680835+00:00,
03eefd4d-8ad4-44af-9e89-c957f350a4a1,5a74740e-6614-47aa-a4e4-271e47447ce5,1500000.0,1500000.0,,,,,,,,,,,,,system_import_franchisemart,system_import_franchisemart,2026-07-25T17:49:33.680835+00:00,2026-07-25T17:49:33.680835+00:00,
6c71350f-84ed-425a-a2da-30d3402f67a7,5020e7a7-bb69-4b3c-959a-bcbdef045e09,300000.0,1000000.0,,,,,,,,,,,,,system_import_franchisemart,system_import_franchisemart,2026-07-25T17:49:33.680835+00:00,2026-07-25T17:49:33.680835+00:00,
d24072fd-4436-49b1-ada5-92a11b2cd03c,c1ba3186-d1fa-43e8-9384-e0b2db739d9d,3000000.0,3000000.0,,,,,,,,,,,,,system_import_franchisemart,system_import_franchisemart,2026-07-25T17:49:33.680835+00:00,2026-07-25T17:49:33.680835+00:00,
ed191479-a320-4790-9dee-55c620c19c61,33d27ee7-b3ec-458a-903c-15cc598a977e,1000000.0,1000000.0,,,,,,,,,,,,,system_import_franchisemart,system_import_franchisemart,2026-07-25T17:49:33.680835+00:00,2026-07-25T17:49:33.680835+00:00,
0357d044-e037-4cdc-967f-8dc310a6548e,27c856bc-03b6-4e90-941b-9d076a334f95,250000.0,250000.0,,,,,,,,,,,,,system_import_franchisemart,system_import_franchisemart,2026-07-25T17:49:33.680835+00:00,2026-07-25T17:49:33.680835+00:00,
286b79e2-c158-4943-8d43-6c8f3ce9d8d4,8a45d2cd-6f71-486e-9cad-28636ca3a37c,700000.0,1000000.0,,,,,,,,,,,,,system_import_franchisemart,system_import_franchisemart,2026-07-25T17:49:33.680835+00:00,2026-07-25T17:49:33.680835+00:00,
b3b2c58d-18c8-413c-8793-4562286f9c6b,38e80521-4229-42b2-bc15-a486f19633ce,,,,,,,,,,,,,,,system_import_franchisemart,system_import_franchisemart,2026-07-25T17:49:33.680835+00:00,2026-07-25T17:49:33.680835+00:00,
e15d002b-563d-46f5-8d5c-b872a9e7f9ec,1ef57c60-e650-4eb1-a63e-fdac914c5d0e,5000000.0,10000000.0,,,,,,,,,,,,,system_import_franchisemart,system_import_franchisemart,2026-07-25T17:49:33.680835+00:00,2026-07-25T17:49:33.680835+00:00,
ffa50fc1-ca90-45c4-bf11-65180dea4822,2e3d97f2-4d5e-44a5-8919-f8a1946449d4,,,,,,,,,,,,,,,system_import_franchisemart,system_import_franchisemart,2026-07-25T17:49:33.680835+00:00,2026-07-25T17:49:33.680835+00:00,
6d27583e-a540-45f6-968f-25208b926577,dbf409f3-b923-4dff-a55c-938cd7effdfe,,,,,,,,,,,,,,,system_import_franchisemart,system_import_franchisemart,2026-07-25T17:49:33.680835+00:00,2026-07-25T17:49:33.680835+00:00,
a12037d8-e9a4-4254-b0ee-12038031f67c,00d7736e-d332-4aa0-9ba8-f89f0fc6bcbb,,,,,,,,,,,,,,,system_import_franchisemart,system_import_franchisemart,2026-07-25T17:49:33.680835+00:00,2026-07-25T17:49:33.680835+00:00,
ba1d4c1a-7432-4698-b372-90d4407656ea,518dff33-45f9-43ef-bd9f-45fdec5b5380,,,,,,,,,,,,,,,system_import_franchisemart,system_import_franchisemart,2026-07-25T17:49:33.680835+00:00,2026-07-25T17:49:33.680835+00:00,
f053c441-bfdb-47ce-86d1-8b342a151ec8,1352ad81-4971-4854-89f2-050484e4ca48,3000001.0,5000000.0,,,,,,,,,,,,,system_import_franchisemart,system_import_franchisemart,2026-07-25T17:49:33.680835+00:00,2026-07-25T17:49:33.680835+00:00,
3b40ed03-c4f8-4b25-915f-465ef57c8694,906db137-c2f7-4c56-8209-eeca0a993c28,200000.0,200000.0,,,,,,,,,,,,,system_import_franchisemart,system_import_franchisemart,2026-07-25T17:49:33.680835+00:00,2026-07-25T17:49:33.680835+00:00,
9a407743-9f42-4917-9434-4de520ded51a,e2212bb6-48dd-42c2-9415-94b73191aeed,200000.0,1500000.0,50000.0,,,,,,,,,,,,system_import_franchisemart,system_import_franchisemart,2026-07-25T17:49:33.680835+00:00,2026-07-25T17:49:33.680835+00:00,
e4ada4d0-cb15-4283-af90-fba8f9005c6a,0ab14776-a1bb-4a80-bf3d-5f8e9f81063e,1000000.0,1500000.0,,,,,,,,,,,,,system_import_franchisemart,system_import_franchisemart,2026-07-25T17:49:33.680835+00:00,2026-07-25T17:49:33.680835+00:00,
8f5f5fab-41a7-41fd-a1fd-e1db81c114df,bb0be7a1-be5e-4ced-8e10-0efe0cb24cf4,1800000.0,2000000.0,,,,,,,,,,,,,system_import_franchisemart,system_import_franchisemart,2026-07-25T17:49:33.680835+00:00,2026-07-25T17:49:33.680835+00:00,
5042ddad-734a-4135-81b0-f1515c28ec6b,15e1c4a1-fd6b-45c7-8f49-c89c6ef0c169,400000.0,400000.0,,,,,,,,,,,,,system_import_franchisemart,system_import_franchisemart,2026-07-25T17:49:33.680835+00:00,2026-07-25T17:49:33.680835+00:00,
d668a825-4bf9-4942-b7f6-169778edf994,cba460e8-4f70-4fbc-bf77-fcf12f204bc3,,,,,,,,,,,,,,,system_import_franchisemart,system_import_franchisemart,2026-07-25T17:49:33.680835+00:00,2026-07-25T17:49:33.680835+00:00,
dbddd751-8f1a-4086-b018-3c769e6fe2e6,b0a26911-3252-4278-9f71-c4818f18826c,,200000.0,,,,,,,,,,,,,system_import_franchisemart,system_import_franchisemart,2026-07-25T17:49:33.680835+00:00,2026-07-25T17:49:33.680835+00:00,
63b31cdd-f551-4851-bf19-5a3cd2f191c6,99e80f72-e157-4c10-98c1-a583ce6c529f,600000.0,600000.0,,,,,,,,,,,,,system_import_franchisemart,system_import_franchisemart,2026-07-25T17:50:50.556467+00:00,2026-07-25T17:50:50.556467+00:00,
2a08639e-3819-4ea8-8722-f9969217c0a6,e545fb3e-6c4e-4299-bbfb-14bf48e39a48,4200000.0,4200000.0,,,,,,,,,,,,,system_import_franchisemart,system_import_franchisemart,2026-07-25T17:50:50.556467+00:00,2026-07-25T17:50:50.556467+00:00,
45abe945-5e11-44d3-9073-b3429b81d8cc,b797e354-1f34-4965-a9bb-7b5d23f08012,1000000.0,1000000.0,,,,,,,,,,,,,system_import_franchisemart,system_import_franchisemart,2026-07-25T17:50:50.556467+00:00,2026-07-25T17:50:50.556467+00:00,
18fcc42a-f13b-46ed-a542-6039a2dc3dbb,de5d6cef-bab3-4a53-8914-a3b748e24260,200000.0,200000.0,,,,,,,,,,,,,system_import_franchisemart,system_import_franchisemart,2026-07-25T18:11:02.740340+00:00,2026-07-25T18:11:02.740340+00:00,
fcf0108c-a56d-486c-b9ab-0254012cbf31,ca5866d8-5fb6-4b3d-bcd6-5f7e143ae5bf,,,,,,,,,,,,,,,system_import_franchisemart,system_import_franchisemart,2026-07-25T18:11:02.740340+00:00,2026-07-25T18:11:02.740340+00:00,
99834071-e763-4c38-8fbd-dfee8bed891b,b9cf3f33-fc9d-407d-8fd3-e7c9b51f5af8,5000000.0,6000000.0,,5.0,,,,,,,,,,,system_import_franchiseindia,system_import_franchiseindia,2026-07-25T18:12:40.126231+00:00,2026-07-25T18:12:40.126231+00:00,
596f30b6-9735-4da9-8502-c53cf3c62a4c,60947320-30ec-4db2-820a-ec49b4880bbe,1000000.0,2000000.0,,,,,,,,,,,,,system_import_franchiseindia,system_import_franchiseindia,2026-07-25T18:13:22.433164+00:00,2026-07-25T18:13:22.433164+00:00,
fa527eef-5c74-4ca5-ae9f-2b83890b81e0,414fdb4d-7c1e-4ee3-8fef-e9046864bcbb,2000000.0,3000000.0,,,,,,,,,,,,,system_import_franchiseindia,system_import_franchiseindia,2026-07-25T18:13:22.433164+00:00,2026-07-25T18:13:22.433164+00:00,
adad368c-c0e6-4e04-9888-1139f7403569,c0e1c805-e813-48fb-be39-0516ee90b297,1000000.0,2000000.0,,,,,,,,,,,,,system_import_franchiseindia,system_import_franchiseindia,2026-07-25T18:13:22.433164+00:00,2026-07-25T18:13:22.433164+00:00,
fcfcfd68-d531-48df-b67b-967bf79fcabc,0a200d26-799c-46e1-88aa-5ee4774c6af3,3000000.0,5000000.0,,,,,,,,,,,,,system_import_franchiseindia,system_import_franchiseindia,2026-07-25T18:13:22.433164+00:00,2026-07-25T18:13:22.433164+00:00,
a42bd0b9-d198-42a3-bcdf-4963e3f5bb56,cc025fbf-0d72-48ec-ad7f-08459bd7bcaf,2000000.0,3000000.0,,,,,,,,,,,,,system_import_franchiseindia,system_import_franchiseindia,2026-07-25T18:13:22.433164+00:00,2026-07-25T18:13:22.433164+00:00,
cf9da61e-ff40-406d-abf9-fb66af01ccd1,131a39b2-26b5-4bed-bba2-7fda7dade7d2,5000000.0,10000000.0,,,,,,,,,,,,,system_import_franchiseindia,system_import_franchiseindia,2026-07-25T18:13:22.433164+00:00,2026-07-25T18:13:22.433164+00:00,
0d271a2b-eb5b-426f-852b-e92d1e6fbdd4,5e815a1d-ec89-461d-b8fb-068280ca189f,2000000.0,3000000.0,,,,,,,,,,,,,system_import_franchiseindia,system_import_franchiseindia,2026-07-25T18:13:22.433164+00:00,2026-07-25T18:13:22.433164+00:00,
bf23e2c9-0564-4f7c-839e-be9fcc644b40,eb8c3b75-2088-4168-bff6-813d63ba1c43,2000000.0,3000000.0,,,,,,,,,,,,,system_import_franchiseindia,system_import_franchiseindia,2026-07-25T18:13:22.433164+00:00,2026-07-25T18:13:22.433164+00:00,
241b1884-a6b4-4825-adc1-1e5f9ab2a0c0,9eec445d-0761-45b5-944e-be1e615eee60,3000000.0,5000000.0,,,,,,,,,,,,,system_import_franchiseindia,system_import_franchiseindia,2026-07-25T18:13:22.433164+00:00,2026-07-25T18:13:22.433164+00:00,
6e9874a6-c0e9-4d12-8b95-d54db55bfc85,79d61c6d-75c1-4a4d-a884-0c8301f29b37,1000000.0,2000000.0,,,,,,,,,,,,,system_import_franchiseindia,system_import_franchiseindia,2026-07-25T18:13:22.433164+00:00,2026-07-25T18:13:22.433164+00:00,
9f8c2152-f723-4283-8adf-1a60f41e06ee,6be5720d-3543-4d62-bd90-555a9e1aa09c,3000000.0,50000000.0,,,,,,,,,,,,,system_import_franchiseindia,system_import_franchiseindia,2026-07-25T18:13:22.433164+00:00,2026-07-25T18:13:22.433164+00:00,
90e4829d-f316-4e53-8300-c551dd69ac52,49f53a86-157d-4063-b6ca-6c9797be3436,500000.0,1000000.0,,,,,,,,,,,,,system_import_franchiseindia,system_import_franchiseindia,2026-07-25T18:13:22.433164+00:00,2026-07-25T18:13:22.433164+00:00,
5a213d77-6abb-40eb-8724-e26b40b8787c,0f18f2a6-7d1b-4e15-af6d-a88fe2f03650,2000000.0,10000000.0,,,,,,,,,,,,,system_import_franchiseindia,system_import_franchiseindia,2026-07-25T18:13:22.433164+00:00,2026-07-25T18:13:22.433164+00:00,
fe5814c2-85a5-44c3-8309-88ac704bb5ec,e78e8d24-48b5-4d2e-a504-54f68c87543b,1000000.0,2000000.0,,,,,,,,,,,,,system_import_franchiseindia,system_import_franchiseindia,2026-07-25T18:13:22.433164+00:00,2026-07-25T18:13:22.433164+00:00,
ef5c291d-3458-4d54-8183-6d474e25d981,183027b4-91a3-4f78-a40c-1525e1a6695b,3000000.0,5000000.0,,,,,,,,,,,,,system_import_franchiseindia,system_import_franchiseindia,2026-07-25T18:13:22.433164+00:00,2026-07-25T18:13:22.433164+00:00,
3d193301-97d9-4481-8f66-1d13e4cb9986,2b7569c4-1c0a-4b09-8749-9387445e4f31,3000000.0,5000000.0,,,,,,,,,,,,,system_import_franchiseindia,system_import_franchiseindia,2026-07-25T18:13:22.433164+00:00,2026-07-25T18:13:22.433164+00:00,
29241310-8c36-47c7-978b-594a51fd505a,99d60fc2-a592-4ab5-a8d8-2a4b16200266,2000000.0,3000000.0,,,,,,,,,,,,,system_import_franchiseindia,system_import_franchiseindia,2026-07-25T18:13:22.433164+00:00,2026-07-25T18:13:22.433164+00:00,
e0334d0d-1f0f-4c4b-8bbd-dad1ac9af35c,b9852f36-8524-490c-8628-6e469fd8e8d5,3000000.0,5000000.0,,,,,,,,,,,,,system_import_franchiseindia,system_import_franchiseindia,2026-07-25T18:13:22.433164+00:00,2026-07-25T18:13:22.433164+00:00,
f067cc93-f8c6-41ad-80bc-9d2282cade08,3036bb62-3e9b-43bb-988b-a1b618908747,3000000.0,5000000.0,,,,,,,,,,,,,system_import_franchiseindia,system_import_franchiseindia,2026-07-25T18:13:22.433164+00:00,2026-07-25T18:13:22.433164+00:00,
2f35ab94-9d19-47e1-9480-a23f0f89d6e0,99f73319-1070-43d8-a408-5729bc1215f4,1000000.0,2000000.0,,,,,,,,,,,,,system_import_franchiseindia,system_import_franchiseindia,2026-07-25T18:14:07.467265+00:00,2026-07-25T18:14:07.467265+00:00,
f17b4672-14a5-40c7-8c7a-a63cf03c3e6c,1bf9de4e-a1ae-439c-82ce-6ccc47f912a4,20000000.0,50000000.0,,,,,,,,,,,,,system_import_franchiseindia,system_import_franchiseindia,2026-07-25T18:14:07.467265+00:00,2026-07-25T18:14:07.467265+00:00,
a0ad4dd3-9379-464f-a588-85a8bc7ab407,d914a4ed-4f5a-4dd6-be22-faea31508c0a,10000000.0,20000000.0,,,,,,,,,,,,,system_import_franchiseindia,system_import_franchiseindia,2026-07-25T18:14:07.467265+00:00,2026-07-25T18:14:07.467265+00:00,
c859271a-e9e2-4cc0-b93e-70e4ff73b775,61a180ba-1b36-4f2b-8522-c6299548766f,10000000.0,20000000.0,,,,,,,,,,,,,system_import_franchiseindia,system_import_franchiseindia,2026-07-25T18:14:07.467265+00:00,2026-07-25T18:14:07.467265+00:00,
4925d65d-a7c4-4c7a-bd00-230042019800,4cb85b9c-3e00-4424-846d-bf9643dc8491,3000000.0,5000000.0,,,,,,,,,,,,,system_import_franchiseindia,system_import_franchiseindia,2026-07-25T18:14:07.467265+00:00,2026-07-25T18:14:07.467265+00:00,
67e7d5e5-ec99-4eff-9ead-f2956b8e8421,8e72d327-78e3-4d35-8899-9eabd9a7300b,5000000.0,10000000.0,,,,,,,,,,,,,system_import_franchiseindia,system_import_franchiseindia,2026-07-25T18:14:07.467265+00:00,2026-07-25T18:14:07.467265+00:00,
80b684f9-9b6f-41d8-86ff-f53714196ba9,b397e5ff-03ed-4c42-9ac5-302d80b8d637,1000000.0,2000000.0,,,,,,,,,,,,,system_import_franchiseindia,system_import_franchiseindia,2026-07-25T18:14:07.467265+00:00,2026-07-25T18:14:07.467265+00:00,
11407ef1-b931-46a8-aed7-5bc79168b4b6,08f88a53-638f-43a6-9f95-3a861b0e833e,5000000.0,10000000.0,,,,,,,,,,,,,system_import_franchiseindia,system_import_franchiseindia,2026-07-25T18:14:07.467265+00:00,2026-07-25T18:14:07.467265+00:00,
440dd418-b693-4e05-9055-19fcb553312e,e8eb623f-cd7c-4368-8cf1-e2900630f447,,50000.0,,,,,,,,,,,,,system_import_franchiseindia,system_import_franchiseindia,2026-07-25T18:14:07.467265+00:00,2026-07-25T18:14:07.467265+00:00,
56f61639-8e9a-495e-898f-7e4a4d8c1bef,c242ed8b-ea00-43f5-ac32-e2be057e39a5,1000000.0,2000000.0,,,,,,,,,,,,,system_import_franchiseindia,system_import_franchiseindia,2026-07-25T18:14:07.467265+00:00,2026-07-25T18:14:07.467265+00:00,
e22bba49-5eb8-49c9-ac0f-1c209070325a,a9cbed7b-7774-4fd9-9ed3-e8c597e24032,5000000.0,10000000.0,,,,,,,,,,,,,system_import_franchiseindia,system_import_franchiseindia,2026-07-25T18:14:07.467265+00:00,2026-07-25T18:14:07.467265+00:00,
aabfe76f-430e-465b-acfa-bc870aba9fb7,8f977a38-f826-4d5c-b949-2c0ec557d829,5000000.0,10000000.0,,,,,,,,,,,,,system_import_franchiseindia,system_import_franchiseindia,2026-07-25T18:14:07.467265+00:00,2026-07-25T18:14:07.467265+00:00,
b8901c46-07dc-43c2-9243-4a2115f4c1c5,a0af95c8-815d-40f0-a026-e1f445610506,2000000.0,3000000.0,,,,,,,,,,,,,system_import_franchiseindia,system_import_franchiseindia,2026-07-25T18:14:07.467265+00:00,2026-07-25T18:14:07.467265+00:00,
eae5e6d6-22a3-4b85-b38d-6145dbd35b8f,dcdb34e5-6361-43a4-922d-81df7b376dde,20000000.0,50000000.0,,,,,,,,,,,,,system_import_franchiseindia,system_import_franchiseindia,2026-07-25T18:14:07.467265+00:00,2026-07-25T18:14:07.467265+00:00,
e6e2e136-7e0e-4673-9d2c-60c86348d423,0f0ad513-d992-4c64-9ca4-522c56600f1a,2000000.0,3000000.0,,,,,,,,,,,,,system_import_franchiseindia,system_import_franchiseindia,2026-07-25T18:14:07.467265+00:00,2026-07-25T18:14:07.467265+00:00,
81f1730a-98b0-43c5-bcc9-5d8e71e9aaa0,0f6a2043-3f57-45cf-859c-de3c73a199f6,5000000.0,10000000.0,,,,,,,,,,,,,system_import_franchiseindia,system_import_franchiseindia,2026-07-25T18:14:07.467265+00:00,2026-07-25T18:14:07.467265+00:00,
a7d7070e-0243-43d3-bb22-2c9a9882f92a,3c57c393-abb4-412b-8eff-b9e1d9a1716a,,50000.0,,,,,,,,,,,,,system_import_franchiseindia,system_import_franchiseindia,2026-07-25T18:14:07.467265+00:00,2026-07-25T18:14:07.467265+00:00,
e84f8778-df5c-493c-89ef-2695f299fd95,4df7c927-7c06-4abc-977b-fd9a87e48994,,50000.0,,,,,,,,,,,,,system_import_franchiseindia,system_import_franchiseindia,2026-07-25T18:14:07.467265+00:00,2026-07-25T18:14:07.467265+00:00,
68dad646-c241-4da6-9727-4e0ee8de8c31,c27dc10e-f729-47ac-83e2-dddb4be5c27e,3000000.0,5000000.0,,,,,,,,,,,,,system_import_franchiseindia,system_import_franchiseindia,2026-07-25T18:14:07.467265+00:00,2026-07-25T18:14:07.467265+00:00,
e209ee8f-06d9-42d2-9135-814a87895b36,54233d5c-0dba-427a-b68b-d675570eaa95,500000.0,500000.0,,,,,,,,,,,,,system_import_franchisemart,system_import_franchisemart,2026-07-25T18:28:29.329559+00:00,2026-07-25T18:28:29.329559+00:00,
884f3697-1139-4968-a4d1-7362adbcc3b4,7caf6320-3561-4219-8883-ba0cb61ed065,7000000.0,7000000.0,,,,,,,,,,,,,system_import_franchisemart,system_import_franchisemart,2026-07-25T18:28:29.329559+00:00,2026-07-25T18:28:29.329559+00:00,
cf8c4c09-9696-4f5b-a472-8501764037e3,1ffad465-03ed-4ee6-a801-909a8b621489,1000000.0,1200000.0,,,,,,,,,,,,,system_import_franchisemart,system_import_franchisemart,2026-07-25T18:28:29.329559+00:00,2026-07-25T18:28:29.329559+00:00,
e07e24fe-1cc7-4459-bc7a-2a4d75ee95ca,b9afdd01-5d10-455d-a71f-42b02c8171ec,,,,,,,,,,,,,,,system_import_franchisemart,system_import_franchisemart,2026-07-25T18:28:29.329559+00:00,2026-07-25T18:28:29.329559+00:00,
