id,listing_id,category_id,sub_category_id,is_primary,created_at
fc000000-0000-0000-0000-000000001000,b38c39c0-b9f6-495f-b8be-a65b1c0b9221,8dcc57a0-79ac-45dd-9db0-efb3d1fd5299,f5aa12c0-a668-4178-b870-908ba1c7ac67,True,2025-01-01 00:47:58
fc000000-0000-0000-0000-000000001001,c8f6989c-d785-4cf7-b127-b7ba288a3314,8dcc57a0-79ac-45dd-9db0-efb3d1fd5299,e8840113-28f3-4d0b-8d73-9f513c624c2a,True,2025-01-01 00:47:58
fc000000-0000-0000-0000-000000001002,b297c5b9-82e3-4c3d-88fc-c509ae881207,8dcc57a0-79ac-45dd-9db0-efb3d1fd5299,e8840113-28f3-4d0b-8d73-9f513c624c2a,True,2025-01-01 00:47:58
fc000000-0000-0000-0000-000000001003,6a8c08c9-ef66-48b0-a68e-e9e0b7b40fcc,8dcc57a0-79ac-45dd-9db0-efb3d1fd5299,f5aa12c0-a668-4178-b870-908ba1c7ac67,True,2025-01-01 00:47:58
fc000000-0000-0000-0000-000000001004,afb4be0a-0173-4248-b0b9-9c7ba0e3ce8f,8dcc57a0-79ac-45dd-9db0-efb3d1fd5299,f5aa12c0-a668-4178-b870-908ba1c7ac67,True,2025-01-01 00:47:58
fc000000-0000-0000-0000-000000001005,09378ed3-2aa4-4e45-bf5d-6a75d1bdb2f7,5f917eec-d4dc-40cb-94dd-b3272db3f858,2489267c-9b73-4948-a360-81d6ae8f9a8e,True,2025-01-01 00:50:57
fc000000-0000-0000-0000-000000001006,b781fa76-8eaf-4cf9-a15c-b6a1c3503554,5f917eec-d4dc-40cb-94dd-b3272db3f858,,True,2025-01-01 00:50:57
fc000000-0000-0000-0000-000000001007,0e50ed02-6937-4c8d-aa31-b4202a5f77cd,5f917eec-d4dc-40cb-94dd-b3272db3f858,bce1e994-acf3-4090-853f-efbc01836951,True,2025-01-01 00:50:57
fc000000-0000-0000-0000-000000001008,7e62e026-71a1-4b49-971d-e8bcd1cc4e54,5f917eec-d4dc-40cb-94dd-b3272db3f858,ad3bee99-7863-4b55-aa09-b9754b160c47,True,2025-01-01 00:50:57
fc000000-0000-0000-0000-000000001009,8a873fc8-8a68-461e-81f4-55d7f192f2b1,5f917eec-d4dc-40cb-94dd-b3272db3f858,bce1e994-acf3-4090-853f-efbc01836951,True,2025-01-01 00:50:57
fc000000-0000-0000-0000-000000001010,fc244900-e4b1-4eec-8e70-eb778beac3a5,5f917eec-d4dc-40cb-94dd-b3272db3f858,ad3bee99-7863-4b55-aa09-b9754b160c47,True,2025-01-01 00:50:57
fc000000-0000-0000-0000-000000001011,a6ae3e8e-b3da-4406-9a53-1f411523033b,5f917eec-d4dc-40cb-94dd-b3272db3f858,bce1e994-acf3-4090-853f-efbc01836951,True,2025-01-01 00:50:57
fc000000-0000-0000-0000-000000001012,f610d893-650e-46e2-89a6-c50f59036275,5f917eec-d4dc-40cb-94dd-b3272db3f858,ad3bee99-7863-4b55-aa09-b9754b160c47,True,2025-01-01 00:50:57
fc000000-0000-0000-0000-000000001013,1dac1aa2-22c2-41e9-a608-2ffb1cefdf84,5f917eec-d4dc-40cb-94dd-b3272db3f858,ad3bee99-7863-4b55-aa09-b9754b160c47,True,2025-01-01 00:50:57
fc000000-0000-0000-0000-000000001014,1ee2cd39-dcf0-4e78-971d-967b8f1e2f12,5f917eec-d4dc-40cb-94dd-b3272db3f858,ad3bee99-7863-4b55-aa09-b9754b160c47,True,2025-01-01 00:50:57
fc000000-0000-0000-0000-000000001015,1c97dc61-7708-4958-8222-3fe8fa9275bc,5f917eec-d4dc-40cb-94dd-b3272db3f858,6b91d57b-182a-454c-aabd-90cd85d7facf,True,2025-01-01 00:58:11
fc000000-0000-0000-0000-000000001016,9ab139e7-cf16-4085-9352-c51d74e61115,5f917eec-d4dc-40cb-94dd-b3272db3f858,6b91d57b-182a-454c-aabd-90cd85d7facf,True,2025-01-01 00:58:11
fc000000-0000-0000-0000-000000001017,ac303bf7-2a32-471d-9be1-a1dbb2e915e7,5f917eec-d4dc-40cb-94dd-b3272db3f858,6b91d57b-182a-454c-aabd-90cd85d7facf,True,2025-01-01 00:58:11
fc000000-0000-0000-0000-000000001018,df361e73-da0e-4e50-992d-e95e57306357,8fb154e8-39fd-474e-b3d3-2c16d78ee53b,8b71db12-ffdc-45c5-a26d-7edf569bed1a,True,2025-01-01 00:58:11
fc000000-0000-0000-0000-000000001019,c8bbd1a5-9676-4a19-b8c4-1b2f22fe8148,5dbe61d1-daa6-4f30-acba-d9094a3f9de3,0783cd92-0e29-4a26-8e41-aeb113b58a02,True,2025-01-01 00:58:11
fc000000-0000-0000-0000-000000001020,88848236-153f-41d1-85cd-4a9001af249c,5dbe61d1-daa6-4f30-acba-d9094a3f9de3,1522d0f7-89af-4dda-a4b4-7ea0e46f0436,True,2025-01-01 00:08:25
fc000000-0000-0000-0000-000000001021,d96ac4e8-daa4-4d60-9a4d-f7dcb54412b7,5dbe61d1-daa6-4f30-acba-d9094a3f9de3,1522d0f7-89af-4dda-a4b4-7ea0e46f0436,True,2025-01-01 00:08:25
fc000000-0000-0000-0000-000000001022,d451263c-43df-4ba1-b652-cbac27ff7846,e5fcf8a7-cb34-4278-8082-a63b9d1856a9,eb979557-17dd-4e57-90ac-1854eece7765,True,2025-01-01 00:08:25
fc000000-0000-0000-0000-000000001023,a3d5f27f-978c-48e7-97cf-21e8aea6d359,e5fcf8a7-cb34-4278-8082-a63b9d1856a9,af6fc388-8923-42f1-b89d-72c96cdfa8a5,True,2025-01-01 00:08:25
fc000000-0000-0000-0000-000000001024,780dabc4-787e-4001-9c4b-a07c9874ffab,e5fcf8a7-cb34-4278-8082-a63b9d1856a9,183b53c1-251e-4d71-84ff-9744261a917e,True,2025-01-01 00:08:25
fc000000-0000-0000-0000-000000001025,499ed48e-a3e7-480e-900b-f384cd1ec21f,e5fcf8a7-cb34-4278-8082-a63b9d1856a9,eb979557-17dd-4e57-90ac-1854eece7765,True,2025-01-01 00:08:25
fc000000-0000-0000-0000-000000001026,fc554f5b-c10b-4835-b81b-6eb90deb8862,54babe4f-96f7-4e64-a219-73d52337d179,85148e4b-2e24-4675-8180-d8614d826d13,True,2025-01-01 00:08:25
fc000000-0000-0000-0000-000000001027,ab2c97a4-15c8-4105-902b-e6b961445825,e5fcf8a7-cb34-4278-8082-a63b9d1856a9,eb979557-17dd-4e57-90ac-1854eece7765,True,2025-01-01 00:08:25
fc000000-0000-0000-0000-000000001028,0fe579f2-a816-4116-a312-a340923dbfe6,e5fcf8a7-cb34-4278-8082-a63b9d1856a9,eb979557-17dd-4e57-90ac-1854eece7765,True,2025-01-01 00:08:25
fc000000-0000-0000-0000-000000001029,a0160a9a-fe08-485e-9592-67df5f2e6235,54babe4f-96f7-4e64-a219-73d52337d179,85148e4b-2e24-4675-8180-d8614d826d13,True,2025-01-01 00:08:25
fc000000-0000-0000-0000-000000001030,ba736baa-47d2-4b53-8969-661dbce6e6a1,0986f242-a7aa-4df0-bb46-d1f3e5c64cf8,6d04e84f-b2b7-467e-87cc-e8815a67f6f7,True,2025-01-01 00:08:25
fc000000-0000-0000-0000-000000001031,f943babd-ea6a-444b-b645-315f491c40a6,e5fcf8a7-cb34-4278-8082-a63b9d1856a9,eb979557-17dd-4e57-90ac-1854eece7765,True,2025-01-01 00:08:25
fc000000-0000-0000-0000-000000001032,e277efc3-55a1-40a9-8fad-b3149ffe9d2f,197fcbc8-7a73-40b5-802f-fa829cd49329,7aca039e-d723-43a5-b97d-b54b07fc5373,True,2025-01-01 00:09:30
fc000000-0000-0000-0000-000000001033,347dcb07-5002-4376-b056-fc37fe48eac8,d6a47d18-5c17-48fb-9992-be67d2da891b,da3708fc-b61e-421e-b7c0-a6c5d3c31779,True,2025-01-01 00:09:30
fc000000-0000-0000-0000-000000001034,4024b1c9-12fd-451e-8a5f-0a5025e55819,56c873fb-d05a-475b-9c58-8e43efcba0b2,dd36eb28-6b48-4071-aa16-f4fbaf70315e,True,2025-01-01 00:09:30
fc000000-0000-0000-0000-000000001035,8be9d5c3-86aa-4cd5-be33-3b39dfd647fa,e5fcf8a7-cb34-4278-8082-a63b9d1856a9,eb979557-17dd-4e57-90ac-1854eece7765,True,2025-01-01 00:09:30
fc000000-0000-0000-0000-000000001036,bb0d140f-d9e5-4b4a-8182-4376a439422f,d6a47d18-5c17-48fb-9992-be67d2da891b,6be59dfe-ed4a-4258-a31a-b9025a6a9f88,True,2025-01-01 00:09:30
fc000000-0000-0000-0000-000000001037,d93c950c-ab6f-4a07-b92b-33b89adc419b,2a186b71-b6dd-44ce-affb-88b8d16eb578,e283b52f-d6f1-47d1-bf10-08d6c5af6a60,True,2025-01-01 00:09:30
fc000000-0000-0000-0000-000000001038,243ecbfb-c97d-42f8-b56c-31ca4f742263,197fcbc8-7a73-40b5-802f-fa829cd49329,7aca039e-d723-43a5-b97d-b54b07fc5373,True,2025-01-01 00:09:30
fc000000-0000-0000-0000-000000001039,5b707bb6-7325-4cd8-961e-8eff582d5328,7c844539-83eb-4880-b86c-dd05973f0e0a,b8cbc705-1090-4947-8783-70ce2ee9df2a,True,2025-01-01 00:09:30
fc000000-0000-0000-0000-000000001040,f796a38b-1d81-4e48-ad0c-4ebeb485b41d,197fcbc8-7a73-40b5-802f-fa829cd49329,7aca039e-d723-43a5-b97d-b54b07fc5373,True,2025-01-01 00:09:30
fc000000-0000-0000-0000-000000001041,e909318a-6b26-4da4-a189-c7e5e01c2226,70f60247-60d3-4bce-87a8-ef397833ede6,f9d715bc-2a94-46dc-aedd-d566fe5fca63,True,2025-01-01 00:09:30
fc000000-0000-0000-0000-000000001042,ad81abe8-369b-42cc-b233-fa5e90258116,5f917eec-d4dc-40cb-94dd-b3272db3f858,b1aaab67-e072-48b8-8c61-539917206eec,True,2025-01-01 00:50:57
fc000000-0000-0000-0000-000000001043,98ecc642-3342-4704-bc19-7da7d34461df,5f917eec-d4dc-40cb-94dd-b3272db3f858,b7b9056e-343d-4903-8c65-373151880714,True,2025-01-01 00:55:53
fc000000-0000-0000-0000-000000001044,290bec96-ad40-46e1-ad88-33c3cf6536b9,5f917eec-d4dc-40cb-94dd-b3272db3f858,5aea2c49-62ea-4875-a90a-440920bd2e60,True,2025-01-01 00:55:53
fc000000-0000-0000-0000-000000001045,0ce95acf-1221-45aa-ae6a-d496a33d1fa8,5f917eec-d4dc-40cb-94dd-b3272db3f858,ad3bee99-7863-4b55-aa09-b9754b160c47,True,2025-01-01 00:58:11
fc000000-0000-0000-0000-000000001046,3d7a177b-20bf-4b7d-a8a1-7c3514daa4a5,5f917eec-d4dc-40cb-94dd-b3272db3f858,5aea2c49-62ea-4875-a90a-440920bd2e60,True,2025-01-01 00:58:11
fc000000-0000-0000-0000-000000001047,2155ba74-85c2-4123-9485-75b3c9e07def,10bbf5a6-0d2a-4f76-9579-c153cfc4542f,41a7b674-be1f-4204-80c5-974f9ba24d39,True,2025-01-01 00:58:11
fc000000-0000-0000-0000-000000001048,a61d62b8-582d-4179-9603-789f0ee2bece,5f917eec-d4dc-40cb-94dd-b3272db3f858,ad3bee99-7863-4b55-aa09-b9754b160c47,True,2025-01-01 00:58:11
fc000000-0000-0000-0000-000000001049,7cbee3c6-e9d5-40f1-9be2-ac2fe5053add,5f917eec-d4dc-40cb-94dd-b3272db3f858,ad3bee99-7863-4b55-aa09-b9754b160c47,True,2025-01-01 00:58:11
fc000000-0000-0000-0000-000000001050,ca257ac6-7d5b-4292-a6e1-9d71b5c73ada,5f917eec-d4dc-40cb-94dd-b3272db3f858,2489267c-9b73-4948-a360-81d6ae8f9a8e,True,2025-01-01 00:58:11
fc000000-0000-0000-0000-000000001051,80126705-23b0-47c5-bf0b-bcce2bb4b417,5f917eec-d4dc-40cb-94dd-b3272db3f858,ad3bee99-7863-4b55-aa09-b9754b160c47,True,2025-01-01 00:00:00
fc000000-0000-0000-0000-000000001052,ae70ee5e-ea25-47b0-9b80-aba3400b5cd3,5f5560cf-c169-4781-8204-fb75ac3408c8,49720e2e-bd94-4072-8816-4b2dc97902ed,True,2025-01-01 00:11:46
fc000000-0000-0000-0000-000000001053,f648ef1c-c7c1-4d7f-b04a-91bf04a6718d,93813225-2cbe-4d50-8943-423d4338776a,4eb29058-3bc2-43c5-a3a9-066f9879db4a,True,2025-01-01 00:11:46
fc000000-0000-0000-0000-000000001054,319210e7-b5f8-45c0-a3d0-9e384b46c5ca,77f6700e-88b8-40d8-9b61-ffefe536a5a2,27217365-aff2-447c-9c82-173f36a5173b,True,2025-01-01 00:11:46
fc000000-0000-0000-0000-000000001055,58b4e1a8-1418-4da0-a57e-23d285891faf,5f5560cf-c169-4781-8204-fb75ac3408c8,fe5eb9eb-00b1-4d78-8a29-71597abc06c2,True,2025-01-01 00:11:46
fc000000-0000-0000-0000-000000001056,b9e6ee77-95a5-4782-819e-2e9f0e39a9db,f0980453-c886-4dd1-8af5-7186fd83578d,9ba4b791-412e-4869-889f-bb12ea9cf9dc,True,2025-01-01 00:11:46
fc000000-0000-0000-0000-000000001057,7484b19e-814d-4ca1-bfab-c1050e50b712,7a9cbfd8-d8a1-4773-8fad-dc210e493a3c,df86960e-a82f-45bd-a26a-195ae461d7f6,True,2025-01-01 00:11:46
fc000000-0000-0000-0000-000000001058,e0d7a709-6146-4915-83d7-1906b24f9ce6,5f5560cf-c169-4781-8204-fb75ac3408c8,49720e2e-bd94-4072-8816-4b2dc97902ed,True,2025-01-01 00:11:46
fc000000-0000-0000-0000-000000001059,605dc402-64b7-4ba9-9069-e705f4746b7c,5f5560cf-c169-4781-8204-fb75ac3408c8,49720e2e-bd94-4072-8816-4b2dc97902ed,True,2025-01-01 00:11:46
fc000000-0000-0000-0000-000000001060,3f8fddd3-f75d-4d55-8622-c998930adc92,dc3b2dd6-a7eb-4ed7-bf00-750e33978760,fbe91310-b6cd-43ea-b306-e65d2ee5eaad,True,2025-01-01 00:00:00
fc000000-0000-0000-0000-000000001061,be9dc891-8287-4cbd-9093-b658cae87d07,343841d6-b938-4b7d-8523-23d25aa1eeb5,39478e69-751f-45a6-88b2-fd08bf1e80a2,True,2025-01-01 00:50:57
fc000000-0000-0000-0000-000000001062,20eb604e-6144-4ec8-9dfc-e504cfc576ea,343841d6-b938-4b7d-8523-23d25aa1eeb5,39478e69-751f-45a6-88b2-fd08bf1e80a2,True,2025-01-01 00:50:57
fc000000-0000-0000-0000-000000001063,945cd8b9-47c7-4093-b0ea-4531c6ced200,343841d6-b938-4b7d-8523-23d25aa1eeb5,39478e69-751f-45a6-88b2-fd08bf1e80a2,True,2025-01-01 00:50:57
fc000000-0000-0000-0000-000000001064,23483a03-aa1e-4e9e-862e-23a723901474,343841d6-b938-4b7d-8523-23d25aa1eeb5,39478e69-751f-45a6-88b2-fd08bf1e80a2,True,2025-01-01 00:50:57
fc000000-0000-0000-0000-000000001065,70628840-212f-4377-8b18-8aa145bc292a,343841d6-b938-4b7d-8523-23d25aa1eeb5,39478e69-751f-45a6-88b2-fd08bf1e80a2,True,2025-01-01 00:50:57
fc000000-0000-0000-0000-000000001066,6855aba8-d2c9-4cd6-aa86-bed08d0acfc8,343841d6-b938-4b7d-8523-23d25aa1eeb5,03ef20c9-4602-4b3f-b405-be77706bfc0e,True,2025-01-01 00:50:57
fc000000-0000-0000-0000-000000001067,9bb91606-f058-4164-bcaa-87892da94227,343841d6-b938-4b7d-8523-23d25aa1eeb5,39478e69-751f-45a6-88b2-fd08bf1e80a2,True,2025-01-01 00:50:57
fc000000-0000-0000-0000-000000001068,5f399d54-407c-4b4a-98c7-aef9ad1600c6,343841d6-b938-4b7d-8523-23d25aa1eeb5,03ef20c9-4602-4b3f-b405-be77706bfc0e,True,2025-01-01 00:50:57
fc000000-0000-0000-0000-000000001069,489d88bf-1f8d-4de9-b7f1-a863268d3126,343841d6-b938-4b7d-8523-23d25aa1eeb5,39478e69-751f-45a6-88b2-fd08bf1e80a2,True,2025-01-01 00:50:57
fc000000-0000-0000-0000-000000001070,f1ce23fc-d9bd-4514-83be-543b30357cb1,343841d6-b938-4b7d-8523-23d25aa1eeb5,39478e69-751f-45a6-88b2-fd08bf1e80a2,True,2025-01-01 00:50:57
fc000000-0000-0000-0000-000000001071,4af9efb4-507c-4d83-bac1-bfcb915174a4,8dcc57a0-79ac-45dd-9db0-efb3d1fd5299,ee87b2fb-f35d-4dfc-a1ca-937eb532067c,True,2025-01-01 00:47:58
fc000000-0000-0000-0000-000000001072,38561e9f-265f-4bd5-9e6f-4d4c001fab1e,8dcc57a0-79ac-45dd-9db0-efb3d1fd5299,e9452b7a-02cb-45b8-a05c-ce1936aae2ea,True,2025-01-01 00:47:58
fc000000-0000-0000-0000-000000001073,fb0b305f-4c8f-43af-acc7-5619797e05a7,8dcc57a0-79ac-45dd-9db0-efb3d1fd5299,e8840113-28f3-4d0b-8d73-9f513c624c2a,True,2025-01-01 00:47:58
fc000000-0000-0000-0000-000000001074,fbb1242f-32be-4c01-b085-b98486a13802,8dcc57a0-79ac-45dd-9db0-efb3d1fd5299,e9452b7a-02cb-45b8-a05c-ce1936aae2ea,True,2025-01-01 00:47:58
fc000000-0000-0000-0000-000000001075,bb624860-ff6d-416a-bd40-2458aeefed6c,8dcc57a0-79ac-45dd-9db0-efb3d1fd5299,ee87b2fb-f35d-4dfc-a1ca-937eb532067c,True,2025-01-01 00:47:58
fc000000-0000-0000-0000-000000001076,12c8ab8c-e4fd-4910-8bce-ef630b9e6491,7f3199ec-177e-41c2-aff7-49d5373d9018,b6f6f002-6666-4f6f-ffff-666666666662,True,2025-01-01 00:09:30
fc000000-0000-0000-0000-000000001077,64afff51-8b14-4193-a750-6c03763a23b4,8d009eb0-2234-4ba9-9768-f922672929f0,12328925-dd54-469f-bb65-f8d66ee8c7f5,True,2025-01-01 00:09:30
fc000000-0000-0000-0000-000000001078,3431dd32-d63e-4fce-8a7b-488a02dadf73,ecb74426-adfd-416f-90ce-ac1136940e59,a0f45e64-d974-4ed8-99b7-5fe52a283bc9,True,2025-01-01 00:00:00
fc000000-0000-0000-0000-000000001079,c6444da3-7bf0-44e7-a219-85d4e84bded4,10bbf5a6-0d2a-4f76-9579-c153cfc4542f,41a7b674-be1f-4204-80c5-974f9ba24d39,True,2025-01-01 00:00:00
fc000000-0000-0000-0000-000000001080,b702b30c-ea16-4a5b-8d78-13f8c41c51d3,8d009eb0-2234-4ba9-9768-f922672929f0,12328925-dd54-469f-bb65-f8d66ee8c7f5,True,2025-01-01 00:09:30
fc000000-0000-0000-0000-000000001081,7d07fbd9-d1a5-4820-8ff8-c1120ea6ff06,5f917eec-d4dc-40cb-94dd-b3272db3f858,5aea2c49-62ea-4875-a90a-440920bd2e60,True,2025-01-01 00:09:30
fc000000-0000-0000-0000-000000001082,0b66ede6-6a9d-4dc1-a71e-d4ac5db22f6f,5f917eec-d4dc-40cb-94dd-b3272db3f858,5aea2c49-62ea-4875-a90a-440920bd2e60,True,2025-01-01 00:09:30
fc000000-0000-0000-0000-000000001083,606a879b-da69-4f28-bb62-7d6928c5bfda,5f917eec-d4dc-40cb-94dd-b3272db3f858,b7b9056e-343d-4903-8c65-373151880714,True,2025-01-01 00:00:00
fc000000-0000-0000-0000-000000001084,51de79ee-7094-4b9e-8fd8-36c14770b17d,d859a9f6-ce5f-4e3f-8c72-f7e2030f93ce,b804f2f5-20a0-4930-a261-6a4967c1c256,True,2025-01-01 00:00:00
fc000000-0000-0000-0000-000000001085,1fac6fce-3ca3-41c6-a470-541370486496,4081baaa-071b-45f4-a25d-ac5121bfccc7,2c0cf7ad-c480-4428-84c9-37060a9a0a37,True,2025-01-01 00:11:46
fc000000-0000-0000-0000-000000001086,7ead3192-9970-4ca4-9492-1e653cba5c40,4081baaa-071b-45f4-a25d-ac5121bfccc7,5ef44941-021e-4c44-a995-8fcf78858411,True,2025-01-01 00:11:46
fc000000-0000-0000-0000-000000001087,b369aafb-788d-48c2-a292-1227e246c5e2,4081baaa-071b-45f4-a25d-ac5121bfccc7,fd2f8365-a2f8-418a-b4cc-dc2a368c7b1c,True,2025-01-01 00:11:46
fc000000-0000-0000-0000-000000001088,4aafb50c-8cb6-4610-9232-89902077d0a3,7c844539-83eb-4880-b86c-dd05973f0e0a,b8cbc705-1090-4947-8783-70ce2ee9df2a,True,2025-01-01 00:11:46
fc000000-0000-0000-0000-000000001089,30a2d954-c1e6-4ca8-8b82-c27241094307,456e1a68-37c2-454d-948f-a46294d6ba3a,91e5a9cf-e300-45c3-bd78-5a4d13bb8955,True,2025-01-01 00:11:46
fc000000-0000-0000-0000-000000001090,490c8da9-056b-42c8-953b-790ae0d96980,4081baaa-071b-45f4-a25d-ac5121bfccc7,fd2f8365-a2f8-418a-b4cc-dc2a368c7b1c,True,2025-01-01 00:11:46
fc000000-0000-0000-0000-000000001091,e75e0dd4-68dc-4253-ba10-c66dbc68af66,10f25068-4e34-42ca-94b3-96f5288b82ea,e6557dc4-26ce-465e-9ae9-3cc02c70fbc1,True,2025-01-01 00:11:46
fc000000-0000-0000-0000-000000001092,3ab4cfd1-65bf-4466-b000-fa986136cf8a,5f917eec-d4dc-40cb-94dd-b3272db3f858,b7b9056e-343d-4903-8c65-373151880714,True,2025-01-01 00:11:46
fc000000-0000-0000-0000-000000001093,52e386d0-16ce-48fa-91c9-75e6dc633959,a3ae9791-1572-4564-a7b7-b17e5824951c,23572d27-28d8-44ed-9b1f-e7b7d7e780dc,True,2025-01-01 00:11:46
fc000000-0000-0000-0000-000000001094,1ae94dc8-64ad-42e0-9650-72d9fe7e83c5,7c844539-83eb-4880-b86c-dd05973f0e0a,01142f8e-82d9-40f3-af4c-6d9b20a078a5,True,2025-1-1 0:00
fc000000-0000-0000-0000-000000001095,b1966850-3f94-4893-8f7e-c6d27ee51461,5dbe61d1-daa6-4f30-acba-d9094a3f9de3,0b36f32b-64d1-4f8e-be00-e757fe1ffb9d,True,2025-1-1 0:00
fc000000-0000-0000-0000-000000001096,3fdfc493-e614-4001-b564-8169665b6043,d859a9f6-ce5f-4e3f-8c72-f7e2030f93ce,63626deb-8fc4-4aec-b953-9613fc3e83f6,True,2025-1-1 0:00
fc000000-0000-0000-0000-000000001097,7c3e49a3-81b4-48ae-b744-c00b8dc05568,632d6a1d-1002-4772-a104-4a5429379ea0,,True,2025-1-1 0:00
fc000000-0000-0000-0000-000000001098,58e2d28f-d82e-4377-ae5d-34600e0382a9,1197ce03-96ae-4670-9ef3-28468625cf46,21f51f84-c1dd-4478-8fb0-1c10b08829a9,True,2025-1-1 0:00
fc000000-0000-0000-0000-000000001099,9dfffdd4-1e58-4269-9d0e-cf773083ffaf,1197ce03-96ae-4670-9ef3-28468625cf46,21f51f84-c1dd-4478-8fb0-1c10b08829a9,True,2025-1-1 0:00
fc000000-0000-0000-0000-000000001100,b6cb22e1-d94a-4a31-a69c-d7cebd7e2da1,10bbf5a6-0d2a-4f76-9579-c153cfc4542f,41a7b674-be1f-4204-80c5-974f9ba24d39,True,2025-1-1 0:00
fc000000-0000-0000-0000-000000001101,b5e867d7-e04d-4974-b1dc-1e8d7a45c77f,d859a9f6-ce5f-4e3f-8c72-f7e2030f93ce,63626deb-8fc4-4aec-b953-9613fc3e83f6,True,2025-1-1 0:00
fc000000-0000-0000-0000-000000001102,5d6e645a-ca76-4ed6-9c3a-65688ee1dd02,138bec94-c996-4510-895c-6c0af0f6a6fc,aa2ac8a6-12e0-4e15-8fc6-3ce47a710a51,True,2025-1-1 0:00
fc000000-0000-0000-0000-000000001103,9aaac6a3-893d-407f-bc56-2440ef3e5e74,5f5560cf-c169-4781-8204-fb75ac3408c8,07c2376a-a737-4f36-bc03-1778dd9b71ec,True,2025-1-1 0:00
fc000000-0000-0000-0000-000000001104,6efcf26f-b96d-467f-b08d-40957a446d85,93813225-2cbe-4d50-8943-423d4338776a,c916f879-a7fa-4403-94c3-dcd5d3a03627,True,2025-1-1 0:00
fc000000-0000-0000-0000-000000001105,5aec5231-9a13-4ec6-b378-d5964efadc4a,1197ce03-96ae-4670-9ef3-28468625cf46,21f51f84-c1dd-4478-8fb0-1c10b08829a9,True,2025-1-1 0:00
fc000000-0000-0000-0000-000000001106,f8b3e14e-2a1b-4ca1-a862-ff8ba9e173ca,10bbf5a6-0d2a-4f76-9579-c153cfc4542f,41a7b674-be1f-4204-80c5-974f9ba24d39,True,2025-1-1 0:00
fc000000-0000-0000-0000-000000001107,2181d9cf-6d6b-4078-acee-317b4cc66ce9,1197ce03-96ae-4670-9ef3-28468625cf46,b4d493a3-2cc4-447f-a34c-327107ec2985,True,2025-1-1 0:00
fc000000-0000-0000-0000-000000001108,42b424ae-4fe6-499f-8da7-eba2f6369b6b,1197ce03-96ae-4670-9ef3-28468625cf46,21f51f84-c1dd-4478-8fb0-1c10b08829a9,True,2025-1-1 0:00
fc000000-0000-0000-0000-000000001109,c6e5a3dd-2b86-49aa-b104-e0a6873c8d0a,5dbe61d1-daa6-4f30-acba-d9094a3f9de3,c75026f9-6eff-43bf-8fa3-700c0f983cde,True,2025-1-1 0:00
fc000000-0000-0000-0000-000000001110,d38aabdb-219c-4f57-a903-7cc8b78a3158,54babe4f-96f7-4e64-a219-73d52337d179,85148e4b-2e24-4675-8180-d8614d826d13,True,2025-1-1 0:00
fc000000-0000-0000-0000-000000001111,8d1f2c2b-4dd4-4959-8ec7-375edd59f999,470809ae-c5f3-4ba1-9522-fd0972619f7f,5470f3a6-8f98-4587-a430-be88c6b9c0ac,True,2025-1-1 0:00
fc000000-0000-0000-0000-000000001112,a7eebaa7-a429-4489-b0f0-1f29b069af63,5f5560cf-c169-4781-8204-fb75ac3408c8,c4e888dd-a15d-461c-83d1-9d2f7a4a3c4b,True,2025-1-1 0:00
fc000000-0000-0000-0000-000000001113,496ce3e5-cf47-4bf4-8874-b4572a97def5,d859a9f6-ce5f-4e3f-8c72-f7e2030f93ce,63626deb-8fc4-4aec-b953-9613fc3e83f6,True,2025-1-1 0:00
fc000000-0000-0000-0000-000000001114,a42c35fe-e9bd-42b0-8787-966596a54f97,10bbf5a6-0d2a-4f76-9579-c153cfc4542f,41a7b674-be1f-4204-80c5-974f9ba24d39,True,2025-1-1 0:00
fc000000-0000-0000-0000-000000001115,5d130317-45b7-4caa-aa92-b38fabf64bd8,33871093-82ae-468b-becb-d5ad477a7b98,647f1864-163b-4b7e-9529-16d0576da166,True,2025-1-1 0:00
fc000000-0000-0000-0000-000000001116,757661f5-15bb-4634-87a2-e83e5e4ac1be,4081baaa-071b-45f4-a25d-ac5121bfccc7,2c0cf7ad-c480-4428-84c9-37060a9a0a37,True,2025-1-1 0:00
fc000000-0000-0000-0000-000000001117,46bdfbfd-5076-4275-808a-0654c0f16d64,470809ae-c5f3-4ba1-9522-fd0972619f7f,c82335ca-73c8-44fb-8e7c-4f7d4965d472,True,2025-1-1 0:00
fc000000-0000-0000-0000-000000001118,13b02d85-0b21-41df-a42b-a3e69627c361,ecb74426-adfd-416f-90ce-ac1136940e59,5cf414a9-7d0b-4cbc-82e9-54a3dd0b9e26,True,2025-1-1 0:00
fc000000-0000-0000-0000-000000001119,685e5824-24fc-4845-b14b-c910e3724267,5dbe61d1-daa6-4f30-acba-d9094a3f9de3,7691d3c4-b420-4c6b-92d4-a2da6fbbc7b3,True,2025-1-1 0:00
fc000000-0000-0000-0000-000000001120,c7b53088-088e-47c7-880c-33fff141f5cc,ecb74426-adfd-416f-90ce-ac1136940e59,a0f45e64-d974-4ed8-99b7-5fe52a283bc9,True,2025-1-1 0:00
fc000000-0000-0000-0000-000000001121,0c1a24dd-8ba8-49c0-9201-209dcec335ff,197fcbc8-7a73-40b5-802f-fa829cd49329,7aca039e-d723-43a5-b97d-b54b07fc5373,True,2025-1-1 0:00
fc000000-0000-0000-0000-000000001122,513980c6-0171-4aff-a7f3-b55f1a3e291d,c0bae7dc-ef7b-4a8b-99fd-c1c1de3a9ed2,d493879f-f5cc-4c9a-bfbd-78a96a34b900,True,2025-1-1 0:00
fc000000-0000-0000-0000-000000001123,9ed14b2b-c050-40f4-a1be-9a0681fc1fcf,c0bae7dc-ef7b-4a8b-99fd-c1c1de3a9ed2,6c9a8c6f-47b7-4e20-b7ec-56eaa99fabda,True,2025-1-1 0:00
fc000000-0000-0000-0000-000000001124,306adbb9-1cd9-4b86-a202-0cdd8351a725,1197ce03-96ae-4670-9ef3-28468625cf46,21f51f84-c1dd-4478-8fb0-1c10b08829a9,True,2025-1-1 0:00
fc000000-0000-0000-0000-000000001125,ac9a69a5-6742-4c61-a0fc-357ffaacb990,5f917eec-d4dc-40cb-94dd-b3272db3f858,b7b9056e-343d-4903-8c65-373151880714,True,2025-1-1 0:00
fc000000-0000-0000-0000-000000001126,dea2856c-266c-404b-ba9a-660bf0018d47,5f917eec-d4dc-40cb-94dd-b3272db3f858,bce1e994-acf3-4090-853f-efbc01836951,True,2025-1-1 0:00
fc000000-0000-0000-0000-000000001127,6e7e1589-f738-4d22-98b1-15f122e473ce,138bec94-c996-4510-895c-6c0af0f6a6fc,aa2ac8a6-12e0-4e15-8fc6-3ce47a710a51,True,2025-1-1 0:00
fc000000-0000-0000-0000-000000001128,1984c3e0-e84b-4f1b-9983-778f9dfd90fc,4cae38a8-4a2b-4f9f-8e47-c51a8fdab4d6,d1d4d95c-2df5-4126-8033-d0a652c4d8b3,True,2025-1-1 0:00
fc000000-0000-0000-0000-000000001129,fa32c4a3-f72f-4edc-85d4-51bde717a0a9,1197ce03-96ae-4670-9ef3-28468625cf46,b4d493a3-2cc4-447f-a34c-327107ec2985,True,2025-1-1 0:00
fc000000-0000-0000-0000-000000001130,add4ca64-cde4-4c81-8e58-d521d898372b,343841d6-b938-4b7d-8523-23d25aa1eeb5,8c1d63cc-3124-4fe9-9b77-352979659082,True,2025-1-1 0:00
fc000000-0000-0000-0000-000000001131,a39cf9a7-18eb-40d7-a536-ac1a43690702,10f25068-4e34-42ca-94b3-96f5288b82ea,e6557dc4-26ce-465e-9ae9-3cc02c70fbc1,True,2025-1-1 0:00
fc000000-0000-0000-0000-000000001132,9c4c8994-4d2e-45ee-98ff-0dc08f89f6dc,9850fdfd-cfa4-4d9d-9b6e-f39e1338186a,2d521cc1-4bc3-4df8-89ba-f75bebaf897b,True,2025-1-1 0:00
fc000000-0000-0000-0000-000000001133,11ec541c-8d14-4ee5-ba4c-dabf82387746,10bbf5a6-0d2a-4f76-9579-c153cfc4542f,41a7b674-be1f-4204-80c5-974f9ba24d39,True,2025-1-1 0:00
fc000000-0000-0000-0000-000000001134,e82dbdfb-34d6-4427-99f1-7334e55a59eb,138bec94-c996-4510-895c-6c0af0f6a6fc,aa2ac8a6-12e0-4e15-8fc6-3ce47a710a51,True,2025-1-1 0:00
fc000000-0000-0000-0000-000000001135,4a4b2be6-742f-4690-bdb4-7f307761ef4c,5f917eec-d4dc-40cb-94dd-b3272db3f858,2489267c-9b73-4948-a360-81d6ae8f9a8e,True,2025-1-1 0:00
fc000000-0000-0000-0000-000000001136,b30cf2fe-a449-40e7-9afa-3ce7a29cf2ec,99a7aaba-40a8-48e3-b8f9-a0d489cfb213,b2f2b002-2222-4b2b-bbbb-222222222222,True,2025-1-1 0:00
fc000000-0000-0000-0000-000000001137,7a48f43c-7ccb-480c-8b26-77c5994cb82e,d6a47d18-5c17-48fb-9992-be67d2da891b,da3708fc-b61e-421e-b7c0-a6c5d3c31779,True,2025-1-1 0:00
fc000000-0000-0000-0000-000000001138,6e313ad1-9e12-4d70-853a-944f567a0acb,4ee5e694-5d88-4a9b-ba2e-eecf653807e1,,True,2025-1-1 0:00
fc000000-0000-0000-0000-000000001139,3cac3d1d-27d2-4009-8a0f-9cd03a389407,ecb74426-adfd-416f-90ce-ac1136940e59,a0f45e64-d974-4ed8-99b7-5fe52a283bc9,True,2025-1-1 0:00
fc000000-0000-0000-0000-000000001140,0646a3ac-eaf3-406e-ac72-d59fddb63b78,ecb74426-adfd-416f-90ce-ac1136940e59,8efb3f1b-df47-4567-ae54-340777480d16,True,2025-1-1 0:00
fc000000-0000-0000-0000-000000001141,c4c6e592-e9bc-4518-b791-482f31803ead,10f25068-4e34-42ca-94b3-96f5288b82ea,e6557dc4-26ce-465e-9ae9-3cc02c70fbc1,True,2025-1-1 0:00
fc000000-0000-0000-0000-000000001142,b99cc638-61d0-49c1-ba47-9fbd822a1ccf,33871093-82ae-468b-becb-d5ad477a7b98,647f1864-163b-4b7e-9529-16d0576da166,True,2025-1-1 0:00
fc000000-0000-0000-0000-000000001143,91dd4711-5e07-4a7e-8a75-d8384fc158b9,1197ce03-96ae-4670-9ef3-28468625cf46,21f51f84-c1dd-4478-8fb0-1c10b08829a9,True,2025-1-1 0:00
fc000000-0000-0000-0000-000000001144,3b4bb16e-1882-4bbf-b79f-0ffd13491af4,ecb74426-adfd-416f-90ce-ac1136940e59,a0f45e64-d974-4ed8-99b7-5fe52a283bc9,True,2025-1-1 0:00
fc000000-0000-0000-0000-000000001145,5e12d3d4-5738-4955-94e3-03608f6a6ab8,470809ae-c5f3-4ba1-9522-fd0972619f7f,5470f3a6-8f98-4587-a430-be88c6b9c0ac,True,2025-1-1 0:00
fc000000-0000-0000-0000-000000001146,3ae8b196-9e9d-443e-b1e5-df65526686e3,a304b977-b01b-44b8-aebb-1186af42aba7,702e83c8-bbc0-4a74-80d5-91db1f72785d,True,2025-1-1 0:00
fc000000-0000-0000-0000-000000001147,146c0b9a-7f1a-4349-acbb-9e635b67f0ed,138bec94-c996-4510-895c-6c0af0f6a6fc,a01eb0c3-5e2f-4b62-abc6-c59b24233509,True,2025-1-1 0:00
fc000000-0000-0000-0000-000000001148,668b8c49-6dd3-4e0d-ab5a-1ae6a0e1829d,5dbe61d1-daa6-4f30-acba-d9094a3f9de3,0b36f32b-64d1-4f8e-be00-e757fe1ffb9d,True,2025-1-1 0:00
fc000000-0000-0000-0000-000000001149,f3a87cae-1f95-490d-9dbc-8f0759a06895,4081baaa-071b-45f4-a25d-ac5121bfccc7,2c0cf7ad-c480-4428-84c9-37060a9a0a37,True,2025-1-1 0:00
fc000000-0000-0000-0000-000000001150,58e082bd-8ad9-4ee9-92ca-be29f3892f4b,1197ce03-96ae-4670-9ef3-28468625cf46,21f51f84-c1dd-4478-8fb0-1c10b08829a9,True,2025-1-1 0:00
fc000000-0000-0000-0000-000000001151,5ac44d91-d7c0-4ddb-ba5c-e152d8954bf7,ecb74426-adfd-416f-90ce-ac1136940e59,5cf414a9-7d0b-4cbc-82e9-54a3dd0b9e26,True,2025-1-1 0:00
fc000000-0000-0000-0000-000000001152,be84dd74-61cb-46bf-b3a8-953d79be7933,77f6700e-88b8-40d8-9b61-ffefe536a5a2,27217365-aff2-447c-9c82-173f36a5173b,True,2025-1-1 0:00
fc000000-0000-0000-0000-000000001153,a1396a46-d38e-4e0b-877e-7e0fd55be66a,c0bae7dc-ef7b-4a8b-99fd-c1c1de3a9ed2,d493879f-f5cc-4c9a-bfbd-78a96a34b900,True,2025-1-1 0:00
fc000000-0000-0000-0000-000000001154,368e80d9-3ba0-46d2-9979-67cbdb69ce6f,5f5560cf-c169-4781-8204-fb75ac3408c8,,True,2025-1-1 0:00
fc000000-0000-0000-0000-000000001155,0db4c3ee-7282-42aa-be41-21732c3658b6,138bec94-c996-4510-895c-6c0af0f6a6fc,aa2ac8a6-12e0-4e15-8fc6-3ce47a710a51,True,2025-1-1 0:00
fc000000-0000-0000-0000-000000001156,3f29e1a8-d818-4cc7-ae35-d92c4bcfa357,4cae38a8-4a2b-4f9f-8e47-c51a8fdab4d6,d1d4d95c-2df5-4126-8033-d0a652c4d8b3,True,2025-1-1 0:00
fc000000-0000-0000-0000-000000001157,a5e859b4-6b8c-4036-b87b-04a4cb2b0181,1197ce03-96ae-4670-9ef3-28468625cf46,21f51f84-c1dd-4478-8fb0-1c10b08829a9,True,2025-1-1 0:00
fc000000-0000-0000-0000-000000001158,49b564d1-e211-41fb-901b-bc102d9bea80,10bbf5a6-0d2a-4f76-9579-c153cfc4542f,41a7b674-be1f-4204-80c5-974f9ba24d39,True,2025-1-1 0:00
fc000000-0000-0000-0000-000000001159,f75aaa41-acce-4021-99a0-070a49650240,197fcbc8-7a73-40b5-802f-fa829cd49329,ba4abcf4-736f-4506-ae63-aad198da3468,True,2025-1-1 0:00
fc000000-0000-0000-0000-000000001160,e2d6be80-968a-41d6-985c-3d1526410c64,10bbf5a6-0d2a-4f76-9579-c153cfc4542f,41a7b674-be1f-4204-80c5-974f9ba24d39,True,2025-1-1 0:00
fc000000-0000-0000-0000-000000001161,4412b726-961e-4fd1-8338-a5b8552490bc,10f25068-4e34-42ca-94b3-96f5288b82ea,8a83c815-be56-48ef-b1de-a8698888d087,True,2025-1-1 0:00
fc000000-0000-0000-0000-000000001162,ffc26e8a-e1ca-436f-86c0-8947b436fd79,c0bae7dc-ef7b-4a8b-99fd-c1c1de3a9ed2,d493879f-f5cc-4c9a-bfbd-78a96a34b900,True,2025-1-1 0:00
fc000000-0000-0000-0000-000000001163,7e6708bc-282e-4db5-b896-947f0d407cb2,4ee5e694-5d88-4a9b-ba2e-eecf653807e1,,True,2025-1-1 0:00
fc000000-0000-0000-0000-000000001164,63e8fcdd-17af-4413-8cd1-39e2012795b1,5f917eec-d4dc-40cb-94dd-b3272db3f858,b1aaab67-e072-48b8-8c61-539917206eec,True,2025-1-1 0:00
fc000000-0000-0000-0000-000000001165,b92f6992-01e1-4a17-ae71-059cf3c0f4c5,c0bae7dc-ef7b-4a8b-99fd-c1c1de3a9ed2,6c9a8c6f-47b7-4e20-b7ec-56eaa99fabda,True,2025-1-1 0:00
fc000000-0000-0000-0000-000000001166,9cb52bae-6893-483a-9614-22be48d7030a,c0bae7dc-ef7b-4a8b-99fd-c1c1de3a9ed2,d493879f-f5cc-4c9a-bfbd-78a96a34b900,True,2025-1-1 0:00
fc000000-0000-0000-0000-000000001167,06b6e3d7-2a69-4879-8453-d20a2e06ac72,c0bae7dc-ef7b-4a8b-99fd-c1c1de3a9ed2,d493879f-f5cc-4c9a-bfbd-78a96a34b900,True,2025-1-1 0:00
fc000000-0000-0000-0000-000000001168,4dba6b15-ff3f-4c41-8b51-0946518c35ab,5f917eec-d4dc-40cb-94dd-b3272db3f858,2489267c-9b73-4948-a360-81d6ae8f9a8e,True,2025-1-1 0:00
fc000000-0000-0000-0000-000000001169,1aee7828-e8ca-4951-b955-3d272a66dbc4,8dcc57a0-79ac-45dd-9db0-efb3d1fd5299,e8840113-28f3-4d0b-8d73-9f513c624c2a,True,2025-1-1 0:00
fc000000-0000-0000-0000-000000001170,641d1345-19c9-4711-89e0-b9bd5db58643,8dcc57a0-79ac-45dd-9db0-efb3d1fd5299,e8840113-28f3-4d0b-8d73-9f513c624c2a,True,2025-1-1 0:00
fc000000-0000-0000-0000-000000001171,e22fba63-c32b-4be4-8707-c42476609842,5f917eec-d4dc-40cb-94dd-b3272db3f858,6898215c-6350-4a2f-b42d-94e3e1d041aa,True,2025-1-1 0:00
fc000000-0000-0000-0000-000000001172,9d3c202d-9381-4147-92a2-c889ecd68121,4cae38a8-4a2b-4f9f-8e47-c51a8fdab4d6,d1d4d95c-2df5-4126-8033-d0a652c4d8b3,True,2025-1-1 0:00
fc000000-0000-0000-0000-000000001173,f73cf74b-e2d3-469e-959f-52fc1a245bce,8dcc57a0-79ac-45dd-9db0-efb3d1fd5299,f5aa12c0-a668-4178-b870-908ba1c7ac67,True,2025-1-1 0:00
fc000000-0000-0000-0000-000000001174,2ab72a84-be1d-4f96-bfc6-cbf4113c345d,5f917eec-d4dc-40cb-94dd-b3272db3f858,b1aaab67-e072-48b8-8c61-539917206eec,True,2025-1-1 0:00
fc000000-0000-0000-0000-000000001175,f90c3450-c059-4971-afde-fa199ffc1790,456e1a68-37c2-454d-948f-a46294d6ba3a,5998245d-af84-4a40-a4ca-75ab6b7272fe,True,2025-1-1 0:00
fc000000-0000-0000-0000-000000001176,8ffc9f7a-c3a4-404a-8794-b81f3fa7176d,1197ce03-96ae-4670-9ef3-28468625cf46,21f51f84-c1dd-4478-8fb0-1c10b08829a9,True,2025-1-1 0:00
fc000000-0000-0000-0000-000000001177,2bded616-68d1-448d-ae54-1bcf470b058f,4cae38a8-4a2b-4f9f-8e47-c51a8fdab4d6,d1d4d95c-2df5-4126-8033-d0a652c4d8b3,True,2025-1-1 0:00
fc000000-0000-0000-0000-000000001178,61a026f1-84fe-4e23-981c-dc964514ca67,c0bae7dc-ef7b-4a8b-99fd-c1c1de3a9ed2,d493879f-f5cc-4c9a-bfbd-78a96a34b900,True,2025-1-1 0:00
fc000000-0000-0000-0000-000000001179,d39d234b-6ab8-4219-809e-d08dcb0e0f25,d6a47d18-5c17-48fb-9992-be67d2da891b,495e316d-c879-4429-b959-68f11987ef6e,True,2025-1-1 0:00
fc000000-0000-0000-0000-000000001180,5e827729-112a-49f4-8575-eb8cfc74b271,d859a9f6-ce5f-4e3f-8c72-f7e2030f93ce,63626deb-8fc4-4aec-b953-9613fc3e83f6,True,2025-1-1 0:00
fc000000-0000-0000-0000-000000001181,72e6add9-4743-4221-8a37-504502dbca6b,5f917eec-d4dc-40cb-94dd-b3272db3f858,b7b9056e-343d-4903-8c65-373151880714,True,2025-1-1 0:00
fc000000-0000-0000-0000-000000001182,8bda802f-25a5-4d3b-a073-e775b8254f4d,c0bae7dc-ef7b-4a8b-99fd-c1c1de3a9ed2,a11031c8-c160-488b-ae57-59320f8e85fa,True,2025-1-1 0:00
fc000000-0000-0000-0000-000000001183,ad2f745b-ddda-4165-b428-6274b3a3294c,5f917eec-d4dc-40cb-94dd-b3272db3f858,ad3bee99-7863-4b55-aa09-b9754b160c47,True,2025-1-1 0:00
fc000000-0000-0000-0000-000000001184,26e419c5-022d-401b-81b0-e1c58f24aa39,197fcbc8-7a73-40b5-802f-fa829cd49329,7aca039e-d723-43a5-b97d-b54b07fc5373,True,2025-1-1 0:00
fc000000-0000-0000-0000-000000001185,ee22ea13-04d5-4669-b113-1ee8a1c679f7,470809ae-c5f3-4ba1-9522-fd0972619f7f,0f1d8c04-97b9-4843-9872-3e78a0272e57,True,2025-1-1 0:00
fc000000-0000-0000-0000-000000001186,dbe4e874-1e0a-44f1-9c88-23243a97f81d,197fcbc8-7a73-40b5-802f-fa829cd49329,7aca039e-d723-43a5-b97d-b54b07fc5373,True,2025-1-1 0:00
fc000000-0000-0000-0000-000000001187,7b1471a1-c276-4f1c-9750-efa7cf61e6f1,10bbf5a6-0d2a-4f76-9579-c153cfc4542f,41a7b674-be1f-4204-80c5-974f9ba24d39,True,2025-1-1 0:00
fc000000-0000-0000-0000-000000001188,285a8087-2909-4baa-b959-149231119cea,9850fdfd-cfa4-4d9d-9b6e-f39e1338186a,2d521cc1-4bc3-4df8-89ba-f75bebaf897b,True,2025-1-1 0:00
fc000000-0000-0000-0000-000000001189,7d4c71df-a292-4891-88e5-5beda4329583,1197ce03-96ae-4670-9ef3-28468625cf46,21f51f84-c1dd-4478-8fb0-1c10b08829a9,True,2025-1-1 0:00
fc000000-0000-0000-0000-000000001190,c1719752-43d5-4d87-bc55-62bed966380d,1197ce03-96ae-4670-9ef3-28468625cf46,21f51f84-c1dd-4478-8fb0-1c10b08829a9,True,2025-1-1 0:00
fc000000-0000-0000-0000-000000001191,757c944a-c4f9-4134-9add-083e6a6d56fd,5f917eec-d4dc-40cb-94dd-b3272db3f858,b1aaab67-e072-48b8-8c61-539917206eec,True,2025-1-1 0:00
fc000000-0000-0000-0000-000000001192,4e56972b-761c-4f40-9a9f-7f636ecd4200,138bec94-c996-4510-895c-6c0af0f6a6fc,b4ecba59-626f-4494-9b9c-6d691e35b839,True,2025-1-1 0:00
fc000000-0000-0000-0000-000000001193,da3d6166-4173-4a53-99bd-458944546172,f0980453-c886-4dd1-8af5-7186fd83578d,9ba4b791-412e-4869-889f-bb12ea9cf9dc,True,2025-1-1 0:00
fc000000-0000-0000-0000-000000001194,33e33b88-95cc-4c7c-86f6-bb90ba44b957,8dcc57a0-79ac-45dd-9db0-efb3d1fd5299,e8840113-28f3-4d0b-8d73-9f513c624c2a,True,2025-1-1 0:00
fc000000-0000-0000-0000-000000001195,22315914-73c8-4e93-bffa-3e10e9040df0,343841d6-b938-4b7d-8523-23d25aa1eeb5,39478e69-751f-45a6-88b2-fd08bf1e80a2,True,2025-1-1 0:00
fc000000-0000-0000-0000-000000001196,f14dff5b-0538-465c-bc0c-d69cd2276f8e,8dcc57a0-79ac-45dd-9db0-efb3d1fd5299,e8840113-28f3-4d0b-8d73-9f513c624c2a,True,2025-1-1 0:00
fc000000-0000-0000-0000-000000001197,75039b3b-5884-4db7-802a-1aaa9e74a3ec,33871093-82ae-468b-becb-d5ad477a7b98,ddabb18e-7453-4430-9ce3-a06f3326cbde,True,2025-1-1 0:00
fc000000-0000-0000-0000-000000001198,6e8ec2e7-0bdf-4dcd-a470-1796fecfca0e,ecb74426-adfd-416f-90ce-ac1136940e59,8efb3f1b-df47-4567-ae54-340777480d16,True,2025-1-1 0:00
fc000000-0000-0000-0000-000000001199,a98ca601-52f4-442e-88f0-472b1708df1d,33871093-82ae-468b-becb-d5ad477a7b98,b2f585d8-8b83-408a-9cd8-10d67d22528c,True,2025-1-1 0:00
fc000000-0000-0000-0000-000000001200,eeb9d325-2e52-4a03-94b8-9a670ad67ec2,197fcbc8-7a73-40b5-802f-fa829cd49329,ba4abcf4-736f-4506-ae63-aad198da3468,True,2025-1-1 0:00
fc000000-0000-0000-0000-000000001201,2341d0f7-22a2-42e5-9bff-ec9b7adfb974,5f917eec-d4dc-40cb-94dd-b3272db3f858,b1aaab67-e072-48b8-8c61-539917206eec,True,2025-1-1 0:00
fc000000-0000-0000-0000-000000001202,9972b15c-9e05-4cc9-b316-2f83608ae522,138bec94-c996-4510-895c-6c0af0f6a6fc,b4ecba59-626f-4494-9b9c-6d691e35b839,True,2025-1-1 0:00
fc000000-0000-0000-0000-000000001203,06150d99-d60c-4ac0-8c8f-85c06d1db882,1197ce03-96ae-4670-9ef3-28468625cf46,21f51f84-c1dd-4478-8fb0-1c10b08829a9,True,2025-1-1 0:00
fc000000-0000-0000-0000-000000001204,076f9595-f226-4efe-addd-f5ed721a824d,1197ce03-96ae-4670-9ef3-28468625cf46,21f51f84-c1dd-4478-8fb0-1c10b08829a9,True,2025-1-1 0:00
fc000000-0000-0000-0000-000000001205,aed4ba4a-1cd7-40f2-a2f3-9e984cfa41a7,8dcc57a0-79ac-45dd-9db0-efb3d1fd5299,e9452b7a-02cb-45b8-a05c-ce1936aae2ea,True,2025-1-1 0:00
fc000000-0000-0000-0000-000000001206,775e0274-77e9-4ad4-8bfb-c06aa4769738,1197ce03-96ae-4670-9ef3-28468625cf46,21f51f84-c1dd-4478-8fb0-1c10b08829a9,True,2025-1-1 0:00
fc000000-0000-0000-0000-000000001207,8f1e19a6-2f62-4caf-9650-4515099fd387,7c844539-83eb-4880-b86c-dd05973f0e0a,01142f8e-82d9-40f3-af4c-6d9b20a078a5,True,2025-1-1 0:00
fc000000-0000-0000-0000-000000001208,aa385e8a-8282-4a6b-ba9e-0f4687c5521b,470809ae-c5f3-4ba1-9522-fd0972619f7f,c82335ca-73c8-44fb-8e7c-4f7d4965d472,True,2025-1-1 0:00
fc000000-0000-0000-0000-000000001209,6bedb6b8-7dce-47de-b44e-d8e064f19564,8dcc57a0-79ac-45dd-9db0-efb3d1fd5299,f5aa12c0-a668-4178-b870-908ba1c7ac67,True,2025-1-1 0:00
fc000000-0000-0000-0000-000000001210,4de1a6a0-2773-413e-8c96-0f0b26d0c816,5f917eec-d4dc-40cb-94dd-b3272db3f858,6898215c-6350-4a2f-b42d-94e3e1d041aa,True,2025-1-1 0:00
fc000000-0000-0000-0000-000000001211,6f207baf-467a-4bc9-9d03-bde54065a98c,4cae38a8-4a2b-4f9f-8e47-c51a8fdab4d6,d1d4d95c-2df5-4126-8033-d0a652c4d8b3,True,2025-1-1 0:00
fc000000-0000-0000-0000-000000001212,f499f3af-585e-42f3-8e89-14cdcc13fd6b,197fcbc8-7a73-40b5-802f-fa829cd49329,ba4abcf4-736f-4506-ae63-aad198da3468,True,2025-1-1 0:00
fc000000-0000-0000-0000-000000001213,09b8df2f-b30f-498f-b8f6-92d468d6540b,254fb67f-3428-43b2-9dfb-c01553f7a6d1,b5f5e003-5555-4e5e-eeee-555555555553,True,2025-1-1 0:00
fc000000-0000-0000-0000-000000001214,674336f4-d914-409b-a647-fb25d34bf997,9850fdfd-cfa4-4d9d-9b6e-f39e1338186a,2d521cc1-4bc3-4df8-89ba-f75bebaf897b,True,2025-1-1 0:00
fc000000-0000-0000-0000-000000001215,e31242a1-2af2-4f86-9d6c-d03bf00a4344,9850fdfd-cfa4-4d9d-9b6e-f39e1338186a,2d521cc1-4bc3-4df8-89ba-f75bebaf897b,True,2025-1-1 0:00
fc000000-0000-0000-0000-000000001216,3c04ecc6-758e-4309-9772-ea49ae30fc60,d57f11d3-f03a-49bf-905e-131a223352cd,af030f0d-629b-4fc2-a83d-2a5117a4a7e3,True,2025-1-1 0:00
fc000000-0000-0000-0000-000000001217,82f31048-406f-4d7f-a046-99ec10729294,d3eb7bae-2fff-4325-b5fc-0d1ef63ce523,b1f1a003-1111-4a1b-aaaa-111111111113,True,2025-1-1 0:00
fc000000-0000-0000-0000-000000001218,7e62eaf4-e82d-4412-8156-99b31f23d11a,8fc98f56-9662-45f7-8bd6-86a56e2142d1,,True,2025-1-1 0:00
fc000000-0000-0000-0000-000000001219,6e904355-935b-417a-afc4-1c1ee02f6c6e,5f5560cf-c169-4781-8204-fb75ac3408c8,49720e2e-bd94-4072-8816-4b2dc97902ed,True,2025-1-1 0:00
fc000000-0000-0000-0000-000000001220,fa9766ba-6af1-4fe6-9226-2e0127fed0dd,4cae38a8-4a2b-4f9f-8e47-c51a8fdab4d6,d1d4d95c-2df5-4126-8033-d0a652c4d8b3,True,2025-1-1 0:00
fc000000-0000-0000-0000-000000001221,a2806baa-5276-4330-88f9-157074983c9e,5f917eec-d4dc-40cb-94dd-b3272db3f858,2489267c-9b73-4948-a360-81d6ae8f9a8e,True,2025-1-1 0:00
fc000000-0000-0000-0000-000000001222,ca92bdd1-644b-4fc3-b09c-96bb1b3a73f8,d57f11d3-f03a-49bf-905e-131a223352cd,ca9c9a7f-95cb-45c5-8668-628ddcc6c673,True,2025-1-1 0:00
fc000000-0000-0000-0000-000000001223,4a8e40e2-1a1a-4772-91db-67b726796311,5f5560cf-c169-4781-8204-fb75ac3408c8,07c2376a-a737-4f36-bc03-1778dd9b71ec,True,2025-1-1 0:00
fc000000-0000-0000-0000-000000001224,0998e044-04d4-450d-84a4-ee3c9202c54a,138bec94-c996-4510-895c-6c0af0f6a6fc,e0e92ae5-9be6-4bfa-8f56-0f28d97e5408,True,2025-1-1 0:00
fc000000-0000-0000-0000-000000001225,2c933293-67d1-4607-942f-368e051b750f,1197ce03-96ae-4670-9ef3-28468625cf46,21f51f84-c1dd-4478-8fb0-1c10b08829a9,True,2025-1-1 0:00
fc000000-0000-0000-0000-000000001226,e99d0859-5f5c-44b7-ac06-667d0a2369b9,5f917eec-d4dc-40cb-94dd-b3272db3f858,ad3bee99-7863-4b55-aa09-b9754b160c47,True,2025-1-1 0:00
fc000000-0000-0000-0000-000000001227,218c53f0-6e82-4f96-99ff-3c2eb52272e3,8dcc57a0-79ac-45dd-9db0-efb3d1fd5299,f5aa12c0-a668-4178-b870-908ba1c7ac67,True,2025-1-1 0:00
fc000000-0000-0000-0000-000000001228,1e28de06-db80-4a2c-aaa8-030a7d216912,197fcbc8-7a73-40b5-802f-fa829cd49329,7aca039e-d723-43a5-b97d-b54b07fc5373,True,2025-1-1 0:00
fc000000-0000-0000-0000-000000001229,f343d665-d06c-4faa-8187-ad6e20892009,ecb74426-adfd-416f-90ce-ac1136940e59,a0f45e64-d974-4ed8-99b7-5fe52a283bc9,True,2025-1-1 0:00
fc000000-0000-0000-0000-000000001230,4f2a1151-2589-40f8-af5b-e54701367688,4081baaa-071b-45f4-a25d-ac5121bfccc7,7e20674c-0cfd-42f7-94dc-124313a44543,True,2025-1-1 0:00
fc000000-0000-0000-0000-000000001231,5daa71f2-08a5-43cc-89e1-635c356945e4,5c249092-11b0-47dc-81ba-1a905c6f45aa,532a6a94-bb92-4ce2-be3e-177bd1e04573,True,2025-1-1 0:00
fc000000-0000-0000-0000-000000001232,ba806bbb-f5c0-4134-ab42-4c8563b70467,138bec94-c996-4510-895c-6c0af0f6a6fc,aa2ac8a6-12e0-4e15-8fc6-3ce47a710a51,True,2025-1-1 0:00
fc000000-0000-0000-0000-000000001233,66e3a60e-b5dc-4f9c-b0df-26bd3798f3c6,138bec94-c996-4510-895c-6c0af0f6a6fc,aa2ac8a6-12e0-4e15-8fc6-3ce47a710a51,True,2025-1-1 0:00
fc000000-0000-0000-0000-000000001234,4005711e-07a2-45cc-8977-01fb3982dfef,138bec94-c996-4510-895c-6c0af0f6a6fc,aa2ac8a6-12e0-4e15-8fc6-3ce47a710a51,True,2025-1-1 0:00
fc000000-0000-0000-0000-000000001235,c589e3a2-f85f-4f10-b8e3-7046fa1cc8a7,343841d6-b938-4b7d-8523-23d25aa1eeb5,8c1d63cc-3124-4fe9-9b77-352979659082,True,2025-1-1 0:00
fc000000-0000-0000-0000-000000001236,a0a00897-4556-4e9f-b321-063241732b52,197fcbc8-7a73-40b5-802f-fa829cd49329,7aca039e-d723-43a5-b97d-b54b07fc5373,True,2025-1-1 0:00
fc000000-0000-0000-0000-000000001237,a6bad5c6-1430-47a0-a43d-c2476108cd24,8dcc57a0-79ac-45dd-9db0-efb3d1fd5299,e8840113-28f3-4d0b-8d73-9f513c624c2a,True,2025-1-1 0:00
fc000000-0000-0000-0000-000000001238,9e2822ea-83fc-4841-9333-0250b98b5eb1,8dcc57a0-79ac-45dd-9db0-efb3d1fd5299,e8840113-28f3-4d0b-8d73-9f513c624c2a,True,2025-1-1 0:00
fc000000-0000-0000-0000-000000001239,b062b012-f72d-44bb-ad21-d0a179942482,56c873fb-d05a-475b-9c58-8e43efcba0b2,dd36eb28-6b48-4071-aa16-f4fbaf70315e,True,2025-1-1 0:00
fc000000-0000-0000-0000-000000001240,d0ba7ddc-8dad-46b9-879f-1b41cf94484a,c0bae7dc-ef7b-4a8b-99fd-c1c1de3a9ed2,d493879f-f5cc-4c9a-bfbd-78a96a34b900,True,2025-1-1 0:00
fc000000-0000-0000-0000-000000001241,aa9824ad-16d7-4803-ab6c-5fb84749e960,4ee5e694-5d88-4a9b-ba2e-eecf653807e1,,True,2025-1-1 0:00
fc000000-0000-0000-0000-000000001242,4d7c5f23-550b-4ec4-8bd9-e08d5c620d6d,5f5560cf-c169-4781-8204-fb75ac3408c8,b2466f6e-39bf-4dad-ac7c-770e2dba5c0b,True,2025-1-1 0:00
fc000000-0000-0000-0000-000000001243,4d6bbe5d-c539-4253-8e3d-f9d65f2d9cf8,ecb74426-adfd-416f-90ce-ac1136940e59,,True,2025-1-1 0:00
fc000000-0000-0000-0000-000000001244,f4cbd01c-5086-423e-a1f6-435dcf73faee,6ac0227c-3313-4551-b93f-6d37821bb3b6,,True,2025-1-1 0:00
fc000000-0000-0000-0000-000000001245,c5aeca23-f605-4353-9da3-4553879fe767,343841d6-b938-4b7d-8523-23d25aa1eeb5,03ef20c9-4602-4b3f-b405-be77706bfc0e,True,2025-1-1 0:00
fc000000-0000-0000-0000-000000001246,c9b0683f-b9b0-4990-b9a5-cc0aac1a7339,d6a47d18-5c17-48fb-9992-be67d2da891b,da3708fc-b61e-421e-b7c0-a6c5d3c31779,True,2025-1-1 0:00
fc000000-0000-0000-0000-000000001247,820ee065-bd1e-4f26-bfab-9921c1de5e27,5f5560cf-c169-4781-8204-fb75ac3408c8,07c2376a-a737-4f36-bc03-1778dd9b71ec,True,2025-1-1 0:00
fc000000-0000-0000-0000-000000001248,601c379d-c035-4344-8031-fd154696ae58,470809ae-c5f3-4ba1-9522-fd0972619f7f,0f1d8c04-97b9-4843-9872-3e78a0272e57,True,2025-1-1 0:00
fc000000-0000-0000-0000-000000001249,98ead1d7-7791-4749-b637-de01bcbd79fc,1197ce03-96ae-4670-9ef3-28468625cf46,21f51f84-c1dd-4478-8fb0-1c10b08829a9,True,2025-1-1 0:00
fc000000-0000-0000-0000-000000001250,264da3ef-6936-4ac7-aedd-dca2124bfaf7,ff1a36e5-3931-487f-8837-3e24af030706,0c678f67-2bdb-4a35-9857-36249d7d66a9,True,2025-1-1 0:00
fc000000-0000-0000-0000-000000001251,2420d57d-00d0-4bc8-83d3-b2630b0d89ce,5f5560cf-c169-4781-8204-fb75ac3408c8,07c2376a-a737-4f36-bc03-1778dd9b71ec,True,2025-1-1 0:00
fc000000-0000-0000-0000-000000001252,55023b30-eb85-4665-b9de-42e3ddab86a5,e5fcf8a7-cb34-4278-8082-a63b9d1856a9,183b53c1-251e-4d71-84ff-9744261a917e,True,2025-1-1 0:00
fc000000-0000-0000-0000-000000001253,2d447f80-94eb-4f41-be62-efca2c638f4a,4081baaa-071b-45f4-a25d-ac5121bfccc7,2c0cf7ad-c480-4428-84c9-37060a9a0a37,True,2025-1-1 0:00
fc000000-0000-0000-0000-000000001254,ef06aa17-c296-4e34-a384-11667b67f20e,138bec94-c996-4510-895c-6c0af0f6a6fc,aa2ac8a6-12e0-4e15-8fc6-3ce47a710a51,True,2025-1-1 0:00
fc000000-0000-0000-0000-000000001255,2e99317e-e0e2-439e-baaa-a784c7cdab64,470809ae-c5f3-4ba1-9522-fd0972619f7f,5470f3a6-8f98-4587-a430-be88c6b9c0ac,True,2025-1-1 0:00
fc000000-0000-0000-0000-000000001256,13404652-c573-42cc-8743-5681bd8a8e75,d859a9f6-ce5f-4e3f-8c72-f7e2030f93ce,63626deb-8fc4-4aec-b953-9613fc3e83f6,True,2025-1-1 0:00
fc000000-0000-0000-0000-000000001257,cd8b6b50-a004-4dca-a897-8355845accd9,197fcbc8-7a73-40b5-802f-fa829cd49329,e8bcbcab-5c6d-44cb-aeeb-8632016ca3cd,True,2025-1-1 0:00
fc000000-0000-0000-0000-000000001258,5b2a4879-83f2-436a-a059-88ad61a67d8d,197fcbc8-7a73-40b5-802f-fa829cd49329,e8bcbcab-5c6d-44cb-aeeb-8632016ca3cd,True,2025-1-1 0:00
fc000000-0000-0000-0000-000000001259,4769715b-b180-412d-b45e-e1c0d158ccb0,ecb74426-adfd-416f-90ce-ac1136940e59,a0f45e64-d974-4ed8-99b7-5fe52a283bc9,True,2025-1-1 0:00
fc000000-0000-0000-0000-000000001260,1535d502-0469-4daf-a1d8-160a9bfc25c7,5f5560cf-c169-4781-8204-fb75ac3408c8,07c2376a-a737-4f36-bc03-1778dd9b71ec,True,2025-1-1 0:00
fc000000-0000-0000-0000-000000001261,800ad2a4-73cd-485e-bf95-2811be10c209,1197ce03-96ae-4670-9ef3-28468625cf46,21f51f84-c1dd-4478-8fb0-1c10b08829a9,True,2025-1-1 0:00
fc000000-0000-0000-0000-000000001262,6da0ba7a-7efe-47d8-bb98-631999ec0ed8,a304b977-b01b-44b8-aebb-1186af42aba7,702e83c8-bbc0-4a74-80d5-91db1f72785d,True,2025-1-1 0:00
fc000000-0000-0000-0000-000000001263,008ba9a0-3420-4c4f-b94b-e98ccfb92464,bd05a5ba-f1c0-4097-93c5-1a06a55ffc29,4302706b-c7fc-4b6a-b194-fb975c3238e7,True,2025-1-1 0:00
fc000000-0000-0000-0000-000000001264,d22f48ae-d7d8-4a74-ac06-5288a1002b49,4ee5e694-5d88-4a9b-ba2e-eecf653807e1,,True,2025-1-1 0:00
fc000000-0000-0000-0000-000000001265,342e1393-9b22-4e47-902d-b1ffda543e2b,343841d6-b938-4b7d-8523-23d25aa1eeb5,8c1d63cc-3124-4fe9-9b77-352979659082,True,2025-1-1 0:00
fc000000-0000-0000-0000-000000001266,00b912c4-79de-48fc-b9ea-339afe2dc898,ecb74426-adfd-416f-90ce-ac1136940e59,,True,2025-1-1 0:00
fc000000-0000-0000-0000-000000001267,414fa8f9-2e34-476a-9214-30c75939ffd9,4cae38a8-4a2b-4f9f-8e47-c51a8fdab4d6,d1d4d95c-2df5-4126-8033-d0a652c4d8b3,True,2025-1-1 0:00
fc000000-0000-0000-0000-000000001268,9fefdd2b-67cf-4faf-8cf3-3595045d42b5,2a186b71-b6dd-44ce-affb-88b8d16eb578,a59bd40a-ab72-4416-80d4-c68a2a96084b,True,2025-1-1 0:00
fc000000-0000-0000-0000-000000001269,625a2450-a4cc-4dd6-a70f-1700e69cebd9,4cae38a8-4a2b-4f9f-8e47-c51a8fdab4d6,d1d4d95c-2df5-4126-8033-d0a652c4d8b3,True,2025-1-1 0:00
fc000000-0000-0000-0000-000000001270,9842fd12-0947-4aca-b1db-27fd59293d46,343841d6-b938-4b7d-8523-23d25aa1eeb5,03ef20c9-4602-4b3f-b405-be77706bfc0e,True,2025-1-1 0:00
fc000000-0000-0000-0000-000000001271,330fae5f-bfe7-4d56-8b99-be93053b076b,c0bae7dc-ef7b-4a8b-99fd-c1c1de3a9ed2,d493879f-f5cc-4c9a-bfbd-78a96a34b900,True,2025-1-1 0:00
fc000000-0000-0000-0000-000000001272,5a16267a-c6bc-48d0-b614-591fe851f2b5,8dcc57a0-79ac-45dd-9db0-efb3d1fd5299,e8840113-28f3-4d0b-8d73-9f513c624c2a,True,2025-1-1 0:00
fc000000-0000-0000-0000-000000001273,d4374ab7-d8cb-40c2-8b18-c303f7ac7180,d6a47d18-5c17-48fb-9992-be67d2da891b,da3708fc-b61e-421e-b7c0-a6c5d3c31779,True,2025-1-1 0:00
fc000000-0000-0000-0000-000000001274,78eab194-5c79-41ce-a88e-e2c78a25da83,93813225-2cbe-4d50-8943-423d4338776a,4eb29058-3bc2-43c5-a3a9-066f9879db4a,True,2025-1-1 0:00
fc000000-0000-0000-0000-000000001275,ddf3c380-a91b-442d-a8dc-c864a9531881,99a7aaba-40a8-48e3-b8f9-a0d489cfb213,b2f2b004-2222-4b2b-bbbb-222222222224,True,2025-1-1 0:00
fc000000-0000-0000-0000-000000001276,8a562cfa-8df8-4ede-b1b0-177474181def,d57f11d3-f03a-49bf-905e-131a223352cd,ca9c9a7f-95cb-45c5-8668-628ddcc6c673,True,2025-1-1 0:00
fc000000-0000-0000-0000-000000001277,3944e6f4-71a2-427f-9ee9-be9123b4c786,ecb74426-adfd-416f-90ce-ac1136940e59,,True,2025-1-1 0:00
fc000000-0000-0000-0000-000000001278,893f2e52-6cf6-47d5-b5fe-6b7010a3584c,4cae38a8-4a2b-4f9f-8e47-c51a8fdab4d6,bb2a9857-6b24-4d60-a41d-dbd92eeab1b8,True,2025-1-1 0:00
fc000000-0000-0000-0000-000000001279,34e45798-1a82-46a3-83f9-fd150db9bcc6,138bec94-c996-4510-895c-6c0af0f6a6fc,e0e92ae5-9be6-4bfa-8f56-0f28d97e5408,True,2025-1-1 0:00
fc000000-0000-0000-0000-000000001280,1d19375e-a663-4e80-9c08-e2ef1f81c4e1,1197ce03-96ae-4670-9ef3-28468625cf46,21f51f84-c1dd-4478-8fb0-1c10b08829a9,True,2025-1-1 0:00
fc000000-0000-0000-0000-000000001281,694d4780-aba1-4cdd-97f9-b121ed7ddf5b,8dcc57a0-79ac-45dd-9db0-efb3d1fd5299,e8840113-28f3-4d0b-8d73-9f513c624c2a,True,2025-1-1 0:00
fc000000-0000-0000-0000-000000001282,18754059-b1a2-4fe8-82e6-f03b0ab69e27,7c844539-83eb-4880-b86c-dd05973f0e0a,01142f8e-82d9-40f3-af4c-6d9b20a078a5,True,2025-1-1 0:00
fc000000-0000-0000-0000-000000001283,e865848c-9184-4d77-9bd7-d79c7f2ea048,a2af5b73-0d5f-4819-8bac-acbdaa32952f,a35c2963-6eb2-49ab-8d40-7ece7e1346eb,True,2025-1-1 0:00
fc000000-0000-0000-0000-000000001284,39cc140a-77e5-4be0-b048-fa76b5e1855f,ecb74426-adfd-416f-90ce-ac1136940e59,5cf414a9-7d0b-4cbc-82e9-54a3dd0b9e26,True,2025-1-1 0:00
fc000000-0000-0000-0000-000000001285,1c4932cd-f7cb-470c-9e7a-08490ea8b5fc,bd05a5ba-f1c0-4097-93c5-1a06a55ffc29,4302706b-c7fc-4b6a-b194-fb975c3238e7,True,2025-1-1 0:00
fc000000-0000-0000-0000-000000001286,9fb067d6-2c0b-4f3d-bfda-12def1739c65,ecb74426-adfd-416f-90ce-ac1136940e59,5cf414a9-7d0b-4cbc-82e9-54a3dd0b9e26,True,2025-1-1 0:00
fc000000-0000-0000-0000-000000001287,b7d417e3-d9a7-4353-b135-fb87ea2e6ba9,1197ce03-96ae-4670-9ef3-28468625cf46,21f51f84-c1dd-4478-8fb0-1c10b08829a9,True,2025-1-1 0:00
fc000000-0000-0000-0000-000000001288,4d20c862-1540-4355-9d20-1ebac8013e9b,470809ae-c5f3-4ba1-9522-fd0972619f7f,5470f3a6-8f98-4587-a430-be88c6b9c0ac,True,2025-1-1 0:00
fc000000-0000-0000-0000-000000001289,a4abc633-5db8-434e-af7d-f0736c5c64b4,5f5560cf-c169-4781-8204-fb75ac3408c8,07c2376a-a737-4f36-bc03-1778dd9b71ec,True,2025-1-1 0:00
fc000000-0000-0000-0000-000000001290,c856bdc2-0ee2-4ead-9cf8-d21a9e1de6ab,4081baaa-071b-45f4-a25d-ac5121bfccc7,fd2f8365-a2f8-418a-b4cc-dc2a368c7b1c,True,2025-1-1 0:00
fc000000-0000-0000-0000-000000001291,c1f34d4c-b778-404c-bb6e-f592a1010d35,4081baaa-071b-45f4-a25d-ac5121bfccc7,7e20674c-0cfd-42f7-94dc-124313a44543,True,2025-1-1 0:00
fc000000-0000-0000-0000-000000001292,94f3cf5e-21a0-4e8e-bb8d-fc53ec0e8b05,470809ae-c5f3-4ba1-9522-fd0972619f7f,c82335ca-73c8-44fb-8e7c-4f7d4965d472,True,2025-1-1 0:00
fc000000-0000-0000-0000-000000001293,a1b5ecef-aa15-47c8-8bb3-b82f668853f3,a304b977-b01b-44b8-aebb-1186af42aba7,b31bcb6b-4206-4cb6-b959-6d06e13bf134,True,2025-1-1 0:00
fc000000-0000-0000-0000-000000001294,94dc5440-bcaa-4091-b89d-edeb843b81ba,7c844539-83eb-4880-b86c-dd05973f0e0a,b8cbc705-1090-4947-8783-70ce2ee9df2a,True,2025-1-1 0:00
fc000000-0000-0000-0000-000000001295,45ee5a61-50be-4fe5-9195-206454f97d63,8fc98f56-9662-45f7-8bd6-86a56e2142d1,,True,2025-1-1 0:00
fc000000-0000-0000-0000-000000001296,fb65cb62-e1a1-438c-8b02-358f665dc97b,4cae38a8-4a2b-4f9f-8e47-c51a8fdab4d6,5890126b-c352-4df7-8341-1ac685154844,True,2025-1-1 0:00
fc000000-0000-0000-0000-000000001297,83b62c7c-0856-4a09-91fa-bb84d254aef6,ecb74426-adfd-416f-90ce-ac1136940e59,8efb3f1b-df47-4567-ae54-340777480d16,True,2025-1-1 0:00
fc000000-0000-0000-0000-000000001298,5bf287bf-8e22-4973-81fd-087eba58d107,8fc98f56-9662-45f7-8bd6-86a56e2142d1,,True,2025-1-1 0:00
fc000000-0000-0000-0000-000000001299,0634f940-c410-4e7e-b782-33b36cd85016,456e1a68-37c2-454d-948f-a46294d6ba3a,4851e333-befa-4ba3-8d43-216661d97bec,True,2025-1-1 0:00
fc000000-0000-0000-0000-000000001300,b09c44a2-eff0-4e76-b866-23cd2d603b28,470809ae-c5f3-4ba1-9522-fd0972619f7f,c82335ca-73c8-44fb-8e7c-4f7d4965d472,True,2025-1-1 0:00
fc000000-0000-0000-0000-000000001301,e3219215-b16e-40bf-8d28-da6f983ddbee,a3ae9791-1572-4564-a7b7-b17e5824951c,50ed2bb6-97ae-4928-9dac-09d7490795cf,True,2025-1-1 0:00
fc000000-0000-0000-0000-000000001302,99bcfc5c-fc74-43ef-a781-d4b7b80621f9,93813225-2cbe-4d50-8943-423d4338776a,c916f879-a7fa-4403-94c3-dcd5d3a03627,True,2025-1-1 0:00
fc000000-0000-0000-0000-000000001303,696b600b-1a53-4d5c-8b40-c414f6f63822,335a566e-8b41-454f-88b7-8ea35818e22d,,True,2025-1-1 0:00
fc000000-0000-0000-0000-000000001304,8cacf5c0-7d8c-4939-a921-8ae84b7c9fc0,197fcbc8-7a73-40b5-802f-fa829cd49329,7aca039e-d723-43a5-b97d-b54b07fc5373,True,2025-1-1 0:00
fc000000-0000-0000-0000-000000001305,0b8a832b-c846-438d-8c85-ecdd14b47e70,4cae38a8-4a2b-4f9f-8e47-c51a8fdab4d6,d1d4d95c-2df5-4126-8033-d0a652c4d8b3,True,2025-1-1 0:00
fc000000-0000-0000-0000-000000001306,8cc7a8ba-a597-4267-93a8-196fb0748a7b,4cae38a8-4a2b-4f9f-8e47-c51a8fdab4d6,d1d4d95c-2df5-4126-8033-d0a652c4d8b3,True,2025-1-1 0:00
fc000000-0000-0000-0000-000000001307,1f695f57-2a49-4cfb-9613-1d75681279b0,56c873fb-d05a-475b-9c58-8e43efcba0b2,60b99ee1-176c-4c3d-a283-8efd22c7a147,True,2025-1-1 0:00
fc000000-0000-0000-0000-000000001308,79850dd5-7469-4271-992c-007ecc84f780,1197ce03-96ae-4670-9ef3-28468625cf46,21f51f84-c1dd-4478-8fb0-1c10b08829a9,True,2025-1-1 0:00
fc000000-0000-0000-0000-000000001309,484b23d2-ebc1-4024-b15e-74f3b40aa0b5,9850fdfd-cfa4-4d9d-9b6e-f39e1338186a,2d521cc1-4bc3-4df8-89ba-f75bebaf897b,True,2025-1-1 0:00
fc000000-0000-0000-0000-000000001310,432cc984-b6b7-444e-bb01-ceaa6b127dc3,8dcc57a0-79ac-45dd-9db0-efb3d1fd5299,e8840113-28f3-4d0b-8d73-9f513c624c2a,True,2025-1-1 0:00
fc000000-0000-0000-0000-000000001311,adab9208-83b4-47b4-9add-d80e5fd238df,5dbe61d1-daa6-4f30-acba-d9094a3f9de3,fb96033c-bccd-44c5-a89d-8cdbdc7d822d,True,2025-1-1 0:00
fc000000-0000-0000-0000-000000001312,8cec93d5-2b49-4943-b804-edef46fd206a,d3eb7bae-2fff-4325-b5fc-0d1ef63ce523,b1f1a003-1111-4a1b-aaaa-111111111113,True,2025-1-1 0:00
fc000000-0000-0000-0000-000000001313,fcd94702-e2d2-4b7d-b303-16a6e17dbe5c,33871093-82ae-468b-becb-d5ad477a7b98,647f1864-163b-4b7e-9529-16d0576da166,True,2025-1-1 0:00
fc000000-0000-0000-0000-000000001314,c56a2d53-aae5-4fdd-b0e4-590658870784,4081baaa-071b-45f4-a25d-ac5121bfccc7,2c0cf7ad-c480-4428-84c9-37060a9a0a37,True,2025-1-1 0:00
fc000000-0000-0000-0000-000000001315,2d37c50d-03c4-4bdf-a509-902324703f8f,138bec94-c996-4510-895c-6c0af0f6a6fc,3b767e55-0e6c-4d6d-90cd-7dc9d70ed6c9,True,2025-1-1 0:00
fc000000-0000-0000-0000-000000001316,55a40515-546a-40d5-8a18-036e2fbe6d71,4cae38a8-4a2b-4f9f-8e47-c51a8fdab4d6,5890126b-c352-4df7-8341-1ac685154844,True,2025-1-1 0:00
fc000000-0000-0000-0000-000000001317,46822ec5-1afb-4114-9ee0-0a879a9665f3,5f917eec-d4dc-40cb-94dd-b3272db3f858,2489267c-9b73-4948-a360-81d6ae8f9a8e,True,2025-1-1 0:00
fc000000-0000-0000-0000-000000001318,d3764418-be6a-48a9-94f8-58c2599902aa,d3eb7bae-2fff-4325-b5fc-0d1ef63ce523,b1f1a003-1111-4a1b-aaaa-111111111113,True,2025-1-1 0:00
fc000000-0000-0000-0000-000000001319,35d74cb5-6f4d-47a1-b7cb-e64871ca6483,197fcbc8-7a73-40b5-802f-fa829cd49329,7aca039e-d723-43a5-b97d-b54b07fc5373,True,2025-1-1 0:00
fc000000-0000-0000-0000-000000001320,1671c4ed-f7ec-4e4b-acf0-4e1dcf4e596c,1197ce03-96ae-4670-9ef3-28468625cf46,21f51f84-c1dd-4478-8fb0-1c10b08829a9,True,2025-1-1 0:00
fc000000-0000-0000-0000-000000001321,3ab9243a-b512-4d3a-9dca-f953a1e2064f,4ee5e694-5d88-4a9b-ba2e-eecf653807e1,,True,2025-1-1 0:00
fc000000-0000-0000-0000-000000001322,2fa4c9cd-0570-4ba7-bd12-c313c3f0d8b3,343841d6-b938-4b7d-8523-23d25aa1eeb5,8c1d63cc-3124-4fe9-9b77-352979659082,True,2025-1-1 0:00
fc000000-0000-0000-0000-000000001323,04542e80-079f-463b-9835-97dbb107a7b4,778fc1c9-c1e1-4135-b04e-4a1d9531ee28,d946fd8d-5b44-40e3-8952-20ac1ea94f5e,True,2025-1-1 0:00
fc000000-0000-0000-0000-000000001324,827b9974-d6b6-4096-80b7-e898017716d4,197fcbc8-7a73-40b5-802f-fa829cd49329,7aca039e-d723-43a5-b97d-b54b07fc5373,True,2025-1-1 0:00
fc000000-0000-0000-0000-000000001325,98af5eba-81d0-4930-b244-78116bc9d58f,9850fdfd-cfa4-4d9d-9b6e-f39e1338186a,2d521cc1-4bc3-4df8-89ba-f75bebaf897b,True,2025-1-1 0:00
fc000000-0000-0000-0000-000000001326,deb62d1a-f254-4b4d-9593-73d5b3832db7,197fcbc8-7a73-40b5-802f-fa829cd49329,7aca039e-d723-43a5-b97d-b54b07fc5373,True,2025-1-1 0:00
fc000000-0000-0000-0000-000000001327,7428c776-358e-4787-9829-b8cc9e4b7126,5f5560cf-c169-4781-8204-fb75ac3408c8,07c2376a-a737-4f36-bc03-1778dd9b71ec,True,2025-1-1 0:00
fc000000-0000-0000-0000-000000001328,c7ceb344-9595-4ea2-b038-7a71e114ad1a,470809ae-c5f3-4ba1-9522-fd0972619f7f,0f1d8c04-97b9-4843-9872-3e78a0272e57,True,2025-1-1 0:00
fc000000-0000-0000-0000-000000001329,6b7f4ad0-a9e2-4f37-aec3-facc2ef1145f,1197ce03-96ae-4670-9ef3-28468625cf46,21f51f84-c1dd-4478-8fb0-1c10b08829a9,True,2025-1-1 0:00
fc000000-0000-0000-0000-000000001330,3a5877c3-557e-4d75-a756-174a9a66b8e2,5f917eec-d4dc-40cb-94dd-b3272db3f858,6898215c-6350-4a2f-b42d-94e3e1d041aa,True,2025-1-1 0:00
fc000000-0000-0000-0000-000000001331,75189098-ba4c-413b-ae22-5e0a3332c6ac,a2af5b73-0d5f-4819-8bac-acbdaa32952f,a35c2963-6eb2-49ab-8d40-7ece7e1346eb,True,2025-1-1 0:00
fc000000-0000-0000-0000-000000001332,787e1c6a-fb32-4095-a173-bfda4d878a96,470809ae-c5f3-4ba1-9522-fd0972619f7f,c82335ca-73c8-44fb-8e7c-4f7d4965d472,True,2025-1-1 0:00
fc000000-0000-0000-0000-000000001333,b5551c45-e898-47e0-83b3-83f96a758429,7c844539-83eb-4880-b86c-dd05973f0e0a,b8cbc705-1090-4947-8783-70ce2ee9df2a,True,2025-1-1 0:00
fc000000-0000-0000-0000-000000001334,ff84be6f-0771-4f78-9b71-bdbf63105d11,197fcbc8-7a73-40b5-802f-fa829cd49329,ba4abcf4-736f-4506-ae63-aad198da3468,True,2025-1-1 0:00
fc000000-0000-0000-0000-000000001335,310d9593-7c6e-49e9-ac6e-9f4824ada61c,ca02fc79-4b0f-46d9-a2ae-ba767deaa976,c1770239-c6ca-46d5-9b31-cfc57bcbf5d5,True,2025-1-1 0:00
fc000000-0000-0000-0000-000000001336,95de03be-5dbc-43de-a311-9ed42af8a4c6,456e1a68-37c2-454d-948f-a46294d6ba3a,4851e333-befa-4ba3-8d43-216661d97bec,True,2025-1-1 0:00
fc000000-0000-0000-0000-000000001337,15a3cb19-8311-4fa8-84c5-e2207e6d33c9,ca02fc79-4b0f-46d9-a2ae-ba767deaa976,d7e752f6-5486-4456-8f64-fec87565d101,True,2025-1-1 0:00
fc000000-0000-0000-0000-000000001338,4a3b6bf8-d8b4-49fe-a60f-0ae23e36a8ec,470809ae-c5f3-4ba1-9522-fd0972619f7f,c82335ca-73c8-44fb-8e7c-4f7d4965d472,True,2025-1-1 0:00
fc000000-0000-0000-0000-000000001339,35d5a1e7-d23f-4f41-ac28-539eab08edd5,138bec94-c996-4510-895c-6c0af0f6a6fc,aa2ac8a6-12e0-4e15-8fc6-3ce47a710a51,True,2025-1-1 0:00
fc000000-0000-0000-0000-000000001340,3023d59a-e807-4d3a-a1fc-9d9874fb3215,470809ae-c5f3-4ba1-9522-fd0972619f7f,0f1d8c04-97b9-4843-9872-3e78a0272e57,True,2025-1-1 0:00
fc000000-0000-0000-0000-000000001341,b0f7ad2a-2c61-42eb-bf72-baf645bff511,456e1a68-37c2-454d-948f-a46294d6ba3a,91e5a9cf-e300-45c3-bd78-5a4d13bb8955,True,2025-1-1 0:00
fc000000-0000-0000-0000-000000001342,3221ccbc-1849-42a9-b8fe-8d3313babe97,335a566e-8b41-454f-88b7-8ea35818e22d,,True,2025-1-1 0:00
fc000000-0000-0000-0000-000000001343,040a1432-17bb-42fa-9ecb-673282b15c4c,bd05a5ba-f1c0-4097-93c5-1a06a55ffc29,0812440c-eaa1-4bf9-bd6a-f4c3485283da,True,2025-1-1 0:00
fc000000-0000-0000-0000-000000001344,771d2a5d-5151-4c3f-befd-76e56857984f,ecb74426-adfd-416f-90ce-ac1136940e59,,True,2025-1-1 0:00
fc000000-0000-0000-0000-000000001345,a2c17f36-adb3-4f26-9e9f-f6a2627bb6dd,138bec94-c996-4510-895c-6c0af0f6a6fc,aa2ac8a6-12e0-4e15-8fc6-3ce47a710a51,True,2025-1-1 0:00
fc000000-0000-0000-0000-000000001346,503883eb-5c43-428a-9348-9eed53859846,dc6c211b-19b9-4eed-9e3e-9d10792b6f55,55f0e264-bbac-49d2-a0ed-46ed38a6de6b,True,2025-1-1 0:00
fc000000-0000-0000-0000-000000001347,f1edcc42-3ff1-48dc-b6a6-99c1616c2997,456e1a68-37c2-454d-948f-a46294d6ba3a,4851e333-befa-4ba3-8d43-216661d97bec,True,2025-1-1 0:00
fc000000-0000-0000-0000-000000001348,e4bae633-39ff-4cd8-b8ea-26077a2db752,54babe4f-96f7-4e64-a219-73d52337d179,85148e4b-2e24-4675-8180-d8614d826d13,True,2025-1-1 0:00
fc000000-0000-0000-0000-000000001349,9a7b315e-beb7-4795-9e56-a1b7f19db1c7,7c844539-83eb-4880-b86c-dd05973f0e0a,08524641-c528-4cb4-9c11-f38b289595cf,True,2025-1-1 0:00
fc000000-0000-0000-0000-000000001350,8d8d949c-a701-42ac-8573-3617f14e0852,4cae38a8-4a2b-4f9f-8e47-c51a8fdab4d6,5890126b-c352-4df7-8341-1ac685154844,True,2025-1-1 0:00
fc000000-0000-0000-0000-000000001351,a513b4c8-e901-465f-9198-97d52faa34e5,7c844539-83eb-4880-b86c-dd05973f0e0a,08524641-c528-4cb4-9c11-f38b289595cf,True,2025-1-1 0:00
fc000000-0000-0000-0000-000000001352,92dcb815-2d93-4dd3-a85e-46501758305f,54babe4f-96f7-4e64-a219-73d52337d179,85148e4b-2e24-4675-8180-d8614d826d13,True,2025-1-1 0:00
fc000000-0000-0000-0000-000000001353,bb08b236-af2d-4612-a11e-a8a64a36c39e,138bec94-c996-4510-895c-6c0af0f6a6fc,aa2ac8a6-12e0-4e15-8fc6-3ce47a710a51,True,2025-1-1 0:00
fc000000-0000-0000-0000-000000001354,a8a20ea4-3f80-4e4e-b66a-184d6e257a88,456e1a68-37c2-454d-948f-a46294d6ba3a,44bbc135-209b-401b-bea5-384bd663155b,True,2025-1-1 0:00
fc000000-0000-0000-0000-000000001355,4e2b2530-6b03-4032-b411-6ba5a15b600d,4cae38a8-4a2b-4f9f-8e47-c51a8fdab4d6,d1d4d95c-2df5-4126-8033-d0a652c4d8b3,True,2025-1-1 0:00
fc000000-0000-0000-0000-000000001356,d30ae99d-70b7-4006-a5f5-d02dbf98f3a9,d859a9f6-ce5f-4e3f-8c72-f7e2030f93ce,63626deb-8fc4-4aec-b953-9613fc3e83f6,True,2025-1-1 0:00
fc000000-0000-0000-0000-000000001357,44e8467f-5d2f-472c-9b4f-fdad2091d184,456e1a68-37c2-454d-948f-a46294d6ba3a,4851e333-befa-4ba3-8d43-216661d97bec,True,2025-1-1 0:00
fc000000-0000-0000-0000-000000001358,bcc2bbf0-b9fe-41bd-a542-ca9f054f1565,138bec94-c996-4510-895c-6c0af0f6a6fc,aa2ac8a6-12e0-4e15-8fc6-3ce47a710a51,True,2025-1-1 0:00
fc000000-0000-0000-0000-000000001359,64cf482c-03ba-453f-bf15-cd93d190caa3,58a9f4ba-24e6-4caa-940b-e5f062be9214,,True,2025-1-1 0:00
fc000000-0000-0000-0000-000000001360,02cc76b8-6ded-4adf-b7e0-1accb3d5745c,343841d6-b938-4b7d-8523-23d25aa1eeb5,8c1d63cc-3124-4fe9-9b77-352979659082,True,2025-1-1 0:00
fc000000-0000-0000-0000-000000001361,b6e03c18-20c0-4df0-b2b3-b3b79b13138f,ca02fc79-4b0f-46d9-a2ae-ba767deaa976,b6094e38-bc3f-414c-886b-c64d56c8a535,True,2025-1-1 0:00
fc000000-0000-0000-0000-000000001362,7ad3286a-da8f-4733-af3e-a1de1114b4fc,bd05a5ba-f1c0-4097-93c5-1a06a55ffc29,4302706b-c7fc-4b6a-b194-fb975c3238e7,True,2025-1-1 0:00
fc000000-0000-0000-0000-000000001363,7f0f595b-7de0-4760-920f-599597a8e46b,456e1a68-37c2-454d-948f-a46294d6ba3a,4851e333-befa-4ba3-8d43-216661d97bec,True,2025-1-1 0:00
fc000000-0000-0000-0000-000000001364,0335f94e-e7d7-4286-9e96-868b4c23f5a4,10f25068-4e34-42ca-94b3-96f5288b82ea,3e83f541-7341-4018-ab30-8c42069de70d,True,2025-1-1 0:00
fc000000-0000-0000-0000-000000001365,6773423b-3f97-4397-a456-32429a487a05,10f25068-4e34-42ca-94b3-96f5288b82ea,,True,2025-1-1 0:00
fc000000-0000-0000-0000-000000001366,1e7705f4-553c-4840-8c6e-df4eec68c672,33871093-82ae-468b-becb-d5ad477a7b98,647f1864-163b-4b7e-9529-16d0576da166,True,2025-1-1 0:00
fc000000-0000-0000-0000-000000001367,07ed38e4-1c11-482e-b87f-450eac2220ef,b28bcd2f-98c3-4e0e-bbae-d05d48bf82e9,,True,2025-1-1 0:00
fc000000-0000-0000-0000-000000001368,2b10c003-c411-4e06-a6c1-79db4f64e32f,4081baaa-071b-45f4-a25d-ac5121bfccc7,fd2f8365-a2f8-418a-b4cc-dc2a368c7b1c,True,2025-1-1 0:00
fc000000-0000-0000-0000-000000001369,4a852805-31ce-496e-a56e-b92f906073ce,5f5560cf-c169-4781-8204-fb75ac3408c8,49720e2e-bd94-4072-8816-4b2dc97902ed,True,2025-1-1 0:00
fc000000-0000-0000-0000-000000001370,7dea93be-a751-4e47-907e-7ad1dd3a2b6e,a3ae9791-1572-4564-a7b7-b17e5824951c,55bd2d50-ae98-42be-852d-d2eccaff0b46,True,2025-1-1 0:00
fc000000-0000-0000-0000-000000001371,8d90ae53-65ea-47cc-a2f4-9fa050a655c2,ecb74426-adfd-416f-90ce-ac1136940e59,,True,2025-1-1 0:00
fc000000-0000-0000-0000-000000001372,9662b822-a1e1-4e3d-8620-b4fbf57e6a8d,c138a247-2179-4e36-aba3-da03ba148f52,ffc78bf0-02d9-4aae-8c6c-a3a140daee7a,True,2025-1-1 0:00
fc000000-0000-0000-0000-000000001373,315a65db-7960-4b2b-a4a0-b25b8dc037e6,10bbf5a6-0d2a-4f76-9579-c153cfc4542f,41a7b674-be1f-4204-80c5-974f9ba24d39,True,2025-1-1 0:00
fc000000-0000-0000-0000-000000001374,cd2a82b0-bfc9-4fc7-8e5c-950a095bb9fc,197fcbc8-7a73-40b5-802f-fa829cd49329,7aca039e-d723-43a5-b97d-b54b07fc5373,True,2025-1-1 0:00
fc000000-0000-0000-0000-000000001375,bccbf5c6-0926-45ff-b070-7cc5e65e73e7,1197ce03-96ae-4670-9ef3-28468625cf46,21f51f84-c1dd-4478-8fb0-1c10b08829a9,True,2025-1-1 0:00
fc000000-0000-0000-0000-000000001376,c7778f21-59da-4ea2-839a-77caf091aae2,d57f11d3-f03a-49bf-905e-131a223352cd,ca9c9a7f-95cb-45c5-8668-628ddcc6c673,True,2025-1-1 0:00
fc000000-0000-0000-0000-000000001377,478399b2-0287-483c-b17e-e8a9f2f70a29,7a9cbfd8-d8a1-4773-8fad-dc210e493a3c,df86960e-a82f-45bd-a26a-195ae461d7f6,True,2025-1-1 0:00
fc000000-0000-0000-0000-000000001378,d1fbdbec-34d6-42d8-b51a-3c1a2ffd584e,e5fcf8a7-cb34-4278-8082-a63b9d1856a9,183b53c1-251e-4d71-84ff-9744261a917e,True,2025-1-1 0:00
fc000000-0000-0000-0000-000000001379,fd2629ea-c741-4b33-a69b-aef07e670903,5f917eec-d4dc-40cb-94dd-b3272db3f858,2489267c-9b73-4948-a360-81d6ae8f9a8e,True,2025-1-1 0:00
fc000000-0000-0000-0000-000000001380,e266460e-a2c7-41ea-be2f-0b6aace2ec69,343841d6-b938-4b7d-8523-23d25aa1eeb5,39478e69-751f-45a6-88b2-fd08bf1e80a2,True,2025-1-1 0:00
fc000000-0000-0000-0000-000000001381,11ad18b9-143b-49c4-9624-2fdbf76d1c40,7c844539-83eb-4880-b86c-dd05973f0e0a,b8cbc705-1090-4947-8783-70ce2ee9df2a,True,2025-1-1 0:00
fc000000-0000-0000-0000-000000001382,71f6195f-ac09-4c0c-a5bd-c7be755a1f2f,8dcc57a0-79ac-45dd-9db0-efb3d1fd5299,f5aa12c0-a668-4178-b870-908ba1c7ac67,True,2026-04-08 19:12:39
fc000000-0000-0000-0000-000000001383,fde2dcc0-7582-4561-9456-5ae9dbfb0c0d,8dcc57a0-79ac-45dd-9db0-efb3d1fd5299,f5aa12c0-a668-4178-b870-908ba1c7ac67,True,2026-04-08 19:12:39
fc000000-0000-0000-0000-000000001384,015b3f47-0e58-47f1-88eb-a903f65d2101,5f917eec-d4dc-40cb-94dd-b3272db3f858,,True,2026-04-08 19:12:39
fc000000-0000-0000-0000-000000001385,f78833ae-2a43-49ba-bc0c-92fdd07c7ea7,197fcbc8-7a73-40b5-802f-fa829cd49329,ba4abcf4-736f-4506-ae63-aad198da3468,True,2026-04-08 19:12:39
fc000000-0000-0000-0000-000000001386,3bb8eca8-3b09-44f2-ab24-de7feff114cc,ce9a4f01-7e24-4171-89d9-beb67adc1d7f,,True,2026-04-08 19:12:39
fc000000-0000-0000-0000-000000001387,f038391c-0c0a-4123-b8e7-ff207b9741c6,d57f11d3-f03a-49bf-905e-131a223352cd,af030f0d-629b-4fc2-a83d-2a5117a4a7e3,True,2026-04-08 19:12:39
fc000000-0000-0000-0000-000000001388,bebe2af1-cd00-48b4-9918-d6e3f05ef6df,10f25068-4e34-42ca-94b3-96f5288b82ea,8a83c815-be56-48ef-b1de-a8698888d087,True,2026-04-08 19:12:39
fc000000-0000-0000-0000-000000001389,d2111d1b-5b38-4541-8d3f-c567dce471e0,ca02fc79-4b0f-46d9-a2ae-ba767deaa976,d7e752f6-5486-4456-8f64-fec87565d101,True,2026-04-08 19:12:39
fc000000-0000-0000-0000-000000001390,275cd8e3-5aab-49f4-823e-3e15a719c6f4,7c844539-83eb-4880-b86c-dd05973f0e0a,2f1177ff-5f3c-4895-adfe-14ea626a7ac4,True,2026-04-08 19:12:39
fc000000-0000-0000-0000-000000001391,d873f4e4-bb7d-4ee3-8f54-1a002615d867,dc3b2dd6-a7eb-4ed7-bf00-750e33978760,fbe91310-b6cd-43ea-b306-e65d2ee5eaad,True,2026-04-08 19:12:39
fc000000-0000-0000-0000-000000001392,82f990e6-2bf0-455f-ab91-bad7e7a8f854,e5fcf8a7-cb34-4278-8082-a63b9d1856a9,eb979557-17dd-4e57-90ac-1854eece7765,True,2026-04-08 19:12:39
fc000000-0000-0000-0000-000000001393,373894c9-839f-448d-ab10-5e1efeb4157b,1197ce03-96ae-4670-9ef3-28468625cf46,21f51f84-c1dd-4478-8fb0-1c10b08829a9,True,2026-04-08 19:12:39
fc000000-0000-0000-0000-000000001394,48318eba-0a7c-491b-878e-2b28748d0429,e5fcf8a7-cb34-4278-8082-a63b9d1856a9,,True,2026-04-08 19:12:39
fc000000-0000-0000-0000-000000001395,350b97e7-d10c-4b4a-b0f4-c4b28c62d9f2,93813225-2cbe-4d50-8943-423d4338776a,23857ab3-ff9c-485c-acea-a192c6d504c9,True,2026-04-08 19:12:39
fc000000-0000-0000-0000-000000001396,e820a79b-dbe8-4359-a5b6-54b8beb38772,138bec94-c996-4510-895c-6c0af0f6a6fc,a01eb0c3-5e2f-4b62-abc6-c59b24233509,True,2026-04-08 19:12:39
fc000000-0000-0000-0000-000000001397,26076fab-59a0-48cb-8cf4-17ed641a2a60,f0980453-c886-4dd1-8af5-7186fd83578d,,True,2026-04-08 19:12:39
fc000000-0000-0000-0000-000000001398,94ce4100-e6b9-40e6-a0e5-ac58962f95f4,456e1a68-37c2-454d-948f-a46294d6ba3a,4851e333-befa-4ba3-8d43-216661d97bec,True,2026-04-08 19:12:39
fc000000-0000-0000-0000-000000001399,a91633e8-b0df-4f96-99a1-232552314e9a,138bec94-c996-4510-895c-6c0af0f6a6fc,3b767e55-0e6c-4d6d-90cd-7dc9d70ed6c9,True,2026-04-08 19:12:39
fc000000-0000-0000-0000-000000001400,4093a4de-6509-4dd9-af6c-d88f17c95254,d57f11d3-f03a-49bf-905e-131a223352cd,af030f0d-629b-4fc2-a83d-2a5117a4a7e3,True,2026-04-08 19:12:39
fc000000-0000-0000-0000-000000001401,7a69cdba-6e83-426b-bae8-7f387c4d89b3,5f5560cf-c169-4781-8204-fb75ac3408c8,07c2376a-a737-4f36-bc03-1778dd9b71ec,True,2026-04-08 19:12:39
fc000000-0000-0000-0000-000000001402,74ebe46b-235e-401f-9692-f43a7c0592c7,7c844539-83eb-4880-b86c-dd05973f0e0a,08524641-c528-4cb4-9c11-f38b289595cf,True,2026-04-08 19:12:39
fc000000-0000-0000-0000-000000001403,0fd52b16-97e7-475f-90ae-f571e405c12a,5f5560cf-c169-4781-8204-fb75ac3408c8,49720e2e-bd94-4072-8816-4b2dc97902ed,True,2026-04-08 19:12:39
fc000000-0000-0000-0000-000000001404,53de2c7c-5ad9-4829-8265-be4a76c0451e,ff1a36e5-3931-487f-8837-3e24af030706,91151206-fdf0-4b12-8740-df708b07dcc6,True,2026-04-08 19:12:39
fc000000-0000-0000-0000-000000001405,45e8b53f-3f13-4a2b-810b-50f9a08593c7,e5fcf8a7-cb34-4278-8082-a63b9d1856a9,eb979557-17dd-4e57-90ac-1854eece7765,True,2026-04-08 19:12:39
fc000000-0000-0000-0000-000000001406,e945d803-56bd-4d4b-b21b-0587db1912f1,197fcbc8-7a73-40b5-802f-fa829cd49329,7aca039e-d723-43a5-b97d-b54b07fc5373,True,2026-04-08 19:12:39
fc000000-0000-0000-0000-000000001407,05a39773-1b84-487b-88fa-cd3127904579,5f5560cf-c169-4781-8204-fb75ac3408c8,07c2376a-a737-4f36-bc03-1778dd9b71ec,True,2026-04-08 19:12:39
fc000000-0000-0000-0000-000000001408,dde3cc73-fd18-4c7e-bbf8-479304bc1354,456e1a68-37c2-454d-948f-a46294d6ba3a,5998245d-af84-4a40-a4ca-75ab6b7272fe,True,2026-04-08 19:12:39
fc000000-0000-0000-0000-000000001409,fa6a1a27-422a-4da4-a922-a0da7ca6983a,7c844539-83eb-4880-b86c-dd05973f0e0a,b8cbc705-1090-4947-8783-70ce2ee9df2a,True,2026-04-08 19:12:39
fc000000-0000-0000-0000-000000001410,cef52ad3-6966-49d8-9c8a-b4bd8589eca5,93813225-2cbe-4d50-8943-423d4338776a,23857ab3-ff9c-485c-acea-a192c6d504c9,True,2026-04-08 19:12:39
fc000000-0000-0000-0000-000000001411,7e7b5238-3eb4-442b-8ddc-307ff7f19e1e,5f5560cf-c169-4781-8204-fb75ac3408c8,49720e2e-bd94-4072-8816-4b2dc97902ed,True,2026-04-08 19:12:39
fc000000-0000-0000-0000-000000001412,e5e31845-6b2c-4060-94bd-3670c3154f2a,456e1a68-37c2-454d-948f-a46294d6ba3a,5998245d-af84-4a40-a4ca-75ab6b7272fe,True,2026-04-08 19:12:39
fc000000-0000-0000-0000-000000001413,1c95bd9a-349e-41e9-b32d-08bf63beb1b0,5f5560cf-c169-4781-8204-fb75ac3408c8,49720e2e-bd94-4072-8816-4b2dc97902ed,True,2026-04-08 19:12:39
fc000000-0000-0000-0000-000000001414,c0aef157-a058-48df-9ba7-6d70f368d351,5f5560cf-c169-4781-8204-fb75ac3408c8,07c2376a-a737-4f36-bc03-1778dd9b71ec,True,2026-04-08 19:12:39
fc000000-0000-0000-0000-000000001415,63feb1b5-d575-4adb-adef-bdd31f2e418b,b28bcd2f-98c3-4e0e-bbae-d05d48bf82e9,,True,2026-04-08 19:12:39
fc000000-0000-0000-0000-000000001416,1f06acd8-b20f-435d-97c2-990f72393150,b28bcd2f-98c3-4e0e-bbae-d05d48bf82e9,,True,2026-04-08 19:12:39
fc000000-0000-0000-0000-000000001417,2e78155d-8dcf-4650-8c3d-e2724f3fea6c,d6a47d18-5c17-48fb-9992-be67d2da891b,da3708fc-b61e-421e-b7c0-a6c5d3c31779,True,2026-04-08 19:12:39
fc000000-0000-0000-0000-000000001418,25650b79-c040-49fd-98b2-391b8442fc8e,ecb74426-adfd-416f-90ce-ac1136940e59,,True,2026-04-08 19:12:39
fc000000-0000-0000-0000-000000001419,6024fecb-aed9-451e-8407-67d11770c8e4,5f5560cf-c169-4781-8204-fb75ac3408c8,07c2376a-a737-4f36-bc03-1778dd9b71ec,True,2026-04-08 19:12:39
fc000000-0000-0000-0000-000000001420,fd0f9b80-fcba-40db-a7be-c85ad0bdd8a0,10bbf5a6-0d2a-4f76-9579-c153cfc4542f,41a7b674-be1f-4204-80c5-974f9ba24d39,True,2026-04-08 19:12:39
fc000000-0000-0000-0000-000000001421,2e941ab3-dc46-4236-a598-6c64fffbabd8,0986f242-a7aa-4df0-bb46-d1f3e5c64cf8,6d04e84f-b2b7-467e-87cc-e8815a67f6f7,True,2026-04-08 19:12:39
fc000000-0000-0000-0000-000000001422,baf1810c-dbc5-4bbe-a171-3d4b24b9fbd5,197fcbc8-7a73-40b5-802f-fa829cd49329,7aca039e-d723-43a5-b97d-b54b07fc5373,True,2026-04-08 19:12:39
fc000000-0000-0000-0000-000000001423,c1b954bf-053b-4089-be77-5cda5d5c8997,75378ce6-f415-4cb9-a1a2-628f22004a53,,True,2026-04-08 19:12:39
fc000000-0000-0000-0000-000000001424,1b74f0e9-3dcf-43bd-8397-2531885e1c72,7c844539-83eb-4880-b86c-dd05973f0e0a,b8cbc705-1090-4947-8783-70ce2ee9df2a,True,2026-04-08 19:12:39
fc000000-0000-0000-0000-000000001425,6f584474-07dc-4c68-8226-bbe67138a72e,10f25068-4e34-42ca-94b3-96f5288b82ea,e6557dc4-26ce-465e-9ae9-3cc02c70fbc1,True,2026-04-08 19:12:39
fc000000-0000-0000-0000-000000001426,256703ae-e88f-4bf8-86e4-cf14edb67482,bd05a5ba-f1c0-4097-93c5-1a06a55ffc29,4302706b-c7fc-4b6a-b194-fb975c3238e7,True,2026-04-08 19:12:39
fc000000-0000-0000-0000-000000001427,249ffac4-e452-4679-b850-34700a2fb0e7,ecb74426-adfd-416f-90ce-ac1136940e59,,True,2026-04-08 19:12:39
fc000000-0000-0000-0000-000000001428,e75fe283-5177-4563-89b9-a10e6f9dd4e3,470809ae-c5f3-4ba1-9522-fd0972619f7f,0f1d8c04-97b9-4843-9872-3e78a0272e57,True,2026-04-08 19:12:39
fc000000-0000-0000-0000-000000001429,ef77c9ce-eafe-4b59-83ec-4b4b7a0f24bf,d859a9f6-ce5f-4e3f-8c72-f7e2030f93ce,63626deb-8fc4-4aec-b953-9613fc3e83f6,True,2026-04-08 19:12:39
fc000000-0000-0000-0000-000000001430,45e4f353-50b6-4173-ae88-85eab50b0631,ff1a36e5-3931-487f-8837-3e24af030706,91151206-fdf0-4b12-8740-df708b07dcc6,True,2026-04-08 19:12:39
fc000000-0000-0000-0000-000000001431,71d9f328-1702-4137-bab1-b433a492a397,7c844539-83eb-4880-b86c-dd05973f0e0a,b8cbc705-1090-4947-8783-70ce2ee9df2a,True,2026-04-08 19:12:39
fc000000-0000-0000-0000-000000001432,4a7addb5-7977-4dad-a3ed-92e4c8eeef9a,d859a9f6-ce5f-4e3f-8c72-f7e2030f93ce,63626deb-8fc4-4aec-b953-9613fc3e83f6,True,2026-04-08 19:12:39
fc000000-0000-0000-0000-000000001433,ab3880d6-1df0-40f6-8692-b7939d80e4ff,ff1a36e5-3931-487f-8837-3e24af030706,91151206-fdf0-4b12-8740-df708b07dcc6,True,2026-04-08 19:12:39
fc000000-0000-0000-0000-000000001434,34c48882-5b3e-49a2-aeac-a5596faa9c19,456e1a68-37c2-454d-948f-a46294d6ba3a,91e5a9cf-e300-45c3-bd78-5a4d13bb8955,True,2026-04-08 19:12:39
fc000000-0000-0000-0000-000000001435,07606452-4433-4923-b636-9e5cd40b7de1,7c844539-83eb-4880-b86c-dd05973f0e0a,01142f8e-82d9-40f3-af4c-6d9b20a078a5,True,2026-04-08 19:12:39
fc000000-0000-0000-0000-000000001436,3b76cd73-3d8b-4a14-b539-ecfdc06ffb57,5f5560cf-c169-4781-8204-fb75ac3408c8,fe5eb9eb-00b1-4d78-8a29-71597abc06c2,True,2026-04-08 19:12:39
fc000000-0000-0000-0000-000000001437,11eafc51-8472-4758-a56f-ccc1e41db5ff,c0bae7dc-ef7b-4a8b-99fd-c1c1de3a9ed2,a11031c8-c160-488b-ae57-59320f8e85fa,True,2026-04-08 19:12:39
fc000000-0000-0000-0000-000000001438,3931f540-d4c6-455f-b377-2e966d2e9993,99a7aaba-40a8-48e3-b8f9-a0d489cfb213,b2f2b002-2222-4b2b-bbbb-222222222222,True,2026-04-08 19:12:39
fc000000-0000-0000-0000-000000001439,a35bd4ab-3a8f-46b1-be4a-1ba699e05e67,ff1a36e5-3931-487f-8837-3e24af030706,91151206-fdf0-4b12-8740-df708b07dcc6,True,2026-04-08 19:12:39
fc000000-0000-0000-0000-000000001440,a86312e5-88cd-41a0-9086-acd895ad9b2d,77f6700e-88b8-40d8-9b61-ffefe536a5a2,27217365-aff2-447c-9c82-173f36a5173b,True,2026-04-08 19:12:39
fc000000-0000-0000-0000-000000001441,cf61aff1-c65d-41a7-9d5e-69ca574f697c,d859a9f6-ce5f-4e3f-8c72-f7e2030f93ce,63626deb-8fc4-4aec-b953-9613fc3e83f6,True,2026-04-08 19:12:39
fc000000-0000-0000-0000-000000001442,7259cde1-3778-442f-a7c9-765b4b8fa8c4,1197ce03-96ae-4670-9ef3-28468625cf46,21f51f84-c1dd-4478-8fb0-1c10b08829a9,True,2026-04-08 19:12:39
fc000000-0000-0000-0000-000000001443,dcbbaaf8-6cef-48cc-bfe9-a253a004c436,5dbe61d1-daa6-4f30-acba-d9094a3f9de3,c75026f9-6eff-43bf-8fa3-700c0f983cde,True,2026-04-08 19:12:39
fc000000-0000-0000-0000-000000001444,463ae953-7c0a-4803-bcd2-f4430483bb6b,e5fcf8a7-cb34-4278-8082-a63b9d1856a9,eb979557-17dd-4e57-90ac-1854eece7765,True,2026-04-08 19:12:39
fc000000-0000-0000-0000-000000001445,c03a705a-035d-4c77-b40f-be223819793d,1197ce03-96ae-4670-9ef3-28468625cf46,21f51f84-c1dd-4478-8fb0-1c10b08829a9,True,2026-04-08 19:12:39
fc000000-0000-0000-0000-000000001446,402a2292-093a-4f1c-86b3-bc7f2d324883,ecb74426-adfd-416f-90ce-ac1136940e59,a0f45e64-d974-4ed8-99b7-5fe52a283bc9,True,2026-04-08 19:12:39
fc000000-0000-0000-0000-000000001447,a0110ad0-5c90-43fb-b6b7-d4ee8cb693be,5f917eec-d4dc-40cb-94dd-b3272db3f858,ad3bee99-7863-4b55-aa09-b9754b160c47,True,2026-04-08 19:12:39
fc000000-0000-0000-0000-000000001448,ad20f59c-0352-44f6-ab87-7d80c556c51c,10f25068-4e34-42ca-94b3-96f5288b82ea,e6557dc4-26ce-465e-9ae9-3cc02c70fbc1,True,2026-04-08 19:12:39
fc000000-0000-0000-0000-000000001449,681a8cfa-4c1a-49ec-bb30-14921a432df1,93813225-2cbe-4d50-8943-423d4338776a,7deb17b5-0399-4c32-913d-5f9ede6b54a4,True,2026-04-08 19:12:39
fc000000-0000-0000-0000-000000001450,3c73fdab-9275-4a49-baea-05ba0ce0cf7f,10bbf5a6-0d2a-4f76-9579-c153cfc4542f,41a7b674-be1f-4204-80c5-974f9ba24d39,True,2026-04-08 19:12:39
fc000000-0000-0000-0000-000000001451,bca12a6b-47b3-4bfc-ae13-097fc9dcf143,ce9a4f01-7e24-4171-89d9-beb67adc1d7f,,True,2026-04-08 19:12:39
fc000000-0000-0000-0000-000000001452,2a05a41c-4416-456f-a9f6-c94f3ac5253a,197fcbc8-7a73-40b5-802f-fa829cd49329,7aca039e-d723-43a5-b97d-b54b07fc5373,True,2026-04-08 19:12:39
fc000000-0000-0000-0000-000000001453,827cd566-9fd4-4265-bb11-e09e03977b51,8dcc57a0-79ac-45dd-9db0-efb3d1fd5299,f5aa12c0-a668-4178-b870-908ba1c7ac67,True,2026-04-08 19:12:39
fc000000-0000-0000-0000-000000001454,9c4f605c-9437-4845-83d0-19fd75814897,7c844539-83eb-4880-b86c-dd05973f0e0a,01142f8e-82d9-40f3-af4c-6d9b20a078a5,True,2026-04-08 19:12:39
fc000000-0000-0000-0000-000000001455,2f4a2c93-8028-43da-84a1-c2e568af6041,5f5560cf-c169-4781-8204-fb75ac3408c8,49720e2e-bd94-4072-8816-4b2dc97902ed,True,2026-04-08 19:12:39
fc000000-0000-0000-0000-000000001456,0a7c6185-8191-4f5f-8aa5-5b675574df90,77f6700e-88b8-40d8-9b61-ffefe536a5a2,27217365-aff2-447c-9c82-173f36a5173b,True,2026-04-08 19:12:39
fc000000-0000-0000-0000-000000001457,b490f502-1cd6-4b1e-b114-9a73412982ae,7c844539-83eb-4880-b86c-dd05973f0e0a,08524641-c528-4cb4-9c11-f38b289595cf,True,2026-04-08 19:12:39
fc000000-0000-0000-0000-000000001458,9ea78094-31c2-4334-8c66-29687df50951,5f5560cf-c169-4781-8204-fb75ac3408c8,07c2376a-a737-4f36-bc03-1778dd9b71ec,True,2026-04-08 19:12:39
fc000000-0000-0000-0000-000000001459,82fe6a24-acf8-4d38-9bcb-d88df758e7c0,197fcbc8-7a73-40b5-802f-fa829cd49329,7aca039e-d723-43a5-b97d-b54b07fc5373,True,2026-04-08 19:12:39
fc000000-0000-0000-0000-000000001460,c41848d2-dccc-4d67-904d-b5508a388758,456e1a68-37c2-454d-948f-a46294d6ba3a,4851e333-befa-4ba3-8d43-216661d97bec,True,2026-04-08 19:12:39
fc000000-0000-0000-0000-000000001461,fc3d97c2-1474-4c17-9b6d-e8a71c52715b,7c844539-83eb-4880-b86c-dd05973f0e0a,08524641-c528-4cb4-9c11-f38b289595cf,True,2026-04-08 19:12:39
fc000000-0000-0000-0000-000000001462,d4531b51-87f4-4d4f-8392-3343a0b48db1,e5fcf8a7-cb34-4278-8082-a63b9d1856a9,eb979557-17dd-4e57-90ac-1854eece7765,True,2026-04-08 19:12:39
fc000000-0000-0000-0000-000000001463,ae26143d-8810-459c-90c8-3f9f4c64f945,a3ae9791-1572-4564-a7b7-b17e5824951c,7a4a6e5a-117c-41ef-84d0-e7d0e4319a59,True,2026-04-08 19:12:39
fc000000-0000-0000-0000-000000001464,46e62930-5c95-4853-9903-cce9ebe1b086,7c844539-83eb-4880-b86c-dd05973f0e0a,b8cbc705-1090-4947-8783-70ce2ee9df2a,True,2026-04-08 19:12:39
fc000000-0000-0000-0000-000000001465,44657985-d233-4828-b347-bcbc81d62392,5f5560cf-c169-4781-8204-fb75ac3408c8,49720e2e-bd94-4072-8816-4b2dc97902ed,True,2026-04-08 19:12:39
fc000000-0000-0000-0000-000000001466,7e0944cb-68b7-4cb3-9325-12c0470a05be,5f5560cf-c169-4781-8204-fb75ac3408c8,49720e2e-bd94-4072-8816-4b2dc97902ed,True,2026-04-08 19:12:39
fc000000-0000-0000-0000-000000001467,cf7a0d77-d1b4-48b3-9cb6-7e8d7a33ccf9,5f917eec-d4dc-40cb-94dd-b3272db3f858,b7b9056e-343d-4903-8c65-373151880714,True,2026-04-08 19:12:39
fc000000-0000-0000-0000-000000001468,12769daf-e295-4f17-af12-4c5f1bcc34a4,138bec94-c996-4510-895c-6c0af0f6a6fc,aa2ac8a6-12e0-4e15-8fc6-3ce47a710a51,True,2026-04-08 19:12:39
fc000000-0000-0000-0000-000000001469,a24db8b2-3197-4d8e-9a3e-88858a31b221,ff1a36e5-3931-487f-8837-3e24af030706,91151206-fdf0-4b12-8740-df708b07dcc6,True,2026-04-08 19:12:39
fc000000-0000-0000-0000-000000001470,6995d391-ecc3-4863-8f4e-3021b83778a0,d859a9f6-ce5f-4e3f-8c72-f7e2030f93ce,efce174e-a81e-4902-9c51-e5cdf3abf3c2,True,2026-04-08 19:12:39
fc000000-0000-0000-0000-000000001471,dc17cb49-7061-4259-9d26-79e841cf298f,5f917eec-d4dc-40cb-94dd-b3272db3f858,ad3bee99-7863-4b55-aa09-b9754b160c47,True,2026-04-08 19:12:39
fc000000-0000-0000-0000-000000001472,c08ff6d3-39e3-4146-b367-823ac380de1d,5f917eec-d4dc-40cb-94dd-b3272db3f858,2489267c-9b73-4948-a360-81d6ae8f9a8e,True,2026-04-08 19:12:39
fc000000-0000-0000-0000-000000001473,aea32a29-bb76-4077-ad5b-9acd85fe3a88,7c844539-83eb-4880-b86c-dd05973f0e0a,01142f8e-82d9-40f3-af4c-6d9b20a078a5,True,2026-04-08 19:12:39
fc000000-0000-0000-0000-000000001474,45a8a2ad-2468-409d-b36a-7d70901facfe,c0bae7dc-ef7b-4a8b-99fd-c1c1de3a9ed2,a11031c8-c160-488b-ae57-59320f8e85fa,True,2026-04-08 19:12:39
fc000000-0000-0000-0000-000000001475,e6415fa6-ceb1-4fa8-b83f-457ece90f78c,5f5560cf-c169-4781-8204-fb75ac3408c8,49720e2e-bd94-4072-8816-4b2dc97902ed,True,2026-04-08 19:12:39
fc000000-0000-0000-0000-000000001476,3c6573cd-4fd2-4e5f-8d10-9b7632e343ed,28572475-7747-45b9-8c58-aa7c2c3f0145,de6e85f2-4d03-48bc-9660-85cd52a507f3,True,2026-04-08 19:12:39
fc000000-0000-0000-0000-000000001477,7fb85e07-8097-4872-b448-a058e234426f,7c844539-83eb-4880-b86c-dd05973f0e0a,08524641-c528-4cb4-9c11-f38b289595cf,True,2026-04-08 19:12:39
fc000000-0000-0000-0000-000000001478,420a3a46-bfd0-4994-a4fd-9d611283ede3,456e1a68-37c2-454d-948f-a46294d6ba3a,4851e333-befa-4ba3-8d43-216661d97bec,True,2026-04-08 19:12:39
fc000000-0000-0000-0000-000000001479,bf57cb9c-5284-4cf0-a08b-59bdd2ff93d2,138bec94-c996-4510-895c-6c0af0f6a6fc,aa2ac8a6-12e0-4e15-8fc6-3ce47a710a51,True,2026-04-08 19:12:39
fc000000-0000-0000-0000-000000001480,180ebb72-d210-459e-adbb-c3e8d3f2b8aa,28572475-7747-45b9-8c58-aa7c2c3f0145,de6e85f2-4d03-48bc-9660-85cd52a507f3,True,2026-04-08 19:12:39
fc000000-0000-0000-0000-000000001481,2d2cf383-0e69-4ac7-a726-df6f0d9c464b,138bec94-c996-4510-895c-6c0af0f6a6fc,aa2ac8a6-12e0-4e15-8fc6-3ce47a710a51,True,2026-04-08 19:12:39
fc000000-0000-0000-0000-000000001482,d3349661-d13b-4a99-a9e3-71cba1c812a9,138bec94-c996-4510-895c-6c0af0f6a6fc,aa2ac8a6-12e0-4e15-8fc6-3ce47a710a51,True,2026-04-08 19:12:39
fc000000-0000-0000-0000-000000001483,ddca0128-cd0d-4332-8788-1de38da33510,470809ae-c5f3-4ba1-9522-fd0972619f7f,c82335ca-73c8-44fb-8e7c-4f7d4965d472,True,2026-04-08 19:12:39
fc000000-0000-0000-0000-000000001484,02a60b08-6ae0-4605-9a2d-22f812a4679e,197fcbc8-7a73-40b5-802f-fa829cd49329,7aca039e-d723-43a5-b97d-b54b07fc5373,True,2026-04-08 19:12:39
fc000000-0000-0000-0000-000000001485,ce60854c-60a2-4ae8-8cc8-3e988cd8c2df,d3eb7bae-2fff-4325-b5fc-0d1ef63ce523,b1f1a004-1111-4a1b-aaaa-111111111114,True,2026-04-08 19:12:39
fc000000-0000-0000-0000-000000001486,3aae618c-c41a-4731-99c3-c3b4998b5a1b,a3ae9791-1572-4564-a7b7-b17e5824951c,7a4a6e5a-117c-41ef-84d0-e7d0e4319a59,True,2026-04-08 19:12:39
fc000000-0000-0000-0000-000000001487,85426e64-56ce-491b-a6fd-741068326be4,5f5560cf-c169-4781-8204-fb75ac3408c8,fe5eb9eb-00b1-4d78-8a29-71597abc06c2,True,2026-04-08 19:12:39
fc000000-0000-0000-0000-000000001488,eaeb80da-6f49-44d3-b2c4-e06dd167e7c8,a3ae9791-1572-4564-a7b7-b17e5824951c,7a4a6e5a-117c-41ef-84d0-e7d0e4319a59,True,2026-04-08 19:12:39
fc000000-0000-0000-0000-000000001489,93a76473-ecf0-4699-9a9d-985bd8457c21,5f5560cf-c169-4781-8204-fb75ac3408c8,49720e2e-bd94-4072-8816-4b2dc97902ed,True,2026-04-08 19:12:39
fc000000-0000-0000-0000-000000001490,6aad3bad-d1dd-42dc-a500-4abfd92fda7f,197fcbc8-7a73-40b5-802f-fa829cd49329,7aca039e-d723-43a5-b97d-b54b07fc5373,True,2026-04-08 19:12:39
fc000000-0000-0000-0000-000000001491,8da2878d-d832-471a-abe7-348845ebb003,c0bae7dc-ef7b-4a8b-99fd-c1c1de3a9ed2,a11031c8-c160-488b-ae57-59320f8e85fa,True,2026-04-08 19:12:39
fc000000-0000-0000-0000-000000001492,e5c67f39-7556-4d9e-a573-22d48e8391e7,5f5560cf-c169-4781-8204-fb75ac3408c8,49720e2e-bd94-4072-8816-4b2dc97902ed,True,2026-04-08 19:12:39
fc000000-0000-0000-0000-000000001493,59c00e5d-601f-4f76-9d42-bd6958ca34d7,7c844539-83eb-4880-b86c-dd05973f0e0a,01142f8e-82d9-40f3-af4c-6d9b20a078a5,True,2026-04-08 19:12:39
fc000000-0000-0000-0000-000000001495,0a456384-13fd-4cca-9798-20fb032eb87f,e5fcf8a7-cb34-4278-8082-a63b9d1856a9,eb979557-17dd-4e57-90ac-1854eece7765,True,2026-04-08 19:12:39
fc000000-0000-0000-0000-000000001496,e20834c9-e741-419f-96cd-6ac80ffcc83a,ecb74426-adfd-416f-90ce-ac1136940e59,,True,2026-04-08 19:12:39
fc000000-0000-0000-0000-000000001497,de07bbb2-42af-4110-951f-b4ac55f5ae5f,c0bae7dc-ef7b-4a8b-99fd-c1c1de3a9ed2,6c9a8c6f-47b7-4e20-b7ec-56eaa99fabda,True,2026-04-08 19:12:39
fc000000-0000-0000-0000-000000001498,57a22f6d-c6a6-4bcd-a6c1-308721c82f98,7c844539-83eb-4880-b86c-dd05973f0e0a,08a2a1f3-d685-42b8-98ce-56296b83f1cf,True,2026-04-08 19:12:39
fc000000-0000-0000-0000-000000001499,0378f21c-1c97-43b5-ad16-b62df158316d,1197ce03-96ae-4670-9ef3-28468625cf46,21f51f84-c1dd-4478-8fb0-1c10b08829a9,True,2026-04-08 19:12:39
fc000000-0000-0000-0000-000000001500,b807484b-a02f-43bf-aa91-b5af589b212b,d859a9f6-ce5f-4e3f-8c72-f7e2030f93ce,63626deb-8fc4-4aec-b953-9613fc3e83f6,True,2026-04-08 19:12:39
fc000000-0000-0000-0000-000000001501,e7aeefcf-b980-4005-8e7f-2d250f192bb0,c0bae7dc-ef7b-4a8b-99fd-c1c1de3a9ed2,a11031c8-c160-488b-ae57-59320f8e85fa,True,2026-04-08 19:12:39
fc000000-0000-0000-0000-000000001502,ff185750-5c38-4ff9-a8bc-5301818b2998,ff1a36e5-3931-487f-8837-3e24af030706,91151206-fdf0-4b12-8740-df708b07dcc6,True,2026-04-08 19:12:39
fc000000-0000-0000-0000-000000001503,f9755e48-a37b-48e7-8883-1530901c6a04,dc3b2dd6-a7eb-4ed7-bf00-750e33978760,fbe91310-b6cd-43ea-b306-e65d2ee5eaad,True,2026-04-08 19:12:39
fc000000-0000-0000-0000-000000001504,48b855e5-a720-45f5-a28d-916f4546153a,1197ce03-96ae-4670-9ef3-28468625cf46,21f51f84-c1dd-4478-8fb0-1c10b08829a9,True,2026-04-08 19:12:39
fc000000-0000-0000-0000-000000001505,85e72f15-376e-4c87-9323-a426a37415c2,ecb74426-adfd-416f-90ce-ac1136940e59,,True,2026-04-08 19:12:39
fc000000-0000-0000-0000-000000001506,2ff2a4e4-42d6-468c-bcb7-ad85b9fef196,1197ce03-96ae-4670-9ef3-28468625cf46,21f51f84-c1dd-4478-8fb0-1c10b08829a9,True,2026-04-08 19:12:39
fc000000-0000-0000-0000-000000001507,32967e49-ea36-4330-be71-c13b3a04f7b4,5f5560cf-c169-4781-8204-fb75ac3408c8,fe5eb9eb-00b1-4d78-8a29-71597abc06c2,True,2026-04-08 19:12:39
fc000000-0000-0000-0000-000000001508,7f400865-b848-474a-9125-f44cdb2e4c8d,5f5560cf-c169-4781-8204-fb75ac3408c8,49720e2e-bd94-4072-8816-4b2dc97902ed,True,2026-04-08 19:12:39
fc000000-0000-0000-0000-000000001509,edb9a3c6-8809-47ac-8878-ecaa4d18ee11,ecb74426-adfd-416f-90ce-ac1136940e59,a0f45e64-d974-4ed8-99b7-5fe52a283bc9,True,2026-04-08 19:12:39
fc000000-0000-0000-0000-000000001510,516d5682-4886-44b9-ba4f-090865d0c2ec,5f917eec-d4dc-40cb-94dd-b3272db3f858,ad3bee99-7863-4b55-aa09-b9754b160c47,True,2026-04-08 19:12:39
fc000000-0000-0000-0000-000000001511,8afb65fb-723d-46e4-a473-fbc96d2e0ce4,d859a9f6-ce5f-4e3f-8c72-f7e2030f93ce,63626deb-8fc4-4aec-b953-9613fc3e83f6,True,2026-04-08 19:12:39
fc000000-0000-0000-0000-000000001512,b93b1c83-37a5-4c73-a858-9f07baf5b45c,4cae38a8-4a2b-4f9f-8e47-c51a8fdab4d6,d1d4d95c-2df5-4126-8033-d0a652c4d8b3,True,2026-04-08 19:12:39
fc000000-0000-0000-0000-000000001513,6611cd70-02d8-474e-878e-d4041600d751,70f60247-60d3-4bce-87a8-ef397833ede6,f9d715bc-2a94-46dc-aedd-d566fe5fca63,True,2026-04-08 19:12:39
fc000000-0000-0000-0000-000000001514,90d91bdd-79c4-4ea3-a405-c3ffc3022483,10f25068-4e34-42ca-94b3-96f5288b82ea,,True,2026-04-08 19:12:39
fc000000-0000-0000-0000-000000001515,310bccc0-5fb9-4201-980f-8b86e3080cdf,ecb74426-adfd-416f-90ce-ac1136940e59,a0f45e64-d974-4ed8-99b7-5fe52a283bc9,True,2026-04-08 19:12:39
fc000000-0000-0000-0000-000000001516,8191b650-cc7a-4f71-ae23-d6a5c0c98f17,f5e5d6a5-6dd0-4af7-acde-327f620fd476,,True,2026-04-08 19:12:39
fc000000-0000-0000-0000-000000001517,5a9e321a-7dd8-4269-b420-6a038a9a9f01,7a9cbfd8-d8a1-4773-8fad-dc210e493a3c,33bb0d61-767c-4973-9da8-08a2744dca7a,True,2026-04-08 19:12:39
fc000000-0000-0000-0000-000000001518,e71b1cca-2eb9-446d-b6ab-4fa2b8f859b9,138bec94-c996-4510-895c-6c0af0f6a6fc,aa2ac8a6-12e0-4e15-8fc6-3ce47a710a51,True,2026-04-08 19:12:39
fc000000-0000-0000-0000-000000001519,afbeb041-f341-4681-ae78-b66086c5c4a1,77f6700e-88b8-40d8-9b61-ffefe536a5a2,27217365-aff2-447c-9c82-173f36a5173b,True,2026-04-08 19:12:39
fc000000-0000-0000-0000-000000001520,c03be570-2a6b-434e-953b-febf86ff9595,138bec94-c996-4510-895c-6c0af0f6a6fc,266323bf-18db-4486-a7d4-a597c5d828ff,True,2026-04-08 19:12:39
fc000000-0000-0000-0000-000000001521,10ab899b-eb21-46af-b676-537c2f624d1b,197fcbc8-7a73-40b5-802f-fa829cd49329,7aca039e-d723-43a5-b97d-b54b07fc5373,True,2026-04-08 19:12:39
fc000000-0000-0000-0000-000000001522,340e5952-38cb-495a-8feb-a2afc79aecd6,9b9a62f5-8465-45c6-adcb-1ba9cb45552d,16d15d29-5bdc-4970-819a-4fb52ed6500d,True,2026-04-08 19:12:39
fc000000-0000-0000-0000-000000001523,3198b4d7-f72a-47d1-801b-dd2f92629705,a4607b32-1492-4625-b7e1-ce88eb426112,2e2c0fd2-f457-4bbf-89a4-6e958905ace1,True,2026-04-08 19:12:39
fc000000-0000-0000-0000-000000001524,e1bc1eb4-41bb-47fc-8fda-a25b51f3501e,10f25068-4e34-42ca-94b3-96f5288b82ea,3e83f541-7341-4018-ab30-8c42069de70d,True,2026-04-08 19:12:39
fc000000-0000-0000-0000-000000001525,b7b029d8-b555-4726-8953-a0ad422871fb,197fcbc8-7a73-40b5-802f-fa829cd49329,7aca039e-d723-43a5-b97d-b54b07fc5373,True,2026-04-08 19:12:39
fc000000-0000-0000-0000-000000001526,b66e92d7-65cb-4795-baa8-3c889cdaa688,8dcc57a0-79ac-45dd-9db0-efb3d1fd5299,f5aa12c0-a668-4178-b870-908ba1c7ac67,True,2026-04-08 19:12:39
fc000000-0000-0000-0000-000000001527,0c4d7978-5e80-43fc-af78-c95ccd4db1ca,4081baaa-071b-45f4-a25d-ac5121bfccc7,7e20674c-0cfd-42f7-94dc-124313a44543,True,2026-04-08 19:12:39
fc000000-0000-0000-0000-000000001528,6b34fe74-dd14-4bd0-a204-ff457a1c9dff,b28bcd2f-98c3-4e0e-bbae-d05d48bf82e9,,True,2026-04-08 19:12:39
fc000000-0000-0000-0000-000000001529,83bb192d-616b-403b-bc6c-8a288177e51a,5f5560cf-c169-4781-8204-fb75ac3408c8,49720e2e-bd94-4072-8816-4b2dc97902ed,True,2026-04-08 19:12:39
fc000000-0000-0000-0000-000000001530,57301679-b8ca-4b40-b1e7-19b2ad58e86d,ff1a36e5-3931-487f-8837-3e24af030706,91151206-fdf0-4b12-8740-df708b07dcc6,True,2026-04-08 19:12:39
fc000000-0000-0000-0000-000000001531,50ce8d4c-69bf-4da8-b1f5-37581773f541,470809ae-c5f3-4ba1-9522-fd0972619f7f,c82335ca-73c8-44fb-8e7c-4f7d4965d472,True,2026-04-08 19:12:39
fc000000-0000-0000-0000-000000001532,68fffadb-c144-4da7-b2f5-5e5705e8a736,5f917eec-d4dc-40cb-94dd-b3272db3f858,ad3bee99-7863-4b55-aa09-b9754b160c47,True,2026-04-08 19:12:39
fc000000-0000-0000-0000-000000001533,8fb9f63a-6d0c-4bfa-8044-5056fad83bef,5f5560cf-c169-4781-8204-fb75ac3408c8,49720e2e-bd94-4072-8816-4b2dc97902ed,True,2026-04-08 19:12:39
fc000000-0000-0000-0000-000000001534,8a818cfb-aedd-4c92-b96c-2dee6139dc7d,456e1a68-37c2-454d-948f-a46294d6ba3a,4851e333-befa-4ba3-8d43-216661d97bec,True,2026-04-08 19:12:39
fc000000-0000-0000-0000-000000001535,ded2cb3a-9f18-4102-bff0-d3872f5de5f5,c0bae7dc-ef7b-4a8b-99fd-c1c1de3a9ed2,d493879f-f5cc-4c9a-bfbd-78a96a34b900,True,2026-04-08 19:12:39
fc000000-0000-0000-0000-000000001536,731b407c-3cfe-44c3-a63e-002ead4ecd18,c0bae7dc-ef7b-4a8b-99fd-c1c1de3a9ed2,d493879f-f5cc-4c9a-bfbd-78a96a34b900,True,2026-04-08 19:12:39
fc000000-0000-0000-0000-000000001537,e34c45d5-9602-47d1-a2d3-bcf7b6c86019,197fcbc8-7a73-40b5-802f-fa829cd49329,7aca039e-d723-43a5-b97d-b54b07fc5373,True,2026-04-08 19:12:39
fc000000-0000-0000-0000-000000001538,0a8bf278-9103-4330-8293-877e82fc176f,93813225-2cbe-4d50-8943-423d4338776a,4eb29058-3bc2-43c5-a3a9-066f9879db4a,True,2026-04-08 19:12:39
fc000000-0000-0000-0000-000000001539,9864c045-7b29-4e45-9969-c6818e40384a,d57f11d3-f03a-49bf-905e-131a223352cd,af030f0d-629b-4fc2-a83d-2a5117a4a7e3,True,2026-04-08 19:12:39
fc000000-0000-0000-0000-000000001540,b8ff148a-6d6e-43c9-8285-8285f7c806a2,5f5560cf-c169-4781-8204-fb75ac3408c8,49720e2e-bd94-4072-8816-4b2dc97902ed,True,2026-04-08 19:12:39
fc000000-0000-0000-0000-000000001541,434a501e-e78b-48f1-829c-fc47eecf8a47,93813225-2cbe-4d50-8943-423d4338776a,c916f879-a7fa-4403-94c3-dcd5d3a03627,True,2026-04-08 19:12:39
fc000000-0000-0000-0000-000000001542,6b8a898d-8b0a-4976-8573-80ec147600e9,7c844539-83eb-4880-b86c-dd05973f0e0a,b8cbc705-1090-4947-8783-70ce2ee9df2a,True,2026-04-08 19:12:39
fc000000-0000-0000-0000-000000001543,221a1912-c124-4805-b007-9dc0a229bb71,8dcc57a0-79ac-45dd-9db0-efb3d1fd5299,f5aa12c0-a668-4178-b870-908ba1c7ac67,True,2026-04-08 19:12:39
fc000000-0000-0000-0000-000000001544,c907ac8e-b198-41e0-8c4a-1c973dcdc6d2,7a9cbfd8-d8a1-4773-8fad-dc210e493a3c,33bb0d61-767c-4973-9da8-08a2744dca7a,True,2026-04-08 19:12:39
fc000000-0000-0000-0000-000000001545,170bdc18-09db-4852-bd4e-70efc54bf9c9,c0bae7dc-ef7b-4a8b-99fd-c1c1de3a9ed2,d493879f-f5cc-4c9a-bfbd-78a96a34b900,True,2026-04-08 19:12:39
fc000000-0000-0000-0000-000000001546,4aac140d-d1e6-4803-9077-6ca81e8bc5b0,7c844539-83eb-4880-b86c-dd05973f0e0a,b8cbc705-1090-4947-8783-70ce2ee9df2a,True,2026-04-08 19:12:39
fc000000-0000-0000-0000-000000001547,3f16105d-4043-4379-95fe-ee86e88bc3a6,5f917eec-d4dc-40cb-94dd-b3272db3f858,2489267c-9b73-4948-a360-81d6ae8f9a8e,True,2026-04-08 19:12:39
fc000000-0000-0000-0000-000000001548,2a259fbe-693d-4f73-906c-43f3fbb4ba75,5f917eec-d4dc-40cb-94dd-b3272db3f858,ad3bee99-7863-4b55-aa09-b9754b160c47,True,2026-04-08 19:12:39
fc000000-0000-0000-0000-000000001549,4952b811-04be-4765-8b35-6a41e6d5c682,197fcbc8-7a73-40b5-802f-fa829cd49329,7aca039e-d723-43a5-b97d-b54b07fc5373,True,2026-04-08 19:12:39
fc000000-0000-0000-0000-000000001550,7dac77dd-aec7-4dea-9eee-f6cf4d67d3e3,4ee5e694-5d88-4a9b-ba2e-eecf653807e1,,True,2026-04-08 19:12:39
fc000000-0000-0000-0000-000000001551,b81515a7-2ce4-49d0-83e2-69737a92dabe,7c844539-83eb-4880-b86c-dd05973f0e0a,08a2a1f3-d685-42b8-98ce-56296b83f1cf,True,2026-04-08 19:12:39
fc000000-0000-0000-0000-000000001552,137c38ca-a226-4fa8-8c0c-08e3b018a736,d3eb7bae-2fff-4325-b5fc-0d1ef63ce523,b1f1a001-1111-4a1b-aaaa-111111111111,True,2026-04-08 19:12:39
fc000000-0000-0000-0000-000000001553,bb54cfd0-6c5a-45d1-b56a-7559e23878a5,ecb74426-adfd-416f-90ce-ac1136940e59,,True,2026-04-08 19:12:39
fc000000-0000-0000-0000-000000001554,e4de6201-4144-4067-bd19-d926915c08d7,197fcbc8-7a73-40b5-802f-fa829cd49329,e8bcbcab-5c6d-44cb-aeeb-8632016ca3cd,True,2026-04-08 19:12:39
fc000000-0000-0000-0000-000000001555,d68af2bd-c63c-4502-aefc-80058beafa9e,b28bcd2f-98c3-4e0e-bbae-d05d48bf82e9,,True,2026-04-08 19:12:39
fc000000-0000-0000-0000-000000001556,7e8ee441-69d0-45af-a65a-d3bd9273e22d,7c844539-83eb-4880-b86c-dd05973f0e0a,b8cbc705-1090-4947-8783-70ce2ee9df2a,True,2026-04-08 19:12:39
fc000000-0000-0000-0000-000000001557,f614f690-4f8c-4386-beca-52ade7d0b047,197fcbc8-7a73-40b5-802f-fa829cd49329,7aca039e-d723-43a5-b97d-b54b07fc5373,True,2026-04-08 19:12:39
fc000000-0000-0000-0000-000000001558,ab820b6a-1cc6-4760-9a3d-36917d4012fa,b28bcd2f-98c3-4e0e-bbae-d05d48bf82e9,,True,2026-04-08 19:12:39
fc000000-0000-0000-0000-000000001559,5aa69bf2-d6cd-4518-a0ce-d3c1834825cc,7c844539-83eb-4880-b86c-dd05973f0e0a,b8cbc705-1090-4947-8783-70ce2ee9df2a,True,2026-04-08 19:12:39
fc000000-0000-0000-0000-000000001560,2991c5f6-f474-4fbe-b3e9-2bccfa7527c3,70f60247-60d3-4bce-87a8-ef397833ede6,d7a23d71-36d9-4c60-95f6-16235e398ec8,True,2026-04-08 19:12:39
fc000000-0000-0000-0000-000000001561,11e33255-5e28-42ce-9ac7-da91eb2c9a2c,28572475-7747-45b9-8c58-aa7c2c3f0145,de6e85f2-4d03-48bc-9660-85cd52a507f3,True,2026-04-08 19:12:39
fc000000-0000-0000-0000-000000001562,69d3937f-a68c-4d96-9540-b9619e632ef9,6bb1c67f-609f-4a2a-af8a-f95ac0357537,99705944-4098-4a95-9369-831b4e666c1a,True,2026-04-08 19:12:39
fc000000-0000-0000-0000-000000001563,45818ba0-6b85-4515-b1e0-39d895c29c52,1197ce03-96ae-4670-9ef3-28468625cf46,21f51f84-c1dd-4478-8fb0-1c10b08829a9,True,2026-04-08 19:12:39
fc000000-0000-0000-0000-000000001564,6c2a3ad2-a7b4-4c88-8fdd-dea147cb325d,1197ce03-96ae-4670-9ef3-28468625cf46,21f51f84-c1dd-4478-8fb0-1c10b08829a9,True,2026-04-08 19:12:39
fc000000-0000-0000-0000-000000001565,760181b5-e9ec-4052-8af9-2349a8cd3508,ecb74426-adfd-416f-90ce-ac1136940e59,,True,2026-04-08 19:12:39
fc000000-0000-0000-0000-000000001566,b896e385-cc29-4816-ace2-2f9e1a86f72e,197fcbc8-7a73-40b5-802f-fa829cd49329,7aca039e-d723-43a5-b97d-b54b07fc5373,True,2026-04-08 19:12:39
fc000000-0000-0000-0000-000000001567,9e5a3db0-5494-4d44-8004-df7da99a126b,197fcbc8-7a73-40b5-802f-fa829cd49329,7aca039e-d723-43a5-b97d-b54b07fc5373,True,2026-04-08 19:12:39
fc000000-0000-0000-0000-000000001568,cbeacc69-4ee4-46d2-8266-b590e488a2f4,a3ae9791-1572-4564-a7b7-b17e5824951c,7a4a6e5a-117c-41ef-84d0-e7d0e4319a59,True,2026-04-08 19:12:39
fc000000-0000-0000-0000-000000001569,194b3ced-6ec0-4cad-b0c2-b0cfa5cf6a35,d3eb7bae-2fff-4325-b5fc-0d1ef63ce523,b1f1a002-1111-4a1b-aaaa-111111111112,True,2026-04-08 19:12:39
fc000000-0000-0000-0000-000000001570,32b9bd0a-ff5a-49a0-8310-9519590a27ab,a3ae9791-1572-4564-a7b7-b17e5824951c,7a4a6e5a-117c-41ef-84d0-e7d0e4319a59,True,2026-04-08 19:12:39
fc000000-0000-0000-0000-000000001571,1e0a6632-d200-4de5-9b7b-59e814a41265,a3ae9791-1572-4564-a7b7-b17e5824951c,7a4a6e5a-117c-41ef-84d0-e7d0e4319a59,True,2026-04-08 19:12:39
fc000000-0000-0000-0000-000000001572,306c8472-0862-47ee-b2c9-f3774f8fbb06,a3ae9791-1572-4564-a7b7-b17e5824951c,7a4a6e5a-117c-41ef-84d0-e7d0e4319a59,True,2026-04-08 19:12:39
fc000000-0000-0000-0000-000000001573,51d87a50-924f-4509-9584-6e379968ebd6,d57f11d3-f03a-49bf-905e-131a223352cd,af030f0d-629b-4fc2-a83d-2a5117a4a7e3,True,2026-04-08 19:12:39
fc000000-0000-0000-0000-000000001574,86f4fdac-9b46-4c56-a89d-7c78892bcd8d,a3ae9791-1572-4564-a7b7-b17e5824951c,7a4a6e5a-117c-41ef-84d0-e7d0e4319a59,True,2026-04-08 19:12:39
fc000000-0000-0000-0000-000000001575,72135422-e990-45a3-8a49-0fac35ff1a28,a3ae9791-1572-4564-a7b7-b17e5824951c,7a4a6e5a-117c-41ef-84d0-e7d0e4319a59,True,2026-04-08 19:12:39
fc000000-0000-0000-0000-000000001576,046a66ab-ba50-4f51-be64-96806f54cc64,3935744f-77f8-479b-b88f-39999b92ed11,,True,2026-04-08 19:12:39
fc000000-0000-0000-0000-000000001577,17e51f9a-75a4-40b4-a728-b9060afdd354,ecb74426-adfd-416f-90ce-ac1136940e59,,True,2026-04-08 19:12:39
fc000000-0000-0000-0000-000000001578,4517b1e4-8d24-40c0-a3b7-8597ea0d252f,ecb74426-adfd-416f-90ce-ac1136940e59,,True,2026-04-08 19:12:39
fc000000-0000-0000-0000-000000001579,1cd9ce2e-2372-45eb-a4ba-d436c1631f1b,5f917eec-d4dc-40cb-94dd-b3272db3f858,2489267c-9b73-4948-a360-81d6ae8f9a8e,True,2026-04-08 19:12:39
fc000000-0000-0000-0000-000000001580,70ce4875-f712-4831-ae17-9a69cc78c14e,5f917eec-d4dc-40cb-94dd-b3272db3f858,ad3bee99-7863-4b55-aa09-b9754b160c47,True,2026-04-08 19:12:39
fc000000-0000-0000-0000-000000001581,93c41510-9412-4045-95a7-d75fffd4838d,bd05a5ba-f1c0-4097-93c5-1a06a55ffc29,4302706b-c7fc-4b6a-b194-fb975c3238e7,True,2026-04-08 19:12:39
fc000000-0000-0000-0000-000000001582,e0a08cb2-4293-4893-8226-52061624a165,7c844539-83eb-4880-b86c-dd05973f0e0a,08524641-c528-4cb4-9c11-f38b289595cf,True,2026-04-08 19:12:39
fc000000-0000-0000-0000-000000001583,82e7875d-11f2-4aa1-9fae-ec0698672254,1197ce03-96ae-4670-9ef3-28468625cf46,f049a0b1-3fa9-4abc-ace2-94d2bfd56985,True,2026-04-08 19:12:39
fc000000-0000-0000-0000-000000001584,4f278ed6-879a-4a21-b9d6-644141725fed,bd05a5ba-f1c0-4097-93c5-1a06a55ffc29,4302706b-c7fc-4b6a-b194-fb975c3238e7,True,2026-04-08 19:12:39
fc000000-0000-0000-0000-000000001585,3b7ac4a4-c1d7-465a-9a6f-90ca374e6c78,456e1a68-37c2-454d-948f-a46294d6ba3a,91e5a9cf-e300-45c3-bd78-5a4d13bb8955,True,2026-04-08 19:12:39
fc000000-0000-0000-0000-000000001586,363a7990-10f2-412d-9248-696caed0b26b,197fcbc8-7a73-40b5-802f-fa829cd49329,7aca039e-d723-43a5-b97d-b54b07fc5373,True,2026-04-08 19:12:39
fc000000-0000-0000-0000-000000001587,f6c7c6cb-3c41-4e39-9c73-810869d865b0,7c844539-83eb-4880-b86c-dd05973f0e0a,b8cbc705-1090-4947-8783-70ce2ee9df2a,True,2026-04-08 19:12:39
fc000000-0000-0000-0000-000000001588,666bff0f-590b-472e-bf53-4083cf4ecf87,4081baaa-071b-45f4-a25d-ac5121bfccc7,7e20674c-0cfd-42f7-94dc-124313a44543,True,2026-04-08 19:12:39
fc000000-0000-0000-0000-000000001589,ff23195c-8892-4f46-8bdd-e486bfff44d8,a304b977-b01b-44b8-aebb-1186af42aba7,4ff58de7-1563-4fff-8853-28266fa37e7f,True,2026-04-08 19:12:39
fc000000-0000-0000-0000-000000001590,d700241a-110e-46e7-8e94-c911a0f390d0,93813225-2cbe-4d50-8943-423d4338776a,4eb29058-3bc2-43c5-a3a9-066f9879db4a,True,2026-04-08 19:12:39
fc000000-0000-0000-0000-000000001591,253ebbc3-e9cd-4eea-ae34-5bff8664bdba,7c844539-83eb-4880-b86c-dd05973f0e0a,08a2a1f3-d685-42b8-98ce-56296b83f1cf,True,2026-04-08 19:12:39
fc000000-0000-0000-0000-000000001592,532283fb-8dcf-4669-af3a-08fedb48d97a,197fcbc8-7a73-40b5-802f-fa829cd49329,7aca039e-d723-43a5-b97d-b54b07fc5373,True,2026-04-08 19:12:39
fc000000-0000-0000-0000-000000001593,46b47999-8892-436a-ba7d-836d4b1d2a65,10bbf5a6-0d2a-4f76-9579-c153cfc4542f,41a7b674-be1f-4204-80c5-974f9ba24d39,True,2026-04-08 19:12:39
fc000000-0000-0000-0000-000000001594,05162bae-1ed7-4f52-bcfb-d23ff865984d,343841d6-b938-4b7d-8523-23d25aa1eeb5,03ef20c9-4602-4b3f-b405-be77706bfc0e,True,2026-04-08 19:12:39
fc000000-0000-0000-0000-000000001595,521b4bab-cdd2-4f68-a7b6-bfcf0b77f93c,93813225-2cbe-4d50-8943-423d4338776a,c916f879-a7fa-4403-94c3-dcd5d3a03627,True,2026-04-08 19:12:39
fc000000-0000-0000-0000-000000001596,3f9016b1-3fb5-416d-aa5c-17d815b05ccc,7c844539-83eb-4880-b86c-dd05973f0e0a,b8cbc705-1090-4947-8783-70ce2ee9df2a,True,2026-04-08 19:12:39
fc000000-0000-0000-0000-000000001597,db5d198c-55e3-4de6-9330-d63063b737ce,77f6700e-88b8-40d8-9b61-ffefe536a5a2,27217365-aff2-447c-9c82-173f36a5173b,True,2026-04-08 19:12:39
fc000000-0000-0000-0000-000000001598,39e6dba7-33ae-446c-bce5-d56c741a644c,e5fcf8a7-cb34-4278-8082-a63b9d1856a9,eb979557-17dd-4e57-90ac-1854eece7765,True,2026-04-08 19:12:39
fc000000-0000-0000-0000-000000001599,115b5702-6036-46a8-99e3-1737c480e826,8dcc57a0-79ac-45dd-9db0-efb3d1fd5299,f5aa12c0-a668-4178-b870-908ba1c7ac67,True,2026-04-08 19:12:39
fc000000-0000-0000-0000-000000001600,5a0fc421-9c8e-4c36-9a25-2263e2cd8a70,b28bcd2f-98c3-4e0e-bbae-d05d48bf82e9,,True,2026-04-08 19:12:39
fc000000-0000-0000-0000-000000001601,af6cd677-a7ac-4d37-96b7-826828162f0a,dc3b2dd6-a7eb-4ed7-bf00-750e33978760,fbe91310-b6cd-43ea-b306-e65d2ee5eaad,True,2026-04-08 19:12:39
fc000000-0000-0000-0000-000000001602,8085a97f-136f-461d-8b00-4930751c8438,5f917eec-d4dc-40cb-94dd-b3272db3f858,2489267c-9b73-4948-a360-81d6ae8f9a8e,True,2026-04-08 19:12:39
fc000000-0000-0000-0000-000000001603,dff44139-a2f6-4f01-9972-efcc3f4953a2,456e1a68-37c2-454d-948f-a46294d6ba3a,4851e333-befa-4ba3-8d43-216661d97bec,True,2026-04-08 19:12:39
fc000000-0000-0000-0000-000000001604,54061748-f9b2-4868-986f-028c7a12c47d,ca02fc79-4b0f-46d9-a2ae-ba767deaa976,c1770239-c6ca-46d5-9b31-cfc57bcbf5d5,True,2026-04-08 19:12:39
fc000000-0000-0000-0000-000000001605,f7108edd-2246-478e-a305-83838055aa0a,8dcc57a0-79ac-45dd-9db0-efb3d1fd5299,f5aa12c0-a668-4178-b870-908ba1c7ac67,True,2026-04-08 19:12:39
fc000000-0000-0000-0000-000000001606,0979da3a-0aa4-4ce6-bb94-9b6f94290e5e,8d009eb0-2234-4ba9-9768-f922672929f0,12328925-dd54-469f-bb65-f8d66ee8c7f5,True,2026-04-08 19:12:39
fc000000-0000-0000-0000-000000001607,28796ba6-95cf-41d8-8ec2-5fcf40a91c4e,f5e5d6a5-6dd0-4af7-acde-327f620fd476,,True,2026-04-08 19:12:39
fc000000-0000-0000-0000-000000001608,e0b3eb60-b34e-459b-9fae-d8630edccce8,c0bae7dc-ef7b-4a8b-99fd-c1c1de3a9ed2,a11031c8-c160-488b-ae57-59320f8e85fa,True,2026-04-08 19:12:39
fc000000-0000-0000-0000-000000001609,7228105e-54cb-4648-95d3-79f73816d40c,b45b8235-8a17-48af-9a87-71873063f8f5,,True,2026-04-08 19:12:39
fc000000-0000-0000-0000-000000001610,fe0071d2-51dc-4607-8373-eeb6f68ce331,1197ce03-96ae-4670-9ef3-28468625cf46,21f51f84-c1dd-4478-8fb0-1c10b08829a9,True,2026-04-08 19:12:39
fc000000-0000-0000-0000-000000001611,ab11fb35-6e8b-48ba-bf68-dc23b8752241,93813225-2cbe-4d50-8943-423d4338776a,4eb29058-3bc2-43c5-a3a9-066f9879db4a,True,2026-04-08 19:12:39
fc000000-0000-0000-0000-000000001612,4ef7dc56-bd65-41ef-9715-aedb5dd27219,8d009eb0-2234-4ba9-9768-f922672929f0,12328925-dd54-469f-bb65-f8d66ee8c7f5,True,2026-04-08 19:12:39
fc000000-0000-0000-0000-000000001613,b7a6bdfc-65d5-445d-9913-0f83957f07d4,4cae38a8-4a2b-4f9f-8e47-c51a8fdab4d6,5890126b-c352-4df7-8341-1ac685154844,True,2026-04-08 19:12:39
fc000000-0000-0000-0000-000000001614,a7564972-ba87-4877-9d41-acb9fefbf59f,5f917eec-d4dc-40cb-94dd-b3272db3f858,2489267c-9b73-4948-a360-81d6ae8f9a8e,True,2026-04-08 19:12:39
fc000000-0000-0000-0000-000000001615,ea981fdf-df69-44f2-af94-bb35a9e2cb33,ca02fc79-4b0f-46d9-a2ae-ba767deaa976,d7e752f6-5486-4456-8f64-fec87565d101,True,2026-04-08 19:12:39
fc000000-0000-0000-0000-000000001616,bbe64b17-8009-4b07-892f-2af3e28aad47,b28bcd2f-98c3-4e0e-bbae-d05d48bf82e9,,True,2026-04-08 19:12:39
fc000000-0000-0000-0000-000000001617,978351eb-89a2-4dfc-ad74-bd1699ec46b7,75378ce6-f415-4cb9-a1a2-628f22004a53,,True,2026-04-08 19:12:39
fc000000-0000-0000-0000-000000001618,b20186a5-4fef-440f-bdda-660c53e16f98,10f25068-4e34-42ca-94b3-96f5288b82ea,,True,2026-04-08 19:12:39
fc000000-0000-0000-0000-000000001619,8466be1a-e05a-4c1e-96f7-450c9001c887,7c844539-83eb-4880-b86c-dd05973f0e0a,b8cbc705-1090-4947-8783-70ce2ee9df2a,True,2026-04-08 19:12:39
fc000000-0000-0000-0000-000000001620,a3ef0e9b-6339-44d6-b6c7-a3222094ced0,456e1a68-37c2-454d-948f-a46294d6ba3a,91e5a9cf-e300-45c3-bd78-5a4d13bb8955,True,2026-04-08 19:12:39
fc000000-0000-0000-0000-000000001621,5e04cec3-5a19-4ddb-af8e-a90c246aaf27,53641b9b-58cc-4bdd-b2fd-c698a2c44026,,True,2026-04-08 19:12:39
fc000000-0000-0000-0000-000000001622,9bb9cce1-d65e-4bd7-bce2-b1b21bb51b0f,197fcbc8-7a73-40b5-802f-fa829cd49329,7aca039e-d723-43a5-b97d-b54b07fc5373,True,2026-04-08 19:12:39
fc000000-0000-0000-0000-000000001623,4ba91102-d423-45df-b13c-fd4df7c33829,197fcbc8-7a73-40b5-802f-fa829cd49329,7aca039e-d723-43a5-b97d-b54b07fc5373,True,2026-04-08 19:12:39
fc000000-0000-0000-0000-000000001624,60f44cc4-08c5-4cbe-aa90-22cfb4585fa3,d3eb7bae-2fff-4325-b5fc-0d1ef63ce523,b1f1a004-1111-4a1b-aaaa-111111111114,True,2026-04-08 19:12:39
fc000000-0000-0000-0000-000000001625,d20d8d09-a8b1-4d6f-8276-e6dccc6f4021,7c844539-83eb-4880-b86c-dd05973f0e0a,01142f8e-82d9-40f3-af4c-6d9b20a078a5,True,2026-04-08 19:12:39
fc000000-0000-0000-0000-000000001626,0f7b1dfb-6465-41c9-b4ce-658e128d0be9,ecb74426-adfd-416f-90ce-ac1136940e59,,True,2026-04-08 19:12:39
fc000000-0000-0000-0000-000000001627,2ce9a821-2d18-48a7-ad48-1fba7446679d,ecb74426-adfd-416f-90ce-ac1136940e59,a0f45e64-d974-4ed8-99b7-5fe52a283bc9,True,2026-04-08 19:12:39
fc000000-0000-0000-0000-000000001628,0735dcf7-560e-4e4c-be0b-99260c6b837d,c0bae7dc-ef7b-4a8b-99fd-c1c1de3a9ed2,a11031c8-c160-488b-ae57-59320f8e85fa,True,2026-04-08 19:12:39
fc000000-0000-0000-0000-000000001629,5429b3df-c460-40b1-8e80-3f1bea1c4027,343841d6-b938-4b7d-8523-23d25aa1eeb5,03ef20c9-4602-4b3f-b405-be77706bfc0e,True,2026-04-08 19:12:39
fc000000-0000-0000-0000-000000001630,8209c7db-865c-4547-a936-649b5e83dc74,ecb74426-adfd-416f-90ce-ac1136940e59,5cf414a9-7d0b-4cbc-82e9-54a3dd0b9e26,True,2026-04-08 19:12:39
fc000000-0000-0000-0000-000000001631,2ff3fd75-7495-4ceb-8d6b-28714be2fff1,70f60247-60d3-4bce-87a8-ef397833ede6,d7a23d71-36d9-4c60-95f6-16235e398ec8,True,2026-04-08 19:12:39
fc000000-0000-0000-0000-000000001632,03e02fb4-1324-4763-a897-e2bf20edce2c,70f60247-60d3-4bce-87a8-ef397833ede6,d7a23d71-36d9-4c60-95f6-16235e398ec8,True,2026-04-08 19:12:39
fc000000-0000-0000-0000-000000001633,85bf50d5-dc03-4987-95df-50fb792fee54,dc3b2dd6-a7eb-4ed7-bf00-750e33978760,fbe91310-b6cd-43ea-b306-e65d2ee5eaad,True,2026-04-08 19:12:39
fc000000-0000-0000-0000-000000001634,8eb5ced2-32bd-4428-bff4-29ab24d95ad2,70f60247-60d3-4bce-87a8-ef397833ede6,d7a23d71-36d9-4c60-95f6-16235e398ec8,True,2026-04-08 19:12:39
fc000000-0000-0000-0000-000000001635,ce2a68f4-57b1-4ff4-b31c-05938d8f01a3,70f60247-60d3-4bce-87a8-ef397833ede6,d7a23d71-36d9-4c60-95f6-16235e398ec8,True,2026-04-08 19:12:39
fc000000-0000-0000-0000-000000001636,d4adabd2-b442-4ebd-abc5-4b10a1388102,70f60247-60d3-4bce-87a8-ef397833ede6,f9d715bc-2a94-46dc-aedd-d566fe5fca63,True,2026-04-08 19:12:39
fc000000-0000-0000-0000-000000001637,d9deab20-efd6-48be-a4ce-708e5e1766ad,7c844539-83eb-4880-b86c-dd05973f0e0a,b8cbc705-1090-4947-8783-70ce2ee9df2a,True,2026-04-08 19:12:39
fc000000-0000-0000-0000-000000001638,b466d81d-d2b0-4677-85cb-eb41d868a83e,7c844539-83eb-4880-b86c-dd05973f0e0a,08524641-c528-4cb4-9c11-f38b289595cf,True,2026-04-08 19:12:39
fc000000-0000-0000-0000-000000001639,60cb572b-5a35-4ad3-b0ad-5b5c4f51db07,70f60247-60d3-4bce-87a8-ef397833ede6,f9d715bc-2a94-46dc-aedd-d566fe5fca63,True,2026-04-08 19:12:39
fc000000-0000-0000-0000-000000001640,6570f205-769a-42a4-9405-c152f91daa21,70f60247-60d3-4bce-87a8-ef397833ede6,d7a23d71-36d9-4c60-95f6-16235e398ec8,True,2026-04-08 19:12:39
fc000000-0000-0000-0000-000000001641,43d91885-2c72-4a14-a254-d9bd2a1c3ed8,70f60247-60d3-4bce-87a8-ef397833ede6,f9d715bc-2a94-46dc-aedd-d566fe5fca63,True,2026-04-08 19:12:39
fc000000-0000-0000-0000-000000001642,079cf232-9439-4e89-b7ee-041c8baeadb3,7c844539-83eb-4880-b86c-dd05973f0e0a,b8cbc705-1090-4947-8783-70ce2ee9df2a,True,2026-04-08 19:12:39
fc000000-0000-0000-0000-000000001643,b78080f7-dde9-4574-b648-1a609e970d95,0986f242-a7aa-4df0-bb46-d1f3e5c64cf8,e0a4b523-deae-4cdf-9ae3-6f22c48ec462,True,2026-04-08 19:12:39
fc000000-0000-0000-0000-000000001644,87701d6c-5411-4c7e-99e9-11db4365994f,5f5560cf-c169-4781-8204-fb75ac3408c8,49720e2e-bd94-4072-8816-4b2dc97902ed,True,2026-04-08 19:12:39
fc000000-0000-0000-0000-000000001645,0e26981a-16a1-4b60-ae67-9543698094e4,b28bcd2f-98c3-4e0e-bbae-d05d48bf82e9,,True,2026-04-08 19:12:39
fc000000-0000-0000-0000-000000001646,9a6c34b5-618e-4b98-bc73-9876d2715e20,5dbe61d1-daa6-4f30-acba-d9094a3f9de3,c75026f9-6eff-43bf-8fa3-700c0f983cde,True,2026-04-08 19:12:39
fc000000-0000-0000-0000-000000001647,acdb02c5-26e7-44cf-903f-41a01657ddc8,456e1a68-37c2-454d-948f-a46294d6ba3a,91e5a9cf-e300-45c3-bd78-5a4d13bb8955,True,2026-04-08 19:12:39
fc000000-0000-0000-0000-000000001648,7c35b13e-30a4-4bbe-95c2-5e29f9d43007,5f917eec-d4dc-40cb-94dd-b3272db3f858,2489267c-9b73-4948-a360-81d6ae8f9a8e,True,2026-04-08 19:12:39
fc000000-0000-0000-0000-000000001649,b2b26974-08ba-4f2e-a8db-cbc8ad427b56,75378ce6-f415-4cb9-a1a2-628f22004a53,,True,2026-04-08 19:12:39
fc000000-0000-0000-0000-000000001650,d0185006-308f-4230-b277-5163994b21b9,ecb74426-adfd-416f-90ce-ac1136940e59,,True,2026-04-08 19:12:39
fc000000-0000-0000-0000-000000001651,f3d056fe-3dcf-4900-8b0d-e1e48e511006,197fcbc8-7a73-40b5-802f-fa829cd49329,7aca039e-d723-43a5-b97d-b54b07fc5373,True,2026-04-08 19:12:39
fc000000-0000-0000-0000-000000001652,50fec8b8-de5a-4200-9a92-1504d8666ff7,ecb74426-adfd-416f-90ce-ac1136940e59,5cf414a9-7d0b-4cbc-82e9-54a3dd0b9e26,True,2026-04-08 19:12:39
fc000000-0000-0000-0000-000000001653,0b57e0d9-9c0f-4a4b-9bbe-a7dd9061169e,ecb74426-adfd-416f-90ce-ac1136940e59,95968819-61fa-4073-906d-9a6dbde79314,True,2026-04-08 19:12:39
fc000000-0000-0000-0000-000000001654,67cc4f72-864a-4546-bca0-26c059d599e2,197fcbc8-7a73-40b5-802f-fa829cd49329,7aca039e-d723-43a5-b97d-b54b07fc5373,True,2026-04-08 19:12:39
fc000000-0000-0000-0000-000000001655,827f5666-6390-4a13-a7a7-10a7a9e9bf45,5f5560cf-c169-4781-8204-fb75ac3408c8,fe5eb9eb-00b1-4d78-8a29-71597abc06c2,True,2026-04-08 19:12:39
fc000000-0000-0000-0000-000000001656,7c655177-15a8-4253-82e2-dc63adbdeafc,ff1a36e5-3931-487f-8837-3e24af030706,91151206-fdf0-4b12-8740-df708b07dcc6,True,2026-04-08 19:12:39
fc000000-0000-0000-0000-000000001657,2b57b0a1-697a-47ea-89f2-c5c2c85bb857,5f5560cf-c169-4781-8204-fb75ac3408c8,49720e2e-bd94-4072-8816-4b2dc97902ed,True,2026-04-08 19:12:39
fc000000-0000-0000-0000-000000001658,5c49a719-f799-497f-8dd9-090efd13293a,197fcbc8-7a73-40b5-802f-fa829cd49329,0a5a4564-ac4f-45d8-b488-d4b721b1daf6,True,2026-04-08 19:12:39
fc000000-0000-0000-0000-000000001659,a0818c59-871e-452d-803d-c9db419d787a,1197ce03-96ae-4670-9ef3-28468625cf46,f049a0b1-3fa9-4abc-ace2-94d2bfd56985,True,2026-04-08 19:12:39
fc000000-0000-0000-0000-000000001660,c1c344a2-4a6f-4a70-b8e8-e625c9804290,a3ae9791-1572-4564-a7b7-b17e5824951c,50ed2bb6-97ae-4928-9dac-09d7490795cf,True,2026-04-08 19:12:39
fc000000-0000-0000-0000-000000001661,1af1894d-ea36-40ac-ba09-4c1413d512ee,10f25068-4e34-42ca-94b3-96f5288b82ea,e6557dc4-26ce-465e-9ae9-3cc02c70fbc1,True,2026-04-08 19:12:39
fc000000-0000-0000-0000-000000001662,ccd436a0-361d-4b4e-aada-60509a1ba37e,7a9cbfd8-d8a1-4773-8fad-dc210e493a3c,df86960e-a82f-45bd-a26a-195ae461d7f6,True,2026-04-08 19:12:39
fc000000-0000-0000-0000-000000001663,0e0db7b8-cf82-464b-b17d-38486fffeb9f,8fc98f56-9662-45f7-8bd6-86a56e2142d1,,True,2026-04-08 19:12:39
fc000000-0000-0000-0000-000000001664,6e5d76be-5e43-4f9e-90f6-1d0e9e1378d2,197fcbc8-7a73-40b5-802f-fa829cd49329,ba4abcf4-736f-4506-ae63-aad198da3468,True,2026-04-08 19:12:39
fc000000-0000-0000-0000-000000001665,6bdb5682-1e3c-4a08-8231-e274d8c1a09a,5dbe61d1-daa6-4f30-acba-d9094a3f9de3,c75026f9-6eff-43bf-8fa3-700c0f983cde,True,2026-04-08 19:12:39
fc000000-0000-0000-0000-000000001666,7c2f27ec-99a4-485a-be91-4c21eb6b3c9f,8dcc57a0-79ac-45dd-9db0-efb3d1fd5299,e9452b7a-02cb-45b8-a05c-ce1936aae2ea,True,2026-04-08 19:12:39
fc000000-0000-0000-0000-000000001667,4ba5d991-c496-4148-b2f0-132a388b73a2,343841d6-b938-4b7d-8523-23d25aa1eeb5,03ef20c9-4602-4b3f-b405-be77706bfc0e,True,2026-04-08 19:12:39
fc000000-0000-0000-0000-000000001668,224b6540-8354-4b66-85b0-a0962e37552a,343841d6-b938-4b7d-8523-23d25aa1eeb5,8c1d63cc-3124-4fe9-9b77-352979659082,True,2026-04-08 19:12:39
fc000000-0000-0000-0000-000000001669,3ebbb001-6012-491b-a5ed-70d70630f6b0,470809ae-c5f3-4ba1-9522-fd0972619f7f,c82335ca-73c8-44fb-8e7c-4f7d4965d472,True,2026-04-08 19:12:39
fc000000-0000-0000-0000-000000001670,b02a946b-b745-4f35-96a1-74024cf4517e,343841d6-b938-4b7d-8523-23d25aa1eeb5,8c1d63cc-3124-4fe9-9b77-352979659082,True,2026-04-08 19:12:39
fc000000-0000-0000-0000-000000001671,e0d3eb63-7c6f-40a8-a12f-63bb5760e275,5dbe61d1-daa6-4f30-acba-d9094a3f9de3,c75026f9-6eff-43bf-8fa3-700c0f983cde,True,2026-04-08 19:12:39
fc000000-0000-0000-0000-000000001672,33b7f7ef-89fb-49c9-8ff4-a32feace1091,8dcc57a0-79ac-45dd-9db0-efb3d1fd5299,f5aa12c0-a668-4178-b870-908ba1c7ac67,True,2026-04-08 19:12:39
fc000000-0000-0000-0000-000000001673,a80682e6-d08c-48cf-b7b2-82be44078f87,1197ce03-96ae-4670-9ef3-28468625cf46,21f51f84-c1dd-4478-8fb0-1c10b08829a9,True,2026-04-08 19:12:39
fc000000-0000-0000-0000-000000001674,ead88274-6424-46d8-a89a-aa00b8584f6f,9a6acaba-6896-4d0f-b27a-d71a8be4e523,,True,2026-04-08 19:12:39
fc000000-0000-0000-0000-000000001675,824f7e72-9f24-4eed-aa45-d656d5f02746,1197ce03-96ae-4670-9ef3-28468625cf46,21f51f84-c1dd-4478-8fb0-1c10b08829a9,True,2026-04-08 19:12:39
fc000000-0000-0000-0000-000000001676,68a19a1e-e65f-4fa7-9ac1-9bb9a66d845b,d859a9f6-ce5f-4e3f-8c72-f7e2030f93ce,63626deb-8fc4-4aec-b953-9613fc3e83f6,True,2026-04-08 19:12:39
fc000000-0000-0000-0000-000000001677,c9461fb7-ac64-4a22-8de8-3d141b74537a,138bec94-c996-4510-895c-6c0af0f6a6fc,b4ecba59-626f-4494-9b9c-6d691e35b839,True,2026-04-08 19:12:39
fc000000-0000-0000-0000-000000001678,c6a79817-386d-4eee-a084-9d61a183331d,138bec94-c996-4510-895c-6c0af0f6a6fc,a01eb0c3-5e2f-4b62-abc6-c59b24233509,True,2026-04-08 19:12:39
fc000000-0000-0000-0000-000000001679,c9da01b3-437a-47b5-92c9-f648bb2cdaff,470809ae-c5f3-4ba1-9522-fd0972619f7f,c82335ca-73c8-44fb-8e7c-4f7d4965d472,True,2026-04-08 19:12:39
fc000000-0000-0000-0000-000000001680,77caeba5-0140-4eee-b942-1154c669b302,8fc98f56-9662-45f7-8bd6-86a56e2142d1,,True,2026-04-08 19:12:39
fc000000-0000-0000-0000-000000001681,9963891b-7e13-48da-9138-7cf5370d3d11,f0980453-c886-4dd1-8af5-7186fd83578d,6a2e8795-43b8-449c-9ae9-ad36e4b68b78,True,2026-04-08 19:12:39
fc000000-0000-0000-0000-000000001682,9f18037c-2aa3-424f-b862-9e79a0136409,8dcc57a0-79ac-45dd-9db0-efb3d1fd5299,f5aa12c0-a668-4178-b870-908ba1c7ac67,True,2026-04-08 19:12:39
fc000000-0000-0000-0000-000000001683,1deba592-75e5-4411-a7a3-5df7de05beff,5dbe61d1-daa6-4f30-acba-d9094a3f9de3,0b36f32b-64d1-4f8e-be00-e757fe1ffb9d,True,2026-04-08 19:12:39
fc000000-0000-0000-0000-000000001684,3738b8e5-0327-4e08-970a-a8ebb13d0b95,5f917eec-d4dc-40cb-94dd-b3272db3f858,ad3bee99-7863-4b55-aa09-b9754b160c47,True,2026-04-08 19:12:39
fc000000-0000-0000-0000-000000001685,43d5b306-789c-4b36-9145-61725240276d,5f917eec-d4dc-40cb-94dd-b3272db3f858,ad3bee99-7863-4b55-aa09-b9754b160c47,True,2026-04-08 19:12:39
fc000000-0000-0000-0000-000000001686,bf8ba409-81bb-45f3-8252-c04a9a69845e,b28bcd2f-98c3-4e0e-bbae-d05d48bf82e9,,True,2026-04-08 19:12:39
fc000000-0000-0000-0000-000000001687,843f3313-41e9-4ec0-903d-82839b73f768,4cae38a8-4a2b-4f9f-8e47-c51a8fdab4d6,d1d4d95c-2df5-4126-8033-d0a652c4d8b3,True,2026-04-08 19:12:39
fc000000-0000-0000-0000-000000001688,ca0c790e-ae8e-488d-8cc1-a88cd7c2ddb8,bd05a5ba-f1c0-4097-93c5-1a06a55ffc29,4302706b-c7fc-4b6a-b194-fb975c3238e7,True,2026-04-08 19:12:39
fc000000-0000-0000-0000-000000001689,eee8ad08-d821-4ac9-aa6a-0ba08e1a3331,10f25068-4e34-42ca-94b3-96f5288b82ea,,True,2026-04-08 19:12:39
fc000000-0000-0000-0000-000000001690,4f7ccb80-7613-4b64-adba-acf8694b4d5a,d859a9f6-ce5f-4e3f-8c72-f7e2030f93ce,b804f2f5-20a0-4930-a261-6a4967c1c256,True,2026-04-08 19:12:39
fc000000-0000-0000-0000-000000001691,779036c2-a48e-4430-b23a-0667e3a7ffd4,138bec94-c996-4510-895c-6c0af0f6a6fc,e0e92ae5-9be6-4bfa-8f56-0f28d97e5408,True,2026-04-08 19:12:39
fc000000-0000-0000-0000-000000001692,7bf6ec9d-ce35-43c5-8ffa-8b38ed1410d7,b28bcd2f-98c3-4e0e-bbae-d05d48bf82e9,,True,2026-04-08 19:12:39
fc000000-0000-0000-0000-000000001693,1e0bdbb7-2ca9-43e5-9e42-e8d77ea6057b,8dcc57a0-79ac-45dd-9db0-efb3d1fd5299,f5aa12c0-a668-4178-b870-908ba1c7ac67,True,2026-04-08 19:12:39
fc000000-0000-0000-0000-000000001694,c7172c79-f07c-41f1-86c1-9256446edeaf,5f5560cf-c169-4781-8204-fb75ac3408c8,49720e2e-bd94-4072-8816-4b2dc97902ed,True,2026-04-08 19:12:39
fc000000-0000-0000-0000-000000001695,a66e1e0b-cac4-4ead-aefa-026905f18a8d,1197ce03-96ae-4670-9ef3-28468625cf46,21f51f84-c1dd-4478-8fb0-1c10b08829a9,True,2026-04-08 19:12:39
fc000000-0000-0000-0000-000000001696,d280fb07-6309-4d6e-8a25-4f433c657c0d,dc6c211b-19b9-4eed-9e3e-9d10792b6f55,55f0e264-bbac-49d2-a0ed-46ed38a6de6b,True,2026-04-08 19:12:39
fc000000-0000-0000-0000-000000001697,54e14ae3-231e-4473-84cd-055c480829e3,470809ae-c5f3-4ba1-9522-fd0972619f7f,0f1d8c04-97b9-4843-9872-3e78a0272e57,True,2026-04-08 19:12:39
fc000000-0000-0000-0000-000000001698,f291d674-8696-4984-94cc-2d8b20fd4fea,456e1a68-37c2-454d-948f-a46294d6ba3a,4851e333-befa-4ba3-8d43-216661d97bec,True,2026-04-08 19:12:39
fc000000-0000-0000-0000-000000001699,32f85360-10ad-4389-94c4-b2585c6c8cea,ecb74426-adfd-416f-90ce-ac1136940e59,95968819-61fa-4073-906d-9a6dbde79314,True,2026-04-08 19:12:39
fc000000-0000-0000-0000-000000001700,7adfbdbc-7665-453f-94e2-c62b73c18cf1,8dcc57a0-79ac-45dd-9db0-efb3d1fd5299,e9452b7a-02cb-45b8-a05c-ce1936aae2ea,True,2026-04-08 19:12:39
fc000000-0000-0000-0000-000000001701,9a5dc1b7-5cc4-49ee-bf19-aeda9bab2ae9,8dcc57a0-79ac-45dd-9db0-efb3d1fd5299,e9452b7a-02cb-45b8-a05c-ce1936aae2ea,True,2026-04-08 19:12:39
fc000000-0000-0000-0000-000000001702,9a03d1d5-de16-4f14-98a9-2d05a0e153aa,470809ae-c5f3-4ba1-9522-fd0972619f7f,d6eb4f5e-8be6-47e7-bf7e-849e6628283f,True,2026-04-08 19:12:39
fc000000-0000-0000-0000-000000001703,99b6bb30-cd16-4faa-80b3-df2f4fc9b363,470809ae-c5f3-4ba1-9522-fd0972619f7f,c82335ca-73c8-44fb-8e7c-4f7d4965d472,True,2026-04-08 19:12:39
fc000000-0000-0000-0000-000000001704,3539cf99-9046-4f19-a0e0-bc47ca9c03d9,5f917eec-d4dc-40cb-94dd-b3272db3f858,ad3bee99-7863-4b55-aa09-b9754b160c47,True,2026-04-08 19:12:39
fc000000-0000-0000-0000-000000001705,24bd542b-ec90-491e-bb51-a44914bb4b3e,8fc98f56-9662-45f7-8bd6-86a56e2142d1,,True,2026-04-08 19:12:39
fc000000-0000-0000-0000-000000001706,2d8691e7-0edc-43eb-9983-73ad09c1afc3,8dcc57a0-79ac-45dd-9db0-efb3d1fd5299,f5aa12c0-a668-4178-b870-908ba1c7ac67,True,2026-04-08 19:12:39
fc000000-0000-0000-0000-000000001707,3591da6f-7c53-454b-b7fa-07f3c9ac2d05,c0bae7dc-ef7b-4a8b-99fd-c1c1de3a9ed2,a11031c8-c160-488b-ae57-59320f8e85fa,True,2026-04-08 19:12:39
fc000000-0000-0000-0000-000000001708,bcc586e2-34a2-4e5e-9f74-d40560632f55,8fc98f56-9662-45f7-8bd6-86a56e2142d1,,True,2026-04-08 19:12:39
fc000000-0000-0000-0000-000000001709,2349df98-d721-406c-b93c-f0adfc79b0a4,ecb74426-adfd-416f-90ce-ac1136940e59,5cf414a9-7d0b-4cbc-82e9-54a3dd0b9e26,True,2026-04-08 19:12:39
fc000000-0000-0000-0000-000000001710,83ebf55f-996f-44de-bef7-5b72815675a0,0986f242-a7aa-4df0-bb46-d1f3e5c64cf8,6d04e84f-b2b7-467e-87cc-e8815a67f6f7,True,2026-04-08 19:12:39
fc000000-0000-0000-0000-000000001711,0edb2d29-3692-478b-a111-6c5bb222d2fa,197fcbc8-7a73-40b5-802f-fa829cd49329,7aca039e-d723-43a5-b97d-b54b07fc5373,True,2026-04-08 19:12:39
fc000000-0000-0000-0000-000000001712,5622c818-c25c-474a-a68c-afd069ebd2e6,e5fcf8a7-cb34-4278-8082-a63b9d1856a9,eb979557-17dd-4e57-90ac-1854eece7765,True,2026-04-08 19:12:39
fc000000-0000-0000-0000-000000001713,f7dffa56-a84a-4920-81bd-21e9172cf89d,197fcbc8-7a73-40b5-802f-fa829cd49329,7aca039e-d723-43a5-b97d-b54b07fc5373,True,2026-04-08 19:12:39
fc000000-0000-0000-0000-000000001714,2d582261-0355-447e-8327-50aaf584dded,d859a9f6-ce5f-4e3f-8c72-f7e2030f93ce,63626deb-8fc4-4aec-b953-9613fc3e83f6,True,2026-04-08 19:12:39
fc000000-0000-0000-0000-000000001715,a7c79923-4ad4-4a62-9ea4-6969760a3937,138bec94-c996-4510-895c-6c0af0f6a6fc,aa2ac8a6-12e0-4e15-8fc6-3ce47a710a51,True,2026-04-08 19:12:39
fc000000-0000-0000-0000-000000001716,60cee225-80bc-476a-9199-2717f362c3c7,d859a9f6-ce5f-4e3f-8c72-f7e2030f93ce,b804f2f5-20a0-4930-a261-6a4967c1c256,True,2026-04-08 19:12:39
fc000000-0000-0000-0000-000000001717,cf7c4c0b-ee87-4101-aea6-2bef09a1c3b0,d859a9f6-ce5f-4e3f-8c72-f7e2030f93ce,63626deb-8fc4-4aec-b953-9613fc3e83f6,True,2026-04-08 19:12:39
fc000000-0000-0000-0000-000000001718,7fafafd9-1f00-4da8-8b47-8eba02f32b44,138bec94-c996-4510-895c-6c0af0f6a6fc,aa2ac8a6-12e0-4e15-8fc6-3ce47a710a51,True,2026-04-08 19:12:39
fc000000-0000-0000-0000-000000001719,8af2a221-7511-4215-bb5b-04728be3be51,ff1a36e5-3931-487f-8837-3e24af030706,91151206-fdf0-4b12-8740-df708b07dcc6,True,2026-04-08 19:12:39
fc000000-0000-0000-0000-000000001720,fcfe5396-2d0e-479e-b493-a2f0a33e0247,4ee5e694-5d88-4a9b-ba2e-eecf653807e1,,True,2026-04-08 19:12:39
fc000000-0000-0000-0000-000000001721,de0c7987-a5f1-4174-9cd4-7ceeafeb1489,ecb74426-adfd-416f-90ce-ac1136940e59,8efb3f1b-df47-4567-ae54-340777480d16,True,2026-04-08 19:12:39
fc000000-0000-0000-0000-000000001722,921b4ea2-6d8b-411f-a585-c33ad621a339,d859a9f6-ce5f-4e3f-8c72-f7e2030f93ce,efce174e-a81e-4902-9c51-e5cdf3abf3c2,True,2026-04-08 19:12:39
fc000000-0000-0000-0000-000000001723,abcf3077-e95b-4c99-a66e-274cd479f409,343841d6-b938-4b7d-8523-23d25aa1eeb5,39478e69-751f-45a6-88b2-fd08bf1e80a2,True,2026-04-08 19:12:39
fc000000-0000-0000-0000-000000001724,676542ca-ef0f-4f78-96d9-5b374e6aceec,10f25068-4e34-42ca-94b3-96f5288b82ea,3e83f541-7341-4018-ab30-8c42069de70d,True,2026-04-08 19:12:39
fc000000-0000-0000-0000-000000001725,7b2a4825-f584-44ee-a508-79e7b5abca5c,197fcbc8-7a73-40b5-802f-fa829cd49329,7aca039e-d723-43a5-b97d-b54b07fc5373,True,2026-04-08 19:12:39
fc000000-0000-0000-0000-000000001726,95aee600-0241-4108-acfb-bb4c8e7eaba6,10bbf5a6-0d2a-4f76-9579-c153cfc4542f,41a7b674-be1f-4204-80c5-974f9ba24d39,True,2026-04-08 19:12:39
fc000000-0000-0000-0000-000000001727,394e0365-8448-451c-b6ab-745e676f6fac,5f5560cf-c169-4781-8204-fb75ac3408c8,fe5eb9eb-00b1-4d78-8a29-71597abc06c2,True,2026-04-08 19:12:39
fc000000-0000-0000-0000-000000001728,b0e973ca-f196-4128-9325-c25d152c7637,b28bcd2f-98c3-4e0e-bbae-d05d48bf82e9,,True,2026-04-08 19:12:39
fc000000-0000-0000-0000-000000001729,ee25041e-9e48-4336-9e01-674bda8a31a7,470809ae-c5f3-4ba1-9522-fd0972619f7f,c82335ca-73c8-44fb-8e7c-4f7d4965d472,True,2026-04-08 19:12:39
fc000000-0000-0000-0000-000000001730,2145428c-aeeb-4a85-9811-f410442816e8,138bec94-c996-4510-895c-6c0af0f6a6fc,aa2ac8a6-12e0-4e15-8fc6-3ce47a710a51,True,2026-04-08 19:12:39
fc000000-0000-0000-0000-000000001731,7bac3e25-40d9-41b6-91bf-ea65abc9717e,8dcc57a0-79ac-45dd-9db0-efb3d1fd5299,e8840113-28f3-4d0b-8d73-9f513c624c2a,True,2026-04-08 19:12:39
fc000000-0000-0000-0000-000000001732,b567b9d0-4d97-411c-8545-d582874065bd,5f917eec-d4dc-40cb-94dd-b3272db3f858,ad3bee99-7863-4b55-aa09-b9754b160c47,True,2026-04-08 19:12:39
fc000000-0000-0000-0000-000000001733,814a612a-6158-4fae-be89-222018f0e090,5f5560cf-c169-4781-8204-fb75ac3408c8,07c2376a-a737-4f36-bc03-1778dd9b71ec,True,2026-04-08 19:12:39
fc000000-0000-0000-0000-000000001734,caad0948-0e6d-4407-9dc6-dea7c0457a4c,197fcbc8-7a73-40b5-802f-fa829cd49329,7aca039e-d723-43a5-b97d-b54b07fc5373,True,2026-04-08 19:12:39
fc000000-0000-0000-0000-000000001735,d02b084a-6a52-49fe-8d64-4def09ed7472,9a6acaba-6896-4d0f-b27a-d71a8be4e523,,True,2026-04-08 19:12:39
fc000000-0000-0000-0000-000000001736,782e3994-d28a-4704-83ed-9c8f95f61ea5,ecb74426-adfd-416f-90ce-ac1136940e59,8efb3f1b-df47-4567-ae54-340777480d16,True,2026-04-08 19:12:39
fc000000-0000-0000-0000-000000001737,65ff230f-e589-43c2-8c64-ed8a1d638ee4,197fcbc8-7a73-40b5-802f-fa829cd49329,7aca039e-d723-43a5-b97d-b54b07fc5373,True,2026-04-08 19:12:39
fc000000-0000-0000-0000-000000001738,d3142241-3944-4f0b-b190-e9a51a42a785,197fcbc8-7a73-40b5-802f-fa829cd49329,ba4abcf4-736f-4506-ae63-aad198da3468,True,2026-04-08 19:12:39
fc000000-0000-0000-0000-000000001739,4053ff81-ad00-4cdb-824b-b8e44abfd1fc,a3ae9791-1572-4564-a7b7-b17e5824951c,50ed2bb6-97ae-4928-9dac-09d7490795cf,True,2026-04-08 19:12:39
fc000000-0000-0000-0000-000000001740,90271c05-0d22-4ce8-a24c-38192b8f698f,8dcc57a0-79ac-45dd-9db0-efb3d1fd5299,e9452b7a-02cb-45b8-a05c-ce1936aae2ea,True,2026-04-08 19:12:39
fc000000-0000-0000-0000-000000001741,58054735-cd16-4c32-9322-2c1a53d85a84,8dcc57a0-79ac-45dd-9db0-efb3d1fd5299,e9452b7a-02cb-45b8-a05c-ce1936aae2ea,True,2026-04-08 19:12:39
fc000000-0000-0000-0000-000000001742,050e8d07-cb8d-49ee-8029-ba69b5828858,138bec94-c996-4510-895c-6c0af0f6a6fc,aa2ac8a6-12e0-4e15-8fc6-3ce47a710a51,True,2026-04-08 19:12:39
fc000000-0000-0000-0000-000000001743,b34f96af-904c-41f6-ad36-d04357339430,138bec94-c996-4510-895c-6c0af0f6a6fc,aa2ac8a6-12e0-4e15-8fc6-3ce47a710a51,True,2026-04-08 19:12:39
fc000000-0000-0000-0000-000000001744,129eec35-610a-46e9-a246-344a796947eb,4cae38a8-4a2b-4f9f-8e47-c51a8fdab4d6,5890126b-c352-4df7-8341-1ac685154844,True,2026-04-08 19:12:39
fc000000-0000-0000-0000-000000001745,364a9c37-3765-4e39-a5e9-8203c2d1c0f5,7c844539-83eb-4880-b86c-dd05973f0e0a,b8cbc705-1090-4947-8783-70ce2ee9df2a,True,2026-04-08 19:12:39
fc000000-0000-0000-0000-000000001746,a111f3fd-8e32-4124-99a1-4f9fe5237c34,5f917eec-d4dc-40cb-94dd-b3272db3f858,14eb68ad-80c5-4379-b380-2719cf755b84,True,2026-04-08 19:12:39
fc000000-0000-0000-0000-000000001747,86acb9b3-81c1-4e0c-9115-d284045254ba,7c844539-83eb-4880-b86c-dd05973f0e0a,b8cbc705-1090-4947-8783-70ce2ee9df2a,True,2026-04-08 19:12:39
fc000000-0000-0000-0000-000000001748,24a8a9a5-f3fb-42f3-80c4-1b6e0f427ea8,197fcbc8-7a73-40b5-802f-fa829cd49329,7aca039e-d723-43a5-b97d-b54b07fc5373,True,2026-04-08 19:12:39
fc000000-0000-0000-0000-000000001749,0844fed1-bb49-4aca-8a29-afde6919cef0,70f60247-60d3-4bce-87a8-ef397833ede6,f9d715bc-2a94-46dc-aedd-d566fe5fca63,True,2026-04-08 19:12:39
fc000000-0000-0000-0000-000000001750,e3323346-4803-4340-b9ad-78152847e630,9850fdfd-cfa4-4d9d-9b6e-f39e1338186a,2d521cc1-4bc3-4df8-89ba-f75bebaf897b,True,2026-04-08 19:12:39
fc000000-0000-0000-0000-000000001751,749ecfda-4849-457b-b481-728774130ba6,4cae38a8-4a2b-4f9f-8e47-c51a8fdab4d6,5890126b-c352-4df7-8341-1ac685154844,True,2026-04-08 19:12:39
fc000000-0000-0000-0000-000000001752,cae0145c-b5db-4934-afaa-05bf72f35b60,7c844539-83eb-4880-b86c-dd05973f0e0a,b8cbc705-1090-4947-8783-70ce2ee9df2a,True,2026-04-08 19:12:39
fc000000-0000-0000-0000-000000001753,f154ff1d-e9ed-4cb5-9a5a-46ba4bc4ed43,197fcbc8-7a73-40b5-802f-fa829cd49329,7aca039e-d723-43a5-b97d-b54b07fc5373,True,2026-04-08 19:12:39
fc000000-0000-0000-0000-000000001754,1fe643d6-d66c-44d8-ac9c-004ae9247b6e,470809ae-c5f3-4ba1-9522-fd0972619f7f,c82335ca-73c8-44fb-8e7c-4f7d4965d472,True,2026-04-08 19:12:39
fc000000-0000-0000-0000-000000001755,160c394d-06de-4481-b49c-60fccfe7f650,197fcbc8-7a73-40b5-802f-fa829cd49329,ba4abcf4-736f-4506-ae63-aad198da3468,True,2026-04-08 19:12:39
fc000000-0000-0000-0000-000000001756,85185d3f-69c8-4b7a-99ab-4fab240aee7b,ca02fc79-4b0f-46d9-a2ae-ba767deaa976,d7e752f6-5486-4456-8f64-fec87565d101,True,2026-04-08 19:12:39
fc000000-0000-0000-0000-000000001757,50980caa-03d2-456a-a2d4-9d2b8bf65a62,10f25068-4e34-42ca-94b3-96f5288b82ea,,True,2026-04-08 19:12:39
fc000000-0000-0000-0000-000000001758,2b32ed25-3109-4c79-bf34-f221a9eac582,1197ce03-96ae-4670-9ef3-28468625cf46,21f51f84-c1dd-4478-8fb0-1c10b08829a9,True,2026-04-08 19:12:39
fc000000-0000-0000-0000-000000001759,5fad3028-2310-453b-8c19-ce6775f23c05,4cae38a8-4a2b-4f9f-8e47-c51a8fdab4d6,d1d4d95c-2df5-4126-8033-d0a652c4d8b3,True,2026-04-08 19:12:39
fc000000-0000-0000-0000-000000001760,951cc471-6d88-4b6c-8a93-2fe7846b70f0,4cae38a8-4a2b-4f9f-8e47-c51a8fdab4d6,d1d4d95c-2df5-4126-8033-d0a652c4d8b3,True,2026-04-08 19:12:39
fc000000-0000-0000-0000-000000001761,dd3d703a-3b2c-4d57-b348-e895b21752e9,4cae38a8-4a2b-4f9f-8e47-c51a8fdab4d6,d1d4d95c-2df5-4126-8033-d0a652c4d8b3,True,2026-04-08 19:12:39
fc000000-0000-0000-0000-000000001762,f3a93951-5c80-47e3-8e2f-8b00092c30af,470809ae-c5f3-4ba1-9522-fd0972619f7f,c82335ca-73c8-44fb-8e7c-4f7d4965d472,True,2026-04-08 19:12:39
fc000000-0000-0000-0000-000000001763,90ea8618-ceab-4793-8dd1-462eb52ade0c,778fc1c9-c1e1-4135-b04e-4a1d9531ee28,8c3caac0-409e-497b-afb6-a19552a570c6,True,2026-04-08 19:12:39
fc000000-0000-0000-0000-000000001764,e17a240d-eec1-42b0-97aa-2694be25627d,138bec94-c996-4510-895c-6c0af0f6a6fc,aa2ac8a6-12e0-4e15-8fc6-3ce47a710a51,True,2026-04-08 19:12:39
fc000000-0000-0000-0000-000000001765,981f77a7-4c84-4f67-9f30-688bc67fd2ba,138bec94-c996-4510-895c-6c0af0f6a6fc,aa2ac8a6-12e0-4e15-8fc6-3ce47a710a51,True,2026-04-08 19:12:39
fc000000-0000-0000-0000-000000001766,054262c1-4e0e-4d26-875c-29a5d07bf244,dc6c211b-19b9-4eed-9e3e-9d10792b6f55,55f0e264-bbac-49d2-a0ed-46ed38a6de6b,True,2026-04-08 19:12:39
fc000000-0000-0000-0000-000000001767,c29a1e91-ae02-47c0-bbab-0f739d9a1eab,7c844539-83eb-4880-b86c-dd05973f0e0a,2f1177ff-5f3c-4895-adfe-14ea626a7ac4,True,2026-04-08 19:12:39
fc000000-0000-0000-0000-000000001768,4561c522-6ec1-4785-84ea-e3ce31f99a6b,778fc1c9-c1e1-4135-b04e-4a1d9531ee28,0c38fd3a-bc70-4162-8807-7670b681947d,True,2026-04-08 19:12:39
fc000000-0000-0000-0000-000000001769,a4042fdf-704c-4dc5-bd9a-d951024c2dc8,343841d6-b938-4b7d-8523-23d25aa1eeb5,03ef20c9-4602-4b3f-b405-be77706bfc0e,True,2026-04-08 19:12:39
fc000000-0000-0000-0000-000000001770,3e01a677-1167-44c8-85aa-29c0fd73ac43,b28bcd2f-98c3-4e0e-bbae-d05d48bf82e9,,True,2026-04-08 19:12:39
fc000000-0000-0000-0000-000000001771,9a6ffe7c-daab-4e5b-9549-e8d71e5c6fc0,4cae38a8-4a2b-4f9f-8e47-c51a8fdab4d6,d1d4d95c-2df5-4126-8033-d0a652c4d8b3,True,2026-04-08 19:12:39
fc000000-0000-0000-0000-000000001772,f178233d-3364-416b-bb7c-941ed4a24276,138bec94-c996-4510-895c-6c0af0f6a6fc,aa2ac8a6-12e0-4e15-8fc6-3ce47a710a51,True,2026-04-08 19:12:39
fc000000-0000-0000-0000-000000001773,bd280c25-17d8-4d0b-92f5-fb6485534aa5,197fcbc8-7a73-40b5-802f-fa829cd49329,7aca039e-d723-43a5-b97d-b54b07fc5373,True,2026-04-08 19:12:39
fc000000-0000-0000-0000-000000001774,6c8ab1a6-d595-40c3-b18d-c7db01a70a3d,1197ce03-96ae-4670-9ef3-28468625cf46,21f51f84-c1dd-4478-8fb0-1c10b08829a9,True,2026-04-08 19:12:39
fc000000-0000-0000-0000-000000001775,f725610b-45c3-478a-94f3-48e366acaadb,1197ce03-96ae-4670-9ef3-28468625cf46,21f51f84-c1dd-4478-8fb0-1c10b08829a9,True,2026-04-08 19:12:39
fc000000-0000-0000-0000-000000001776,56d7d4cb-50b0-4cb5-b53f-3436eae5aefd,6bb1c67f-609f-4a2a-af8a-f95ac0357537,16dbd251-c277-4487-b3de-7ce2651b4915,True,2026-04-08 19:12:39
fc000000-0000-0000-0000-000000001777,d6b4b438-18db-42bc-a7e3-8cf2dba5eb88,5dbe61d1-daa6-4f30-acba-d9094a3f9de3,0b36f32b-64d1-4f8e-be00-e757fe1ffb9d,True,2026-04-08 19:12:39
fc000000-0000-0000-0000-000000001778,38c234fc-7b6e-44ff-befa-495ada6db4bf,8dcc57a0-79ac-45dd-9db0-efb3d1fd5299,e9452b7a-02cb-45b8-a05c-ce1936aae2ea,True,2026-04-08 19:12:39
fc000000-0000-0000-0000-000000001779,7cc73890-b426-4c12-86f9-1d5316168d5a,93813225-2cbe-4d50-8943-423d4338776a,4eb29058-3bc2-43c5-a3a9-066f9879db4a,True,2026-04-08 19:12:39
fc000000-0000-0000-0000-000000001780,0ff63814-dac0-4bb7-bc8b-9e04ed8ade12,b28bcd2f-98c3-4e0e-bbae-d05d48bf82e9,,True,2026-04-08 19:12:39
fc000000-0000-0000-0000-000000001781,432cd287-63bc-4d74-abaa-a9ba0ca95d70,7c844539-83eb-4880-b86c-dd05973f0e0a,b8cbc705-1090-4947-8783-70ce2ee9df2a,True,2026-04-08 19:12:39
fc000000-0000-0000-0000-000000001782,8e644323-0356-4db4-b87b-060ee75d58e7,d859a9f6-ce5f-4e3f-8c72-f7e2030f93ce,63626deb-8fc4-4aec-b953-9613fc3e83f6,True,2026-04-08 19:12:39
fc000000-0000-0000-0000-000000001783,64b235e9-9faf-4f82-a321-c7608f654447,197fcbc8-7a73-40b5-802f-fa829cd49329,7aca039e-d723-43a5-b97d-b54b07fc5373,True,2026-04-08 19:12:39
fc000000-0000-0000-0000-000000001784,dedb296a-f064-4418-aa37-0893c5ba1b00,93813225-2cbe-4d50-8943-423d4338776a,7deb17b5-0399-4c32-913d-5f9ede6b54a4,True,2026-04-08 19:12:39
fc000000-0000-0000-0000-000000001785,10f49ef7-a567-4bbf-9a02-c9275afc01eb,138bec94-c996-4510-895c-6c0af0f6a6fc,aa2ac8a6-12e0-4e15-8fc6-3ce47a710a51,True,2026-04-08 19:12:39
fc000000-0000-0000-0000-000000001786,a1493b5e-0543-4452-9067-7c5f7b754c44,dc3b2dd6-a7eb-4ed7-bf00-750e33978760,fbe91310-b6cd-43ea-b306-e65d2ee5eaad,True,2026-04-08 19:12:39
fc000000-0000-0000-0000-000000001787,6a9c0ba7-43e9-431e-9938-0a621b01313d,8dcc57a0-79ac-45dd-9db0-efb3d1fd5299,f5aa12c0-a668-4178-b870-908ba1c7ac67,True,2026-04-08 19:12:39
fc000000-0000-0000-0000-000000001788,59dc22f8-6053-4e48-8d1a-27fcf91afdae,9a6acaba-6896-4d0f-b27a-d71a8be4e523,,True,2026-04-08 19:12:39
fc000000-0000-0000-0000-000000001789,fe93d460-6134-4985-ac4d-9665ca06fb10,75378ce6-f415-4cb9-a1a2-628f22004a53,,True,2026-04-08 19:12:39
fc000000-0000-0000-0000-000000001790,2c5e32be-f9f9-4329-b3c2-a3b09eebe2b8,5f917eec-d4dc-40cb-94dd-b3272db3f858,ad3bee99-7863-4b55-aa09-b9754b160c47,True,2026-04-08 19:12:39
fc000000-0000-0000-0000-000000001791,e7d18d1f-fe73-4333-842c-7baf64fa8627,4cae38a8-4a2b-4f9f-8e47-c51a8fdab4d6,5890126b-c352-4df7-8341-1ac685154844,True,2026-04-08 19:12:39
fc000000-0000-0000-0000-000000001792,347c9cd3-9b11-49be-93f8-098d0e2f2a53,4cae38a8-4a2b-4f9f-8e47-c51a8fdab4d6,5890126b-c352-4df7-8341-1ac685154844,True,2026-04-08 19:12:39
fc000000-0000-0000-0000-000000001793,461c9191-2310-4c0d-96ca-7f8e10a1aa7e,138bec94-c996-4510-895c-6c0af0f6a6fc,aa2ac8a6-12e0-4e15-8fc6-3ce47a710a51,True,2026-04-08 19:12:39
fc000000-0000-0000-0000-000000001794,2061b839-e810-4ecc-9b15-86a97286d7a2,10f25068-4e34-42ca-94b3-96f5288b82ea,e6557dc4-26ce-465e-9ae9-3cc02c70fbc1,True,2026-04-08 19:12:39
fc000000-0000-0000-0000-000000001795,08ba0ca2-781f-4c42-8aa1-64396ada6fca,28572475-7747-45b9-8c58-aa7c2c3f0145,de6e85f2-4d03-48bc-9660-85cd52a507f3,True,2026-04-08 19:12:39
fc000000-0000-0000-0000-000000001796,6b95311a-4ff4-490c-b9d5-16744bb967dc,8dcc57a0-79ac-45dd-9db0-efb3d1fd5299,e9452b7a-02cb-45b8-a05c-ce1936aae2ea,True,2026-04-08 19:12:39
fc000000-0000-0000-0000-000000001797,e1ed6ecc-1aba-40fc-a2df-86facd23e5e6,1197ce03-96ae-4670-9ef3-28468625cf46,21f51f84-c1dd-4478-8fb0-1c10b08829a9,True,2026-04-08 19:12:39
fc000000-0000-0000-0000-000000001798,2638b80b-5734-464a-bafe-fe2bfd2bd365,7c844539-83eb-4880-b86c-dd05973f0e0a,01142f8e-82d9-40f3-af4c-6d9b20a078a5,True,2026-04-08 19:12:39
fc000000-0000-0000-0000-000000001799,a658677b-1db9-4aa6-8436-7f0b14d30e61,93813225-2cbe-4d50-8943-423d4338776a,23857ab3-ff9c-485c-acea-a192c6d504c9,True,2026-04-08 19:12:39
fc000000-0000-0000-0000-000000001800,6e0255bf-313e-4d55-a8f1-4d3bef72e9cb,138bec94-c996-4510-895c-6c0af0f6a6fc,aa2ac8a6-12e0-4e15-8fc6-3ce47a710a51,True,2026-04-08 19:12:39
fc000000-0000-0000-0000-000000001801,1d34102a-aab4-4a45-b78a-7d4225ae27be,f0980453-c886-4dd1-8af5-7186fd83578d,6a2e8795-43b8-449c-9ae9-ad36e4b68b78,True,2026-04-08 19:12:39
fc000000-0000-0000-0000-000000001802,bea46b79-4244-4576-85e4-528ac556136b,77f6700e-88b8-40d8-9b61-ffefe536a5a2,27217365-aff2-447c-9c82-173f36a5173b,True,2026-04-08 19:12:39
fc000000-0000-0000-0000-000000001803,8d7cffb9-1d5d-471e-9af9-e3f0a99bb369,343841d6-b938-4b7d-8523-23d25aa1eeb5,03ef20c9-4602-4b3f-b405-be77706bfc0e,True,2026-04-08 19:12:39
fc000000-0000-0000-0000-000000001804,72ee4dd0-0ecf-483c-9a06-78f73c613de2,ca02fc79-4b0f-46d9-a2ae-ba767deaa976,c1770239-c6ca-46d5-9b31-cfc57bcbf5d5,True,2026-04-08 19:12:39
fc000000-0000-0000-0000-000000001805,26b22c13-1e0a-4ba6-9be2-e66f13efa503,9b9a62f5-8465-45c6-adcb-1ba9cb45552d,16d15d29-5bdc-4970-819a-4fb52ed6500d,True,2026-04-08 19:12:39
fc000000-0000-0000-0000-000000001806,f668fec4-839b-427e-b59d-33d21fba5dc6,197fcbc8-7a73-40b5-802f-fa829cd49329,7aca039e-d723-43a5-b97d-b54b07fc5373,True,2026-04-08 19:12:39
fc000000-0000-0000-0000-000000001807,a0ba16d3-d191-47b4-a6c8-fe2d38623b8c,197fcbc8-7a73-40b5-802f-fa829cd49329,7aca039e-d723-43a5-b97d-b54b07fc5373,True,2026-04-08 19:12:39
fc000000-0000-0000-0000-000000001808,e6c8cc8a-a1a3-494f-ad5e-58bbbcc820b2,77f6700e-88b8-40d8-9b61-ffefe536a5a2,,True,2026-04-08 19:12:39
fc000000-0000-0000-0000-000000001809,e4087fad-a30f-4b77-b103-34fad162a057,93813225-2cbe-4d50-8943-423d4338776a,23857ab3-ff9c-485c-acea-a192c6d504c9,True,2026-04-08 19:12:39
fc000000-0000-0000-0000-000000001810,045fc82d-9a9a-4c27-8d45-0ca81f079da5,8dcc57a0-79ac-45dd-9db0-efb3d1fd5299,f5aa12c0-a668-4178-b870-908ba1c7ac67,True,2026-04-08 19:12:39
fc000000-0000-0000-0000-000000001811,d4a98fa0-392a-4d1a-a604-8d6b7192d0fc,10bbf5a6-0d2a-4f76-9579-c153cfc4542f,41a7b674-be1f-4204-80c5-974f9ba24d39,True,2026-04-08 19:12:39
fc000000-0000-0000-0000-000000001812,7458e7b0-d0ef-4b53-a5e4-86841a6f2cb8,ecb74426-adfd-416f-90ce-ac1136940e59,,True,2026-04-08 19:12:39
fc000000-0000-0000-0000-000000001813,f820283f-e6d8-4a5a-a986-8137c8b312c6,77f6700e-88b8-40d8-9b61-ffefe536a5a2,27217365-aff2-447c-9c82-173f36a5173b,True,2026-04-08 19:12:39
fc000000-0000-0000-0000-000000001814,d1064201-71bd-4e54-8900-e6cf6f3dd68b,197fcbc8-7a73-40b5-802f-fa829cd49329,7aca039e-d723-43a5-b97d-b54b07fc5373,True,2026-04-08 19:12:39
fc000000-0000-0000-0000-000000001815,7eb7d756-6cb1-477f-8fc8-49359f771bd3,1197ce03-96ae-4670-9ef3-28468625cf46,21f51f84-c1dd-4478-8fb0-1c10b08829a9,True,2026-04-08 19:12:39
fc000000-0000-0000-0000-000000001816,e46f16cd-b422-4b25-ac13-3b1cb3a29296,dc3b2dd6-a7eb-4ed7-bf00-750e33978760,fbe91310-b6cd-43ea-b306-e65d2ee5eaad,True,2026-04-08 19:12:39
fc000000-0000-0000-0000-000000001817,16f64bb0-ea2d-4edc-a301-70f1bc51f9ed,ecb74426-adfd-416f-90ce-ac1136940e59,8efb3f1b-df47-4567-ae54-340777480d16,True,2026-04-08 19:12:39
fc000000-0000-0000-0000-000000001818,a0922ba5-811a-4855-a870-b6bab5684f21,7c844539-83eb-4880-b86c-dd05973f0e0a,b8cbc705-1090-4947-8783-70ce2ee9df2a,True,2026-04-08 19:12:39
fc000000-0000-0000-0000-000000001819,e6d04fb6-613a-49c5-b20b-ede8c3baee19,8fc98f56-9662-45f7-8bd6-86a56e2142d1,,True,2026-04-08 19:12:39
fc000000-0000-0000-0000-000000001820,72eda969-4808-4bb9-9ccb-785c512eee76,7c844539-83eb-4880-b86c-dd05973f0e0a,b8cbc705-1090-4947-8783-70ce2ee9df2a,True,2026-04-08 19:12:39
fc000000-0000-0000-0000-000000001821,b06bd829-35a8-4121-b74b-170a39864283,93813225-2cbe-4d50-8943-423d4338776a,4eb29058-3bc2-43c5-a3a9-066f9879db4a,True,2026-04-08 19:12:39
fc000000-0000-0000-0000-000000001822,d6173ec1-3dcf-4962-a6e0-2c6c79370ed5,7c844539-83eb-4880-b86c-dd05973f0e0a,b8cbc705-1090-4947-8783-70ce2ee9df2a,True,2026-04-08 19:12:39
fc000000-0000-0000-0000-000000001823,6e4f3c73-100c-49f2-9ef4-8858818369e7,456e1a68-37c2-454d-948f-a46294d6ba3a,4851e333-befa-4ba3-8d43-216661d97bec,True,2026-04-08 19:12:39
fc000000-0000-0000-0000-000000001824,3f2ff01b-88cd-4e37-9bd0-e7900b29b5c8,e5fcf8a7-cb34-4278-8082-a63b9d1856a9,eb979557-17dd-4e57-90ac-1854eece7765,True,2026-04-08 19:12:39
fc000000-0000-0000-0000-000000001825,2d022420-9eb4-423c-a6c4-df5355bb43e4,7c844539-83eb-4880-b86c-dd05973f0e0a,b8cbc705-1090-4947-8783-70ce2ee9df2a,True,2026-04-08 19:12:39
fc000000-0000-0000-0000-000000001826,2cc76e7e-b669-45e4-966b-fdedcc772ed8,7c844539-83eb-4880-b86c-dd05973f0e0a,b8cbc705-1090-4947-8783-70ce2ee9df2a,True,2026-04-08 19:12:39
fc000000-0000-0000-0000-000000001827,9742f0bd-b0d5-4e91-ad1b-8522deda6a59,ecb74426-adfd-416f-90ce-ac1136940e59,5cf414a9-7d0b-4cbc-82e9-54a3dd0b9e26,True,2026-04-08 19:12:39
fc000000-0000-0000-0000-000000001828,17ac703a-d391-41fb-a5d2-8666fcb2ec5e,4081baaa-071b-45f4-a25d-ac5121bfccc7,2c0cf7ad-c480-4428-84c9-37060a9a0a37,True,2026-04-08 19:12:39
fc000000-0000-0000-0000-000000001829,60960714-3df7-4f6e-98e6-3055c41b5634,93813225-2cbe-4d50-8943-423d4338776a,4eb29058-3bc2-43c5-a3a9-066f9879db4a,True,2026-04-08 19:12:39
fc000000-0000-0000-0000-000000001830,b926cd1b-f306-40f3-a71c-92ea1f06e2b8,10f25068-4e34-42ca-94b3-96f5288b82ea,,True,2026-04-08 19:12:39
fc000000-0000-0000-0000-000000001831,7eeb92a1-3692-48ea-bf58-340be1553c51,ca02fc79-4b0f-46d9-a2ae-ba767deaa976,d7e752f6-5486-4456-8f64-fec87565d101,True,2026-04-08 19:12:39
fc000000-0000-0000-0000-000000001832,94e65573-1d37-4660-9e0d-1ea45c5f5c34,d859a9f6-ce5f-4e3f-8c72-f7e2030f93ce,63626deb-8fc4-4aec-b953-9613fc3e83f6,True,2026-04-08 19:12:39
fc000000-0000-0000-0000-000000001833,ffa32c4f-d2e7-4b1f-81a0-f71bcb86dc13,10f25068-4e34-42ca-94b3-96f5288b82ea,e6557dc4-26ce-465e-9ae9-3cc02c70fbc1,True,2026-04-08 19:12:39
fc000000-0000-0000-0000-000000001834,cebdacba-a001-455e-9cf3-c3db13b973f2,8dcc57a0-79ac-45dd-9db0-efb3d1fd5299,e8840113-28f3-4d0b-8d73-9f513c624c2a,True,2026-04-08 19:12:39
fc000000-0000-0000-0000-000000001835,bc8f7b64-0b52-47f2-ae70-e9500d56cb14,7c844539-83eb-4880-b86c-dd05973f0e0a,b8cbc705-1090-4947-8783-70ce2ee9df2a,True,2026-04-08 19:12:39
fc000000-0000-0000-0000-000000001836,4e7d7c98-27ca-4843-a64a-7552343b1082,4cae38a8-4a2b-4f9f-8e47-c51a8fdab4d6,d1d4d95c-2df5-4126-8033-d0a652c4d8b3,True,2026-04-08 19:12:39
fc000000-0000-0000-0000-000000001837,6ba3ac88-a86e-4c68-9f77-fe851c74a98b,456e1a68-37c2-454d-948f-a46294d6ba3a,4851e333-befa-4ba3-8d43-216661d97bec,True,2026-04-08 19:12:39
fc000000-0000-0000-0000-000000001838,1b7d54c3-76b9-4693-a87a-fb1a93b4c19b,10bbf5a6-0d2a-4f76-9579-c153cfc4542f,41a7b674-be1f-4204-80c5-974f9ba24d39,True,2026-04-08 19:12:39
fc000000-0000-0000-0000-000000001839,55e89094-73b0-434a-a046-5ed6ec5b1e52,197fcbc8-7a73-40b5-802f-fa829cd49329,7aca039e-d723-43a5-b97d-b54b07fc5373,True,2026-04-08 19:12:39
fc000000-0000-0000-0000-000000001840,eca665f2-eeed-4848-aed0-15dc5893d228,e5fcf8a7-cb34-4278-8082-a63b9d1856a9,,True,2026-04-08 19:12:39
fc000000-0000-0000-0000-000000001841,a4f4f6bf-37e4-4a9f-b398-cd279ca3eb20,10bbf5a6-0d2a-4f76-9579-c153cfc4542f,a50eea71-ac81-4438-a9a7-9f9ae1cf7f89,True,2026-04-08 19:12:39
fc000000-0000-0000-0000-000000001842,e6c1734f-0826-4a99-bd22-bdae98dd5721,5f5560cf-c169-4781-8204-fb75ac3408c8,49720e2e-bd94-4072-8816-4b2dc97902ed,True,2026-04-08 19:12:39
fc000000-0000-0000-0000-000000001843,fdb3eb13-4c01-4e83-b659-d8901fb4de44,5f917eec-d4dc-40cb-94dd-b3272db3f858,5aea2c49-62ea-4875-a90a-440920bd2e60,True,2026-04-08 19:12:39
fc000000-0000-0000-0000-000000001844,73228236-aaf9-4143-91e0-15f22840f626,5f917eec-d4dc-40cb-94dd-b3272db3f858,2489267c-9b73-4948-a360-81d6ae8f9a8e,True,2026-04-08 19:12:39
fc000000-0000-0000-0000-000000001845,b1bb8354-7ce1-430d-9cff-7740280bb255,10f25068-4e34-42ca-94b3-96f5288b82ea,3e83f541-7341-4018-ab30-8c42069de70d,True,2026-04-08 19:12:39
fc000000-0000-0000-0000-000000001846,fcac8467-32d5-49e2-a8eb-c118a3c47f1d,5f5560cf-c169-4781-8204-fb75ac3408c8,49720e2e-bd94-4072-8816-4b2dc97902ed,True,2026-04-08 19:12:39
fc000000-0000-0000-0000-000000001847,bf7a3031-c070-4537-97b1-83adb7c3f505,5f917eec-d4dc-40cb-94dd-b3272db3f858,ad3bee99-7863-4b55-aa09-b9754b160c47,True,2026-04-08 19:12:39
fc000000-0000-0000-0000-000000001848,3892f768-bcff-4b6b-bf0f-3bfeb2aeb499,5f5560cf-c169-4781-8204-fb75ac3408c8,49720e2e-bd94-4072-8816-4b2dc97902ed,True,2026-04-08 19:12:39
fc000000-0000-0000-0000-000000001849,bd165746-2a70-4c31-993b-63ac8927f4f6,5f5560cf-c169-4781-8204-fb75ac3408c8,49720e2e-bd94-4072-8816-4b2dc97902ed,True,2026-04-08 19:12:39
fc000000-0000-0000-0000-000000001850,500d8df9-2fdd-46ef-a75d-a8264eeecfd9,8fc98f56-9662-45f7-8bd6-86a56e2142d1,,True,2026-04-08 19:12:39
fc000000-0000-0000-0000-000000001851,e839ecd7-d52a-470b-baea-fedbc7e71438,5f5560cf-c169-4781-8204-fb75ac3408c8,49720e2e-bd94-4072-8816-4b2dc97902ed,True,2026-04-08 19:12:39
fc000000-0000-0000-0000-000000001852,45837384-1b00-461d-a7ed-b2b0b7781841,77f6700e-88b8-40d8-9b61-ffefe536a5a2,27217365-aff2-447c-9c82-173f36a5173b,True,2026-04-08 19:12:39
fc000000-0000-0000-0000-000000001853,2dcd2e69-70ad-457c-be3d-820eb2bc1c0c,5f5560cf-c169-4781-8204-fb75ac3408c8,49720e2e-bd94-4072-8816-4b2dc97902ed,True,2026-04-08 19:12:39
fc000000-0000-0000-0000-000000001854,bd3636b6-8560-4572-8921-adddb68bff2a,1197ce03-96ae-4670-9ef3-28468625cf46,21f51f84-c1dd-4478-8fb0-1c10b08829a9,True,2026-04-08 19:12:39
fc000000-0000-0000-0000-000000001855,886fe24d-396c-4a99-8f81-1900b9efe2d8,1197ce03-96ae-4670-9ef3-28468625cf46,21f51f84-c1dd-4478-8fb0-1c10b08829a9,True,2026-04-08 19:12:39
fc000000-0000-0000-0000-000000001856,f0c09f55-f5ac-46c5-ba87-c2c231baf367,1197ce03-96ae-4670-9ef3-28468625cf46,21f51f84-c1dd-4478-8fb0-1c10b08829a9,True,2026-04-08 19:12:39
fc000000-0000-0000-0000-000000001857,e883cda9-c882-4e7e-852d-fba25e12764c,456e1a68-37c2-454d-948f-a46294d6ba3a,5998245d-af84-4a40-a4ca-75ab6b7272fe,True,2026-04-08 19:12:39
fc000000-0000-0000-0000-000000001858,1aecef0c-0b8b-46e2-a157-eccece743a5f,197fcbc8-7a73-40b5-802f-fa829cd49329,ba4abcf4-736f-4506-ae63-aad198da3468,True,2026-04-08 19:12:39
fc000000-0000-0000-0000-000000001859,35e5e296-0392-4bc2-aca2-47a2eb6c35e0,8dcc57a0-79ac-45dd-9db0-efb3d1fd5299,f5aa12c0-a668-4178-b870-908ba1c7ac67,True,2026-04-08 19:12:39
fc000000-0000-0000-0000-000000001860,996969a8-22ac-4795-aed3-a058926f49fc,7c844539-83eb-4880-b86c-dd05973f0e0a,01142f8e-82d9-40f3-af4c-6d9b20a078a5,True,2026-04-08 19:12:39
fc000000-0000-0000-0000-000000001861,981bf2e4-4714-45c1-a4f0-665271b2daa6,4081baaa-071b-45f4-a25d-ac5121bfccc7,2c0cf7ad-c480-4428-84c9-37060a9a0a37,True,2026-04-08 19:12:39
fc000000-0000-0000-0000-000000001862,d95ec232-3c8a-4bb6-8cb7-992297a908eb,ecb74426-adfd-416f-90ce-ac1136940e59,a0f45e64-d974-4ed8-99b7-5fe52a283bc9,True,2026-04-08 19:12:39
fc000000-0000-0000-0000-000000001863,e8431ffe-3863-4c93-a4e5-951e1a675546,75378ce6-f415-4cb9-a1a2-628f22004a53,,True,2026-04-08 19:12:39
fc000000-0000-0000-0000-000000001864,f43a6308-5709-4c9b-aa64-32861944d7c9,8dcc57a0-79ac-45dd-9db0-efb3d1fd5299,f5aa12c0-a668-4178-b870-908ba1c7ac67,True,2026-04-08 19:12:39
fc000000-0000-0000-0000-000000001865,30739584-1518-4916-988b-fa89dd220234,ce9a4f01-7e24-4171-89d9-beb67adc1d7f,,True,2026-04-08 19:12:39
fc000000-0000-0000-0000-000000001866,5a599044-0f58-4a8b-962c-16e05b2d0622,70f60247-60d3-4bce-87a8-ef397833ede6,f9d715bc-2a94-46dc-aedd-d566fe5fca63,True,2026-04-08 19:12:39
fc000000-0000-0000-0000-000000001867,eccf5479-9385-4679-bf7a-4cc553121456,70f60247-60d3-4bce-87a8-ef397833ede6,f9d715bc-2a94-46dc-aedd-d566fe5fca63,True,2026-04-08 19:12:39
fc000000-0000-0000-0000-000000001868,02c77067-17f8-490f-ad17-e658f2f5ecc4,138bec94-c996-4510-895c-6c0af0f6a6fc,aa2ac8a6-12e0-4e15-8fc6-3ce47a710a51,True,2026-04-08 19:12:39
fc000000-0000-0000-0000-000000001869,c3b5b7bd-9591-4480-b521-3666c95ff7dc,10f25068-4e34-42ca-94b3-96f5288b82ea,,True,2026-04-08 19:12:39
fc000000-0000-0000-0000-000000001870,f2a2b9bb-4317-419c-a106-15199a84a23a,7c844539-83eb-4880-b86c-dd05973f0e0a,b8cbc705-1090-4947-8783-70ce2ee9df2a,True,2026-04-08 19:12:39
fc000000-0000-0000-0000-000000001871,e778a0a5-3e05-4ba3-8ddf-b624b9eaa9ed,c0bae7dc-ef7b-4a8b-99fd-c1c1de3a9ed2,d493879f-f5cc-4c9a-bfbd-78a96a34b900,True,2026-04-08 19:12:39
fc000000-0000-0000-0000-000000001872,778eacfb-906c-4a42-8eb1-6a5d539ff432,7c844539-83eb-4880-b86c-dd05973f0e0a,01142f8e-82d9-40f3-af4c-6d9b20a078a5,True,2026-04-08 19:12:39
fc000000-0000-0000-0000-000000001873,13309060-695a-4c9f-bbec-ae1e2e4bc4aa,e5fcf8a7-cb34-4278-8082-a63b9d1856a9,eb979557-17dd-4e57-90ac-1854eece7765,True,2026-04-08 19:12:39
fc000000-0000-0000-0000-000000001874,d925ea02-7824-48f4-97de-f1ee745fab39,138bec94-c996-4510-895c-6c0af0f6a6fc,aa2ac8a6-12e0-4e15-8fc6-3ce47a710a51,True,2026-04-08 19:12:39
fc000000-0000-0000-0000-000000001875,1f5ac31b-5e68-482b-8624-ef1775a11669,5dbe61d1-daa6-4f30-acba-d9094a3f9de3,c75026f9-6eff-43bf-8fa3-700c0f983cde,True,2026-04-08 19:12:39
fc000000-0000-0000-0000-000000001876,91faea8d-9ad6-4bd6-a681-70b8ba57b687,7c844539-83eb-4880-b86c-dd05973f0e0a,b8cbc705-1090-4947-8783-70ce2ee9df2a,True,2026-04-08 19:12:39
fc000000-0000-0000-0000-000000001877,7104ca13-8df2-497a-b093-ee776a45531a,7c844539-83eb-4880-b86c-dd05973f0e0a,b8cbc705-1090-4947-8783-70ce2ee9df2a,True,2026-04-08 19:12:39
fc000000-0000-0000-0000-000000001878,24541fb3-eaee-4470-a3bf-a0d610865046,343841d6-b938-4b7d-8523-23d25aa1eeb5,03ef20c9-4602-4b3f-b405-be77706bfc0e,True,2026-04-08 19:12:39
fc000000-0000-0000-0000-000000001879,ba8bb647-2cd8-4336-80f8-29a6682f87c7,75378ce6-f415-4cb9-a1a2-628f22004a53,,True,2026-04-08 19:12:39
fc000000-0000-0000-0000-000000001880,ced65b8c-c850-4f20-ab68-d831dcb06fcb,456e1a68-37c2-454d-948f-a46294d6ba3a,44bbc135-209b-401b-bea5-384bd663155b,True,2026-04-08 19:12:39
fc000000-0000-0000-0000-000000001881,4207f5f4-b250-4ead-a4d2-87d27db5153f,a3ae9791-1572-4564-a7b7-b17e5824951c,7a4a6e5a-117c-41ef-84d0-e7d0e4319a59,True,2026-04-08 19:12:39
fc000000-0000-0000-0000-000000001882,bf5e3473-532b-4f63-8583-c9a049432263,ff1a36e5-3931-487f-8837-3e24af030706,91151206-fdf0-4b12-8740-df708b07dcc6,True,2026-04-08 19:12:39
fc000000-0000-0000-0000-000000001883,3b4ac612-d24a-4dc1-b6bb-5aaaa9a875b3,4ee5e694-5d88-4a9b-ba2e-eecf653807e1,,True,2026-04-08 19:12:39
fc000000-0000-0000-0000-000000001884,1bb424e6-e019-467b-9fe9-cf0dc64f79b2,4081baaa-071b-45f4-a25d-ac5121bfccc7,7e20674c-0cfd-42f7-94dc-124313a44543,True,2026-04-08 19:12:39
fc000000-0000-0000-0000-000000001885,c6b85ebb-3ad4-407f-b0f8-b75e5a5632aa,4cae38a8-4a2b-4f9f-8e47-c51a8fdab4d6,,True,2026-04-08 19:12:39
fc000000-0000-0000-0000-000000001886,9797ad60-71cb-4f0e-ae3f-2d4da3fd881f,4081baaa-071b-45f4-a25d-ac5121bfccc7,7e20674c-0cfd-42f7-94dc-124313a44543,True,2026-04-08 19:12:39
fc000000-0000-0000-0000-000000001887,3ed727e3-e1a3-4a06-99c5-341c5eaf603e,197fcbc8-7a73-40b5-802f-fa829cd49329,7aca039e-d723-43a5-b97d-b54b07fc5373,True,2026-04-08 19:12:39
fc000000-0000-0000-0000-000000001888,c3ee863e-00ac-4cad-9b65-061ba7502ff2,3fab3044-def1-4fff-a598-bac8d76da990,,True,2026-04-08 19:12:39
fc000000-0000-0000-0000-000000001889,3ee51a2c-5744-46fc-b920-342b30f39e66,5f5560cf-c169-4781-8204-fb75ac3408c8,49720e2e-bd94-4072-8816-4b2dc97902ed,True,2026-04-08 19:12:39
fc000000-0000-0000-0000-000000001890,9f259518-35d4-45ee-8cf7-0095cd24a0e4,8dcc57a0-79ac-45dd-9db0-efb3d1fd5299,e8840113-28f3-4d0b-8d73-9f513c624c2a,True,2026-04-08 19:12:39
fc000000-0000-0000-0000-000000001891,4a1a48ee-7f85-4425-91c1-08af0dd8d3cc,8dcc57a0-79ac-45dd-9db0-efb3d1fd5299,e9452b7a-02cb-45b8-a05c-ce1936aae2ea,True,2026-04-08 19:12:39
fc000000-0000-0000-0000-000000001892,a58b091d-98a5-4260-8078-6b69cecab27c,c0bae7dc-ef7b-4a8b-99fd-c1c1de3a9ed2,a11031c8-c160-488b-ae57-59320f8e85fa,True,2026-04-08 19:12:39
fc000000-0000-0000-0000-000000001893,6a60aa87-b1e2-4e11-a5d1-568b19e960f5,4cae38a8-4a2b-4f9f-8e47-c51a8fdab4d6,d1d4d95c-2df5-4126-8033-d0a652c4d8b3,True,2026-04-08 19:12:39
fc000000-0000-0000-0000-000000001894,3b9d9bba-8648-4f5f-be39-e4795732abf0,c0bae7dc-ef7b-4a8b-99fd-c1c1de3a9ed2,a11031c8-c160-488b-ae57-59320f8e85fa,True,2026-04-08 19:12:39
fc000000-0000-0000-0000-000000001895,730327a4-9a4d-40d7-b7b8-c3077d687d25,c0bae7dc-ef7b-4a8b-99fd-c1c1de3a9ed2,d493879f-f5cc-4c9a-bfbd-78a96a34b900,True,2026-04-08 19:12:39
fc000000-0000-0000-0000-000000001896,0cfa78f4-90af-43b2-895a-5abbbd572a9d,4ee5e694-5d88-4a9b-ba2e-eecf653807e1,,True,2026-04-08 19:12:39
fc000000-0000-0000-0000-000000001897,39e489a8-34d1-470f-a28c-9dc1e1f3a907,470809ae-c5f3-4ba1-9522-fd0972619f7f,c82335ca-73c8-44fb-8e7c-4f7d4965d472,True,2026-04-08 19:12:39
fc000000-0000-0000-0000-000000001898,fb539ef5-7d90-427c-a96b-edcfac8c79a9,1492dd48-44ce-4209-b09b-42795a46e039,,True,2026-04-08 19:12:39
fc000000-0000-0000-0000-000000001899,f660f8c6-ed13-4486-a4af-a5900ef36674,d859a9f6-ce5f-4e3f-8c72-f7e2030f93ce,efce174e-a81e-4902-9c51-e5cdf3abf3c2,True,2026-04-08 19:12:39
fc000000-0000-0000-0000-000000001900,60b7501e-082d-4d6e-bce2-c21757234c86,138bec94-c996-4510-895c-6c0af0f6a6fc,aa2ac8a6-12e0-4e15-8fc6-3ce47a710a51,True,2026-04-08 19:12:39
fc000000-0000-0000-0000-000000001901,b69a271a-5d67-4545-8340-aa6844cd6726,138bec94-c996-4510-895c-6c0af0f6a6fc,aa2ac8a6-12e0-4e15-8fc6-3ce47a710a51,True,2026-04-08 19:12:39
fc000000-0000-0000-0000-000000001902,7d479437-409e-4412-8a1b-7e5ad286230d,5dbe61d1-daa6-4f30-acba-d9094a3f9de3,0b36f32b-64d1-4f8e-be00-e757fe1ffb9d,True,2026-04-08 19:12:39
fc000000-0000-0000-0000-000000001903,3306c63d-f636-45c5-b840-177344e7022f,4cae38a8-4a2b-4f9f-8e47-c51a8fdab4d6,d1d4d95c-2df5-4126-8033-d0a652c4d8b3,True,2026-04-08 19:12:39
fc000000-0000-0000-0000-000000001904,ef648f27-78e2-45e8-ba05-38188b432dd4,a4607b32-1492-4625-b7e1-ce88eb426112,2e2c0fd2-f457-4bbf-89a4-6e958905ace1,True,2026-04-08 19:12:39
fc000000-0000-0000-0000-000000001905,5b8aec9b-7bbc-4f7d-8717-dd83ae049a4a,4081baaa-071b-45f4-a25d-ac5121bfccc7,2c0cf7ad-c480-4428-84c9-37060a9a0a37,True,2026-04-08 19:12:39
fc000000-0000-0000-0000-000000001906,37c99183-eb89-44ef-b759-088353862c94,4081baaa-071b-45f4-a25d-ac5121bfccc7,2c0cf7ad-c480-4428-84c9-37060a9a0a37,True,2026-04-08 19:12:39
fc000000-0000-0000-0000-000000001907,6d226566-941c-428d-8566-35e3edef768f,4081baaa-071b-45f4-a25d-ac5121bfccc7,2c0cf7ad-c480-4428-84c9-37060a9a0a37,True,2026-04-08 19:12:39
fc000000-0000-0000-0000-000000001908,bf4350e5-d4ef-4e08-80e0-67470a980fbb,197fcbc8-7a73-40b5-802f-fa829cd49329,ba4abcf4-736f-4506-ae63-aad198da3468,True,2026-04-08 19:12:39
fc000000-0000-0000-0000-000000001909,84478b87-61ff-462f-80ed-1d24f365235c,e5fcf8a7-cb34-4278-8082-a63b9d1856a9,eb979557-17dd-4e57-90ac-1854eece7765,True,2026-04-08 19:12:39
fc000000-0000-0000-0000-000000001910,a5bb1863-17db-4b81-a666-57a2fa57c465,ce9a4f01-7e24-4171-89d9-beb67adc1d7f,,True,2026-04-08 19:12:39
fc000000-0000-0000-0000-000000001911,13a8d0e6-0b0c-4f7e-bb32-940525b0b137,197fcbc8-7a73-40b5-802f-fa829cd49329,7aca039e-d723-43a5-b97d-b54b07fc5373,True,2026-04-08 19:12:39
fc000000-0000-0000-0000-000000001912,5299aff9-d50f-4e66-9368-7f9a529614c2,b28bcd2f-98c3-4e0e-bbae-d05d48bf82e9,,True,2026-04-08 19:12:39
fc000000-0000-0000-0000-000000001913,554842d5-b84f-40a3-80c3-bba68ba85882,456e1a68-37c2-454d-948f-a46294d6ba3a,91e5a9cf-e300-45c3-bd78-5a4d13bb8955,True,2026-04-08 19:12:39
fc000000-0000-0000-0000-000000001914,3340b4b3-4006-46cf-a73c-a206c22013f5,ecb74426-adfd-416f-90ce-ac1136940e59,,True,2026-04-08 19:12:39
fc000000-0000-0000-0000-000000001915,c3fbfdb9-d456-476e-8103-635267013a79,b28bcd2f-98c3-4e0e-bbae-d05d48bf82e9,,True,2026-04-08 19:12:39
fc000000-0000-0000-0000-000000001916,38cfecbc-d5ea-4222-ba5d-26861732227d,9a6acaba-6896-4d0f-b27a-d71a8be4e523,,True,2026-04-08 19:12:39
fc000000-0000-0000-0000-000000001917,f6528159-3139-477c-bcec-516d82e7a7f8,9a6acaba-6896-4d0f-b27a-d71a8be4e523,,True,2026-04-08 19:12:39
fc000000-0000-0000-0000-000000001918,a4a6990a-b71f-4e8f-90a1-f3e027c69b53,f0980453-c886-4dd1-8af5-7186fd83578d,9ba4b791-412e-4869-889f-bb12ea9cf9dc,True,2026-04-08 19:12:39
fc000000-0000-0000-0000-000000001919,e257c222-0560-42cb-bbb3-01ae997855c3,bd05a5ba-f1c0-4097-93c5-1a06a55ffc29,73d4b29f-6e5e-419d-bcde-2e22fc2581b3,True,2026-04-08 19:12:39
fc000000-0000-0000-0000-000000001920,b57863e6-e68c-478d-ac62-4dae9e4c97fc,93813225-2cbe-4d50-8943-423d4338776a,4eb29058-3bc2-43c5-a3a9-066f9879db4a,True,2026-04-08 19:12:39
fc000000-0000-0000-0000-000000001921,6431df57-0fc6-42c6-b35a-1f37b80a378f,bd05a5ba-f1c0-4097-93c5-1a06a55ffc29,73d4b29f-6e5e-419d-bcde-2e22fc2581b3,True,2026-04-08 19:12:39
fc000000-0000-0000-0000-000000001922,ef44bd85-d9fa-42b3-99ce-7c25add12ac3,197fcbc8-7a73-40b5-802f-fa829cd49329,7aca039e-d723-43a5-b97d-b54b07fc5373,True,2026-04-08 19:12:39
fc000000-0000-0000-0000-000000001923,1ce268d7-d0b6-41f6-93cb-48cd6ba8a483,138bec94-c996-4510-895c-6c0af0f6a6fc,e0e92ae5-9be6-4bfa-8f56-0f28d97e5408,True,2026-04-08 19:12:39
fc000000-0000-0000-0000-000000001924,ea475651-f19c-4ac1-a4ed-6ef3a6781101,197fcbc8-7a73-40b5-802f-fa829cd49329,7aca039e-d723-43a5-b97d-b54b07fc5373,True,2026-04-08 19:12:39
fc000000-0000-0000-0000-000000001925,4a3b6658-fe14-43d3-889e-16dfd85b12a9,197fcbc8-7a73-40b5-802f-fa829cd49329,7aca039e-d723-43a5-b97d-b54b07fc5373,True,2026-04-08 19:12:39
fc000000-0000-0000-0000-000000001926,6fbb7607-2cb6-400b-8c45-a0d01c8168fd,10f25068-4e34-42ca-94b3-96f5288b82ea,3e83f541-7341-4018-ab30-8c42069de70d,True,2026-04-08 19:12:39
fc000000-0000-0000-0000-000000001927,381018fd-88d6-4cd7-8bd9-f3290e8962c4,53b38111-c118-4a0d-ba1d-0500cedd6285,253c52d1-7938-497a-bbb2-9266034ee523,True,2026-04-08 19:12:39
fc000000-0000-0000-0000-000000001928,fa7027f0-79a1-455f-acbc-012648eeb197,4cae38a8-4a2b-4f9f-8e47-c51a8fdab4d6,d1d4d95c-2df5-4126-8033-d0a652c4d8b3,True,2026-04-08 19:12:39
fc000000-0000-0000-0000-000000001929,5cda6d4a-9834-4b47-a260-5a434de68d09,4cae38a8-4a2b-4f9f-8e47-c51a8fdab4d6,d1d4d95c-2df5-4126-8033-d0a652c4d8b3,True,2026-04-08 19:12:39
fc000000-0000-0000-0000-000000001930,2550ca97-e976-48a0-8898-8cfd13be8223,56c873fb-d05a-475b-9c58-8e43efcba0b2,dd36eb28-6b48-4071-aa16-f4fbaf70315e,True,2026-04-08 19:12:39
fc000000-0000-0000-0000-000000001931,37340f08-64a8-4097-a348-1fc05f39bc13,dc3b2dd6-a7eb-4ed7-bf00-750e33978760,fbe91310-b6cd-43ea-b306-e65d2ee5eaad,True,2026-04-08 19:12:39
fc000000-0000-0000-0000-000000001932,6119f43e-da65-4454-ab0f-50f4e166d07d,197fcbc8-7a73-40b5-802f-fa829cd49329,7aca039e-d723-43a5-b97d-b54b07fc5373,True,2026-04-08 19:12:39
fc000000-0000-0000-0000-000000001933,cc976ff3-2c69-4d1d-b10f-2eb5ae1dd9d9,197fcbc8-7a73-40b5-802f-fa829cd49329,7aca039e-d723-43a5-b97d-b54b07fc5373,True,2026-04-08 19:12:39
fc000000-0000-0000-0000-000000001934,4bab8310-0ce4-4fdf-b22f-085f9cc11f94,ecb74426-adfd-416f-90ce-ac1136940e59,,True,2026-04-08 19:12:39
fc000000-0000-0000-0000-000000001935,dd3d90b9-b81b-43d1-86c7-e084cef02fbe,197fcbc8-7a73-40b5-802f-fa829cd49329,7aca039e-d723-43a5-b97d-b54b07fc5373,True,2026-04-08 19:12:39
fc000000-0000-0000-0000-000000001936,871c7162-5311-4666-a606-4ba2aac6a56c,8dcc57a0-79ac-45dd-9db0-efb3d1fd5299,e9452b7a-02cb-45b8-a05c-ce1936aae2ea,True,2026-04-08 19:12:39
fc000000-0000-0000-0000-000000001937,35ce7565-d048-47f3-8d38-69fbaea5f7eb,f5e5d6a5-6dd0-4af7-acde-327f620fd476,,True,2026-04-08 19:12:39
fc000000-0000-0000-0000-000000001938,fc0731c2-731c-417b-994f-e1f20b72369a,5f5560cf-c169-4781-8204-fb75ac3408c8,07c2376a-a737-4f36-bc03-1778dd9b71ec,True,2026-04-08 19:12:39
fc000000-0000-0000-0000-000000001939,6a86b856-304e-4c17-a610-640952c5ee84,7c844539-83eb-4880-b86c-dd05973f0e0a,b8cbc705-1090-4947-8783-70ce2ee9df2a,True,2026-04-08 19:12:39
fc000000-0000-0000-0000-000000001940,deaeefc6-ad43-48ab-9111-a6ef304b76f7,343841d6-b938-4b7d-8523-23d25aa1eeb5,39478e69-751f-45a6-88b2-fd08bf1e80a2,True,2026-04-08 19:12:39
fc000000-0000-0000-0000-000000001941,836eb45e-07ba-4f17-8b72-624baee7704c,4cae38a8-4a2b-4f9f-8e47-c51a8fdab4d6,5890126b-c352-4df7-8341-1ac685154844,True,2026-04-08 19:12:39
fc000000-0000-0000-0000-000000001942,8e77c5e6-3b0a-4550-9175-fac9e9419599,197fcbc8-7a73-40b5-802f-fa829cd49329,7aca039e-d723-43a5-b97d-b54b07fc5373,True,2026-04-08 19:12:39
fc000000-0000-0000-0000-000000001943,15eef942-14e6-4c74-b607-7ef7dc019d4f,1197ce03-96ae-4670-9ef3-28468625cf46,21f51f84-c1dd-4478-8fb0-1c10b08829a9,True,2026-04-08 19:12:39
fc000000-0000-0000-0000-000000001944,1b7b41b0-2be4-4fe0-ab45-f4b12f8d64d3,e5fcf8a7-cb34-4278-8082-a63b9d1856a9,eb979557-17dd-4e57-90ac-1854eece7765,True,2026-04-08 19:12:39
fc000000-0000-0000-0000-000000001945,9ea152f9-aef4-4572-8c26-e1350281321d,343841d6-b938-4b7d-8523-23d25aa1eeb5,39478e69-751f-45a6-88b2-fd08bf1e80a2,True,2026-04-08 19:12:39
fc000000-0000-0000-0000-000000001946,0c91367a-72d6-44ca-b642-6a2d5ed7f26a,197fcbc8-7a73-40b5-802f-fa829cd49329,7aca039e-d723-43a5-b97d-b54b07fc5373,True,2026-04-08 19:12:39
fc000000-0000-0000-0000-000000001947,43452846-6403-4958-a8fa-8e994d9b061b,197fcbc8-7a73-40b5-802f-fa829cd49329,7aca039e-d723-43a5-b97d-b54b07fc5373,True,2026-04-08 19:12:39
fc000000-0000-0000-0000-000000001948,7198d174-93b7-41f3-a31b-519b81ffb933,197fcbc8-7a73-40b5-802f-fa829cd49329,ba4abcf4-736f-4506-ae63-aad198da3468,True,2026-04-08 19:12:39
fc000000-0000-0000-0000-000000001949,5c76524e-4c77-4421-ba96-50b40437cd48,197fcbc8-7a73-40b5-802f-fa829cd49329,ba4abcf4-736f-4506-ae63-aad198da3468,True,2026-04-08 19:12:39
fc000000-0000-0000-0000-000000001950,522519ce-c2f7-473a-a019-c027aaf46799,28572475-7747-45b9-8c58-aa7c2c3f0145,de6e85f2-4d03-48bc-9660-85cd52a507f3,True,2026-04-08 19:12:39
fc000000-0000-0000-0000-000000001951,a0b8b341-6068-4329-9b86-3bf07ab3e08b,5f917eec-d4dc-40cb-94dd-b3272db3f858,ad3bee99-7863-4b55-aa09-b9754b160c47,True,2026-04-08 19:12:39
fc000000-0000-0000-0000-000000001952,fa9bfeec-73b8-4280-909b-4384b4f6aabc,7c844539-83eb-4880-b86c-dd05973f0e0a,01142f8e-82d9-40f3-af4c-6d9b20a078a5,True,2026-04-08 19:12:39
fc000000-0000-0000-0000-000000001953,49bb9f93-ac75-4ee5-bb8a-0f6adf739a56,197fcbc8-7a73-40b5-802f-fa829cd49329,7aca039e-d723-43a5-b97d-b54b07fc5373,True,2026-04-08 19:12:39
fc000000-0000-0000-0000-000000001954,04d6c8c0-2d15-4b0e-9eb7-00d2324e2c3e,ca02fc79-4b0f-46d9-a2ae-ba767deaa976,10ca6b78-3b78-45e0-b611-61d3891033aa,True,2026-04-08 19:12:39
fc000000-0000-0000-0000-000000001955,ff7e8c17-513e-49c3-ba74-ff9a8c9e17df,4cae38a8-4a2b-4f9f-8e47-c51a8fdab4d6,5890126b-c352-4df7-8341-1ac685154844,True,2026-04-08 19:12:39
fc000000-0000-0000-0000-000000001956,702243a4-cdb5-4015-bce2-a258e2f06c5a,dc3b2dd6-a7eb-4ed7-bf00-750e33978760,fbe91310-b6cd-43ea-b306-e65d2ee5eaad,True,2026-04-08 19:12:39
fc000000-0000-0000-0000-000000001957,a325b4ab-0342-44c7-9c5a-1e0ae2d933dd,5f917eec-d4dc-40cb-94dd-b3272db3f858,ad3bee99-7863-4b55-aa09-b9754b160c47,True,2026-04-08 19:12:39
fc000000-0000-0000-0000-000000001958,dbb6eccd-8bf1-4ae5-a305-cd598fe2320c,138bec94-c996-4510-895c-6c0af0f6a6fc,aa2ac8a6-12e0-4e15-8fc6-3ce47a710a51,True,2026-04-08 19:12:39
fc000000-0000-0000-0000-000000001959,f1b1041f-17a2-4dfc-9f0b-9f4c67dd4899,7c844539-83eb-4880-b86c-dd05973f0e0a,08524641-c528-4cb4-9c11-f38b289595cf,True,2026-04-08 19:12:39
fc000000-0000-0000-0000-000000001960,d4f4a3be-af8a-4aca-b09f-189a7d4c908d,456e1a68-37c2-454d-948f-a46294d6ba3a,44bbc135-209b-401b-bea5-384bd663155b,True,2026-04-08 19:12:39
fc000000-0000-0000-0000-000000001961,3cf2041e-3e3f-4fcd-aa66-5c45150e1096,5f917eec-d4dc-40cb-94dd-b3272db3f858,ad3bee99-7863-4b55-aa09-b9754b160c47,True,2026-04-08 19:12:39
fc000000-0000-0000-0000-000000001962,1407f19f-10b9-4286-88fd-5e3043fb354e,c0bae7dc-ef7b-4a8b-99fd-c1c1de3a9ed2,a11031c8-c160-488b-ae57-59320f8e85fa,True,2026-04-08 19:12:39
fc000000-0000-0000-0000-000000001963,fee27409-2d90-41aa-89f8-41d3c0afc898,ecb74426-adfd-416f-90ce-ac1136940e59,,True,2026-04-08 19:12:39
fc000000-0000-0000-0000-000000001964,6624c09a-e9ba-498c-a412-ead643b0d247,ecb74426-adfd-416f-90ce-ac1136940e59,,True,2026-04-08 19:12:39
fc000000-0000-0000-0000-000000001965,e05bc406-74d8-4da6-ba04-9526f4c5e007,ecb74426-adfd-416f-90ce-ac1136940e59,,True,2026-04-08 19:12:39
fc000000-0000-0000-0000-000000001966,d6f0753a-de3e-44aa-acc3-faf9f712916a,ecb74426-adfd-416f-90ce-ac1136940e59,5cf414a9-7d0b-4cbc-82e9-54a3dd0b9e26,True,2026-04-08 19:12:39
fc000000-0000-0000-0000-000000001967,5bb3277f-c83f-4c4d-9873-9bc4e397c92d,138bec94-c996-4510-895c-6c0af0f6a6fc,a01eb0c3-5e2f-4b62-abc6-c59b24233509,True,2026-04-08 19:12:39
fc000000-0000-0000-0000-000000001968,6d47f589-b038-40ab-8c98-3870ec78fcfb,ecb74426-adfd-416f-90ce-ac1136940e59,,True,2026-04-08 19:12:39
fc000000-0000-0000-0000-000000001969,bc8ba744-8ff0-4bd6-abb6-0fec085bbadf,138bec94-c996-4510-895c-6c0af0f6a6fc,aa2ac8a6-12e0-4e15-8fc6-3ce47a710a51,True,2026-04-08 19:12:39
fc000000-0000-0000-0000-000000001970,8ae848e6-4294-49e6-8765-876f9c58b954,456e1a68-37c2-454d-948f-a46294d6ba3a,4851e333-befa-4ba3-8d43-216661d97bec,True,2026-04-08 19:12:39
fc000000-0000-0000-0000-000000001971,96a5ebc3-ab2c-49b3-b6cf-d5a966222b61,93813225-2cbe-4d50-8943-423d4338776a,c916f879-a7fa-4403-94c3-dcd5d3a03627,True,2026-04-08 19:12:39
fc000000-0000-0000-0000-000000001972,921958bd-64ba-4401-975d-a44a431c5d4c,1197ce03-96ae-4670-9ef3-28468625cf46,21f51f84-c1dd-4478-8fb0-1c10b08829a9,True,2026-04-08 19:12:39
fc000000-0000-0000-0000-000000001973,f287b623-0af2-40a8-ae84-b003791e97e2,8dcc57a0-79ac-45dd-9db0-efb3d1fd5299,e9452b7a-02cb-45b8-a05c-ce1936aae2ea,True,2026-04-08 19:12:39
fc000000-0000-0000-0000-000000001974,9784ba53-e6af-451f-9a15-8517f49291f1,e5fcf8a7-cb34-4278-8082-a63b9d1856a9,eb979557-17dd-4e57-90ac-1854eece7765,True,2026-04-08 19:12:39
fc000000-0000-0000-0000-000000001975,054785bf-0d6f-4642-993e-56f587d8d386,ff1a36e5-3931-487f-8837-3e24af030706,91151206-fdf0-4b12-8740-df708b07dcc6,True,2026-04-08 19:12:39
fc000000-0000-0000-0000-000000001976,bf6a9f3e-8747-4bab-8f49-a9f48276581a,ecb74426-adfd-416f-90ce-ac1136940e59,,True,2026-04-08 19:12:39
fc000000-0000-0000-0000-000000001977,1b0e24d9-5d9c-4b1c-b46e-37dfbea99501,bd05a5ba-f1c0-4097-93c5-1a06a55ffc29,02d8e7df-aa0d-4d08-88b8-7cddef2b7f08,True,2026-04-08 19:12:39
fc000000-0000-0000-0000-000000001978,1614310e-cdaa-4d6f-bfee-900c14be81e8,4081baaa-071b-45f4-a25d-ac5121bfccc7,5ef44941-021e-4c44-a995-8fcf78858411,True,2026-04-08 19:12:39
fc000000-0000-0000-0000-000000001979,503359de-1ce0-4c72-9d99-72f75374260c,ecb74426-adfd-416f-90ce-ac1136940e59,,True,2026-04-08 19:12:39
fc000000-0000-0000-0000-000000001980,6f715258-1d6d-4e46-a034-4338a31063ee,ecb74426-adfd-416f-90ce-ac1136940e59,,True,2026-04-08 19:12:39
fc000000-0000-0000-0000-000000001981,151e4f6d-4aba-49e8-8916-8e77cdb49147,456e1a68-37c2-454d-948f-a46294d6ba3a,91e5a9cf-e300-45c3-bd78-5a4d13bb8955,True,2026-04-08 19:12:39
fc000000-0000-0000-0000-000000001982,1d6d474a-1ab8-4939-964e-c6f9ff49abfa,4ee5e694-5d88-4a9b-ba2e-eecf653807e1,,True,2026-04-08 19:12:39
fc000000-0000-0000-0000-000000001983,2bdbbc17-c188-4004-829b-79341341c59e,5f917eec-d4dc-40cb-94dd-b3272db3f858,5aea2c49-62ea-4875-a90a-440920bd2e60,True,2026-04-08 19:12:39
fc000000-0000-0000-0000-000000001984,853583c0-41ea-41d0-b3cb-ef198c777bb8,9a6acaba-6896-4d0f-b27a-d71a8be4e523,,True,2026-04-08 19:12:39
fc000000-0000-0000-0000-000000001985,20f083d2-2782-4871-a25a-946cf88ddd33,5f5560cf-c169-4781-8204-fb75ac3408c8,07c2376a-a737-4f36-bc03-1778dd9b71ec,True,2026-04-08 19:12:39
fc000000-0000-0000-0000-000000001986,2298cc1e-2b63-455b-b789-6c60d1e345b7,ca02fc79-4b0f-46d9-a2ae-ba767deaa976,c1770239-c6ca-46d5-9b31-cfc57bcbf5d5,True,2026-04-08 19:12:39
fc000000-0000-0000-0000-000000001987,520bf9ec-b228-41e4-aafb-0adadd0394ac,ff1a36e5-3931-487f-8837-3e24af030706,91151206-fdf0-4b12-8740-df708b07dcc6,True,2026-04-08 19:12:39
fc000000-0000-0000-0000-000000001988,2d356a17-edba-4e32-8396-2c3becb6a00a,7c844539-83eb-4880-b86c-dd05973f0e0a,01142f8e-82d9-40f3-af4c-6d9b20a078a5,True,2026-04-08 19:12:39
fc000000-0000-0000-0000-000000001989,7dcd9e48-3204-4bab-ae41-1cacba8b7647,5f917eec-d4dc-40cb-94dd-b3272db3f858,b7b9056e-343d-4903-8c65-373151880714,True,2026-04-08 19:12:39
fc000000-0000-0000-0000-000000001990,4ca097dc-9178-483e-bdc7-65237837b628,7c844539-83eb-4880-b86c-dd05973f0e0a,b8cbc705-1090-4947-8783-70ce2ee9df2a,True,2026-04-08 19:12:39
fc000000-0000-0000-0000-000000001991,5d7fd8fe-902a-4ea4-889c-652a6b59da51,1197ce03-96ae-4670-9ef3-28468625cf46,21f51f84-c1dd-4478-8fb0-1c10b08829a9,True,2026-04-08 19:12:39
fc000000-0000-0000-0000-000000001992,d8a80546-8cfe-4f3c-837c-e4391749a944,93813225-2cbe-4d50-8943-423d4338776a,c916f879-a7fa-4403-94c3-dcd5d3a03627,True,2026-04-08 19:12:39
fc000000-0000-0000-0000-000000001993,ec052a1c-9e6d-4615-9dbd-040538792acf,5f917eec-d4dc-40cb-94dd-b3272db3f858,ad3bee99-7863-4b55-aa09-b9754b160c47,True,2026-04-08 19:12:39
fc000000-0000-0000-0000-000000001994,a1981a32-2f3c-43e0-9e02-2954ee829f31,e5fcf8a7-cb34-4278-8082-a63b9d1856a9,eb979557-17dd-4e57-90ac-1854eece7765,True,2026-04-08 19:12:39
fc000000-0000-0000-0000-000000001995,0ebf2e77-b8c3-4998-93d9-1959db65dec0,e5fcf8a7-cb34-4278-8082-a63b9d1856a9,eb979557-17dd-4e57-90ac-1854eece7765,True,2026-04-08 19:12:39
fc000000-0000-0000-0000-000000001996,0836d83f-d84d-4ccd-a9d8-6e7b5244bfc8,ecb74426-adfd-416f-90ce-ac1136940e59,,True,2026-04-08 19:12:39
fc000000-0000-0000-0000-000000001997,4063095c-fe3a-4258-966d-9504fe7e0881,197fcbc8-7a73-40b5-802f-fa829cd49329,7aca039e-d723-43a5-b97d-b54b07fc5373,True,2026-04-08 19:12:39
fc000000-0000-0000-0000-000000001998,60076103-8da8-4c1b-a351-168a82a166c2,8dcc57a0-79ac-45dd-9db0-efb3d1fd5299,e9452b7a-02cb-45b8-a05c-ce1936aae2ea,True,2026-04-08 19:12:39
fc000000-0000-0000-0000-000000001999,b13eff05-1a8f-43d5-a34e-0db944cdd1e2,138bec94-c996-4510-895c-6c0af0f6a6fc,aa2ac8a6-12e0-4e15-8fc6-3ce47a710a51,True,2026-04-08 19:12:39
fc000000-0000-0000-0000-000000002000,dfaf297c-560f-4924-93f2-c3962ef9b728,ca02fc79-4b0f-46d9-a2ae-ba767deaa976,d7e752f6-5486-4456-8f64-fec87565d101,True,2026-04-08 19:12:39
fc000000-0000-0000-0000-000000002001,e66aa83c-d57b-470e-9d93-64909753e6ef,10f25068-4e34-42ca-94b3-96f5288b82ea,,True,2026-04-08 19:12:39
fc000000-0000-0000-0000-000000002002,b9c862d0-3c1b-44c4-884d-e2e3feba52a4,335a566e-8b41-454f-88b7-8ea35818e22d,,True,2026-04-08 19:12:39
fc000000-0000-0000-0000-000000002003,eff1ea84-eb37-44da-979e-17a2fd614ea9,456e1a68-37c2-454d-948f-a46294d6ba3a,5998245d-af84-4a40-a4ca-75ab6b7272fe,True,2026-04-08 19:12:39
fc000000-0000-0000-0000-000000002004,85494df2-2108-4123-9cd2-4c2a8ef66e95,4ee5e694-5d88-4a9b-ba2e-eecf653807e1,,True,2026-04-08 19:12:39
fc000000-0000-0000-0000-000000002005,02b97346-e2f9-4bcb-8e43-ca847b1af3ed,7c844539-83eb-4880-b86c-dd05973f0e0a,b8cbc705-1090-4947-8783-70ce2ee9df2a,True,2026-04-08 19:12:39
fc000000-0000-0000-0000-000000002006,5cf32682-81a3-4e72-907a-0225eee2343e,7c844539-83eb-4880-b86c-dd05973f0e0a,b8cbc705-1090-4947-8783-70ce2ee9df2a,True,2026-04-08 19:12:39
fc000000-0000-0000-0000-000000002007,e0fa87bb-102d-4eeb-8e2b-788548f06a25,75378ce6-f415-4cb9-a1a2-628f22004a53,,True,2026-04-08 19:12:39
fc000000-0000-0000-0000-000000002008,8bb5c3a9-f8e4-428c-864e-37eb765dc1d3,dc3b2dd6-a7eb-4ed7-bf00-750e33978760,fbe91310-b6cd-43ea-b306-e65d2ee5eaad,True,2026-04-08 19:12:39
fc000000-0000-0000-0000-000000002009,10ea04b4-3e5f-41e5-b814-609afaa054b2,0986f242-a7aa-4df0-bb46-d1f3e5c64cf8,6d04e84f-b2b7-467e-87cc-e8815a67f6f7,True,2026-04-08 19:12:39
fc000000-0000-0000-0000-000000002010,d45e7752-e771-4dc1-b861-d62ec91023c7,138bec94-c996-4510-895c-6c0af0f6a6fc,aa2ac8a6-12e0-4e15-8fc6-3ce47a710a51,True,2026-04-08 19:12:39
fc000000-0000-0000-0000-000000002011,d4ab8b21-a599-4913-8d51-1b3671805fe2,d859a9f6-ce5f-4e3f-8c72-f7e2030f93ce,b804f2f5-20a0-4930-a261-6a4967c1c256,True,2026-04-08 19:12:39
fc000000-0000-0000-0000-000000002012,3129d54e-e0a7-4d06-bcd1-28c7a3bb0247,5f917eec-d4dc-40cb-94dd-b3272db3f858,14eb68ad-80c5-4379-b380-2719cf755b84,True,2026-04-08 19:12:39
fc000000-0000-0000-0000-000000002013,36e353f2-17fe-4b4c-b62a-db3653101066,8dcc57a0-79ac-45dd-9db0-efb3d1fd5299,e9452b7a-02cb-45b8-a05c-ce1936aae2ea,True,2026-04-08 19:12:39
fc000000-0000-0000-0000-000000002014,5b6f2aef-fb3b-4d29-a140-957067eb1c77,10f25068-4e34-42ca-94b3-96f5288b82ea,e6557dc4-26ce-465e-9ae9-3cc02c70fbc1,True,2026-04-08 19:12:39
fc000000-0000-0000-0000-000000002015,68853ef4-797a-4b6f-8326-62ffb12006de,138bec94-c996-4510-895c-6c0af0f6a6fc,e0e92ae5-9be6-4bfa-8f56-0f28d97e5408,True,2026-04-08 19:12:39
fc000000-0000-0000-0000-000000002016,d556c26c-2a27-4152-881a-dccb13d273e6,4081baaa-071b-45f4-a25d-ac5121bfccc7,7e20674c-0cfd-42f7-94dc-124313a44543,True,2026-04-08 19:12:39
fc000000-0000-0000-0000-000000002017,202974c3-bb99-4606-a9df-3acaf97fc403,5f917eec-d4dc-40cb-94dd-b3272db3f858,ad3bee99-7863-4b55-aa09-b9754b160c47,True,2026-04-08 19:12:39
fc000000-0000-0000-0000-000000002018,967cf03a-6afc-4f31-8c8f-96fb68e7cf0f,138bec94-c996-4510-895c-6c0af0f6a6fc,aa2ac8a6-12e0-4e15-8fc6-3ce47a710a51,True,2026-04-08 19:12:39
fc000000-0000-0000-0000-000000002019,2dae1a13-12ec-4a15-b2c1-b5a932f6d1a0,ca02fc79-4b0f-46d9-a2ae-ba767deaa976,c1770239-c6ca-46d5-9b31-cfc57bcbf5d5,True,2026-04-08 19:12:39
fc000000-0000-0000-0000-000000002020,87fd4024-5953-4a82-b443-32ab625d7efb,197fcbc8-7a73-40b5-802f-fa829cd49329,ba4abcf4-736f-4506-ae63-aad198da3468,True,2026-04-08 19:12:39
fc000000-0000-0000-0000-000000002021,d97ef9c1-d4ad-4f39-b7fd-1cb7dd120b74,7c844539-83eb-4880-b86c-dd05973f0e0a,b8cbc705-1090-4947-8783-70ce2ee9df2a,True,2026-04-08 19:12:39
fc000000-0000-0000-0000-000000002022,8dba2294-6d34-48a3-8552-d71a5949a955,ecb74426-adfd-416f-90ce-ac1136940e59,,True,2026-04-08 19:12:39
fc000000-0000-0000-0000-000000002023,ffaea16a-d14c-49d3-9905-f3d09589fafe,5f917eec-d4dc-40cb-94dd-b3272db3f858,ad3bee99-7863-4b55-aa09-b9754b160c47,True,2026-04-08 19:12:39
fc000000-0000-0000-0000-000000002024,8cc87d99-11c8-4c4a-98e5-29a31fa27d2e,bd05a5ba-f1c0-4097-93c5-1a06a55ffc29,73d4b29f-6e5e-419d-bcde-2e22fc2581b3,True,2026-04-08 19:12:39
fc000000-0000-0000-0000-000000002025,6beac2ee-d54b-43f0-8c5b-266b627b18cb,bd05a5ba-f1c0-4097-93c5-1a06a55ffc29,73d4b29f-6e5e-419d-bcde-2e22fc2581b3,True,2026-04-08 19:12:39
fc000000-0000-0000-0000-000000002026,f70d6a96-eb73-49e1-815a-a005fecce895,197fcbc8-7a73-40b5-802f-fa829cd49329,7aca039e-d723-43a5-b97d-b54b07fc5373,True,2026-04-08 19:12:39
fc000000-0000-0000-0000-000000002027,6b737e45-52e2-4dd0-9e7f-56eb0114323e,1197ce03-96ae-4670-9ef3-28468625cf46,21f51f84-c1dd-4478-8fb0-1c10b08829a9,True,2026-04-08 19:12:39
fc000000-0000-0000-0000-000000002028,25fc91f9-cfb1-47a1-ac15-b82f1236da42,8dcc57a0-79ac-45dd-9db0-efb3d1fd5299,e8840113-28f3-4d0b-8d73-9f513c624c2a,True,2026-04-08 19:12:39
fc000000-0000-0000-0000-000000002029,0e0ff1c9-0dd0-4843-8bce-9afaf07fd96a,ca02fc79-4b0f-46d9-a2ae-ba767deaa976,10ca6b78-3b78-45e0-b611-61d3891033aa,True,2026-04-08 19:12:39
fc000000-0000-0000-0000-000000002030,8c2df6ca-2071-4644-a545-48b6d710fc49,8fc98f56-9662-45f7-8bd6-86a56e2142d1,,True,2026-04-08 19:12:39
fc000000-0000-0000-0000-000000002031,49867397-ae1c-49b6-bae0-95da49b42d9d,197fcbc8-7a73-40b5-802f-fa829cd49329,ba4abcf4-736f-4506-ae63-aad198da3468,True,2026-04-08 19:12:39
fc000000-0000-0000-0000-000000002032,e9550d65-cd80-41cf-9a02-e6cd98776bc7,93813225-2cbe-4d50-8943-423d4338776a,23857ab3-ff9c-485c-acea-a192c6d504c9,True,2026-04-08 19:12:39
fc000000-0000-0000-0000-000000002033,85d039f0-5e4b-4ea7-aded-29921b103cc8,1197ce03-96ae-4670-9ef3-28468625cf46,21f51f84-c1dd-4478-8fb0-1c10b08829a9,True,2026-04-08 19:12:39
fc000000-0000-0000-0000-000000002034,3c60fe5a-b137-43d5-9d41-6100f5433db6,138bec94-c996-4510-895c-6c0af0f6a6fc,aa2ac8a6-12e0-4e15-8fc6-3ce47a710a51,True,2026-04-08 19:12:39
fc000000-0000-0000-0000-000000002035,be3ef8b3-7477-4e3c-b42a-e69e3a5188a6,a4607b32-1492-4625-b7e1-ce88eb426112,2e2c0fd2-f457-4bbf-89a4-6e958905ace1,True,2026-04-08 19:12:39
fc000000-0000-0000-0000-000000002036,062f90b1-f5a1-4d84-9f2f-33f2d344574c,138bec94-c996-4510-895c-6c0af0f6a6fc,aa2ac8a6-12e0-4e15-8fc6-3ce47a710a51,True,2026-04-08 19:12:39
fc000000-0000-0000-0000-000000002037,180aa5c3-e206-40c1-be84-03a13f44d95b,138bec94-c996-4510-895c-6c0af0f6a6fc,aa2ac8a6-12e0-4e15-8fc6-3ce47a710a51,True,2026-04-08 19:12:39
fc000000-0000-0000-0000-000000002038,48bc8bb2-20e9-40e0-89fd-34b5de22d937,470809ae-c5f3-4ba1-9522-fd0972619f7f,c82335ca-73c8-44fb-8e7c-4f7d4965d472,True,2026-04-08 19:12:39
fc000000-0000-0000-0000-000000002039,e92af47d-fb48-4b0b-bc24-4c41f0ea5a7f,197fcbc8-7a73-40b5-802f-fa829cd49329,7aca039e-d723-43a5-b97d-b54b07fc5373,True,2026-04-08 19:12:39
fc000000-0000-0000-0000-000000002040,27c7ed09-146d-47e7-83b6-6618ef1ad0aa,7c844539-83eb-4880-b86c-dd05973f0e0a,01142f8e-82d9-40f3-af4c-6d9b20a078a5,True,2026-04-08 19:12:39
fc000000-0000-0000-0000-000000002041,97bb530c-ca1c-4f01-854a-3a82f077917a,5f5560cf-c169-4781-8204-fb75ac3408c8,49720e2e-bd94-4072-8816-4b2dc97902ed,True,2026-04-08 19:12:39
fc000000-0000-0000-0000-000000002042,634fdb8d-2a3b-406c-8823-d84ccef65eab,4cae38a8-4a2b-4f9f-8e47-c51a8fdab4d6,d1d4d95c-2df5-4126-8033-d0a652c4d8b3,True,2026-04-08 19:12:39
fc000000-0000-0000-0000-000000002043,a491a643-96c4-49ec-8886-bf2ee9d6e088,197fcbc8-7a73-40b5-802f-fa829cd49329,7aca039e-d723-43a5-b97d-b54b07fc5373,True,2026-04-08 19:12:39
fc000000-0000-0000-0000-000000002044,d59920ab-b027-4924-9984-bd2894a5237e,7c844539-83eb-4880-b86c-dd05973f0e0a,01142f8e-82d9-40f3-af4c-6d9b20a078a5,True,2026-04-08 19:12:39
fc000000-0000-0000-0000-000000002045,80471736-106b-4fec-9948-e968afac20dd,d859a9f6-ce5f-4e3f-8c72-f7e2030f93ce,b804f2f5-20a0-4930-a261-6a4967c1c256,True,2026-04-08 19:12:39
fc000000-0000-0000-0000-000000002046,637e8f2e-460a-42bb-8465-83491060986d,a3ae9791-1572-4564-a7b7-b17e5824951c,7a4a6e5a-117c-41ef-84d0-e7d0e4319a59,True,2026-04-08 19:12:39
fc000000-0000-0000-0000-000000002047,5c977663-db4a-4889-8284-b455879bdc94,4081baaa-071b-45f4-a25d-ac5121bfccc7,2c0cf7ad-c480-4428-84c9-37060a9a0a37,True,2026-04-08 19:12:39
fc000000-0000-0000-0000-000000002048,9265b2e7-d2c2-4488-bac2-7209238e6038,138bec94-c996-4510-895c-6c0af0f6a6fc,aa2ac8a6-12e0-4e15-8fc6-3ce47a710a51,True,2026-04-08 19:12:39
fc000000-0000-0000-0000-000000002049,100cb07d-4948-4342-9db2-70fafa842d09,470809ae-c5f3-4ba1-9522-fd0972619f7f,0f1d8c04-97b9-4843-9872-3e78a0272e57,True,2026-04-08 19:12:39
fc000000-0000-0000-0000-000000002050,2c1dd040-c9e2-4bb5-8201-abaa85afec41,1197ce03-96ae-4670-9ef3-28468625cf46,21f51f84-c1dd-4478-8fb0-1c10b08829a9,True,2026-04-08 19:12:39
fc000000-0000-0000-0000-000000002051,bd9961a8-1b2c-48a1-9e7c-1093d694f730,5f917eec-d4dc-40cb-94dd-b3272db3f858,ad3bee99-7863-4b55-aa09-b9754b160c47,True,2026-04-08 19:12:39
fc000000-0000-0000-0000-000000002052,769579e7-f665-48e1-830f-8becf554c2d9,1197ce03-96ae-4670-9ef3-28468625cf46,21f51f84-c1dd-4478-8fb0-1c10b08829a9,True,2026-04-08 19:12:39
fc000000-0000-0000-0000-000000002053,1c93d068-6d64-47c9-ada2-355d253d9beb,7c844539-83eb-4880-b86c-dd05973f0e0a,08524641-c528-4cb4-9c11-f38b289595cf,True,2026-04-08 19:12:39
fc000000-0000-0000-0000-000000002054,c3563e22-7aa3-4619-9b77-ac1615166602,4ee5e694-5d88-4a9b-ba2e-eecf653807e1,,True,2026-04-08 19:12:39
fc000000-0000-0000-0000-000000002055,0d2ef685-30ca-4ca7-a98d-95eb2f24bcc4,8fc98f56-9662-45f7-8bd6-86a56e2142d1,,True,2026-04-08 19:12:39
fc000000-0000-0000-0000-000000002056,238d8f8d-9556-4fab-a629-26e50c0e3542,5f5560cf-c169-4781-8204-fb75ac3408c8,07c2376a-a737-4f36-bc03-1778dd9b71ec,True,2026-04-08 19:12:39
fc000000-0000-0000-0000-000000002057,baeed1be-789b-49fd-8524-9f6a62e87d27,5f5560cf-c169-4781-8204-fb75ac3408c8,07c2376a-a737-4f36-bc03-1778dd9b71ec,True,2026-04-08 19:12:39
fc000000-0000-0000-0000-000000002058,e6c1c307-d417-42bc-b7c2-0cd54c18d174,5f5560cf-c169-4781-8204-fb75ac3408c8,49720e2e-bd94-4072-8816-4b2dc97902ed,True,2026-04-08 19:12:39
fc000000-0000-0000-0000-000000002059,cfdaaad7-8219-4a06-bc76-f585febe4176,f0980453-c886-4dd1-8af5-7186fd83578d,9ba4b791-412e-4869-889f-bb12ea9cf9dc,True,2026-04-08 19:12:39
fc000000-0000-0000-0000-000000002060,e691e67f-64a3-4d92-9061-b8fab30f6c31,77f6700e-88b8-40d8-9b61-ffefe536a5a2,adea70da-6543-4051-b37c-fdb94ebfb893,True,2026-04-08 19:12:39
fc000000-0000-0000-0000-000000002061,3831a244-01f1-4b87-ab04-17d1466486f3,456e1a68-37c2-454d-948f-a46294d6ba3a,5998245d-af84-4a40-a4ca-75ab6b7272fe,True,2026-04-08 19:12:39
fc000000-0000-0000-0000-000000002062,9244fbe5-f581-4787-972b-9ebcba2481ad,f0980453-c886-4dd1-8af5-7186fd83578d,9ba4b791-412e-4869-889f-bb12ea9cf9dc,True,2026-04-08 19:12:39
fc000000-0000-0000-0000-000000002063,eaca0c8e-439b-4a7c-b455-c2469397111a,5f5560cf-c169-4781-8204-fb75ac3408c8,49720e2e-bd94-4072-8816-4b2dc97902ed,True,2026-04-08 19:12:39
fc000000-0000-0000-0000-000000002064,e0a0da4b-61c8-49d9-9b36-6df58a58e79e,93813225-2cbe-4d50-8943-423d4338776a,4eb29058-3bc2-43c5-a3a9-066f9879db4a,True,2026-04-08 19:12:39
fc000000-0000-0000-0000-000000002065,205f955b-e417-42f5-8b19-d1c738c65ccb,5f5560cf-c169-4781-8204-fb75ac3408c8,49720e2e-bd94-4072-8816-4b2dc97902ed,True,2026-04-08 19:12:39
fc000000-0000-0000-0000-000000002066,3e427620-539d-4449-bf55-d731422da5e4,ecb74426-adfd-416f-90ce-ac1136940e59,,True,2026-04-08 19:12:39
fc000000-0000-0000-0000-000000002067,0945c5e3-0eee-468c-b8f5-7dedcd7e4b41,d57f11d3-f03a-49bf-905e-131a223352cd,af030f0d-629b-4fc2-a83d-2a5117a4a7e3,True,2026-04-08 19:12:39
fc000000-0000-0000-0000-000000002068,86acb327-0ae9-49e7-8e94-a6b5b154a01e,343841d6-b938-4b7d-8523-23d25aa1eeb5,39478e69-751f-45a6-88b2-fd08bf1e80a2,True,2026-04-08 19:12:39
fc000000-0000-0000-0000-000000002069,b5460805-acb1-4a0c-b05b-2cbf2b3a5514,343841d6-b938-4b7d-8523-23d25aa1eeb5,39478e69-751f-45a6-88b2-fd08bf1e80a2,True,2026-04-08 19:12:39
fc000000-0000-0000-0000-000000002070,2781d39b-146e-4448-a383-e7dc3abd7d85,93813225-2cbe-4d50-8943-423d4338776a,4eb29058-3bc2-43c5-a3a9-066f9879db4a,True,2026-04-08 19:12:39
fc000000-0000-0000-0000-000000002071,e8cf9091-931f-45b4-a453-c6614bb520ab,7c844539-83eb-4880-b86c-dd05973f0e0a,b8cbc705-1090-4947-8783-70ce2ee9df2a,True,2026-04-08 19:12:39
fc000000-0000-0000-0000-000000002072,ef87db92-3864-4b91-ac32-1b35657cbc23,1197ce03-96ae-4670-9ef3-28468625cf46,21f51f84-c1dd-4478-8fb0-1c10b08829a9,True,2026-04-08 19:12:39
fc000000-0000-0000-0000-000000002073,c4c2d6d1-d28b-48bd-b4f3-fc3e5fa384b7,ecb74426-adfd-416f-90ce-ac1136940e59,a0f45e64-d974-4ed8-99b7-5fe52a283bc9,True,2026-04-08 19:12:39
fc000000-0000-0000-0000-000000002074,bde87b16-e3b8-49f8-b641-21bf4d9b1443,ff1a36e5-3931-487f-8837-3e24af030706,91151206-fdf0-4b12-8740-df708b07dcc6,True,2026-04-08 19:12:39
fc000000-0000-0000-0000-000000002075,d6460d2c-b728-4a79-ac22-3bba13d71f16,778fc1c9-c1e1-4135-b04e-4a1d9531ee28,0c38fd3a-bc70-4162-8807-7670b681947d,True,2026-04-08 19:12:39
fc000000-0000-0000-0000-000000002076,0fdbdd87-d566-465d-9856-6080eb0da1a6,f0980453-c886-4dd1-8af5-7186fd83578d,,True,2026-04-08 19:12:39
fc000000-0000-0000-0000-000000002077,7aaa1a5c-6b09-4d6f-8d07-e42bd22c7a84,10f25068-4e34-42ca-94b3-96f5288b82ea,3e83f541-7341-4018-ab30-8c42069de70d,True,2026-04-08 19:12:39
fc000000-0000-0000-0000-000000002078,e9c235fa-f837-4f02-8538-9eb8b5f6fd83,7c844539-83eb-4880-b86c-dd05973f0e0a,b8cbc705-1090-4947-8783-70ce2ee9df2a,True,2026-04-08 19:12:39
fc000000-0000-0000-0000-000000002079,4048f53a-03da-463a-b762-7e69aeb73ea5,197fcbc8-7a73-40b5-802f-fa829cd49329,7aca039e-d723-43a5-b97d-b54b07fc5373,True,2026-04-08 19:12:39
fc000000-0000-0000-0000-000000002080,0457a9d3-462c-4af6-9da0-d84a2ea0c569,7c844539-83eb-4880-b86c-dd05973f0e0a,01142f8e-82d9-40f3-af4c-6d9b20a078a5,True,2026-04-08 19:12:39
fc000000-0000-0000-0000-000000002081,f3882697-d971-44d8-b01d-6aecb3091737,dc3b2dd6-a7eb-4ed7-bf00-750e33978760,fbe91310-b6cd-43ea-b306-e65d2ee5eaad,True,2026-04-08 19:12:39
fc000000-0000-0000-0000-000000002082,7d650dca-df8b-4219-b35f-530279f78d7b,8dcc57a0-79ac-45dd-9db0-efb3d1fd5299,f5aa12c0-a668-4178-b870-908ba1c7ac67,True,2026-04-08 19:12:39
fc000000-0000-0000-0000-000000002083,75d4deae-0256-4115-82b0-e05ac6f159cd,0986f242-a7aa-4df0-bb46-d1f3e5c64cf8,6d04e84f-b2b7-467e-87cc-e8815a67f6f7,True,2026-04-08 19:12:39
fc000000-0000-0000-0000-000000002084,3a115f4c-05df-4787-9557-39df180a6b6b,93813225-2cbe-4d50-8943-423d4338776a,7deb17b5-0399-4c32-913d-5f9ede6b54a4,True,2026-04-08 19:12:39
fc000000-0000-0000-0000-000000002085,cf748107-b855-4aa7-aa13-7e31586fffe3,5f5560cf-c169-4781-8204-fb75ac3408c8,49720e2e-bd94-4072-8816-4b2dc97902ed,True,2026-04-08 19:12:39
fc000000-0000-0000-0000-000000002086,1b84ec19-5fb9-4087-8fa7-10c161a9156f,5f5560cf-c169-4781-8204-fb75ac3408c8,49720e2e-bd94-4072-8816-4b2dc97902ed,True,2026-04-08 19:12:39
fc000000-0000-0000-0000-000000002087,f3d2b489-940c-461f-a00e-f489a48ac259,7c844539-83eb-4880-b86c-dd05973f0e0a,08a2a1f3-d685-42b8-98ce-56296b83f1cf,True,2026-04-08 19:12:39
fc000000-0000-0000-0000-000000002088,882c2f7d-4128-457d-b8b7-ad9355390c31,93813225-2cbe-4d50-8943-423d4338776a,4eb29058-3bc2-43c5-a3a9-066f9879db4a,True,2026-04-08 19:12:39
fc000000-0000-0000-0000-000000002089,81dfb7ef-434f-49e3-b162-c860ad188091,5f5560cf-c169-4781-8204-fb75ac3408c8,fe5eb9eb-00b1-4d78-8a29-71597abc06c2,True,2026-04-08 19:12:39
fc000000-0000-0000-0000-000000002090,f0d16f3d-3dae-4f39-aac4-ff6e28ae80f8,93813225-2cbe-4d50-8943-423d4338776a,4eb29058-3bc2-43c5-a3a9-066f9879db4a,True,2026-04-08 19:12:39
fc000000-0000-0000-0000-000000002091,e26e1006-9bc7-471b-a941-441ece2c386b,77f6700e-88b8-40d8-9b61-ffefe536a5a2,27217365-aff2-447c-9c82-173f36a5173b,True,2026-04-08 19:12:39
fc000000-0000-0000-0000-000000002092,770806fc-1d33-4fcc-8c58-6cfaaedfffb8,197fcbc8-7a73-40b5-802f-fa829cd49329,7aca039e-d723-43a5-b97d-b54b07fc5373,True,2026-04-08 19:12:39
fc000000-0000-0000-0000-000000002093,318ff1b7-7cd8-4841-95c1-1261d6cba0cd,5dbe61d1-daa6-4f30-acba-d9094a3f9de3,0b36f32b-64d1-4f8e-be00-e757fe1ffb9d,True,2026-04-08 19:12:39
fc000000-0000-0000-0000-000000002094,fceddc00-fab6-4ab5-b4d1-e59c873544a5,93813225-2cbe-4d50-8943-423d4338776a,4eb29058-3bc2-43c5-a3a9-066f9879db4a,True,2026-04-08 19:12:39
fc000000-0000-0000-0000-000000002095,e5cf947e-3aaa-4c11-a4ec-dcde9719f36a,7c844539-83eb-4880-b86c-dd05973f0e0a,2f1177ff-5f3c-4895-adfe-14ea626a7ac4,True,2026-04-08 19:12:39
fc000000-0000-0000-0000-000000002096,69bf4348-7dc1-434e-97ff-91b04a3813dc,1197ce03-96ae-4670-9ef3-28468625cf46,21f51f84-c1dd-4478-8fb0-1c10b08829a9,True,2026-04-08 19:12:39
fc000000-0000-0000-0000-000000002097,51220a45-6fab-4486-a58a-0e9fb94920b1,5f5560cf-c169-4781-8204-fb75ac3408c8,07c2376a-a737-4f36-bc03-1778dd9b71ec,True,2026-04-08 19:12:39
fc000000-0000-0000-0000-000000002098,3db31307-0a09-4017-99e4-77078b24977f,5f917eec-d4dc-40cb-94dd-b3272db3f858,5aea2c49-62ea-4875-a90a-440920bd2e60,True,2026-04-08 19:12:39
fc000000-0000-0000-0000-000000002099,a7eba6dd-da86-4c11-8fb0-7777f6bbe9b3,ff1a36e5-3931-487f-8837-3e24af030706,91151206-fdf0-4b12-8740-df708b07dcc6,True,2026-04-08 19:12:39
fc000000-0000-0000-0000-000000002100,e692ab0e-c042-4bba-8f6f-f1f8818e9524,dc3b2dd6-a7eb-4ed7-bf00-750e33978760,fbe91310-b6cd-43ea-b306-e65d2ee5eaad,True,2026-04-08 19:12:39
fc000000-0000-0000-0000-000000002101,f666be8b-6d4d-4238-b91b-c8427cced688,d57f11d3-f03a-49bf-905e-131a223352cd,af030f0d-629b-4fc2-a83d-2a5117a4a7e3,True,2026-04-08 19:12:39
fc000000-0000-0000-0000-000000002102,406220bf-ebb8-4585-8c20-816004c83a2a,3fab3044-def1-4fff-a598-bac8d76da990,,True,2026-04-08 19:12:39
fc000000-0000-0000-0000-000000002103,9be962ca-435f-409c-8405-7c258a5e4540,1197ce03-96ae-4670-9ef3-28468625cf46,21f51f84-c1dd-4478-8fb0-1c10b08829a9,True,2026-04-08 19:12:39
fc000000-0000-0000-0000-000000002104,d729e1da-3192-4c63-b002-295d95108206,5dbe61d1-daa6-4f30-acba-d9094a3f9de3,fb96033c-bccd-44c5-a89d-8cdbdc7d822d,True,2026-04-08 19:12:39
fc000000-0000-0000-0000-000000002105,ef796d0e-41d1-49a9-b18c-e3bb33c828c7,77f6700e-88b8-40d8-9b61-ffefe536a5a2,adea70da-6543-4051-b37c-fdb94ebfb893,True,2026-04-08 19:12:39
fc000000-0000-0000-0000-000000002106,9046587f-af6b-4754-a11b-0de9a917a5da,0986f242-a7aa-4df0-bb46-d1f3e5c64cf8,6d04e84f-b2b7-467e-87cc-e8815a67f6f7,True,2026-04-08 19:12:39
fc000000-0000-0000-0000-000000002107,053d455f-f348-47a7-abb5-1f0aa90800db,10f25068-4e34-42ca-94b3-96f5288b82ea,,True,2026-04-08 19:12:39
fc000000-0000-0000-0000-000000002108,340660f7-d55a-4a46-b7aa-cc571a54ee8b,10f25068-4e34-42ca-94b3-96f5288b82ea,3e83f541-7341-4018-ab30-8c42069de70d,True,2026-04-08 19:12:39
fc000000-0000-0000-0000-000000002109,b8bab8c8-4073-4c8a-ae59-88aeb7f38034,e5fcf8a7-cb34-4278-8082-a63b9d1856a9,eb979557-17dd-4e57-90ac-1854eece7765,True,2026-04-08 19:12:39
fc000000-0000-0000-0000-000000002110,621a3355-74b1-43be-acbe-da7478db825e,4cae38a8-4a2b-4f9f-8e47-c51a8fdab4d6,d1d4d95c-2df5-4126-8033-d0a652c4d8b3,True,2026-04-08 19:12:39
fc000000-0000-0000-0000-000000002111,3dc42170-96e0-4a96-a099-1ef7494cf6e1,7c844539-83eb-4880-b86c-dd05973f0e0a,b8cbc705-1090-4947-8783-70ce2ee9df2a,True,2026-04-08 19:12:39
fc000000-0000-0000-0000-000000002112,dbf804db-4b49-4aa5-ad9f-2434275ebe70,5f5560cf-c169-4781-8204-fb75ac3408c8,49720e2e-bd94-4072-8816-4b2dc97902ed,True,2026-04-08 19:12:39
fc000000-0000-0000-0000-000000002113,7792e759-bf79-4fff-98e4-b69f4bd1d892,ff1a36e5-3931-487f-8837-3e24af030706,91151206-fdf0-4b12-8740-df708b07dcc6,True,2026-04-08 19:12:39
fc000000-0000-0000-0000-000000002114,fb1728a5-2463-480f-a478-c9f5246ebf78,5f5560cf-c169-4781-8204-fb75ac3408c8,49720e2e-bd94-4072-8816-4b2dc97902ed,True,2026-04-08 19:12:39
fc000000-0000-0000-0000-000000002115,312eb8b0-0c26-42b5-bc97-65bd2f9edb56,93813225-2cbe-4d50-8943-423d4338776a,4eb29058-3bc2-43c5-a3a9-066f9879db4a,True,2026-04-08 19:12:39
fc000000-0000-0000-0000-000000002116,35d98fcf-d37e-4986-adb1-5ea6f4d648e1,10f25068-4e34-42ca-94b3-96f5288b82ea,,True,2026-04-08 19:12:39
fc000000-0000-0000-0000-000000002117,ba7fc149-0aeb-4ee5-ba77-0d3ce433ac6f,10f25068-4e34-42ca-94b3-96f5288b82ea,,True,2026-04-08 19:12:39
fc000000-0000-0000-0000-000000002118,845f854d-486a-407b-abdc-9eee1a9d5e0b,5f5560cf-c169-4781-8204-fb75ac3408c8,49720e2e-bd94-4072-8816-4b2dc97902ed,True,2026-04-08 19:12:39
fc000000-0000-0000-0000-000000002119,6be8a4f6-2ba9-4206-bd3a-41621bd3faf2,ecb74426-adfd-416f-90ce-ac1136940e59,5cf414a9-7d0b-4cbc-82e9-54a3dd0b9e26,True,2026-04-08 19:12:39
fc000000-0000-0000-0000-000000002120,b9f325f7-a411-4a9b-815f-2a1114f121e8,d57f11d3-f03a-49bf-905e-131a223352cd,af030f0d-629b-4fc2-a83d-2a5117a4a7e3,True,2026-04-08 19:12:39
fc000000-0000-0000-0000-000000002121,f972c1fa-df77-4dfa-a12f-852db41b151b,9a6acaba-6896-4d0f-b27a-d71a8be4e523,,True,2026-04-08 19:12:39
fc000000-0000-0000-0000-000000002122,a50c051e-00d4-40d5-80fc-acafad618301,7c844539-83eb-4880-b86c-dd05973f0e0a,01142f8e-82d9-40f3-af4c-6d9b20a078a5,True,2026-04-08 19:12:39
fc000000-0000-0000-0000-000000002123,f35f9205-3445-46fc-93a7-70754bbb831e,456e1a68-37c2-454d-948f-a46294d6ba3a,44bbc135-209b-401b-bea5-384bd663155b,True,2026-04-08 19:12:39
fc000000-0000-0000-0000-000000002124,b6928231-2f7d-4312-a104-6c4f4072639b,456e1a68-37c2-454d-948f-a46294d6ba3a,5998245d-af84-4a40-a4ca-75ab6b7272fe,True,2026-04-08 19:12:39
fc000000-0000-0000-0000-000000002125,068db058-9b57-4f92-a6e8-3b8040ff294d,4cae38a8-4a2b-4f9f-8e47-c51a8fdab4d6,5890126b-c352-4df7-8341-1ac685154844,True,2026-04-08 19:12:39
fc000000-0000-0000-0000-000000002126,ba807709-b813-4de7-b718-ab7b0632caa0,138bec94-c996-4510-895c-6c0af0f6a6fc,aa2ac8a6-12e0-4e15-8fc6-3ce47a710a51,True,2026-04-08 19:12:39
fc000000-0000-0000-0000-000000002127,b89c4430-fb8d-4b2a-8682-bcb3995c63b3,5f5560cf-c169-4781-8204-fb75ac3408c8,07c2376a-a737-4f36-bc03-1778dd9b71ec,True,2026-04-08 19:12:39
fc000000-0000-0000-0000-000000002128,5dddf3b9-e2f4-4ac9-9ba3-7d9876518fd1,456e1a68-37c2-454d-948f-a46294d6ba3a,4851e333-befa-4ba3-8d43-216661d97bec,True,2026-04-08 19:12:39
fc000000-0000-0000-0000-000000002129,077d3a73-f642-4552-a99c-0f7ea7527d91,197fcbc8-7a73-40b5-802f-fa829cd49329,7aca039e-d723-43a5-b97d-b54b07fc5373,True,2026-04-08 19:12:39
fc000000-0000-0000-0000-000000002130,8a1ff7c2-68de-46c0-95af-2d35883eb196,ecb74426-adfd-416f-90ce-ac1136940e59,,True,2026-04-08 19:12:39
fc000000-0000-0000-0000-000000002131,160623fb-ddfa-4509-ac87-d68e8fbedb69,7c844539-83eb-4880-b86c-dd05973f0e0a,01142f8e-82d9-40f3-af4c-6d9b20a078a5,True,2026-04-08 19:12:39
fc000000-0000-0000-0000-000000002132,f40db21d-f1e2-4e76-a492-7e39faa748b0,1197ce03-96ae-4670-9ef3-28468625cf46,21f51f84-c1dd-4478-8fb0-1c10b08829a9,True,2026-04-08 19:12:39
fc000000-0000-0000-0000-000000002133,700738d3-0a9e-4552-aa3d-7bccf57d3cee,56c873fb-d05a-475b-9c58-8e43efcba0b2,,True,2026-04-08 19:12:39
fc000000-0000-0000-0000-000000002134,44ddf9cd-a3f4-471e-b998-a16a0c6c68fe,93813225-2cbe-4d50-8943-423d4338776a,4eb29058-3bc2-43c5-a3a9-066f9879db4a,True,2026-04-08 19:12:39
fc000000-0000-0000-0000-000000002135,fe014b94-3e36-4d7a-b8dc-40a9609646b7,ecb74426-adfd-416f-90ce-ac1136940e59,a0f45e64-d974-4ed8-99b7-5fe52a283bc9,True,2026-04-08 19:12:39
fc000000-0000-0000-0000-000000002136,042a2855-069f-468e-a8fe-9fa9da0a2fbe,7c844539-83eb-4880-b86c-dd05973f0e0a,b8cbc705-1090-4947-8783-70ce2ee9df2a,True,2026-04-08 19:12:39
fc000000-0000-0000-0000-000000002137,acc8868a-11f0-436d-8fb3-be31dd039824,456e1a68-37c2-454d-948f-a46294d6ba3a,5998245d-af84-4a40-a4ca-75ab6b7272fe,True,2026-04-08 19:12:39
fc000000-0000-0000-0000-000000002138,b05d00c5-b8cc-40a6-af42-7aea157e6900,1197ce03-96ae-4670-9ef3-28468625cf46,21f51f84-c1dd-4478-8fb0-1c10b08829a9,True,2026-04-08 19:12:39
fc000000-0000-0000-0000-000000002139,e0876123-c161-41f6-8884-58faf275c69f,197fcbc8-7a73-40b5-802f-fa829cd49329,7aca039e-d723-43a5-b97d-b54b07fc5373,True,2026-04-08 19:12:39
fc000000-0000-0000-0000-000000002140,9ec8ca99-4c65-40cc-9c95-a2bbe3ced478,93813225-2cbe-4d50-8943-423d4338776a,51a4f126-da75-4875-b6eb-7ab5622b6099,True,2026-04-08 19:12:39
fc000000-0000-0000-0000-000000002141,1b8e6d6d-113f-4e77-957f-01e3bd52578f,456e1a68-37c2-454d-948f-a46294d6ba3a,91e5a9cf-e300-45c3-bd78-5a4d13bb8955,True,2026-04-08 19:12:39
fc000000-0000-0000-0000-000000002142,9e086037-cefe-425f-a357-1d6690f12dea,77f6700e-88b8-40d8-9b61-ffefe536a5a2,27217365-aff2-447c-9c82-173f36a5173b,True,2026-04-08 19:12:39
fc000000-0000-0000-0000-000000002143,b63fae1a-caa4-4f9a-9604-52d7cff8c9bd,1197ce03-96ae-4670-9ef3-28468625cf46,21f51f84-c1dd-4478-8fb0-1c10b08829a9,True,2026-04-08 19:12:39
fc000000-0000-0000-0000-000000002144,f4cec09d-2547-49fa-ba46-b389675c429d,7c844539-83eb-4880-b86c-dd05973f0e0a,b8cbc705-1090-4947-8783-70ce2ee9df2a,True,2026-04-08 19:12:39
fc000000-0000-0000-0000-000000002145,ded5e446-f2c4-47aa-bd29-91730a7739bf,93813225-2cbe-4d50-8943-423d4338776a,4eb29058-3bc2-43c5-a3a9-066f9879db4a,True,2026-04-08 19:12:39
fc000000-0000-0000-0000-000000002146,a6902c41-259d-4c02-890c-9d26dbf44def,4cae38a8-4a2b-4f9f-8e47-c51a8fdab4d6,d1d4d95c-2df5-4126-8033-d0a652c4d8b3,True,2026-04-08 19:12:39
fc000000-0000-0000-0000-000000002147,b7d63878-614a-4693-8c99-7e3d0fbe19c0,1197ce03-96ae-4670-9ef3-28468625cf46,21f51f84-c1dd-4478-8fb0-1c10b08829a9,True,2026-04-08 19:12:39
fc000000-0000-0000-0000-000000002148,3d73bf80-6457-439e-8cd4-5430ae98b975,5f917eec-d4dc-40cb-94dd-b3272db3f858,ad3bee99-7863-4b55-aa09-b9754b160c47,True,2026-04-08 19:12:39
fc000000-0000-0000-0000-000000002149,5cf59a22-393b-4156-a2b7-16c15eeaa7bf,7c844539-83eb-4880-b86c-dd05973f0e0a,b8cbc705-1090-4947-8783-70ce2ee9df2a,True,2026-04-08 19:12:39
fc000000-0000-0000-0000-000000002150,4bc6f019-460b-4f53-a1ee-e195d6c6d2ba,5f5560cf-c169-4781-8204-fb75ac3408c8,49720e2e-bd94-4072-8816-4b2dc97902ed,True,2026-04-08 19:12:39
fc000000-0000-0000-0000-000000002151,2f924aab-43e7-45fe-93d6-2eb1c6193ab7,1197ce03-96ae-4670-9ef3-28468625cf46,21f51f84-c1dd-4478-8fb0-1c10b08829a9,True,2026-04-08 19:12:39
fc000000-0000-0000-0000-000000002152,250f66f9-35dd-44b5-8f9a-c1be3e798460,5f5560cf-c169-4781-8204-fb75ac3408c8,49720e2e-bd94-4072-8816-4b2dc97902ed,True,2026-04-08 19:12:39
fc000000-0000-0000-0000-000000002153,9b8f1b41-8380-4e75-9886-2b2c38aa6397,7c844539-83eb-4880-b86c-dd05973f0e0a,b8cbc705-1090-4947-8783-70ce2ee9df2a,True,2026-04-08 19:12:39
fc000000-0000-0000-0000-000000002154,e9f40097-07b0-4914-9bac-82666fe10813,8fc98f56-9662-45f7-8bd6-86a56e2142d1,,True,2026-04-08 19:12:39
fc000000-0000-0000-0000-000000002155,ad81ddd4-c599-4d34-bbb9-58130ba44c4e,5f5560cf-c169-4781-8204-fb75ac3408c8,07c2376a-a737-4f36-bc03-1778dd9b71ec,True,2026-04-08 19:12:39
fc000000-0000-0000-0000-000000002156,7f387838-b43c-4b61-845f-b2265fb3687b,1197ce03-96ae-4670-9ef3-28468625cf46,21f51f84-c1dd-4478-8fb0-1c10b08829a9,True,2026-04-08 19:12:39
fc000000-0000-0000-0000-000000002157,01a72b31-72fd-4f4b-8510-4316ff2decaf,5f5560cf-c169-4781-8204-fb75ac3408c8,07c2376a-a737-4f36-bc03-1778dd9b71ec,True,2026-04-08 19:12:39
fc000000-0000-0000-0000-000000002158,7ac0098a-aefc-448d-be62-36d3714e9fa7,5f5560cf-c169-4781-8204-fb75ac3408c8,07c2376a-a737-4f36-bc03-1778dd9b71ec,True,2026-04-08 19:12:39
fc000000-0000-0000-0000-000000002159,18a3d7a8-0ded-414d-8ab5-bed4626a4bd1,a3ae9791-1572-4564-a7b7-b17e5824951c,55bd2d50-ae98-42be-852d-d2eccaff0b46,True,2026-04-08 19:12:39
fc000000-0000-0000-0000-000000002160,e1f6f025-556d-4820-82dc-063bf63e0121,5f5560cf-c169-4781-8204-fb75ac3408c8,49720e2e-bd94-4072-8816-4b2dc97902ed,True,2026-04-08 19:12:39
fc000000-0000-0000-0000-000000002161,6e99e9de-a3e8-4b5b-b490-5eca725bb890,5f917eec-d4dc-40cb-94dd-b3272db3f858,2489267c-9b73-4948-a360-81d6ae8f9a8e,True,2026-04-08 19:12:39
fc000000-0000-0000-0000-000000002162,a326f9a4-1e09-4af4-88d1-8e437ecc4ab0,93813225-2cbe-4d50-8943-423d4338776a,23857ab3-ff9c-485c-acea-a192c6d504c9,True,2026-04-08 19:12:39
fc000000-0000-0000-0000-000000002163,36e2d828-121e-420a-8965-b03adc307e7c,456e1a68-37c2-454d-948f-a46294d6ba3a,44bbc135-209b-401b-bea5-384bd663155b,True,2026-04-08 19:12:39
fc000000-0000-0000-0000-000000002164,6b0c4895-46c1-4338-a308-67d457cd2c27,ecb74426-adfd-416f-90ce-ac1136940e59,a0f45e64-d974-4ed8-99b7-5fe52a283bc9,True,2026-04-08 19:12:39
fc000000-0000-0000-0000-000000002165,77eb3c30-4f86-455d-953c-556e71e3b5e6,456e1a68-37c2-454d-948f-a46294d6ba3a,4851e333-befa-4ba3-8d43-216661d97bec,True,2026-04-08 19:12:39
fc000000-0000-0000-0000-000000002166,9baa2265-151c-4a03-bd67-c354c2955958,7c844539-83eb-4880-b86c-dd05973f0e0a,08524641-c528-4cb4-9c11-f38b289595cf,True,2026-04-08 19:12:39
fc000000-0000-0000-0000-000000002167,25edcefb-3ec6-4291-8de2-802223ddb0df,197fcbc8-7a73-40b5-802f-fa829cd49329,ba4abcf4-736f-4506-ae63-aad198da3468,True,2026-04-08 19:12:39
fc000000-0000-0000-0000-000000002168,e6ae8cfd-5609-405d-84d0-eb2cd7dfb602,4ee5e694-5d88-4a9b-ba2e-eecf653807e1,,True,2026-04-08 19:12:39
fc000000-0000-0000-0000-000000002169,da08f848-e342-4296-9b01-88e9fd6f60c8,7c844539-83eb-4880-b86c-dd05973f0e0a,b8cbc705-1090-4947-8783-70ce2ee9df2a,True,2026-04-08 19:12:39
fc000000-0000-0000-0000-000000002170,24c57300-df31-4c78-866b-92fd3d34cc89,5f5560cf-c169-4781-8204-fb75ac3408c8,49720e2e-bd94-4072-8816-4b2dc97902ed,True,2026-04-08 19:12:39
fc000000-0000-0000-0000-000000002171,06641609-8d1f-4941-b037-5ed26c8445ef,93813225-2cbe-4d50-8943-423d4338776a,4eb29058-3bc2-43c5-a3a9-066f9879db4a,True,2026-04-08 19:12:39
fc000000-0000-0000-0000-000000002172,56e2a6fd-0ffd-4bc1-8215-017d0f6552e2,5f5560cf-c169-4781-8204-fb75ac3408c8,49720e2e-bd94-4072-8816-4b2dc97902ed,True,2026-04-08 19:12:39
fc000000-0000-0000-0000-000000002173,189df847-5c96-474b-95a6-157306476b4d,5f5560cf-c169-4781-8204-fb75ac3408c8,49720e2e-bd94-4072-8816-4b2dc97902ed,True,2026-04-08 19:12:39
fc000000-0000-0000-0000-000000002174,b0e1c1b0-2b80-496a-a4e9-887f327e006d,b28bcd2f-98c3-4e0e-bbae-d05d48bf82e9,,True,2026-04-08 19:12:39
fc000000-0000-0000-0000-000000002175,32047847-ba3f-491e-88c4-c991c5daacdc,456e1a68-37c2-454d-948f-a46294d6ba3a,4851e333-befa-4ba3-8d43-216661d97bec,True,2026-04-08 19:12:39
fc000000-0000-0000-0000-000000002176,2e674620-124c-48a6-8ed4-66ce3d32f744,5dbe61d1-daa6-4f30-acba-d9094a3f9de3,0b36f32b-64d1-4f8e-be00-e757fe1ffb9d,True,2026-04-08 19:12:39
fc000000-0000-0000-0000-000000002177,b1ef131b-bcab-476d-970c-a59289f935ef,10f25068-4e34-42ca-94b3-96f5288b82ea,e6557dc4-26ce-465e-9ae9-3cc02c70fbc1,True,2026-04-08 19:12:39
fc000000-0000-0000-0000-000000002178,b90e3faf-77d4-441d-88a2-67a9f4a9d03a,7c844539-83eb-4880-b86c-dd05973f0e0a,b8cbc705-1090-4947-8783-70ce2ee9df2a,True,2026-04-08 19:12:39
fc000000-0000-0000-0000-000000002179,66324a4a-68b1-4a0c-9f9e-0268a53f724a,5f5560cf-c169-4781-8204-fb75ac3408c8,49720e2e-bd94-4072-8816-4b2dc97902ed,True,2026-04-08 19:12:39
fc000000-0000-0000-0000-000000002180,838261cd-1151-4d22-b47f-917c600c6a9f,7c844539-83eb-4880-b86c-dd05973f0e0a,b8cbc705-1090-4947-8783-70ce2ee9df2a,True,2026-04-08 19:12:39
fc000000-0000-0000-0000-000000002181,7cd5a7a0-a2b8-4ac4-a744-d726c09bb2f2,8d009eb0-2234-4ba9-9768-f922672929f0,12328925-dd54-469f-bb65-f8d66ee8c7f5,True,2026-04-08 19:12:39
fc000000-0000-0000-0000-000000002182,9f92ca7d-3106-4cd3-af1b-83475cc000f4,d859a9f6-ce5f-4e3f-8c72-f7e2030f93ce,63626deb-8fc4-4aec-b953-9613fc3e83f6,True,2026-04-08 19:12:39
fc000000-0000-0000-0000-000000002183,924a000c-fe70-41bd-87c2-52b88cdd93bc,5f5560cf-c169-4781-8204-fb75ac3408c8,07c2376a-a737-4f36-bc03-1778dd9b71ec,True,2026-04-08 19:12:39
fc000000-0000-0000-0000-000000002184,c7ec582c-9725-4ecd-8978-9753f2481d69,ff1a36e5-3931-487f-8837-3e24af030706,91151206-fdf0-4b12-8740-df708b07dcc6,True,2026-04-08 19:12:39
fc000000-0000-0000-0000-000000002185,b9384c60-a7ef-436b-acb6-8bd3838bc60e,5f5560cf-c169-4781-8204-fb75ac3408c8,49720e2e-bd94-4072-8816-4b2dc97902ed,True,2026-04-08 19:12:39
fc000000-0000-0000-0000-000000002186,3ba35f12-ac66-4960-8ce6-88fbba3534a7,5f5560cf-c169-4781-8204-fb75ac3408c8,07c2376a-a737-4f36-bc03-1778dd9b71ec,True,2026-04-08 19:12:39
fc000000-0000-0000-0000-000000002187,e6624378-4692-46ec-9109-73be35ac872d,93813225-2cbe-4d50-8943-423d4338776a,7deb17b5-0399-4c32-913d-5f9ede6b54a4,True,2026-04-08 19:12:39
fc000000-0000-0000-0000-000000002188,4d85b217-18e1-4a50-8056-bfb8e07658da,1197ce03-96ae-4670-9ef3-28468625cf46,588c2671-a440-4b94-9990-50c7b7ef6afb,True,2026-04-08 19:12:39
fc000000-0000-0000-0000-000000002189,3e0192de-3758-492d-a303-21e94554e8b2,5f5560cf-c169-4781-8204-fb75ac3408c8,07c2376a-a737-4f36-bc03-1778dd9b71ec,True,2026-04-08 19:12:39
fc000000-0000-0000-0000-000000002190,2a08f1d2-7cf6-4828-8e4c-c87e4a7f5065,5f5560cf-c169-4781-8204-fb75ac3408c8,07c2376a-a737-4f36-bc03-1778dd9b71ec,True,2026-04-08 19:12:39
fc000000-0000-0000-0000-000000002191,2fb23263-7912-4e25-95fa-6e731e792183,5f5560cf-c169-4781-8204-fb75ac3408c8,49720e2e-bd94-4072-8816-4b2dc97902ed,True,2026-04-08 19:12:39
fc000000-0000-0000-0000-000000002192,78f92764-be1d-4eec-8a7d-eaa8fb4e1733,197fcbc8-7a73-40b5-802f-fa829cd49329,7aca039e-d723-43a5-b97d-b54b07fc5373,True,2026-04-08 19:12:39
fc000000-0000-0000-0000-000000002193,e563a68e-5a9d-47da-887f-986daf7d8d20,7c844539-83eb-4880-b86c-dd05973f0e0a,b8cbc705-1090-4947-8783-70ce2ee9df2a,True,2026-04-08 19:12:39
fc000000-0000-0000-0000-000000002194,d0fdb033-801b-4ae2-8097-10c1021aff96,7c844539-83eb-4880-b86c-dd05973f0e0a,b8cbc705-1090-4947-8783-70ce2ee9df2a,True,2026-04-08 19:12:39
fc000000-0000-0000-0000-000000002195,1b8c3826-ce49-4807-b967-b7ca4e81f2e0,b28bcd2f-98c3-4e0e-bbae-d05d48bf82e9,,True,2026-04-08 19:12:39
fc000000-0000-0000-0000-000000002196,58edfc0a-63e1-411c-bac0-7f157fb165da,456e1a68-37c2-454d-948f-a46294d6ba3a,4851e333-befa-4ba3-8d43-216661d97bec,True,2026-04-08 19:12:39
fc000000-0000-0000-0000-000000002197,10c97c82-1b55-4e96-b72b-a6a6c0478864,ff1a36e5-3931-487f-8837-3e24af030706,91151206-fdf0-4b12-8740-df708b07dcc6,True,2026-04-08 19:12:39
fc000000-0000-0000-0000-000000002198,a70a8b5b-6da2-49ad-87c6-08dd6fa5b76f,ca02fc79-4b0f-46d9-a2ae-ba767deaa976,b6094e38-bc3f-414c-886b-c64d56c8a535,True,2026-04-08 19:12:39
fc000000-0000-0000-0000-000000002199,409eb261-d477-4627-a2ef-0aaa69ea5f4c,b28bcd2f-98c3-4e0e-bbae-d05d48bf82e9,,True,2026-04-08 19:12:39
fc000000-0000-0000-0000-000000002200,82f8495d-2b15-4fb0-ba3d-481bb33eef2c,f5e5d6a5-6dd0-4af7-acde-327f620fd476,,True,2026-04-08 19:12:39
fc000000-0000-0000-0000-000000002201,5e26a2f7-46e4-45ee-b74a-99adc60cf62f,5f5560cf-c169-4781-8204-fb75ac3408c8,49720e2e-bd94-4072-8816-4b2dc97902ed,True,2026-04-08 19:12:39
fc000000-0000-0000-0000-000000002202,dc4fded0-7ced-4568-809c-0e9b214ea771,d3eb7bae-2fff-4325-b5fc-0d1ef63ce523,b1f1a003-1111-4a1b-aaaa-111111111113,True,2026-04-08 19:12:39
fc000000-0000-0000-0000-000000002203,281d6596-487c-40cb-b1e6-7b75817e2dd6,7c844539-83eb-4880-b86c-dd05973f0e0a,b8cbc705-1090-4947-8783-70ce2ee9df2a,True,2026-04-08 19:12:39
fc000000-0000-0000-0000-000000002204,5a81ef5b-bbf7-4f82-82c5-f4afe94adfd9,778fc1c9-c1e1-4135-b04e-4a1d9531ee28,d946fd8d-5b44-40e3-8952-20ac1ea94f5e,True,2026-04-08 19:12:39
fc000000-0000-0000-0000-000000002205,f1b3d902-3616-4702-855e-d9b961c10cab,5f5560cf-c169-4781-8204-fb75ac3408c8,07c2376a-a737-4f36-bc03-1778dd9b71ec,True,2026-04-08 19:12:39
fc000000-0000-0000-0000-000000002206,8df69cdd-2574-4f8d-a786-e16d9612e34d,8fc98f56-9662-45f7-8bd6-86a56e2142d1,,True,2026-04-08 19:12:39
fc000000-0000-0000-0000-000000002207,1ec1c717-a08f-4a2c-9c1d-4258c80a42eb,b28bcd2f-98c3-4e0e-bbae-d05d48bf82e9,,True,2026-04-08 19:12:39
fc000000-0000-0000-0000-000000002208,4bcfa857-b242-41a7-a67f-38879772b395,e5fcf8a7-cb34-4278-8082-a63b9d1856a9,eb979557-17dd-4e57-90ac-1854eece7765,True,2026-04-08 19:12:39
fc000000-0000-0000-0000-000000002209,d45394e6-ef00-4927-a611-db808e09f64a,1197ce03-96ae-4670-9ef3-28468625cf46,21f51f84-c1dd-4478-8fb0-1c10b08829a9,True,2026-04-08 19:12:39
fc000000-0000-0000-0000-000000002210,d606ac04-95ec-469a-8fce-1bc8aa070951,456e1a68-37c2-454d-948f-a46294d6ba3a,44bbc135-209b-401b-bea5-384bd663155b,True,2026-04-08 19:12:39
fc000000-0000-0000-0000-000000002211,f536a6f7-a39a-426d-8e0e-10a067b859b9,5f5560cf-c169-4781-8204-fb75ac3408c8,49720e2e-bd94-4072-8816-4b2dc97902ed,True,2026-04-08 19:12:39
fc000000-0000-0000-0000-000000002212,77e459d0-0690-4a80-afc6-86265f45f51e,b28bcd2f-98c3-4e0e-bbae-d05d48bf82e9,,True,2026-04-08 19:12:39
fc000000-0000-0000-0000-000000002213,467feecc-efae-44fa-bd8c-f63656861b07,197fcbc8-7a73-40b5-802f-fa829cd49329,7aca039e-d723-43a5-b97d-b54b07fc5373,True,2026-04-08 19:12:39
fc000000-0000-0000-0000-000000002214,892deab2-2df3-4670-934b-dab9b16c7b8b,b45b8235-8a17-48af-9a87-71873063f8f5,,True,2026-04-08 19:12:39
fc000000-0000-0000-0000-000000002215,c5f1a4c2-1e09-4c96-a420-bf09f6a0c503,778fc1c9-c1e1-4135-b04e-4a1d9531ee28,d946fd8d-5b44-40e3-8952-20ac1ea94f5e,True,2026-04-08 19:12:39
fc000000-0000-0000-0000-000000002216,58c158cd-4f87-4139-b1de-256940ae0308,75378ce6-f415-4cb9-a1a2-628f22004a53,,True,2026-04-08 19:12:39
fc000000-0000-0000-0000-000000002217,e7db9645-fbfb-4a9b-969c-6ffc85300761,ff1a36e5-3931-487f-8837-3e24af030706,91151206-fdf0-4b12-8740-df708b07dcc6,True,2026-04-08 19:12:39
fc000000-0000-0000-0000-000000002218,3d10c021-e813-4c02-923d-333adc836188,4ee5e694-5d88-4a9b-ba2e-eecf653807e1,,True,2026-04-08 19:12:39
fc000000-0000-0000-0000-000000002219,97c8b98e-a26d-49c3-8a51-4ffa43077a53,4ee5e694-5d88-4a9b-ba2e-eecf653807e1,,True,2026-04-08 19:12:39
fc000000-0000-0000-0000-000000002220,e0e87c08-ef81-48f2-81ea-628a50037ea6,456e1a68-37c2-454d-948f-a46294d6ba3a,4851e333-befa-4ba3-8d43-216661d97bec,True,2026-04-08 19:12:39
fc000000-0000-0000-0000-000000002221,84196b02-243d-4d01-9dac-a48c3a038ae7,b28bcd2f-98c3-4e0e-bbae-d05d48bf82e9,,True,2026-04-08 19:12:39
fc000000-0000-0000-0000-000000002222,444ba78a-80de-41b3-be3c-af8b7e606160,343841d6-b938-4b7d-8523-23d25aa1eeb5,03ef20c9-4602-4b3f-b405-be77706bfc0e,True,2026-04-08 19:12:39
fc000000-0000-0000-0000-000000002223,61b25946-074b-45ca-9423-1818f099fb2d,5f5560cf-c169-4781-8204-fb75ac3408c8,49720e2e-bd94-4072-8816-4b2dc97902ed,True,2026-04-08 19:12:39
fc000000-0000-0000-0000-000000002224,210d63e7-5247-4030-9110-6f9f51e9e505,197fcbc8-7a73-40b5-802f-fa829cd49329,7aca039e-d723-43a5-b97d-b54b07fc5373,True,2026-04-08 19:12:39
fc000000-0000-0000-0000-000000002225,809da34b-95f5-4ff0-8784-5ed6625db24c,10f25068-4e34-42ca-94b3-96f5288b82ea,3e83f541-7341-4018-ab30-8c42069de70d,True,2026-04-08 19:12:39
fc000000-0000-0000-0000-000000002226,9317be9f-53b5-4b12-ba41-a3df2308a4ef,8dcc57a0-79ac-45dd-9db0-efb3d1fd5299,e8840113-28f3-4d0b-8d73-9f513c624c2a,True,2026-04-08 19:12:39
fc000000-0000-0000-0000-000000002227,19b0bd50-e8dc-4c7d-b4db-b18fda0ac22e,4081baaa-071b-45f4-a25d-ac5121bfccc7,7e20674c-0cfd-42f7-94dc-124313a44543,True,2026-04-08 19:12:39
fc000000-0000-0000-0000-000000002228,ee845faa-8b52-4363-bc0b-30ea5ff5fbf5,5f917eec-d4dc-40cb-94dd-b3272db3f858,2489267c-9b73-4948-a360-81d6ae8f9a8e,True,2026-04-08 19:12:39
fc000000-0000-0000-0000-000000002229,f3833f32-fc8d-4ee9-ac05-7a04c5c06c52,10f25068-4e34-42ca-94b3-96f5288b82ea,e6557dc4-26ce-465e-9ae9-3cc02c70fbc1,True,2026-04-08 19:12:39
fc000000-0000-0000-0000-000000002230,0fa5f493-d64c-4a8e-9cab-e3d628b135ce,77f6700e-88b8-40d8-9b61-ffefe536a5a2,3d5668a3-073a-466d-bd1f-a3d0982354b6,True,2026-04-08 19:12:39
fc000000-0000-0000-0000-000000002231,12e776c6-ee80-4c1a-8d30-020603c47614,ff1a36e5-3931-487f-8837-3e24af030706,9ed0cc98-a4e9-4222-8955-6d91d05cbf80,True,2026-04-08 19:12:39
fc000000-0000-0000-0000-000000002232,9bf37622-e59c-4760-8635-33ac941ed453,5f917eec-d4dc-40cb-94dd-b3272db3f858,2489267c-9b73-4948-a360-81d6ae8f9a8e,True,2026-04-08 19:12:39
fc000000-0000-0000-0000-000000002233,e3933e0f-40bf-4f1c-ba14-6808e2fd2af7,456e1a68-37c2-454d-948f-a46294d6ba3a,91e5a9cf-e300-45c3-bd78-5a4d13bb8955,True,2026-04-08 19:12:39
fc000000-0000-0000-0000-000000002234,2f3ec754-b9c2-4421-8ea0-2cd9d55bb57c,197fcbc8-7a73-40b5-802f-fa829cd49329,7aca039e-d723-43a5-b97d-b54b07fc5373,True,2026-04-08 19:12:39
fc000000-0000-0000-0000-000000002235,ed46ea93-2a25-4066-8471-7c67c67eab60,7c844539-83eb-4880-b86c-dd05973f0e0a,2f1177ff-5f3c-4895-adfe-14ea626a7ac4,True,2026-04-08 19:12:39
fc000000-0000-0000-0000-000000002236,fa8a92c1-0be8-4b1c-8457-aa690123386f,5f5560cf-c169-4781-8204-fb75ac3408c8,49720e2e-bd94-4072-8816-4b2dc97902ed,True,2026-04-08 19:12:39
fc000000-0000-0000-0000-000000002237,6e81fac4-ac6f-4964-b18b-50c516c30615,93813225-2cbe-4d50-8943-423d4338776a,7deb17b5-0399-4c32-913d-5f9ede6b54a4,True,2026-04-08 19:12:39
fc000000-0000-0000-0000-000000002238,72555933-3b76-4ad3-bcf5-4ea806655e19,10bbf5a6-0d2a-4f76-9579-c153cfc4542f,41a7b674-be1f-4204-80c5-974f9ba24d39,True,2026-04-08 19:12:39
fc000000-0000-0000-0000-000000002239,f2d01da9-1eb6-40bf-abe5-884dd6a4b490,10bbf5a6-0d2a-4f76-9579-c153cfc4542f,a50eea71-ac81-4438-a9a7-9f9ae1cf7f89,True,2026-04-08 19:12:39
fc000000-0000-0000-0000-000000002240,e8d75551-b5ab-42da-a421-2ffd21919ce7,335a566e-8b41-454f-88b7-8ea35818e22d,,True,2026-04-08 19:12:39
fc000000-0000-0000-0000-000000002241,cb2c70d3-9162-4edd-a5bf-c14837dc133e,5f5560cf-c169-4781-8204-fb75ac3408c8,07c2376a-a737-4f36-bc03-1778dd9b71ec,True,2026-04-08 19:12:39
fc000000-0000-0000-0000-000000002242,28a2aa35-ceeb-4fbc-a1d4-12ceacbf1d10,dc3b2dd6-a7eb-4ed7-bf00-750e33978760,fbe91310-b6cd-43ea-b306-e65d2ee5eaad,True,2026-04-08 19:12:39
fc000000-0000-0000-0000-000000002243,2dd75aab-eb64-4000-80e7-badc42e1e87c,10f25068-4e34-42ca-94b3-96f5288b82ea,e6557dc4-26ce-465e-9ae9-3cc02c70fbc1,True,2026-04-08 19:12:39
fc000000-0000-0000-0000-000000002244,09ba138b-ffb3-4dfa-b746-0f41d40bc4e6,8d009eb0-2234-4ba9-9768-f922672929f0,12328925-dd54-469f-bb65-f8d66ee8c7f5,True,2026-04-08 19:12:39
fc000000-0000-0000-0000-000000002245,c2d91b52-034b-49b9-b905-693c3165e5ec,4ee5e694-5d88-4a9b-ba2e-eecf653807e1,,True,2026-04-08 19:12:39
fc000000-0000-0000-0000-000000002246,fb659c48-d538-4863-9a7e-ba6d126b02c8,8fc98f56-9662-45f7-8bd6-86a56e2142d1,,True,2026-04-08 19:12:39
fc000000-0000-0000-0000-000000002247,d838816a-83aa-4c1c-a4ee-510f3fb53ae3,8fc98f56-9662-45f7-8bd6-86a56e2142d1,,True,2026-04-08 19:12:39
fc000000-0000-0000-0000-000000002248,599c516d-81b2-4582-8448-d4c1f3bd6277,8fc98f56-9662-45f7-8bd6-86a56e2142d1,,True,2026-04-08 19:12:39
fc000000-0000-0000-0000-000000002249,3e613ff2-228f-4f34-aad7-c3debe844166,8fc98f56-9662-45f7-8bd6-86a56e2142d1,,True,2026-04-08 19:12:39
fc000000-0000-0000-0000-000000002250,08852d4d-981c-44b8-bb54-8b540d859140,8fc98f56-9662-45f7-8bd6-86a56e2142d1,,True,2026-04-08 19:12:39
fc000000-0000-0000-0000-000000002251,57bb483c-68bb-4275-8657-a894bc3beff4,8fc98f56-9662-45f7-8bd6-86a56e2142d1,,True,2026-04-08 19:12:39
fc000000-0000-0000-0000-000000002252,89246480-75d4-4c5e-8df0-fd8a8fc54c74,8fc98f56-9662-45f7-8bd6-86a56e2142d1,,True,2026-04-08 19:12:39
fc000000-0000-0000-0000-000000002253,0477ef0e-8f4f-43d4-942f-281aa0919cbe,e5fcf8a7-cb34-4278-8082-a63b9d1856a9,,True,2026-04-08 19:12:39
fc000000-0000-0000-0000-000000002254,348ac824-d296-4c99-9b4a-655ab1a115b5,bd05a5ba-f1c0-4097-93c5-1a06a55ffc29,,True,2026-04-08 19:12:39
fc000000-0000-0000-0000-000000002255,a1c5a0c5-b832-46d4-983f-f0bcaabb606a,10f25068-4e34-42ca-94b3-96f5288b82ea,8a83c815-be56-48ef-b1de-a8698888d087,True,2026-04-08 19:12:39
fc000000-0000-0000-0000-000000002256,1f49b55c-a12d-4dc6-833e-bb26df2c57c4,5f917eec-d4dc-40cb-94dd-b3272db3f858,ad3bee99-7863-4b55-aa09-b9754b160c47,True,2026-04-08 19:12:39
fc000000-0000-0000-0000-000000002257,9b7f8fe8-0ad8-43bd-a567-b363f1cedca7,4ee5e694-5d88-4a9b-ba2e-eecf653807e1,,True,2026-04-08 19:12:39
fc000000-0000-0000-0000-000000002258,19893165-8e50-43b9-9d33-16a486c987c6,470809ae-c5f3-4ba1-9522-fd0972619f7f,0f1d8c04-97b9-4843-9872-3e78a0272e57,True,2026-04-08 19:12:39
fc000000-0000-0000-0000-000000002259,c29160cb-64aa-4ea3-8154-3ec56586ae4b,7c844539-83eb-4880-b86c-dd05973f0e0a,08524641-c528-4cb4-9c11-f38b289595cf,True,2026-04-08 19:12:39
fc000000-0000-0000-0000-000000002260,f825ada0-f526-4707-b48c-b1667d89d6df,1197ce03-96ae-4670-9ef3-28468625cf46,21f51f84-c1dd-4478-8fb0-1c10b08829a9,True,2026-04-08 19:12:39
fc000000-0000-0000-0000-000000002261,fc23f926-6846-47ec-b5aa-076a339f5bdc,5f5560cf-c169-4781-8204-fb75ac3408c8,49720e2e-bd94-4072-8816-4b2dc97902ed,True,2026-04-08 19:12:39
fc000000-0000-0000-0000-000000002262,68b8afe5-7bc9-4ce4-bde3-8ba9b50f60a3,7c844539-83eb-4880-b86c-dd05973f0e0a,b8cbc705-1090-4947-8783-70ce2ee9df2a,True,2026-04-08 19:12:39
fc000000-0000-0000-0000-000000002263,aaa9c8ee-434d-4720-b1f1-136f181acb01,1197ce03-96ae-4670-9ef3-28468625cf46,b4d493a3-2cc4-447f-a34c-327107ec2985,True,2026-04-08 19:12:39
fc000000-0000-0000-0000-000000002264,1752b46d-3ca0-49f5-bb87-2a20caec03d8,c0bae7dc-ef7b-4a8b-99fd-c1c1de3a9ed2,d493879f-f5cc-4c9a-bfbd-78a96a34b900,True,2026-04-08 19:12:39
fc000000-0000-0000-0000-000000002265,1ba006ac-3aa6-48e0-b881-b1fff1b3d38d,1197ce03-96ae-4670-9ef3-28468625cf46,21f51f84-c1dd-4478-8fb0-1c10b08829a9,True,2026-04-08 19:12:39
fc000000-0000-0000-0000-000000002266,3e5098d9-89d9-4bf2-9ac8-9d202e9e0255,1197ce03-96ae-4670-9ef3-28468625cf46,21f51f84-c1dd-4478-8fb0-1c10b08829a9,True,2026-04-08 19:12:39
fc000000-0000-0000-0000-000000002267,fb8fc840-214b-4664-8153-fced838f804b,1197ce03-96ae-4670-9ef3-28468625cf46,21f51f84-c1dd-4478-8fb0-1c10b08829a9,True,2026-04-08 19:12:39
fc000000-0000-0000-0000-000000002268,fd04f023-cff0-47a7-978b-8e75a9f7a2a2,1197ce03-96ae-4670-9ef3-28468625cf46,21f51f84-c1dd-4478-8fb0-1c10b08829a9,True,2026-04-08 19:12:39
fc000000-0000-0000-0000-000000002269,b5fae857-14b4-4aad-9d05-5b488428777e,93813225-2cbe-4d50-8943-423d4338776a,4eb29058-3bc2-43c5-a3a9-066f9879db4a,True,2026-04-08 19:12:39
fc000000-0000-0000-0000-000000002270,255ef205-498d-4770-a845-c9e06ff20186,1197ce03-96ae-4670-9ef3-28468625cf46,21f51f84-c1dd-4478-8fb0-1c10b08829a9,True,2026-04-08 19:12:39
fc000000-0000-0000-0000-000000002271,a6f8b3fd-dfb8-4876-b135-d278efb6f1f3,ff1a36e5-3931-487f-8837-3e24af030706,91151206-fdf0-4b12-8740-df708b07dcc6,True,2026-04-08 19:12:39
fc000000-0000-0000-0000-000000002272,28352a48-a948-4a0e-bf2c-da3f6b4a0b55,138bec94-c996-4510-895c-6c0af0f6a6fc,aa2ac8a6-12e0-4e15-8fc6-3ce47a710a51,True,2026-04-08 19:12:39
fc000000-0000-0000-0000-000000002273,e07a504e-14ee-47b4-948e-a4eac52c262f,197fcbc8-7a73-40b5-802f-fa829cd49329,ba4abcf4-736f-4506-ae63-aad198da3468,True,2026-04-08 19:12:39
fc000000-0000-0000-0000-000000002274,c4b3a8b2-5058-4cfb-925d-88ec95ffd834,f0980453-c886-4dd1-8af5-7186fd83578d,9ba4b791-412e-4869-889f-bb12ea9cf9dc,True,2026-04-08 19:12:39
fc000000-0000-0000-0000-000000002275,7c806aa1-be04-475f-bdac-ce68d996a38f,ecb74426-adfd-416f-90ce-ac1136940e59,,True,2026-04-08 19:12:39
fc000000-0000-0000-0000-000000002276,dc685106-c76a-43b2-8814-ddcad924d2a3,138bec94-c996-4510-895c-6c0af0f6a6fc,e0e92ae5-9be6-4bfa-8f56-0f28d97e5408,True,2026-04-08 19:12:39
fc000000-0000-0000-0000-000000002277,848a2b5b-4768-48c4-834b-36abf351f26f,2a186b71-b6dd-44ce-affb-88b8d16eb578,33404ae7-0c7b-4492-83ef-ece78c63f2cc,True,2026-04-08 19:12:39
fc000000-0000-0000-0000-000000002278,eb7135a4-99e2-4475-ba88-ef1866ddd5d7,d859a9f6-ce5f-4e3f-8c72-f7e2030f93ce,2240a7cf-d542-4e98-b008-2ee7722dda4b,True,2026-04-08 19:12:39
fc000000-0000-0000-0000-000000002279,c831b445-7049-447f-a707-e90c80aa8f0b,197fcbc8-7a73-40b5-802f-fa829cd49329,7aca039e-d723-43a5-b97d-b54b07fc5373,True,2026-04-08 19:12:39
fc000000-0000-0000-0000-000000002280,3444da02-3477-4daf-a390-67d2d5620cf7,197fcbc8-7a73-40b5-802f-fa829cd49329,7aca039e-d723-43a5-b97d-b54b07fc5373,True,2026-04-08 19:12:39
fc000000-0000-0000-0000-000000002281,5d4b78a4-9190-408b-9f89-3218c6ab1ef2,343841d6-b938-4b7d-8523-23d25aa1eeb5,39478e69-751f-45a6-88b2-fd08bf1e80a2,True,2026-04-08 19:12:39
fc000000-0000-0000-0000-000000002282,df15ab03-7a49-4c40-afe0-8daf44d15a62,8dcc57a0-79ac-45dd-9db0-efb3d1fd5299,e8840113-28f3-4d0b-8d73-9f513c624c2a,True,2026-04-08 19:12:39
fc000000-0000-0000-0000-000000002283,1b0e5fbe-4640-4a9d-879c-72cc1c9aa4a0,138bec94-c996-4510-895c-6c0af0f6a6fc,aa2ac8a6-12e0-4e15-8fc6-3ce47a710a51,True,2026-04-08 19:12:39
fc000000-0000-0000-0000-000000002284,d8532fc5-48d7-4fb5-ba8f-5d53cfa0d3ae,70f60247-60d3-4bce-87a8-ef397833ede6,f9d715bc-2a94-46dc-aedd-d566fe5fca63,True,2026-04-08 19:12:39
fc000000-0000-0000-0000-000000002285,1304086e-f88f-40be-8d2b-4ae7b103d67e,138bec94-c996-4510-895c-6c0af0f6a6fc,aa2ac8a6-12e0-4e15-8fc6-3ce47a710a51,True,2026-04-08 19:12:39
fc000000-0000-0000-0000-000000002286,1a625c4b-3c69-4474-bf5a-157916c79b29,f0980453-c886-4dd1-8af5-7186fd83578d,9ba4b791-412e-4869-889f-bb12ea9cf9dc,True,2026-04-08 19:12:39
fc000000-0000-0000-0000-000000002287,49f6affd-baf6-4627-af9b-8013880bdc42,10f25068-4e34-42ca-94b3-96f5288b82ea,,True,2026-04-08 19:12:39
fc000000-0000-0000-0000-000000002288,859fa1e2-246c-4479-9743-68db1ae44794,c0bae7dc-ef7b-4a8b-99fd-c1c1de3a9ed2,a11031c8-c160-488b-ae57-59320f8e85fa,True,2026-04-08 19:12:39
fc000000-0000-0000-0000-000000002289,52b1540b-d098-4eac-9191-54e03dbf6d7d,5f917eec-d4dc-40cb-94dd-b3272db3f858,14eb68ad-80c5-4379-b380-2719cf755b84,True,2026-04-08 19:12:39
fc000000-0000-0000-0000-000000002290,57c7c802-b87f-4d3b-9970-7aced5e4b9ef,7c844539-83eb-4880-b86c-dd05973f0e0a,01142f8e-82d9-40f3-af4c-6d9b20a078a5,True,2026-04-08 19:12:39
fc000000-0000-0000-0000-000000002291,55535d31-096c-43f2-b6a1-cb814b62af2d,77f6700e-88b8-40d8-9b61-ffefe536a5a2,27217365-aff2-447c-9c82-173f36a5173b,True,2026-04-08 19:12:39
fc000000-0000-0000-0000-000000002292,2c69320a-a686-4fcf-a618-9fd595f0cac8,77f6700e-88b8-40d8-9b61-ffefe536a5a2,27217365-aff2-447c-9c82-173f36a5173b,True,2026-04-08 19:12:39
fc000000-0000-0000-0000-000000002293,4d31d3ff-3ed8-4910-897a-dd602ad8ccbe,77f6700e-88b8-40d8-9b61-ffefe536a5a2,0e0bc520-8e9e-4f04-9784-0ed09f90cdba,True,2026-04-08 19:12:39
fc000000-0000-0000-0000-000000002294,1dd34dc1-1e74-4a4a-919d-28b297809af9,138bec94-c996-4510-895c-6c0af0f6a6fc,3b767e55-0e6c-4d6d-90cd-7dc9d70ed6c9,True,2026-04-08 19:12:39
fc000000-0000-0000-0000-000000002295,c5795cb5-b992-4247-a0e9-445a2bdcf8d5,10bbf5a6-0d2a-4f76-9579-c153cfc4542f,41a7b674-be1f-4204-80c5-974f9ba24d39,True,2026-04-08 19:12:39
fc000000-0000-0000-0000-000000002296,95c5e851-bc50-4fdb-973c-b51313621c15,138bec94-c996-4510-895c-6c0af0f6a6fc,aa2ac8a6-12e0-4e15-8fc6-3ce47a710a51,True,2026-04-08 19:12:39
fc000000-0000-0000-0000-000000002297,f6a17497-2dc2-4617-975f-9d1bd157c51d,8dcc57a0-79ac-45dd-9db0-efb3d1fd5299,e9452b7a-02cb-45b8-a05c-ce1936aae2ea,True,2026-04-08 19:12:39
fc000000-0000-0000-0000-000000002298,c1ff38f5-1ed5-48ad-95a1-fd45936c7a72,138bec94-c996-4510-895c-6c0af0f6a6fc,aa2ac8a6-12e0-4e15-8fc6-3ce47a710a51,True,2026-04-08 19:12:39
fc000000-0000-0000-0000-000000002299,875c1907-adbe-41ba-80d9-61c69ac37baf,d3eb7bae-2fff-4325-b5fc-0d1ef63ce523,b1f1a003-1111-4a1b-aaaa-111111111113,True,2026-04-08 19:12:39
fc000000-0000-0000-0000-000000002300,fa6f791e-f7fe-458e-a88e-e6338b8672f9,4cae38a8-4a2b-4f9f-8e47-c51a8fdab4d6,d1d4d95c-2df5-4126-8033-d0a652c4d8b3,True,2026-04-08 19:12:39
fc000000-0000-0000-0000-000000002301,5a1dc645-113a-4aab-8c40-b070d3532492,8dcc57a0-79ac-45dd-9db0-efb3d1fd5299,e9452b7a-02cb-45b8-a05c-ce1936aae2ea,True,2026-04-08 19:12:39
fc000000-0000-0000-0000-000000002302,92a960b4-c10c-430b-b446-8ce4a261a6cb,75378ce6-f415-4cb9-a1a2-628f22004a53,,True,2026-04-08 19:12:39
fc000000-0000-0000-0000-000000002303,4812b1a7-e708-4ec5-9bfe-8ce84e76b4ea,d6a47d18-5c17-48fb-9992-be67d2da891b,495e316d-c879-4429-b959-68f11987ef6e,True,2026-04-08 19:12:39
fc000000-0000-0000-0000-000000002304,f102f818-0f5b-4d15-b691-2cd73a366e02,197fcbc8-7a73-40b5-802f-fa829cd49329,7aca039e-d723-43a5-b97d-b54b07fc5373,True,2026-04-08 19:12:39
fc000000-0000-0000-0000-000000002305,85f946bc-7810-42eb-bd6a-435977a86c95,197fcbc8-7a73-40b5-802f-fa829cd49329,7aca039e-d723-43a5-b97d-b54b07fc5373,True,2026-04-08 19:12:39
fc000000-0000-0000-0000-000000002306,881ee067-a0fd-412a-b276-1bd24b7775c5,5f917eec-d4dc-40cb-94dd-b3272db3f858,ad3bee99-7863-4b55-aa09-b9754b160c47,True,2026-04-08 19:12:39
fc000000-0000-0000-0000-000000002307,059b071e-862b-496c-9bb2-abaeac1e88d0,0986f242-a7aa-4df0-bb46-d1f3e5c64cf8,6d04e84f-b2b7-467e-87cc-e8815a67f6f7,True,2026-04-08 19:12:39
fc000000-0000-0000-0000-000000002308,5c68f7ba-3aeb-42df-ada2-7cdeefffacd3,8fc98f56-9662-45f7-8bd6-86a56e2142d1,,True,2026-04-08 19:12:39
fc000000-0000-0000-0000-000000002309,911443a9-303e-4426-90b6-7da80d9af9bc,197fcbc8-7a73-40b5-802f-fa829cd49329,7aca039e-d723-43a5-b97d-b54b07fc5373,True,2026-04-08 19:12:39
fc000000-0000-0000-0000-000000002310,b1b7e99b-4665-45c7-abf5-c0c69214ebcc,5f917eec-d4dc-40cb-94dd-b3272db3f858,ad3bee99-7863-4b55-aa09-b9754b160c47,True,2026-04-08 19:12:39
fc000000-0000-0000-0000-000000002311,b32e0c70-fda7-4571-9e43-fca169e84bbe,10f25068-4e34-42ca-94b3-96f5288b82ea,,True,2026-04-08 19:12:39
fc000000-0000-0000-0000-000000002312,161754d0-4251-4efd-a7e2-0d0e96c4fd36,8fc98f56-9662-45f7-8bd6-86a56e2142d1,,True,2026-04-08 19:12:39
fc000000-0000-0000-0000-000000002313,26368137-e4b6-44b1-8524-864985dd1c00,5f5560cf-c169-4781-8204-fb75ac3408c8,49720e2e-bd94-4072-8816-4b2dc97902ed,True,2026-04-08 19:12:39
fc000000-0000-0000-0000-000000002314,111c85e3-9df3-4a04-b3c8-40cc4c8f2eb1,456e1a68-37c2-454d-948f-a46294d6ba3a,4851e333-befa-4ba3-8d43-216661d97bec,True,2026-04-08 19:12:39
fc000000-0000-0000-0000-000000002315,fe36ef4f-7ee8-46aa-b89c-b3c9b7f3982a,1197ce03-96ae-4670-9ef3-28468625cf46,21f51f84-c1dd-4478-8fb0-1c10b08829a9,True,2026-04-08 19:12:39
fc000000-0000-0000-0000-000000002316,c363e89c-5600-4d18-a69e-82def6231b38,197fcbc8-7a73-40b5-802f-fa829cd49329,7aca039e-d723-43a5-b97d-b54b07fc5373,True,2026-04-08 19:12:39
fc000000-0000-0000-0000-000000002317,b65ce8ee-0aed-4adf-928c-f051096986f6,7c844539-83eb-4880-b86c-dd05973f0e0a,b8cbc705-1090-4947-8783-70ce2ee9df2a,True,2026-04-08 19:12:39
fc000000-0000-0000-0000-000000002318,6d3c1888-06af-42cb-8f6d-bd51a2fc9ac8,8fc98f56-9662-45f7-8bd6-86a56e2142d1,,True,2026-04-08 19:12:39
fc000000-0000-0000-0000-000000002319,d8e8dfe7-f2c1-4f15-adb7-ff48ea44f3d0,138bec94-c996-4510-895c-6c0af0f6a6fc,b4ecba59-626f-4494-9b9c-6d691e35b839,True,2026-04-08 19:12:39
fc000000-0000-0000-0000-000000002320,6347c074-8a81-419e-bb5a-16b6d0496823,138bec94-c996-4510-895c-6c0af0f6a6fc,b4ecba59-626f-4494-9b9c-6d691e35b839,True,2026-04-08 19:12:39
fc000000-0000-0000-0000-000000002321,fbea76eb-7d0e-47de-9fa0-882b849fa833,138bec94-c996-4510-895c-6c0af0f6a6fc,a01eb0c3-5e2f-4b62-abc6-c59b24233509,True,2026-04-08 19:12:39
fc000000-0000-0000-0000-000000002322,6bb127d0-0d68-405e-8ab2-a54c46d8cd41,a3ae9791-1572-4564-a7b7-b17e5824951c,23572d27-28d8-44ed-9b1f-e7b7d7e780dc,True,2026-04-08 19:12:39
fc000000-0000-0000-0000-000000002323,070b7c45-7cfb-4705-829f-d651a25a9478,197fcbc8-7a73-40b5-802f-fa829cd49329,e8bcbcab-5c6d-44cb-aeeb-8632016ca3cd,True,2026-04-08 19:12:39
fc000000-0000-0000-0000-000000002324,00aa0a73-c430-43d5-8d30-c60a92d498e1,ff1a36e5-3931-487f-8837-3e24af030706,91151206-fdf0-4b12-8740-df708b07dcc6,True,2026-04-08 19:12:39
fc000000-0000-0000-0000-000000002325,19358bc3-94dd-4584-8f93-6c784b5c4c56,197fcbc8-7a73-40b5-802f-fa829cd49329,7aca039e-d723-43a5-b97d-b54b07fc5373,True,2026-04-08 19:12:39
fc000000-0000-0000-0000-000000002326,8ebbce63-0dcd-41ff-ab3a-1860f4fe2eed,5f917eec-d4dc-40cb-94dd-b3272db3f858,5aea2c49-62ea-4875-a90a-440920bd2e60,True,2026-04-08 19:12:39
fc000000-0000-0000-0000-000000002327,6a3cdf00-6328-4046-acf8-abc0e2062e85,77f6700e-88b8-40d8-9b61-ffefe536a5a2,27217365-aff2-447c-9c82-173f36a5173b,True,2026-04-08 19:12:39
fc000000-0000-0000-0000-000000002328,01a222de-3b83-404c-ab30-3fbc4ef2637f,53641b9b-58cc-4bdd-b2fd-c698a2c44026,,True,2026-04-08 19:12:39
fc000000-0000-0000-0000-000000002329,12d498a2-dde7-47ee-9fd6-4bc3a7111e6a,197fcbc8-7a73-40b5-802f-fa829cd49329,7aca039e-d723-43a5-b97d-b54b07fc5373,True,2026-04-08 19:12:39
fc000000-0000-0000-0000-000000002330,4e2f05d2-f864-4d3e-812d-01e497ad3e2e,7c844539-83eb-4880-b86c-dd05973f0e0a,01142f8e-82d9-40f3-af4c-6d9b20a078a5,True,2026-04-08 19:12:39
fc000000-0000-0000-0000-000000002331,e74c2162-331d-48e7-94fd-f6a03d1aeb06,a3ae9791-1572-4564-a7b7-b17e5824951c,7a4a6e5a-117c-41ef-84d0-e7d0e4319a59,True,2026-04-08 19:12:39
fc000000-0000-0000-0000-000000002332,9c9938f8-ab98-4336-b8ba-777daefaa633,197fcbc8-7a73-40b5-802f-fa829cd49329,7aca039e-d723-43a5-b97d-b54b07fc5373,True,2026-04-08 19:12:39
fc000000-0000-0000-0000-000000002333,526bd50d-16fe-4817-925c-251876212a9f,ecb74426-adfd-416f-90ce-ac1136940e59,,True,2026-04-08 19:12:39
fc000000-0000-0000-0000-000000002334,2c8058b9-32dc-4f1e-8e72-8633ebef914e,197fcbc8-7a73-40b5-802f-fa829cd49329,7aca039e-d723-43a5-b97d-b54b07fc5373,True,2026-04-08 19:12:39
fc000000-0000-0000-0000-000000002335,b7fb16e0-8977-418d-a701-58fa584ea9e8,8dcc57a0-79ac-45dd-9db0-efb3d1fd5299,e9452b7a-02cb-45b8-a05c-ce1936aae2ea,True,2026-04-08 19:12:39
fc000000-0000-0000-0000-000000002336,d483ea25-8806-48e7-ac60-4d43a5b51da3,99a7aaba-40a8-48e3-b8f9-a0d489cfb213,b2f2b001-2222-4b2b-bbbb-222222222221,True,2026-04-08 19:12:39
fc000000-0000-0000-0000-000000002337,c602bd98-b2e8-488c-aa0f-2d003ddfdb11,ecb74426-adfd-416f-90ce-ac1136940e59,,True,2026-04-08 19:12:39
fc000000-0000-0000-0000-000000002338,16278a3d-2de2-42d0-a714-3807ed1f4271,138bec94-c996-4510-895c-6c0af0f6a6fc,aa2ac8a6-12e0-4e15-8fc6-3ce47a710a51,True,2026-04-08 19:12:39
fc000000-0000-0000-0000-000000002339,c358ce63-c231-4fb1-8e0c-65feab4fee8b,99a7aaba-40a8-48e3-b8f9-a0d489cfb213,b2f2b002-2222-4b2b-bbbb-222222222222,True,2026-04-08 19:12:39
fc000000-0000-0000-0000-000000002340,cd4f03b3-6be4-4905-a706-2c990cb28b15,93813225-2cbe-4d50-8943-423d4338776a,7deb17b5-0399-4c32-913d-5f9ede6b54a4,True,2026-04-08 19:12:39
fc000000-0000-0000-0000-000000002341,017dc866-be63-4b08-bf88-13599fcb9a45,197fcbc8-7a73-40b5-802f-fa829cd49329,7aca039e-d723-43a5-b97d-b54b07fc5373,True,2026-04-08 19:12:39
fc000000-0000-0000-0000-000000002342,6d462917-013a-4a4a-bbf4-081e3aeabaee,197fcbc8-7a73-40b5-802f-fa829cd49329,7aca039e-d723-43a5-b97d-b54b07fc5373,True,2026-04-08 19:12:39
fc000000-0000-0000-0000-000000002343,25b6f56f-3827-4a02-bab4-6949387f2986,d859a9f6-ce5f-4e3f-8c72-f7e2030f93ce,63626deb-8fc4-4aec-b953-9613fc3e83f6,True,2026-04-08 19:12:39
fc000000-0000-0000-0000-000000002344,9c40ad04-7b89-45b0-abbd-bd8353b1bca0,5f5560cf-c169-4781-8204-fb75ac3408c8,49720e2e-bd94-4072-8816-4b2dc97902ed,True,2026-04-08 19:12:39
fc000000-0000-0000-0000-000000002345,8cf02dc4-d6cf-4995-89ab-c066840403b2,9a6acaba-6896-4d0f-b27a-d71a8be4e523,,True,2026-04-08 19:12:39
fc000000-0000-0000-0000-000000002346,44f2a949-6d89-40e3-872e-378dbf6fb7db,138bec94-c996-4510-895c-6c0af0f6a6fc,aa2ac8a6-12e0-4e15-8fc6-3ce47a710a51,True,2026-04-08 19:12:39
fc000000-0000-0000-0000-000000002347,62b61893-cc1a-4150-bfbc-3b88b55b0452,343841d6-b938-4b7d-8523-23d25aa1eeb5,39478e69-751f-45a6-88b2-fd08bf1e80a2,True,2026-04-08 19:12:39
fc000000-0000-0000-0000-000000002348,4a278491-9904-4063-87c7-b07fec51bf84,1197ce03-96ae-4670-9ef3-28468625cf46,21f51f84-c1dd-4478-8fb0-1c10b08829a9,True,2026-04-08 19:12:39
fc000000-0000-0000-0000-000000002349,0ad13837-36ec-4293-8015-0b52ed088dc7,1197ce03-96ae-4670-9ef3-28468625cf46,21f51f84-c1dd-4478-8fb0-1c10b08829a9,True,2026-04-08 19:12:39
fc000000-0000-0000-0000-000000002350,77cbee4c-6e30-4aea-92c7-a549f048e5e3,c0bae7dc-ef7b-4a8b-99fd-c1c1de3a9ed2,d493879f-f5cc-4c9a-bfbd-78a96a34b900,True,2026-04-08 19:12:39
fc000000-0000-0000-0000-000000002351,34342e4e-a52d-40de-88dd-3b83f12d68f8,1197ce03-96ae-4670-9ef3-28468625cf46,21f51f84-c1dd-4478-8fb0-1c10b08829a9,True,2026-04-08 19:12:39
fc000000-0000-0000-0000-000000002352,db4a8bc8-89c8-43eb-834b-dbf68ba63f49,1197ce03-96ae-4670-9ef3-28468625cf46,21f51f84-c1dd-4478-8fb0-1c10b08829a9,True,2026-04-08 19:12:39
fc000000-0000-0000-0000-000000002353,d377b594-070a-4130-a451-c347daa9ebff,1197ce03-96ae-4670-9ef3-28468625cf46,b4d493a3-2cc4-447f-a34c-327107ec2985,True,2026-04-08 19:12:39
fc000000-0000-0000-0000-000000002354,7ebb83eb-83c9-419f-88e1-6f5a19585142,1197ce03-96ae-4670-9ef3-28468625cf46,21f51f84-c1dd-4478-8fb0-1c10b08829a9,True,2026-04-08 19:12:39
fc000000-0000-0000-0000-000000002355,bd63df96-b521-44ac-aab6-4f9c1ea3abfb,1197ce03-96ae-4670-9ef3-28468625cf46,21f51f84-c1dd-4478-8fb0-1c10b08829a9,True,2026-04-08 19:12:39
fc000000-0000-0000-0000-000000002356,051d88c6-1325-4268-8568-6410bc7c642a,1197ce03-96ae-4670-9ef3-28468625cf46,21f51f84-c1dd-4478-8fb0-1c10b08829a9,True,2026-04-08 19:12:39
fc000000-0000-0000-0000-000000002357,3142498a-039e-46d5-9f5c-a2cd704a3035,93813225-2cbe-4d50-8943-423d4338776a,4eb29058-3bc2-43c5-a3a9-066f9879db4a,True,2026-04-08 19:12:39
fc000000-0000-0000-0000-000000002358,bbe4882a-d19f-48b9-84b9-9c90b6f72dfe,1197ce03-96ae-4670-9ef3-28468625cf46,21f51f84-c1dd-4478-8fb0-1c10b08829a9,True,2026-04-08 19:12:39
fc000000-0000-0000-0000-000000002359,c8dec53c-451c-49ed-971b-93353be93666,1197ce03-96ae-4670-9ef3-28468625cf46,21f51f84-c1dd-4478-8fb0-1c10b08829a9,True,2026-04-08 19:12:39
fc000000-0000-0000-0000-000000002360,b01fb27a-b309-439e-bbe3-1ee26047fda3,456e1a68-37c2-454d-948f-a46294d6ba3a,4851e333-befa-4ba3-8d43-216661d97bec,True,2026-04-08 19:12:39
fc000000-0000-0000-0000-000000002361,880a9723-1f6a-42b3-be2d-2ed643c3c61e,5f917eec-d4dc-40cb-94dd-b3272db3f858,ad3bee99-7863-4b55-aa09-b9754b160c47,True,2026-04-08 19:12:39
fc000000-0000-0000-0000-000000002362,17f47bdf-9821-4dd5-8b83-f5e29e84cc84,5f917eec-d4dc-40cb-94dd-b3272db3f858,,True,2026-04-08 19:12:39
fc000000-0000-0000-0000-000000002363,7f0ebd86-002e-47ad-a00a-0914587e80bd,4cae38a8-4a2b-4f9f-8e47-c51a8fdab4d6,d1d4d95c-2df5-4126-8033-d0a652c4d8b3,True,2026-04-08 19:12:39
fc000000-0000-0000-0000-000000002364,84d7cbe2-c11c-43f9-9355-8de2b7a75deb,b28bcd2f-98c3-4e0e-bbae-d05d48bf82e9,,True,2026-04-08 19:12:39
fc000000-0000-0000-0000-000000002365,80674ec6-1d07-43de-80e5-a77f94b794df,197fcbc8-7a73-40b5-802f-fa829cd49329,7aca039e-d723-43a5-b97d-b54b07fc5373,True,2026-04-08 19:12:39
fc000000-0000-0000-0000-000000002366,9f2d606d-534b-4c00-bfe0-46a88383d29f,7c844539-83eb-4880-b86c-dd05973f0e0a,b8cbc705-1090-4947-8783-70ce2ee9df2a,True,2026-04-08 19:12:39
fc000000-0000-0000-0000-000000002367,8cc088bb-e39b-40f2-a713-562631ef0779,d57f11d3-f03a-49bf-905e-131a223352cd,ca9c9a7f-95cb-45c5-8668-628ddcc6c673,True,2026-04-08 19:12:39
fc000000-0000-0000-0000-000000002368,ca8758eb-31d5-4cc7-bbc7-98aba58dae4c,343841d6-b938-4b7d-8523-23d25aa1eeb5,03ef20c9-4602-4b3f-b405-be77706bfc0e,True,2026-04-08 19:12:39
fc000000-0000-0000-0000-000000002369,7ef5d50e-bb96-41cf-ab35-2f351579627d,8dcc57a0-79ac-45dd-9db0-efb3d1fd5299,f5aa12c0-a668-4178-b870-908ba1c7ac67,True,2026-04-08 19:12:39
fc000000-0000-0000-0000-000000002370,6be49ddd-f93a-40f5-8fb6-9390b93fb8b9,d859a9f6-ce5f-4e3f-8c72-f7e2030f93ce,63626deb-8fc4-4aec-b953-9613fc3e83f6,True,2026-04-08 19:12:39
fc000000-0000-0000-0000-000000002371,2dac2bdc-6819-4f25-908d-a28851f3951f,b28bcd2f-98c3-4e0e-bbae-d05d48bf82e9,,True,2026-04-08 19:12:39
fc000000-0000-0000-0000-000000002372,8147c5e4-1de4-4e02-b011-7cbdc0a39a3c,ecb74426-adfd-416f-90ce-ac1136940e59,5cf414a9-7d0b-4cbc-82e9-54a3dd0b9e26,True,2026-04-08 19:12:39
fc000000-0000-0000-0000-000000002373,7142e632-8995-4db8-9ffb-aa93a6d468b2,197fcbc8-7a73-40b5-802f-fa829cd49329,0a5a4564-ac4f-45d8-b488-d4b721b1daf6,True,2026-04-08 19:12:39
fc000000-0000-0000-0000-000000002374,e4a4caaf-5323-4ee2-8565-80278784b1ca,4cae38a8-4a2b-4f9f-8e47-c51a8fdab4d6,d1d4d95c-2df5-4126-8033-d0a652c4d8b3,True,2026-04-08 19:12:39
fc000000-0000-0000-0000-000000002375,d5967a3d-654b-4330-b377-1fe4a1296c0d,1197ce03-96ae-4670-9ef3-28468625cf46,21f51f84-c1dd-4478-8fb0-1c10b08829a9,True,2026-04-08 19:12:39
fc000000-0000-0000-0000-000000002376,5d2632fb-f3a6-45a2-9605-391fddef8f54,1197ce03-96ae-4670-9ef3-28468625cf46,21f51f84-c1dd-4478-8fb0-1c10b08829a9,True,2026-04-08 19:12:39
fc000000-0000-0000-0000-000000002377,8a8b5502-240d-4508-80b0-9c70a58d7e24,7a9cbfd8-d8a1-4773-8fad-dc210e493a3c,33bb0d61-767c-4973-9da8-08a2744dca7a,True,2026-04-08 19:12:39
fc000000-0000-0000-0000-000000002378,47956f8a-fa62-4886-8c35-fd35709a92eb,75378ce6-f415-4cb9-a1a2-628f22004a53,,True,2026-04-08 19:12:39
fc000000-0000-0000-0000-000000002379,81d400ba-34a9-4414-b5e7-4025e86bfc26,f5e5d6a5-6dd0-4af7-acde-327f620fd476,,True,2026-04-08 19:12:39
fc000000-0000-0000-0000-000000002380,974b1136-8ab1-4e1c-83c9-6bd24452fec5,7c844539-83eb-4880-b86c-dd05973f0e0a,b8cbc705-1090-4947-8783-70ce2ee9df2a,True,2026-04-08 19:12:39
fc000000-0000-0000-0000-000000002381,c244769a-fae4-4e57-bb91-a696cf5751f6,5f917eec-d4dc-40cb-94dd-b3272db3f858,ad3bee99-7863-4b55-aa09-b9754b160c47,True,2026-04-08 19:12:39
fc000000-0000-0000-0000-000000002382,5a03a741-c9de-4cbd-85ab-d2767a164f1f,138bec94-c996-4510-895c-6c0af0f6a6fc,b4ecba59-626f-4494-9b9c-6d691e35b839,True,2026-04-08 19:12:39
fc000000-0000-0000-0000-000000002383,7fb60fef-f7ef-454d-a7ce-589c1a9565b8,c0bae7dc-ef7b-4a8b-99fd-c1c1de3a9ed2,6c9a8c6f-47b7-4e20-b7ec-56eaa99fabda,True,2026-04-08 19:12:39
fc000000-0000-0000-0000-000000002384,b7137e7b-c8e9-48b6-9f43-b8582ae92191,58a9f4ba-24e6-4caa-940b-e5f062be9214,,True,2026-04-08 19:12:39
fc000000-0000-0000-0000-000000002385,cb81ff43-5d17-40de-99a3-e9fdc99ef485,5f917eec-d4dc-40cb-94dd-b3272db3f858,2489267c-9b73-4948-a360-81d6ae8f9a8e,True,2026-04-08 19:12:39
fc000000-0000-0000-0000-000000002386,73a16695-6e20-4e69-8fd2-3445f1c67521,1197ce03-96ae-4670-9ef3-28468625cf46,21f51f84-c1dd-4478-8fb0-1c10b08829a9,True,2026-04-08 19:12:39
fc000000-0000-0000-0000-000000002387,ce80786e-2286-457b-bab9-5e64d7703f7d,1197ce03-96ae-4670-9ef3-28468625cf46,21f51f84-c1dd-4478-8fb0-1c10b08829a9,True,2026-04-08 19:12:39
fc000000-0000-0000-0000-000000002388,d43fa09d-7db7-4200-a2f3-ed9157de4b2e,5f917eec-d4dc-40cb-94dd-b3272db3f858,ad3bee99-7863-4b55-aa09-b9754b160c47,True,2026-04-08 19:12:39
fc000000-0000-0000-0000-000000002389,85007276-e780-41c0-a0de-633f609510e5,8fc98f56-9662-45f7-8bd6-86a56e2142d1,,True,2026-04-08 19:12:39
fc000000-0000-0000-0000-000000002390,dfdc69a5-7599-4ecb-9d7f-41818f5a9af6,dc6c211b-19b9-4eed-9e3e-9d10792b6f55,55f0e264-bbac-49d2-a0ed-46ed38a6de6b,True,2026-04-08 19:12:39
fc000000-0000-0000-0000-000000002391,4ea87a72-818c-4d73-9630-01002443b65e,4ee5e694-5d88-4a9b-ba2e-eecf653807e1,,True,2026-04-08 19:12:39
fc000000-0000-0000-0000-000000002392,ccfd9182-0fb0-4eac-a492-4b7ea70bfa69,ff1a36e5-3931-487f-8837-3e24af030706,9ed0cc98-a4e9-4222-8955-6d91d05cbf80,True,2026-04-08 19:12:39
fc000000-0000-0000-0000-000000002393,4bc17d31-66c9-418c-a4cc-a335db3ca6de,5f917eec-d4dc-40cb-94dd-b3272db3f858,ad3bee99-7863-4b55-aa09-b9754b160c47,True,2026-04-08 19:12:39
fc000000-0000-0000-0000-000000002394,2e311700-33a5-4aac-a464-accea5e42968,138bec94-c996-4510-895c-6c0af0f6a6fc,aa2ac8a6-12e0-4e15-8fc6-3ce47a710a51,True,2026-04-08 19:12:39
fc000000-0000-0000-0000-000000002395,f1abfa89-f74e-4056-920e-4125f65e5c5c,138bec94-c996-4510-895c-6c0af0f6a6fc,aa2ac8a6-12e0-4e15-8fc6-3ce47a710a51,True,2026-04-08 19:12:39
fc000000-0000-0000-0000-000000002396,4e9e7e90-15db-4cfa-aed9-3a40b7f98aab,93813225-2cbe-4d50-8943-423d4338776a,51a4f126-da75-4875-b6eb-7ab5622b6099,True,2026-04-08 19:12:39
fc000000-0000-0000-0000-000000002397,c6f01a52-9f87-4334-8ff7-639bc539336e,5f917eec-d4dc-40cb-94dd-b3272db3f858,6898215c-6350-4a2f-b42d-94e3e1d041aa,True,2026-04-08 19:12:39
fc000000-0000-0000-0000-000000002398,409b349b-8198-4fb0-af8a-e1874381cc78,d3eb7bae-2fff-4325-b5fc-0d1ef63ce523,b1f1a004-1111-4a1b-aaaa-111111111114,True,2026-04-08 19:12:39
fc000000-0000-0000-0000-000000002399,f240d842-38f4-411c-b645-7ec30664b4ae,138bec94-c996-4510-895c-6c0af0f6a6fc,b4ecba59-626f-4494-9b9c-6d691e35b839,True,2026-04-08 19:12:39
fc000000-0000-0000-0000-000000002400,86a780e8-cc03-4b34-a2c6-241fd9877170,343841d6-b938-4b7d-8523-23d25aa1eeb5,39478e69-751f-45a6-88b2-fd08bf1e80a2,True,2026-04-08 19:12:39
fc000000-0000-0000-0000-000000002401,c3fef5ee-7fac-4436-8db9-6fdab4c8b45b,93813225-2cbe-4d50-8943-423d4338776a,4eb29058-3bc2-43c5-a3a9-066f9879db4a,True,2026-04-08 19:12:39
fc000000-0000-0000-0000-000000002402,06344570-6577-4381-bf70-6ca0d69e9918,5f917eec-d4dc-40cb-94dd-b3272db3f858,6898215c-6350-4a2f-b42d-94e3e1d041aa,True,2026-04-08 19:12:39
fc000000-0000-0000-0000-000000002403,f3c47250-70c4-4d97-bb97-03c1027917d3,8dcc57a0-79ac-45dd-9db0-efb3d1fd5299,f5aa12c0-a668-4178-b870-908ba1c7ac67,True,2026-04-08 19:12:39
fc000000-0000-0000-0000-000000002404,9c68fe3f-d08b-4ba4-9269-42d2500720fc,1197ce03-96ae-4670-9ef3-28468625cf46,21f51f84-c1dd-4478-8fb0-1c10b08829a9,True,2026-04-08 19:12:39
fc000000-0000-0000-0000-000000002405,02d9f72a-c5e0-40ab-8eb0-284c44525976,5f917eec-d4dc-40cb-94dd-b3272db3f858,ad3bee99-7863-4b55-aa09-b9754b160c47,True,2026-04-08 19:12:39
fc000000-0000-0000-0000-000000002406,71000701-3de7-4174-8e53-af60473846f2,ecb74426-adfd-416f-90ce-ac1136940e59,,True,2026-04-08 19:12:39
fc000000-0000-0000-0000-000000002407,2d079776-cd42-49b8-8619-016553048088,5dbe61d1-daa6-4f30-acba-d9094a3f9de3,cf11d1fd-5d66-4a60-be05-d2caa70b8ebc,True,2026-04-08 19:12:39
fc000000-0000-0000-0000-000000002408,c46c22cb-6bb6-4e95-b2e8-b8c30400c0b0,197fcbc8-7a73-40b5-802f-fa829cd49329,ba4abcf4-736f-4506-ae63-aad198da3468,True,2026-04-08 19:12:39
fc000000-0000-0000-0000-000000002409,6dce8f4e-c0a2-42a9-9eb8-98a4ac57fda0,5f917eec-d4dc-40cb-94dd-b3272db3f858,5aea2c49-62ea-4875-a90a-440920bd2e60,True,2026-04-08 19:12:39
fc000000-0000-0000-0000-000000002410,c4b28cae-0fdd-4c6d-8b52-119f7a5cae9c,343841d6-b938-4b7d-8523-23d25aa1eeb5,39478e69-751f-45a6-88b2-fd08bf1e80a2,True,2026-04-08 19:12:39
fc000000-0000-0000-0000-000000002411,25656236-1968-49da-a6d8-32ffdcc6888e,dc3b2dd6-a7eb-4ed7-bf00-750e33978760,fbe91310-b6cd-43ea-b306-e65d2ee5eaad,True,2026-04-08 19:12:39
fc000000-0000-0000-0000-000000002412,3f10d379-f847-4ddf-baf9-271767d48599,dc3b2dd6-a7eb-4ed7-bf00-750e33978760,fbe91310-b6cd-43ea-b306-e65d2ee5eaad,True,2026-04-08 19:12:39
fc000000-0000-0000-0000-000000002413,94cd50f6-63f9-464e-8476-f6076e35850d,1197ce03-96ae-4670-9ef3-28468625cf46,21f51f84-c1dd-4478-8fb0-1c10b08829a9,True,2026-04-08 19:12:39
fc000000-0000-0000-0000-000000002414,abfd5dc4-c60b-4339-a3ea-b43286ab7678,dc3b2dd6-a7eb-4ed7-bf00-750e33978760,fbe91310-b6cd-43ea-b306-e65d2ee5eaad,True,2026-04-08 19:12:39
fc000000-0000-0000-0000-000000002415,8df52cfd-63bb-4fd6-8f61-6a994ea55cfe,dc3b2dd6-a7eb-4ed7-bf00-750e33978760,fbe91310-b6cd-43ea-b306-e65d2ee5eaad,True,2026-04-08 19:12:39
fc000000-0000-0000-0000-000000002416,6a9e7f92-6b82-49b4-9749-e54dc370ae4e,dc3b2dd6-a7eb-4ed7-bf00-750e33978760,fbe91310-b6cd-43ea-b306-e65d2ee5eaad,True,2026-04-08 19:12:39
fc000000-0000-0000-0000-000000002417,9c389b22-2883-44a8-a9ad-20a456d7ef06,dc3b2dd6-a7eb-4ed7-bf00-750e33978760,fbe91310-b6cd-43ea-b306-e65d2ee5eaad,True,2026-04-08 19:12:39
fc000000-0000-0000-0000-000000002418,d9da3ea1-997f-4b4c-a39b-fcf836feec85,dc3b2dd6-a7eb-4ed7-bf00-750e33978760,fbe91310-b6cd-43ea-b306-e65d2ee5eaad,True,2026-04-08 19:12:39
fc000000-0000-0000-0000-000000002419,29eb7107-c506-42fe-a43e-2bd442f38418,dc3b2dd6-a7eb-4ed7-bf00-750e33978760,fbe91310-b6cd-43ea-b306-e65d2ee5eaad,True,2026-04-08 19:12:39
fc000000-0000-0000-0000-000000002420,58485e33-f7af-4fab-a98b-421f01ca4183,dc3b2dd6-a7eb-4ed7-bf00-750e33978760,fbe91310-b6cd-43ea-b306-e65d2ee5eaad,True,2026-04-08 19:12:39
fc000000-0000-0000-0000-000000002421,d3c500a4-284b-43a5-a422-8d8b8f138096,dc3b2dd6-a7eb-4ed7-bf00-750e33978760,fbe91310-b6cd-43ea-b306-e65d2ee5eaad,True,2026-04-08 19:12:39
fc000000-0000-0000-0000-000000002422,0820b858-896a-4a9a-b403-e32120c4e28c,7c844539-83eb-4880-b86c-dd05973f0e0a,08a2a1f3-d685-42b8-98ce-56296b83f1cf,True,2026-04-08 19:12:39
fc000000-0000-0000-0000-000000002423,ef06db34-7a6c-426e-b65d-973bc962dbe9,dc3b2dd6-a7eb-4ed7-bf00-750e33978760,,True,2026-04-08 19:12:39
fc000000-0000-0000-0000-000000002424,9b99de95-4dac-4010-81d6-009c7951c50f,1197ce03-96ae-4670-9ef3-28468625cf46,21f51f84-c1dd-4478-8fb0-1c10b08829a9,True,2026-04-08 19:12:39
fc000000-0000-0000-0000-000000002425,eb40aad3-cea7-419e-83bb-c7cc83e1d858,dc3b2dd6-a7eb-4ed7-bf00-750e33978760,fbe91310-b6cd-43ea-b306-e65d2ee5eaad,True,2026-04-08 19:12:39
fc000000-0000-0000-0000-000000000001,50424df9-899b-4ac9-9a5e-a969f6919b1d,166db338-a8c7-40d4-a1f1-205f38ecbfe4,5daaef11-b359-42ae-a481-9008f442a75c,True,2026-06-11 12:00:00
fc000000-0000-0000-0000-000000000002,66936a5b-31e2-41c0-ac92-a6ec7bc16b5b,166db338-a8c7-40d4-a1f1-205f38ecbfe4,5daaef11-b359-42ae-a481-9008f442a75c,True,2026-06-11 12:00:00
fc000000-0000-0000-0000-000000000003,78c33024-8b86-4f58-9841-1c37012a1210,62c39b63-682d-49fc-846a-5d4aea699bb8,7ae5deb6-cfed-4e61-846c-b5eef53ca1c5,True,2026-06-11 12:00:00
fc000000-0000-0000-0000-000000000004,f460b940-fb48-47af-8e6c-e6f6f848c017,166db338-a8c7-40d4-a1f1-205f38ecbfe4,6d17ca09-fb69-4a02-8244-9e7aca43ec04,True,2026-06-11 12:00:00
fc000000-0000-0000-0000-000000000005,08e7840a-ffed-4bdd-b817-4689b6e6359a,0b79e959-23ea-4ea8-9f43-07316e9636bc,993585dc-eeeb-470d-82d0-811e726d4025,True,2026-06-11 12:00:00
fc000000-0000-0000-0000-000000000006,f91719f4-9b28-442b-958d-f732380cf938,166db338-a8c7-40d4-a1f1-205f38ecbfe4,d4269dcc-4bf2-417f-881f-34c0230dc73e,True,2026-06-11 12:00:00
fc000000-0000-0000-0000-000000009999,65efbd24-f656-4f5c-a239-e689f037052d,8dcc57a0-79ac-45dd-9db0-efb3d1fd5299,f5aa12c0-a668-4178-b870-908ba1c7ac67,True,2025-01-01 00:47:58
3e9316b3-2407-4a9d-bc1e-7826b532664f,132b19ed-a781-4b4b-8950-81cdb0c14de8,62c39b63-682d-49fc-846a-5d4aea699bb8,7ae5deb6-cfed-4e61-846c-b5eef53ca1c5,True,2026-06-30 00:00:00
be1307fe-89bf-4f77-b5e6-1fd99e19d095,015bcabe-a22c-4acf-96fd-83d651d712d4,62c39b63-682d-49fc-846a-5d4aea699bb8,7ae5deb6-cfed-4e61-846c-b5eef53ca1c5,True,2026-06-30 00:00:00
6899e96a-4f71-4e2c-8248-6c6a34172ae1,87caf08c-42e5-4eb9-b2db-2918c7e9add5,62c39b63-682d-49fc-846a-5d4aea699bb8,4624a696-5fad-422d-8e77-1050654d0dd2,True,2026-06-30 00:00:00
a1f3bf46-f2bc-4fc9-b869-08697d5bb75c,50140725-61e1-4293-be22-850d116d803e,b74771d1-525f-4e76-84f1-0cdb1a0f499a,61aa6d89-a6da-4748-a699-86558c313a96,True,2026-06-30 00:00:00
cf8048cf-6760-497b-9ce6-6290d84e2aa6,4e7e5e16-80a3-4681-a541-ba0bc175895f,0b79e959-23ea-4ea8-9f43-07316e9636bc,9ea54729-1b66-43b5-92e1-d2e43d96e995,True,2026-06-30 00:00:00
0d44eacc-643e-4c1e-94b9-8716bd88cc19,a8648a6a-2bf6-451e-9179-681d69a99dc9,166db338-a8c7-40d4-a1f1-205f38ecbfe4,3f6ff324-28b8-4458-b1d2-8bb134adc7d2,True,2026-06-30 00:00:00
ff414eb5-30b3-4bc0-a90f-efc4daaaff1f,9fab943e-1b1b-443c-9b61-c2210cb39674,0b79e959-23ea-4ea8-9f43-07316e9636bc,ad3add42-77cf-4906-9f4c-0329fbfc6936,True,2026-06-30 00:00:00
e4797c10-549a-47ca-877c-e2a30745b994,31c24a8e-c3a2-4239-9e67-908acf559c95,166db338-a8c7-40d4-a1f1-205f38ecbfe4,43cccc9c-27f4-4c7a-abd7-8865e5ec646a,True,2026-06-30 00:00:00
5cfd174e-b6d2-4a3e-b82e-aa5f97f4a7f5,93d2b297-948c-48cc-a12e-c0b99f4f13e2,d4e682a2-6c11-4d56-9671-19e9ceca8eaf,903d482f-7374-4b34-9bce-e9d7a15769a0,True,2026-06-30 00:00:00
eb8e9b64-3288-41e9-964b-aee72c35aa54,61e6113c-53aa-4679-81ff-189d5b5402f4,d4e682a2-6c11-4d56-9671-19e9ceca8eaf,903d482f-7374-4b34-9bce-e9d7a15769a0,True,2026-06-30 00:00:00
2bb4b8f0-2bb8-42bc-8328-1bccd2504c55,cbd2ded8-ed60-4eae-b1b3-8ebce955bd75,d4e682a2-6c11-4d56-9671-19e9ceca8eaf,903d482f-7374-4b34-9bce-e9d7a15769a0,True,2026-06-30 00:00:00
8a6eea68-4e9a-47d5-8737-9d4ba8e82e00,fa2144de-3da3-4239-8e7e-d41e69364d7d,b74771d1-525f-4e76-84f1-0cdb1a0f499a,c748304e-ecc7-40b3-a7fe-5436d061b096,True,2026-06-30 00:00:00
b823cbf2-2750-47bb-b312-8f8b531ea655,5ec7e7a7-6bc1-4178-ac1a-abddd9d35f53,166db338-a8c7-40d4-a1f1-205f38ecbfe4,99babc19-a93f-4b57-8fa7-1d2c939d640d,True,2026-06-30 00:00:00
475e99b8-e2e6-441b-9069-396daa49023a,2e7d0db4-582c-4be8-86b6-1b341b8205b2,3d86e574-50f8-45a8-9ffc-6db1b6002331,2a71b280-3a52-4604-bba9-7feb80a3a1aa,True,2026-06-30 00:00:00
d8cc777f-2cc9-44c8-a01e-0843dfa0b98d,4767b0c5-e6d4-4dd0-814f-dc7e8911c26c,166db338-a8c7-40d4-a1f1-205f38ecbfe4,84dc13be-ad53-4843-9cf4-5b3d86ca572f,True,2026-06-30 00:00:00
5bae77b9-f222-469d-8ca5-19cc73ad3c7c,10490242-4bcf-40f0-9da0-9abc9dde22f2,b74771d1-525f-4e76-84f1-0cdb1a0f499a,2f523105-8d2f-4108-a20b-5a14db5c5745,True,2026-06-30 00:00:00
8f723bca-35e7-441c-b53a-9c6ce5047c4d,21ccc026-c576-41c2-a6a7-b38728c2b902,b74771d1-525f-4e76-84f1-0cdb1a0f499a,2f523105-8d2f-4108-a20b-5a14db5c5745,True,2026-06-30 00:00:00
ea43814e-e077-48ba-9f9f-d21500eb860d,f44b81c7-80ea-4734-ad3a-369433d93291,b74771d1-525f-4e76-84f1-0cdb1a0f499a,bd2e0108-e8af-4f95-95fc-00396da16286,True,2026-06-30 00:00:00
d1cdf5a4-096b-4007-a7db-04fc95e47d05,5eb8fcf3-406a-4d59-85c8-f6c1c7961005,166db338-a8c7-40d4-a1f1-205f38ecbfe4,5daaef11-b359-42ae-a481-9008f442a75c,True,2026-06-30 00:00:00
d298b68e-fed3-49ae-9732-4d5f35b15c61,55febc4f-6384-47c5-81d8-8a756b2073f5,b74771d1-525f-4e76-84f1-0cdb1a0f499a,2f523105-8d2f-4108-a20b-5a14db5c5745,True,2026-06-30 00:00:00
6b064bf1-4afa-4884-9d7d-634080c9d37f,12076f32-c4fc-4de8-9c04-4423351f7e06,166db338-a8c7-40d4-a1f1-205f38ecbfe4,5daaef11-b359-42ae-a481-9008f442a75c,True,2026-06-30 00:00:00
26e2a2d5-ea64-441b-8825-75ec04492e30,99830677-8a86-4fe7-a678-a59d7140ee10,166db338-a8c7-40d4-a1f1-205f38ecbfe4,5daaef11-b359-42ae-a481-9008f442a75c,True,2026-06-30 00:00:00
481b9224-f7d6-4634-aa2f-cab16bf7a080,58cf7fa4-097f-4958-b2bb-9b1ae903fe1c,166db338-a8c7-40d4-a1f1-205f38ecbfe4,5daaef11-b359-42ae-a481-9008f442a75c,True,2026-06-30 00:00:00
e02f4d17-7909-43e6-a216-f94fbc641475,19a354b0-7594-460c-a13f-1ae7f5110bec,166db338-a8c7-40d4-a1f1-205f38ecbfe4,d712afeb-45a3-4427-b92a-3d984124a4e2,True,2026-06-30 00:00:00
0ed6d78f-d0fe-4c68-8d8e-7681d7d9087e,faa86067-233b-46fc-ac52-985ce8b1c68e,98f8b10b-7937-4f1c-8e02-d7ab4cb6b3df,9454c817-cf92-4c41-8478-8604ba974e00,True,2026-06-30 00:00:00
b10c071a-4256-489d-bc45-b7d9f171ce0c,65750994-62d4-4194-be2a-15c8e731bce0,98f8b10b-7937-4f1c-8e02-d7ab4cb6b3df,9454c817-cf92-4c41-8478-8604ba974e00,True,2026-06-30 00:00:00
86ce2286-f349-4209-b95d-bb4cdd7a8a85,cd2c6569-c807-4339-b5da-4e9798a73e8b,7b9de164-d073-4192-8dc2-8d03c6d417d9,e5f7ab5f-45f1-4546-8f79-18e34f0afada,True,2026-06-30 00:00:00
4825e247-2f9d-4e18-a9a8-97f5c5dd0ee8,ee905519-50a8-465e-99c3-89a506142fd3,7b9de164-d073-4192-8dc2-8d03c6d417d9,63cf0f7f-6991-4c2e-bc85-c2f46bbe864d,True,2026-06-30 00:00:00
cf4d9f83-11f7-4296-baef-0857975e18f3,220523e6-31a9-4de2-849c-8f39d624446f,7b9de164-d073-4192-8dc2-8d03c6d417d9,5fba09d1-e9d5-4051-bfed-63e04f4753ef,True,2026-06-30 00:00:00
d5c11602-2b6c-4f23-a1f8-7d766496453d,5ddb02c8-c24e-452f-9007-a32550dac7be,7b9de164-d073-4192-8dc2-8d03c6d417d9,70541149-eb4a-479d-a4ee-28c558a3728c,True,2026-06-30 00:00:00
23cb9972-a3f5-4a1a-8220-c5b3193abb97,965ac5c4-2d04-4f14-a771-8f615351a935,d4e682a2-6c11-4d56-9671-19e9ceca8eaf,2c423435-c4e4-433c-bd31-fac40f66a06f,True,2026-06-30 00:00:00
74b0bc08-9283-452d-a21a-e2beba0e35e7,31e0d3e8-209f-4573-9d88-8adfc425256f,9918b58c-0ff3-41f5-9d0a-a8d7657a9063,3b296ad1-a6cf-4cf4-8565-3cc03c934862,True,2026-06-30 00:00:00
5e2f4c9b-fc3b-46d1-bf04-a52863e9ac15,8cdb715d-9aa9-4235-ad8e-c6a821a2bf37,d4e682a2-6c11-4d56-9671-19e9ceca8eaf,c9da652e-84b0-4dee-a079-0d82bbc836b6,True,2026-06-30 00:00:00
e79c0bcd-a810-4a29-b913-cc3d1aa1b1c9,125cc2e0-8ee5-49e4-8db2-09f19625b6f8,9918b58c-0ff3-41f5-9d0a-a8d7657a9063,bf5adf7a-4ead-46d5-affe-de778d87a80d,True,2026-06-30 00:00:00
fab088ce-2be9-44b8-ba0e-7cdf7b020a31,b5d95233-60a9-4bd5-91bc-171b821cb808,3b22f2af-f1cc-4c7a-8fdb-4066f1a9579f,2900f54c-67a4-491f-9759-4062827acd2b,True,2026-06-30 00:00:00
8b204610-74a3-49fc-bdf1-09c80088e967,01ecf5c2-e141-4876-9a3d-e193059405a4,3b22f2af-f1cc-4c7a-8fdb-4066f1a9579f,2900f54c-67a4-491f-9759-4062827acd2b,True,2026-06-30 00:00:00
0d732450-7848-4028-be48-d93d8572e121,d2258149-db99-4b40-a6b2-6a8a34daa758,3b22f2af-f1cc-4c7a-8fdb-4066f1a9579f,af40b925-c5f8-4ad4-b17d-25cfed84575c,True,2026-06-30 00:00:00
c1be7e6b-b8a7-4dab-854e-ca97bfd90663,e3a4c254-ef5b-47ef-95ea-3806d3fa74f4,e59829d0-542b-4336-b6e3-ba8ad5352cf5,43995943-e758-4276-80ec-4bfdc6f55e22,True,2026-06-30 00:00:00
1e850c7a-aad7-42d0-b9fc-f8ce3bf34097,473ca33b-1889-4e50-aa3b-9128c948b3b2,2dd61521-ccb4-4d75-8971-0041a5221353,ebf3b7be-c30c-4559-b1cd-206d16a54a67,True,2026-06-30 00:00:00
4830ee72-3c41-40aa-9714-896acf10c02a,f6055ee6-15f0-4f9a-b387-be1102fde6e5,23183514-291d-462e-b71f-65b5430befab,4965f8e3-d562-4583-813d-b6873caa61b3,True,2026-06-30 00:00:00
45df7bf9-0c4b-49b0-8b75-a382c96bba79,ec95056d-69ae-42b3-8867-aa4705b444ec,3b650d39-6d38-4883-8e17-08edc952db6f,32513e0b-a0d7-4c4f-ac5d-400b4e267d90,True,2026-06-30 00:00:00
1778b119-cbfa-4638-9758-55e074adc934,22195bb3-a6e0-4f5b-8db8-c92b0c726432,166db338-a8c7-40d4-a1f1-205f38ecbfe4,511a0e01-9e79-43ff-9ab9-9149cc401e00,True,2026-06-30 00:00:00
161bcddb-b0be-4e24-a604-7ac58ed0ca93,f267e505-b312-48a0-b390-7d1e4fcff0e2,8a08a4b2-48b2-4910-8db2-12cd43727c6a,6f7b2442-ddf1-4bc1-95e9-82246fe07836,True,2026-06-30 00:00:00
69c79881-f76c-4b6c-9bd7-865a84dc81f0,a6ad1ebc-0865-428b-9e20-dba86a38a93a,b74771d1-525f-4e76-84f1-0cdb1a0f499a,2f523105-8d2f-4108-a20b-5a14db5c5745,True,2026-06-30 00:00:00
414768ed-c5b6-41cc-a8de-20056dbb47d7,93600913-c132-4f4a-944c-b3f070f97268,6ecdb171-89ed-4af6-b3ec-ebbf8503f2e9,673ab04b-0a76-470a-9d0b-d99c9c954f5d,True,2026-06-30 00:00:00
9580b0dd-e4bf-42ae-b4cd-d29433a1ccf3,cb524111-db50-415d-bf6f-783394d1ae2c,6ecdb171-89ed-4af6-b3ec-ebbf8503f2e9,2688d7e7-25c7-4016-baf0-3b8c73e4bb40,True,2026-06-30 00:00:00
88fbcd22-eb30-4489-806a-ad2e50fce83a,781697f3-c9df-415e-96cf-890d83245c84,166db338-a8c7-40d4-a1f1-205f38ecbfe4,5daaef11-b359-42ae-a481-9008f442a75c,True,2026-06-30 00:00:00
25372234-f565-44d9-8688-0cb4d695f5ed,4388de36-9fa4-412d-bef3-2a73c0053748,166db338-a8c7-40d4-a1f1-205f38ecbfe4,8a697b93-ca8c-468d-9750-ce5eba1299fc,True,2026-06-30 00:00:00
db606278-75dd-4458-9beb-b434f3c9e1d8,cb6bb65c-3bf6-4683-91d6-b16fd0bde935,166db338-a8c7-40d4-a1f1-205f38ecbfe4,dce9587d-d117-4092-a13c-b6b15f56eff1,True,2026-06-30 00:00:00
d2fb1a4d-37b1-4540-b961-824f2550c33d,83e7a8d7-9b31-4e9e-8797-a8a693d4b9f6,166db338-a8c7-40d4-a1f1-205f38ecbfe4,18f37dc9-dc31-4dad-bf8b-5e222df2bd41,True,2026-06-30 00:00:00
051bca98-19bd-4ab7-b566-4058bff3c149,f29de690-191d-41bb-8272-a65ee7537f34,3d86e574-50f8-45a8-9ffc-6db1b6002331,d22240e8-6262-43fa-952d-ad86921f6577,True,2026-06-30 00:00:00
d065896a-e6db-4c0b-bbbb-130878e8c649,2b395d16-2fa6-4685-a070-3d62a088faee,dc57314f-b972-4224-825b-9fd5c6edac50,01a46552-a47b-4125-ab39-160041559a8b,True,2026-06-30 00:00:00
00f14734-4e1e-4672-8e03-a36ce249144c,9ae99a0c-c50a-43e5-9d54-05c38d133082,92b87e88-3338-4388-8464-6adcb7ba5312,f40fd0dc-8e3e-4999-8a97-18a05f247d9a,True,2026-06-30 00:00:00
b163a95c-e55d-400e-b66a-1a976e4c6937,6bcc6edb-4096-4c18-83e6-64513eaac34c,64bfffcf-099d-4c7a-9d2c-e94a4ca6e769,2bb82d9d-2e09-44c2-936a-609b320109dc,True,2026-06-30 00:00:00
c50a47b1-2187-45f6-8e19-ebd306fec249,b22faef2-0728-4f10-9355-c6112dbf2d23,166db338-a8c7-40d4-a1f1-205f38ecbfe4,a7738bba-a9cb-4195-b2fb-54fcd5403ffe,True,2026-06-30 00:00:00
ec03330b-3385-4df7-b3d7-ce27a9d693ff,44fcae13-ee47-4f1a-a43c-a62100aff2c7,dc57314f-b972-4224-825b-9fd5c6edac50,d6eb6c99-5851-47de-b41b-d1dc75867ee7,True,2026-06-30 00:00:00
debf3d2e-0466-426b-9e05-bf007d6bc678,a9ba44f0-98d7-405b-88e5-cd34bd3e551b,166db338-a8c7-40d4-a1f1-205f38ecbfe4,a7738bba-a9cb-4195-b2fb-54fcd5403ffe,True,2026-06-30 00:00:00
2213daed-0c3e-493b-b5dc-64c25631bc2d,1595131f-12e9-4142-9b1c-6d6e590cea34,98f8b10b-7937-4f1c-8e02-d7ab4cb6b3df,6716d796-ff68-4c95-85ed-503be0b0a458,True,2026-06-30 00:00:00
bcce6f5a-8c8e-4e13-9f22-17f90afe87c4,da179059-b583-4960-b17d-9c19db2cd3e2,166db338-a8c7-40d4-a1f1-205f38ecbfe4,50a588d1-fb8c-4aaa-9850-8d29e8ae3e53,True,2026-06-30 00:00:00
8d5e4b4a-5e0d-46de-a67c-594a5da90433,33b8a77a-8f37-4222-a14e-db8e68be8c4d,b74771d1-525f-4e76-84f1-0cdb1a0f499a,3dd00644-2320-4f63-9249-3e138a9f1bbb,True,2026-06-30 00:00:00
de0ccd67-afe4-420a-bffa-016f867ed961,2f32d54c-8544-4c12-9086-a8a972f9c28f,3d86e574-50f8-45a8-9ffc-6db1b6002331,a1f55b8e-6f8f-41be-962f-46f0496d7dc0,True,2026-06-30 00:00:00
a26985b9-ed82-4f74-b7dd-29f19805b9fe,e0440431-d38f-4653-a092-529059919d73,0b79e959-23ea-4ea8-9f43-07316e9636bc,fd9167f0-1d50-45bc-bae0-2d9a0f706723,True,2026-06-30 00:00:00
dfb1d831-6828-44aa-b69c-19a82795319e,be95806b-3892-424e-80ef-0d53a8a1ff01,62c39b63-682d-49fc-846a-5d4aea699bb8,50867e6d-eaeb-4b7f-8ab9-c2cec89b49b4,True,2026-06-30 00:00:00
c3bf6f33-e295-4b7e-906e-c0851849b4eb,328be802-b105-4049-af60-8799dd5b80b5,0942470c-1b49-43f7-9060-069a02f105cd,00c8b328-0939-4c4b-94de-08842bdbc94e,True,2026-06-30 00:00:00
639f5292-a905-472e-b1f0-99f133322363,f153db58-3c8f-414f-81f7-2541f34c8ceb,8a08a4b2-48b2-4910-8db2-12cd43727c6a,bf2484c2-7bdd-4a30-b764-70363fe22b2d,True,2026-06-30 00:00:00
d7ff648b-2d3a-4aa4-8c1d-d220d5d03c4b,0ee0ee2c-98ad-4771-ac4c-c587fed4eeaf,b74771d1-525f-4e76-84f1-0cdb1a0f499a,9a14c301-52f5-45e2-8946-0cb97c0de083,True,2026-06-30 00:00:00
b4e0506a-f386-4629-9c03-55aa3181a2be,5368f202-aa79-472d-9064-63d9c6c53dd6,b74771d1-525f-4e76-84f1-0cdb1a0f499a,2f523105-8d2f-4108-a20b-5a14db5c5745,True,2026-06-30 00:00:00
40d5e71e-324f-4d2f-b429-c72382209ec0,19c9f8af-9d50-4909-9690-7345baba2a27,2625f96a-0792-4351-b2f1-1ac8bfa2914c,c3cc69b2-3c6c-430d-ac0a-8dbe8518ddc3,True,2026-06-30 00:00:00
7da5543a-a9d4-4ff9-b099-b58926dcff07,a7f7f760-ea73-4775-913b-1552ead2beab,2625f96a-0792-4351-b2f1-1ac8bfa2914c,fd44b7ef-c79e-476b-a39e-dca29d11bcb5,True,2026-06-30 00:00:00
c3da1261-392a-4170-b85b-905a2edfb06b,6c79cfe8-bb0f-4420-b17d-0852fc8d0315,2625f96a-0792-4351-b2f1-1ac8bfa2914c,c745eeb7-eeae-4a12-8636-ec4f3fd04704,True,2026-06-30 00:00:00
7e083889-d6e8-4e76-8de5-77fd9d698df2,b6310949-548c-4d1e-8944-9c6d3bd055cc,2625f96a-0792-4351-b2f1-1ac8bfa2914c,58312aea-d19d-4496-b405-92657123dfad,True,2026-06-30 00:00:00
1f605d34-8197-4399-a459-bb00b1134da4,cf60ccbf-4f7b-4c94-9935-212026bac592,2625f96a-0792-4351-b2f1-1ac8bfa2914c,98827cc7-dc77-4e31-967c-4fc97dabefa6,True,2026-06-30 00:00:00
75835399-6c39-4b5b-a14e-915661153a67,d1799830-4575-48df-834e-4eab62687407,2625f96a-0792-4351-b2f1-1ac8bfa2914c,ee45b4a9-f5fb-4ddd-8b7f-dc5fce09b5ca,True,2026-06-30 00:00:00
6fd5d013-072e-4145-b442-7b29ddf31fcf,1dd18e36-a1ff-430c-bda2-a9a905c18569,2625f96a-0792-4351-b2f1-1ac8bfa2914c,afd9070d-5830-47da-b180-c39e439720d1,True,2026-06-30 00:00:00
9eaf0609-b1d1-493a-b3a2-7c8692528753,fbf6cfba-ebdb-4389-bd70-bd2caf697d69,2625f96a-0792-4351-b2f1-1ac8bfa2914c,b78ea7f7-d5fb-415d-8d50-842f38719073,True,2026-06-30 00:00:00
3d5218bc-268f-44b0-9174-e75b4fe622ff,54d0bc9c-d370-48a8-b3d7-b3801aaa7a7e,2625f96a-0792-4351-b2f1-1ac8bfa2914c,2a421e42-7f45-4b0a-9f2f-a871604c3c70,True,2026-06-30 00:00:00
53aeba05-f6a5-4bc5-9785-1f06a755e933,3946be35-08a0-4cb2-9607-e9afbdf174ae,2625f96a-0792-4351-b2f1-1ac8bfa2914c,5086d894-32e0-4f2a-a544-11952a3e47d3,True,2026-06-30 00:00:00
7110f8b6-6f4e-496b-915f-a9db12701863,78c69409-cd7c-42bc-ba2d-c5490ebaa513,d4e682a2-6c11-4d56-9671-19e9ceca8eaf,c9da652e-84b0-4dee-a079-0d82bbc836b6,True,2026-06-30 00:00:00
998152b0-06f4-4bb0-9523-790faab77e5c,a585add1-51b3-4135-8150-21815f8752d8,166db338-a8c7-40d4-a1f1-205f38ecbfe4,5daaef11-b359-42ae-a481-9008f442a75c,True,2026-06-30 00:00:00
9019d7d4-f021-4424-84ee-21eb35e77298,8aacc864-a021-464f-b329-07c493b7726c,d4e682a2-6c11-4d56-9671-19e9ceca8eaf,8414fc01-10d3-4be7-bd6c-74942d773c96,True,2026-06-30 00:00:00
59af06ba-71fd-49b6-8a39-96356a488cdb,c4e91149-5aa6-4c44-a015-ceac23f5c277,166db338-a8c7-40d4-a1f1-205f38ecbfe4,5daaef11-b359-42ae-a481-9008f442a75c,True,2026-06-30 00:00:00
d0789644-ca3a-425e-bdc2-af546da73e35,ef6a407f-0e36-4659-9e87-1dfd8276f906,3d86e574-50f8-45a8-9ffc-6db1b6002331,8165cbb9-698b-47c8-89c3-1551e957a267,True,2026-06-30 00:00:00
b45e765f-efeb-4fc8-a99d-1d95525d9d31,71ad407f-9671-4258-a38d-d5e526c366f7,62c39b63-682d-49fc-846a-5d4aea699bb8,50867e6d-eaeb-4b7f-8ab9-c2cec89b49b4,True,2026-06-30 00:00:00
7705c02e-56a9-414f-9316-140b89d7ae26,c316684f-eb8a-4f72-9c52-50d2a62a6146,62c39b63-682d-49fc-846a-5d4aea699bb8,50867e6d-eaeb-4b7f-8ab9-c2cec89b49b4,True,2026-06-30 00:00:00
bcea7b07-8d04-4825-805c-874ec4ead7b9,b875a94a-636c-4f8d-baca-9da02fab8114,62c39b63-682d-49fc-846a-5d4aea699bb8,50867e6d-eaeb-4b7f-8ab9-c2cec89b49b4,True,2026-06-30 00:00:00
ce363b31-eca4-434e-a273-ce8fa9581a07,eaacbbbd-0609-4fcd-b069-ebe730cf29a1,62c39b63-682d-49fc-846a-5d4aea699bb8,50867e6d-eaeb-4b7f-8ab9-c2cec89b49b4,True,2026-06-30 00:00:00
519662cc-22d6-4868-b07f-82273dd6739c,e060b835-514a-40ad-8bbd-bea191fcb3b1,62c39b63-682d-49fc-846a-5d4aea699bb8,50867e6d-eaeb-4b7f-8ab9-c2cec89b49b4,True,2026-06-30 00:00:00
742ffa36-5097-4794-9b0f-6f8b729ee0d0,93ed919f-eabd-4c6d-8338-7c109df5bf2e,62c39b63-682d-49fc-846a-5d4aea699bb8,50867e6d-eaeb-4b7f-8ab9-c2cec89b49b4,True,2026-06-30 00:00:00
b5570ab8-6b6b-4099-8311-57fd70c9e7a5,b87233d2-525f-4c62-843d-9a436a5dacbf,62c39b63-682d-49fc-846a-5d4aea699bb8,50867e6d-eaeb-4b7f-8ab9-c2cec89b49b4,True,2026-06-30 00:00:00
bb93c8f9-5ffc-4b44-9f65-c044594369f5,d98cb950-568f-4caa-b5cd-05959dd564a7,62c39b63-682d-49fc-846a-5d4aea699bb8,50867e6d-eaeb-4b7f-8ab9-c2cec89b49b4,True,2026-06-30 00:00:00
58ddef38-dc3c-48ff-9970-75728a5274f1,aecb2fca-3e8e-4e26-a636-ff1927809793,8a08a4b2-48b2-4910-8db2-12cd43727c6a,6f7b2442-ddf1-4bc1-95e9-82246fe07836,True,2026-06-30 00:00:00
3dea7688-1c13-413b-bb21-a97745fc1a3d,c49d382e-1b42-4638-be1e-f338428064fe,8a08a4b2-48b2-4910-8db2-12cd43727c6a,f546cfeb-b666-436f-93f6-7462e8d53c23,True,2026-06-30 00:00:00
339280b3-6f22-4987-854d-e07a06abe560,b439adb9-b74d-4cb5-89bf-b5f0700a5b73,8a08a4b2-48b2-4910-8db2-12cd43727c6a,51ae7b96-dbd7-40b9-b3e0-aacbfa02cfd9,True,2026-06-30 00:00:00
d0eb90cb-eb00-4649-abb3-30ad28c9fb17,a24506df-41ce-4fa4-a02c-93f499b681fd,d16e146c-c673-447f-af4b-0ef8f4d4c703,fc19f388-348c-42da-8e97-515a435e9856,True,2026-06-30 00:00:00
089a3a61-d3a6-472b-b31e-a8a3dfc9b7df,676ca1d9-93ca-431b-8148-7452be45faa6,d16e146c-c673-447f-af4b-0ef8f4d4c703,5238e7f9-630d-46db-9db2-958a9fa72bc7,True,2026-06-30 00:00:00
0e060a86-51b4-49ca-b210-462f2c8e8db6,417dbd67-1e7d-4cee-ac34-13a00ee939e9,d16e146c-c673-447f-af4b-0ef8f4d4c703,dd4a46c1-59d3-4a61-b9fa-6bc401fff840,True,2026-06-30 00:00:00
b669c700-149b-4ab9-b005-ac9dd043750b,6913c04d-3517-4cba-af2d-75cf7969acbe,166db338-a8c7-40d4-a1f1-205f38ecbfe4,46e2d6d1-f8a1-4f5c-97e8-450859465f9d,True,2026-06-30 00:00:00
3c2d19fb-0fdc-4d24-a127-eaf8d2cdd9aa,34e361e0-4d55-427f-b8c1-36d29ea03e19,b3665c47-d5e9-43f6-9308-5ce3c7a6969b,a0f5ddf0-edfc-40cf-af88-208d5a7eaffb,True,2026-06-30 00:00:00
5a75bcd3-34d4-4ba0-97bb-2616ef258b97,2358b7d0-b2f9-4a43-8eee-8d8f47188b43,7b9de164-d073-4192-8dc2-8d03c6d417d9,163848d5-8db6-40cb-8a1f-9dba13e4e5ab,True,2026-06-30 00:00:00
0711a7fa-70ab-45b4-b78a-1d60d8a325f8,0266c957-02bb-4c93-9323-a49905bcbf08,166db338-a8c7-40d4-a1f1-205f38ecbfe4,89911b38-4dcb-4c54-960f-ba165a3d2c61,True,2026-06-30 00:00:00
dbf7e92b-f2de-4b02-879d-8fe2198e152c,8694761c-2a57-4f59-b447-72db57f2672e,166db338-a8c7-40d4-a1f1-205f38ecbfe4,1b016df4-c629-45df-b833-38e7b31a1e63,True,2026-06-30 00:00:00
5d01d27b-6963-4487-9c04-80bc1158719a,78e52b42-524d-4b71-b0ad-1150b194059f,8a08a4b2-48b2-4910-8db2-12cd43727c6a,335b5909-3928-436e-933e-bce7fd00e514,True,2026-06-30 00:00:00
c4868eed-8460-4c5d-a4e2-991757726a8a,e65b2a66-6406-4c3d-a2ae-a74ac7405a89,166db338-a8c7-40d4-a1f1-205f38ecbfe4,79a12143-da0e-453c-9d46-89fd93af587f,True,2026-06-30 00:00:00
f12d273e-a952-4c1a-85cc-b85078cc14c7,9426f07b-7a6e-4284-995d-c86c6894e5c9,166db338-a8c7-40d4-a1f1-205f38ecbfe4,b79c53b1-fa89-4ed9-a928-f36a02d57778,True,2026-06-30 00:00:00
8fbabac6-5e1f-4659-8cae-6c67335da16e,be6e5e3b-e6bb-4ca8-b94e-70245440ba83,b74771d1-525f-4e76-84f1-0cdb1a0f499a,2f523105-8d2f-4108-a20b-5a14db5c5745,True,2026-06-30 00:00:00
3502db07-383e-4371-abc3-29e0681e14c2,0847eda9-813f-41e7-afac-1c4cea6bb68b,166db338-a8c7-40d4-a1f1-205f38ecbfe4,5daaef11-b359-42ae-a481-9008f442a75c,True,2026-06-30 00:00:00
9fe6e806-71ac-45c8-bf8e-a6782528c485,057ca7bb-6c64-4fd9-baf2-8f51de955807,166db338-a8c7-40d4-a1f1-205f38ecbfe4,5daaef11-b359-42ae-a481-9008f442a75c,True,2026-06-30 00:00:00
d02ef542-7af3-496a-bc1c-38792bfa8b69,d3e7deda-6f23-4a5b-8d0b-09071e5fc393,64bfffcf-099d-4c7a-9d2c-e94a4ca6e769,8e1344c7-b836-4970-8831-e4a1a5fc188f,True,2026-06-30 00:00:00
a98052f7-fcd4-4ee6-abf6-9e7621317a96,a0862312-56dd-4c18-9f5b-d05d0726e1f6,92b87e88-3338-4388-8464-6adcb7ba5312,28f3304d-75b7-48bb-9bfa-4ae4cb57fd06,True,2026-06-30 00:00:00
5685826c-f4ac-4f6c-92e9-38fa4218b051,1b596351-195d-42af-8d53-b9b90e57de4b,92b87e88-3338-4388-8464-6adcb7ba5312,49e24075-1f79-4b18-80ce-0723bdaac26a,True,2026-06-30 00:00:00
c07242a9-4f0c-4694-8903-d93cb30d427f,8e96d5d2-8bc4-4f05-9da6-d8d7e4f7961f,92b87e88-3338-4388-8464-6adcb7ba5312,d2db2e7e-4095-42ca-9781-bf5847459113,True,2026-06-30 00:00:00
60fc432b-0bd6-44f0-80a7-db66aba4cd92,413c5df2-4c5d-4b98-9685-5dec7e509819,166db338-a8c7-40d4-a1f1-205f38ecbfe4,dce9587d-d117-4092-a13c-b6b15f56eff1,True,2026-06-30 00:00:00
318a7625-beea-4920-8365-ff2df8cbeedb,6224b9e5-fd51-4f1f-922a-9a86058ed148,b74771d1-525f-4e76-84f1-0cdb1a0f499a,edd9c018-71f2-41b4-9adb-8ca87c9a3c05,True,2026-06-30 00:00:00
831b5c97-e211-4aa2-a8df-4eed0a2def34,25890fff-27b2-4244-981c-89ffd64348dc,b74771d1-525f-4e76-84f1-0cdb1a0f499a,28fa4644-4701-474f-b73c-db148f433322,True,2026-06-30 00:00:00
f14b6218-6b00-4817-a70b-212d94949c82,c038e3d2-e00c-4270-a3fc-93cb9393b4fe,0b79e959-23ea-4ea8-9f43-07316e9636bc,0e905343-d492-4322-9df7-26de5255be77,True,2026-06-30 00:00:00
890baab5-9aaa-40c1-88ac-4d57737bf325,a6d64c2e-b571-4c71-ab00-6acd173191d7,166db338-a8c7-40d4-a1f1-205f38ecbfe4,5daaef11-b359-42ae-a481-9008f442a75c,True,2026-06-30 00:00:00
50c1ae5b-3782-462d-9865-1ba98e223314,7e1694ca-c969-4a7f-8bba-936154f736b9,166db338-a8c7-40d4-a1f1-205f38ecbfe4,ee12bd43-a360-4229-9981-ed110b1dd0f6,True,2026-06-30 00:00:00
6d935843-edd7-4223-ae61-fae5de7268e7,d5358dba-3c3c-4688-a378-f6af6c24fd1d,117a68bd-c456-4875-b908-f34003d629ed,8ae2c2b2-6821-4bb7-8065-794a9d849427,True,2026-06-30 00:00:00
045c758e-0b43-4af8-9b8f-79f4bca89d7c,aee63107-b16e-4d8f-afdf-919dc10c301c,7b9de164-d073-4192-8dc2-8d03c6d417d9,70541149-eb4a-479d-a4ee-28c558a3728c,True,2026-06-30 00:00:00
edc5fdbb-a907-43d9-b5e0-43cc330dd285,9b461d50-3251-47b3-b5dc-d702a67d84ae,d4e682a2-6c11-4d56-9671-19e9ceca8eaf,5fc7d47f-c343-4952-a62e-3d06e1c437da,True,2026-06-30 00:00:00
8854261d-7570-47fa-859b-43e48e9e67d4,a09e1bdc-5987-4a05-a8b5-9db24b512f79,0b79e959-23ea-4ea8-9f43-07316e9636bc,c32638b6-f79e-4a50-8609-a32d46a04ee5,True,2026-06-30 00:00:00
b2ad7bbe-1c2c-49ac-a684-bed8930cdcf0,41bf32fb-aa8e-495a-8023-7af2fbb5c2b1,d4e682a2-6c11-4d56-9671-19e9ceca8eaf,48808840-c428-4ff6-a656-a0a49766a74c,True,2026-06-30 00:00:00
5ea96572-2681-4798-a85e-e62e22858955,572a4103-8ef6-410b-bb6b-4f96a9ca75c3,166db338-a8c7-40d4-a1f1-205f38ecbfe4,5daaef11-b359-42ae-a481-9008f442a75c,True,2026-06-30 00:00:00
2d0cd9ab-16fa-4930-8a97-a66c1a6fdf59,c0ac0337-600b-4eac-b170-5b606faa4aad,0b79e959-23ea-4ea8-9f43-07316e9636bc,a824340d-d09e-4329-b740-52f9cf173692,True,2026-06-30 00:00:00
b35e3d0f-2862-4a49-8b87-06dfb50c4628,b8b6a8b9-6805-453f-bfdb-e0e506627fc0,d4e682a2-6c11-4d56-9671-19e9ceca8eaf,18020ff2-0b1e-4e68-a955-ee7134a17249,True,2026-06-30 00:00:00
afe837f4-efa0-471f-a2a3-e6bf590c3c58,261531c8-7e50-44aa-810b-733ea0fa40f3,166db338-a8c7-40d4-a1f1-205f38ecbfe4,bf8c7a6f-bdea-4570-b0ae-3dd2deaaf5af,True,2026-06-30 00:00:00
110c4f28-af04-47cc-815d-d4bb76a6348e,a5eac8d3-c2bc-4c8c-8963-becd3e4f9ccd,7b9de164-d073-4192-8dc2-8d03c6d417d9,70541149-eb4a-479d-a4ee-28c558a3728c,True,2026-06-30 00:00:00
d4439ed5-a49c-479f-981c-e17986da1446,d1076dad-9816-4e7f-9d82-d199af2fa247,7f11b10a-9459-4407-8152-4a141cf31cf0,b60daa23-b27a-4acc-90a1-a198f3a530d8,True,2026-06-30 00:00:00
963ca50d-7e2a-4008-8cfe-f04b029da5b4,e561e140-4a8c-4187-835b-ce7755ed6431,0b79e959-23ea-4ea8-9f43-07316e9636bc,86d7ad36-c294-455c-a8be-299c23602770,True,2026-06-30 00:00:00
8d45ccd6-dd8c-4838-9871-11e9cd0215e8,e3f57f88-5b5c-48c5-af95-5989983d6060,7b9de164-d073-4192-8dc2-8d03c6d417d9,27cff992-afa5-4170-a6b5-f63ef03241c1,True,2026-06-30 00:00:00
727b971e-9c2c-4aed-8953-f669b6d8a71a,304ee1d5-8ccd-4d51-8b7d-4731887f8eef,7b9de164-d073-4192-8dc2-8d03c6d417d9,27cff992-afa5-4170-a6b5-f63ef03241c1,True,2026-06-30 00:00:00
c0243a13-08e1-4943-8b58-f75ecb8064d4,039cf184-6bc1-4abe-aaef-29d05586d920,92b87e88-3338-4388-8464-6adcb7ba5312,4ef1bb03-b87f-4b72-8c7a-552a85b2a644,True,2026-06-30 00:00:00
8115b369-30a4-4504-8b80-4a3ccd992aed,b8979dff-daa1-4142-9760-c5f33fbabd00,b74771d1-525f-4e76-84f1-0cdb1a0f499a,2f523105-8d2f-4108-a20b-5a14db5c5745,True,2026-06-30 00:00:00
23d16aa4-75b2-4de3-8f8c-3ad95182cd15,e444e523-2075-4635-afbb-4d824aa551e0,b74771d1-525f-4e76-84f1-0cdb1a0f499a,2f523105-8d2f-4108-a20b-5a14db5c5745,True,2026-06-30 00:00:00
f79b2f51-4a60-4072-ac16-8586930207f9,629d33b7-e347-482a-90db-6ea48aa15616,98f8b10b-7937-4f1c-8e02-d7ab4cb6b3df,c5196174-8c72-49be-8167-6c98f4428a75,True,2026-06-30 00:00:00
0d8d2f3b-0edb-436b-8a1f-1fac6677b36f,5e0c5535-1e38-4946-bec6-2e98efe6827a,117a68bd-c456-4875-b908-f34003d629ed,5ea1cabd-bbc7-4c89-8bf2-77ce30f5e0e2,True,2026-06-30 00:00:00
4f7c1341-a90b-47a6-9f79-57b7c6fb61f6,ba4338c9-c766-4890-a34e-d21e26e0cc4d,6ecdb171-89ed-4af6-b3ec-ebbf8503f2e9,2688d7e7-25c7-4016-baf0-3b8c73e4bb40,True,2026-06-30 00:00:00
d4819447-e21a-4395-8cc5-0a6a5892ed5f,2ac909c6-bb36-4426-bd03-bccecf1f8176,166db338-a8c7-40d4-a1f1-205f38ecbfe4,5daaef11-b359-42ae-a481-9008f442a75c,True,2026-06-30 00:00:00
e5ec9069-0639-4328-83f1-429431a6bf21,46550b49-603d-4842-ac65-a2b744ab48a2,38f71315-0ed3-4baf-84ca-abd4cb4c24d2,eb65f2a7-7227-41b2-bc76-170b3ffd03a9,True,2026-06-30 00:00:00
94cd7387-3f85-417c-af51-6594c8c14596,ac880074-4c0c-42aa-9b3a-2b9caac94bf2,7b9de164-d073-4192-8dc2-8d03c6d417d9,35b9b0c6-593d-43ac-8308-73b198a6d2e8,True,2026-06-30 00:00:00
6cdde19d-95fb-4656-8059-8d2ed8496389,2eac0371-11da-4fb6-867e-076366245b69,0b79e959-23ea-4ea8-9f43-07316e9636bc,2d41629e-9521-460b-b8ef-471079d6ca1a,True,2026-06-30 00:00:00
1096baf0-991c-4bf3-b854-2d620fac58a5,6365d226-7150-45a3-a646-948908176317,166db338-a8c7-40d4-a1f1-205f38ecbfe4,5daaef11-b359-42ae-a481-9008f442a75c,True,2026-06-30 00:00:00
fc000000-0000-0000-0000-000000001494,d49f705c-df87-4852-80b3-e78e1b1d2e01,a1111111-1111-4111-8111-111111111111,a2222222-2222-4222-8222-222222222222,True,2026-04-08 19:12:39
,b587fa3a-dec3-48ef-99d4-ec0206ca50a0,2a186b71-b6dd-44ce-affb-88b8d16eb578,,,
,14ed9511-0931-46af-aa6d-040ba9a9a945,2032ce41-47d8-4fdd-91e0-981b8b21c9d0,,,
,80c425d2-89cc-4359-9db8-ab86a886ff40,2032ce41-47d8-4fdd-91e0-981b8b21c9d0,,,
,3edd1f14-3048-4756-b9c5-88edeea89356,2032ce41-47d8-4fdd-91e0-981b8b21c9d0,,,
,4fc7d1ed-e43d-4f91-8ac9-2d432f428308,2032ce41-47d8-4fdd-91e0-981b8b21c9d0,,,
,ee2d1cec-9f24-4705-82f1-3484f5458739,2032ce41-47d8-4fdd-91e0-981b8b21c9d0,,,
,10d50b0c-637a-4979-bece-8b41ccd956f6,2032ce41-47d8-4fdd-91e0-981b8b21c9d0,,,
,75376941-074b-4773-9d23-65dfda4e8528,2032ce41-47d8-4fdd-91e0-981b8b21c9d0,,,
,f228839b-4e65-4793-a649-698a3e073e58,2032ce41-47d8-4fdd-91e0-981b8b21c9d0,,,
,a63548d1-7c29-44fb-971b-11d5fd68db4e,2032ce41-47d8-4fdd-91e0-981b8b21c9d0,,,
,744e8816-fc3b-495a-9906-8a486156895c,2032ce41-47d8-4fdd-91e0-981b8b21c9d0,,,
,86d4aea9-b163-4b80-9135-6f1097fec11c,2032ce41-47d8-4fdd-91e0-981b8b21c9d0,,,
,bb993769-6b94-40af-a0a6-6f8ea7a27ccc,2032ce41-47d8-4fdd-91e0-981b8b21c9d0,,,
,1ca06cf0-4bfc-4e5f-987d-ce1b981321c1,2032ce41-47d8-4fdd-91e0-981b8b21c9d0,,,
,6eb0a9e4-9a00-4b13-9dd3-0b1f13b17772,d3eb7bae-2fff-4325-b5fc-0d1ef63ce523,,,
,24423558-77a8-4fba-b900-9830afb93345,d3eb7bae-2fff-4325-b5fc-0d1ef63ce523,,,
,a8c3206e-ed01-4302-99ea-3a3aac724050,d3eb7bae-2fff-4325-b5fc-0d1ef63ce523,,,
,1d780b99-6b5a-44d7-98b4-c48e512615f7,d3eb7bae-2fff-4325-b5fc-0d1ef63ce523,,,
,215b7d94-7c1c-41bd-8601-003d4f56cc6c,d3eb7bae-2fff-4325-b5fc-0d1ef63ce523,,,
,696c73ff-8baa-4381-9aee-297426e6fd20,d3eb7bae-2fff-4325-b5fc-0d1ef63ce523,,,
,cd1841e8-ee40-462a-b49e-6ffd52a74fff,d3eb7bae-2fff-4325-b5fc-0d1ef63ce523,,,
,a09fe72f-ff29-4ce6-8034-3613edbc3a79,d3eb7bae-2fff-4325-b5fc-0d1ef63ce523,,,
,ce5c5580-ed68-490c-901e-dc8711e601e1,d3eb7bae-2fff-4325-b5fc-0d1ef63ce523,,,
,c21caca2-8e1c-42a1-8782-388acdc67f64,d3eb7bae-2fff-4325-b5fc-0d1ef63ce523,,,
,9bd71140-6426-4064-a92f-4a14a779a010,d3eb7bae-2fff-4325-b5fc-0d1ef63ce523,,,
,7b2ea4b1-9cd9-42b9-8bae-6d9545c5a8bd,ecb74426-adfd-416f-90ce-ac1136940e59,,,
,3dd27d5b-734d-45d7-8d4d-70bf3aa7d1de,ecb74426-adfd-416f-90ce-ac1136940e59,,,
,0df5910d-5c54-4daa-8cf0-00c47d84c291,ecb74426-adfd-416f-90ce-ac1136940e59,,,
,fc486a11-ff07-4f11-9b2b-0bfce18e36c8,ecb74426-adfd-416f-90ce-ac1136940e59,,,
,639f177d-46cf-4452-aef9-d2eddcaa4058,ecb74426-adfd-416f-90ce-ac1136940e59,,,
,e8c969a3-2ca8-44f4-826b-25ea6c0d5dc3,ecb74426-adfd-416f-90ce-ac1136940e59,,,
,3328df78-b880-4b67-897e-301db69cfd5b,ecb74426-adfd-416f-90ce-ac1136940e59,,,
,ae9d5011-e6bc-44a7-8e99-b737d94ba6a2,ecb74426-adfd-416f-90ce-ac1136940e59,,,
,492d54f4-03b9-4280-86e4-18228e5fb910,ecb74426-adfd-416f-90ce-ac1136940e59,,,
,e4ff5586-365b-4804-aa83-433ae04eac38,ecb74426-adfd-416f-90ce-ac1136940e59,,,
,badf311d-0150-41d3-8357-ca236b6cc693,ecb74426-adfd-416f-90ce-ac1136940e59,,,
,98d867d6-cb43-4588-92e8-88105714826b,ecb74426-adfd-416f-90ce-ac1136940e59,,,
,7c80b782-8c2d-4c68-8c6c-9bd3aab51c8f,ecb74426-adfd-416f-90ce-ac1136940e59,,,
,91bcbdb5-f4a6-4cd8-853e-dfc273329af3,ecb74426-adfd-416f-90ce-ac1136940e59,,,
,73a0ddb0-a6bc-4358-94d7-f9b32b1adfdc,3935744f-77f8-479b-b88f-39999b92ed11,,,
,940b9b84-1948-4c36-bfaf-0e27a0a98c5c,2a186b71-b6dd-44ce-affb-88b8d16eb578,,,
,b31ec6d2-86b9-4f65-be63-79b02fb3d1e2,2a186b71-b6dd-44ce-affb-88b8d16eb578,,,
,e50dac1b-d9eb-4314-b8fd-eaf3c11b6331,2a186b71-b6dd-44ce-affb-88b8d16eb578,,,
,27be0520-0706-45f6-a04c-3c0e83c8ba3c,2a186b71-b6dd-44ce-affb-88b8d16eb578,,,
,a36445f5-8d38-4f72-9942-cd0b652a555d,2a186b71-b6dd-44ce-affb-88b8d16eb578,,,
,7ab51d27-5074-4914-9794-624497dd077b,2a186b71-b6dd-44ce-affb-88b8d16eb578,,,
,245b5b0e-3e17-4299-b2a3-139fd3bb4730,77f6700e-88b8-40d8-9b61-ffefe536a5a2,,,
,d99b3c4d-0be7-4172-af7c-f483e22404a6,77f6700e-88b8-40d8-9b61-ffefe536a5a2,,,
,8c8c28c3-fc99-492f-ad4d-fd421ac872ad,77f6700e-88b8-40d8-9b61-ffefe536a5a2,,,
,42c9e2dc-b7c7-4b3c-bdc4-7a00d803aa46,9a6acaba-6896-4d0f-b27a-d71a8be4e523,,,
,f1637349-025a-48ce-878e-2f81a7abc622,9a6acaba-6896-4d0f-b27a-d71a8be4e523,,,
,9b06e4d4-8ad0-41bd-938b-169dc174fc06,9a6acaba-6896-4d0f-b27a-d71a8be4e523,,,
,baa02532-59c1-44c6-8cac-7c46bbfdb616,9a6acaba-6896-4d0f-b27a-d71a8be4e523,,,
,a9218012-dab5-4288-b89e-4c5445cf82a5,9a6acaba-6896-4d0f-b27a-d71a8be4e523,,,
,f5d59204-f4f0-48a1-a460-a6546e4bf94c,10bbf5a6-0d2a-4f76-9579-c153cfc4542f,,,
,17231beb-1341-400e-989a-006c06a54fa9,9a6acaba-6896-4d0f-b27a-d71a8be4e523,,,
,ac4a6cd6-38f9-4da3-ab2f-1a3ad21df78c,9a6acaba-6896-4d0f-b27a-d71a8be4e523,,,
,add5a50b-6085-4479-8d21-2179dc19f13a,9a6acaba-6896-4d0f-b27a-d71a8be4e523,,,
,d1776676-6f69-4532-b6a5-d13c6ccf81eb,2a186b71-b6dd-44ce-affb-88b8d16eb578,,,
,f368917e-0fa0-4d74-a539-010c2c2d24f1,9a6acaba-6896-4d0f-b27a-d71a8be4e523,,,
,c6a54836-064b-4e01-adfe-dd04b9155a61,54babe4f-96f7-4e64-a219-73d52337d179,,,
,c28153ba-6a05-45da-866b-7e23e55316e0,54babe4f-96f7-4e64-a219-73d52337d179,,,
,313c89d1-b730-4f23-92de-83898f1d643a,54babe4f-96f7-4e64-a219-73d52337d179,,,
,0ff48cfc-10f6-4f0d-855d-e1dab91ad4dd,54babe4f-96f7-4e64-a219-73d52337d179,,,
,6354012b-2f32-48cc-a6be-f7244e9d1e4e,54babe4f-96f7-4e64-a219-73d52337d179,,,
,73640488-f72d-43f8-9047-d7cb9d552a48,54babe4f-96f7-4e64-a219-73d52337d179,,,
,85ffbfbc-4684-48d3-9b65-38480b044f30,54babe4f-96f7-4e64-a219-73d52337d179,,,
,381c610a-8691-40e7-8d67-7f118a208946,54babe4f-96f7-4e64-a219-73d52337d179,,,
,ba172850-29c4-4948-92af-05e0d6f93383,54babe4f-96f7-4e64-a219-73d52337d179,,,
,3773a581-60d1-462f-a30b-bcf76e6156ff,54babe4f-96f7-4e64-a219-73d52337d179,,,
,b6d661d5-59a6-4f6b-83e4-36ed6f10b725,54babe4f-96f7-4e64-a219-73d52337d179,,,
,2cdb3912-86d0-47e1-8902-01f66e1bcc84,54babe4f-96f7-4e64-a219-73d52337d179,,,
,77d4f8b1-008f-4a04-8e95-448eb41bc999,54babe4f-96f7-4e64-a219-73d52337d179,,,
,78d9698a-940e-47ea-837f-72b178a2e14c,54babe4f-96f7-4e64-a219-73d52337d179,,,
,0516d517-437d-4aed-ba1c-1c174574695c,54babe4f-96f7-4e64-a219-73d52337d179,,,
,c5e865ef-6376-4bed-9e8d-2a2b25713971,54babe4f-96f7-4e64-a219-73d52337d179,,,
,65f0a958-271d-49b4-87f3-dd1d97a6c9f4,54babe4f-96f7-4e64-a219-73d52337d179,,,
,b0c0b47f-f7ec-4e00-bab3-485dcb975f3c,54babe4f-96f7-4e64-a219-73d52337d179,,,
,ad9ac85b-38db-418c-8500-2021858f7dfc,54babe4f-96f7-4e64-a219-73d52337d179,,,
,be122b40-268e-4cd6-b99d-b0a09480c909,54babe4f-96f7-4e64-a219-73d52337d179,,,
,04252ec0-279b-4b9a-94a7-ca7dd8624f7c,54babe4f-96f7-4e64-a219-73d52337d179,,,
,db0e8083-c57e-46b2-b1c8-17ea8c3f43bb,54babe4f-96f7-4e64-a219-73d52337d179,,,
,1c06a9c5-a40a-4b38-aa10-77f086a614f7,54babe4f-96f7-4e64-a219-73d52337d179,,,
,abd93d63-7555-41b4-8e8a-e75d156f0d12,54babe4f-96f7-4e64-a219-73d52337d179,,,
,adf43721-11ae-422a-a425-437c666f806f,54babe4f-96f7-4e64-a219-73d52337d179,,,
,26c71ea0-f964-4793-8db8-792d4dac7b36,54babe4f-96f7-4e64-a219-73d52337d179,,,
,2ce4bfac-3490-4e57-bd9c-1648b831b316,54babe4f-96f7-4e64-a219-73d52337d179,,,
,19f28e4d-220b-4dbf-8262-ee80cb45b396,54babe4f-96f7-4e64-a219-73d52337d179,,,
,f1167764-8493-472b-896e-ab12075c2bfa,54babe4f-96f7-4e64-a219-73d52337d179,,,
,1f3d1fb0-707b-4821-9168-0694535f953d,8dcc57a0-79ac-45dd-9db0-efb3d1fd5299,,,
,3484e666-e5e1-45fa-b9c8-928b1897293e,8dcc57a0-79ac-45dd-9db0-efb3d1fd5299,,,
,a4fb0d18-58a6-4e97-81b6-025e58665d28,8dcc57a0-79ac-45dd-9db0-efb3d1fd5299,,,
,fc0af61f-9ea7-49ba-abf7-6c4cb0de6fc6,8dcc57a0-79ac-45dd-9db0-efb3d1fd5299,,,
,8d4ecb56-d619-4140-b73b-d111342221ef,8dcc57a0-79ac-45dd-9db0-efb3d1fd5299,,,
,e555a368-d2fc-4f9a-b7f0-22a619777734,8dcc57a0-79ac-45dd-9db0-efb3d1fd5299,,,
,d7b12b75-d343-40e3-bf0d-c8a42a4e6d66,8dcc57a0-79ac-45dd-9db0-efb3d1fd5299,,,
,272a92d8-9343-4e94-b8c4-cb66011afbea,8dcc57a0-79ac-45dd-9db0-efb3d1fd5299,,,
,a8dea101-5d33-4497-a716-f4801477e17b,8dcc57a0-79ac-45dd-9db0-efb3d1fd5299,,,
,aa17b37b-789a-4670-9788-f701e03ea48c,8dcc57a0-79ac-45dd-9db0-efb3d1fd5299,,,
,39dda95e-7e1f-47d1-b745-a0d4fab58e73,8dcc57a0-79ac-45dd-9db0-efb3d1fd5299,,,
,6379350f-74aa-4228-8993-bfd9d2ce0b0d,8dcc57a0-79ac-45dd-9db0-efb3d1fd5299,,,
,a34d20e9-c3f0-4938-afdb-eee702cf7fbd,8dcc57a0-79ac-45dd-9db0-efb3d1fd5299,,,
,b7d8bd5a-4e3f-40e6-b5de-f2c57ed8ca7b,8dcc57a0-79ac-45dd-9db0-efb3d1fd5299,,,
,93934cbc-18b4-43a9-a180-6c8c7ae5c580,8dcc57a0-79ac-45dd-9db0-efb3d1fd5299,,,
,693f32f7-48ff-4587-8178-33c0617f9c74,8dcc57a0-79ac-45dd-9db0-efb3d1fd5299,,,
,9208dc1f-f08f-4fdb-8179-b5aa02d16028,8dcc57a0-79ac-45dd-9db0-efb3d1fd5299,,,
,2d67e6ef-0a54-4ac9-80e4-f95ca4393037,8dcc57a0-79ac-45dd-9db0-efb3d1fd5299,,,
,5dd2f7ee-4075-4652-9e89-5a0bac122976,8dcc57a0-79ac-45dd-9db0-efb3d1fd5299,,,
,1c249658-d0aa-48cf-b543-3d5dc58f104c,8dcc57a0-79ac-45dd-9db0-efb3d1fd5299,,,
,15498f40-f492-465a-9f9d-cd9a6297eb76,8dcc57a0-79ac-45dd-9db0-efb3d1fd5299,,,
,16b9e663-73e7-475b-bf03-6c9426419eaa,8dcc57a0-79ac-45dd-9db0-efb3d1fd5299,,,
,a5bde19d-dff6-46a8-ba6e-ebd6bc7262a8,8dcc57a0-79ac-45dd-9db0-efb3d1fd5299,,,
,25ddb0e7-a543-448f-9efa-72c88c23898d,8dcc57a0-79ac-45dd-9db0-efb3d1fd5299,,,
,c61d910e-8e16-4417-842f-fc34779ba02e,8dcc57a0-79ac-45dd-9db0-efb3d1fd5299,,,
,257d92d2-79a8-4e72-a6b3-176bbacdec5b,8dcc57a0-79ac-45dd-9db0-efb3d1fd5299,,,
,8418f02a-7847-4743-90d9-a9cf62fd75c3,8dcc57a0-79ac-45dd-9db0-efb3d1fd5299,,,
,49bc81f6-87f7-4dc4-8178-7a984e2be164,8dcc57a0-79ac-45dd-9db0-efb3d1fd5299,,,
,e36ec007-dfc3-47b7-b626-12c9d1c3ae50,5dbe61d1-daa6-4f30-acba-d9094a3f9de3,,,
,1201a0db-6ed0-4aaa-9fb9-f20187c6bc36,5dbe61d1-daa6-4f30-acba-d9094a3f9de3,,,
,ad654d09-8c18-48cc-9f66-035aaf2bcb32,5dbe61d1-daa6-4f30-acba-d9094a3f9de3,,,
,1ada143a-327a-469f-9054-26429ab4add8,5dbe61d1-daa6-4f30-acba-d9094a3f9de3,,,
,467f7f94-2439-4cec-bd9a-ea14968cfbc6,5dbe61d1-daa6-4f30-acba-d9094a3f9de3,,,
,8dcfaee2-cad9-4afa-a49a-cf8d38f59811,5dbe61d1-daa6-4f30-acba-d9094a3f9de3,,,
,77ce755c-8af6-4125-90e1-687f440680d7,5dbe61d1-daa6-4f30-acba-d9094a3f9de3,,,
,b23481a2-05fd-4954-8585-c1a6b0b1bb75,5dbe61d1-daa6-4f30-acba-d9094a3f9de3,,,
,5042fc65-1c66-40e5-94c4-c69da77c8644,5dbe61d1-daa6-4f30-acba-d9094a3f9de3,,,
,96faca07-0df9-4c33-a5fb-c68d717c527e,5dbe61d1-daa6-4f30-acba-d9094a3f9de3,,,
,ea939c69-a636-4f6c-88fd-19e9136408c2,5dbe61d1-daa6-4f30-acba-d9094a3f9de3,,,
,b33293d6-b6c6-4f8e-abf3-7624acfb5087,5dbe61d1-daa6-4f30-acba-d9094a3f9de3,,,
,8628e071-60bb-4853-b85e-4094af6abf46,5dbe61d1-daa6-4f30-acba-d9094a3f9de3,,,
,dddbb889-faca-4d10-8882-e2bb47edae01,5dbe61d1-daa6-4f30-acba-d9094a3f9de3,,,
,48a27e7b-16aa-45d3-b626-6437bc892ba2,5dbe61d1-daa6-4f30-acba-d9094a3f9de3,,,
,d18fe732-ac62-4a9c-af2d-ee3d6cb413a0,5dbe61d1-daa6-4f30-acba-d9094a3f9de3,,,
,b3f279d1-7e89-48b3-a8ae-f7e685c2a171,5dbe61d1-daa6-4f30-acba-d9094a3f9de3,,,
,b0158725-5435-4afe-963f-cd92d69fc9c3,5dbe61d1-daa6-4f30-acba-d9094a3f9de3,,,
,75486209-da4b-43bd-895d-291c327bf740,5dbe61d1-daa6-4f30-acba-d9094a3f9de3,,,
,9c09bbaa-bbd0-470e-8022-43fdad516ae5,5dbe61d1-daa6-4f30-acba-d9094a3f9de3,,,
,ee21bed6-4750-4c04-b8c0-62abfcde5eeb,5dbe61d1-daa6-4f30-acba-d9094a3f9de3,,,
,e3b74c35-3997-42b4-8c33-63c7078353af,5dbe61d1-daa6-4f30-acba-d9094a3f9de3,,,
,ec789915-36d5-4baf-b1e8-e93b52f37855,5dbe61d1-daa6-4f30-acba-d9094a3f9de3,,,
,cae66006-c4a4-4088-8b89-f43076255bb5,5dbe61d1-daa6-4f30-acba-d9094a3f9de3,,,
,518f7a59-0519-49c9-84c8-d70fe06db164,5dbe61d1-daa6-4f30-acba-d9094a3f9de3,,,
,32f54a75-7dff-4b12-9f7a-0131003bcc30,5dbe61d1-daa6-4f30-acba-d9094a3f9de3,,,
,e46e21b6-23f7-4074-90e8-e3c1da46142c,2a186b71-b6dd-44ce-affb-88b8d16eb578,,,
,77f29d1a-ed55-4db9-a148-b97213d89875,2a186b71-b6dd-44ce-affb-88b8d16eb578,,,
,2a914cab-5388-49e2-81a2-fe596a0fdfcd,2a186b71-b6dd-44ce-affb-88b8d16eb578,,,
,057e6348-0568-4add-ac70-985c2c197663,2a186b71-b6dd-44ce-affb-88b8d16eb578,,,
,e794c694-0d52-444a-a40a-3fffb9dd4925,2a186b71-b6dd-44ce-affb-88b8d16eb578,,,
,12a72893-0918-46f4-b0d4-61dc07aa706b,2a186b71-b6dd-44ce-affb-88b8d16eb578,,,
,e486f2f1-35ed-4013-8500-367eba93eb3c,2a186b71-b6dd-44ce-affb-88b8d16eb578,,,
,bde25d02-bf8d-4a20-8d43-777498e9e02f,2a186b71-b6dd-44ce-affb-88b8d16eb578,,,
,fbfe1a56-0bb2-4528-982a-1794aa34e103,2a186b71-b6dd-44ce-affb-88b8d16eb578,,,
,1fbb86d4-5b6f-4a44-a874-951fd69fdb5f,2a186b71-b6dd-44ce-affb-88b8d16eb578,,,
,a4b44991-b1a3-43d1-b8ca-8210b3a54a0e,2a186b71-b6dd-44ce-affb-88b8d16eb578,,,
,ba8cad09-e46a-4a1f-a1f6-0186dc6dd838,2a186b71-b6dd-44ce-affb-88b8d16eb578,,,
,a97e7ac0-d9fd-482a-a917-a32f4167f769,2a186b71-b6dd-44ce-affb-88b8d16eb578,,,
,14054952-fcfe-4d40-9f5c-9fe31d9e2bc9,2a186b71-b6dd-44ce-affb-88b8d16eb578,,,
,c1d85745-dd52-4a17-bb23-2724ccec566d,2a186b71-b6dd-44ce-affb-88b8d16eb578,,,
,3816f795-a753-4bed-bbd8-e176f13102ea,2a186b71-b6dd-44ce-affb-88b8d16eb578,,,
,b1eddb4a-71ac-4bc0-8bad-2ff320b16d8b,2a186b71-b6dd-44ce-affb-88b8d16eb578,,,
,515b60bf-6ff2-48b1-9e39-95c4454734ac,2a186b71-b6dd-44ce-affb-88b8d16eb578,,,
,6ec0b4bc-e924-485f-8a90-aaf01c1bf12f,2a186b71-b6dd-44ce-affb-88b8d16eb578,,,
,88438cbe-1467-4d67-85bf-0de93044a5f3,2a186b71-b6dd-44ce-affb-88b8d16eb578,,,
,5934f84e-cc45-4910-b493-d927e85e9ca0,2a186b71-b6dd-44ce-affb-88b8d16eb578,,,
,f9913d16-2751-4ac4-a2e7-59a4be80ec38,2a186b71-b6dd-44ce-affb-88b8d16eb578,,,
,f050cef3-4b0d-4a8f-b93c-7439173a2fed,2a186b71-b6dd-44ce-affb-88b8d16eb578,,,
,28dda238-8fb7-48f7-88e8-7edebb34354e,2a186b71-b6dd-44ce-affb-88b8d16eb578,,,
,e5005f87-eddb-4320-91cf-515853afe885,2a186b71-b6dd-44ce-affb-88b8d16eb578,,,
,fc009a4a-5a5d-40ad-997d-6ff95efff5ab,2a186b71-b6dd-44ce-affb-88b8d16eb578,,,
,a7059bcb-9de3-4250-bc8a-bb5b122368d0,2a186b71-b6dd-44ce-affb-88b8d16eb578,,,
,e0264c54-fb9a-4c67-b432-01603486f1d2,2a186b71-b6dd-44ce-affb-88b8d16eb578,,,
,198b4424-01ed-483a-b851-98d1fd2dd438,2a186b71-b6dd-44ce-affb-88b8d16eb578,,,
,31719fe5-1e07-4666-b368-9a5990053eb4,2a186b71-b6dd-44ce-affb-88b8d16eb578,,,
,a6db274b-d8f9-4e74-acfb-f58701418df3,2a186b71-b6dd-44ce-affb-88b8d16eb578,,,
,80cd091c-2d3b-4e32-b92b-a4b65b2520af,2a186b71-b6dd-44ce-affb-88b8d16eb578,,,
,b2aad800-d536-4390-874d-e7f7dcb5d6bc,2a186b71-b6dd-44ce-affb-88b8d16eb578,,,
,249b6e31-a9fd-401f-a96c-ad54eaf1820c,2a186b71-b6dd-44ce-affb-88b8d16eb578,,,
,f390db63-26cd-473d-b10b-c620711e60ac,2a186b71-b6dd-44ce-affb-88b8d16eb578,,,
,db47ef05-8afb-49ca-b510-0542c5bb1d5f,2a186b71-b6dd-44ce-affb-88b8d16eb578,,,
,338d85d7-a79b-4bc7-a96a-9de442bb5a1c,2a186b71-b6dd-44ce-affb-88b8d16eb578,,,
,a1611b66-d088-4bf3-ac8b-3d9a559df25c,2a186b71-b6dd-44ce-affb-88b8d16eb578,,,
,648d2f6c-57e0-4dd2-b6f7-9d3e143f6ac3,2a186b71-b6dd-44ce-affb-88b8d16eb578,,,
,5dedbca6-7d66-4a85-9ac3-6e4333884583,2a186b71-b6dd-44ce-affb-88b8d16eb578,,,
,18816950-6283-45f8-9b56-541272c33911,2a186b71-b6dd-44ce-affb-88b8d16eb578,,,
,ffa6e329-403f-418b-be9f-7f6fec7d6062,ca02fc79-4b0f-46d9-a2ae-ba767deaa976,,,
,49b31cb9-8187-47d7-a821-8149b7a8d745,ca02fc79-4b0f-46d9-a2ae-ba767deaa976,,,
,4114edf3-b28c-4a84-85d1-85d7465227d5,ca02fc79-4b0f-46d9-a2ae-ba767deaa976,,,
,62b195c5-3abe-4c22-b961-2153d9f4e98d,ca02fc79-4b0f-46d9-a2ae-ba767deaa976,,,
,6b3f808b-bb31-4da2-b037-9c2a74dbf3be,ca02fc79-4b0f-46d9-a2ae-ba767deaa976,,,
,9e8cb06c-2ece-423d-b488-031fad7b9271,ca02fc79-4b0f-46d9-a2ae-ba767deaa976,,,
,eea393bb-33c1-43b4-a50f-f8fefa033215,ca02fc79-4b0f-46d9-a2ae-ba767deaa976,,,
,f4adf609-df5f-4411-a039-b84ae00f7d11,ca02fc79-4b0f-46d9-a2ae-ba767deaa976,,,
,fd511a6b-00cd-4e33-90e9-720e600a92ab,ca02fc79-4b0f-46d9-a2ae-ba767deaa976,,,
,bf3fc15b-ec83-4e82-bc4f-1bfafbe1960e,ca02fc79-4b0f-46d9-a2ae-ba767deaa976,,,
,cc3593a2-3d42-439b-b4f8-cb8f2b92a1f9,ca02fc79-4b0f-46d9-a2ae-ba767deaa976,,,
,0c02a597-a381-4e6f-b605-4f44e1f18ea5,ca02fc79-4b0f-46d9-a2ae-ba767deaa976,,,
,5c2d7646-0294-4ec0-9bce-2c6a262a4a35,ca02fc79-4b0f-46d9-a2ae-ba767deaa976,,,
,1ca6205f-fc5c-46c0-92e3-1b7e91488db5,ca02fc79-4b0f-46d9-a2ae-ba767deaa976,,,
,05dfb552-0c3e-4ad4-9281-bef29a2a5a01,ca02fc79-4b0f-46d9-a2ae-ba767deaa976,,,
,ab00ac9a-280a-4cc4-9064-a1692d6c7c27,ca02fc79-4b0f-46d9-a2ae-ba767deaa976,,,
,6646da6a-2d8f-4f1e-a010-e46819322622,ca02fc79-4b0f-46d9-a2ae-ba767deaa976,,,
,7d2084f9-b14d-45c4-82dd-32666c75ee5a,ca02fc79-4b0f-46d9-a2ae-ba767deaa976,,,
,f92a3479-3120-4de3-82fd-0af122270f5f,ca02fc79-4b0f-46d9-a2ae-ba767deaa976,,,
,5ea16238-0364-4adf-b79b-34e6d952bd41,ca02fc79-4b0f-46d9-a2ae-ba767deaa976,,,
,69f6f935-cb2a-4fe7-8a61-9d617840d725,ca02fc79-4b0f-46d9-a2ae-ba767deaa976,,,
,481b9a71-f1e2-4ebe-aead-274357004566,ca02fc79-4b0f-46d9-a2ae-ba767deaa976,,,
,94190976-41d0-49bb-a0f6-0e3394742fbd,ca02fc79-4b0f-46d9-a2ae-ba767deaa976,,,
,38016888-6793-4034-b0c2-c208a834a74b,ca02fc79-4b0f-46d9-a2ae-ba767deaa976,,,
,a5c5855d-4c7f-4ce2-b258-4db4c552a94c,ca02fc79-4b0f-46d9-a2ae-ba767deaa976,,,
,de0deaa4-cc68-4feb-ab6d-941783bcc40f,ca02fc79-4b0f-46d9-a2ae-ba767deaa976,,,
,f3460392-be22-4514-8565-852bf1e6cc8f,ca02fc79-4b0f-46d9-a2ae-ba767deaa976,,,
,88b8560e-2a1f-4868-9b43-c7e809f5c2e8,ca02fc79-4b0f-46d9-a2ae-ba767deaa976,,,
,e3b871c4-cff2-457c-aa8c-131458571ba2,ca02fc79-4b0f-46d9-a2ae-ba767deaa976,,,
,ba3e5a3b-c364-484a-845f-5ee1889d6bd2,ca02fc79-4b0f-46d9-a2ae-ba767deaa976,,,
,36a09aec-36d7-490c-a175-b4f23f9b3cec,ca02fc79-4b0f-46d9-a2ae-ba767deaa976,,,
,fce4c117-caed-4ef1-a877-5707e747924d,ca02fc79-4b0f-46d9-a2ae-ba767deaa976,,,
,8a615eb8-35ad-42a6-8651-0e292d39ea6c,ca02fc79-4b0f-46d9-a2ae-ba767deaa976,,,
,297e98d5-a34b-4923-a695-f070123f0b02,ca02fc79-4b0f-46d9-a2ae-ba767deaa976,,,
,515d08a9-7913-48c9-bd44-386e1be8f2df,ca02fc79-4b0f-46d9-a2ae-ba767deaa976,,,
,ba0024f1-be1e-4e86-aee0-030ffce1bb28,ca02fc79-4b0f-46d9-a2ae-ba767deaa976,,,
,17081e43-6d1e-476c-b495-99448b8603b1,ca02fc79-4b0f-46d9-a2ae-ba767deaa976,,,
,81c2301d-3875-4e01-a290-24f3d13ef3aa,ca02fc79-4b0f-46d9-a2ae-ba767deaa976,,,
,7dadd703-8353-4fdb-a7cb-aafb27199ab3,ca02fc79-4b0f-46d9-a2ae-ba767deaa976,,,
,f01ea0c2-2c44-4b51-a57b-288b1258ac61,ca02fc79-4b0f-46d9-a2ae-ba767deaa976,,,
,0b92ce42-5116-4a66-82a6-de4496d25b5d,ca02fc79-4b0f-46d9-a2ae-ba767deaa976,,,
,7a790226-81ba-44d7-b687-721a85e69e8f,ca02fc79-4b0f-46d9-a2ae-ba767deaa976,,,
,1063967a-d752-455e-8daf-6adfabfec2e4,c0bae7dc-ef7b-4a8b-99fd-c1c1de3a9ed2,,,
,4f7342e6-b627-49d8-91c9-c655f3f4ee28,c0bae7dc-ef7b-4a8b-99fd-c1c1de3a9ed2,,,
,dad9098e-eb2a-428c-8d6b-5b6756f8b076,c0bae7dc-ef7b-4a8b-99fd-c1c1de3a9ed2,,,
,b36489b8-ed3d-4d69-8467-6ca9bf5bed35,c0bae7dc-ef7b-4a8b-99fd-c1c1de3a9ed2,,,
,59d56549-fbab-42ae-8d49-71d125571a77,c0bae7dc-ef7b-4a8b-99fd-c1c1de3a9ed2,,,
,ace1514e-dc35-4249-9c63-d3e2219386fc,c0bae7dc-ef7b-4a8b-99fd-c1c1de3a9ed2,,,
,023eb5dc-284d-41b2-a72f-c21e41e92b1f,c0bae7dc-ef7b-4a8b-99fd-c1c1de3a9ed2,,,
,ac06805a-40c6-432a-a003-fd0ca67bdf85,c0bae7dc-ef7b-4a8b-99fd-c1c1de3a9ed2,,,
,eca49096-ef86-4dd3-a1b6-19f30cd76954,c0bae7dc-ef7b-4a8b-99fd-c1c1de3a9ed2,,,
,1917d408-ea7d-45e0-b029-e0cb05b20cfa,c0bae7dc-ef7b-4a8b-99fd-c1c1de3a9ed2,,,
,b3e78575-3258-4658-8f6b-71a0a11347c6,c0bae7dc-ef7b-4a8b-99fd-c1c1de3a9ed2,,,
,ed3383a6-79e1-4bc6-88d2-e65cf117487f,c0bae7dc-ef7b-4a8b-99fd-c1c1de3a9ed2,,,
,de147ad9-9cf6-4563-8608-8c8aa54ad47e,c0bae7dc-ef7b-4a8b-99fd-c1c1de3a9ed2,,,
,095d5226-7af2-4613-94e3-7c03d98c9c32,c0bae7dc-ef7b-4a8b-99fd-c1c1de3a9ed2,,,
,423ff707-08f0-4421-8038-f71ee44ae806,c0bae7dc-ef7b-4a8b-99fd-c1c1de3a9ed2,,,
,6b5d1054-d5bd-4707-b264-75562c78c69f,c0bae7dc-ef7b-4a8b-99fd-c1c1de3a9ed2,,,
,98eba0b2-f272-427d-8d31-145f2d73f401,c0bae7dc-ef7b-4a8b-99fd-c1c1de3a9ed2,,,
,a93a3216-5c88-47e0-9ed7-5439bb555ec0,c0bae7dc-ef7b-4a8b-99fd-c1c1de3a9ed2,,,
,53f807f6-ed26-41b6-a7ea-59a956fb83f4,c0bae7dc-ef7b-4a8b-99fd-c1c1de3a9ed2,,,
,eff453de-eaa1-4f0e-a837-cec4a38933bd,c0bae7dc-ef7b-4a8b-99fd-c1c1de3a9ed2,,,
,48aa8911-a65c-4c91-8d84-a5c234bced7b,c0bae7dc-ef7b-4a8b-99fd-c1c1de3a9ed2,,,
,2102d9d7-6822-4042-94ad-58bfd22e7b33,c0bae7dc-ef7b-4a8b-99fd-c1c1de3a9ed2,,,
,35b9e796-59c6-4765-a6ac-a39f73d454ff,c0bae7dc-ef7b-4a8b-99fd-c1c1de3a9ed2,,,
,778feac6-163d-4c29-bf7a-199c9a92c66e,c0bae7dc-ef7b-4a8b-99fd-c1c1de3a9ed2,,,
,59117b89-72be-40d4-a614-8325eaf7dbd9,c0bae7dc-ef7b-4a8b-99fd-c1c1de3a9ed2,,,
,92a86a74-b55f-4ba7-9403-c44efc692564,c0bae7dc-ef7b-4a8b-99fd-c1c1de3a9ed2,,,
,13c6dc06-12ea-46b6-a5d2-205ab6264776,c0bae7dc-ef7b-4a8b-99fd-c1c1de3a9ed2,,,
,98dac900-5002-4841-ac19-df95b19908d4,c0bae7dc-ef7b-4a8b-99fd-c1c1de3a9ed2,,,
,b93f58f9-f51c-4290-b629-b69e18c7d931,c0bae7dc-ef7b-4a8b-99fd-c1c1de3a9ed2,,,
,cb9377f3-1c1a-45bf-a4ba-11950812d989,c0bae7dc-ef7b-4a8b-99fd-c1c1de3a9ed2,,,
,044a4ef7-34c8-4fb1-88ea-fcb6a51f4822,197fcbc8-7a73-40b5-802f-fa829cd49329,,,
,a4cca8e9-39b5-4e3c-8670-67990351a558,197fcbc8-7a73-40b5-802f-fa829cd49329,,,
,12d51617-02ed-4ca1-9a33-3f7c5207244d,197fcbc8-7a73-40b5-802f-fa829cd49329,,,
,9b6b9e04-ae14-4f02-a756-948e6926213d,197fcbc8-7a73-40b5-802f-fa829cd49329,,,
,6ac6c326-c535-4ed9-b2b6-1697e99d3805,197fcbc8-7a73-40b5-802f-fa829cd49329,,,
,3837238e-0d35-499a-8bd6-49514d38c18f,197fcbc8-7a73-40b5-802f-fa829cd49329,,,
,9ecc2f62-7bb1-411c-b592-79c9ed7ad8c9,197fcbc8-7a73-40b5-802f-fa829cd49329,,,
,edc5fb0f-9885-468e-baf9-7d3d0b15daf0,197fcbc8-7a73-40b5-802f-fa829cd49329,,,
,4d8eb76c-a812-4382-ba22-aa707be6e901,197fcbc8-7a73-40b5-802f-fa829cd49329,,,
,02dc9a7b-34d4-4d3a-8d25-6a21719cd4a0,197fcbc8-7a73-40b5-802f-fa829cd49329,,,
,5bfb9014-a617-4d1e-a64a-ccd2c6397414,197fcbc8-7a73-40b5-802f-fa829cd49329,,,
,447b89d5-8190-4204-8b3c-ccfc25bde793,197fcbc8-7a73-40b5-802f-fa829cd49329,,,
,c90a35c8-94df-4bcd-bf72-73ed7e699680,197fcbc8-7a73-40b5-802f-fa829cd49329,,,
,80ed43ce-a44a-46cc-8b51-74f25e73d2fd,197fcbc8-7a73-40b5-802f-fa829cd49329,,,
,8e1b2a28-0657-404b-9fe3-9c46926decee,197fcbc8-7a73-40b5-802f-fa829cd49329,,,
,6ce5b583-aa2d-4878-bf8b-e142b032e86b,197fcbc8-7a73-40b5-802f-fa829cd49329,,,
,16d99159-48d8-499a-9ca7-335440ecbcab,197fcbc8-7a73-40b5-802f-fa829cd49329,,,
,794af574-c0e5-4859-8dee-ee1e8698c3eb,197fcbc8-7a73-40b5-802f-fa829cd49329,,,
,8c45eeb0-7867-424c-9749-e251c4c97511,197fcbc8-7a73-40b5-802f-fa829cd49329,,,
,c7bc986c-25c9-4121-abb3-0403051cd80b,197fcbc8-7a73-40b5-802f-fa829cd49329,,,
,5910c82c-fb9a-4007-8ec2-1ac5e0320e26,197fcbc8-7a73-40b5-802f-fa829cd49329,,,
,2ae63bcf-e437-4f82-99a3-e09019b60dda,197fcbc8-7a73-40b5-802f-fa829cd49329,,,
,de4b81d9-c44b-40cc-9ab1-794a63e0a7bc,197fcbc8-7a73-40b5-802f-fa829cd49329,,,
,b5ede4b4-ad87-4217-b44f-f4196f3b250d,197fcbc8-7a73-40b5-802f-fa829cd49329,,,
,d067990e-5fab-4da6-95df-6d1f4205ee87,197fcbc8-7a73-40b5-802f-fa829cd49329,,,
,c8da19fc-3c6b-4339-af0c-4dbdbaee52ea,197fcbc8-7a73-40b5-802f-fa829cd49329,,,
,0f11159a-958e-4f36-bd26-ce851787683c,197fcbc8-7a73-40b5-802f-fa829cd49329,,,
,a2fcd2b9-49b7-4266-bf69-c057183a5109,197fcbc8-7a73-40b5-802f-fa829cd49329,,,
,890a99dd-3b61-4b72-94b5-55782914d76b,197fcbc8-7a73-40b5-802f-fa829cd49329,,,
,3253b5e2-3ff5-4d9e-9a00-2f2ff6b6ab2e,197fcbc8-7a73-40b5-802f-fa829cd49329,,,
,d978f9d7-c156-4919-ae6c-a6e16bb189a4,197fcbc8-7a73-40b5-802f-fa829cd49329,,,
,e44cd84a-6023-4201-952d-db7fdb5d4fe2,197fcbc8-7a73-40b5-802f-fa829cd49329,,,
,9501aee8-4ba2-4558-8c0a-bff03b18a4d5,197fcbc8-7a73-40b5-802f-fa829cd49329,,,
,0d0ce329-d13a-492f-b3c4-c832483c98ef,197fcbc8-7a73-40b5-802f-fa829cd49329,,,
,51c6050e-6455-4654-b296-7c28f7533bfe,197fcbc8-7a73-40b5-802f-fa829cd49329,,,
,36313516-65a5-4abf-8c4d-6b673ca9979b,197fcbc8-7a73-40b5-802f-fa829cd49329,,,
,9d06d743-9d01-40ca-abc6-3f76e16af736,197fcbc8-7a73-40b5-802f-fa829cd49329,,,
,fec317ba-0069-4501-90a8-10a784cedd15,197fcbc8-7a73-40b5-802f-fa829cd49329,,,
,78d5ac3d-9499-4d0e-bb46-5f7fc0205a7c,197fcbc8-7a73-40b5-802f-fa829cd49329,,,
,983af577-ead4-41e5-be40-a216e42f1027,197fcbc8-7a73-40b5-802f-fa829cd49329,,,
,839a1b49-60fd-4ab6-90c6-12775969e322,197fcbc8-7a73-40b5-802f-fa829cd49329,,,
,958b7b9c-a83b-47f5-bd6c-5b0bb65a613c,197fcbc8-7a73-40b5-802f-fa829cd49329,,,
,604f6d79-7881-4cf0-915f-4e0dcc224a01,197fcbc8-7a73-40b5-802f-fa829cd49329,,,
,d4a81f02-5f17-4bb2-a822-ea89219ee29f,197fcbc8-7a73-40b5-802f-fa829cd49329,,,
,be0d90c2-96f7-4635-a085-915b5148606e,197fcbc8-7a73-40b5-802f-fa829cd49329,,,
,a5ce084b-0fab-470f-b6d3-1b014428f966,197fcbc8-7a73-40b5-802f-fa829cd49329,,,
,f6138ba5-9b85-4955-869c-edfdf33975f0,197fcbc8-7a73-40b5-802f-fa829cd49329,,,
,ad2bbbe9-1d5a-46d9-a685-2919162c87c3,197fcbc8-7a73-40b5-802f-fa829cd49329,,,
,a736c375-03e9-455a-8dd6-ca624da7722a,197fcbc8-7a73-40b5-802f-fa829cd49329,,,
,b63d4fcd-71eb-4451-91d9-fd0c826f8b0e,197fcbc8-7a73-40b5-802f-fa829cd49329,,,
,ba31d74a-5c02-49df-b803-58aa602edfca,197fcbc8-7a73-40b5-802f-fa829cd49329,,,
,12c6d3fc-074d-4e09-b41b-3ad72d6b18a7,197fcbc8-7a73-40b5-802f-fa829cd49329,,,
,07cb10cd-8581-410d-9d38-92a363c79cfe,197fcbc8-7a73-40b5-802f-fa829cd49329,,,
,ab04ef78-5e7a-4b04-bc02-650a535a853a,197fcbc8-7a73-40b5-802f-fa829cd49329,,,
,77f45122-11f2-42ae-b581-81566cb688d5,10bbf5a6-0d2a-4f76-9579-c153cfc4542f,,,
,18cfd9aa-4a7b-4a3c-a2e7-4080fac6bf7f,10bbf5a6-0d2a-4f76-9579-c153cfc4542f,,,
,e002156d-a9bc-4d46-b2c1-2c0d28a274ed,10bbf5a6-0d2a-4f76-9579-c153cfc4542f,,,
,a33aa0b3-90e2-4d8f-be25-76daa22398e4,10bbf5a6-0d2a-4f76-9579-c153cfc4542f,,,
,2444d89d-dc52-441a-9fab-ec8c663a1536,10bbf5a6-0d2a-4f76-9579-c153cfc4542f,,,
,191aea66-169f-41ec-aeb5-253ce95da1a1,10bbf5a6-0d2a-4f76-9579-c153cfc4542f,,,
,f6d1a6dd-8bec-493a-973f-5daa03a90f9e,10bbf5a6-0d2a-4f76-9579-c153cfc4542f,,,
,d5a4891d-5825-4cc4-ba6d-3272d8b603fa,10bbf5a6-0d2a-4f76-9579-c153cfc4542f,,,
,d715b30e-f0b2-43b5-86c7-35ad88a8ce6a,10bbf5a6-0d2a-4f76-9579-c153cfc4542f,,,
,58cadb94-4c10-4947-bbe0-6aec6e3ddad2,10bbf5a6-0d2a-4f76-9579-c153cfc4542f,,,
,ee619dcc-6560-45a7-8416-926cdef4ff0c,10bbf5a6-0d2a-4f76-9579-c153cfc4542f,,,
,4f6c4320-df11-4041-a715-6d0da55236bb,10bbf5a6-0d2a-4f76-9579-c153cfc4542f,,,
,97d83bc3-f687-436b-9f83-8060bd587341,10bbf5a6-0d2a-4f76-9579-c153cfc4542f,,,
,a40fe194-5588-41ca-ba8d-763a2b1f7a88,10bbf5a6-0d2a-4f76-9579-c153cfc4542f,,,
,b676a7a1-8f5e-425e-b299-6142ea15381b,10bbf5a6-0d2a-4f76-9579-c153cfc4542f,,,
,5afe3bb7-e6e3-41f8-b388-51c1f6fd235d,10bbf5a6-0d2a-4f76-9579-c153cfc4542f,,,
,bc9c43a8-46e8-4f3b-84e9-2bebcadc1443,10bbf5a6-0d2a-4f76-9579-c153cfc4542f,,,
,512a2765-0bdd-4cb8-82fc-7aefc429942f,10bbf5a6-0d2a-4f76-9579-c153cfc4542f,,,
,0e4318a3-d3a5-45f3-ac22-92bd04c1fbe1,10bbf5a6-0d2a-4f76-9579-c153cfc4542f,,,
,1570ec77-e0e7-484a-85be-406be7941119,10bbf5a6-0d2a-4f76-9579-c153cfc4542f,,,
,b6a7637e-5536-4179-abd4-531bc063445a,10bbf5a6-0d2a-4f76-9579-c153cfc4542f,,,
,70922c9a-04c3-4d90-adc3-728b9de4f38f,10bbf5a6-0d2a-4f76-9579-c153cfc4542f,,,
,a39e8928-fa31-4f2a-901b-667461b37454,10bbf5a6-0d2a-4f76-9579-c153cfc4542f,,,
,3f976a62-99bb-4b2a-85ca-9a206222261a,10bbf5a6-0d2a-4f76-9579-c153cfc4542f,,,
,a1839033-b181-4375-ad98-c16aa0910063,10bbf5a6-0d2a-4f76-9579-c153cfc4542f,,,
,4f0e3a6c-83a2-4341-b208-74f6bd7fd09f,10bbf5a6-0d2a-4f76-9579-c153cfc4542f,,,
,b851c620-5120-4ca1-8e6f-f467411378c0,10bbf5a6-0d2a-4f76-9579-c153cfc4542f,,,
,79d088da-23ba-4c72-9898-504dfa1411aa,10bbf5a6-0d2a-4f76-9579-c153cfc4542f,,,
,f98efecd-19ea-4c82-8f90-f0cc5bcc8ebd,10bbf5a6-0d2a-4f76-9579-c153cfc4542f,,,
,9d5dee55-082b-405b-95d8-49419db17537,10bbf5a6-0d2a-4f76-9579-c153cfc4542f,,,
,55e11112-8658-41e2-ba02-69ff74b18a0a,10bbf5a6-0d2a-4f76-9579-c153cfc4542f,,,
,1fdf1e26-6ba2-44c6-9f16-912f90e099ae,10bbf5a6-0d2a-4f76-9579-c153cfc4542f,,,
,52b2c8c0-1169-4215-8f75-043371e8a878,10bbf5a6-0d2a-4f76-9579-c153cfc4542f,,,
,8ec6d478-5368-45ee-88bf-9435f589f372,10bbf5a6-0d2a-4f76-9579-c153cfc4542f,,,
,c06ad750-f016-4bf5-8af8-b7123a37b3b3,10bbf5a6-0d2a-4f76-9579-c153cfc4542f,,,
,423528e5-95c0-4a2f-a842-bf6e73048bd7,10bbf5a6-0d2a-4f76-9579-c153cfc4542f,,,
,e5481340-dd1c-400d-93a9-b60d64311008,10bbf5a6-0d2a-4f76-9579-c153cfc4542f,,,
,c2adc66e-471d-409c-b073-bdd9b5d91b72,10bbf5a6-0d2a-4f76-9579-c153cfc4542f,,,
,a57a356f-6a4b-441a-8099-8eed6c38f18c,10bbf5a6-0d2a-4f76-9579-c153cfc4542f,,,
,64d77baa-7f18-4a26-b7e8-0d2bdb73a325,10bbf5a6-0d2a-4f76-9579-c153cfc4542f,,,
,adaa699b-5e75-4312-a0ed-1f7bfd6c7996,10bbf5a6-0d2a-4f76-9579-c153cfc4542f,,,
,03e832d3-f2f9-43ff-a173-d30275e30e18,10bbf5a6-0d2a-4f76-9579-c153cfc4542f,,,
,dd52da43-1a41-4134-8de8-0516ddd215a6,10bbf5a6-0d2a-4f76-9579-c153cfc4542f,,,
,3ce56f7a-53c1-491b-a52c-92978d3f2ce3,10bbf5a6-0d2a-4f76-9579-c153cfc4542f,,,
,a96f4f04-84e5-4d0a-989e-5dfc6575679a,10bbf5a6-0d2a-4f76-9579-c153cfc4542f,,,
,a2cd2bcc-74cb-4553-9e54-9a104e364da3,10bbf5a6-0d2a-4f76-9579-c153cfc4542f,,,
,d24488d2-a693-4851-8699-e4d1f3afa152,10bbf5a6-0d2a-4f76-9579-c153cfc4542f,,,
,2193c2d4-ad09-49e4-b30f-7ff05afef51f,10bbf5a6-0d2a-4f76-9579-c153cfc4542f,,,
,d059db18-5164-4735-8573-3eb822cb9a4b,470809ae-c5f3-4ba1-9522-fd0972619f7f,,,
,d327ddd1-b79d-44d8-9da0-6af1e87f0ed1,470809ae-c5f3-4ba1-9522-fd0972619f7f,,,
,4f208719-24aa-4008-abec-5c32a89e82e2,470809ae-c5f3-4ba1-9522-fd0972619f7f,,,
,98b62ae5-9a8b-4c54-b32f-80a2b3eea4e5,470809ae-c5f3-4ba1-9522-fd0972619f7f,,,
,c1f15d97-45d6-4c87-96e8-4b5892f54f7c,470809ae-c5f3-4ba1-9522-fd0972619f7f,,,
,f9a13a64-7049-4ede-a157-d6eaf9a400c0,470809ae-c5f3-4ba1-9522-fd0972619f7f,,,
,e5349efa-e745-4e39-86b1-1a169b73a9be,470809ae-c5f3-4ba1-9522-fd0972619f7f,,,
,0a6326ea-d0e4-4d38-9427-e502e75ba79d,470809ae-c5f3-4ba1-9522-fd0972619f7f,,,
,2392d924-4339-46ab-9ebd-ccbce530956f,470809ae-c5f3-4ba1-9522-fd0972619f7f,,,
,49dfefbf-21f4-4977-9ffa-7ec8c79e0e1d,470809ae-c5f3-4ba1-9522-fd0972619f7f,,,
,fe0f3e87-1f80-4ac3-92db-c742fe293d84,470809ae-c5f3-4ba1-9522-fd0972619f7f,,,
,21a72945-6ae9-4db9-91bc-a011a6141a36,470809ae-c5f3-4ba1-9522-fd0972619f7f,,,
,c60b0121-afcc-4423-bdda-e1bf3c2b319c,470809ae-c5f3-4ba1-9522-fd0972619f7f,,,
,2a490195-b8e5-4bba-9574-805a865b14b2,470809ae-c5f3-4ba1-9522-fd0972619f7f,,,
,1b8b7761-1d1f-4889-9ad8-6c9ecb405c60,470809ae-c5f3-4ba1-9522-fd0972619f7f,,,
,b3dd7bc7-fa28-4dae-8087-89b61c045152,470809ae-c5f3-4ba1-9522-fd0972619f7f,,,
,1f14e36e-9761-4a19-a690-d357e7bd6453,470809ae-c5f3-4ba1-9522-fd0972619f7f,,,
,55b120d1-3836-4a1b-a7a0-8d692144b915,470809ae-c5f3-4ba1-9522-fd0972619f7f,,,
,4300007a-b3aa-4f07-abbc-1e0eb6b370c9,470809ae-c5f3-4ba1-9522-fd0972619f7f,,,
,f7d39aaa-6834-4a85-8699-d40661b53fc7,470809ae-c5f3-4ba1-9522-fd0972619f7f,,,
,cdbee772-0a54-4482-9bf1-a3a629ad64d3,470809ae-c5f3-4ba1-9522-fd0972619f7f,,,
,c902ea0b-99d3-4a16-9f6a-8b4eb2559482,470809ae-c5f3-4ba1-9522-fd0972619f7f,,,
,1b5d63bc-597b-49c6-b85a-c973f6d0bad5,470809ae-c5f3-4ba1-9522-fd0972619f7f,,,
,6f729a24-37aa-4dd3-bb34-46221a375dcc,470809ae-c5f3-4ba1-9522-fd0972619f7f,,,
,a1230b76-3f3d-43ac-8090-ded893dce53a,470809ae-c5f3-4ba1-9522-fd0972619f7f,,,
,b80c8199-448c-4cc5-8165-5ba3260765f0,470809ae-c5f3-4ba1-9522-fd0972619f7f,,,
,4f02715e-0ed0-47e2-828b-d6cb1c42f581,470809ae-c5f3-4ba1-9522-fd0972619f7f,,,
,fd577b88-4992-424e-8817-fe4824bf4888,470809ae-c5f3-4ba1-9522-fd0972619f7f,,,
,98e494c4-0d81-441f-8a73-6d03ed811e90,470809ae-c5f3-4ba1-9522-fd0972619f7f,,,
,afa1e99e-bc63-45cb-b263-26cfc341a2a9,470809ae-c5f3-4ba1-9522-fd0972619f7f,,,
,33531513-2621-463e-9a33-0a46e0c9826b,470809ae-c5f3-4ba1-9522-fd0972619f7f,,,
,94afc0f4-74a7-4a15-bfeb-fb6c120974f1,470809ae-c5f3-4ba1-9522-fd0972619f7f,,,
,81b5a80e-e153-4056-b460-b853cb008653,470809ae-c5f3-4ba1-9522-fd0972619f7f,,,
,a47a636b-5afa-4b47-b26f-39e84b39519b,470809ae-c5f3-4ba1-9522-fd0972619f7f,,,
,1d23347b-46e2-43ac-a253-076c7a601876,470809ae-c5f3-4ba1-9522-fd0972619f7f,,,
,ae665219-2584-4c65-a78f-44c76dbe0122,7c844539-83eb-4880-b86c-dd05973f0e0a,,,
,cb16a097-fd57-4a8c-9561-8c2d52ade334,7c844539-83eb-4880-b86c-dd05973f0e0a,,,
,d961ac00-9786-441e-b2b1-1cf38a1e23f2,7c844539-83eb-4880-b86c-dd05973f0e0a,,,
,849dbe63-9b54-4b79-b6e1-a274c30e7cfc,7c844539-83eb-4880-b86c-dd05973f0e0a,,,
,557dd554-c2c7-443a-baf3-dcbafb84ea08,7c844539-83eb-4880-b86c-dd05973f0e0a,,,
,76c9c7e4-4d27-4d1c-8a31-9526465c9a6a,7c844539-83eb-4880-b86c-dd05973f0e0a,,,
,cf6b4b17-2eb9-47d6-aaa9-cef624a7ed20,7c844539-83eb-4880-b86c-dd05973f0e0a,,,
,0a4ea9f1-4680-42e6-8678-34c28e5f8848,7c844539-83eb-4880-b86c-dd05973f0e0a,,,
,3040ccd9-173a-4945-b485-9d2b896f8e0a,7c844539-83eb-4880-b86c-dd05973f0e0a,,,
,4355f04d-655f-4b0a-b627-aca7aaa7b8ce,7c844539-83eb-4880-b86c-dd05973f0e0a,,,
,0f4af3b3-d6df-44cd-93a0-79f6d59602a3,7c844539-83eb-4880-b86c-dd05973f0e0a,,,
,32d07cab-f53f-4a6d-9a61-56d0d12802b3,7c844539-83eb-4880-b86c-dd05973f0e0a,,,
,65d657b6-a1a6-4aac-b9fe-7ec0e5e3c5ed,7c844539-83eb-4880-b86c-dd05973f0e0a,,,
,2b8a7967-fbb8-4866-b664-d9ffe9e50af7,7c844539-83eb-4880-b86c-dd05973f0e0a,,,
,e3bbae58-65a0-40f8-a66a-bffb2b6d8c6c,7c844539-83eb-4880-b86c-dd05973f0e0a,,,
,352a063b-0d65-4685-9d15-1e8d67dbf109,7c844539-83eb-4880-b86c-dd05973f0e0a,,,
,e322718d-f637-42a7-9bb3-7cd60df67905,7c844539-83eb-4880-b86c-dd05973f0e0a,,,
,853f7fa3-9eee-41bf-a690-f1d9dc741edd,7c844539-83eb-4880-b86c-dd05973f0e0a,,,
,dbc550d7-93cd-4821-8dc6-1bf10d3bd48c,7c844539-83eb-4880-b86c-dd05973f0e0a,,,
,a0dc2081-cde3-49b1-92ba-62b0f703a5af,7c844539-83eb-4880-b86c-dd05973f0e0a,,,
,a126d2ee-1734-49f5-9517-c78cac55d2ee,7c844539-83eb-4880-b86c-dd05973f0e0a,,,
,6975d53a-e793-498b-a283-2f804082a422,7c844539-83eb-4880-b86c-dd05973f0e0a,,,
,f2e529d1-a75c-41a6-94a3-e4dbb3950af6,7c844539-83eb-4880-b86c-dd05973f0e0a,,,
,49b89575-a18a-4a43-9698-04a2f2a4da98,7c844539-83eb-4880-b86c-dd05973f0e0a,,,
,97708d37-1db0-4559-8b6d-c667c75bff0b,7c844539-83eb-4880-b86c-dd05973f0e0a,,,
,905ee577-25dd-4807-9829-8e75c959db05,7c844539-83eb-4880-b86c-dd05973f0e0a,,,
,5d1fa1b5-4c50-4c7f-8081-bd300dad88d4,7c844539-83eb-4880-b86c-dd05973f0e0a,,,
,60de2e5a-bea2-49bf-80dd-0ee28bf5d5f2,7c844539-83eb-4880-b86c-dd05973f0e0a,,,
,21966846-64eb-4a39-b831-ccbfb123d47e,7c844539-83eb-4880-b86c-dd05973f0e0a,,,
,b718fb6e-896b-47ce-86bd-a2e394410d9b,7c844539-83eb-4880-b86c-dd05973f0e0a,,,
,b1e2aa84-1162-427c-a2bd-5b6c220e4fb9,7c844539-83eb-4880-b86c-dd05973f0e0a,,,
,d8545be1-2ca6-4fc9-b4dd-f6301fd0b284,7c844539-83eb-4880-b86c-dd05973f0e0a,,,
,a88107cc-0a69-4fb9-84c5-cd5358866599,7c844539-83eb-4880-b86c-dd05973f0e0a,,,
,7744bc40-0d1f-499b-8018-255276a9a5e5,7c844539-83eb-4880-b86c-dd05973f0e0a,,,
,20df53e8-e8e1-43b3-ace7-fe93e688f450,7c844539-83eb-4880-b86c-dd05973f0e0a,,,
,5355eb78-02c2-4150-b731-18cc04903fd1,7c844539-83eb-4880-b86c-dd05973f0e0a,,,
,a1df83c1-9198-481d-9a94-ed98928a6350,7c844539-83eb-4880-b86c-dd05973f0e0a,,,
,8acce6d7-8074-42f1-acad-90e8619a584b,7c844539-83eb-4880-b86c-dd05973f0e0a,,,
,c51b461f-a27d-4873-a319-28b81b7f6b7e,7c844539-83eb-4880-b86c-dd05973f0e0a,,,
,14f76b71-9bb2-4c6b-8759-db50e57de4ba,7c844539-83eb-4880-b86c-dd05973f0e0a,,,
,65612392-3b83-4ab7-9251-91f99416d5ee,7c844539-83eb-4880-b86c-dd05973f0e0a,,,
,e5dedc1a-78cc-47ed-8159-886e36a051b4,7c844539-83eb-4880-b86c-dd05973f0e0a,,,
,127fbc2e-4d08-41d6-adca-c585b9b89cf5,7c844539-83eb-4880-b86c-dd05973f0e0a,,,
,6cb08df8-cf95-454e-8b2c-434df924f22b,7c844539-83eb-4880-b86c-dd05973f0e0a,,,
,b1bce2d1-06e2-4e26-be88-91ec22a3ed0e,7c844539-83eb-4880-b86c-dd05973f0e0a,,,
,f4123c71-98f5-4b3a-af71-82ba8ecd6d52,7c844539-83eb-4880-b86c-dd05973f0e0a,,,
,22f6d92b-6700-4bc0-b9dc-c675b7b54cf8,1197ce03-96ae-4670-9ef3-28468625cf46,,,
,41e26b3a-de05-4cba-abd7-c2e83b8dab02,1197ce03-96ae-4670-9ef3-28468625cf46,,,
,3cf4b25c-837c-481b-8410-cdc67b610ca4,ecb74426-adfd-416f-90ce-ac1136940e59,,,
,5e855d26-cf12-4e9b-a18d-47a151d8e113,b28bcd2f-98c3-4e0e-bbae-d05d48bf82e9,,,
,936c18f8-c03e-4ab7-9eb5-908495d3ff95,8dcc57a0-79ac-45dd-9db0-efb3d1fd5299,,,
,8b880a93-70e4-4a1e-9290-aa12237f9d55,7c844539-83eb-4880-b86c-dd05973f0e0a,,,
,0e7cfcf0-8c06-44f1-982e-c7e47c3d929f,7c844539-83eb-4880-b86c-dd05973f0e0a,,,
,70781496-6669-4659-9e1c-983a44c4a01f,7c844539-83eb-4880-b86c-dd05973f0e0a,,,
,6b4b3f78-1db6-4fdd-b3ba-d296af82de3c,7c844539-83eb-4880-b86c-dd05973f0e0a,,,
,d9f524d2-6cd7-436d-9e40-a991847403f7,7c844539-83eb-4880-b86c-dd05973f0e0a,,,
,3ba739cd-2fe3-49b8-ad88-7d5c8b95ab3d,7c844539-83eb-4880-b86c-dd05973f0e0a,,,
,5c433689-efe1-42b4-af09-eab44a8f522c,7c844539-83eb-4880-b86c-dd05973f0e0a,,,
,0ddab494-0c33-49c8-9636-531e5f7bae97,7c844539-83eb-4880-b86c-dd05973f0e0a,,,
,db2df68b-221e-4309-91b5-1afd70c529a2,7c844539-83eb-4880-b86c-dd05973f0e0a,,,
,3c97c1ae-2926-43db-8704-cc9d74d0671a,7c844539-83eb-4880-b86c-dd05973f0e0a,,,
,5444251e-8c03-4305-a1ce-45499442c543,7c844539-83eb-4880-b86c-dd05973f0e0a,,,
,0869563f-cb59-4435-b1b8-21cf5678908a,7c844539-83eb-4880-b86c-dd05973f0e0a,,,
,847b8155-e024-4576-b9ba-8349f53b2624,7c844539-83eb-4880-b86c-dd05973f0e0a,,,
,6d995c52-4bf6-462f-ba5d-010ccefdf2ca,7c844539-83eb-4880-b86c-dd05973f0e0a,,,
,c95288ab-9693-4e5d-99c5-631f35cf1ab7,7c844539-83eb-4880-b86c-dd05973f0e0a,,,
,1de5079c-5c00-41f6-a51b-a73952030b5e,7c844539-83eb-4880-b86c-dd05973f0e0a,,,
,3f1fc499-8528-4ef8-b943-fc77a9c41bf7,7c844539-83eb-4880-b86c-dd05973f0e0a,,,
,dee0a9b0-8e62-4a5c-9ea0-7822ba54eb85,7c844539-83eb-4880-b86c-dd05973f0e0a,,,
,f022ef47-9eac-4773-a04e-a992fad100ee,7c844539-83eb-4880-b86c-dd05973f0e0a,,,
,7c636e37-f26d-406e-8fd9-2bdaf9391547,7c844539-83eb-4880-b86c-dd05973f0e0a,,,
,d64350b6-b3c3-4f7a-aa42-005f63060545,7c844539-83eb-4880-b86c-dd05973f0e0a,,,
,c3257eec-4add-420e-848e-88b48548c4cf,7c844539-83eb-4880-b86c-dd05973f0e0a,,,
,2a544b4c-4dc8-4a57-9da8-0f98567865ae,7c844539-83eb-4880-b86c-dd05973f0e0a,,,
,0c44e6b5-dc0b-40fc-ac5e-20e3df32880c,7c844539-83eb-4880-b86c-dd05973f0e0a,,,
,9c0dfdf9-d874-484e-82b9-286fa3b9a4bc,7c844539-83eb-4880-b86c-dd05973f0e0a,,,
,91832e05-c625-4bb2-8665-493e783c3697,7c844539-83eb-4880-b86c-dd05973f0e0a,,,
,2bcb1d1b-1757-4efe-bdaf-026c435b6b9a,7c844539-83eb-4880-b86c-dd05973f0e0a,,,
,e40a8f26-f4a2-404e-b1c0-558659a52e38,7c844539-83eb-4880-b86c-dd05973f0e0a,,,
,fdefc7ec-e3f8-4168-8bf4-1b0a0572f012,7c844539-83eb-4880-b86c-dd05973f0e0a,,,
,5245b9bc-0a53-40b9-bc3f-9ad15df70f55,7c844539-83eb-4880-b86c-dd05973f0e0a,,,
,3684bcc9-2efb-41ae-8678-a08964a0772a,7c844539-83eb-4880-b86c-dd05973f0e0a,,,
,a744603b-5f5c-439f-8943-ab11fdc4fe24,7c844539-83eb-4880-b86c-dd05973f0e0a,,,
,d5760f18-2e09-4a11-a67a-92c17ad96729,7c844539-83eb-4880-b86c-dd05973f0e0a,,,
,4db5044c-b639-4c63-a200-6b810256ec2b,7c844539-83eb-4880-b86c-dd05973f0e0a,,,
,f15ebbe4-7cd6-4da7-990d-bc5a97a7f8e5,7c844539-83eb-4880-b86c-dd05973f0e0a,,,
,3626ac64-31c0-4f4a-b12f-ae68a40272e5,7c844539-83eb-4880-b86c-dd05973f0e0a,,,
,86f13fda-bce8-4c74-bed7-7ec7b43b2c83,7c844539-83eb-4880-b86c-dd05973f0e0a,,,
,e9d87922-2f55-4bb0-a7dc-f7e21d846ae5,7c844539-83eb-4880-b86c-dd05973f0e0a,,,
,2edd3979-89f3-4fad-8056-752911f949ff,7c844539-83eb-4880-b86c-dd05973f0e0a,,,
,f0499d35-3eb0-42c9-9d81-4fe96aceba61,7c844539-83eb-4880-b86c-dd05973f0e0a,,,
,87eab855-51fe-4f1f-94f6-4ecb185bb7fe,7c844539-83eb-4880-b86c-dd05973f0e0a,,,
,a7b0a9c0-bf04-4c3c-a459-a0f558b18474,7c844539-83eb-4880-b86c-dd05973f0e0a,,,
,ce6f4b8c-4d8d-4cd5-88cd-63e806b3f544,7c844539-83eb-4880-b86c-dd05973f0e0a,,,
,e4620eb2-3ea2-474a-a686-c9a75c6098aa,7c844539-83eb-4880-b86c-dd05973f0e0a,,,
,7e76f2cd-7492-4699-9c0a-689ce6e09377,7c844539-83eb-4880-b86c-dd05973f0e0a,,,
,8aac81d5-8a9c-442b-b97c-ffc890166954,7c844539-83eb-4880-b86c-dd05973f0e0a,,,
,f93cad1d-c4e4-40b0-b6c4-78ff0759b994,7c844539-83eb-4880-b86c-dd05973f0e0a,,,
,ab688be0-d8a6-454f-991b-83eadd7c6781,7c844539-83eb-4880-b86c-dd05973f0e0a,,,
,f356450d-4a19-4338-89e3-698e24de4cea,7c844539-83eb-4880-b86c-dd05973f0e0a,,,
,991d6cfa-47ec-464e-b55b-fcea2e7db727,7c844539-83eb-4880-b86c-dd05973f0e0a,,,
,0801b9c8-bf27-44fc-81f9-1d179f206c41,7c844539-83eb-4880-b86c-dd05973f0e0a,,,
,3766f9bf-0ad7-4f60-bfba-3a618e527d31,7c844539-83eb-4880-b86c-dd05973f0e0a,,,
,5c7f62fd-deef-4f17-9a5a-7cdc4382d649,7c844539-83eb-4880-b86c-dd05973f0e0a,,,
,8d09eba2-716a-46a1-84c5-f9507610d3d9,7c844539-83eb-4880-b86c-dd05973f0e0a,,,
,69f64fb5-639b-43a5-87f8-62afe4a0d9b1,7c844539-83eb-4880-b86c-dd05973f0e0a,,,
,b84186d1-328c-4d66-b506-1baf0e598785,7c844539-83eb-4880-b86c-dd05973f0e0a,,,
,86451848-fe1e-4c26-b7ae-26c9e4e33d22,7c844539-83eb-4880-b86c-dd05973f0e0a,,,
,d3a40d1f-99c1-419d-95b4-ccd871170412,7c844539-83eb-4880-b86c-dd05973f0e0a,,,
,5aed7f0e-bc2b-464f-bcdb-9202e34a35a6,7c844539-83eb-4880-b86c-dd05973f0e0a,,,
,1b223c6e-4821-46da-94be-aa7bbf6edcc7,7c844539-83eb-4880-b86c-dd05973f0e0a,,,
,429e1778-8af4-44f4-8e44-17c7eb005c5d,7c844539-83eb-4880-b86c-dd05973f0e0a,,,
,32c422a7-8edb-4923-a299-b8278af45568,7c844539-83eb-4880-b86c-dd05973f0e0a,,,
,aef3254e-4127-4300-8162-8a1de1096bf4,7c844539-83eb-4880-b86c-dd05973f0e0a,,,
,db9159a0-2fcc-4086-a13d-ecf69723a0c8,7c844539-83eb-4880-b86c-dd05973f0e0a,,,
,95885cdb-b4fa-47f3-8266-12aaa09ac29a,7c844539-83eb-4880-b86c-dd05973f0e0a,,,
,18638b91-e23a-4e18-92bf-e95ffe611f92,7c844539-83eb-4880-b86c-dd05973f0e0a,,,
,f7d13777-81d9-49e2-8896-3eb5474c2af8,7c844539-83eb-4880-b86c-dd05973f0e0a,,,
,4e163d69-ad4b-43f2-bb7b-7cfba7fb8f54,7c844539-83eb-4880-b86c-dd05973f0e0a,,,
,3504b440-dbd5-4c4d-bc43-1af57a895794,7c844539-83eb-4880-b86c-dd05973f0e0a,,,
,b956bcc7-6611-45c1-b888-94a3c6dd3f2c,7c844539-83eb-4880-b86c-dd05973f0e0a,,,
,9aaca9eb-9751-4784-a0c5-cf80ad226561,7c844539-83eb-4880-b86c-dd05973f0e0a,,,
,0fb4d597-85d7-4503-bf26-f0f19406c6de,7c844539-83eb-4880-b86c-dd05973f0e0a,,,
,4be0c400-6a09-4df6-ae35-ee5c1f3ce96d,7c844539-83eb-4880-b86c-dd05973f0e0a,,,
,10b856a4-e7cc-45dd-9a97-2d25f73a9419,7c844539-83eb-4880-b86c-dd05973f0e0a,,,
,1814bc68-d4ce-433f-99d8-fe0610ec5bc7,7c844539-83eb-4880-b86c-dd05973f0e0a,,,
,c21b61c0-93a2-463e-9a18-e0f999a03e23,7c844539-83eb-4880-b86c-dd05973f0e0a,,,
,6e797750-8ce3-4120-b9b6-97f7a8888a1b,7c844539-83eb-4880-b86c-dd05973f0e0a,,,
,d802ca65-9975-430e-b247-160c1a5a0d74,7c844539-83eb-4880-b86c-dd05973f0e0a,,,
,199d3da3-fe40-403b-b553-6cade504dbf9,7c844539-83eb-4880-b86c-dd05973f0e0a,,,
,4743e536-a2bd-41a7-aea4-0a8be33930c9,7c844539-83eb-4880-b86c-dd05973f0e0a,,,
,796ffa3a-0942-49c7-a1f0-5304eb1a3a6f,7c844539-83eb-4880-b86c-dd05973f0e0a,,,
,449365f7-60ca-4a18-a0ed-44602763042f,7c844539-83eb-4880-b86c-dd05973f0e0a,,,
,3fcd5a57-b095-46e3-8409-b17e9d938be3,7c844539-83eb-4880-b86c-dd05973f0e0a,,,
,baa6c5c1-4803-444c-83aa-4c28fb562a16,7c844539-83eb-4880-b86c-dd05973f0e0a,,,
,98f25a3a-1765-4758-93cb-7ce602e7b859,7c844539-83eb-4880-b86c-dd05973f0e0a,,,
,9fca27eb-ad18-42a0-9aca-1947637fd3fb,7c844539-83eb-4880-b86c-dd05973f0e0a,,,
,51b06192-bc6b-4e7d-a903-e8f77a37a1d0,7c844539-83eb-4880-b86c-dd05973f0e0a,,,
,839537b0-2451-4557-abc5-6c02c6e0542f,7c844539-83eb-4880-b86c-dd05973f0e0a,,,
,40de0c32-bb1e-4b08-aad0-b6df78824334,7c844539-83eb-4880-b86c-dd05973f0e0a,,,
,fd855219-8a86-40b6-a736-bc816bf18741,7c844539-83eb-4880-b86c-dd05973f0e0a,,,
,30b294d9-0c7e-49a2-b552-b5e0d994cd61,7c844539-83eb-4880-b86c-dd05973f0e0a,,,
,e2985eb4-47e2-4b12-8486-ba9ed3e157e4,7c844539-83eb-4880-b86c-dd05973f0e0a,,,
,7ae79917-6e9c-4dbf-83fb-4aa06b90af67,7c844539-83eb-4880-b86c-dd05973f0e0a,,,
,ed9beb3d-8795-436e-b611-4ac13adbe410,7c844539-83eb-4880-b86c-dd05973f0e0a,,,
,0eba111a-7516-415d-9ee9-3e926c55eb2c,70f60247-60d3-4bce-87a8-ef397833ede6,,,
,378d2066-2400-4b03-b17c-50d6656abba9,70f60247-60d3-4bce-87a8-ef397833ede6,,,
,0b6fb438-bc30-4988-a6da-f5d155d98c00,70f60247-60d3-4bce-87a8-ef397833ede6,,,
,8b8f714c-5b84-4aea-bc7a-39986f4eafbf,70f60247-60d3-4bce-87a8-ef397833ede6,,,
,d76ccc59-672d-4ab4-ab02-d28432748f21,70f60247-60d3-4bce-87a8-ef397833ede6,,,
,9950286e-f3af-4d3e-8e52-fba5a7813dd5,70f60247-60d3-4bce-87a8-ef397833ede6,,,
,22a9ea8d-7b77-4bcf-81ab-cecf41b8d5b8,70f60247-60d3-4bce-87a8-ef397833ede6,,,
,b90c3abe-6b9c-467d-aef1-4de96e2d0fcf,70f60247-60d3-4bce-87a8-ef397833ede6,,,
,897593f3-a019-4e8c-9b80-c9fecbcda36d,70f60247-60d3-4bce-87a8-ef397833ede6,,,
,ab3de417-7277-4336-82a8-a913e4d2e53a,70f60247-60d3-4bce-87a8-ef397833ede6,,,
,b0d3474a-d2b8-4d66-9838-e5270ea7cf2d,70f60247-60d3-4bce-87a8-ef397833ede6,,,
,6a2163e0-52d6-4dda-8ce1-466dd42c8c0f,70f60247-60d3-4bce-87a8-ef397833ede6,,,
,d38fc1bc-a5ee-4df9-824c-351bae351188,70f60247-60d3-4bce-87a8-ef397833ede6,,,
,c27de654-a6b0-4a04-a3eb-17b5741a4f1f,70f60247-60d3-4bce-87a8-ef397833ede6,,,
,a5701137-11f7-476e-b8de-b7b466712aa6,70f60247-60d3-4bce-87a8-ef397833ede6,,,
,79df5d72-08e4-40eb-a13f-0a0ac90518ef,70f60247-60d3-4bce-87a8-ef397833ede6,,,
,6fc2d098-1b18-487d-b4b6-66d9fa14a4b8,70f60247-60d3-4bce-87a8-ef397833ede6,,,
,a6363084-0a36-4c3c-9dec-cdb344cc69f2,70f60247-60d3-4bce-87a8-ef397833ede6,,,
,a6a2dbe9-f284-482c-ab85-185663a87bf9,70f60247-60d3-4bce-87a8-ef397833ede6,,,
,801e31fa-dc5c-4496-9978-d2936693953f,70f60247-60d3-4bce-87a8-ef397833ede6,,,
,8c3f0efe-7d97-4f08-bad7-914ae76312b9,70f60247-60d3-4bce-87a8-ef397833ede6,,,
,8e4a7451-6cdb-429d-9468-15e2102dbf98,70f60247-60d3-4bce-87a8-ef397833ede6,,,
,433201a5-312c-4a4c-aac9-b709abf30ba3,70f60247-60d3-4bce-87a8-ef397833ede6,,,
,2f4f41f9-a4c8-4515-9016-8c62ca0e2b07,70f60247-60d3-4bce-87a8-ef397833ede6,,,
,027cb7ae-ee57-4701-81c9-93103e494879,70f60247-60d3-4bce-87a8-ef397833ede6,,,
,e09e2ac4-445a-42ff-83a6-f0ebcf39154f,70f60247-60d3-4bce-87a8-ef397833ede6,,,
,fe6df344-4852-46fa-950c-0787bbff2b2c,70f60247-60d3-4bce-87a8-ef397833ede6,,,
,1c33259d-4325-4cc0-a2fe-811cbbb60108,70f60247-60d3-4bce-87a8-ef397833ede6,,,
,251450c0-ac17-4ec7-8a17-0323e2720857,70f60247-60d3-4bce-87a8-ef397833ede6,,,
,48189e71-7192-429f-a52f-33bfa4a349b6,70f60247-60d3-4bce-87a8-ef397833ede6,,,
,889be93b-b809-4f8e-8c02-886ad2e3dba3,70f60247-60d3-4bce-87a8-ef397833ede6,,,
,03471643-61f6-4214-bf4d-e7b6e2a07f6e,70f60247-60d3-4bce-87a8-ef397833ede6,,,
,efec3ae7-4db6-449c-9593-14abd4324858,70f60247-60d3-4bce-87a8-ef397833ede6,,,
,7ff6f1aa-343e-4c96-85bc-3ab53747c4f8,70f60247-60d3-4bce-87a8-ef397833ede6,,,
,8604a396-4bb4-4e72-bb7a-c13ca9c6229d,70f60247-60d3-4bce-87a8-ef397833ede6,,,
,ef293374-a355-42a0-8336-f54662008799,70f60247-60d3-4bce-87a8-ef397833ede6,,,
,93802ce6-affb-4640-90af-6723a90c0622,70f60247-60d3-4bce-87a8-ef397833ede6,,,
,c62e78f9-923f-46ec-829a-5ffa1ffc6bcb,70f60247-60d3-4bce-87a8-ef397833ede6,,,
,4f487d26-f776-4b25-b7a2-95719fad9712,70f60247-60d3-4bce-87a8-ef397833ede6,,,
,76ff4fce-20ff-4879-8833-da697d63c417,70f60247-60d3-4bce-87a8-ef397833ede6,,,
,2ac579ac-df3e-4cdb-aee2-7af8ac27eb17,70f60247-60d3-4bce-87a8-ef397833ede6,,,
,e8341a1c-10ac-49a6-8653-bd97d383534b,70f60247-60d3-4bce-87a8-ef397833ede6,,,
,7a446b54-088b-4f59-9802-08867c6889ed,70f60247-60d3-4bce-87a8-ef397833ede6,,,
,5a2da925-ef5b-42b5-bd6e-ad00399775ce,70f60247-60d3-4bce-87a8-ef397833ede6,,,
,da9cf305-f2cd-45cc-a0f5-254cde7ff2c2,70f60247-60d3-4bce-87a8-ef397833ede6,,,
,f203be9f-53a5-4bb8-9443-4406214af78c,70f60247-60d3-4bce-87a8-ef397833ede6,,,
,40a6333a-1bc5-423a-a6ce-4bc54311209d,70f60247-60d3-4bce-87a8-ef397833ede6,,,
,68202a81-acea-40a4-acdf-d9cdcb989d51,70f60247-60d3-4bce-87a8-ef397833ede6,,,
,a2867912-bb65-4a2c-b3a5-b77e1bafb980,70f60247-60d3-4bce-87a8-ef397833ede6,,,
,915d15e6-5b5c-4be3-a02d-976227a52d29,70f60247-60d3-4bce-87a8-ef397833ede6,,,
,aca95d04-6bcf-4efe-b652-b86b6bf970ee,70f60247-60d3-4bce-87a8-ef397833ede6,,,
,b3b4e0a2-7a57-460f-a23b-424f662f308e,70f60247-60d3-4bce-87a8-ef397833ede6,,,
,ae1b18ea-bfed-4bbc-abaa-b6d064117cdc,70f60247-60d3-4bce-87a8-ef397833ede6,,,
,d2d1e952-0443-48d8-86d4-cf8c034da838,70f60247-60d3-4bce-87a8-ef397833ede6,,,
,63b20322-bad7-4974-ae69-249cad609e2a,70f60247-60d3-4bce-87a8-ef397833ede6,,,
,8b377d9e-290c-45fd-9ecf-88fb2d28c54c,70f60247-60d3-4bce-87a8-ef397833ede6,,,
,835838b2-c618-494a-b1e4-79d2f43d9886,70f60247-60d3-4bce-87a8-ef397833ede6,,,
,0714ca9c-ada1-44c2-a78f-855d0b8c2f90,70f60247-60d3-4bce-87a8-ef397833ede6,,,
,02ff6876-ba86-4259-a328-017dcc910e98,70f60247-60d3-4bce-87a8-ef397833ede6,,,
,76976be4-8736-4f74-bada-2ce3781012e1,70f60247-60d3-4bce-87a8-ef397833ede6,,,
,af3d8334-4605-4c36-81bf-d092fa0bda39,70f60247-60d3-4bce-87a8-ef397833ede6,,,
,2295e6b3-e272-4b10-ab32-3bc56cfb4856,70f60247-60d3-4bce-87a8-ef397833ede6,,,
,2d4ce6f0-71b5-42c0-b219-4a3ed2abc3c8,70f60247-60d3-4bce-87a8-ef397833ede6,,,
,b8c41fbe-79f4-4ee0-8f7a-e0c3cbf56ede,70f60247-60d3-4bce-87a8-ef397833ede6,,,
,d3afbfcc-8ac5-4b70-9545-0ea0697ff330,70f60247-60d3-4bce-87a8-ef397833ede6,,,
,a45ef381-7e36-4a03-b8e1-b46756b38c39,70f60247-60d3-4bce-87a8-ef397833ede6,,,
,094b303e-3a6b-446a-818d-014115094e49,70f60247-60d3-4bce-87a8-ef397833ede6,,,
,0357e3d8-dada-4f65-91e3-d89414629efd,70f60247-60d3-4bce-87a8-ef397833ede6,,,
,071b61b9-b21d-4b0d-959d-212d51e4f41d,70f60247-60d3-4bce-87a8-ef397833ede6,,,
,7ff827a0-5161-4578-9c65-ad5b0b111d9a,70f60247-60d3-4bce-87a8-ef397833ede6,,,
,7890ab3e-2658-43f8-b1a0-4242862bbe9c,70f60247-60d3-4bce-87a8-ef397833ede6,,,
,0bace25e-001d-4081-9673-5bd4c7679e8f,70f60247-60d3-4bce-87a8-ef397833ede6,,,
,f8f91bc0-1bfe-433d-880c-0883b7e81ed4,70f60247-60d3-4bce-87a8-ef397833ede6,,,
,0dc82b65-e227-43bd-ac86-56be00b6dad5,70f60247-60d3-4bce-87a8-ef397833ede6,,,
,a189590e-dcb9-4bb2-8c7d-f1fc83e91562,70f60247-60d3-4bce-87a8-ef397833ede6,,,
,2a95d8e6-4a60-470e-8eab-98e47f33fa44,70f60247-60d3-4bce-87a8-ef397833ede6,,,
,1b894bda-4a6e-4d82-b5ec-0a58e96e397f,70f60247-60d3-4bce-87a8-ef397833ede6,,,
,ffef39a9-aab0-430e-b507-165675e04eae,b28bcd2f-98c3-4e0e-bbae-d05d48bf82e9,,,
,99803adc-883b-4463-8737-641d6b3298b3,b28bcd2f-98c3-4e0e-bbae-d05d48bf82e9,,,
,484b8c81-f5a7-4c07-9527-def293312600,b28bcd2f-98c3-4e0e-bbae-d05d48bf82e9,,,
,4089edeb-64d3-42a3-acd4-c8b6c3f3c69b,b28bcd2f-98c3-4e0e-bbae-d05d48bf82e9,,,
,379f9da4-1f8e-4040-af6f-d445ab32361c,b28bcd2f-98c3-4e0e-bbae-d05d48bf82e9,,,
,6a232026-d9d4-41f0-8844-1641c5605fff,b28bcd2f-98c3-4e0e-bbae-d05d48bf82e9,,,
,39c41498-807c-4e70-a515-ea3763c74a97,b28bcd2f-98c3-4e0e-bbae-d05d48bf82e9,,,
,e036d321-94b3-46d7-989a-16bb93a8ea09,b28bcd2f-98c3-4e0e-bbae-d05d48bf82e9,,,
,5eb6feba-4bf3-4c77-91a9-9b22a314254c,b28bcd2f-98c3-4e0e-bbae-d05d48bf82e9,,,
,0bcbc168-189b-4157-8eb9-d4599e67ec2e,b28bcd2f-98c3-4e0e-bbae-d05d48bf82e9,,,
,91fe30ad-7c84-486f-a07d-952f3ed90a48,b28bcd2f-98c3-4e0e-bbae-d05d48bf82e9,,,
,2bc98307-88c6-40c0-ada4-11b2aa6d73de,b28bcd2f-98c3-4e0e-bbae-d05d48bf82e9,,,
,102fd868-5d36-413e-8e08-0135072952ca,b28bcd2f-98c3-4e0e-bbae-d05d48bf82e9,,,
,c416e14d-d754-4946-a914-fe655262cca9,b28bcd2f-98c3-4e0e-bbae-d05d48bf82e9,,,
,5b395cd4-a08e-4648-b283-ebe24e15fb34,b28bcd2f-98c3-4e0e-bbae-d05d48bf82e9,,,
,3b993b43-dc1b-4c05-8346-4865baf88db0,b28bcd2f-98c3-4e0e-bbae-d05d48bf82e9,,,
,a7b1a375-3eee-41af-a527-e00f245bbf19,b28bcd2f-98c3-4e0e-bbae-d05d48bf82e9,,,
,61bde8e6-a4f8-4182-aeb5-a8fd5648525c,b28bcd2f-98c3-4e0e-bbae-d05d48bf82e9,,,
,f5c07a53-9241-4df2-a764-6b020505209c,b28bcd2f-98c3-4e0e-bbae-d05d48bf82e9,,,
,01fa88a8-c8dc-4e69-aa1d-610b282b8b85,b28bcd2f-98c3-4e0e-bbae-d05d48bf82e9,,,
,aec1290d-1f28-4242-ba69-6c871e99c94b,b28bcd2f-98c3-4e0e-bbae-d05d48bf82e9,,,
,f86f5c36-18e0-4329-a2ca-f68bfa6158a7,b28bcd2f-98c3-4e0e-bbae-d05d48bf82e9,,,
,f62a3f2f-1166-4358-9347-65abe4229185,b28bcd2f-98c3-4e0e-bbae-d05d48bf82e9,,,
,be6b412f-78e1-4ebb-981b-6db9a50785ca,b28bcd2f-98c3-4e0e-bbae-d05d48bf82e9,,,
,875f00b6-9624-4a66-a4eb-62c76b85a476,b28bcd2f-98c3-4e0e-bbae-d05d48bf82e9,,,
,9d7378b5-48a1-40db-a9c0-eea017aed488,b28bcd2f-98c3-4e0e-bbae-d05d48bf82e9,,,
,fcf44ddd-84d8-4211-9d86-b9ab5f6c70e3,b28bcd2f-98c3-4e0e-bbae-d05d48bf82e9,,,
,be99497f-c2f1-44eb-9bab-f7a0684f1476,b28bcd2f-98c3-4e0e-bbae-d05d48bf82e9,,,
,acf364f4-5ff9-474a-8013-c98942d9dbc7,b28bcd2f-98c3-4e0e-bbae-d05d48bf82e9,,,
,59ed7847-5dfb-4cdc-8a88-1ef919041408,b28bcd2f-98c3-4e0e-bbae-d05d48bf82e9,,,
,4a975ed6-caa0-4023-b5af-083154a3f0b3,b28bcd2f-98c3-4e0e-bbae-d05d48bf82e9,,,
,c75eaf96-6f49-4b8b-aaa5-9c10290840f3,b28bcd2f-98c3-4e0e-bbae-d05d48bf82e9,,,
,b55f5d1c-a50b-4bb4-9986-fe8f1d103140,b28bcd2f-98c3-4e0e-bbae-d05d48bf82e9,,,
,2c36b842-6880-47ad-b500-c122d06cb3d7,b28bcd2f-98c3-4e0e-bbae-d05d48bf82e9,,,
,0b107ed7-fbf7-44d6-9fcc-efea70b87ff1,b28bcd2f-98c3-4e0e-bbae-d05d48bf82e9,,,
,bef67466-8f27-47ed-b1b7-b00eaf57c989,b28bcd2f-98c3-4e0e-bbae-d05d48bf82e9,,,
,569fac08-7bfb-43a9-97f2-0277ce7d6b25,b28bcd2f-98c3-4e0e-bbae-d05d48bf82e9,,,
,825e833d-66f8-4b10-9687-7d756d19bd62,b28bcd2f-98c3-4e0e-bbae-d05d48bf82e9,,,
,ebc4d02e-8954-45fb-968e-f42debd33499,b28bcd2f-98c3-4e0e-bbae-d05d48bf82e9,,,
,bd75c6df-7a95-409b-83bf-e68726fd1575,b28bcd2f-98c3-4e0e-bbae-d05d48bf82e9,,,
,0904f6d7-3a1d-4c32-a978-38b746171394,b28bcd2f-98c3-4e0e-bbae-d05d48bf82e9,,,
,c215c452-a6f0-48aa-a24d-82dd3b1c85d1,b28bcd2f-98c3-4e0e-bbae-d05d48bf82e9,,,
,bd53fe19-59e0-4e54-9a6a-e75b1cb6a2b6,b28bcd2f-98c3-4e0e-bbae-d05d48bf82e9,,,
,c996954b-1429-4669-aa71-8545212bfdce,b28bcd2f-98c3-4e0e-bbae-d05d48bf82e9,,,
,e39e8bed-4fc5-4756-ac61-c6bea41c5fa9,b28bcd2f-98c3-4e0e-bbae-d05d48bf82e9,,,
,65d0675e-38be-4321-968c-899736a89868,b28bcd2f-98c3-4e0e-bbae-d05d48bf82e9,,,
,95c39424-f973-475b-a0e0-80b0ae42c27f,b28bcd2f-98c3-4e0e-bbae-d05d48bf82e9,,,
,3602064a-8da8-438c-b02c-8181569a7945,b28bcd2f-98c3-4e0e-bbae-d05d48bf82e9,,,
,4f86a0ef-b799-4419-9d2c-670c5af028b8,b28bcd2f-98c3-4e0e-bbae-d05d48bf82e9,,,
,c66d432a-7d3e-455f-8605-a743f5cd751c,b28bcd2f-98c3-4e0e-bbae-d05d48bf82e9,,,
,fc573670-e2a6-4ff1-a083-b1ab2b975d77,b28bcd2f-98c3-4e0e-bbae-d05d48bf82e9,,,
,f57f1071-cfde-4219-b802-7733175ef4d4,b28bcd2f-98c3-4e0e-bbae-d05d48bf82e9,,,
,3c744e54-fc4d-4cb0-b8e6-720df0dc0007,b28bcd2f-98c3-4e0e-bbae-d05d48bf82e9,,,
,587ea95a-f2ab-41d3-b4ad-bdfec115fe63,b28bcd2f-98c3-4e0e-bbae-d05d48bf82e9,,,
,65ca829d-cbef-4ad2-81e0-ddfc0e555d84,b28bcd2f-98c3-4e0e-bbae-d05d48bf82e9,,,
,f1c24b01-2c5e-4ab5-83e7-7f3035fd341a,b28bcd2f-98c3-4e0e-bbae-d05d48bf82e9,,,
,56f9dba2-de15-4686-a1a9-c0cf7b3a4511,b28bcd2f-98c3-4e0e-bbae-d05d48bf82e9,,,
,347ef607-a87c-434d-b4b9-cea04ee58483,b28bcd2f-98c3-4e0e-bbae-d05d48bf82e9,,,
,b0988eb1-0760-4132-b9f2-461f5bdbc5a9,b28bcd2f-98c3-4e0e-bbae-d05d48bf82e9,,,
,1dd640b4-47b7-4265-91db-71bc92f2ef81,b28bcd2f-98c3-4e0e-bbae-d05d48bf82e9,,,
,015ea73c-aef2-40ee-87df-cfe3e145091f,b28bcd2f-98c3-4e0e-bbae-d05d48bf82e9,,,
,a0ac312b-990d-4a1c-9a40-0d222f1ca717,b28bcd2f-98c3-4e0e-bbae-d05d48bf82e9,,,
,6e8910d2-d618-4914-8a50-d78631afed79,b28bcd2f-98c3-4e0e-bbae-d05d48bf82e9,,,
,a4b50ba2-9c66-42fe-af66-643dff517e5b,b28bcd2f-98c3-4e0e-bbae-d05d48bf82e9,,,
,6ba3d4fb-95e3-466e-a1d5-e15c1dcc57f9,b28bcd2f-98c3-4e0e-bbae-d05d48bf82e9,,,
,4731e47e-977f-4a98-aec5-dad06d118f30,b28bcd2f-98c3-4e0e-bbae-d05d48bf82e9,,,
,1e073394-54ba-49d6-8a66-595ad059bda9,b28bcd2f-98c3-4e0e-bbae-d05d48bf82e9,,,
,ec7a1545-386f-48fa-bc3c-777a3a645eb4,b28bcd2f-98c3-4e0e-bbae-d05d48bf82e9,,,
,4aec21b4-f43e-4877-8565-548610f879c4,9c7269de-e6b3-4482-ba69-736a23782685,,,
,c7764d05-563d-4be6-97d2-92fce24d2d85,9c7269de-e6b3-4482-ba69-736a23782685,,,
,3a4f2f28-328a-4486-b20b-952bb308b994,9c7269de-e6b3-4482-ba69-736a23782685,,,
,d35d3392-c12d-4f01-b97b-6f54bc3182cb,9c7269de-e6b3-4482-ba69-736a23782685,,,
,1c79a2ef-6a6c-41b0-8b5c-962c6accabd2,9c7269de-e6b3-4482-ba69-736a23782685,,,
,56c83505-f49e-4d5f-b0be-7a2eefe0c526,9c7269de-e6b3-4482-ba69-736a23782685,,,
,12de05ec-631e-429d-ac19-f0dcb413765b,9c7269de-e6b3-4482-ba69-736a23782685,,,
,042195c0-8be1-43d3-8e2a-e0ca811ec3cd,9c7269de-e6b3-4482-ba69-736a23782685,,,
,ecc0bb0c-f475-4df7-b866-59b7d1efd1c7,9c7269de-e6b3-4482-ba69-736a23782685,,,
,a037a34b-db81-44b6-a212-2fa6f61e680b,9c7269de-e6b3-4482-ba69-736a23782685,,,
,3250baa1-8882-4055-9f83-c599cf22e466,9c7269de-e6b3-4482-ba69-736a23782685,,,
,40f9b769-3f23-4369-8304-9c333c0a8380,9c7269de-e6b3-4482-ba69-736a23782685,,,
,5a85dde1-b9fb-494c-8cc8-9f575541c9d4,9c7269de-e6b3-4482-ba69-736a23782685,,,
,649cc042-fd47-4108-80f2-98e2dda291ef,9c7269de-e6b3-4482-ba69-736a23782685,,,
,6dcbd55d-29ab-48a3-a183-b35d2efbb5e9,9c7269de-e6b3-4482-ba69-736a23782685,,,
,da69b1f2-1e35-4ffb-b5e7-4c0bd1220177,9c7269de-e6b3-4482-ba69-736a23782685,,,
,9fde8941-f018-4733-8e63-04cd36e2213b,9c7269de-e6b3-4482-ba69-736a23782685,,,
,9a5ab133-b58d-441f-986c-31aac20f9cb8,9c7269de-e6b3-4482-ba69-736a23782685,,,
,7708ca4b-65c2-41e0-86ee-27010cb7fe34,9c7269de-e6b3-4482-ba69-736a23782685,,,
,3ab9e79c-66ab-403d-a2a9-5bb8e86067ff,9c7269de-e6b3-4482-ba69-736a23782685,,,
,7fd682a0-bec8-4e02-bb39-efddd56ece49,9c7269de-e6b3-4482-ba69-736a23782685,,,
,3062cf5f-1275-44a9-9e24-400f75a74daf,9c7269de-e6b3-4482-ba69-736a23782685,,,
,8e801168-aa49-4cff-8eb4-3b90dbe29abf,9c7269de-e6b3-4482-ba69-736a23782685,,,
,5a4ab7be-54fe-41fe-a34f-5e26b4c9c98d,9c7269de-e6b3-4482-ba69-736a23782685,,,
,3e1d0726-18a7-42c9-8bf2-47488f6382b8,9c7269de-e6b3-4482-ba69-736a23782685,,,
,f9091404-5d1e-41ca-9b30-df60bab87fcd,9c7269de-e6b3-4482-ba69-736a23782685,,,
,d7f60214-64f1-4545-958f-a99cac438282,9c7269de-e6b3-4482-ba69-736a23782685,,,
,c0371ed8-b954-4978-8479-2419802985c7,9c7269de-e6b3-4482-ba69-736a23782685,,,
,3f96be7f-3727-44f3-a851-4823dac33a85,9c7269de-e6b3-4482-ba69-736a23782685,,,
,42f6d627-8fd9-4550-b912-f15f5380e525,9c7269de-e6b3-4482-ba69-736a23782685,,,
,810eb246-e943-464f-8cbf-9f0f84029390,9c7269de-e6b3-4482-ba69-736a23782685,,,
,24119ded-065c-496a-8182-4095ffab2279,9c7269de-e6b3-4482-ba69-736a23782685,,,
,03e35677-5b2a-45d8-9f16-7ad110ba6b2f,9c7269de-e6b3-4482-ba69-736a23782685,,,
,34b1dafd-ea07-4e43-80d9-70e60dc62426,9c7269de-e6b3-4482-ba69-736a23782685,,,
,14323ea4-2743-43b1-9979-1d1c0284cd08,9c7269de-e6b3-4482-ba69-736a23782685,,,
,349e3560-92a5-4415-b2b2-8f61cc0c2d9e,9c7269de-e6b3-4482-ba69-736a23782685,,,
,4bff0435-7ffe-4592-a3c6-d60bc67df0ea,9c7269de-e6b3-4482-ba69-736a23782685,,,
,c72c8ada-54ef-4e90-a7e4-af28af72a5b1,9c7269de-e6b3-4482-ba69-736a23782685,,,
,a5acb8f3-d778-4c86-8fc1-e62561a679cd,9c7269de-e6b3-4482-ba69-736a23782685,,,
,b9957513-1881-40c2-8524-2dd9e5e6a90c,9c7269de-e6b3-4482-ba69-736a23782685,,,
,598790ce-05f1-44fc-99b2-99ecc9050d62,9c7269de-e6b3-4482-ba69-736a23782685,,,
,52c24e45-bde3-4b88-8560-66e23e0a649e,9c7269de-e6b3-4482-ba69-736a23782685,,,
,95f58cc7-cd80-49e5-9d92-058ee7088800,9c7269de-e6b3-4482-ba69-736a23782685,,,
,b8657afe-301f-4480-8916-15cdc084b09b,9c7269de-e6b3-4482-ba69-736a23782685,,,
,af77e637-6af2-4e63-ba29-32a6734a483b,9c7269de-e6b3-4482-ba69-736a23782685,,,
,bec865cf-6967-493c-bddb-fb03067ee79a,9c7269de-e6b3-4482-ba69-736a23782685,,,
,796efbdb-fae2-4240-bced-df6996ae91f4,9c7269de-e6b3-4482-ba69-736a23782685,,,
,1fa4ae49-bcb3-4f0e-ba50-ae2871a66a12,9c7269de-e6b3-4482-ba69-736a23782685,,,
,7a0e4fa5-75f5-40d5-92c0-72f95a1b5bc0,9c7269de-e6b3-4482-ba69-736a23782685,,,
,50f356f5-3d8e-4e26-bfd4-87d7393bd1b3,9c7269de-e6b3-4482-ba69-736a23782685,,,
,87767af1-a6c4-4d69-b71e-886ab6d50656,9c7269de-e6b3-4482-ba69-736a23782685,,,
,de094349-9864-4d69-b2c4-66a4fde5a723,9c7269de-e6b3-4482-ba69-736a23782685,,,
,65a42fb7-b038-4538-b0d4-6d6e2fd235bd,9c7269de-e6b3-4482-ba69-736a23782685,,,
,40f7b7c9-a5d9-42de-ac7e-bc3f8c11e288,9c7269de-e6b3-4482-ba69-736a23782685,,,
,31959ac3-56e0-4024-aaf1-fb422e5b891c,9c7269de-e6b3-4482-ba69-736a23782685,,,
,13a791e2-f8c3-4ac5-a272-907794add034,9c7269de-e6b3-4482-ba69-736a23782685,,,
,23908f92-1db9-42c7-8e9d-09d32dcfd5e1,9c7269de-e6b3-4482-ba69-736a23782685,,,
,c634cb13-cb6a-4346-9d86-17f8003ab432,9c7269de-e6b3-4482-ba69-736a23782685,,,
,86de8ee3-c346-45dc-a40d-3896e9555e0c,9c7269de-e6b3-4482-ba69-736a23782685,,,
,7a39a6ad-c09a-424e-b60b-c8fbeeda0173,9c7269de-e6b3-4482-ba69-736a23782685,,,
,0d143d10-f8b0-4cde-af8e-20d16c65824a,9c7269de-e6b3-4482-ba69-736a23782685,,,
,d4c37929-37a3-4f41-a093-bdfddd5ceae3,9c7269de-e6b3-4482-ba69-736a23782685,,,
,62ee797a-e7f1-4f27-b04f-e97b4e976550,9c7269de-e6b3-4482-ba69-736a23782685,,,
,0434276c-d581-4952-8d11-7221ea3a96c4,9c7269de-e6b3-4482-ba69-736a23782685,,,
,992d14af-f66d-4eb3-8bef-b886f2b9c054,9c7269de-e6b3-4482-ba69-736a23782685,,,
,e7f661b2-52f1-4e78-a72e-f892b6bd5dd4,9c7269de-e6b3-4482-ba69-736a23782685,,,
,e5f47cdf-7fa1-4f91-9024-8e8091e7d967,9c7269de-e6b3-4482-ba69-736a23782685,,,
,62cd47bc-bcbe-4859-b7e7-51bf9f8b80e1,9c7269de-e6b3-4482-ba69-736a23782685,,,
,3ef0667d-aea2-4ad2-8a1c-53b2a146c480,9c7269de-e6b3-4482-ba69-736a23782685,,,
,00b9c3bd-ed63-4f5f-8c34-de310e3b09ea,9c7269de-e6b3-4482-ba69-736a23782685,,,
,90aa6b7c-6e6a-4722-8309-950b915c6f58,9c7269de-e6b3-4482-ba69-736a23782685,,,
,6a012bc6-a4f4-43da-b17b-69e976065ddd,9c7269de-e6b3-4482-ba69-736a23782685,,,
,10bccca3-7dc9-42ad-b39c-697efe1dda11,9c7269de-e6b3-4482-ba69-736a23782685,,,
,2bb8bd78-bdaa-4fc3-a47a-6d6f98ae5fe1,9c7269de-e6b3-4482-ba69-736a23782685,,,
,20f2d21a-a177-4fcc-bbf0-1cac03e6612f,9c7269de-e6b3-4482-ba69-736a23782685,,,
,ec80747d-6d34-45e8-9901-0f457053a1d6,9c7269de-e6b3-4482-ba69-736a23782685,,,
,b6971066-32a9-43a8-a863-f5a514aa1dac,9c7269de-e6b3-4482-ba69-736a23782685,,,
,c6f9fbcf-ba67-420b-ab25-48d008a8556f,9c7269de-e6b3-4482-ba69-736a23782685,,,
,83ee5f06-f7a6-437e-b3f2-6b484f1cb165,9c7269de-e6b3-4482-ba69-736a23782685,,,
,801ef408-c367-4e7e-878d-384e4304fdb4,9c7269de-e6b3-4482-ba69-736a23782685,,,
,45113385-f6be-4983-9ed4-39b47796524e,9c7269de-e6b3-4482-ba69-736a23782685,,,
,411a3679-7c8d-499e-a9a7-6ca3036560eb,9c7269de-e6b3-4482-ba69-736a23782685,,,
,b1aa3823-c388-40e7-a9ca-7ee57ae50359,9c7269de-e6b3-4482-ba69-736a23782685,,,
,6df34cb7-f7d0-4389-b8a4-5d7c3354873c,9c7269de-e6b3-4482-ba69-736a23782685,,,
,565b3785-7a2b-46e4-93bf-a8a03e8d6e8a,9c7269de-e6b3-4482-ba69-736a23782685,,,
,000fa236-6f66-4c0b-b876-8c6ac997e119,9c7269de-e6b3-4482-ba69-736a23782685,,,
,d9528c8c-86f5-4fd8-9185-06319c4bc047,9c7269de-e6b3-4482-ba69-736a23782685,,,
,4893b43e-0f63-48df-b31d-c770e19e747a,9c7269de-e6b3-4482-ba69-736a23782685,,,
,26a8606a-677f-4166-b5e1-515f2b2e9098,9c7269de-e6b3-4482-ba69-736a23782685,,,
,bbb1623c-7f94-4492-b1ea-b8fa93ef1190,9c7269de-e6b3-4482-ba69-736a23782685,,,
,d352ed44-9006-4c97-bf05-d9d9dcf39a9b,9c7269de-e6b3-4482-ba69-736a23782685,,,
,e89d76e2-8d99-47c2-ad5d-c9c5a4319a68,9c7269de-e6b3-4482-ba69-736a23782685,,,
,2327f7be-db55-400b-83a9-773c1181f94d,9c7269de-e6b3-4482-ba69-736a23782685,,,
,aed0391a-275d-4c5f-bd1b-2104f739eb59,9c7269de-e6b3-4482-ba69-736a23782685,,,
,6dd62274-f6d5-4d27-95e5-134dd975d939,9c7269de-e6b3-4482-ba69-736a23782685,,,
,737d6823-1725-4dd6-bb6b-82d3df118c9f,9c7269de-e6b3-4482-ba69-736a23782685,,,
,04d0ac95-aedb-4718-ae9a-5452c135e13f,9c7269de-e6b3-4482-ba69-736a23782685,,,
,cf928dd8-ec82-4c51-ac93-de2476241386,9c7269de-e6b3-4482-ba69-736a23782685,,,
,0d73fc29-3d63-4546-ae41-9edcd1b76639,9c7269de-e6b3-4482-ba69-736a23782685,,,
,d1dd78ea-86b8-4a05-8291-c9804393d73c,9c7269de-e6b3-4482-ba69-736a23782685,,,
,2481ee37-20e5-4d1f-83b3-29fc35a50aea,9c7269de-e6b3-4482-ba69-736a23782685,,,
,51c710a7-f005-4be0-9546-ed4bfe649646,9c7269de-e6b3-4482-ba69-736a23782685,,,
,90eba44b-38ee-4413-9ab2-1c3c2b7f4ff1,9c7269de-e6b3-4482-ba69-736a23782685,,,
,f2e0d333-ba86-4cad-86e9-131ce53d787c,9c7269de-e6b3-4482-ba69-736a23782685,,,
,b0b7cb22-0fe9-49dd-8d07-37f1495bcbb7,9c7269de-e6b3-4482-ba69-736a23782685,,,
,2fe150f6-38e3-4569-8fa6-6ea2abfcb1d3,9c7269de-e6b3-4482-ba69-736a23782685,,,
,d06bfe8f-8502-4f13-9f20-593eb94972c5,9c7269de-e6b3-4482-ba69-736a23782685,,,
,65238f65-c31a-4e6c-9406-7851f3751bfd,9c7269de-e6b3-4482-ba69-736a23782685,,,
,eb8d17d6-027f-4238-920b-df634255a2d1,9c7269de-e6b3-4482-ba69-736a23782685,,,
,9cc9676a-804d-4ac7-a75d-dcf3aa98b551,9c7269de-e6b3-4482-ba69-736a23782685,,,
,294f0816-aa15-4603-8106-1220210e54d8,9c7269de-e6b3-4482-ba69-736a23782685,,,
,ac4a3b07-211c-4ba4-ac9f-99fb697cf235,9c7269de-e6b3-4482-ba69-736a23782685,,,
,62dae4e1-b893-405d-897b-7aebffe275d0,9c7269de-e6b3-4482-ba69-736a23782685,,,
,fe54704b-c9a5-49af-8e97-a0229066c100,9c7269de-e6b3-4482-ba69-736a23782685,,,
,8dc5f83f-93cd-488d-9a05-b4313bdfb9e3,9c7269de-e6b3-4482-ba69-736a23782685,,,
,93ab0698-b930-47c5-ac49-f9d5aa470323,ecb74426-adfd-416f-90ce-ac1136940e59,,,
,088ead6d-ac76-42ef-a85f-292b21b26aec,ecb74426-adfd-416f-90ce-ac1136940e59,,,
,1d0e19f0-8903-4689-9e9d-955ea1ea61f5,ecb74426-adfd-416f-90ce-ac1136940e59,,,
,697ae1bc-0c6e-497c-98ab-efcf38cd45a2,ecb74426-adfd-416f-90ce-ac1136940e59,,,
,11fae82d-539b-4820-956f-43aee10327f0,ecb74426-adfd-416f-90ce-ac1136940e59,,,
,5c0c27dd-0295-4e03-97de-921785d74c62,ecb74426-adfd-416f-90ce-ac1136940e59,,,
,1a0f4004-7854-417d-aa8a-16884843bdaf,ecb74426-adfd-416f-90ce-ac1136940e59,,,
,1261b1ac-5ad3-4789-a1dd-267d1d2457c9,ecb74426-adfd-416f-90ce-ac1136940e59,,,
,89187b35-5785-41b8-bf20-09ebff1d448b,ecb74426-adfd-416f-90ce-ac1136940e59,,,
,4ad82961-3cf8-44d8-8ac3-7e4dd28c2700,ecb74426-adfd-416f-90ce-ac1136940e59,,,
,048b03f5-0193-4229-9c9a-6b36b9ad0b3a,ecb74426-adfd-416f-90ce-ac1136940e59,,,
,03e9714e-13e3-46be-b960-bbbe28a10c8c,ecb74426-adfd-416f-90ce-ac1136940e59,,,
,a1791045-e184-4cd8-b62f-30ca1912a65b,ecb74426-adfd-416f-90ce-ac1136940e59,,,
,2e1c7200-6078-4282-bf43-6a3f181dcd3a,ecb74426-adfd-416f-90ce-ac1136940e59,,,
,639e69c1-fee3-452f-bc18-c79a65c2cb9c,ecb74426-adfd-416f-90ce-ac1136940e59,,,
,7747e0a4-1970-4c01-b4d2-b21b049f9f8e,ecb74426-adfd-416f-90ce-ac1136940e59,,,
,c5da8fff-56ed-4281-b8b1-8a3a34f2158e,ecb74426-adfd-416f-90ce-ac1136940e59,,,
,288495a6-b4db-4c62-bcd7-00eb0bdd7f75,ecb74426-adfd-416f-90ce-ac1136940e59,,,
,a2de0323-9b54-495d-af04-cd08ccbd2c44,ecb74426-adfd-416f-90ce-ac1136940e59,,,
,d722ae1e-38ea-4bd5-bc0c-d7a1aa0e17cb,ecb74426-adfd-416f-90ce-ac1136940e59,,,
,47ddc00b-a6c0-422b-a463-f76fbd84ec92,ecb74426-adfd-416f-90ce-ac1136940e59,,,
,f2d43c2c-4e19-45af-81a7-3cb0fa5f4a84,ecb74426-adfd-416f-90ce-ac1136940e59,,,
,a3e3e2d9-6afc-42ce-8808-5ad5205a0793,ecb74426-adfd-416f-90ce-ac1136940e59,,,
,01662156-37e9-496e-898b-71914db51432,ecb74426-adfd-416f-90ce-ac1136940e59,,,
,aae2354c-37bd-46cc-a44c-ff6d0b6796c1,ecb74426-adfd-416f-90ce-ac1136940e59,,,
,6e64d9f5-4be7-47f5-b25c-1a9bdb3de1db,ecb74426-adfd-416f-90ce-ac1136940e59,,,
,b8e7c143-1c26-4182-b8af-e37e0343088d,ecb74426-adfd-416f-90ce-ac1136940e59,,,
,d72ab4f7-2c46-48a6-bfea-1a2d3f61c9aa,ecb74426-adfd-416f-90ce-ac1136940e59,,,
,988ca2d8-e3b7-4c2f-adee-68d7d0967187,ecb74426-adfd-416f-90ce-ac1136940e59,,,
,af3fc503-097f-457d-ba95-9dbeb364f986,ecb74426-adfd-416f-90ce-ac1136940e59,,,
,6392f369-8364-4d92-9524-f19ec7dcb3b4,ecb74426-adfd-416f-90ce-ac1136940e59,,,
,d36326d1-8c46-4383-a980-c98ccbc3a913,ecb74426-adfd-416f-90ce-ac1136940e59,,,
,f23f3adf-1d05-41e3-82c5-e3354d1f315a,ecb74426-adfd-416f-90ce-ac1136940e59,,,
,531c11a2-236a-4931-a390-f20ecbe50dd4,ecb74426-adfd-416f-90ce-ac1136940e59,,,
,d25063df-c30d-4e35-ae32-9979225573db,ecb74426-adfd-416f-90ce-ac1136940e59,,,
,83ece95d-b434-4471-9ae1-11961e9183a0,ecb74426-adfd-416f-90ce-ac1136940e59,,,
,0c50204b-d0e9-488f-a2e0-cdb63ff27d68,ecb74426-adfd-416f-90ce-ac1136940e59,,,
,76474941-ec40-4271-8aff-da2e306bca15,ecb74426-adfd-416f-90ce-ac1136940e59,,,
,ae9e6ef8-8dea-4f40-b991-4d996b05eb4f,ecb74426-adfd-416f-90ce-ac1136940e59,,,
,7a07c2aa-752c-446c-8aef-b9492d70234c,ecb74426-adfd-416f-90ce-ac1136940e59,,,
,4999fcf8-f64c-405d-9f2d-aa6ffbcc1326,ecb74426-adfd-416f-90ce-ac1136940e59,,,
,323b850d-6180-437e-8a35-8752174c337e,ecb74426-adfd-416f-90ce-ac1136940e59,,,
,1cd2391b-55fa-40e5-981e-cde441f0a2ea,ecb74426-adfd-416f-90ce-ac1136940e59,,,
,0be3074e-bed9-4b9b-8e8f-38f963f225dc,ecb74426-adfd-416f-90ce-ac1136940e59,,,
,0309cb7d-921c-4b9f-be22-cf80799d8b51,ecb74426-adfd-416f-90ce-ac1136940e59,,,
,579cc0c2-3f6a-477b-aafd-1030e51be9a8,ecb74426-adfd-416f-90ce-ac1136940e59,,,
,a8b051e1-13ac-4d8d-8697-410522f0f1d9,ecb74426-adfd-416f-90ce-ac1136940e59,,,
,b1d1e275-75b4-47a2-b337-f5c062005794,ecb74426-adfd-416f-90ce-ac1136940e59,,,
,dc8bc30c-6f3e-4a79-83cf-1155883af2e1,ecb74426-adfd-416f-90ce-ac1136940e59,,,
,5bd3ca7a-7a90-454a-8579-2c964a8398d7,ecb74426-adfd-416f-90ce-ac1136940e59,,,
,90175e56-d980-4f55-965e-2dfae2aabc47,ecb74426-adfd-416f-90ce-ac1136940e59,,,
,909504d8-484f-40b9-8ba6-cc748f91990b,ecb74426-adfd-416f-90ce-ac1136940e59,,,
,c5e3c420-b6e3-4207-9b34-dc705884477e,ecb74426-adfd-416f-90ce-ac1136940e59,,,
,778bbc65-c753-4229-8a91-a218a3a9fbcf,ecb74426-adfd-416f-90ce-ac1136940e59,,,
,ca818051-19b7-449b-8d07-661ed93c4070,ecb74426-adfd-416f-90ce-ac1136940e59,,,
,6ef86c72-0e92-4827-b932-dd7c1891a85e,ecb74426-adfd-416f-90ce-ac1136940e59,,,
,2bd9d97e-4836-4571-948d-a38666b0d224,ecb74426-adfd-416f-90ce-ac1136940e59,,,
,b0645965-273a-4a17-b7a2-40fe6fb510af,ecb74426-adfd-416f-90ce-ac1136940e59,,,
,0fc9c4b6-d60c-4037-a63b-5f2f865988cf,ecb74426-adfd-416f-90ce-ac1136940e59,,,
,a76e5e36-1a43-4d96-a30c-7a5b654b217b,ecb74426-adfd-416f-90ce-ac1136940e59,,,
,02bee70d-4c86-48fc-a8de-eac9f4c2d580,ecb74426-adfd-416f-90ce-ac1136940e59,,,
,18f89000-0f7e-4568-a07d-bb6e9aaa8359,ecb74426-adfd-416f-90ce-ac1136940e59,,,
,e4d0b301-8190-4fca-8756-8fdf0239363a,ecb74426-adfd-416f-90ce-ac1136940e59,,,
,581397f7-a61f-4867-8a5b-18cc68e7dfbf,ecb74426-adfd-416f-90ce-ac1136940e59,,,
,7fc530a0-082e-4d02-b324-738416a6674c,ecb74426-adfd-416f-90ce-ac1136940e59,,,
,96aaaa03-8297-495e-ad38-064885387752,ecb74426-adfd-416f-90ce-ac1136940e59,,,
,a1572a1d-830e-47f1-9133-86532169ec8c,ecb74426-adfd-416f-90ce-ac1136940e59,,,
,b7f70d03-fbe8-4832-80bc-f188dec28a64,ecb74426-adfd-416f-90ce-ac1136940e59,,,
,e3fac3c0-16b9-4069-a680-1d6877498850,ecb74426-adfd-416f-90ce-ac1136940e59,,,
,7855bbfa-8d3e-4980-bcbb-9533c0ab4116,ecb74426-adfd-416f-90ce-ac1136940e59,,,
,b88001d9-cbc9-4231-a7bb-ae953c7cdb41,ecb74426-adfd-416f-90ce-ac1136940e59,,,
,ce229333-5614-4682-9234-52688b8c23e5,ecb74426-adfd-416f-90ce-ac1136940e59,,,
,d162112a-ec15-484d-b6a1-4e7439e3d71b,ecb74426-adfd-416f-90ce-ac1136940e59,,,
,c635d31e-e278-4345-a858-18396573207a,ecb74426-adfd-416f-90ce-ac1136940e59,,,
,3a0b8ce5-084c-490c-86aa-5a2322ea665c,ecb74426-adfd-416f-90ce-ac1136940e59,,,
,6ec031fb-4dde-46db-8e7b-3d81086e77fa,ecb74426-adfd-416f-90ce-ac1136940e59,,,
,311843aa-3b8d-4a1b-a1c1-793d4fb1963d,ecb74426-adfd-416f-90ce-ac1136940e59,,,
,ffaa15e2-319d-45cf-b622-08cda17a9270,ecb74426-adfd-416f-90ce-ac1136940e59,,,
,454bf7e9-b8c7-4276-8745-fcde8d8ea703,ecb74426-adfd-416f-90ce-ac1136940e59,,,
,04f52abd-343e-4236-9d55-8f6ee80c509e,ecb74426-adfd-416f-90ce-ac1136940e59,,,
,d09d4d39-dd18-460b-a38b-d5341e5a0929,ecb74426-adfd-416f-90ce-ac1136940e59,,,
,c7e82b43-3d55-4970-80a1-74a390fc8cc2,ecb74426-adfd-416f-90ce-ac1136940e59,,,
,e0b09189-264e-4eb4-b30e-338688fdb56c,ecb74426-adfd-416f-90ce-ac1136940e59,,,
,1cf6c4ae-0059-4ab8-9926-73ba31855164,ecb74426-adfd-416f-90ce-ac1136940e59,,,
,ea5e5f96-b9cf-4129-8cdf-eb16432a5d98,ecb74426-adfd-416f-90ce-ac1136940e59,,,
,8d67e738-c2f6-4682-928a-cd132c7a6fa9,ecb74426-adfd-416f-90ce-ac1136940e59,,,
,f72e0df1-559d-48c2-9d06-bf582b950e7a,ecb74426-adfd-416f-90ce-ac1136940e59,,,
,d67ebcd4-2f2d-4c80-bb99-d7b43e22162d,ecb74426-adfd-416f-90ce-ac1136940e59,,,
,3b414318-22ff-4d91-b275-553d540eabad,ecb74426-adfd-416f-90ce-ac1136940e59,,,
,0a5164e4-62ff-4662-a37d-0c9399fbc1b2,ecb74426-adfd-416f-90ce-ac1136940e59,,,
,9d8721c2-8357-46b6-bdd9-8abeb6f93f18,ecb74426-adfd-416f-90ce-ac1136940e59,,,
,2c6720bb-3a6f-49ea-9d6c-477c6a15658d,ecb74426-adfd-416f-90ce-ac1136940e59,,,
,003f0447-0137-45d6-a222-5fae15904982,ecb74426-adfd-416f-90ce-ac1136940e59,,,
,393e4fe2-8876-4559-b6b5-b533f6cee2a6,ecb74426-adfd-416f-90ce-ac1136940e59,,,
,623c5378-ecb2-45fa-9598-351729bcba1d,ecb74426-adfd-416f-90ce-ac1136940e59,,,
,cfdeb95d-8308-4761-a435-31c7f4e14607,ecb74426-adfd-416f-90ce-ac1136940e59,,,
,9554609c-0440-4981-a4db-ae91fe6d5043,ecb74426-adfd-416f-90ce-ac1136940e59,,,
,bf7ff586-0f65-4d54-9af1-11cc2f13b270,ecb74426-adfd-416f-90ce-ac1136940e59,,,
,1c1b9efb-3792-457c-a569-f565b416a1d1,ecb74426-adfd-416f-90ce-ac1136940e59,,,
,0e4a1e38-ba22-4e2c-bc75-e40ff7c37894,ecb74426-adfd-416f-90ce-ac1136940e59,,,
,dbec7a25-42c4-42ef-a7fe-e0fe03c1b029,ecb74426-adfd-416f-90ce-ac1136940e59,,,
,598a7240-754c-4136-8df9-f2db0587ecd1,ecb74426-adfd-416f-90ce-ac1136940e59,,,
,65d48180-8cb7-49b4-8963-2a8faa675309,ecb74426-adfd-416f-90ce-ac1136940e59,,,
,8ced87ef-a57f-4096-8976-4207ad77b18a,10f25068-4e34-42ca-94b3-96f5288b82ea,,,
,b43711e0-fc41-4a6e-821b-2cca5c33acfb,10f25068-4e34-42ca-94b3-96f5288b82ea,,,
,177190db-10bb-4b16-8694-a4bc2de2ac69,10f25068-4e34-42ca-94b3-96f5288b82ea,,,
,4cca1f49-4996-423c-92b2-d513526035fa,10f25068-4e34-42ca-94b3-96f5288b82ea,,,
,02eaf6e3-328d-4b3f-807f-7993d0e6f517,10f25068-4e34-42ca-94b3-96f5288b82ea,,,
,aa49afbb-ba59-411c-a359-3eeae7f8bb27,10f25068-4e34-42ca-94b3-96f5288b82ea,,,
,85630262-3fcf-4673-92b2-96b351ecce23,10f25068-4e34-42ca-94b3-96f5288b82ea,,,
,d48dd4b6-0b66-46e5-89c5-460e2eb4a91e,10f25068-4e34-42ca-94b3-96f5288b82ea,,,
,9204fa98-096b-422c-b3c4-47aeb1f9c193,10f25068-4e34-42ca-94b3-96f5288b82ea,,,
,9fa6b79d-95a6-4dc7-8677-8cbc4648c883,10f25068-4e34-42ca-94b3-96f5288b82ea,,,
,5b829848-ad39-4cd3-bf00-291b5c059bce,10f25068-4e34-42ca-94b3-96f5288b82ea,,,
,e0127e19-16a8-4706-a7e0-c8bc3935fc2c,10f25068-4e34-42ca-94b3-96f5288b82ea,,,
,ce98d891-ac85-45c7-a37a-ab07c6df278d,10f25068-4e34-42ca-94b3-96f5288b82ea,,,
,ff49732b-229b-4191-b334-d9fc04cc1480,10f25068-4e34-42ca-94b3-96f5288b82ea,,,
,c1cd7c8f-9ca8-463a-a42a-6336d3bc1d70,10f25068-4e34-42ca-94b3-96f5288b82ea,,,
,7d9d19ab-2eaf-4edd-96f1-f87ce2ef9686,10f25068-4e34-42ca-94b3-96f5288b82ea,,,
,f49c66e9-3de2-41a7-8058-de55f69fbaba,10f25068-4e34-42ca-94b3-96f5288b82ea,,,
,27046375-992f-4d6d-8ec5-53d50bdb1a0d,10f25068-4e34-42ca-94b3-96f5288b82ea,,,
,b5525159-6784-44f8-86a3-221a38d67c9e,10f25068-4e34-42ca-94b3-96f5288b82ea,,,
,6c34f7ad-6fb9-491f-a374-59386d9162b9,10f25068-4e34-42ca-94b3-96f5288b82ea,,,
,7a45927a-26d8-47de-85f4-74e7c50ffd77,10f25068-4e34-42ca-94b3-96f5288b82ea,,,
,9b0cd3f7-67a9-421a-bd55-ec2e30b06590,10f25068-4e34-42ca-94b3-96f5288b82ea,,,
,76029e05-7907-4c4b-a297-74978b006389,10f25068-4e34-42ca-94b3-96f5288b82ea,,,
,5528cb33-c57e-494c-b156-a0f1390347b5,10f25068-4e34-42ca-94b3-96f5288b82ea,,,
,f94ec6ef-cd34-4fd7-a6e7-d9b88a8c5e28,10f25068-4e34-42ca-94b3-96f5288b82ea,,,
,c6d35611-4ed6-4520-a029-b0d9c4c4f0c6,10f25068-4e34-42ca-94b3-96f5288b82ea,,,
,cfaf6bfe-821c-4ace-848a-c703301ce1a1,10f25068-4e34-42ca-94b3-96f5288b82ea,,,
,fed1068e-c726-4447-9040-ed907efd9d3a,10f25068-4e34-42ca-94b3-96f5288b82ea,,,
,11d4988c-1e90-4898-bc36-e081279f45d0,10f25068-4e34-42ca-94b3-96f5288b82ea,,,
,3afdd124-4bef-4fa1-ad27-cb2fbb52eac3,10f25068-4e34-42ca-94b3-96f5288b82ea,,,
,a372285b-ebd9-4221-9524-bdcc7c4b2078,10f25068-4e34-42ca-94b3-96f5288b82ea,,,
,b606217b-db48-4f6e-906c-dfe5990f1d7a,10f25068-4e34-42ca-94b3-96f5288b82ea,,,
,959b135f-b953-4707-96b1-971490d9a476,10f25068-4e34-42ca-94b3-96f5288b82ea,,,
,d89e0256-0976-4e80-90ee-9ba9573884a4,10f25068-4e34-42ca-94b3-96f5288b82ea,,,
,e9ee786d-1c6e-4858-bd28-6c0094071b43,10f25068-4e34-42ca-94b3-96f5288b82ea,,,
,896bdeca-34ad-46d3-bb63-8b8aa8b1bff0,10f25068-4e34-42ca-94b3-96f5288b82ea,,,
,2f5ce1b1-5c52-44d8-a5f4-3d22c836bb21,10f25068-4e34-42ca-94b3-96f5288b82ea,,,
,eac2dd6a-49a5-4393-9452-87d7697dc7e8,10f25068-4e34-42ca-94b3-96f5288b82ea,,,
,e2473993-92f1-49f1-b04b-8a3a44c06887,10f25068-4e34-42ca-94b3-96f5288b82ea,,,
,ee2aa6d4-abfc-4cb2-9bf0-9ce3a5d95b6c,10f25068-4e34-42ca-94b3-96f5288b82ea,,,
,eb2faca4-b4ab-4859-a219-a96461717546,10f25068-4e34-42ca-94b3-96f5288b82ea,,,
,354c91a3-4ffc-425d-9555-937f662dde31,10f25068-4e34-42ca-94b3-96f5288b82ea,,,
,5e8bbb61-a784-4d0f-bc72-8e7e75d6b5b9,10f25068-4e34-42ca-94b3-96f5288b82ea,,,
,1aa02350-9d47-40be-ac9c-071d4f2f06df,10f25068-4e34-42ca-94b3-96f5288b82ea,,,
,7fc42980-5ef4-4831-bc8d-b930ae494f44,10f25068-4e34-42ca-94b3-96f5288b82ea,,,
,eda611c5-1e42-449e-b972-15b91a9f337e,10f25068-4e34-42ca-94b3-96f5288b82ea,,,
,737497f8-654c-41da-9505-12534e1af583,10f25068-4e34-42ca-94b3-96f5288b82ea,,,
,66fe2d52-727a-4947-90c8-9df5b7ee71b0,10f25068-4e34-42ca-94b3-96f5288b82ea,,,
,f6c83d1c-a591-4257-a264-c470ba559968,10f25068-4e34-42ca-94b3-96f5288b82ea,,,
,87cec80d-c1a3-4965-8e92-6824fa36e1fb,10f25068-4e34-42ca-94b3-96f5288b82ea,,,
,dbb553e0-557b-4717-a693-e4193067f3e7,10f25068-4e34-42ca-94b3-96f5288b82ea,,,
,008aff50-9d94-49cd-a8d4-a8fc14ddb02f,10f25068-4e34-42ca-94b3-96f5288b82ea,,,
,34a7a3de-582d-4d65-a877-3e2f251a9cad,10f25068-4e34-42ca-94b3-96f5288b82ea,,,
,7d4126e8-6c60-410f-b561-a67ca954047a,10f25068-4e34-42ca-94b3-96f5288b82ea,,,
,ad78b127-46a3-4d5d-b776-4dda69961ee0,10f25068-4e34-42ca-94b3-96f5288b82ea,,,
,e87000d2-d2ea-43f8-b315-91bdd65c2d31,10f25068-4e34-42ca-94b3-96f5288b82ea,,,
,ba80030c-3140-442c-81e4-915542c5bc1b,10f25068-4e34-42ca-94b3-96f5288b82ea,,,
,2ee4a475-d42f-400d-8c26-60e3f0caf3de,10f25068-4e34-42ca-94b3-96f5288b82ea,,,
,5b222bb4-6587-4c79-915e-775c3680b006,10f25068-4e34-42ca-94b3-96f5288b82ea,,,
,2e576a72-b3df-4092-9ef1-6d2ed00e4764,10f25068-4e34-42ca-94b3-96f5288b82ea,,,
,8b62912a-11dd-4ba8-84a3-d65d293e0211,10f25068-4e34-42ca-94b3-96f5288b82ea,,,
,da2fb5a9-d8ab-483a-9dc9-1dd54db5cebf,10f25068-4e34-42ca-94b3-96f5288b82ea,,,
,21994372-42b0-4e03-be5c-560866ecdb9e,10f25068-4e34-42ca-94b3-96f5288b82ea,,,
,64e849c0-229d-4ede-a1bf-29dfd3d15869,10f25068-4e34-42ca-94b3-96f5288b82ea,,,
,d6737bbc-20c5-41be-ab36-e9b165096231,10f25068-4e34-42ca-94b3-96f5288b82ea,,,
,c4a983b5-02f8-4d2f-ad7c-3ddf2d6aee1a,10f25068-4e34-42ca-94b3-96f5288b82ea,,,
,902d7f48-8ec1-4e07-adb2-3a14e336ff93,10f25068-4e34-42ca-94b3-96f5288b82ea,,,
,37603e29-75a8-431f-a03c-1c721142f9bd,10f25068-4e34-42ca-94b3-96f5288b82ea,,,
,f75be099-7769-4373-a45b-36f1b27b6d4e,10f25068-4e34-42ca-94b3-96f5288b82ea,,,
,39010490-e654-4c8e-8e54-b6c6955b924e,10f25068-4e34-42ca-94b3-96f5288b82ea,,,
,3ecdd1c9-df34-4c23-9513-005d1ab5d5e9,10f25068-4e34-42ca-94b3-96f5288b82ea,,,
,9a70477f-de5a-4a89-a264-252dd8243ccf,10f25068-4e34-42ca-94b3-96f5288b82ea,,,
,989a4908-6bcf-4b32-bd38-9a4a431df87a,10f25068-4e34-42ca-94b3-96f5288b82ea,,,
,ae79471e-c662-4f6d-ad73-a5fee67b9a56,10f25068-4e34-42ca-94b3-96f5288b82ea,,,
,908c38a5-9f48-42c0-be5b-c5ad78e6d108,10f25068-4e34-42ca-94b3-96f5288b82ea,,,
,42a89005-50db-45a0-a36e-8db4686de7c0,10f25068-4e34-42ca-94b3-96f5288b82ea,,,
,89be6e26-506b-46ef-beb9-fee54a783dc6,10f25068-4e34-42ca-94b3-96f5288b82ea,,,
,d34f76de-1bfe-4f64-aed0-5d629b1e6de9,10f25068-4e34-42ca-94b3-96f5288b82ea,,,
,e79214c9-2d49-47c5-a2b9-27128831c997,10f25068-4e34-42ca-94b3-96f5288b82ea,,,
,4aeb2d28-218b-4885-887b-ce5bb53ce786,10f25068-4e34-42ca-94b3-96f5288b82ea,,,
,f4f6670a-d9b4-4e17-ab6e-81343a13cdbd,10f25068-4e34-42ca-94b3-96f5288b82ea,,,
,875a4d48-5e67-48ed-8684-c54c9c21da1d,10f25068-4e34-42ca-94b3-96f5288b82ea,,,
,8c4882b5-01eb-4260-b40c-4378e16a4a2d,10f25068-4e34-42ca-94b3-96f5288b82ea,,,
,b7d558ea-3e30-4254-b14a-ad2da436fb7e,10f25068-4e34-42ca-94b3-96f5288b82ea,,,
,98ccdea9-6062-4ffe-8c9c-ff85d4ff4669,10f25068-4e34-42ca-94b3-96f5288b82ea,,,
,2b149a06-4dd5-4e18-b9bb-a0a659aed40d,10f25068-4e34-42ca-94b3-96f5288b82ea,,,
,4921e88d-8110-41dd-9392-bac63c38b01f,10f25068-4e34-42ca-94b3-96f5288b82ea,,,
,2667c2d4-9aac-417b-b36e-d7ae4e88c138,10f25068-4e34-42ca-94b3-96f5288b82ea,,,
,24129304-b79d-4a22-9a99-40afb18e461c,10f25068-4e34-42ca-94b3-96f5288b82ea,,,
,24d0836c-ae82-4bba-aa8c-a939c678c4bb,10f25068-4e34-42ca-94b3-96f5288b82ea,,,
,b862efca-f2ee-4e5b-914a-35dc19a3e9fc,10f25068-4e34-42ca-94b3-96f5288b82ea,,,
,8ef598b1-3325-430f-927a-8bdc4ceae6e8,10f25068-4e34-42ca-94b3-96f5288b82ea,,,
,b40de5e3-cb4a-433d-8421-b5889e151776,10f25068-4e34-42ca-94b3-96f5288b82ea,,,
,3c819bc6-8062-47b0-a76b-6e254e573d0a,10f25068-4e34-42ca-94b3-96f5288b82ea,,,
,79bf892a-0e54-436a-b1c1-3944611286d6,10f25068-4e34-42ca-94b3-96f5288b82ea,,,
,1c900892-2f40-4b0d-a683-6a20dd2e2f6c,10f25068-4e34-42ca-94b3-96f5288b82ea,,,
,69363220-dc33-4a10-9506-b09fab1a0463,10f25068-4e34-42ca-94b3-96f5288b82ea,,,
,8e96ea38-8c0e-45c9-bb70-9e9f1ebacbea,10f25068-4e34-42ca-94b3-96f5288b82ea,,,
,fdbc0e97-888e-45f2-a20c-5101a1d46f65,10f25068-4e34-42ca-94b3-96f5288b82ea,,,
,b50c9f09-e908-4b57-9c28-75090b1df579,10f25068-4e34-42ca-94b3-96f5288b82ea,,,
,1bffaae0-381a-4724-a803-bf2392a8e1da,10f25068-4e34-42ca-94b3-96f5288b82ea,,,
,6e7b8e1f-4476-49af-9d78-c5da19861fb6,10f25068-4e34-42ca-94b3-96f5288b82ea,,,
,40563482-d9ca-4b23-a39f-2eb47f7cf874,10f25068-4e34-42ca-94b3-96f5288b82ea,,,
,e743d58c-745f-44b6-96c6-7411a0f1e3b7,10f25068-4e34-42ca-94b3-96f5288b82ea,,,
,231ecbbc-1be6-49b1-a513-c76b824c5bb4,10f25068-4e34-42ca-94b3-96f5288b82ea,,,
,dfff1316-afa8-4466-bde5-934b544d5f28,10f25068-4e34-42ca-94b3-96f5288b82ea,,,
,5a46a272-8022-40a5-bd92-f70dd5ed2c13,10f25068-4e34-42ca-94b3-96f5288b82ea,,,
,85e39630-bfa7-4bba-b232-4d520bdeb7ed,10f25068-4e34-42ca-94b3-96f5288b82ea,,,
,d7950544-65b9-4030-a76c-c27f20034b4e,10f25068-4e34-42ca-94b3-96f5288b82ea,,,
,d80fdd0e-f7ae-42be-b79c-a2ee24c6db83,10f25068-4e34-42ca-94b3-96f5288b82ea,,,
,5ba06c5f-4f78-4d92-8e18-11d6f3bfb4b9,10f25068-4e34-42ca-94b3-96f5288b82ea,,,
,14a93dc4-4125-426c-bb3d-fb376fce06cd,10f25068-4e34-42ca-94b3-96f5288b82ea,,,
,fb764a53-b7db-4c54-b4cf-7157345caa02,10f25068-4e34-42ca-94b3-96f5288b82ea,,,
,faa48203-0b0c-45b0-8a92-2b7d3384c3f0,10f25068-4e34-42ca-94b3-96f5288b82ea,,,
,623ad64e-6a26-4cca-a47c-225feec64a3d,10f25068-4e34-42ca-94b3-96f5288b82ea,,,
,308d912b-904c-4eaf-a34b-9cc8d15e6073,10f25068-4e34-42ca-94b3-96f5288b82ea,,,
,5ced2e8c-dd7e-4d47-a888-766c6d369a7e,10f25068-4e34-42ca-94b3-96f5288b82ea,,,
,02d018a2-f33a-4cd8-a64f-9522ff26f804,10f25068-4e34-42ca-94b3-96f5288b82ea,,,
,b798fc07-654a-4e4d-90e7-210f756025e2,10f25068-4e34-42ca-94b3-96f5288b82ea,,,
,3b286d7c-c457-49cd-a9d2-7b01638ad77d,10f25068-4e34-42ca-94b3-96f5288b82ea,,,
,d9e32d26-dc1a-4183-95a4-b1fbc5963cc4,10f25068-4e34-42ca-94b3-96f5288b82ea,,,
,d586cc1f-ff01-4485-b5db-2632cadcf068,10f25068-4e34-42ca-94b3-96f5288b82ea,,,
,a358300d-0b8f-4b33-a52e-f035970addbf,10f25068-4e34-42ca-94b3-96f5288b82ea,,,
,37948d04-3229-4a69-8f4a-42cbd5650676,10f25068-4e34-42ca-94b3-96f5288b82ea,,,
,22a7a2a5-3902-4245-8905-e7af4b71e964,10f25068-4e34-42ca-94b3-96f5288b82ea,,,
,734ceac3-c117-43f7-97cf-382433a6672f,10f25068-4e34-42ca-94b3-96f5288b82ea,,,
,7e37c42e-0199-472d-8006-8ec1c6f41057,10f25068-4e34-42ca-94b3-96f5288b82ea,,,
,64846bf6-e930-46b5-beb3-46ec67aaecde,10f25068-4e34-42ca-94b3-96f5288b82ea,,,
,0e37a97e-8653-490a-af09-c74b5f720c7d,10f25068-4e34-42ca-94b3-96f5288b82ea,,,
,7e609dea-229c-4241-98a6-d083a9d20a1c,10f25068-4e34-42ca-94b3-96f5288b82ea,,,
,6f8d250d-f47e-4aa1-a36f-1b90386b0fa9,10f25068-4e34-42ca-94b3-96f5288b82ea,,,
,6c0cc6b9-3821-43b8-a89f-c8ac00bc78eb,10f25068-4e34-42ca-94b3-96f5288b82ea,,,
,24a3866f-f053-4bc3-a5f2-df1147f1fe31,10f25068-4e34-42ca-94b3-96f5288b82ea,,,
,51404498-0978-4245-973e-4cb79a08a9a3,10f25068-4e34-42ca-94b3-96f5288b82ea,,,
,9c823d70-5899-4ca2-84df-007978c84b9e,10f25068-4e34-42ca-94b3-96f5288b82ea,,,
,0ba49d1e-2131-4024-bded-c6c588ae62dc,10f25068-4e34-42ca-94b3-96f5288b82ea,,,
,63dcab56-ba7f-4da3-a995-974e1abbd4dc,10f25068-4e34-42ca-94b3-96f5288b82ea,,,
,46065272-94ee-4885-860a-5518050aceae,10f25068-4e34-42ca-94b3-96f5288b82ea,,,
,72cfa3a6-d0f9-47b3-afc0-19b5cc6f0c12,10f25068-4e34-42ca-94b3-96f5288b82ea,,,
,374d1a84-0874-4f94-b972-747edbb90cce,10f25068-4e34-42ca-94b3-96f5288b82ea,,,
,83d69b54-5d74-449c-8143-95bf08e1880f,10f25068-4e34-42ca-94b3-96f5288b82ea,,,
,68861ea4-f0ab-44b0-a35d-125a56065cdc,10f25068-4e34-42ca-94b3-96f5288b82ea,,,
,0b3563c2-99b4-40c1-a64a-2a0140584af2,10f25068-4e34-42ca-94b3-96f5288b82ea,,,
,93271d47-0d66-4af2-81a2-5f9db2cae833,10f25068-4e34-42ca-94b3-96f5288b82ea,,,
,03b0baa6-acf1-4be6-a799-d6f36216d11d,10f25068-4e34-42ca-94b3-96f5288b82ea,,,
,5355560f-2767-442b-a32c-2d96026cb5f6,10f25068-4e34-42ca-94b3-96f5288b82ea,,,
,2287709e-6a84-42e7-b03e-2e294896feb4,10f25068-4e34-42ca-94b3-96f5288b82ea,,,
,2d4ea470-e12b-439f-a61b-573f09ffd3d8,10f25068-4e34-42ca-94b3-96f5288b82ea,,,
,8d9a5820-5dc5-4fe4-adf5-18fda4385339,10f25068-4e34-42ca-94b3-96f5288b82ea,,,
,327fccf9-fc38-427c-9f29-3f8b64b284b3,10f25068-4e34-42ca-94b3-96f5288b82ea,,,
,bdb4c17b-4e4a-42ff-a902-8ab21f7901cc,10f25068-4e34-42ca-94b3-96f5288b82ea,,,
,bc57de49-253b-4ce9-a14d-633777be182a,10f25068-4e34-42ca-94b3-96f5288b82ea,,,
,3d5a8509-b7a7-470f-bcb0-7b095e8160f7,10f25068-4e34-42ca-94b3-96f5288b82ea,,,
,e730c936-6b02-48ba-8e39-b29f7a354b3b,10f25068-4e34-42ca-94b3-96f5288b82ea,,,
,ad36f543-485a-4004-b5f0-76bd7d024ec0,10f25068-4e34-42ca-94b3-96f5288b82ea,,,
,51f08472-5395-44ca-864c-8f081778656b,10f25068-4e34-42ca-94b3-96f5288b82ea,,,
,93ea40b3-5901-431f-9550-a6c329bd9340,10f25068-4e34-42ca-94b3-96f5288b82ea,,,
,5bbeeaed-24d1-4f6e-baa2-8238c9f99fac,10f25068-4e34-42ca-94b3-96f5288b82ea,,,
,2d6a1d66-31d4-4635-ba6d-02f0111f8587,456e1a68-37c2-454d-948f-a46294d6ba3a,,,
,1fc1b5c9-69df-4978-a30a-a04d9edc35db,456e1a68-37c2-454d-948f-a46294d6ba3a,,,
,b82ba712-b9f3-46b4-a002-6d715811b8e4,456e1a68-37c2-454d-948f-a46294d6ba3a,,,
,d7e7ad24-b7ac-4c5e-882a-ee4117fa5888,456e1a68-37c2-454d-948f-a46294d6ba3a,,,
,5a8bff6f-489c-4605-8791-a1dba53f57d8,456e1a68-37c2-454d-948f-a46294d6ba3a,,,
,604d7620-905e-45f0-9f53-5cca8284bdfc,456e1a68-37c2-454d-948f-a46294d6ba3a,,,
,c19f271f-b8d3-46c5-bc22-e73f912ee689,456e1a68-37c2-454d-948f-a46294d6ba3a,,,
,61635a97-1afb-4b0c-b73f-94a14c6eba82,456e1a68-37c2-454d-948f-a46294d6ba3a,,,
,03c41a47-c715-42c0-9286-2fb9bfd15169,456e1a68-37c2-454d-948f-a46294d6ba3a,,,
,4d2caffd-59ff-4110-9c2b-af1dd3fc4095,456e1a68-37c2-454d-948f-a46294d6ba3a,,,
,cc6f6e0e-f178-4d71-a78d-b5416e0a8fdd,456e1a68-37c2-454d-948f-a46294d6ba3a,,,
,92ffd6a2-deee-4bc0-b3d2-40ccccec2812,456e1a68-37c2-454d-948f-a46294d6ba3a,,,
,485428aa-dc4b-4ced-919b-53926640c009,456e1a68-37c2-454d-948f-a46294d6ba3a,,,
,654ed053-7211-40d5-b69c-625b329416af,456e1a68-37c2-454d-948f-a46294d6ba3a,,,
,8cbf068c-29a2-4939-ae8d-f786954c6095,456e1a68-37c2-454d-948f-a46294d6ba3a,,,
,dd2174f0-f50c-4afc-92e7-95a732082ba5,456e1a68-37c2-454d-948f-a46294d6ba3a,,,
,7b537764-4e14-47d1-8d77-1d6a7de8c85c,456e1a68-37c2-454d-948f-a46294d6ba3a,,,
,6e077d40-42de-41df-a6d7-1bbd5e4c61ee,456e1a68-37c2-454d-948f-a46294d6ba3a,,,
,76dac645-5658-4601-b6de-f6a25be88b1d,456e1a68-37c2-454d-948f-a46294d6ba3a,,,
,a329ec5f-3f8e-43ab-b22b-d299318d542b,456e1a68-37c2-454d-948f-a46294d6ba3a,,,
,e8fc9528-aa89-4990-833d-fdb4ce9d9661,456e1a68-37c2-454d-948f-a46294d6ba3a,,,
,4c47708c-71b8-41ae-b14f-62af66f4cb39,456e1a68-37c2-454d-948f-a46294d6ba3a,,,
,121dc090-c9bb-4cd0-868d-0c9300154e92,456e1a68-37c2-454d-948f-a46294d6ba3a,,,
,7ad00734-75f4-467b-b56f-7e6d6aeab655,456e1a68-37c2-454d-948f-a46294d6ba3a,,,
,77bd0aaf-7e29-4dfc-9845-e914a23109e7,456e1a68-37c2-454d-948f-a46294d6ba3a,,,
,7422d5d0-38df-4da8-ba9d-3e94b0c2c4e6,456e1a68-37c2-454d-948f-a46294d6ba3a,,,
,8179b678-ed35-4c1b-b287-2e1ca9647713,456e1a68-37c2-454d-948f-a46294d6ba3a,,,
,d57a3094-94c5-4b39-b8b3-3cceeee806be,456e1a68-37c2-454d-948f-a46294d6ba3a,,,
,4587c135-165d-4545-b8eb-c62a441844bd,456e1a68-37c2-454d-948f-a46294d6ba3a,,,
,84153deb-e8bb-4976-8e69-1a6277a06163,456e1a68-37c2-454d-948f-a46294d6ba3a,,,
,7411899d-349e-4f5e-99c9-44cba5a572a9,456e1a68-37c2-454d-948f-a46294d6ba3a,,,
,ca455e1c-f60b-41ab-a09d-f1de2aebe63c,456e1a68-37c2-454d-948f-a46294d6ba3a,,,
,2a092b42-ff6a-458f-a159-7dbc0548f122,456e1a68-37c2-454d-948f-a46294d6ba3a,,,
,578b9d2c-dbd0-4042-83ac-89a948e84eea,456e1a68-37c2-454d-948f-a46294d6ba3a,,,
,d1d44168-84a4-47c7-9e7a-95c26ff441a1,456e1a68-37c2-454d-948f-a46294d6ba3a,,,
,0daf8cdd-60df-4475-8e9b-e0c80426f28c,456e1a68-37c2-454d-948f-a46294d6ba3a,,,
,82871388-91dd-443f-a9f3-6a4ce453272f,456e1a68-37c2-454d-948f-a46294d6ba3a,,,
,e6515921-ea00-4ca7-b4e2-692e6d93e51b,456e1a68-37c2-454d-948f-a46294d6ba3a,,,
,68671efc-66af-45b6-aeb4-02c4d16b039f,456e1a68-37c2-454d-948f-a46294d6ba3a,,,
,09907c2f-b933-4719-b58b-7663657cd42b,456e1a68-37c2-454d-948f-a46294d6ba3a,,,
,666b6364-b629-4865-b31c-f15d2bb9846e,456e1a68-37c2-454d-948f-a46294d6ba3a,,,
,7ceb97cf-f4b7-498d-9f98-874a52701126,456e1a68-37c2-454d-948f-a46294d6ba3a,,,
,574168ac-df48-4fa8-886d-be536dc87ed6,456e1a68-37c2-454d-948f-a46294d6ba3a,,,
,a86ee5cb-1678-4cee-8248-5ea0741df0af,456e1a68-37c2-454d-948f-a46294d6ba3a,,,
,84e8b49b-39ee-4d18-8d07-a33121192a44,456e1a68-37c2-454d-948f-a46294d6ba3a,,,
,45660c6c-6cbf-4e25-bc43-cd10f8c02c5d,456e1a68-37c2-454d-948f-a46294d6ba3a,,,
,06ae4487-2e3a-403a-aa92-aa62ef0f083d,456e1a68-37c2-454d-948f-a46294d6ba3a,,,
,4942541d-0d86-4daf-9086-4ff0d56126cc,456e1a68-37c2-454d-948f-a46294d6ba3a,,,
,97a7d34d-c589-4d46-b748-5d26bb1d54c3,456e1a68-37c2-454d-948f-a46294d6ba3a,,,
,887866cc-d87c-47d8-b0a5-e1c40517b110,456e1a68-37c2-454d-948f-a46294d6ba3a,,,
,15b2c8c5-2de7-437d-a002-47190b0ee3d8,456e1a68-37c2-454d-948f-a46294d6ba3a,,,
,0b43598a-816e-416e-8031-f8d752a1099e,456e1a68-37c2-454d-948f-a46294d6ba3a,,,
,f595174b-090e-4a2f-b5cf-e52cdb57cf32,456e1a68-37c2-454d-948f-a46294d6ba3a,,,
,706caab8-2ea6-4eae-8dcb-6b6451faae37,456e1a68-37c2-454d-948f-a46294d6ba3a,,,
,925bf926-834c-4329-89d1-4609c84a4ff9,456e1a68-37c2-454d-948f-a46294d6ba3a,,,
,437c485e-90b2-4222-81bd-cabeefbaa7d6,456e1a68-37c2-454d-948f-a46294d6ba3a,,,
,9f8b9d8f-23eb-4b47-9697-12e9b009a886,456e1a68-37c2-454d-948f-a46294d6ba3a,,,
,c4176e64-bf3a-4342-a212-1f8c086a395c,456e1a68-37c2-454d-948f-a46294d6ba3a,,,
,07b68dd9-05c7-48fd-a08a-6a240d799d3f,456e1a68-37c2-454d-948f-a46294d6ba3a,,,
,67dc6646-2c94-451a-8a53-866afd23da65,456e1a68-37c2-454d-948f-a46294d6ba3a,,,
,322a6141-69d7-43d5-a8ee-c41b3c11ef18,456e1a68-37c2-454d-948f-a46294d6ba3a,,,
,bc2c24c6-38e5-4317-9ae1-b31684435a1a,456e1a68-37c2-454d-948f-a46294d6ba3a,,,
,5033a35f-1c4e-44c9-8400-bb74158646a6,456e1a68-37c2-454d-948f-a46294d6ba3a,,,
,ec310448-5ab5-489f-b6b2-fa8bfd01b009,456e1a68-37c2-454d-948f-a46294d6ba3a,,,
,c2ab6303-26d8-44d0-91f0-ce3e620e8c37,456e1a68-37c2-454d-948f-a46294d6ba3a,,,
,73b16835-49f8-4765-8039-7884b9121c24,456e1a68-37c2-454d-948f-a46294d6ba3a,,,
,296f82d7-7707-40fd-ab37-7df6ddbcdf0b,456e1a68-37c2-454d-948f-a46294d6ba3a,,,
,60712f17-b7ec-46a6-ba6c-659e00f9515d,456e1a68-37c2-454d-948f-a46294d6ba3a,,,
,0a5f4a6b-4326-4005-a839-cb5ac44e8766,456e1a68-37c2-454d-948f-a46294d6ba3a,,,
,cd5fa2c9-6941-40c1-8722-78a1909e724f,456e1a68-37c2-454d-948f-a46294d6ba3a,,,
,5f20b170-1b43-43e7-9bd6-befe067635b2,456e1a68-37c2-454d-948f-a46294d6ba3a,,,
,5a51cf5b-7a95-40a0-a5f2-b7e6905ab6a2,456e1a68-37c2-454d-948f-a46294d6ba3a,,,
,c86e576b-90ad-4894-bd00-9c1502f4d590,456e1a68-37c2-454d-948f-a46294d6ba3a,,,
,3abb4e0f-0e6e-47ef-ac70-e20d73d65fa3,456e1a68-37c2-454d-948f-a46294d6ba3a,,,
,73a6d021-f9d3-49d2-a39a-bedff21e4452,456e1a68-37c2-454d-948f-a46294d6ba3a,,,
,67477845-6b75-4c03-9fc0-dfe59cfdc6d5,456e1a68-37c2-454d-948f-a46294d6ba3a,,,
,a256abff-d055-414e-9927-33390fc8c77e,456e1a68-37c2-454d-948f-a46294d6ba3a,,,
,ebf33731-ab34-4bd0-95d5-11970edc98d1,456e1a68-37c2-454d-948f-a46294d6ba3a,,,
,6399f78e-d6b5-4770-8d67-72dabb1a10c8,456e1a68-37c2-454d-948f-a46294d6ba3a,,,
,f0602b7e-6a70-4857-9524-5d823e1276b3,456e1a68-37c2-454d-948f-a46294d6ba3a,,,
,cceb94cd-1604-469a-9017-19bf94967d26,456e1a68-37c2-454d-948f-a46294d6ba3a,,,
,436df5be-8073-498d-983b-d8c179a9a92a,456e1a68-37c2-454d-948f-a46294d6ba3a,,,
,fec8f4be-9e52-4bd9-b6e1-947cfaa57349,456e1a68-37c2-454d-948f-a46294d6ba3a,,,
,d89dacf8-a8dd-4222-adf4-25a11bff98fc,456e1a68-37c2-454d-948f-a46294d6ba3a,,,
,02bd866d-89cc-41d8-926e-327109973987,456e1a68-37c2-454d-948f-a46294d6ba3a,,,
,9df2c604-ba28-4803-95ef-23aadcc07cf7,456e1a68-37c2-454d-948f-a46294d6ba3a,,,
,cc3639b1-5f8c-4b12-92be-0d0259919f8f,456e1a68-37c2-454d-948f-a46294d6ba3a,,,
,cf8151f5-e469-4cef-b8d1-860e4647cc5e,456e1a68-37c2-454d-948f-a46294d6ba3a,,,
,a829e823-73f8-402c-9417-ee1c6ca60b55,456e1a68-37c2-454d-948f-a46294d6ba3a,,,
,79ddd2da-e0c7-4b7a-825f-57459ba6e841,456e1a68-37c2-454d-948f-a46294d6ba3a,,,
,ccf879c5-88b5-47da-a7fc-56f5c1972d86,456e1a68-37c2-454d-948f-a46294d6ba3a,,,
,16f0d335-d34b-4fb8-9ba6-3ad74cf5722b,456e1a68-37c2-454d-948f-a46294d6ba3a,,,
,0b142f61-3433-41fd-a87a-013d13484499,456e1a68-37c2-454d-948f-a46294d6ba3a,,,
,bda6c74d-75e0-41c7-8350-ef7532d1e5ac,456e1a68-37c2-454d-948f-a46294d6ba3a,,,
,63b8a29d-b3e1-4f50-bfb2-456e0ddca274,456e1a68-37c2-454d-948f-a46294d6ba3a,,,
,e830cfd8-accf-4678-963d-7df77c0f8c6c,456e1a68-37c2-454d-948f-a46294d6ba3a,,,
,c11ff065-5eab-49f9-a04a-9ceb5e2a0a7c,456e1a68-37c2-454d-948f-a46294d6ba3a,,,
,f1884648-df9d-48f4-b52a-4d8fb2241c69,456e1a68-37c2-454d-948f-a46294d6ba3a,,,
,d1d7d08c-e409-4ecd-a777-d3dda5daa79b,456e1a68-37c2-454d-948f-a46294d6ba3a,,,
,54659acd-f78e-46b3-91af-ac1951313b65,456e1a68-37c2-454d-948f-a46294d6ba3a,,,
,acfaf163-b126-4a93-8ca1-ccef75c5bc7e,456e1a68-37c2-454d-948f-a46294d6ba3a,,,
,01561574-7ae0-4d18-b68e-85c3a27642b5,456e1a68-37c2-454d-948f-a46294d6ba3a,,,
,2763dbde-1f0e-4552-bb11-125ba2c8a4dc,456e1a68-37c2-454d-948f-a46294d6ba3a,,,
,1ee5d923-c91d-48cf-aeb0-1436498d7a35,456e1a68-37c2-454d-948f-a46294d6ba3a,,,
,3c0d71d7-ddbb-4b62-98d1-6e5d44fa56d5,456e1a68-37c2-454d-948f-a46294d6ba3a,,,
,985c28b0-41de-4731-aaa9-c0263a4f3131,456e1a68-37c2-454d-948f-a46294d6ba3a,,,
,6eed23bf-6ec6-41d5-a351-4a5121e0212d,456e1a68-37c2-454d-948f-a46294d6ba3a,,,
,f35ff5dd-77e0-4302-913b-61637c3f5e68,456e1a68-37c2-454d-948f-a46294d6ba3a,,,
,a51f2e62-10c8-4ee3-82ea-c1f2d1136c35,456e1a68-37c2-454d-948f-a46294d6ba3a,,,
,1b4f33b7-0076-46eb-aa3b-59394e895aa0,456e1a68-37c2-454d-948f-a46294d6ba3a,,,
,9cf06bdc-e732-4372-a73f-6067434846e9,456e1a68-37c2-454d-948f-a46294d6ba3a,,,
,4e005977-6fed-4d4a-b107-9c3ad13a744a,456e1a68-37c2-454d-948f-a46294d6ba3a,,,
,1c89f629-2056-4e45-96b1-2e1b9366aa76,456e1a68-37c2-454d-948f-a46294d6ba3a,,,
,af637cf0-b5cf-486d-b364-6b72140f5a59,456e1a68-37c2-454d-948f-a46294d6ba3a,,,
,7586d2d2-942d-4741-8dc9-f71616c5f35a,456e1a68-37c2-454d-948f-a46294d6ba3a,,,
,dc43d466-6f52-43da-a7ba-8d6906d1c067,456e1a68-37c2-454d-948f-a46294d6ba3a,,,
,926252ee-23f8-4b73-b472-66bdb93c684c,456e1a68-37c2-454d-948f-a46294d6ba3a,,,
,66fca8bb-142c-4fba-8579-2a84d03e4010,456e1a68-37c2-454d-948f-a46294d6ba3a,,,
,e5f5822f-7c34-4fdb-98f5-2d0a06a10cd6,456e1a68-37c2-454d-948f-a46294d6ba3a,,,
,1a4000d0-9311-43e3-bb5a-b2ba651728cb,456e1a68-37c2-454d-948f-a46294d6ba3a,,,
,bfdb88ed-9c7f-4c41-bb78-59cccf8cd157,456e1a68-37c2-454d-948f-a46294d6ba3a,,,
,0e10701f-41e9-4f09-b153-fbec2951895a,456e1a68-37c2-454d-948f-a46294d6ba3a,,,
,eaa53338-6a00-49c1-90e4-7e1bc3373acd,456e1a68-37c2-454d-948f-a46294d6ba3a,,,
,0eb4854e-a666-452c-9802-314d0ad4cbe3,456e1a68-37c2-454d-948f-a46294d6ba3a,,,
,fdc5b9b4-2124-47c2-9a82-c8b0d7835520,456e1a68-37c2-454d-948f-a46294d6ba3a,,,
,2282f130-6d22-4dab-9e5f-117f46911c59,456e1a68-37c2-454d-948f-a46294d6ba3a,,,
,f2868288-a1d4-467c-b169-162490f1e30a,456e1a68-37c2-454d-948f-a46294d6ba3a,,,
,dc8db2f9-7b42-4c49-bbfd-821b75aa11a4,456e1a68-37c2-454d-948f-a46294d6ba3a,,,
,50bb2b73-3285-4036-8a56-9b27118d9a93,456e1a68-37c2-454d-948f-a46294d6ba3a,,,
,4eddc02d-dcfa-4c7e-b5b3-adcaaebf9a03,456e1a68-37c2-454d-948f-a46294d6ba3a,,,
,428c25f9-c73c-40e2-837b-4f7a4bf610fd,456e1a68-37c2-454d-948f-a46294d6ba3a,,,
,c3fca5be-5661-4641-9144-dca45d5dcc6f,456e1a68-37c2-454d-948f-a46294d6ba3a,,,
,baeb7017-0ef0-40f8-90be-102e17e9fa86,456e1a68-37c2-454d-948f-a46294d6ba3a,,,
,aa6a4a0d-f37f-4042-8d92-8ce5354800b2,456e1a68-37c2-454d-948f-a46294d6ba3a,,,
,f83914f0-2417-42e2-b3eb-8c2b520a5d5b,456e1a68-37c2-454d-948f-a46294d6ba3a,,,
,e9550d39-f0e0-4dd1-af55-66004f29f80e,456e1a68-37c2-454d-948f-a46294d6ba3a,,,
,425f151a-5a39-43ff-bf02-59cc0196c92a,456e1a68-37c2-454d-948f-a46294d6ba3a,,,
,f03d41ed-611b-4d57-828e-1bc1c57a3d5b,456e1a68-37c2-454d-948f-a46294d6ba3a,,,
,7916465f-9670-4b96-98de-1db7566f3d29,456e1a68-37c2-454d-948f-a46294d6ba3a,,,
,b1df61e1-798e-4ca7-b71f-e417a499634a,456e1a68-37c2-454d-948f-a46294d6ba3a,,,
,03020b5e-fc42-4d23-ab25-6f84052c1644,456e1a68-37c2-454d-948f-a46294d6ba3a,,,
,5f61625f-c95e-409d-a56e-392bff4c5881,456e1a68-37c2-454d-948f-a46294d6ba3a,,,
,71d61d54-d7ba-4757-9260-811f851cc283,456e1a68-37c2-454d-948f-a46294d6ba3a,,,
,2e338736-8c27-47d7-8a75-94dea0cfb2fb,456e1a68-37c2-454d-948f-a46294d6ba3a,,,
,95cfa56f-e096-4d7a-8c5d-010d7b2a3879,456e1a68-37c2-454d-948f-a46294d6ba3a,,,
,e850dc2f-ef73-45dc-ba26-e004de790465,456e1a68-37c2-454d-948f-a46294d6ba3a,,,
,75dab030-643c-4364-a152-71c3ade7619e,456e1a68-37c2-454d-948f-a46294d6ba3a,,,
,f534c946-b919-4454-8da0-e59a434800f9,456e1a68-37c2-454d-948f-a46294d6ba3a,,,
,0d02f4f9-ac9e-41a5-99ae-479ece230321,456e1a68-37c2-454d-948f-a46294d6ba3a,,,
,589f1343-7ee7-4e29-87fc-7f718687d7e2,456e1a68-37c2-454d-948f-a46294d6ba3a,,,
,c75168fc-12f2-4f5f-9758-aa53e4aa5b43,456e1a68-37c2-454d-948f-a46294d6ba3a,,,
,bdb2a5c4-084a-40e0-9019-7ea59f08023c,456e1a68-37c2-454d-948f-a46294d6ba3a,,,
,ada7cf4a-fa47-4ecb-b461-a6764493ff64,456e1a68-37c2-454d-948f-a46294d6ba3a,,,
,6eac8fcf-632b-46cd-8968-2dd51f1baf47,456e1a68-37c2-454d-948f-a46294d6ba3a,,,
,f777f90d-d2fb-4d36-9d10-f32fb4a05002,456e1a68-37c2-454d-948f-a46294d6ba3a,,,
,bd8cebf6-58f0-4a85-98b7-def6d3eca406,456e1a68-37c2-454d-948f-a46294d6ba3a,,,
,09235428-b229-4147-b7f7-14af96ffc9be,456e1a68-37c2-454d-948f-a46294d6ba3a,,,
,2ad6ca48-9ce8-4664-95d0-4ab91bd488c8,456e1a68-37c2-454d-948f-a46294d6ba3a,,,
,77e1e1c5-6220-4945-895f-4dd26a0e9ec4,456e1a68-37c2-454d-948f-a46294d6ba3a,,,
,d74ae1e0-79e2-403f-85d6-ffeb2a02de3e,456e1a68-37c2-454d-948f-a46294d6ba3a,,,
,79d2a03c-94f9-4039-acf2-dac761686334,456e1a68-37c2-454d-948f-a46294d6ba3a,,,
,6456b63c-e260-4fb1-b026-20859e621c5a,456e1a68-37c2-454d-948f-a46294d6ba3a,,,
,d6545de7-bf74-463c-bb28-6f33a7a1a9c1,456e1a68-37c2-454d-948f-a46294d6ba3a,,,
,be7b06a2-9f3d-480c-950e-49606def4633,456e1a68-37c2-454d-948f-a46294d6ba3a,,,
,1dee8b32-8559-4bea-bc92-795491f63173,456e1a68-37c2-454d-948f-a46294d6ba3a,,,
,0129acca-c4d8-4213-8b34-dfa02155d349,456e1a68-37c2-454d-948f-a46294d6ba3a,,,
,9287eed1-4f35-4280-ac8d-f34dbe4c4ec8,456e1a68-37c2-454d-948f-a46294d6ba3a,,,
,9b0d327d-7ffe-4f6d-930b-1befa3d9e35c,456e1a68-37c2-454d-948f-a46294d6ba3a,,,
,e547110e-5b4c-4495-8ba0-ed09d940d36a,456e1a68-37c2-454d-948f-a46294d6ba3a,,,
,b807a341-9982-471b-bd52-eafcc0d5fb44,456e1a68-37c2-454d-948f-a46294d6ba3a,,,
,581694b7-68e3-4eda-a8c2-77dfcc5ff885,456e1a68-37c2-454d-948f-a46294d6ba3a,,,
,1c7c3468-e364-4aa0-823b-98566eb1e15e,456e1a68-37c2-454d-948f-a46294d6ba3a,,,
,acf11744-e5c6-4405-a801-62dd2963a4ee,456e1a68-37c2-454d-948f-a46294d6ba3a,,,
,56d438c1-d8ce-4a1d-8926-49bde15b9c89,456e1a68-37c2-454d-948f-a46294d6ba3a,,,
,8f8aa554-f8fc-46a5-9f1f-0a204a44069c,456e1a68-37c2-454d-948f-a46294d6ba3a,,,
,b2f5e59e-4354-4b38-ae54-cd76bc8c371f,456e1a68-37c2-454d-948f-a46294d6ba3a,,,
,bb5c121a-d0de-41cc-b954-b2d34b6ba3ee,456e1a68-37c2-454d-948f-a46294d6ba3a,,,
,eb416b7c-31a4-4388-a130-2c246aeb2e5b,456e1a68-37c2-454d-948f-a46294d6ba3a,,,
,4e39703b-9ca9-42dd-a1de-d887b41c9c88,456e1a68-37c2-454d-948f-a46294d6ba3a,,,
,af5b3570-7672-4de3-97a4-6f35d67b38f3,456e1a68-37c2-454d-948f-a46294d6ba3a,,,
,1000f919-898d-4190-b037-92a2914593db,456e1a68-37c2-454d-948f-a46294d6ba3a,,,
,4a65480e-26f6-477a-91a7-d11f88102319,456e1a68-37c2-454d-948f-a46294d6ba3a,,,
,93ab57d7-ba9b-4974-9b03-0ca1348e42a0,456e1a68-37c2-454d-948f-a46294d6ba3a,,,
,bb6e1561-07d5-47e2-92d0-193658990cd9,456e1a68-37c2-454d-948f-a46294d6ba3a,,,
,070959a2-0620-4b77-8b2f-6d8c4b5aa9cb,456e1a68-37c2-454d-948f-a46294d6ba3a,,,
,fa7845b9-48e3-4afa-907f-dd6d32b5cecd,456e1a68-37c2-454d-948f-a46294d6ba3a,,,
,4ccc5de2-8e99-4be1-998c-4b64c3e086a3,456e1a68-37c2-454d-948f-a46294d6ba3a,,,
,f3b4ec7c-1826-4c5c-b642-4172c86b0d6e,456e1a68-37c2-454d-948f-a46294d6ba3a,,,
,f9535067-68d2-4ae6-968e-e757eb92d035,456e1a68-37c2-454d-948f-a46294d6ba3a,,,
,c073fcab-9d8e-4975-99dd-9d69cf47c0d5,456e1a68-37c2-454d-948f-a46294d6ba3a,,,
,27cc207b-ac1f-4e7f-85d2-ac61d8787797,456e1a68-37c2-454d-948f-a46294d6ba3a,,,
,2a616e06-1115-4363-a37a-892680ccebb9,456e1a68-37c2-454d-948f-a46294d6ba3a,,,
,85723619-d4d0-4e87-85e5-3dfb01498468,456e1a68-37c2-454d-948f-a46294d6ba3a,,,
,8eacaca4-e0a5-4e3f-8b5f-1b2d618afe41,456e1a68-37c2-454d-948f-a46294d6ba3a,,,
,4382ca1d-4f30-47e1-a530-6cf459b3d0af,456e1a68-37c2-454d-948f-a46294d6ba3a,,,
,80906aa2-73fe-426f-9968-b6f33ffa19e3,456e1a68-37c2-454d-948f-a46294d6ba3a,,,
,660e3307-7160-4717-9efe-4a8b76d217b8,456e1a68-37c2-454d-948f-a46294d6ba3a,,,
,50f20306-5e9a-4f15-99ba-428427eb6303,456e1a68-37c2-454d-948f-a46294d6ba3a,,,
,ef0d226d-369c-48d0-807e-649cca28dce9,456e1a68-37c2-454d-948f-a46294d6ba3a,,,
,e54d1057-a423-4c20-ae7f-bf20988c99f6,456e1a68-37c2-454d-948f-a46294d6ba3a,,,
,b2b59def-489e-4b7e-9447-cb5c2271a17a,456e1a68-37c2-454d-948f-a46294d6ba3a,,,
,f5c4f940-30ff-4e7d-ac59-4eeca4e1c155,456e1a68-37c2-454d-948f-a46294d6ba3a,,,
,a362db6f-c03d-4856-922a-b4005771dd63,456e1a68-37c2-454d-948f-a46294d6ba3a,,,
,d44c2282-548b-4959-926e-1276a7574fb2,456e1a68-37c2-454d-948f-a46294d6ba3a,,,
,931a6e26-acb9-4580-9c26-9b0c320c6cf8,456e1a68-37c2-454d-948f-a46294d6ba3a,,,
,30560568-ec01-4da6-8261-68df14d72ddf,456e1a68-37c2-454d-948f-a46294d6ba3a,,,
,6597d4b1-1ad6-4cbe-a2fe-f55a033b5516,456e1a68-37c2-454d-948f-a46294d6ba3a,,,
,5af71c48-5b56-48a7-954c-69b90d185583,456e1a68-37c2-454d-948f-a46294d6ba3a,,,
,e43ff6c0-923f-424a-8831-dd3870b94dd9,456e1a68-37c2-454d-948f-a46294d6ba3a,,,
,aa21b7fe-fe5d-445b-a232-64c74cba857f,456e1a68-37c2-454d-948f-a46294d6ba3a,,,
,24bcdedc-d665-4cc9-9a77-5d466d7e10c3,456e1a68-37c2-454d-948f-a46294d6ba3a,,,
,98efb31a-3cd9-4364-87f9-3a01e4633cb0,470809ae-c5f3-4ba1-9522-fd0972619f7f,,,
,bfa66b97-8662-4b7c-8091-eb8ed99f83b1,470809ae-c5f3-4ba1-9522-fd0972619f7f,,,
,b5484618-b74b-433c-a880-892533c6a28e,470809ae-c5f3-4ba1-9522-fd0972619f7f,,,
,1175380f-7309-40f6-b6b2-db3268ea51a3,470809ae-c5f3-4ba1-9522-fd0972619f7f,,,
,64f73ab9-7677-407c-8cd6-1dc2ab2769bd,470809ae-c5f3-4ba1-9522-fd0972619f7f,,,
,cf929aa2-d567-44b8-b4d8-5ef5b10cc952,470809ae-c5f3-4ba1-9522-fd0972619f7f,,,
,46f0ec13-ab50-47d8-8c63-ea1921e2048c,470809ae-c5f3-4ba1-9522-fd0972619f7f,,,
,dbaf765f-4045-49fd-8db6-4ab38e799a3c,470809ae-c5f3-4ba1-9522-fd0972619f7f,,,
,5ef0a0e8-28c9-47d4-9cb6-9abdc4e1e286,470809ae-c5f3-4ba1-9522-fd0972619f7f,,,
,cb9a56ca-b005-4bf2-aacc-fa39707892b7,470809ae-c5f3-4ba1-9522-fd0972619f7f,,,
,f759115e-af05-4d81-9055-5a965d51c3d6,470809ae-c5f3-4ba1-9522-fd0972619f7f,,,
,108d909f-384f-43ab-b1a8-8a30fb4966e0,470809ae-c5f3-4ba1-9522-fd0972619f7f,,,
,d01e8f14-dd90-4000-9380-2bd6d8401fd9,470809ae-c5f3-4ba1-9522-fd0972619f7f,,,
,63bb54b5-937c-4f25-8ef7-8e1532e836c5,470809ae-c5f3-4ba1-9522-fd0972619f7f,,,
,94987d8c-d28b-4042-b006-5f63516a947d,470809ae-c5f3-4ba1-9522-fd0972619f7f,,,
,6d7f57e0-b27e-4d11-ae8b-b5e2affecb9c,470809ae-c5f3-4ba1-9522-fd0972619f7f,,,
,0587dfc7-bcf3-4d3e-addb-d8c606e0de4b,470809ae-c5f3-4ba1-9522-fd0972619f7f,,,
,c4d2d897-edc1-47f0-a24b-669a6357c4c6,470809ae-c5f3-4ba1-9522-fd0972619f7f,,,
,dc9ef8c3-edfc-4484-beb5-10cb90df6bd3,470809ae-c5f3-4ba1-9522-fd0972619f7f,,,
,6d63f181-9f21-4813-a8b8-7b38447ad011,470809ae-c5f3-4ba1-9522-fd0972619f7f,,,
,815fa402-4d59-4f4b-8479-88408c072155,470809ae-c5f3-4ba1-9522-fd0972619f7f,,,
,bb215d36-18dc-4fd6-9fb7-c8ecce2aec78,470809ae-c5f3-4ba1-9522-fd0972619f7f,,,
,3e601beb-e6b0-4831-bc8d-8440bb3f7d34,470809ae-c5f3-4ba1-9522-fd0972619f7f,,,
,90b019b1-e97a-4a14-9b90-29a6f96e8565,470809ae-c5f3-4ba1-9522-fd0972619f7f,,,
,fd317d99-196f-4987-8ab0-75871c16cd65,470809ae-c5f3-4ba1-9522-fd0972619f7f,,,
,23ab1676-9dc9-45ca-8331-4dff7839c3fd,470809ae-c5f3-4ba1-9522-fd0972619f7f,,,
,d64f7b73-2ce7-46fd-92fc-535cf3967ba4,470809ae-c5f3-4ba1-9522-fd0972619f7f,,,
,85d89c59-58b9-4062-ab30-79bc9cb806ff,470809ae-c5f3-4ba1-9522-fd0972619f7f,,,
,47dd6831-94a4-4695-8251-8418efd59580,470809ae-c5f3-4ba1-9522-fd0972619f7f,,,
,33cf7e90-b24e-4ba0-ab05-0764ab7da00b,470809ae-c5f3-4ba1-9522-fd0972619f7f,,,
,47d538dd-5b69-4878-a970-7bc84f418499,470809ae-c5f3-4ba1-9522-fd0972619f7f,,,
,176ffe2b-e166-4fdc-b767-c90e9364368c,470809ae-c5f3-4ba1-9522-fd0972619f7f,,,
,bceef591-1e00-4b0a-89f7-5fc8b96b2997,470809ae-c5f3-4ba1-9522-fd0972619f7f,,,
,ed83cb14-96a7-4a1b-b19d-c3d7007b3699,470809ae-c5f3-4ba1-9522-fd0972619f7f,,,
,f6197602-b233-45be-921b-8138f5838b8e,470809ae-c5f3-4ba1-9522-fd0972619f7f,,,
,c8035682-e3d4-4c27-9454-422959d878ea,470809ae-c5f3-4ba1-9522-fd0972619f7f,,,
,dd973020-ee49-4f1f-8dbe-705c9a9b36e5,470809ae-c5f3-4ba1-9522-fd0972619f7f,,,
,bcb5f402-3d5d-4735-a03e-2cbd018b1791,470809ae-c5f3-4ba1-9522-fd0972619f7f,,,
,2d2b694b-8a70-4462-863d-273d59bb0955,470809ae-c5f3-4ba1-9522-fd0972619f7f,,,
,be970f96-d6fb-44a5-a49a-56a46b67f4c5,470809ae-c5f3-4ba1-9522-fd0972619f7f,,,
,9cf9f5a0-146d-49de-b57d-38bcbe6c8868,470809ae-c5f3-4ba1-9522-fd0972619f7f,,,
,132662d8-9ed5-4468-af92-3275576c2738,470809ae-c5f3-4ba1-9522-fd0972619f7f,,,
,e304981a-d96a-476e-b0d7-af9f2f48df52,470809ae-c5f3-4ba1-9522-fd0972619f7f,,,
,b214ca32-d4ab-4279-9a25-32b360efa3a8,470809ae-c5f3-4ba1-9522-fd0972619f7f,,,
,85c45025-a9ff-429f-834b-ab32233984fe,470809ae-c5f3-4ba1-9522-fd0972619f7f,,,
,735f51d3-6a7f-48b3-a14d-7cb687b84d7a,470809ae-c5f3-4ba1-9522-fd0972619f7f,,,
,f4cdcb27-018c-4750-b8ed-c23be7e919f9,470809ae-c5f3-4ba1-9522-fd0972619f7f,,,
,680bfa47-0dd7-4467-a581-7ff5351a4ba2,470809ae-c5f3-4ba1-9522-fd0972619f7f,,,
,892a89cc-0099-4a10-8c2a-2e1a5619a00d,470809ae-c5f3-4ba1-9522-fd0972619f7f,,,
,b7c77422-4a59-4cec-ba8b-f3ed4ea8c64c,470809ae-c5f3-4ba1-9522-fd0972619f7f,,,
,44f1d75b-2384-47bc-a940-d2f573abb197,470809ae-c5f3-4ba1-9522-fd0972619f7f,,,
,c469e7be-a254-40c2-ad31-969abe8e14da,470809ae-c5f3-4ba1-9522-fd0972619f7f,,,
,e4e12de4-b0e7-48e8-86c6-e3f727dfd750,470809ae-c5f3-4ba1-9522-fd0972619f7f,,,
,d55e7fd0-4d16-473d-9af2-33ca25c9097f,470809ae-c5f3-4ba1-9522-fd0972619f7f,,,
,80a657ce-9345-4d9e-b826-f9ad5622c4b1,470809ae-c5f3-4ba1-9522-fd0972619f7f,,,
,a40232a6-daf5-4bd0-961c-9281684b309a,470809ae-c5f3-4ba1-9522-fd0972619f7f,,,
,208fdc68-2af8-4a7a-a14e-ac7fe06a8f32,470809ae-c5f3-4ba1-9522-fd0972619f7f,,,
,2622f7df-573b-480e-8df0-e411f7bf86bc,470809ae-c5f3-4ba1-9522-fd0972619f7f,,,
,ed964582-c867-4f15-87b1-3e93e4755355,470809ae-c5f3-4ba1-9522-fd0972619f7f,,,
,36d7471e-47ff-42e4-b345-5c780063e0a6,470809ae-c5f3-4ba1-9522-fd0972619f7f,,,
,2d0ef91e-a0d8-4995-b954-4ec07759a633,470809ae-c5f3-4ba1-9522-fd0972619f7f,,,
,f1fb6ff9-f23b-48c0-a6a2-7c4e47288629,470809ae-c5f3-4ba1-9522-fd0972619f7f,,,
,5f1ee26c-fc64-487e-99e8-614af11a35e9,470809ae-c5f3-4ba1-9522-fd0972619f7f,,,
,e79c3f7a-2fa9-42e9-a1d0-eff8f6b7bceb,470809ae-c5f3-4ba1-9522-fd0972619f7f,,,
,1322832e-4958-421c-a737-9d4b02aca999,470809ae-c5f3-4ba1-9522-fd0972619f7f,,,
,e67f9986-fdfd-4669-9b19-6f6f740b3bd1,470809ae-c5f3-4ba1-9522-fd0972619f7f,,,
,3c1a80db-358e-45de-ba1b-5aaaf75f464f,470809ae-c5f3-4ba1-9522-fd0972619f7f,,,
,6a800c3d-0a85-45bf-8cba-03b221bbaf0c,470809ae-c5f3-4ba1-9522-fd0972619f7f,,,
,269454da-66cd-40e9-a339-5a4a35418d07,470809ae-c5f3-4ba1-9522-fd0972619f7f,,,
,bedd91b8-9f3a-403c-9e85-2afb42dbd1ca,470809ae-c5f3-4ba1-9522-fd0972619f7f,,,
,f1ceb041-bdfe-4db5-b903-1255b41180da,470809ae-c5f3-4ba1-9522-fd0972619f7f,,,
,8e138fa8-4e76-4c32-98d8-5cca4f436c16,470809ae-c5f3-4ba1-9522-fd0972619f7f,,,
,8ab9e3a2-83fc-41c7-b5e1-2a4c9d1a10ff,470809ae-c5f3-4ba1-9522-fd0972619f7f,,,
,def42b2d-3122-4164-85d7-290e0c55ae2a,470809ae-c5f3-4ba1-9522-fd0972619f7f,,,
,ceb5c55f-8b9a-40cf-972c-a099f11a5c47,470809ae-c5f3-4ba1-9522-fd0972619f7f,,,
,567fa254-fa57-4b4b-8537-1ec4466268c1,470809ae-c5f3-4ba1-9522-fd0972619f7f,,,
,bc730c6a-abef-45f4-a83c-4969f2e2668c,470809ae-c5f3-4ba1-9522-fd0972619f7f,,,
,94e7eba8-43b4-4ec4-96a9-938b4a34e22c,470809ae-c5f3-4ba1-9522-fd0972619f7f,,,
,df0b959b-2e10-4240-968a-09193e2647e8,470809ae-c5f3-4ba1-9522-fd0972619f7f,,,
,82c7858c-2b8a-404f-b9ad-381355127d8e,470809ae-c5f3-4ba1-9522-fd0972619f7f,,,
,895e8eb5-f55c-4ec6-80dc-ef5ea540400c,470809ae-c5f3-4ba1-9522-fd0972619f7f,,,
,1f513e1d-613e-45e9-9154-9e32648e5122,470809ae-c5f3-4ba1-9522-fd0972619f7f,,,
,60000799-ba52-47d5-a970-374f9fe2d56a,470809ae-c5f3-4ba1-9522-fd0972619f7f,,,
,b9bb98db-bb2d-493f-ab40-a64973ab3c3c,470809ae-c5f3-4ba1-9522-fd0972619f7f,,,
,3a063073-0a28-46f6-959c-56fa6327f45e,470809ae-c5f3-4ba1-9522-fd0972619f7f,,,
,eb6a58d8-dc96-4777-bda2-104f9b5aafb6,470809ae-c5f3-4ba1-9522-fd0972619f7f,,,
,e8c862a8-1b73-44d8-beff-0bb90c18f2fa,470809ae-c5f3-4ba1-9522-fd0972619f7f,,,
,54f267ad-4513-4407-8e59-1adfbd450abe,470809ae-c5f3-4ba1-9522-fd0972619f7f,,,
,bd71a43d-bf2a-46de-89b3-edf69cd67232,470809ae-c5f3-4ba1-9522-fd0972619f7f,,,
,0ec95026-2d12-4de5-8a4a-ceb21076cf0d,470809ae-c5f3-4ba1-9522-fd0972619f7f,,,
,5ed0c967-b2c6-4c71-b4e2-933159a15c9c,470809ae-c5f3-4ba1-9522-fd0972619f7f,,,
,184bfb92-20ca-4a2d-9468-5718e77ed097,470809ae-c5f3-4ba1-9522-fd0972619f7f,,,
,f427fefd-0183-4b5d-90cf-c5b8d9b9303b,470809ae-c5f3-4ba1-9522-fd0972619f7f,,,
,443a5ce5-d4d5-4289-a22f-fc6aa737f964,470809ae-c5f3-4ba1-9522-fd0972619f7f,,,
,2d63708f-d362-48ab-a24b-124cab006487,470809ae-c5f3-4ba1-9522-fd0972619f7f,,,
,9d89442c-018b-433e-a213-211dd34f6b72,470809ae-c5f3-4ba1-9522-fd0972619f7f,,,
,6698aeef-bdbe-4dc7-a99c-3ff7d97bd325,470809ae-c5f3-4ba1-9522-fd0972619f7f,,,
,c3c69d7e-6556-49a7-9574-892713c630e5,470809ae-c5f3-4ba1-9522-fd0972619f7f,,,
,a32f366a-94de-49b5-8ae9-0ee53eba5b9d,470809ae-c5f3-4ba1-9522-fd0972619f7f,,,
,9e702539-1832-4d7a-8e3e-35175a8306cf,470809ae-c5f3-4ba1-9522-fd0972619f7f,,,
,2c7309aa-1c57-4356-b6c4-7bdfcd134fc0,470809ae-c5f3-4ba1-9522-fd0972619f7f,,,
,5668cddc-244d-4b46-a5ea-1d955bed8113,470809ae-c5f3-4ba1-9522-fd0972619f7f,,,
,ab93ae7a-583b-45a6-a8e3-f53f9b2114ba,470809ae-c5f3-4ba1-9522-fd0972619f7f,,,
,4e991620-97a1-42cc-99a9-b2db0fd71180,470809ae-c5f3-4ba1-9522-fd0972619f7f,,,
,ffccb381-efeb-4863-83a7-f5667647821d,470809ae-c5f3-4ba1-9522-fd0972619f7f,,,
,9428db88-7a34-45a5-997e-16d2f21ab5f2,470809ae-c5f3-4ba1-9522-fd0972619f7f,,,
,a1ac113a-b607-4c43-9b75-13f646697256,470809ae-c5f3-4ba1-9522-fd0972619f7f,,,
,dfd07c0c-b26c-4c15-90d9-73ee9173c057,470809ae-c5f3-4ba1-9522-fd0972619f7f,,,
,be3c6c2f-c2b4-41d5-80f6-331c68db54b3,470809ae-c5f3-4ba1-9522-fd0972619f7f,,,
,0b5b8a12-423f-4213-83cc-0583c8d38e0b,470809ae-c5f3-4ba1-9522-fd0972619f7f,,,
,4cbc54a8-cead-4ac9-ab0f-01e54d19b92d,470809ae-c5f3-4ba1-9522-fd0972619f7f,,,
,9f5dac44-fd02-44e8-b312-7b46bf98ccd5,470809ae-c5f3-4ba1-9522-fd0972619f7f,,,
,0afc1902-8541-43f7-b6a7-20e8ca7abe7b,470809ae-c5f3-4ba1-9522-fd0972619f7f,,,
,adba1c3c-4051-4aea-9a81-2fb876d9857c,470809ae-c5f3-4ba1-9522-fd0972619f7f,,,
,07c81e30-9fca-4c77-b826-5443a64d6be0,470809ae-c5f3-4ba1-9522-fd0972619f7f,,,
,ad50c63f-7063-44e4-8dac-2865e7cf9e07,470809ae-c5f3-4ba1-9522-fd0972619f7f,,,
,f0221422-dce0-48cf-8e2f-ba1969bb5767,470809ae-c5f3-4ba1-9522-fd0972619f7f,,,
,5569ed51-1f54-4d00-9f94-6a805baeb5ef,470809ae-c5f3-4ba1-9522-fd0972619f7f,,,
,6dddd0d4-546e-4a41-902f-e33ad8e9551d,470809ae-c5f3-4ba1-9522-fd0972619f7f,,,
,4f1e4e2e-2033-4354-9ecb-ae3aa828103f,470809ae-c5f3-4ba1-9522-fd0972619f7f,,,
,e692cf39-347e-4235-9aa5-e4486e2e5126,470809ae-c5f3-4ba1-9522-fd0972619f7f,,,
,d696a442-7aef-45d6-841a-51a91fd5e730,470809ae-c5f3-4ba1-9522-fd0972619f7f,,,
,a51eb5da-8a0c-4bf2-8771-8525041f5edf,470809ae-c5f3-4ba1-9522-fd0972619f7f,,,
,0cbd69f8-5310-433e-94f4-676aec44be01,470809ae-c5f3-4ba1-9522-fd0972619f7f,,,
,4202791d-15fa-4f92-b9b4-2db56d43e1de,470809ae-c5f3-4ba1-9522-fd0972619f7f,,,
,5a9b864e-d7e8-426b-b9eb-24a276b27b9b,470809ae-c5f3-4ba1-9522-fd0972619f7f,,,
,595eda6d-c2c6-4ad7-b601-de2646f021b8,470809ae-c5f3-4ba1-9522-fd0972619f7f,,,
,6913de96-9f3e-4e63-93db-0bbc89723465,470809ae-c5f3-4ba1-9522-fd0972619f7f,,,
,2506f61e-676d-4e0d-88d6-8148c9667788,470809ae-c5f3-4ba1-9522-fd0972619f7f,,,
,a4d600df-eb73-4f5b-ab8a-a847b424f98d,470809ae-c5f3-4ba1-9522-fd0972619f7f,,,
,781b2ed7-535b-4ac2-9bed-fa251cbbe1a3,470809ae-c5f3-4ba1-9522-fd0972619f7f,,,
,aefc8c13-b783-4f77-8caa-05538d7740a3,470809ae-c5f3-4ba1-9522-fd0972619f7f,,,
,5d312d29-7ee1-46d5-85fd-cfa4c38cc9b7,470809ae-c5f3-4ba1-9522-fd0972619f7f,,,
,61398967-c706-49af-8403-0206d6bc4fd5,470809ae-c5f3-4ba1-9522-fd0972619f7f,,,
,11b36bb7-32b3-48af-963f-8beeb68b250f,470809ae-c5f3-4ba1-9522-fd0972619f7f,,,
,2e932a1c-bed3-49cd-88b2-566806e0c8a8,470809ae-c5f3-4ba1-9522-fd0972619f7f,,,
,ad592e69-488f-4e02-9419-b99134abc197,470809ae-c5f3-4ba1-9522-fd0972619f7f,,,
,c1abd5e3-44be-40ea-9bd3-d0063f7a3de1,470809ae-c5f3-4ba1-9522-fd0972619f7f,,,
,2ede1c42-8fbe-499d-bcb4-fca154e935cd,470809ae-c5f3-4ba1-9522-fd0972619f7f,,,
,0d2c184c-c4fb-430e-9c3d-d422764bc944,470809ae-c5f3-4ba1-9522-fd0972619f7f,,,
,4303c13d-4e18-4669-8e45-cb3a98aefb58,470809ae-c5f3-4ba1-9522-fd0972619f7f,,,
,8569454a-d231-4c1f-ab6b-15154a615444,470809ae-c5f3-4ba1-9522-fd0972619f7f,,,
,98284402-dc86-455c-a0a1-af6cecd2acf6,470809ae-c5f3-4ba1-9522-fd0972619f7f,,,
,ba764d78-6944-4b44-bdf5-3a153c214426,470809ae-c5f3-4ba1-9522-fd0972619f7f,,,
,1b7226ea-836e-4194-ae81-4e0eadadf35a,470809ae-c5f3-4ba1-9522-fd0972619f7f,,,
,e3f6a7f5-8691-4240-a711-790eadc9ddf3,470809ae-c5f3-4ba1-9522-fd0972619f7f,,,
,98ec6ef3-b7fe-4300-b8d7-7d5b09a1e037,470809ae-c5f3-4ba1-9522-fd0972619f7f,,,
,dad3fcdd-bf10-4a3f-a91d-2a9df06fc80a,470809ae-c5f3-4ba1-9522-fd0972619f7f,,,
,4a22731a-b49b-4f39-9ffe-511965717868,470809ae-c5f3-4ba1-9522-fd0972619f7f,,,
,805390eb-eb30-49ce-b6de-087c7f40d3e3,470809ae-c5f3-4ba1-9522-fd0972619f7f,,,
,82891aba-5b8d-4abe-9a82-0a2a5766b03c,470809ae-c5f3-4ba1-9522-fd0972619f7f,,,
,954aa421-89bc-4a35-8719-93a93c0f69e6,470809ae-c5f3-4ba1-9522-fd0972619f7f,,,
,fd1e53fd-7288-4d59-840e-497cea9e2456,470809ae-c5f3-4ba1-9522-fd0972619f7f,,,
,819bf44a-075c-4d61-ac3e-adc3434037ae,470809ae-c5f3-4ba1-9522-fd0972619f7f,,,
,2080a07f-7b0d-4223-831a-bce9348225ce,470809ae-c5f3-4ba1-9522-fd0972619f7f,,,
,e877f70e-bd20-496d-a132-22566179b356,470809ae-c5f3-4ba1-9522-fd0972619f7f,,,
,639ba2c8-c186-4010-9905-0af1d8099fdc,470809ae-c5f3-4ba1-9522-fd0972619f7f,,,
,cbda03b3-f4dc-4c47-be66-98e2795d2312,470809ae-c5f3-4ba1-9522-fd0972619f7f,,,
,7c7d213f-7a5c-436c-a41e-fe0290437d02,470809ae-c5f3-4ba1-9522-fd0972619f7f,,,
,3ebe4dda-b361-46cf-95b4-7143884db4d1,470809ae-c5f3-4ba1-9522-fd0972619f7f,,,
,ce6cbe94-3a84-4e55-b407-2d60ee8f4e2a,470809ae-c5f3-4ba1-9522-fd0972619f7f,,,
,3b4cf239-7cd6-4bab-930b-2c462ff10530,470809ae-c5f3-4ba1-9522-fd0972619f7f,,,
,40156c9f-0b43-4e1c-a18f-f0cf41482313,470809ae-c5f3-4ba1-9522-fd0972619f7f,,,
,444d9730-fdb1-4d01-ae80-761b6c7af56e,470809ae-c5f3-4ba1-9522-fd0972619f7f,,,
,713db7b5-7643-48e3-94f2-71f158519346,470809ae-c5f3-4ba1-9522-fd0972619f7f,,,
,365f8071-cac5-45ab-be74-9f0973fa5a90,470809ae-c5f3-4ba1-9522-fd0972619f7f,,,
,1d9e25ea-4605-485f-925f-6e2196755491,470809ae-c5f3-4ba1-9522-fd0972619f7f,,,
,54cdf88d-267c-4fbc-a604-8589966c29aa,470809ae-c5f3-4ba1-9522-fd0972619f7f,,,
,20d96574-23a6-4e8e-9d9a-bfe63d174b86,470809ae-c5f3-4ba1-9522-fd0972619f7f,,,
,8968f09e-5b6c-4263-908b-ce33db10d066,470809ae-c5f3-4ba1-9522-fd0972619f7f,,,
,ed7cec0d-01aa-4cf7-abc5-1ff32590b0d5,470809ae-c5f3-4ba1-9522-fd0972619f7f,,,
,c4fe644b-c49d-495a-8038-07e732101c35,470809ae-c5f3-4ba1-9522-fd0972619f7f,,,
,8214ab72-1466-401b-ba85-8e74d3f117a7,470809ae-c5f3-4ba1-9522-fd0972619f7f,,,
,fa363881-a56e-4ee0-abf0-fd5e997f70f8,470809ae-c5f3-4ba1-9522-fd0972619f7f,,,
,bbc98ee5-dec4-40f1-acdb-5441415334d9,470809ae-c5f3-4ba1-9522-fd0972619f7f,,,
,e995e1bb-1d8d-4f31-8039-15c8656b68be,470809ae-c5f3-4ba1-9522-fd0972619f7f,,,
,8e650534-4406-4541-8815-3cd05b89ce96,470809ae-c5f3-4ba1-9522-fd0972619f7f,,,
,5f9d000f-a13c-4dc8-9e8e-eeedae700236,470809ae-c5f3-4ba1-9522-fd0972619f7f,,,
,9e00c4c8-4285-4b41-9283-389868a10f3d,470809ae-c5f3-4ba1-9522-fd0972619f7f,,,
,cf606678-41fc-43cd-bfaf-d0fd1f6e0223,470809ae-c5f3-4ba1-9522-fd0972619f7f,,,
,1fc4e178-a29d-4fde-b66d-5dba7ec039a2,470809ae-c5f3-4ba1-9522-fd0972619f7f,,,
,f89cee48-1bcf-4b80-8340-da27932823ed,470809ae-c5f3-4ba1-9522-fd0972619f7f,,,
,3ed40874-07d2-4d33-b40e-35239c1b5d09,470809ae-c5f3-4ba1-9522-fd0972619f7f,,,
,3cd3435d-836a-4c0e-8430-68fc7e203024,470809ae-c5f3-4ba1-9522-fd0972619f7f,,,
,0c334ba5-689d-4e27-8159-eb2c8e00df75,470809ae-c5f3-4ba1-9522-fd0972619f7f,,,
,734aa169-aad7-4f3d-b963-74a80c974095,470809ae-c5f3-4ba1-9522-fd0972619f7f,,,
,e4ef2843-e65a-42df-b8f5-ed4ded785ef2,470809ae-c5f3-4ba1-9522-fd0972619f7f,,,
,eb986951-f84c-437c-9268-ec048520c849,470809ae-c5f3-4ba1-9522-fd0972619f7f,,,
,226c02c9-db1e-4607-8794-3697707306ff,470809ae-c5f3-4ba1-9522-fd0972619f7f,,,
,b4b6379c-ebe6-4129-9a4e-45c4b86be3d6,470809ae-c5f3-4ba1-9522-fd0972619f7f,,,
,85fa75ae-dd72-439d-a9dc-6657944ec68d,470809ae-c5f3-4ba1-9522-fd0972619f7f,,,
,cf706cac-aa01-4c51-91bd-7025864a7cf7,470809ae-c5f3-4ba1-9522-fd0972619f7f,,,
,c82a7656-64ae-4dcf-a557-6685a1467f41,470809ae-c5f3-4ba1-9522-fd0972619f7f,,,
,4b4b0629-9081-4066-941e-81f8fab11bca,470809ae-c5f3-4ba1-9522-fd0972619f7f,,,
,4f27c047-c610-460f-863e-085eaeae0f40,470809ae-c5f3-4ba1-9522-fd0972619f7f,,,
,306dfc56-0d17-45be-b758-45263d2a4999,470809ae-c5f3-4ba1-9522-fd0972619f7f,,,
,834dc90b-ba9e-4a34-8726-0df1d6dad198,470809ae-c5f3-4ba1-9522-fd0972619f7f,,,
,7c5beec9-b8dc-4d78-bb04-ea679d694025,470809ae-c5f3-4ba1-9522-fd0972619f7f,,,
,9a5a60cb-8183-40f2-909b-bae0b21ac9bd,470809ae-c5f3-4ba1-9522-fd0972619f7f,,,
,95ecde27-3732-4c60-ac8f-525fe927dc6f,470809ae-c5f3-4ba1-9522-fd0972619f7f,,,
,037d9db7-7383-43dd-b872-685262c2e082,470809ae-c5f3-4ba1-9522-fd0972619f7f,,,
,8e920fae-96f9-4653-8352-a41740f676fc,470809ae-c5f3-4ba1-9522-fd0972619f7f,,,
,c6966f31-8db4-4991-8a53-44e45d332f92,470809ae-c5f3-4ba1-9522-fd0972619f7f,,,
,f1cbb49b-1047-4b20-9449-7ba030bf0a92,470809ae-c5f3-4ba1-9522-fd0972619f7f,,,
,9f98b950-1b39-4ec8-868f-6b156bed5ad4,470809ae-c5f3-4ba1-9522-fd0972619f7f,,,
,723bda52-ebe9-4ef2-b052-5b1fc8b5d8ec,470809ae-c5f3-4ba1-9522-fd0972619f7f,,,
,e51b2a1b-92b4-426d-b4fb-1d075218cb4f,470809ae-c5f3-4ba1-9522-fd0972619f7f,,,
,00c1804b-9ba6-4482-993b-e09189fdf8ca,470809ae-c5f3-4ba1-9522-fd0972619f7f,,,
,4c17a951-3ada-4af2-9b55-80191ac0bb0d,470809ae-c5f3-4ba1-9522-fd0972619f7f,,,
,37e2949c-793c-49a5-b3a2-41b717d12eed,470809ae-c5f3-4ba1-9522-fd0972619f7f,,,
,e5ef5d25-dbd9-491a-a2a2-0f9389f951d2,470809ae-c5f3-4ba1-9522-fd0972619f7f,,,
,1aa1b820-1295-4415-bea7-410b70ed91d9,470809ae-c5f3-4ba1-9522-fd0972619f7f,,,
,f2508cf6-9f80-4a42-8914-eb1ed68e04bd,470809ae-c5f3-4ba1-9522-fd0972619f7f,,,
,e52fbc37-340c-4e6b-93b7-7450600d009e,470809ae-c5f3-4ba1-9522-fd0972619f7f,,,
,ce2bbde3-c181-43d0-ae9f-b2044aaba634,470809ae-c5f3-4ba1-9522-fd0972619f7f,,,
,42c9f3ef-beb2-4c12-9396-ec844a002250,470809ae-c5f3-4ba1-9522-fd0972619f7f,,,
,df4246f2-6f2d-4a59-b8e4-6a04ae276884,470809ae-c5f3-4ba1-9522-fd0972619f7f,,,
,96f3f44f-5106-418b-b4c2-189bbf94c623,470809ae-c5f3-4ba1-9522-fd0972619f7f,,,
,3f7281b6-ac35-4ef2-8c90-20c8813bc4c6,470809ae-c5f3-4ba1-9522-fd0972619f7f,,,
,7b283d0d-94b8-472e-93e8-e50434a8bb3e,470809ae-c5f3-4ba1-9522-fd0972619f7f,,,
,b7abb0f0-461c-4e6d-8a91-4f00f6408cb2,470809ae-c5f3-4ba1-9522-fd0972619f7f,,,
,1a92caae-a6f1-409a-a4bc-5e5e12315d7e,470809ae-c5f3-4ba1-9522-fd0972619f7f,,,
,aa7a7d01-2ff8-41fd-a35a-8d920e9a694c,470809ae-c5f3-4ba1-9522-fd0972619f7f,,,
,b8a6fe1c-ab91-4824-beef-c653b0673679,470809ae-c5f3-4ba1-9522-fd0972619f7f,,,
,ec258328-b67e-4714-899c-7f3c12b7c5ab,470809ae-c5f3-4ba1-9522-fd0972619f7f,,,
,e79974c8-1672-4cff-b606-7d130204191f,470809ae-c5f3-4ba1-9522-fd0972619f7f,,,
,17b933fe-883e-468a-ac1a-59d590a66557,470809ae-c5f3-4ba1-9522-fd0972619f7f,,,
,641c2864-a096-4bcd-978b-0f9b41323038,470809ae-c5f3-4ba1-9522-fd0972619f7f,,,
,3224da17-ea0a-400e-a512-bc292cd04f16,470809ae-c5f3-4ba1-9522-fd0972619f7f,,,
,58f12484-b2ea-4016-a52e-3a2823a50fb8,470809ae-c5f3-4ba1-9522-fd0972619f7f,,,
,ee97a3ad-7eb6-4d58-8320-3c2648623aa7,470809ae-c5f3-4ba1-9522-fd0972619f7f,,,
,75702f19-b67e-4bab-a717-806b6a35b337,470809ae-c5f3-4ba1-9522-fd0972619f7f,,,
,49bad7e6-131a-48c1-b648-79f8a39d8419,470809ae-c5f3-4ba1-9522-fd0972619f7f,,,
,56226909-9af7-414c-9585-304398ba56c4,470809ae-c5f3-4ba1-9522-fd0972619f7f,,,
,ef4ea705-f7d2-4e67-9330-d3f2ccc88031,470809ae-c5f3-4ba1-9522-fd0972619f7f,,,
,82520a90-bfa9-40e1-ac98-9a4074dee17c,470809ae-c5f3-4ba1-9522-fd0972619f7f,,,
,d19f91cc-1598-461b-8ac5-345905a3c18d,470809ae-c5f3-4ba1-9522-fd0972619f7f,,,
,bb8c9397-7fad-4840-b59e-e1833cdab2eb,470809ae-c5f3-4ba1-9522-fd0972619f7f,,,
,0aecdd92-7457-4b6a-b285-9769dd20c11d,470809ae-c5f3-4ba1-9522-fd0972619f7f,,,
,d4b425c8-9ab8-4cc8-b84b-2fec24aa1739,470809ae-c5f3-4ba1-9522-fd0972619f7f,,,
,5e65bb15-8a83-4680-9b53-57c3b7039c73,470809ae-c5f3-4ba1-9522-fd0972619f7f,,,
,52760b63-956d-4ed8-8378-c185f5998c06,470809ae-c5f3-4ba1-9522-fd0972619f7f,,,
,6a71840c-d512-439b-ab73-7f7fc1cb2ef4,470809ae-c5f3-4ba1-9522-fd0972619f7f,,,
,bdd8fcac-3626-4422-a5c9-fd5427e6526c,470809ae-c5f3-4ba1-9522-fd0972619f7f,,,
,1c498593-c511-4d65-b573-257062e57b50,470809ae-c5f3-4ba1-9522-fd0972619f7f,,,
,c36e9692-ed85-4260-8b30-16957e348213,470809ae-c5f3-4ba1-9522-fd0972619f7f,,,
,79470103-0fea-460e-96d6-9890c3e4cf36,470809ae-c5f3-4ba1-9522-fd0972619f7f,,,
,e84e7853-59d9-4df7-91d5-6695b00231bd,470809ae-c5f3-4ba1-9522-fd0972619f7f,,,
,78a71011-df70-476b-82bb-03f933daa27b,470809ae-c5f3-4ba1-9522-fd0972619f7f,,,
,0d6c90a6-42e4-4af3-8cf8-de3b8f6ec1c6,470809ae-c5f3-4ba1-9522-fd0972619f7f,,,
,7f838f31-870f-41c8-a354-53b12b406be3,470809ae-c5f3-4ba1-9522-fd0972619f7f,,,
,d21d7a51-05e2-4ec5-b5bb-fc587ab09783,470809ae-c5f3-4ba1-9522-fd0972619f7f,,,
,3990f346-4260-4e35-9d56-f0d0531eee4b,470809ae-c5f3-4ba1-9522-fd0972619f7f,,,
,af1aa453-b7fb-4733-ba10-22ad0d6231f2,470809ae-c5f3-4ba1-9522-fd0972619f7f,,,
,7a4189d8-50c5-4982-b063-4e2ed8b379b1,470809ae-c5f3-4ba1-9522-fd0972619f7f,,,
,90420f86-3962-4074-b183-868191aebafc,470809ae-c5f3-4ba1-9522-fd0972619f7f,,,
,39190254-408e-470d-a879-d7a22def9824,470809ae-c5f3-4ba1-9522-fd0972619f7f,,,
,113291a5-d501-4ab3-be59-35046e813d76,470809ae-c5f3-4ba1-9522-fd0972619f7f,,,
,f7bb4648-38b0-4793-8162-679d01527a41,470809ae-c5f3-4ba1-9522-fd0972619f7f,,,
,668a11e8-9b68-425d-b749-3be9b806459b,470809ae-c5f3-4ba1-9522-fd0972619f7f,,,
,24718068-e623-41e4-b052-e4028ac8ff20,470809ae-c5f3-4ba1-9522-fd0972619f7f,,,
,11b6331e-c5e6-4c91-954a-2d94b23c997f,470809ae-c5f3-4ba1-9522-fd0972619f7f,,,
,c7180df0-3c2a-4e31-a007-2e2f1aa15155,470809ae-c5f3-4ba1-9522-fd0972619f7f,,,
,e5f662bd-ee8d-4d39-96e3-7e5c6afc19fa,470809ae-c5f3-4ba1-9522-fd0972619f7f,,,
,3024c594-1d4f-490c-95c9-66c2b619c7b3,470809ae-c5f3-4ba1-9522-fd0972619f7f,,,
,90d60087-b2a6-4931-b70c-b6b1275f7a09,470809ae-c5f3-4ba1-9522-fd0972619f7f,,,
,5cc8722a-a976-4cf1-98b2-0678aa179ed5,470809ae-c5f3-4ba1-9522-fd0972619f7f,,,
,d1784e22-4c1a-4f86-a508-68b1122f35a0,470809ae-c5f3-4ba1-9522-fd0972619f7f,,,
,43899bc8-06c5-452d-818d-3caa0b538621,470809ae-c5f3-4ba1-9522-fd0972619f7f,,,
,cb5924b1-d86e-4be8-ad43-05b4575d5c0c,470809ae-c5f3-4ba1-9522-fd0972619f7f,,,
,9b1693e0-54fd-4ad4-8a8b-9676deae1ea4,470809ae-c5f3-4ba1-9522-fd0972619f7f,,,
,734b957c-b89a-4ddf-a214-b2775c5672bf,470809ae-c5f3-4ba1-9522-fd0972619f7f,,,
,8a314e4e-411a-4536-b1a8-7dd36ec16f98,470809ae-c5f3-4ba1-9522-fd0972619f7f,,,
,52ed2f5a-cad4-4ab8-8577-55dc44a6e130,470809ae-c5f3-4ba1-9522-fd0972619f7f,,,
,dc47dc50-b789-466f-8971-640bbf4b8214,470809ae-c5f3-4ba1-9522-fd0972619f7f,,,
,c3f7d94d-0751-46ef-bd13-4df4522ae13c,470809ae-c5f3-4ba1-9522-fd0972619f7f,,,
,6c8a4e88-b4a1-4813-b03d-df78c425cbf4,470809ae-c5f3-4ba1-9522-fd0972619f7f,,,
,78e3058d-379f-4828-8fb3-18cdfef19943,470809ae-c5f3-4ba1-9522-fd0972619f7f,,,
,378da24f-eb64-462d-b93f-36e698bf9cef,470809ae-c5f3-4ba1-9522-fd0972619f7f,,,
,f2a9c1dc-74ae-44dc-b7c3-2aadb3824658,470809ae-c5f3-4ba1-9522-fd0972619f7f,,,
,8c9534fd-70a1-4a98-866c-2d49bf7f44e2,470809ae-c5f3-4ba1-9522-fd0972619f7f,,,
,b15b3e2a-51b0-4885-b414-558d2aa55f23,470809ae-c5f3-4ba1-9522-fd0972619f7f,,,
,20e5099e-803f-4705-8711-27496458a0ca,470809ae-c5f3-4ba1-9522-fd0972619f7f,,,
,9b4c3416-103d-47cb-8c39-ea398a674918,470809ae-c5f3-4ba1-9522-fd0972619f7f,,,
,b435e80e-33de-4583-96a9-2090d0c7a05a,470809ae-c5f3-4ba1-9522-fd0972619f7f,,,
,b3b78072-bd49-4813-9700-f5d879c5d589,470809ae-c5f3-4ba1-9522-fd0972619f7f,,,
,2c9de68f-df18-428e-9708-166dbe71e66f,470809ae-c5f3-4ba1-9522-fd0972619f7f,,,
,f7a96b99-e512-4438-8f80-c1f689f0bb20,470809ae-c5f3-4ba1-9522-fd0972619f7f,,,
,acd1bcbb-7f76-473d-9d86-89fd5c43760f,470809ae-c5f3-4ba1-9522-fd0972619f7f,,,
,acd7ffb2-d00f-4427-ba10-e2c754244b6d,470809ae-c5f3-4ba1-9522-fd0972619f7f,,,
,48cf5a04-efad-445b-bcf9-9b7241dc12e2,470809ae-c5f3-4ba1-9522-fd0972619f7f,,,
,bf248094-6377-49c9-afcb-36b312a9cd20,470809ae-c5f3-4ba1-9522-fd0972619f7f,,,
,f9dd7728-9e40-480c-a80f-9c245857ff5a,470809ae-c5f3-4ba1-9522-fd0972619f7f,,,
,2c1fbeba-255f-4468-9bdc-7474e527cc4c,470809ae-c5f3-4ba1-9522-fd0972619f7f,,,
,d4e3db59-789c-4374-9a31-ce802404c0a6,470809ae-c5f3-4ba1-9522-fd0972619f7f,,,
,005090c2-47e5-412d-958e-f40de92de4e7,470809ae-c5f3-4ba1-9522-fd0972619f7f,,,
,660f0878-5204-40a4-a2b4-c37b696afe57,470809ae-c5f3-4ba1-9522-fd0972619f7f,,,
,bc2f0d1a-e3c7-453c-a3e8-6c4595f68adc,470809ae-c5f3-4ba1-9522-fd0972619f7f,,,
,3231cd15-a596-4146-acf6-b93dd60c45ff,93813225-2cbe-4d50-8943-423d4338776a,,,
,53cdccd8-ba57-493f-b9f6-b7c22dff8e8c,93813225-2cbe-4d50-8943-423d4338776a,,,
,65fb6936-58d7-4450-9d9d-fb0840b38074,93813225-2cbe-4d50-8943-423d4338776a,,,
,005c6d0f-4beb-423d-86c4-bb7f8ad4f358,93813225-2cbe-4d50-8943-423d4338776a,,,
,2c3f0223-c8a6-4941-8788-4a206cae6a56,93813225-2cbe-4d50-8943-423d4338776a,,,
,f6e2a3fc-c716-4a2f-a553-da22a5697b8c,93813225-2cbe-4d50-8943-423d4338776a,,,
,6f97972f-50a4-4998-8676-8f909cfa69fd,93813225-2cbe-4d50-8943-423d4338776a,,,
,8e813c11-c141-450f-9844-81994a4b3cff,93813225-2cbe-4d50-8943-423d4338776a,,,
,902951c8-4532-4c63-b4ff-75e64c429a94,93813225-2cbe-4d50-8943-423d4338776a,,,
,33fe8fd4-c0ea-42a3-a484-d5405406e623,93813225-2cbe-4d50-8943-423d4338776a,,,
,fe65951f-7083-456e-bd9a-e483dbb64135,93813225-2cbe-4d50-8943-423d4338776a,,,
,3b25774b-719f-475a-b9b9-e32040f8039b,93813225-2cbe-4d50-8943-423d4338776a,,,
,7980b5bf-55f6-459a-af03-23fe0ef7aac8,93813225-2cbe-4d50-8943-423d4338776a,,,
,66a72f9c-101e-46ca-befb-1b00ef9d735d,93813225-2cbe-4d50-8943-423d4338776a,,,
,25b40eaf-07e0-4129-bd49-f033a68bc0ea,93813225-2cbe-4d50-8943-423d4338776a,,,
,c4ecf7db-401b-45a3-aa3a-7775c79b4493,93813225-2cbe-4d50-8943-423d4338776a,,,
,311130d0-b32f-450f-9e9e-80ab4e7fe952,93813225-2cbe-4d50-8943-423d4338776a,,,
,dc8cee26-5e12-4293-aa11-cdc6e1447f09,93813225-2cbe-4d50-8943-423d4338776a,,,
,18f1baf8-04d9-4f2d-843b-b790241df671,93813225-2cbe-4d50-8943-423d4338776a,,,
,0866f2fc-9d01-426f-8581-9e2a1cbedb08,93813225-2cbe-4d50-8943-423d4338776a,,,
,76fdb47b-57e6-4bd8-8489-54682016a290,93813225-2cbe-4d50-8943-423d4338776a,,,
,d1260e27-19c2-47df-9d75-3530b2743f6d,93813225-2cbe-4d50-8943-423d4338776a,,,
,fb89f57c-92e2-43e5-836e-6ab846471def,93813225-2cbe-4d50-8943-423d4338776a,,,
,032cf5df-c18c-4ce5-8032-a9b9cc78f8fc,93813225-2cbe-4d50-8943-423d4338776a,,,
,56e42bdc-588e-4730-b504-48fc16c193e6,93813225-2cbe-4d50-8943-423d4338776a,,,
,bee0af07-73c7-490f-a0ee-431ccbed2d68,93813225-2cbe-4d50-8943-423d4338776a,,,
,8fe73955-d8ec-4d98-880d-00ddee009d14,93813225-2cbe-4d50-8943-423d4338776a,,,
,2615fc96-e1e0-4878-b648-782e20dcb33b,93813225-2cbe-4d50-8943-423d4338776a,,,
,201682e5-2b51-4454-beb9-685498f5dedd,93813225-2cbe-4d50-8943-423d4338776a,,,
,2f0f28fb-3d12-4632-a1b9-ee66e40abdd9,93813225-2cbe-4d50-8943-423d4338776a,,,
,d7db475e-57d6-4b86-b36f-98fcab4b5cc2,93813225-2cbe-4d50-8943-423d4338776a,,,
,4719dd54-559f-43b6-aa20-9dd61dcdf268,93813225-2cbe-4d50-8943-423d4338776a,,,
,b829c4a1-6853-4c3e-b2d0-8aedf246aeb5,93813225-2cbe-4d50-8943-423d4338776a,,,
,5928238f-5404-4e80-a254-13721be31c68,93813225-2cbe-4d50-8943-423d4338776a,,,
,ffca0ac4-9579-4913-86b8-f195f3ffac50,93813225-2cbe-4d50-8943-423d4338776a,,,
,bbb338ee-293a-49ba-827e-c638d5f2fc2b,93813225-2cbe-4d50-8943-423d4338776a,,,
,388c747f-e07f-4071-b3b8-54588e23cd00,93813225-2cbe-4d50-8943-423d4338776a,,,
,1b0074ff-a74a-42f7-8e30-4a912e0547ce,93813225-2cbe-4d50-8943-423d4338776a,,,
,2ff1bf87-b9cc-4a78-895f-34265e0f5638,93813225-2cbe-4d50-8943-423d4338776a,,,
,0e0f1230-0a48-477c-9355-5efb398e6a1d,93813225-2cbe-4d50-8943-423d4338776a,,,
,99c058f7-034a-4b78-a806-e6b1efd74843,93813225-2cbe-4d50-8943-423d4338776a,,,
,6ef94526-67db-4bed-8e6e-293c8e4ce6a1,93813225-2cbe-4d50-8943-423d4338776a,,,
,60f15732-03c7-44c3-90c6-b9f4883675d6,93813225-2cbe-4d50-8943-423d4338776a,,,
,7958ac3b-f7e7-4360-bc84-c81b21c6b005,93813225-2cbe-4d50-8943-423d4338776a,,,
,cb4de54e-11bd-43ae-aed5-9feea6119e42,93813225-2cbe-4d50-8943-423d4338776a,,,
,81461576-ef57-4474-88ea-d8a002122a5d,93813225-2cbe-4d50-8943-423d4338776a,,,
,4f779f86-63fc-4864-8ddd-4fadeb936c47,93813225-2cbe-4d50-8943-423d4338776a,,,
,65bd7444-df38-436e-8821-54d376ef7fbc,93813225-2cbe-4d50-8943-423d4338776a,,,
,2e92f73d-92b9-442b-8415-16db90baf3eb,93813225-2cbe-4d50-8943-423d4338776a,,,
,18cea0ca-fd2a-4d62-ae6a-1ff8cce80d3c,93813225-2cbe-4d50-8943-423d4338776a,,,
,eff5256e-f419-4779-8e27-1bcf9c3b8b56,93813225-2cbe-4d50-8943-423d4338776a,,,
,60fe0b43-e995-49c0-b393-f55ee7194cc1,93813225-2cbe-4d50-8943-423d4338776a,,,
,87c20c8e-0e61-4b17-998a-82fff647b591,93813225-2cbe-4d50-8943-423d4338776a,,,
,270e1240-ae2e-45e5-bd11-434e41ee6d1d,93813225-2cbe-4d50-8943-423d4338776a,,,
,b38a0172-d154-45b0-8d2c-13e7cc48ff62,93813225-2cbe-4d50-8943-423d4338776a,,,
,a4511e1b-71bd-4c5f-8a16-b907aaf5adce,93813225-2cbe-4d50-8943-423d4338776a,,,
,1bfe7350-9701-4fb9-b70f-115523bad75b,93813225-2cbe-4d50-8943-423d4338776a,,,
,a2486ac1-86e2-4cd6-988c-176fa2eb4466,93813225-2cbe-4d50-8943-423d4338776a,,,
,38a17b38-2a56-49b6-bb7b-92bc7c79f5e9,93813225-2cbe-4d50-8943-423d4338776a,,,
,4050c4ff-0649-4011-9956-73e7a6096960,93813225-2cbe-4d50-8943-423d4338776a,,,
,96fcad8d-1cb6-4507-8d2e-fabe40bbfdae,93813225-2cbe-4d50-8943-423d4338776a,,,
,5201a025-8128-4c82-8980-a3dbe67fac17,93813225-2cbe-4d50-8943-423d4338776a,,,
,5b0a9fc4-77a5-4b16-b7fb-fda387cbfac6,93813225-2cbe-4d50-8943-423d4338776a,,,
,cb7e831c-a4d6-4431-ab7a-e0fd5d576ece,93813225-2cbe-4d50-8943-423d4338776a,,,
,90316bf6-e437-4a22-86a7-9fd7272750f0,93813225-2cbe-4d50-8943-423d4338776a,,,
,0102c5e3-7828-43d3-a1d1-77ed297cf186,93813225-2cbe-4d50-8943-423d4338776a,,,
,45524ed3-c590-4d25-9bf1-3e92b15042e4,93813225-2cbe-4d50-8943-423d4338776a,,,
,2661f461-1cbd-4f0b-b6ed-1b82c36407be,93813225-2cbe-4d50-8943-423d4338776a,,,
,5f12b1bf-f4c3-4a95-8b4e-4108e89e28d2,93813225-2cbe-4d50-8943-423d4338776a,,,
,4731d4df-79f0-4868-82b8-553864af6d52,93813225-2cbe-4d50-8943-423d4338776a,,,
,19d1e8e0-9ed6-4075-b6ee-4641e93a4ee0,93813225-2cbe-4d50-8943-423d4338776a,,,
,d5678196-669d-48b4-86fb-2e5ed8ffbd03,93813225-2cbe-4d50-8943-423d4338776a,,,
,49b0fd59-74fe-4d98-8766-de5a16ec1231,93813225-2cbe-4d50-8943-423d4338776a,,,
,b37d312f-faf1-4691-bb85-a9176ab8cdea,93813225-2cbe-4d50-8943-423d4338776a,,,
,19ef2718-9fc7-4507-8584-639cc5b2ac7b,93813225-2cbe-4d50-8943-423d4338776a,,,
,8a371a65-64ba-4e51-807d-10c248044a1c,93813225-2cbe-4d50-8943-423d4338776a,,,
,e350dc65-9090-4684-9363-02cb9d27edca,93813225-2cbe-4d50-8943-423d4338776a,,,
,404e5351-7a10-4ebb-80e0-6e3db2e92c93,93813225-2cbe-4d50-8943-423d4338776a,,,
,99ee61c6-c145-48c3-9df4-d652fe8c9684,93813225-2cbe-4d50-8943-423d4338776a,,,
,8123080c-4e42-40c9-b1a3-27aaeaaae18a,93813225-2cbe-4d50-8943-423d4338776a,,,
,55614469-5f29-49f6-a0c7-cbcc3fa09a18,93813225-2cbe-4d50-8943-423d4338776a,,,
,a28f6921-7e1b-449d-af42-ebe7aecf313f,93813225-2cbe-4d50-8943-423d4338776a,,,
,312ca758-feda-4bf3-a597-ba54193beaff,93813225-2cbe-4d50-8943-423d4338776a,,,
,0ce63625-f682-47e2-8895-772a63714f3c,93813225-2cbe-4d50-8943-423d4338776a,,,
,ba27d187-7dc6-43d0-8d34-562453d276bb,93813225-2cbe-4d50-8943-423d4338776a,,,
,7ca88f88-f87f-44c7-a748-66cbe7da5d07,93813225-2cbe-4d50-8943-423d4338776a,,,
,507b2580-5c2d-404a-b68c-15f84ba82380,93813225-2cbe-4d50-8943-423d4338776a,,,
,d36a1c91-528e-4bf1-b0b8-e74821ff5dd5,93813225-2cbe-4d50-8943-423d4338776a,,,
,68cf7e62-6cab-4125-8e00-820386714c1d,93813225-2cbe-4d50-8943-423d4338776a,,,
,660e6306-7e17-4f6e-91bc-86616ff52344,93813225-2cbe-4d50-8943-423d4338776a,,,
,b75060bb-ccaa-4b1f-9e74-eec3b913fcc8,93813225-2cbe-4d50-8943-423d4338776a,,,
,66336168-bc63-4d4c-ab5d-69ecd7aae66e,93813225-2cbe-4d50-8943-423d4338776a,,,
,153bc86d-0e2f-4775-b4bc-dabe47c82776,93813225-2cbe-4d50-8943-423d4338776a,,,
,9c353a28-8d89-4459-a3b6-7d1741bd50ad,93813225-2cbe-4d50-8943-423d4338776a,,,
,30de5469-b664-4bb9-adee-028a4f297915,93813225-2cbe-4d50-8943-423d4338776a,,,
,de759d60-6bc7-407f-98df-d2d0cd6d918b,93813225-2cbe-4d50-8943-423d4338776a,,,
,24980f07-61ab-485e-82a4-9e8ee0ff438e,93813225-2cbe-4d50-8943-423d4338776a,,,
,33f3e415-988c-4eb6-bcab-031091b1a9ed,93813225-2cbe-4d50-8943-423d4338776a,,,
,62d62cf3-300f-494a-8caf-74b2f30f7013,93813225-2cbe-4d50-8943-423d4338776a,,,
,45e3555b-d72e-4850-ac9a-8ef769db5afe,93813225-2cbe-4d50-8943-423d4338776a,,,
,9a6fd51c-55a6-4d6e-acc3-582251028ae5,93813225-2cbe-4d50-8943-423d4338776a,,,
,591d6fd6-92ae-4e5f-8c0c-c246650a92e8,93813225-2cbe-4d50-8943-423d4338776a,,,
,920f9c5d-28ed-4681-9cd4-1012fecd4ca4,93813225-2cbe-4d50-8943-423d4338776a,,,
,7f925353-9101-49ea-8388-2ab5f674e1b9,93813225-2cbe-4d50-8943-423d4338776a,,,
,c251f214-6042-4795-935b-5585d6abb7d9,93813225-2cbe-4d50-8943-423d4338776a,,,
,bddc39ae-6bde-479e-8f80-c41b78245be5,93813225-2cbe-4d50-8943-423d4338776a,,,
,5deb2654-99a3-4a45-9735-e03e4055f3de,93813225-2cbe-4d50-8943-423d4338776a,,,
,019fbdad-bb87-4181-b3f5-8b76b6a9aa1a,93813225-2cbe-4d50-8943-423d4338776a,,,
,d0d796dd-21de-4bef-87ed-a3f2aab0abb6,93813225-2cbe-4d50-8943-423d4338776a,,,
,d56ca00e-fe8d-4fcf-9099-2ec68c76d728,93813225-2cbe-4d50-8943-423d4338776a,,,
,68f31d4a-bff2-406d-9718-7cefcfd364de,93813225-2cbe-4d50-8943-423d4338776a,,,
,9b335bd9-48a2-4e07-898a-c26dfff320e5,93813225-2cbe-4d50-8943-423d4338776a,,,
,0cb1011d-bf4b-42d5-b253-be8909f33ad0,93813225-2cbe-4d50-8943-423d4338776a,,,
,8b4e68e3-2610-49bd-a3b4-bb11bea3b43f,93813225-2cbe-4d50-8943-423d4338776a,,,
,4bf1c4a9-9790-4617-bf9c-0f94b38e4462,93813225-2cbe-4d50-8943-423d4338776a,,,
,67c79716-95a6-4072-b4e4-9556b3dcec86,93813225-2cbe-4d50-8943-423d4338776a,,,
,e10b5673-6d65-4cad-992c-db0a344ed15c,93813225-2cbe-4d50-8943-423d4338776a,,,
,f24dc29b-2e8f-4d6e-88c9-18b6f86a9d2a,93813225-2cbe-4d50-8943-423d4338776a,,,
,dda92f0a-d533-4307-a9f8-8b264dc94b4e,93813225-2cbe-4d50-8943-423d4338776a,,,
,a16011eb-f680-4aa8-9575-341d6d89a700,93813225-2cbe-4d50-8943-423d4338776a,,,
,9ba00741-0823-4fe1-961e-62717acf1486,93813225-2cbe-4d50-8943-423d4338776a,,,
,66a51389-1bd8-4358-9401-cdd127bcf8dc,93813225-2cbe-4d50-8943-423d4338776a,,,
,dc7ead32-7431-471d-99a8-348da0f793d2,93813225-2cbe-4d50-8943-423d4338776a,,,
,cac8db69-d742-4096-a2d7-1152a00e5f80,93813225-2cbe-4d50-8943-423d4338776a,,,
,908565e2-fb73-4a91-af4c-6e464000e8a1,93813225-2cbe-4d50-8943-423d4338776a,,,
,ef80206e-2736-4ebe-bb65-c622bb6100e2,93813225-2cbe-4d50-8943-423d4338776a,,,
,b7d8fc36-8eca-4432-8d88-b218be645537,93813225-2cbe-4d50-8943-423d4338776a,,,
,a2b8f8de-7b47-4f0d-af97-75c837dffe01,93813225-2cbe-4d50-8943-423d4338776a,,,
,e45f264e-6fac-4692-8485-54f75eb61618,93813225-2cbe-4d50-8943-423d4338776a,,,
,21f73a4b-4f83-47b0-b0ee-2fe558a86e8a,93813225-2cbe-4d50-8943-423d4338776a,,,
,b69f03d2-4f24-4ccf-8f1e-db550da5de5b,93813225-2cbe-4d50-8943-423d4338776a,,,
,8a126fe7-1cc4-4995-9d44-57d5ffdf8231,93813225-2cbe-4d50-8943-423d4338776a,,,
,820382ec-70ff-443f-a2b6-cd12a305bbb7,93813225-2cbe-4d50-8943-423d4338776a,,,
,fc03bb0f-48fb-4616-b840-9b669c88d3f2,93813225-2cbe-4d50-8943-423d4338776a,,,
,4c214273-75cf-44fa-aad3-94cfdfb4ca0c,93813225-2cbe-4d50-8943-423d4338776a,,,
,9536fb37-b02c-4086-826b-eb7442618411,93813225-2cbe-4d50-8943-423d4338776a,,,
,fcdba61d-2e7c-46df-9d4b-3ea1ded884fa,93813225-2cbe-4d50-8943-423d4338776a,,,
,79738c6d-5e29-4665-9e00-7b45ab8d3270,93813225-2cbe-4d50-8943-423d4338776a,,,
,7e99a8fb-06b7-436d-bedf-1b2ce3a05b9d,93813225-2cbe-4d50-8943-423d4338776a,,,
,ca79b280-1ee7-4668-8506-35e3af7dfd73,93813225-2cbe-4d50-8943-423d4338776a,,,
,7718c5c5-b374-4693-ab5f-8515f8564c43,93813225-2cbe-4d50-8943-423d4338776a,,,
,c3e1149b-02b6-404c-aada-5c73fa96ca20,93813225-2cbe-4d50-8943-423d4338776a,,,
,c55f64d2-241c-4957-b05b-abb88e5cd018,93813225-2cbe-4d50-8943-423d4338776a,,,
,9404322d-c493-403c-ae41-f49f343e4104,93813225-2cbe-4d50-8943-423d4338776a,,,
,10bb4c70-e81b-4dfa-a467-3e498d5ab2ec,93813225-2cbe-4d50-8943-423d4338776a,,,
,eae9cbdd-39ec-4e90-9ab3-438029e7b04c,93813225-2cbe-4d50-8943-423d4338776a,,,
,98480a21-85a7-4ab2-b034-9c114f7cdcbb,93813225-2cbe-4d50-8943-423d4338776a,,,
,8abf17c3-2c4c-42f8-bf09-13fbe63a5415,93813225-2cbe-4d50-8943-423d4338776a,,,
,e1d1a8a1-d34b-4dd0-9028-f39767f8debf,93813225-2cbe-4d50-8943-423d4338776a,,,
,946ef58a-c84d-411a-8b62-40d9c7395f4d,93813225-2cbe-4d50-8943-423d4338776a,,,
,cbc2580d-f531-4c24-9628-ff22043b25fd,93813225-2cbe-4d50-8943-423d4338776a,,,
,71f507b4-53d6-4caf-8abc-75d877eefe61,93813225-2cbe-4d50-8943-423d4338776a,,,
,bce93e91-9401-4f27-b187-a17d8d91184c,93813225-2cbe-4d50-8943-423d4338776a,,,
,93f32b97-ae7f-420d-97ac-986cc3c0b734,93813225-2cbe-4d50-8943-423d4338776a,,,
,c44bf5f5-2196-49a6-925c-357a8bf9d7f3,93813225-2cbe-4d50-8943-423d4338776a,,,
,d9df0501-cac1-482b-9ffc-51f4edd27fb7,93813225-2cbe-4d50-8943-423d4338776a,,,
,213e3853-ee03-47d4-9e9c-ec0dc2a3be64,93813225-2cbe-4d50-8943-423d4338776a,,,
,dfc7a0f1-4636-48ea-b450-e3a0a1f013c6,93813225-2cbe-4d50-8943-423d4338776a,,,
,381ce2de-06d8-47e7-8ca5-73a57b0ade23,93813225-2cbe-4d50-8943-423d4338776a,,,
,4a2084f3-9ff1-4aac-8965-d6ddb43deee8,93813225-2cbe-4d50-8943-423d4338776a,,,
,664656d2-dec5-4b57-b3f4-ffd3777b1c5b,93813225-2cbe-4d50-8943-423d4338776a,,,
,11101feb-82fc-48fb-a0d8-c9ef56df6805,93813225-2cbe-4d50-8943-423d4338776a,,,
,141bd66d-2d07-457a-a666-d3e8dc49a0ee,93813225-2cbe-4d50-8943-423d4338776a,,,
,515242df-6fa2-4048-8c8e-61e0c4242b92,93813225-2cbe-4d50-8943-423d4338776a,,,
,a520a76e-efe8-4396-8400-2dc1766f03cb,93813225-2cbe-4d50-8943-423d4338776a,,,
,d6da647c-7f85-4d20-b503-737e1de30a3b,93813225-2cbe-4d50-8943-423d4338776a,,,
,e82a7743-c9ad-4e75-b0a3-33c3a515ff3a,93813225-2cbe-4d50-8943-423d4338776a,,,
,e6aa07f5-2d1d-4ed0-8b54-b7898af546ff,93813225-2cbe-4d50-8943-423d4338776a,,,
,ad2d203a-8769-49e0-933f-9e30a04a86c8,93813225-2cbe-4d50-8943-423d4338776a,,,
,b9b0caba-5b98-429f-ba41-dbe36b78decd,93813225-2cbe-4d50-8943-423d4338776a,,,
,486b1d69-630e-4622-bb9f-dccf1950c349,93813225-2cbe-4d50-8943-423d4338776a,,,
,57d1de3b-60cd-4940-9114-3b53413ee57e,93813225-2cbe-4d50-8943-423d4338776a,,,
,f4f1481f-df16-4c73-8e0b-285ae4cb58ab,93813225-2cbe-4d50-8943-423d4338776a,,,
,5947da09-3277-4d68-a4b7-4ad95ad027cc,93813225-2cbe-4d50-8943-423d4338776a,,,
,3e91d323-83c0-428b-bf28-ab996463d167,93813225-2cbe-4d50-8943-423d4338776a,,,
,3d83311e-3231-479e-ae00-707c9557f07e,93813225-2cbe-4d50-8943-423d4338776a,,,
,62ba437c-954a-4c39-9d93-c686d1704cbd,93813225-2cbe-4d50-8943-423d4338776a,,,
,52c311ca-a4ae-4f3b-9958-d9bd6cda7d9e,93813225-2cbe-4d50-8943-423d4338776a,,,
,d88c8f85-f8e2-4a2e-8040-7c2520322e08,93813225-2cbe-4d50-8943-423d4338776a,,,
,44733ffb-cf9e-4398-b673-2d96f2b3e461,93813225-2cbe-4d50-8943-423d4338776a,,,
,82410c2e-2284-4a42-9f50-0a4b2566a1b3,93813225-2cbe-4d50-8943-423d4338776a,,,
,e9ba16ce-4bf7-481d-bc83-0f3bf986b314,93813225-2cbe-4d50-8943-423d4338776a,,,
,3b059d02-d36b-4b0c-97b9-887f97d29baa,93813225-2cbe-4d50-8943-423d4338776a,,,
,830de40a-a318-4001-bbac-cc1bea76ae07,93813225-2cbe-4d50-8943-423d4338776a,,,
,0899b3ac-b3f3-4180-841e-79976c7c54c5,93813225-2cbe-4d50-8943-423d4338776a,,,
,5f45baad-c891-4b90-994d-c8443a8d7fd9,93813225-2cbe-4d50-8943-423d4338776a,,,
,0bf1acb2-a53f-42e5-b207-d82b83cc8675,93813225-2cbe-4d50-8943-423d4338776a,,,
,e091c79c-a46a-4c03-9442-b049863252c5,93813225-2cbe-4d50-8943-423d4338776a,,,
,d9c8b02c-4645-48f7-859a-8ad91756e53d,93813225-2cbe-4d50-8943-423d4338776a,,,
,33240675-4de0-4e8d-a0ce-9db871ff447a,93813225-2cbe-4d50-8943-423d4338776a,,,
,e188be32-d4d0-4704-847a-1dea030918bc,93813225-2cbe-4d50-8943-423d4338776a,,,
,62ced1a3-543a-42bc-9d84-784692ee9875,93813225-2cbe-4d50-8943-423d4338776a,,,
,6817ffa5-08a8-4502-b0e3-a329a50e162b,93813225-2cbe-4d50-8943-423d4338776a,,,
,4f586d48-56b0-4bd7-a779-7d6ab08115cd,93813225-2cbe-4d50-8943-423d4338776a,,,
,63af671e-80f4-4a68-8a6f-e77ff988e690,93813225-2cbe-4d50-8943-423d4338776a,,,
,382ac30c-899c-4195-abf6-a83357537b5e,93813225-2cbe-4d50-8943-423d4338776a,,,
,2834723f-52e0-4fa3-938c-8493cfebd0b3,93813225-2cbe-4d50-8943-423d4338776a,,,
,642f7fd0-86e5-4f73-aba9-5c77dfc8e5e0,93813225-2cbe-4d50-8943-423d4338776a,,,
,a64bf54d-1843-4593-8c94-b213d1c609da,93813225-2cbe-4d50-8943-423d4338776a,,,
,cbafb75e-a896-40f7-9e91-c49d3af60630,93813225-2cbe-4d50-8943-423d4338776a,,,
,ea45d3ee-434f-4e43-8202-b1dc2ed61d73,93813225-2cbe-4d50-8943-423d4338776a,,,
,756b8bc6-0f8d-4545-9522-62814737cfce,93813225-2cbe-4d50-8943-423d4338776a,,,
,60e76c18-4721-42c4-b4d5-538b401f5bf1,93813225-2cbe-4d50-8943-423d4338776a,,,
,6460863e-f4b2-4a6f-8aa2-67529c064176,93813225-2cbe-4d50-8943-423d4338776a,,,
,24ec9832-eec7-40ef-82c9-105f90d907b6,93813225-2cbe-4d50-8943-423d4338776a,,,
,3b8b8998-030b-4296-83a8-3d2082ab905c,93813225-2cbe-4d50-8943-423d4338776a,,,
,35cbba6f-e5f7-486d-a7b0-ce7e8092872e,93813225-2cbe-4d50-8943-423d4338776a,,,
,f705c904-cede-44d8-bcc9-a4a0fab7513a,93813225-2cbe-4d50-8943-423d4338776a,,,
,413e7610-1e54-4cee-8ca6-f655cfec4aec,93813225-2cbe-4d50-8943-423d4338776a,,,
,5793d0fc-30e3-413b-90d4-51ee7c0a1f47,93813225-2cbe-4d50-8943-423d4338776a,,,
,b76b1421-84dc-46fc-b317-e1a26f441852,93813225-2cbe-4d50-8943-423d4338776a,,,
,0154f7bc-57fa-4ae3-ae4d-0ea645c0d6a0,93813225-2cbe-4d50-8943-423d4338776a,,,
,ee2a0e5e-551d-499d-a445-f0ad233c1c82,93813225-2cbe-4d50-8943-423d4338776a,,,
,63f14236-eefc-4f91-9502-da7efcec79d2,93813225-2cbe-4d50-8943-423d4338776a,,,
,a6611821-3467-4c92-b878-4242c2092c5b,93813225-2cbe-4d50-8943-423d4338776a,,,
,317e8021-c970-45c0-8104-ce4e02d0994a,93813225-2cbe-4d50-8943-423d4338776a,,,
,0a0731df-5844-4a77-82b8-910d288ec66c,93813225-2cbe-4d50-8943-423d4338776a,,,
,ee3c9d41-8289-42f5-a2c6-3c8e3af30859,93813225-2cbe-4d50-8943-423d4338776a,,,
,78892b9c-84ec-4e29-ac0d-584342ba1f5b,93813225-2cbe-4d50-8943-423d4338776a,,,
,5eaf34c1-6e20-4de6-aa48-dd9536baf0d6,93813225-2cbe-4d50-8943-423d4338776a,,,
,57d7225c-3c1e-4ffd-867a-48f1269f650b,93813225-2cbe-4d50-8943-423d4338776a,,,
,44eb1d5f-955d-40ce-bf4a-1ab76a209397,93813225-2cbe-4d50-8943-423d4338776a,,,
,4975634f-1083-4698-a3e3-95be2a3d2bd4,93813225-2cbe-4d50-8943-423d4338776a,,,
,b4b87479-5d26-45a8-a187-95a2ed3ded0a,93813225-2cbe-4d50-8943-423d4338776a,,,
,8c02e5c1-d913-4f97-94ad-f351636f4eed,93813225-2cbe-4d50-8943-423d4338776a,,,
,4c123d2d-f248-4ae7-9985-84f57c382468,93813225-2cbe-4d50-8943-423d4338776a,,,
,5242aa8b-9972-4a8b-bef8-f6e01f79b7ad,93813225-2cbe-4d50-8943-423d4338776a,,,
,a5378e98-81a2-40f7-94ca-2b9a66ad0c0d,93813225-2cbe-4d50-8943-423d4338776a,,,
,3b333196-e06a-4dcc-9bd8-13f03778646c,93813225-2cbe-4d50-8943-423d4338776a,,,
,9f39955b-1dba-4767-86e9-935416ad35c0,93813225-2cbe-4d50-8943-423d4338776a,,,
,008d898b-d4cd-4bdb-8969-56aa5acf7695,93813225-2cbe-4d50-8943-423d4338776a,,,
,7d7b53d2-187e-4eae-8cc8-51c9685d2725,93813225-2cbe-4d50-8943-423d4338776a,,,
,626fe5e7-4f15-4c2b-a403-a05b332d1812,93813225-2cbe-4d50-8943-423d4338776a,,,
,2661df06-c29e-4f4e-b554-35dae22b67c7,93813225-2cbe-4d50-8943-423d4338776a,,,
,21ac2d11-792b-4713-b636-beba06a44053,93813225-2cbe-4d50-8943-423d4338776a,,,
,b0161351-1525-4e23-b545-5b1b1e3c1974,93813225-2cbe-4d50-8943-423d4338776a,,,
,73cb7c75-f195-452e-a94a-c9ecb4106532,93813225-2cbe-4d50-8943-423d4338776a,,,
,30c9b48c-6eec-42fd-8f6d-b45aff6845c8,93813225-2cbe-4d50-8943-423d4338776a,,,
,3cd43257-bd74-417a-bcfb-b01954d6524f,93813225-2cbe-4d50-8943-423d4338776a,,,
,1a1e7eac-5398-43b8-9c9c-64a80d7eb030,93813225-2cbe-4d50-8943-423d4338776a,,,
,6dbd2e95-e584-4cb5-a741-e618463a955c,93813225-2cbe-4d50-8943-423d4338776a,,,
,2a07c9c8-4960-4c4d-8e7d-654b35280846,93813225-2cbe-4d50-8943-423d4338776a,,,
,e6c22754-0807-4a30-a693-f9aac6ef76b4,93813225-2cbe-4d50-8943-423d4338776a,,,
,4cc9c70e-eeae-4018-817a-94be798f153f,93813225-2cbe-4d50-8943-423d4338776a,,,
,b4a7bd17-d8b9-4c2d-b145-242a4339baad,93813225-2cbe-4d50-8943-423d4338776a,,,
,83d3f585-63a8-4460-b556-35e895a20bb7,93813225-2cbe-4d50-8943-423d4338776a,,,
,891bd58a-a7f3-4f65-ac8f-2c7eae58d3db,93813225-2cbe-4d50-8943-423d4338776a,,,
,d45b1026-c09c-4a88-85ac-0894d64a7b72,93813225-2cbe-4d50-8943-423d4338776a,,,
,ceb97d44-fb7a-4e97-ad35-4d5a1339c1a9,93813225-2cbe-4d50-8943-423d4338776a,,,
,39d0c82d-5cf0-408f-875f-c0701085d480,93813225-2cbe-4d50-8943-423d4338776a,,,
,91df79ea-bc1e-44f4-ba8e-0e7d0310c552,93813225-2cbe-4d50-8943-423d4338776a,,,
,6fcccfe9-527a-4180-a185-698cc57bda29,93813225-2cbe-4d50-8943-423d4338776a,,,
,0b6d4128-f46f-4ad4-a3c8-7068088d96c7,93813225-2cbe-4d50-8943-423d4338776a,,,
,ce7a34a9-f5d3-4015-891f-29611c529f5b,93813225-2cbe-4d50-8943-423d4338776a,,,
,1861e39d-7b73-450d-8f09-985be6431183,93813225-2cbe-4d50-8943-423d4338776a,,,
,e5a62f23-c870-49cd-8c45-e09a4f5c0e1e,93813225-2cbe-4d50-8943-423d4338776a,,,
,3edaf5c6-ef57-4aa1-9faf-caa9c7289954,93813225-2cbe-4d50-8943-423d4338776a,,,
,b2db788f-1143-4e4b-a7fa-46246c5a9a73,93813225-2cbe-4d50-8943-423d4338776a,,,
,96ee407a-2a5f-4b86-aefa-1454b9af35b9,93813225-2cbe-4d50-8943-423d4338776a,,,
,afdc6808-5efd-42c6-991e-7023d57e685b,93813225-2cbe-4d50-8943-423d4338776a,,,
,53d86845-595c-4ed9-abe9-fdb4827aa4e4,93813225-2cbe-4d50-8943-423d4338776a,,,
,c0d5d8fb-64b0-49ed-810d-37dd82d0d799,93813225-2cbe-4d50-8943-423d4338776a,,,
,1fa68552-2ff9-4ff1-a9b0-bd51590db26e,93813225-2cbe-4d50-8943-423d4338776a,,,
,f6546ea5-364c-47f8-ab7c-ae307667a80f,93813225-2cbe-4d50-8943-423d4338776a,,,
,c873a628-5c8a-416c-81a9-57712946ddab,93813225-2cbe-4d50-8943-423d4338776a,,,
,9f385f22-a8ef-49c4-b722-a4b11ab75e1e,93813225-2cbe-4d50-8943-423d4338776a,,,
,7532b796-d040-463f-9e9c-0db5e9cf89af,93813225-2cbe-4d50-8943-423d4338776a,,,
,2083b273-aab5-471a-8543-f98ec009bd17,93813225-2cbe-4d50-8943-423d4338776a,,,
,a1d657e4-9560-4f69-b8cc-e07d495dc321,93813225-2cbe-4d50-8943-423d4338776a,,,
,ca562605-5d2b-47ca-92cd-b3ed3bc5f38e,93813225-2cbe-4d50-8943-423d4338776a,,,
,d818892d-ed9c-4a19-ba06-9c49e9ab2a77,93813225-2cbe-4d50-8943-423d4338776a,,,
,72393094-a542-4a6f-a5ae-10230aecf735,93813225-2cbe-4d50-8943-423d4338776a,,,
,e1c4d11a-f21e-4efd-8da2-6f92755a1aa7,93813225-2cbe-4d50-8943-423d4338776a,,,
,2faaa647-eaf5-411c-b2b1-ec931b7dfa4e,93813225-2cbe-4d50-8943-423d4338776a,,,
,6a4f4320-7b42-4e6b-b8c8-1ec98b50a750,93813225-2cbe-4d50-8943-423d4338776a,,,
,2c3e7a7d-362f-4b23-8ed9-bf7fe4915455,93813225-2cbe-4d50-8943-423d4338776a,,,
,963953b5-e999-4850-9e00-ee95f28e96b9,93813225-2cbe-4d50-8943-423d4338776a,,,
,8f68bcb4-99e8-4ada-b915-1f658f3dc5f8,93813225-2cbe-4d50-8943-423d4338776a,,,
,1bdcae8a-cdd9-4925-b82b-db51797d2246,93813225-2cbe-4d50-8943-423d4338776a,,,
,ab3c9115-af57-4617-a96f-d07cade44743,93813225-2cbe-4d50-8943-423d4338776a,,,
,a8af436c-3dab-4fd9-8b91-ee7a442f5a7f,93813225-2cbe-4d50-8943-423d4338776a,,,
,146af504-1254-4e0e-91e8-e2aa2555c6de,93813225-2cbe-4d50-8943-423d4338776a,,,
,bdce5742-bf70-47f3-9980-0edb861515e1,93813225-2cbe-4d50-8943-423d4338776a,,,
,50b5514d-1064-4323-bdce-008e048ffc66,93813225-2cbe-4d50-8943-423d4338776a,,,
,703f7220-3546-4e1e-90f4-7d866dfba474,93813225-2cbe-4d50-8943-423d4338776a,,,
,1d6adce8-6b1a-4076-851b-050162414f30,93813225-2cbe-4d50-8943-423d4338776a,,,
,50575292-3d0a-4d71-b14a-bde49dd21e08,93813225-2cbe-4d50-8943-423d4338776a,,,
,284eeaff-76c7-4cf7-8818-b7e5cb221d51,93813225-2cbe-4d50-8943-423d4338776a,,,
,90b12751-39f5-4848-be36-083b240df8e5,93813225-2cbe-4d50-8943-423d4338776a,,,
,bae900c8-557d-4630-849e-07152b07646e,93813225-2cbe-4d50-8943-423d4338776a,,,
,fd3c787f-420e-4d18-8ffc-0ea84f767d9c,93813225-2cbe-4d50-8943-423d4338776a,,,
,aec46e5c-a47d-4ebf-bef7-651e005da573,93813225-2cbe-4d50-8943-423d4338776a,,,
,84a181fb-6025-48ce-b777-db1fbd66f8a7,93813225-2cbe-4d50-8943-423d4338776a,,,
,39b9b414-166b-466c-a941-10de936234c6,93813225-2cbe-4d50-8943-423d4338776a,,,
,28807d5a-b92c-4386-a804-49b00818ba82,93813225-2cbe-4d50-8943-423d4338776a,,,
,6420027c-e681-4dcc-b393-48b9b29de54e,93813225-2cbe-4d50-8943-423d4338776a,,,
,dc8c5dd1-b3cb-49ae-955a-92ab5d6482c0,93813225-2cbe-4d50-8943-423d4338776a,,,
,0e1d2a63-444c-45ab-83a8-70788f0cc932,93813225-2cbe-4d50-8943-423d4338776a,,,
,c228be4b-ebf7-4c12-a47a-2334bdbcf2f6,93813225-2cbe-4d50-8943-423d4338776a,,,
,3ba45b47-8e55-4e0f-8fb5-ead31b235685,93813225-2cbe-4d50-8943-423d4338776a,,,
,8a99974e-a95c-464c-a8a0-473f30b3e59e,93813225-2cbe-4d50-8943-423d4338776a,,,
,998d152b-63f8-4510-8e36-a10fd7653c1b,93813225-2cbe-4d50-8943-423d4338776a,,,
,99a4245c-fbab-4ea9-aa4e-a446f9d6e6a5,93813225-2cbe-4d50-8943-423d4338776a,,,
,3e400b0e-6ae9-4b90-b4b7-42741e449ed2,93813225-2cbe-4d50-8943-423d4338776a,,,
,aff34967-00e3-45f7-9fad-1fc29c66eca7,93813225-2cbe-4d50-8943-423d4338776a,,,
,c236757d-4fe2-4c1d-a36a-9045e8620031,93813225-2cbe-4d50-8943-423d4338776a,,,
,0d291781-239c-4915-aed8-992f5072b5d0,93813225-2cbe-4d50-8943-423d4338776a,,,
,4bf65d0d-683b-4a0b-9dc5-3843fe2cecb4,93813225-2cbe-4d50-8943-423d4338776a,,,
,ff709e64-3cea-43f8-b01d-1a16ccdc3255,93813225-2cbe-4d50-8943-423d4338776a,,,
,9f2d973a-9e5f-4137-9094-b8ccedae83b1,93813225-2cbe-4d50-8943-423d4338776a,,,
,1b6035f3-42ec-4007-9ccf-e14c8caf6b4a,93813225-2cbe-4d50-8943-423d4338776a,,,
,ac3377b7-b9c2-43ca-b800-0d710ceeb719,93813225-2cbe-4d50-8943-423d4338776a,,,
,b1f7a7cc-ef53-4bd4-a135-cfdb0454b738,93813225-2cbe-4d50-8943-423d4338776a,,,
,3a817969-058c-409c-9386-9b031aec264d,93813225-2cbe-4d50-8943-423d4338776a,,,
,dc95807d-be1e-4176-8b52-a8fd392be0ed,93813225-2cbe-4d50-8943-423d4338776a,,,
,183268bc-fe6c-4c28-9e07-a40f3ddba4f8,93813225-2cbe-4d50-8943-423d4338776a,,,
,5382e9d7-83c1-42ef-a433-fdb48ae5f960,93813225-2cbe-4d50-8943-423d4338776a,,,
,cfcf8bdd-24b9-4b0f-92e4-3f8fc9c05592,93813225-2cbe-4d50-8943-423d4338776a,,,
,efd27d61-ea6e-4935-92b4-86d439493d75,93813225-2cbe-4d50-8943-423d4338776a,,,
,c61f8187-d178-4c6f-92a8-847b81f0e3a4,93813225-2cbe-4d50-8943-423d4338776a,,,
,946885f8-d332-49e8-ac9e-f7345ca85a88,93813225-2cbe-4d50-8943-423d4338776a,,,
,3cd411a0-3b1d-4249-8741-8fd7b89e2c14,93813225-2cbe-4d50-8943-423d4338776a,,,
,2267ba76-2b16-4e17-ab8b-653ea3d2ff9b,93813225-2cbe-4d50-8943-423d4338776a,,,
,36cc36c5-204d-4c6d-aa56-905e991c3ea7,93813225-2cbe-4d50-8943-423d4338776a,,,
,cca3263c-ddd2-4d4d-afba-794c4772eda5,93813225-2cbe-4d50-8943-423d4338776a,,,
,fc5fd500-8422-4be5-b36f-077f81710a21,93813225-2cbe-4d50-8943-423d4338776a,,,
,6a2814de-f7cb-49e4-9459-e015fc34488f,93813225-2cbe-4d50-8943-423d4338776a,,,
,ba8ebe5b-8ca0-455a-908e-0fe8a4b4e54f,93813225-2cbe-4d50-8943-423d4338776a,,,
,ff3524ba-a5ed-4266-b764-6e70fde97303,93813225-2cbe-4d50-8943-423d4338776a,,,
,7a7183b3-fce5-484b-bc63-b8455c3d5526,93813225-2cbe-4d50-8943-423d4338776a,,,
,4e1af71b-5e10-4301-a4da-69ffa466245e,93813225-2cbe-4d50-8943-423d4338776a,,,
,00f5a0fb-aca0-4b12-b052-c0ece3883aa6,93813225-2cbe-4d50-8943-423d4338776a,,,
,3c00a807-b56e-4f9c-b09d-08eb003e022e,93813225-2cbe-4d50-8943-423d4338776a,,,
,f4858ad3-bedd-4265-9468-431b08ce9aa7,93813225-2cbe-4d50-8943-423d4338776a,,,
,3d1fa02f-7c0a-4cb2-84ec-b489d40dca20,93813225-2cbe-4d50-8943-423d4338776a,,,
,cf077b69-ce88-4bf0-93dc-d9b575ba184c,93813225-2cbe-4d50-8943-423d4338776a,,,
,2a3036e5-07ac-47e7-b393-3570d5290825,93813225-2cbe-4d50-8943-423d4338776a,,,
,89d30bf5-daa1-4e4e-b7f8-73bade02ac47,93813225-2cbe-4d50-8943-423d4338776a,,,
,a13ad05b-476c-4d9e-bc18-b9dc25d039d6,93813225-2cbe-4d50-8943-423d4338776a,,,
,0530635f-25d2-47ec-9b36-25fc8aa82df5,93813225-2cbe-4d50-8943-423d4338776a,,,
,c226f17b-118b-4c1f-9acf-576c38ee88e2,93813225-2cbe-4d50-8943-423d4338776a,,,
,adbaec66-aeab-4ca1-9bdf-ee6e23690469,93813225-2cbe-4d50-8943-423d4338776a,,,
,235873c1-e34f-44c5-afb6-5062a2c48baa,93813225-2cbe-4d50-8943-423d4338776a,,,
,d1718c21-5145-4236-948b-fb7a9667ad91,93813225-2cbe-4d50-8943-423d4338776a,,,
,6d004829-2908-4f34-95df-98ba7b3201ea,93813225-2cbe-4d50-8943-423d4338776a,,,
,0cbd5274-2849-4507-9a13-731b613c2cf3,93813225-2cbe-4d50-8943-423d4338776a,,,
,b22e4c5a-d318-437e-9c4c-58e6805f2aa0,93813225-2cbe-4d50-8943-423d4338776a,,,
,f08ce9a4-bae3-4d97-96c6-b89ccdf583ca,93813225-2cbe-4d50-8943-423d4338776a,,,
,94124eb1-eebf-4452-af17-00476b737159,93813225-2cbe-4d50-8943-423d4338776a,,,
,d2c64281-3774-47a5-9185-9be71762df30,93813225-2cbe-4d50-8943-423d4338776a,,,
,ac5d102e-3179-4765-93c1-d9b70be5dd68,93813225-2cbe-4d50-8943-423d4338776a,,,
,e862ae4b-b676-447c-924e-f024fa0ead37,93813225-2cbe-4d50-8943-423d4338776a,,,
,7e63da3b-fb23-474b-a6b4-cf98ccd4bd60,93813225-2cbe-4d50-8943-423d4338776a,,,
,9ef88806-79de-4dc9-b6cc-b5264b45349c,93813225-2cbe-4d50-8943-423d4338776a,,,
,6a6f8d3b-fe28-43d4-9836-f5d7a2abd76d,93813225-2cbe-4d50-8943-423d4338776a,,,
,6769c92b-3a49-4eff-8cf0-2a6e1bde1fd5,93813225-2cbe-4d50-8943-423d4338776a,,,
,b5fb71ec-9117-4625-ba9f-6e61357d4b11,93813225-2cbe-4d50-8943-423d4338776a,,,
,ac4b762b-3e44-49ac-b78d-3d66f8c0f971,93813225-2cbe-4d50-8943-423d4338776a,,,
,27d56d06-de2f-44fa-b42b-aaf0b12affe9,93813225-2cbe-4d50-8943-423d4338776a,,,
,f3ae514e-e1c7-42fe-856a-67351aadabe0,93813225-2cbe-4d50-8943-423d4338776a,,,
,5e43f7e4-239e-4210-a1a6-48737f366f69,93813225-2cbe-4d50-8943-423d4338776a,,,
,dcb577bd-78df-4fdb-bc69-8c22f9f9abeb,93813225-2cbe-4d50-8943-423d4338776a,,,
,500fe70b-edb0-46e7-8762-2becbb00e9ed,93813225-2cbe-4d50-8943-423d4338776a,,,
,565b088e-f62f-467e-8c66-966949ba4a0e,93813225-2cbe-4d50-8943-423d4338776a,,,
,13e1b5f0-4736-4cca-901a-cd2e4601a640,93813225-2cbe-4d50-8943-423d4338776a,,,
,bfba089e-8364-49ee-a976-70eab0634cae,93813225-2cbe-4d50-8943-423d4338776a,,,
,f45c9fd6-8576-4561-8d2a-917581dc2afc,93813225-2cbe-4d50-8943-423d4338776a,,,
,1b602965-86a6-4e46-8a85-4d410fecf55e,93813225-2cbe-4d50-8943-423d4338776a,,,
,1427f19c-7a67-471e-82a5-d227f9815f58,93813225-2cbe-4d50-8943-423d4338776a,,,
,11f95d19-47f0-46ac-8d08-32a04a1cc881,93813225-2cbe-4d50-8943-423d4338776a,,,
,5f6801c2-dd11-45fa-af1e-0691de17336b,93813225-2cbe-4d50-8943-423d4338776a,,,
,6916b700-c6f9-4511-902d-37e7b3a4a9c4,93813225-2cbe-4d50-8943-423d4338776a,,,
,f72b7a41-7df7-4939-8baf-db2cf1561041,93813225-2cbe-4d50-8943-423d4338776a,,,
,d51abd26-2740-485e-9905-7efb7a743b94,93813225-2cbe-4d50-8943-423d4338776a,,,
,168a00d1-7092-4548-a9fb-c247b8a70cdb,93813225-2cbe-4d50-8943-423d4338776a,,,
,b07fa2af-227c-4eff-b69e-2656436e097f,93813225-2cbe-4d50-8943-423d4338776a,,,
,61ec3818-4133-4449-a756-09a061f85efd,93813225-2cbe-4d50-8943-423d4338776a,,,
,b0523e09-0357-41e7-9be2-dbd77dfc348d,93813225-2cbe-4d50-8943-423d4338776a,,,
,3c4825cd-06ed-493f-a01a-0e3fc832e358,93813225-2cbe-4d50-8943-423d4338776a,,,
,3339afd7-3aaf-4b95-a39d-22cdfc827c29,93813225-2cbe-4d50-8943-423d4338776a,,,
,4e473cfe-7b04-4310-aef5-c8666cbf3efb,93813225-2cbe-4d50-8943-423d4338776a,,,
,98d5d869-c5e4-49b9-adac-26ae3e382025,93813225-2cbe-4d50-8943-423d4338776a,,,
,d8e2b029-9d59-4131-9add-2362c3448c3b,93813225-2cbe-4d50-8943-423d4338776a,,,
,26ccc7f3-c382-494e-bc8d-7398275b6cdd,93813225-2cbe-4d50-8943-423d4338776a,,,
,c90d9e2b-0a8e-43f2-9d50-b6bd74cf35d5,93813225-2cbe-4d50-8943-423d4338776a,,,
,b77d517d-def5-4d9b-a47f-5bd3b840bd8e,93813225-2cbe-4d50-8943-423d4338776a,,,
,db874164-29f3-42bb-b43c-3d2842ce0928,93813225-2cbe-4d50-8943-423d4338776a,,,
,f9fb9c7b-1877-4897-92aa-939c658224b7,93813225-2cbe-4d50-8943-423d4338776a,,,
,11bb98f8-3d76-42e2-bb2e-4fe636e8a12c,93813225-2cbe-4d50-8943-423d4338776a,,,
,15c05a28-4b44-4b03-8842-22be48015d24,93813225-2cbe-4d50-8943-423d4338776a,,,
,a58a0e38-8bb8-4934-b231-8c2602266d84,93813225-2cbe-4d50-8943-423d4338776a,,,
,15944096-800d-4834-afdc-958543c4602e,93813225-2cbe-4d50-8943-423d4338776a,,,
,83e5b59e-7506-421e-b740-7ae86b0aa0e6,93813225-2cbe-4d50-8943-423d4338776a,,,
,d1c75f19-4440-4026-a560-7b3d16803012,93813225-2cbe-4d50-8943-423d4338776a,,,
,734d4e9f-79d9-4b6a-83c8-41dd919e2065,93813225-2cbe-4d50-8943-423d4338776a,,,
,080d6543-8ec7-44c7-9dbb-8b47b2ea036b,93813225-2cbe-4d50-8943-423d4338776a,,,
,3a7f38fe-29e1-467b-8324-a32fd361e1d1,93813225-2cbe-4d50-8943-423d4338776a,,,
,b50a09b8-8d0b-4e93-bb35-456c04ef1aa9,93813225-2cbe-4d50-8943-423d4338776a,,,
,2fe769c0-a4d7-4b8e-9655-85f978872410,93813225-2cbe-4d50-8943-423d4338776a,,,
,3a120f77-faa1-449d-bb0d-6633f64722b4,93813225-2cbe-4d50-8943-423d4338776a,,,
,01788557-4354-4e56-bec4-f2d3711f5013,93813225-2cbe-4d50-8943-423d4338776a,,,
,c830daa0-b72f-425a-906d-2c132cadc294,93813225-2cbe-4d50-8943-423d4338776a,,,
,6c93abac-57e1-4715-8e07-7abe17401612,93813225-2cbe-4d50-8943-423d4338776a,,,
,24636720-3038-4188-8400-214cd15e88af,93813225-2cbe-4d50-8943-423d4338776a,,,
,16371902-58fb-48d6-8cf0-3f90c7af5264,93813225-2cbe-4d50-8943-423d4338776a,,,
,f8efc963-d3e9-4d86-8e9e-84923d08221a,93813225-2cbe-4d50-8943-423d4338776a,,,
,40b2429b-bbd0-460d-aeeb-ff52c6c32e36,93813225-2cbe-4d50-8943-423d4338776a,,,
,9d927c38-0657-40cb-95d2-d11ada7b50eb,93813225-2cbe-4d50-8943-423d4338776a,,,
,033b4783-fe03-4005-bbb0-f9b3242561c6,93813225-2cbe-4d50-8943-423d4338776a,,,
,0c3463eb-ec4e-48be-a4a2-1a64d3dfe464,93813225-2cbe-4d50-8943-423d4338776a,,,
,3999f1bb-ae34-47f2-9746-373308684f3e,93813225-2cbe-4d50-8943-423d4338776a,,,
,1a9f5f4a-318a-4e2c-9891-65a03488fee5,93813225-2cbe-4d50-8943-423d4338776a,,,
,21131d6a-8c55-4aa7-a10c-64e60f924683,93813225-2cbe-4d50-8943-423d4338776a,,,
,e7650f4e-9868-4707-ab3b-c4c073b6df11,93813225-2cbe-4d50-8943-423d4338776a,,,
,24345414-0ede-46fc-86c3-ec1bc2127a00,93813225-2cbe-4d50-8943-423d4338776a,,,
,fafa7671-f751-4f68-b09b-1babb455922b,93813225-2cbe-4d50-8943-423d4338776a,,,
,cac0168b-7f43-4080-9cc3-0ca23b4a9679,93813225-2cbe-4d50-8943-423d4338776a,,,
,dcd2a79b-a7dd-4224-8a5f-0b375739951a,93813225-2cbe-4d50-8943-423d4338776a,,,
,e88e6e3f-d878-4df6-9afe-2b5d2c7fe8d3,93813225-2cbe-4d50-8943-423d4338776a,,,
,dfd88d20-6731-47ab-ae71-facde73afe4c,93813225-2cbe-4d50-8943-423d4338776a,,,
,3a3fadbb-a514-4b27-9026-4ad8344fbbe5,93813225-2cbe-4d50-8943-423d4338776a,,,
,6627a825-f988-4be7-9a7a-5d0f498a54e7,93813225-2cbe-4d50-8943-423d4338776a,,,
,2200de97-2ffd-415a-bb78-84e5061d5cfe,93813225-2cbe-4d50-8943-423d4338776a,,,
,5ac2dbfb-72e5-42cc-98f2-db78e884a24a,93813225-2cbe-4d50-8943-423d4338776a,,,
,f3fa3c3d-66bd-436a-a8a5-084cf58e6f6b,93813225-2cbe-4d50-8943-423d4338776a,,,
,1b44f885-ebcc-4c07-a390-5cbb5f9d3cd6,93813225-2cbe-4d50-8943-423d4338776a,,,
,961c32ee-25d4-4474-b088-64935096285c,93813225-2cbe-4d50-8943-423d4338776a,,,
,f5a4f63a-0258-417d-8a13-d6736004a769,93813225-2cbe-4d50-8943-423d4338776a,,,
,311806ee-3ce2-488e-ade0-d7293500301a,93813225-2cbe-4d50-8943-423d4338776a,,,
,f7f903ae-8141-476f-b0b3-10ec5e610c58,93813225-2cbe-4d50-8943-423d4338776a,,,
,49a9ecaa-9df4-420c-b56a-6fd447b0f574,93813225-2cbe-4d50-8943-423d4338776a,,,
,191d45bb-10e9-4d06-9b2d-11d24a784606,93813225-2cbe-4d50-8943-423d4338776a,,,
,3f8f32ef-b8ea-4660-b6bd-c68e550c4290,93813225-2cbe-4d50-8943-423d4338776a,,,
,ca1a9483-a0e3-4074-b71a-61ddaf2b29dd,93813225-2cbe-4d50-8943-423d4338776a,,,
,32f4e8e6-f864-4501-a172-fdccc9e2d948,93813225-2cbe-4d50-8943-423d4338776a,,,
,97922081-ec7a-46c1-af7d-473a3612db4d,93813225-2cbe-4d50-8943-423d4338776a,,,
,1149a5c4-32d5-4e5f-9d3c-dc7492e699c8,93813225-2cbe-4d50-8943-423d4338776a,,,
,806bb369-03a2-4040-9e48-05f47e8075a9,93813225-2cbe-4d50-8943-423d4338776a,,,
,748d2715-84f4-4b57-8a48-bc0def15de04,93813225-2cbe-4d50-8943-423d4338776a,,,
,338bbe66-a2e9-402b-bf5e-20c3fc2c3ef6,93813225-2cbe-4d50-8943-423d4338776a,,,
,39f86412-9483-477c-b6e2-acabce5460fb,93813225-2cbe-4d50-8943-423d4338776a,,,
,7559030b-345b-44ac-b039-aebf982fb024,93813225-2cbe-4d50-8943-423d4338776a,,,
,b6859d03-cd98-42c9-91cc-f8d40500ed9d,93813225-2cbe-4d50-8943-423d4338776a,,,
,12d798f8-8ee0-44d7-9c24-0360a9d9676e,93813225-2cbe-4d50-8943-423d4338776a,,,
,597fe9da-5cba-4675-ac00-2fcccd3cea1c,93813225-2cbe-4d50-8943-423d4338776a,,,
,9a887d46-459e-4748-8ffc-06eaa7716022,93813225-2cbe-4d50-8943-423d4338776a,,,
,4e6274a5-617b-4069-bc24-96b2a1914c6a,93813225-2cbe-4d50-8943-423d4338776a,,,
,2613060d-46f6-4385-b4a5-08e36eac0fb5,93813225-2cbe-4d50-8943-423d4338776a,,,
,794d8aa8-ba6b-4f22-bbdd-3aa0cafa6759,93813225-2cbe-4d50-8943-423d4338776a,,,
,78ed1e41-a160-47df-990d-f181c9ac6515,93813225-2cbe-4d50-8943-423d4338776a,,,
,581b2f16-e4c2-4555-a0fa-84d445f5701c,93813225-2cbe-4d50-8943-423d4338776a,,,
,b6cda29e-097f-4660-ae2e-185b41b1ef2c,93813225-2cbe-4d50-8943-423d4338776a,,,
,a6dd00b7-403c-4e3f-a115-efd5f00850f9,93813225-2cbe-4d50-8943-423d4338776a,,,
,a3f38dbe-9875-48b2-a254-20bd832e5860,93813225-2cbe-4d50-8943-423d4338776a,,,
,55ca5b10-d357-4b15-a3ad-1493f8401518,93813225-2cbe-4d50-8943-423d4338776a,,,
,d0c0879a-d986-4c6a-ad45-da1538e3ee2f,93813225-2cbe-4d50-8943-423d4338776a,,,
,abfa1f4c-9c8a-4cea-afe9-d9ba759ca3b3,93813225-2cbe-4d50-8943-423d4338776a,,,
,1b0d49e5-263a-476a-9e5e-3bad78077393,93813225-2cbe-4d50-8943-423d4338776a,,,
,9ee871b6-53df-4164-9d02-0aa1d2a500a3,93813225-2cbe-4d50-8943-423d4338776a,,,
,3374db27-9913-40b6-b559-8f1d540f637a,93813225-2cbe-4d50-8943-423d4338776a,,,
,8ae1587d-d73c-424d-b613-6445c1b1a7ea,93813225-2cbe-4d50-8943-423d4338776a,,,
,f7d063d6-6424-4d4c-af71-188be81929b2,93813225-2cbe-4d50-8943-423d4338776a,,,
,56336930-cec1-48c6-9364-f36d1edb1649,93813225-2cbe-4d50-8943-423d4338776a,,,
,0cd909cb-6ce2-4aef-939d-084b1581a3c4,93813225-2cbe-4d50-8943-423d4338776a,,,
,0593cdf4-3411-4663-8f3a-adcfb5fe3854,93813225-2cbe-4d50-8943-423d4338776a,,,
,bffc7b86-93e8-4e70-9b42-d6ff306aa54f,93813225-2cbe-4d50-8943-423d4338776a,,,
,8e823eb0-ec67-48ed-9ae5-8e3bad3a9c39,93813225-2cbe-4d50-8943-423d4338776a,,,
,21fe0bd8-2f4a-4eae-a07a-33799edfb101,93813225-2cbe-4d50-8943-423d4338776a,,,
,d9c56f12-bcae-4f0d-b00a-03f52f80f7ed,93813225-2cbe-4d50-8943-423d4338776a,,,
,8bc04d66-4485-4c98-bd31-09456d374465,93813225-2cbe-4d50-8943-423d4338776a,,,
,d2b87386-35c9-4f4e-94ce-cec49c093397,93813225-2cbe-4d50-8943-423d4338776a,,,
,78128700-15ce-4963-8ac6-09e27e0ba3c4,93813225-2cbe-4d50-8943-423d4338776a,,,
,db9edb9f-332c-4d34-a995-1986309dda5a,93813225-2cbe-4d50-8943-423d4338776a,,,
,4690dd4d-f5ba-4ebc-be9a-8e79c64f3e2a,93813225-2cbe-4d50-8943-423d4338776a,,,
,60c43f99-a2ba-4214-b130-f2381ac8fff5,93813225-2cbe-4d50-8943-423d4338776a,,,
,11561510-2324-4016-9210-652e1c3d4758,93813225-2cbe-4d50-8943-423d4338776a,,,
,9b199295-2eb3-4811-bfa9-c08301446bc6,93813225-2cbe-4d50-8943-423d4338776a,,,
,afb79d6c-b9fc-4dea-8c1f-3cbdb6ae37e9,93813225-2cbe-4d50-8943-423d4338776a,,,
,8c54ee19-ae06-4e19-8e32-dd899589f205,93813225-2cbe-4d50-8943-423d4338776a,,,
,d6dfe130-fb54-44d5-9d0a-62d7bf03b73c,93813225-2cbe-4d50-8943-423d4338776a,,,
,579888a9-2b81-4a68-aa9c-e10ff50a6688,93813225-2cbe-4d50-8943-423d4338776a,,,
,e41978a5-9ae3-446a-b3bb-29e952552434,93813225-2cbe-4d50-8943-423d4338776a,,,
,76b3d331-c90a-484c-afdc-cb3670dda1f0,93813225-2cbe-4d50-8943-423d4338776a,,,
,8f8970d2-a207-4f25-9f36-e50b60ef586f,93813225-2cbe-4d50-8943-423d4338776a,,,
,f459ddf6-3e77-4e39-a7cb-e76b8e111757,93813225-2cbe-4d50-8943-423d4338776a,,,
,21776574-c19c-4c10-b02a-945edd38070a,93813225-2cbe-4d50-8943-423d4338776a,,,
,ec95b166-ac26-4302-ae17-4818ab824b3d,93813225-2cbe-4d50-8943-423d4338776a,,,
,b15a58a2-9117-4152-ae40-e7d0912ad010,93813225-2cbe-4d50-8943-423d4338776a,,,
,40a79c96-f7ff-446f-b221-d4972a794443,93813225-2cbe-4d50-8943-423d4338776a,,,
,0b646ae2-d0c1-443b-971d-4a7718f00951,93813225-2cbe-4d50-8943-423d4338776a,,,
,fba83e5a-d152-4769-b33a-dca1837f0e1f,470809ae-c5f3-4ba1-9522-fd0972619f7f,,,
,b02ceca4-8eb6-4623-ba1f-42e3bf569e89,470809ae-c5f3-4ba1-9522-fd0972619f7f,,,
,0b90c24a-9436-4457-a046-c64b4045a06f,470809ae-c5f3-4ba1-9522-fd0972619f7f,,,
,3073690c-a8b2-4179-ae61-dd1b86e0d0bf,77f6700e-88b8-40d8-9b61-ffefe536a5a2,,,
,dea85475-b830-45cf-862d-5ea1efdb62c0,77f6700e-88b8-40d8-9b61-ffefe536a5a2,,,
,6dd53969-ef73-4c21-a7a1-6feac003e5f2,77f6700e-88b8-40d8-9b61-ffefe536a5a2,,,
,a8a9b738-b080-45fa-962c-c6e6d82aab46,77f6700e-88b8-40d8-9b61-ffefe536a5a2,,,
,76ceaed2-f66c-449d-b76f-5442ebd780e7,77f6700e-88b8-40d8-9b61-ffefe536a5a2,,,
,796c6345-854e-4ec4-8d8e-9413da0df469,77f6700e-88b8-40d8-9b61-ffefe536a5a2,,,
,bdbfd368-f2e0-460f-99ec-ff0d801c64f5,b28bcd2f-98c3-4e0e-bbae-d05d48bf82e9,,,
,4ff9b023-a6a0-411b-a017-ade29450d7c5,9c7269de-e6b3-4482-ba69-736a23782685,,,
,0ce65468-09d7-46c6-8aa3-68a5df1c0ec8,9c7269de-e6b3-4482-ba69-736a23782685,,,
,a80649b3-2012-4b68-8c7a-b1dd8e0e1d0c,9c7269de-e6b3-4482-ba69-736a23782685,,,
,31515002-dda4-486b-bb6e-aee3bfcdc668,9c7269de-e6b3-4482-ba69-736a23782685,,,
,f831f670-d788-4bb5-a418-975479fe45fc,9c7269de-e6b3-4482-ba69-736a23782685,,,
,85a02079-1381-403a-8a69-3ee40e740f70,9c7269de-e6b3-4482-ba69-736a23782685,,,
,4c88e053-f032-46c0-8442-41c163545688,9a6acaba-6896-4d0f-b27a-d71a8be4e523,,,
,77ef79ba-fef3-4d83-b3b2-c2cfe5ad2f4d,9a6acaba-6896-4d0f-b27a-d71a8be4e523,,,
,ea4ed213-15d2-4f1c-9678-de5ef73186c9,9a6acaba-6896-4d0f-b27a-d71a8be4e523,,,
,48e38fb2-61f8-4c5c-b637-696ae50d9e40,9a6acaba-6896-4d0f-b27a-d71a8be4e523,,,
,bc9304a7-5989-4849-bd2e-a7af93737263,9a6acaba-6896-4d0f-b27a-d71a8be4e523,,,
,52d04731-8c90-4e88-80c5-91a300f50a05,9a6acaba-6896-4d0f-b27a-d71a8be4e523,,,
,442d4367-cef5-4a69-aeec-226a7f20cfa2,9a6acaba-6896-4d0f-b27a-d71a8be4e523,,,
,872fe49e-710a-4c31-ac0f-c78d3b5a3802,9a6acaba-6896-4d0f-b27a-d71a8be4e523,,,
,7906f4f1-33b5-4397-9ad8-ce4e0a7b66aa,9a6acaba-6896-4d0f-b27a-d71a8be4e523,,,
,da62696f-993f-4457-b12a-6be93f537dbf,9a6acaba-6896-4d0f-b27a-d71a8be4e523,,,
,2db5cbd5-48ed-4e9c-a227-77dafab8c25e,632d6a1d-1002-4772-a104-4a5429379ea0,,,
,8a6da7c1-b587-4ec7-8741-9985398bf9b9,8d009eb0-2234-4ba9-9768-f922672929f0,,,
,36579fe8-427c-403c-af86-89f39ff2ee0a,632d6a1d-1002-4772-a104-4a5429379ea0,,,
,069152e1-24d2-4b17-84c0-b532c67b219d,b28bcd2f-98c3-4e0e-bbae-d05d48bf82e9,,,
,629f35c2-b87a-46da-9a7c-e53573aa91dc,8d009eb0-2234-4ba9-9768-f922672929f0,,,
,f9ecaf4e-f813-43ca-9f2d-bdf70a570cea,fd3cd529-283e-43a7-bd0f-d39244df0fa3,,,
,32cba817-3cd6-4cfb-be65-4a367b060910,2795f0e6-d9db-4ea9-9de5-4f1f909fcda4,,,
,7d8ac042-2b60-4cac-86c6-fc7b207711de,632d6a1d-1002-4772-a104-4a5429379ea0,,,
,38c76598-56f4-40ba-96fb-d3a26d4409f6,7c844539-83eb-4880-b86c-dd05973f0e0a,,,
,acd35717-70a2-44e2-9ee3-ccfc17139255,470809ae-c5f3-4ba1-9522-fd0972619f7f,,,
,24629aac-2abe-46f3-bb13-fe76c62ac644,7c844539-83eb-4880-b86c-dd05973f0e0a,,,
,729c840e-6716-4468-a8de-782bbd68f220,dc6c211b-19b9-4eed-9e3e-9d10792b6f55,,,
,4c02f3e4-10fa-4a4a-975f-f1d4bd1af82d,dc6c211b-19b9-4eed-9e3e-9d10792b6f55,,,
,f696a0ab-9102-4a47-a954-ed0befef5c70,dc6c211b-19b9-4eed-9e3e-9d10792b6f55,,,
,820daf84-af3e-4879-a54f-db77a6fa1110,470809ae-c5f3-4ba1-9522-fd0972619f7f,,,
,a7ad3152-2771-4778-be2a-b4168cdd62fa,8d009eb0-2234-4ba9-9768-f922672929f0,,,
,7c7b11d6-3219-4a6e-8b50-1d677dcbb641,ff1a36e5-3931-487f-8837-3e24af030706,,,
,a0e3932a-024a-4721-8ee7-664defcee8b6,75378ce6-f415-4cb9-a1a2-628f22004a53,,,
,b07c82c5-8f5b-4164-bd96-acd954801542,dc6c211b-19b9-4eed-9e3e-9d10792b6f55,,,
,9b2a2cb8-5df2-4b58-9bf7-711a108dab08,8d009eb0-2234-4ba9-9768-f922672929f0,,,
,52b99704-0b59-4cbf-bfed-2411c2c49538,ce9a4f01-7e24-4171-89d9-beb67adc1d7f,,,
,29a4b7f3-cb03-4cb4-b647-8d6b1fa47c2c,8d009eb0-2234-4ba9-9768-f922672929f0,,,
,30389a24-1658-4fc3-a9f2-fe372f676c2b,8d009eb0-2234-4ba9-9768-f922672929f0,,,
,e542c510-38c7-4cd2-ac1a-399abf62d2d4,75378ce6-f415-4cb9-a1a2-628f22004a53,,,
,e4ffa361-f058-4484-9868-beea432726ce,58a9f4ba-24e6-4caa-940b-e5f062be9214,,,
,1bfeb696-ecd6-403d-87f2-2cb636569f50,ff1a36e5-3931-487f-8837-3e24af030706,,,
,8219c0f0-a140-48ea-8791-e5c3be6c1da1,75378ce6-f415-4cb9-a1a2-628f22004a53,,,
,f628864b-425c-42b6-a4c7-88f3e07ce66d,dc6c211b-19b9-4eed-9e3e-9d10792b6f55,,,
,0e4b2e1a-36f9-4866-a14d-adb7b1a91939,1527e19d-d3a7-4fcf-830f-825359d1b676,,,
,6acc17eb-e383-4c0f-bff7-def49b80f73c,75378ce6-f415-4cb9-a1a2-628f22004a53,,,
,8f353c75-399f-40a6-89a9-39928d0308e2,a3b7ded9-682f-45b4-b286-182dbd36a9b9,,,
,21c18176-f866-4c07-95ce-3f7844560669,ff1a36e5-3931-487f-8837-3e24af030706,,,
,1db734c1-9c4f-46f3-8f80-bfc46277ed4b,ce9a4f01-7e24-4171-89d9-beb67adc1d7f,,,
,2c3e58ef-a96d-4373-8c55-edb66017e134,456e1a68-37c2-454d-948f-a46294d6ba3a,,,
,c82cf0bd-422a-4237-88fa-98bc4312606d,a3b7ded9-682f-45b4-b286-182dbd36a9b9,,,
,b8caf6dc-1cbf-4ef4-bb9f-c10e4169e5fa,a3b7ded9-682f-45b4-b286-182dbd36a9b9,,,
,3c04509e-e4d1-4930-b62b-b0981b54bbd5,a3b7ded9-682f-45b4-b286-182dbd36a9b9,,,
,aaaa7aed-2224-4d87-b8a4-53ef665b320b,456e1a68-37c2-454d-948f-a46294d6ba3a,,,
,f096259b-8228-44b6-9b9a-757ae71c0cfb,456e1a68-37c2-454d-948f-a46294d6ba3a,,,
,29413027-8759-4761-812d-cfe2b0f55f5b,456e1a68-37c2-454d-948f-a46294d6ba3a,,,
,512b4255-6022-4a10-8dfc-e8086c6de157,75378ce6-f415-4cb9-a1a2-628f22004a53,,,
,5b742216-9c3f-41d6-a967-19eb7cfe8343,a3ae9791-1572-4564-a7b7-b17e5824951c,,,
,0fa3de49-ce9c-45e1-9607-d26aba8657e0,41dd72ed-1f72-43d6-9116-fdb8ce80478e,,,
,5402ab73-e462-4a3b-94c6-6a9f1248845f,335a566e-8b41-454f-88b7-8ea35818e22d,,,
,b59758f4-e034-44a1-bbab-8e7698a6b922,335a566e-8b41-454f-88b7-8ea35818e22d,,,
,4d8240b4-3453-43e5-8a77-be94ad3484d6,a3b7ded9-682f-45b4-b286-182dbd36a9b9,,,
,9d2498c3-924d-42e0-9012-2a1b738c333e,f5e5d6a5-6dd0-4af7-acde-327f620fd476,,,
,0762cf11-8bc3-45cb-8fc0-3c4e27d2d65b,8f4e3c4d-627d-4911-859e-946cdc463618,,,
,fc06b3a5-67a2-4506-9ba0-172a259dcafd,8f4e3c4d-627d-4911-859e-946cdc463618,,,
,b250d9f3-9ff3-4d86-8ecf-3637a56064e7,8f4e3c4d-627d-4911-859e-946cdc463618,,,
,10ef0534-250c-4631-984c-c693bf1c950b,8f4e3c4d-627d-4911-859e-946cdc463618,,,
,7736c93f-2857-4001-b006-5ad4632a560f,77f6700e-88b8-40d8-9b61-ffefe536a5a2,,,
,6af4e6a8-4be2-4dd2-8858-f77ef58e49bd,a3ae9791-1572-4564-a7b7-b17e5824951c,,,
,1fb13d21-5f0e-4579-8c6a-80f9f2efceed,a3ae9791-1572-4564-a7b7-b17e5824951c,,,
,f2d1805c-713d-41d6-bcde-2f3055424a57,a3ae9791-1572-4564-a7b7-b17e5824951c,,,
,6118c10e-cb6c-4a3d-a2a5-8fa00d843a52,9c7269de-e6b3-4482-ba69-736a23782685,,,
,e886fe5b-6535-450d-9112-adfe820c7445,9c7269de-e6b3-4482-ba69-736a23782685,,,
,b1b537be-8bf5-465e-bee7-07f680111afe,9a6acaba-6896-4d0f-b27a-d71a8be4e523,,,
,9051b01c-0bfe-4947-9884-caaae3c94826,9a6acaba-6896-4d0f-b27a-d71a8be4e523,,,
,c73592a2-14c7-4ec9-8456-f8435a3c32cd,f835a83a-ca6c-4086-b4d6-5e10d1802c2d,,,
,d2df483b-638a-4d17-b92b-f208b72750da,f835a83a-ca6c-4086-b4d6-5e10d1802c2d,,,
,0b927c07-5e4e-4dea-ae90-15b60b2243fd,f835a83a-ca6c-4086-b4d6-5e10d1802c2d,,,
,be09faa4-ccc4-403b-b9e5-8fc5902a292f,f835a83a-ca6c-4086-b4d6-5e10d1802c2d,,,
,2a7d34f4-de10-42f8-8fd7-472520538257,f835a83a-ca6c-4086-b4d6-5e10d1802c2d,,,
,920758a7-115a-4855-b362-b6333252f4db,f835a83a-ca6c-4086-b4d6-5e10d1802c2d,,,
,99dd490a-cdc3-45c4-8a49-30fda6072c66,f835a83a-ca6c-4086-b4d6-5e10d1802c2d,,,
,b171a3eb-b854-4886-84c0-fe705ac3c1cc,f835a83a-ca6c-4086-b4d6-5e10d1802c2d,,,
,e2b487e4-321d-4ab9-a363-ef1786514fa9,f835a83a-ca6c-4086-b4d6-5e10d1802c2d,,,
,19843c57-c025-4d31-b054-80647fc45887,f835a83a-ca6c-4086-b4d6-5e10d1802c2d,,,
,af875dcc-fb64-4281-aba6-ee66dbda9d9a,f835a83a-ca6c-4086-b4d6-5e10d1802c2d,,,
,cc440551-d571-4def-8496-f6ba45ebabb5,f835a83a-ca6c-4086-b4d6-5e10d1802c2d,,,
,b13d8054-0e18-48c5-9d82-b7222458d82a,f835a83a-ca6c-4086-b4d6-5e10d1802c2d,,,
,afd601c9-fa98-41ca-a439-569d3617353f,f835a83a-ca6c-4086-b4d6-5e10d1802c2d,,,
,5f8b90a7-2544-4ac4-9401-0ddef320e803,f835a83a-ca6c-4086-b4d6-5e10d1802c2d,,,
,3315acd4-9ba6-42eb-9e95-cf34b34cf6c1,f835a83a-ca6c-4086-b4d6-5e10d1802c2d,,,
,a1750552-d6e3-4dcc-8a05-7170f592c555,f835a83a-ca6c-4086-b4d6-5e10d1802c2d,,,
,a20f7176-8b57-43fd-9204-ce6e0199e5a0,f835a83a-ca6c-4086-b4d6-5e10d1802c2d,,,
,e7d810fe-947e-472c-ab12-780eb9680ec2,f835a83a-ca6c-4086-b4d6-5e10d1802c2d,,,
,c5deacbb-facf-4496-b306-11eccd5818eb,f835a83a-ca6c-4086-b4d6-5e10d1802c2d,,,
,5dabddcc-4366-4e50-aac1-101403f675ac,f835a83a-ca6c-4086-b4d6-5e10d1802c2d,,,
,2c3b9337-a730-4645-a60b-9745b8b3de05,f835a83a-ca6c-4086-b4d6-5e10d1802c2d,,,
,4ff9311d-905f-4931-ba37-62f9fdcc6101,f835a83a-ca6c-4086-b4d6-5e10d1802c2d,,,
,6a22c3ff-4214-4f3d-906b-d54e2fe17ef7,f835a83a-ca6c-4086-b4d6-5e10d1802c2d,,,
,224cb854-bbf6-4e34-980c-957b73bb16ca,f835a83a-ca6c-4086-b4d6-5e10d1802c2d,,,
,c3581c3e-2ee7-4b76-a8e8-1c4dc307f90d,f835a83a-ca6c-4086-b4d6-5e10d1802c2d,,,
,87321c51-c8c8-49bb-bcb3-bfd0e61ca691,f835a83a-ca6c-4086-b4d6-5e10d1802c2d,,,
,f0a02610-7409-4a3a-a02b-d67cf8cfdba5,f835a83a-ca6c-4086-b4d6-5e10d1802c2d,,,
,bc513d34-1d7f-42e1-9b5f-b6346373ac78,f835a83a-ca6c-4086-b4d6-5e10d1802c2d,,,
,e2d09669-f43b-4fbc-98b2-62d47ffd7024,f835a83a-ca6c-4086-b4d6-5e10d1802c2d,,,
,5f016c33-2186-4122-bf08-6ed8aca7d01d,f835a83a-ca6c-4086-b4d6-5e10d1802c2d,,,
,33ba5a31-a1d6-4140-a8ec-4c5fa549ae5d,f835a83a-ca6c-4086-b4d6-5e10d1802c2d,,,
,37cbf00b-454b-424a-b023-d76d7b256040,f835a83a-ca6c-4086-b4d6-5e10d1802c2d,,,
,b19d24a3-63b6-4f52-85ea-3b4c9e93bc02,f835a83a-ca6c-4086-b4d6-5e10d1802c2d,,,
,8ab155b3-fcf6-4273-85ab-1909f6266279,f835a83a-ca6c-4086-b4d6-5e10d1802c2d,,,
,b6409f47-438e-4ba8-bc3f-289515bc33ae,f835a83a-ca6c-4086-b4d6-5e10d1802c2d,,,
,6295711b-99c5-4471-bac5-6063ba19187c,f835a83a-ca6c-4086-b4d6-5e10d1802c2d,,,
,20ff86fc-5071-4c6c-abd2-8de0ae539578,f835a83a-ca6c-4086-b4d6-5e10d1802c2d,,,
,27d1a13c-5577-4e67-bfa1-64a74763a13b,f835a83a-ca6c-4086-b4d6-5e10d1802c2d,,,
,4a5c0768-37a4-4af8-8c04-fe97dcfdf513,f835a83a-ca6c-4086-b4d6-5e10d1802c2d,,,
,5e59f554-6fba-4e21-bcc0-17e4bcc9f77c,f835a83a-ca6c-4086-b4d6-5e10d1802c2d,,,
,122c0b97-a6a3-43e4-82f6-773db5294d8b,f835a83a-ca6c-4086-b4d6-5e10d1802c2d,,,
,8c921239-1532-4860-90e5-a3dc81512869,f835a83a-ca6c-4086-b4d6-5e10d1802c2d,,,
,aba980d5-1162-4fba-81d2-b8b6894f008e,f835a83a-ca6c-4086-b4d6-5e10d1802c2d,,,
,637f2602-0d29-4a5b-9f11-ce7a5ee3b9ec,f835a83a-ca6c-4086-b4d6-5e10d1802c2d,,,
,c5129578-b924-4c5d-80b2-79c535c27e50,f835a83a-ca6c-4086-b4d6-5e10d1802c2d,,,
,b97ce678-97bf-4612-b79c-416a102960a4,f835a83a-ca6c-4086-b4d6-5e10d1802c2d,,,
,1e3cb905-56e5-46b4-a3cc-d2348a24acb3,f835a83a-ca6c-4086-b4d6-5e10d1802c2d,,,
,bdff8444-40eb-4320-9186-0d717043c255,f835a83a-ca6c-4086-b4d6-5e10d1802c2d,,,
,a059ec4e-8a42-454f-a48b-4dda720cce8d,470809ae-c5f3-4ba1-9522-fd0972619f7f,,,
,300781e9-bb1d-4a86-af64-2aab5e7ee7aa,470809ae-c5f3-4ba1-9522-fd0972619f7f,,,
,b0802efb-26f8-45aa-af45-2847b8ff33be,470809ae-c5f3-4ba1-9522-fd0972619f7f,,,
,0dc6fd7f-816a-4b8d-8bfc-1e11c7f23c6c,470809ae-c5f3-4ba1-9522-fd0972619f7f,,,
,d8f90c27-0e13-4a18-b111-8979d2075c5b,470809ae-c5f3-4ba1-9522-fd0972619f7f,,,
,cc64dfc9-2870-450c-bcd0-8abea8499329,470809ae-c5f3-4ba1-9522-fd0972619f7f,,,
,4fa37159-a6b5-4414-a38b-6a64a3beef86,470809ae-c5f3-4ba1-9522-fd0972619f7f,,,
,7e014160-b951-4383-a195-84fb33ffdc65,470809ae-c5f3-4ba1-9522-fd0972619f7f,,,
,ce674c27-092e-456b-8270-4cd845a7f7d5,470809ae-c5f3-4ba1-9522-fd0972619f7f,,,
,c15afa85-58f4-49e5-b9d7-4a3d05d91d04,470809ae-c5f3-4ba1-9522-fd0972619f7f,,,
,f3199b2c-8558-484a-b9d1-6bcad0917430,470809ae-c5f3-4ba1-9522-fd0972619f7f,,,
,9dfd2994-7c4e-42e2-a279-218c3cb85693,470809ae-c5f3-4ba1-9522-fd0972619f7f,,,
,0abb7cc6-dfc6-455a-88f8-7b33f9b63c2c,470809ae-c5f3-4ba1-9522-fd0972619f7f,,,
,abf5fff9-7a2f-469c-afde-70f08781378c,470809ae-c5f3-4ba1-9522-fd0972619f7f,,,
,ffacb684-ce3c-49fc-b93c-acb245dbaf8d,470809ae-c5f3-4ba1-9522-fd0972619f7f,,,
,6fd00518-92dd-4498-8d84-96d7ff6d1d0c,470809ae-c5f3-4ba1-9522-fd0972619f7f,,,
,d9251aff-5e21-4a34-afe8-fe529107d484,470809ae-c5f3-4ba1-9522-fd0972619f7f,,,
,4cf39534-3e87-443e-99d8-bb6c9e8ea8b3,470809ae-c5f3-4ba1-9522-fd0972619f7f,,,
,a9c28ef3-d837-487d-a02a-2e458dfe829b,470809ae-c5f3-4ba1-9522-fd0972619f7f,,,
,f3ddc35f-7edc-4f6a-9721-879fba14ef24,470809ae-c5f3-4ba1-9522-fd0972619f7f,,,
,ffcd51ab-54d9-4bdc-ab41-aa6a030c4e21,93813225-2cbe-4d50-8943-423d4338776a,,,
,696eb478-6b93-4e5a-9256-a54771ec0a5c,93813225-2cbe-4d50-8943-423d4338776a,,,
,bd4688ae-f210-4543-9f0a-b4286ae6bec7,93813225-2cbe-4d50-8943-423d4338776a,,,
,a556dc80-915f-4cfa-a9ae-df572065dde9,93813225-2cbe-4d50-8943-423d4338776a,,,
,920b45de-3cf9-4a1f-b559-1f657361bf81,93813225-2cbe-4d50-8943-423d4338776a,,,
,b028f7e0-d54f-4520-8fe1-12026495bef0,93813225-2cbe-4d50-8943-423d4338776a,,,
,a544e64c-7e15-45a1-94cd-474c117c38b6,93813225-2cbe-4d50-8943-423d4338776a,,,
,98958afa-b7cc-4365-af9c-d3af899fb46b,93813225-2cbe-4d50-8943-423d4338776a,,,
,c55c8dc7-4265-4861-b2a3-8c688d50b013,93813225-2cbe-4d50-8943-423d4338776a,,,
,b6b5a337-e9c0-4aae-bd7a-b9e9ec0a9b7b,93813225-2cbe-4d50-8943-423d4338776a,,,
,c2b5483c-26e2-4783-8b2d-0ded60174f26,93813225-2cbe-4d50-8943-423d4338776a,,,
,aafa3885-e545-4628-932e-ff0291c4286c,93813225-2cbe-4d50-8943-423d4338776a,,,
,6f1ba467-9324-4004-a64e-8beb77a2a60c,93813225-2cbe-4d50-8943-423d4338776a,,,
,c64587a3-c1b0-4a68-85ed-a261ff914d27,93813225-2cbe-4d50-8943-423d4338776a,,,
,d6d08a15-0082-4d80-9022-ee0257c2db87,93813225-2cbe-4d50-8943-423d4338776a,,,
,02608dc6-b61c-478d-8fc2-e19f16055c3c,93813225-2cbe-4d50-8943-423d4338776a,,,
,85de7bfe-0b4c-49c9-97e9-700b24766e2e,93813225-2cbe-4d50-8943-423d4338776a,,,
,5a74eae9-4266-4ab6-b55b-900d95cf903e,93813225-2cbe-4d50-8943-423d4338776a,,,
,c75c564c-9ac2-4acc-80fa-818c652a8772,9a6acaba-6896-4d0f-b27a-d71a8be4e523,,,
,0a9c9e85-1355-4d5d-85e4-a81c4c5ae49b,470809ae-c5f3-4ba1-9522-fd0972619f7f,,,
,5a74740e-6614-47aa-a4e4-271e47447ce5,70f60247-60d3-4bce-87a8-ef397833ede6,,,
,5020e7a7-bb69-4b3c-959a-bcbdef045e09,7c844539-83eb-4880-b86c-dd05973f0e0a,,,
,c1ba3186-d1fa-43e8-9384-e0b2db739d9d,10bbf5a6-0d2a-4f76-9579-c153cfc4542f,,,
,33d27ee7-b3ec-458a-903c-15cc598a977e,10bbf5a6-0d2a-4f76-9579-c153cfc4542f,,,
,27c856bc-03b6-4e90-941b-9d076a334f95,10bbf5a6-0d2a-4f76-9579-c153cfc4542f,,,
,8a45d2cd-6f71-486e-9cad-28636ca3a37c,ecb74426-adfd-416f-90ce-ac1136940e59,,,
,38e80521-4229-42b2-bc15-a486f19633ce,ecb74426-adfd-416f-90ce-ac1136940e59,,,
,1ef57c60-e650-4eb1-a63e-fdac914c5d0e,5dbe61d1-daa6-4f30-acba-d9094a3f9de3,,,
,2e3d97f2-4d5e-44a5-8919-f8a1946449d4,470809ae-c5f3-4ba1-9522-fd0972619f7f,,,
,dbf409f3-b923-4dff-a55c-938cd7effdfe,c0bae7dc-ef7b-4a8b-99fd-c1c1de3a9ed2,,,
,00d7736e-d332-4aa0-9ba8-f89f0fc6bcbb,c0bae7dc-ef7b-4a8b-99fd-c1c1de3a9ed2,,,
,518dff33-45f9-43ef-bd9f-45fdec5b5380,c0bae7dc-ef7b-4a8b-99fd-c1c1de3a9ed2,,,
,1352ad81-4971-4854-89f2-050484e4ca48,10f25068-4e34-42ca-94b3-96f5288b82ea,,,
,906db137-c2f7-4c56-8209-eeca0a993c28,7c844539-83eb-4880-b86c-dd05973f0e0a,,,
,e2212bb6-48dd-42c2-9415-94b73191aeed,456e1a68-37c2-454d-948f-a46294d6ba3a,,,
,0ab14776-a1bb-4a80-bf3d-5f8e9f81063e,470809ae-c5f3-4ba1-9522-fd0972619f7f,,,
,bb0be7a1-be5e-4ced-8e10-0efe0cb24cf4,470809ae-c5f3-4ba1-9522-fd0972619f7f,,,
,15e1c4a1-fd6b-45c7-8f49-c89c6ef0c169,456e1a68-37c2-454d-948f-a46294d6ba3a,,,
,cba460e8-4f70-4fbc-bf77-fcf12f204bc3,197fcbc8-7a73-40b5-802f-fa829cd49329,,,
,b0a26911-3252-4278-9f71-c4818f18826c,b28bcd2f-98c3-4e0e-bbae-d05d48bf82e9,,,
,99e80f72-e157-4c10-98c1-a583ce6c529f,456e1a68-37c2-454d-948f-a46294d6ba3a,,,
,e545fb3e-6c4e-4299-bbfb-14bf48e39a48,470809ae-c5f3-4ba1-9522-fd0972619f7f,,,
,b797e354-1f34-4965-a9bb-7b5d23f08012,10f25068-4e34-42ca-94b3-96f5288b82ea,,,
,de5d6cef-bab3-4a53-8914-a3b748e24260,470809ae-c5f3-4ba1-9522-fd0972619f7f,,,
,ca5866d8-5fb6-4b3d-bcd6-5f7e143ae5bf,10f25068-4e34-42ca-94b3-96f5288b82ea,,,
,b9cf3f33-fc9d-407d-8fd3-e7c9b51f5af8,c0bae7dc-ef7b-4a8b-99fd-c1c1de3a9ed2,,,
,60947320-30ec-4db2-820a-ec49b4880bbe,c0bae7dc-ef7b-4a8b-99fd-c1c1de3a9ed2,,,
,414fdb4d-7c1e-4ee3-8fef-e9046864bcbb,c0bae7dc-ef7b-4a8b-99fd-c1c1de3a9ed2,,,
,c0e1c805-e813-48fb-be39-0516ee90b297,c0bae7dc-ef7b-4a8b-99fd-c1c1de3a9ed2,,,
,0a200d26-799c-46e1-88aa-5ee4774c6af3,c0bae7dc-ef7b-4a8b-99fd-c1c1de3a9ed2,,,
,cc025fbf-0d72-48ec-ad7f-08459bd7bcaf,c0bae7dc-ef7b-4a8b-99fd-c1c1de3a9ed2,,,
,131a39b2-26b5-4bed-bba2-7fda7dade7d2,c0bae7dc-ef7b-4a8b-99fd-c1c1de3a9ed2,,,
,5e815a1d-ec89-461d-b8fb-068280ca189f,c0bae7dc-ef7b-4a8b-99fd-c1c1de3a9ed2,,,
,eb8c3b75-2088-4168-bff6-813d63ba1c43,c0bae7dc-ef7b-4a8b-99fd-c1c1de3a9ed2,,,
,9eec445d-0761-45b5-944e-be1e615eee60,c0bae7dc-ef7b-4a8b-99fd-c1c1de3a9ed2,,,
,79d61c6d-75c1-4a4d-a884-0c8301f29b37,c0bae7dc-ef7b-4a8b-99fd-c1c1de3a9ed2,,,
,6be5720d-3543-4d62-bd90-555a9e1aa09c,c0bae7dc-ef7b-4a8b-99fd-c1c1de3a9ed2,,,
,49f53a86-157d-4063-b6ca-6c9797be3436,c0bae7dc-ef7b-4a8b-99fd-c1c1de3a9ed2,,,
,0f18f2a6-7d1b-4e15-af6d-a88fe2f03650,c0bae7dc-ef7b-4a8b-99fd-c1c1de3a9ed2,,,
,e78e8d24-48b5-4d2e-a504-54f68c87543b,c0bae7dc-ef7b-4a8b-99fd-c1c1de3a9ed2,,,
,183027b4-91a3-4f78-a40c-1525e1a6695b,c0bae7dc-ef7b-4a8b-99fd-c1c1de3a9ed2,,,
,2b7569c4-1c0a-4b09-8749-9387445e4f31,c0bae7dc-ef7b-4a8b-99fd-c1c1de3a9ed2,,,
,99d60fc2-a592-4ab5-a8d8-2a4b16200266,c0bae7dc-ef7b-4a8b-99fd-c1c1de3a9ed2,,,
,b9852f36-8524-490c-8628-6e469fd8e8d5,c0bae7dc-ef7b-4a8b-99fd-c1c1de3a9ed2,,,
,3036bb62-3e9b-43bb-988b-a1b618908747,c0bae7dc-ef7b-4a8b-99fd-c1c1de3a9ed2,,,
,99f73319-1070-43d8-a408-5729bc1215f4,5dbe61d1-daa6-4f30-acba-d9094a3f9de3,,,
,1bf9de4e-a1ae-439c-82ce-6ccc47f912a4,5dbe61d1-daa6-4f30-acba-d9094a3f9de3,,,
,d914a4ed-4f5a-4dd6-be22-faea31508c0a,5dbe61d1-daa6-4f30-acba-d9094a3f9de3,,,
,61a180ba-1b36-4f2b-8522-c6299548766f,5dbe61d1-daa6-4f30-acba-d9094a3f9de3,,,
,4cb85b9c-3e00-4424-846d-bf9643dc8491,5dbe61d1-daa6-4f30-acba-d9094a3f9de3,,,
,8e72d327-78e3-4d35-8899-9eabd9a7300b,5dbe61d1-daa6-4f30-acba-d9094a3f9de3,,,
,b397e5ff-03ed-4c42-9ac5-302d80b8d637,5dbe61d1-daa6-4f30-acba-d9094a3f9de3,,,
,08f88a53-638f-43a6-9f95-3a861b0e833e,5dbe61d1-daa6-4f30-acba-d9094a3f9de3,,,
,e8eb623f-cd7c-4368-8cf1-e2900630f447,5dbe61d1-daa6-4f30-acba-d9094a3f9de3,,,
,c242ed8b-ea00-43f5-ac32-e2be057e39a5,5dbe61d1-daa6-4f30-acba-d9094a3f9de3,,,
,a9cbed7b-7774-4fd9-9ed3-e8c597e24032,5dbe61d1-daa6-4f30-acba-d9094a3f9de3,,,
,8f977a38-f826-4d5c-b949-2c0ec557d829,5dbe61d1-daa6-4f30-acba-d9094a3f9de3,,,
,a0af95c8-815d-40f0-a026-e1f445610506,5dbe61d1-daa6-4f30-acba-d9094a3f9de3,,,
,dcdb34e5-6361-43a4-922d-81df7b376dde,5dbe61d1-daa6-4f30-acba-d9094a3f9de3,,,
,0f0ad513-d992-4c64-9ca4-522c56600f1a,5dbe61d1-daa6-4f30-acba-d9094a3f9de3,,,
,0f6a2043-3f57-45cf-859c-de3c73a199f6,5dbe61d1-daa6-4f30-acba-d9094a3f9de3,,,
,3c57c393-abb4-412b-8eff-b9e1d9a1716a,5dbe61d1-daa6-4f30-acba-d9094a3f9de3,,,
,4df7c927-7c06-4abc-977b-fd9a87e48994,5dbe61d1-daa6-4f30-acba-d9094a3f9de3,,,
,c27dc10e-f729-47ac-83e2-dddb4be5c27e,5dbe61d1-daa6-4f30-acba-d9094a3f9de3,,,
